date,P_t,P_next_actual,r_actual,r_now,r_hat_M0,P_hat_M0,P_hat_M1_Ridge,P_hat_M1_XGB,P_hat_Mfin_TCN,P_hat_Mship_GNN,P_hat_Mrs_RS,P_hat_Mfusion_Fusion,P_hat_Mfinrs_FinRS,P_hat_Mfull_M4rep,P_hat_Mconcat_M4concat,r_hat_M1_Ridge,r_hat_M1_XGB,r_hat_Mfin_TCN,r_hat_Mship_GNN,r_hat_Mrs_RS,r_hat_Mfusion_Fusion,r_hat_Mfinrs_FinRS,r_hat_Mfull_M4rep,r_hat_Mconcat_M4concat
2021-02-19,62.84,65.86,0.0469394635607977,0.005905371881942,0.0,62.84,62.41200227076981,62.85881139092559,62.54410687094403,62.65009388585079,61.86132989687643,62.577384823224385,61.63529251246485,62.629788186084504,61.87184176493654,-0.0068342124249405,0.0002993089728988,-0.004719795606124316,-0.003026633469438239,-0.015696547866978605,-0.004187865357940218,-0.01935717651274871,-0.0033507988439305803,-0.015526635984106418
2021-02-26,65.86,69.95,0.060249424163272,0.0469394635607977,0.0,65.86,66.31634075164173,66.0135963041725,66.43892415414157,65.66096940826215,64.83068713439837,65.60717564896004,64.64168856668516,65.57665120297247,64.83807449351796,0.0069050567178945,0.0023294484708458,0.008751814922568824,-0.003026600922502093,-0.01575221879853561,-0.0038462020875825453,-0.01867174044839426,-0.004311571139103021,-0.015638276796856143
2021-03-05,69.95,68.87,-0.0155600315548833,0.060249424163272,0.0,69.95,70.55472865469599,70.18559232566253,70.91945505522605,69.74331853734415,68.85868912008905,69.72183343729706,69.29451176168631,69.68720273852222,68.88534823277509,0.0086080005216015,0.0033623513299971,0.013764096128532466,-0.002959076577616959,-0.015724280267459312,-0.0032671836554473976,-0.009414993409812611,-0.0037640051017058807,-0.01533719835043068
2021-03-12,68.87,64.0,-0.073337586196935,-0.0155600315548833,0.0,68.87,70.14698383649238,71.52493399649676,69.85315934822245,68.67722782075982,67.81405357008639,68.29815162964147,68.09414856121047,68.54102964983845,67.74929057775569,0.0183721401515088,0.03782544657588,0.014174645591964574,-0.0028029980466884596,-0.015451216294961156,-0.008337965869610164,-0.01132938430413677,-0.004788130610807906,-0.01640668102865761
2021-03-19,64.0,63.77,-0.0036002230324915,-0.073337586196935,0.0,64.0,65.34892699271538,68.06476009049136,64.37549756974943,63.835452234563945,63.049120470978316,63.56274084298251,62.58448720954749,63.77768346335357,63.02629563582497,0.0208579371834927,0.061576522886753,0.005850004833184097,-0.00257436968284544,-0.014968970752967325,-0.006855620484600589,-0.022365644117326555,-0.003479743175010319,-0.01533105300670945
2021-03-26,63.77,63.85,0.0012537221513679,-0.0036002230324915,0.0,63.77,65.09419624791946,68.38939728469258,64.31016334756464,63.59868559987494,62.85077904184084,63.4708765784266,61.999413765021856,63.60615826243957,62.69905860873367,0.0205525335754837,0.0699349418282508,0.008434819818925798,-0.002690056863295487,-0.014519530111724688,-0.00470169619466132,-0.02815793072966466,-0.0025725666428550453,-0.016936427015793676
2021-04-02,63.85,61.89,-0.0311779667272782,0.0012537221513679,0.0,63.85,64.70678309472041,62.000251357312486,63.59185140119889,63.670262365907945,62.957904810584616,63.54648082077502,61.7442729378307,63.533077394632365,62.768402787352315,0.0133294527095773,-0.0293981432914733,-0.004051242963535179,-0.00281896774335752,-0.014070257026931099,-0.004764962918121701,-0.033535357217694406,-0.004975908350740188,-0.017084775950747977
2021-04-09,61.89,65.98,0.0639930500491652,-0.0311779667272782,0.0,61.89,62.26410606757526,63.667944152749136,61.76319915523766,61.73431652161356,61.05209335875066,61.60614548815789,59.63418363303293,61.74839723666648,60.89276906714412,0.0060264974180378,0.0283225886523723,-0.002050911582956505,-0.002518655958094612,-0.013631126531794324,-0.004596985769787093,-0.03712965520759859,-0.002290596261552591,-0.016244182614574276
2021-04-16,65.98,65.75,-0.0034919947425615,0.0639930500491652,0.0,65.98,66.072987082758,66.60969330320866,66.33392787543431,65.8254369273168,65.2117559434907,65.58152578281256,64.79914455987108,65.67003710870276,65.05818705323225,0.0014083300981127,0.0094984462484717,0.005349833162026196,-0.002345322729240318,-0.011711907239220776,-0.006057628676958082,-0.018059263765900835,-0.004708900519249382,-0.014069610909976493
2021-04-23,65.75,67.73,0.0296695421689385,-0.0034919947425615,0.0,65.75,65.70611247202939,66.20779488496909,66.14357080610557,65.59154061371902,65.10804152491013,65.43558424451996,65.13222370885468,65.50006934984485,64.9399238567451,-0.0006677137909508,0.0069385324604809,0.005968023639976394,-0.002412937482281413,-0.009811603743758557,-0.004793458966159764,-0.009440256462193486,-0.003808469640970924,-0.012397076900875659
2021-04-30,67.73,68.73,0.0146565719067016,0.0296695421689385,0.0,67.73,67.92601934835903,67.93040461530599,67.75337691012095,67.56228585438564,67.19091671908743,67.37066493839663,67.10654493100363,67.45216644344762,67.04288561722278,0.0028899489418443,0.0029545063152909,0.00034508898266455423,-0.0024792874252206054,-0.007991142704431242,-0.00531952835495339,-0.00924763405054374,-0.004110511838338937,-0.010196714762987225
2021-05-07,68.73,69.24,0.0073929451744944,0.0146565719067016,0.0,68.73,68.88225503131417,68.92730980407714,68.58272996359469,68.55968707560832,68.30382189878286,68.30076519083451,68.49873413094203,68.64321461150192,68.04584808195507,0.002212812999924,0.0028666830621659,-0.002145031897801908,-0.0024810750958244865,-0.006220062599890164,-0.006264815239812205,-0.003370519876351008,-0.0012634981322825478,-0.010004070653380048
2021-05-14,69.24,66.72,-0.037073972257517,0.0073929451744944,0.0,69.24,69.43878480028259,69.79356035146394,69.45518072078593,69.08123355784244,68.91225905552933,68.85767657765892,69.27887720642298,68.94623586949861,68.72816005572184,0.0028668398950292,0.007963016629219,0.0031029325217749593,-0.002295620242779378,-0.004744642780987768,-0.00553701421493466,0.000561327210093554,-0.00425171973441435,-0.0074197161465127115
2021-05-21,66.72,69.36,0.038805574421795,-0.037073972257517,0.0,66.72,66.20059840903154,65.3548033423101,66.88970780578681,66.65223619364372,66.62102565926384,66.59649647578068,66.42165249135078,66.7449316559977,66.48305825663137,-0.0078152557370314,-0.02067381888628,0.0025403527908227364,-0.001016160696126811,-0.0014845297375461475,-0.0018527873566224623,-0.004481662987247476,0.0003736060997948931,-0.003557605904478428
2021-05-28,69.36,71.3,0.0275859949479638,0.038805574421795,0.0,69.36,68.81184815069048,68.71465831385787,69.38196641602931,69.29012796612008,69.40884985496821,69.3650875898228,69.1370619971393,69.30312362376742,69.22553291021016,-0.0079343908670911,-0.0093477889895439,0.00031665136051176046,-0.0010078900152462877,0.0007040464345866027,7.334779762579145e-05,-0.003219392414525679,-0.0008203533561903509,-0.0019405652114480865
2021-06-04,71.3,72.05,0.0104639950252809,0.0275859949479638,0.0,71.3,70.92906236208107,71.61842051158904,71.23608099172519,71.22336458100891,71.49150675204426,71.30188731335343,71.08309829093162,71.35054919908251,71.16884583881298,-0.0052160714945165,0.0044559831731021,-0.0008968818577691495,-0.0010754086054893253,0.002682328539319101,2.646968268236842e-05,-0.0030467362974433976,0.0007087137271062083,-0.0018411632025875369
2021-06-11,72.05,73.1,0.0144680443102017,0.0104639950252809,0.0,72.05,71.5921338800329,71.11498177906428,72.04074443849379,71.9730379412142,72.29672927860437,72.03681042538247,71.90701780380601,72.23934656082434,71.90825154402722,-0.0063751165249175,-0.0130622936412692,-0.0001284685085776449,-0.0010687466007046897,0.00341856750233277,-0.00018307816816033086,-0.001986457421705057,0.0026245412294920722,-0.001969300130593543
2021-06-18,73.1,76.45,0.0448085656193386,0.0144680443102017,0.0,73.1,71.9027964755865,72.99994029447917,72.70002128571144,73.03715590179968,73.4169936157196,73.19435903225155,72.86859951354582,73.18339334325339,72.9881993972726,-0.0165132088269944,-0.0013697434915229,-0.005486689427973923,-0.0008600701400878208,0.004327062718098296,0.001289988841138734,-0.0031705542297421063,0.001140161577900728,-0.0015305907666054441
2021-06-25,76.45,77.51,0.0137700279183487,0.0448085656193386,0.0,76.45,76.69215492740977,77.92358340613671,76.08599137624968,76.38416682534546,76.85395280519712,76.56763800298391,76.34663760138484,76.54780263764661,76.37267684984562,0.003162488203815,0.0190917141735553,-0.004772766236403603,-0.0008614981858269533,0.005269971617909375,0.0015375747226948483,-0.0013529409547799465,0.0012784843871249119,-0.001011933023901318
2021-07-02,77.51,77.14,-0.0047850075133383,0.0137700279183487,0.0,77.51,76.19654419928787,77.46418617545244,77.15512596487476,77.44720275449514,77.9922958356025,77.62372644344751,77.42529619732818,77.66719329745868,77.34383085263471,-0.0170908503446218,-0.0005912446067668,-0.004588942150565378,-0.0008105108743106937,0.0062030901795323,0.0014661732999983051,-0.001093408838265697,0.002025985235156569,-0.002146142723504163
2021-07-09,77.14,74.46,-0.0353598843355109,-0.0047850075133383,0.0,77.14,75.60426336759684,76.65514759324698,76.88030417585288,77.07355017726165,77.69204920139669,77.08222886299434,77.04476347067877,77.16817536251295,76.91244162841991,-0.0201092774333812,-0.0063051925972104,-0.003372231624143074,-0.0008617897295606636,0.007130972477416175,-0.0007491934221645416,-0.001235356066179416,0.0003651830210535667,-0.0029542996486556228
2021-07-16,74.46,74.86,0.0053576340317122,-0.0353598843355109,0.0,74.46,72.22152357852538,73.13577989231625,73.98110218886279,74.38322351106217,74.95064318889604,74.24989354198355,74.31410164083192,74.6419870494775,74.18689182800011,-0.0305239564660064,-0.0179443564265966,-0.006452383680538576,-0.0010316424750295705,0.006567737640210403,-0.002825724540788971,-0.001961341447601961,0.0024411095177302444,-0.003674593877450255
2021-07-23,74.86,77.72,0.0374929220329564,0.0053576340317122,0.0,74.86,73.89415654501032,73.09859009785127,74.74962429520887,74.79190973084411,75.31581576535696,74.94990029515724,74.70505095260211,74.7562805860232,74.73980111091056,-0.0129859501111667,-0.0238106232136487,-0.0014755163691700657,-0.0009099820239776568,0.006070446999468293,0.0012001917866791417,-0.00207199612270631,-0.0013864725173703407,-0.0016069395020875676
2021-07-30,77.72,71.02,-0.0901510969942975,0.0374929220329564,0.0,77.72,76.52593007713844,73.70025922771742,77.58663998779517,77.64216353377105,78.15720849421676,77.96266229761171,77.60090169167907,77.5588109039799,77.62789827211556,-0.0154829858523929,-0.0531063079833984,-0.0017173772479117944,-0.0010020003708866299,0.005609667313899613,0.0031173990802829954,-0.001533577649442508,-0.002076125557369357,-0.0011857481137511061
2021-08-06,71.02,70.9,-0.0016910939768598,-0.0901510969942975,0.0,71.02,69.65967131267118,68.69551463113375,70.9909519194034,70.93512029736564,71.39069602671758,70.95947820285754,70.9069713726686,70.86561853235791,70.8973909163885,-0.0193399810396801,-0.0332776196300983,-0.00040909634938873785,-0.001195866870769724,0.005206025590751062,-0.0008525429389412628,-0.0015927719746800517,-0.00217614061471344,-0.0017278941407406767
2021-08-13,70.9,65.51,-0.0790676307942968,-0.0016910939768598,0.0,70.9,69.99459423067469,69.31699340194113,70.64464254534427,70.84146136170872,71.22709454618997,70.88016228274063,70.78482378174876,70.71883394502751,70.6904096341224,-0.0128524197468239,-0.0225803423672914,-0.0036081582050876693,-0.000825991788953373,0.00460285387141407,-0.00027983770182576397,-0.0016258091805045893,-0.002558503678514845,-0.002960518576105825
2021-08-20,65.51,72.26,0.0980679229757092,-0.0790676307942968,0.0,65.51,64.00583495007697,61.433261680997475,65.1228315013373,65.55141965028781,64.73777689988492,65.5852854146052,65.52292041833877,65.59635596250995,65.58745456564225,-0.0232285524449921,-0.0642513930797576,-0.005927600708891756,0.000632064749142458,-0.01185789373109536,0.0011485603413335932,0.00019720873715378673,0.0013173423113534977,0.0011816335398895372
2021-08-27,72.26,73.07,0.0111471600836321,0.0980679229757092,0.0,72.26,71.69699089027785,69.99438126362394,72.20559730155993,72.29612096208147,71.41231884987249,72.37867894343294,72.68476448702401,72.23961496494738,72.45133907337026,-0.0078219470520946,-0.0318557545542717,-0.0007531578732637989,0.0004997500291629153,-0.011800338344666983,0.001641040569971275,0.005861069966766053,-0.0002821465675573176,0.0026444256006208366
2021-09-03,73.07,72.44,-0.0086592527879137,0.0111471600836321,0.0,73.07,72.19668876349658,72.46369865775861,72.86495316353411,73.11356787002649,72.22143581947145,73.276780877617,73.20702560813982,72.9329853188138,73.24664758418041,-0.0120237029574719,-0.0083321575075387,-0.002810114601806468,0.0005960707068689564,-0.011680988962416983,0.0028259045260180526,0.0018735088117978194,-0.0018768756146783083,0.0024145942778517338
2021-09-10,72.44,74.64,0.0299179235238758,-0.0086592527879137,0.0,72.44,70.84918669609212,69.4977733571762,73.04790834167504,72.47509453803423,71.59573558303781,72.43197921041697,72.62340432073348,72.42465100337809,72.55191701387704,-0.0222051461809363,-0.0414639189839363,0.00835687152959963,0.0004843462143426791,-0.011723119718434205,-0.00011072934372724497,0.0025286104281674326,-0.0002119081028122416,0.0015437693136133301
2021-09-17,74.64,77.42,0.0365685886104137,0.0299179235238758,0.0,74.64,73.70924180532555,73.55398170448444,74.87536373152115,74.67940873821162,73.79681657217607,74.7646694237381,74.99201063416768,74.71396238798746,74.84721505090936,-0.012548367575497,-0.0146569749340415,0.003148357734757745,0.0005278448322244,-0.011360961741413433,0.0016688829493002322,0.004705026445280147,0.0009904309581216797,0.0027723465656694923
2021-09-24,77.42,79.4,0.0252532231035881,0.0365685886104137,0.0,77.42,77.17083900649186,75.10584536869656,77.56793040323001,77.46000835093021,76.5870765894609,77.80198833788118,77.72372133570677,77.37032812811296,77.79231917545988,-0.0032234925544108,-0.030346754938364,0.0019089286213032075,0.0005166367466801214,-0.010816795567903714,0.004921842750442718,0.00391535952724098,-0.0006417955720194879,0.004797555910027063
2021-10-01,79.4,82.17,0.0342919036900064,0.0252532231035881,0.0,79.4,78.89758048782022,76.59550905291809,79.73606278299366,79.44924714730553,78.60240650895513,79.53490659604245,79.79627550692443,79.45468620689334,79.53723047083747,-0.0063478064250685,-0.0359599217772483,0.004223596797548801,0.0006200488798999704,-0.010096052124346055,0.0016976337210168335,0.0049784622679034385,0.0006885060851449243,0.0017268515945936258
2021-10-08,82.17,84.67,0.0299710757110894,0.0342919036900064,0.0,82.17,81.90452744863673,81.40474461965998,82.19075574089082,82.19559812268996,81.41815445974488,82.46078799046207,82.58854388840639,82.04195133422839,82.46834323062919,-0.0032360024088322,-0.0093567129224538,0.00025256322176914203,0.0003114778662844375,-0.009191996040601946,0.003532611322766943,0.005080705119996143,-0.0015595538654116226,0.00362422934217288
2021-10-15,84.67,85.43,0.0089359795093414,0.0299710757110894,0.0,84.67,83.77790627545218,82.62488588138652,85.04226115336533,84.71796869904409,84.12324714412372,84.81855958925455,85.17505863013712,84.73415848844542,84.99200138872837,-0.0105920231917558,-0.0244504306465387,0.004386975317707709,0.0005663767113425755,-0.006478396231796912,0.0017530342774734198,0.005947304241737061,0.0007574606442422027,0.003795803099246653
2021-10-22,85.43,83.1,-0.0276526253021248,0.0089359795093414,0.0,85.43,85.30178044560085,84.58350241053648,85.2717973709238,85.46233538991005,85.19708346384432,85.60504446566691,85.8302832829016,85.60292310480516,85.63652902775522,-0.0015020001334236,-0.0099580865353345,-0.0018535560469439272,0.00037842996553544284,-0.002730125559193164,0.0020468849215038443,0.004674569072649515,0.0020221038217458354,0.0024146059345826476
2021-10-29,83.1,82.43,-0.0080952535362662,-0.0276526253021248,0.0,83.1,83.0213236542167,85.65039418474787,83.41842199412713,83.14410625464104,83.23049622134745,83.3651423027791,83.37237296464059,83.21593823283247,83.28945281928011,-0.0009472155643249,0.0302291251718997,0.0038244703310583716,0.0005306203831173528,0.0015691199279388446,0.003185562134257802,0.003272293207998711,0.0013941929179388524,0.002277222479444063
2021-11-05,82.43,82.9,0.0056856138161131,-0.0080952535362662,0.0,82.43,81.6920727070502,83.14938520557979,82.47849344653525,82.47838530866683,83.02938906090162,82.55828775658996,82.72218407442085,82.55466769064529,82.44599524346144,-0.0089924804562963,0.0086893634870648,0.0005881255345863146,0.000586814429899718,0.007245181869240946,0.0015551138106634221,0.0035383653071789922,0.0015112642419188305,0.00019402755977915298
2021-11-12,82.9,80.24,-0.0326129184875693,0.0056856138161131,0.0,82.9,82.19709567714969,83.76467611997273,82.66124449619144,82.96842989770563,83.80521915000647,83.17734244617505,83.05556494523682,83.00159453893485,82.96130809895413,-0.0085150930980914,0.0103763304650783,-0.002884197567423419,0.0008251106208713721,0.010860224433735688,0.0033399222302663567,0.0018747788403850052,0.0012247567832817108,0.0007392694830274937
2021-11-19,80.24,72.37,-0.1032302947756436,-0.0326129184875693,0.0,80.24,79.42398060477792,82.00088178494138,80.15112166162038,80.53917679965463,80.75399775986426,80.79026812562256,80.43451278807166,80.39175409365984,80.3400094669113,-0.0102217982700729,0.0217078570276498,-0.001108270165530556,0.0037215907049102936,0.0063853250857081045,0.006834370629590247,0.0024212039572376054,0.0018894662473678825,0.0012456031130391176
2021-11-26,72.37,70.71,-0.023204843261887,-0.1032302947756436,0.0,72.37,71.07269971653783,74.11261318406893,72.42569166575608,72.69596281266271,72.83909455883037,72.96158484504565,72.42057255310343,72.27358534119456,72.583089804024,-0.0180885560358214,0.0237938873469829,0.0007692448285114284,0.004494001969026384,0.006460975355378928,0.008141218760748137,0.000698561436262457,-0.0013331344470949857,0.0029401230123967115
2021-12-03,70.71,74.98,0.0586344056916167,-0.023204843261887,0.0,70.71,69.22662666169255,70.07541342676947,70.63929865939441,70.97560572417046,71.17570533335243,71.1128238563512,70.63413990384626,70.481967320248,70.7959172278787,-0.0212014386525718,-0.0090150088071823,-0.0010003777475002251,0.0037492310378591243,0.006564537345740029,0.005680678591236971,-0.0010734099551524823,-0.0032301112074160643,0.0012143271478616824
2021-12-10,74.98,72.97,-0.0271730135302372,0.0586344056916167,0.0,74.98,74.30433337316795,75.57553089441745,75.01021039024121,75.27895544901864,75.47099953766353,75.4980338665803,75.23280710900926,74.78365372489617,75.25203090631061,-0.0090521386310787,0.0079111540690064,0.00040283149908423854,0.003979208328706185,0.006527059073343389,0.006885203105879589,0.0033659892596953345,-0.0026220832987928766,0.003621480745209127
2021-12-17,72.97,75.24,0.0306346066553009,-0.0271730135302372,0.0,72.97,72.3617463027413,73.41870551401358,72.92393612059462,73.23919051420165,73.39039690490318,73.54602515938033,72.8781506914736,72.49181920131235,72.91738551042381,-0.0083706040045885,0.0061303488910198,-0.000631470809012824,0.003682269458166909,0.005744696925374271,0.007863005109087107,-0.001259519853125779,-0.006574680886241968,-0.0007213028278392208
2021-12-24,75.24,77.24,0.0262344531274841,0.0306346066553009,0.0,75.24,74.70725766446009,75.20084885542079,75.04758455322137,75.5254916675149,75.52927394777471,75.69591977889728,75.36342187376614,74.79239971264526,75.26743722996822,-0.0071057595241156,-0.0005204855697229,-0.0025606313720054064,0.00378723281560317,0.0038373110802008004,0.006041254675456131,0.001639031834215654,-0.005966732734568436,0.0003645963385881801
2021-12-31,77.24,82.28,0.0632106072244427,0.0262344531274841,0.0,77.24,77.2488136896569,77.83608526213987,77.28061175286886,77.53202635008728,77.33932327038366,77.86414830318888,76.91386007149904,76.67356677585846,76.98240534139113,0.0001141013314293,0.0076876869425177,0.0005256483694087155,0.0037736366644537944,0.0012850785208664006,0.008048162205916864,-0.004231362289103924,-0.0073604399308722646,-0.0033405638770585
2022-01-07,82.28,87.17,0.0577321702387283,0.0632106072244427,0.0,82.28,82.02969026222641,82.21691107947025,82.0925735442606,82.56328618231865,82.17093619336259,82.7023687845212,81.78378040944293,81.66475839335902,82.02973096304791,-0.0030468066857186,-0.0007670529885217,-0.00228050863872728,0.003437039721261262,-0.001326399534742173,0.005120179936511676,-0.0060491243399705685,-0.0075055097930730175,-0.003046310514011996
2022-01-14,87.17,89.75,0.0291677923449035,0.0577321702387283,0.0,87.17,88.26116657958404,87.96546464402962,87.20170013703208,87.50249834927759,87.07121731173464,88.04977336637577,86.5605277556945,86.54755314504506,86.81517418844584,0.0124399862649417,0.0090840552002191,0.00036359268569821634,0.003807110495639865,-0.0011338614407392367,0.010042025995778858,-0.007016322951126197,-0.007166224799800391,-0.004078810796800225
2022-01-21,89.75,91.47,0.0189830222998847,0.0291677923449035,0.0,89.75,89.31330098517019,87.60583291806736,90.07053790085429,90.08542902328612,89.46180793755418,90.4036444206267,88.62779554872081,88.85161581297096,89.03441930240615,-0.0048776033751144,-0.0241804458200931,0.0035650904406763217,0.0037304041154880285,-0.003216220116137425,0.007256553604603089,-0.012582499445507711,-0.010060287080854824,-0.008004998663563967
2022-01-28,91.47,96.86,0.0572555873068098,0.0189830222998847,0.0,91.47,91.2705065797215,91.6125042612946,91.3833685163836,91.74244573251289,90.97029597777463,92.10611904714229,89.77238579805422,90.77795454231692,90.68142253414653,-0.0021833528128119,0.0015567220980301,-0.0009475514812898739,0.0029740985362073785,-0.005478014263970266,0.006930330551501607,-0.01873362946711099,-0.007594584923799996,-0.008658536744111212
2022-02-04,96.86,97.5,0.0065857410287184,0.0572555873068098,0.0,96.86,97.06353954285224,96.2873819758696,96.02517756199788,97.1096271636495,96.05776751606147,97.63852097088701,94.43787916786968,95.97733849072883,96.0357962598066,0.0020991739122954,-0.0059293550439178,-0.008656213622221909,0.0025738803039608155,-0.008316881524173647,0.008005460656240082,-0.02532438193634312,-0.009154530761418922,-0.00854563730254343
2022-02-11,97.5,96.18,-0.0136309421542848,0.0065857410287184,0.0,97.5,97.1058118874762,96.8866543819946,97.09965779924488,97.77694086983396,96.3614211746389,98.37227197730817,94.14935261666025,96.65042942550657,96.35038172527493,-0.0040511498378417,-0.0063105942681431,-0.00411452692236286,0.002836392809811253,-0.011746451770634048,0.008906597495974444,-0.0349699990086112,-0.008751729260453978,-0.01186102129061073
2022-02-18,96.18,98.56,0.024444063935693,-0.0136309421542848,0.0,96.18,96.06519846181104,95.86932503331984,96.06015836522793,96.77127476207806,95.29977931221053,96.87903454791298,92.50452684360621,95.63403402895246,95.30053436028342,-0.0011943242562485,-0.0032353692222386,-0.0012467910067859855,0.00612876606887805,-0.009193940908615139,0.007241697902983069,-0.038963853678806615,-0.005692674659772079,-0.00918601806674424
2022-02-25,98.56,123.86,0.2284863957247052,0.024444063935693,0.0,98.56,98.10500624403764,97.40453618289632,97.74686270026443,99.14535342686244,96.10430208985575,99.20766394351918,92.89544166849572,98.07081070706577,97.49470611128086,-0.0046271024666696,-0.0117927175015211,-0.00828439657275426,0.005921490006418367,-0.025231418007056305,0.0065497690165639555,-0.05919092224679412,-0.004975723798795628,-0.010867419550060653
2022-03-04,123.86,118.11,-0.047535501886159,0.2284863957247052,0.0,123.86,123.21300858720215,122.87651699300348,123.31117017942634,124.66245702787019,118.56662418795322,124.18017865755665,114.7366774971941,123.23898263216115,122.46218759788474,-0.005237260802805,-0.0079719712957739,-0.004440895935852729,0.006457845510262544,-0.043676863492277285,0.002581669124111178,-0.07651215355173235,-0.005026476991104811,-0.011349585844676158
2022-03-11,118.11,114.32,-0.0326148600021439,-0.047535501886159,0.0,118.11,117.08523882334453,112.30013849356004,117.55930757619406,118.96534240722026,110.82052793764475,118.7427384100598,106.95680415975463,117.74749047096914,116.25552840865974,-0.0087141871285583,-0.0504412986338138,-0.004673442051306709,0.00721581679362826,-0.06370436627562581,0.005342897190167839,-0.09919134011195219,-0.0030739733027973504,-0.0158257940835258
2022-03-18,114.32,122.67,0.0704962894230488,-0.0326148600021439,0.0,114.32,113.3074874747606,113.25697576720052,113.65390816600923,115.10969540604917,107.28131226095,114.67630864125928,103.75417362384269,113.75610208232969,112.77459775987751,-0.0088962823805449,-0.0093421749770641,-0.005843596179951227,0.006884013189870752,-0.06354706261123688,0.0031119185362904894,-0.09697714762022791,-0.004944832549555023,-0.013610417082548842
2022-03-25,122.67,106.13,-0.1448330652709296,0.0704962894230488,0.0,122.67,125.01504147772968,121.64707722830669,122.03655580780233,123.54352290328707,115.21850057384862,123.16799289953532,111.1777345154745,122.20751158777574,121.07392425672967,0.018936238840185,-0.0083737801760435,-0.005177185424963371,0.007095683113151785,-0.06266749241780545,0.004051396408057711,-0.0983676904541042,-0.00377730857461267,-0.013096519727899825
2022-04-01,106.13,101.26,-0.0469732912319679,-0.1448330652709296,0.0,106.13,108.24108256319876,105.66418156858904,106.11881779834727,106.87767387495037,99.8201730347842,106.40611352547879,96.15832859719116,105.71474873886059,104.67827679276725,0.0196962275465356,-0.0043987911194562,-0.00010536880043973684,0.0070201878832162334,-0.061294460265685746,0.0025982754293974557,-0.0986686686146907,-0.0039203406782261085,-0.013773141913623332
2022-04-08,101.26,110.83,0.0903060292457984,-0.0469732912319679,0.0,101.26,101.8530035289291,99.93843344988127,99.96700546448167,101.9851529431395,95.41706272117582,101.60674814232421,91.97784308914537,101.13770593451932,99.82896394409605,0.005839165425537,-0.0131371356546878,-0.01285128035279981,0.007135776766727608,-0.05943404956042242,0.003418485120656095,-0.09614375448591694,-0.0012084532262734426,-0.014233105449266148
2022-04-15,110.83,105.15,-0.0526095936388528,0.0903060292457984,0.0,110.83,113.15094664042692,112.00241276771231,110.30513936868195,111.56449567601133,107.0174118944863,111.46568444606373,104.50053825713323,110.43131591703904,109.8913325789099,0.0207252425002659,0.0105229178443551,-0.004746976155914295,0.0066053644388273935,-0.03500594657856482,0.005719284928345336,-0.05880527360999732,-0.003603743499248635,-0.00850550392204763
2022-04-22,105.15,108.36,0.0300711150681855,-0.0526095936388528,0.0,105.15,104.5899016843875,104.07176985680226,104.44295718671314,105.9236006553067,103.9033185822667,105.68103611130731,102.07912099912724,105.09709121803662,104.352506060252,-0.0053408973926545,-0.0103071462363004,-0.006746844023946874,0.007330183564418613,-0.011927064397041942,0.005037562249957939,-0.029639693491269714,-0.0005033009757587914,-0.007613253003459608
2022-04-29,108.36,113.86,0.0495106063060414,0.0300711150681855,0.0,108.36,108.73245547434696,108.93631576917367,107.0914530687509,109.14597414398726,108.98465002604303,108.62765159234752,106.8751765605995,108.33701642621513,107.93489752904063,0.0034313107654585,0.0053044352680444,-0.01177584622727923,0.007227181397392979,0.005748029646268249,0.0024669765871628176,-0.013797437932333567,-0.00021212635273054614,-0.003930772507067859
2022-05-06,113.86,112.12,-0.0153998972263482,0.0495106063060414,0.0,113.86,114.3529951805145,114.58760604577289,113.08533624553002,114.6651931543945,114.99196607067547,114.39366786823537,113.25204681110709,114.0045482138114,113.6680626649159,0.0043204896987065,0.0063700252212584,-0.006826901808040908,0.007046894702063322,0.009892642144977037,0.004676103088711081,-0.005353785935855004,0.0012687206880918067,-0.0016871534734218263
2022-05-13,112.12,113.63,0.01337782963333,-0.0153998972263482,0.0,112.12,111.25902076914312,112.94539436379598,112.28207418611153,112.93612347115754,113.3368749499268,112.59741485033844,111.60771921433228,112.02082241072718,112.19886858222033,-0.0077087229721632,0.0073347399011254,0.0014444983619783247,0.007252653569029599,0.01079485171543021,0.004249030445078364,-0.004579510154206712,-0.0008849578999373109,0.0007031828037348808
2022-05-20,113.63,121.19,0.0644120060504783,0.01337782963333,0.0,113.63,113.24054286048514,112.77348413880372,113.31403833663224,114.35676984373458,114.66090909198996,113.78038903328546,113.21418783658139,113.75088509522718,113.2730423347588,-0.0034333018043402,-0.0075663141906261,-0.0027844914528837306,0.006375565617539214,0.009031600107671733,0.0013226225578180928,-0.003666063769096728,0.0010632829278119926,-0.003146347938251748
2022-05-27,121.19,125.68,0.0363794319669697,0.0644120060504783,0.0,121.19,121.52335009973424,121.41056238597804,120.84815483267369,121.96101323152352,122.27111929175145,121.78142198409418,121.00248465445871,121.67330417212881,121.2586871350494,0.00274686422645,0.0018183176871389,-0.0028247231917868376,0.006341868005471735,0.008881306396920807,0.004868252795468236,-0.0015484822601119497,0.003980056285339539,0.0005666117453448083
2022-06-03,125.68,127.44,0.0139066716544272,0.0363794319669697,0.0,125.68,124.9889657951943,121.85795936587844,125.4239476442423,126.52721806637231,126.76662111774178,126.43199440208517,125.41693106708227,126.05673460446965,125.79378731095836,-0.005513534179857,-0.0308828949928283,-0.002039413931225087,0.006718453656079315,0.008608773005566783,0.005965576005521667,-0.002095358378540968,0.0029930862995555807,0.0009049636539912309
2022-06-10,127.44,119.22,-0.0666751398100125,0.0139066716544272,0.0,127.44,126.64506056477254,125.76984526003984,127.34286880184203,128.2280197767068,128.48231616107944,128.0941976960165,126.95716889725182,127.5640512398904,127.1927302228957,-0.0062572905875917,-0.0131920538842678,-0.0007624625887943659,0.006164418004196537,0.008145611839828704,0.00512024716197676,-0.003795888803254044,0.0009729355206151702,-0.001942168664753885
2022-06-17,119.22,117.36,-0.0157243919570542,-0.0666751398100125,0.0,119.22,117.3267000191554,116.89295538833647,118.72066346572062,119.98628685790456,120.1030951627391,119.19615227765439,118.88285926936555,119.52351103586089,119.05229169985168,-0.0160081743875486,-0.0197119209915399,-0.004197157896743686,0.0064069342761160775,0.007379974508613774,-0.0002000512314062064,-0.0028318933840666416,0.002542571297977414,-0.001407703150429207
2022-06-24,117.36,119.21,0.0156405098951838,-0.0157243919570542,0.0,117.36,116.21297224508812,113.87214029999004,117.003695197928,118.11472855946974,118.14498988080581,117.6283847851926,117.08469885874636,117.73631593935193,117.51162622479856,-0.0098216584268181,-0.0301698911935091,-0.003040616647425609,0.0064102942045558,0.006666464166167063,0.002284239726444426,-0.0023485390723881894,0.0032013794792836725,0.001291141448626465
2022-07-01,119.21,113.95,-0.0451268880382168,0.0156405098951838,0.0,119.21,116.60127370886826,113.08410476111536,119.60796577921127,119.99027591382938,119.939289870462,119.34868646571961,118.84567883472789,119.48585132424559,119.02403717038112,-0.0221264461264557,-0.0527548119425773,0.003332799073817172,0.006524061717277818,0.006099053286422962,0.0011627032609728,-0.0030608087274833773,0.0023113216716570406,-0.0015611779878129672
2022-07-08,113.95,112.26,-0.0149421461776399,-0.0451268880382168,0.0,113.95,112.71019870449376,109.7321212018606,113.53596451364923,114.71590177949265,114.58250507900499,114.62919520207218,113.5452831892954,113.97230114042922,114.19327666074805,-0.010939844467973,-0.0377176217734813,-0.003640101000618734,0.00669889684205377,0.005535376193442076,0.005942773578965721,-0.0035580275071385725,0.00019569072783831576,0.0021326664236269166
2022-07-15,112.26,106.77,-0.0501406213238422,-0.0149421461776399,0.0,112.26,110.30660438273992,109.76180914022662,111.72029971947285,112.97458060893983,112.8414708253053,112.22155525577969,112.01186660574147,112.45179498199245,112.14602455237552,-0.0175538085036988,-0.0225049629807472,-0.004819185667019887,0.00634523352979513,0.005166311144020497,-0.00034252029795822647,-0.0022127919944808228,0.0017070312538006727,-0.001015796769736621
2022-07-22,106.77,111.51,0.0434372847870595,-0.0501406213238422,0.0,106.77,105.22695435539856,103.37632745167303,106.4564884811383,107.44984645913631,107.28594187155545,106.73907588965191,106.54119867542212,106.92341968709964,106.57312057527476,-0.0145575005970163,-0.0323009938001632,-0.002940645386193652,0.006347205945554574,0.0048206358224698875,-0.0002896749043146407,-0.0021452358220725998,0.0014358861745388807,-0.001845660456103626
2022-07-29,111.51,100.31,-0.1058488820818767,0.0434372847870595,0.0,111.51,110.342791973477,108.95484062438528,111.00435086519667,112.21394641031449,112.01449339449356,111.62761047324946,111.17419787410044,111.76677643485075,111.46290073365553,-0.0105224620864529,-0.0231807827949523,-0.004544875449364327,0.00629301194394577,0.004513995253657643,0.0010541520444813934,-0.003015951591018473,0.0023000739454741015,-0.000422466289760004
2022-08-05,100.31,103.7,0.0332367243400878,-0.1058488820818767,0.0,100.31,98.61913276511989,99.94911868134112,99.50708282444978,100.95827562841798,100.74057398823462,100.53202581878934,100.15818878324114,100.55372733092426,100.14184841502711,-0.0170001038399659,-0.0036041475832462,-0.008036565098994863,0.006441928001430508,0.0042832471251026405,0.0022109507044484333,-0.0015145669415225216,0.002426794063604798,-0.001677725855308565
2022-08-12,103.7,96.45,-0.0724773758837435,0.0332367243400878,0.0,103.7,102.59849504233264,99.97148696659724,103.23156339227485,104.37208213569961,104.15978516280802,103.68094434526482,103.4669416130937,103.71735254921369,103.6375321678975,-0.0106788508097772,-0.0366171002388,-0.004527462125256232,0.006460111958661585,0.0044240006536028775,-0.00018377440462505334,-0.002249958255013673,0.00016732013055698047,-0.0006025714046027641
2022-08-19,96.45,101.13,0.0473820785623409,-0.0724773758837435,0.0,96.45,94.55667740473596,93.20921085206848,95.8541238747218,97.045555598132,96.82625745914507,96.04278053049984,96.61932884548736,96.50005725091293,96.3271490711554,-0.0198253237400491,-0.0341781936585903,-0.006197246531852718,0.006155774244355483,0.0038934728911110827,-0.004231016621655814,0.001754073419278357,0.0005188622667351428,-0.0012745384612951327
2022-08-26,101.13,93.09,-0.0828400507856804,0.0473820785623409,0.0,101.13,101.11195591446048,101.84689916356297,100.6284497294991,101.74069916644278,101.51715597494434,100.59552244389512,101.19728390170575,101.42149532476083,101.06046368405507,-0.0001784405763463,0.0070638791657984,-0.004971799736923077,0.00602059354698814,0.003820990668439439,-0.00529906974896216,0.0006650996631649142,0.002878236228553016,-0.0006878298552706608
2022-09-02,93.09,91.68,-0.015262514161969,-0.0828400507856804,0.0,93.09,91.8632405633538,94.3695448161759,92.24740841095687,93.65223460467332,93.43986409741657,92.39850103197928,93.30172703596783,93.1921807024389,92.92796713138992,-0.0132658116555698,0.0136516354978084,-0.009092577708539329,0.006021522712190419,0.0037512975135661764,-0.007456011209974744,0.0022718511212962977,0.001097053001008208,-0.0017421210659318564
2022-09-09,91.68,89.43,-0.0248480566083396,-0.015262514161969,0.0,91.68,91.27372969136664,92.94789131030733,91.06121633552405,92.2009112953702,92.01487215462504,91.1140632818367,91.75602044101373,91.78356944634515,91.87403004778986,-0.0044412428990988,0.0137347746640443,-0.006772265631718455,0.005665761444997863,0.0036459648726544502,-0.00619208869546195,0.0008288497011990636,0.0011290465748570178,0.002114147207875061
2022-09-16,89.43,84.29,-0.0591929623486989,-0.0248480566083396,0.0,89.43,87.81244879381872,89.38975636792574,88.6106678580953,89.93932057396476,89.73285924630756,88.42633317835504,89.56978973943559,89.52505986962387,89.2565896686916,-0.0182529199610849,-0.0004501027578953,-0.00920394127621238,0.005679030741626012,0.0033808294426107555,-0.011286384440930552,0.001561898682199414,0.0010623882737267887,-0.0019409446010487663
2022-09-23,84.29,88.9,0.0532489085104681,-0.0591929623486989,0.0,84.29,84.17469234558499,85.49639868751899,83.73005685395279,84.78983768010173,84.55323771135137,83.48069088656499,84.5012819817357,84.31542658757003,84.06048980290237,-0.0013689239070373,0.0142110204324126,-0.006665218777960336,0.005912462929192619,0.003118134053842758,-0.00964787576174575,0.002503471620140807,0.00030161055047162044,-0.0027265776244808637
2022-09-30,88.9,98.88,0.1063948511895216,0.0532489085104681,0.0,88.9,88.83520335109905,91.06139646793125,88.30887479116939,89.459377579941,89.15486683273278,87.89782019040307,88.99369679275469,88.8931602831519,88.71875516345135,-0.0007291369469858,0.0240218229591846,-0.006671532699199512,0.006272497937064581,0.0028627918049242695,-0.011337136880213983,0.0010534021509273073,-7.69401572095485e-05,-0.0020408306463895465
2022-10-07,98.88,92.22,-0.0697299669308211,0.1063948511895216,0.0,98.88,98.7348477108201,98.6700802015247,98.3225087674055,99.4872618764189,99.1385598940079,98.22543790764227,99.07988304767694,98.97998717381527,98.90139197804113,-0.0014690426044966,-0.002125232014805,-0.005654012428424338,0.00612262091721133,0.0026114727941659033,-0.006641770065151098,0.002019430528329702,0.0010106862307510123,0.0002163194212621844
2022-10-14,92.22,91.82,-0.0043468879574835,-0.0697299669308211,0.0,92.22,91.48186407716636,94.43230021779918,91.42291601971053,92.75261517762473,92.44652706754154,91.48136663285187,92.43413754561838,92.19151037119575,92.21574210662169,-0.0080362809495739,0.0237061511725187,-0.008680857427734723,0.0057588702966579475,0.0024533648275179565,-0.008041718592017855,0.0023193375946797823,-0.0003089788590046605,-4.617210666899019e-05
2022-10-21,91.82,94.64,0.0302500808490554,-0.0043468879574835,0.0,91.82,90.9328879509118,93.4780905790157,91.08518485684128,92.39464905182118,92.01153012248591,91.09986075533826,92.03539942457937,91.85850146764794,91.75033476497433,-0.0097083994324035,0.0178969446569681,-0.008034972842168031,0.0062389274550975204,0.0020837577934645912,-0.007873863037799467,0.002343140574650182,0.000419226723913646,-0.0007590032284822412
2022-10-28,94.64,99.53,0.0503788865878407,0.0302500808490554,0.0,94.64,94.20782981273815,92.91931804042444,94.15290322341968,95.20788465909322,94.80509658965926,93.71027181270624,94.80481990029185,94.7195894432326,94.60903543311316,-0.0045769225108186,-0.0183486510068178,-0.0051601288934863265,0.0059825407469302205,0.0017429496400434008,-0.00987241196549471,0.001740031128474595,0.000840617030839208,-0.0003272361953368663
2022-11-04,99.53,96.37,-0.032264156394776,0.0503788865878407,0.0,99.53,98.98555335610524,99.64836774518744,98.63012760670054,100.10985926056533,99.66976276807802,98.78948754738326,99.77022784978607,99.51962603365268,99.41957992180772,-0.0054851924674793,0.0011885603889822,-0.009082337500951887,0.005809069324518024,0.001403242544766592,-0.007467908507449161,0.0024107144153226456,-0.00010423497459832731,-0.0011100308889688826
2022-11-11,96.37,88.93,-0.0803454064516473,-0.032264156394776,0.0,96.37,96.53045998246051,95.55549637386088,95.99450297662128,96.93123821557701,96.4902331016957,95.37660652187957,96.81351883598789,96.36872571732121,96.32548774706947,0.0016636561621943,-0.0084877572953701,-0.0039040206950091694,0.005806892887357806,0.001246841978135016,-0.010361616134335061,0.004591692064717934,-1.3222902393583702e-05,-0.0004619958074024433
2022-11-18,88.93,83.4,-0.0642012340468476,-0.0803454064516473,0.0,88.93,86.60900737705084,87.80580917187571,88.06161351530025,88.96134434990311,89.11005945938885,87.86896575357689,88.67851902189926,88.82448890908063,88.55399079912233,-0.0264457219696152,-0.0127218812704086,-0.009812820343556128,0.00035239882347315454,0.0020226854711765108,-0.012002864161106519,-0.002831859052107699,-0.0011871554294763387,-0.004237111885182332
2022-11-25,83.4,86.54,0.0369584254320376,-0.0642012340468476,0.0,83.4,82.9691027591261,82.54809280410916,82.48562640871526,83.42645167461839,83.57180612386698,82.40863891791733,83.20303406218952,83.28923214223273,83.17263378235131,-0.0051800267866793,-0.0102672427892684,-0.011024256551970923,0.000317116075712498,0.0020579065231223215,-0.011958036707872655,-0.0023644951088226396,-0.0013290345470804987,-0.0027299365290779365
2022-12-02,86.54,76.37,-0.125016785896446,0.0369584254320376,0.0,86.54,84.7495068088718,81.4034058554967,85.71608357645796,86.58260428145252,86.76389257503149,85.71443692384213,86.47858688128301,86.54868415555336,86.31820034430598,-0.0209068079174562,-0.0611896216869354,-0.009566253797203106,0.0004921862455731507,0.0025838161655304948,-0.00958546452597031,-0.0007099020099880504,0.00010034342340775604,-0.002566262716814205
2022-12-09,76.37,80.2,0.0489335659721759,-0.125016785896446,0.0,76.37,74.83913775943408,74.74650935394283,75.55181110812168,76.3800472805542,76.632905870487,75.54716631507692,76.17361412965784,76.30626293798952,75.90655387928467,-0.0202489686800392,-0.0214874353259801,-0.010771288157536252,0.0001315519143535726,0.003436616157603156,-0.010832768296256234,-0.0025748174377626387,-0.0008349309118081405,-0.006086919355876963
2022-12-16,80.2,82.45,0.027668534133139,0.0489335659721759,0.0,80.2,78.77024384102717,79.6128846277622,80.01005345132207,80.23755400569426,80.36906702907828,79.2953084427974,80.04034312857891,80.0365929580599,79.94863322662805,-0.0179882055542175,-0.0073475679382681,-0.002371219952640835,0.00046814483819396235,0.002105848837327562,-0.011344550115516938,-0.001992718202370569,-0.002039572803806511,-0.0031391710903770353
2022-12-23,82.45,82.82,0.0044775291118132,0.027668534133139,0.0,82.45,81.4891951328651,80.44685462003504,82.09257036747663,82.47742212124511,82.49010642588773,82.06109614545115,82.1690596743577,82.40610666967609,82.07828360228424,-0.0117216126045104,-0.0245952736586332,-0.004344531557160081,0.000332535622580038,0.00048631503334439774,-0.0047280042273693534,-0.0034132207892088595,-0.0005325047673128136,-0.004518579080005747
2022-12-30,82.82,76.41,-0.0805560004579458,0.0044775291118132,0.0,82.82,82.42454999033407,82.89797112487032,82.2713611794432,82.8456825659131,82.66428875639792,82.0847284755489,82.46966880718644,82.53336273226891,82.23861408151252,-0.0047862488004438,0.0009410099592059,-0.006646511802477606,0.00031005294181710163,-0.0018818860778439528,-0.008917590221340754,-0.004239003198901303,-0.0034669697683407663,-0.007044628674251041
2023-01-06,76.41,83.43,0.087894379254508,-0.0805560004579458,0.0,76.41,75.31039992405738,74.15953258733255,75.71918001154715,76.4293123321294,76.03489459211573,75.5023978849952,76.23350858975046,76.33730088135266,75.9928946685233,-0.0144953391890843,-0.0298949591815471,-0.009082080595859798,0.0002527141994751736,-0.004921203375428507,-0.011949161842674916,-0.0023124663541752577,-0.0009518875124757131,-0.005473732947359866
2023-01-13,83.43,86.96,0.0414402858989706,0.087894379254508,0.0,83.43,83.24255457687094,81.88793161460731,83.01542988928641,83.46758034020283,82.77805065541209,82.73734135560811,83.27578006540226,83.1162186838789,83.12625890132803,-0.0022492665649951,-0.0186563320457935,-0.004981464114513889,0.0004503401518625716,-0.007845019367742734,-0.008336928913196373,-0.0018502055361467318,-0.0037681034114376843,-0.0036473133750140607
2023-01-20,86.96,85.36,-0.018570635819456,0.0414402858989706,0.0,86.96,86.91307375768992,88.01907998853147,86.19088107927948,86.97604529703717,85.95313933375526,86.18751674698522,86.55564546162593,86.65483001633254,86.42758344351678,-0.0005397758541363,0.0121053662151098,-0.008883858682639079,0.00018449651485746843,-0.011645986534713604,-0.008922892950704142,-0.0046607355695506,-0.0035154865276119662,-0.00614136513480007
2023-01-27,85.36,78.85,-0.0793302935844505,-0.018570635819456,0.0,85.36,86.44273610999895,87.01148603644648,84.58513737958688,85.37952647787067,84.01957710853371,84.29011175244948,84.82392482688307,85.199057673115,84.80464497187496,0.0126045774297364,0.0191625263541936,-0.009119036907404676,0.00022872826648412392,-0.015827774488759827,-0.012613047175880743,-0.006299971595010834,-0.0018872333940987418,-0.006527290084036408
2023-02-03,78.85,85.46,0.0805011168068314,-0.0793302935844505,0.0,78.85,79.54005308661691,83.26968594597962,78.38246404418953,78.88018420723792,77.27269221419351,78.05537388632501,78.42577610174362,78.57745540335871,78.28640986876874,0.008713393790653,0.0545372553169727,-0.005947083976946099,0.0003827321670621664,-0.020206690421830764,-0.01012881697505641,-0.005394663279982115,-0.003462482045876014,-0.007173290370815877
2023-02-10,85.46,81.97,-0.0416951035509395,0.0805011168068314,0.0,85.46,86.36025121051199,87.59874407586834,85.07972042291097,85.49925911281008,83.61942072179785,84.87364989132963,84.93238644346792,85.17871592231975,84.98889601598908,0.0104790843022727,0.0247182305902242,-0.004459725938712855,0.0004592803420407354,-0.02177263181925415,-0.006884751487635343,-0.006192943872915635,-0.0032968407074161488,-0.005527817365081733
2023-02-17,81.97,82.31,0.0041392803196134,-0.0416951035509395,0.0,81.97,82.88742218771526,83.29707984915582,81.04435027339207,81.78356418374398,81.54099763740196,81.19242795879134,80.9818860208196,81.45197421979961,81.46539884298164,0.0111300012597706,0.0160601660609245,-0.011356787595270479,-0.0022770300938371735,-0.00524739440384181,-0.009531335584543665,-0.012127826373874662,-0.006339753484607691,-0.00617495064056417
2023-02-24,82.31,85.74,0.0408268541852784,0.0041392803196134,0.0,82.31,82.77197426498435,84.07545812760858,81.89905018622215,82.10811804698268,81.87185668026468,81.54061644046675,81.3044770282449,81.82403453668647,81.68952660696067,0.0055969220504735,0.021222099661827,-0.005005213430602229,-0.0024557154268650683,-0.005337305457540076,-0.009391349645730962,-0.012291523948881888,-0.005921585790823691,-0.007566806641314372
2023-03-03,85.74,82.3,-0.0409483534868068,0.0408268541852784,0.0,85.74,86.812217114063,85.54315083844436,85.04265482382576,85.53580121568116,85.27466650900779,85.15906718021446,84.74845371446548,85.15388855603746,85.15552213397388,0.012427900754115,-0.0022985243704169,-0.008166509093020302,-0.002384445200296681,-0.005442043643712147,-0.006798574936173862,-0.011631960332762592,-0.006859387974808673,-0.00684020432629695
2023-03-10,82.3,71.03,-0.1472687846733054,-0.0409483534868068,0.0,82.3,81.74235988167742,82.2599380601451,81.82465185830195,82.09535773486225,81.84372260588196,81.35410963541159,81.57091956890203,81.44763556903374,81.72245200384292,-0.0067987593779121,-0.0004868978576269,-0.005792542015470303,-0.0024896368566621474,-0.0055595006874953334,-0.01155975734176451,-0.008898287062716559,-0.010410802288570054,-0.007042333241954024
2023-03-17,71.03,73.63,0.0359502283709067,-0.1472687846733054,0.0,71.03,70.40465427652653,70.93649705951808,70.62457380268613,70.85959673147043,70.65367908397116,70.11467459563279,70.2911232208355,70.21866719913726,70.48553312748251,-0.0088429501485371,-0.0013172538019716,-0.005724168213554037,-0.002401914648840431,-0.005312140444210911,-0.012970212851175944,-0.010456802139714227,-0.011488132809327478,-0.00769483811418592
2023-03-24,73.63,79.19,0.0727974768416957,0.0359502283709067,0.0,73.63,72.343938375929,71.16524530593148,73.33355494168735,73.46048906561545,73.25992265704062,73.10913118079867,72.91728476638576,73.21424323652928,73.23849978637689,-0.0176208837628772,-0.0340479798614978,-0.004034271768839304,-0.002304853434142884,-0.005038849762965647,-0.00709927887192352,-0.009726838050791553,-0.005662569607534085,-0.005331315312548046
2023-03-31,79.19,86.56,0.0889877868758503,0.0727974768416957,0.0,79.19,79.0594432317692,79.67539900784648,79.01580466182045,79.00127856304003,78.81284829031937,78.60794641984249,78.60843921811355,79.10144001935872,78.77143669985605,-0.0016500127290827,0.006110840011388,-0.002202136754049344,-0.002385991543985777,-0.004773995280056287,-0.0073772344082789765,-0.007370965363623583,-0.0011189485656399878,-0.005299575497895503
2023-04-07,86.56,87.31,0.0086271887245447,0.0889877868758503,0.0,86.56,85.7961620482453,83.49472415064241,86.0255606060076,86.3813382949096,86.1623515428815,85.86503483708182,85.87909507913692,86.08539915320941,86.09397103821368,-0.008863540977165,-0.0360543690621852,-0.006193346655767318,-0.002066154574848489,-0.004604489877799933,-0.008061113943196752,-0.007897379181567743,-0.005497998146914984,-0.005398428901170593
2023-04-14,87.31,83.36,-0.0462964258176594,0.0086271887245447,0.0,87.31,86.77001400684567,86.96593590399132,86.58201170474953,87.0929071852173,86.90012697112655,86.67201039602237,86.58508057328906,87.09576634406378,86.80544799484977,-0.0062039025923491,-0.0039485031738877,-0.008372926865722885,-0.0024895562856482867,-0.004705510434755533,-0.007334004960457552,-0.008337482850356182,-0.002456727987587337,-0.005795619208422753
2023-04-21,83.36,81.32,-0.0247765892449109,-0.0462964258176594,0.0,83.36,82.61935997583758,82.8348824008534,82.74228274776875,83.16691863089054,82.99054799650904,82.51956827975786,82.76250967990542,82.80096458832882,82.82483198711071,-0.0089245426672956,-0.006319320295006,-0.007437827942549102,-0.002318921856236167,-0.0044418562533603545,-0.010133121520031096,-0.007193400794057725,-0.006728867064201172,-0.0064406583498510805
2023-04-28,81.32,75.85,-0.0696342829656046,-0.0247765892449109,0.0,81.32,80.6522066191313,80.63636794096807,80.62430447272477,81.13210757574753,80.98346065908275,80.53778098039976,80.72621991706703,80.90054238297067,80.80977759993101,-0.0082458241276158,-0.0084422258660197,-0.008591840376305893,-0.0023132049296180623,-0.004147044331239691,-0.009665585486946515,-0.007328560219251656,-0.005171460355124946,-0.006294020654067145
2023-05-05,75.85,74.54,-0.0174218117434287,-0.0696342829656046,0.0,75.85,75.17857760067622,74.98788762961736,75.28701493213539,75.67065890872512,75.5578945776591,75.1839574417746,75.28116991521527,75.52841301617616,75.35460482336212,-0.0088913877540106,-0.0114311035722494,-0.007450030319302137,-0.0023672174647945132,-0.0038585277942981833,-0.008819829488527109,-0.0075276697878123855,-0.004248788994358321,-0.006552670135947514
2023-05-12,74.54,75.42,0.0117365977790986,-0.0174218117434287,0.0,74.54,73.64744800393484,74.09715807948804,74.00973029260489,74.35924371045819,74.27862713403157,73.87949600038391,73.95683804815421,74.21301623696698,74.1643094767042,-0.0120464020627706,-0.0059587149880826,-0.007139319050446291,-0.0024279018996956614,-0.0035126400471601205,-0.008900560611453834,-0.00785424063437734,-0.004396338278856771,-0.005052863954568831
2023-05-19,75.42,76.33,0.0119935539801678,0.0117365977790986,0.0,75.42,75.2192666258593,75.9210136442719,75.44616266130912,75.3209012165877,75.27120154997878,74.61667656115804,75.0665643720834,74.84815479340003,75.11440825887044,-0.0026650885582389,0.0066210138611495,0.0003468327305457264,-0.0013148229430632458,-0.001974879712313027,-0.010708463207047991,-0.0046972469501872505,-0.00761103332722457,-0.0040600971492845694
2023-05-26,76.33,76.0,-0.0043327055240478,0.0119935539801678,0.0,76.33,75.93666466371754,75.88829652953551,76.05900150597263,76.24476235858604,76.17902831091206,75.55970249209297,75.89571695171537,75.97682771568614,76.04290486141834,-0.0051664126492,-0.0058035692200064,-0.0035566711117562544,-0.001117323061349526,-0.001979840014384393,-0.010142940557863467,-0.00570579314971309,-0.004637650492852918,-0.0037683271652381167
2023-06-02,76.0,74.74,-0.0167179162289933,-0.0043327055240478,0.0,76.0,76.05969170386092,76.91072661471533,75.60455770715832,75.88123793015426,75.84828422750834,75.13246320646981,75.65993224251768,75.65350327521762,75.94943239942533,0.000785108877418,0.0119120143353939,-0.005216771786316021,-0.0015638810384899088,-0.0019982553473975595,-0.011480608518712687,-0.00448461663408678,-0.0045695921325537014,-0.0006655846177634483
2023-06-09,74.74,76.76,0.0266682470821614,-0.0167179162289933,0.0,74.74,74.29649888070647,74.30707218609449,74.13492407532054,74.63577249382378,74.58958380148171,73.91290288177913,74.40177099027366,74.63092057705651,74.52260709144805,-0.0059515948340944,-0.0058092926628887,-0.008128692728689546,-0.0013955077366415297,-0.0020145539224075693,-0.011128012131683351,-0.004535678868883064,-0.0014605177756414345,-0.002912893811813644
2023-06-16,76.76,73.56,-0.0425822714033789,0.0266682470821614,0.0,76.76,76.79859195550752,77.24734709275602,76.42999308864194,76.67454609928105,76.60584642501261,75.73692687096235,76.43433405118917,76.56474895224311,76.7711852150298,0.0005026349333966,0.0063289022073149,-0.004308472312004374,-0.0011138809574098157,-0.0020102732191620287,-0.013417824205657847,-0.004251677340546767,-0.002546896761748574,0.00014570609917358146
2023-06-23,73.56,74.51,0.0128319448295158,-0.0425822714033789,0.0,73.56,73.2421659430631,73.91096436381007,73.22780761098072,73.4678843302046,73.43481037560944,72.74287933437547,73.12803966908878,73.20037094859559,73.32532579257231,-0.0043301071412143,0.0047597847878932,-0.004526165511131053,-0.0012530368952478194,-0.001703320740894243,-0.01117037704022339,-0.005889526923739452,-0.00490091117792979,-0.003195341751588865
2023-06-30,74.51,78.77,0.0555988691495966,0.0128319448295158,0.0,74.51,74.7538376139024,74.80894190992024,74.02426695213511,74.41762824510711,74.41559978245687,73.6002902344655,74.02812476829473,74.13453304882881,74.24889909307431,0.0032672057037621,0.0040040775202214,-0.006540373333732585,-0.0012404920138278513,-0.0012677502098269455,-0.012284375435516859,-0.0064882591312444005,-0.00505188777564658,-0.0035103940220509444
2023-07-07,78.77,79.9,0.0142436390569961,0.0555988691495966,0.0,78.77,78.58706663436665,78.2302156301801,78.3085167639609,78.66229025785043,78.71555674945837,77.96445597969728,78.33053676340771,78.48339541953246,78.50435151354928,-0.0023250744559116,-0.0068762516602873,-0.005875845701792226,-0.0013683312207277282,-0.0006914062957161793,-0.010279183453036356,-0.005594689769143235,-0.003645134619140178,-0.0033781571696170076
2023-07-14,79.9,81.06,0.0144137684279334,0.0142436390569961,0.0,79.9,79.47843545395136,77.97470165403605,79.62766743219969,79.81132088046417,79.87546188213881,78.98575037738634,79.61514511304601,79.93211707338632,79.92141888046814,-0.0052901200590169,-0.0243914164602756,-0.003414239507577771,-0.0011104927084713972,-0.0003071575292609152,-0.01150839154452199,-0.003571512780755126,0.0004018851080329622,0.000268035170084141
2023-07-21,81.06,84.49,0.0414435629645908,0.0144137684279334,0.0,81.06,81.0971449929825,82.78648391407623,80.49938951030512,80.96945211098779,81.05754302575103,80.07672654472195,80.51983256611237,80.15156988627129,80.19503613662133,0.0004581357624888,0.0210751891136169,-0.006940020527319124,-0.0011176720930483747,-3.031102252482043e-05,-0.012204364342359497,-0.006686099838180581,-0.01127015548337873,-0.010728001801516673
2023-07-28,84.49,87.38,0.0336332393585364,0.0414435629645908,0.0,84.49,85.0095416332237,85.24584066229457,84.08343459927073,84.39741589466537,84.51093841866387,83.61151537991697,83.93311668398569,84.23005806201783,84.25605896353889,0.0061303205340113,0.0089061409235,-0.004823609247789795,-0.0010964003933476435,0.0002477905621937615,-0.010451929780989633,-0.006612932433425478,-0.0030813425106638315,-0.0027727010369745786
2023-08-04,87.38,87.93,0.0062746198676211,0.0336332393585364,0.0,87.38,87.27301058723758,87.6645292380879,86.80213407043956,87.25238336775755,87.43682566317865,86.51179953803927,86.86530675970302,86.64321823391055,86.73958003030712,-0.0012251655529504,0.0032509383745491,-0.006635216094245722,-0.0014615462779399152,0.0006501166574159889,-0.00998560804418469,-0.005907702730223063,-0.0084676766230114,-0.0073561268351099995
2023-08-11,87.93,85.92,-0.0231244126303562,0.0062746198676211,0.0,87.93,87.85164971453318,87.70858822257611,87.46608256180751,87.85002232437375,87.96968124235661,87.00278058314711,87.42170350529857,87.59946970113508,87.9046164574249,-0.0008914501688055,-0.0025212215259671,-0.005289953039500028,-0.0009099746386138502,0.0004511803858820995,-0.01060096452123127,-0.005797467697435943,-0.003766099106898957,-0.00028872065424723203
2023-08-18,85.92,85.42,-0.0058363653472341,-0.0231244126303562,0.0,85.92,85.07813952861311,84.0537952097867,85.37187722190127,85.84995861108304,86.07944070074926,85.73370064607494,85.34088491030593,85.6810231057025,85.47356560870605,-0.0098465079852758,-0.0219596177339553,-0.006399890734448022,-0.0008155255245474446,0.0018539681962774779,-0.0021706427111398696,-0.00676298382190943,-0.0027852636827550015,-0.005209476789207024
2023-08-25,85.42,89.98,0.0520071579997058,-0.0058363653472341,0.0,85.42,85.01511315931728,84.28413660462796,84.76008748830648,85.39042720394936,85.58751028546878,85.16860339550686,84.96561085257272,85.24060000886774,85.13428757287954,-0.0047512228535628,-0.013386595994234,-0.007755499825146117,-0.0003462645323264457,0.0019590992087481496,-0.0029474042401820277,-0.005333668991873708,-0.002102419154795143,-0.003350401780583212
2023-09-01,89.98,91.85,0.0205693882481082,0.0520071579997058,0.0,89.98,89.4767003225887,87.05132134608063,89.2889506376509,89.95180473332043,90.16760186767465,89.82224653996418,89.34920832534895,90.03868563423784,89.72546157703049,-0.0056091636155552,-0.0330895781517028,-0.007709676247159791,-0.0003133994787873906,0.0020827580666731293,-0.0017547444879042473,-0.007035042223463073,0.0006519949427472582,-0.0028328420400605125
2023-09-08,91.85,95.55,0.0394928590251474,0.0205693882481082,0.0,91.85,90.88619327207331,92.88326940860176,91.19719511676423,91.82733711470534,92.05512202803891,91.72196090352105,91.28384849000177,91.54759680632856,91.49784968584122,-0.0105487112101467,0.0111867254599928,-0.007132670352440584,-0.0002467684447700069,0.0022307384464061997,-0.0013949746640165017,-0.00618294562445687,-0.003297790952564661,-0.0038413403569936833
2023-09-15,95.55,93.99,-0.0164612770540719,0.0394928590251474,0.0,95.55,94.82044075153638,94.64273677939202,94.90301053572837,95.51038791813292,95.74758998490184,95.45969817408435,94.96721283515289,95.32969780106345,95.48984272874074,-0.0076646649259565,-0.0095405336469411,-0.00679424233091197,-0.00041465510319826926,0.0020657871872300504,-0.0009455209186384206,-0.006117966707155809,-0.0023082842155748295,-0.0006297877174556987
2023-09-22,93.99,95.86,0.0197004000992753,-0.0164612770540719,0.0,93.99,92.55627196333216,92.36356003384698,93.37039296156004,93.95635984962075,94.16951413619981,93.77259530109559,93.40590588721408,93.64355018049537,93.68278530354227,-0.0153715885314351,-0.0174558646976947,-0.006614090496200653,-0.000357976081743816,0.0019081064435093609,-0.0023157412764915897,-0.006233818199331331,-0.0036928386515553413,-0.003273942680316111
2023-09-29,95.86,87.86,-0.0871441551838517,0.0197004000992753,0.0,95.86,95.2119431924052,95.36466632434518,95.22352248221885,95.80907225587998,96.03457287818784,95.64690918112228,95.5534136897599,95.55850289062829,95.66407302346208,-0.0067834061010877,-0.0051806578412652,-0.006661797557354632,-0.0005314132814346895,0.0018194670514040112,-0.0022254122081810657,-0.0032033969459739353,-0.0031501380915743837,-0.0020459782605000143
2023-10-06,87.86,94.33,0.0710546341141284,-0.0871441551838517,0.0,87.86,86.91231396761725,87.6936780433917,87.0393648768693,87.82338476771535,88.02057380171331,87.6347235569763,87.58014875527134,87.67090354903661,87.61699354025599,-0.0108449135807954,-0.0018948279321193,-0.009384152377592159,-0.0004168320511721557,0.0018259418064889843,-0.0025673315093968085,-0.0031902786685007456,-0.0021545667491178477,-0.0027696692333800677
2023-10-13,94.33,93.72,-0.0064876590221669,0.0710546341141284,0.0,94.33,92.99058342985974,90.65487619701818,93.5025912172589,94.29103750183188,94.46345008156831,94.00446438012844,93.53344164111486,94.15715270253004,94.19424831062392,-0.0143010380773501,-0.0397395454347133,-0.008810123197562802,-0.0004131299375542685,0.001413715398883575,-0.003456998113912313,-0.008480235703006045,-0.001834049095046808,-0.0014401512172081965
2023-10-20,93.72,90.73,-0.0324235504580573,-0.0064876590221669,0.0,93.72,93.09175728353893,88.18651668116894,92.5147233564871,93.68159783152707,93.8018558188411,93.63696522530259,92.82830366744545,93.56689788822986,93.4273654872982,-0.0067259694357555,-0.0608575344085693,-0.01294381036615988,-0.00040983822395124214,0.0008730270259187378,-0.0008863804986811719,-0.009560023932953854,-0.001634947747019666,-0.00312731894932039
2023-10-27,90.73,87.55,-0.0356780044496768,-0.0324235504580573,0.0,90.73,89.88109037456672,85.5247503764721,89.17117466271486,90.68761961134149,90.769150052482,90.33908380672435,90.01029530905264,90.5195893412624,90.58276397490678,-0.0094004844897666,-0.0590822510421276,-0.017330229826519883,-0.0004672135983290193,0.0004314075639237913,-0.004317874619032658,-0.007964007070768275,-0.002321779089522913,-0.0016241113336925572
2023-11-03,87.55,83.66,-0.0454490927178085,-0.0356780044496768,0.0,87.55,86.7673454530746,82.96683417176872,86.16150266048864,87.49492706224622,87.57063648402244,87.23236875270544,86.99082898806489,87.49875482282609,87.38594801532311,-0.0089797123058723,-0.0537691190838813,-0.015986585686590615,-0.0006292434804622271,0.00023568306434107456,-0.003634595402588481,-0.006407359564004622,-0.000585496065821367,-0.001875566853231092
2023-11-10,83.66,81.22,-0.0295994437559005,-0.0454490927178085,0.0,83.66,82.44486096929266,81.21459803295757,82.5790960212435,83.60043386110381,83.68128515846934,83.27583553829199,83.0305688428748,83.31735927105788,83.49124521927493,-0.0146312480074676,-0.0296659562736749,-0.013004392319299285,-0.0007122562107408914,0.00025439219692824366,-0.004602548501702053,-0.007552126711253493,-0.0041040439418571495,-0.002019187327498173
2023-11-17,81.22,79.82,-0.0173874226375639,-0.0295994437559005,0.0,81.22,80.4024450727679,77.72525831079305,80.12228601983352,81.26572255180663,80.99236509527358,80.68101112712993,80.63711385393121,80.97166636371693,80.68471268185185,-0.0101169351828122,-0.0439812429249286,-0.013607479418331625,0.0005627885613009032,-0.0028066301113274794,-0.006658276688328302,-0.007202509077433583,-0.003062226758099862,-0.006612398857086532
2023-11-24,79.82,78.72,-0.0138768468765897,-0.0173874226375639,0.0,79.82,78.9759904452527,76.61587433045243,79.07155057287659,79.84120332786961,79.62520660353313,79.05863728511285,79.2229783717278,79.64269036785184,79.21108206629793,-0.0106302117606497,-0.0409698076546192,-0.009420953601324555,0.00026560401089711916,-0.0024433910247739776,-0.009584278365145638,-0.007507711923895322,-0.0022238393797607836,-0.007657885509289031
2023-12-01,78.72,75.94,-0.0359536979403416,-0.0138768468765897,0.0,78.72,77.98983403491592,77.3815583457923,77.74336103182155,78.7657716903501,78.5598853973195,78.1300734600307,78.29880647523801,78.59611712821253,78.08027106039728,-0.0093187674341682,-0.0171487648040056,-0.012484093988717193,0.0005812803423145552,-0.0020360474906094828,-0.0075222065075686295,-0.005364892836110524,-0.0015749549334981294,-0.00815983907247575
2023-12-08,75.94,76.84,0.0117817830966997,-0.0359536979403416,0.0,75.94,75.64365811369622,73.51697318086953,75.32222301928462,75.98614759626655,75.8166779463732,75.6812636144184,75.45972239429638,75.80014567711181,75.32044344822411,-0.0039099500239502,-0.0324272476136684,-0.008168337120920688,0.0006075003995816008,-0.0016252606796829383,-0.0034129333915694504,-0.0063445191200528495,-0.0018433402955436717,-0.008191963509145417
2023-12-15,76.84,80.23,0.0431721718652087,0.0117817830966997,0.0,76.84,76.78347466941361,72.67694118701208,75.87207798893218,76.87662538337705,76.73948862529907,76.48679366371164,76.40758876549522,76.54736826322029,76.33938801233496,-0.0007358944752282,-0.0557011812925338,-0.012676600116526826,0.0004765312012124101,-0.0013089168345437052,-0.004607243817364992,-0.005643317269419801,-0.003815595705473074,-0.00653630722092069
2023-12-22,80.23,77.69,-0.0321709608032353,0.0431721718652087,0.0,80.23,79.98299818735434,77.94480100311422,79.50593621538613,80.27165055358616,80.14881670083065,79.59921215072441,79.66713423894997,79.98702979283074,79.44228930553855,-0.003083420335894,-0.0288966130465269,-0.00906582151697144,0.0005190046878324195,-0.001012394376930792,-0.00789331456817366,-0.007040377411228205,-0.0030330158253971673,-0.009866672398328724
2023-12-29,77.69,78.31,0.007948759800517,-0.0321709608032353,0.0,77.69,77.48701203529691,75.97039926717135,76.7551660287113,77.73811577499731,77.65010435715477,77.00051334945016,77.06345518367536,77.30618567833112,76.96824858461098,-0.0026162132885684,-0.0223827678710222,-0.012105854939884475,0.0006191386454686143,-0.0005136554257834103,-0.008914460254892953,-0.008097373192599289,-0.004952574858603231,-0.009333568194791475
2024-01-05,78.31,79.89,0.0199753797311041,0.007948759800517,0.0,78.31,77.87959602268765,74.78899141023308,77.37263503263651,78.36321127566072,78.24639210158088,78.0656663293463,77.6914475478009,78.19556206230493,77.58797907684269,-0.0055113154488846,-0.0460046082735061,-0.012042143231518754,0.0006792645312295176,-0.0008125877335990461,-0.0031249602348393246,-0.007930127617282734,-0.0014624139434071814,-0.00926280237685484
2024-01-12,79.89,80.71,0.0102117948423304,0.0199753797311041,0.0,79.89,80.07630308948092,77.54902201891525,78.98355146287784,79.92314076402467,79.76557437891027,79.26149767133441,79.26767001987818,79.69534019343497,79.20226207828826,0.0023292802310958,-0.02974040992558,-0.011411067036161127,0.0004147439233255501,-0.001558675877926241,-0.00789820523349305,-0.007820335039171455,-0.0024395712397184965,-0.008645828486896212
2024-01-19,80.71,83.34,0.0320661426580264,0.0102117948423304,0.0,80.71,80.56868623969947,81.24745512508545,80.0116635227851,80.76546627956654,80.49085138883775,80.31349136021535,79.97612960770603,80.50398877274999,79.86467416735933,-0.0017524175048729,0.0066370158456265,-0.008690065254502999,0.0006869933002948136,-0.0027189527137422287,-0.0049248645381433365,-0.009134273090214418,-0.002555750167272941,-0.010528853895341861
2024-01-26,83.34,79.54,-0.0466685862147627,0.0320661426580264,0.0,83.34,84.24093430378129,83.09806624146235,82.29313871653599,83.38886462048251,82.99123944877029,83.15198727418901,82.55652157827389,83.21053698361514,82.78291784642948,0.0107523327454694,-0.0029071946628391,-0.012640890966079121,0.000586156716088776,-0.0041935725783737166,-0.002258520770986039,-0.009445457194735551,-0.0015546397484456076,-0.006706892089687888
2024-02-02,79.54,83.58,0.0495442172402245,-0.0466685862147627,0.0,79.54,79.72315749982279,78.94079105608192,78.61230860902315,79.56243178526681,79.05037941704163,79.0977983030973,78.69412753681274,79.36410861963525,78.73467152402978,0.0023000621542905,-0.0075619486160576,-0.011731754525408089,0.000281979164789975,-0.006174676426010661,-0.005574999741014275,-0.010691505478104268,-0.002213806222239878,-0.01017642833395671
2024-02-09,83.58,84.88,0.0154342372859582,0.0495442172402245,0.0,83.58,83.77238643944871,83.56688369787659,82.53715987250513,83.61311927999795,83.05233418844757,83.23121581740405,82.84362982485682,83.03608501149971,82.77704656621113,0.0022991787364576,-0.000156943424372,-0.012555642391954835,0.0003961799453681969,-0.00633331553426375,-0.004181789445787398,-0.008849404155657492,-0.006528984528862969,-0.009653449443766116
2024-02-16,84.88,84.18,-0.0082811309633029,0.0154342372859582,0.0,84.88,85.24559080542629,84.11835748100108,83.57409828893341,84.88411360539843,84.38031160849353,84.35934137012899,84.35817905080371,83.67773058162636,84.36290475641091,0.0042978997628711,-0.00901366956532,-0.015504851301761047,4.846260274757319e-05,-0.005904394697492377,-0.006152946097265022,-0.006166724385642031,-0.014265614557323891,-0.006110706423905432
2024-02-23,84.18,84.82,0.0075740007040198,-0.0082811309633029,0.0,84.18,83.99486206292707,83.05212397122332,82.72327185315397,84.17874464645439,83.65114062731053,83.60712068087531,83.52303800095245,82.8490307216011,83.48254564683265,-0.0022017322873569,-0.0134889530017972,-0.017456400014011386,-1.4912840414299522e-05,-0.006302300290536578,-0.006828671270448616,-0.007834865337156716,-0.015937318734413175,-0.008319787505970844
2024-03-01,84.82,84.29,-0.0062681300370536,0.0075740007040198,0.0,84.82,84.55850979508119,81.99417878829628,83.50055158334183,84.81719221636865,84.25373126363577,84.21390214364486,83.93374027984302,82.79994513852021,84.16817191260543,-0.0030876456875127,-0.0338831096887588,-0.015678126422927985,-3.310339666576234e-05,-0.006698507798981068,-0.007171347832730324,-0.010503682666779701,-0.02410396523370828,-0.007714520048895057
2024-03-08,84.29,85.39,0.0129657639101239,-0.0062681300370536,0.0,84.29,84.35512845388303,83.83429933581301,83.15035899623278,84.3008987931131,83.69453599604563,83.69696634274932,83.1207399389103,81.73110510976737,83.39435332463374,0.0007723728247338,-0.0054210103116929,-0.013612710926584004,0.00012929278159509727,-0.0070895394567264125,-0.0070605015824029005,-0.013968985201854522,-0.030828581102469776,-0.010682632876483744
2024-03-15,85.39,84.87,-0.0061083239379291,0.0129657639101239,0.0,85.39,84.75181456630543,84.4219626427704,84.31764512265636,85.40830795311662,84.81119831410183,84.6173346694947,84.31636259180891,83.82373967033831,84.77400817699483,-0.0075018410762997,-0.0114014092832803,-0.012637841378687398,0.00021438096672207752,-0.006801408249405894,-0.009089850766118568,-0.01265305219962265,-0.018512740928230187,-0.007240009451394025
2024-03-22,84.87,86.17,0.0152014152700899,-0.0061083239379291,0.0,84.87,85.65116489821811,84.74351505352176,83.84315296377599,84.88130261063755,84.31697903862606,84.32947099811025,83.81885595947844,83.28485347249175,84.22418244966924,0.009162151375776,-0.001491449191235,-0.01217284720070877,0.00013316670305821288,-0.006537417171120441,-0.006389273412336083,-0.012462680355204148,-0.018853972404584418,-0.0076385914779111275
2024-03-29,86.17,92.81,0.074232303355626,0.0152014152700899,0.0,86.17,85.7585993123283,85.08089907710784,85.00457309013476,86.19282043202911,85.62766766745574,85.43869962913632,84.9574260417467,83.99825462995527,85.50146325070881,-0.0047857247079882,-0.0127195315435528,-0.013617033148175306,0.00026479529756182063,-0.006313637914241554,-0.008522933852049608,-0.01417182833578412,-0.025526068839050176,-0.007788599412026587
2024-04-05,92.81,93.12,0.0033345913758262,0.074232303355626,0.0,92.81,92.96474858807436,92.98086925462177,91.87935954568032,92.83692411918317,92.23930154348689,91.96300608652852,91.34139693334889,90.15454026921094,91.89792292617342,0.0016659812492542,0.0018393724458292,-0.01007798536271931,0.0002900572632666132,-0.006168088840313279,-0.0091680041803881,-0.015950291193049804,-0.029029080729657153,-0.009875964957296368
2024-04-12,93.12,87.96,-0.0570068182965674,0.0033345913758262,0.0,93.12,93.04320974519337,93.04749810156731,91.91362953018056,93.1412222834741,92.58190094657567,92.40656381553248,92.17900421264841,90.48245791071085,92.31639776137331,-0.0008249778166906,-0.0007788889342918,-0.01303965734624768,0.00022787656288039693,-0.0057953155752954455,-0.007690970893857729,-0.010156599389075316,-0.028732987306489655,-0.008667201033850436
2024-04-19,87.96,89.95,0.0223717947099818,-0.0570068182965674,0.0,87.96,89.82167614096075,87.17992485156032,86.79155217068649,87.98024204845895,87.56670738926562,87.33913372947958,87.01782411024432,84.78726043540574,87.17776419176121,0.0209441629095892,-0.0089080808684229,-0.013372873979168531,0.00023010140616600006,-0.004481292616474564,-0.007083536049301675,-0.010769193185564241,-0.03673686488902206,-0.008932865089997133
2024-04-26,89.95,83.6,-0.0732104403058862,0.0223717947099818,0.0,89.95,91.21517528717736,88.39013873610989,88.81886623747748,89.96834218536584,89.67890926667516,89.5125766424543,89.25139628067201,88.83139387650311,89.60987135911068,0.0139673185342499,-0.017493549734354,-0.012654875335092797,0.00020389455801547718,-0.0030183442102236224,-0.0048748238431629565,-0.007796895257802028,-0.01251383823176,-0.0037884750654364474
2024-05-03,83.6,83.39,-0.0025151219917618,-0.0732104403058862,0.0,83.6,86.04326923164899,83.75241960428063,82.4021753966522,83.61407972041751,83.48337700147418,83.06428428786127,83.31209509266382,81.9119793074597,83.23533445844637,0.0288067802356591,0.0018215409945696,-0.014431683078907298,0.00016840352767336086,-0.0013959858791235957,-0.0064287025794531605,-0.0034497822665986444,-0.020398272437327947,-0.004371569409871601
2024-05-10,83.39,82.24,-0.013886596392039,-0.0025151219917618,0.0,83.39,83.5750270009628,83.28818737873489,82.22581364967081,83.42467966541102,83.32260339281144,82.83662586124478,82.84632213817294,82.24799417046867,82.90247738671728,0.0022163572818534,-0.00122166716028,-0.014059110667797192,0.0004157867398744963,-0.0008085364812083773,-0.0066580931923792,-0.006541047026116353,-0.013789395735963383,-0.0058634523665608285
2024-05-17,82.24,78.92,-0.0412071205524403,-0.013886596392039,0.0,82.24,82.97276288333758,82.14458301842599,81.43685762622776,82.39489255660514,82.08988173585324,81.86959914171922,81.94866965783122,81.94268499954094,81.75980979276365,0.008870594202036,-0.0011608995264396,-0.009813834788707454,0.0018816497511669888,-0.001827036012192973,-0.004514074608496177,-0.0035487302322939063,-0.0036217622516515058,-0.005856001663613275
2024-05-24,78.92,79.41,0.0061896237527049,-0.0412071205524403,0.0,78.92,81.07339656312897,79.70851337398118,78.64564556865707,79.06437379027513,78.77588181231978,78.53620357123008,78.67632476259624,78.6463542171166,78.44430499785716,0.0269201936386958,0.0099417166784405,-0.0034824178534106354,0.001827697600733355,-0.0018277995106410483,-0.004874970692198777,-0.0030923999269447944,-0.003473407243074711,-0.0060457986466851965
2024-05-31,79.41,78.12,-0.0163781988986412,0.0061896237527049,0.0,79.41,82.59423794988875,81.17257640525702,78.72598207923734,79.58141971472041,79.24943496665698,79.16484708197228,79.10191976782919,79.09844547018042,78.81923243244208,0.0393156147106541,0.0219531562179327,-0.008651063190126207,0.0021563400270317584,-0.0020240219334179965,-0.003091954592393198,-0.00388716029112135,-0.003931083042426009,-0.007467271421095711
2024-06-07,78.12,81.49,0.0422342073236502,-0.0163781988986412,0.0,78.12,80.88656649877443,78.97023908736875,77.52131318401096,78.27325249388646,77.92781267722366,77.68093603099751,77.88382842111399,77.85929776635729,77.64267549301128,0.0348016535730237,0.0108249550685286,-0.007693198631224751,0.001959835740937124,-0.0024631863356543993,-0.005636232265392671,-0.0030277687631028727,-0.003342783050539422,-0.006128888061696591
2024-06-14,81.49,86.42,0.0587388171716588,0.0422342073236502,0.0,81.49,83.76261762857132,82.14658835275769,80.78258647064143,81.66772499695671,81.21326548508925,81.05222899871372,81.12767696838709,81.01323797085033,81.06050470026784,0.0275065042768306,0.0080250008031725,-0.008718885008762944,0.002178567606928569,-0.0034017114646305857,-0.00538656400221571,-0.004456140782812201,-0.0058677402743084195,-0.005284465895885826
2024-06-21,86.42,87.26,0.0096730371916763,0.0587388171716588,0.0,86.42,87.11261394897383,86.65445490710981,85.74224061048241,86.5909857749652,86.06305954955856,85.94002310294469,86.04570807557936,86.06063541528663,85.95964082337726,0.0079825643268487,0.0027092969976365,-0.007873537059563618,0.001976589288455441,-0.004138852370880686,-0.005569483330529146,-0.004340486189743309,-0.00416701972195449,-0.005341237154013689
2024-06-28,87.26,88.66,0.0159166616214437,0.0096730371916763,0.0,87.26,89.41218188304559,87.8275436944078,86.43771654679968,87.40671236112141,86.84401559458651,86.82860916577233,86.7570462569262,86.8579505447248,86.6837517935873,0.024364767874978,0.0064829932525753,-0.009468053032269053,0.0016799124875177401,-0.004778582453380198,-0.004956001650859798,-0.0057805273033531,-0.004618135793185096,-0.006625708696955612
2024-07-05,88.66,87.35,-0.0148857927368419,0.0159166616214437,0.0,88.66,89.49420958906043,87.57970441813963,87.5641368177699,88.80479762122093,88.18507677977888,88.10831102118111,88.19581578750837,88.27300879901556,88.06239183264735,0.0093650965420059,-0.0122595429420471,-0.01243731225783773,0.001631846487798308,-0.005371078127850926,-0.006241964601895134,-0.005249307480402143,-0.004374444550798662,-0.006763267960851138
2024-07-12,87.35,85.19,-0.0250389805253164,-0.0148857927368419,0.0,87.35,87.5747959524241,87.49401674251106,86.48687553966447,87.50746971457329,86.9102356860825,86.76422314376724,86.88084712659153,86.86524294827568,86.6691679622915,0.002570202525596,0.0016473743598908,-0.009930362019219485,0.0018011213064006298,-0.00504722429359028,-0.006728675644589677,-0.0053854299057017885,-0.0055650503892600844,-0.007824833545757803
2024-07-19,85.19,81.35,-0.0461232223897023,-0.0250389805253164,0.0,85.19,84.73493959011705,85.12066121259045,84.4452155522897,85.34542542682662,84.83459681759227,84.75174822592555,84.69837255654568,84.76671125127467,84.50231839823843,-0.0053560295368285,-0.0008142624865286,-0.008781068612011222,0.0018227939382334107,-0.004180615119117825,-0.005157681972424666,-0.005787668789769218,-0.004981146326287711,-0.008105085402455803
2024-07-26,81.35,78.35,-0.0375748648630169,-0.0461232223897023,0.0,81.35,80.73138129960145,81.13146962994553,80.61816240400262,81.50069240178406,81.07841653409956,81.03520558352449,80.87238451884373,80.92201826666864,80.79196550176434,-0.0076334702892821,-0.0026899129152297,-0.009036869537676018,0.0018506822730937483,-0.003344041945121612,-0.0038771365862008134,-0.005888421164838231,-0.005274880170497653,-0.006883309941521587
2024-08-02,78.35,81.07,0.0341270101975859,-0.0375748648630169,0.0,78.35,77.06149052530826,77.76853903350353,77.43981170161895,78.5130929274639,78.17686352646395,77.77901558856146,77.91667666114367,77.92093600904417,77.84901596429084,-0.0165822873915438,-0.0074490020051598,-0.011684957375675764,0.002079430963503867,-0.0022122278597488387,-0.007314296511406138,-0.005545961029988722,-0.0054912971035003255,-0.0064147107523165325
2024-08-09,81.07,81.56,0.0060259667066386,0.0341270101975859,0.0,81.07,80.2156378188622,79.85018103036639,80.47164356407437,81.24442443533808,81.0195857097501,80.80126429533655,80.60026094863323,80.44982093665,80.55085715559109,-0.0105944978617083,-0.0151608372107148,-0.007408110493493325,0.002149217521310434,-0.0006220546700121954,-0.003320366375470729,-0.005811091916179345,-0.007679331335608497,-0.006424228147203448
2024-08-16,81.56,80.34,-0.0150713167751182,0.0060259667066386,0.0,81.56,80.75887502911239,81.7541446220279,80.80770670648585,82.37943261365305,81.57152689833394,81.55756860308661,81.21656111759076,81.29845846981522,81.48260278476161,-0.0098710821616053,0.002377561526373,-0.009266604696825276,0.00999685584961818,0.0001413203023632459,-2.9811588468320327e-05,-0.004219764684411764,-0.003211890343134849,-0.0009494110095170649
2024-08-23,80.34,80.2,-0.0017441140586673,-0.0150713167751182,0.0,80.34,79.0997503001847,79.74614212752911,79.53016089705933,79.97229857577763,80.34858258945498,80.33965324562533,79.95600693324904,79.99405011646138,80.11944274653732,-0.0155579109237659,-0.0074192630127072,-0.010131296865190764,-0.004587322024572793,0.00010682264196781865,-4.316095631062833e-06,-0.004791058849434204,-0.004315370567336441,-0.002749073393136847
2024-08-30,80.2,72.82,-0.0965328721251816,-0.0017441140586673,0.0,80.2,80.09133193301614,79.87118695673603,79.45464986153853,80.78715578133114,80.20753040498485,80.25621427194693,79.69114677068843,79.77787789284062,79.92840147638739,-0.0013558822217208,-0.0041083409450948,-0.009337097969343677,0.007294474916270333,9.389091611067268e-05,0.0007006805501658595,-0.006365017169961407,-0.0052772682370654245,-0.003392262478846164
2024-09-06,72.82,73.68,0.0117407491997641,-0.0965328721251816,0.0,72.82,71.5604089880854,72.16443259952113,72.09935265227668,72.88092630452725,72.82803152560916,72.86455216844685,72.36459018480328,72.45719484687817,72.62169013679365,-0.017448668806089,-0.0090433415025472,-0.009945576967194336,0.00083632011990184,0.00011028677192803649,0.0006116251747023058,-0.006273548842368859,-0.004994671155892361,-0.0027270033222917545
2024-09-13,73.68,75.96,0.0304754939970335,0.0117407491997641,0.0,73.68,73.0856566182184,73.78577360905469,73.07064349953224,74.06589073020703,73.64323780575747,73.78671947230117,73.4345282416469,73.37991390322851,73.64172400873568,-0.0080992603372206,0.001434551551938,-0.008304699565319318,0.00522372034566887,-0.0004990685183560162,0.0014473705160519268,-0.00333715492408726,-0.004081146320842111,-0.0005196245480169615
2024-09-20,75.96,71.63,-0.0586929053177252,0.0304754939970335,0.0,75.96,74.94749191208797,75.5147398516035,75.36095814366983,76.08823767876112,75.86083325478928,76.28579964089096,75.55641863317418,75.68087451244455,75.84787357576842,-0.0134191254365408,-0.005879018921405,-0.007917541536130557,0.0016868029662839013,-0.0013063656309589833,0.004279922848254236,-0.00532724208926616,-0.003681405870230803,-0.0014772151401681866
2024-09-27,71.63,79.32,0.1019763230252352,-0.0586929053177252,0.0,71.63,70.95787688845301,72.32255463149716,70.95680493024749,72.32816910610174,71.47953950557586,71.857773545576,71.11297505353097,71.35493218328082,71.36005046088889,-0.0094275629084235,0.0096220588311553,-0.009442669988139363,0.009699686850736855,-0.002102732639378102,0.003174817355755477,-0.007244170262102667,-0.003847512487450855,-0.0037757852235653644
2024-10-04,79.32,80.27,0.0119056484918903,0.1019763230252352,0.0,79.32,78.94427568310704,78.76774623425722,78.71223166947092,78.99457440680047,79.09182681993913,79.52791570661995,78.85660036298937,79.04021697741837,79.29209224827889,-0.0047480711757263,-0.0069867023266851,-0.007691738837673601,-0.004111131937973522,-0.002880761398161291,0.0026177973369039265,-0.005859285908321743,-0.0035335050561053905,-0.0003518994247351248
2024-10-11,80.27,72.75,-0.0983670460918835,0.0119056484918903,0.0,80.27,79.71134700619966,80.10142029937857,79.66485473147902,80.5455232867378,80.0216598029814,80.34906270183765,79.75513666400413,80.05005753579925,80.0678974974368,-0.0069840050106618,-0.0021023666486144,-0.007567433095062359,0.0034265791099442056,-0.003098606577836449,0.0009844747801822026,-0.006434802972750453,-0.0027437939527471533,-0.0025209587097205777
2024-10-18,72.75,75.62,0.0386918924111849,-0.0983670460918835,0.0,72.75,71.61431822319108,72.95035990080062,71.97785258792594,72.78792531240343,72.52589009622329,72.58693757025283,72.28578768021532,72.53738834238102,72.52787568353257,-0.0157338768931408,0.0027503024321049,-0.01067043730050976,0.0005211743012067671,-0.0030853031622137816,-0.002243923683740101,-0.006401370481018076,-0.002926775844955154,-0.0030579259024958727
2024-10-25,75.62,73.63,-0.0266682470821614,0.0386918924111849,0.0,75.62,75.43841920105282,76.0577348788208,75.22283300316585,75.593644041118,75.39587710394142,75.64569193586618,74.99685652858821,75.44885061589629,75.43937223983812,-0.0024041147440236,0.005771922878921,-0.005265983232114246,-0.00034859234186215837,-0.0029682052629789735,0.00033969283826944946,-0.008274598757005869,-0.002265847084031547,-0.002391481489305236
2024-11-01,73.63,74.04,0.0055529363246714,-0.0266682470821614,0.0,73.63,73.09818993974496,74.13586874573865,72.69562318565241,73.7729937100543,73.44577535363366,73.79862646511366,73.16328797732525,73.49739281926755,73.34394228397346,-0.0072489463576592,0.0068469224497675,-0.012771372427166083,0.0019401743656742576,-0.0025051677241991754,0.0022875684687778675,-0.006358786586188048,-0.0018026176376751968,-0.0038926366509794974
2024-11-08,74.04,73.45,-0.0080005850854105,0.0055529363246714,0.0,74.04,73.75587694817712,73.69538209023888,73.35699176540142,75.0385726687858,73.89211306832829,74.13220622117673,73.59157715531049,73.85877005542638,73.8924123747755,-0.0038448082273324,-0.0046653486788272,-0.00926766706732196,0.013396795873416467,-0.0019993898264534238,0.0012445820364078153,-0.006074909343902868,-0.002450730796645817,-0.001995339247459149
2024-11-15,73.45,76.1,0.0354433622477538,-0.0080005850854105,0.0,73.45,72.88602154147739,73.65786233645552,73.25793981859772,73.44816873660837,73.25290407036515,73.31970643996459,73.0534003214896,73.3625518795924,73.30186883897105,-0.0077080303935797,0.0028259872924536,-0.002618267168897598,-2.4932419614043244e-05,-0.002687009496781051,-0.0017754834757564564,-0.005414217642162045,-0.0011912895679561109,-0.002018798295524482
2024-11-22,76.1,74.16,-0.0258233436100404,0.0354433622477538,0.0,76.1,76.4532518740589,74.66760723408075,75.50193091133326,76.10853470702087,75.99670919231019,76.04940425705821,75.86958398182443,76.06258089319152,76.04628801118548,0.0046312025617161,-0.01900190487504,-0.007890033955148867,0.00011214492073320648,-0.0013582256199671794,-0.0006650797622750892,-0.0030323988353863074,-0.0004918306109573667,-0.0007060571999222554
2024-11-29,74.16,73.78,-0.00513722908907,-0.0258233436100404,0.0,74.16,73.15206404531185,73.00317567780736,73.37686127459398,74.16109375278855,74.16452052119264,73.75413127415848,73.79029996115992,74.08642507725763,73.98329520568133,-0.0136845775755782,-0.0157219786196947,-0.01061627682671884,1.4748445563553259e-05,6.0954469000285005e-05,-0.00548791032985424,-0.0049976351304028555,-0.0009926030761941984,-0.002385594000409441
2024-12-06,73.78,74.89,0.014932678092746,-0.00513722908907,0.0,73.78,73.39334025089119,73.87087680434071,72.9633784039418,73.78215661135027,73.91028611908585,73.7524515948077,73.55634197318903,73.85918298447483,73.59359042999075,-0.0052544929411684,0.0012309688609093,-0.011130042595903111,2.9229870313049466e-05,0.0017643158031007133,-0.000373455537608057,-0.003036022146493511,0.0010726555168680818,-0.0025297567749913707
2024-12-13,74.89,73.19,-0.0229615706481399,0.014932678092746,0.0,74.89,74.18333958690022,73.89954883799818,73.99322774195649,74.89792123478375,75.06015698128786,74.9546789820496,74.53032747751574,74.82433013663999,74.76444107379649,-0.0094807791687135,-0.0133136473596096,-0.012046798245630153,0.00010576600203583697,0.0022695148541215793,0.0008632803848070483,-0.0048142474753307685,-0.0008772689629872321,-0.0016779850268828778
2024-12-20,73.19,73.77,0.0078933452830751,-0.0229615706481399,0.0,73.19,72.66696930129051,73.01036859300781,72.80474770430254,73.19802844929352,73.39496753805932,73.21946562084045,72.98586565214094,73.16005006969844,73.03837035746986,-0.0071718608041703,-0.0024573330301791,-0.005277630818506518,0.00010968723858939544,0.0027965715050620177,0.0004025097846416612,-0.002792998415298509,-0.0004092917044496436,-0.00207387522004826
2024-12-27,73.77,76.72,0.0392102856789718,0.0078933452830751,0.0,73.77,73.54301043399443,74.08744518568692,73.29052979884999,73.77328728112337,73.99908332111005,73.83487134317024,73.39000080111208,73.74414837356946,73.63466613938236,-0.0030817338534012,0.0042939423583447,-0.006520742183242723,4.456022614772459e-05,0.0031005606786656537,0.0008789865369165303,-0.0051644474234187054,-0.00035049691138411276,-0.00183622272194911
2025-01-03,76.72,79.76,0.0388596950784002,0.0392102856789718,0.0,76.72,76.62328071901949,76.95399777715268,76.11850362458911,76.72789002776726,76.95268276477361,76.70100954159753,76.52029744780747,76.62988508069806,76.55373803717248,-0.0012614741689744,0.0030453812796622,-0.007871046451477959,0.00010283657563216198,0.003028292841727398,-0.0002475600774130629,-0.00260639882031119,-0.001175285258641856,-0.0021694783485793345
2025-01-10,79.76,83.02,0.0400594169713096,0.0388596950784002,0.0,79.76,79.56520361217994,79.2537562189219,79.24641499626043,79.76265903858756,79.99623528124155,79.77503406987495,79.46143607363537,79.61917256551314,79.51379928688897,-0.002445268927533,-0.0063673169352114,-0.006459950559647598,3.33374406346898e-05,0.0029574489285094097,0.00018847358521716963,-0.0037503025178409755,-0.0017672004298966981,-0.0030915431201462007
2025-01-17,83.02,78.71,-0.0533113304705338,0.0400594169713096,0.0,83.02,83.36764178257101,82.80520623392114,82.40861359770534,83.02903310184723,83.29551525148842,82.73911365636388,82.80266365448196,82.88066309012099,82.8413158349664,0.0041787032343322,-0.0025906059890985,-0.007391577220024814,0.00010880041500287152,0.0033131665810133826,-0.003389094044897456,-0.002621312010993443,-0.0016797635409827039,-0.0021546221704679125
2025-01-24,78.71,77.11,-0.0205372383094894,-0.0533113304705338,0.0,78.71,78.95278480164433,80.36539713293884,77.79947911390546,78.71746075767236,79.00088591730459,78.59911241648547,78.40330796120867,78.58207019423925,78.47024179900595,0.0030798009036111,0.0208134874701499,-0.011635476186443006,9.478343412307189e-05,0.003688854392880636,-0.0014098051940839434,-0.0039040923053487164,-0.0016266533183941778,-0.00305074459999774
2025-01-31,77.11,74.68,-0.0320206551713473,-0.0205372383094894,0.0,77.11,76.50459046292556,79.65672884885342,76.2740911333616,77.11322558739792,77.42755634123462,76.94075343805603,76.73280382907764,76.99800666006684,76.96977868392158,-0.0078822287613557,0.0324935391545295,-0.010899658968826498,4.183011198354014e-05,0.0041097684694724745,-0.0021972840282971917,-0.00490366682575244,-0.0014534398578728291,-0.0018201136578299137
2025-02-07,74.68,75.19,0.0068059247164134,-0.0320206551713473,0.0,74.68,74.64317084127572,74.68187032936314,74.0535512389571,74.68661592880761,75.02634956347622,74.4096868518832,74.36859264468895,74.59682054212479,74.4775997886413,-0.000493281240461,2.5044268113560975e-05,-0.008423821797582054,8.8586445783842e-05,0.00462706067474522,-0.0036261856876250165,-0.004178607833900061,-0.0011144324508243764,-0.0027139124774607504
2025-02-14,75.19,74.88,-0.0041314112205989,0.0068059247164134,0.0,75.19,74.84667107397601,75.148126108106,74.37468764217053,74.98540433145915,75.03700336521482,75.00542034206333,74.95633038493811,75.15152213287553,74.9141190675248,-0.0045766081429028,-0.0005570628563873,-0.010902579302096482,-0.002724757706274783,-0.0020368733217682733,-0.002457861237553427,-0.0031125609678603894,-0.0005118728002582174,-0.0036758650572752405
2025-02-21,74.88,74.76,-0.0016038495819744,-0.0041314112205989,0.0,74.88,74.4815964929197,74.16431935073308,74.04518645132818,74.70851273215916,74.73338597462708,74.58857408978712,74.4518017929947,74.64933067203161,74.55666447794924,-0.005334764240678,-0.0096036689355969,-0.01121129760176287,-0.002292787592210521,-0.0019599058112260703,-0.003899499025462938,-0.005734871948759657,-0.0030852744395835074,-0.0043273988716960865
2025-02-28,74.76,72.49,-0.0308343612745757,-0.0016038495819744,0.0,74.76,74.00290922772075,74.44893490267364,73.95825625675793,74.60114424872219,74.62135185350732,74.52026172195589,74.24454961463344,74.67004361357068,74.4360363895911,-0.0101785762678448,-0.0041695297695696,-0.010782153188480859,-0.0021271370405587797,-0.001856298454735783,-0.0032119247566007036,-0.006918613462418066,-0.0012039934556760112,-0.004342797937644027
2025-03-07,72.49,71.94,-0.0076161830453085,-0.0308343612745757,0.0,72.49,72.25479747160449,72.09840161627764,71.45038063380883,72.31355263065845,72.36452496397035,72.17967308681168,72.11132326222756,72.39120478397813,71.98540423476526,-0.0032498955336274,-0.005416746251285,-0.014445389675958653,-0.0024370597746612432,-0.0017324286893114493,-0.004290151246504115,-0.005237539946087777,-0.0013638101847960327,-0.006985241808590614
2025-03-14,71.94,72.64,0.0096832960255601,-0.0076161830453085,0.0,71.94,70.91679686325806,72.20084975599426,71.28178242878167,71.76500184051277,71.8200265485167,71.8037879225908,71.50211225912942,71.84823062690839,71.54491728276135,-0.0143251235741574,0.0036193770356476,-0.009191649402113589,-0.002435520597750318,-0.0016690798160771125,-0.0018952070228342999,-0.006105446918148516,-0.001276451975960935,-0.0055069720662535016
2025-03-21,72.64,74.69,0.0278304800759373,0.0096832960255601,0.0,72.64,72.21591007640599,72.71124884242853,71.79962404279682,72.45504046534522,72.52934023765604,72.27349226478165,72.21415987910068,72.48672603289535,72.39681534819579,-0.0058553515011554,0.0009803678840398,-0.011636494425314226,-0.0025494963059650155,-0.0015245613653206425,-0.0050583076973740315,-0.005879587414160725,-0.0021122783967262304,-0.003353422772192416
2025-03-28,74.69,68.36,-0.0885583561215851,0.0278304800759373,0.0,74.69,73.93461017384779,74.38815916608792,73.47249484128531,74.50770393842893,74.58331338654465,74.47712265710088,74.23900378143202,74.58225573181049,74.07513050032746,-0.0101651581096961,-0.0040494361892342,-0.016435098034362827,-0.0024436857602431195,-0.0014294133251328,-0.0028542145698726706,-0.006056544873413228,-0.0014435942750721242,-0.00826635917849905
2025-04-04,68.36,66.83,-0.0226357767244114,-0.0885583561215851,0.0,68.36,66.69005084516455,62.033479211190034,67.89103254015546,68.18710397530079,68.26406205487508,68.01571727048189,68.0282233118333,68.32347353515394,67.7633341393485,-0.0247320791928413,-0.0971136316657066,-0.006883901032618045,-0.002532402549231594,-0.0014044079710510138,-0.005049043448553725,-0.004865190476740278,-0.0005344679173105993,-0.008766603987965027
2025-04-11,66.83,69.33,0.0367256314314203,-0.0226357767244114,0.0,66.83,66.22095299931148,65.6373155667802,66.37764006921255,66.66181454349538,66.73567418120997,66.82493089451204,66.55332516837939,66.88676486237603,66.17334896458276,-0.0091551580953004,-0.0180077124387025,-0.0067918276978327086,-0.002519788139348278,-0.0014124262846652025,-7.585362480028168e-05,-0.004148572965686825,0.000849031396240818,-0.009874283255131067
2025-04-18,69.33,66.99,-0.0343343584342229,0.0367256314314203,0.0,69.33,67.08871704035909,66.15049761129166,68.50005632517473,69.15248773725952,69.23224089686026,69.01652869463403,68.93348488514586,69.15187834741646,68.95471599036392,-0.0328618345262421,-0.0469452999532222,-0.012043145421233081,-0.00256367953616643,-0.0014110499184675218,-0.004531690744729366,-0.005735660463390468,-0.002572491837040447,-0.005427713804415424
2025-04-25,66.99,61.57,-0.0843686155970573,-0.0343343584342229,0.0,66.99,66.3364883623754,67.16626752078092,66.44018402343148,66.82803331337644,66.8984561872002,66.71616529829332,66.5803838379466,66.92922968878057,66.51784116956013,-0.0098032563429984,0.002627795562148,-0.008241300010231933,-0.0024207016304781392,-0.0013674640767694646,-0.004096072667373107,-0.006133357326133293,-0.0009075666807809579,-0.007073154577166063
2025-05-02,61.57,64.26,0.0427626147645937,-0.0843686155970573,0.0,61.57,60.64910918325414,61.73009611259816,61.22987189207899,61.4295384636678,61.49202176551111,61.52548429113783,61.35100595866616,61.615542763157464,61.14862686756773,-0.0150697914685584,0.0025968544650822,-0.005539565676519254,-0.0022839369829333878,-0.0012672999160354692,-0.0007232712241088957,-0.003563170856355269,0.000739417373352369,-0.006867332192217801
2025-05-09,64.26,65.2,0.0145221152448948,0.0427626147645937,0.0,64.26,63.77241062275849,63.54315058713373,63.66787948548565,64.0863416059017,64.18906780767306,64.3506263280256,63.95340726523401,64.1924710100601,63.973375018852174,-0.007616692244072,-0.0112181417644023,-0.00925716498038609,-0.0027060919368563363,-0.0011044408612346235,0.0014093134543074481,-0.0047825469378030006,-0.0010514238555312527,-0.004470372216860197
2025-05-16,65.2,65.41,0.003215683040514,0.0145221152448948,0.0,65.2,65.14988192034491,65.40547802181302,64.98947914941918,65.02939213534368,65.00591576707967,65.74130084258826,65.67646500687871,65.32762381717302,65.45172862756189,-0.0007689777909488,0.0031465478241443,-0.0032340713772955887,-0.0026201145449701313,-0.0029811913770672605,0.008267886795374935,0.007281173308795519,0.001955507257549116,0.0038534344964037404
2025-05-23,65.41,64.32,-0.0168045271024105,0.003215683040514,0.0,65.41,65.5280474978878,65.96975203249038,64.52886436498322,65.23854430244124,65.2247067944176,65.31689859983734,65.06603096654588,65.14666822346757,65.05618171446068,0.0018031050886504,0.008521182462573,-0.013562518739299367,-0.002624687429987338,-0.0028368162549121667,-0.0014243650985418799,-0.005272536691329877,-0.004033989794884341,-0.005423921330448667
2025-05-30,64.32,68.02,0.0559311547083385,-0.0168045271024105,0.0,64.32,64.1396115536411,63.87915116939632,63.96007300838855,64.15641789034439,64.13998594496108,64.04344938260549,64.21918778219528,64.24096775317675,64.09170973544389,-0.0028084868504036,-0.0068775895051658,-0.005611595436119332,-0.002546493757207169,-0.002802649736360685,-0.004308875253879019,-0.0015685837169884254,-0.0012294906947296624,-0.003555602608766306
2025-06-06,68.02,76.0,0.1109315607072818,0.0559311547083385,0.0,68.02,68.48153729094979,68.01414204850201,67.17407980467418,67.8385477582095,67.83208256763304,68.61773842966008,67.74111101802069,67.80265190259331,67.77386421036104,0.006762400760496,-8.612472447566688e-05,-0.01251432365030447,-0.0026711951905474818,-0.002766502340898702,0.00874929941917868,-0.00410853111310594,-0.003200471790045678,-0.0036251425736043563
2025-06-13,76.0,78.73,0.0352909369100447,0.1109315607072818,0.0,76.0,75.47618950743424,74.46300849423433,75.4286006397792,75.80265279537444,75.7838039973779,75.90175325308326,75.30409709685406,75.55408856829656,75.706567140289,-0.0069161045336291,-0.0204308684915304,-0.007546818365657737,-0.002600050949941979,-0.0028487380489411462,-0.0012935566379231878,-0.009198796643883789,-0.005884535648730815,-0.0038684314222069416
2025-06-20,78.73,69.37,-0.1265697797991659,0.0352909369100447,0.0,78.73,78.1021950802872,78.44414367541093,78.34154959855627,78.50790380705911,78.46824803417844,78.52355172839593,78.2948224422312,78.48387192779118,78.35829807960408,-0.0080061147240993,-0.0036374512128531,-0.004946168728532152,-0.002824972036208462,-0.0033302178746255073,-0.002625675387836257,-0.005542801006238718,-0.0031311266655594805,-0.004732403605467228
2025-06-27,69.37,71.03,0.0236478256125086,-0.1265697797991659,0.0,69.37,69.23784290755745,70.35155565198133,68.90511107554177,69.16732937874662,69.10943136382282,69.43312868903274,69.01915243912595,69.11272852548822,68.93725218350319,-0.0019069214225942,0.0140503989532589,-0.006724141061506872,-0.002925865060998789,-0.0037632873146934975,0.0009096148477588106,-0.005070459734279442,-0.0037155791661785953,-0.00625779518954106
2025-07-04,71.03,72.06,0.0143967823102286,0.0236478256125086,0.0,71.03,70.35016734155604,71.09318430011976,70.29649200438406,70.83131127739095,70.74004465837727,71.41928034063929,70.41125561661268,70.76266562806482,70.72199089359334,-0.0096171607519925,0.0008891484467312,-0.01038042580254439,-0.002801170392948471,-0.0040905079295402436,0.005465542665593293,-0.008749191707519977,-0.0037707830304981593,-0.004345753300660449
2025-07-11,72.06,71.06,-0.0139745147270661,0.0143967823102286,0.0,72.06,71.32188629999422,71.0442690159536,71.47971216054862,71.84287537511484,71.74723152954715,71.8495124966079,71.18854851634352,71.58064451622882,71.56134368504958,-0.010295864273271,-0.0141959153115749,-0.008085441889812861,-0.0030176574176880022,-0.004349836378682026,-0.0029252778338272334,-0.012167135282037833,-0.006674395884174511,-0.006944069814776466
2025-07-18,71.06,69.23,-0.0260902959029469,-0.0139745147270661,0.0,71.06,70.74459370011967,70.14227785501357,70.44493416111702,70.86235449451647,70.71452773176756,71.20538785795823,70.33883850219593,70.80095777328057,70.65497649724006,-0.0044484711218269,-0.0129988705739378,-0.008693261702074295,-0.0027852642941318395,-0.004873554615920428,0.002043897124390237,-0.01020047630498988,-0.0036520621135133213,-0.005716045199369635
2025-07-25,69.23,70.55,0.0188873836088888,-0.0260902959029469,0.0,69.23,69.38406765264733,68.83912017753302,68.66684119552936,69.01915280797526,68.85861994228989,68.70375148944585,68.89754283201717,68.96495913030506,68.72926458641484,0.0022229737385476,-0.00566210411489,-0.00816787288922649,-0.0030502516828446735,-0.005378878480682081,-0.007630490119256428,-0.004813780121680322,-0.0038357577776476637,-0.0072592096512793525
2025-08-01,70.55,67.17,-0.0490949590200498,0.0188873836088888,0.0,70.55,70.1737712491018,70.24330152852342,70.29446692014224,70.32470324603965,70.14517184604453,69.91519288097392,69.53789856992225,70.01242830550524,70.27842714111605,-0.005347066013911,-0.0043567265383899,-0.0036285892633470818,-0.003198543682397137,-0.005754700262323054,-0.00903870101736759,-0.014449771187470706,-0.007648904787603161,-0.003856795123415746
2025-08-08,67.17,67.3,0.001933517371909,-0.0490949590200498,0.0,67.17,67.27571200204483,67.1720441650474,66.47720997654561,66.94130892381595,66.76290380612753,67.24637963734595,66.76115700874347,66.93787269931559,66.68791205849872,0.0015725607348225,3.0432245694100857e-05,-0.01036753747408481,-0.0034104699996414523,-0.006079125233834248,0.0011364633651448353,-0.006105289767379785,-0.0034618032160452783,-0.007203011289330541
2025-08-15,67.3,68.29,0.0146031063223159,0.001933517371909,0.0,67.3,66.8149216103262,66.98941659645968,66.97959910182331,67.14939679205843,67.19793665861164,67.53522092720684,66.98852485917551,66.87850510508802,67.19059339779923,-0.007233803653006,-0.0046255909837782,-0.004772154644080817,-0.002240296714211318,-0.0015176940779164094,0.0034890166561223346,-0.004638902686801671,-0.0062826200216506145,-0.0016269781189969384
2025-08-22,68.29,67.83,-0.0067587680150098,0.0146031063223159,0.0,68.29,68.41276994829323,68.2738714038497,67.80042963976847,68.1482519478554,68.15638851418116,68.22342790853926,67.47927812611451,67.94491703120488,67.89030803143537,0.0017961593806218,-0.0002362059021834,-0.007194811176984672,-0.0020778352275775402,-0.0019584472697231348,-0.0009753193917679398,-0.01194278295004192,-0.005066009718290826,-0.005870057456075606
2025-08-29,67.83,64.92,-0.0438488323115976,-0.0067587680150098,0.0,67.83,67.57932184538912,67.58973343670803,67.416119358949,67.69974409465745,67.66873159740209,67.22601303839315,66.48325756093375,67.49899476335264,67.43316581012922,-0.0037025285640237,-0.0035484756808727,-0.006120426005508217,-0.0019221750371918311,-0.00238036883215606,-0.008944303546677523,-0.020054424995555986,-0.004891869585172376,-0.005867603734338561
2025-09-05,64.92,67.87,0.0444383680692765,-0.0438488323115976,0.0,64.92,64.5615391814453,65.44688404994147,64.3983980359428,64.78408955764014,64.74064951847083,64.75089043322859,64.53798540151344,64.63944528481105,64.52954591913476,-0.0055368778684378,0.0080831404775381,-0.008066985063755305,-0.002095700953858623,-0.0027664614758695916,-0.002608290296765056,-0.00590177123685709,-0.004330910079112765,-0.006032547463912075
2025-09-12,67.87,67.05,-0.0121555009879795,0.0444383680692765,0.0,67.87,67.37140737237326,67.57963710164063,67.43544880834436,67.74426918231646,67.66675121166423,66.88064848318206,67.54251255025544,67.46225856110837,67.71707298038862,-0.007373405767244,-0.0042873993515968,-0.006423284347559899,-0.0018542422484856408,-0.0029991709093083324,-0.014684445766401488,-0.004836895528425977,-0.006025801638034595,-0.0022557767654042965
2025-09-19,67.05,71.15,0.0593517148081739,-0.0121555009879795,0.0,67.05,66.69491858394048,66.71914460968556,66.57116540637429,66.92085927056435,66.85284986665539,67.3724633660073,66.82851408349252,67.01070472235435,66.65986017829549,-0.0053098428575111,-0.0049466723576188,-0.007167077788301612,-0.0019278934260432284,-0.0029446763231741058,0.004797769308592409,-0.003308762725535541,-0.0005862311234662299,-0.005835634385614852
2025-09-26,71.15,66.13,-0.0731678228492905,0.0593517148081739,0.0,71.15,71.1235112810779,70.66986996393095,70.60290715617279,71.01202332829575,70.9434006912875,70.36285963968949,70.11770049699423,70.79120572619563,70.69777072147764,-0.0003723633301753,-0.0067710098810493,-0.007719003034976468,-0.0019411191793416022,-0.0029079387683437763,-0.011124762517855213,-0.014615058845510842,-0.005055544458090727,-0.0063762836512887
2025-10-03,66.13,64.41,-0.0263536011277715,-0.0731678228492905,0.0,66.13,65.85770311810137,66.24551070378365,65.62762236041222,65.99282008144533,65.93996263406574,65.22834053757555,65.67790901510295,65.99661144898533,65.77639732393928,-0.0041261005651321,0.0017451979219913,-0.0076258217954437435,-0.002076552222609232,-0.0028778307088161703,-0.013728456374248021,-0.0068598729946209025,-0.002019102660215072,-0.005361430988308463
2025-10-10,64.41,61.23,-0.0506316350689361,-0.0263536011277715,0.0,64.41,63.61964950080548,64.05583121403464,64.05281390937394,64.28508662109707,64.2431712657703,63.52232191643227,63.25681550345881,63.91750357659798,64.01707283187943,-0.0123465235141296,-0.0055138347670435,-0.005560940169779788,-0.0019412305692355775,-0.0025934662332339764,-0.013877530187999643,-0.01806602376092603,-0.007675655298413742,-0.006119089775933312
2025-10-17,61.23,65.8,0.0719825728414084,-0.0506316350689361,0.0,61.23,60.63570480050679,60.89667688407605,60.6618675050246,61.10446407532814,61.09063122260484,60.65933609040306,60.552370826523045,61.1420313710686,61.15990478922117,-0.0097533577905969,-0.0054586590267717,-0.009321977270339954,-0.002052340191864746,-0.00227874621493232,-0.009363708056828846,-0.011128641401421224,-0.0014377246679453115,-0.0011454411793765107
2025-10-24,65.8,65.44,-0.0054861460367799,0.0719825728414084,0.0,65.8,65.14618008713248,64.48830045899678,65.51104041213605,65.67417647561517,65.67327261208175,66.10277129128784,65.91610707780538,65.5127627665353,66.07110983607521,-0.0099861690636802,-0.0201360192149877,-0.004401153983542544,-0.0019140422274732394,-0.001927805167518365,0.0045908333856014005,0.001762990274376014,-0.004374863273647583,0.004111745451613635
2025-10-31,65.44,63.72,-0.0266352072526438,-0.0054861460367799,0.0,65.44,65.2880446031444,66.71440301468081,64.77850816716966,65.30057540614447,65.34387769264127,65.7895946379813,64.98574582462776,65.21335134159577,65.26920023694564,-0.0023247569525533,0.0192871745675802,-0.010159808035847928,-0.0021328443182422052,-0.0014699414998608773,0.0053279973310403905,-0.006965741453246854,-0.0034694691476100104,-0.002613432871729049
2025-11-07,63.72,63.45,-0.004246290881451,-0.0266352072526438,0.0,63.72,63.59812630529952,63.52095737983603,62.92533542181257,63.58913146951382,63.6716943354068,63.59674036673645,63.78439572639169,63.52166727029493,63.6491932506017,-0.0019144757382417,-0.0031285961158573,-0.012549613533085036,-0.0020559181430559043,-0.0007583801622298714,-0.001936268104543698,0.001010094303024206,-0.0031174204893954782,-0.0011118348932794425
2025-11-14,63.45,62.78,-0.0106156427465891,-0.004246290881451,0.0,63.45,63.26194779216306,63.80343297838998,63.23294396905413,63.27970222691255,63.25235311733735,62.933682955312385,63.02762380647312,62.8617455711348,63.43649571718051,-0.0029681864919176,0.0055548031814396,-0.0034267634860298546,-0.002687576355044796,-0.003119863808634077,-0.008170673698548292,-0.006679090751490091,-0.009314393988895997,-0.00021285610882626482
2025-11-21,62.78,64.07,0.0203396842371225,-0.0106156427465891,0.0,62.78,62.41702765209143,63.330948977404795,62.36972752353624,62.61249500618199,62.62509476810766,63.33154509171774,62.748139518071866,62.22806846866305,63.713757168567504,-0.0057984342232123,0.0087375836446881,-0.006556529595656779,-0.0026716924876002413,-0.002470478746727456,0.008746996286012276,-0.0005076229558505507,-0.008830391902479695,0.01476395595593527
2025-11-28,64.07,64.42,0.0054479082521227,0.0203396842371225,0.0,64.07,64.29378560865374,63.330574425212994,63.235595979512,63.89189318728992,63.986807598389,64.02487259900713,64.05965941727924,63.35187551374248,64.58690708121406,0.0034867440892806,-0.0116080148145556,-0.01310886552728463,-0.002783749494323806,-0.0012993048144013253,-0.0007045934305442009,-0.0001614081047311977,-0.011271723738080608,0.008035477834523408
2025-12-05,64.42,62.11,-0.0365171373318411,0.0054479082521227,0.0,64.42,63.995441180790465,64.40359561873373,63.98706310471914,64.24234160898948,64.41737920458968,65.0418433332525,64.52065213282957,64.1477061328436,64.63713474645954,-0.0066122946306172,-0.0002546797622926,-0.006743219964983338,-0.002761623979465999,-4.068377402377532e-05,0.009606662467061433,0.0015612167552864764,-0.00423581134755352,0.0033649430040102457
2025-12-12,62.11,61.35,-0.0123118354142911,-0.0365171373318411,0.0,62.11,62.07241554748846,62.69600196565179,61.4735782506141,61.93636921879342,62.157813046345574,63.325513344963,61.763362692412606,61.53008713900234,62.161245713272024,-0.0006053103975054,0.0093906745314598,-0.010299546013920802,-0.002799451458263158,0.0007695162171581504,0.019381295797100462,-0.0055966545970738135,-0.009380729616299543,0.0008247397196778361
2025-12-19,61.35,63.7,0.0375893914211972,-0.0123118354142911,0.0,61.35,60.7779277981559,59.812578903081075,60.95493978784468,61.176615192955886,61.40828731053048,61.23253676725061,61.290266614955826,61.02962326143801,61.01476965765208,-0.0093684777316033,-0.0253791827708482,-0.0064602719535269415,-0.002830159349502148,0.0009496273724199922,-0.0019164763888807196,-0.0009741236123567143,-0.005235797625665228,-0.005479210755985897
