date,group,shap_abs,shap_signed,modality
2021-01-22,oil_price_basis,0.0024473409,1.9927393e-05,finance
2021-01-22,financial_macro,0.009479808,-0.00091548695,finance
2021-01-22,eia_fundamentals,0.014019595,0.003659722,finance
2021-01-22,gpr,0.00025937293,-0.00020044445,finance
2021-01-22,GFW,0.00061120605,2.9774128e-05,shipping
2021-01-22,PortWatch_chokepoint,0.0002771401,-6.263326e-05,shipping
2021-01-22,PortWatch_directional,0.0002700078,1.644233e-05,shipping
2021-01-22,SAR,0.00024550385,1.14076465e-05,shipping
2021-01-29,oil_price_basis,0.0028062167,0.0009787786,finance
2021-01-29,financial_macro,0.009575946,-0.00075296185,finance
2021-01-29,eia_fundamentals,0.012990546,0.0018019654,finance
2021-01-29,gpr,6.197215e-05,-2.5140316e-05,finance
2021-01-29,GFW,0.00072205206,0.000107520755,shipping
2021-01-29,PortWatch_chokepoint,0.00022105715,-2.0870352e-06,shipping
2021-01-29,PortWatch_directional,0.00030933972,5.833224e-05,shipping
2021-01-29,SAR,0.00024588662,-2.8761591e-05,shipping
2021-02-05,oil_price_basis,0.0049734544,0.00016473366,finance
2021-02-05,financial_macro,0.009404781,-0.0019748472,finance
2021-02-05,eia_fundamentals,0.01105828,0.001962373,finance
2021-02-05,gpr,0.00023839742,-0.00022595836,finance
2021-02-05,GFW,0.00065856363,8.952646e-05,shipping
2021-02-05,PortWatch_chokepoint,0.00023868265,-3.0520045e-05,shipping
2021-02-05,PortWatch_directional,0.00026073787,1.39894355e-05,shipping
2021-02-05,SAR,0.0002510376,-2.2523816e-05,shipping
2021-02-12,oil_price_basis,0.005659318,-0.0005182036,finance
2021-02-12,financial_macro,0.011126281,-0.0026479368,finance
2021-02-12,eia_fundamentals,0.010174904,0.0024597307,finance
2021-02-12,gpr,0.00014923238,-0.00013662396,finance
2021-02-12,GFW,0.0006856513,0.00014478584,shipping
2021-02-12,PortWatch_chokepoint,0.0002637488,3.7635546e-05,shipping
2021-02-12,PortWatch_directional,0.00026721298,-6.946918e-05,shipping
2021-02-12,SAR,0.00024688942,-2.6280455e-05,shipping
2021-02-19,oil_price_basis,0.0031997543,-0.0012395182,finance
2021-02-19,financial_macro,0.010851885,-0.003258555,finance
2021-02-19,eia_fundamentals,0.010582154,0.0031092344,finance
2021-02-19,gpr,0.000111587084,-8.161634e-05,finance
2021-02-19,GFW,0.0007471056,7.924535e-05,shipping
2021-02-19,PortWatch_chokepoint,0.00021016954,-3.8176746e-05,shipping
2021-02-19,PortWatch_directional,0.00034008545,-3.3792185e-06,shipping
2021-02-19,SAR,0.000256632,-2.232988e-05,shipping
2021-02-26,oil_price_basis,0.003797452,-0.0018107148,finance
2021-02-26,financial_macro,0.010005589,-0.0016206127,finance
2021-02-26,eia_fundamentals,0.013202919,0.0012936421,finance
2021-02-26,gpr,0.00029297813,-0.00021912545,finance
2021-02-26,GFW,0.00088895694,5.656395e-05,shipping
2021-02-26,PortWatch_chokepoint,0.00021886165,-5.920293e-05,shipping
2021-02-26,PortWatch_directional,0.00028436043,-2.0688585e-05,shipping
2021-02-26,SAR,0.00025594604,-1.6844218e-05,shipping
2021-03-05,oil_price_basis,0.0050481153,-0.0020922236,finance
2021-03-05,financial_macro,0.008845017,-0.0025611839,finance
2021-03-05,eia_fundamentals,0.011548964,0.000997771,finance
2021-03-05,gpr,0.00018525268,-0.00017712395,finance
2021-03-05,GFW,0.00086281414,0.00016011247,shipping
2021-03-05,PortWatch_chokepoint,0.00021403113,-2.3982257e-05,shipping
2021-03-05,PortWatch_directional,0.00024254597,-9.658708e-06,shipping
2021-03-05,SAR,0.00023292332,-6.84031e-05,shipping
2021-03-12,oil_price_basis,0.0036717618,-0.0005991611,finance
2021-03-12,financial_macro,0.008882669,-0.0009191128,finance
2021-03-12,eia_fundamentals,0.014018846,-0.004829895,finance
2021-03-12,gpr,0.00036766176,0.0002641902,finance
2021-03-12,GFW,0.0008067377,0.00024223485,shipping
2021-03-12,PortWatch_chokepoint,0.00021502913,-9.360567e-05,shipping
2021-03-12,PortWatch_directional,0.00022500288,-0.00010017166,shipping
2021-03-12,SAR,0.00021919185,-7.891822e-05,shipping
2021-03-19,oil_price_basis,0.004944046,-0.0017942479,finance
2021-03-19,financial_macro,0.011398902,-0.0013675429,finance
2021-03-19,eia_fundamentals,0.012916759,0.00011148717,finance
2021-03-19,gpr,0.00031101145,-6.783768e-05,finance
2021-03-19,GFW,0.00072468887,0.0002902047,shipping
2021-03-19,PortWatch_chokepoint,0.00020601804,-2.5214988e-05,shipping
2021-03-19,PortWatch_directional,0.0002185991,-4.6472174e-05,shipping
2021-03-19,SAR,0.00021726782,-1.6595479e-05,shipping
2021-03-26,oil_price_basis,0.0037788625,-0.00056086597,finance
2021-03-26,financial_macro,0.010972938,-0.00013976727,finance
2021-03-26,eia_fundamentals,0.011005264,0.0004587995,finance
2021-03-26,gpr,0.00025509103,-0.0002019205,finance
2021-03-26,GFW,0.00061265007,0.00023246178,shipping
2021-03-26,PortWatch_chokepoint,0.00018240549,-3.995882e-08,shipping
2021-03-26,PortWatch_directional,0.00020962176,6.0189022e-06,shipping
2021-03-26,SAR,0.00022952881,-2.1550295e-07,shipping
2021-04-02,oil_price_basis,0.003481885,-0.0010348852,finance
2021-04-02,financial_macro,0.0097503215,-0.0023185173,finance
2021-04-02,eia_fundamentals,0.007618257,0.00065392756,finance
2021-04-02,gpr,0.000415879,-0.0002590119,finance
2021-04-02,GFW,0.0007145243,0.00028385862,shipping
2021-04-02,PortWatch_chokepoint,0.0001809886,-3.5750247e-05,shipping
2021-04-02,PortWatch_directional,0.00019165255,2.1283236e-05,shipping
2021-04-02,SAR,0.00021950196,-2.6126188e-06,shipping
2021-04-09,oil_price_basis,0.004298454,-0.00041380626,finance
2021-04-09,financial_macro,0.01012022,-0.0017978341,finance
2021-04-09,eia_fundamentals,0.0075443224,0.0012073677,finance
2021-04-09,gpr,0.00029422416,-0.00025886262,finance
2021-04-09,GFW,0.00059956755,0.00018164513,shipping
2021-04-09,PortWatch_chokepoint,0.00028759267,-5.4798347e-06,shipping
2021-04-09,PortWatch_directional,0.00016463433,-9.603227e-07,shipping
2021-04-09,SAR,0.00023998007,2.2982053e-05,shipping
2021-04-16,oil_price_basis,0.0049060183,-0.0019004344,finance
2021-04-16,financial_macro,0.010910483,-0.0029056072,finance
2021-04-16,eia_fundamentals,0.007202578,0.0018240527,finance
2021-04-16,gpr,0.00025983187,-0.00024390643,finance
2021-04-16,GFW,0.00061428663,0.0002206852,shipping
2021-04-16,PortWatch_chokepoint,0.00040930422,2.9501318e-05,shipping
2021-04-16,PortWatch_directional,0.00023579404,-4.7718226e-05,shipping
2021-04-16,SAR,0.00022814164,-2.6036927e-05,shipping
2021-04-23,oil_price_basis,0.0046630143,-0.0020822962,finance
2021-04-23,financial_macro,0.011546551,-0.0025123714,finance
2021-04-23,eia_fundamentals,0.010165936,0.0027201436,finance
2021-04-23,gpr,0.0002696501,-0.0002696501,finance
2021-04-23,GFW,0.00028762358,3.0812538e-05,shipping
2021-04-23,PortWatch_chokepoint,0.0005500741,-0.00026052882,shipping
2021-04-23,PortWatch_directional,8.9975714e-05,-1.7939468e-05,shipping
2021-04-23,SAR,0.00017267531,6.359629e-05,shipping
2021-04-30,oil_price_basis,0.0067392504,-0.0032149085,finance
2021-04-30,financial_macro,0.013912521,-0.001567563,finance
2021-04-30,eia_fundamentals,0.011127608,0.0070175533,finance
2021-04-30,gpr,0.0009428852,-0.00053293584,finance
2021-04-30,GFW,0.00030117133,-0.000104987266,shipping
2021-04-30,PortWatch_chokepoint,0.0004908228,0.000140815,shipping
2021-04-30,PortWatch_directional,9.245665e-05,1.1785546e-05,shipping
2021-04-30,SAR,0.00016682077,-2.367455e-05,shipping
2021-05-07,oil_price_basis,0.003940594,-0.0020924066,finance
2021-05-07,financial_macro,0.011733725,-0.00075680023,finance
2021-05-07,eia_fundamentals,0.01192647,-0.002111374,finance
2021-05-07,gpr,0.00072002324,0.0006635075,finance
2021-05-07,GFW,0.00032482154,-0.000114772854,shipping
2021-05-07,PortWatch_chokepoint,0.00048182538,-0.00031365617,shipping
2021-05-07,PortWatch_directional,0.00011488739,-5.1699615e-05,shipping
2021-05-07,SAR,0.00020315389,1.3052481e-05,shipping
2021-05-14,oil_price_basis,0.0063838833,-0.0012730819,finance
2021-05-14,financial_macro,0.01461962,-0.005951709,finance
2021-05-14,eia_fundamentals,0.01281456,0.0068665557,finance
2021-05-14,gpr,0.000845042,0.0005480581,finance
2021-05-14,GFW,0.0003656046,-0.00011875921,shipping
2021-05-14,PortWatch_chokepoint,0.0005223266,8.649413e-05,shipping
2021-05-14,PortWatch_directional,0.00012592436,-2.870285e-05,shipping
2021-05-14,SAR,0.00020731923,1.8012674e-05,shipping
2021-05-21,oil_price_basis,0.004306687,-0.001724455,finance
2021-05-21,financial_macro,0.011925526,-0.0021714747,finance
2021-05-21,eia_fundamentals,0.008506016,0.0005083423,finance
2021-05-21,gpr,0.0005395056,1.8522303e-05,finance
2021-05-21,GFW,0.00038300408,-0.00012081656,shipping
2021-05-21,PortWatch_chokepoint,0.00051883137,-2.871228e-05,shipping
2021-05-21,PortWatch_directional,0.0001228639,-1.1976495e-05,shipping
2021-05-21,SAR,0.00022962716,2.7033258e-05,shipping
2021-05-28,oil_price_basis,0.0053765858,-0.0018769624,finance
2021-05-28,financial_macro,0.01136789,-0.002631821,finance
2021-05-28,eia_fundamentals,0.011761632,0.0039811707,finance
2021-05-28,gpr,0.0005457215,-0.0005457215,finance
2021-05-28,GFW,0.00027994192,-2.030744e-05,shipping
2021-05-28,PortWatch_chokepoint,0.00047227228,-8.655364e-05,shipping
2021-05-28,PortWatch_directional,0.00011961922,-4.4970024e-05,shipping
2021-05-28,SAR,0.00018860197,4.5586443e-05,shipping
2021-06-04,oil_price_basis,0.006086342,-0.0015224367,finance
2021-06-04,financial_macro,0.012197312,-0.003846143,finance
2021-06-04,eia_fundamentals,0.010410997,0.0022830286,finance
2021-06-04,gpr,0.00060251745,-1.8310457e-06,finance
2021-06-04,GFW,0.00027374958,3.5281382e-06,shipping
2021-06-04,PortWatch_chokepoint,0.0004808864,-6.522387e-05,shipping
2021-06-04,PortWatch_directional,0.000115741044,-5.5363635e-06,shipping
2021-06-04,SAR,0.00018668611,4.2008593e-05,shipping
2021-06-11,oil_price_basis,0.0064160293,-0.00042887463,finance
2021-06-11,financial_macro,0.012676617,-0.002495878,finance
2021-06-11,eia_fundamentals,0.008675481,0.0006050871,finance
2021-06-11,gpr,0.00092715776,0.0008868356,finance
2021-06-11,GFW,0.0002563096,-2.0206688e-05,shipping
2021-06-11,PortWatch_chokepoint,0.00046388325,-0.00018668258,shipping
2021-06-11,PortWatch_directional,0.00013359306,-4.1204003e-05,shipping
2021-06-11,SAR,0.00018201578,4.6162735e-05,shipping
2021-06-18,oil_price_basis,0.005387147,-0.00040716372,finance
2021-06-18,financial_macro,0.013348264,-0.00036825583,finance
2021-06-18,eia_fundamentals,0.012995643,0.0029262763,finance
2021-06-18,gpr,0.0007178989,0.0005284598,finance
2021-06-18,GFW,0.00032252574,-1.3776333e-05,shipping
2021-06-18,PortWatch_chokepoint,0.00055110187,7.1395065e-05,shipping
2021-06-18,PortWatch_directional,0.0001590509,4.3844893e-06,shipping
2021-06-18,SAR,0.00018291526,4.1723404e-05,shipping
2021-06-25,oil_price_basis,0.0077467277,-0.0026687155,finance
2021-06-25,financial_macro,0.012571071,-0.0012972269,finance
2021-06-25,eia_fundamentals,0.013219609,0.004015822,finance
2021-06-25,gpr,0.0004910184,-0.00011709839,finance
2021-06-25,GFW,0.0003680334,-1.9429037e-05,shipping
2021-06-25,PortWatch_chokepoint,0.000473362,-5.287091e-05,shipping
2021-06-25,PortWatch_directional,0.00016160514,-3.933543e-05,shipping
2021-06-25,SAR,0.00018577032,5.0317904e-05,shipping
2021-07-02,oil_price_basis,0.006112863,-0.0016127137,finance
2021-07-02,financial_macro,0.011622623,-0.0011239271,finance
2021-07-02,eia_fundamentals,0.012677886,0.0029788483,finance
2021-07-02,gpr,0.00017784374,-2.5879865e-05,finance
2021-07-02,GFW,0.00036218736,4.561329e-05,shipping
2021-07-02,PortWatch_chokepoint,0.00054949615,9.2196235e-05,shipping
2021-07-02,PortWatch_directional,0.0001598214,-4.094997e-05,shipping
2021-07-02,SAR,0.0001988366,-3.8496644e-05,shipping
2021-07-09,oil_price_basis,0.00630539,-0.001189156,finance
2021-07-09,financial_macro,0.012386476,-0.003860818,finance
2021-07-09,eia_fundamentals,0.0110786315,0.0028040947,finance
2021-07-09,gpr,0.0002176593,0.00019695362,finance
2021-07-09,GFW,0.00031817032,8.870559e-05,shipping
2021-07-09,PortWatch_chokepoint,0.0005663357,-0.00012189041,shipping
2021-07-09,PortWatch_directional,0.0001430816,-6.191524e-05,shipping
2021-07-09,SAR,0.00016823263,-1.3164312e-05,shipping
2021-07-16,oil_price_basis,0.0049817944,-0.0019098653,finance
2021-07-16,financial_macro,0.010110887,4.120697e-05,finance
2021-07-16,eia_fundamentals,0.013513198,-0.001666776,finance
2021-07-16,gpr,0.0004378582,5.46558e-05,finance
2021-07-16,GFW,0.00039394468,6.7069086e-05,shipping
2021-07-16,PortWatch_chokepoint,0.00063498993,-4.238747e-05,shipping
2021-07-16,PortWatch_directional,0.00015548395,-6.175564e-05,shipping
2021-07-16,SAR,0.0002149015,-3.250888e-05,shipping
2021-07-23,oil_price_basis,0.0036522425,-0.0006184841,finance
2021-07-23,financial_macro,0.008488726,0.0020109033,finance
2021-07-23,eia_fundamentals,0.007909595,0.005136709,finance
2021-07-23,gpr,0.00040470733,-0.00037265368,finance
2021-07-23,GFW,0.0002104762,-2.3849274e-05,shipping
2021-07-23,PortWatch_chokepoint,0.00017831009,-2.4361292e-05,shipping
2021-07-23,PortWatch_directional,0.0001545229,1.1666878e-06,shipping
2021-07-23,SAR,0.00020197341,1.5715012e-05,shipping
2021-07-30,oil_price_basis,0.0043466594,-0.0007656494,finance
2021-07-30,financial_macro,0.007885581,0.0015273282,finance
2021-07-30,eia_fundamentals,0.009097047,0.0070376648,finance
2021-07-30,gpr,0.0003327782,-0.00016314452,finance
2021-07-30,GFW,0.00019546864,-1.083681e-05,shipping
2021-07-30,PortWatch_chokepoint,0.00023031341,2.890918e-06,shipping
2021-07-30,PortWatch_directional,0.00014224015,-3.798137e-05,shipping
2021-07-30,SAR,0.00015219433,4.257942e-05,shipping
2021-08-06,oil_price_basis,0.0041347416,-0.0005667553,finance
2021-08-06,financial_macro,0.007253704,0.001456902,finance
2021-08-06,eia_fundamentals,0.008630599,0.004918605,finance
2021-08-06,gpr,0.00043786777,-0.0003895864,finance
2021-08-06,GFW,0.0002222673,-3.078724e-05,shipping
2021-08-06,PortWatch_chokepoint,0.00022981306,-2.181599e-05,shipping
2021-08-06,PortWatch_directional,0.00013957573,-7.4394957e-06,shipping
2021-08-06,SAR,0.0001426248,3.6435165e-05,shipping
2021-08-13,oil_price_basis,0.0036789717,3.511252e-05,finance
2021-08-13,financial_macro,0.008310365,0.0012560082,finance
2021-08-13,eia_fundamentals,0.007457544,0.0043680724,finance
2021-08-13,gpr,0.00024899538,-0.00016699855,finance
2021-08-13,GFW,0.00018436479,-1.726462e-05,shipping
2021-08-13,PortWatch_chokepoint,0.00021792484,-4.5772988e-05,shipping
2021-08-13,PortWatch_directional,0.00014339603,1.0976141e-05,shipping
2021-08-13,SAR,0.00012409312,3.6692454e-05,shipping
2021-08-20,oil_price_basis,0.0040088454,-0.00054229435,finance
2021-08-20,financial_macro,0.007918033,0.0006302453,finance
2021-08-20,eia_fundamentals,0.00826605,0.004944749,finance
2021-08-20,gpr,0.00024778245,-0.00024778245,finance
2021-08-20,GFW,0.00021157965,-2.6305785e-05,shipping
2021-08-20,PortWatch_chokepoint,0.00021070853,-3.1636497e-05,shipping
2021-08-20,PortWatch_directional,0.00013951276,-1.2889952e-05,shipping
2021-08-20,SAR,0.00012766593,3.1479867e-05,shipping
2021-08-27,oil_price_basis,0.0058547948,-0.0011596407,finance
2021-08-27,financial_macro,0.009080926,0.0012426287,finance
2021-08-27,eia_fundamentals,0.009492893,0.0059857354,finance
2021-08-27,gpr,4.168795e-05,6.766938e-06,finance
2021-08-27,GFW,0.00020871007,-9.650228e-06,shipping
2021-08-27,PortWatch_chokepoint,0.00021217423,-8.596159e-06,shipping
2021-08-27,PortWatch_directional,0.00014007534,-3.73831e-05,shipping
2021-08-27,SAR,0.00012527396,3.2560136e-05,shipping
2021-09-03,oil_price_basis,0.003101088,-3.3979362e-05,finance
2021-09-03,financial_macro,0.008552886,0.0018974629,finance
2021-09-03,eia_fundamentals,0.007890353,0.0050547454,finance
2021-09-03,gpr,0.0002278286,0.00020609226,finance
2021-09-03,GFW,0.00022799693,-1.3913743e-05,shipping
2021-09-03,PortWatch_chokepoint,0.00018864174,-4.0935924e-05,shipping
2021-09-03,PortWatch_directional,0.00011882992,-2.309203e-05,shipping
2021-09-03,SAR,0.00012299081,3.8477912e-05,shipping
2021-09-10,oil_price_basis,0.0031336583,0.0003421188,finance
2021-09-10,financial_macro,0.007924496,0.00086400844,finance
2021-09-10,eia_fundamentals,0.009477282,0.004136888,finance
2021-09-10,gpr,0.00022595178,0.00020646284,finance
2021-09-10,GFW,0.00021252468,2.6371097e-05,shipping
2021-09-10,PortWatch_chokepoint,0.00020561279,-3.6233523e-05,shipping
2021-09-10,PortWatch_directional,0.00013464638,1.7141057e-05,shipping
2021-09-10,SAR,0.0001418076,3.7088357e-05,shipping
2021-09-17,oil_price_basis,0.0035235358,-0.00067107775,finance
2021-09-17,financial_macro,0.007334078,0.0018961225,finance
2021-09-17,eia_fundamentals,0.008774082,0.0050852103,finance
2021-09-17,gpr,7.740338e-05,7.740338e-05,finance
2021-09-17,GFW,0.00019985261,3.6840306e-06,shipping
2021-09-17,PortWatch_chokepoint,0.0002219868,-3.6511225e-05,shipping
2021-09-17,PortWatch_directional,0.00013307807,1.1692216e-05,shipping
2021-09-17,SAR,0.000110607434,1.7591197e-05,shipping
2021-09-24,oil_price_basis,0.0034106462,-0.0005184001,finance
2021-09-24,financial_macro,0.006043976,0.002347528,finance
2021-09-24,eia_fundamentals,0.008667337,0.0071845073,finance
2021-09-24,gpr,0.000114314134,0.00010112338,finance
2021-09-24,GFW,0.00019400961,8.549932e-06,shipping
2021-09-24,PortWatch_chokepoint,0.00017616936,-4.4969278e-05,shipping
2021-09-24,PortWatch_directional,0.00012915701,-9.758823e-06,shipping
2021-09-24,SAR,0.00012621011,1.9059642e-05,shipping
2021-10-01,oil_price_basis,0.003622063,-0.0012796384,finance
2021-10-01,financial_macro,0.007274579,0.0023902317,finance
2021-10-01,eia_fundamentals,0.007991163,0.0049311975,finance
2021-10-01,gpr,0.00015240064,-2.3413646e-05,finance
2021-10-01,GFW,0.00022525128,-3.81886e-05,shipping
2021-10-01,PortWatch_chokepoint,0.00021237765,-2.6543688e-05,shipping
2021-10-01,PortWatch_directional,0.00016619326,-2.4445922e-05,shipping
2021-10-01,SAR,0.0001233545,3.0944924e-05,shipping
2021-10-08,oil_price_basis,0.004713224,-0.0004188317,finance
2021-10-08,financial_macro,0.0069209337,0.0025707758,finance
2021-10-08,eia_fundamentals,0.00791485,0.0054937876,finance
2021-10-08,gpr,0.00019248328,-0.0001886496,finance
2021-10-08,GFW,0.00020812814,-1.5527376e-05,shipping
2021-10-08,PortWatch_chokepoint,0.00019776792,-5.0755545e-05,shipping
2021-10-08,PortWatch_directional,0.00016947334,-1.1583699e-05,shipping
2021-10-08,SAR,0.00012995506,4.4477078e-05,shipping
2021-10-15,oil_price_basis,0.004869363,-0.0018399289,finance
2021-10-15,financial_macro,0.007758319,0.0037108487,finance
2021-10-15,eia_fundamentals,0.00868263,0.004021541,finance
2021-10-15,gpr,0.0001681176,7.7542456e-05,finance
2021-10-15,GFW,0.00022131192,-9.608283e-06,shipping
2021-10-15,PortWatch_chokepoint,0.00024310469,-5.5933226e-05,shipping
2021-10-15,PortWatch_directional,0.00018856347,-3.3718792e-05,shipping
2021-10-15,SAR,0.00014813243,1.9199008e-05,shipping
2021-10-22,oil_price_basis,0.003958311,-0.0010223895,finance
2021-10-22,financial_macro,0.006565118,0.0025046424,finance
2021-10-22,eia_fundamentals,0.008359654,0.004625704,finance
2021-10-22,gpr,0.00014869805,1.5947764e-05,finance
2021-10-22,GFW,0.00029689117,-1.18209155e-05,shipping
2021-10-22,PortWatch_chokepoint,0.00024818385,1.1987862e-05,shipping
2021-10-22,PortWatch_directional,0.000110737485,-1.7871875e-05,shipping
2021-10-22,SAR,0.00019884427,7.764403e-06,shipping
2021-10-29,oil_price_basis,0.0046834624,-0.0005755893,finance
2021-10-29,financial_macro,0.0068153897,0.0032431222,finance
2021-10-29,eia_fundamentals,0.008761049,0.005317446,finance
2021-10-29,gpr,0.00020814237,-3.3072174e-05,finance
2021-10-29,GFW,0.00020882861,3.9166003e-05,shipping
2021-10-29,PortWatch_chokepoint,0.00034935988,6.498516e-05,shipping
2021-10-29,PortWatch_directional,0.00011478196,2.756636e-05,shipping
2021-10-29,SAR,0.00022063027,-5.9835114e-05,shipping
2021-11-05,oil_price_basis,0.0041873483,-0.0010023039,finance
2021-11-05,financial_macro,0.007034163,0.0025052105,finance
2021-11-05,eia_fundamentals,0.008838031,0.0052418583,finance
2021-11-05,gpr,0.000111660236,0.000111660236,finance
2021-11-05,GFW,0.00021366545,3.447708e-05,shipping
2021-11-05,PortWatch_chokepoint,0.0002585295,-2.1838036e-05,shipping
2021-11-05,PortWatch_directional,0.0001112014,-1.444944e-05,shipping
2021-11-05,SAR,0.00022741906,-5.053729e-05,shipping
2021-11-12,oil_price_basis,0.0043305815,-0.0004026958,finance
2021-11-12,financial_macro,0.0058593643,0.0018427754,finance
2021-11-12,eia_fundamentals,0.0074171396,0.00513979,finance
2021-11-12,gpr,6.110401e-05,4.7583704e-05,finance
2021-11-12,GFW,0.00019619186,3.471057e-05,shipping
2021-11-12,PortWatch_chokepoint,0.00034125778,-7.3118325e-05,shipping
2021-11-12,PortWatch_directional,9.6201e-05,-2.7141667e-05,shipping
2021-11-12,SAR,0.00020406977,-2.3391563e-05,shipping
2021-11-19,oil_price_basis,0.004351619,-0.001061258,finance
2021-11-19,financial_macro,0.006346243,0.00431889,finance
2021-11-19,eia_fundamentals,0.0086501455,0.005038153,finance
2021-11-19,gpr,3.4881145e-05,3.4881145e-05,finance
2021-11-19,GFW,0.00021506508,5.5726392e-05,shipping
2021-11-19,PortWatch_chokepoint,0.00026758472,-2.5799485e-05,shipping
2021-11-19,PortWatch_directional,0.00010405499,-5.3412527e-06,shipping
2021-11-19,SAR,0.0002032088,-3.509063e-05,shipping
2021-11-26,oil_price_basis,0.0072070714,0.0010406177,finance
2021-11-26,financial_macro,0.0059764795,0.002319896,finance
2021-11-26,eia_fundamentals,0.007690164,0.0058724475,finance
2021-11-26,gpr,0.00050899386,0.00044742462,finance
2021-11-26,GFW,0.00022098835,3.3630688e-05,shipping
2021-11-26,PortWatch_chokepoint,0.00027407904,-4.866619e-05,shipping
2021-11-26,PortWatch_directional,0.0001256424,-5.349126e-06,shipping
2021-11-26,SAR,0.00019641202,-2.9884914e-05,shipping
2021-12-03,oil_price_basis,0.0046012695,-0.0023031584,finance
2021-12-03,financial_macro,0.007950058,0.002319697,finance
2021-12-03,eia_fundamentals,0.009291185,0.0067851003,finance
2021-12-03,gpr,0.00018142593,0.000115317045,finance
2021-12-03,GFW,0.00025745618,3.1183692e-05,shipping
2021-12-03,PortWatch_chokepoint,0.00037920685,-5.8099526e-05,shipping
2021-12-03,PortWatch_directional,0.000109524706,-1.1940142e-06,shipping
2021-12-03,SAR,0.0002565337,6.343974e-05,shipping
2021-12-10,oil_price_basis,0.0048118387,-0.00059890596,finance
2021-12-10,financial_macro,0.007970754,0.0030528517,finance
2021-12-10,eia_fundamentals,0.008123215,0.0045042764,finance
2021-12-10,gpr,3.902517e-05,-2.7820528e-05,finance
2021-12-10,GFW,0.00026934795,2.8222661e-05,shipping
2021-12-10,PortWatch_chokepoint,0.00040564412,1.1681297e-05,shipping
2021-12-10,PortWatch_directional,9.55695e-05,3.3258987e-06,shipping
2021-12-10,SAR,0.00023430969,4.814227e-05,shipping
2021-12-17,oil_price_basis,0.0029647476,0.00021333466,finance
2021-12-17,financial_macro,0.007676216,0.0038202198,finance
2021-12-17,eia_fundamentals,0.008994925,0.0046803444,finance
2021-12-17,gpr,0.00015458881,0.00010536259,finance
2021-12-17,GFW,0.00020406205,4.576494e-05,shipping
2021-12-17,PortWatch_chokepoint,0.00033260888,-0.00016139701,shipping
2021-12-17,PortWatch_directional,0.00011802122,3.6512017e-06,shipping
2021-12-17,SAR,0.00024897346,3.672064e-05,shipping
2021-12-24,oil_price_basis,0.0045035463,-0.00086755614,finance
2021-12-24,financial_macro,0.0067681796,0.0024783118,finance
2021-12-24,eia_fundamentals,0.007358858,0.0049678553,finance
2021-12-24,gpr,0.00045941985,0.00045941985,finance
2021-12-24,GFW,0.00021003858,3.802053e-05,shipping
2021-12-24,PortWatch_chokepoint,0.0003026139,-4.6691384e-05,shipping
2021-12-24,PortWatch_directional,0.00011875925,-2.462601e-05,shipping
2021-12-24,SAR,0.00024934157,5.0928644e-05,shipping
2021-12-31,oil_price_basis,0.0040389625,-0.0005605341,finance
2021-12-31,financial_macro,0.0066090142,0.0046328823,finance
2021-12-31,eia_fundamentals,0.008198864,0.0044798083,finance
2021-12-31,gpr,0.00018168398,0.00012097927,finance
2021-12-31,GFW,0.00037380515,1.0177977e-05,shipping
2021-12-31,PortWatch_chokepoint,0.00025737344,-1.7956794e-05,shipping
2021-12-31,PortWatch_directional,0.0001346341,-2.1218757e-05,shipping
2021-12-31,SAR,0.00023118834,-2.4606587e-05,shipping
2022-01-07,oil_price_basis,0.0051814606,-0.0018661432,finance
2022-01-07,financial_macro,0.006238183,0.0029491086,finance
2022-01-07,eia_fundamentals,0.009941064,0.004816309,finance
2022-01-07,gpr,0.00026595205,8.415033e-05,finance
2022-01-07,GFW,0.0003606692,8.2297765e-06,shipping
2022-01-07,PortWatch_chokepoint,0.00027900026,-6.8678906e-05,shipping
2022-01-07,PortWatch_directional,0.00016339411,0.000103820654,shipping
2022-01-07,SAR,0.00024091586,-1.386943e-05,shipping
2022-01-14,oil_price_basis,0.0059879133,-0.0013083476,finance
2022-01-14,financial_macro,0.006419857,0.004073034,finance
2022-01-14,eia_fundamentals,0.009171657,0.0063376683,finance
2022-01-14,gpr,0.00021072659,-0.00021072659,finance
2022-01-14,GFW,0.0003367052,5.0190614e-05,shipping
2022-01-14,PortWatch_chokepoint,0.00026899873,-1.2885394e-06,shipping
2022-01-14,PortWatch_directional,0.00015000397,4.3124834e-05,shipping
2022-01-14,SAR,0.00023388471,-6.881167e-05,shipping
2022-01-21,oil_price_basis,0.0043549472,-0.0017394229,finance
2022-01-21,financial_macro,0.0055078943,0.0031899714,finance
2022-01-21,eia_fundamentals,0.007739245,0.006029672,finance
2022-01-21,gpr,0.00013089023,4.4207016e-05,finance
2022-01-21,GFW,0.00030634468,8.288042e-05,shipping
2022-01-21,PortWatch_chokepoint,0.00017699973,-4.9678838e-05,shipping
2022-01-21,PortWatch_directional,0.000118978045,-1.8550703e-05,shipping
2022-01-21,SAR,0.00020989888,-1.1371225e-05,shipping
2022-01-28,oil_price_basis,0.0050393427,-0.0024844261,finance
2022-01-28,financial_macro,0.0076718708,0.003612438,finance
2022-01-28,eia_fundamentals,0.007778955,0.0044828737,finance
2022-01-28,gpr,0.00047479838,0.00047479838,finance
2022-01-28,GFW,0.00029091016,-3.336807e-05,shipping
2022-01-28,PortWatch_chokepoint,0.00012179462,-8.371101e-06,shipping
2022-01-28,PortWatch_directional,9.35285e-05,-3.57164e-05,shipping
2022-01-28,SAR,0.00016456313,2.8934077e-05,shipping
2022-02-04,oil_price_basis,0.007898295,-0.0032174606,finance
2022-02-04,financial_macro,0.007450953,0.0042461595,finance
2022-02-04,eia_fundamentals,0.009270941,0.0070181177,finance
2022-02-04,gpr,0.0012490135,0.0012490135,finance
2022-02-04,GFW,0.00036301767,4.6368637e-06,shipping
2022-02-04,PortWatch_chokepoint,0.0001283687,-1.937187e-05,shipping
2022-02-04,PortWatch_directional,9.094414e-05,-2.8479995e-05,shipping
2022-02-04,SAR,0.00018126529,1.9596884e-05,shipping
2022-02-11,oil_price_basis,0.00695216,-0.0016149452,finance
2022-02-11,financial_macro,0.007227083,0.004640147,finance
2022-02-11,eia_fundamentals,0.009356018,0.0050367867,finance
2022-02-11,gpr,0.0005601692,0.00033167287,finance
2022-02-11,GFW,0.00042755657,6.8747804e-06,shipping
2022-02-11,PortWatch_chokepoint,0.00014552946,4.78879e-07,shipping
2022-02-11,PortWatch_directional,8.885003e-05,9.3419766e-07,shipping
2022-02-11,SAR,0.00015024422,1.43293555e-05,shipping
2022-02-18,oil_price_basis,0.007683425,-0.0042203804,finance
2022-02-18,financial_macro,0.006933287,0.0049192985,finance
2022-02-18,eia_fundamentals,0.009998689,0.006402838,finance
2022-02-18,gpr,0.0011673569,0.0010526921,finance
2022-02-18,GFW,0.0005003748,0.00014495433,shipping
2022-02-18,PortWatch_chokepoint,0.00016647294,-1.3294563e-05,shipping
2022-02-18,PortWatch_directional,0.000105803505,-1.1370833e-05,shipping
2022-02-18,SAR,0.00016931909,4.124996e-06,shipping
2022-02-25,oil_price_basis,0.005209363,-0.0033500337,finance
2022-02-25,financial_macro,0.0069916034,0.0043876003,finance
2022-02-25,eia_fundamentals,0.0089417575,0.00527975,finance
2022-02-25,gpr,0.00067598996,0.00029249492,finance
2022-02-25,GFW,0.00034608287,-1.971628e-05,shipping
2022-02-25,PortWatch_chokepoint,0.00019436271,5.7403868e-06,shipping
2022-02-25,PortWatch_directional,9.883661e-05,-7.5475205e-06,shipping
2022-02-25,SAR,0.00013068598,8.4724e-06,shipping
2022-03-04,oil_price_basis,0.008781476,-0.002646687,finance
2022-03-04,financial_macro,0.0071399463,0.0018266204,finance
2022-03-04,eia_fundamentals,0.0094705075,0.0038558189,finance
2022-03-04,gpr,0.0008750699,-0.00015529848,finance
2022-03-04,GFW,0.0003289925,-2.379408e-05,shipping
2022-03-04,PortWatch_chokepoint,0.00020104587,-3.4021097e-05,shipping
2022-03-04,PortWatch_directional,0.00011289088,-2.3022443e-05,shipping
2022-03-04,SAR,0.00020401049,-4.8491875e-06,shipping
2022-03-11,oil_price_basis,0.013336382,-0.0021784445,finance
2022-03-11,financial_macro,0.006435668,0.0038652192,finance
2022-03-11,eia_fundamentals,0.009005514,0.006904577,finance
2022-03-11,gpr,0.0038900385,-0.00036393153,finance
2022-03-11,GFW,0.00033980637,3.791187e-05,shipping
2022-03-11,PortWatch_chokepoint,0.00019205362,-2.1236128e-05,shipping
2022-03-11,PortWatch_directional,0.00013902309,-4.054795e-05,shipping
2022-03-11,SAR,0.0002974451,1.8404673e-05,shipping
2022-03-18,oil_price_basis,0.0106606195,-0.005947614,finance
2022-03-18,financial_macro,0.0068181604,0.0024088384,finance
2022-03-18,eia_fundamentals,0.009091046,0.00402417,finance
2022-03-18,gpr,0.0028167584,0.0026859292,finance
2022-03-18,GFW,0.00030711148,2.2058668e-06,shipping
2022-03-18,PortWatch_chokepoint,0.00019920927,-2.3354183e-05,shipping
2022-03-18,PortWatch_directional,0.00012186684,1.6831975e-06,shipping
2022-03-18,SAR,0.00026362945,1.084898e-05,shipping
2022-03-25,oil_price_basis,0.009010427,-0.0041200533,finance
2022-03-25,financial_macro,0.0074271434,0.0034690588,finance
2022-03-25,eia_fundamentals,0.009638258,0.0039663557,finance
2022-03-25,gpr,0.0013720441,0.0006850091,finance
2022-03-25,GFW,0.00033606484,8.0567625e-05,shipping
2022-03-25,PortWatch_chokepoint,0.00020907445,-5.6785353e-05,shipping
2022-03-25,PortWatch_directional,0.0001368052,-2.7466456e-05,shipping
2022-03-25,SAR,0.0003458251,3.4640407e-06,shipping
2022-04-01,oil_price_basis,0.009844385,-0.004450615,finance
2022-04-01,financial_macro,0.006076201,0.0017520582,finance
2022-04-01,eia_fundamentals,0.008996196,0.005915413,finance
2022-04-01,gpr,0.002279038,0.0012561225,finance
2022-04-01,GFW,0.00035239925,4.7158777e-05,shipping
2022-04-01,PortWatch_chokepoint,0.0002043875,-2.6768636e-05,shipping
2022-04-01,PortWatch_directional,0.00018436326,1.5794754e-05,shipping
2022-04-01,SAR,0.0003327675,4.694747e-05,shipping
2022-04-08,oil_price_basis,0.0083636595,-0.0027504154,finance
2022-04-08,financial_macro,0.008008545,0.0035752505,finance
2022-04-08,eia_fundamentals,0.012134899,0.0025984119,finance
2022-04-08,gpr,0.0013484143,0.0013484143,finance
2022-04-08,GFW,0.00031583424,-3.1556734e-05,shipping
2022-04-08,PortWatch_chokepoint,0.00019916377,2.068264e-05,shipping
2022-04-08,PortWatch_directional,0.0001540808,-3.3130644e-05,shipping
2022-04-08,SAR,0.0003188577,4.3354514e-05,shipping
2022-04-15,oil_price_basis,0.009568305,-0.0045358515,finance
2022-04-15,financial_macro,0.007822992,0.0049070404,finance
2022-04-15,eia_fundamentals,0.01202974,0.0047703246,finance
2022-04-15,gpr,0.0012636773,0.0012510678,finance
2022-04-15,GFW,0.00034131348,1.8311473e-05,shipping
2022-04-15,PortWatch_chokepoint,0.00017532283,-3.0547984e-05,shipping
2022-04-15,PortWatch_directional,0.00014358807,3.630943e-05,shipping
2022-04-15,SAR,0.00024069854,5.9649716e-05,shipping
2022-04-22,oil_price_basis,0.0048074913,-0.00067303015,finance
2022-04-22,financial_macro,0.0065976395,0.0023428588,finance
2022-04-22,eia_fundamentals,0.0070920703,0.0015154154,finance
2022-04-22,gpr,0.00020717911,2.805607e-05,finance
2022-04-22,GFW,0.00028825473,8.179908e-05,shipping
2022-04-22,PortWatch_chokepoint,0.00021947581,-3.2816664e-05,shipping
2022-04-22,PortWatch_directional,0.00020384959,-3.2666023e-05,shipping
2022-04-22,SAR,0.0002566717,1.1773418e-05,shipping
2022-04-29,oil_price_basis,0.0036414773,-0.0015442945,finance
2022-04-29,financial_macro,0.0070963954,0.0014555242,finance
2022-04-29,eia_fundamentals,0.0061620735,0.0016065296,finance
2022-04-29,gpr,0.0004289998,-2.9366412e-05,finance
2022-04-29,GFW,0.00032498277,-3.057899e-05,shipping
2022-04-29,PortWatch_chokepoint,0.00026351653,2.3355256e-08,shipping
2022-04-29,PortWatch_directional,0.0002466724,0.00014291974,shipping
2022-04-29,SAR,0.00023793837,2.7878532e-05,shipping
2022-05-06,oil_price_basis,0.0044674403,-0.00087263633,finance
2022-05-06,financial_macro,0.0069242218,0.0026992443,finance
2022-05-06,eia_fundamentals,0.0058574993,0.0014082297,finance
2022-05-06,gpr,0.00027455547,0.00027455547,finance
2022-05-06,GFW,0.00030217692,-2.3745288e-05,shipping
2022-05-06,PortWatch_chokepoint,0.0002609514,-8.883423e-05,shipping
2022-05-06,PortWatch_directional,0.0002308156,5.9228555e-06,shipping
2022-05-06,SAR,0.0002281151,5.6565448e-05,shipping
2022-05-13,oil_price_basis,0.0060392558,-0.0007814693,finance
2022-05-13,financial_macro,0.010506795,0.0013727405,finance
2022-05-13,eia_fundamentals,0.007511042,0.0015924581,finance
2022-05-13,gpr,0.0006384002,0.00021047065,finance
2022-05-13,GFW,0.0003549588,-7.904176e-05,shipping
2022-05-13,PortWatch_chokepoint,0.00022373436,-6.814177e-05,shipping
2022-05-13,PortWatch_directional,0.00016024607,2.6519889e-05,shipping
2022-05-13,SAR,0.00023766041,5.5267905e-05,shipping
2022-05-20,oil_price_basis,0.008635938,-0.0022265147,finance
2022-05-20,financial_macro,0.011233467,0.00073634356,finance
2022-05-20,eia_fundamentals,0.009549647,0.0035035834,finance
2022-05-20,gpr,0.0005637789,-1.9258412e-05,finance
2022-05-20,GFW,0.00037883088,-1.6524018e-05,shipping
2022-05-20,PortWatch_chokepoint,0.00027603144,-5.5209108e-05,shipping
2022-05-20,PortWatch_directional,0.00015108768,6.5630506e-05,shipping
2022-05-20,SAR,0.00024626002,4.8806174e-05,shipping
2022-05-27,oil_price_basis,0.0054518976,-0.0014968301,finance
2022-05-27,financial_macro,0.008307026,0.0012573437,finance
2022-05-27,eia_fundamentals,0.006508429,0.0022243198,finance
2022-05-27,gpr,0.00013832093,-5.428954e-05,finance
2022-05-27,GFW,0.00042346364,3.2249636e-07,shipping
2022-05-27,PortWatch_chokepoint,0.00025211883,-5.390916e-05,shipping
2022-05-27,PortWatch_directional,0.00019289927,8.962483e-05,shipping
2022-05-27,SAR,0.00024771804,4.433611e-05,shipping
2022-06-03,oil_price_basis,0.00557331,-0.0024710628,finance
2022-06-03,financial_macro,0.008490151,0.0021746587,finance
2022-06-03,eia_fundamentals,0.00786234,0.0024010139,finance
2022-06-03,gpr,0.00033297218,0.00031403606,finance
2022-06-03,GFW,0.0002784743,2.7981758e-05,shipping
2022-06-03,PortWatch_chokepoint,0.0002877015,4.665206e-06,shipping
2022-06-03,PortWatch_directional,0.00017866041,1.9086825e-05,shipping
2022-06-03,SAR,0.00021390563,6.135977e-05,shipping
2022-06-10,oil_price_basis,0.0060908287,-0.0029874183,finance
2022-06-10,financial_macro,0.008418769,0.0041945195,finance
2022-06-10,eia_fundamentals,0.006617149,0.0021854558,finance
2022-06-10,gpr,0.00053323247,0.0004996051,finance
2022-06-10,GFW,0.00026092853,3.8861996e-05,shipping
2022-06-10,PortWatch_chokepoint,0.00025305216,-9.690676e-05,shipping
2022-06-10,PortWatch_directional,0.00015281102,-2.9548808e-05,shipping
2022-06-10,SAR,0.00019481765,4.931471e-05,shipping
2022-06-17,oil_price_basis,0.0070363632,-0.0020481818,finance
2022-06-17,financial_macro,0.0098815635,-7.2372204e-05,finance
2022-06-17,eia_fundamentals,0.006716315,0.000333677,finance
2022-06-17,gpr,0.00020257573,0.00018605858,finance
2022-06-17,GFW,0.00033353563,7.734253e-05,shipping
2022-06-17,PortWatch_chokepoint,0.00033326412,-2.9974628e-05,shipping
2022-06-17,PortWatch_directional,0.00017355442,2.5715455e-05,shipping
2022-06-17,SAR,0.00021046484,3.8041628e-05,shipping
2022-06-24,oil_price_basis,0.0056557492,-0.0025424259,finance
2022-06-24,financial_macro,0.01128877,-0.0016826914,finance
2022-06-24,eia_fundamentals,0.008085009,0.003074186,finance
2022-06-24,gpr,0.0001811882,1.0741365e-05,finance
2022-06-24,GFW,0.00034443664,3.115493e-05,shipping
2022-06-24,PortWatch_chokepoint,0.00033184863,-0.00012855825,shipping
2022-06-24,PortWatch_directional,0.00022367504,4.694306e-05,shipping
2022-06-24,SAR,0.00019832322,3.4054592e-05,shipping
2022-07-01,oil_price_basis,0.0056187063,-0.0013196948,finance
2022-07-01,financial_macro,0.010651718,-0.0013251218,finance
2022-07-01,eia_fundamentals,0.009476408,0.0023557786,finance
2022-07-01,gpr,0.00022240853,0.00013631572,finance
2022-07-01,GFW,0.0002811935,7.095138e-05,shipping
2022-07-01,PortWatch_chokepoint,0.00032045768,-8.7484535e-05,shipping
2022-07-01,PortWatch_directional,0.00017840216,-5.8982105e-06,shipping
2022-07-01,SAR,0.00022048235,1.67897e-05,shipping
2022-07-08,oil_price_basis,0.0069819307,-0.002917042,finance
2022-07-08,financial_macro,0.008176144,0.0029284637,finance
2022-07-08,eia_fundamentals,0.009669593,0.0021877354,finance
2022-07-08,gpr,0.00037051202,0.00037051202,finance
2022-07-08,GFW,0.00024539747,4.0603136e-05,shipping
2022-07-08,PortWatch_chokepoint,0.00033386386,-6.8490235e-06,shipping
2022-07-08,PortWatch_directional,0.00015217383,1.3778913e-05,shipping
2022-07-08,SAR,0.00023499847,5.7850928e-05,shipping
2022-07-15,oil_price_basis,0.006294074,-0.002957948,finance
2022-07-15,financial_macro,0.0117706945,-0.0010682535,finance
2022-07-15,eia_fundamentals,0.009296454,0.0010283898,finance
2022-07-15,gpr,0.0003997324,0.00031462315,finance
2022-07-15,GFW,0.00030801506,5.1862968e-05,shipping
2022-07-15,PortWatch_chokepoint,0.0004053108,-0.0002050104,shipping
2022-07-15,PortWatch_directional,0.00022349702,2.9728497e-05,shipping
2022-07-15,SAR,0.0002357024,3.5907866e-05,shipping
2022-07-22,oil_price_basis,0.005538052,-0.0019488432,finance
2022-07-22,financial_macro,0.009187479,-0.0008201337,finance
2022-07-22,eia_fundamentals,0.010074936,-9.5096024e-05,finance
2022-07-22,gpr,0.0001723417,-0.00016747783,finance
2022-07-22,GFW,0.00028923777,7.527709e-05,shipping
2022-07-22,PortWatch_chokepoint,0.0002139563,6.9536705e-05,shipping
2022-07-22,PortWatch_directional,0.00022857825,5.0666982e-05,shipping
2022-07-22,SAR,0.00028481107,0.00016740432,shipping
2022-07-29,oil_price_basis,0.004799162,-0.0017008423,finance
2022-07-29,financial_macro,0.009390349,-0.0019759638,finance
2022-07-29,eia_fundamentals,0.011638764,8.2025625e-05,finance
2022-07-29,gpr,0.00014941032,-8.00642e-05,finance
2022-07-29,GFW,0.000329025,9.619599e-05,shipping
2022-07-29,PortWatch_chokepoint,0.00018451661,-4.4006498e-05,shipping
2022-07-29,PortWatch_directional,0.00022731484,1.0007741e-05,shipping
2022-07-29,SAR,0.00025992884,0.00015979841,shipping
2022-08-05,oil_price_basis,0.005535756,-0.0031122342,finance
2022-08-05,financial_macro,0.008779698,-0.00084110675,finance
2022-08-05,eia_fundamentals,0.00855908,0.0010368091,finance
2022-08-05,gpr,7.69821e-05,1.243959e-05,finance
2022-08-05,GFW,0.00030148597,8.354124e-05,shipping
2022-08-05,PortWatch_chokepoint,0.00015769176,-2.521024e-05,shipping
2022-08-05,PortWatch_directional,0.00025654517,-2.8335226e-06,shipping
2022-08-05,SAR,0.00026312075,0.0001456223,shipping
2022-08-12,oil_price_basis,0.008054024,-0.0017847487,finance
2022-08-12,financial_macro,0.008385931,-0.0027641773,finance
2022-08-12,eia_fundamentals,0.0122342445,0.00047034156,finance
2022-08-12,gpr,0.00045991986,-0.00036926355,finance
2022-08-12,GFW,0.00030814286,0.00011161806,shipping
2022-08-12,PortWatch_chokepoint,0.00015827767,-2.0741269e-05,shipping
2022-08-12,PortWatch_directional,0.00021929982,4.754365e-05,shipping
2022-08-12,SAR,0.0002221714,6.4676e-05,shipping
2022-08-19,oil_price_basis,0.0032468832,-2.9640105e-05,finance
2022-08-19,financial_macro,0.009279463,-0.00071909657,finance
2022-08-19,eia_fundamentals,0.011055851,-0.0020562569,finance
2022-08-19,gpr,0.00021564978,0.00021564978,finance
2022-08-19,GFW,0.00032173994,9.199625e-05,shipping
2022-08-19,PortWatch_chokepoint,0.00015333769,-1.390871e-05,shipping
2022-08-19,PortWatch_directional,0.00027064746,8.394483e-05,shipping
2022-08-19,SAR,0.00021397372,6.933591e-05,shipping
2022-08-26,oil_price_basis,0.003631855,-0.0017877423,finance
2022-08-26,financial_macro,0.009162405,-0.0016985491,finance
2022-08-26,eia_fundamentals,0.009947122,0.0007164537,finance
2022-08-26,gpr,0.00011734292,0.000113955815,finance
2022-08-26,GFW,0.00029172737,9.5402174e-05,shipping
2022-08-26,PortWatch_chokepoint,0.00015923756,-1.2126476e-05,shipping
2022-08-26,PortWatch_directional,0.00019512279,4.6043606e-05,shipping
2022-08-26,SAR,0.000206539,5.8369216e-05,shipping
2022-09-02,oil_price_basis,0.0041180984,-0.001747312,finance
2022-09-02,financial_macro,0.012638145,-0.0013784565,finance
2022-09-02,eia_fundamentals,0.0097790025,-0.001214307,finance
2022-09-02,gpr,0.00018976654,0.0001522567,finance
2022-09-02,GFW,0.00029951424,7.6758406e-05,shipping
2022-09-02,PortWatch_chokepoint,0.00019466435,2.4561421e-05,shipping
2022-09-02,PortWatch_directional,0.00020017162,1.3030975e-05,shipping
2022-09-02,SAR,0.00027415453,0.00014883446,shipping
2022-09-09,oil_price_basis,0.0035440014,-0.00074411026,finance
2022-09-09,financial_macro,0.007560339,-0.0007890047,finance
2022-09-09,eia_fundamentals,0.010687119,-0.0012191337,finance
2022-09-09,gpr,0.0001428134,4.995745e-05,finance
2022-09-09,GFW,0.00028387803,5.6871577e-05,shipping
2022-09-09,PortWatch_chokepoint,0.00018814958,-3.3969773e-05,shipping
2022-09-09,PortWatch_directional,0.00023454634,-9.72476e-06,shipping
2022-09-09,SAR,0.00029385902,0.00016059053,shipping
2022-09-16,oil_price_basis,0.0030202738,-0.00044650756,finance
2022-09-16,financial_macro,0.009728534,-0.0026627036,finance
2022-09-16,eia_fundamentals,0.010096354,-0.0014701757,finance
2022-09-16,gpr,0.00010565287,5.9560458e-05,finance
2022-09-16,GFW,0.00035035645,0.00011915112,shipping
2022-09-16,PortWatch_chokepoint,0.00022382103,1.294401e-05,shipping
2022-09-16,PortWatch_directional,0.00021549864,8.045425e-06,shipping
2022-09-16,SAR,0.0003518586,0.00022848649,shipping
2022-09-23,oil_price_basis,0.003990163,-0.0025919133,finance
2022-09-23,financial_macro,0.0137982955,-0.0014961404,finance
2022-09-23,eia_fundamentals,0.00875327,-0.0018511701,finance
2022-09-23,gpr,4.843989e-05,5.4286647e-06,finance
2022-09-23,GFW,0.00031832798,6.746312e-05,shipping
2022-09-23,PortWatch_chokepoint,0.00025579947,1.475935e-05,shipping
2022-09-23,PortWatch_directional,0.0001917572,-1.38660125e-05,shipping
2022-09-23,SAR,0.0003770214,0.0002563016,shipping
2022-09-30,oil_price_basis,0.0035398144,-0.0026892351,finance
2022-09-30,financial_macro,0.011333778,-0.0029012884,finance
2022-09-30,eia_fundamentals,0.009152788,-0.0008187313,finance
2022-09-30,gpr,7.178048e-05,-8.521827e-06,finance
2022-09-30,GFW,0.00033524315,2.786785e-05,shipping
2022-09-30,PortWatch_chokepoint,0.00024193982,-6.8063587e-06,shipping
2022-09-30,PortWatch_directional,0.0002618936,5.433572e-05,shipping
2022-09-30,SAR,0.00030205122,0.00017956081,shipping
2022-10-07,oil_price_basis,0.005274988,0.0004463704,finance
2022-10-07,financial_macro,0.010362022,-0.0030658399,finance
2022-10-07,eia_fundamentals,0.009039328,-0.0009415341,finance
2022-10-07,gpr,0.00018067083,0.00016536108,finance
2022-10-07,GFW,0.00034224647,8.944676e-05,shipping
2022-10-07,PortWatch_chokepoint,0.00017650684,1.1312863e-05,shipping
2022-10-07,PortWatch_directional,0.00019721936,-2.8668803e-05,shipping
2022-10-07,SAR,0.0002660096,0.00016853187,shipping
2022-10-14,oil_price_basis,0.005979322,-0.0015945821,finance
2022-10-14,financial_macro,0.010295136,-0.0031744514,finance
2022-10-14,eia_fundamentals,0.008072262,0.00030023901,finance
2022-10-14,gpr,0.00026613922,-9.9717e-06,finance
2022-10-14,GFW,0.00031381028,4.5809473e-05,shipping
2022-10-14,PortWatch_chokepoint,0.00017411275,-4.128787e-05,shipping
2022-10-14,PortWatch_directional,0.00023065321,-8.701638e-06,shipping
2022-10-14,SAR,0.00022291277,0.00012416393,shipping
2022-10-21,oil_price_basis,0.0046740626,-0.0029863634,finance
2022-10-21,financial_macro,0.010763951,-0.0008727149,finance
2022-10-21,eia_fundamentals,0.010108644,-0.0027311258,finance
2022-10-21,gpr,0.0005042678,0.0003874825,finance
2022-10-21,GFW,0.0002708616,-5.790891e-05,shipping
2022-10-21,PortWatch_chokepoint,0.00027999075,6.624878e-05,shipping
2022-10-21,PortWatch_directional,0.00015497542,6.0795246e-05,shipping
2022-10-21,SAR,0.00018416381,-1.0049962e-07,shipping
2022-10-28,oil_price_basis,0.0052262833,-0.0031562622,finance
2022-10-28,financial_macro,0.010261958,-0.003608926,finance
2022-10-28,eia_fundamentals,0.008793766,-0.0019756733,finance
2022-10-28,gpr,0.00044565173,0.00029410882,finance
2022-10-28,GFW,0.0002448415,-1.3965856e-05,shipping
2022-10-28,PortWatch_chokepoint,0.00022182096,1.1473999e-05,shipping
2022-10-28,PortWatch_directional,0.00014647884,-6.7993237e-06,shipping
2022-10-28,SAR,0.00017348841,7.619011e-06,shipping
2022-11-04,oil_price_basis,0.005778291,-0.0015351817,finance
2022-11-04,financial_macro,0.013303123,-0.0031817593,finance
2022-11-04,eia_fundamentals,0.008759943,0.00014173947,finance
2022-11-04,gpr,0.00032378483,0.00014186655,finance
2022-11-04,GFW,0.0002532137,-6.302775e-05,shipping
2022-11-04,PortWatch_chokepoint,0.0002464879,-3.8707396e-05,shipping
2022-11-04,PortWatch_directional,0.00017055726,4.66248e-05,shipping
2022-11-04,SAR,0.00019307659,2.4143962e-06,shipping
2022-11-11,oil_price_basis,0.005899893,-0.0034480197,finance
2022-11-11,financial_macro,0.013430055,-0.0033016067,finance
2022-11-11,eia_fundamentals,0.0075339694,-0.0021775498,finance
2022-11-11,gpr,0.00027192084,0.00016606558,finance
2022-11-11,GFW,0.00022518888,-3.982202e-05,shipping
2022-11-11,PortWatch_chokepoint,0.0002157705,-4.4065273e-06,shipping
2022-11-11,PortWatch_directional,0.000121492696,-3.0938372e-07,shipping
2022-11-11,SAR,0.00019394557,4.008467e-06,shipping
2022-11-18,oil_price_basis,0.007245903,-0.0054463386,finance
2022-11-18,financial_macro,0.010023717,-0.0017964982,finance
2022-11-18,eia_fundamentals,0.010906952,-0.0013132612,finance
2022-11-18,gpr,0.00023336179,0.00023336179,finance
2022-11-18,GFW,0.0002577524,-6.058887e-05,shipping
2022-11-18,PortWatch_chokepoint,0.0002251741,3.582396e-05,shipping
2022-11-18,PortWatch_directional,0.00015734586,-1.6393597e-05,shipping
2022-11-18,SAR,0.00021851827,-1.8144073e-06,shipping
2022-11-25,oil_price_basis,0.006086457,-0.00528612,finance
2022-11-25,financial_macro,0.010654207,-0.0028529302,finance
2022-11-25,eia_fundamentals,0.010453095,-0.0012388186,finance
2022-11-25,gpr,0.00031119527,0.00023979404,finance
2022-11-25,GFW,0.0002468132,-4.6983878e-05,shipping
2022-11-25,PortWatch_chokepoint,0.00027320368,-7.872365e-06,shipping
2022-11-25,PortWatch_directional,0.00016336299,-9.8746705e-06,shipping
2022-11-25,SAR,0.00021222283,-5.679915e-06,shipping
2022-12-02,oil_price_basis,0.0047163297,-0.00071724394,finance
2022-12-02,financial_macro,0.010342371,-0.0054406263,finance
2022-12-02,eia_fundamentals,0.013728357,-0.0010288771,finance
2022-12-02,gpr,0.00022589904,0.00014466571,finance
2022-12-02,GFW,0.00024957844,-8.616766e-05,shipping
2022-12-02,PortWatch_chokepoint,0.00021445173,1.1918024e-06,shipping
2022-12-02,PortWatch_directional,0.00017026448,4.6260408e-05,shipping
2022-12-02,SAR,0.00019155056,-2.3421942e-05,shipping
2022-12-09,oil_price_basis,0.0064104847,-0.0042229146,finance
2022-12-09,financial_macro,0.008958676,-0.002248686,finance
2022-12-09,eia_fundamentals,0.012168514,-0.001996052,finance
2022-12-09,gpr,0.00014899211,3.0540657e-05,finance
2022-12-09,GFW,0.00026905627,-9.7500626e-05,shipping
2022-12-09,PortWatch_chokepoint,0.00022553992,-6.0998733e-05,shipping
2022-12-09,PortWatch_directional,0.00016055047,2.3173629e-05,shipping
2022-12-09,SAR,0.00017920508,7.644973e-06,shipping
2022-12-16,oil_price_basis,0.004756466,-0.0003905467,finance
2022-12-16,financial_macro,0.010180465,-0.003702427,finance
2022-12-16,eia_fundamentals,0.014359649,-0.0042493455,finance
2022-12-16,gpr,0.00017043951,6.19628e-05,finance
2022-12-16,GFW,0.00024884267,-5.907017e-05,shipping
2022-12-16,PortWatch_chokepoint,0.00025500686,4.6176647e-05,shipping
2022-12-16,PortWatch_directional,0.0001547003,2.2782586e-05,shipping
2022-12-16,SAR,0.00014915857,4.7939143e-06,shipping
2022-12-23,oil_price_basis,0.0057811397,0.0011455356,finance
2022-12-23,financial_macro,0.011660075,-0.003208136,finance
2022-12-23,eia_fundamentals,0.013726447,-0.0009686132,finance
2022-12-23,gpr,0.00021970063,0.00020521558,finance
2022-12-23,GFW,0.0002659046,-8.307163e-05,shipping
2022-12-23,PortWatch_chokepoint,0.00027470684,-2.6130445e-05,shipping
2022-12-23,PortWatch_directional,0.00015615283,-3.2213044e-05,shipping
2022-12-23,SAR,0.00017466943,2.350258e-06,shipping
2022-12-30,oil_price_basis,0.0057049952,-0.001872072,finance
2022-12-30,financial_macro,0.012890506,-0.0038404674,finance
2022-12-30,eia_fundamentals,0.009796555,-0.001419212,finance
2022-12-30,gpr,0.00015062423,0.00015062423,finance
2022-12-30,GFW,0.0002638918,-9.158936e-05,shipping
2022-12-30,PortWatch_chokepoint,0.00023582354,1.8420178e-05,shipping
2022-12-30,PortWatch_directional,0.00015329453,-2.1632368e-05,shipping
2022-12-30,SAR,0.00018837307,1.5065616e-05,shipping
2023-01-06,oil_price_basis,0.004739586,-0.0019450048,finance
2023-01-06,financial_macro,0.008295568,-0.005582342,finance
2023-01-06,eia_fundamentals,0.012371348,-0.0009455316,finance
2023-01-06,gpr,0.0002535986,0.00021223846,finance
2023-01-06,GFW,0.000225499,-3.7748716e-05,shipping
2023-01-06,PortWatch_chokepoint,0.00017919583,4.6869536e-06,shipping
2023-01-06,PortWatch_directional,0.0001405664,-6.2829156e-07,shipping
2023-01-06,SAR,0.00019854915,4.72235e-06,shipping
2023-01-13,oil_price_basis,0.005799195,0.0011202344,finance
2023-01-13,financial_macro,0.011192833,-0.0058439123,finance
2023-01-13,eia_fundamentals,0.014300972,-0.0010552275,finance
2023-01-13,gpr,0.0001148399,0.00010453668,finance
2023-01-13,GFW,0.00023658415,-4.937464e-05,shipping
2023-01-13,PortWatch_chokepoint,0.00019105045,-1.9126805e-05,shipping
2023-01-13,PortWatch_directional,0.0001513545,-1.8316509e-06,shipping
2023-01-13,SAR,0.00020136792,-8.747535e-06,shipping
2023-01-20,oil_price_basis,0.0047670105,-0.0006244625,finance
2023-01-20,financial_macro,0.008069897,-0.003393256,finance
2023-01-20,eia_fundamentals,0.0119801825,-0.0002687785,finance
2023-01-20,gpr,8.845615e-05,-3.6916397e-05,finance
2023-01-20,GFW,0.0002859905,-1.983174e-05,shipping
2023-01-20,PortWatch_chokepoint,0.00023470874,3.639775e-05,shipping
2023-01-20,PortWatch_directional,0.00010931224,1.1039313e-05,shipping
2023-01-20,SAR,0.00023471513,3.735949e-05,shipping
2023-01-27,oil_price_basis,0.0045237476,-0.0034925118,finance
2023-01-27,financial_macro,0.0068981964,-0.0032821237,finance
2023-01-27,eia_fundamentals,0.008162843,-0.0023192063,finance
2023-01-27,gpr,7.196856e-05,2.6757092e-05,finance
2023-01-27,GFW,0.00027682816,6.4255555e-06,shipping
2023-01-27,PortWatch_chokepoint,0.00030010787,3.4043274e-05,shipping
2023-01-27,PortWatch_directional,8.662763e-05,-4.29975e-06,shipping
2023-01-27,SAR,0.00023830614,3.107117e-05,shipping
2023-02-03,oil_price_basis,0.005281375,-0.0024427015,finance
2023-02-03,financial_macro,0.0077611986,-0.002002799,finance
2023-02-03,eia_fundamentals,0.007591001,-0.0010207647,finance
2023-02-03,gpr,0.00012077967,0.000112219954,finance
2023-02-03,GFW,0.00024516185,3.9435025e-05,shipping
2023-02-03,PortWatch_chokepoint,0.0002330927,-9.382454e-06,shipping
2023-02-03,PortWatch_directional,8.450359e-05,-1.0664437e-05,shipping
2023-02-03,SAR,0.00021291117,1.9497964e-05,shipping
2023-02-10,oil_price_basis,0.0067519667,0.00096400414,finance
2023-02-10,financial_macro,0.00793977,-0.0030199196,finance
2023-02-10,eia_fundamentals,0.0077147577,-0.0018862257,finance
2023-02-10,gpr,0.000109717555,-2.6777718e-05,finance
2023-02-10,GFW,0.00032100145,-3.3352803e-06,shipping
2023-02-10,PortWatch_chokepoint,0.00029654655,5.6594876e-05,shipping
2023-02-10,PortWatch_directional,8.844881e-05,8.78224e-06,shipping
2023-02-10,SAR,0.00024699752,1.944479e-05,shipping
2023-02-17,oil_price_basis,0.004810341,-0.0025986042,finance
2023-02-17,financial_macro,0.008383236,-0.0021857508,finance
2023-02-17,eia_fundamentals,0.0076136696,-0.003330609,finance
2023-02-17,gpr,0.0002659455,9.535579e-07,finance
2023-02-17,GFW,0.00029885396,3.140867e-05,shipping
2023-02-17,PortWatch_chokepoint,0.0002579891,2.6801881e-06,shipping
2023-02-17,PortWatch_directional,9.567601e-05,8.136619e-06,shipping
2023-02-17,SAR,0.00027048422,3.5178615e-05,shipping
2023-02-24,oil_price_basis,0.0043993974,-0.003481421,finance
2023-02-24,financial_macro,0.0090100905,-0.0020796324,finance
2023-02-24,eia_fundamentals,0.00726462,-0.004406274,finance
2023-02-24,gpr,0.0001703614,-0.00016253124,finance
2023-02-24,GFW,0.0002699328,3.2145786e-06,shipping
2023-02-24,PortWatch_chokepoint,0.00023231878,-5.09792e-06,shipping
2023-02-24,PortWatch_directional,9.156894e-05,1.04069095e-05,shipping
2023-02-24,SAR,0.0002609074,4.9129896e-05,shipping
2023-03-03,oil_price_basis,0.0044580544,-0.00024992667,finance
2023-03-03,financial_macro,0.007899031,-0.0032181216,finance
2023-03-03,eia_fundamentals,0.0066627855,-0.0040462096,finance
2023-03-03,gpr,0.00039427305,-0.0003805075,finance
2023-03-03,GFW,0.0002981243,1.1384794e-05,shipping
2023-03-03,PortWatch_chokepoint,0.0002585552,1.789692e-05,shipping
2023-03-03,PortWatch_directional,8.2373124e-05,-9.81752e-06,shipping
2023-03-03,SAR,0.0003238926,6.346727e-05,shipping
2023-03-10,oil_price_basis,0.004730678,-0.0014277197,finance
2023-03-10,financial_macro,0.008794946,-0.0042207926,finance
2023-03-10,eia_fundamentals,0.005878224,-0.0024254278,finance
2023-03-10,gpr,0.0001890558,-3.8789025e-05,finance
2023-03-10,GFW,0.0002475887,1.3473727e-05,shipping
2023-03-10,PortWatch_chokepoint,0.00021114171,-2.1943606e-05,shipping
2023-03-10,PortWatch_directional,7.064255e-05,1.2698695e-05,shipping
2023-03-10,SAR,0.00032044286,5.2663345e-05,shipping
2023-03-17,oil_price_basis,0.0045220535,-0.0021473782,finance
2023-03-17,financial_macro,0.008113428,-0.0030260163,finance
2023-03-17,eia_fundamentals,0.0064223623,-0.0036594868,finance
2023-03-17,gpr,0.00017114723,-7.221016e-05,finance
2023-03-17,GFW,0.00024310537,2.3489341e-05,shipping
2023-03-17,PortWatch_chokepoint,0.00023115257,-1.3895187e-06,shipping
2023-03-17,PortWatch_directional,6.954946e-05,6.6518974e-06,shipping
2023-03-17,SAR,0.00034396595,3.01734e-05,shipping
2023-03-24,oil_price_basis,0.0034272366,-0.00010604435,finance
2023-03-24,financial_macro,0.0069841286,-0.0020432563,finance
2023-03-24,eia_fundamentals,0.0068985075,-0.0048430595,finance
2023-03-24,gpr,5.1768842e-05,-2.2608201e-05,finance
2023-03-24,GFW,0.00024316652,2.514871e-05,shipping
2023-03-24,PortWatch_chokepoint,0.0002670179,3.0654704e-05,shipping
2023-03-24,PortWatch_directional,7.916668e-05,2.1682848e-05,shipping
2023-03-24,SAR,0.00033506105,3.882981e-05,shipping
2023-03-31,oil_price_basis,0.006336322,-0.00060800044,finance
2023-03-31,financial_macro,0.01018122,-0.0026589907,finance
2023-03-31,eia_fundamentals,0.008797997,-0.0047533447,finance
2023-03-31,gpr,0.00013765618,5.3767468e-05,finance
2023-03-31,GFW,0.00024938377,5.027727e-05,shipping
2023-03-31,PortWatch_chokepoint,0.00025947852,-3.5570873e-05,shipping
2023-03-31,PortWatch_directional,7.570577e-05,-5.663501e-07,shipping
2023-03-31,SAR,0.00030590507,1.9535298e-06,shipping
2023-04-07,oil_price_basis,0.0046976013,-0.00014256517,finance
2023-04-07,financial_macro,0.008061064,-0.0047930083,finance
2023-04-07,eia_fundamentals,0.0074715777,-0.002328575,finance
2023-04-07,gpr,8.2165556e-05,3.620658e-05,finance
2023-04-07,GFW,0.0002849781,8.458557e-05,shipping
2023-04-07,PortWatch_chokepoint,0.00031052373,3.443291e-05,shipping
2023-04-07,PortWatch_directional,7.88715e-05,1.0317779e-05,shipping
2023-04-07,SAR,0.00034404363,1.8300003e-05,shipping
2023-04-14,oil_price_basis,0.0048872666,-0.00039818976,finance
2023-04-14,financial_macro,0.010160797,-0.0032404298,finance
2023-04-14,eia_fundamentals,0.006162323,-0.00202263,finance
2023-04-14,gpr,8.635593e-05,7.0747104e-05,finance
2023-04-14,GFW,0.0002676989,4.8078517e-05,shipping
2023-04-14,PortWatch_chokepoint,0.00028628547,-3.7200905e-05,shipping
2023-04-14,PortWatch_directional,7.321029e-05,1.762296e-05,shipping
2023-04-14,SAR,0.0003219103,4.2660577e-05,shipping
2023-04-21,oil_price_basis,0.004241892,-0.0021198287,finance
2023-04-21,financial_macro,0.008593775,-0.0040511396,finance
2023-04-21,eia_fundamentals,0.0069228755,-0.0022702832,finance
2023-04-21,gpr,0.000122018304,-6.3863896e-05,finance
2023-04-21,GFW,0.00033411142,-4.2786338e-05,shipping
2023-04-21,PortWatch_chokepoint,0.00023567096,2.7382566e-06,shipping
2023-04-21,PortWatch_directional,0.00014064708,4.006487e-05,shipping
2023-04-21,SAR,0.00019191545,6.595037e-05,shipping
2023-04-28,oil_price_basis,0.0034218442,-0.0020502405,finance
2023-04-28,financial_macro,0.009440781,-0.0050764326,finance
2023-04-28,eia_fundamentals,0.0064174603,-0.0006964603,finance
2023-04-28,gpr,0.00014132824,-4.6471057e-05,finance
2023-04-28,GFW,0.0003468766,-0.00010032066,shipping
2023-04-28,PortWatch_chokepoint,0.00024829345,5.065719e-05,shipping
2023-04-28,PortWatch_directional,0.0001678131,-4.1890056e-05,shipping
2023-04-28,SAR,0.00018310176,8.080706e-05,shipping
2023-05-05,oil_price_basis,0.004611644,-0.00046417973,finance
2023-05-05,financial_macro,0.007971339,-0.003688181,finance
2023-05-05,eia_fundamentals,0.0066895043,-0.0023953803,finance
2023-05-05,gpr,0.00018491698,3.4797915e-05,finance
2023-05-05,GFW,0.0003682685,-7.875056e-05,shipping
2023-05-05,PortWatch_chokepoint,0.00021432214,-2.043696e-07,shipping
2023-05-05,PortWatch_directional,0.0001858777,2.7659242e-05,shipping
2023-05-05,SAR,0.00018482721,7.25116e-05,shipping
2023-05-12,oil_price_basis,0.002999113,-0.00011056062,finance
2023-05-12,financial_macro,0.0076330737,-0.0035643347,finance
2023-05-12,eia_fundamentals,0.0076910052,-0.0030277965,finance
2023-05-12,gpr,8.308944e-05,-2.5138472e-05,finance
2023-05-12,GFW,0.0003332769,-5.4654953e-05,shipping
2023-05-12,PortWatch_chokepoint,0.00020666787,-1.4728016e-05,shipping
2023-05-12,PortWatch_directional,0.00013006003,3.68621e-06,shipping
2023-05-12,SAR,0.00018453177,7.8635225e-05,shipping
2023-05-19,oil_price_basis,0.0026199177,-0.000117422445,finance
2023-05-19,financial_macro,0.009235596,-0.0023564054,finance
2023-05-19,eia_fundamentals,0.0070853336,-0.0031756235,finance
2023-05-19,gpr,0.00014587192,-0.00012686002,finance
2023-05-19,GFW,0.00033942354,-4.740155e-05,shipping
2023-05-19,PortWatch_chokepoint,0.0002303112,1.5106412e-05,shipping
2023-05-19,PortWatch_directional,0.00016512076,1.1204502e-05,shipping
2023-05-19,SAR,0.00017719498,7.7398174e-05,shipping
2023-05-26,oil_price_basis,0.0027297959,-0.0011784311,finance
2023-05-26,financial_macro,0.009488688,-0.0031869553,finance
2023-05-26,eia_fundamentals,0.008954809,-0.0020614066,finance
2023-05-26,gpr,0.00024184253,6.3833795e-05,finance
2023-05-26,GFW,0.00032582795,-7.454228e-05,shipping
2023-05-26,PortWatch_chokepoint,0.00022873472,3.20303e-05,shipping
2023-05-26,PortWatch_directional,0.00014498281,4.965554e-06,shipping
2023-05-26,SAR,0.00017742436,7.7314355e-05,shipping
2023-06-02,oil_price_basis,0.0019000722,-0.00048324504,finance
2023-06-02,financial_macro,0.007259863,-0.0027838666,finance
2023-06-02,eia_fundamentals,0.008137128,-0.0029920144,finance
2023-06-02,gpr,3.0082903e-05,1.7047203e-05,finance
2023-06-02,GFW,0.0003537498,3.4960494e-06,shipping
2023-06-02,PortWatch_chokepoint,0.00022118728,6.2920917e-06,shipping
2023-06-02,PortWatch_directional,0.00011979819,-8.827289e-06,shipping
2023-06-02,SAR,0.00023755294,2.9799661e-05,shipping
2023-06-09,oil_price_basis,0.002730341,0.00010281934,finance
2023-06-09,financial_macro,0.007931072,-0.0027306273,finance
2023-06-09,eia_fundamentals,0.007142435,-0.0031444086,finance
2023-06-09,gpr,0.00021378926,4.2204716e-05,finance
2023-06-09,GFW,0.00032835916,-3.886708e-05,shipping
2023-06-09,PortWatch_chokepoint,0.00020399834,2.2871462e-05,shipping
2023-06-09,PortWatch_directional,0.00014425676,2.7428128e-05,shipping
2023-06-09,SAR,0.00025588166,5.4851094e-05,shipping
2023-06-16,oil_price_basis,0.002554789,-0.0007557422,finance
2023-06-16,financial_macro,0.00676223,-0.0025868567,finance
2023-06-16,eia_fundamentals,0.008065572,-0.006121892,finance
2023-06-16,gpr,5.2313426e-05,-3.7408226e-05,finance
2023-06-16,GFW,0.0003170795,-4.6832236e-05,shipping
2023-06-16,PortWatch_chokepoint,0.00025601033,2.3427558e-05,shipping
2023-06-16,PortWatch_directional,0.00013980485,3.8202463e-05,shipping
2023-06-16,SAR,0.00026829826,2.7474449e-05,shipping
2023-06-23,oil_price_basis,0.0023962748,-0.0008962518,finance
2023-06-23,financial_macro,0.0070892954,-0.0027352164,finance
2023-06-23,eia_fundamentals,0.0068204775,-0.0038797725,finance
2023-06-23,gpr,0.00012778984,-9.55554e-05,finance
2023-06-23,GFW,0.00028418153,-4.2170137e-05,shipping
2023-06-23,PortWatch_chokepoint,0.00024825998,3.817652e-06,shipping
2023-06-23,PortWatch_directional,0.00017995636,1.3992392e-05,shipping
2023-06-23,SAR,0.00027501944,3.593951e-05,shipping
2023-06-30,oil_price_basis,0.0023787767,-0.0011295031,finance
2023-06-30,financial_macro,0.008490263,-0.0032586895,finance
2023-06-30,eia_fundamentals,0.007869747,-0.0028985497,finance
2023-06-30,gpr,0.00013220005,-3.7922815e-05,finance
2023-06-30,GFW,0.0003539056,-9.1737515e-05,shipping
2023-06-30,PortWatch_chokepoint,0.00023463457,3.5756407e-06,shipping
2023-06-30,PortWatch_directional,0.00015377831,-2.3390257e-06,shipping
2023-06-30,SAR,0.00019791594,7.326522e-05,shipping
2023-07-07,oil_price_basis,0.003956023,-0.0007655669,finance
2023-07-07,financial_macro,0.008896727,-0.0021552858,finance
2023-07-07,eia_fundamentals,0.006779969,-0.0027255658,finance
2023-07-07,gpr,0.00011603379,3.6307683e-05,finance
2023-07-07,GFW,0.00030264887,-8.5919266e-05,shipping
2023-07-07,PortWatch_chokepoint,0.00023808105,1.5976142e-05,shipping
2023-07-07,PortWatch_directional,0.00023879897,-8.064028e-06,shipping
2023-07-07,SAR,0.00016639939,3.883077e-05,shipping
2023-07-14,oil_price_basis,0.002680528,1.6410035e-05,finance
2023-07-14,financial_macro,0.009371882,-0.0041906284,finance
2023-07-14,eia_fundamentals,0.009344165,-0.004382294,finance
2023-07-14,gpr,4.0767005e-05,-9.867931e-06,finance
2023-07-14,GFW,0.0003431544,-6.640618e-05,shipping
2023-07-14,PortWatch_chokepoint,0.00022574724,3.758086e-05,shipping
2023-07-14,PortWatch_directional,0.0001781024,4.25474e-06,shipping
2023-07-14,SAR,0.00015156103,4.6048895e-05,shipping
2023-07-21,oil_price_basis,0.0034519744,-0.0004009502,finance
2023-07-21,financial_macro,0.0079979,-0.0015371889,finance
2023-07-21,eia_fundamentals,0.0073210336,-0.0020096446,finance
2023-07-21,gpr,0.00014267772,6.7820954e-05,finance
2023-07-21,GFW,0.0004480371,7.808832e-05,shipping
2023-07-21,PortWatch_chokepoint,0.0005487795,-0.00023841951,shipping
2023-07-21,PortWatch_directional,0.00035354635,3.5077755e-05,shipping
2023-07-21,SAR,0.0004017156,-0.0001568987,shipping
2023-07-28,oil_price_basis,0.0041076792,-0.00074236025,finance
2023-07-28,financial_macro,0.010061604,-0.002166573,finance
2023-07-28,eia_fundamentals,0.00614886,-0.00090450334,finance
2023-07-28,gpr,0.00012547994,7.763237e-05,finance
2023-07-28,GFW,0.0004372979,3.809483e-05,shipping
2023-07-28,PortWatch_chokepoint,0.00058687595,-0.00011347825,shipping
2023-07-28,PortWatch_directional,0.00023007503,1.7293734e-05,shipping
2023-07-28,SAR,0.0004087782,-0.00019073398,shipping
2023-08-04,oil_price_basis,0.0032381655,-0.00035836623,finance
2023-08-04,financial_macro,0.008292793,-0.0022012182,finance
2023-08-04,eia_fundamentals,0.009312101,0.0029549657,finance
2023-08-04,gpr,7.463967e-05,4.0252293e-05,finance
2023-08-04,GFW,0.00038771468,6.262255e-05,shipping
2023-08-04,PortWatch_chokepoint,0.0005685205,-0.0001744155,shipping
2023-08-04,PortWatch_directional,0.0002672407,-0.00010421763,shipping
2023-08-04,SAR,0.00038193024,-0.00017832336,shipping
2023-08-11,oil_price_basis,0.0039598984,-0.0012493111,finance
2023-08-11,financial_macro,0.008392881,-0.002171525,finance
2023-08-11,eia_fundamentals,0.008455863,-0.0031530997,finance
2023-08-11,gpr,0.00010448843,-4.8013302e-05,finance
2023-08-11,GFW,0.00034845935,7.9888574e-05,shipping
2023-08-11,PortWatch_chokepoint,0.00054372085,-0.00017433704,shipping
2023-08-11,PortWatch_directional,0.00027805843,-1.7481567e-05,shipping
2023-08-11,SAR,0.0003638791,-0.00015227933,shipping
2023-08-18,oil_price_basis,0.0032613538,-0.0013673232,finance
2023-08-18,financial_macro,0.007693784,-0.001514422,finance
2023-08-18,eia_fundamentals,0.0085839275,-0.0014385509,finance
2023-08-18,gpr,0.00010670544,5.014168e-06,finance
2023-08-18,GFW,0.00039375492,5.7433932e-05,shipping
2023-08-18,PortWatch_chokepoint,0.00042640112,-0.00016416173,shipping
2023-08-18,PortWatch_directional,0.00032269306,-1.1835273e-05,shipping
2023-08-18,SAR,0.00040048297,-0.00015493396,shipping
2023-08-25,oil_price_basis,0.0024939869,-0.0020091059,finance
2023-08-25,financial_macro,0.009285185,-0.0030274242,finance
2023-08-25,eia_fundamentals,0.010314295,-0.0004198842,finance
2023-08-25,gpr,8.7929475e-05,2.4320168e-05,finance
2023-08-25,GFW,0.00041379032,0.000110976864,shipping
2023-08-25,PortWatch_chokepoint,0.0005628117,-0.0002049796,shipping
2023-08-25,PortWatch_directional,0.0002928554,-8.327767e-05,shipping
2023-08-25,SAR,0.0004001203,-0.00015660477,shipping
2023-09-01,oil_price_basis,0.005238146,-0.00083369046,finance
2023-09-01,financial_macro,0.0079898955,-0.0036304109,finance
2023-09-01,eia_fundamentals,0.011498776,0.0011263287,finance
2023-09-01,gpr,8.113214e-05,-7.001756e-05,finance
2023-09-01,GFW,0.0004693755,7.698727e-05,shipping
2023-09-01,PortWatch_chokepoint,0.0004688076,-3.2441007e-05,shipping
2023-09-01,PortWatch_directional,0.0003047891,-0.00010163835,shipping
2023-09-01,SAR,0.00044227502,-0.00015938672,shipping
2023-09-08,oil_price_basis,0.0041003483,-0.0004981798,finance
2023-09-08,financial_macro,0.008790322,-0.0019900214,finance
2023-09-08,eia_fundamentals,0.010872591,-0.00094050844,finance
2023-09-08,gpr,0.00018685343,-2.8433744e-05,finance
2023-09-08,GFW,0.00045003262,-3.4998335e-05,shipping
2023-09-08,PortWatch_chokepoint,0.00044202327,-0.00018226924,shipping
2023-09-08,PortWatch_directional,0.00028311682,-5.630135e-05,shipping
2023-09-08,SAR,0.00046251185,-0.0001715766,shipping
2023-09-15,oil_price_basis,0.0041482104,-0.0020138666,finance
2023-09-15,financial_macro,0.00806168,-0.0025566078,finance
2023-09-15,eia_fundamentals,0.010060652,-0.0006399886,finance
2023-09-15,gpr,0.0001729829,-0.00016558987,finance
2023-09-15,GFW,0.00044247758,0.00011355628,shipping
2023-09-15,PortWatch_chokepoint,0.00049571873,-9.499862e-05,shipping
2023-09-15,PortWatch_directional,0.00025295222,-3.3179596e-05,shipping
2023-09-15,SAR,0.00042245892,-0.00012556683,shipping
2023-09-22,oil_price_basis,0.00343364,-0.0014607476,finance
2023-09-22,financial_macro,0.00971244,-0.0018143954,finance
2023-09-22,eia_fundamentals,0.011025936,-0.00097019115,finance
2023-09-22,gpr,0.0002063631,-2.7163427e-05,finance
2023-09-22,GFW,0.00044630477,0.00010917355,shipping
2023-09-22,PortWatch_chokepoint,0.0005632058,-0.00019079767,shipping
2023-09-22,PortWatch_directional,0.000239801,-4.1850082e-05,shipping
2023-09-22,SAR,0.0005562289,-0.0001537103,shipping
2023-09-29,oil_price_basis,0.0040654875,-0.0024138829,finance
2023-09-29,financial_macro,0.010968053,-0.0018294455,finance
2023-09-29,eia_fundamentals,0.011081062,0.00088857464,finance
2023-09-29,gpr,0.0003202768,0.00026289138,finance
2023-09-29,GFW,0.00038557698,7.968923e-05,shipping
2023-09-29,PortWatch_chokepoint,0.000500769,-0.00010372618,shipping
2023-09-29,PortWatch_directional,0.00029935912,-0.00011442169,shipping
2023-09-29,SAR,0.00045916837,-0.00015827893,shipping
2023-10-06,oil_price_basis,0.0062336507,-0.0012719737,finance
2023-10-06,financial_macro,0.00774161,-0.0004611406,finance
2023-10-06,eia_fundamentals,0.009995657,-0.0017190503,finance
2023-10-06,gpr,0.00020159665,0.00017055642,finance
2023-10-06,GFW,0.0004042866,8.187331e-05,shipping
2023-10-06,PortWatch_chokepoint,0.0004864278,-0.00016959436,shipping
2023-10-06,PortWatch_directional,0.0003202343,-3.8122784e-05,shipping
2023-10-06,SAR,0.0005046877,-0.00016429623,shipping
2023-10-13,oil_price_basis,0.005791153,-0.00089599006,finance
2023-10-13,financial_macro,0.0082370825,-0.004589413,finance
2023-10-13,eia_fundamentals,0.010202504,-0.0025406247,finance
2023-10-13,gpr,0.00021330097,-0.00021330097,finance
2023-10-13,GFW,0.00034718108,-1.082315e-06,shipping
2023-10-13,PortWatch_chokepoint,0.0004387269,-0.00010766713,shipping
2023-10-13,PortWatch_directional,0.00028552357,-3.4921282e-05,shipping
2023-10-13,SAR,0.00046460642,-0.0001559578,shipping
2023-10-20,oil_price_basis,0.0035027964,-0.00040146906,finance
2023-10-20,financial_macro,0.009071762,-0.00055110874,finance
2023-10-20,eia_fundamentals,0.012696447,-0.0015313866,finance
2023-10-20,gpr,0.0004955715,0.00029163988,finance
2023-10-20,GFW,0.00040821763,6.887833e-05,shipping
2023-10-20,PortWatch_chokepoint,0.0003250586,-4.6272176e-05,shipping
2023-10-20,PortWatch_directional,0.0001619618,-2.6791742e-05,shipping
2023-10-20,SAR,0.00043565038,-1.0208893e-05,shipping
2023-10-27,oil_price_basis,0.0042081336,-0.0021356787,finance
2023-10-27,financial_macro,0.007975989,-0.0022081337,finance
2023-10-27,eia_fundamentals,0.011312356,-0.0016000835,finance
2023-10-27,gpr,0.0017108328,0.0017108328,finance
2023-10-27,GFW,0.00030190515,2.7160542e-05,shipping
2023-10-27,PortWatch_chokepoint,0.00030398252,-6.3546155e-05,shipping
2023-10-27,PortWatch_directional,0.0001537426,-2.4346913e-05,shipping
2023-10-27,SAR,0.0003823946,-2.4106968e-05,shipping
2023-11-03,oil_price_basis,0.003841877,-0.0015036454,finance
2023-11-03,financial_macro,0.005540964,-0.0029920845,finance
2023-11-03,eia_fundamentals,0.009660735,-0.0022744872,finance
2023-11-03,gpr,0.0014379476,0.0013165087,finance
2023-11-03,GFW,0.0002932882,4.623724e-05,shipping
2023-11-03,PortWatch_chokepoint,0.00029811784,-9.9248755e-05,shipping
2023-11-03,PortWatch_directional,0.00015167147,-3.9857473e-06,shipping
2023-11-03,SAR,0.00031445065,6.7925985e-06,shipping
2023-11-10,oil_price_basis,0.004102296,-0.0008032976,finance
2023-11-10,financial_macro,0.005447491,-0.00075188087,finance
2023-11-10,eia_fundamentals,0.011577839,-0.0037532358,finance
2023-11-10,gpr,0.001125244,0.0005953,finance
2023-11-10,GFW,0.0002819433,3.799993e-05,shipping
2023-11-10,PortWatch_chokepoint,0.00029789362,-5.948002e-05,shipping
2023-11-10,PortWatch_directional,0.0001718105,6.2736995e-05,shipping
2023-11-10,SAR,0.0003194977,-8.814249e-06,shipping
2023-11-17,oil_price_basis,0.0023702406,-0.0005189666,finance
2023-11-17,financial_macro,0.0068214047,-0.004086948,finance
2023-11-17,eia_fundamentals,0.009963057,-0.0022702874,finance
2023-11-17,gpr,0.0007937527,0.000583102,finance
2023-11-17,GFW,0.00033343438,2.4649786e-05,shipping
2023-11-17,PortWatch_chokepoint,0.00030569706,-0.00012774926,shipping
2023-11-17,PortWatch_directional,0.00018477134,-6.841036e-05,shipping
2023-11-17,SAR,0.0003372158,-1.6440913e-06,shipping
2023-11-24,oil_price_basis,0.002836787,-0.00188905,finance
2023-11-24,financial_macro,0.00595995,-0.0025558416,finance
2023-11-24,eia_fundamentals,0.009819046,-0.0032376775,finance
2023-11-24,gpr,0.00061888946,0.00023473093,finance
2023-11-24,GFW,0.00027346355,4.50319e-05,shipping
2023-11-24,PortWatch_chokepoint,0.00035398008,2.5728044e-05,shipping
2023-11-24,PortWatch_directional,0.00017918917,9.60581e-06,shipping
2023-11-24,SAR,0.00035517212,-1.5974518e-05,shipping
2023-12-01,oil_price_basis,0.0017331867,-0.0006057975,finance
2023-12-01,financial_macro,0.0052077346,-0.0042943237,finance
2023-12-01,eia_fundamentals,0.009030431,-0.0026569834,finance
2023-12-01,gpr,0.0004352592,0.0002515806,finance
2023-12-01,GFW,0.00030637614,-4.8974994e-06,shipping
2023-12-01,PortWatch_chokepoint,0.00034113356,-0.00013848972,shipping
2023-12-01,PortWatch_directional,0.0001875436,1.0904487e-05,shipping
2023-12-01,SAR,0.00039452894,-1.984293e-05,shipping
2023-12-08,oil_price_basis,0.0029837736,0.0003994258,finance
2023-12-08,financial_macro,0.006265033,-0.0011368687,finance
2023-12-08,eia_fundamentals,0.011054969,-0.0011759535,finance
2023-12-08,gpr,0.00049432856,0.00021932129,finance
2023-12-08,GFW,0.0003160689,-1.7901435e-06,shipping
2023-12-08,PortWatch_chokepoint,0.00037539995,-2.3754865e-05,shipping
2023-12-08,PortWatch_directional,0.00017742788,5.3133197e-05,shipping
2023-12-08,SAR,0.00035738756,1.5090308e-05,shipping
2023-12-15,oil_price_basis,0.0015361271,-0.00044184065,finance
2023-12-15,financial_macro,0.0062870877,-0.003523522,finance
2023-12-15,eia_fundamentals,0.01003832,-0.00096719473,finance
2023-12-15,gpr,0.0004475832,0.00024288836,finance
2023-12-15,GFW,0.00036776112,1.0394698e-05,shipping
2023-12-15,PortWatch_chokepoint,0.00029262665,1.1994006e-05,shipping
2023-12-15,PortWatch_directional,0.00022404338,9.415934e-05,shipping
2023-12-15,SAR,0.00039127917,-2.5566424e-05,shipping
2023-12-22,oil_price_basis,0.002944999,-0.001189748,finance
2023-12-22,financial_macro,0.005205555,-0.0021433893,finance
2023-12-22,eia_fundamentals,0.00914319,-0.0034023314,finance
2023-12-22,gpr,0.00032517838,0.00014969808,finance
2023-12-22,GFW,0.00031294956,7.103052e-05,shipping
2023-12-22,PortWatch_chokepoint,0.00045153146,-1.6672151e-05,shipping
2023-12-22,PortWatch_directional,0.00026161486,-6.199381e-05,shipping
2023-12-22,SAR,0.0004108968,-2.7065917e-05,shipping
2023-12-29,oil_price_basis,0.0030376909,-0.0016369958,finance
2023-12-29,financial_macro,0.0065097236,-0.0032868339,finance
2023-12-29,eia_fundamentals,0.0115225315,-0.0033441256,finance
2023-12-29,gpr,0.00047719126,0.00032101903,finance
2023-12-29,GFW,0.0003977127,5.391911e-05,shipping
2023-12-29,PortWatch_chokepoint,0.0003613319,-0.00019843981,shipping
2023-12-29,PortWatch_directional,0.00026747282,3.2108786e-05,shipping
2023-12-29,SAR,0.00046421765,-1.618535e-05,shipping
2024-01-05,oil_price_basis,0.0023792377,0.00032504072,finance
2024-01-05,financial_macro,0.0069637843,-0.00092390075,finance
2024-01-05,eia_fundamentals,0.008186868,-0.0009385222,finance
2024-01-05,gpr,0.00031144955,0.00018757029,finance
2024-01-05,GFW,0.00031591507,4.8192094e-05,shipping
2024-01-05,PortWatch_chokepoint,0.00035993705,-8.7752574e-05,shipping
2024-01-05,PortWatch_directional,0.00022846123,-1.1021646e-05,shipping
2024-01-05,SAR,0.0004404619,-2.3448452e-05,shipping
2024-01-12,oil_price_basis,0.0033556079,-0.0010708255,finance
2024-01-12,financial_macro,0.0043224837,-0.0022836218,finance
2024-01-12,eia_fundamentals,0.009268983,-0.005530192,finance
2024-01-12,gpr,0.00058249576,0.00046582962,finance
2024-01-12,GFW,0.00030661898,3.866871e-06,shipping
2024-01-12,PortWatch_chokepoint,0.00038945,1.5673331e-05,shipping
2024-01-12,PortWatch_directional,0.00022008628,6.108301e-06,shipping
2024-01-12,SAR,0.0004184379,-3.8805487e-05,shipping
2024-01-19,oil_price_basis,0.0027758884,-0.0013326615,finance
2024-01-19,financial_macro,0.0067689056,-0.0018540886,finance
2024-01-19,eia_fundamentals,0.011304323,-0.0011254601,finance
2024-01-19,gpr,0.000533603,0.00043453774,finance
2024-01-19,GFW,0.0002987174,2.5428712e-05,shipping
2024-01-19,PortWatch_chokepoint,0.00040883367,-0.00021043408,shipping
2024-01-19,PortWatch_directional,0.00017172501,2.6435497e-05,shipping
2024-01-19,SAR,0.00035368456,-4.6190933e-05,shipping
2024-01-26,oil_price_basis,0.0044940608,-0.0017846634,finance
2024-01-26,financial_macro,0.006029188,-0.003620492,finance
2024-01-26,eia_fundamentals,0.0115120355,0.0039552515,finance
2024-01-26,gpr,0.0007144705,0.00046107508,finance
2024-01-26,GFW,0.0002598301,5.3547697e-05,shipping
2024-01-26,PortWatch_chokepoint,0.00041930602,6.309796e-05,shipping
2024-01-26,PortWatch_directional,0.00019847848,-1.1893433e-05,shipping
2024-01-26,SAR,0.0003303675,-4.5699064e-05,shipping
2024-02-02,oil_price_basis,0.0036372226,-0.002330996,finance
2024-02-02,financial_macro,0.006504533,-0.0036918267,finance
2024-02-02,eia_fundamentals,0.01253045,0.00082872424,finance
2024-02-02,gpr,0.0004835025,0.00037823193,finance
2024-02-02,GFW,0.00025693,1.0387086e-05,shipping
2024-02-02,PortWatch_chokepoint,0.0004717618,-4.2377524e-05,shipping
2024-02-02,PortWatch_directional,0.00020428927,6.349717e-05,shipping
2024-02-02,SAR,0.00030166426,5.482702e-06,shipping
2024-02-09,oil_price_basis,0.005534734,-0.00045826554,finance
2024-02-09,financial_macro,0.00656364,-0.0020722148,finance
2024-02-09,eia_fundamentals,0.011566077,-0.00093227584,finance
2024-02-09,gpr,0.0005523515,0.00035784417,finance
2024-02-09,GFW,0.0002657601,1.0745764e-05,shipping
2024-02-09,PortWatch_chokepoint,0.00050516956,2.5109817e-05,shipping
2024-02-09,PortWatch_directional,0.00021056997,8.071451e-05,shipping
2024-02-09,SAR,0.00030355906,3.6353416e-05,shipping
2024-02-16,oil_price_basis,0.0032835316,-0.00022074411,finance
2024-02-16,financial_macro,0.007993458,-0.0026913723,finance
2024-02-16,eia_fundamentals,0.011628414,-0.0009775582,finance
2024-02-16,gpr,0.0004021785,0.0004021785,finance
2024-02-16,GFW,0.00027500952,2.751857e-05,shipping
2024-02-16,PortWatch_chokepoint,0.00038129376,-8.952066e-05,shipping
2024-02-16,PortWatch_directional,0.00016220727,3.4403558e-05,shipping
2024-02-16,SAR,0.00031275567,1.6084112e-05,shipping
2024-02-23,oil_price_basis,0.0038877195,-0.0029577315,finance
2024-02-23,financial_macro,0.0082304,-0.003966601,finance
2024-02-23,eia_fundamentals,0.010402089,-0.0004058334,finance
2024-02-23,gpr,0.00052479975,-5.4711185e-05,finance
2024-02-23,GFW,0.00024270246,3.586321e-05,shipping
2024-02-23,PortWatch_chokepoint,0.0004905528,7.026566e-05,shipping
2024-02-23,PortWatch_directional,0.00020819319,9.902344e-05,shipping
2024-02-23,SAR,0.00028396974,1.6260754e-05,shipping
2024-03-01,oil_price_basis,0.0035808254,-0.00014870876,finance
2024-03-01,financial_macro,0.006935759,-0.0032270928,finance
2024-03-01,eia_fundamentals,0.009976697,-0.0011547533,finance
2024-03-01,gpr,0.00040281878,0.0003191668,finance
2024-03-01,GFW,0.00023777112,-1.0275788e-05,shipping
2024-03-01,PortWatch_chokepoint,0.0005396102,0.00017267917,shipping
2024-03-01,PortWatch_directional,0.00018032899,5.910097e-05,shipping
2024-03-01,SAR,0.00030979046,-4.7626123e-05,shipping
2024-03-08,oil_price_basis,0.003943023,-0.0011409014,finance
2024-03-08,financial_macro,0.006568652,-0.0034688285,finance
2024-03-08,eia_fundamentals,0.0096018445,-0.0017785262,finance
2024-03-08,gpr,0.00049649464,0.00027859147,finance
2024-03-08,GFW,0.00029655543,7.0238646e-05,shipping
2024-03-08,PortWatch_chokepoint,0.0004612111,-8.895757e-05,shipping
2024-03-08,PortWatch_directional,0.00018734713,8.392298e-05,shipping
2024-03-08,SAR,0.00036019535,-4.7270674e-05,shipping
2024-03-15,oil_price_basis,0.004243035,-0.0007386383,finance
2024-03-15,financial_macro,0.007915442,-0.003578525,finance
2024-03-15,eia_fundamentals,0.008843576,-0.0027235467,finance
2024-03-15,gpr,0.00044715512,0.00044715512,finance
2024-03-15,GFW,0.0002534298,1.1764721e-05,shipping
2024-03-15,PortWatch_chokepoint,0.00037531118,1.4592975e-05,shipping
2024-03-15,PortWatch_directional,0.00017514736,2.0871892e-05,shipping
2024-03-15,SAR,0.00032251695,-3.3252225e-05,shipping
2024-03-22,oil_price_basis,0.0030880326,-0.0012930133,finance
2024-03-22,financial_macro,0.006711566,-0.0037962985,finance
2024-03-22,eia_fundamentals,0.008234902,-0.0022861129,finance
2024-03-22,gpr,0.00041620267,6.317816e-05,finance
2024-03-22,GFW,0.0002763384,1.4386011e-05,shipping
2024-03-22,PortWatch_chokepoint,0.00039276198,1.0218867e-05,shipping
2024-03-22,PortWatch_directional,0.00017761003,4.738499e-05,shipping
2024-03-22,SAR,0.00032382534,-1.9253908e-05,shipping
2024-03-29,oil_price_basis,0.0046879994,-0.0016074496,finance
2024-03-29,financial_macro,0.007430895,-0.004624331,finance
2024-03-29,eia_fundamentals,0.007482273,-0.0023081398,finance
2024-03-29,gpr,0.00032820617,0.00014971294,finance
2024-03-29,GFW,0.0002948666,-1.4558667e-05,shipping
2024-03-29,PortWatch_chokepoint,0.00038901757,-4.704177e-05,shipping
2024-03-29,PortWatch_directional,0.00014696368,-7.190983e-05,shipping
2024-03-29,SAR,0.00024960793,1.047457e-05,shipping
2024-04-05,oil_price_basis,0.0055732094,-0.0011864435,finance
2024-04-05,financial_macro,0.008586665,-0.0037759985,finance
2024-04-05,eia_fundamentals,0.0073352824,-0.0032302183,finance
2024-04-05,gpr,0.00020729064,0.00016246909,finance
2024-04-05,GFW,0.0003341131,1.2382453e-05,shipping
2024-04-05,PortWatch_chokepoint,0.00039580176,2.9053102e-05,shipping
2024-04-05,PortWatch_directional,0.00017622745,-2.0639225e-05,shipping
2024-04-05,SAR,0.00023916109,1.8448587e-05,shipping
2024-04-12,oil_price_basis,0.0041094106,-0.0018247304,finance
2024-04-12,financial_macro,0.008834697,-0.004187169,finance
2024-04-12,eia_fundamentals,0.0074290913,-0.0030090942,finance
2024-04-12,gpr,0.00034882355,0.00033803514,finance
2024-04-12,GFW,0.00031852792,2.2048633e-05,shipping
2024-04-12,PortWatch_chokepoint,0.0004001582,-1.7978657e-05,shipping
2024-04-12,PortWatch_directional,0.0001892513,4.041592e-05,shipping
2024-04-12,SAR,0.00023478828,1.0453847e-05,shipping
2024-04-19,oil_price_basis,0.0045245048,-0.0012593092,finance
2024-04-19,financial_macro,0.0072916923,-0.00083434675,finance
2024-04-19,eia_fundamentals,0.006080892,-0.0029733644,finance
2024-04-19,gpr,0.00032627772,0.00022089158,finance
2024-04-19,GFW,0.00033480464,6.8976715e-06,shipping
2024-04-19,PortWatch_chokepoint,0.00064720167,3.051864e-05,shipping
2024-04-19,PortWatch_directional,0.0001683847,6.156538e-05,shipping
2024-04-19,SAR,0.0002810734,3.1864576e-05,shipping
2024-04-26,oil_price_basis,0.003245401,-0.0014154569,finance
2024-04-26,financial_macro,0.007623048,-0.0012712867,finance
2024-04-26,eia_fundamentals,0.007164082,-0.0006956683,finance
2024-04-26,gpr,0.00029339755,5.0238676e-05,finance
2024-04-26,GFW,0.00029742235,-3.5703383e-06,shipping
2024-04-26,PortWatch_chokepoint,0.00052479596,-1.7185484e-05,shipping
2024-04-26,PortWatch_directional,0.00014069368,1.0668897e-05,shipping
2024-04-26,SAR,0.00024913624,2.2605196e-05,shipping
2024-05-03,oil_price_basis,0.0046394635,-0.00085523026,finance
2024-05-03,financial_macro,0.005611908,-0.00074090296,finance
2024-05-03,eia_fundamentals,0.007526614,-0.003609247,finance
2024-05-03,gpr,0.0004236887,0.00022085755,finance
2024-05-03,GFW,0.00028883608,-2.1680984e-05,shipping
2024-05-03,PortWatch_chokepoint,0.000604247,0.00011415595,shipping
2024-05-03,PortWatch_directional,0.0001323543,-9.982812e-06,shipping
2024-05-03,SAR,0.00029135635,1.5985781e-05,shipping
2024-05-10,oil_price_basis,0.0032358232,0.00045123236,finance
2024-05-10,financial_macro,0.0059445794,-0.0014619622,finance
2024-05-10,eia_fundamentals,0.006610679,-0.0029370836,finance
2024-05-10,gpr,0.00059615145,-0.00010330281,finance
2024-05-10,GFW,0.00034875347,-5.527169e-05,shipping
2024-05-10,PortWatch_chokepoint,0.00062111195,-5.1482697e-05,shipping
2024-05-10,PortWatch_directional,0.00013594342,1.03597995e-05,shipping
2024-05-10,SAR,0.00029886197,1.3222425e-05,shipping
2024-05-17,oil_price_basis,0.005416353,0.0023150162,finance
2024-05-17,financial_macro,0.0062485384,-0.0019942287,finance
2024-05-17,eia_fundamentals,0.007070772,-0.003100517,finance
2024-05-17,gpr,0.0002856398,0.00021610287,finance
2024-05-17,GFW,0.0003030004,-8.4063595e-06,shipping
2024-05-17,PortWatch_chokepoint,0.00067985087,7.696372e-06,shipping
2024-05-17,PortWatch_directional,0.00012634654,-1.207939e-05,shipping
2024-05-17,SAR,0.00027335397,1.2039089e-05,shipping
2024-05-24,oil_price_basis,0.004807237,0.0011396309,finance
2024-05-24,financial_macro,0.0058990293,-4.620866e-05,finance
2024-05-24,eia_fundamentals,0.0068955063,-0.0036192823,finance
2024-05-24,gpr,0.00021676035,7.946139e-06,finance
2024-05-24,GFW,0.00036175965,4.1492305e-05,shipping
2024-05-24,PortWatch_chokepoint,0.0006044595,3.1645548e-05,shipping
2024-05-24,PortWatch_directional,0.00011780283,2.917458e-06,shipping
2024-05-24,SAR,0.00028580317,1.0778856e-05,shipping
2024-05-31,oil_price_basis,0.0047542863,0.0011828024,finance
2024-05-31,financial_macro,0.00676705,-0.0012383892,finance
2024-05-31,eia_fundamentals,0.0075209946,-0.0019207555,finance
2024-05-31,gpr,0.00019725144,0.00013692674,finance
2024-05-31,GFW,0.0002855522,8.501067e-06,shipping
2024-05-31,PortWatch_chokepoint,0.00063942064,0.000101534184,shipping
2024-05-31,PortWatch_directional,0.00013430837,3.1656502e-05,shipping
2024-05-31,SAR,0.0002615982,7.512544e-05,shipping
2024-06-07,oil_price_basis,0.003946218,0.0014487848,finance
2024-06-07,financial_macro,0.00534305,-0.0010287137,finance
2024-06-07,eia_fundamentals,0.0075529534,-0.003250624,finance
2024-06-07,gpr,0.00012202202,5.0788134e-05,finance
2024-06-07,GFW,0.00027745415,3.929693e-05,shipping
2024-06-07,PortWatch_chokepoint,0.0006279617,-0.00021988056,shipping
2024-06-07,PortWatch_directional,0.00013292517,4.6360583e-05,shipping
2024-06-07,SAR,0.0002480101,7.214541e-05,shipping
2024-06-14,oil_price_basis,0.0046242215,0.0018927662,finance
2024-06-14,financial_macro,0.00505936,-0.002372997,finance
2024-06-14,eia_fundamentals,0.0082426965,-0.0032589962,finance
2024-06-14,gpr,0.000105722895,8.645838e-05,finance
2024-06-14,GFW,0.00024759743,7.7273125e-07,shipping
2024-06-14,PortWatch_chokepoint,0.0007448133,0.0002506688,shipping
2024-06-14,PortWatch_directional,0.00013930177,4.2108455e-05,shipping
2024-06-14,SAR,0.0002680356,8.514836e-05,shipping
2024-06-21,oil_price_basis,0.0037233734,-0.00015865106,finance
2024-06-21,financial_macro,0.0060159713,-0.0007937074,finance
2024-06-21,eia_fundamentals,0.0076993247,-0.0028368335,finance
2024-06-21,gpr,7.063887e-05,-2.006927e-05,finance
2024-06-21,GFW,0.00033451917,4.271645e-05,shipping
2024-06-21,PortWatch_chokepoint,0.000647295,-7.67964e-05,shipping
2024-06-21,PortWatch_directional,0.00013279894,-4.0831976e-05,shipping
2024-06-21,SAR,0.0002775183,8.800093e-05,shipping
2024-06-28,oil_price_basis,0.0026875075,-0.00081681716,finance
2024-06-28,financial_macro,0.0067637605,-0.0017597657,finance
2024-06-28,eia_fundamentals,0.0069819367,-0.0029251752,finance
2024-06-28,gpr,8.6739616e-05,2.479633e-05,finance
2024-06-28,GFW,0.000360989,-7.979462e-06,shipping
2024-06-28,PortWatch_chokepoint,0.0005843091,-6.299556e-06,shipping
2024-06-28,PortWatch_directional,0.0001174044,-3.2323864e-05,shipping
2024-06-28,SAR,0.00036074815,-1.4705722e-05,shipping
2024-07-05,oil_price_basis,0.0035911044,-0.00034850618,finance
2024-07-05,financial_macro,0.0059299623,-0.0024688488,finance
2024-07-05,eia_fundamentals,0.008729598,-0.0009931294,finance
2024-07-05,gpr,0.00011204721,0.000100633355,finance
2024-07-05,GFW,0.00038258274,-5.5730336e-05,shipping
2024-07-05,PortWatch_chokepoint,0.0005992344,-9.666408e-05,shipping
2024-07-05,PortWatch_directional,0.00012830633,3.8160302e-05,shipping
2024-07-05,SAR,0.00034341667,-2.9679397e-05,shipping
2024-07-12,oil_price_basis,0.0031202068,-8.28163e-05,finance
2024-07-12,financial_macro,0.0058598816,-0.0022562437,finance
2024-07-12,eia_fundamentals,0.00806444,-0.0030982313,finance
2024-07-12,gpr,0.00013048184,-0.000107098,finance
2024-07-12,GFW,0.00039712395,-2.6190217e-05,shipping
2024-07-12,PortWatch_chokepoint,0.0005888169,-5.9904996e-05,shipping
2024-07-12,PortWatch_directional,0.00010654214,8.687489e-07,shipping
2024-07-12,SAR,0.00034497477,8.619923e-06,shipping
2024-07-19,oil_price_basis,0.0028875272,-0.00060210587,finance
2024-07-19,financial_macro,0.006565442,-0.0009978223,finance
2024-07-19,eia_fundamentals,0.008157825,-0.0010374185,finance
2024-07-19,gpr,0.00012872393,-6.929528e-05,finance
2024-07-19,GFW,0.0003276482,1.9241183e-05,shipping
2024-07-19,PortWatch_chokepoint,0.00041006497,-8.4412595e-06,shipping
2024-07-19,PortWatch_directional,0.0001776841,-6.231146e-05,shipping
2024-07-19,SAR,0.00039731833,-8.4384286e-05,shipping
2024-07-26,oil_price_basis,0.004057193,0.0010154378,finance
2024-07-26,financial_macro,0.0072768815,-0.0018331974,finance
2024-07-26,eia_fundamentals,0.009463759,-0.00036540278,finance
2024-07-26,gpr,8.6463006e-05,-8.2593324e-05,finance
2024-07-26,GFW,0.0003374284,5.6810608e-05,shipping
2024-07-26,PortWatch_chokepoint,0.0004192637,-5.6050914e-05,shipping
2024-07-26,PortWatch_directional,0.00013292264,2.7489767e-05,shipping
2024-07-26,SAR,0.00037916147,-5.5963483e-05,shipping
2024-08-02,oil_price_basis,0.0029819543,0.00031660433,finance
2024-08-02,financial_macro,0.0076147565,-0.004581082,finance
2024-08-02,eia_fundamentals,0.008097877,-0.0003075948,finance
2024-08-02,gpr,0.00012851295,-8.779929e-05,finance
2024-08-02,GFW,0.00039106156,5.9573555e-05,shipping
2024-08-02,PortWatch_chokepoint,0.00036566702,3.4762616e-05,shipping
2024-08-02,PortWatch_directional,9.8255034e-05,3.3224587e-06,shipping
2024-08-02,SAR,0.0003097416,-1.0396249e-05,shipping
2024-08-09,oil_price_basis,0.004200412,0.0020381543,finance
2024-08-09,financial_macro,0.005566627,0.00022963856,finance
2024-08-09,eia_fundamentals,0.0109533295,-0.0019875604,finance
2024-08-09,gpr,0.0003533133,0.00022825165,finance
2024-08-09,GFW,0.00038455878,2.3811106e-05,shipping
2024-08-09,PortWatch_chokepoint,0.00043640932,-0.00015323733,shipping
2024-08-09,PortWatch_directional,0.00012694923,2.887131e-05,shipping
2024-08-09,SAR,0.00031632488,-1.4266225e-05,shipping
2024-08-16,oil_price_basis,0.0028836508,0.00026616437,finance
2024-08-16,financial_macro,0.0063736583,-0.0033671684,finance
2024-08-16,eia_fundamentals,0.008114231,-0.0022826109,finance
2024-08-16,gpr,0.00042003905,0.00042003905,finance
2024-08-16,GFW,0.00036032518,3.2358086e-05,shipping
2024-08-16,PortWatch_chokepoint,0.0004111721,-4.815477e-05,shipping
2024-08-16,PortWatch_directional,0.00015745261,5.2487434e-05,shipping
2024-08-16,SAR,0.00033015094,-3.0306666e-05,shipping
2024-08-23,oil_price_basis,0.0025043988,-0.00061283464,finance
2024-08-23,financial_macro,0.0057068537,-0.0013521154,finance
2024-08-23,eia_fundamentals,0.011568923,-0.0019314641,finance
2024-08-23,gpr,0.0003290113,0.0003290113,finance
2024-08-23,GFW,0.00033751308,7.195982e-05,shipping
2024-08-23,PortWatch_chokepoint,0.0004999647,8.585579e-05,shipping
2024-08-23,PortWatch_directional,0.0001646095,5.2985284e-05,shipping
2024-08-23,SAR,0.00033485144,-2.6842343e-05,shipping
2024-08-30,oil_price_basis,0.002247777,-0.0010010634,finance
2024-08-30,financial_macro,0.0068739327,-0.00093659404,finance
2024-08-30,eia_fundamentals,0.009582812,-0.00036153945,finance
2024-08-30,gpr,0.00032179902,0.00031429893,finance
2024-08-30,GFW,0.0003246283,2.9685472e-05,shipping
2024-08-30,PortWatch_chokepoint,0.00047334886,-8.1471364e-05,shipping
2024-08-30,PortWatch_directional,0.00012178596,1.2328339e-05,shipping
2024-08-30,SAR,0.0003666481,-7.491941e-05,shipping
2024-09-06,oil_price_basis,0.005327389,0.0012108817,finance
2024-09-06,financial_macro,0.0077397944,-0.0042195907,finance
2024-09-06,eia_fundamentals,0.012145521,0.0011402606,finance
2024-09-06,gpr,0.0004367147,0.00037119066,finance
2024-09-06,GFW,0.0003372558,5.84679e-06,shipping
2024-09-06,PortWatch_chokepoint,0.00053303194,2.2809709e-06,shipping
2024-09-06,PortWatch_directional,0.00015026,9.514377e-06,shipping
2024-09-06,SAR,0.00040331794,-6.421724e-05,shipping
2024-09-13,oil_price_basis,0.0027668693,0.0009820177,finance
2024-09-13,financial_macro,0.005602329,-0.0027138656,finance
2024-09-13,eia_fundamentals,0.008353493,-0.00029458944,finance
2024-09-13,gpr,0.0004123344,0.0003988905,finance
2024-09-13,GFW,0.000261397,9.782068e-06,shipping
2024-09-13,PortWatch_chokepoint,0.00049518305,2.740368e-05,shipping
2024-09-13,PortWatch_directional,0.00010834322,-3.6840866e-06,shipping
2024-09-13,SAR,0.0003589939,-7.698619e-05,shipping
2024-09-20,oil_price_basis,0.004094977,0.0018050384,finance
2024-09-20,financial_macro,0.0049378136,-0.0007311469,finance
2024-09-20,eia_fundamentals,0.010091112,-0.00084757694,finance
2024-09-20,gpr,0.00027409705,0.00023339933,finance
2024-09-20,GFW,0.00026721618,3.2166023e-05,shipping
2024-09-20,PortWatch_chokepoint,0.00034802017,-7.159082e-05,shipping
2024-09-20,PortWatch_directional,0.00010681769,4.3660593e-06,shipping
2024-09-20,SAR,0.00033610294,-7.29426e-05,shipping
2024-09-27,oil_price_basis,0.0048339767,0.0018415245,finance
2024-09-27,financial_macro,0.0041881083,0.0005427941,finance
2024-09-27,eia_fundamentals,0.012510735,0.0013149296,finance
2024-09-27,gpr,0.00023628774,-6.678296e-05,finance
2024-09-27,GFW,0.00031210633,-2.358156e-07,shipping
2024-09-27,PortWatch_chokepoint,0.00055037375,6.447822e-05,shipping
2024-09-27,PortWatch_directional,0.00011665719,-2.2153417e-05,shipping
2024-09-27,SAR,0.00042026595,-8.7533714e-05,shipping
2024-10-04,oil_price_basis,0.005175306,0.00015653051,finance
2024-10-04,financial_macro,0.0051956913,6.730505e-05,finance
2024-10-04,eia_fundamentals,0.010574809,-0.0013030315,finance
2024-10-04,gpr,0.0003972425,0.000396615,finance
2024-10-04,GFW,0.00023994409,2.8144932e-06,shipping
2024-10-04,PortWatch_chokepoint,0.00038828418,1.4866781e-05,shipping
2024-10-04,PortWatch_directional,0.00010918326,3.2447956e-06,shipping
2024-10-04,SAR,0.00026982097,3.3133852e-05,shipping
2024-10-11,oil_price_basis,0.0028262013,0.001160435,finance
2024-10-11,financial_macro,0.0055786404,-0.0008932926,finance
2024-10-11,eia_fundamentals,0.010569071,-0.0033210034,finance
2024-10-11,gpr,0.0003288283,0.00031286076,finance
2024-10-11,GFW,0.00022447699,1.7930895e-05,shipping
2024-10-11,PortWatch_chokepoint,0.00038197098,-6.665226e-05,shipping
2024-10-11,PortWatch_directional,0.000103747036,-1.830354e-05,shipping
2024-10-11,SAR,0.00029082518,5.6357367e-05,shipping
2024-10-18,oil_price_basis,0.010706927,0.0031422353,finance
2024-10-18,financial_macro,0.007688827,-0.00019715517,finance
2024-10-18,eia_fundamentals,0.018047154,-0.007906716,finance
2024-10-18,gpr,0.00027186828,0.00019137489,finance
2024-10-18,GFW,0.00015154477,-3.7973196e-06,shipping
2024-10-18,PortWatch_chokepoint,0.00025214488,-3.6777707e-05,shipping
2024-10-18,PortWatch_directional,0.00011961669,-4.3112424e-05,shipping
2024-10-18,SAR,0.00014601408,2.3881401e-05,shipping
2024-10-25,oil_price_basis,0.0054503437,0.00079626124,finance
2024-10-25,financial_macro,0.010850052,0.0012397411,finance
2024-10-25,eia_fundamentals,0.014698619,-0.0054964935,finance
2024-10-25,gpr,0.0002445249,0.0002445249,finance
2024-10-25,GFW,0.00014419293,-3.1573427e-07,shipping
2024-10-25,PortWatch_chokepoint,0.00021856434,-1.9615367e-05,shipping
2024-10-25,PortWatch_directional,8.1289625e-05,-9.759125e-06,shipping
2024-10-25,SAR,0.00012701898,2.362792e-05,shipping
2024-11-01,oil_price_basis,0.0045912485,0.0019868682,finance
2024-11-01,financial_macro,0.009675291,0.0027948222,finance
2024-11-01,eia_fundamentals,0.014191276,-0.005950998,finance
2024-11-01,gpr,0.00013998542,0.000110064204,finance
2024-11-01,GFW,0.00017332731,1.1101565e-05,shipping
2024-11-01,PortWatch_chokepoint,0.00025022103,-1.7185823e-05,shipping
2024-11-01,PortWatch_directional,0.000119184406,-3.47686e-05,shipping
2024-11-01,SAR,0.00013979258,-6.6537664e-06,shipping
2024-11-08,oil_price_basis,0.0041708043,0.0031818599,finance
2024-11-08,financial_macro,0.0086898655,-0.0006101468,finance
2024-11-08,eia_fundamentals,0.01352103,-0.005792314,finance
2024-11-08,gpr,0.0007109585,0.0006915586,finance
2024-11-08,GFW,0.00015563873,-2.0166249e-06,shipping
2024-11-08,PortWatch_chokepoint,0.00025023092,-4.1196967e-05,shipping
2024-11-08,PortWatch_directional,0.00013339253,-6.2853965e-06,shipping
2024-11-08,SAR,0.00012812627,-1.756198e-05,shipping
2024-11-15,oil_price_basis,0.0038225632,-0.0013846678,finance
2024-11-15,financial_macro,0.010232098,0.0030167294,finance
2024-11-15,eia_fundamentals,0.012619692,-0.004958961,finance
2024-11-15,gpr,0.00015001718,2.3511813e-05,finance
2024-11-15,GFW,0.00017890263,-1.3085877e-05,shipping
2024-11-15,PortWatch_chokepoint,0.0003615129,4.759173e-05,shipping
2024-11-15,PortWatch_directional,0.00010068616,3.581468e-05,shipping
2024-11-15,SAR,0.00012609753,-7.780069e-06,shipping
2024-11-22,oil_price_basis,0.004058596,-1.6859452e-05,finance
2024-11-22,financial_macro,0.009319831,-0.0012075847,finance
2024-11-22,eia_fundamentals,0.011989757,-0.00039445155,finance
2024-11-22,gpr,0.0001223928,6.128775e-05,finance
2024-11-22,GFW,0.00019994307,2.2535838e-05,shipping
2024-11-22,PortWatch_chokepoint,0.00028783022,-5.5665492e-05,shipping
2024-11-22,PortWatch_directional,9.184543e-05,-7.716097e-06,shipping
2024-11-22,SAR,0.00013823292,1.499503e-06,shipping
2024-11-29,oil_price_basis,0.003408846,-0.0016085244,finance
2024-11-29,financial_macro,0.010364916,-0.0024373666,finance
2024-11-29,eia_fundamentals,0.013017882,-0.0034993617,finance
2024-11-29,gpr,0.0001619827,1.6941623e-05,finance
2024-11-29,GFW,0.00018062105,-4.098931e-05,shipping
2024-11-29,PortWatch_chokepoint,0.00028385466,-3.3344313e-05,shipping
2024-11-29,PortWatch_directional,8.5461084e-05,-4.5469346e-06,shipping
2024-11-29,SAR,0.0001457562,5.6202305e-05,shipping
2024-12-06,oil_price_basis,0.0027548785,0.0007543375,finance
2024-12-06,financial_macro,0.0076947934,0.0010673173,finance
2024-12-06,eia_fundamentals,0.014790704,-0.0017296236,finance
2024-12-06,gpr,0.0004959768,0.0004959768,finance
2024-12-06,GFW,0.00017699764,-1.0105185e-05,shipping
2024-12-06,PortWatch_chokepoint,0.00026336624,-3.5604156e-05,shipping
2024-12-06,PortWatch_directional,0.000120572906,1.0493794e-05,shipping
2024-12-06,SAR,0.00015555152,4.555814e-05,shipping
2024-12-13,oil_price_basis,0.0049186526,0.002335586,finance
2024-12-13,financial_macro,0.007784252,0.002650303,finance
2024-12-13,eia_fundamentals,0.014288669,-0.0038371887,finance
2024-12-13,gpr,0.0005472434,0.0003154003,finance
2024-12-13,GFW,0.00017985093,-8.1894814e-07,shipping
2024-12-13,PortWatch_chokepoint,0.00027817982,7.079906e-05,shipping
2024-12-13,PortWatch_directional,0.00010065605,5.280743e-06,shipping
2024-12-13,SAR,0.00014509006,3.335284e-05,shipping
2024-12-20,oil_price_basis,0.0038072313,0.002118141,finance
2024-12-20,financial_macro,0.010169105,0.0012699448,finance
2024-12-20,eia_fundamentals,0.015401054,-0.0027070013,finance
2024-12-20,gpr,0.00039476604,0.00036998786,finance
2024-12-20,GFW,0.00022158655,4.368724e-05,shipping
2024-12-20,PortWatch_chokepoint,0.00021671306,-5.5778746e-05,shipping
2024-12-20,PortWatch_directional,0.000108761276,-3.261244e-05,shipping
2024-12-20,SAR,0.00015480487,3.978634e-05,shipping
2024-12-27,oil_price_basis,0.0049064998,0.0024506007,finance
2024-12-27,financial_macro,0.0076227086,0.00081748696,finance
2024-12-27,eia_fundamentals,0.014695681,-0.0019654396,finance
2024-12-27,gpr,0.00040622472,0.00040622472,finance
2024-12-27,GFW,0.00018680008,-4.775999e-05,shipping
2024-12-27,PortWatch_chokepoint,0.00019966146,-2.5426622e-05,shipping
2024-12-27,PortWatch_directional,0.00010626947,2.5902567e-05,shipping
2024-12-27,SAR,0.00014438831,4.332873e-05,shipping
2025-01-03,oil_price_basis,0.0057138023,0.0028117688,finance
2025-01-03,financial_macro,0.0058184466,0.00022825933,finance
2025-01-03,eia_fundamentals,0.013756641,-0.0026140637,finance
2025-01-03,gpr,0.00048224686,0.00045517448,finance
2025-01-03,GFW,0.0002190201,-2.3836143e-05,shipping
2025-01-03,PortWatch_chokepoint,0.00025670353,4.582442e-05,shipping
2025-01-03,PortWatch_directional,0.000110776404,1.1763286e-05,shipping
2025-01-03,SAR,0.00013874972,2.3326105e-05,shipping
2025-01-10,oil_price_basis,0.0055878893,0.0027024425,finance
2025-01-10,financial_macro,0.0076265763,0.00078076194,finance
2025-01-10,eia_fundamentals,0.013969472,-0.001989718,finance
2025-01-10,gpr,0.00047961733,0.00043574808,finance
2025-01-10,GFW,0.00020026758,-2.7494285e-05,shipping
2025-01-10,PortWatch_chokepoint,0.0002796233,-8.952624e-05,shipping
2025-01-10,PortWatch_directional,0.000112562324,1.4805302e-05,shipping
2025-01-10,SAR,0.00015312184,2.0212217e-05,shipping
2025-01-17,oil_price_basis,0.0017399128,-4.380716e-05,finance
2025-01-17,financial_macro,0.00446981,-0.0027782912,finance
2025-01-17,eia_fundamentals,0.0071685896,0.0010113937,finance
2025-01-17,gpr,0.00032208685,-0.00032208685,finance
2025-01-17,GFW,0.00017670573,-2.6315223e-05,shipping
2025-01-17,PortWatch_chokepoint,0.00020092231,4.746019e-05,shipping
2025-01-17,PortWatch_directional,0.00012268657,6.1522087e-06,shipping
2025-01-17,SAR,0.00016883254,7.568083e-05,shipping
2025-01-24,oil_price_basis,0.0016049582,0.00046999851,finance
2025-01-24,financial_macro,0.0029308337,-0.00080101145,finance
2025-01-24,eia_fundamentals,0.0074059223,-0.0003620794,finance
2025-01-24,gpr,0.00012748456,-0.00011341047,finance
2025-01-24,GFW,0.00018687372,-2.0418343e-05,shipping
2025-01-24,PortWatch_chokepoint,0.00021573523,3.0300931e-05,shipping
2025-01-24,PortWatch_directional,0.00011960166,-2.5305046e-05,shipping
2025-01-24,SAR,0.00017912955,7.404066e-05,shipping
2025-01-31,oil_price_basis,0.0014796732,0.00066559494,finance
2025-01-31,financial_macro,0.0028445378,-0.0014862425,finance
2025-01-31,eia_fundamentals,0.005878615,0.00053936447,finance
2025-01-31,gpr,0.0001414132,5.416697e-05,finance
2025-01-31,GFW,0.000151249,-8.664938e-06,shipping
2025-01-31,PortWatch_chokepoint,0.0001791558,3.7130278e-05,shipping
2025-01-31,PortWatch_directional,0.0001385835,2.6596817e-05,shipping
2025-01-31,SAR,0.00021878419,8.442761e-05,shipping
2025-02-07,oil_price_basis,0.0014083069,-0.0002551266,finance
2025-02-07,financial_macro,0.004499344,-0.0016978354,finance
2025-02-07,eia_fundamentals,0.00823766,-0.0014486107,finance
2025-02-07,gpr,0.00023407584,0.00017124413,finance
2025-02-07,GFW,0.0001822014,-1.6281228e-05,shipping
2025-02-07,PortWatch_chokepoint,0.00018923922,5.823607e-05,shipping
2025-02-07,PortWatch_directional,0.0001233361,1.2618101e-06,shipping
2025-02-07,SAR,0.00023659946,7.60743e-05,shipping
2025-02-14,oil_price_basis,0.0012943972,0.00067877606,finance
2025-02-14,financial_macro,0.004938098,-0.0015460573,finance
2025-02-14,eia_fundamentals,0.0068093794,-0.00072594907,finance
2025-02-14,gpr,0.00014453034,4.6980535e-05,finance
2025-02-14,GFW,0.00016431206,4.1418734e-06,shipping
2025-02-14,PortWatch_chokepoint,0.00016605848,2.9667386e-05,shipping
2025-02-14,PortWatch_directional,0.000108681896,1.743717e-05,shipping
2025-02-14,SAR,0.00023305777,5.6935507e-05,shipping
2025-02-21,oil_price_basis,0.00091265724,1.4496443e-05,finance
2025-02-21,financial_macro,0.004211725,-0.0010358255,finance
2025-02-21,eia_fundamentals,0.008202603,-0.0019856172,finance
2025-02-21,gpr,7.336457e-05,-7.336457e-05,finance
2025-02-21,GFW,0.00017190387,-1.3530814e-06,shipping
2025-02-21,PortWatch_chokepoint,0.0001720375,5.4287324e-05,shipping
2025-02-21,PortWatch_directional,8.236743e-05,-1.023404e-05,shipping
2025-02-21,SAR,0.00022613206,7.598428e-05,shipping
2025-02-28,oil_price_basis,0.0010412135,0.0001716608,finance
2025-02-28,financial_macro,0.004090351,-0.002188641,finance
2025-02-28,eia_fundamentals,0.0059830416,-0.00071991386,finance
2025-02-28,gpr,0.00059919443,0.00044880973,finance
2025-02-28,GFW,0.00017336267,-1.3164247e-05,shipping
2025-02-28,PortWatch_chokepoint,0.00016066787,3.5011126e-06,shipping
2025-02-28,PortWatch_directional,0.000116150935,5.654585e-07,shipping
2025-02-28,SAR,0.00021352465,7.8433586e-05,shipping
2025-03-07,oil_price_basis,0.0016857117,0.00037918682,finance
2025-03-07,financial_macro,0.006090252,0.0005219901,finance
2025-03-07,eia_fundamentals,0.0076093166,-0.0035292294,finance
2025-03-07,gpr,0.0003924209,0.00036026264,finance
2025-03-07,GFW,0.00018135636,-1.2969815e-05,shipping
2025-03-07,PortWatch_chokepoint,0.00020053882,4.2352705e-05,shipping
2025-03-07,PortWatch_directional,0.00012263005,2.5349547e-05,shipping
2025-03-07,SAR,0.00023200248,8.5109554e-05,shipping
2025-03-14,oil_price_basis,0.0013644707,0.00048442412,finance
2025-03-14,financial_macro,0.0047648726,-0.0014755612,finance
2025-03-14,eia_fundamentals,0.005721179,-0.00222473,finance
2025-03-14,gpr,0.0008114885,0.00075162324,finance
2025-03-14,GFW,0.00014975935,-1.6677655e-05,shipping
2025-03-14,PortWatch_chokepoint,0.00015552554,3.946914e-05,shipping
2025-03-14,PortWatch_directional,0.00012470337,4.3589375e-06,shipping
2025-03-14,SAR,0.00019193332,8.91606e-05,shipping
2025-03-21,oil_price_basis,0.0014094398,0.00021999147,finance
2025-03-21,financial_macro,0.004932369,-0.0014232615,finance
2025-03-21,eia_fundamentals,0.0070696403,-0.0031385813,finance
2025-03-21,gpr,0.0011146758,0.0010101302,finance
2025-03-21,GFW,0.00014242493,-7.91148e-06,shipping
2025-03-21,PortWatch_chokepoint,0.00016533592,1.1332511e-05,shipping
2025-03-21,PortWatch_directional,0.000104508785,6.138737e-06,shipping
2025-03-21,SAR,0.00019509048,8.075255e-05,shipping
2025-03-28,oil_price_basis,0.0019394227,0.00013641609,finance
2025-03-28,financial_macro,0.0043192045,-0.0014812348,finance
2025-03-28,eia_fundamentals,0.0062366333,-0.00056488375,finance
2025-03-28,gpr,0.0009708577,0.0009681465,finance
2025-03-28,GFW,0.00015710489,-1.855908e-05,shipping
2025-03-28,PortWatch_chokepoint,0.00019595124,5.300489e-05,shipping
2025-03-28,PortWatch_directional,9.5867246e-05,-9.4103405e-07,shipping
2025-03-28,SAR,0.00022904643,7.428214e-05,shipping
2025-04-04,oil_price_basis,0.0022354783,0.00016094005,finance
2025-04-04,financial_macro,0.0061383783,-0.0006912297,finance
2025-04-04,eia_fundamentals,0.005388459,-0.0009607246,finance
2025-04-04,gpr,0.00045239666,0.00045239666,finance
2025-04-04,GFW,0.00027843256,-5.1197625e-05,shipping
2025-04-04,PortWatch_chokepoint,0.00023685362,3.7924077e-05,shipping
2025-04-04,PortWatch_directional,0.000106640065,-2.0885258e-05,shipping
2025-04-04,SAR,0.00023966584,5.927734e-05,shipping
2025-04-11,oil_price_basis,0.0021427441,0.0015981318,finance
2025-04-11,financial_macro,0.015105806,0.004569822,finance
2025-04-11,eia_fundamentals,0.005350056,-0.0012722281,finance
2025-04-11,gpr,0.00051861303,0.00038077237,finance
2025-04-11,GFW,0.0001982615,-3.9246366e-05,shipping
2025-04-11,PortWatch_chokepoint,0.00022167775,-1.4087375e-06,shipping
2025-04-11,PortWatch_directional,0.00010657441,1.9095121e-05,shipping
2025-04-11,SAR,0.00029201456,9.7577795e-05,shipping
2025-04-18,oil_price_basis,0.006296986,0.0030560787,finance
2025-04-18,financial_macro,0.013026651,-0.004617455,finance
2025-04-18,eia_fundamentals,0.016819008,-0.004210444,finance
2025-04-18,gpr,0.00026510275,-0.00014050052,finance
2025-04-18,GFW,0.00021094487,-7.395698e-05,shipping
2025-04-18,PortWatch_chokepoint,0.0001776866,1.3284854e-05,shipping
2025-04-18,PortWatch_directional,6.39511e-05,5.8468004e-06,shipping
2025-04-18,SAR,0.00011538629,2.0921867e-05,shipping
2025-04-25,oil_price_basis,0.007635754,0.0045203255,finance
2025-04-25,financial_macro,0.012538193,-0.0015520224,finance
2025-04-25,eia_fundamentals,0.015354095,-0.007728507,finance
2025-04-25,gpr,0.00025701703,-0.00023218559,finance
2025-04-25,GFW,0.00024140313,-7.216404e-05,shipping
2025-04-25,PortWatch_chokepoint,0.00020232257,1.7050275e-05,shipping
2025-04-25,PortWatch_directional,9.5783136e-05,-1.7046894e-05,shipping
2025-04-25,SAR,0.00014062598,2.754155e-05,shipping
2025-05-02,oil_price_basis,0.011663017,0.006166546,finance
2025-05-02,financial_macro,0.009855475,-0.0015501821,finance
2025-05-02,eia_fundamentals,0.015258489,-0.009061025,finance
2025-05-02,gpr,0.0002817105,-0.00027568208,finance
2025-05-02,GFW,0.0002040619,-2.2128466e-05,shipping
2025-05-02,PortWatch_chokepoint,0.00019037323,-4.1514308e-05,shipping
2025-05-02,PortWatch_directional,7.812467e-05,-2.4450014e-06,shipping
2025-05-02,SAR,0.00012321936,1.1438082e-05,shipping
2025-05-09,oil_price_basis,0.01122712,0.008284353,finance
2025-05-09,financial_macro,0.0082859285,-0.0039516194,finance
2025-05-09,eia_fundamentals,0.016449194,-0.0049998984,finance
2025-05-09,gpr,9.171523e-05,6.844213e-05,finance
2025-05-09,GFW,0.00020806516,-2.2762158e-06,shipping
2025-05-09,PortWatch_chokepoint,0.00016707835,-3.4525333e-06,shipping
2025-05-09,PortWatch_directional,7.462273e-05,8.708719e-06,shipping
2025-05-09,SAR,0.00012020872,3.0584702e-05,shipping
2025-05-16,oil_price_basis,0.010467806,0.009010947,finance
2025-05-16,financial_macro,0.008276512,0.0019529092,finance
2025-05-16,eia_fundamentals,0.012756359,-0.0046012397,finance
2025-05-16,gpr,0.00023342446,-0.000119822085,finance
2025-05-16,GFW,0.00018416533,3.4871788e-05,shipping
2025-05-16,PortWatch_chokepoint,0.00018878703,1.8369323e-05,shipping
2025-05-16,PortWatch_directional,5.6981233e-05,9.686042e-07,shipping
2025-05-16,SAR,0.0001142486,2.554575e-05,shipping
2025-05-23,oil_price_basis,0.008325177,0.0063676997,finance
2025-05-23,financial_macro,0.009471755,-0.004225404,finance
2025-05-23,eia_fundamentals,0.014723637,-0.006707365,finance
2025-05-23,gpr,0.00021163064,0.0002035828,finance
2025-05-23,GFW,0.00021936766,8.926625e-06,shipping
2025-05-23,PortWatch_chokepoint,0.00022148428,-3.364562e-05,shipping
2025-05-23,PortWatch_directional,6.235134e-05,9.349606e-06,shipping
2025-05-23,SAR,0.00015394845,1.5960637e-05,shipping
2025-05-30,oil_price_basis,0.007945377,0.0053570187,finance
2025-05-30,financial_macro,0.010687649,-0.0017790495,finance
2025-05-30,eia_fundamentals,0.014428834,-0.0057282727,finance
2025-05-30,gpr,0.00036887755,-0.00028493578,finance
2025-05-30,GFW,0.0002300101,6.4390755e-05,shipping
2025-05-30,PortWatch_chokepoint,0.00017525034,-2.3021962e-06,shipping
2025-05-30,PortWatch_directional,6.1341394e-05,-1.4712621e-05,shipping
2025-05-30,SAR,0.00013283634,2.4185276e-06,shipping
2025-06-06,oil_price_basis,0.009674831,0.005880911,finance
2025-06-06,financial_macro,0.008895946,-0.00070220046,finance
2025-06-06,eia_fundamentals,0.018850788,-0.005596752,finance
2025-06-06,gpr,0.00039858485,0.0003935419,finance
2025-06-06,GFW,0.00018557932,2.57414e-05,shipping
2025-06-06,PortWatch_chokepoint,0.00017764534,-2.2893359e-05,shipping
2025-06-06,PortWatch_directional,7.364789e-05,-1.4640313e-05,shipping
2025-06-06,SAR,0.00012866814,7.525539e-06,shipping
2025-06-13,oil_price_basis,0.011224662,0.006668888,finance
2025-06-13,financial_macro,0.009146598,-0.0056576743,finance
2025-06-13,eia_fundamentals,0.017754888,-0.005448683,finance
2025-06-13,gpr,0.00032639535,0.00020267241,finance
2025-06-13,GFW,0.00023244783,5.3303753e-05,shipping
2025-06-13,PortWatch_chokepoint,0.00017442254,-9.6147705e-06,shipping
2025-06-13,PortWatch_directional,6.643392e-05,1.553921e-05,shipping
2025-06-13,SAR,0.00013051447,1.34442635e-05,shipping
2025-06-20,oil_price_basis,0.008033653,0.0040996075,finance
2025-06-20,financial_macro,0.010706025,-0.003656648,finance
2025-06-20,eia_fundamentals,0.024373258,-0.0039712703,finance
2025-06-20,gpr,0.0004033122,-0.00015117791,finance
2025-06-20,GFW,0.00021710353,1.3907279e-05,shipping
2025-06-20,PortWatch_chokepoint,0.00018336592,-1.9935418e-05,shipping
2025-06-20,PortWatch_directional,7.809379e-05,-1.9232077e-05,shipping
2025-06-20,SAR,0.00013732072,5.0413128e-06,shipping
2025-06-27,oil_price_basis,0.013062486,0.004010252,finance
2025-06-27,financial_macro,0.010789595,-0.002104596,finance
2025-06-27,eia_fundamentals,0.021508977,-0.0029047995,finance
2025-06-27,gpr,0.0010510576,-0.0010510576,finance
2025-06-27,GFW,0.00020930837,1.3433129e-05,shipping
2025-06-27,PortWatch_chokepoint,0.00020712597,-1.2966635e-06,shipping
2025-06-27,PortWatch_directional,7.187461e-05,1.2183973e-06,shipping
2025-06-27,SAR,0.00013395339,7.949044e-06,shipping
2025-07-04,oil_price_basis,0.0061883214,0.003832004,finance
2025-07-04,financial_macro,0.006892765,-0.00070945726,finance
2025-07-04,eia_fundamentals,0.018092923,0.0014672182,finance
2025-07-04,gpr,0.0023506759,-0.001418481,finance
2025-07-04,GFW,0.00022262796,6.6971996e-05,shipping
2025-07-04,PortWatch_chokepoint,0.00019306615,-2.0948884e-05,shipping
2025-07-04,PortWatch_directional,7.960416e-05,1.6643526e-08,shipping
2025-07-04,SAR,0.00012168002,-2.1382775e-06,shipping
2025-07-11,oil_price_basis,0.008503593,0.005807199,finance
2025-07-11,financial_macro,0.0074344086,-0.0021491344,finance
2025-07-11,eia_fundamentals,0.02087552,-0.0076766824,finance
2025-07-11,gpr,0.00038374704,0.0003147116,finance
2025-07-11,GFW,0.00021824498,4.057806e-05,shipping
2025-07-11,PortWatch_chokepoint,0.00020359003,-1.3588652e-05,shipping
2025-07-11,PortWatch_directional,6.213902e-05,1.3302629e-05,shipping
2025-07-11,SAR,0.00012133333,-3.8502594e-06,shipping
2025-07-18,oil_price_basis,0.018429594,0.014575395,finance
2025-07-18,financial_macro,0.0136234,0.00040841522,finance
2025-07-18,eia_fundamentals,0.031005083,-0.009072388,finance
2025-07-18,gpr,0.0014775612,0.0011982895,finance
2025-07-18,GFW,4.424673e-05,-2.0283353e-06,shipping
2025-07-18,PortWatch_chokepoint,4.1440948e-05,1.896227e-05,shipping
2025-07-18,PortWatch_directional,9.776401e-06,2.4680304e-07,shipping
2025-07-18,SAR,1.6661166e-05,-1.9854897e-06,shipping
2025-07-25,oil_price_basis,0.019724617,0.016461447,finance
2025-07-25,financial_macro,0.021596678,-0.0014124234,finance
2025-07-25,eia_fundamentals,0.04027964,-0.013955404,finance
2025-07-25,gpr,0.00068148784,0.00068148784,finance
2025-07-25,GFW,5.4100892e-05,-8.491158e-06,shipping
2025-07-25,PortWatch_chokepoint,4.944977e-05,-3.3785975e-06,shipping
2025-07-25,PortWatch_directional,9.158739e-06,3.2215405e-07,shipping
2025-07-25,SAR,2.014879e-05,-3.986745e-06,shipping
2025-08-01,oil_price_basis,0.020714946,0.013790494,finance
2025-08-01,financial_macro,0.025214188,-0.006443794,finance
2025-08-01,eia_fundamentals,0.036872104,-0.011612045,finance
2025-08-01,gpr,0.00044518747,0.00029895766,finance
2025-08-01,GFW,5.1368777e-05,-3.0058327e-05,shipping
2025-08-01,PortWatch_chokepoint,3.349132e-05,7.94153e-06,shipping
2025-08-01,PortWatch_directional,6.4967044e-06,-1.5447762e-07,shipping
2025-08-01,SAR,2.0487463e-05,-3.8324442e-06,shipping
2025-08-08,oil_price_basis,0.025364444,0.018973188,finance
2025-08-08,financial_macro,0.021653885,0.0015327185,finance
2025-08-08,eia_fundamentals,0.037634898,-0.012783978,finance
2025-08-08,gpr,0.0014921483,-0.001137794,finance
2025-08-08,GFW,7.662657e-05,-4.9727176e-05,shipping
2025-08-08,PortWatch_chokepoint,4.156258e-05,-1.9440527e-06,shipping
2025-08-08,PortWatch_directional,1.211374e-05,1.3569766e-06,shipping
2025-08-08,SAR,3.743091e-05,-1.0924888e-05,shipping
2025-08-15,oil_price_basis,0.01608783,0.011994414,finance
2025-08-15,financial_macro,0.017393263,0.007672269,finance
2025-08-15,eia_fundamentals,0.030065812,-0.0026551953,finance
2025-08-15,gpr,0.00092400174,0.00030272384,finance
2025-08-15,GFW,7.0255686e-05,-3.8806837e-05,shipping
2025-08-15,PortWatch_chokepoint,3.676455e-05,1.3316263e-05,shipping
2025-08-15,PortWatch_directional,9.189719e-06,3.5884213e-07,shipping
2025-08-15,SAR,3.479113e-05,-6.0800935e-06,shipping
2025-08-22,oil_price_basis,0.015673641,0.010003201,finance
2025-08-22,financial_macro,0.019904496,-0.00068939105,finance
2025-08-22,eia_fundamentals,0.030996177,-0.0018347512,finance
2025-08-22,gpr,0.0005892995,0.00015457656,finance
2025-08-22,GFW,5.6823606e-05,-3.6874328e-05,shipping
2025-08-22,PortWatch_chokepoint,3.318188e-05,-2.7973779e-06,shipping
2025-08-22,PortWatch_directional,7.2050143e-06,8.802209e-08,shipping
2025-08-22,SAR,2.7856495e-05,-4.107202e-06,shipping
2025-08-29,oil_price_basis,0.017460631,0.013783275,finance
2025-08-29,financial_macro,0.022524191,-0.00813043,finance
2025-08-29,eia_fundamentals,0.038518697,-0.0029587667,finance
2025-08-29,gpr,0.00083893974,-1.7432467e-06,finance
2025-08-29,GFW,5.218402e-05,-7.3983097e-06,shipping
2025-08-29,PortWatch_chokepoint,4.539348e-05,-9.574118e-06,shipping
2025-08-29,PortWatch_directional,1.062497e-05,-2.3296865e-07,shipping
2025-08-29,SAR,3.1648524e-05,-1.7179503e-06,shipping
2025-09-05,oil_price_basis,0.021680146,0.018296253,finance
2025-09-05,financial_macro,0.022561051,-0.0094959065,finance
2025-09-05,eia_fundamentals,0.034606423,-0.005171186,finance
2025-09-05,gpr,0.0007410381,5.5415934e-05,finance
2025-09-05,GFW,4.5641973e-05,-3.0352078e-06,shipping
2025-09-05,PortWatch_chokepoint,4.4751283e-05,1.6228572e-05,shipping
2025-09-05,PortWatch_directional,6.5182453e-06,-1.1702831e-06,shipping
2025-09-05,SAR,2.8003953e-05,-1.2451974e-06,shipping
2025-09-12,oil_price_basis,0.016956104,0.008898926,finance
2025-09-12,financial_macro,0.0153848445,-0.0017771996,finance
2025-09-12,eia_fundamentals,0.0380271,-0.01281937,finance
2025-09-12,gpr,0.0009562421,0.00088800513,finance
2025-09-12,GFW,3.759821e-05,4.371234e-06,shipping
2025-09-12,PortWatch_chokepoint,3.4615958e-05,-1.3236914e-05,shipping
2025-09-12,PortWatch_directional,7.540531e-06,-1.444468e-06,shipping
2025-09-12,SAR,2.1358495e-05,-1.2350102e-06,shipping
2025-09-19,oil_price_basis,0.015554888,0.012740701,finance
2025-09-19,financial_macro,0.014551746,0.0058704587,finance
2025-09-19,eia_fundamentals,0.046269033,-0.013106738,finance
2025-09-19,gpr,0.00029311544,0.00013428887,finance
2025-09-19,GFW,5.29312e-05,-5.941073e-08,shipping
2025-09-19,PortWatch_chokepoint,4.9724233e-05,1.3758577e-05,shipping
2025-09-19,PortWatch_directional,1.03851e-05,1.167645e-06,shipping
2025-09-19,SAR,2.8578912e-05,-3.765355e-06,shipping
2025-09-26,oil_price_basis,0.01521095,0.004262293,finance
2025-09-26,financial_macro,0.019091558,0.0012888955,finance
2025-09-26,eia_fundamentals,0.032155484,-0.010190933,finance
2025-09-26,gpr,0.00083797553,0.0005799177,finance
2025-09-26,GFW,4.1761527e-05,-2.3168745e-06,shipping
2025-09-26,PortWatch_chokepoint,3.179671e-05,4.467952e-06,shipping
2025-09-26,PortWatch_directional,8.228406e-06,1.6921041e-06,shipping
2025-09-26,SAR,2.3147466e-05,-3.3664223e-06,shipping
2025-10-03,oil_price_basis,0.019294318,0.010872145,finance
2025-10-03,financial_macro,0.018106107,-0.0069010686,finance
2025-10-03,eia_fundamentals,0.038621344,-0.015192886,finance
2025-10-03,gpr,0.00064789696,-0.00025208993,finance
2025-10-03,GFW,3.491808e-05,7.5557973e-06,shipping
2025-10-03,PortWatch_chokepoint,3.139335e-05,-4.7667695e-07,shipping
2025-10-03,PortWatch_directional,8.16019e-06,-5.786456e-08,shipping
2025-10-03,SAR,2.3984054e-05,1.6279414e-07,shipping
2025-10-10,oil_price_basis,0.01932238,0.0107040135,finance
2025-10-10,financial_macro,0.023487434,-0.007307896,finance
2025-10-10,eia_fundamentals,0.039590757,0.00038929982,finance
2025-10-10,gpr,0.0011308707,-0.0010009245,finance
2025-10-10,GFW,3.7737e-05,1.6055689e-06,shipping
2025-10-10,PortWatch_chokepoint,3.8843937e-05,1.3153759e-05,shipping
2025-10-10,PortWatch_directional,7.615808e-06,-2.8760923e-08,shipping
2025-10-10,SAR,2.4271718e-05,1.049141e-06,shipping
2025-10-17,oil_price_basis,0.028503273,0.011606,finance
2025-10-17,financial_macro,0.024361087,0.00028753164,finance
2025-10-17,eia_fundamentals,0.064347625,-0.019104224,finance
2025-10-17,gpr,0.0018736388,-0.001356042,finance
2025-10-17,GFW,3.5405854e-05,3.197806e-07,shipping
2025-10-17,PortWatch_chokepoint,3.848115e-05,2.833797e-06,shipping
2025-10-17,PortWatch_directional,1.7400554e-05,5.338625e-07,shipping
2025-10-17,SAR,3.2170203e-05,-9.240637e-06,shipping
2025-10-24,oil_price_basis,0.025755242,0.010904059,finance
2025-10-24,financial_macro,0.015285943,0.005845598,finance
2025-10-24,eia_fundamentals,0.0424924,-0.009677269,finance
2025-10-24,gpr,0.001837751,-0.00094660465,finance
2025-10-24,GFW,3.6541773e-05,3.85379e-06,shipping
2025-10-24,PortWatch_chokepoint,4.4402503e-05,5.27115e-06,shipping
2025-10-24,PortWatch_directional,1.7196227e-05,-4.29342e-06,shipping
2025-10-24,SAR,3.467617e-05,-5.9483073e-06,shipping
2025-10-31,oil_price_basis,0.019363122,0.012847974,finance
2025-10-31,financial_macro,0.020716833,0.012332066,finance
2025-10-31,eia_fundamentals,0.065598845,-0.025521785,finance
2025-10-31,gpr,0.0013702937,-0.0006078753,finance
2025-10-31,GFW,4.28924e-05,-5.1810734e-06,shipping
2025-10-31,PortWatch_chokepoint,4.1022588e-05,5.6270583e-06,shipping
2025-10-31,PortWatch_directional,2.0805946e-05,2.6199407e-06,shipping
2025-10-31,SAR,2.8243776e-05,8.064717e-09,shipping
2025-11-07,oil_price_basis,0.019638702,0.016469112,finance
2025-11-07,financial_macro,0.01872844,0.0037323707,finance
2025-11-07,eia_fundamentals,0.04944487,-0.01979055,finance
2025-11-07,gpr,0.00084562553,-0.00071305665,finance
2025-11-07,GFW,3.9880455e-05,3.818518e-06,shipping
2025-11-07,PortWatch_chokepoint,4.571542e-05,7.6230453e-06,shipping
2025-11-07,PortWatch_directional,1.7258248e-05,-2.5976342e-06,shipping
2025-11-07,SAR,2.6019537e-05,6.916706e-07,shipping
2025-11-14,oil_price_basis,0.024015069,0.018634727,finance
2025-11-14,financial_macro,0.014614939,0.0044193645,finance
2025-11-14,eia_fundamentals,0.0688318,-0.035163764,finance
2025-11-14,gpr,0.00068190787,0.00068190787,finance
2025-11-14,GFW,3.4520188e-05,1.3418857e-07,shipping
2025-11-14,PortWatch_chokepoint,3.4823675e-05,1.2143373e-05,shipping
2025-11-14,PortWatch_directional,1.4421538e-05,-3.1647676e-06,shipping
2025-11-14,SAR,2.1467695e-05,8.545092e-07,shipping
2025-11-21,oil_price_basis,0.01871945,0.008919109,finance
2025-11-21,financial_macro,0.027955338,-0.0065740487,finance
2025-11-21,eia_fundamentals,0.05388757,-0.011365898,finance
2025-11-21,gpr,0.0021875554,0.0021599617,finance
2025-11-21,GFW,4.6474634e-05,-2.815356e-07,shipping
2025-11-21,PortWatch_chokepoint,4.4626453e-05,1.7231709e-05,shipping
2025-11-21,PortWatch_directional,2.0469446e-05,-3.7865453e-07,shipping
2025-11-21,SAR,2.8958813e-05,-1.2902052e-07,shipping
2025-11-28,oil_price_basis,0.018412743,0.0026909285,finance
2025-11-28,financial_macro,0.028765477,0.010035975,finance
2025-11-28,eia_fundamentals,0.043766778,-0.016816728,finance
2025-11-28,gpr,0.0013417988,0.0009770016,finance
2025-11-28,GFW,4.9076367e-05,1.7768023e-06,shipping
2025-11-28,PortWatch_chokepoint,4.4132015e-05,7.465668e-06,shipping
2025-11-28,PortWatch_directional,1.8513285e-05,-2.0068562e-06,shipping
2025-11-28,SAR,4.367407e-05,-1.8445984e-05,shipping
2025-12-05,oil_price_basis,0.018383393,0.011376512,finance
2025-12-05,financial_macro,0.020477088,0.005336619,finance
2025-12-05,eia_fundamentals,0.052412633,-0.021643182,finance
2025-12-05,gpr,0.0018636474,-0.0018636474,finance
2025-12-05,GFW,4.4984015e-05,6.316331e-06,shipping
2025-12-05,PortWatch_chokepoint,4.255143e-05,8.164153e-06,shipping
2025-12-05,PortWatch_directional,1.8913646e-05,1.1568675e-06,shipping
2025-12-05,SAR,4.757399e-05,-2.084387e-05,shipping
2025-12-12,oil_price_basis,0.020661298,0.012185467,finance
2025-12-12,financial_macro,0.025880193,0.00680698,finance
2025-12-12,eia_fundamentals,0.06036998,0.006751867,finance
2025-12-12,gpr,0.0008110083,0.00027825782,finance
2025-12-12,GFW,6.484916e-05,-7.0028836e-06,shipping
2025-12-12,PortWatch_chokepoint,5.5413053e-05,9.217433e-06,shipping
2025-12-12,PortWatch_directional,2.356425e-05,-5.7152815e-06,shipping
2025-12-12,SAR,7.500913e-05,-3.6203986e-05,shipping
2025-12-19,oil_price_basis,0.015775897,0.0066815903,finance
2025-12-19,financial_macro,0.020382715,0.004632962,finance
2025-12-19,eia_fundamentals,0.046249837,-0.010090779,finance
2025-12-19,gpr,0.0010768012,0.00072709925,finance
2025-12-19,GFW,5.1864277e-05,-9.056166e-06,shipping
2025-12-19,PortWatch_chokepoint,4.8045717e-05,6.126645e-06,shipping
2025-12-19,PortWatch_directional,1.8775101e-05,1.04788e-06,shipping
2025-12-19,SAR,6.263755e-05,-3.4039567e-05,shipping
