date,node_id,shap_abs,shap_signed
2021-01-22,P001,0.000111090965,-2.4101699e-05
2021-01-29,P001,8.267365e-05,6.4818732e-06
2021-02-05,P001,7.7769735e-05,-1.3591809e-05
2021-02-12,P001,6.475729e-05,-2.9405135e-05
2021-02-19,P001,9.066148e-05,8.1139215e-06
2021-02-26,P001,7.0413655e-05,-3.9130842e-05
2021-03-05,P001,7.205152e-05,-2.8244578e-05
2021-03-12,P001,3.5721136e-05,-5.2085566e-06
2021-03-19,P001,4.221641e-05,1.24858525e-05
2021-03-26,P001,6.187746e-05,1.5146668e-05
2021-04-02,P001,5.271252e-05,1.8132554e-05
2021-04-09,P001,4.394372e-05,3.993941e-06
2021-04-16,P001,5.8100093e-05,8.716369e-06
2021-04-23,P001,3.6916754e-05,-6.3608472e-06
2021-04-30,P001,3.059936e-05,-9.236723e-06
2021-05-07,P001,2.139113e-05,-2.8194697e-06
2021-05-14,P001,4.113308e-05,-1.130669e-05
2021-05-21,P001,3.2582186e-05,2.1288256e-06
2021-05-28,P001,3.0283218e-05,3.224045e-06
2021-06-04,P001,3.3884473e-05,1.0315435e-05
2021-06-11,P001,3.9147304e-05,7.4888226e-06
2021-06-18,P001,4.390876e-05,-1.4462605e-06
2021-06-25,P001,4.1559113e-05,1.4190388e-05
2021-07-02,P001,3.709885e-05,-6.09946e-06
2021-07-09,P001,4.068625e-05,-2.2256712e-05
2021-07-16,P001,5.7935224e-05,-3.495741e-06
2021-07-23,P001,4.843893e-05,3.641907e-05
2021-07-30,P001,5.2313022e-05,-8.749235e-06
2021-08-06,P001,4.6506982e-05,1.0077758e-06
2021-08-13,P001,4.304882e-05,-1.1047241e-06
2021-08-20,P001,3.4532553e-05,1.5132815e-05
2021-08-27,P001,5.1379917e-05,-1.0448706e-05
2021-09-03,P001,3.413604e-05,5.960428e-06
2021-09-10,P001,4.501213e-05,2.9959761e-05
2021-09-17,P001,3.6333397e-05,3.7478098e-06
2021-09-24,P001,3.57355e-05,1.3168597e-05
2021-10-01,P001,3.308062e-05,8.330804e-06
2021-10-08,P001,3.2645246e-05,1.119387e-05
2021-10-15,P001,6.4638356e-05,2.4332829e-05
2021-10-22,P001,6.7798865e-05,3.3040254e-05
2021-10-29,P001,3.836968e-05,2.4118901e-05
2021-11-05,P001,4.9033035e-05,-4.7172682e-07
2021-11-12,P001,2.9465995e-05,8.986789e-06
2021-11-19,P001,4.5414137e-05,2.2908293e-05
2021-11-26,P001,2.9823535e-05,2.2390045e-06
2021-12-03,P001,3.2223797e-05,2.7122169e-06
2021-12-10,P001,3.9471277e-05,1.12549615e-05
2021-12-17,P001,3.5218545e-05,1.5170133e-05
2021-12-24,P001,5.353404e-05,-2.1906637e-05
2021-12-31,P001,2.9780884e-05,-7.145799e-06
2022-01-07,P001,7.840319e-05,5.9153994e-05
2022-01-14,P001,8.7950764e-05,1.6722246e-05
2022-01-21,P001,4.5135177e-05,-2.7695383e-05
2022-01-28,P001,2.7487382e-05,-6.3455695e-06
2022-02-04,P001,2.4237737e-05,-8.473316e-06
2022-02-11,P001,1.8454984e-05,3.6320534e-06
2022-02-18,P001,2.3807997e-05,-5.4022325e-06
2022-02-25,P001,2.42294e-05,-1.0231286e-05
2022-03-04,P001,4.448848e-05,-2.4409599e-05
2022-03-11,P001,5.200985e-05,-2.2525473e-05
2022-03-18,P001,3.71828e-05,1.3281907e-05
2022-03-25,P001,5.914848e-05,2.4529003e-05
2022-04-01,P001,6.876133e-05,3.4515568e-05
2022-04-08,P001,5.541392e-05,-2.2741315e-05
2022-04-15,P001,2.7340086e-05,3.1725644e-06
2022-04-22,P001,6.131545e-05,-4.281921e-05
2022-04-29,P001,8.9619425e-05,6.842922e-05
2022-05-06,P001,6.35941e-05,-7.403018e-06
2022-05-13,P001,3.7675425e-05,4.302953e-06
2022-05-20,P001,2.9078168e-05,2.123537e-06
2022-05-27,P001,5.222794e-05,3.0743184e-05
2022-06-03,P001,5.6771874e-05,1.0053681e-05
2022-06-10,P001,4.1067135e-05,-1.9033147e-05
2022-06-17,P001,5.1927047e-05,4.5589495e-06
2022-06-24,P001,6.988911e-05,-8.848241e-06
2022-07-01,P001,3.362399e-05,-1.3461193e-05
2022-07-08,P001,3.662214e-05,-1.5658808e-05
2022-07-15,P001,6.4867214e-05,2.1027241e-05
2022-07-22,P001,2.3253742e-05,-7.550033e-06
2022-07-29,P001,3.1981224e-05,-1.3019298e-05
2022-08-05,P001,2.6708647e-05,-2.1477897e-06
2022-08-12,P001,3.6635098e-05,-1.319705e-05
2022-08-19,P001,2.7957207e-05,-2.2881293e-06
2022-08-26,P001,2.6132026e-05,-6.687843e-06
2022-09-02,P001,2.7800725e-05,-8.898587e-06
2022-09-09,P001,2.7761393e-05,-1.1391906e-05
2022-09-16,P001,3.3262782e-05,-9.497413e-06
2022-09-23,P001,2.9769619e-05,-9.123057e-06
2022-09-30,P001,3.799475e-05,-5.507977e-06
2022-10-07,P001,3.5589677e-05,-1.4341126e-05
2022-10-14,P001,3.6524623e-05,-5.3961294e-06
2022-10-21,P001,6.0336246e-05,2.7932238e-05
2022-10-28,P001,3.0528856e-05,-9.130308e-06
2022-11-04,P001,5.2600008e-05,4.4007793e-06
2022-11-11,P001,3.0556585e-05,-3.7189154e-06
2022-11-18,P001,3.4935172e-05,-1.3927321e-05
2022-11-25,P001,2.933578e-05,-1.0108846e-05
2022-12-02,P001,3.545559e-05,7.830364e-06
2022-12-09,P001,2.3020466e-05,-1.1722852e-05
2022-12-16,P001,2.7048933e-05,-3.0468937e-06
2022-12-23,P001,2.3919149e-05,-8.783805e-06
2022-12-30,P001,2.9755323e-05,-1.7962451e-05
2023-01-06,P001,2.9369492e-05,-6.1970195e-06
2023-01-13,P001,5.3984048e-05,7.302018e-06
2023-01-20,P001,4.2444968e-05,1.6181084e-05
2023-01-27,P001,3.020499e-05,5.051393e-06
2023-02-03,P001,3.084162e-05,-1.39267995e-05
2023-02-10,P001,2.9543295e-05,-7.0657984e-06
2023-02-17,P001,4.065815e-05,1.5389342e-05
2023-02-24,P001,3.7933438e-05,6.0380257e-06
2023-03-03,P001,3.329039e-05,-1.3879157e-05
2023-03-10,P001,2.0628122e-05,-3.5672067e-06
2023-03-17,P001,2.8224918e-05,1.0163277e-05
2023-03-24,P001,2.4341623e-05,3.5575813e-06
2023-03-31,P001,2.2046126e-05,2.4245558e-06
2023-04-07,P001,2.9814842e-05,-1.1432762e-05
2023-04-14,P001,2.7031278e-05,2.4707538e-06
2023-04-21,P001,4.777191e-05,1.2238012e-05
2023-04-28,P001,4.2580115e-05,1.618869e-05
2023-05-05,P001,2.9615263e-05,-1.5107032e-06
2023-05-12,P001,2.761992e-05,-2.302066e-06
2023-05-19,P001,2.1282136e-05,-9.680116e-06
2023-05-26,P001,2.2467833e-05,-6.467038e-06
2023-06-02,P001,3.2161646e-05,4.530249e-06
2023-06-09,P001,3.5498542e-05,6.056237e-06
2023-06-16,P001,3.7611266e-05,6.8589225e-06
2023-06-23,P001,4.444338e-05,-4.5338647e-06
2023-06-30,P001,4.045605e-05,1.3349077e-05
2023-07-07,P001,3.3016913e-05,-3.3379579e-06
2023-07-14,P001,4.5044522e-05,-1.5636208e-05
2023-07-21,P001,0.00017951545,8.6193344e-05
2023-07-28,P001,0.00013386545,2.7977498e-05
2023-08-04,P001,0.00012880782,-6.9745845e-05
2023-08-11,P001,0.0001256308,2.6210859e-05
2023-08-18,P001,0.00012791672,1.8533616e-05
2023-08-25,P001,0.0001570854,-6.034297e-05
2023-09-01,P001,0.00017858652,-5.106828e-05
2023-09-08,P001,0.00012294005,9.057243e-06
2023-09-15,P001,9.456758e-05,-8.0301106e-08
2023-09-22,P001,0.000103463826,-2.2377759e-05
2023-09-29,P001,0.00015036228,-9.863851e-05
2023-10-06,P001,0.00012841033,-9.256462e-06
2023-10-13,P001,0.00013734915,2.6884449e-05
2023-10-20,P001,7.5111784e-05,2.5393721e-05
2023-10-27,P001,4.5610224e-05,1.5405774e-05
2023-11-03,P001,4.8964248e-05,1.6022446e-05
2023-11-10,P001,0.00010422574,6.5339984e-05
2023-11-17,P001,0.00011136486,-2.2536557e-05
2023-11-24,P001,7.823412e-05,-3.860796e-06
2023-12-01,P001,8.403872e-05,-1.0613041e-05
2023-12-08,P001,8.2311635e-05,8.7677845e-06
2023-12-15,P001,0.00013514647,4.5807115e-05
2023-12-22,P001,0.00015248332,-5.5226643e-05
2023-12-29,P001,0.00015604781,7.072218e-05
2024-01-05,P001,0.00013492075,2.6111045e-05
2024-01-12,P001,0.00018357654,-2.5543573e-05
2024-01-19,P001,0.000120765515,2.1703258e-05
2024-01-26,P001,0.00013100522,-2.3338303e-05
2024-02-02,P001,0.000103123886,1.8607365e-05
2024-02-09,P001,0.00013307988,7.1185306e-05
2024-02-16,P001,6.735453e-05,1.38262885e-05
2024-02-23,P001,8.6472144e-05,3.8652466e-05
2024-03-01,P001,9.355058e-05,5.2389023e-05
2024-03-08,P001,9.003193e-05,5.4623193e-05
2024-03-15,P001,5.5690056e-05,2.0029729e-05
2024-03-22,P001,7.372242e-05,3.2322703e-05
2024-03-29,P001,6.744802e-05,-2.7243865e-05
2024-04-05,P001,7.370343e-05,1.8541794e-05
2024-04-12,P001,0.00010724451,4.1085543e-05
2024-04-19,P001,0.00013951899,4.302445e-05
2024-04-26,P001,0.000106558975,-2.7536587e-05
2024-05-03,P001,8.718877e-05,-6.1000505e-06
2024-05-10,P001,7.932747e-05,3.5272533e-05
2024-05-17,P001,6.924362e-05,1.4961061e-05
2024-05-24,P001,5.1653376e-05,1.9075385e-05
2024-05-31,P001,9.154681e-05,9.698835e-06
2024-06-07,P001,0.00010723966,3.1096897e-06
2024-06-14,P001,0.00011896156,2.918898e-05
2024-06-21,P001,0.000110392604,-5.1154188e-05
2024-06-28,P001,8.4852356e-05,-1.0158904e-05
2024-07-05,P001,7.15228e-05,1.0094264e-05
2024-07-12,P001,7.692721e-05,2.743956e-05
2024-07-19,P001,0.00010497059,-5.625027e-05
2024-07-26,P001,7.197422e-05,3.1595446e-06
2024-08-02,P001,5.2673226e-05,7.097324e-06
2024-08-09,P001,5.4894354e-05,2.960141e-05
2024-08-16,P001,4.6351804e-05,2.7231065e-06
2024-08-23,P001,6.656568e-05,3.5692734e-05
2024-08-30,P001,4.5377707e-05,2.8809282e-06
2024-09-06,P001,4.8395385e-05,-1.2980085e-05
2024-09-13,P001,5.633313e-05,-1.5280537e-05
2024-09-20,P001,4.9322545e-05,1.5263393e-05
2024-09-27,P001,6.754012e-05,-1.4181518e-05
2024-10-04,P001,5.770285e-05,-7.898568e-06
2024-10-11,P001,5.284244e-05,5.040775e-06
2024-10-18,P001,6.1052924e-05,-2.5365518e-05
2024-10-25,P001,3.1622745e-05,4.517041e-06
2024-11-01,P001,4.004092e-05,-1.7665803e-05
2024-11-08,P001,4.0292063e-05,1.821748e-05
2024-11-15,P001,2.8164066e-05,1.0164375e-05
2024-11-22,P001,2.624886e-05,3.4877226e-06
2024-11-29,P001,3.2101423e-05,1.4515723e-05
2024-12-06,P001,3.3471075e-05,-3.3825045e-06
2024-12-13,P001,3.6916717e-05,1.2261859e-05
2024-12-20,P001,4.3040407e-05,-1.3864824e-05
2024-12-27,P001,4.2566477e-05,1.6709346e-05
2025-01-03,P001,4.930697e-05,1.2496474e-05
2025-01-10,P001,5.2893407e-05,-3.835468e-06
2025-01-17,P001,7.144076e-05,-1.8576875e-05
2025-01-24,P001,5.950464e-05,-2.6785881e-05
2025-01-31,P001,5.6972836e-05,-3.3442911e-06
2025-02-07,P001,5.458628e-05,-2.9212037e-05
2025-02-14,P001,4.6553774e-05,6.800155e-06
2025-02-21,P001,4.1847852e-05,-1.9285915e-05
2025-02-28,P001,3.6635138e-05,-9.0223875e-06
2025-03-07,P001,3.2297852e-05,6.016412e-06
2025-03-14,P001,3.6015204e-05,-1.2226053e-05
2025-03-21,P001,2.5952319e-05,-4.961399e-06
2025-03-28,P001,2.4166588e-05,-2.951356e-06
2025-04-04,P001,2.6115807e-05,-1.5348802e-05
2025-04-11,P001,3.162907e-05,2.2648796e-06
2025-04-18,P001,1.6223781e-05,2.420245e-06
2025-04-25,P001,1.9673387e-05,1.4208631e-06
2025-05-02,P001,2.2165397e-05,-2.248567e-06
2025-05-09,P001,1.6047621e-05,-6.9991365e-06
2025-05-16,P001,1.7997801e-05,3.7786451e-06
2025-05-23,P001,1.8499788e-05,1.4228551e-06
2025-05-30,P001,1.4873911e-05,2.0681791e-06
2025-06-06,P001,2.589904e-05,-1.612237e-05
2025-06-13,P001,2.0468722e-05,-7.740711e-06
2025-06-20,P001,2.417475e-05,-4.718279e-06
2025-06-27,P001,2.412734e-05,4.3753535e-06
2025-07-04,P001,2.6143782e-05,-2.0365494e-06
2025-07-11,P001,2.3719218e-05,-2.5256045e-06
2025-07-18,P001,2.8759925e-06,8.2630413e-07
2025-07-25,P001,3.5226597e-06,-1.0251366e-06
2025-08-01,P001,3.01401e-06,-1.5872482e-07
2025-08-08,P001,5.9041768e-06,2.4983456e-06
2025-08-15,P001,3.0010456e-06,7.8041967e-07
2025-08-22,P001,2.8915754e-06,3.601803e-07
2025-08-29,P001,4.756071e-06,1.8823083e-06
2025-09-05,P001,1.9991214e-06,-3.4516077e-07
2025-09-12,P001,2.627313e-06,3.0260114e-07
2025-09-19,P001,4.5518755e-06,9.052756e-07
2025-09-26,P001,2.79565e-06,6.4410756e-07
2025-10-03,P001,2.5964864e-06,8.362355e-07
2025-10-10,P001,2.2518495e-06,4.274685e-07
2025-10-17,P001,7.9808315e-06,5.476994e-06
2025-10-24,P001,6.936685e-06,1.8125586e-06
2025-10-31,P001,8.44629e-06,3.7037246e-06
2025-11-07,P001,6.869407e-06,3.3893918e-06
2025-11-14,P001,5.539942e-06,-5.715002e-07
2025-11-21,P001,6.486101e-06,3.0427866e-06
2025-11-28,P001,7.548547e-06,3.037226e-06
2025-12-05,P001,1.0517182e-05,4.6469504e-06
2025-12-12,P001,1.2323577e-05,1.6734016e-06
2025-12-19,P001,1.105746e-05,2.9750327e-06
2021-01-22,P002,5.382463e-05,-3.590143e-06
2021-01-29,P002,4.470069e-05,-6.1714163e-06
2021-02-05,P002,4.290802e-05,9.950787e-06
2021-02-12,P002,3.218643e-05,-1.0665235e-06
2021-02-19,P002,3.5077614e-05,-1.4470948e-05
2021-02-26,P002,4.4768192e-05,7.142394e-06
2021-03-05,P002,3.7118283e-05,1.009736e-06
2021-03-12,P002,4.0317944e-05,-1.1038978e-05
2021-03-19,P002,4.082706e-05,3.6068172e-06
2021-03-26,P002,3.1822194e-05,1.8694968e-06
2021-04-02,P002,4.3461227e-05,-6.980592e-06
2021-04-09,P002,3.6731304e-05,-8.176126e-06
2021-04-16,P002,2.949595e-05,-1.023446e-05
2021-04-23,P002,1.1554844e-05,-3.7400591e-06
2021-04-30,P002,8.500965e-06,-3.394439e-07
2021-05-07,P002,9.744458e-06,-3.2956357e-06
2021-05-14,P002,1.6205064e-05,-1.0651997e-05
2021-05-21,P002,1.5787331e-05,-8.164187e-06
2021-05-28,P002,1.7899667e-05,-1.1250457e-05
2021-06-04,P002,1.9816534e-05,-1.4913164e-05
2021-06-11,P002,1.6245931e-05,-4.9438554e-06
2021-06-18,P002,2.1491693e-05,-1.8024673e-05
2021-06-25,P002,1.42500485e-05,-4.2399615e-06
2021-07-02,P002,2.1750944e-05,-5.984628e-06
2021-07-09,P002,2.0904145e-05,5.038946e-06
2021-07-16,P002,2.1258933e-05,-8.425198e-07
2021-07-23,P002,3.1854957e-05,-5.2732303e-06
2021-07-30,P002,3.222763e-05,-8.89203e-06
2021-08-06,P002,2.5292593e-05,-4.2211827e-06
2021-08-13,P002,2.3059141e-05,9.347446e-06
2021-08-20,P002,2.4959238e-05,-2.413439e-06
2021-08-27,P002,1.8329427e-05,5.517238e-07
2021-09-03,P002,2.8511222e-05,-1.1854564e-06
2021-09-10,P002,3.401471e-05,4.911616e-06
2021-09-17,P002,3.0159066e-05,-1.1058104e-06
2021-09-24,P002,2.975592e-05,1.0967543e-05
2021-10-01,P002,3.6215628e-05,-6.11738e-06
2021-10-08,P002,2.911201e-05,1.4172756e-05
2021-10-15,P002,3.196254e-05,-8.3915975e-06
2021-10-22,P002,2.5973422e-05,-1.7631639e-05
2021-10-29,P002,1.4334338e-05,-9.834462e-07
2021-11-05,P002,1.4116458e-05,5.7249417e-06
2021-11-12,P002,1.7123071e-05,1.00941e-06
2021-11-19,P002,1.4785632e-05,6.216077e-06
2021-11-26,P002,2.2742273e-05,-5.9055383e-06
2021-12-03,P002,2.0307958e-05,1.17471445e-05
2021-12-10,P002,1.5400274e-05,1.5899145e-06
2021-12-17,P002,1.2632577e-05,5.050834e-06
2021-12-24,P002,1.29445225e-05,4.5810734e-06
2021-12-31,P002,2.4507372e-05,1.3745993e-05
2022-01-07,P002,1.7488263e-05,1.2320229e-05
2022-01-14,P002,3.3574852e-05,2.807883e-05
2022-01-21,P002,3.698239e-05,1.1742173e-05
2022-01-28,P002,3.7979506e-05,-3.0136393e-06
2022-02-04,P002,4.418576e-05,-1.3924429e-05
2022-02-11,P002,4.1473908e-05,2.8962274e-06
2022-02-18,P002,4.77817e-05,1.780808e-05
2022-02-25,P002,3.815409e-05,-8.639884e-06
2022-03-04,P002,3.645159e-05,5.863559e-06
2022-03-11,P002,4.829399e-05,1.0058063e-05
2022-03-18,P002,3.408539e-05,-4.933846e-06
2022-03-25,P002,4.154773e-05,3.2761723e-06
2022-04-01,P002,3.9663122e-05,4.715421e-06
2022-04-08,P002,3.091078e-05,-3.1705647e-06
2022-04-15,P002,2.724942e-05,-5.7473426e-06
2022-04-22,P002,2.1841413e-05,8.338463e-06
2022-04-29,P002,4.1246203e-05,2.7198465e-05
2022-05-06,P002,6.1196115e-05,1.8629416e-05
2022-05-13,P002,6.29038e-05,1.9154984e-05
2022-05-20,P002,6.361897e-05,1.50379565e-05
2022-05-27,P002,6.488184e-05,2.6498714e-05
2022-06-03,P002,3.6734797e-05,-1.9929407e-06
2022-06-10,P002,2.3133627e-05,3.7648633e-06
2022-06-17,P002,3.2475862e-05,5.7031752e-06
2022-06-24,P002,3.1240277e-05,1.1967128e-05
2022-07-01,P002,2.5856658e-05,1.2817488e-06
2022-07-08,P002,2.3699115e-05,5.157479e-06
2022-07-15,P002,3.10413e-05,-3.8312305e-06
2022-07-22,P002,3.121419e-05,4.078633e-06
2022-07-29,P002,6.859683e-05,2.4227364e-05
2022-08-05,P002,7.427574e-05,3.3857998e-06
2022-08-12,P002,8.859793e-05,2.658405e-05
2022-08-19,P002,7.714994e-05,9.055413e-06
2022-08-26,P002,8.857622e-05,2.995725e-05
2022-09-02,P002,8.8106324e-05,-5.3720264e-06
2022-09-09,P002,9.053783e-05,8.573271e-06
2022-09-16,P002,9.180044e-05,-1.1897476e-05
2022-09-23,P002,7.87346e-05,9.864554e-06
2022-09-30,P002,6.545989e-05,-2.8736647e-05
2022-10-07,P002,4.287269e-05,-7.3486367e-06
2022-10-14,P002,4.4857145e-05,-8.292687e-06
2022-10-21,P002,2.482253e-05,1.1238903e-05
2022-10-28,P002,2.5403882e-05,-2.7109174e-06
2022-11-04,P002,2.4727056e-05,-4.957334e-07
2022-11-11,P002,1.7548675e-05,-7.077604e-07
2022-11-18,P002,1.8901945e-05,2.5650968e-06
2022-11-25,P002,1.6879836e-05,9.9804225e-08
2022-12-02,P002,2.0421963e-05,1.0576896e-05
2022-12-09,P002,2.510781e-05,9.713368e-06
2022-12-16,P002,2.0792659e-05,1.5129144e-06
2022-12-23,P002,2.4846477e-05,2.91926e-06
2022-12-30,P002,2.0550298e-05,-1.1905777e-05
2023-01-06,P002,2.0780753e-05,-1.2700393e-05
2023-01-13,P002,1.4285325e-05,9.375376e-07
2023-01-20,P002,2.1027581e-05,4.2594997e-06
2023-01-27,P002,2.0412155e-05,5.0010603e-06
2023-02-03,P002,2.1990014e-05,8.2077795e-06
2023-02-10,P002,2.2403321e-05,5.081688e-06
2023-02-17,P002,1.9360568e-05,2.2422382e-06
2023-02-24,P002,2.2746632e-05,5.1744323e-06
2023-03-03,P002,3.6230544e-05,1.1783291e-05
2023-03-10,P002,3.7086094e-05,1.2971917e-05
2023-03-17,P002,4.208273e-05,4.6225978e-06
2023-03-24,P002,4.03617e-05,3.5291741e-06
2023-03-31,P002,3.2660566e-05,-9.333165e-06
2023-04-07,P002,3.25629e-05,-1.3780585e-06
2023-04-14,P002,2.3327866e-05,-3.5954536e-06
2023-04-21,P002,2.1969892e-05,5.4043303e-06
2023-04-28,P002,3.2917207e-05,-2.0310361e-05
2023-05-05,P002,2.1940723e-05,1.18685075e-05
2023-05-12,P002,2.0554055e-05,1.1221507e-05
2023-05-19,P002,1.8502673e-05,-2.2904892e-06
2023-05-26,P002,2.3374687e-05,-1.1753166e-05
2023-06-02,P002,2.7834516e-05,1.0885487e-05
2023-06-09,P002,2.7955955e-05,1.2638833e-05
2023-06-16,P002,3.531623e-05,-2.7782426e-06
2023-06-23,P002,2.9575684e-05,-7.207821e-06
2023-06-30,P002,3.5396428e-05,3.8584085e-06
2023-07-07,P002,4.10225e-05,-1.1246586e-06
2023-07-14,P002,3.780075e-05,5.084214e-06
2023-07-21,P002,5.0035345e-05,1.8232939e-05
2023-07-28,P002,2.7121036e-05,2.2437334e-06
2023-08-04,P002,2.5738482e-05,3.5816186e-06
2023-08-11,P002,2.6093667e-05,-9.370665e-06
2023-08-18,P002,3.3380296e-05,3.4816612e-06
2023-08-25,P002,3.563182e-05,5.218058e-06
2023-09-01,P002,4.7717393e-05,2.2589418e-05
2023-09-08,P002,4.8454513e-05,2.5009076e-05
2023-09-15,P002,5.2333817e-05,2.7518483e-05
2023-09-22,P002,9.533601e-05,6.370692e-05
2023-09-29,P002,6.513101e-05,4.2558804e-05
2023-10-06,P002,7.640478e-05,5.1443007e-05
2023-10-13,P002,6.5884335e-05,5.185226e-05
2023-10-20,P002,9.028529e-05,5.281253e-05
2023-10-27,P002,6.0467824e-05,3.893327e-05
2023-11-03,P002,3.106048e-05,7.982885e-06
2023-11-10,P002,2.9808363e-05,9.614578e-06
2023-11-17,P002,2.278499e-05,1.7074565e-06
2023-11-24,P002,1.7454797e-05,7.793035e-06
2023-12-01,P002,5.0652838e-05,-3.230125e-05
2023-12-08,P002,3.4072913e-05,-1.7292172e-05
2023-12-15,P002,5.080688e-05,-2.347698e-05
2023-12-22,P002,5.3650896e-05,-3.4060795e-05
2023-12-29,P002,5.0555875e-05,2.8785811e-05
2024-01-05,P002,4.4236658e-05,3.3540804e-05
2024-01-12,P002,3.362817e-05,1.7113302e-05
2024-01-19,P002,4.17629e-05,2.4093357e-05
2024-01-26,P002,3.4428438e-05,2.5931042e-05
2024-02-02,P002,2.5064657e-05,6.529101e-06
2024-02-09,P002,2.1649468e-05,9.580267e-06
2024-02-16,P002,2.7719214e-05,2.2095304e-05
2024-02-23,P002,2.3899294e-05,5.380607e-06
2024-03-01,P002,4.2332897e-05,3.4565164e-05
2024-03-08,P002,4.7489026e-05,3.951234e-05
2024-03-15,P002,4.31536e-05,2.6356316e-05
2024-03-22,P002,5.9839527e-05,4.6515954e-05
2024-03-29,P002,3.5927256e-05,1.282523e-05
2024-04-05,P002,3.716174e-05,2.3120008e-05
2024-04-12,P002,2.7297077e-05,1.0642994e-05
2024-04-19,P002,2.4490417e-05,8.151393e-06
2024-04-26,P002,2.290304e-05,8.957411e-06
2024-05-03,P002,4.3622396e-05,3.587128e-05
2024-05-10,P002,4.6187877e-05,2.367192e-05
2024-05-17,P002,5.1813862e-05,1.8608047e-05
2024-05-24,P002,4.2526044e-05,2.0532823e-05
2024-05-31,P002,2.5667328e-05,6.023744e-06
2024-06-07,P002,2.0193735e-05,2.9232501e-06
2024-06-14,P002,1.8351857e-05,9.312997e-06
2024-06-21,P002,2.0946798e-05,6.0349685e-06
2024-06-28,P002,2.7380236e-05,1.0348819e-05
2024-07-05,P002,3.142444e-05,1.3621558e-05
2024-07-12,P002,3.2460055e-05,1.7734248e-05
2024-07-19,P002,3.788794e-05,2.2615175e-05
2024-07-26,P002,4.705584e-05,3.3498076e-05
2024-08-02,P002,3.8137077e-05,2.674892e-05
2024-08-09,P002,4.287883e-05,2.5862644e-05
2024-08-16,P002,4.8621074e-05,3.748195e-05
2024-08-23,P002,4.6131343e-05,2.68611e-05
2024-08-30,P002,3.2617296e-05,1.4757288e-05
2024-09-06,P002,5.7558485e-05,2.2894312e-05
2024-09-13,P002,2.668368e-05,1.816474e-05
2024-09-20,P002,3.9743034e-05,1.6903627e-05
2024-09-27,P002,3.026718e-05,1.7192595e-05
2024-10-04,P002,5.117277e-05,4.043335e-05
2024-10-11,P002,5.6699766e-05,4.284268e-05
2024-10-18,P002,2.9109797e-05,8.942343e-06
2024-10-25,P002,2.4586625e-05,8.575752e-06
2024-11-01,P002,2.7646354e-05,1.2637512e-05
2024-11-08,P002,3.2976943e-05,-4.4030838e-07
2024-11-15,P002,1.9610146e-05,9.012822e-06
2024-11-22,P002,2.7042548e-05,9.142468e-06
2024-11-29,P002,2.796714e-05,9.643293e-06
2024-12-06,P002,2.8825956e-05,1.001858e-05
2024-12-13,P002,2.4595243e-05,5.262329e-06
2024-12-20,P002,2.8584505e-05,8.292648e-06
2024-12-27,P002,1.8961537e-05,6.5737e-06
2025-01-03,P002,1.9676516e-05,-1.1105599e-06
2025-01-10,P002,2.3420025e-05,9.832003e-06
2025-01-17,P002,3.155184e-05,1.7247745e-05
2025-01-24,P002,3.8878552e-05,1.5623473e-05
2025-01-31,P002,6.0196817e-05,3.7877515e-05
2025-02-07,P002,6.7371875e-05,4.8141843e-05
2025-02-14,P002,7.101242e-05,5.2749423e-05
2025-02-21,P002,6.0126364e-05,4.713911e-05
2025-02-28,P002,4.2692845e-05,2.1887172e-05
2025-03-07,P002,5.7237266e-05,3.9375762e-05
2025-03-14,P002,4.161053e-05,2.9064478e-05
2025-03-21,P002,5.1137362e-05,2.393278e-05
2025-03-28,P002,8.645984e-05,5.6559704e-05
2025-04-04,P002,9.2453396e-05,6.0315855e-05
2025-04-11,P002,0.000116057665,9.467856e-05
2025-04-18,P002,1.697087e-05,7.439014e-06
2025-04-25,P002,2.247545e-05,6.9580997e-06
2025-05-02,P002,1.9761601e-05,4.8793654e-06
2025-05-09,P002,1.5654296e-05,4.0772316e-06
2025-05-16,P002,1.2928328e-05,4.3642234e-07
2025-05-23,P002,1.5930998e-05,6.1527853e-06
2025-05-30,P002,2.0282649e-05,8.9731175e-06
2025-06-06,P002,1.88255e-05,9.871331e-06
2025-06-13,P002,2.0727004e-05,1.14380055e-05
2025-06-20,P002,2.2267208e-05,9.596211e-06
2025-06-27,P002,2.3003638e-05,7.805852e-06
2025-07-04,P002,1.9391617e-05,8.8853085e-09
2025-07-11,P002,1.5598385e-05,-9.486439e-07
2025-07-18,P002,2.1050578e-06,1.1126239e-06
2025-07-25,P002,2.1539583e-06,6.739728e-07
2025-08-01,P002,1.6803186e-06,6.970034e-07
2025-08-08,P002,3.6406204e-06,-5.4771493e-07
2025-08-15,P002,2.591001e-06,6.25594e-07
2025-08-22,P002,2.1965907e-06,5.8584544e-07
2025-08-29,P002,2.7844599e-06,1.3771084e-06
2025-09-05,P002,1.972864e-06,2.2677835e-07
2025-09-12,P002,2.8081063e-06,1.0938874e-06
2025-09-19,P002,2.929773e-06,1.1320082e-06
2025-09-26,P002,2.0800624e-06,5.0273104e-07
2025-10-03,P002,1.700049e-06,3.207928e-07
2025-10-10,P002,1.2077669e-06,8.732948e-08
2025-10-17,P002,2.1873102e-06,1.7701117e-07
2025-10-24,P002,1.9155648e-06,4.41516e-07
2025-10-31,P002,2.3675113e-06,-1.904668e-07
2025-11-07,P002,2.1484489e-06,3.3700698e-07
2025-11-14,P002,1.9614226e-06,-2.676402e-07
2025-11-21,P002,2.3325383e-06,-7.792918e-08
2025-11-28,P002,1.6011889e-05,-1.3603313e-05
2025-12-05,P002,1.7521705e-05,-1.6386277e-05
2025-12-12,P002,3.4553996e-05,-3.2957032e-05
2025-12-19,P002,3.172907e-05,-3.067638e-05
2021-01-22,P003,4.02832e-05,-7.104512e-06
2021-01-29,P003,8.361747e-05,3.650752e-05
2021-02-05,P003,7.329369e-05,8.960637e-06
2021-02-12,P003,8.422426e-05,3.0837973e-06
2021-02-19,P003,0.000103299186,6.3713424e-06
2021-02-26,P003,0.00010415988,7.3313586e-06
2021-03-05,P003,5.9668582e-05,-2.1276534e-05
2021-03-12,P003,9.156663e-05,-1.0173091e-05
2021-03-19,P003,5.954634e-05,-2.690372e-06
2021-03-26,P003,6.0012157e-05,-4.9681066e-06
2021-04-02,P003,5.966904e-05,3.9599518e-06
2021-04-09,P003,4.3625314e-05,-5.809317e-06
2021-04-16,P003,4.7481128e-05,-6.1348937e-06
2021-04-23,P003,1.13295555e-05,4.013915e-06
2021-04-30,P003,1.943274e-05,4.5356956e-08
2021-05-07,P003,1.9729496e-05,3.8143435e-07
2021-05-14,P003,2.1189877e-05,4.960338e-06
2021-05-21,P003,2.1646365e-05,4.4809258e-07
2021-05-28,P003,1.867308e-05,2.1334204e-06
2021-06-04,P003,1.6610227e-05,-4.351469e-06
2021-06-11,P003,1.5234968e-05,-1.2881355e-07
2021-06-18,P003,1.5639911e-05,-1.5753938e-06
2021-06-25,P003,2.386139e-05,-4.1667854e-06
2021-07-02,P003,3.7039215e-05,-2.1611163e-06
2021-07-09,P003,3.3039225e-05,-7.018641e-06
2021-07-16,P003,4.0761326e-05,2.789137e-06
2021-07-23,P003,5.003019e-05,3.114899e-06
2021-07-30,P003,5.343065e-05,-5.5330906e-06
2021-08-06,P003,5.064586e-05,-1.7666434e-05
2021-08-13,P003,4.3078504e-05,-6.501491e-07
2021-08-20,P003,5.337035e-05,-1.11181935e-05
2021-08-27,P003,4.7588925e-05,5.5865667e-07
2021-09-03,P003,4.2508167e-05,1.2231878e-06
2021-09-10,P003,3.590555e-05,7.897289e-06
2021-09-17,P003,2.9633376e-05,5.5906085e-06
2021-09-24,P003,2.9522396e-05,-4.9641703e-06
2021-10-01,P003,3.3920966e-05,-1.4566299e-06
2021-10-08,P003,4.034418e-05,-6.7556293e-06
2021-10-15,P003,3.7763053e-05,3.0860576e-06
2021-10-22,P003,2.6264248e-05,-3.6625797e-06
2021-10-29,P003,1.6629858e-05,-4.5083375e-06
2021-11-05,P003,2.5533358e-05,-1.60004e-05
2021-11-12,P003,2.3048657e-05,-9.518454e-06
2021-11-19,P003,1.941852e-05,9.1707784e-07
2021-11-26,P003,1.9552941e-05,2.2656407e-06
2021-12-03,P003,1.4483439e-05,3.6354616e-06
2021-12-10,P003,1.2943625e-05,-2.7725655e-06
2021-12-17,P003,1.6147187e-05,-5.2030177e-06
2021-12-24,P003,1.2204838e-05,-9.817063e-08
2021-12-31,P003,2.5193305e-05,-1.4975448e-05
2022-01-07,P003,1.8549006e-05,-8.0589725e-06
2022-01-14,P003,2.164282e-05,-1.4017959e-05
2022-01-21,P003,2.5285486e-05,2.1398023e-07
2022-01-28,P003,1.9087529e-05,1.8328797e-07
2022-02-04,P003,3.9898994e-05,-1.4469487e-05
2022-02-11,P003,2.1828526e-05,6.387538e-06
2022-02-18,P003,2.0751459e-05,3.6275455e-06
2022-02-25,P003,2.219687e-05,-4.615449e-06
2022-03-04,P003,2.3063956e-05,1.3601508e-05
2022-03-11,P003,1.8226614e-05,-3.8307132e-07
2022-03-18,P003,1.8657041e-05,-5.9484883e-06
2022-03-25,P003,1.8285484e-05,1.2547803e-06
2022-04-01,P003,3.061841e-05,2.9537591e-06
2022-04-08,P003,4.6290275e-05,-2.5072654e-06
2022-04-15,P003,8.2673156e-05,-1.0087342e-07
2022-04-22,P003,5.896736e-05,7.391714e-06
2022-04-29,P003,6.0163726e-05,6.3793254e-06
2022-05-06,P003,5.4705055e-05,1.4001301e-05
2022-05-13,P003,5.0744078e-05,9.22315e-06
2022-05-20,P003,5.4909367e-05,-2.2553252e-06
2022-05-27,P003,5.6295114e-05,-2.5128304e-06
2022-06-03,P003,3.2031367e-05,1.837593e-05
2022-06-10,P003,3.0376774e-05,4.872326e-06
2022-06-17,P003,4.3253676e-05,-1.8745632e-05
2022-06-24,P003,5.7862148e-05,-5.7700518e-06
2022-07-01,P003,3.6855046e-05,4.7320877e-06
2022-07-08,P003,4.169021e-05,9.973694e-06
2022-07-15,P003,6.6658635e-05,-1.6979697e-05
2022-07-22,P003,5.8545585e-05,3.546831e-05
2022-07-29,P003,6.2457824e-05,3.8868e-05
2022-08-05,P003,5.3423428e-05,4.5540994e-05
2022-08-12,P003,3.7671074e-05,2.27085e-05
2022-08-19,P003,4.981785e-05,2.0366593e-05
2022-08-26,P003,5.026724e-05,2.4175728e-05
2022-09-02,P003,7.3584015e-05,5.960697e-05
2022-09-09,P003,6.643073e-05,4.4926048e-05
2022-09-16,P003,7.023286e-05,6.0661525e-05
2022-09-23,P003,5.789925e-05,5.365466e-05
2022-09-30,P003,5.714348e-05,5.202902e-05
2022-10-07,P003,6.955696e-05,5.6296103e-05
2022-10-14,P003,5.014486e-05,4.120192e-05
2022-10-21,P003,3.2306263e-05,2.8856311e-07
2022-10-28,P003,3.925862e-05,7.3106085e-06
2022-11-04,P003,3.436641e-05,6.0349885e-07
2022-11-11,P003,2.2180757e-05,1.1516513e-05
2022-11-18,P003,2.4585905e-05,1.1821203e-06
2022-11-25,P003,3.0587904e-05,1.4788475e-07
2022-12-02,P003,3.008714e-05,4.8312427e-06
2022-12-09,P003,2.8089184e-05,1.9270433e-06
2022-12-16,P003,2.4514657e-05,-4.60815e-06
2022-12-23,P003,3.3794182e-05,8.5947695e-06
2022-12-30,P003,2.6433505e-05,1.5010087e-06
2023-01-06,P003,2.2762251e-05,-5.38674e-06
2023-01-13,P003,2.0826461e-05,-1.4240774e-06
2023-01-20,P003,2.4289273e-05,-6.3799203e-06
2023-01-27,P003,1.3677292e-05,-1.4493911e-06
2023-02-03,P003,1.8038801e-05,8.55012e-06
2023-02-10,P003,1.9349116e-05,1.1796619e-05
2023-02-17,P003,2.0718086e-05,-7.612573e-07
2023-02-24,P003,1.8485358e-05,2.4502433e-06
2023-03-03,P003,2.2294364e-05,6.924022e-06
2023-03-10,P003,1.4349692e-05,2.5845447e-06
2023-03-17,P003,1.305448e-05,-1.3128646e-06
2023-03-24,P003,1.9620249e-05,6.1434275e-06
2023-03-31,P003,2.2227818e-05,-3.5036314e-06
2023-04-07,P003,3.1260257e-05,-1.1824142e-07
2023-04-14,P003,2.6404869e-05,1.4612804e-05
2023-04-21,P003,2.7495302e-05,-5.6079193e-06
2023-04-28,P003,1.6896664e-05,5.6983267e-06
2023-05-05,P003,2.633207e-05,1.2459602e-05
2023-05-12,P003,2.0253618e-05,8.012464e-06
2023-05-19,P003,3.0123178e-05,1.9703655e-05
2023-05-26,P003,2.6249398e-05,1.1127799e-05
2023-06-02,P003,3.7907485e-05,1.9411307e-05
2023-06-09,P003,2.529813e-05,1.2512364e-05
2023-06-16,P003,4.155219e-05,3.095973e-05
2023-06-23,P003,3.2247957e-05,2.0297795e-05
2023-06-30,P003,2.3035294e-05,-2.1009782e-08
2023-07-07,P003,3.7444195e-05,-2.5788202e-05
2023-07-14,P003,1.7489137e-05,-5.108786e-06
2023-07-21,P003,2.4004108e-05,2.6445446e-06
2023-07-28,P003,2.481669e-05,5.963987e-06
2023-08-04,P003,2.5318332e-05,3.896803e-06
2023-08-11,P003,2.7071792e-05,9.247835e-06
2023-08-18,P003,3.2419524e-05,5.9651225e-06
2023-08-25,P003,3.720762e-05,7.333419e-06
2023-09-01,P003,3.5540805e-05,7.978501e-06
2023-09-08,P003,2.0193118e-05,-3.5086005e-06
2023-09-15,P003,2.0817997e-05,2.7716194e-06
2023-09-22,P003,1.6283977e-05,3.0260094e-06
2023-09-29,P003,1.5988968e-05,-5.332521e-06
2023-10-06,P003,2.41051e-05,4.392541e-08
2023-10-13,P003,2.3610468e-05,-1.4502774e-07
2023-10-20,P003,2.1471102e-05,8.57604e-06
2023-10-27,P003,2.433827e-05,1.7946593e-05
2023-11-03,P003,1.796984e-05,3.0307765e-06
2023-11-10,P003,2.2665274e-05,4.630099e-06
2023-11-17,P003,2.0456528e-05,3.9014085e-06
2023-11-24,P003,2.9530287e-05,1.649499e-05
2023-12-01,P003,2.5018615e-05,-5.269353e-07
2023-12-08,P003,3.5195506e-05,1.822174e-05
2023-12-15,P003,4.0285562e-05,-8.5135935e-07
2023-12-22,P003,3.8311533e-05,1.8718862e-05
2023-12-29,P003,4.3446285e-05,1.9900199e-05
2024-01-05,P003,3.4614346e-05,1.0997491e-05
2024-01-12,P003,3.8800248e-05,1.6810507e-05
2024-01-19,P003,3.3190565e-05,1.113444e-05
2024-01-26,P003,2.8255146e-05,1.1334051e-05
2024-02-02,P003,3.5918296e-05,1.6344895e-05
2024-02-09,P003,2.1025693e-05,1.2408251e-06
2024-02-16,P003,1.9615567e-05,8.551895e-06
2024-02-23,P003,2.7939926e-05,1.4954586e-05
2024-03-01,P003,1.5991729e-05,8.186616e-06
2024-03-08,P003,2.2663382e-05,1.2127096e-05
2024-03-15,P003,1.8993476e-05,2.8061818e-06
2024-03-22,P003,2.0005431e-05,9.212741e-06
2024-03-29,P003,1.5873551e-05,3.648758e-06
2024-04-05,P003,3.207312e-05,1.692854e-05
2024-04-12,P003,2.5731564e-05,3.7200928e-06
2024-04-19,P003,3.529797e-05,1.0458327e-05
2024-04-26,P003,2.8840997e-05,9.075315e-06
2024-05-03,P003,3.2787822e-05,2.1592703e-06
2024-05-10,P003,3.4523422e-05,9.126653e-06
2024-05-17,P003,3.9339953e-05,2.0628117e-05
2024-05-24,P003,3.255519e-05,8.149702e-06
2024-05-31,P003,2.8636681e-05,6.5596066e-07
2024-06-07,P003,2.4584786e-05,1.1577426e-05
2024-06-14,P003,3.1510073e-05,1.1017828e-05
2024-06-21,P003,3.423922e-05,1.3585054e-05
2024-06-28,P003,5.2600193e-05,2.327294e-05
2024-07-05,P003,6.048034e-05,2.8509508e-05
2024-07-12,P003,5.9321148e-05,2.1522039e-05
2024-07-19,P003,4.4965265e-05,2.2209233e-05
2024-07-26,P003,3.8541977e-05,1.6447704e-05
2024-08-02,P003,4.636774e-05,1.7166025e-05
2024-08-09,P003,5.407424e-05,2.8775723e-05
2024-08-16,P003,3.882246e-05,1.652848e-05
2024-08-23,P003,4.8773105e-05,1.9432204e-05
2024-08-30,P003,2.9687346e-05,1.5361133e-05
2024-09-06,P003,3.590779e-05,1.4917364e-05
2024-09-13,P003,4.172185e-05,1.7013626e-05
2024-09-20,P003,3.2177802e-05,8.898334e-06
2024-09-27,P003,3.3854256e-05,1.9467949e-05
2024-10-04,P003,2.413515e-05,1.1482893e-05
2024-10-11,P003,2.0291385e-05,4.520221e-06
2024-10-18,P003,1.9835697e-05,6.344437e-06
2024-10-25,P003,1.391951e-05,4.1110502e-07
2024-11-01,P003,2.1264617e-05,1.2016662e-05
2024-11-08,P003,2.0901305e-05,4.2522306e-06
2024-11-15,P003,1.6678025e-05,6.5273284e-06
2024-11-22,P003,1.50108135e-05,1.4368743e-07
2024-11-29,P003,1.6819768e-05,7.2984044e-06
2024-12-06,P003,2.5098063e-05,6.3957245e-06
2024-12-13,P003,1.5638492e-05,-1.1506194e-06
2024-12-20,P003,2.5452948e-05,1.1791302e-05
2024-12-27,P003,2.1681868e-05,5.2328045e-07
2025-01-03,P003,1.7564487e-05,-2.6159648e-07
2025-01-10,P003,1.7382928e-05,3.466101e-06
2025-01-17,P003,2.4473522e-05,9.884332e-06
2025-01-24,P003,1.9588488e-05,2.7926883e-06
2025-01-31,P003,4.1303654e-05,1.5390495e-05
2025-02-07,P003,2.7450502e-05,4.9426308e-06
2025-02-14,P003,4.1071493e-05,6.0914936e-06
2025-02-21,P003,2.9700655e-05,7.919603e-06
2025-02-28,P003,2.7020405e-05,5.763747e-06
2025-03-07,P003,2.9615605e-05,1.2967963e-05
2025-03-14,P003,2.0535459e-05,2.0904797e-06
2025-03-21,P003,2.4449788e-05,-2.1096935e-06
2025-03-28,P003,2.662808e-05,-9.6066e-06
2025-04-04,P003,4.7523008e-05,-1.379292e-05
2025-04-11,P003,2.2301552e-05,6.1223964e-06
2025-04-18,P003,1.3592559e-05,2.8513405e-06
2025-04-25,P003,1.6534583e-05,3.1336972e-06
2025-05-02,P003,1.861747e-05,3.510557e-07
2025-05-09,P003,1.7958046e-05,1.3901437e-06
2025-05-16,P003,1.4809125e-05,-2.1136584e-06
2025-05-23,P003,1.6533782e-05,-3.4184166e-06
2025-05-30,P003,1.0876282e-05,-1.5518334e-06
2025-06-06,P003,1.2757238e-05,2.0123884e-06
2025-06-13,P003,1.3335856e-05,2.9632192e-06
2025-06-20,P003,1.894275e-05,-5.2550246e-07
2025-06-27,P003,1.8315453e-05,-4.5705096e-06
2025-07-04,P003,1.9573834e-05,4.6958494e-06
2025-07-11,P003,1.2061997e-05,-2.6589307e-06
2025-07-18,P003,1.8209021e-06,-4.2912177e-07
2025-07-25,P003,2.1564995e-06,-1.0234357e-06
2025-08-01,P003,1.7346979e-06,-3.1792223e-07
2025-08-08,P003,2.6914984e-06,-8.04862e-07
2025-08-15,P003,2.7274705e-06,-1.0954017e-06
2025-08-22,P003,2.0767109e-06,-7.556475e-07
2025-08-29,P003,1.9228373e-06,-5.6435425e-07
2025-09-05,P003,1.8217254e-06,-1.8511261e-07
2025-09-12,P003,1.6546004e-06,-6.98856e-08
2025-09-19,P003,1.5045935e-06,-5.3616975e-07
2025-09-26,P003,1.981123e-06,-1.0947266e-06
2025-10-03,P003,1.66099e-06,-2.4631083e-07
2025-10-10,P003,1.6351041e-06,-7.5064423e-07
2025-10-17,P003,1.8943531e-06,-1.2233915e-07
2025-10-24,P003,1.9061524e-06,1.0431647e-06
2025-10-31,P003,2.0123725e-06,-4.544495e-08
2025-11-07,P003,2.1938224e-06,-5.086258e-08
2025-11-14,P003,1.361789e-06,-4.551127e-08
2025-11-21,P003,2.623258e-06,6.2025873e-07
2025-11-28,P003,2.3583268e-06,-1.0254391e-07
2025-12-05,P003,2.5038773e-06,6.497901e-07
2025-12-12,P003,2.3043392e-06,1.4456882e-07
2025-12-19,P003,1.6918207e-06,6.488034e-07
2021-01-22,P004,0.0003288764,0.0001676655
2021-01-29,P004,0.00037689868,0.00012792353
2021-02-05,P004,0.00039311723,0.00016800709
2021-02-12,P004,0.00040562233,0.00014610497
2021-02-19,P004,0.00044545144,0.00013434442
2021-02-26,P004,0.0004555759,0.00016170203
2021-03-05,P004,0.00044966926,0.00023833456
2021-03-12,P004,0.00047233448,0.00017070516
2021-03-19,P004,0.00044311516,0.0002191797
2021-03-26,P004,0.0004063459,0.00018624183
2021-04-02,P004,0.00044093555,0.00024526508
2021-04-09,P004,0.00041454143,0.00018974386
2021-04-16,P004,0.00044367966,0.00015939021
2021-04-23,P004,8.582546e-05,2.0264875e-05
2021-04-30,P004,8.713002e-05,2.3549434e-05
2021-05-07,P004,0.00012370355,-3.8808565e-05
2021-05-14,P004,9.470896e-05,-1.798286e-05
2021-05-21,P004,9.995795e-05,-9.451731e-06
2021-05-28,P004,0.00010555959,-4.374296e-05
2021-06-04,P004,9.808753e-05,-1.1956305e-05
2021-06-11,P004,9.327143e-05,-2.2018428e-05
2021-06-18,P004,0.000112687325,1.8530633e-05
2021-06-25,P004,0.00012238942,-4.50719e-05
2021-07-02,P004,0.00011340839,-7.757799e-06
2021-07-09,P004,0.000104276114,-4.1048843e-05
2021-07-16,P004,0.00012372553,-3.7551927e-05
2021-07-23,P004,0.00012545455,-2.318933e-06
2021-07-30,P004,9.824909e-05,-3.817434e-06
2021-08-06,P004,0.00011678026,2.2969898e-06
2021-08-13,P004,9.992844e-05,1.9769517e-05
2021-08-20,P004,0.00010634739,-1.2184543e-05
2021-08-27,P004,0.00010004597,7.855844e-06
2021-09-03,P004,8.135105e-05,-4.325758e-06
2021-09-10,P004,9.8351324e-05,4.0676177e-06
2021-09-17,P004,0.0001043276,6.932166e-06
2021-09-24,P004,0.00010001254,-1.5080515e-05
2021-10-01,P004,0.00010141463,1.0952113e-05
2021-10-08,P004,0.00011423736,9.7856155e-06
2021-10-15,P004,0.0001237483,-1.6557162e-05
2021-10-22,P004,7.930669e-05,3.055267e-05
2021-10-29,P004,9.728502e-05,-1.01008845e-05
2021-11-05,P004,9.261924e-05,-1.926697e-05
2021-11-12,P004,9.0171576e-05,-1.4718224e-05
2021-11-19,P004,0.000101224534,-1.2597768e-05
2021-11-26,P004,9.72164e-05,-1.2595689e-05
2021-12-03,P004,9.969171e-05,5.1375035e-05
2021-12-10,P004,9.26821e-05,3.4729645e-05
2021-12-17,P004,8.222271e-05,4.580079e-05
2021-12-24,P004,8.908015e-05,4.3047636e-05
2021-12-31,P004,9.376688e-05,-2.4051216e-05
2022-01-07,P004,0.000103845014,9.247728e-06
2022-01-14,P004,9.315557e-05,-2.1988104e-05
2022-01-21,P004,9.279824e-05,1.204005e-07
2022-01-28,P004,8.04146e-05,-2.0326519e-05
2022-02-04,P004,7.7166704e-05,-1.8100001e-05
2022-02-11,P004,7.9051606e-05,-1.8033612e-05
2022-02-18,P004,0.000107277985,-2.7424736e-05
2022-02-25,P004,8.215519e-05,-1.1043259e-05
2022-03-04,P004,8.4445666e-05,-2.4618388e-05
2022-03-11,P004,9.198603e-05,-9.105088e-06
2022-03-18,P004,8.290583e-05,-3.916455e-05
2022-03-25,P004,0.00011839882,-4.7311518e-05
2022-04-01,P004,0.00014997952,1.4132514e-05
2022-04-08,P004,0.00015107897,1.09914945e-05
2022-04-15,P004,0.00011767414,3.762878e-05
2022-04-22,P004,0.00012696514,-1.4519916e-05
2022-04-29,P004,0.00011093956,5.179283e-05
2022-05-06,P004,0.00012637119,2.6248428e-05
2022-05-13,P004,0.000108816,3.2740652e-05
2022-05-20,P004,0.00010494346,4.763841e-05
2022-05-27,P004,0.00012281319,8.155815e-05
2022-06-03,P004,0.00012594984,2.9203153e-05
2022-06-10,P004,0.0001297254,2.867966e-05
2022-06-17,P004,0.00011631429,3.34103e-05
2022-06-24,P004,0.00016515309,6.867459e-05
2022-07-01,P004,0.00014158395,2.8376206e-05
2022-07-08,P004,0.00011759945,6.547497e-05
2022-07-15,P004,0.00015165556,4.4970588e-05
2022-07-22,P004,0.00023348528,0.00016497802
2022-07-29,P004,0.00020057954,7.9184756e-05
2022-08-05,P004,0.0002194821,4.7161837e-05
2022-08-12,P004,0.0001742847,8.726318e-05
2022-08-19,P004,0.00018617019,8.028155e-05
2022-08-26,P004,0.0001552535,6.58569e-05
2022-09-02,P004,0.00017994618,7.226091e-05
2022-09-09,P004,0.00023484172,3.3282344e-05
2022-09-16,P004,0.00021235713,0.00010505429
2022-09-23,P004,0.0002502146,9.6585674e-05
2022-09-30,P004,0.0002371163,0.00013559096
2022-10-07,P004,0.00019271282,9.431405e-05
2022-10-14,P004,0.00020612264,4.4391683e-05
2022-10-21,P004,0.00012757385,-1.4211315e-05
2022-10-28,P004,0.00013121373,2.151967e-05
2022-11-04,P004,0.00015319507,1.847031e-05
2022-11-11,P004,0.00013911651,-2.4579609e-05
2022-11-18,P004,0.00016871569,-1.566919e-05
2022-11-25,P004,0.0001891076,-2.0769468e-05
2022-12-02,P004,0.00014911657,-2.2445542e-05
2022-12-09,P004,0.00015182473,-1.6160475e-05
2022-12-16,P004,0.00012946395,-5.5525525e-06
2022-12-23,P004,0.00014270244,-3.8538605e-05
2022-12-30,P004,0.0001729148,7.2160738e-06
2023-01-06,P004,0.00014400785,2.3119626e-05
2023-01-13,P004,0.00014071574,-2.639772e-05
2023-01-20,P004,9.643852e-05,2.0893462e-05
2023-01-27,P004,9.122175e-05,2.183108e-05
2023-02-03,P004,7.753737e-05,-4.724883e-07
2023-02-10,P004,8.255983e-05,1.3188334e-05
2023-02-17,P004,8.3809864e-05,2.8300024e-05
2023-02-24,P004,7.396261e-05,2.3532382e-05
2023-03-03,P004,9.210854e-05,6.043345e-05
2023-03-10,P004,9.029142e-05,4.120668e-05
2023-03-17,P004,8.5537555e-05,2.0515767e-05
2023-03-24,P004,8.988373e-05,1.992604e-05
2023-03-31,P004,7.82176e-05,-7.095991e-06
2023-04-07,P004,7.6242635e-05,1.151842e-05
2023-04-14,P004,7.001453e-05,2.3945282e-05
2023-04-21,P004,0.00017595373,-6.444408e-05
2023-04-28,P004,0.00018589776,-5.1033094e-05
2023-05-05,P004,0.00020315628,-4.9257607e-05
2023-05-12,P004,0.00017639821,-2.4856945e-05
2023-05-19,P004,0.00018493393,-4.3855878e-05
2023-05-26,P004,0.00020121549,-4.0186038e-05
2023-06-02,P004,0.00022142635,-9.875225e-05
2023-06-09,P004,0.0002502348,-5.0203886e-05
2023-06-16,P004,0.00023442609,-7.893368e-05
2023-06-23,P004,0.00023723672,-7.114141e-05
2023-06-30,P004,0.0001869266,-5.297884e-05
2023-07-07,P004,0.00020037478,-2.9589602e-05
2023-07-14,P004,0.0002025437,-5.5752043e-05
2023-07-21,P004,0.00022605473,-3.719461e-05
2023-07-28,P004,0.00020673475,-4.008434e-05
2023-08-04,P004,0.00020945507,-2.8507891e-05
2023-08-11,P004,0.00020300393,-4.8733953e-05
2023-08-18,P004,0.00021508324,-5.702611e-05
2023-08-25,P004,0.00022689883,-5.766691e-05
2023-09-01,P004,0.00022063238,-4.115552e-05
2023-09-08,P004,0.00025445633,-7.754699e-05
2023-09-15,P004,0.00021273916,-4.60416e-05
2023-09-22,P004,0.0002513174,-3.6492973e-05
2023-09-29,P004,0.00021292188,-3.858624e-05
2023-10-06,P004,0.0002465776,-1.517243e-05
2023-10-13,P004,0.0001795191,-5.902244e-05
2023-10-20,P004,0.00017282239,-4.313732e-05
2023-10-27,P004,0.00014436619,-4.172635e-05
2023-11-03,P004,0.00012654798,-7.5769967e-06
2023-11-10,P004,0.000119604134,1.1241378e-05
2023-11-17,P004,0.0001408543,-3.172373e-05
2023-11-24,P004,0.00010738403,2.8779953e-06
2023-12-01,P004,0.00013847432,2.656121e-06
2023-12-08,P004,0.0001401718,1.7108827e-05
2023-12-15,P004,0.00014165536,3.281686e-05
2023-12-22,P004,0.00013297769,2.8169566e-06
2023-12-29,P004,0.00018879179,-5.1150706e-05
2024-01-05,P004,0.00014687794,-5.5606324e-05
2024-01-12,P004,0.00012932361,-1.5927919e-05
2024-01-19,P004,0.00010054192,-3.239927e-05
2024-01-26,P004,0.000100227204,-1.653927e-05
2024-02-02,P004,0.00010208594,4.0131374e-05
2024-02-09,P004,0.000102712904,2.8072358e-05
2024-02-16,P004,0.000106959,3.4515142e-05
2024-02-23,P004,9.1748916e-05,3.630546e-05
2024-03-01,P004,6.782841e-05,-8.713658e-06
2024-03-08,P004,7.715194e-05,-2.3826988e-05
2024-03-15,P004,7.671129e-05,-2.5707854e-05
2024-03-22,P004,7.2689174e-05,1.1320075e-06
2024-03-29,P004,5.399027e-05,2.1228416e-06
2024-04-05,P004,6.127063e-05,-7.1766203e-06
2024-04-12,P004,5.0913106e-05,1.21864105e-05
2024-04-19,P004,6.848336e-05,-1.2095212e-05
2024-04-26,P004,8.0537335e-05,-5.3346e-06
2024-05-03,P004,8.699731e-05,-2.8484956e-05
2024-05-10,P004,0.00011120753,-3.4058212e-05
2024-05-17,P004,9.75882e-05,-4.1304444e-05
2024-05-24,P004,0.0001073155,-5.186068e-05
2024-05-31,P004,0.0001008129,1.49278785e-05
2024-06-07,P004,9.136356e-05,3.5122914e-05
2024-06-14,P004,8.725386e-05,5.319108e-06
2024-06-21,P004,8.5032014e-05,7.4294835e-06
2024-06-28,P004,0.00012818612,-7.3256466e-05
2024-07-05,P004,0.00013146165,-6.5136745e-05
2024-07-12,P004,0.00012552082,-5.8541613e-05
2024-07-19,P004,0.00018466853,-9.0382935e-05
2024-07-26,P004,0.00013315876,-8.106199e-05
2024-08-02,P004,0.000118998,-4.5972098e-05
2024-08-09,P004,0.00010044885,-4.115425e-05
2024-08-16,P004,0.00011705245,-5.5823926e-05
2024-08-23,P004,0.0001107098,-5.406034e-05
2024-08-30,P004,0.00012633084,-6.237063e-05
2024-09-06,P004,0.00012979133,-7.865041e-05
2024-09-13,P004,0.00013890777,-8.829976e-05
2024-09-20,P004,0.00014707296,-9.031657e-05
2024-09-27,P004,0.00015416743,-8.004949e-05
2024-10-04,P004,6.280733e-05,1.7524204e-05
2024-10-11,P004,6.2534644e-05,1.46188395e-05
2024-10-18,P004,3.8748836e-05,-2.9402595e-06
2024-10-25,P004,3.8369482e-05,-1.3692381e-06
2024-11-01,P004,4.2116895e-05,-8.913286e-06
2024-11-08,P004,3.4469573e-05,2.7209387e-07
2024-11-15,P004,3.6254107e-05,4.2711163e-06
2024-11-22,P004,3.868281e-05,-7.89695e-06
2024-11-29,P004,2.7568298e-05,9.957428e-06
2024-12-06,P004,3.7769787e-05,3.879896e-06
2024-12-13,P004,3.6435464e-05,1.0487752e-05
2024-12-20,P004,4.2047715e-05,4.014532e-06
2024-12-27,P004,4.557459e-05,2.1832999e-05
2025-01-03,P004,4.5145993e-05,1.793549e-05
2025-01-10,P004,4.297955e-05,1.2421433e-05
2025-01-17,P004,8.5240725e-05,8.225636e-06
2025-01-24,P004,9.713227e-05,8.307728e-06
2025-01-31,P004,8.873484e-05,-6.8379595e-06
2025-02-07,P004,8.307623e-05,-7.031911e-06
2025-02-14,P004,6.5871696e-05,-1.1103722e-05
2025-02-21,P004,4.97895e-05,-1.1311924e-05
2025-02-28,P004,9.834478e-05,9.956892e-06
2025-03-07,P004,0.0001163499,2.7533566e-05
2025-03-14,P004,0.000105169915,2.0246447e-05
2025-03-21,P004,0.00010640498,4.4630306e-05
2025-03-28,P004,8.256194e-05,-4.096065e-06
2025-04-04,P004,8.0260616e-05,-2.1967313e-05
2025-04-11,P004,7.7258504e-05,-2.8842524e-05
2025-04-18,P004,3.105639e-05,1.2651335e-05
2025-04-25,P004,5.997388e-05,-5.7820216e-06
2025-05-02,P004,4.2713924e-05,2.1142267e-05
2025-05-09,P004,5.416293e-05,2.1637827e-05
2025-05-16,P004,4.3198906e-05,1.0778359e-05
2025-05-23,P004,5.477434e-05,2.3017836e-05
2025-05-30,P004,5.3763586e-05,-6.7275437e-06
2025-06-06,P004,5.2651925e-05,1.0215617e-05
2025-06-13,P004,4.7602032e-05,1.7733077e-05
2025-06-20,P004,5.9259222e-05,-3.23108e-06
2025-06-27,P004,5.1492007e-05,1.4324043e-05
2025-07-04,P004,5.175485e-05,1.8828378e-05
2025-07-11,P004,3.250662e-05,1.2703699e-05
2025-07-18,P004,4.308997e-06,-1.5977687e-06
2025-07-25,P004,4.315962e-06,-1.555116e-06
2025-08-01,P004,3.2103062e-06,-1.2346802e-06
2025-08-08,P004,5.4882107e-06,-3.1701625e-06
2025-08-15,P004,6.192971e-06,-3.6910562e-06
2025-08-22,P004,5.412744e-06,-3.1273412e-06
2025-08-29,P004,6.6408516e-06,-3.059731e-06
2025-09-05,P004,4.4594194e-06,-2.1754981e-06
2025-09-12,P004,3.4496159e-06,-8.511924e-07
2025-09-19,P004,5.3247795e-06,-2.4656115e-06
2025-09-26,P004,5.2116816e-06,2.5853595e-07
2025-10-03,P004,7.846637e-06,-3.538262e-06
2025-10-10,P004,6.9176026e-06,-3.06342e-06
2025-10-17,P004,1.4484497e-05,-1.1162493e-05
2025-10-24,P004,1.5343481e-05,-9.593407e-06
2025-10-31,P004,1.0877392e-05,-6.1813425e-06
2025-11-07,P004,9.912838e-06,-3.18996e-06
2025-11-14,P004,7.805107e-06,-3.7601587e-06
2025-11-21,P004,1.0181455e-05,-3.960423e-06
2025-11-28,P004,9.066736e-06,-2.2216627e-06
2025-12-05,P004,6.88936e-06,-1.6009233e-06
2025-12-12,P004,1.0568277e-05,-5.068481e-06
2025-12-19,P004,6.196067e-06,-2.216793e-06
2021-01-22,P005,5.836384e-05,4.3339896e-06
2021-01-29,P005,8.1027494e-05,-3.3940523e-06
2021-02-05,P005,6.173281e-05,-3.088971e-05
2021-02-12,P005,5.842945e-05,-1.8098588e-05
2021-02-19,P005,5.2890464e-05,2.2631317e-05
2021-02-26,P005,8.1426275e-05,2.8942564e-05
2021-03-05,P005,0.00011318275,-1.0504546e-05
2021-03-12,P005,8.558172e-05,-5.174777e-05
2021-03-19,P005,9.157612e-05,-1.0027341e-05
2021-03-26,P005,5.6797795e-05,1.1061738e-06
2021-04-02,P005,5.138202e-05,1.3907855e-05
2021-04-09,P005,4.8000184e-05,9.803243e-06
2021-04-16,P005,3.2047068e-05,-1.5450155e-07
2021-04-23,P005,1.8678213e-05,9.5495e-06
2021-04-30,P005,2.1295346e-05,-5.4211696e-06
2021-05-07,P005,2.8679762e-05,-1.0228217e-05
2021-05-14,P005,3.6874488e-05,4.656804e-07
2021-05-21,P005,3.7481e-05,-5.8842734e-06
2021-05-28,P005,2.3611468e-05,1.603923e-06
2021-06-04,P005,2.3402725e-05,8.7504395e-06
2021-06-11,P005,2.5558164e-05,-5.500619e-06
2021-06-18,P005,1.9551306e-05,-1.9993272e-06
2021-06-25,P005,2.4187215e-05,2.5049467e-06
2021-07-02,P005,2.0087644e-05,8.387254e-06
2021-07-09,P005,1.8472496e-05,1.3348513e-06
2021-07-16,P005,1.611326e-05,6.8823642e-06
2021-07-23,P005,1.3124784e-05,-4.461908e-06
2021-07-30,P005,1.9533289e-05,3.7710502e-06
2021-08-06,P005,1.5131776e-05,1.3339552e-06
2021-08-13,P005,3.077377e-05,-4.683935e-06
2021-08-20,P005,2.7107097e-05,3.7383015e-06
2021-08-27,P005,3.7621823e-05,3.4758687e-06
2021-09-03,P005,2.3751098e-05,9.246968e-06
2021-09-10,P005,2.552204e-05,7.743874e-06
2021-09-17,P005,2.5168374e-05,5.232701e-06
2021-09-24,P005,1.9327135e-05,-4.972423e-06
2021-10-01,P005,3.9688897e-05,-5.745791e-06
2021-10-08,P005,3.963571e-05,4.080969e-06
2021-10-15,P005,4.124358e-05,-9.884429e-06
2021-10-22,P005,3.7261416e-05,1.3736086e-06
2021-10-29,P005,4.218803e-05,-1.104685e-05
2021-11-05,P005,3.6680645e-05,2.1997876e-06
2021-11-12,P005,3.7098795e-05,-4.5116872e-07
2021-11-19,P005,2.8942412e-05,-8.275417e-06
2021-11-26,P005,3.0858984e-05,-1.1574191e-05
2021-12-03,P005,3.066092e-05,-8.473012e-06
2021-12-10,P005,3.5613608e-05,-6.640484e-06
2021-12-17,P005,2.7827035e-05,2.7677265e-06
2021-12-24,P005,4.131299e-05,-2.02132e-06
2021-12-31,P005,3.3302993e-05,-8.519621e-06
2022-01-07,P005,4.0635197e-05,-1.2370274e-06
2022-01-14,P005,6.039232e-05,-1.9064171e-05
2022-01-21,P005,4.9023216e-05,-3.8321355e-06
2022-01-28,P005,3.3889e-05,-1.1001352e-05
2022-02-04,P005,4.17084e-05,-1.5179878e-05
2022-02-11,P005,4.4934754e-05,-1.6458629e-05
2022-02-18,P005,3.63195e-05,-1.5359486e-05
2022-02-25,P005,3.360289e-05,-4.3035834e-06
2022-03-04,P005,3.659282e-05,-3.6097426e-06
2022-03-11,P005,5.8746686e-05,-1.6959642e-05
2022-03-18,P005,4.396823e-05,-1.5989467e-06
2022-03-25,P005,4.616097e-05,3.2737635e-06
2022-04-01,P005,5.668404e-05,5.1233474e-07
2022-04-08,P005,5.5083474e-05,-1.5491332e-06
2022-04-15,P005,5.4961918e-05,-3.1194745e-06
2022-04-22,P005,4.1274136e-05,6.422988e-07
2022-04-29,P005,4.9701688e-05,1.7530652e-05
2022-05-06,P005,3.798314e-05,1.4819163e-05
2022-05-13,P005,4.419389e-05,4.2680367e-06
2022-05-20,P005,5.1718605e-05,1.0920936e-05
2022-05-27,P005,4.5729317e-05,8.983621e-06
2022-06-03,P005,3.9300703e-05,1.5914507e-05
2022-06-10,P005,4.056735e-05,1.137799e-05
2022-06-17,P005,5.962854e-05,-1.3830946e-05
2022-06-24,P005,4.9866598e-05,1.4761611e-05
2022-07-01,P005,2.6883414e-05,-1.7504626e-06
2022-07-08,P005,3.1059655e-05,-5.582956e-06
2022-07-15,P005,3.197244e-05,-1.2875879e-05
2022-07-22,P005,2.9383282e-05,4.8032375e-06
2022-07-29,P005,3.587805e-05,6.342642e-06
2022-08-05,P005,3.3788434e-05,8.230527e-06
2022-08-12,P005,3.9664657e-05,1.8238832e-05
2022-08-19,P005,5.176429e-05,2.8226967e-05
2022-08-26,P005,3.2359632e-05,1.5970463e-05
2022-09-02,P005,4.3710053e-05,2.6642654e-05
2022-09-09,P005,3.4576795e-05,2.164141e-05
2022-09-16,P005,4.3296503e-05,1.9110577e-05
2022-09-23,P005,5.1926323e-05,2.8334369e-05
2022-09-30,P005,3.870029e-05,1.5881405e-05
2022-10-07,P005,3.8071074e-05,1.7917539e-05
2022-10-14,P005,2.4397437e-05,6.01313e-06
2022-10-21,P005,1.6393757e-05,5.2432415e-07
2022-10-28,P005,2.4392439e-05,-6.673025e-08
2022-11-04,P005,2.1863678e-05,-6.23412e-07
2022-11-11,P005,1.707319e-05,7.10056e-06
2022-11-18,P005,2.3628334e-05,1.1026127e-06
2022-11-25,P005,2.0013831e-05,3.0097415e-06
2022-12-02,P005,2.2791135e-05,6.724481e-06
2022-12-09,P005,2.893305e-05,7.370797e-06
2022-12-16,P005,2.4913517e-05,3.1127634e-06
2022-12-23,P005,2.2058955e-05,2.24315e-06
2022-12-30,P005,2.0577312e-05,-3.006739e-06
2023-01-06,P005,2.4233666e-05,-2.2886895e-06
2023-01-13,P005,2.0350451e-05,-1.8278719e-06
2023-01-20,P005,2.1507969e-05,-6.49609e-06
2023-01-27,P005,2.159334e-05,7.4048476e-06
2023-02-03,P005,1.3293628e-05,2.1001965e-06
2023-02-10,P005,2.0762125e-05,2.650688e-06
2023-02-17,P005,2.4253946e-05,1.9704607e-06
2023-02-24,P005,2.0769136e-05,2.631847e-06
2023-03-03,P005,2.4948571e-05,3.5759174e-06
2023-03-10,P005,3.4945097e-05,1.747495e-05
2023-03-17,P005,2.9907722e-05,6.5313357e-06
2023-03-24,P005,2.9053452e-05,8.031111e-06
2023-03-31,P005,3.234354e-05,8.1395865e-06
2023-04-07,P005,3.7398262e-05,8.038384e-06
2023-04-14,P005,3.1972202e-05,7.082759e-06
2023-04-21,P005,2.3534029e-05,6.239816e-06
2023-04-28,P005,2.6000484e-05,6.9952157e-06
2023-05-05,P005,2.6450647e-05,7.2242183e-06
2023-05-12,P005,2.1362941e-05,7.579649e-07
2023-05-19,P005,2.349821e-05,-1.5530169e-06
2023-05-26,P005,3.3811048e-05,2.5869476e-06
2023-06-02,P005,2.993726e-05,2.7052595e-06
2023-06-09,P005,1.8371757e-05,5.397403e-06
2023-06-16,P005,1.6235035e-05,6.245571e-06
2023-06-23,P005,2.0591084e-05,2.7327687e-06
2023-06-30,P005,2.465734e-05,-1.3347502e-06
2023-07-07,P005,1.774868e-05,-1.8262599e-06
2023-07-14,P005,1.905786e-05,-1.4824209e-06
2023-07-21,P005,3.353388e-05,1.6361464e-05
2023-07-28,P005,4.4729088e-05,1.0579832e-05
2023-08-04,P005,5.1621526e-05,-1.9808962e-05
2023-08-11,P005,7.457649e-05,-2.058776e-05
2023-08-18,P005,6.0090762e-05,1.5360707e-05
2023-08-25,P005,5.775555e-05,3.5880876e-06
2023-09-01,P005,6.506669e-05,-1.3122333e-05
2023-09-08,P005,5.9110716e-05,-1.0701325e-07
2023-09-15,P005,5.4702996e-05,-1.2650642e-06
2023-09-22,P005,4.6829828e-05,-1.260506e-05
2023-09-29,P005,5.8802918e-05,1.0092535e-05
2023-10-06,P005,6.4747874e-05,-2.4246092e-05
2023-10-13,P005,4.984417e-05,-1.4242234e-05
2023-10-20,P005,4.3324813e-05,2.7807278e-06
2023-10-27,P005,3.8273498e-05,-1.2837754e-06
2023-11-03,P005,4.89413e-05,1.3961983e-05
2023-11-10,P005,3.9984894e-05,4.436196e-06
2023-11-17,P005,4.509718e-05,1.6909085e-05
2023-11-24,P005,5.192658e-05,1.2393011e-05
2023-12-01,P005,6.157735e-05,1.7958684e-05
2023-12-08,P005,6.461079e-05,1.926599e-05
2023-12-15,P005,6.174913e-05,1.6242986e-05
2023-12-22,P005,6.824471e-05,2.359852e-05
2023-12-29,P005,5.3894175e-05,-1.1288012e-06
2024-01-05,P005,5.803191e-05,9.644925e-06
2024-01-12,P005,3.647184e-05,-8.901334e-07
2024-01-19,P005,3.1771335e-05,-1.4396528e-05
2024-01-26,P005,3.8281396e-05,-1.75665e-05
2024-02-02,P005,2.963914e-05,-1.0003427e-05
2024-02-09,P005,5.1478375e-05,-1.2935345e-05
2024-02-16,P005,4.467941e-05,-2.0940803e-05
2024-02-23,P005,5.232555e-05,-3.871243e-06
2024-03-01,P005,3.7879217e-05,-2.337002e-05
2024-03-08,P005,4.76999e-05,-2.1453141e-05
2024-03-15,P005,5.0241157e-05,-2.976829e-05
2024-03-22,P005,3.2472504e-05,-1.8238077e-05
2024-03-29,P005,3.7394733e-05,-2.213249e-05
2024-04-05,P005,3.493878e-05,-2.6507592e-05
2024-04-12,P005,3.00314e-05,-4.9544005e-06
2024-04-19,P005,2.1568176e-05,5.3126605e-06
2024-04-26,P005,2.2014608e-05,-9.631008e-07
2024-05-03,P005,3.5737587e-05,1.3885735e-05
2024-05-10,P005,1.7013492e-05,-7.875751e-07
2024-05-17,P005,3.613112e-05,1.8002013e-06
2024-05-24,P005,2.9637446e-05,1.6967175e-05
2024-05-31,P005,3.713698e-05,1.6349688e-05
2024-06-07,P005,5.075246e-05,3.2029737e-05
2024-06-14,P005,4.9532424e-05,1.733155e-05
2024-06-21,P005,4.6951274e-05,1.3590158e-05
2024-06-28,P005,3.6242374e-05,1.1721711e-05
2024-07-05,P005,4.4718647e-05,1.7331706e-05
2024-07-12,P005,4.569628e-05,-2.7447113e-06
2024-07-19,P005,4.4226937e-05,-1.6554406e-05
2024-07-26,P005,4.690346e-05,7.2270495e-06
2024-08-02,P005,2.4618226e-05,7.858526e-06
2024-08-09,P005,2.104343e-05,-3.8682706e-06
2024-08-16,P005,3.438954e-05,-1.6584679e-06
2024-08-23,P005,4.426585e-05,1.2663239e-05
2024-08-30,P005,2.9497362e-05,6.3516313e-06
2024-09-06,P005,5.051952e-05,1.4153405e-05
2024-09-13,P005,3.461437e-05,1.396337e-06
2024-09-20,P005,2.7579923e-05,-2.140971e-06
2024-09-27,P005,3.1382064e-05,1.0336351e-05
2024-10-04,P005,3.5230347e-05,7.089984e-07
2024-10-11,P005,3.0971147e-05,-7.45605e-06
2024-10-18,P005,2.0041984e-05,-1.2555576e-05
2024-10-25,P005,2.1345077e-05,-4.040143e-06
2024-11-01,P005,2.18078e-05,-7.71695e-06
2024-11-08,P005,2.544442e-05,-1.5973728e-05
2024-11-15,P005,2.2710494e-05,2.056804e-06
2024-11-22,P005,1.8624487e-05,-1.1898473e-05
2024-11-29,P005,2.4282748e-05,2.1915275e-07
2024-12-06,P005,2.1218739e-05,-2.4998103e-06
2024-12-13,P005,3.4270444e-05,-3.1163008e-06
2024-12-20,P005,2.156932e-05,-5.2902174e-06
2024-12-27,P005,2.7271046e-05,3.7794068e-06
2025-01-03,P005,1.5732638e-05,-8.576292e-06
2025-01-10,P005,1.5889076e-05,-7.323534e-06
2025-01-17,P005,1.2319727e-05,3.329245e-06
2025-01-24,P005,1.3783718e-05,-4.264962e-06
2025-01-31,P005,9.80261e-06,4.362351e-06
2025-02-07,P005,2.1638782e-05,-2.8264299e-06
2025-02-14,P005,1.6021424e-05,-1.7511522e-06
2025-02-21,P005,1.2818052e-05,-1.0671994e-06
2025-02-28,P005,1.493766e-05,7.824809e-07
2025-03-07,P005,1.746762e-05,6.7217334e-06
2025-03-14,P005,1.7927658e-05,8.1294615e-08
2025-03-21,P005,1.4934382e-05,3.5522498e-06
2025-03-28,P005,1.3900851e-05,5.2705923e-06
2025-04-04,P005,2.362928e-05,9.172083e-06
2025-04-11,P005,1.3532412e-05,7.428001e-06
2025-04-18,P005,1.13362585e-05,-1.0659062e-07
2025-04-25,P005,1.7047307e-05,5.8881064e-06
2025-05-02,P005,1.18860735e-05,2.0059886e-06
2025-05-09,P005,1.4092905e-05,7.229643e-07
2025-05-16,P005,1.109066e-05,-1.2284514e-06
2025-05-23,P005,1.491235e-05,-1.0460697e-06
2025-05-30,P005,1.3968505e-05,2.7917956e-06
2025-06-06,P005,1.4130844e-05,-2.2531726e-06
2025-06-13,P005,1.3380804e-05,8.505235e-06
2025-06-20,P005,1.2318508e-05,3.8647863e-06
2025-06-27,P005,1.471406e-05,1.4138368e-06
2025-07-04,P005,1.3540531e-05,-2.6444045e-06
2025-07-11,P005,1.7621976e-05,-5.6138215e-06
2025-07-18,P005,1.7879682e-06,2.3823353e-07
2025-07-25,P005,1.512453e-06,3.4040175e-07
2025-08-01,P005,1.7134686e-06,-9.890356e-07
2025-08-08,P005,3.2884386e-06,-6.7057385e-07
2025-08-15,P005,1.3532978e-06,-1.4776326e-07
2025-08-22,P005,1.541574e-06,-4.2667034e-07
2025-08-29,P005,2.2062954e-06,7.564383e-08
2025-09-05,P005,2.206276e-06,-1.0598e-06
2025-09-12,P005,1.7202093e-06,-3.3898831e-07
2025-09-19,P005,2.3408381e-06,-8.512063e-07
2025-09-26,P005,2.3731618e-06,-1.5939329e-06
2025-10-03,P005,1.6194443e-06,-6.965319e-07
2025-10-10,P005,1.8146317e-06,-1.1515269e-06
2025-10-17,P005,5.0194717e-06,-2.9612293e-06
2025-10-24,P005,6.4067926e-06,-4.1895382e-06
2025-10-31,P005,8.821442e-06,-1.0153665e-06
2025-11-07,P005,7.68717e-06,-2.7340732e-06
2025-11-14,P005,5.9556223e-06,-9.957309e-07
2025-11-21,P005,9.169017e-06,-3.4422083e-06
2025-11-28,P005,8.169708e-06,-5.5091928e-06
2025-12-05,P005,8.06997e-06,-4.042984e-06
2025-12-12,P005,1.1379586e-05,-7.788442e-06
2025-12-19,P005,7.2782022e-06,-4.2704637e-06
2021-01-22,P006,0.00015301097,-3.265611e-05
2021-01-29,P006,0.00014395728,8.851897e-06
2021-02-05,P006,0.00013977665,-3.0735777e-05
2021-02-12,P006,0.00013736504,-5.046185e-05
2021-02-19,P006,0.00019929261,-9.406487e-05
2021-02-26,P006,0.00024103213,-0.0001325213
2021-03-05,P006,0.00019948409,-0.0001024187
2021-03-12,P006,0.00016308541,-3.1649728e-05
2021-03-19,P006,0.0001233178,-5.9956783e-06
2021-03-26,P006,0.00010872714,1.6925387e-05
2021-04-02,P006,9.2443566e-05,8.51888e-06
2021-04-09,P006,7.959731e-05,1.398663e-05
2021-04-16,P006,9.843598e-05,-3.205248e-06
2021-04-23,P006,3.8738588e-05,1.2017102e-05
2021-04-30,P006,2.4130177e-05,8.662466e-06
2021-05-07,P006,3.4299497e-05,2.5763055e-05
2021-05-14,P006,2.6233953e-05,1.2196435e-05
2021-05-21,P006,2.891928e-05,-8.1564485e-06
2021-05-28,P006,4.3619086e-05,3.502691e-06
2021-06-04,P006,4.2706477e-05,-1.6891839e-06
2021-06-11,P006,6.218111e-05,-2.1484611e-05
2021-06-18,P006,5.076789e-05,-9.635018e-06
2021-06-25,P006,5.6334928e-05,-2.0488007e-05
2021-07-02,P006,6.883054e-05,-1.4335144e-05
2021-07-09,P006,3.1122006e-05,-3.636067e-06
2021-07-16,P006,5.084954e-05,-5.324715e-06
2021-07-23,P006,5.1181007e-05,-6.9635516e-06
2021-07-30,P006,3.5621448e-05,1.6405124e-07
2021-08-06,P006,3.302896e-05,-3.667452e-07
2021-08-13,P006,2.6032636e-05,9.526484e-07
2021-08-20,P006,4.6570232e-05,2.1174478e-06
2021-08-27,P006,2.155746e-05,3.428647e-06
2021-09-03,P006,1.6599577e-05,1.7191551e-06
2021-09-10,P006,2.4841444e-05,1.9035498e-06
2021-09-17,P006,2.4610128e-05,5.7143934e-06
2021-09-24,P006,2.4113011e-05,-2.3543555e-06
2021-10-01,P006,3.300634e-05,-5.2637947e-06
2021-10-08,P006,3.2029264e-05,-9.04267e-06
2021-10-15,P006,2.8659291e-05,6.718539e-06
2021-10-22,P006,2.0969088e-05,3.7953541e-06
2021-10-29,P006,1.9779958e-05,-8.930737e-06
2021-11-05,P006,2.350999e-05,-4.78977e-06
2021-11-12,P006,2.5056064e-05,-2.101924e-06
2021-11-19,P006,3.847487e-05,-2.125516e-06
2021-11-26,P006,7.586796e-05,1.4207073e-05
2021-12-03,P006,7.49353e-05,-5.6234076e-06
2021-12-10,P006,8.3533545e-05,-8.983653e-06
2021-12-17,P006,3.9766986e-05,7.281234e-06
2021-12-24,P006,3.860317e-05,6.4663645e-06
2021-12-31,P006,4.002238e-05,-1.4912905e-05
2022-01-07,P006,5.253712e-05,-1.9933106e-05
2022-01-14,P006,5.0332812e-05,-1.8684885e-05
2022-01-21,P006,7.2132054e-05,6.062886e-06
2022-01-28,P006,5.9591013e-05,2.4997444e-05
2022-02-04,P006,7.108563e-05,6.2979307e-06
2022-02-11,P006,6.4373104e-05,-2.4719659e-05
2022-02-18,P006,7.3679075e-05,-7.84861e-06
2022-02-25,P006,7.607704e-05,-3.081709e-07
2022-03-04,P006,6.0646325e-05,-1.2589881e-05
2022-03-11,P006,5.091147e-05,-1.1316796e-05
2022-03-18,P006,4.268715e-05,1.7858363e-05
2022-03-25,P006,4.3035794e-05,1.138361e-05
2022-04-01,P006,4.814586e-05,1.8098868e-05
2022-04-08,P006,4.358722e-05,2.4414414e-05
2022-04-15,P006,5.5920307e-05,3.1878782e-05
2022-04-22,P006,6.877608e-05,6.7534997e-06
2022-04-29,P006,0.000103512466,2.8065235e-06
2022-05-06,P006,8.320535e-05,-5.5119017e-08
2022-05-13,P006,5.661503e-05,3.7413172e-06
2022-05-20,P006,7.34734e-05,3.1610296e-05
2022-05-27,P006,7.39666e-05,-9.822179e-08
2022-06-03,P006,5.4419943e-05,1.3936569e-05
2022-06-10,P006,4.9226564e-05,6.5331815e-06
2022-06-17,P006,5.6586978e-05,1.6712494e-05
2022-06-24,P006,5.2853433e-05,1.6062717e-06
2022-07-01,P006,6.106039e-05,1.4159497e-05
2022-07-08,P006,6.735819e-05,-5.0876974e-06
2022-07-15,P006,6.602587e-05,6.9463676e-06
2022-07-22,P006,8.892216e-05,3.2724172e-05
2022-07-29,P006,8.988946e-05,6.294581e-05
2022-08-05,P006,7.461586e-05,3.7988375e-05
2022-08-12,P006,6.211317e-05,2.295521e-05
2022-08-19,P006,6.293749e-05,3.1508833e-05
2022-08-26,P006,5.3658998e-05,1.4921488e-05
2022-09-02,P006,4.7804147e-05,3.0233172e-05
2022-09-09,P006,5.5180426e-05,3.100648e-05
2022-09-16,P006,6.1740146e-05,1.8844677e-05
2022-09-23,P006,6.610518e-05,-4.220202e-06
2022-09-30,P006,8.174967e-05,-1.2685122e-05
2022-10-07,P006,7.275317e-05,2.5673842e-05
2022-10-14,P006,8.619712e-05,3.0948282e-05
2022-10-21,P006,4.8313086e-05,1.7493681e-05
2022-10-28,P006,3.7943675e-05,-3.1978827e-06
2022-11-04,P006,5.0964783e-05,2.170151e-07
2022-11-11,P006,4.3760487e-05,6.191838e-06
2022-11-18,P006,5.9681064e-05,1.3216162e-05
2022-11-25,P006,5.571095e-05,1.13231445e-05
2022-12-02,P006,6.088191e-05,6.8799245e-06
2022-12-09,P006,5.737739e-05,9.934874e-06
2022-12-16,P006,5.172898e-05,1.8139746e-05
2022-12-23,P006,5.1305964e-05,4.051859e-06
2022-12-30,P006,4.17438e-05,6.648183e-06
2023-01-06,P006,5.0950297e-05,1.7909646e-05
2023-01-13,P006,4.8359263e-05,1.1959575e-05
2023-01-20,P006,2.5443642e-05,7.73488e-07
2023-01-27,P006,2.6209842e-05,-9.7116135e-06
2023-02-03,P006,3.6409467e-05,-1.5355998e-05
2023-02-10,P006,6.0563747e-05,-2.2484508e-05
2023-02-17,P006,6.7269866e-05,-1.809699e-05
2023-02-24,P006,4.758276e-05,-2.068045e-06
2023-03-03,P006,3.8665123e-05,9.2935795e-07
2023-03-10,P006,3.8067785e-05,6.503017e-06
2023-03-17,P006,3.167775e-05,2.3917396e-06
2023-03-24,P006,3.1702075e-05,2.5846591e-06
2023-03-31,P006,3.4346813e-05,-2.9569571e-06
2023-04-07,P006,3.4459397e-05,5.357636e-06
2023-04-14,P006,3.402502e-05,6.1361884e-06
2023-04-21,P006,5.071622e-05,3.5304274e-05
2023-04-28,P006,4.7124096e-05,7.2478815e-06
2023-05-05,P006,6.263824e-05,3.534877e-05
2023-05-12,P006,4.0030714e-05,-1.8224998e-07
2023-05-19,P006,6.183148e-05,3.9416995e-05
2023-05-26,P006,3.4762328e-05,1.0313781e-05
2023-06-02,P006,3.020484e-05,-2.9704447e-06
2023-06-09,P006,5.321638e-05,3.82676e-06
2023-06-16,P006,7.9975645e-05,2.42228e-05
2023-06-23,P006,8.111871e-05,2.0025163e-05
2023-06-30,P006,6.124438e-05,6.3555576e-06
2023-07-07,P006,6.480268e-05,3.144326e-05
2023-07-14,P006,5.299843e-05,3.71509e-05
2023-07-21,P006,4.932459e-05,-2.3326282e-05
2023-07-28,P006,5.8469028e-05,-5.54851e-06
2023-08-04,P006,5.0195304e-05,-1.9319043e-05
2023-08-11,P006,5.1076433e-05,-5.831049e-06
2023-08-18,P006,0.00011663065,-3.107964e-05
2023-08-25,P006,6.489658e-05,7.780069e-06
2023-09-01,P006,5.549789e-05,-1.7786241e-06
2023-09-08,P006,5.6444274e-05,-1.5888814e-05
2023-09-15,P006,4.8527883e-05,4.269653e-06
2023-09-22,P006,5.2593437e-05,-4.593009e-06
2023-09-29,P006,3.871272e-05,-1.1596496e-06
2023-10-06,P006,6.203909e-05,8.044299e-06
2023-10-13,P006,3.8280534e-05,-3.3823717e-06
2023-10-20,P006,3.7352e-05,1.32718105e-05
2023-10-27,P006,3.0829633e-05,-2.4589772e-06
2023-11-03,P006,5.2858377e-05,9.807629e-06
2023-11-10,P006,4.226713e-05,-1.1901424e-05
2023-11-17,P006,4.847058e-05,-8.583501e-06
2023-11-24,P006,4.3379343e-05,-1.5149013e-05
2023-12-01,P006,6.654871e-05,1.6316473e-05
2023-12-08,P006,5.425846e-05,-2.168918e-06
2023-12-15,P006,6.051028e-05,4.745575e-06
2023-12-22,P006,5.5069337e-05,-7.2111943e-06
2023-12-29,P006,6.1724786e-05,-2.0905549e-05
2024-01-05,P006,5.0138104e-05,-6.9179214e-07
2024-01-12,P006,6.438072e-05,1.3181754e-05
2024-01-19,P006,6.516602e-05,2.9866521e-06
2024-01-26,P006,4.534647e-05,-5.711314e-06
2024-02-02,P006,3.8842143e-05,2.229426e-06
2024-02-09,P006,3.024722e-05,1.0860089e-05
2024-02-16,P006,3.5659432e-05,1.2758707e-05
2024-02-23,P006,4.305952e-05,1.5092359e-05
2024-03-01,P006,6.295068e-05,-3.0141477e-05
2024-03-08,P006,5.326696e-05,-1.6803062e-05
2024-03-15,P006,5.194424e-05,-4.1862845e-06
2024-03-22,P006,4.593104e-05,-8.282238e-06
2024-03-29,P006,4.071864e-05,-1.5743432e-05
2024-04-05,P006,4.3002674e-05,-1.6335971e-05
2024-04-12,P006,4.0129293e-05,-8.785846e-07
2024-04-19,P006,3.720027e-05,4.302899e-07
2024-04-26,P006,3.854952e-05,-8.027027e-06
2024-05-03,P006,3.497094e-05,-6.3144794e-06
2024-05-10,P006,4.076444e-05,-1.122746e-05
2024-05-17,P006,3.747958e-05,2.8321637e-07
2024-05-24,P006,4.0490228e-05,-7.91823e-06
2024-05-31,P006,2.8706107e-05,4.3950404e-06
2024-06-07,P006,2.8111474e-05,-8.698562e-07
2024-06-14,P006,2.447786e-05,1.056364e-06
2024-06-21,P006,2.7330574e-05,-9.946391e-07
2024-06-28,P006,3.9320446e-05,-1.3424669e-05
2024-07-05,P006,3.9883253e-05,-9.140889e-06
2024-07-12,P006,3.6014244e-05,-3.3898168e-06
2024-07-19,P006,3.9906936e-05,-1.0714136e-05
2024-07-26,P006,3.9510353e-05,-1.0621688e-05
2024-08-02,P006,3.0386553e-05,-7.6139245e-06
2024-08-09,P006,5.1949974e-05,2.601236e-05
2024-08-16,P006,4.9758248e-05,1.4731583e-05
2024-08-23,P006,4.186419e-05,1.1264445e-06
2024-08-30,P006,5.052854e-05,-9.6252734e-08
2024-09-06,P006,5.634437e-05,-2.7278156e-06
2024-09-13,P006,4.5914734e-05,-2.3886828e-06
2024-09-20,P006,4.6764915e-05,-7.64524e-06
2024-09-27,P006,4.2460753e-05,-2.0081037e-05
2024-10-04,P006,4.1505722e-05,2.0417478e-05
2024-10-11,P006,2.9652001e-05,6.089973e-06
2024-10-18,P006,1.9923564e-05,8.8485585e-06
2024-10-25,P006,1.2043979e-05,4.8453703e-06
2024-11-01,P006,2.2242737e-05,-2.8293694e-06
2024-11-08,P006,1.8683959e-05,-1.6024984e-07
2024-11-15,P006,1.8462792e-05,2.8819347e-06
2024-11-22,P006,2.1402775e-05,8.14452e-06
2024-11-29,P006,1.8976993e-05,-7.0338046e-09
2024-12-06,P006,2.4690757e-05,1.354402e-06
2024-12-13,P006,2.0514832e-05,8.301054e-06
2024-12-20,P006,2.2624019e-05,2.3550767e-06
2024-12-27,P006,1.9005247e-05,1.8732239e-06
2025-01-03,P006,1.916217e-05,9.243305e-06
2025-01-10,P006,2.1931317e-05,9.153867e-06
2025-01-17,P006,3.7943064e-05,9.682618e-06
2025-01-24,P006,4.1226915e-05,1.3688376e-05
2025-01-31,P006,4.6408048e-05,1.2789008e-05
2025-02-07,P006,6.0340186e-05,1.1230478e-05
2025-02-14,P006,7.4252566e-05,3.846874e-06
2025-02-21,P006,7.7232915e-05,-7.981102e-06
2025-02-28,P006,6.4521766e-05,-1.4048536e-06
2025-03-07,P006,5.2279338e-05,-4.5445604e-06
2025-03-14,P006,4.032091e-05,1.0929195e-05
2025-03-21,P006,3.241795e-05,6.253151e-06
2025-03-28,P006,3.3405468e-05,-7.0987776e-06
2025-04-04,P006,3.935917e-05,2.8604154e-06
2025-04-11,P006,4.2446296e-05,5.85896e-06
2025-04-18,P006,1.8132385e-05,5.3130298e-06
2025-04-25,P006,1.582462e-05,2.7533283e-06
2025-05-02,P006,1.43423085e-05,7.086943e-07
2025-05-09,P006,2.3485885e-05,1.4919724e-05
2025-05-16,P006,1.7052833e-05,1.0135452e-05
2025-05-23,P006,1.668973e-05,7.5901803e-06
2025-05-30,P006,2.087585e-05,9.577302e-06
2025-06-06,P006,1.548973e-05,4.690442e-06
2025-06-13,P006,2.3947885e-05,1.6632617e-05
2025-06-20,P006,1.874629e-05,8.288948e-06
2025-06-27,P006,1.720158e-05,6.659495e-06
2025-07-04,P006,2.1619016e-05,1.44838095e-05
2025-07-11,P006,1.8030034e-05,1.1604108e-05
2025-07-18,P006,1.8569352e-06,4.5001804e-07
2025-07-25,P006,1.8363733e-06,1.2529522e-07
2025-08-01,P006,1.5588391e-06,-3.8085108e-07
2025-08-08,P006,2.5101363e-06,-7.3739767e-07
2025-08-15,P006,1.8694473e-06,-2.4058025e-08
2025-08-22,P006,1.6084937e-06,-3.3788677e-07
2025-08-29,P006,2.360416e-06,-7.514706e-08
2025-09-05,P006,1.6485722e-06,-3.2650627e-07
2025-09-12,P006,1.6656719e-06,-2.1816047e-07
2025-09-19,P006,1.6182889e-06,9.39188e-08
2025-09-26,P006,1.2262266e-06,-3.6938822e-08
2025-10-03,P006,3.8537933e-06,-4.5406398e-07
2025-10-10,P006,3.2949006e-06,-4.6002162e-07
2025-10-17,P006,7.963438e-06,-3.896438e-06
2025-10-24,P006,8.9902205e-06,-3.8128287e-06
2025-10-31,P006,6.087429e-06,-1.9151203e-06
2025-11-07,P006,6.6437533e-06,-1.4601359e-06
2025-11-14,P006,4.037753e-06,-2.5341183e-07
2025-11-21,P006,5.1104194e-06,-5.438512e-07
2025-11-28,P006,4.9886535e-06,-1.4349021e-06
2025-12-05,P006,3.5023131e-06,1.8247198e-07
2025-12-12,P006,5.1020897e-06,-9.773601e-07
2025-12-19,P006,4.7997955e-06,-1.0282535e-06
2021-01-22,P007,3.4776876e-05,-3.0378804e-05
2021-01-29,P007,4.9068316e-05,3.1853617e-06
2021-02-05,P007,2.2884109e-05,-6.1995916e-06
2021-02-12,P007,3.040272e-05,-3.1992386e-07
2021-02-19,P007,2.1264917e-05,-7.2580497e-06
2021-02-26,P007,4.995551e-05,1.1757562e-05
2021-03-05,P007,4.4129865e-05,-6.1157957e-06
2021-03-12,P007,6.972011e-05,2.6984185e-06
2021-03-19,P007,5.0318482e-05,1.4309041e-06
2021-03-26,P007,5.8354184e-05,9.140619e-06
2021-04-02,P007,7.456272e-05,-2.892566e-07
2021-04-09,P007,3.252823e-05,-1.0479852e-05
2021-04-16,P007,3.9063983e-05,3.3314755e-06
2021-04-23,P007,3.5025696e-05,2.45917e-06
2021-04-30,P007,2.5317531e-05,-2.0203656e-06
2021-05-07,P007,1.858373e-05,6.9669413e-06
2021-05-14,P007,1.9843797e-05,-4.076147e-06
2021-05-21,P007,1.3865287e-05,-6.39424e-06
2021-05-28,P007,1.0155929e-05,-8.062988e-07
2021-06-04,P007,2.7350217e-05,-3.7793411e-06
2021-06-11,P007,2.4643565e-05,1.358898e-06
2021-06-18,P007,8.4818515e-05,2.6919044e-05
2021-06-25,P007,0.00013114934,9.760095e-06
2021-07-02,P007,7.489327e-05,1.7198585e-05
2021-07-09,P007,8.188882e-05,6.1866966e-05
2021-07-16,P007,5.297194e-05,-5.576234e-06
2021-07-23,P007,1.46923385e-05,8.874674e-06
2021-07-30,P007,1.8616849e-05,1.1526283e-05
2021-08-06,P007,1.7679351e-05,3.858555e-06
2021-08-13,P007,8.643774e-06,-6.375688e-08
2021-08-20,P007,5.641295e-06,1.547006e-06
2021-08-27,P007,1.3666768e-05,2.1132837e-06
2021-09-03,P007,3.0234687e-05,-7.3474184e-06
2021-09-10,P007,3.175714e-05,1.1881771e-05
2021-09-17,P007,1.8218943e-05,1.17103145e-05
2021-09-24,P007,1.4859768e-05,1.6064134e-06
2021-10-01,P007,1.9653331e-05,-4.617391e-06
2021-10-08,P007,2.302595e-05,6.949462e-06
2021-10-15,P007,1.04848705e-05,-1.2296275e-06
2021-10-22,P007,8.7050985e-06,4.5008096e-07
2021-10-29,P007,1.2314428e-05,1.4795164e-06
2021-11-05,P007,2.7283219e-05,-1.2397299e-05
2021-11-12,P007,1.4023947e-05,4.487208e-08
2021-11-19,P007,1.7411574e-05,4.700156e-06
2021-11-26,P007,1.3383336e-05,3.4952145e-06
2021-12-03,P007,2.0697928e-05,3.1947734e-06
2021-12-10,P007,1.3544598e-05,-9.723709e-07
2021-12-17,P007,1.0115017e-05,-6.274314e-07
2021-12-24,P007,1.0905017e-05,2.6489724e-06
2021-12-31,P007,9.796951e-06,-2.9465143e-06
2022-01-07,P007,9.920566e-06,2.8400202e-06
2022-01-14,P007,1.5784353e-05,-9.556555e-06
2022-01-21,P007,1.7638564e-05,6.879499e-06
2022-01-28,P007,1.6072818e-05,5.1228035e-06
2022-02-04,P007,3.3617467e-05,2.0496585e-05
2022-02-11,P007,2.2780467e-05,7.6323295e-07
2022-02-18,P007,3.7539026e-05,8.978106e-06
2022-02-25,P007,2.6863529e-05,2.3112266e-06
2022-03-04,P007,5.6700297e-05,3.197383e-05
2022-03-11,P007,7.2825416e-05,4.0484356e-05
2022-03-18,P007,6.651254e-05,2.2224243e-05
2022-03-25,P007,7.5512326e-05,3.2958706e-05
2022-04-01,P007,5.5538152e-05,5.7012594e-06
2022-04-08,P007,3.456573e-05,3.7681198e-06
2022-04-15,P007,4.8950915e-05,8.288624e-06
2022-04-22,P007,2.2161763e-05,6.9209077e-06
2022-04-29,P007,2.583703e-05,-1.3196434e-05
2022-05-06,P007,2.484568e-05,1.4510066e-05
2022-05-13,P007,2.412914e-05,-3.6698752e-06
2022-05-20,P007,2.7815126e-05,2.7858405e-06
2022-05-27,P007,2.8022905e-05,-4.7138856e-06
2022-06-03,P007,1.8549043e-05,1.143442e-05
2022-06-10,P007,2.3793025e-05,-7.706398e-06
2022-06-17,P007,3.400723e-05,1.76241e-05
2022-06-24,P007,1.9921486e-05,-1.1106647e-06
2022-07-01,P007,1.7889157e-05,2.48441e-06
2022-07-08,P007,1.492412e-05,3.9152496e-06
2022-07-15,P007,2.4329522e-05,7.522801e-06
2022-07-22,P007,1.7766939e-05,6.3649277e-06
2022-07-29,P007,1.9074145e-05,3.4351572e-06
2022-08-05,P007,1.6029844e-05,9.045718e-06
2022-08-12,P007,1.2358572e-05,6.8605605e-06
2022-08-19,P007,2.1443697e-05,8.8923025e-06
2022-08-26,P007,2.6587504e-05,6.3712787e-06
2022-09-02,P007,4.118077e-05,1.3533078e-05
2022-09-09,P007,2.485371e-05,5.31763e-06
2022-09-16,P007,5.9990503e-05,4.4666907e-05
2022-09-23,P007,2.3110133e-05,1.000209e-05
2022-09-30,P007,3.089293e-05,-7.47571e-07
2022-10-07,P007,3.6911442e-05,5.1249694e-06
2022-10-14,P007,2.0209052e-05,9.348419e-06
2022-10-21,P007,2.4299854e-05,-4.1078315e-06
2022-10-28,P007,2.7553728e-05,-3.6544661e-06
2022-11-04,P007,2.5959245e-05,-2.1317203e-06
2022-11-11,P007,1.6318249e-05,7.354208e-07
2022-11-18,P007,1.6921276e-05,2.3241441e-06
2022-11-25,P007,1.5195574e-05,6.191126e-07
2022-12-02,P007,1.426958e-05,3.5050584e-07
2022-12-09,P007,2.0851216e-05,-4.7031594e-07
2022-12-16,P007,1.4648787e-05,-3.127118e-06
2022-12-23,P007,2.1488357e-05,-1.469468e-05
2022-12-30,P007,7.327088e-06,-2.9840248e-06
2023-01-06,P007,1.3232457e-05,1.1801251e-06
2023-01-13,P007,1.0446643e-05,2.8259112e-06
2023-01-20,P007,2.0431995e-05,-6.8359236e-06
2023-01-27,P007,2.0648515e-05,-2.3793348e-06
2023-02-03,P007,1.4227133e-05,2.059093e-06
2023-02-10,P007,2.4347437e-05,-6.1730384e-06
2023-02-17,P007,1.3622093e-05,6.671369e-07
2023-02-24,P007,1.9577843e-05,-1.2698748e-06
2023-03-03,P007,1.8668474e-05,-6.1674764e-06
2023-03-10,P007,1.5525486e-05,2.2362733e-06
2023-03-17,P007,2.0516614e-05,5.0237772e-06
2023-03-24,P007,2.0413343e-05,4.7255298e-07
2023-03-31,P007,1.7253753e-05,1.7579789e-06
2023-04-07,P007,1.6841042e-05,1.7515284e-06
2023-04-14,P007,1.3573266e-05,1.5022799e-06
2023-04-21,P007,1.2900103e-05,3.0661265e-06
2023-04-28,P007,1.723128e-05,1.3193768e-06
2023-05-05,P007,3.416677e-05,-1.2053593e-05
2023-05-12,P007,3.1375e-05,3.1225468e-06
2023-05-19,P007,3.431742e-05,-3.844111e-06
2023-05-26,P007,2.0186237e-05,7.6713707e-07
2023-06-02,P007,6.18824e-05,1.9007563e-05
2023-06-09,P007,3.192182e-05,3.8332882e-07
2023-06-16,P007,2.6556338e-05,5.8036983e-07
2023-06-23,P007,1.7286075e-05,7.70489e-06
2023-06-30,P007,3.1885073e-05,6.39013e-06
2023-07-07,P007,2.1358945e-05,-6.4114324e-06
2023-07-14,P007,3.7574348e-05,1.5545234e-06
2023-07-21,P007,3.9683055e-05,-1.0730972e-05
2023-07-28,P007,4.5257126e-05,1.2677829e-05
2023-08-04,P007,3.6742615e-05,1.44411515e-05
2023-08-11,P007,2.8188879e-05,6.3195716e-06
2023-08-18,P007,2.7573911e-05,6.8380773e-06
2023-08-25,P007,3.210572e-05,1.5791466e-05
2023-09-01,P007,2.6435515e-05,-6.666989e-06
2023-09-08,P007,2.60389e-05,-9.367005e-06
2023-09-15,P007,5.6006596e-05,1.8101138e-05
2023-09-22,P007,5.713623e-05,1.3621269e-05
2023-09-29,P007,3.268656e-05,1.1738202e-05
2023-10-06,P007,2.875734e-05,1.5599078e-06
2023-10-13,P007,3.411386e-05,-1.0130585e-05
2023-10-20,P007,5.5954162e-05,2.4411951e-05
2023-10-27,P007,3.7512607e-05,1.1983362e-05
2023-11-03,P007,1.8598394e-05,4.395531e-06
2023-11-10,P007,1.6037713e-05,5.7928382e-06
2023-11-17,P007,1.7028262e-05,3.9596557e-06
2023-11-24,P007,1.3093832e-05,3.89483e-06
2023-12-01,P007,4.5737546e-05,5.3597632e-06
2023-12-08,P007,1.7087335e-05,5.8659675e-06
2023-12-15,P007,2.2540167e-05,3.518949e-06
2023-12-22,P007,1.5202009e-05,5.1796064e-06
2023-12-29,P007,2.3247328e-05,8.045381e-06
2024-01-05,P007,1.9294406e-05,5.611911e-06
2024-01-12,P007,1.4406406e-05,4.791554e-06
2024-01-19,P007,2.2641276e-05,-2.0726993e-06
2024-01-26,P007,1.9489979e-05,9.369674e-07
2024-02-02,P007,1.3101056e-05,3.852942e-06
2024-02-09,P007,1.6747283e-05,8.579914e-07
2024-02-16,P007,1.7013757e-05,2.482421e-06
2024-02-23,P007,1.2482201e-05,4.3031023e-06
2024-03-01,P007,1.5831509e-05,9.047535e-07
2024-03-08,P007,1.9740259e-05,8.680363e-07
2024-03-15,P007,1.1683762e-05,4.1863386e-06
2024-03-22,P007,1.3775061e-05,-6.231461e-07
2024-03-29,P007,1.5373804e-05,4.27777e-06
2024-04-05,P007,1.1708214e-05,-3.217412e-07
2024-04-12,P007,1.3920781e-05,3.8934763e-06
2024-04-19,P007,1.2211203e-05,-2.5034497e-06
2024-04-26,P007,1.5021528e-05,1.5486312e-06
2024-05-03,P007,1.2740919e-05,-1.5905017e-06
2024-05-10,P007,1.2346986e-05,-1.109043e-06
2024-05-17,P007,2.6677873e-05,3.3662368e-06
2024-05-24,P007,1.8857785e-05,-3.2189039e-06
2024-05-31,P007,1.832185e-05,-7.404385e-06
2024-06-07,P007,9.377045e-06,4.556774e-06
2024-06-14,P007,7.3837423e-06,-2.079929e-06
2024-06-21,P007,5.228984e-05,2.3252092e-05
2024-06-28,P007,5.384176e-05,1.8024386e-05
2024-07-05,P007,5.2645446e-05,-1.704222e-05
2024-07-12,P007,2.7647673e-05,-5.573002e-06
2024-07-19,P007,1.685924e-05,5.4663337e-06
2024-07-26,P007,2.4817018e-05,-1.090294e-05
2024-08-02,P007,1.0126114e-05,-2.8775619e-06
2024-08-09,P007,1.4810719e-05,7.227462e-06
2024-08-16,P007,1.3409521e-05,1.7260256e-06
2024-08-23,P007,1.2977393e-05,3.713756e-06
2024-08-30,P007,1.3948275e-05,5.5297796e-06
2024-09-06,P007,1.18443495e-05,2.4073022e-06
2024-09-13,P007,1.3639481e-05,2.882393e-06
2024-09-20,P007,1.0294449e-05,2.2160832e-06
2024-09-27,P007,1.32195455e-05,3.366304e-06
2024-10-04,P007,6.3842363e-06,-1.8830862e-06
2024-10-11,P007,1.6186279e-05,5.1756724e-06
2024-10-18,P007,7.2173716e-06,1.4257557e-06
2024-10-25,P007,6.79589e-06,-5.9735515e-07
2024-11-01,P007,9.439943e-06,-1.5388125e-06
2024-11-08,P007,7.974571e-06,8.5910483e-07
2024-11-15,P007,7.1250092e-06,1.2741843e-06
2024-11-22,P007,1.0756674e-05,-3.0823005e-06
2024-11-29,P007,8.780354e-06,1.3882395e-07
2024-12-06,P007,7.3232604e-06,2.7997937e-06
2024-12-13,P007,7.552693e-06,-3.5225985e-06
2024-12-20,P007,7.5995404e-06,7.7282266e-07
2024-12-27,P007,6.5135014e-06,1.0255634e-06
2025-01-03,P007,4.736389e-06,6.3132916e-08
2025-01-10,P007,8.4833655e-06,-7.8862115e-08
2025-01-17,P007,1.14510985e-05,3.965104e-06
2025-01-24,P007,8.311415e-06,3.4466575e-06
2025-01-31,P007,9.275635e-06,2.7049891e-06
2025-02-07,P007,7.7922305e-06,2.852915e-06
2025-02-14,P007,7.0294714e-06,1.863623e-06
2025-02-21,P007,7.6274778e-06,1.2239739e-06
2025-02-28,P007,6.122853e-06,1.90111e-07
2025-03-07,P007,6.3595057e-06,8.7672214e-07
2025-03-14,P007,4.335372e-06,7.440477e-07
2025-03-21,P007,5.8565724e-06,3.3382227e-07
2025-03-28,P007,6.565906e-06,6.40879e-07
2025-04-04,P007,1.2433353e-05,2.8471843e-06
2025-04-11,P007,1.1125216e-05,2.5788495e-07
2025-04-18,P007,6.697666e-06,-1.2795061e-06
2025-04-25,P007,8.151379e-06,-1.9622337e-06
2025-05-02,P007,1.0448658e-05,-3.71248e-06
2025-05-09,P007,6.4710016e-06,3.6552926e-06
2025-05-16,P007,8.165037e-06,-2.009458e-06
2025-05-23,P007,6.980148e-06,-3.1940892e-06
2025-05-30,P007,9.272094e-06,-4.5273254e-07
2025-06-06,P007,7.1068494e-06,-1.2109513e-06
2025-06-13,P007,1.7817856e-05,1.5191779e-05
2025-06-20,P007,1.8873461e-05,-1.31927545e-05
2025-06-27,P007,2.269313e-05,-6.002439e-06
2025-07-04,P007,1.682707e-05,2.6962634e-06
2025-07-11,P007,2.1111598e-05,-2.0284924e-06
2025-07-18,P007,3.7343739e-06,-1.7873033e-06
2025-07-25,P007,4.4321723e-06,-2.5716877e-06
2025-08-01,P007,2.6540865e-06,-1.2100057e-06
2025-08-08,P007,3.5480125e-06,-1.7394874e-06
2025-08-15,P007,1.6855691e-06,-4.3535667e-07
2025-08-22,P007,1.9366075e-06,-5.672814e-07
2025-08-29,P007,1.7135854e-06,1.2305745e-07
2025-09-05,P007,2.640154e-06,2.0996551e-06
2025-09-12,P007,1.9540703e-06,-9.712693e-07
2025-09-19,P007,3.0257163e-06,-1.6514223e-06
2025-09-26,P007,2.8050774e-06,-1.8081621e-06
2025-10-03,P007,1.8731175e-06,5.0955947e-07
2025-10-10,P007,1.6057778e-06,6.546194e-07
2025-10-17,P007,1.1580772e-06,-8.224862e-08
2025-10-24,P007,1.8306259e-06,-1.9013845e-07
2025-10-31,P007,1.939941e-06,-5.0860166e-08
2025-11-07,P007,1.6239766e-06,2.7484379e-07
2025-11-14,P007,1.3603787e-06,-5.333621e-07
2025-11-21,P007,3.295925e-06,-1.1517781e-06
2025-11-28,P007,2.665281e-06,-4.998388e-07
2025-12-05,P007,2.3865946e-06,1.780673e-07
2025-12-12,P007,4.3793707e-06,3.7729404e-07
2025-12-19,P007,1.7438258e-06,-4.8751497e-07
2021-01-22,P008,6.1199426e-05,1.539444e-05
2021-01-29,P008,6.481135e-05,1.1813735e-05
2021-02-05,P008,8.500126e-05,2.1618143e-06
2021-02-12,P008,8.9707166e-05,9.123271e-06
2021-02-19,P008,6.9007445e-05,-3.337319e-06
2021-02-26,P008,6.163689e-05,-7.5272637e-06
2021-03-05,P008,5.126464e-05,-6.9295984e-06
2021-03-12,P008,4.24026e-05,-2.1649155e-06
2021-03-19,P008,3.9576847e-05,5.938225e-06
2021-03-26,P008,2.7424976e-05,-9.1410493e-07
2021-04-02,P008,4.7775025e-05,1.1620276e-05
2021-04-09,P008,4.3378357e-05,2.3924456e-06
2021-04-16,P008,5.7302568e-05,7.955581e-06
2021-04-23,P008,1.2362756e-05,2.388918e-06
2021-04-30,P008,1.9178293e-05,-7.115633e-07
2021-05-07,P008,2.321111e-05,-4.278227e-06
2021-05-14,P008,2.0679532e-05,-6.8613135e-06
2021-05-21,P008,2.5423946e-05,-7.3325555e-06
2021-05-28,P008,2.4194047e-05,-4.0230452e-07
2021-06-04,P008,2.38403e-05,4.096417e-06
2021-06-11,P008,2.8528184e-05,1.5380974e-05
2021-06-18,P008,2.8916402e-05,1.42958215e-05
2021-06-25,P008,3.2098997e-05,1.8265386e-05
2021-07-02,P008,3.6335372e-05,-8.72271e-06
2021-07-09,P008,2.8085271e-05,-4.2323495e-06
2021-07-16,P008,3.0725747e-05,-1.4973384e-05
2021-07-23,P008,6.166565e-05,-2.4313673e-05
2021-07-30,P008,2.1378177e-05,-5.086292e-07
2021-08-06,P008,1.9167259e-05,-4.2659272e-07
2021-08-13,P008,1.7809625e-05,8.533317e-07
2021-08-20,P008,1.2385062e-05,-1.3405167e-06
2021-08-27,P008,1.2028145e-05,-3.6475749e-06
2021-09-03,P008,1.2779766e-05,-7.561493e-06
2021-09-10,P008,1.6112996e-05,-7.480826e-07
2021-09-17,P008,1.2838634e-05,5.9414464e-07
2021-09-24,P008,1.5567828e-05,4.7485205e-06
2021-10-01,P008,2.2740287e-05,-1.9002566e-05
2021-10-08,P008,1.4179805e-05,-7.5976086e-06
2021-10-15,P008,1.9099407e-05,1.14440045e-05
2021-10-22,P008,1.6007305e-05,-5.2395612e-06
2021-10-29,P008,2.685059e-05,-2.445647e-06
2021-11-05,P008,3.807725e-05,2.467069e-06
2021-11-12,P008,4.2585172e-05,-1.3445122e-06
2021-11-19,P008,3.9130115e-05,-4.63678e-06
2021-11-26,P008,4.42329e-05,-3.867181e-06
2021-12-03,P008,3.4383833e-05,-2.1928222e-06
2021-12-10,P008,3.0031379e-05,3.3318286e-06
2021-12-17,P008,6.902897e-05,-1.3283295e-05
2021-12-24,P008,4.117854e-05,-8.9138894e-07
2021-12-31,P008,4.1424773e-05,-4.72331e-08
2022-01-07,P008,5.3443215e-05,1.7929216e-05
2022-01-14,P008,3.76773e-05,-3.0367942e-06
2022-01-21,P008,5.9625494e-05,-5.6846957e-06
2022-01-28,P008,5.0731924e-05,-1.4681561e-05
2022-02-04,P008,5.4183383e-05,1.1374338e-05
2022-02-11,P008,4.466262e-05,2.1445745e-05
2022-02-18,P008,2.7095066e-05,-1.1024068e-05
2022-02-25,P008,3.25759e-05,1.0888939e-05
2022-03-04,P008,2.327438e-05,-1.7989687e-06
2022-03-11,P008,5.3224543e-05,1.6564352e-05
2022-03-18,P008,6.5443084e-05,-5.7425223e-06
2022-03-25,P008,4.5660126e-05,-1.4245305e-05
2022-04-01,P008,5.877718e-05,1.6672622e-05
2022-04-08,P008,4.096037e-05,-1.6198852e-07
2022-04-15,P008,4.9577124e-05,2.0365533e-05
2022-04-22,P008,5.399752e-05,2.9015515e-05
2022-04-29,P008,4.0742616e-05,2.8760202e-05
2022-05-06,P008,3.8030008e-05,2.6261847e-05
2022-05-13,P008,5.0072627e-05,3.4476874e-05
2022-05-20,P008,3.880855e-05,2.7789076e-05
2022-05-27,P008,4.845582e-05,3.2555246e-05
2022-06-03,P008,3.864754e-05,1.9358804e-05
2022-06-10,P008,3.231694e-05,4.5453844e-06
2022-06-17,P008,3.46585e-05,1.5125423e-05
2022-06-24,P008,2.1544658e-05,1.0083915e-05
2022-07-01,P008,3.327825e-05,1.7150998e-05
2022-07-08,P008,3.4497087e-05,2.0100528e-05
2022-07-15,P008,3.598077e-05,2.3289434e-05
2022-07-22,P008,2.9352826e-05,1.407343e-05
2022-07-29,P008,3.170801e-05,2.4753757e-05
2022-08-05,P008,2.4376615e-05,1.4903802e-05
2022-08-12,P008,2.9585095e-05,1.3508469e-05
2022-08-19,P008,2.639928e-05,1.6708547e-05
2022-08-26,P008,2.2440732e-05,1.4876009e-05
2022-09-02,P008,2.0568916e-05,1.8294795e-06
2022-09-09,P008,1.8968876e-05,8.336248e-06
2022-09-16,P008,3.77448e-05,2.0899311e-05
2022-09-23,P008,2.2032376e-05,8.135659e-06
2022-09-30,P008,4.4597113e-05,9.606663e-06
2022-10-07,P008,3.4560515e-05,8.6690725e-06
2022-10-14,P008,5.5091703e-05,1.434896e-05
2022-10-21,P008,4.3536525e-05,5.138922e-06
2022-10-28,P008,3.525476e-05,6.36389e-06
2022-11-04,P008,3.995013e-05,1.1081411e-06
2022-11-11,P008,2.9168028e-05,-1.3761112e-06
2022-11-18,P008,3.596947e-05,-4.8212337e-06
2022-11-25,P008,3.1116793e-05,1.9366864e-06
2022-12-02,P008,3.8271526e-05,-8.153608e-06
2022-12-09,P008,3.358742e-05,3.4358432e-06
2022-12-16,P008,2.3558034e-05,1.8881883e-05
2022-12-23,P008,2.3132792e-05,-3.4637283e-06
2022-12-30,P008,2.826127e-05,4.958906e-06
2023-01-06,P008,3.0536678e-05,1.101215e-05
2023-01-13,P008,3.1445492e-05,5.0698695e-06
2023-01-20,P008,4.5865407e-05,1.724425e-05
2023-01-27,P008,4.693879e-05,1.573199e-05
2023-02-03,P008,5.9036713e-05,4.2351647e-05
2023-02-10,P008,6.029574e-05,2.5950449e-05
2023-02-17,P008,5.740702e-05,2.7157977e-05
2023-02-24,P008,6.894721e-05,4.3454547e-05
2023-03-03,P008,7.676978e-05,4.1316052e-05
2023-03-10,P008,7.864457e-05,2.3812496e-05
2023-03-17,P008,8.886519e-05,4.190014e-05
2023-03-24,P008,8.541959e-05,4.8266378e-05
2023-03-31,P008,7.02597e-05,3.7264712e-05
2023-04-07,P008,8.642809e-05,5.3631113e-05
2023-04-14,P008,8.436758e-05,4.421412e-05
2023-04-21,P008,3.9663286e-05,7.1674294e-06
2023-04-28,P008,3.0776722e-05,-1.8065391e-05
2023-05-05,P008,3.1247382e-05,-9.187099e-06
2023-05-12,P008,3.2080643e-05,-1.7137712e-05
2023-05-19,P008,2.8450539e-05,-7.3004635e-06
2023-05-26,P008,2.09592e-05,-1.0284444e-05
2023-06-02,P008,4.301923e-05,3.8330318e-06
2023-06-09,P008,3.7698435e-05,6.3068724e-06
2023-06-16,P008,3.557366e-05,-1.4999126e-05
2023-06-23,P008,3.5092467e-05,-1.3648184e-07
2023-06-30,P008,2.7435475e-05,-1.738179e-05
2023-07-07,P008,3.221865e-05,-2.5756517e-05
2023-07-14,P008,1.3865504e-05,-8.756141e-06
2023-07-21,P008,3.7124246e-05,1.5169496e-05
2023-07-28,P008,3.22615e-05,-1.43419375e-05
2023-08-04,P008,3.091628e-05,-1.613327e-05
2023-08-11,P008,1.966961e-05,-5.710301e-07
2023-08-18,P008,3.4242417e-05,-1.870493e-05
2023-08-25,P008,3.5061916e-05,-2.2125825e-05
2023-09-01,P008,3.6528345e-05,4.6030927e-06
2023-09-08,P008,3.5914418e-05,-1.3326244e-05
2023-09-15,P008,3.402282e-05,-4.104112e-06
2023-09-22,P008,3.3226093e-05,7.6244764e-06
2023-09-29,P008,4.390199e-05,-5.789464e-06
2023-10-06,P008,5.3761418e-05,-1.718986e-05
2023-10-13,P008,4.6358004e-05,-9.754058e-06
2023-10-20,P008,6.9265305e-05,-9.12387e-06
2023-10-27,P008,5.878929e-05,-7.0745064e-06
2023-11-03,P008,4.332091e-05,1.4747909e-05
2023-11-10,P008,2.9186931e-05,7.5886664e-06
2023-11-17,P008,3.204865e-05,5.739824e-06
2023-11-24,P008,4.373158e-05,1.5500715e-05
2023-12-01,P008,5.037508e-05,8.514022e-06
2023-12-08,P008,5.664676e-05,2.0508422e-05
2023-12-15,P008,4.375093e-05,-3.614946e-08
2023-12-22,P008,4.5359622e-05,9.1891125e-06
2023-12-29,P008,4.485105e-05,1.2679589e-06
2024-01-05,P008,4.357643e-05,1.2141584e-05
2024-01-12,P008,4.4170876e-05,7.717345e-06
2024-01-19,P008,4.0428502e-05,2.8441468e-06
2024-01-26,P008,4.2665768e-05,2.4405093e-05
2024-02-02,P008,3.7223897e-05,2.041747e-06
2024-02-09,P008,3.6008547e-05,1.8690931e-05
2024-02-16,P008,3.924386e-05,2.131367e-05
2024-02-23,P008,3.3791322e-05,1.9346333e-05
2024-03-01,P008,4.7519698e-05,1.40780985e-05
2024-03-08,P008,6.707518e-05,1.8740033e-05
2024-03-15,P008,6.6680914e-05,1.3148333e-05
2024-03-22,P008,5.772679e-05,4.616634e-06
2024-03-29,P008,4.4451153e-05,-2.5851054e-06
2024-04-05,P008,3.3958328e-05,3.1683483e-06
2024-04-12,P008,3.1253676e-05,9.727799e-06
2024-04-19,P008,4.5323635e-05,1.8932602e-05
2024-04-26,P008,4.1829917e-05,1.0061522e-05
2024-05-03,P008,2.9679566e-05,1.3749806e-05
2024-05-10,P008,3.880919e-05,1.5360176e-05
2024-05-17,P008,3.5687175e-05,1.195119e-05
2024-05-24,P008,3.8392507e-05,1.2729368e-05
2024-05-31,P008,2.3754365e-05,2.0170596e-06
2024-06-07,P008,1.9153686e-05,1.0563326e-06
2024-06-14,P008,1.5212243e-05,7.6082747e-06
2024-06-21,P008,1.8586006e-05,7.801215e-06
2024-06-28,P008,1.7888076e-05,1.1947226e-06
2024-07-05,P008,2.3332277e-05,9.120475e-06
2024-07-12,P008,2.0539932e-05,7.1679096e-06
2024-07-19,P008,3.4616067e-05,1.1697912e-05
2024-07-26,P008,2.7318632e-05,9.615987e-06
2024-08-02,P008,4.6855905e-05,2.3117758e-05
2024-08-09,P008,4.304385e-05,1.9051939e-05
2024-08-16,P008,3.820658e-05,1.970879e-05
2024-08-23,P008,4.118223e-05,2.3878096e-05
2024-08-30,P008,3.9727463e-05,2.4152538e-05
2024-09-06,P008,7.170191e-05,1.691193e-05
2024-09-13,P008,3.2886517e-05,7.0458477e-06
2024-09-20,P008,3.2847787e-05,1.9278441e-05
2024-09-27,P008,3.098742e-05,9.885019e-06
2024-10-04,P008,3.2550546e-05,1.3910432e-05
2024-10-11,P008,3.9957617e-05,1.8899456e-05
2024-10-18,P008,3.27299e-05,7.81503e-06
2024-10-25,P008,2.3791214e-05,8.038902e-06
2024-11-01,P008,2.5634023e-05,1.2226594e-05
2024-11-08,P008,2.1899272e-05,-8.071722e-07
2024-11-15,P008,2.5666483e-05,7.598028e-07
2024-11-22,P008,2.919407e-05,2.3654552e-06
2024-11-29,P008,3.0075653e-05,8.904839e-06
2024-12-06,P008,4.996894e-05,3.350336e-05
2024-12-13,P008,3.3260083e-05,1.5213362e-05
2024-12-20,P008,4.6786383e-05,2.723114e-05
2024-12-27,P008,4.4303568e-05,2.5105077e-05
2025-01-03,P008,3.7096153e-05,1.30839635e-05
2025-01-10,P008,4.2934193e-05,2.7504311e-05
2025-01-17,P008,4.796534e-05,3.3928533e-05
2025-01-24,P008,4.224037e-05,1.973727e-05
2025-01-31,P008,4.7713547e-05,2.6392667e-05
2025-02-07,P008,4.4145334e-05,1.7958897e-05
2025-02-14,P008,3.8088165e-05,2.7200083e-05
2025-02-21,P008,4.458155e-05,3.3088323e-05
2025-02-28,P008,5.325865e-05,3.2630072e-05
2025-03-07,P008,4.3904965e-05,1.9263744e-05
2025-03-14,P008,4.12421e-05,1.925776e-05
2025-03-21,P008,3.7318485e-05,1.818626e-05
2025-03-28,P008,3.825852e-05,2.0709582e-05
2025-04-04,P008,4.203787e-05,2.4930316e-05
2025-04-11,P008,4.6348756e-05,2.9285606e-05
2025-04-18,P008,2.452482e-05,5.6350477e-06
2025-04-25,P008,2.7940054e-05,2.9534785e-06
2025-05-02,P008,3.0589596e-05,4.0984264e-06
2025-05-09,P008,2.849176e-05,5.5288997e-06
2025-05-16,P008,3.2722215e-05,1.9566018e-05
2025-05-23,P008,4.1137482e-05,7.7137265e-06
2025-05-30,P008,2.4173894e-05,3.4061186e-06
2025-06-06,P008,2.5573478e-05,9.383818e-06
2025-06-13,P008,2.2932092e-05,4.1535086e-06
2025-06-20,P008,2.4415727e-05,2.9624396e-06
2025-06-27,P008,2.3678414e-05,6.8566483e-06
2025-07-04,P008,2.231888e-05,1.3152619e-06
2025-07-11,P008,2.5789737e-05,-4.8282486e-06
2025-07-18,P008,6.207029e-06,-3.1236034e-06
2025-07-25,P008,9.7335505e-06,-2.5868835e-06
2025-08-01,P008,3.816058e-06,1.0267981e-06
2025-08-08,P008,5.371764e-06,3.8142564e-06
2025-08-15,P008,4.3035675e-06,3.318937e-06
2025-08-22,P008,3.2197077e-06,1.8695671e-06
2025-08-29,P008,4.6990554e-06,-8.37869e-07
2025-09-05,P008,4.664483e-06,-1.3301814e-06
2025-09-12,P008,5.038657e-06,-2.509611e-06
2025-09-19,P008,5.486822e-06,-1.8566088e-06
2025-09-26,P008,5.358708e-06,-2.3409316e-06
2025-10-03,P008,5.11956e-06,2.9657479e-06
2025-10-10,P008,5.5146124e-06,4.0623513e-06
2025-10-17,P008,2.0165708e-06,1.1484187e-06
2025-10-24,P008,3.0574186e-06,1.9787961e-07
2025-10-31,P008,2.322764e-06,8.4909163e-07
2025-11-07,P008,2.068307e-06,1.2540485e-07
2025-11-14,P008,1.4377758e-06,-1.1191186e-07
2025-11-21,P008,2.1859655e-06,2.3775799e-07
2025-11-28,P008,3.7833781e-06,7.8325957e-07
2025-12-05,P008,3.9760766e-06,7.7806635e-07
2025-12-12,P008,6.3263064e-06,3.8079418e-06
2025-12-19,P008,4.491375e-06,2.0234988e-06
2021-01-22,P009,4.0699684e-05,-9.702177e-06
2021-01-29,P009,3.4296547e-05,-5.3101626e-06
2021-02-05,P009,3.269805e-05,3.5575417e-06
2021-02-12,P009,4.433872e-05,-1.2495738e-05
2021-02-19,P009,3.7949994e-05,3.530241e-06
2021-02-26,P009,5.190622e-05,1.0183527e-05
2021-03-05,P009,3.9289425e-05,1.295262e-05
2021-03-12,P009,4.1472205e-05,-3.099298e-06
2021-03-19,P009,4.1187785e-05,-1.5273597e-05
2021-03-26,P009,2.555112e-05,-8.002859e-06
2021-04-02,P009,3.9188206e-05,1.3805084e-06
2021-04-09,P009,3.1293614e-05,-3.5864718e-06
2021-04-16,P009,4.051985e-05,3.3810225e-06
2021-04-23,P009,1.1797431e-05,4.0775953e-06
2021-04-30,P009,1.4303129e-05,6.5855675e-06
2021-05-07,P009,1.5698517e-05,-4.239301e-06
2021-05-14,P009,1.4194337e-05,4.3409314e-06
2021-05-21,P009,1.9129498e-05,9.898757e-06
2021-05-28,P009,1.3591502e-05,5.5182622e-06
2021-06-04,P009,1.4291168e-05,6.27806e-06
2021-06-11,P009,7.246626e-06,1.9158078e-06
2021-06-18,P009,1.4431602e-05,8.793681e-06
2021-06-25,P009,1.5530984e-05,6.3690954e-06
2021-07-02,P009,1.3213284e-05,-2.5194174e-06
2021-07-09,P009,1.7915372e-05,1.060661e-05
2021-07-16,P009,1.8116343e-05,2.115026e-06
2021-07-23,P009,2.2922393e-05,5.295487e-06
2021-07-30,P009,1.5629757e-05,5.15005e-06
2021-08-06,P009,1.2154977e-05,1.5177909e-06
2021-08-13,P009,1.5132117e-05,7.1926447e-06
2021-08-20,P009,2.1151285e-05,8.558052e-06
2021-08-27,P009,1.7361781e-05,-5.6079434e-06
2021-09-03,P009,2.7603764e-05,-4.619147e-06
2021-09-10,P009,2.458424e-05,1.129669e-06
2021-09-17,P009,2.3094239e-05,-3.9015335e-06
2021-09-24,P009,2.3512826e-05,5.3771105e-06
2021-10-01,P009,4.900295e-05,3.939677e-06
2021-10-08,P009,3.764858e-05,-3.889285e-06
2021-10-15,P009,3.0675958e-05,7.604809e-07
2021-10-22,P009,1.8084942e-05,-6.2711947e-06
2021-10-29,P009,1.646335e-05,-8.320843e-06
2021-11-05,P009,1.7519056e-05,-8.289544e-06
2021-11-12,P009,1.2439315e-05,-1.2701234e-06
2021-11-19,P009,2.0051912e-05,2.1385997e-06
2021-11-26,P009,2.2340897e-05,7.732631e-06
2021-12-03,P009,3.8492988e-05,4.0194986e-06
2021-12-10,P009,3.4753935e-05,1.1940174e-05
2021-12-17,P009,4.045569e-05,1.5311878e-05
2021-12-24,P009,3.976788e-05,1.181947e-05
2021-12-31,P009,3.8154983e-05,1.0104394e-05
2022-01-07,P009,2.8515538e-05,1.13962105e-05
2022-01-14,P009,4.226045e-05,7.303043e-06
2022-01-21,P009,2.5253794e-05,3.4194613e-06
2022-01-28,P009,2.11548e-05,-1.3876687e-06
2022-02-04,P009,3.546848e-05,-7.9753386e-07
2022-02-11,P009,3.3935048e-05,2.0578887e-06
2022-02-18,P009,4.353854e-05,-2.9947216e-06
2022-02-25,P009,3.534439e-05,3.7289383e-06
2022-03-04,P009,4.5201694e-05,-6.1291903e-06
2022-03-11,P009,6.1446895e-05,8.587169e-06
2022-03-18,P009,5.41798e-05,1.3809467e-05
2022-03-25,P009,4.9482045e-05,1.6824573e-05
2022-04-01,P009,5.6992285e-05,1.6182192e-05
2022-04-08,P009,5.9339825e-05,1.618227e-05
2022-04-15,P009,5.8169742e-05,2.5595546e-05
2022-04-22,P009,6.189815e-05,-1.596223e-05
2022-04-29,P009,4.9604452e-05,9.374361e-06
2022-05-06,P009,5.435547e-05,-1.7053906e-05
2022-05-13,P009,3.7594997e-05,4.368636e-06
2022-05-20,P009,3.8230603e-05,9.827393e-07
2022-05-27,P009,4.1528092e-05,3.3078966e-06
2022-06-03,P009,3.4573914e-05,-8.578373e-06
2022-06-10,P009,2.784221e-05,-6.742613e-06
2022-06-17,P009,3.3364013e-05,-8.174902e-06
2022-06-24,P009,3.6198373e-05,-1.3232438e-05
2022-07-01,P009,6.0439153e-05,-3.4841316e-05
2022-07-08,P009,5.2827843e-05,-7.120653e-06
2022-07-15,P009,6.135186e-05,-1.2808497e-05
2022-07-22,P009,9.283991e-05,1.9580431e-05
2022-07-29,P009,8.411722e-05,1.32298965e-05
2022-08-05,P009,0.000109689696,2.9997278e-05
2022-08-12,P009,8.222598e-05,8.155458e-06
2022-08-19,P009,0.0001177792,1.5816775e-05
2022-08-26,P009,7.665278e-05,1.5640992e-06
2022-09-02,P009,6.8979796e-05,9.348094e-06
2022-09-09,P009,9.806655e-05,2.0037436e-05
2022-09-16,P009,0.00010190565,2.809427e-05
2022-09-23,P009,0.000106543484,2.0422345e-05
2022-09-30,P009,0.0001207712,3.9444833e-05
2022-10-07,P009,0.00010486444,-1.929888e-06
2022-10-14,P009,0.00010200827,8.983445e-06
2022-10-21,P009,4.6211633e-05,3.4314394e-07
2022-10-28,P009,4.8544644e-05,-2.1964222e-05
2022-11-04,P009,4.804775e-05,-1.2127075e-05
2022-11-11,P009,4.945152e-05,-1.5780643e-05
2022-11-18,P009,6.763939e-05,-1.693019e-05
2022-11-25,P009,6.528471e-05,-1.642967e-05
2022-12-02,P009,6.0341397e-05,-1.50266715e-05
2022-12-09,P009,5.6624427e-05,-1.7286144e-05
2022-12-16,P009,5.6424273e-05,-1.659433e-05
2022-12-23,P009,7.076594e-05,-1.534566e-05
2022-12-30,P009,6.3376036e-05,-1.6485588e-05
2023-01-06,P009,5.301069e-05,-1.7201903e-05
2023-01-13,P009,5.7177196e-05,-1.8646242e-05
2023-01-20,P009,4.0250972e-05,-1.1881261e-06
2023-01-27,P009,3.70612e-05,-1.5206109e-06
2023-02-03,P009,3.4481676e-05,-4.1997305e-06
2023-02-10,P009,3.43884e-05,-2.1387854e-07
2023-02-17,P009,3.1975476e-05,-1.5092535e-07
2023-02-24,P009,3.018533e-05,-2.8143718e-06
2023-03-03,P009,2.8630137e-05,-3.4194727e-06
2023-03-10,P009,2.7634314e-05,-3.5942583e-06
2023-03-17,P009,2.1691629e-05,1.7023427e-07
2023-03-24,P009,2.4803565e-05,-2.4631413e-06
2023-03-31,P009,3.1407264e-05,-5.847654e-06
2023-04-07,P009,3.2632153e-05,-4.620312e-06
2023-04-14,P009,3.4459965e-05,8.540362e-07
2023-04-21,P009,3.8145092e-05,9.038093e-06
2023-04-28,P009,5.488591e-05,-3.5479962e-07
2023-05-05,P009,5.999491e-05,-1.1024499e-06
2023-05-12,P009,4.916299e-05,7.958387e-06
2023-05-19,P009,2.9510515e-05,7.832708e-06
2023-05-26,P009,2.4312067e-05,1.5655378e-06
2023-06-02,P009,2.5551239e-05,-2.577567e-07
2023-06-09,P009,4.351359e-05,-9.097122e-06
2023-06-16,P009,3.2756612e-05,5.7140574e-06
2023-06-23,P009,4.405148e-05,5.298149e-06
2023-06-30,P009,4.3467506e-05,7.2084977e-06
2023-07-07,P009,6.3147185e-05,7.911997e-07
2023-07-14,P009,4.0504998e-05,1.52558805e-05
2023-07-21,P009,5.418412e-05,9.305026e-06
2023-07-28,P009,3.528856e-05,-2.875346e-06
2023-08-04,P009,4.2240623e-05,-1.19931165e-05
2023-08-11,P009,3.640224e-05,4.279485e-06
2023-08-18,P009,4.8750226e-05,9.866968e-07
2023-08-25,P009,3.8892955e-05,4.383759e-06
2023-09-01,P009,3.3496144e-05,-2.940078e-06
2023-09-08,P009,3.508566e-05,-4.474584e-06
2023-09-15,P009,3.2454445e-05,4.0078244e-06
2023-09-22,P009,2.8470144e-05,1.07745045e-05
2023-09-29,P009,5.001305e-05,2.0115795e-06
2023-10-06,P009,4.6776084e-05,-7.902055e-06
2023-10-13,P009,3.251384e-05,3.9492875e-06
2023-10-20,P009,3.855837e-05,-1.8024891e-06
2023-10-27,P009,3.8899227e-05,-9.106271e-06
2023-11-03,P009,3.456934e-05,-7.087568e-06
2023-11-10,P009,2.7983097e-05,5.3337317e-09
2023-11-17,P009,3.119127e-05,-5.9782747e-06
2023-11-24,P009,3.593833e-05,-9.83919e-06
2023-12-01,P009,3.4993183e-05,-6.552667e-06
2023-12-08,P009,3.7797592e-05,-7.406773e-06
2023-12-15,P009,4.526524e-05,-9.405097e-06
2023-12-22,P009,5.4943448e-05,-1.8643395e-05
2023-12-29,P009,4.7848935e-05,-6.915869e-06
2024-01-05,P009,4.31522e-05,-1.2258922e-05
2024-01-12,P009,3.4048717e-05,-9.164988e-06
2024-01-19,P009,3.8389713e-05,-9.256047e-06
2024-01-26,P009,3.8877766e-05,-6.978279e-06
2024-02-02,P009,4.777417e-05,-1.4077354e-05
2024-02-09,P009,4.306246e-05,-8.732588e-06
2024-02-16,P009,4.1724947e-05,-1.32196665e-05
2024-02-23,P009,3.9808634e-05,-9.5572705e-06
2024-03-01,P009,4.614474e-05,-5.4782718e-06
2024-03-08,P009,5.4304866e-05,7.2483963e-06
2024-03-15,P009,5.1010677e-05,1.9833631e-05
2024-03-22,P009,6.0256734e-05,3.559796e-06
2024-03-29,P009,2.9316992e-05,8.466793e-07
2024-04-05,P009,3.5252382e-05,1.016307e-05
2024-04-12,P009,3.8782535e-05,1.6314134e-05
2024-04-19,P009,3.347952e-05,1.2699731e-05
2024-04-26,P009,3.3127115e-05,1.0745316e-05
2024-05-03,P009,2.1239419e-05,-5.4077605e-06
2024-05-10,P009,2.6126894e-05,-1.0271454e-05
2024-05-17,P009,1.5973685e-05,-3.3505257e-06
2024-05-24,P009,2.037016e-05,2.97345e-06
2024-05-31,P009,1.8125425e-05,-1.6711906e-06
2024-06-07,P009,2.1723357e-05,-8.880013e-06
2024-06-14,P009,2.1548987e-05,2.8800464e-06
2024-06-21,P009,2.1835676e-05,-4.8886354e-06
2024-06-28,P009,2.107398e-05,-2.6915402e-06
2024-07-05,P009,2.1548132e-05,-3.4233647e-06
2024-07-12,P009,1.7759749e-05,-4.922434e-06
2024-07-19,P009,2.3016466e-05,-5.0640074e-06
2024-07-26,P009,3.600475e-05,1.295765e-05
2024-08-02,P009,2.4959518e-05,-7.4072173e-06
2024-08-09,P009,2.8185259e-05,-1.5017359e-05
2024-08-16,P009,2.7540464e-05,-6.633169e-06
2024-08-23,P009,2.8774457e-05,-1.3385751e-05
2024-08-30,P009,3.2795866e-05,-1.8705367e-05
2024-09-06,P009,3.3772685e-05,-1.7847291e-05
2024-09-13,P009,2.9326446e-05,5.2609794e-06
2024-09-20,P009,2.4592495e-05,-6.556767e-06
2024-09-27,P009,2.4354242e-05,-1.5414462e-05
2024-10-04,P009,1.9988855e-05,-7.3102806e-06
2024-10-11,P009,3.1424137e-05,-1.6626382e-05
2024-10-18,P009,1.6012624e-05,2.7164613e-06
2024-10-25,P009,1.868678e-05,-1.6092149e-06
2024-11-01,P009,2.2515214e-05,-7.285869e-06
2024-11-08,P009,2.7066486e-05,-5.0051503e-06
2024-11-15,P009,1.7988037e-05,-3.4638529e-06
2024-11-22,P009,2.2732225e-05,1.0925992e-06
2024-11-29,P009,2.7479744e-05,-9.023224e-06
2024-12-06,P009,2.2876737e-05,-2.3944463e-06
2024-12-13,P009,2.346958e-05,-5.0370795e-06
2024-12-20,P009,2.850576e-05,-8.3108425e-06
2024-12-27,P009,2.0928363e-05,-4.817295e-06
2025-01-03,P009,2.2056964e-05,-2.980937e-07
2025-01-10,P009,2.8832024e-05,-1.2056239e-06
2025-01-17,P009,3.359711e-05,2.0854395e-06
2025-01-24,P009,3.1059997e-05,-4.9801856e-06
2025-01-31,P009,3.334709e-05,2.2240263e-06
2025-02-07,P009,3.9063554e-05,4.044773e-06
2025-02-14,P009,3.4217945e-05,-8.074023e-06
2025-02-21,P009,2.7297247e-05,-3.820251e-06
2025-02-28,P009,3.175335e-05,-3.1379614e-07
2025-03-07,P009,4.1220297e-05,8.6197315e-07
2025-03-14,P009,4.3130407e-05,8.9249215e-06
2025-03-21,P009,3.577135e-05,-7.367186e-06
2025-03-28,P009,2.8608958e-05,-9.56045e-06
2025-04-04,P009,2.2644892e-05,2.6298148e-06
2025-04-11,P009,3.0062896e-05,2.658976e-06
2025-04-18,P009,1.207316e-05,-3.3545869e-06
2025-04-25,P009,2.0494343e-05,-5.681049e-06
2025-05-02,P009,1.4189133e-05,-3.4874063e-06
2025-05-09,P009,7.3817914e-06,1.4642644e-06
2025-05-16,P009,9.704532e-06,-7.369107e-08
2025-05-23,P009,9.709858e-06,-5.807681e-07
2025-05-30,P009,7.5263547e-06,2.3942694e-06
2025-06-06,P009,8.90977e-06,5.556801e-06
2025-06-13,P009,8.005356e-06,4.2182296e-06
2025-06-20,P009,1.1100499e-05,-2.387337e-06
2025-06-27,P009,1.0456882e-05,5.041085e-07
2025-07-04,P009,8.9769455e-06,4.7029633e-07
2025-07-11,P009,1.1258292e-05,8.528328e-06
2025-07-18,P009,8.827233e-07,2.3586463e-07
2025-07-25,P009,8.998607e-07,3.5618936e-07
2025-08-01,P009,6.5412877e-07,9.0288246e-08
2025-08-08,P009,9.396751e-07,-7.12146e-08
2025-08-15,P009,8.30591e-07,9.797665e-10
2025-08-22,P009,7.105328e-07,1.7621821e-07
2025-08-29,P009,7.860111e-07,-2.087203e-07
2025-09-05,P009,8.68733e-07,-2.93966e-07
2025-09-12,P009,4.705841e-07,-2.9641459e-08
2025-09-19,P009,1.1186635e-06,4.1098005e-07
2025-09-26,P009,5.8097925e-07,2.5371628e-07
2025-10-03,P009,9.4411723e-07,4.4458773e-07
2025-10-10,P009,8.944175e-07,5.4515476e-07
2025-10-17,P009,2.8188679e-06,1.6601105e-06
2025-10-24,P009,2.5009128e-06,1.2288241e-06
2025-10-31,P009,3.2956032e-06,2.0980735e-06
2025-11-07,P009,2.4246167e-06,5.632047e-07
2025-11-14,P009,2.704119e-06,1.6827381e-06
2025-11-21,P009,3.5659173e-06,1.7950024e-06
2025-11-28,P009,2.5208933e-06,1.1211462e-06
2025-12-05,P009,4.2864854e-06,2.4950214e-06
2025-12-12,P009,2.7881688e-06,3.061204e-07
2025-12-19,P009,3.2898813e-06,1.7240548e-06
2021-01-22,P010,4.6239988e-05,-6.8898044e-06
2021-01-29,P010,8.8853456e-05,3.7188415e-06
2021-02-05,P010,2.2782175e-05,-4.1423577e-06
2021-02-12,P010,4.7707115e-05,1.9454215e-05
2021-02-19,P010,4.1505915e-05,1.4357811e-05
2021-02-26,P010,4.6749745e-05,6.577525e-06
2021-03-05,P010,4.8431113e-05,4.8114107e-06
2021-03-12,P010,2.700107e-05,-6.03652e-06
2021-03-19,P010,3.3693097e-05,-8.318721e-06
2021-03-26,P010,3.5643556e-05,1.5338685e-06
2021-04-02,P010,4.350262e-05,4.1041608e-07
2021-04-09,P010,3.9058596e-05,-1.4864974e-05
2021-04-16,P010,2.3568706e-05,-8.7806075e-06
2021-04-23,P010,3.0406758e-05,1.3753015e-06
2021-04-30,P010,2.2611373e-05,-1.1950292e-05
2021-05-07,P010,2.292145e-05,2.3531484e-06
2021-05-14,P010,1.9399291e-05,-5.3239355e-06
2021-05-21,P010,1.9791049e-05,-6.193946e-06
2021-05-28,P010,1.4488211e-05,-3.6324875e-06
2021-06-04,P010,2.544482e-05,-3.7182376e-06
2021-06-11,P010,3.3394244e-05,3.3182187e-07
2021-06-18,P010,3.134883e-05,-5.3181598e-06
2021-06-25,P010,2.3048167e-05,-3.509597e-06
2021-07-02,P010,3.270307e-05,-8.961912e-06
2021-07-09,P010,2.0826448e-05,-4.0156583e-06
2021-07-16,P010,8.878325e-05,9.610028e-06
2021-07-23,P010,2.7893717e-05,-7.4960494e-06
2021-07-30,P010,1.4546431e-05,9.165386e-06
2021-08-06,P010,4.649783e-05,2.1085985e-05
2021-08-13,P010,2.0027514e-05,1.1349866e-05
2021-08-20,P010,1.9175353e-05,7.0007104e-07
2021-08-27,P010,2.6259779e-05,5.1684983e-06
2021-09-03,P010,4.1289477e-05,2.0942673e-05
2021-09-10,P010,2.6126445e-05,1.2222976e-05
2021-09-17,P010,1.5164757e-05,6.918361e-06
2021-09-24,P010,2.4387975e-05,1.1682668e-05
2021-10-01,P010,1.8540504e-05,4.7792364e-06
2021-10-08,P010,2.0101652e-05,-2.026261e-06
2021-10-15,P010,2.3166183e-05,-1.7496024e-05
2021-10-22,P010,0.00010869104,-3.723318e-05
2021-10-29,P010,2.5102127e-05,6.3969346e-06
2021-11-05,P010,2.586136e-05,1.7103876e-05
2021-11-12,P010,1.7515355e-05,8.420841e-06
2021-11-19,P010,1.5094383e-05,4.04377e-06
2021-11-26,P010,1.47578285e-05,-1.1967052e-06
2021-12-03,P010,1.0064805e-05,-2.0385442e-06
2021-12-10,P010,1.0946838e-05,8.37122e-07
2021-12-17,P010,1.1703887e-05,1.4895211e-06
2021-12-24,P010,8.969995e-06,3.6737456e-06
2021-12-31,P010,1.570459e-05,5.126996e-06
2022-01-07,P010,2.5099242e-05,-9.704064e-06
2022-01-14,P010,1.7654656e-05,1.4898794e-06
2022-01-21,P010,3.955417e-05,2.2932156e-06
2022-01-28,P010,2.652264e-05,-5.755635e-07
2022-02-04,P010,1.8562021e-05,-3.5427697e-06
2022-02-11,P010,4.700127e-05,-1.3791929e-05
2022-02-18,P010,2.1377966e-05,6.0217208e-06
2022-02-25,P010,2.7706705e-05,-1.0881354e-05
2022-03-04,P010,1.8197903e-05,-3.6707595e-06
2022-03-11,P010,1.8548677e-05,-5.525562e-06
2022-03-18,P010,1.7408447e-05,3.513655e-06
2022-03-25,P010,1.4139826e-05,-3.2883386e-06
2022-04-01,P010,2.5030344e-05,-1.0533919e-05
2022-04-08,P010,2.0348658e-05,-7.1729196e-06
2022-04-15,P010,2.7375458e-05,-3.7897166e-08
2022-04-22,P010,3.194088e-05,1.3252435e-05
2022-04-29,P010,2.4377925e-05,7.53811e-06
2022-05-06,P010,2.0606698e-05,4.324142e-06
2022-05-13,P010,3.0633997e-05,-3.2536577e-06
2022-05-20,P010,1.13647975e-05,-7.134868e-07
2022-05-27,P010,3.4586494e-05,1.5366106e-05
2022-06-03,P010,2.7204303e-05,-1.2880928e-05
2022-06-10,P010,2.6149324e-05,2.3184555e-06
2022-06-17,P010,4.397459e-05,1.9531326e-05
2022-06-24,P010,1.9983758e-05,2.434753e-06
2022-07-01,P010,3.0130408e-05,1.1018992e-05
2022-07-08,P010,2.3534587e-05,2.6085147e-06
2022-07-15,P010,2.4160412e-05,1.3486799e-05
2022-07-22,P010,1.8921002e-05,2.1608246e-06
2022-07-29,P010,2.2638855e-05,-1.171637e-06
2022-08-05,P010,1.9553712e-05,-2.9570663e-06
2022-08-12,P010,1.7603728e-05,-1.1734119e-06
2022-08-19,P010,2.3027607e-05,-4.9383452e-06
2022-08-26,P010,2.1020864e-05,-2.6312475e-06
2022-09-02,P010,1.8170873e-05,-3.5045296e-06
2022-09-09,P010,1.5532902e-05,7.4284706e-08
2022-09-16,P010,1.7751157e-05,4.1791668e-07
2022-09-23,P010,1.8390776e-05,1.3958825e-06
2022-09-30,P010,1.7564878e-05,-1.4629051e-06
2022-10-07,P010,1.9461064e-05,-2.167763e-06
2022-10-14,P010,1.0770369e-05,-6.560891e-06
2022-10-21,P010,2.5274985e-05,-2.8766435e-06
2022-10-28,P010,2.5205774e-05,5.539153e-06
2022-11-04,P010,2.7400869e-05,4.4055344e-07
2022-11-11,P010,2.8795761e-05,-2.0855614e-06
2022-11-18,P010,2.4037296e-05,7.273755e-07
2022-11-25,P010,1.591847e-05,-1.212048e-06
2022-12-02,P010,1.7565735e-05,-5.2225823e-06
2022-12-09,P010,1.700371e-05,-3.0337212e-06
2022-12-16,P010,1.8392813e-05,-2.919905e-07
2022-12-23,P010,1.5318548e-05,-4.74261e-06
2022-12-30,P010,1.9900439e-05,-6.8604477e-06
2023-01-06,P010,1.5820786e-05,-3.2099445e-06
2023-01-13,P010,1.5161939e-05,-2.5740194e-06
2023-01-20,P010,2.5578815e-05,-9.37862e-06
2023-01-27,P010,2.4487701e-05,1.2173348e-06
2023-02-03,P010,2.0510126e-05,1.07252345e-05
2023-02-10,P010,2.0625072e-05,-7.836431e-06
2023-02-17,P010,3.345347e-05,1.8376943e-05
2023-02-24,P010,2.5934296e-05,-1.23443415e-05
2023-03-03,P010,5.3149502e-05,5.176421e-06
2023-03-10,P010,1.7448523e-05,1.1357073e-06
2023-03-17,P010,1.7227563e-05,4.1734725e-06
2023-03-24,P010,2.3994735e-05,5.7502266e-06
2023-03-31,P010,2.3642147e-05,2.6415873e-06
2023-04-07,P010,5.59352e-05,3.623187e-05
2023-04-14,P010,4.8123475e-05,-1.7573497e-05
2023-04-21,P010,4.5604782e-05,1.32985515e-05
2023-04-28,P010,3.5283145e-05,2.762105e-06
2023-05-05,P010,3.6271413e-05,3.2633302e-06
2023-05-12,P010,2.3788933e-05,6.199836e-06
2023-05-19,P010,2.0706628e-05,2.1259254e-06
2023-05-26,P010,1.8949075e-05,-1.6015335e-06
2023-06-02,P010,1.9545823e-05,-1.1997739e-06
2023-06-09,P010,1.0627429e-05,2.2066463e-06
2023-06-16,P010,1.0321054e-05,5.5599317e-06
2023-06-23,P010,1.4357505e-05,1.7644529e-06
2023-06-30,P010,2.5070603e-05,2.1295833e-07
2023-07-07,P010,1.45016975e-05,9.565829e-08
2023-07-14,P010,9.121766e-06,-1.5764954e-08
2023-07-21,P010,4.676238e-05,1.4814773e-05
2023-07-28,P010,3.480725e-05,1.1478201e-05
2023-08-04,P010,4.0359748e-05,-1.8884613e-05
2023-08-11,P010,2.7618076e-05,4.338465e-06
2023-08-18,P010,4.326394e-05,3.2202934e-05
2023-08-25,P010,5.814164e-05,-1.7505568e-05
2023-09-01,P010,8.881945e-05,-2.4449326e-05
2023-09-08,P010,9.654135e-05,-2.0491108e-05
2023-09-15,P010,6.830122e-05,2.2574579e-05
2023-09-22,P010,4.558148e-05,1.8599501e-05
2023-09-29,P010,2.9827612e-05,1.2428637e-05
2023-10-06,P010,3.057871e-05,9.376605e-06
2023-10-13,P010,3.055231e-05,-6.0194003e-07
2023-10-20,P010,1.1987928e-05,-2.5817592e-06
2023-10-27,P010,1.1070678e-05,-7.167474e-06
2023-11-03,P010,1.0621828e-05,-4.3720797e-06
2023-11-10,P010,1.2664937e-05,-3.4385262e-06
2023-11-17,P010,2.4165236e-05,4.7839358e-06
2023-11-24,P010,1.8786299e-05,1.2873476e-05
2023-12-01,P010,1.05339695e-05,-2.4858696e-06
2023-12-08,P010,2.1157623e-05,-1.4852067e-06
2023-12-15,P010,2.3398148e-05,3.6807996e-06
2023-12-22,P010,2.5996344e-05,5.290957e-06
2023-12-29,P010,2.6851887e-05,2.1860883e-06
2024-01-05,P010,2.5072693e-05,2.5663987e-06
2024-01-12,P010,1.9841395e-05,2.3507953e-06
2024-01-19,P010,2.9101104e-05,1.0682581e-05
2024-01-26,P010,2.4412879e-05,6.194619e-06
2024-02-02,P010,2.6539472e-05,7.7714085e-06
2024-02-09,P010,2.730826e-05,7.720855e-06
2024-02-16,P010,2.7657848e-05,9.610862e-06
2024-02-23,P010,2.2728029e-05,6.852766e-06
2024-03-01,P010,1.6747768e-05,3.6385352e-06
2024-03-08,P010,2.2158667e-05,4.1885633e-06
2024-03-15,P010,2.8911974e-05,4.1463836e-06
2024-03-22,P010,1.6728061e-05,3.5321884e-06
2024-03-29,P010,2.7550082e-05,6.7107817e-06
2024-04-05,P010,1.13328e-05,8.472744e-07
2024-04-12,P010,6.03211e-05,-1.5415202e-05
2024-04-19,P010,2.415464e-05,8.8156946e-07
2024-04-26,P010,2.4036694e-05,-9.426378e-06
2024-05-03,P010,1.6986683e-05,5.1760344e-06
2024-05-10,P010,1.29757045e-05,-5.9521335e-07
2024-05-17,P010,1.5820307e-05,-2.264773e-06
2024-05-24,P010,1.6367321e-05,-5.829297e-06
2024-05-31,P010,1.2781933e-05,-2.5461122e-06
2024-06-07,P010,1.7163471e-05,-1.0821104e-06
2024-06-14,P010,1.2884447e-05,-2.9835744e-06
2024-06-21,P010,1.3841269e-05,-4.6402683e-06
2024-06-28,P010,8.523386e-06,-3.4447387e-06
2024-07-05,P010,1.153649e-05,-3.741955e-06
2024-07-12,P010,9.672525e-06,-1.9620447e-06
2024-07-19,P010,1.8081848e-05,3.8555872e-06
2024-07-26,P010,1.7887758e-05,5.6896088e-06
2024-08-02,P010,1.4031523e-05,5.3145786e-06
2024-08-09,P010,1.25598945e-05,2.986423e-06
2024-08-16,P010,4.61108e-05,-2.800941e-05
2024-08-23,P010,1.8084966e-05,-4.2197607e-06
2024-08-30,P010,3.786008e-05,-2.2085675e-05
2024-09-06,P010,2.3752804e-05,7.422972e-06
2024-09-13,P010,1.8072802e-05,8.4264075e-06
2024-09-20,P010,1.9750321e-05,-8.32253e-06
2024-09-27,P010,4.0116982e-05,-2.1924672e-05
2024-10-04,P010,1.0377525e-05,1.028868e-06
2024-10-11,P010,1.2432578e-05,4.479508e-06
2024-10-18,P010,6.9050066e-06,7.4536877e-07
2024-10-25,P010,5.3443737e-06,5.7790515e-08
2024-11-01,P010,7.2250077e-06,2.1719643e-07
2024-11-08,P010,1.360272e-05,1.9221432e-06
2024-11-15,P010,1.8631195e-05,-1.1520092e-05
2024-11-22,P010,3.3543074e-05,2.5483481e-05
2024-11-29,P010,3.439889e-05,-1.4589684e-06
2024-12-06,P010,3.8603153e-05,-1.9010193e-05
2024-12-13,P010,1.5581385e-05,1.067628e-06
2024-12-20,P010,3.8964303e-05,3.264143e-05
2024-12-27,P010,2.6152778e-05,-2.1581101e-05
2025-01-03,P010,3.1794065e-05,3.1416957e-06
2025-01-10,P010,2.215608e-05,-1.28025695e-05
2025-01-17,P010,6.6484035e-06,-2.1212438e-06
2025-01-24,P010,5.132875e-06,3.2485334e-06
2025-01-31,P010,8.489947e-06,-2.0558284e-06
2025-02-07,P010,8.448512e-06,-2.0852606e-06
2025-02-14,P010,7.315101e-06,-1.3838714e-06
2025-02-21,P010,1.081976e-05,5.3509922e-08
2025-02-28,P010,1.3657741e-05,-1.8572284e-06
2025-03-07,P010,1.9785373e-05,1.4024112e-06
2025-03-14,P010,9.035112e-06,-3.1632053e-06
2025-03-21,P010,1.0962226e-05,-1.3117515e-06
2025-03-28,P010,1.0692107e-05,3.363868e-06
2025-04-04,P010,3.708644e-05,-1.5413427e-05
2025-04-11,P010,3.3312965e-05,-3.407088e-06
2025-04-18,P010,1.9405765e-05,-1.1923393e-05
2025-04-25,P010,6.562007e-06,-6.3063214e-07
2025-05-02,P010,5.452265e-06,-2.609662e-06
2025-05-09,P010,1.07343685e-05,-9.0669855e-06
2025-05-16,P010,1.6121256e-05,-6.5660506e-06
2025-05-23,P010,1.568429e-05,6.343661e-07
2025-05-30,P010,5.5790024e-05,3.4777047e-05
2025-06-06,P010,2.6116555e-05,-2.0337653e-05
2025-06-13,P010,5.0463124e-05,4.873174e-06
2025-06-20,P010,2.4334535e-05,-1.6940416e-05
2025-06-27,P010,2.1846663e-05,-1.8154062e-05
2025-07-04,P010,1.4447976e-05,-8.163713e-06
2025-07-11,P010,1.1853059e-05,-9.62823e-06
2025-07-18,P010,2.579685e-06,-7.16801e-07
2025-07-25,P010,5.039328e-06,-3.2252617e-06
2025-08-01,P010,1.2569376e-06,-1.406823e-07
2025-08-08,P010,2.555944e-06,-4.305674e-07
2025-08-15,P010,1.6369311e-06,-8.832225e-09
2025-08-22,P010,3.219006e-06,-2.2035445e-06
2025-08-29,P010,3.6504864e-06,-1.6627861e-06
2025-09-05,P010,2.8685956e-06,-6.7352835e-07
2025-09-12,P010,2.4706856e-06,4.887364e-07
2025-09-19,P010,4.8356987e-06,-1.0302215e-06
2025-09-26,P010,3.0343333e-06,-6.33603e-07
2025-10-03,P010,6.89957e-06,5.7636894e-06
2025-10-10,P010,7.7087525e-06,1.2374869e-06
2025-10-17,P010,6.4517985e-06,5.663383e-07
2025-10-24,P010,2.5080244e-06,6.68966e-07
2025-10-31,P010,8.520581e-06,-3.6383885e-06
2025-11-07,P010,2.6383432e-06,-5.707934e-07
2025-11-14,P010,4.1137564e-06,-1.2055275e-06
2025-11-21,P010,5.330663e-06,-4.617173e-07
2025-11-28,P010,7.4547297e-06,-1.1650602e-06
2025-12-05,P010,4.8012357e-06,1.2459967e-06
2025-12-12,P010,7.419583e-06,-1.5822263e-06
2025-12-19,P010,3.8704966e-06,-8.649686e-07
2021-01-22,P011,8.292665e-05,2.1560509e-06
2021-01-29,P011,7.844615e-05,-1.6832462e-05
2021-02-05,P011,8.152812e-05,-1.1799413e-05
2021-02-12,P011,4.8593607e-05,-1.1525232e-05
2021-02-19,P011,9.130527e-05,5.0051667e-06
2021-02-26,P011,5.3018422e-05,-1.5106513e-05
2021-03-05,P011,6.6479806e-05,-1.32232035e-05
2021-03-12,P011,4.361447e-05,-1.1575879e-05
2021-03-19,P011,5.8879814e-05,-2.912295e-06
2021-03-26,P011,3.8122158e-05,4.8997804e-06
2021-04-02,P011,4.843733e-05,-1.0790386e-06
2021-04-09,P011,4.4209446e-05,6.267565e-06
2021-04-16,P011,4.8539954e-05,1.1350589e-06
2021-04-23,P011,8.717838e-05,5.8098885e-07
2021-04-30,P011,9.749489e-05,-2.1905189e-05
2021-05-07,P011,9.649317e-05,-3.473724e-05
2021-05-14,P011,0.00011313816,-2.5752586e-05
2021-05-21,P011,0.00012162008,8.643083e-06
2021-05-28,P011,7.9670506e-05,1.1949168e-05
2021-06-04,P011,6.5326894e-05,3.288876e-06
2021-06-11,P011,5.940526e-05,-1.01467485e-05
2021-06-18,P011,6.5026645e-05,-2.390688e-05
2021-06-25,P011,5.9001195e-05,-6.824376e-06
2021-07-02,P011,9.399316e-05,-4.0646526e-05
2021-07-09,P011,7.621556e-05,-3.7276375e-05
2021-07-16,P011,0.00010017336,-1.8104698e-05
2021-07-23,P011,2.9695708e-05,5.756567e-06
2021-07-30,P011,3.530014e-05,6.6041744e-06
2021-08-06,P011,1.8866118e-05,1.8274689e-06
2021-08-13,P011,2.6703163e-05,-1.6372747e-06
2021-08-20,P011,2.1089512e-05,9.778136e-07
2021-08-27,P011,2.6509371e-05,-1.2744588e-06
2021-09-03,P011,2.362661e-05,-5.602946e-06
2021-09-10,P011,3.2245014e-05,5.806235e-06
2021-09-17,P011,2.0728634e-05,3.560972e-06
2021-09-24,P011,2.9488414e-05,3.8290004e-06
2021-10-01,P011,2.5494808e-05,-3.805571e-06
2021-10-08,P011,3.0505907e-05,-9.007322e-06
2021-10-15,P011,3.6852176e-05,9.020168e-06
2021-10-22,P011,5.3457254e-05,1.2122087e-05
2021-10-29,P011,7.265369e-05,3.7932565e-05
2021-11-05,P011,5.8889327e-05,1.28513775e-05
2021-11-12,P011,5.4687036e-05,4.6306195e-06
2021-11-19,P011,4.7963673e-05,4.7851513e-06
2021-11-26,P011,5.043602e-05,4.480401e-06
2021-12-03,P011,8.2096376e-05,2.8653969e-05
2021-12-10,P011,7.58244e-05,2.980216e-05
2021-12-17,P011,6.703356e-05,1.9159274e-05
2021-12-24,P011,7.0760085e-05,2.2030361e-05
2021-12-31,P011,0.00023575389,-6.590589e-07
2022-01-07,P011,0.00020840151,1.9037408e-05
2022-01-14,P011,0.00011500875,5.3078387e-05
2022-01-21,P011,7.1482296e-05,2.8485956e-05
2022-01-28,P011,5.2696978e-05,-4.1437168e-05
2022-02-04,P011,3.0021241e-05,-9.592863e-06
2022-02-11,P011,3.1831547e-05,-1.8254228e-05
2022-02-18,P011,4.1388237e-05,1.9671505e-05
2022-02-25,P011,2.2263399e-05,-4.8780435e-06
2022-03-04,P011,4.22596e-05,-1.9006498e-05
2022-03-11,P011,5.1510884e-05,2.280942e-06
2022-03-18,P011,6.336875e-05,-8.707832e-07
2022-03-25,P011,0.00011135293,3.8119753e-05
2022-04-01,P011,9.3361945e-05,2.1576507e-05
2022-04-08,P011,7.4534655e-05,-3.504903e-05
2022-04-15,P011,3.8214435e-05,1.0012354e-06
2022-04-22,P011,3.5366676e-05,1.2329303e-05
2022-04-29,P011,3.5063593e-05,-1.1429422e-05
2022-05-06,P011,2.7343485e-05,1.919684e-05
2022-05-13,P011,4.354253e-05,-1.5361935e-05
2022-05-20,P011,5.9557442e-05,5.70557e-05
2022-05-27,P011,7.889608e-05,3.3172946e-05
2022-06-03,P011,5.201631e-05,1.7134185e-05
2022-06-10,P011,3.7605983e-05,1.4957437e-05
2022-06-17,P011,4.7563593e-05,3.7273952e-05
2022-06-24,P011,7.598236e-05,-8.6385717e-07
2022-07-01,P011,6.13209e-05,3.4107314e-05
2022-07-08,P011,5.0865317e-05,2.6847738e-05
2022-07-15,P011,6.171231e-05,2.987931e-05
2022-07-22,P011,4.652719e-05,2.3182104e-06
2022-07-29,P011,4.6395395e-05,1.3223303e-05
2022-08-05,P011,6.226487e-05,1.7643966e-05
2022-08-12,P011,5.2310985e-05,1.8865328e-05
2022-08-19,P011,5.3102565e-05,3.2547734e-05
2022-08-26,P011,3.4221266e-05,2.2690756e-05
2022-09-02,P011,4.5721754e-05,1.3530816e-05
2022-09-09,P011,2.9875717e-05,1.4898369e-05
2022-09-16,P011,6.4350425e-05,3.3966997e-05
2022-09-23,P011,5.073024e-05,4.272271e-05
2022-09-30,P011,5.234601e-05,1.9300105e-05
2022-10-07,P011,4.2235486e-05,2.219859e-05
2022-10-14,P011,2.851148e-05,1.875009e-06
2022-10-21,P011,2.3851917e-05,-1.8038543e-05
2022-10-28,P011,2.9030605e-05,1.2295645e-06
2022-11-04,P011,2.396143e-05,-5.6114372e-06
2022-11-11,P011,3.0033165e-05,1.0268759e-05
2022-11-18,P011,3.4360994e-05,-2.2445702e-05
2022-11-25,P011,3.3409506e-05,-5.706031e-06
2022-12-02,P011,2.2706785e-05,-1.6306226e-06
2022-12-09,P011,2.471295e-05,-9.768102e-06
2022-12-16,P011,1.7116e-05,-1.0196757e-06
2022-12-23,P011,2.515397e-05,-1.3270238e-05
2022-12-30,P011,2.5477713e-05,-1.5750831e-05
2023-01-06,P011,2.923138e-05,-8.179586e-08
2023-01-13,P011,3.2692755e-05,9.933508e-06
2023-01-20,P011,8.1500446e-05,1.2172852e-05
2023-01-27,P011,8.216989e-05,1.6327538e-05
2023-02-03,P011,5.4861186e-05,6.8610657e-06
2023-02-10,P011,8.929964e-05,1.8026729e-05
2023-02-17,P011,6.9022964e-05,1.5154936e-05
2023-02-24,P011,7.1387956e-05,8.142933e-06
2023-03-03,P011,5.4276323e-05,-2.3430128e-05
2023-03-10,P011,4.21394e-05,-3.9268843e-06
2023-03-17,P011,5.8775746e-05,-8.721829e-06
2023-03-24,P011,5.8905727e-05,-3.2166854e-06
2023-03-31,P011,5.9959137e-05,8.731302e-06
2023-04-07,P011,5.0555427e-05,-4.8309366e-06
2023-04-14,P011,5.4983007e-05,-9.90065e-07
2023-04-21,P011,3.680847e-05,1.7030313e-06
2023-04-28,P011,4.083215e-05,-9.608253e-06
2023-05-05,P011,2.8842667e-05,-1.4054672e-07
2023-05-12,P011,2.8662731e-05,4.582189e-06
2023-05-19,P011,5.1190273e-05,1.27043995e-05
2023-05-26,P011,4.486518e-05,1.7566226e-05
2023-06-02,P011,3.5737947e-05,1.0625528e-05
2023-06-09,P011,4.752703e-05,9.887977e-06
2023-06-16,P011,4.287504e-05,-3.286989e-07
2023-06-23,P011,5.01902e-05,1.929e-06
2023-06-30,P011,4.6329154e-05,-1.5970427e-06
2023-07-07,P011,1.510344e-05,-8.400018e-06
2023-07-14,P011,2.928744e-05,-4.3564805e-06
2023-07-21,P011,8.234229e-05,-3.830963e-05
2023-07-28,P011,0.000110054534,-4.9806546e-05
2023-08-04,P011,9.7507225e-05,-3.5473404e-06
2023-08-11,P011,8.301995e-05,-6.612422e-06
2023-08-18,P011,9.6444244e-05,-4.2194602e-05
2023-08-25,P011,7.841364e-05,4.4840413e-05
2023-09-01,P011,9.642203e-05,7.914048e-06
2023-09-08,P011,9.003189e-05,-1.6661364e-05
2023-09-15,P011,0.00010792353,4.018771e-05
2023-09-22,P011,0.00011102152,1.0433259e-05
2023-09-29,P011,7.407118e-05,-9.268075e-07
2023-10-06,P011,6.331591e-05,3.052431e-05
2023-10-13,P011,8.547407e-05,-3.2352615e-05
2023-10-20,P011,5.767084e-05,1.694589e-05
2023-10-27,P011,4.4669112e-05,-2.8215563e-06
2023-11-03,P011,5.838278e-05,1.7202732e-05
2023-11-10,P011,4.2934502e-05,9.610581e-06
2023-11-17,P011,8.879865e-05,9.467063e-06
2023-11-24,P011,8.9621164e-05,3.354235e-05
2023-12-01,P011,6.587734e-05,2.1822187e-05
2023-12-08,P011,6.57761e-05,1.0777981e-06
2023-12-15,P011,0.00010760897,1.8034374e-05
2023-12-22,P011,6.384049e-05,2.2809643e-05
2023-12-29,P011,8.3673e-05,2.4264307e-05
2024-01-05,P011,5.3228825e-05,-4.5241813e-07
2024-01-12,P011,4.7986905e-05,5.68044e-06
2024-01-19,P011,4.1875108e-05,3.5962846e-06
2024-01-26,P011,4.026781e-05,1.0122283e-05
2024-02-02,P011,5.914561e-05,2.0512482e-05
2024-02-09,P011,4.849535e-05,-1.0659196e-05
2024-02-16,P011,7.3857955e-05,-1.1708548e-05
2024-02-23,P011,8.294542e-05,2.0695197e-05
2024-03-01,P011,6.829356e-05,7.667786e-06
2024-03-08,P011,9.9376535e-05,1.6872858e-05
2024-03-15,P011,7.963157e-05,3.557217e-06
2024-03-22,P011,9.0921545e-05,-3.1987656e-06
2024-03-29,P011,9.74033e-05,-2.8587394e-05
2024-04-05,P011,0.00013767165,-4.6955493e-06
2024-04-12,P011,8.103417e-05,-1.9218896e-05
2024-04-19,P011,0.00010210884,3.0978536e-06
2024-04-26,P011,6.1083294e-05,3.4442222e-05
2024-05-03,P011,6.481765e-05,-1.9967429e-05
2024-05-10,P011,9.3496164e-05,6.828976e-07
2024-05-17,P011,3.4672048e-05,-1.5785585e-05
2024-05-24,P011,0.00011744554,4.615913e-05
2024-05-31,P011,5.5358763e-05,2.2343536e-05
2024-06-07,P011,5.9140704e-05,6.0096418e-06
2024-06-14,P011,7.367602e-05,8.700847e-06
2024-06-21,P011,9.866667e-05,3.1371488e-05
2024-06-28,P011,0.00010448512,1.944229e-05
2024-07-05,P011,0.000113147005,1.8324987e-05
2024-07-12,P011,0.00012451898,2.7204154e-05
2024-07-19,P011,7.4503514e-05,-6.364553e-07
2024-07-26,P011,9.639216e-05,5.1308674e-05
2024-08-02,P011,0.00012995,5.750074e-06
2024-08-09,P011,9.5286996e-05,-3.2841286e-05
2024-08-16,P011,0.00010754711,4.1351428e-05
2024-08-23,P011,8.1246486e-05,3.5094807e-05
2024-08-30,P011,7.37673e-05,2.407422e-05
2024-09-06,P011,8.5125066e-05,-1.5712712e-05
2024-09-13,P011,4.8574788e-05,-1.7934719e-05
2024-09-20,P011,5.8327405e-05,1.8056831e-05
2024-09-27,P011,8.84804e-05,-6.7964957e-06
2024-10-04,P011,4.746589e-05,-1.682709e-05
2024-10-11,P011,3.0141782e-05,-3.4179175e-07
2024-10-18,P011,2.9177823e-05,-8.548563e-06
2024-10-25,P011,2.9991423e-05,5.5973396e-06
2024-11-01,P011,4.0657967e-05,7.257596e-07
2024-11-08,P011,3.3372642e-05,-1.1193326e-06
2024-11-15,P011,4.324283e-05,1.583424e-05
2024-11-22,P011,3.609796e-05,4.4592257e-06
2024-11-29,P011,4.617958e-05,-2.1125597e-05
2024-12-06,P011,3.9044517e-05,1.5163751e-05
2024-12-13,P011,6.37709e-05,1.4511494e-05
2024-12-20,P011,6.586774e-05,1.0592582e-06
2024-12-27,P011,5.466368e-05,-1.823103e-05
2025-01-03,P011,6.909623e-05,1.1391545e-05
2025-01-10,P011,5.017621e-05,4.622727e-06
2025-01-17,P011,2.2721819e-05,-1.0426525e-05
2025-01-24,P011,2.5645388e-05,-2.8458817e-06
2025-01-31,P011,1.3005112e-05,2.9907526e-06
2025-02-07,P011,1.7433233e-05,-3.1819864e-06
2025-02-14,P011,1.1393595e-05,5.2809503e-07
2025-02-21,P011,1.7376022e-05,2.2743193e-06
2025-02-28,P011,1.5253785e-05,-3.6713595e-07
2025-03-07,P011,1.5796819e-05,-9.809535e-06
2025-03-14,P011,1.4380834e-05,-4.682787e-06
2025-03-21,P011,1.2758777e-05,5.0902975e-07
2025-03-28,P011,2.4856614e-05,1.3796188e-05
2025-04-04,P011,5.0818704e-05,1.4801004e-05
2025-04-11,P011,2.3931809e-05,1.1981738e-05
2025-04-18,P011,3.9182574e-05,-1.0180565e-05
2025-04-25,P011,4.318242e-05,1.3653384e-06
2025-05-02,P011,3.2368876e-05,-1.5232773e-05
2025-05-09,P011,2.8240758e-05,1.6812055e-05
2025-05-16,P011,2.1559812e-05,6.6807524e-07
2025-05-23,P011,2.8550627e-05,-7.2808984e-06
2025-05-30,P011,2.1008447e-05,-1.2401212e-05
2025-06-06,P011,2.1601145e-05,1.5881542e-06
2025-06-13,P011,2.8507844e-05,1.1178066e-05
2025-06-20,P011,2.9161858e-05,1.815652e-05
2025-06-27,P011,2.8608947e-05,1.5705831e-05
2025-07-04,P011,4.6361696e-05,3.183661e-05
2025-07-11,P011,5.5864013e-05,3.86996e-05
2025-07-18,P011,8.570947e-06,1.2616134e-06
2025-07-25,P011,8.664745e-06,-1.7977167e-07
2025-08-01,P011,6.501597e-06,8.492525e-08
2025-08-08,P011,1.1337291e-05,-4.3584237e-06
2025-08-15,P011,1.3206892e-05,2.9353794e-06
2025-08-22,P011,9.255515e-06,-1.5078768e-06
2025-08-29,P011,9.539555e-06,-3.045558e-06
2025-09-05,P011,1.2987884e-05,-5.3236104e-06
2025-09-12,P011,5.972488e-06,9.0218964e-07
2025-09-19,P011,1.4842896e-05,-7.448434e-06
2025-09-26,P011,1.0036903e-05,-4.0517284e-06
2025-10-03,P011,6.4897526e-06,-4.512165e-07
2025-10-10,P011,8.658605e-06,-1.6838633e-06
2025-10-17,P011,8.846666e-06,-3.3980115e-07
2025-10-24,P011,1.2193699e-05,3.6671381e-06
2025-10-31,P011,1.10027595e-05,2.8516793e-06
2025-11-07,P011,1.2752915e-05,3.745244e-06
2025-11-14,P011,1.2192976e-05,5.7684383e-07
2025-11-21,P011,1.614387e-05,-1.0080847e-06
2025-11-28,P011,1.462187e-05,3.6432825e-06
2025-12-05,P011,1.2098334e-05,1.1422508e-06
2025-12-12,P011,1.3802726e-05,7.863634e-06
2025-12-19,P011,1.6710293e-05,8.7780177e-07
2021-01-22,cape,5.449935e-05,-2.8045246e-05
2021-01-29,cape,4.340578e-05,-4.680054e-06
2021-02-05,cape,8.628083e-05,2.183163e-05
2021-02-12,cape,0.00010541254,6.111653e-05
2021-02-19,cape,5.925322e-05,-9.388826e-06
2021-02-26,cape,6.8368405e-05,-7.492211e-06
2021-03-05,cape,5.89611e-05,7.018502e-06
2021-03-12,cape,5.8619422e-05,-2.2772389e-05
2021-03-19,cape,5.4851673e-05,2.5605343e-06
2021-03-26,cape,5.5123463e-05,-2.6573274e-05
2021-04-02,cape,4.331194e-05,1.3687036e-05
2021-04-09,cape,5.712192e-05,-4.259211e-05
2021-04-16,cape,7.690458e-05,1.5727155e-05
2021-04-23,cape,0.00014698936,-9.517435e-05
2021-04-30,cape,0.00010417137,-1.9312494e-05
2021-05-07,cape,0.0001774683,-0.0001529103
2021-05-14,cape,0.00021612871,2.6062671e-05
2021-05-21,cape,0.00014973592,-3.387427e-05
2021-05-28,cape,0.00017755477,-9.0698486e-05
2021-06-04,cape,0.00019387096,-1.8429799e-05
2021-06-11,cape,0.00017388166,-0.00013815997
2021-06-18,cape,0.00029142352,6.9926275e-05
2021-06-25,cape,0.00014060941,-7.562823e-05
2021-07-02,cape,0.00012393098,2.1283822e-05
2021-07-09,cape,0.00016492508,-8.102154e-05
2021-07-16,cape,0.0002579656,1.511994e-05
2021-07-23,cape,2.5157044e-05,1.1938032e-06
2021-07-30,cape,2.8924369e-05,1.5382506e-06
2021-08-06,cape,3.3141332e-05,6.689928e-06
2021-08-13,cape,3.0735104e-05,-1.49112e-05
2021-08-20,cape,4.5488203e-05,-2.0020878e-05
2021-08-27,cape,7.575576e-05,3.289736e-05
2021-09-03,cape,2.8423961e-05,-4.121098e-06
2021-09-10,cape,5.0652277e-05,-1.7520631e-05
2021-09-17,cape,5.4022068e-05,-2.1125588e-05
2021-09-24,cape,3.501311e-05,-1.7061082e-05
2021-10-01,cape,4.650478e-05,-1.8234441e-05
2021-10-08,cape,2.8920049e-05,-1.0150796e-05
2021-10-15,cape,7.071982e-05,-4.1528885e-05
2021-10-22,cape,7.9254394e-05,3.4014352e-05
2021-10-29,cape,0.00010545793,2.7822778e-05
2021-11-05,cape,6.952265e-05,3.2577376e-05
2021-11-12,cape,0.00011839173,-7.920407e-05
2021-11-19,cape,0.00011231841,2.903524e-05
2021-11-26,cape,9.192131e-05,-3.6797055e-06
2021-12-03,cape,0.00010941963,-5.5146993e-06
2021-12-10,cape,0.00014810744,7.504931e-05
2021-12-17,cape,0.00010288602,-5.483163e-05
2021-12-24,cape,8.887968e-05,2.506596e-05
2021-12-31,cape,4.6242025e-05,1.0076148e-05
2022-01-07,cape,8.577526e-05,-1.075807e-06
2022-01-14,cape,5.2733783e-05,2.139422e-05
2022-01-21,cape,3.199623e-05,-9.133098e-06
2022-01-28,cape,2.2715643e-05,-2.336569e-06
2022-02-04,cape,2.009414e-05,1.5077753e-06
2022-02-11,cape,2.6511114e-05,-6.4442534e-06
2022-02-18,cape,3.1603067e-05,-1.9302347e-06
2022-02-25,cape,6.775707e-05,3.8004506e-05
2022-03-04,cape,5.983249e-05,-1.8715382e-05
2022-03-11,cape,4.6759676e-05,1.1419002e-06
2022-03-18,cape,4.4928813e-05,-5.4510247e-06
2022-03-25,cape,4.2963686e-05,-1.0685121e-05
2022-04-01,cape,5.156272e-05,1.0560763e-05
2022-04-08,cape,4.4486504e-05,3.147776e-05
2022-04-15,cape,3.2372332e-05,-1.919674e-06
2022-04-22,cape,4.1662148e-05,2.926258e-05
2022-04-29,cape,9.68422e-05,4.799434e-05
2022-05-06,cape,6.9737885e-05,-4.198368e-05
2022-05-13,cape,5.2985364e-05,-1.2029324e-05
2022-05-20,cape,7.158365e-05,-3.2587348e-05
2022-05-27,cape,7.678512e-05,1.9802203e-05
2022-06-03,cape,4.7597103e-05,2.2590461e-06
2022-06-10,cape,6.048857e-05,-2.5257194e-05
2022-06-17,cape,7.9766025e-05,1.2433406e-05
2022-06-24,cape,6.058345e-05,-3.0219046e-05
2022-07-01,cape,7.878338e-05,-2.6681648e-05
2022-07-08,cape,8.369468e-05,2.7805941e-05
2022-07-15,cape,0.00010751174,-5.6197205e-05
2022-07-22,cape,4.2024825e-05,-6.7464543e-06
2022-07-29,cape,3.6744525e-05,2.5600445e-06
2022-08-05,cape,3.5367728e-05,-1.6608012e-05
2022-08-12,cape,3.4808312e-05,-1.1637194e-05
2022-08-19,cape,4.1332423e-05,8.123447e-06
2022-08-26,cape,3.3702374e-05,-1.2747689e-05
2022-09-02,cape,4.624306e-05,3.234415e-05
2022-09-09,cape,2.8883673e-05,-6.9416596e-06
2022-09-16,cape,6.211604e-05,3.1895244e-05
2022-09-23,cape,4.928676e-05,-1.49210355e-05
2022-09-30,cape,8.476993e-05,7.020465e-05
2022-10-07,cape,3.2717377e-05,-1.0009479e-05
2022-10-14,cape,4.784807e-05,-8.4356825e-06
2022-10-21,cape,0.000108713844,7.756985e-05
2022-10-28,cape,5.001367e-05,-1.4708241e-05
2022-11-04,cape,7.409253e-05,-2.3635936e-05
2022-11-11,cape,4.4444994e-05,4.8350444e-06
2022-11-18,cape,5.134297e-05,9.157268e-07
2022-11-25,cape,7.698983e-05,1.3826702e-05
2022-12-02,cape,6.70558e-05,3.1019794e-05
2022-12-09,cape,6.840828e-05,-4.1604082e-05
2022-12-16,cape,8.178019e-05,3.420975e-05
2022-12-23,cape,7.6723285e-05,-3.5499048e-05
2022-12-30,cape,6.705414e-05,5.7544203e-06
2023-01-06,cape,5.127146e-05,2.5786043e-05
2023-01-13,cape,4.1840536e-05,-1.7962157e-05
2023-01-20,cape,4.340111e-05,1.8621291e-05
2023-01-27,cape,4.90319e-05,-2.1950376e-05
2023-02-03,cape,5.929289e-05,3.8360773e-05
2023-02-10,cape,7.240558e-05,1.7114413e-05
2023-02-17,cape,4.1569976e-05,-1.7783103e-05
2023-02-24,cape,4.6866186e-05,-3.8620237e-06
2023-03-03,cape,5.5214114e-05,-1.363079e-06
2023-03-10,cape,4.099136e-05,-8.5533065e-07
2023-03-17,cape,5.5228116e-05,-1.4969846e-05
2023-03-24,cape,6.9805115e-05,2.3381344e-05
2023-03-31,cape,5.5885594e-05,-3.0420437e-05
2023-04-07,cape,5.440503e-05,3.4805066e-06
2023-04-14,cape,5.3086987e-05,-3.2623095e-05
2023-04-21,cape,3.162574e-05,1.161656e-05
2023-04-28,cape,5.8032816e-05,3.1394324e-05
2023-05-05,cape,3.2893502e-05,4.0352525e-06
2023-05-12,cape,3.781555e-05,-1.263717e-05
2023-05-19,cape,3.7707574e-05,9.175701e-06
2023-05-26,cape,3.7003356e-05,4.1712356e-06
2023-06-02,cape,5.0573664e-05,2.2020675e-05
2023-06-09,cape,2.679404e-05,1.22932815e-05
2023-06-16,cape,3.568406e-05,-1.3144828e-05
2023-06-23,cape,2.4771229e-05,6.4065994e-06
2023-06-30,cape,2.6211676e-05,2.0107234e-06
2023-07-07,cape,3.5478864e-05,-4.5534125e-06
2023-07-14,cape,5.482944e-05,3.144816e-05
2023-07-21,cape,0.00016616528,-7.514725e-05
2023-07-28,cape,0.00015161614,5.519131e-05
2023-08-04,cape,0.00014945774,-7.2187895e-06
2023-08-11,cape,0.000118129115,-5.5506138e-05
2023-08-18,cape,9.7341006e-05,1.549489e-05
2023-08-25,cape,0.0001556879,-7.672989e-05
2023-09-01,cape,0.00017405512,7.443497e-05
2023-09-08,cape,0.0001473432,-5.3312684e-05
2023-09-15,cape,8.96511e-05,1.1785505e-07
2023-09-22,cape,0.00014052635,-5.1467756e-05
2023-09-29,cape,0.00016252857,2.8466706e-05
2023-10-06,cape,0.00015949292,-3.9959494e-05
2023-10-13,cape,0.00012831042,-7.5825546e-06
2023-10-20,cape,0.00013020483,-6.9886214e-06
2023-10-27,cape,8.0293044e-05,-2.7504635e-05
2023-11-03,cape,0.00010415238,-4.6881894e-05
2023-11-10,cape,0.0001154193,1.7332732e-05
2023-11-17,cape,0.0001147194,-7.736371e-05
2023-11-24,cape,0.000111736605,4.863869e-05
2023-12-01,cape,0.00010071977,-3.0170191e-05
2023-12-08,cape,0.00011893271,-7.14788e-05
2023-12-15,cape,0.00010046917,5.2187774e-05
2023-12-22,cape,0.00017469375,2.4943529e-05
2023-12-29,cape,0.00011289024,-7.8185774e-05
2024-01-05,cape,0.00012993363,-1.9914403e-05
2024-01-12,cape,0.0002031996,7.595249e-05
2024-01-19,cape,0.00016878484,-0.00013697572
2024-01-26,cape,0.00020317487,2.6219404e-05
2024-02-02,cape,0.00012083673,-5.7419868e-05
2024-02-09,cape,0.00018336652,-4.164166e-06
2024-02-16,cape,0.00012407015,-8.318503e-05
2024-02-23,cape,0.00013158155,-7.7940924e-05
2024-03-01,cape,0.00014481734,-6.0823153e-05
2024-03-08,cape,0.00015858837,-0.00011882005
2024-03-15,cape,0.00014546076,-6.511372e-05
2024-03-22,cape,0.00012661352,-8.2861574e-05
2024-03-29,cape,0.00012712131,-9.025837e-05
2024-04-05,cape,0.000102677724,-6.286475e-05
2024-04-12,cape,0.00010172961,-7.065351e-05
2024-04-19,cape,0.0001578014,-8.659277e-05
2024-04-26,cape,0.00018928057,-6.952493e-05
2024-05-03,cape,0.00018410063,-0.00014456625
2024-05-10,cape,0.00020444134,-0.00013626614
2024-05-17,cape,0.00022440289,-0.00010316544
2024-05-24,cape,0.00020230515,-0.00016213482
2024-05-31,cape,0.00023406612,-7.447579e-05
2024-06-07,cape,0.00020007271,-0.00014591347
2024-06-14,cape,0.00028226004,-6.329034e-05
2024-06-21,cape,0.0001953643,-0.00015626234
2024-06-28,cape,0.00023903328,-0.00012947319
2024-07-05,cape,0.00021471006,-0.00016924816
2024-07-12,cape,0.00021132683,-0.00016038954
2024-07-19,cape,0.00012919515,-4.815295e-05
2024-07-26,cape,0.00011758526,-7.018986e-05
2024-08-02,cape,8.5994e-05,-4.274152e-05
2024-08-09,cape,0.00011688796,-5.9526123e-05
2024-08-16,cape,0.00012081562,-7.6943616e-05
2024-08-23,cape,0.00014767596,-3.366179e-05
2024-08-30,cape,0.00017063151,-5.678627e-05
2024-09-06,cape,0.00012579763,-8.807035e-05
2024-09-13,cape,0.00023640273,5.845952e-06
2024-09-20,cape,0.000104312814,-8.4136176e-05
2024-09-27,cape,0.00013083321,-3.147624e-05
2024-10-04,cape,0.00012372127,-2.4469051e-05
2024-10-11,cape,8.279024e-05,-5.7085632e-05
2024-10-18,cape,8.3801606e-05,-9.093444e-06
2024-10-25,cape,5.784453e-05,-3.0019015e-05
2024-11-01,cape,8.517187e-05,-2.5835292e-05
2024-11-08,cape,7.952459e-05,-4.6207726e-05
2024-11-15,cape,8.611993e-05,-4.1206382e-05
2024-11-22,cape,0.000113742004,-1.2859872e-05
2024-11-29,cape,8.634943e-05,-1.7882763e-05
2024-12-06,cape,8.109843e-05,-4.862677e-05
2024-12-13,cape,9.360843e-05,1.7894401e-05
2024-12-20,cape,6.285059e-05,-4.00073e-05
2024-12-27,cape,6.422878e-05,-3.0067686e-05
2025-01-03,cape,5.9437523e-05,-1.0049489e-05
2025-01-10,cape,8.734347e-05,-5.397789e-05
2025-01-17,cape,2.9742629e-05,-1.0658917e-05
2025-01-24,cape,3.723436e-05,-1.9541834e-05
2025-01-31,cape,2.5544643e-05,-9.585035e-06
2025-02-07,cape,2.7502765e-05,-1.2407564e-05
2025-02-14,cape,3.417324e-05,-7.4744366e-06
2025-02-21,cape,3.112041e-05,-1.6950557e-05
2025-02-28,cape,3.1945307e-05,-1.2363474e-05
2025-03-07,cape,3.471408e-05,-1.7378055e-05
2025-03-14,cape,2.5152558e-05,-1.3045729e-05
2025-03-21,cape,2.7692819e-05,-1.7013686e-05
2025-03-28,cape,3.526822e-05,-8.153057e-06
2025-04-04,cape,4.1639905e-05,-1.8532997e-05
2025-04-11,cape,3.907712e-05,-2.0083695e-05
2025-04-18,cape,7.3094925e-05,2.032585e-05
2025-04-25,cape,5.3805623e-05,-3.436764e-05
2025-05-02,cape,4.7604408e-05,-1.4550237e-05
2025-05-09,cape,4.3150998e-05,-2.672698e-05
2025-05-16,cape,6.432196e-05,-5.767024e-06
2025-05-23,cape,6.1534716e-05,-2.7647051e-05
2025-05-30,cape,4.8448102e-05,-1.4634001e-05
2025-06-06,cape,4.9310314e-05,-2.722365e-05
2025-06-13,cape,5.191786e-05,-3.0231948e-05
2025-06-20,cape,5.403514e-05,-3.0609743e-05
2025-06-27,cape,6.7643436e-05,2.5923537e-06
2025-07-04,cape,4.2437634e-05,-2.5253705e-05
2025-07-11,cape,7.1449605e-05,-2.0756232e-05
2025-07-18,cape,4.598501e-06,-3.0376734e-07
2025-07-25,cape,6.558185e-06,-7.0416866e-07
2025-08-01,cape,4.4006397e-06,-1.3227746e-06
2025-08-08,cape,6.4807696e-06,-9.030259e-07
2025-08-15,cape,4.9412492e-06,-2.8247004e-07
2025-08-22,cape,4.822893e-06,-1.2356527e-06
2025-08-29,cape,6.9731677e-06,1.2267927e-06
2025-09-05,cape,5.239681e-06,4.875294e-07
2025-09-12,cape,5.724911e-06,-4.765844e-07
2025-09-19,cape,7.853179e-06,6.600653e-07
2025-09-26,cape,4.9038435e-06,2.0640651e-07
2025-10-03,cape,6.1183623e-06,-9.964932e-07
2025-10-10,cape,4.934927e-06,-9.423551e-07
2025-10-17,cape,1.1520237e-05,-2.1794e-06
2025-10-24,cape,1.0147455e-05,1.9245895e-06
2025-10-31,cape,9.470452e-06,1.354266e-06
2025-11-07,cape,9.287876e-06,1.7695973e-07
2025-11-14,cape,7.1075415e-06,-1.13247e-06
2025-11-21,cape,8.799599e-06,-2.1562917e-06
2025-11-28,cape,1.1738146e-05,-5.8628257e-06
2025-12-05,cape,1.5386748e-05,-8.759235e-06
2025-12-12,cape,2.167009e-05,-8.42516e-06
2025-12-19,cape,1.5196909e-05,-7.176756e-06
2021-01-22,hormuz,0.00017138393,-2.7645954e-05
2021-01-29,hormuz,0.0001847322,9.7058e-07
2021-02-05,hormuz,0.0001287856,-2.5905796e-05
2021-02-12,hormuz,0.00014103409,2.671087e-05
2021-02-19,hormuz,0.00012797743,-2.0661408e-05
2021-02-26,hormuz,0.00014584152,-1.6673037e-05
2021-03-05,hormuz,0.00012754249,2.1665708e-05
2021-03-12,hormuz,0.00011552857,1.0257532e-05
2021-03-19,hormuz,0.00011799678,3.9794322e-05
2021-03-26,hormuz,7.935052e-05,3.7995644e-05
2021-04-02,hormuz,8.0370264e-05,2.634401e-05
2021-04-09,hormuz,0.00012112625,-5.521032e-06
2021-04-16,hormuz,0.0001345583,1.9506362e-05
2021-04-23,hormuz,0.00014081596,-4.1288444e-05
2021-04-30,hormuz,0.00017531385,4.495411e-05
2021-05-07,hormuz,0.00019886991,-7.7366974e-05
2021-05-14,hormuz,0.00017808452,3.1695883e-05
2021-05-21,hormuz,0.00023931544,-1.1826103e-05
2021-05-28,hormuz,0.000200789,-9.86114e-06
2021-06-04,hormuz,0.0001756042,2.1804692e-05
2021-06-11,hormuz,0.00019368115,2.1705455e-07
2021-06-18,hormuz,0.0001895174,6.1990713e-06
2021-06-25,hormuz,0.00017495443,3.0641073e-05
2021-07-02,hormuz,0.00015493382,-4.840276e-07
2021-07-09,hormuz,0.00015568212,1.0298572e-07
2021-07-16,hormuz,0.00017025915,1.0867768e-05
2021-07-23,hormuz,0.00010649283,-3.4359644e-05
2021-07-30,hormuz,0.0001337826,-2.6905418e-05
2021-08-06,hormuz,0.00014339108,-8.229033e-06
2021-08-13,hormuz,0.0001385462,-2.4521265e-05
2021-08-20,hormuz,0.00013891238,-2.1252517e-05
2021-08-27,hormuz,0.00012288064,-3.0383364e-05
2021-09-03,hormuz,0.00015877507,-3.461518e-05
2021-09-10,hormuz,0.0001140874,-1.355186e-05
2021-09-17,hormuz,0.00014648543,-2.5389192e-05
2021-09-24,hormuz,0.000114848845,-1.7222203e-05
2021-10-01,hormuz,0.00012926082,-3.0428168e-05
2021-10-08,hormuz,0.00013356896,-1.3866898e-05
2021-10-15,hormuz,0.00014056572,-2.5733738e-05
2021-10-22,hormuz,0.00013026426,-3.405624e-05
2021-10-29,hormuz,0.00014063492,-4.208253e-05
2021-11-05,hormuz,0.00012664213,-1.6429349e-05
2021-11-12,hormuz,0.00012894755,-3.4887933e-05
2021-11-19,hormuz,0.00010486723,-2.0893198e-05
2021-11-26,hormuz,0.00011705212,-6.4574824e-06
2021-12-03,hormuz,0.00016338623,-4.2204676e-05
2021-12-10,hormuz,0.00015225036,-8.851332e-06
2021-12-17,hormuz,0.00014069896,-3.8213693e-05
2021-12-24,hormuz,0.00014788414,-3.936985e-05
2021-12-31,hormuz,0.00013669241,-8.765604e-06
2022-01-07,hormuz,0.00013054155,-1.1554574e-05
2022-01-14,hormuz,0.00014667786,-1.1241195e-06
2022-01-21,hormuz,0.00013304596,2.7764285e-05
2022-01-28,hormuz,0.00011514998,1.9249212e-05
2022-02-04,hormuz,0.00014105126,4.6231788e-05
2022-02-11,hormuz,0.00017702137,6.9325266e-05
2022-02-18,hormuz,0.00025370865,0.00011680325
2022-02-25,hormuz,0.000120323755,9.726031e-06
2022-03-04,hormuz,0.00012469006,-1.1682607e-05
2022-03-11,hormuz,0.00014863983,-8.579918e-06
2022-03-18,hormuz,0.00017524332,-3.813093e-07
2022-03-25,hormuz,0.00015937556,-2.119851e-05
2022-04-01,hormuz,0.00015934274,-2.3637138e-05
2022-04-08,hormuz,0.00010869873,-2.0790307e-05
2022-04-15,hormuz,0.0001389139,-3.6318852e-06
2022-04-22,hormuz,0.00017232097,-6.006997e-06
2022-04-29,hormuz,0.00017315568,-4.959992e-05
2022-05-06,hormuz,0.00017868241,-6.108919e-05
2022-05-13,hormuz,0.00018372631,-7.869932e-05
2022-05-20,hormuz,0.00020419313,-7.0288326e-05
2022-05-27,hormuz,0.00017779076,-7.956824e-05
2022-06-03,hormuz,0.00016289346,-2.2242071e-05
2022-06-10,hormuz,0.00017244276,-1.2439936e-05
2022-06-17,hormuz,0.00017166353,5.9824506e-06
2022-06-24,hormuz,0.00019805958,-6.7793703e-06
2022-07-01,hormuz,0.00016103902,-7.3367914e-06
2022-07-08,hormuz,0.0001536725,-5.1366287e-06
2022-07-15,hormuz,0.00018778008,-1.713615e-05
2022-07-22,hormuz,9.476117e-05,1.1021068e-05
2022-07-29,hormuz,8.864671e-05,6.2316276e-06
2022-08-05,hormuz,7.838252e-05,-8.481811e-06
2022-08-12,hormuz,7.913874e-05,3.5876174e-06
2022-08-19,hormuz,8.06434e-05,2.5783703e-07
2022-08-26,hormuz,7.7234276e-05,-1.6047654e-06
2022-09-02,hormuz,8.766206e-05,4.288249e-06
2022-09-09,hormuz,9.128683e-05,1.3499399e-05
2022-09-16,hormuz,0.00010375507,7.5331063e-06
2022-09-23,hormuz,0.000115646544,2.092287e-05
2022-09-30,hormuz,0.00010123012,-1.1069015e-05
2022-10-07,hormuz,9.122854e-05,1.871218e-05
2022-10-14,hormuz,8.9448105e-05,3.9113283e-06
2022-10-21,hormuz,0.00012462206,-3.4867986e-05
2022-10-28,hormuz,9.329868e-05,-1.1552878e-05
2022-11-04,hormuz,0.000115024646,1.3535179e-06
2022-11-11,hormuz,0.00013249707,-2.7344337e-05
2022-11-18,hormuz,0.00011891008,5.975129e-06
2022-11-25,hormuz,0.00013036274,-3.650322e-05
2022-12-02,hormuz,0.00010909536,-4.505743e-05
2022-12-09,hormuz,9.6880045e-05,-3.3848246e-05
2022-12-16,hormuz,0.00011647684,-2.8172784e-05
2022-12-23,hormuz,0.00010733012,-6.6923794e-06
2022-12-30,hormuz,9.816293e-05,-4.5354398e-05
2023-01-06,hormuz,8.2576706e-05,-3.7184673e-05
2023-01-13,hormuz,0.0001064544,-1.7682021e-05
2023-01-20,hormuz,9.765175e-05,7.72037e-06
2023-01-27,hormuz,0.00013288953,1.6296623e-05
2023-02-03,hormuz,0.00012328198,-1.3182196e-06
2023-02-10,hormuz,0.000119131684,4.7391295e-06
2023-02-17,hormuz,0.00012783671,1.3852405e-05
2023-02-24,hormuz,0.00012297505,1.152864e-05
2023-03-03,hormuz,0.00013434289,-1.0717254e-05
2023-03-10,hormuz,0.00014490804,7.665172e-06
2023-03-17,hormuz,0.00013254018,-1.0388803e-05
2023-03-24,hormuz,0.00012812135,1.6718482e-06
2023-03-31,hormuz,0.00011359698,2.009861e-05
2023-04-07,hormuz,0.00014081573,1.1011716e-05
2023-04-14,hormuz,0.0001398283,1.75313e-05
2023-04-21,hormuz,0.00011425218,2.0705746e-05
2023-04-28,hormuz,0.00010880231,1.2182252e-05
2023-05-05,hormuz,0.000115561044,1.3598406e-06
2023-05-12,hormuz,0.0001052387,2.067581e-05
2023-05-19,hormuz,0.00011695017,2.5328407e-05
2023-05-26,hormuz,0.00010827634,2.4010276e-05
2023-06-02,hormuz,9.384048e-05,1.4763212e-05
2023-06-09,hormuz,0.00011034115,3.4046738e-05
2023-06-16,hormuz,0.00012798992,3.578275e-05
2023-06-23,hormuz,0.00013277183,2.935699e-05
2023-06-30,hormuz,0.00013286335,3.7243253e-06
2023-07-07,hormuz,0.0001406332,1.6861577e-05
2023-07-14,hormuz,0.00012868187,1.6837042e-05
2023-07-21,hormuz,0.00023449249,-6.5975604e-05
2023-07-28,hormuz,0.00021685462,-6.7894725e-05
2023-08-04,hormuz,0.00020272486,-5.660651e-05
2023-08-11,hormuz,0.0001975853,-5.7631336e-05
2023-08-18,hormuz,0.00017715682,-3.9218176e-05
2023-08-25,hormuz,0.00019103472,-3.673809e-05
2023-09-01,hormuz,0.00018544363,-4.8794216e-05
2023-09-08,hormuz,0.00016174509,-6.008829e-05
2023-09-15,hormuz,0.00018480684,-6.311505e-05
2023-09-22,hormuz,0.00020297506,-6.697481e-05
2023-09-29,hormuz,0.00017803471,-7.7388875e-05
2023-10-06,hormuz,0.0001783987,-7.324911e-05
2023-10-13,hormuz,0.00016348774,-6.96521e-05
2023-10-20,hormuz,9.933899e-05,-2.0320382e-05
2023-10-27,hormuz,9.6043164e-05,-8.111781e-06
2023-11-03,hormuz,9.065457e-05,-5.329511e-06
2023-11-10,hormuz,9.88432e-05,5.8929063e-06
2023-11-17,hormuz,9.4912066e-05,1.7050079e-05
2023-11-24,hormuz,0.00014075486,3.5600133e-05
2023-12-01,hormuz,0.00013051405,-1.6807295e-05
2023-12-08,hormuz,0.000111874426,4.690695e-05
2023-12-15,hormuz,0.00011180886,5.407765e-05
2023-12-22,hormuz,9.911626e-05,2.8446162e-05
2023-12-29,hormuz,0.00010489945,2.567175e-05
2024-01-05,hormuz,9.081682e-05,4.459823e-06
2024-01-12,hormuz,7.019134e-05,-5.438228e-06
2024-01-19,hormuz,9.3842784e-05,1.3665223e-05
2024-01-26,hormuz,8.778799e-05,9.331943e-06
2024-02-02,hormuz,7.878071e-05,-3.1336705e-05
2024-02-09,hormuz,0.00010565989,5.082361e-06
2024-02-16,hormuz,9.70941e-05,-1.7416174e-05
2024-02-23,hormuz,8.554867e-05,1.5326759e-06
2024-03-01,hormuz,7.534619e-05,1.324652e-05
2024-03-08,hormuz,8.542192e-05,1.5556709e-05
2024-03-15,hormuz,7.18393e-05,-5.9436115e-06
2024-03-22,hormuz,9.102005e-05,2.4282695e-06
2024-03-29,hormuz,0.00010208689,7.718267e-06
2024-04-05,hormuz,7.216795e-05,-6.030472e-06
2024-04-12,hormuz,0.00010332283,1.3333531e-05
2024-04-19,hormuz,8.577301e-05,-2.3664335e-05
2024-04-26,hormuz,8.9933055e-05,-2.1639662e-05
2024-05-03,hormuz,8.98369e-05,-2.8945773e-05
2024-05-10,hormuz,0.000106176776,-6.861948e-05
2024-05-17,hormuz,0.00011152593,-2.6369746e-05
2024-05-24,hormuz,0.00011587078,-3.3100183e-05
2024-05-31,hormuz,0.0001106725,-2.5090863e-05
2024-06-07,hormuz,9.983738e-05,-2.3849252e-05
2024-06-14,hormuz,8.4615436e-05,-1.571916e-05
2024-06-21,hormuz,8.54181e-05,-2.9455045e-05
2024-06-28,hormuz,0.00011483242,-5.1197705e-05
2024-07-05,hormuz,0.000120255994,-3.5158442e-05
2024-07-12,hormuz,0.0001439722,-6.376114e-05
2024-07-19,hormuz,0.00015143263,-3.0083242e-05
2024-07-26,hormuz,0.00013116871,-2.4139266e-05
2024-08-02,hormuz,0.00011179653,-9.865877e-06
2024-08-09,hormuz,0.00012432228,-3.4257904e-05
2024-08-16,hormuz,0.000103830316,-3.3967624e-06
2024-08-23,hormuz,0.000100193596,5.9795602e-06
2024-08-30,hormuz,0.00011667822,1.4631603e-05
2024-09-06,hormuz,0.00015217722,-3.3174736e-05
2024-09-13,hormuz,9.986152e-05,-1.7063929e-05
2024-09-20,hormuz,0.00010838833,-6.286993e-06
2024-09-27,hormuz,0.000114127164,-4.2213182e-06
2024-10-04,hormuz,0.00010886625,-8.799054e-06
2024-10-11,hormuz,0.00010376555,-7.458887e-06
2024-10-18,hormuz,7.0104834e-05,2.5094484e-06
2024-10-25,hormuz,6.7508474e-05,-1.4362261e-05
2024-11-01,hormuz,7.089838e-05,1.5198471e-05
2024-11-08,hormuz,7.754326e-05,1.1551705e-05
2024-11-15,hormuz,7.396198e-05,8.878171e-07
2024-11-22,hormuz,7.128224e-05,-3.7178138e-06
2024-11-29,hormuz,6.758092e-05,8.649994e-06
2024-12-06,hormuz,6.23317e-05,-7.684002e-06
2024-12-13,hormuz,7.0980044e-05,6.870723e-06
2024-12-20,hormuz,6.224709e-05,-1.7515177e-06
2024-12-27,hormuz,5.965173e-05,-1.6629285e-05
2025-01-03,hormuz,8.133883e-05,2.5240965e-05
2025-01-10,hormuz,9.051129e-05,9.60073e-06
2025-01-17,hormuz,0.000103782455,9.599448e-06
2025-01-24,hormuz,0.00010417988,2.5248715e-05
2025-01-31,hormuz,9.040806e-05,1.8544639e-05
2025-02-07,hormuz,9.68602e-05,2.7738672e-05
2025-02-14,hormuz,8.56218e-05,1.3985144e-05
2025-02-21,hormuz,7.959742e-05,2.0288415e-05
2025-02-28,hormuz,6.0520553e-05,6.4880323e-06
2025-03-07,hormuz,9.284894e-05,1.4701675e-05
2025-03-14,hormuz,5.8500522e-05,1.2556912e-05
2025-03-21,hormuz,7.097763e-05,-7.0499536e-06
2025-03-28,hormuz,6.7862726e-05,5.3052713e-06
2025-04-04,hormuz,0.00010287019,2.272811e-05
2025-04-11,hormuz,0.00012748757,-3.6057383e-05
2025-04-18,hormuz,9.4515584e-05,-2.6578715e-05
2025-04-25,hormuz,0.00011561544,-1.2215171e-05
2025-05-02,hormuz,0.000103004124,-3.4808072e-05
2025-05-09,hormuz,7.939858e-05,-1.8490931e-05
2025-05-16,hormuz,7.460615e-05,1.1684681e-05
2025-05-23,hormuz,9.910334e-05,-2.7941427e-05
2025-05-30,hormuz,8.51922e-05,-2.0277191e-06
2025-06-06,hormuz,8.504032e-05,2.031178e-05
2025-06-13,hormuz,8.037955e-05,1.1195896e-05
2025-06-20,hormuz,9.1704904e-05,9.553618e-06
2025-06-27,hormuz,9.239732e-05,1.5439167e-05
2025-07-04,hormuz,8.72891e-05,2.4347341e-06
2025-07-11,hormuz,8.052131e-05,7.131376e-06
2025-07-18,hormuz,1.798437e-05,5.9182453e-06
2025-07-25,hormuz,2.5999458e-05,3.8601875e-06
2025-08-01,hormuz,2.3301884e-05,-1.1320735e-05
2025-08-08,hormuz,3.6935257e-05,-2.3643566e-05
2025-08-15,hormuz,2.6124386e-05,-1.5983123e-05
2025-08-22,hormuz,2.7591166e-05,-1.8831357e-05
2025-08-29,hormuz,2.8297565e-05,-1.5449943e-05
2025-09-05,hormuz,1.9253237e-05,-7.985884e-06
2025-09-12,hormuz,2.2682498e-05,-1.1719354e-05
2025-09-19,hormuz,2.2786824e-05,-6.0170833e-06
2025-09-26,hormuz,1.8616674e-05,-7.942718e-06
2025-10-03,hormuz,1.3507221e-05,-4.9038554e-06
2025-10-10,hormuz,1.8974897e-05,-6.8716854e-06
2025-10-17,hormuz,1.0015561e-05,-1.6581517e-06
2025-10-24,hormuz,1.2392361e-05,-5.1595646e-07
2025-10-31,hormuz,1.3456507e-05,-1.5612761e-06
2025-11-07,hormuz,1.3113897e-05,2.846414e-06
2025-11-14,hormuz,1.2118263e-05,2.0974398e-06
2025-11-21,hormuz,1.4315791e-05,2.200277e-06
2025-11-28,hormuz,1.8754276e-05,1.7447115e-06
2025-12-05,hormuz,1.6211074e-05,1.3412816e-06
2025-12-12,hormuz,2.9598466e-05,4.7135513e-06
2025-12-19,hormuz,2.4536588e-05,2.0566706e-06
2021-01-22,malacca,3.246484e-05,-2.8705092e-06
2021-01-29,malacca,3.588322e-05,-5.5389564e-06
2021-02-05,malacca,3.0741285e-05,-4.0306245e-06
2021-02-12,malacca,3.3135908e-05,-6.3218044e-07
2021-02-19,malacca,2.923664e-05,-1.04051305e-05
2021-02-26,malacca,3.0126046e-05,-2.6253701e-06
2021-03-05,malacca,3.0473804e-05,5.6988947e-06
2021-03-12,malacca,3.3977463e-05,3.837103e-06
2021-03-19,malacca,4.1113683e-05,-2.751526e-06
2021-03-26,malacca,4.2421332e-05,6.462951e-07
2021-04-02,malacca,4.9252147e-05,-1.4675925e-05
2021-04-09,malacca,4.6374735e-05,2.9819057e-07
2021-04-16,malacca,5.448371e-05,-2.01553e-05
2021-04-23,malacca,2.4728224e-05,4.006395e-06
2021-04-30,malacca,2.0204745e-05,-3.4245936e-06
2021-05-07,malacca,2.5665133e-05,3.560271e-06
2021-05-14,malacca,2.153885e-05,5.3653575e-06
2021-05-21,malacca,2.2566264e-05,7.7947345e-07
2021-05-28,malacca,2.3633896e-05,1.1339496e-06
2021-06-04,malacca,2.511151e-05,-9.411257e-07
2021-06-11,malacca,3.0900832e-05,-5.037959e-06
2021-06-18,malacca,3.5446716e-05,-5.228968e-06
2021-06-25,malacca,3.6116933e-05,-6.1549426e-06
2021-07-02,malacca,3.892793e-05,-1.28468655e-05
2021-07-09,malacca,3.2540494e-05,-2.630496e-06
2021-07-16,malacca,2.9997133e-05,2.5525318e-07
2021-07-23,malacca,3.812614e-05,-9.724489e-06
2021-07-30,malacca,4.0974915e-05,7.3667356e-06
2021-08-06,malacca,5.6008164e-05,-1.1709048e-05
2021-08-13,malacca,4.6374953e-05,3.2276155e-06
2021-08-20,malacca,4.202126e-05,-1.8849244e-06
2021-08-27,malacca,2.6553182e-05,-3.4296127e-06
2021-09-03,malacca,2.2029866e-05,-3.3224032e-06
2021-09-10,malacca,3.6163667e-05,3.4846546e-06
2021-09-17,malacca,2.8540795e-05,4.449437e-06
2021-09-24,malacca,2.5850919e-05,-3.9169254e-07
2021-10-01,malacca,3.0995412e-05,5.661486e-06
2021-10-08,malacca,2.933972e-05,-2.8330112e-06
2021-10-15,malacca,1.863112e-05,-3.0716973e-07
2021-10-22,malacca,2.4932531e-05,3.2934558e-06
2021-10-29,malacca,2.680164e-05,4.766488e-06
2021-11-05,malacca,2.8911636e-05,-6.131775e-08
2021-11-12,malacca,2.2457125e-05,4.2876113e-06
2021-11-19,malacca,2.3107492e-05,2.6920281e-06
2021-11-26,malacca,3.1622836e-05,-4.6994924e-06
2021-12-03,malacca,4.007271e-05,-5.287756e-06
2021-12-10,malacca,4.737979e-05,-2.042237e-05
2021-12-17,malacca,3.446413e-05,-1.3128733e-05
2021-12-24,malacca,4.612413e-05,-2.3398517e-05
2021-12-31,malacca,4.4808457e-05,-1.561115e-05
2022-01-07,malacca,4.830285e-05,-1.5354322e-05
2022-01-14,malacca,4.8235186e-05,-2.1982005e-05
2022-01-21,malacca,3.010556e-05,-7.400982e-06
2022-01-28,malacca,4.133695e-05,-2.6906432e-07
2022-02-04,malacca,4.8168025e-05,-1.9412221e-07
2022-02-11,malacca,5.706357e-05,6.233738e-07
2022-02-18,malacca,6.58743e-05,6.2874506e-06
2022-02-25,malacca,5.888908e-05,-4.001796e-07
2022-03-04,malacca,6.226075e-05,-1.879198e-07
2022-03-11,malacca,6.395512e-05,1.429295e-06
2022-03-18,malacca,5.956035e-05,-7.0626106e-07
2022-03-25,malacca,6.640873e-05,-4.000898e-06
2022-04-01,malacca,5.576278e-05,-3.204852e-06
2022-04-08,malacca,5.922571e-05,-6.890988e-06
2022-04-15,malacca,4.420669e-05,7.953661e-07
2022-04-22,malacca,4.6218265e-05,-3.6795395e-06
2022-04-29,malacca,4.410795e-05,-8.935205e-06
2022-05-06,malacca,4.1100022e-05,-7.663579e-06
2022-05-13,malacca,5.231371e-05,-1.0019906e-05
2022-05-20,malacca,5.2576463e-05,-8.865194e-06
2022-05-27,malacca,4.8801186e-05,-9.871206e-06
2022-06-03,malacca,4.237374e-05,-4.5403813e-06
2022-06-10,malacca,4.447296e-05,-2.096997e-06
2022-06-17,malacca,4.6269353e-05,-2.5798663e-06
2022-06-24,malacca,5.7278736e-05,-9.106363e-06
2022-07-01,malacca,4.7238384e-05,-6.8031964e-06
2022-07-08,malacca,4.1580177e-05,-6.3381485e-06
2022-07-15,malacca,5.386256e-05,-5.934699e-06
2022-07-22,malacca,5.9796e-05,-3.709537e-06
2022-07-29,malacca,6.0842875e-05,-1.9830916e-06
2022-08-05,malacca,5.1657757e-05,-8.20419e-06
2022-08-12,malacca,5.6457957e-05,-5.2681758e-06
2022-08-19,malacca,5.174274e-05,-7.594847e-06
2022-08-26,malacca,4.4944954e-05,-7.1167588e-06
2022-09-02,malacca,5.61579e-05,-5.1091565e-06
2022-09-09,malacca,6.370649e-05,3.528096e-06
2022-09-16,malacca,6.364228e-05,3.911017e-07
2022-09-23,malacca,6.768372e-05,3.5083985e-06
2022-09-30,malacca,6.0463775e-05,-7.0256156e-06
2022-10-07,malacca,5.9058515e-05,-4.5809816e-06
2022-10-14,malacca,5.6128687e-05,-1.2785524e-06
2022-10-21,malacca,5.4359974e-05,-2.6858186e-06
2022-10-28,malacca,4.505801e-05,-5.311067e-06
2022-11-04,malacca,4.6953934e-05,-1.0000726e-05
2022-11-11,malacca,5.1992607e-05,-9.190808e-08
2022-11-18,malacca,5.4846187e-05,-4.9788705e-06
2022-11-25,malacca,5.1342697e-05,-4.9837918e-06
2022-12-02,malacca,5.0411036e-05,-1.0853362e-05
2022-12-09,malacca,5.6131896e-05,-4.5733477e-06
2022-12-16,malacca,5.416134e-05,-6.562298e-06
2022-12-23,malacca,5.895969e-05,-1.1880486e-06
2022-12-30,malacca,5.5866756e-05,-9.659788e-06
2023-01-06,malacca,4.724304e-05,-7.423541e-06
2023-01-13,malacca,5.01645e-05,-9.496241e-06
2023-01-20,malacca,5.8541023e-05,7.6387823e-07
2023-01-27,malacca,5.7030167e-05,-3.223517e-06
2023-02-03,malacca,5.2506373e-05,-4.9010187e-06
2023-02-10,malacca,6.0658866e-05,1.6720874e-06
2023-02-17,malacca,6.9716814e-05,-1.080447e-06
2023-02-24,malacca,6.657252e-05,-1.4300213e-07
2023-03-03,malacca,6.787821e-05,-2.934638e-06
2023-03-10,malacca,7.183031e-05,3.217145e-06
2023-03-17,malacca,6.523602e-05,-1.674101e-06
2023-03-24,malacca,7.2056515e-05,3.7495006e-06
2023-03-31,malacca,6.214569e-05,-3.2244725e-07
2023-04-07,malacca,8.284515e-05,4.2976517e-06
2023-04-14,malacca,6.7921595e-05,-4.440765e-06
2023-04-21,malacca,7.3932926e-05,1.0386268e-05
2023-04-28,malacca,7.763739e-05,1.6267066e-05
2023-05-05,malacca,7.125409e-05,1.4526931e-05
2023-05-12,malacca,7.388946e-05,1.527008e-05
2023-05-19,malacca,7.6168275e-05,1.6948126e-05
2023-05-26,malacca,7.1141556e-05,1.7135619e-05
2023-06-02,malacca,7.160887e-05,1.3388449e-05
2023-06-09,malacca,7.0226044e-05,1.5444635e-05
2023-06-16,malacca,6.397865e-05,1.3156772e-05
2023-06-23,malacca,6.747462e-05,1.5387823e-05
2023-06-30,malacca,6.706359e-05,1.5315769e-05
2023-07-07,malacca,7.1623756e-05,1.2819841e-05
2023-07-14,malacca,7.439281e-05,1.3123434e-05
2023-07-21,malacca,8.54698e-05,-1.0770883e-05
2023-07-28,malacca,9.626114e-05,-2.6743079e-05
2023-08-04,malacca,7.974859e-05,-7.352581e-06
2023-08-11,malacca,8.001118e-05,-8.31116e-06
2023-08-18,malacca,8.073148e-05,-7.019869e-06
2023-08-25,malacca,8.530798e-05,-1.2375863e-05
2023-09-01,malacca,8.464528e-05,-9.312701e-06
2023-09-08,malacca,9.25606e-05,-1.5661952e-05
2023-09-15,malacca,7.272971e-05,-7.683972e-06
2023-09-22,malacca,8.692006e-05,-1.4591682e-05
2023-09-29,malacca,8.2526145e-05,-1.269713e-05
2023-10-06,malacca,8.002221e-05,-8.790106e-06
2023-10-13,malacca,7.103711e-05,-1.3878271e-05
2023-10-20,malacca,7.7358745e-05,-3.5098105e-06
2023-10-27,malacca,8.6686996e-05,2.5879826e-06
2023-11-03,malacca,7.581711e-05,-6.129696e-06
2023-11-10,malacca,8.8516084e-05,-7.735268e-06
2023-11-17,malacca,9.137649e-05,-9.204908e-06
2023-11-24,malacca,9.039207e-05,-1.0178921e-05
2023-12-01,malacca,8.5964246e-05,-1.9296212e-05
2023-12-08,malacca,7.5230375e-05,-1.084226e-05
2023-12-15,malacca,7.988908e-05,-1.5434383e-05
2023-12-22,malacca,9.374488e-05,-9.141087e-06
2023-12-29,malacca,0.00010510177,-1.1886195e-05
2024-01-05,malacca,0.0001002133,-7.392674e-06
2024-01-12,malacca,9.832435e-05,-4.49267e-06
2024-01-19,malacca,7.250382e-05,-3.835121e-07
2024-01-26,malacca,6.506958e-05,2.940908e-06
2024-02-02,malacca,6.648535e-05,-1.2159903e-06
2024-02-09,malacca,5.9476188e-05,-7.9152915e-07
2024-02-16,malacca,7.2299525e-05,-5.4384145e-08
2024-02-23,malacca,5.9961196e-05,1.8366763e-06
2024-03-01,malacca,6.221629e-05,-1.9151094e-07
2024-03-08,malacca,6.758778e-05,-1.8978608e-06
2024-03-15,malacca,6.392496e-05,2.935093e-06
2024-03-22,malacca,6.555354e-05,3.3535548e-06
2024-03-29,malacca,7.1470706e-05,-1.0337964e-05
2024-04-05,malacca,7.972041e-05,-1.3286309e-05
2024-04-12,malacca,7.970272e-05,-1.4840942e-05
2024-04-19,malacca,7.942481e-05,-1.5373e-05
2024-04-26,malacca,7.7607365e-05,-1.240291e-05
2024-05-03,malacca,5.728212e-05,-2.4367127e-06
2024-05-10,malacca,7.2338626e-05,-8.833604e-06
2024-05-17,malacca,6.439294e-05,-6.0657103e-06
2024-05-24,malacca,6.556645e-05,-3.6194615e-06
2024-05-31,malacca,6.0407212e-05,-6.1991373e-06
2024-06-07,malacca,6.25926e-05,1.0555232e-07
2024-06-14,malacca,5.385719e-05,-9.120577e-06
2024-06-21,malacca,5.7934376e-05,-3.3270976e-06
2024-06-28,malacca,6.0581613e-05,2.2454378e-06
2024-07-05,malacca,7.144679e-05,-1.3577846e-06
2024-07-12,malacca,6.499061e-05,5.3149624e-06
2024-07-19,malacca,7.775948e-05,2.1004107e-06
2024-07-26,malacca,7.572609e-05,5.9119693e-06
2024-08-02,malacca,6.878098e-05,3.6800093e-06
2024-08-09,malacca,8.63242e-05,-6.6524863e-06
2024-08-16,malacca,8.011709e-05,4.188616e-06
2024-08-23,malacca,8.063918e-05,3.8691105e-06
2024-08-30,malacca,6.8914414e-05,-5.0475137e-08
2024-09-06,malacca,7.2577575e-05,4.0069385e-06
2024-09-13,malacca,6.226245e-05,1.2183677e-05
2024-09-20,malacca,5.909212e-05,3.4635145e-06
2024-09-27,malacca,7.768303e-05,1.3957806e-06
2024-10-04,malacca,5.4807155e-05,-3.7183531e-06
2024-10-11,malacca,6.241155e-05,-1.1537728e-05
2024-10-18,malacca,3.1183412e-05,5.010441e-06
2024-10-25,malacca,3.0138859e-05,4.752059e-06
2024-11-01,malacca,3.9755607e-05,5.160161e-06
2024-11-08,malacca,3.2839926e-05,1.2936141e-06
2024-11-15,malacca,2.7979151e-05,7.151958e-06
2024-11-22,malacca,3.356303e-05,1.0055844e-05
2024-11-29,malacca,4.2325573e-05,4.673111e-06
2024-12-06,malacca,3.0638126e-05,4.500719e-06
2024-12-13,malacca,3.14645e-05,6.0332336e-06
2024-12-20,malacca,3.2866326e-05,4.1611447e-06
2024-12-27,malacca,3.0483852e-05,3.493673e-06
2025-01-03,malacca,3.1359716e-05,7.2130415e-06
2025-01-10,malacca,3.419324e-05,6.1653773e-06
2025-01-17,malacca,3.358064e-05,5.935613e-06
2025-01-24,malacca,3.4487213e-05,3.7315674e-06
2025-01-31,malacca,3.194249e-05,3.93783e-06
2025-02-07,malacca,3.3719774e-05,5.6651083e-06
2025-02-14,malacca,3.2773845e-05,2.9460182e-06
2025-02-21,malacca,2.9018274e-05,1.7241643e-06
2025-02-28,malacca,3.4307755e-05,3.4130865e-06
2025-03-07,malacca,4.0978113e-05,2.0162147e-06
2025-03-14,malacca,3.3474666e-05,3.4484528e-06
2025-03-21,malacca,3.578373e-05,9.058592e-07
2025-03-28,malacca,4.559433e-05,-8.733458e-06
2025-04-04,malacca,6.0799663e-05,-1.2926832e-05
2025-04-11,malacca,5.2028063e-05,1.5681035e-06
2025-04-18,malacca,3.7003687e-05,1.6194169e-06
2025-04-25,malacca,3.7580718e-05,5.1155433e-07
2025-05-02,malacca,3.4512042e-05,5.78953e-06
2025-05-09,malacca,3.8233033e-05,1.5730875e-06
2025-05-16,malacca,3.452323e-05,7.0002498e-06
2025-05-23,malacca,4.449804e-05,6.739437e-06
2025-05-30,malacca,3.5282173e-05,3.5369912e-06
2025-06-06,malacca,3.326748e-05,3.9058323e-06
2025-06-13,malacca,3.417899e-05,5.9398997e-07
2025-06-20,malacca,3.129388e-05,4.0259115e-06
2025-06-27,malacca,3.239341e-05,7.968984e-07
2025-07-04,malacca,3.675144e-05,4.938747e-07
2025-07-11,malacca,3.7200753e-05,1.7837019e-06
2025-07-18,malacca,4.9880937e-06,-5.081791e-07
2025-07-25,malacca,6.147496e-06,-9.055195e-07
2025-08-01,malacca,3.7075874e-06,-5.215902e-07
2025-08-08,malacca,6.2996332e-06,-1.1983464e-06
2025-08-15,malacca,4.0629698e-06,-9.18889e-07
2025-08-22,malacca,3.772835e-06,-7.6460765e-07
2025-08-29,malacca,6.2742506e-06,-6.009346e-07
2025-09-05,malacca,5.8516252e-06,-7.2679904e-07
2025-09-12,malacca,4.6671535e-06,-1.3214469e-07
2025-09-19,malacca,7.867069e-06,-5.794634e-07
2025-09-26,malacca,5.718023e-06,-8.355554e-07
2025-10-03,malacca,4.8295274e-06,-8.388543e-08
2025-10-10,malacca,4.08936e-06,1.03856046e-07
2025-10-17,malacca,5.6551044e-06,-3.5627014e-08
2025-10-24,malacca,8.5841475e-06,-7.954346e-08
2025-10-31,malacca,7.579271e-06,1.197403e-06
2025-11-07,malacca,1.0751835e-05,-1.0447607e-06
2025-11-14,malacca,6.8341187e-06,3.1172075e-07
2025-11-21,malacca,1.2416401e-05,-6.1699836e-08
2025-11-28,malacca,9.077584e-06,6.7560177e-07
2025-12-05,malacca,9.325627e-06,-1.184859e-07
2025-12-12,malacca,1.2256944e-05,-1.1397145e-07
2025-12-19,malacca,9.449433e-06,-1.2069512e-07
2021-01-22,mandeb,3.2392076e-05,-2.1339274e-05
2021-01-29,mandeb,3.7442835e-05,-9.5950945e-06
2021-02-05,mandeb,3.1206975e-05,-1.988309e-05
2021-02-12,mandeb,3.7625392e-05,-2.4902456e-05
2021-02-19,mandeb,4.137935e-05,-3.3818196e-08
2021-02-26,mandeb,3.9835e-05,-2.6816717e-05
2021-03-05,mandeb,3.473369e-05,-1.1225715e-05
2021-03-12,mandeb,3.3347005e-05,-9.724139e-06
2021-03-19,mandeb,3.183058e-05,-1.7306296e-05
2021-03-26,mandeb,6.619521e-05,2.4968385e-05
2021-04-02,mandeb,3.7687063e-05,-2.1371055e-05
2021-04-09,mandeb,6.8970774e-05,3.623201e-06
2021-04-16,mandeb,8.9900765e-05,1.6686892e-05
2021-04-23,mandeb,0.00017877467,-8.73724e-05
2021-04-30,mandeb,0.00016320513,-1.6072029e-06
2021-05-07,mandeb,9.120569e-05,-5.94109e-05
2021-05-14,mandeb,0.00011299756,-5.0190392e-05
2021-05-21,mandeb,9.497927e-05,-5.8133493e-05
2021-05-28,mandeb,9.654879e-05,-2.5944992e-05
2021-06-04,mandeb,9.428167e-05,-4.948434e-05
2021-06-11,mandeb,8.78503e-05,9.582259e-07
2021-06-18,mandeb,8.1317594e-05,3.8842923e-06
2021-06-25,mandeb,0.00011753815,-3.116209e-05
2021-07-02,mandeb,0.00023610561,0.0001373395
2021-07-09,mandeb,0.00016449725,-8.0513826e-05
2021-07-16,mandeb,0.00015367857,1.961164e-05
2021-07-23,mandeb,2.8203016e-05,-4.244007e-06
2021-07-30,mandeb,2.4290508e-05,-6.2085037e-06
2021-08-06,mandeb,3.2552267e-05,-7.951851e-06
2021-08-13,mandeb,2.7427352e-05,-5.3707463e-06
2021-08-20,mandeb,2.238063e-05,-9.971297e-07
2021-08-27,mandeb,2.7671982e-05,-8.210265e-06
2021-09-03,mandeb,1.834944e-05,-5.1879106e-06
2021-09-10,mandeb,3.0881183e-05,-1.1832997e-05
2021-09-17,mandeb,2.6113978e-05,6.998839e-07
2021-09-24,mandeb,3.5172066e-05,-2.0355406e-05
2021-10-01,mandeb,4.1997755e-05,5.648596e-06
2021-10-08,mandeb,2.4221265e-05,-7.602746e-06
2021-10-15,mandeb,3.0786727e-05,-7.877799e-06
2021-10-22,mandeb,6.264613e-05,-8.18187e-06
2021-10-29,mandeb,5.0920713e-05,-1.721847e-05
2021-11-05,mandeb,5.2512372e-05,1.5844353e-06
2021-11-12,mandeb,4.3857304e-05,-1.4422101e-05
2021-11-19,mandeb,3.6432077e-05,-1.7745973e-05
2021-11-26,mandeb,4.0792605e-05,-1.4719319e-05
2021-12-03,mandeb,5.6975223e-05,-2.7287195e-05
2021-12-10,mandeb,4.1544467e-05,-1.32685245e-05
2021-12-17,mandeb,4.2186402e-05,-8.150666e-06
2021-12-24,mandeb,3.9520306e-05,-2.009538e-05
2021-12-31,mandeb,2.7718776e-05,3.354723e-06
2022-01-07,mandeb,3.331305e-05,5.308283e-07
2022-01-14,mandeb,4.641551e-05,1.7095288e-05
2022-01-21,mandeb,2.321725e-05,-1.17940035e-05
2022-01-28,mandeb,1.947663e-05,6.9681414e-06
2022-02-04,mandeb,3.0403835e-05,-1.4077119e-05
2022-02-11,mandeb,3.9190985e-05,1.5742142e-05
2022-02-18,mandeb,2.8688124e-05,-5.5997257e-06
2022-02-25,mandeb,2.9925923e-05,-7.3736387e-06
2022-03-04,mandeb,3.4414596e-05,1.9630452e-06
2022-03-11,mandeb,4.178577e-05,-1.9651157e-05
2022-03-18,mandeb,2.434353e-05,2.5323834e-07
2022-03-25,mandeb,4.8969596e-05,-1.8641293e-05
2022-04-01,mandeb,3.807357e-05,-8.987966e-06
2022-04-08,mandeb,3.486256e-05,5.3462827e-07
2022-04-15,mandeb,2.8306009e-05,-9.508596e-06
2022-04-22,mandeb,4.5989887e-05,3.2985645e-07
2022-04-29,mandeb,4.098014e-05,-2.443812e-05
2022-05-06,mandeb,4.303357e-05,-3.1508138e-05
2022-05-13,mandeb,4.2662043e-05,-1.11937825e-05
2022-05-20,mandeb,5.0197952e-05,-2.8724748e-05
2022-05-27,mandeb,5.749576e-05,-2.4178615e-05
2022-06-03,mandeb,9.078241e-05,3.055932e-05
2022-06-10,mandeb,4.5041663e-05,-2.1449416e-05
2022-06-17,mandeb,6.0862472e-05,-9.409498e-06
2022-06-24,mandeb,5.1961084e-05,-1.4742319e-05
2022-07-01,mandeb,4.5398137e-05,-1.315201e-05
2022-07-08,mandeb,3.1564537e-05,-1.5097432e-05
2022-07-15,mandeb,3.8982933e-05,-2.3590412e-05
2022-07-22,mandeb,4.0085397e-05,2.0169746e-05
2022-07-29,mandeb,3.0341365e-05,-1.4530795e-05
2022-08-05,mandeb,3.360254e-05,9.05786e-06
2022-08-12,mandeb,2.9632069e-05,-4.9121627e-06
2022-08-19,mandeb,3.493295e-05,-3.666975e-06
2022-08-26,mandeb,2.488335e-05,4.208214e-06
2022-09-02,mandeb,2.4702951e-05,-7.4236254e-07
2022-09-09,mandeb,2.6041447e-05,6.6549474e-06
2022-09-16,mandeb,2.3443377e-05,3.2195192e-07
2022-09-23,mandeb,3.2109252e-05,9.223539e-06
2022-09-30,mandeb,2.4169482e-05,-1.02942295e-05
2022-10-07,mandeb,3.4772293e-05,1.5167974e-05
2022-10-14,mandeb,2.435503e-05,-2.1726594e-06
2022-10-21,mandeb,4.6993544e-05,-1.4504165e-05
2022-10-28,mandeb,7.539299e-05,2.9531266e-05
2022-11-04,mandeb,5.279264e-05,-2.0940219e-05
2022-11-11,mandeb,4.2553158e-05,-1.0573831e-07
2022-11-18,mandeb,5.5933906e-05,9.884476e-06
2022-11-25,mandeb,5.136022e-05,2.3095e-06
2022-12-02,mandeb,5.3249194e-05,-2.2269016e-05
2022-12-09,mandeb,5.8978698e-05,6.192519e-06
2022-12-16,mandeb,5.737114e-05,-1.1126798e-05
2022-12-23,mandeb,6.780257e-05,1.5615435e-05
2022-12-30,mandeb,4.9214028e-05,-9.709005e-06
2023-01-06,mandeb,4.325981e-05,-2.3412304e-07
2023-01-13,mandeb,4.8562153e-05,-2.6873317e-06
2023-01-20,mandeb,6.95555e-05,-2.3105778e-05
2023-01-27,mandeb,0.000113879054,3.0487592e-05
2023-02-03,mandeb,6.1934305e-05,-3.414281e-05
2023-02-10,mandeb,0.00011458817,2.2846856e-05
2023-02-17,mandeb,8.191873e-05,-2.7450164e-05
2023-02-24,mandeb,6.942059e-05,-7.893013e-06
2023-03-03,mandeb,7.4306445e-05,4.809287e-06
2023-03-10,mandeb,5.2911106e-05,-2.3187302e-05
2023-03-17,mandeb,5.201644e-05,4.9863047e-06
2023-03-24,mandeb,7.79863e-05,1.0780677e-05
2023-03-31,mandeb,8.284897e-05,-1.4855692e-05
2023-04-07,mandeb,9.527048e-05,1.1848924e-05
2023-04-14,mandeb,8.911216e-05,-9.535783e-06
2023-04-21,mandeb,5.7903064e-05,-4.6032574e-07
2023-04-28,mandeb,5.55246e-05,-2.559374e-06
2023-05-05,mandeb,5.508265e-05,-5.48e-06
2023-05-12,mandeb,5.1040184e-05,-1.2859601e-05
2023-05-19,mandeb,5.531201e-05,-2.688347e-06
2023-05-26,mandeb,4.931187e-05,-7.772496e-06
2023-06-02,mandeb,4.5917364e-05,2.708524e-06
2023-06-09,mandeb,4.7085163e-05,-5.13521e-06
2023-06-16,mandeb,5.68943e-05,5.918525e-06
2023-06-23,mandeb,5.6035442e-05,-1.2415094e-05
2023-06-30,mandeb,6.93342e-05,7.329541e-06
2023-07-07,mandeb,4.9638737e-05,-1.0239264e-05
2023-07-14,mandeb,4.6862235e-05,-5.9229214e-06
2023-07-21,mandeb,0.00015558195,-9.2107904e-05
2023-07-28,mandeb,0.0001233382,-7.095551e-05
2023-08-04,mandeb,0.00015603613,-5.9923022e-05
2023-08-11,mandeb,0.00016175375,-6.340585e-05
2023-08-18,mandeb,0.00010865912,-6.884701e-05
2023-08-25,mandeb,0.00016927348,-6.536193e-05
2023-09-01,mandeb,0.000116749616,-6.538696e-05
2023-09-08,mandeb,0.00013012756,-7.386002e-05
2023-09-15,mandeb,0.00021673657,-6.109917e-05
2023-09-22,mandeb,0.00014621619,-8.508934e-05
2023-09-29,mandeb,0.00014140233,-5.521694e-05
2023-10-06,mandeb,0.00011184215,-6.371354e-05
2023-10-13,mandeb,0.00013830862,-3.6152567e-05
2023-10-20,mandeb,7.448891e-05,-3.946258e-05
2023-10-27,mandeb,0.00010801101,9.323473e-06
2023-11-03,mandeb,8.316056e-05,-4.1955886e-05
2023-11-10,mandeb,8.862052e-05,-3.7730486e-05
2023-11-17,mandeb,8.669627e-05,-3.4624558e-05
2023-11-24,mandeb,7.233626e-05,-4.2954547e-05
2023-12-01,mandeb,8.4325016e-05,-5.1690506e-05
2023-12-08,mandeb,0.0001241154,-1.1335649e-05
2023-12-15,mandeb,9.3260904e-05,-5.1605562e-05
2023-12-22,mandeb,0.00014617771,-4.554456e-05
2023-12-29,mandeb,0.00014506084,-7.097537e-05
2024-01-05,mandeb,0.0001073588,-4.539521e-05
2024-01-12,mandeb,0.00012473462,-5.062436e-05
2024-01-19,mandeb,9.529482e-05,-1.9841114e-05
2024-01-26,mandeb,9.6720745e-05,-4.2667663e-05
2024-02-02,mandeb,0.00021926341,0.00010510649
2024-02-09,mandeb,0.000121171965,-3.0698855e-05
2024-02-16,mandeb,9.721057e-05,1.2690656e-05
2024-02-23,mandeb,0.00014817387,3.5047415e-05
2024-03-01,mandeb,0.0002526327,0.000119078504
2024-03-08,mandeb,0.00016536699,-2.321471e-05
2024-03-15,mandeb,0.000119345765,2.362642e-05
2024-03-22,mandeb,0.00014352641,2.2517044e-05
2024-03-29,mandeb,0.00013430168,3.5748633e-07
2024-04-05,mandeb,0.00017047557,7.0766764e-05
2024-04-12,mandeb,0.00011892679,-8.268611e-06
2024-04-19,mandeb,0.00029094022,0.00017133294
2024-04-26,mandeb,0.00015556143,1.5586298e-05
2024-05-03,mandeb,0.00023901484,0.00017147207
2024-05-10,mandeb,0.00024144849,0.000119003045
2024-05-17,mandeb,0.00020622986,4.0852283e-06
2024-05-24,mandeb,0.00023526748,0.00017912118
2024-05-31,mandeb,0.000224468,0.00013412225
2024-06-07,mandeb,0.00020518887,-1.5075623e-05
2024-06-14,mandeb,0.00028045464,0.00022431216
2024-06-21,mandeb,0.00025451218,0.0001111589
2024-06-28,mandeb,0.00019367288,5.287362e-05
2024-07-05,mandeb,0.00017679503,3.575623e-06
2024-07-12,mandeb,0.00017012253,4.418125e-05
2024-07-19,mandeb,0.00012728854,1.3523664e-05
2024-07-26,mandeb,0.00017216589,9.839196e-06
2024-08-02,mandeb,8.788262e-05,-6.597189e-06
2024-08-09,mandeb,0.00014799717,1.4948721e-05
2024-08-16,mandeb,0.00012763684,-1.4317392e-05
2024-08-23,mandeb,0.0001590045,3.8895294e-05
2024-08-30,mandeb,0.00013650637,-3.8543956e-05
2024-09-06,mandeb,0.00014374396,4.217543e-05
2024-09-13,mandeb,9.707905e-05,-6.0727175e-06
2024-09-20,mandeb,9.4385796e-05,2.0555866e-05
2024-09-27,mandeb,0.00012450283,9.178126e-06
2024-10-04,mandeb,0.000103745006,-1.2624329e-05
2024-10-11,mandeb,0.00012529861,-2.590605e-05
2024-10-18,mandeb,6.8886526e-05,-1.4548277e-05
2024-10-25,mandeb,8.2696795e-05,-1.5681335e-06
2024-11-01,mandeb,8.696045e-05,-3.1412994e-05
2024-11-08,mandeb,7.3036645e-05,-3.6647943e-05
2024-11-15,mandeb,0.00016187149,2.3386168e-05
2024-11-22,mandeb,9.7477634e-05,-5.0814768e-05
2024-11-29,mandeb,7.7315664e-05,1.7773411e-06
2024-12-06,mandeb,7.107326e-05,-1.4755498e-05
2024-12-13,mandeb,6.939105e-05,2.2060183e-06
2024-12-20,mandeb,6.164681e-05,-1.8396757e-05
2024-12-27,mandeb,5.9234142e-05,-9.068091e-06
2025-01-03,mandeb,0.00012386168,-9.48569e-06
2025-01-10,mandeb,8.452989e-05,-4.5584347e-05
2025-01-17,mandeb,4.470961e-05,1.4246273e-05
2025-01-24,mandeb,5.3266718e-05,1.6464537e-05
2025-01-31,mandeb,4.6321533e-05,1.2277365e-05
2025-02-07,mandeb,5.2076455e-05,1.955684e-05
2025-02-14,mandeb,3.768589e-05,1.5848782e-05
2025-02-21,mandeb,4.338405e-05,2.1352513e-05
2025-02-28,mandeb,4.6074103e-05,8.776398e-06
2025-03-07,mandeb,4.9237067e-05,2.0721678e-05
2025-03-14,mandeb,4.7520698e-05,1.5127218e-05
2025-03-21,mandeb,3.6641595e-05,1.7434017e-05
2025-03-28,mandeb,6.113739e-05,2.277826e-05
2025-04-04,mandeb,6.104952e-05,4.1701696e-07
2025-04-11,mandeb,5.8225018e-05,1.7323118e-05
2025-04-18,mandeb,5.7041132e-05,-2.5419291e-05
2025-04-25,mandeb,6.2382474e-05,-1.676248e-05
2025-05-02,mandeb,6.911985e-05,-1.6176073e-06
2025-05-09,mandeb,4.1563322e-05,-6.6718235e-06
2025-05-16,mandeb,5.523548e-05,2.0062109e-05
2025-05-23,mandeb,5.21288e-05,-1.0224393e-05
2025-05-30,mandeb,5.453032e-05,9.195169e-06
2025-06-06,mandeb,5.1352363e-05,-9.506534e-07
2025-06-13,mandeb,4.8243674e-05,-1.9271527e-06
2025-06-20,mandeb,3.9417107e-05,-2.8570503e-06
2025-06-27,mandeb,5.8968024e-05,-2.2100114e-06
2025-07-04,mandeb,4.967736e-05,-3.4862117e-06
2025-07-11,mandeb,5.636052e-05,7.5560997e-06
2025-07-18,mandeb,1.7087039e-05,-2.612334e-06
2025-07-25,mandeb,2.0035286e-05,-4.1117232e-06
2025-08-01,mandeb,2.0607527e-05,-1.0125762e-05
2025-08-08,mandeb,2.856029e-05,-1.6932845e-05
2025-08-15,mandeb,4.3875614e-05,-1.3013727e-05
2025-08-22,mandeb,2.2384911e-05,-1.3403306e-05
2025-08-29,mandeb,2.2765893e-05,-5.2632668e-06
2025-09-05,mandeb,2.7661496e-05,1.26280465e-05
2025-09-12,mandeb,1.618283e-05,-3.371869e-06
2025-09-19,mandeb,1.942612e-05,7.4390477e-06
2025-09-26,mandeb,1.6486592e-05,9.341397e-06
2025-10-03,mandeb,1.4697938e-05,3.7844748e-06
2025-10-10,mandeb,1.7628388e-05,1.2818974e-05
2025-10-17,mandeb,1.362384e-05,4.6537757e-06
2025-10-24,mandeb,1.3401649e-05,-2.1294243e-06
2025-10-31,mandeb,1.3679513e-05,1.4006336e-06
2025-11-07,mandeb,1.5092441e-05,9.1036554e-08
2025-11-14,mandeb,1.0957994e-05,4.697611e-06
2025-11-21,mandeb,1.3643775e-05,7.198812e-06
2025-11-28,mandeb,1.2935561e-05,3.6435192e-06
2025-12-05,mandeb,1.25077095e-05,1.572728e-06
2025-12-12,mandeb,1.7879998e-05,-4.7214353e-06
2025-12-19,mandeb,1.7511162e-05,-5.7382754e-06
2021-01-22,panama,6.148272e-05,1.2436173e-05
2021-01-29,panama,3.9743973e-05,-4.417432e-06
2021-02-05,panama,4.5336954e-05,7.730743e-06
2021-02-12,panama,5.414045e-05,-2.4511462e-05
2021-02-19,panama,5.1648985e-05,1.0385094e-05
2021-02-26,panama,5.7328376e-05,-2.2554272e-05
2021-03-05,panama,5.8362857e-05,-2.06072e-05
2021-03-12,panama,6.6771405e-05,-2.849354e-05
2021-03-19,panama,5.038126e-05,-1.0472324e-05
2021-03-26,panama,4.2613e-05,-5.3238664e-06
2021-04-02,panama,3.6264257e-05,-1.5905054e-05
2021-04-09,panama,4.1053685e-05,6.752007e-07
2021-04-16,panama,4.9120335e-05,-8.767357e-06
2021-04-23,panama,5.7187783e-05,2.4405259e-05
2021-04-30,panama,4.541542e-05,-6.1388982e-06
2021-05-07,panama,6.545551e-05,-2.3448749e-05
2021-05-14,panama,6.149938e-05,-2.5808364e-05
2021-05-21,panama,0.00014570983,6.770124e-05
2021-05-28,panama,5.0103183e-05,-1.0558111e-05
2021-06-04,panama,6.03515e-05,4.4838307e-05
2021-06-11,panama,5.232174e-05,-1.8001312e-05
2021-06-18,panama,3.6198744e-05,2.686403e-07
2021-06-25,panama,0.00010908208,5.3263546e-05
2021-07-02,panama,5.8870257e-05,-1.0778167e-05
2021-07-09,panama,6.163075e-05,3.5318386e-05
2021-07-16,panama,5.8999613e-05,-2.7808353e-05
2021-07-23,panama,2.7304935e-05,1.2371521e-06
2021-07-30,panama,5.6744466e-05,2.1456515e-05
2021-08-06,panama,2.8445325e-05,1.5694127e-06
2021-08-13,panama,2.9416748e-05,-5.930759e-06
2021-08-20,panama,2.6227179e-05,-1.2183136e-05
2021-08-27,panama,2.7760467e-05,-8.818382e-06
2021-09-03,panama,3.060669e-05,8.093395e-06
2021-09-10,panama,4.082086e-05,7.7000095e-08
2021-09-17,panama,3.6993515e-05,1.5920908e-06
2021-09-24,panama,4.5721146e-05,8.579655e-06
2021-10-01,panama,3.324132e-05,-7.4485547e-07
2021-10-08,panama,4.313468e-05,-4.547683e-06
2021-10-15,panama,5.1083574e-05,1.0941455e-05
2021-10-22,panama,5.5795106e-05,-1.3046689e-05
2021-10-29,panama,7.764605e-05,4.0510105e-05
2021-11-05,panama,4.878046e-05,-3.2552594e-05
2021-11-12,panama,6.29569e-05,1.579605e-05
2021-11-19,panama,5.455455e-05,6.0029133e-06
2021-11-26,panama,4.6900135e-05,-1.5591677e-05
2021-12-03,panama,5.667108e-05,1.1444244e-05
2021-12-10,panama,7.366831e-05,7.3978676e-06
2021-12-17,panama,5.6195233e-05,-3.5315723e-05
2021-12-24,panama,5.7928533e-05,5.5337596e-06
2021-12-31,panama,5.5605393e-05,-3.0343546e-05
2022-01-07,panama,4.149508e-05,-1.5348023e-06
2022-01-14,panama,4.781984e-05,-1.7897532e-05
2022-01-21,panama,2.1492495e-05,-2.982054e-06
2022-01-28,panama,1.8959452e-05,-2.5053123e-06
2022-02-04,panama,1.951919e-05,-2.433909e-06
2022-02-11,panama,1.9387637e-05,2.0728658e-07
2022-02-18,panama,2.187361e-05,-1.9554168e-06
2022-02-25,panama,2.2671238e-05,-6.3159086e-06
2022-03-04,panama,3.1197334e-05,-7.5343996e-06
2022-03-11,panama,3.0125168e-05,-4.435162e-06
2022-03-18,panama,2.9667157e-05,-1.0449044e-05
2022-03-25,panama,4.0817915e-05,-1.4037234e-05
2022-04-01,panama,3.3949567e-05,-5.7158027e-06
2022-04-08,panama,3.522477e-05,-1.5418473e-05
2022-04-15,panama,2.392556e-05,-3.4630577e-06
2022-04-22,panama,2.6117868e-05,-5.6935814e-06
2022-04-29,panama,3.7826787e-05,-6.3762536e-06
2022-05-06,panama,4.1497628e-05,-6.365464e-06
2022-05-13,panama,4.4561577e-05,-2.3120192e-05
2022-05-20,panama,4.9742623e-05,-1.3116403e-05
2022-05-27,panama,4.43422e-05,-2.019527e-05
2022-06-03,panama,3.5630226e-05,-1.2496935e-05
2022-06-10,panama,2.9616458e-05,1.7631116e-06
2022-06-17,panama,3.4251865e-05,-1.4966682e-05
2022-06-24,panama,4.3305565e-05,9.300396e-06
2022-07-01,panama,5.001456e-05,-1.9625033e-05
2022-07-08,panama,7.031517e-05,1.4874024e-05
2022-07-15,panama,7.3052026e-05,-3.889039e-05
2022-07-22,panama,6.790889e-05,5.089117e-05
2022-07-29,panama,3.402276e-05,-2.477755e-05
2022-08-05,panama,2.8101349e-05,1.714697e-05
2022-08-12,panama,3.1792475e-05,1.2493401e-05
2022-08-19,panama,2.047709e-05,-6.4275723e-06
2022-08-26,panama,4.2771106e-05,2.890709e-05
2022-09-02,panama,3.1114447e-05,-6.83602e-06
2022-09-09,panama,4.6625097e-05,-3.3246056e-06
2022-09-16,panama,4.3135522e-05,-5.1198986e-06
2022-09-23,panama,8.531095e-05,5.1339568e-05
2022-09-30,panama,4.1543917e-05,-1.9939962e-05
2022-10-07,panama,3.2464784e-05,2.2387096e-05
2022-10-14,panama,1.9209161e-05,-7.0245954e-07
2022-10-21,panama,1.4683594e-05,2.212927e-06
2022-10-28,panama,1.7356733e-05,-3.9605584e-06
2022-11-04,panama,1.8507493e-05,-9.454683e-07
2022-11-11,panama,2.1345935e-05,-4.546946e-06
2022-11-18,panama,2.2926737e-05,-3.2541723e-06
2022-11-25,panama,2.517056e-05,-5.2889836e-06
2022-12-02,panama,2.3757599e-05,-4.296801e-06
2022-12-09,panama,3.3539858e-05,-1.7498634e-05
2022-12-16,panama,3.3795346e-05,1.2187802e-06
2022-12-23,panama,4.1561063e-05,-2.164482e-05
2022-12-30,panama,5.3515665e-05,1.9327716e-05
2023-01-06,panama,3.7013993e-05,4.763821e-06
2023-01-13,panama,3.810388e-05,-1.4993997e-05
2023-01-20,panama,4.3812808e-05,1.0058191e-05
2023-01-27,panama,4.105787e-05,-4.8238953e-06
2023-02-03,panama,3.0132242e-05,-2.1155956e-06
2023-02-10,panama,4.019237e-05,3.5770308e-06
2023-02-17,panama,4.005395e-05,-2.2093172e-06
2023-02-24,panama,3.490407e-05,-3.2962598e-06
2023-03-03,panama,2.8136357e-05,4.420256e-06
2023-03-10,panama,3.646934e-05,8.615198e-06
2023-03-17,panama,3.0038038e-05,-5.4862603e-06
2023-03-24,panama,2.9525492e-05,3.3203285e-06
2023-03-31,panama,3.224863e-05,-3.2948528e-06
2023-04-07,panama,4.893235e-05,1.2750324e-05
2023-04-14,panama,4.7305577e-05,-3.228697e-07
2023-04-21,panama,3.73456e-05,2.066801e-06
2023-04-28,panama,3.9056722e-05,4.6452965e-06
2023-05-05,panama,4.5950266e-05,1.8982922e-05
2023-05-12,panama,4.066519e-05,8.066848e-06
2023-05-19,panama,4.682984e-05,9.2265236e-07
2023-05-26,panama,6.4071945e-05,3.0238793e-05
2023-06-02,panama,4.1552994e-05,1.2097598e-05
2023-06-09,panama,3.7732163e-05,9.093321e-06
2023-06-16,panama,3.4801324e-05,1.53974e-05
2023-06-23,panama,3.0182131e-05,-1.0915571e-06
2023-06-30,panama,2.4144634e-05,-1.4436832e-06
2023-07-07,panama,4.1712832e-05,1.890786e-05
2023-07-14,panama,2.301066e-05,-6.911152e-07
2023-07-21,panama,7.670995e-05,1.8188479e-05
2023-07-28,panama,6.592693e-05,-1.3508354e-05
2023-08-04,panama,7.932334e-05,-4.51055e-06
2023-08-11,panama,9.3424096e-05,2.8075567e-05
2023-08-18,panama,6.567482e-05,-2.6244708e-05
2023-08-25,panama,8.006166e-05,-3.3902038e-06
2023-09-01,panama,7.396658e-05,1.8144583e-06
2023-09-08,panama,8.332013e-05,-2.335753e-05
2023-09-15,panama,8.886204e-05,-4.0585537e-06
2023-09-22,panama,9.448945e-05,-2.4379042e-05
2023-09-29,panama,0.00010336645,-4.014468e-06
2023-10-06,panama,9.865868e-05,-1.5085469e-05
2023-10-13,panama,8.260697e-05,-1.04562105e-05
2023-10-20,panama,0.00011264196,3.4133964e-06
2023-10-27,panama,8.631594e-05,-2.0829935e-05
2023-11-03,panama,9.13548e-05,1.2875338e-05
2023-11-10,panama,7.736609e-05,-1.7535109e-05
2023-11-17,panama,8.522824e-05,-2.6474281e-05
2023-11-24,panama,9.55389e-05,-2.4404322e-05
2023-12-01,panama,9.3749564e-05,-3.3488956e-05
2023-12-08,panama,0.000112813614,3.6068974e-05
2023-12-15,panama,7.467263e-05,-1.588144e-05
2023-12-22,panama,9.659198e-05,-7.533725e-06
2023-12-29,panama,0.00010725563,-2.1329892e-05
2024-01-05,panama,0.00012608536,1.3341152e-05
2024-01-12,panama,8.309444e-05,-1.6984943e-05
2024-01-19,panama,0.00011088984,-2.5518753e-05
2024-01-26,panama,8.975076e-05,3.2244825e-05
2024-02-02,panama,8.87593e-05,-1.400089e-05
2024-02-09,panama,0.00014556693,9.6717835e-05
2024-02-16,panama,9.263196e-05,4.5106103e-06
2024-02-23,panama,0.000103098304,7.415496e-05
2024-03-01,panama,5.545313e-05,5.8721935e-06
2024-03-08,panama,6.639296e-05,4.4171925e-06
2024-03-15,panama,6.452596e-05,3.589033e-05
2024-03-22,panama,4.6039266e-05,9.277703e-06
2024-03-29,panama,6.288046e-05,1.9694638e-05
2024-04-05,panama,7.365267e-05,2.5149175e-05
2024-04-12,panama,6.1507766e-05,1.1628682e-05
2024-04-19,panama,9.697411e-05,-2.7087573e-05
2024-04-26,panama,8.262993e-05,2.5184672e-05
2024-05-03,panama,0.00013429997,4.0208706e-05
2024-05-10,panama,0.00010496405,-4.061476e-05
2024-05-17,panama,8.232027e-05,-1.2728352e-05
2024-05-24,panama,9.6207325e-05,1.1942979e-05
2024-05-31,panama,8.7417924e-05,4.7271176e-05
2024-06-07,panama,7.4376265e-05,4.487786e-05
2024-06-14,panama,5.839425e-05,3.6364287e-05
2024-06-21,panama,8.900081e-05,2.0417177e-05
2024-06-28,panama,6.8933296e-05,1.8952182e-06
2024-07-05,panama,7.4575175e-05,4.376644e-05
2024-07-12,panama,6.4907166e-05,3.1593623e-05
2024-07-19,panama,5.4646607e-05,-1.2309212e-05
2024-07-26,panama,5.091822e-05,-1.5861951e-06
2024-08-02,panama,5.5319382e-05,2.526898e-05
2024-08-09,panama,6.36614e-05,-2.538144e-05
2024-08-16,panama,5.672507e-05,5.3133444e-06
2024-08-23,panama,0.00012983958,6.8307716e-05
2024-08-30,panama,8.480608e-05,-3.641555e-05
2024-09-06,panama,0.00015524359,0.00010057127
2024-09-13,panama,5.384704e-05,-2.0331892e-05
2024-09-20,panama,4.9109727e-05,1.0307051e-05
2024-09-27,panama,7.696515e-05,-3.517475e-05
2024-10-04,panama,7.729341e-05,5.653661e-05
2024-10-11,panama,8.287651e-05,2.1009944e-05
2024-10-18,panama,4.0584513e-05,-1.6959426e-05
2024-10-25,panama,2.4172898e-05,1.3186106e-05
2024-11-01,panama,3.2274922e-05,1.2311144e-05
2024-11-08,panama,3.079171e-05,-3.2997505e-06
2024-11-15,panama,8.251967e-05,5.100892e-05
2024-11-22,panama,2.9672747e-05,-1.1888714e-05
2024-11-29,panama,3.039259e-05,-1.2487382e-05
2024-12-06,panama,3.3241446e-05,1.6020476e-06
2024-12-13,panama,5.343437e-05,3.1362786e-05
2024-12-20,panama,3.4645273e-05,-1.8996774e-05
2024-12-27,panama,2.9257277e-05,1.3550396e-05
2025-01-03,panama,2.3707955e-05,-1.4111127e-05
2025-01-10,panama,2.8825893e-05,-1.0409728e-05
2025-01-17,panama,1.6429418e-05,5.6144518e-06
2025-01-24,panama,1.5850424e-05,-5.1295847e-06
2025-01-31,panama,1.4487277e-05,6.904246e-07
2025-02-07,panama,1.2987071e-05,1.4534252e-06
2025-02-14,panama,1.5717484e-05,-5.153112e-06
2025-02-21,panama,1.0355442e-05,-3.6509874e-07
2025-02-28,panama,1.2288872e-05,9.68192e-07
2025-03-07,panama,1.6251915e-05,-1.0532398e-06
2025-03-14,panama,1.4314252e-05,-5.7295017e-07
2025-03-21,panama,1.46911325e-05,-2.9254722e-06
2025-03-28,panama,2.0635041e-05,-3.175896e-06
2025-04-04,panama,3.4365454e-05,-1.5219011e-05
2025-04-11,panama,2.5209894e-05,-1.0297866e-05
2025-04-18,panama,2.3612225e-05,-3.9069646e-06
2025-04-25,panama,4.6032077e-05,1.1301754e-05
2025-05-02,panama,3.080381e-05,-4.26427e-06
2025-05-09,panama,3.8290447e-05,1.4865641e-05
2025-05-16,panama,2.6576121e-05,9.561956e-06
2025-05-23,panama,2.3526702e-05,3.9937304e-06
2025-05-30,panama,2.5956351e-05,6.896998e-06
2025-06-06,panama,2.1040381e-05,1.5510531e-06
2025-06-13,panama,3.679649e-05,1.089898e-05
2025-06-20,panama,2.7911095e-05,-1.2626353e-05
2025-06-27,panama,2.7192418e-05,1.1655758e-06
2025-07-04,panama,1.9048306e-05,2.11403e-06
2025-07-11,panama,2.6168045e-05,2.7208775e-06
2025-07-18,panama,7.3125734e-06,-8.684833e-07
2025-07-25,panama,6.9418843e-06,-3.9153892e-06
2025-08-01,panama,9.1130005e-06,-6.4123315e-06
2025-08-08,panama,1.4241321e-05,-7.619152e-06
2025-08-15,panama,1.1015514e-05,-4.8303446e-06
2025-08-22,panama,1.2142977e-05,-3.6722167e-06
2025-08-29,panama,1.096352e-05,-1.9721153e-07
2025-09-05,panama,1.020924e-05,7.2081457e-06
2025-09-12,panama,6.4027067e-06,1.6932444e-06
2025-09-19,panama,6.622461e-06,1.4112885e-06
2025-09-26,panama,4.9590085e-06,1.7900359e-06
2025-10-03,panama,3.352014e-06,-6.160026e-07
2025-10-10,panama,4.105333e-06,-1.1291985e-06
2025-10-17,panama,7.557254e-06,1.9204927e-06
2025-10-24,panama,6.3804887e-06,8.576558e-07
2025-10-31,panama,9.708992e-06,1.4094904e-06
2025-11-07,panama,8.406838e-06,1.268987e-06
2025-11-14,panama,7.283158e-06,2.6735488e-06
2025-11-21,panama,9.6776075e-06,4.6527725e-06
2025-11-28,panama,9.761635e-06,2.705454e-06
2025-12-05,panama,8.910914e-06,2.6728508e-06
2025-12-12,panama,1.0509243e-05,1.616406e-06
2025-12-19,panama,8.230038e-06,-4.986534e-07
2021-01-22,suez,4.034209e-05,-1.2671078e-05
2021-01-29,suez,2.877629e-05,-8.509397e-06
2021-02-05,suez,5.317871e-05,-2.4549967e-05
2021-02-12,suez,4.88201e-05,-5.502832e-06
2021-02-19,suez,5.679036e-05,-2.9759443e-05
2021-02-26,suez,4.598251e-05,-3.3612241e-06
2021-03-05,suez,6.147141e-05,-1.2877165e-05
2021-03-12,suez,4.489981e-05,-2.4274192e-05
2021-03-19,suez,4.614467e-05,-7.3261026e-06
2021-03-26,suez,3.78245e-05,-1.646667e-05
2021-04-02,suez,6.571233e-05,-1.6146565e-05
2021-04-09,suez,0.0001002195,5.8432695e-05
2021-04-16,suez,0.00016432397,-1.9663057e-06
2021-04-23,suez,0.0001720384,-3.526238e-05
2021-04-30,suez,0.00017296712,2.220967e-05
2021-05-07,suez,0.00015156786,-9.4557516e-05
2021-05-14,suez,0.0002073253,2.9911727e-05
2021-05-21,suez,0.00016581568,-6.8660294e-05
2021-05-28,suez,0.00013005931,6.158709e-05
2021-06-04,suez,0.00011708183,-1.5332746e-05
2021-06-11,suez,9.2309296e-05,-4.1598214e-06
2021-06-18,suez,9.310116e-05,2.2043852e-05
2021-06-25,suez,6.705918e-05,9.3392055e-07
2021-07-02,suez,0.00010821885,-4.5485003e-06
2021-07-09,suez,0.00014311283,6.111736e-05
2021-07-16,suez,0.0001270056,-2.3156483e-05
2021-07-23,suez,4.304438e-05,5.9349595e-06
2021-07-30,suez,3.8653227e-05,-9.476015e-06
2021-08-06,suez,3.899068e-05,-1.42245435e-05
2021-08-13,suez,4.304094e-05,-9.188261e-06
2021-08-20,suez,4.2107877e-05,1.1271411e-05
2021-08-27,suez,3.3262088e-05,-7.2989374e-06
2021-09-03,suez,3.7882903e-05,-8.760783e-06
2021-09-10,suez,2.7513031e-05,-3.0654578e-06
2021-09-17,suez,3.309205e-05,-8.764521e-06
2021-09-24,suez,2.265674e-05,-4.6761834e-06
2021-10-01,suez,3.2417727e-05,-2.1286107e-06
2021-10-08,suez,3.267407e-05,-2.252319e-06
2021-10-15,suez,4.1031904e-05,-1.7358398e-05
2021-10-22,suez,3.9244827e-05,-3.259426e-06
2021-10-29,suez,0.00011016842,3.4492896e-05
2021-11-05,suez,7.532334e-05,-1.6597576e-05
2021-11-12,suez,9.789471e-05,2.5801337e-05
2021-11-19,suez,7.072205e-05,-2.7669612e-05
2021-11-26,suez,6.761984e-05,-4.4025364e-06
2021-12-03,suez,0.00011815765,1.7169667e-05
2021-12-10,suez,9.71754e-05,-2.2649569e-05
2021-12-17,suez,0.000115082876,-1.8537448e-05
2021-12-24,suez,8.1155275e-05,5.4572047e-07
2021-12-31,suez,9.8524775e-05,3.196567e-05
2022-01-07,suez,6.7713765e-05,-3.4500834e-05
2022-01-14,suez,7.227597e-05,5.4054417e-06
2022-01-21,suez,3.7452897e-05,-1.5179858e-05
2022-01-28,suez,2.7529384e-05,-1.1623727e-06
2022-02-04,suez,3.422339e-05,-8.741118e-06
2022-02-11,suez,4.267803e-05,-2.7612293e-06
2022-02-18,suez,5.966604e-05,2.475555e-05
2022-02-25,suez,4.9231756e-05,-8.719893e-06
2022-03-04,suez,6.3221785e-05,-5.1354054e-06
2022-03-11,suez,5.933166e-05,1.2468237e-05
2022-03-18,suez,3.1674725e-05,-4.3102386e-06
2022-03-25,suez,4.6509795e-05,1.5676669e-06
2022-04-01,suez,5.167421e-05,-1.0409778e-05
2022-04-08,suez,9.332451e-05,2.7433098e-05
2022-04-15,suez,4.509196e-05,-1.7474973e-05
2022-04-22,suez,5.14381e-05,2.5347144e-06
2022-04-29,suez,4.9388527e-05,-1.3585947e-05
2022-05-06,suez,5.577119e-05,-1.4960305e-05
2022-05-13,suez,5.342905e-05,-2.032433e-05
2022-05-20,suez,7.039758e-05,3.3098904e-06
2022-05-27,suez,6.358144e-05,-3.0475509e-05
2022-06-03,suez,6.326519e-05,7.59557e-06
2022-06-10,suez,4.774263e-05,-2.2365582e-05
2022-06-17,suez,0.00010425148,1.0476958e-05
2022-06-24,suez,8.65997e-05,-4.4561984e-05
2022-07-01,suez,8.914087e-05,4.698736e-06
2022-07-08,suez,9.092884e-05,-1.1351865e-05
2022-07-15,suez,9.15801e-05,-4.6389432e-05
2022-07-22,suez,4.179494e-05,1.2258954e-05
2022-07-29,suez,5.687042e-05,2.4757533e-06
2022-08-05,suez,3.7522954e-05,-5.844863e-07
2022-08-12,suez,4.3011154e-05,-1.9362628e-06
2022-08-19,suez,3.30208e-05,4.498121e-06
2022-08-26,suez,4.191981e-05,-1.1022458e-05
2022-09-02,suez,6.7050554e-05,3.003034e-05
2022-09-09,suez,4.7262896e-05,-1.6350215e-05
2022-09-16,suez,5.1010175e-05,2.3283928e-05
2022-09-23,suez,3.741202e-05,-3.1899262e-06
2022-09-30,suez,4.461409e-05,1.0369316e-05
2022-10-07,suez,4.2151234e-05,-5.4608363e-06
2022-10-14,suez,3.966507e-05,-8.1992e-06
2022-10-21,suez,6.769784e-05,1.7584354e-05
2022-10-28,suez,5.1178875e-05,3.0909468e-06
2022-11-04,suez,5.2927953e-05,-2.7780686e-06
2022-11-11,suez,3.9560935e-05,-8.4005785e-07
2022-11-18,suez,4.5454213e-05,1.160902e-06
2022-11-25,suez,5.7815716e-05,-2.681346e-06
2022-12-02,suez,5.036676e-05,4.605021e-06
2022-12-09,suez,5.3280684e-05,-1.0289299e-05
2022-12-16,suez,5.552094e-05,1.7709724e-05
2022-12-23,suez,6.457037e-05,-8.625684e-06
2022-12-30,suez,6.125194e-05,1.4536819e-05
2023-01-06,suez,4.8509068e-05,-2.0830295e-05
2023-01-13,suez,4.978616e-05,-3.4173786e-06
2023-01-20,suez,0.00010698492,9.660894e-06
2023-01-27,suez,9.335573e-05,-7.050457e-06
2023-02-03,suez,6.729384e-05,-3.8971816e-06
2023-02-10,suez,8.187992e-05,-1.3837445e-06
2023-02-17,suez,0.00010035554,2.1824806e-05
2023-02-24,suez,7.647686e-05,-1.1608655e-05
2023-03-03,suez,0.00012403546,5.4746542e-06
2023-03-10,suez,8.5945074e-05,-3.5399913e-05
2023-03-17,suez,0.00011515262,1.0002013e-06
2023-03-24,suez,9.8417484e-05,-1.9168949e-05
2023-03-31,suez,0.0001193828,1.26660725e-05
2023-04-07,suez,0.000112018075,1.0098486e-05
2023-04-14,suez,0.00010356734,2.1893127e-05
2023-04-21,suez,6.672262e-05,-1.7555694e-06
2023-04-28,suez,7.660549e-05,-1.3515685e-05
2023-05-05,suez,7.18976e-05,-9.121457e-06
2023-05-12,suez,7.459792e-05,-2.9533708e-06
2023-05-19,suez,7.473567e-05,-6.6386074e-06
2023-05-26,suez,7.601209e-05,-1.6507247e-06
2023-06-02,suez,6.358613e-05,-2.0361388e-06
2023-06-09,suez,5.845343e-05,6.2542006e-07
2023-06-16,suez,6.864561e-05,2.0599534e-06
2023-06-23,suez,6.999101e-05,-2.7979934e-06
2023-06-30,suez,7.4712974e-05,-8.233565e-06
2023-07-07,suez,6.610116e-05,-3.06845e-06
2023-07-14,suez,6.549955e-05,-1.2539508e-06
2023-07-21,suez,0.000211095,-0.000109499015
2023-07-28,suez,0.00025562497,-8.3177714e-05
2023-08-04,suez,0.00019921233,-9.2701914e-05
2023-08-11,suez,0.00018086261,-6.6119814e-05
2023-08-18,suez,0.00017797269,-8.202568e-05
2023-08-25,suez,0.00016612026,-7.058318e-05
2023-09-01,suez,0.00016564381,-7.113829e-05
2023-09-08,suez,0.0001773769,-9.155962e-05
2023-09-15,suez,0.00017842345,-7.228985e-05
2023-09-22,suez,0.00029315348,-8.639897e-05
2023-09-29,suez,0.00020459534,-0.000104283405
2023-10-06,suez,0.0002617474,-0.000116567484
2023-10-13,suez,0.00022878722,-0.000114961585
2023-10-20,suez,0.0001630509,-3.5073746e-05
2023-10-27,suez,0.00014984829,-5.2934683e-05
2023-11-03,suez,0.00012055327,-3.0898234e-05
2023-11-10,suez,0.00011501721,-3.0701824e-05
2023-11-17,suez,0.0001059256,-2.0182952e-05
2023-11-24,suez,0.00012196574,-1.8831222e-05
2023-12-01,suez,0.000100482066,-2.101999e-05
2023-12-08,suez,7.4230964e-05,-9.104157e-06
2023-12-15,suez,8.28924e-05,-2.3439494e-05
2023-12-22,suez,0.00012058884,1.6666781e-06
2023-12-29,suez,0.0001345941,-4.6962792e-05
2024-01-05,suez,0.00013722296,-5.0733935e-05
2024-01-12,suez,0.0001084134,-2.7688347e-05
2024-01-19,suez,0.00012601067,-5.46231e-05
2024-01-26,suez,0.00012222012,2.2193384e-05
2024-02-02,suez,0.0001420617,-5.808352e-05
2024-02-09,suez,0.00013800198,-2.9103649e-05
2024-02-16,suez,0.0001464744,-7.345392e-06
2024-02-23,suez,0.00017985364,3.862791e-05
2024-03-01,suez,0.00016196421,4.296914e-05
2024-03-08,suez,0.0001609924,4.9794762e-05
2024-03-15,suez,0.00012665584,-1.181884e-05
2024-03-22,suez,0.00015371473,2.7471191e-05
2024-03-29,suez,0.00011714676,1.5650505e-05
2024-04-05,suez,0.00013453518,7.778974e-06
2024-04-12,suez,0.00017087697,6.6637236e-05
2024-04-19,suez,0.00017671396,2.3840765e-05
2024-04-26,suez,0.00014253255,5.177208e-05
2024-05-03,suez,0.00014549014,5.9768925e-05
2024-05-10,suez,0.00016252213,2.609356e-05
2024-05-17,suez,0.00023325243,0.00013460098
2024-05-24,suez,0.0001389969,3.6864567e-05
2024-05-31,suez,0.00016299843,7.6399505e-05
2024-06-07,suez,0.0001954793,-7.77654e-06
2024-06-14,suez,0.00017937341,0.00011879953
2024-06-21,suez,0.00017978968,2.9170638e-05
2024-06-28,suez,0.00017200323,8.131944e-05
2024-07-05,suez,0.00019405661,1.5991456e-05
2024-07-12,suez,0.00020605983,4.2520005e-05
2024-07-19,suez,0.00014868988,5.278344e-05
2024-07-26,suez,0.0001416468,1.5132435e-05
2024-08-02,suez,0.0002178478,8.8335575e-05
2024-08-09,suez,0.00020587309,-5.0588682e-05
2024-08-16,suez,0.00020216589,4.9413495e-05
2024-08-23,suez,0.00017901055,1.377214e-05
2024-08-30,suez,0.00019673652,1.2938079e-05
2024-09-06,suez,0.00016961197,-2.2872577e-05
2024-09-13,suez,0.00018778909,4.5667748e-05
2024-09-20,suez,0.00015439457,-1.7539236e-05
2024-09-27,suez,0.00031846153,0.000113053095
2024-10-04,suez,0.0001494782,-2.4453098e-05
2024-10-11,suez,0.00016074411,-6.932098e-06
2024-10-18,suez,9.400399e-05,-1.4152821e-05
2024-10-25,suez,8.2207225e-05,-2.4784233e-06
2024-11-01,suez,8.6872635e-05,-1.48017425e-05
2024-11-08,suez,9.696822e-05,4.232019e-06
2024-11-15,suez,8.021388e-05,-1.6486681e-05
2024-11-22,suez,9.277774e-05,-1.5623664e-06
2024-11-29,suez,9.709822e-05,-2.6471365e-05
2024-12-06,suez,0.00010921444,2.9477535e-05
2024-12-13,suez,7.289259e-05,-1.003236e-05
2024-12-20,suez,7.656706e-05,9.381244e-06
2024-12-27,suez,6.664087e-05,1.9725126e-06
2025-01-03,suez,7.4175514e-05,1.1608875e-06
2025-01-10,suez,9.309308e-05,-2.9551535e-05
2025-01-17,suez,5.5549004e-05,2.1017138e-05
2025-01-24,suez,7.381685e-05,9.877014e-06
2025-01-31,suez,6.381836e-05,2.1130832e-05
2025-02-07,suez,7.688301e-05,3.245057e-05
2025-02-14,suez,5.331029e-05,1.1262564e-05
2025-02-21,suez,7.9747944e-05,4.4402634e-05
2025-02-28,suez,7.437047e-05,3.808591e-06
2025-03-07,suez,7.018311e-05,2.0167508e-05
2025-03-14,suez,6.925527e-05,2.7530534e-05
2025-03-21,suez,6.3609106e-05,1.7313989e-05
2025-03-28,suez,7.136723e-05,3.2738237e-05
2025-04-04,suez,8.650477e-05,-2.3819396e-06
2025-04-11,suez,6.849355e-05,-4.721844e-06
2025-04-18,suez,7.350512e-05,-9.409126e-06
2025-04-25,suez,0.00010685901,-3.5041128e-06
2025-05-02,suez,8.819965e-05,-1.1093937e-05
2025-05-09,suez,0.00010661723,1.4873409e-05
2025-05-16,suez,8.356865e-05,3.841814e-06
2025-05-23,suez,0.0001369567,2.4659439e-05
2025-05-30,suez,9.7617485e-05,3.9725273e-06
2025-06-06,suez,9.6467666e-05,-5.2554956e-06
2025-06-13,suez,8.511362e-05,-7.003502e-06
2025-06-20,suez,0.000107927044,1.0421185e-05
2025-06-27,suez,8.752954e-05,-2.5398225e-05
2025-07-04,suez,0.000120818295,6.1080273e-06
2025-07-11,suez,8.8192086e-05,-5.2978025e-06
2025-07-18,suez,2.342406e-05,1.7099708e-05
2025-07-25,suez,2.290833e-05,9.1370157e-07
2025-08-01,suez,2.2919186e-05,6.1323644e-06
2025-08-08,suez,2.794077e-05,-4.724401e-06
2025-08-15,suez,2.1582613e-05,1.5578873e-06
2025-08-22,suez,2.0283169e-05,1.5069088e-07
2025-08-29,suez,2.3516965e-05,7.3572633e-06
2025-09-05,suez,1.8562352e-05,8.5537795e-06
2025-09-12,suez,1.5621092e-05,4.6628834e-06
2025-09-19,suez,2.948385e-05,2.1485099e-05
2025-09-26,suez,1.6766066e-05,7.81813e-06
2025-10-03,suez,1.5347092e-05,4.545587e-06
2025-10-10,suez,1.7231549e-05,1.1895183e-05
2025-10-17,suez,1.4263887e-05,1.281389e-06
2025-10-24,suez,1.8320989e-05,7.5517555e-06
2025-10-31,suez,1.3375881e-05,2.8078966e-06
2025-11-07,suez,1.5257163e-05,5.7676916e-06
2025-11-14,suez,1.2461364e-05,6.8046284e-06
2025-11-21,suez,1.5251049e-05,9.558812e-06
2025-11-28,suez,1.3938503e-05,1.8347649e-06
2025-12-05,suez,1.5127866e-05,8.795917e-06
2025-12-12,suez,1.5972815e-05,1.4264808e-06
2025-12-19,suez,1.3540229e-05,6.8516774e-06
