date,P_t,P_next_actual,r_actual,r_now,r_hat_M0,P_hat_M0,P_hat_M1_Flat_Ridge,P_hat_M1_Flat_XGB,P_hat_M1_Deep,P_hat_M_ship_GNN,P_hat_M_rs_deep,P_hat_M3_Deep_gated,P_hat_M2_Deep_gated,P_hat_M4_Deep_gated,P_hat_M4_Deep_Concat,r_hat_M1_Flat_Ridge,r_hat_M1_Flat_XGB,r_hat_M1_Deep,r_hat_M_ship_GNN,r_hat_M_rs_deep,r_hat_M3_Deep_gated,r_hat_M2_Deep_gated,r_hat_M4_Deep_gated,r_hat_M4_Deep_Concat
2021-01-22,55.22,55.25,0.0005431338958538,0.0076350125480385,0.0,55.22,55.63212879980099,52.96430191381556,56.54540473610764,54.86006536316241,53.78278056778734,54.867475128583294,54.0019801889771,54.876248121860456,53.99690120703801,0.007435683971505,-0.0417070686817169,0.0237187325657182,-0.0065395295393343,-0.0263718543613924,-0.0064044720068509,-0.0223044904438254,-0.0062445905478297,-0.0223985466391709
2021-01-29,55.25,59.48,0.0737717811940921,0.0005431338958538,0.0,55.25,55.28470034501002,53.64476731372055,54.79488120176105,55.36954545666885,53.81723016597467,54.70007285630702,53.12954708304533,52.79527322501403,54.28760132661827,0.0006278633956875,-0.0294844098389148,-0.0082715595337473,0.0021613812046337,-0.0262746611953903,-0.0100032990456396,-0.0391351246646389,-0.0454466759465246,-0.017572476057093
2021-02-05,59.48,62.47,0.0490463199135243,0.0737717811940921,0.0,59.48,60.09579311566538,61.33809540026037,58.712824666255145,59.31230292635316,57.95668353899316,58.92761395793424,58.86443508708262,58.15253528042419,59.44377752430903,0.0102997194237766,0.0307609867304563,-0.0129819404903632,-0.0028233678599401,-0.0259442256007238,-0.0093303129911023,-0.0104030318617273,-0.022570644602208,-0.0006091713123342
2021-02-12,62.47,62.84,0.005905371881942,0.0490463199135243,0.0,62.47,63.06832327890291,64.53112752944827,62.33235645217395,62.813476795493614,60.87010794688808,61.90565264632273,61.40924015754069,61.52944738040004,62.3555484306352,0.0095321937350826,0.0324612632393837,-0.0022057853320644,0.0054832076000339,-0.0259442256007238,-0.0090749469806563,-0.0171261265098834,-0.0151705620968403,-0.0018337848761983
2021-02-19,62.84,65.86,0.0469394635607977,0.005905371881942,0.0,62.84,62.41200227076981,62.85881139092559,61.71938062060356,63.2628404701216,61.24025396227786,62.14487295863961,61.44117086823907,61.05794537742689,62.53487270287072,-0.0068342124249405,0.0002993089728988,-0.017993821253839,0.0067063050015082,-0.0257870956065711,-0.0111234934652734,-0.0225116676293426,-0.0287684758864883,-0.0048674490027469
2021-02-26,65.86,69.95,0.060249424163272,0.0469394635607977,0.0,65.86,66.31634075164173,66.0135963041725,67.25956761593605,66.34476350451197,64.21045226198294,65.11269455193619,64.72263027063866,64.20139458696967,65.63389561885093,0.0069050567178945,0.0023294484708458,0.0210280007963501,0.00733355840216,-0.0253652716850085,-0.0114117459460879,-0.0174203642537298,-0.0255063439497651,-0.0034390129355593
2021-03-05,69.95,68.87,-0.0155600315548833,0.060249424163272,0.0,69.95,70.55472865469599,70.18559232566253,72.22223158479518,70.62049065799118,68.2262732181732,69.22435320511796,68.18812609898048,69.03848277822632,70.19725239827382,0.0086080005216015,0.0033623513299971,0.0319672140775904,0.0095396372262843,-0.024950972643978,-0.0104279754694691,-0.0255102555404764,-0.0131166305594512,0.0035284695285709
2021-03-12,68.87,64.0,-0.073337586196935,-0.0155600315548833,0.0,68.87,70.14698383649238,71.52493399649676,71.5600776100967,69.54374465910246,67.20534403804443,68.01864192104341,68.48141946412494,68.38520752632205,68.84057367883815,0.0183721401515088,0.03782544657588,0.0383166736291127,0.0097353045681617,-0.0244679008137373,-0.0124388560539231,-0.0056582097819154,-0.0070641325516417,-0.0004273647378499
2021-03-19,64.0,63.77,-0.0036002230324915,-0.073337586196935,0.0,64.0,65.34892699271538,68.06476009049136,65.25047051387374,64.61233705351795,62.55888215689181,63.27485003738808,63.17128617173846,63.71532057952536,63.63647980342951,0.0208579371834927,0.061576522886753,0.0193501737577259,0.0095222852559271,-0.0227748556183851,-0.0113951469449143,-0.0130332181729017,-0.0044580382472794,-0.0056961956338402
2021-03-26,63.77,63.85,0.0012537221513679,-0.0036002230324915,0.0,63.77,65.09419624791946,68.38939728469258,65.39081764001689,64.61808446537795,62.44552035421157,63.13389646591177,62.56475861283013,62.09838772471989,62.95870244138885,0.0205525335754837,0.0699349418282508,0.0250989852206948,0.0132114565684946,-0.0209883580464256,-0.0100250485484817,-0.0190807021998131,-0.0265628342896775,-0.0128038656840775
2021-04-02,63.85,61.89,-0.0311779667272782,0.0012537221513679,0.0,63.85,64.70678309472041,62.000251357312486,63.79428382337969,64.91589002018713,62.64218361362121,63.14280009246671,62.6034504714071,62.277181042288035,62.887981193669056,0.0133294527095773,-0.0293981432914733,-0.0008729913865301,0.0165558497871207,-0.0190976716714477,-0.0111377529695424,-0.0197161865399599,-0.0249414991850474,-0.0151815150319625
2021-04-09,61.89,65.98,0.0639930500491652,-0.0311779667272782,0.0,61.89,62.26410606757526,63.667944152749136,61.71632298414134,62.93746984990873,60.84199107854281,61.16424957346699,60.488265358309945,60.9703012474743,60.650186309659546,0.0060264974180378,0.0283225886523723,-0.0028101657902295,0.0167830756792728,-0.017078422423902,-0.011795754215629,-0.0229092305470159,-0.0149717349306091,-0.0202359084836614
2021-04-16,65.98,65.75,-0.0034919947425615,0.0639930500491652,0.0,65.98,66.072987082758,66.60969330320866,67.24190882878617,67.40241508911026,65.39249469650467,65.22216466374498,65.55077589281142,65.06977466672605,65.32833275434879,0.0014083300981127,0.0094984462484717,0.0189450306295166,0.0213291836585136,-0.0089441739149975,-0.0115523058068952,-0.0065266190046172,-0.0138915152359755,-0.0099258376415761
2021-04-23,65.75,67.73,0.0296695421689385,-0.0034919947425615,0.0,65.75,65.70611247202939,66.20779488496909,66.15478763673708,66.1537599844459,65.23126979239021,65.3731338654519,65.05657832703496,65.97821001760376,65.21669888226383,-0.0006677137909508,0.0069385324604809,0.0061375923449915,0.0061220581665927,-0.007920719052855,-0.0057482941593349,-0.0106023439712528,0.0034648652082017,-0.0081441170917057
2021-04-30,67.73,68.73,0.0146565719067016,0.0296695421689385,0.0,67.73,67.92601934835903,67.93040461530599,68.02691872679455,68.1420114799928,67.26771030111131,67.6790091513454,66.89254882002409,67.84984375226807,67.16628395034988,0.0028899489418443,0.0029545063152909,0.0043742772452916,0.0060647183823528,-0.006848879213043,-0.0007531382348106,-0.0124416301726747,0.0017678702108552,-0.0083578185340972
2021-05-07,68.73,69.24,0.0073929451744944,0.0146565719067016,0.0,68.73,68.88225503131417,68.92730980407714,69.12704884205209,69.1233852468196,68.30482729516707,68.17313656600405,68.24440263019473,69.06623555281098,68.16873448662011,0.002212812999924,0.0028666830621659,0.0057603139377617,0.005707314534794,-0.0062053432334349,-0.0081351898740013,-0.0070903671760734,0.0048801945682429,-0.0081997640118137
2021-05-14,69.24,66.72,-0.037073972257517,0.0073929451744944,0.0,69.24,69.43878480028259,69.79356035146394,69.77163212845278,69.64749404547959,68.81167236894176,69.06658097227064,68.55102053329868,69.43658222697212,68.71983816968026,0.0028668398950292,0.007963016629219,0.0076487803529389,0.0058679900240132,-0.0062053432334349,-0.0025077493405371,-0.0100004369809074,0.002835119751165,-0.0075408075579439
2021-05-21,66.72,69.36,0.038805574421795,-0.037073972257517,0.0,66.72,66.20059840903154,65.3548033423101,66.74194253384933,67.10747839702441,66.3332478111662,66.2498062443168,66.08312271566348,66.99599201072958,66.17333920554786,-0.0078152557370314,-0.02067381888628,0.0003288208403151,0.0057907312373686,-0.0058135112738411,-0.0070722178025224,-0.009591373361356,0.0041280388157637,-0.0082271072594717
2021-05-28,69.36,71.3,0.0275859949479638,0.038805574421795,0.0,69.36,68.81184815069048,68.71465831385787,69.34646481299045,69.75206836599513,68.98630897406062,69.04967420942084,68.78844279875449,69.50575256051478,68.81719285038874,-0.0079343908670911,-0.0093477889895439,-0.0001951630310924,0.0056367417822792,-0.0054022682287998,-0.0044841708117387,-0.0082745842198846,0.0020991873280472,-0.0078567226705816
2021-06-04,71.3,72.05,0.0104639950252809,0.0275859949479638,0.0,71.3,70.92906236208107,71.61842051158904,71.56985478073082,71.70760064091088,70.95539910637099,70.8460116735541,70.81167043157122,71.52472159928773,70.72736180586247,-0.0052160714945165,0.0044559831731021,0.0037776352759522,0.0057004207164543,-0.0048448293680732,-0.0063876554078602,-0.0068725037005232,0.0031468191530564,-0.0080638165751003
2021-06-11,72.05,73.1,0.0144680443102017,0.0104639950252809,0.0,72.05,71.5921338800329,71.11498177906428,72.11693448151674,72.47526921888777,71.7454040690476,71.68485948018404,71.46244391598927,72.38283417225739,71.47382314363614,-0.0063751165249175,-0.0130622936412692,0.0009285691835916,0.0058850670001701,-0.0042365246441891,-0.0050807619893823,-0.0081882706591179,0.0046088517659181,-0.0080290496593675
2021-06-18,73.1,76.45,0.0448085656193386,0.0144680443102017,0.0,73.1,71.9027964755865,72.99994029447917,72.76650835995282,73.54320583601398,72.81051888529545,73.08519407321486,72.51431785011421,73.27796444101011,72.53515988324266,-0.0165132088269944,-0.0013697434915229,-0.004572567409209,0.0060447012596267,-0.0039679318081637,-0.0002025639727692,-0.008044336805428,0.0024315753996874,-0.0077569585452981
2021-06-25,76.45,77.51,0.0137700279183487,0.0448085656193386,0.0,76.45,76.69215492740977,77.92358340613671,76.31874913056468,76.90585318320426,76.17218108533285,76.18509681379565,76.0039495826036,76.65331962706374,75.84685491879253,0.003162488203815,0.0190917141735553,-0.0017182951680352,0.0059450554559071,-0.0036406139598327,-0.003471068682156,-0.0058516252468873,0.0026559809033666,-0.0079206919254721
2021-07-02,77.51,77.14,-0.0047850075133383,0.0137700279183487,0.0,77.51,76.19654419928787,77.46418617545244,77.2506616175989,77.95999464022869,77.24893253718112,77.31524537314522,77.0864012758101,77.72824107961786,76.90747766676034,-0.0170908503446218,-0.0005912446067668,-0.0033514799231297,0.0057888455956643,-0.0033738628999561,-0.0025158006900792,-0.0054800730261737,0.00281169410163,-0.0078038496696749
2021-07-09,77.14,74.46,-0.0353598843355109,-0.0047850075133383,0.0,77.14,75.60426336759684,76.65514759324698,76.80757789207878,77.60104301547882,76.89764150386038,76.73024216945691,76.7294202507693,77.37707538051072,76.51429713711816,-0.0201092774333812,-0.0063051925972104,-0.0043186470242899,0.0059589152398816,-0.0031467463895169,-0.0053260304706752,-0.0053367423238707,0.0030686002302088,-0.0081443387281961
2021-07-16,74.46,74.86,0.0053576340317122,-0.0353598843355109,0.0,74.46,72.22152357852538,73.13577989231625,74.21829407584076,74.90275498391574,74.19945174417163,73.91114498426273,74.02592203168247,74.70240027961606,73.84570316372248,-0.0305239564660064,-0.0179443564265966,-0.0032513977725694,0.0059286035639148,-0.0035053071910996,-0.0073984401663249,-0.005846738854886,0.0032501554352141,-0.008284244454107
2021-07-23,74.86,77.72,0.0374929220329564,0.0053576340317122,0.0,74.86,73.89415654501032,73.09859009785127,75.00017014419994,75.28320431022286,74.53124449855473,75.31458807264222,75.4992300882712,75.35587791112093,75.18731231154682,-0.0129859501111667,-0.0238106232136487,0.0018706796467869,0.0056373571210948,-0.0044012757675114,0.00605414627022,0.0085027562203596,0.0066022276641775,0.0043627949834701
2021-07-30,77.72,71.02,-0.0901510969942975,0.0374929220329564,0.0,77.72,76.52593007713844,73.70025922771742,77.77022018013992,78.25495525322033,77.40735866619887,78.3017215755832,78.03205361453963,77.73288023829934,77.78566545588468,-0.0154829858523929,-0.0531063079833984,0.0006459593642352,0.0068595288257704,-0.004030775226025,0.0074569651625808,0.0040070615422335,0.0001657124436559,0.0008445410602264
2021-08-06,71.02,70.9,-0.0016910939768598,-0.0901510969942975,0.0,71.02,69.65967131267118,68.69551463113375,71.13462497913302,71.45237357331207,70.75099559101942,71.395527734291,71.68018960853948,71.40994512836951,71.12044940193742,-0.0193399810396801,-0.0332776196300983,0.0016126806143988,0.0060695963695116,-0.0037949191327322,0.0052737030941963,0.0092528863566537,0.0054756196431701,0.0014133825956224
2021-08-13,70.9,65.51,-0.0790676307942968,-0.0016910939768598,0.0,70.9,69.99459423067469,69.31699340194113,70.96786260185571,71.36383971824215,70.63145011832269,71.27546276491212,71.5042579286373,71.154545243554,70.80186265777924,-0.0128524197468239,-0.0225803423672914,0.0009567016206096,0.0065208609968814,-0.0037949191327322,0.0052816939075822,0.0084865658382357,0.0035837715090837,-0.0013851244587808
2021-08-20,65.51,72.26,0.0980679229757092,-0.0790676307942968,0.0,65.51,64.00583495007697,61.433261680997475,65.31595089615428,65.93292863620314,65.20804203008308,65.81021954650164,65.84792240601818,65.38833225654216,65.18746073030668,-0.0232285524449921,-0.0642513930797576,-0.0029665252929338,0.0064351897832052,-0.0046199973977467,0.0045723357846504,0.005145074545627,-0.0018589660601208,-0.004935672394378
2021-08-27,72.26,73.07,0.0111471600836321,0.0980679229757092,0.0,72.26,71.69699089027785,69.99438126362394,72.45334536426623,72.73193091165524,71.9049268131374,72.66701889119933,72.92184743836356,72.6514460739782,72.38079321377386,-0.0078219470520946,-0.0318557545542717,0.0026721167812597,0.006509777134206,-0.0049259402088385,0.0056168955163342,0.0091175589094183,0.0054025687646104,0.0016702513747574
2021-09-03,73.07,72.44,-0.0086592527879137,0.0111471600836321,0.0,73.07,72.19668876349658,72.46369865775861,72.93719582514598,73.51506322692263,72.72633077159114,73.58134973922516,73.38007242082243,73.08828142047321,73.11588999309028,-0.0120237029574719,-0.0083321575075387,-0.0018191461143743,0.0060724412808428,-0.0047143829080679,0.0069737075381609,0.0042345200521466,0.0002501592163081,0.0006278306969274
2021-09-10,72.44,74.64,0.0299179235238758,-0.0086592527879137,0.0,72.44,70.84918669609212,69.4977733571762,73.48082434888813,72.87276678274854,72.13298240958913,72.81662606195722,73.0031722486983,72.71555055441362,72.48740391379333,-0.0222051461809363,-0.0414639189839363,0.0142658459526173,0.0059563666953058,-0.0042472396545883,0.0051856760846317,0.0077442626506379,0.0037966289866591,0.0006541746309352
2021-09-17,74.64,77.42,0.0365685886104137,0.0299179235238758,0.0,74.64,73.70924180532555,73.55398170448444,75.1849742554352,75.1120404163595,74.38973738322986,75.08029477595399,75.19415004406196,75.14885607607901,75.02316577717176,-0.012548367575497,-0.0146569749340415,0.0072748440188991,0.0063043144982719,-0.003358562611866,0.0058815813296634,0.0073968794234926,0.006794337668845,0.0051203863334898
2021-09-24,77.42,79.4,0.0252532231035881,0.0365685886104137,0.0,77.42,77.17083900649186,75.10584536869656,77.73950757640796,77.86985602077584,77.3299815324009,78.05563597465998,77.78996802379655,77.69284987030997,77.76913205750333,-0.0032234925544108,-0.030346754938364,0.0041184460174152,0.0057937754685788,-0.0011634053440412,0.00817670900199,0.0047673320110751,0.0035180857286587,0.0044994471183631
2021-10-01,79.4,82.17,0.0342919036900064,0.0252532231035881,0.0,79.4,78.89758048782022,76.59550905291809,79.91822708325213,79.91328081886905,79.50437352089759,79.85099633346395,79.96937762842389,80.11449441431824,79.23649239128298,-0.0063478064250685,-0.0359599217772483,0.006505582198156,0.0064436887148298,0.0013136647355243,0.0056639838938186,0.0071454134972613,0.0089584234375205,-0.0020614130349632
2021-10-08,82.17,84.67,0.0299710757110894,0.0342919036900064,0.0,82.17,81.90452744863673,81.40474461965998,82.33548434025057,82.67391061254202,82.42381346914271,82.7921853158098,82.90863270512963,82.98028381636517,82.68796364877105,-0.0032360024088322,-0.0093567129224538,0.0020119012655916,0.0061138100921582,0.0030841216322585,0.007543404750179,0.0089489187347263,0.0098127632542237,0.0062837771577305
2021-10-15,84.67,85.43,0.0089359795093414,0.0299710757110894,0.0,84.67,83.77790627545218,82.62488588138652,85.30693492724465,85.22759287561351,85.38911670254026,85.11447164684924,85.40559266249362,85.63943330130704,84.8561843858832,-0.0105920231917558,-0.0244504306465387,0.0074944039753775,0.0065638937921526,0.0084573059389641,0.0052357280720712,0.0086502388473158,0.0113844988257272,0.0021965274735007
2021-10-22,85.43,83.1,-0.0276526253021248,0.0089359795093414,0.0,85.43,85.30178044560085,84.58350241053648,85.69009825416053,85.95935615648553,86.46615447685978,86.0392481816583,86.23984591665767,86.70894438538055,86.03328527573878,-0.0015020001334236,-0.0099580865353345,0.0030399521402589,0.0061772545465002,0.0120557324810395,0.0071062391882749,0.009434993314878,0.0148597160697917,0.0070369323000447
2021-10-29,83.1,82.43,-0.0080952535362662,-0.0276526253021248,0.0,83.1,83.0213236542167,85.65039418474787,83.77695245073562,83.64963571212016,84.16484373314749,83.86014826185689,83.80982039221696,84.35006938458632,83.76269876942739,-0.0009472155643249,0.0302291251718997,0.0081132373780166,0.0065923706560323,0.0127325993352818,0.0091058078483717,0.0085054872118812,0.0149309297098016,0.0079430844471873
2021-11-05,82.43,82.9,0.0056856138161131,-0.0080952535362662,0.0,82.43,81.6920727070502,83.14938520557979,82.67855544156787,82.9631157804026,83.54998490625425,83.07147630639574,83.22419858619273,83.4095313769623,82.81514564586863,-0.0089924804562963,0.0086893634870648,0.0030108146566497,0.006446672513848,0.0134956260610048,0.0077519492036766,0.0095887056055722,0.011813139604992,0.0046615147669069
2021-11-12,82.9,80.24,-0.0326129184875693,0.0056856138161131,0.0,82.9,82.19709567714969,83.76467611997273,82.93470498689479,83.40973906704325,84.02637084469826,83.53379260119675,83.61599491041748,83.83098764940044,83.44952916522303,-0.0085150930980914,0.0103763304650783,0.0004185491499401,0.0061300157899487,0.0134956260610048,0.0076161896566099,0.0085997663284266,0.0111676580137349,0.0066069458323199
2021-11-19,80.24,72.37,-0.1032302947756436,-0.0326129184875693,0.0,80.24,79.42398060477792,82.00088178494138,80.36550897826886,80.73302200089698,81.26706095576611,80.99481214889492,80.9229388665508,81.22528357246715,80.59244881035956,-0.0102217982700729,0.0217078570276498,0.0015629476798998,0.0061255424837837,0.0127186365072879,0.00936296142312,0.0084751861592725,0.0122044290922769,0.0043828142535985
2021-11-26,72.37,70.71,-0.023204843261887,-0.1032302947756436,0.0,72.37,71.07269971653783,74.11261318406893,72.73133949540718,72.83251041811288,73.15822505049562,73.15701589828193,72.73897431053933,72.9394359911323,72.74027187860118,-0.0180885560358214,0.0237938873469829,0.0049805224900127,0.0063705783185231,0.0108327131487846,0.0108161851069228,0.005085489818939,0.007837603968246,0.0051033283504943
2021-12-03,70.71,74.98,0.0586344056916167,-0.023204843261887,0.0,70.71,69.22662666169255,70.07541342676947,70.90925922295217,71.1560144238325,71.31258995942241,71.29122406714914,70.82243724038773,71.29823819763287,70.92847873393224,-0.0212014386525718,-0.0090150088071823,0.0028140149233183,0.006287846954039,0.008485883487171,0.0081862296163544,0.0015888550530699,0.0082846117881919,0.0030850219398504
2021-12-10,74.98,72.97,-0.0271730135302372,0.0586344056916167,0.0,74.98,74.30433337316795,75.57553089441745,75.17620445745467,75.44498005715779,75.39095582000715,75.59062081244686,75.11377975886512,75.40401079761378,75.46932203123292,-0.0090521386310787,0.0079111540690064,0.0026133394864256,0.0061822383216457,0.005465907174872,0.0081108008538076,0.0017826161018298,0.0056390558937198,0.0065048316603734
2021-12-17,72.97,75.24,0.0306346066553009,-0.0271730135302372,0.0,72.97,72.3617463027413,73.41870551401358,73.19113767741493,73.43254438927578,73.30495361097482,73.68762713911775,72.52436405979718,72.22741640080864,73.02864666475992,-0.0083706040045885,0.0061303488910198,0.0030259458795052,0.0063188236273571,0.0045797887903832,0.0097865059010017,-0.0061258363738663,-0.0102286954143292,0.0008033864594504
2021-12-24,75.24,77.24,0.0262344531274841,0.0306346066553009,0.0,75.24,74.70725766446009,75.20084885542079,75.33769475873996,75.70773381928255,75.5193899694914,75.85087109504174,74.95174686149356,74.55052808165584,75.30541385159574,-0.0071057595241156,-0.0005204855697229,0.0012975995230157,0.0061973148513961,0.0037064396373016,0.0080861857392959,-0.00383847313123,-0.0092058796568843,0.0008690248880907
2021-12-31,77.24,82.28,0.0632106072244427,0.0262344531274841,0.0,77.24,77.2488136896569,77.83608526213987,77.62496477912651,77.74550741225852,77.4600403080303,77.99151828795539,76.50151113688186,76.21998677481405,77.15459676317566,0.0001141013314293,0.0076876869425177,0.0049716289621669,0.0065233093505679,0.0028447368983531,0.0096826233186587,-0.0096069634996275,-0.0132937356279437,-0.0011062983721603
2022-01-07,82.28,87.17,0.0577321702387283,0.0632106072244427,0.0,82.28,82.02969026222641,82.21691107947025,82.20100767475128,82.8301744017442,82.44110325560028,82.87069602088121,81.73017501769029,81.36863286143225,82.2884646174338,-0.0030468066857186,-0.0007670529885217,-0.0009605039808352,0.006664355361582,0.001956073675859,0.007153448989653,-0.0067047918459399,-0.011138211723639,0.0001028704674488
2022-01-14,87.17,89.75,0.0291677923449035,0.0577321702387283,0.0,87.17,88.26116657958404,87.96546464402962,87.54346352952479,87.75213079278264,87.34067781709622,88.05160875672327,86.43983461027946,86.27461905282354,87.23543051732675,0.0124399862649417,0.0090840552002191,0.0042751610642489,0.0066559095665079,0.001956073675859,0.0100628706970005,-0.0084116167336977,-0.0103247815481687,0.0007503266406601
2022-01-21,89.75,91.47,0.0189830222998847,0.0291677923449035,0.0,89.75,89.31330098517019,87.60583291806736,89.95269413930566,90.3463181129434,89.15792081990517,90.4298987221005,88.75718023018057,89.53546260136619,89.18473548798973,-0.0048776033751144,-0.0241804458200931,0.002255884100524,0.0066222374608881,-0.0066188387737582,0.0075469234242945,-0.0111236982833806,-0.0023932503831654,-0.0063181292425475
2022-01-28,91.47,96.86,0.0572555873068098,0.0189830222998847,0.0,91.47,91.2705065797215,91.6125042612946,91.43321205367675,91.99862111268968,90.76909208673014,92.03203083494606,90.29881262747382,91.39718304105112,89.6931588172785,-0.0021833528128119,0.0015567220980301,-0.0004022668208638,0.0057625393629006,-0.0076922175293243,0.0061256280361169,-0.0128867385291953,-0.0007963918029092,-0.0196165508779291
2022-02-04,96.86,97.5,0.0065857410287184,0.0572555873068098,0.0,96.86,97.06353954285224,96.2873819758696,96.30085197010796,97.40930670349054,96.00660697259764,97.74713812622826,95.70324116625515,96.7486997838906,93.14322625187653,0.0020991739122954,-0.0059293550439178,-0.0057894711685184,0.0056551204792043,-0.00884962524419,0.0091172839807576,-0.0120144711037344,-0.0011497440816905,-0.0391282612847003
2022-02-11,97.5,96.18,-0.0136309421542848,0.0065857410287184,0.0,97.5,97.1058118874762,96.8866543819946,97.61538761745366,98.05872073880676,96.52890747627984,98.3054014581846,95.99357165342026,97.33677629510798,91.82961723783625,-0.0040511498378417,-0.0063105942681431,0.0011827630031052,0.0057141124357067,-0.0100098551781142,0.0082265963496087,-0.0155711507215552,-0.0016754921342905,-0.0599175045473945
2022-02-18,96.18,98.56,0.024444063935693,-0.0136309421542848,0.0,96.18,96.06519846181104,95.86932503331984,96.47000497948169,96.72786072420288,95.25171138924104,96.96981540985618,94.73818560581812,96.06100061602656,91.6414817857794,-0.0011943242562485,-0.0032353692222386,0.0030106949498374,0.0056800401508573,-0.0096984546630036,0.008178312885217,-0.0151042898375093,-0.0012380230938389,-0.0483374087552785
2022-02-25,98.56,123.86,0.2284863957247052,0.024444063935693,0.0,98.56,98.10500624403764,97.40453618289632,97.84129637867152,99.09592063650592,97.63320154336988,99.20943029346628,96.7986542512506,98.4695074270897,94.07065346675849,-0.0046271024666696,-0.0117927175015211,-0.007318758507651,0.0054227765915189,-0.0094478844665322,0.0065675734295752,-0.0180324079624307,-0.0009185688017485,-0.0466193672244514
2022-03-04,123.86,118.11,-0.047535501886159,0.2284863957247052,0.0,123.86,123.21300858720215,122.87651699300348,123.99866190385056,124.62870860947358,122.71964507310425,124.22352444298204,122.14213573471864,123.7744658885466,118.64398557684322,-0.005237260802805,-0.0079719712957739,0.0011188789389182,0.0061870904795618,-0.0092494500634672,0.0029306638075582,-0.0139664819113713,-0.0006908094521336,-0.0430246043736026
2022-03-11,118.11,114.32,-0.0326148600021439,-0.047535501886159,0.0,118.11,117.08523882334453,112.30013849356004,118.35156671679158,118.86243053872784,117.0421136953601,119.08312577559153,116.43541085759072,118.16862995087403,114.00121197980796,-0.0087141871285583,-0.0504412986338138,0.0020431802443195,0.0063503848582336,-0.0090825774768725,0.0082053915544497,-0.014279687601413,0.0004962780771969,-0.0354073138839492
2022-03-18,114.32,122.67,0.0704962894230488,-0.0326148600021439,0.0,114.32,113.3074874747606,113.25697576720052,114.049196616591,115.04298342723892,113.36469105841718,114.68733575569566,112.84315866823192,114.33513965521588,109.73498127883369,-0.0088962823805449,-0.0093421749770641,-0.0023716290493787,0.0063042938399438,-0.0083915571404107,0.0032080725233258,-0.0130026554280564,0.0001324234850861,-0.0409333358702248
2022-03-25,122.67,106.13,-0.1448330652709296,0.0704962894230488,0.0,122.67,125.01504147772968,121.64707722830669,121.98714240938428,123.48323644040153,121.70271047294564,123.164412717822,120.93826611329064,122.54853709304612,117.9171818009644,0.018936238840185,-0.0083737801760435,-0.0055821739523436,0.0066075864855427,-0.0079165515412154,0.0040223285174196,-0.014217605053725,-0.000990650367034,-0.0395152941347785
2022-04-01,106.13,101.26,-0.0469732912319679,-0.1448330652709296,0.0,106.13,108.24108256319876,105.66418156858904,106.27656650789986,106.83922516873736,105.3295093645681,106.61405352482116,104.63029662960808,106.24738254571326,101.73600164191478,0.0196962275465356,-0.0043987911194562,0.0013800564979842,0.0066603781835636,-0.0075711370148525,0.0045505794602179,-0.0142316053507876,0.0011054148634768,-0.0422835189163102
2022-04-08,101.26,110.83,0.0903060292457984,-0.0469732912319679,0.0,101.26,101.8530035289291,99.93843344988127,100.2180790542026,101.90359094698763,100.51999124381904,101.733561569076,99.79683406047124,101.3766170397692,97.0643536355662,0.005839165425537,-0.0131371356546878,-0.0103428644838157,0.0063357129775618,-0.0073348409752189,0.0046657876685154,-0.0145550065684945,0.0011509968370697,-0.042317268475184
2022-04-15,110.83,105.15,-0.0526095936388528,0.0903060292457984,0.0,110.83,113.15094664042692,112.00241276771231,110.74143378292,111.526263985092,110.20684327539996,111.5493702494286,109.61668821365384,110.89203015089416,108.2364784163737,0.0207252425002659,0.0105229178443551,-0.0007994371863265,0.0062626188105308,-0.0056385023089513,0.0064697796194511,-0.0110078681416239,0.0005595308005279,-0.0236790474101993
2022-04-22,105.15,108.36,0.0300711150681855,-0.0526095936388528,0.0,105.15,104.5899016843875,104.07176985680226,104.63008659626928,105.66028616471364,104.8957985591125,105.89499734731,104.53473128279644,105.37146852429925,104.9278861792466,-0.0053408973926545,-0.0103071462363004,-0.0049567571132655,0.0048411979380771,-0.0024204394159283,0.0070601099406641,-0.0058685291889495,0.0021040002005658,-0.0021145862380638
2022-04-29,108.36,113.86,0.0495106063060414,0.0300711150681855,0.0,108.36,108.73245547434696,108.93631576917367,107.9099482791099,108.84903323935232,108.31435553764288,108.97309905509734,107.48532764670044,108.58478984968592,108.26427887719136,0.0034313107654585,0.0053044352680444,-0.0041619501379113,0.0045028888381143,-0.0004213185535413,0.0056420368930378,-0.008104665971814,0.0020723238413684,-0.0008837525464345
2022-05-06,113.86,112.12,-0.0153998972263482,0.0495106063060414,0.0,113.86,114.3529951805145,114.58760604577289,113.30104600757454,114.43291850518338,113.99991596836304,114.65225765165758,113.2252739648388,114.25960979035116,113.76657813397742,0.0043204896987065,0.0063700252212584,-0.0049212233376415,0.0050191632020924,0.0012280877516654,0.0069340772718576,-0.0055902144338723,0.0035035146647234,-0.0008208344740217
2022-05-13,112.12,113.63,0.01337782963333,-0.0153998972263482,0.0,112.12,111.25902076914312,112.94539436379598,112.20442790124602,112.66611487626218,112.25777778300424,112.82503552427936,111.28936279089156,112.2087021096853,112.13200953591053,-0.0077087229721632,0.0073347399011254,0.0007527303737925,0.0048589829583595,0.0012280877516654,0.0062685342781992,-0.0074360449913029,0.0007908226943228,0.0001071074988079
2022-05-20,113.63,121.19,0.0644120060504783,0.01337782963333,0.0,113.63,113.24054286048514,112.77348413880372,113.27446554435885,114.1784527850732,113.87878712767582,114.3257005821276,113.02682180856269,113.6744540961321,113.51217777037616,-0.0034333018043402,-0.0075663141906261,-0.0031337836014078,0.0048150438494097,0.0021870559812974,0.0061038415825461,-0.0053224042455523,0.0003911414483769,-0.001037431632889
2022-05-27,121.19,125.68,0.0363794319669697,0.0644120060504783,0.0,121.19,121.52335009973424,121.41056238597804,121.24010708501324,121.7768230587292,121.643420359795,121.90950604941725,120.81432138633062,121.55233161192749,121.1677715582961,0.00274686422645,0.0018183176871389,0.0004133734570284,0.0048304883144118,0.0037344191427094,0.0059194538241755,-0.003104728984109,0.0029853209254212,-0.0001834349410237
2022-06-03,125.68,127.44,0.0139066716544272,0.0363794319669697,0.0,125.68,124.9889657951943,121.85795936587844,125.43515959073032,126.3262471816128,126.37499984336392,126.44673698869272,125.02009802094491,125.97958681697668,125.5796366820102,-0.005513534179857,-0.0308828949928283,-0.0019500255361291,0.0051288299830804,0.0055146821538148,0.0060821740803632,-0.0052644854018941,0.0023808904900997,-0.0007988813854298
2022-06-10,127.44,119.22,-0.0666751398100125,0.0139066716544272,0.0,127.44,126.64506056477254,125.76984526003984,127.05384083715828,128.05467005612,128.33097283720429,128.36699467795077,126.49904795347014,127.60024291900103,127.26261754610128,-0.0062572905875917,-0.0131920538842678,-0.0030347253822279,0.0048116169458284,0.0069669863723892,0.0072476418160737,-0.0074108835220636,0.0012566090610108,-0.0013928595181735
2022-06-17,119.22,117.36,-0.0157243919570542,-0.0666751398100125,0.0,119.22,117.3267000191554,116.89295538833647,118.34534670225116,119.81448626016252,120.04148944414872,119.48880855662269,118.61762588081666,119.56273512850558,118.99119812117804,-0.0160081743875486,-0.0197119209915399,-0.0073635087099512,0.0049740729479252,0.006866902602015,0.002252188948304,-0.0050654340746921,0.0028706879807716,-0.0019210007840757
2022-06-24,117.36,119.21,0.0156405098951838,-0.0157243919570542,0.0,117.36,116.21297224508812,113.87214029999004,116.92013021281568,117.91520387263095,118.1566705636834,117.75484935972425,117.01437718696968,117.72912623010804,117.25420983776895,-0.0098216584268181,-0.0301698911935091,-0.0037550799007541,0.0047196210572208,0.0067653266359873,0.0033587817358571,-0.0029493246464254,0.003140311416133,-0.0009018223531641
2022-07-01,119.21,113.95,-0.0451268880382168,0.0156405098951838,0.0,119.21,116.60127370886826,113.08410476111536,119.32358864536472,119.82664391579458,120.00337787187571,119.67871505276167,118.55893333655806,119.43666918643623,118.9323405210629,-0.0221264461264557,-0.0527548119425773,0.0009523912719852,0.0051594205272848,0.0066332475882596,0.0039241339142355,-0.0054764790465081,0.0018996221935257,-0.0023318793638102
2022-07-08,113.95,112.26,-0.0149421461776399,-0.0451268880382168,0.0,113.95,112.71019870449376,109.7321212018606,113.51893398481845,114.56569575512846,114.69488751501764,114.73396396536972,113.41109380633372,113.94192694000976,113.918465423925,-0.010939844467973,-0.0377176217734813,-0.0037901134335179,0.0053886648176119,0.0065156947825654,0.0068563359048812,-0.0047405402029689,-7.084989891503746e-05,-0.0002767787654834
2022-07-15,112.26,106.77,-0.0501406213238422,-0.0149421461776399,0.0,112.26,110.30660438273992,109.76180914022662,111.67042539419056,112.8096553941384,113.02022215815114,112.42756923324448,111.89501294123916,112.47079231097574,111.96890642419096,-0.0175538085036988,-0.0225049629807472,-0.0052657066771073,0.0048843233524171,0.0067491503391462,0.0014915757456775,-0.0032565622917369,0.0018759545198638,-0.0025963979754421
2022-07-22,106.77,111.51,0.0434372847870595,-0.0501406213238422,0.0,106.77,105.22695435539856,103.37632745167303,106.3974450215364,107.39465949560967,107.3493626925453,106.68149159253532,106.67296810529386,106.906152068994,106.43532246350888,-0.0145575005970163,-0.0323009938001632,-0.0034954245264673,0.0058334672814437,0.0054115993917149,-0.0008293070418665,-0.0009092068223359,0.0012743779415906,-0.0031394883346871
2022-07-29,111.51,100.31,-0.1058488820818767,0.0434372847870595,0.0,111.51,110.342791973477,108.95484062438528,110.95131248670006,112.1584104907672,112.06488901050103,111.403324705487,111.2590117095817,111.6546141626804,111.17688277610172,-0.0105224620864529,-0.0231807827949523,-0.0050227941355123,0.0057979784072975,0.0049637967152316,-0.0009571011764073,-0.0022533510805069,0.0012960314829959,-0.0029918014767615
2022-08-05,100.31,103.7,0.0332367243400878,-0.1058488820818767,0.0,100.31,98.61913276511989,99.94911868134112,99.4102926267021,100.8784629683592,100.7808383986194,100.26713313015748,100.09729130962452,100.46842716676431,99.99809937661298,-0.0170001038399659,-0.0036041475832462,-0.0090097350412081,0.0056510644076799,0.0046828514196901,-0.000427435269676,-0.0021227647842541,0.0015781297012837,-0.0031142113217932
2022-08-12,103.7,96.45,-0.0724773758837435,0.0332367243400878,0.0,103.7,102.59849504233264,99.97148696659724,103.2937916913817,104.28519891366972,104.1867504928405,103.50299693889863,103.48810342026128,103.76335806590022,103.41442943874246,-0.0106788508097772,-0.0366171002388,-0.0039248407089673,0.0056273279157157,0.0046828514196901,-0.0019015470178849,-0.0020454519358956,0.0006107880298535,-0.0027576131996034
2022-08-19,96.45,101.13,0.0473820785623409,-0.0724773758837435,0.0,96.45,94.55667740473596,93.20921085206848,96.2926735923432,97.01110169064334,96.91725584284995,96.4628404318886,96.24336525542286,96.53051908510186,96.13626201113016,-0.0198253237400491,-0.0341781936585903,-0.0016325024413637,0.0058006830216987,0.0048328425644026,0.000133121588784,-0.0021447009709834,0.000834478942808,-0.0032581583248614
2022-08-26,101.13,93.09,-0.0828400507856804,0.0473820785623409,0.0,101.13,101.11195591446048,101.84689916356297,100.46783928108168,101.71796771175848,101.6367688225124,101.10342394546863,100.79269219066262,101.42141871929512,100.88322371843644,-0.0001784405763463,0.0070638791657984,-0.0065691487815797,0.0057971432007564,0.0049985496204412,-0.0002628255425425,-0.0033409630134313,0.0028774809104186,-0.0024431707961836
2022-09-02,93.09,91.68,-0.015262514161969,-0.0828400507856804,0.0,93.09,91.8632405633538,94.3695448161759,92.4941548991806,93.6278030491813,93.55873360959326,92.92353481482375,92.84148075649462,93.22538859116614,92.7570804270552,-0.0132658116555698,0.0136516354978084,-0.0064213148857374,0.0057606133708993,0.0050226388994918,-0.001789818464345,-0.0026732362964185,0.0014533272428014,-0.0035827297183401
2022-09-09,91.68,89.43,-0.0248480566083396,-0.015262514161969,0.0,91.68,91.27372969136664,92.94789131030733,91.15945321883946,92.20935826281948,92.1409402795038,91.72292730715328,91.44833440177472,91.80704371923804,91.49084712381529,-0.0044412428990988,0.0137347746640443,-0.0056940466451149,0.0057573720421236,0.0050151113894649,0.0004681202047041,-0.0025300915072847,0.0013847706842333,-0.002065317122144
2022-09-16,89.43,84.29,-0.0591929623486989,-0.0248480566083396,0.0,89.43,87.81244879381872,89.38975636792574,89.016989297969,89.94498994373414,89.79853005951908,89.3051289078498,89.20526097075266,89.51169531978262,89.1595829320967,-0.0182529199610849,-0.0004501027578953,-0.0046289538549006,0.005742064251941,0.0041124097684179,-0.0013972755465534,-0.0025161790186052,0.0009130943496726,-0.0030283655981468
2022-09-23,84.29,88.9,0.0532489085104681,-0.0591929623486989,0.0,84.29,84.17469234558499,85.49639868751899,83.69280931831841,84.77831157324759,84.57618540258507,84.07152155452117,84.13678935905108,84.43971308111716,84.02155132543572,-0.0013689239070373,0.0142110204324126,-0.007110170379859,0.0057765163269252,0.0033894965518874,-0.0025953503638829,-0.0018193148939236,0.0017745910625066,-0.0031899046747931
2022-09-30,88.9,98.88,0.1063948511895216,0.0532489085104681,0.0,88.9,88.83520335109905,91.06139646793125,88.38425814031655,89.41531530731335,89.15538854741033,88.60436907308552,88.64204764437547,88.93327947776928,88.59325040765619,-0.0007291369469858,0.0240218229591846,-0.005818264069342,0.0057798371496983,0.002868643567925,-0.0033309737873286,-0.0029058191065707,0.0003742772810071,-0.0034564683111999
2022-10-07,98.88,92.22,-0.0697299669308211,0.1063948511895216,0.0,98.88,98.7348477108201,98.6700802015247,98.61102788136364,99.44620040293368,99.102859356865,98.8000946682744,98.75327427937636,99.11254848163358,98.55785122864172,-0.0014690426044966,-0.002125232014805,-0.0027238937163598,0.0057098047564925,0.0022513004581958,-0.0008084307751023,-0.0012824332183316,0.0023490640466266,-0.0032632958192806
2022-10-14,92.22,91.82,-0.0043468879574835,-0.0697299669308211,0.0,92.22,91.48186407716636,94.43230021779918,91.93009561346472,92.74329926284707,92.42784880552276,92.13010262762286,92.07334566547922,92.24279707575457,91.97799507225874,-0.0080362809495739,0.0237061511725187,-0.0031485688352903,0.005658426954673,0.0022513004581958,-0.0009752897147501,-0.0015915318585939,0.0002471726140123,-0.002627662335761
2022-10-21,91.82,94.64,0.0302500808490554,-0.0043468879574835,0.0,91.82,90.9328879509118,93.4780905790157,91.39005089838687,91.83470446006196,91.6853718297311,91.44450004064127,91.63247921766748,91.9982203170304,91.45894900082588,-0.0097083994324035,0.0178969446569681,-0.0046935186010569,0.0001601315919093,-0.0014672943149349,-0.0040979075025591,-0.0020443533763323,0.0019390936607551,-0.0039399120105071
2022-10-28,94.64,99.53,0.0503788865878407,0.0302500808490554,0.0,94.64,94.20782981273815,92.91931804042444,94.39379960224956,94.65033111719328,94.5945691740477,94.004340640616,94.3774760967399,94.81476743255534,94.28863348763063,-0.0045769225108186,-0.0183486510068178,-0.0026048308554046,0.0001091563118156,-0.0004801535683824,-0.0067392614384239,-0.002777775658473,0.0018449520642548,-0.0037195729518163
2022-11-04,99.53,96.37,-0.032264156394776,0.0503788865878407,0.0,99.53,98.98555335610524,99.64836774518744,98.93389002249894,99.52989390889496,99.59219955512062,99.28449065308716,99.28027489419463,99.57461441439186,99.15835492421056,-0.0054851924674793,0.0011885603889822,-0.0060072567366362,-1.0659214466357536e-06,0.0006247375459149,-0.0024697341818345,-0.0025121964875866,0.0004481504888249,-0.0037409893434591
2022-11-11,96.37,88.93,-0.0803454064516473,-0.032264156394776,0.0,96.37,96.53045998246051,95.55549637386088,96.2020551003902,96.37074371807287,96.51434483097334,95.63536296357844,96.21539186010564,96.42533676305554,95.95717315525408,0.0016636561621943,-0.0084877572953701,-0.0017442296297975,7.71728964532592e-06,0.0014966985324337,-0.0076522927272426,-0.0016056064441408,0.000574046711961,-0.0042929708994571
2022-11-18,88.93,83.4,-0.0642012340468476,-0.0803454064516473,0.0,88.93,86.60900737705084,87.80580917187571,88.30577939025558,88.93397964282312,88.96221740260215,88.37744822781573,88.65380400709934,88.83904920578327,88.42844497832301,-0.0264457219696152,-0.0127218812704086,-0.0070439861852333,4.474928348921492e-05,0.0003622126186832,-0.0062327168592523,-0.003110601410385,-0.0010232467638072,-0.0056558497537875
2022-11-25,83.4,86.54,0.0369584254320376,-0.0642012340468476,0.0,83.4,82.9691027591261,82.54809280410916,82.86305878989762,83.3987255747908,83.32314890755383,82.79906478611906,83.16536110490193,83.30745794654838,82.97401032960808,-0.0051800267866793,-0.0102672427892684,-0.0064589582399305,-1.5280994561966965e-05,-0.000921900748549,-0.0072315428909089,-0.0028173811019062,-0.0011102330285311,-0.0051208791620257
2022-12-02,86.54,76.37,-0.125016785896446,0.0369584254320376,0.0,86.54,84.7495068088718,81.4034058554967,86.0927963775161,86.56981078257229,86.35157277532153,86.0381656963545,86.34830320854567,86.51194876294471,86.13963251845075,-0.0209068079174562,-0.0611896216869354,-0.0051809926295928,0.000344414712629,-0.0021797164113648,-0.0058157498207186,-0.0022175805587201,-0.000324194411002,-0.0046371212763361
2022-12-09,76.37,80.2,0.0489335659721759,-0.125016785896446,0.0,76.37,74.83913775943408,74.74650935394283,75.77064415484713,76.37431488356796,76.10116208780128,75.85889505195708,76.1079755728367,76.31232748693823,75.88132215741071,-0.0202489686800392,-0.0214874353259801,-0.0078790115434034,5.6498123316789384e-05,-0.0035264136130925,-0.006714978367066,-0.0034368856761409,-0.0007554576453466,-0.0064193796651609
2022-12-16,80.2,82.45,0.027668534133139,0.0489335659721759,0.0,80.2,78.77024384102717,79.6128846277622,80.06228708334247,80.22763707709184,79.7641176509679,79.67710959767219,79.94234974940953,80.03177787495864,79.76909165721014,-0.0179882055542175,-0.0073475679382681,-0.0017185945996301,0.0003445425971332,-0.0054497650377971,-0.0065411773837006,-0.0032177681082299,-0.0020997356339477,-0.0053874080368264
2022-12-23,82.45,82.82,0.0044775291118132,0.027668534133139,0.0,82.45,81.4891951328651,80.44685462003504,82.27770947255837,82.46229047819716,81.89097289120846,82.3263267040337,82.14279478988806,82.29898877474066,81.99479824709796,-0.0117216126045104,-0.0245952736586332,-0.0020918228125421,0.0001490547270222,-0.0068032853299427,-0.0015011054277397,-0.0037329163434826,-0.0018332284607598,-0.0055362397645041
2022-12-30,82.82,76.41,-0.0805560004579458,0.0044775291118132,0.0,82.82,82.42454999033407,82.89797112487032,82.3745080964888,82.83756000060832,82.17429191068214,82.39746833626452,82.3524553719486,82.6205548565266,82.24225290787318,-0.0047862488004438,0.0009410099592059,-0.0053935568271311,0.0002120036136478,-0.0078270754502365,-0.0051148657484487,-0.0056613056425965,-0.0024110804060835,-0.0070003824779869
2023-01-06,76.41,83.43,0.087894379254508,-0.0805560004579458,0.0,76.41,75.31039992405738,74.15953258733255,76.0538653513014,76.41161410018276,75.74591354799232,75.87493883822323,76.23781273619039,76.5434587042249,75.99981740951115,-0.0144953391890843,-0.0298949591815471,-0.0046717337987009,2.1123977682363515e-05,-0.0087290812863223,-0.0070271343661579,-0.0022560079145991,0.0017450895092457,-0.0053826398824624
2023-01-13,83.43,86.96,0.0414402858989706,0.087894379254508,0.0,83.43,83.24255457687094,81.88793161460731,83.13928109702846,83.43126288246526,82.70490207183614,82.9704047937216,83.19625063113416,83.36590808903101,83.12103768403358,-0.0022492665649951,-0.0186563320457935,-0.0034906700233347,1.5136916063834828e-05,-0.0087290812863223,-0.0055239814534798,-0.0028056746318941,-0.0007685070318294,-0.003710126033065
2023-01-20,86.96,85.36,-0.018570635819456,0.0414402858989706,0.0,86.96,86.91307375768992,88.01907998853147,86.86012409905604,86.79613798953147,86.56042544278483,86.63388786627752,86.6813038695921,86.72484184749125,86.60772153643153,-0.0005397758541363,0.0121053662151098,-0.0011491869822695,-0.0018861153446643,-0.0046055127224153,-0.0037571889351646,-0.0032100239229961,-0.0027078735680134,-0.0040592679811304
2023-01-27,85.36,78.85,-0.0793302935844505,-0.018570635819456,0.0,85.36,86.44273610999895,87.01148603644648,84.91379498940503,85.21069764971347,84.95495793653309,84.62957604639988,85.2399215238217,85.31944316144143,84.93699858968529,0.0126045774297364,0.0191625263541936,-0.005241041723476,-0.0017506217711957,-0.0047563975823408,-0.0085938028194831,-0.0014077204131801,-0.000475239883265,-0.00496781838509
2023-02-03,78.85,85.46,0.0805011168068314,-0.0793302935844505,0.0,78.85,79.54005308661691,83.26968594597962,78.21873830419051,78.71798492468747,78.47966323983192,78.4516037682695,78.62291500154511,78.69375508965713,78.54902707870197,0.008713393790653,0.0545372553169727,-0.0080380743039398,-0.0016756590022435,-0.0047077891928495,-0.0050653912487863,-0.0028841170033953,-0.0019835119644113,-0.00382433479683
2023-02-10,85.46,81.97,-0.0416951035509395,0.0805011168068314,0.0,85.46,86.36025121051199,87.59874407586834,85.16039701038135,85.30991531888743,85.10567522767053,85.13691798152274,85.17946548174683,85.35260650828957,85.16501290763136,0.0104790843022727,0.0247182305902242,-0.003511928266505,-0.0017577419239778,-0.0041547079333597,-0.0037876698894248,-0.0032880409019604,-0.0012574423873772,-0.0034577273430684
2023-02-17,81.97,82.31,0.0041392803196134,-0.0416951035509395,0.0,81.97,82.88742218771526,83.29707984915582,81.28616435447631,81.84810089635381,81.60623047447368,81.34322401138483,81.68918131613657,81.976134155734,81.63710658251638,0.0111300012597706,0.0160601660609245,-0.0083775047352006,-0.0014882253606636,-0.0044477137558409,-0.0076757907359876,-0.0034317531983667,7.483135565777843e-05,-0.004069430525817
2023-02-24,82.31,85.74,0.0408268541852784,0.0041392803196134,0.0,82.31,82.77197426498435,84.07545812760858,81.92396906633499,82.14513181189676,81.92816941859178,81.49950864532254,82.07872749837884,82.27009215330338,81.93082343828807,0.0055969220504735,0.021222099661827,-0.0047009963502588,-0.0020050240028304,-0.0046497263174529,-0.0098956156476575,-0.0028137288696612,-0.0004849656718093,-0.0046173323712892
2023-03-03,85.74,82.3,-0.0409483534868068,0.0408268541852784,0.0,85.74,86.812217114063,85.54315083844436,84.97877160232088,85.60366082073766,85.33904336232236,85.07986500560108,85.53493728433664,85.60818756243978,85.30730457957037,0.012427900754115,-0.0022985243704169,-0.0089179817262525,-0.0015914123391969,-0.0046873931948319,-0.0077290575151103,-0.002394545482228,-0.0015385335022948,-0.0050593763459598
2023-03-10,82.3,71.03,-0.1472687846733054,-0.0409483534868068,0.0,82.3,81.74235988167742,82.2599380601451,82.09863518021267,82.14507002589079,81.91688549794388,81.65845281137203,82.07047777238608,82.19038583885784,81.95244635956129,-0.0067987593779121,-0.0004868978576269,-0.0024497152335545,-0.0018842768582203,-0.0046659659384875,-0.0078257686846292,-0.0027927445354283,-0.0013327730591505,-0.0042319510832058
2023-03-17,71.03,73.63,0.0359502283709067,-0.1472687846733054,0.0,71.03,70.40465427652653,70.93649705951808,70.7959478419187,70.91526083397979,70.69158103385263,70.40609374047116,70.88414558877272,70.93522287254292,70.7206552256565,-0.0088429501485371,-0.0013172538019716,-0.0033005578191698,-0.0016166681485021,-0.004775837341322,-0.0088225047782088,-0.002055530996964,-0.001335216324394,-0.0043646396545788
2023-03-24,73.63,79.19,0.0727974768416957,0.0359502283709067,0.0,73.63,72.343938375929,71.16524530593148,73.29512377271543,73.51654762916782,73.26156410195519,73.13170295273731,73.4918772115247,73.54648570128829,73.33779984148937,-0.0176208837628772,-0.0340479798614978,-0.0045584689475752,-0.0015420326897412,-0.005016444244827,-0.0067905857185834,-0.0018776653978864,-0.001134886558507,-0.0039763886217247
2023-03-31,79.19,86.56,0.0889877868758503,0.0727974768416957,0.0,79.19,79.0594432317692,79.67539900784648,79.01608018529159,79.0431670024542,78.78472341374605,78.56348046713592,79.01180137311857,79.39748092269015,78.87290514778526,-0.0016500127290827,0.006110840011388,-0.0021986498188475,-0.0018559072345354,-0.0051309154605867,-0.0079430618588993,-0.002252802442193,0.0026166131129938,-0.004012266854243
2023-04-07,86.56,87.31,0.0086271887245447,0.0889877868758503,0.0,86.56,85.7961620482453,83.49472415064241,86.00502307345042,86.43890495506491,86.15971634594386,85.94959347323991,86.26169453966168,86.39167210866654,86.24705581549435,-0.008863540977165,-0.0360543690621852,-0.0064321127195157,-0.0013999518059844,-0.0046350744334535,-0.0070768130857352,-0.0034521795123989,-0.001946531564922,-0.00362189524186
2023-04-14,87.31,83.36,-0.0462964258176594,0.0086271887245447,0.0,87.31,86.77001400684567,86.96593590399132,86.751922286265,87.1119252787814,86.90624808415387,86.84294369561503,87.00824669672988,87.3790918597031,86.97312539510926,-0.0062039025923491,-0.0039485031738877,-0.0064124263217717,-0.0022712145396628,-0.0046350744334535,-0.0053637614643573,-0.0034621000427996,0.0007910266470592,-0.0038658363931389
2023-04-21,83.36,81.32,-0.0247765892449109,-0.0462964258176594,0.0,83.36,82.61935997583758,82.8348824008534,82.57621098208536,83.1743884793451,84.1718044964052,82.65729984023872,85.17627364506794,82.84580533126372,82.64819766221034,-0.0089245426672956,-0.006319320295006,-0.0094469415970406,-0.0022291083446153,0.009691423700814,-0.0084654353122732,0.0215543387036458,-0.006187465091172,-0.0085755608456051
2023-04-28,81.32,75.85,-0.0696342829656046,-0.0247765892449109,0.0,81.32,80.6522066191313,80.63636794096807,80.19828383927147,81.17701048396708,82.23347040986097,80.67893132449468,79.75958754201794,81.00316324217174,80.706049279304,-0.0082458241276158,-0.0084422258660197,-0.0138898726294529,-0.001759903797779,0.0111704130273642,-0.0079145216159188,-0.0193750343584249,-0.0039037824777405,-0.0075784562031018
2023-05-05,75.85,74.54,-0.0174218117434287,-0.0696342829656046,0.0,75.85,75.17857760067622,74.98788762961736,74.52007735439607,75.69654996411244,76.80539035007126,75.35767894500256,74.22044729742292,75.58473349580093,75.17895108807106,-0.0088913877540106,-0.0114311035722494,-0.0176891220263182,-0.0020251215005149,0.0125171187459898,-0.0065118755628177,-0.0217180235375265,-0.0035033808874852,-0.008886419763407
2023-05-12,74.54,75.42,0.0117365977790986,-0.0174218117434287,0.0,74.54,73.64744800393484,74.09715807948804,73.98501962892483,74.41676856937535,75.56935591339479,74.02745001063283,73.24131984213264,74.19683572995808,73.99036225663279,-0.0120464020627706,-0.0059587149880826,-0.0074732587871302,-0.0016545936102431,0.0137149618989433,-0.0068999235408011,-0.0175761536243697,-0.0046143899359208,-0.0074010491041111
2023-05-19,75.42,76.33,0.0119935539801678,0.0117365977790986,0.0,75.42,75.2192666258593,75.9210136442719,75.37497689130824,75.29167982928867,76.43691511146271,74.97673441294367,76.92344985044068,75.27646719712,74.8670757669072,-0.0026650885582389,0.0066210138611495,-0.0005971433658839,-0.0017028567641792,0.0133932697345955,-0.005894634245719,0.0197382777343662,-0.0019049264916863,-0.0073582738245726
2023-05-26,76.33,76.0,-0.0043327055240478,0.0119935539801678,0.0,76.33,75.93666466371754,75.88829652953551,75.97024323077575,76.19535137468866,77.3355818129008,75.83959555312597,76.04926604592183,76.31949519047481,75.90698216796937,-0.0051664126492,-0.0058035692200064,-0.0047243186316132,-0.0017655905602083,0.0130881119319674,-0.0064455207743783,-0.0036846780928466,-0.000137633072794,-0.0055573739669183
2023-06-02,76.0,74.74,-0.0167179162289933,-0.0043327055240478,0.0,76.0,76.05969170386092,76.91072661471533,75.1016294396444,75.85490406428384,76.98720080034353,75.55423857268107,77.10930015287026,76.03375044834328,75.53912339987285,0.000785108877418,0.0119120143353939,-0.0118910848189353,-0.0019109818120917,0.012905844378555,-0.0058825502600052,0.0144905575592428,0.0004439862701295,-0.0060826275190102
2023-06-09,74.74,76.76,0.0266682470821614,-0.0167179162289933,0.0,74.74,74.29649888070647,74.30707218609449,74.13235457602104,74.58853080393656,75.67696334996586,74.31587982469432,73.19070754951149,74.74012397696532,74.24388827420852,-0.0059515948340944,-0.0058092926628887,-0.0081633530977627,-0.0020286712418006,0.0124583750129452,-0.0056907693999473,-0.020946957193328,1.6587752542651657e-06,-0.0066599625676861
2023-06-16,76.76,73.56,-0.0425822714033789,0.0266682470821614,0.0,76.76,76.79859195550752,77.24734709275602,76.37109180886904,76.61518242347898,77.60547008033829,76.0667309430142,77.33287855417389,76.63449316718844,76.39501521236255,0.0005026349333966,0.0063289022073149,-0.0050794260356619,-0.0018884100708972,0.0109542442913284,-0.0090726773798039,0.0074355310764164,-0.0016363933049596,-0.0047662230071164
2023-06-23,73.56,74.51,0.0128319448295158,-0.0425822714033789,0.0,73.56,73.2421659430631,73.91096436381007,73.16922714347888,73.40617846220856,74.1815627869857,72.99796939070579,73.63517198323545,73.39298461054652,73.14823797193563,-0.0043301071412143,0.0047597847878932,-0.0053264613740451,-0.0020932924237377,0.0084142396011928,-0.0076697755402911,0.0010213920573322,-0.0022730461964621,-0.0056133604352155
2023-06-30,74.51,78.77,0.0555988691495966,0.0128319448295158,0.0,74.51,74.7538376139024,74.80894190992024,73.71052791546258,74.37654570844244,74.98414531162598,73.96235929017203,74.89570279537347,74.36310826038745,74.12731340080462,0.0032672057037621,0.0040040775202214,-0.0107877073298152,-0.001792698281278,0.0063433507784362,-0.0073770390128736,0.0051631717532376,-0.001973382419408,-0.0051492782803889
2023-07-07,78.77,79.9,0.0142436390569961,0.0555988691495966,0.0,78.77,78.58706663436665,78.2302156301801,77.95827660644477,78.63212883735962,79.08209950583326,78.32001916691297,75.88811309320815,78.6133632820588,78.40557396872704,-0.0023250744559116,-0.0068762516602873,-0.0103584454458611,-0.0017518339671566,0.0039543333727639,-0.005728970767357,-0.0372721543164096,-0.0019905124200265,-0.0046371923462241
2023-07-14,79.9,81.06,0.0144137684279334,0.0142436390569961,0.0,79.9,79.47843545395136,77.97470165403605,79.23971205394372,79.7505196296035,80.21657674896633,79.30452623465567,76.96671784096394,79.81249772693488,79.59371428305717,-0.0052901200590169,-0.0243914164602756,-0.0082982647957337,-0.0018725953967969,0.0039543333727639,-0.0074806484001805,-0.037402760191016,-0.0010957474595356,-0.0038407293331453
2023-07-21,81.06,84.49,0.0414435629645908,0.0144137684279334,0.0,81.06,81.0971449929825,82.78648391407623,80.28925498812237,80.8662896431759,80.9690418276606,80.86635936898145,80.61243378008443,80.87625421424202,80.80973088543779,0.0004581357624888,0.0210751891136169,-0.009553820058672,-0.0023925756547321,-0.0011227392431398,-0.0023917134193583,-0.0055367183236483,-0.0022693604407125,-0.0030922311739663
2023-07-28,84.49,87.38,0.0336332393585364,0.0414435629645908,0.0,84.49,85.0095416332237,85.24584066229457,83.78374965063908,84.30412147126098,84.38612793069677,84.29886976681222,83.99455060597134,84.26045338542669,84.21042857517229,0.0061303205340113,0.0089061409235,-0.0083941137314211,-0.002202429827005,-0.0012301570822949,-0.0022647265206983,-0.005881261164268,-0.002720546837632,-0.0033144157738237
2023-08-04,87.38,87.93,0.0062746198676211,0.0336332393585364,0.0,87.38,87.27301058723758,87.6645292380879,86.31701095987053,87.18181473839842,87.25953229670041,87.52695130339517,86.88830537311757,87.21050485746734,87.01766875608055,-0.0012251655529504,0.0032509383745491,-0.0122397306072621,-0.0022706609352171,-0.0013796157241477,0.0016803373093741,-0.0056429759914052,-0.0019416313151713,-0.0041552363381646
2023-08-11,87.93,85.92,-0.0231244126303562,0.0062746198676211,0.0,87.93,87.85164971453318,87.70858822257611,86.96994428595173,87.73007565942982,87.79460463055598,87.47923127974073,87.16246766251362,87.58253376909569,87.7232681197332,-0.0008914501688055,-0.0025212215259671,-0.0109784524017024,-0.0022762648387046,-0.0015409953150489,-0.0051396350038893,-0.0087672218461322,-0.0039594515261732,-0.0023538642683123
2023-08-18,85.92,85.42,-0.0058363653472341,-0.0231244126303562,0.0,85.92,85.07813952861311,84.0537952097867,85.12779724124393,85.70901160097584,85.80546243054701,85.67319480468548,85.555365965537,85.71875862748497,85.30390797764248,-0.0098465079852758,-0.0219596177339553,-0.0092630064343648,-0.0024586578147994,-0.0013339616014584,-0.0028766334910726,-0.0042529092387294,-0.0023449419739337,-0.0071963628030832
2023-08-25,85.42,89.98,0.0520071579997058,-0.0058363653472341,0.0,85.42,85.01511315931728,84.28413660462796,84.23072388033064,85.21925523527318,85.3166626041883,85.07653500961888,85.07087422967855,85.19202851629453,85.05948235535203,-0.0047512228535628,-0.013386595994234,-0.0140205190314344,-0.0023528566982924,-0.0012104887943076,-0.0040290021727401,-0.0040955418863652,-0.0026723979705712,-0.0042294612476386
2023-09-01,89.98,91.85,0.0205693882481082,0.0520071579997058,0.0,89.98,89.4767003225887,87.05132134608063,88.69249463836205,89.77128703611282,89.88065431965707,89.80135675735545,89.74112225656576,89.90600404281308,89.49459117304727,-0.0056091636155552,-0.0330895781517028,-0.0144121528031229,-0.0023222427068467,-0.0011046961974178,-0.0019873395624874,-0.0026583172985681,-0.0008226983722744,-0.0054092337791143
2023-09-08,91.85,95.55,0.0394928590251474,0.0205693882481082,0.0,91.85,90.88619327207331,92.88326940860176,91.01924385828872,91.6458787779167,91.75707033067891,91.6614253978623,91.7582413313653,91.7178503733554,91.29780849284704,-0.0105487112101467,0.0111867254599928,-0.0090858565309124,-0.0022248053486392,-0.0010122668706493,-0.002055181775233,-0.00099950498527,-0.0014397907825867,-0.0060300277125136
2023-09-15,95.55,93.99,-0.0164612770540719,0.0394928590251474,0.0,95.55,94.82044075153638,94.64273677939202,94.6048945702982,95.333910504011,95.4199578853112,95.18329900542126,95.18460350690977,95.37857852527594,95.1970541027042,-0.0076646649259565,-0.0095405336469411,-0.0099404563231544,-0.0022640943149883,-0.001361911959651,-0.0038451748940356,-0.0038314698369192,-0.001795661205976,-0.0037006736670727
2023-09-22,93.99,95.86,0.0197004000992753,-0.0164612770540719,0.0,93.99,92.55627196333216,92.36356003384698,93.1865614328691,93.78175446452624,93.83245231809803,93.72376486994258,93.7946246402652,93.69654999189186,93.46777456429987,-0.0153715885314351,-0.0174558646976947,-0.0085848729715851,-0.0022180718441445,-0.001677623914585,-0.0028366093318764,-0.002080845869098,-0.0031270247893689,-0.0055716738117773
2023-09-29,95.86,87.86,-0.0871441551838517,0.0197004000992753,0.0,95.86,95.2119431924052,95.36466632434518,94.96642380826408,95.64774663304688,95.6621314397535,95.70291026149631,95.59362515706906,95.7142189527464,95.66777949343602,-0.0067834061010877,-0.0051806578412652,-0.0093653982005386,-0.002216656585385,-0.0020662743167992,-0.0016400854789891,-0.0027826583549402,-0.0015219279106497,-0.0020072343720608
2023-10-06,87.86,94.33,0.0710546341141284,-0.0871441551838517,0.0,87.86,86.91231396761725,87.6936780433917,86.74890674362405,87.65799777701424,87.6399830383866,87.70756629401757,87.58443743975663,87.78141892409491,87.48259071063056,-0.0108449135807954,-0.0018948279321193,-0.012726822179049,-0.0023017846002316,-0.0025073173577369,-0.0017364681587054,-0.0031413111850692,-0.0008947898693763,-0.0043048282869685
2023-10-13,94.33,93.72,-0.0064876590221669,0.0710546341141284,0.0,94.33,92.99058342985974,90.65487619701818,92.86503149165142,94.12168633686446,94.09378101537682,93.68091051221592,93.79983813824644,94.32868574539482,93.93133598856652,-0.0143010380773501,-0.0397395454347133,-0.0156521079103468,-0.0022107920818426,-0.0025073173577369,-0.006904834032087,-0.0056361422561203,-1.3932616990453006e-05,-0.0042352255203907
2023-10-20,93.72,90.73,-0.0324235504580573,-0.0064876590221669,0.0,93.72,93.09175728353893,88.18651668116894,91.05104179329724,93.6921225519623,93.45617951217471,93.68963849246606,93.49426184063287,93.4272367545649,93.44438569667868,-0.0067259694357555,-0.0608575344085693,-0.0288913655402538,-0.000297498879621,-0.0028189555232636,-0.0003240122337762,-0.0024115499166297,-0.003128696841347,-0.0029451596949687
2023-10-27,90.73,87.55,-0.0356780044496768,-0.0324235504580573,0.0,90.73,89.88109037456672,85.5247503764721,86.9050906870796,90.7200185231424,90.38352871083916,90.50830973967749,90.42205307321343,90.40390797701956,90.51936171346516,-0.0094004844897666,-0.0590822510421276,-0.0430714516469379,-0.0001100190228572,-0.0038260169107835,-0.0024463963629575,-0.003399875609424,-0.0036005668835019,-0.0023242937726442
2023-11-03,87.55,83.66,-0.0454490927178085,-0.0356780044496768,0.0,87.55,86.7673454530746,82.96683417176872,84.11956618674141,87.50121556457296,87.16740045858674,87.25184254825098,87.38889684933079,87.29971886387202,87.32189542246957,-0.0089797123058723,-0.0537691190838813,-0.0399708649869623,-0.0005573732982391,-0.0043796456674809,-0.0034113798407768,-0.0018418224776004,-0.0028628162365982,-0.0026088206609942
2023-11-10,83.66,81.22,-0.0295994437559005,-0.0454490927178085,0.0,83.66,82.44486096929266,81.21459803295757,83.64134850996514,83.61530203721045,83.29973146106583,83.47246174154591,83.36423947342898,83.25478706738518,83.4220926608211,-0.0146312480074676,-0.0296659562736749,-0.0002229687958674,-0.0005344239503264,-0.0043156406031643,-0.0022441880555026,-0.0035415318954119,-0.0048553364957606,-0.0028477917193185
2023-11-17,81.22,79.82,-0.0173874226375639,-0.0295994437559005,0.0,81.22,80.4024450727679,77.72525831079305,77.18227826902125,81.1482916683429,80.88868342346144,80.89188966862409,81.06461119797196,80.84517627627874,81.02230105504405,-0.0101169351828122,-0.0439812429249286,-0.0509916476802168,-0.0008832800491083,-0.0040875914954812,-0.0040479545341107,-0.001915016443875,-0.0046256006459821,-0.0024370838125573
2023-11-24,79.82,78.72,-0.0138768468765897,-0.0173874226375639,0.0,79.82,78.9759904452527,76.61587433045243,77.53297002020551,79.78498079185998,79.524301529656,79.4393620928328,79.55094170237992,79.58838217199222,79.58010563290716,-0.0106302117606497,-0.0409698076546192,-0.0290708341109997,-0.0004388235069887,-0.0037114450524828,-0.0047801099658513,-0.0033765070391038,-0.0029059700355325,-0.0030099672426011
2023-12-01,78.72,75.94,-0.0359536979403416,-0.0138768468765897,0.0,78.72,77.98983403491592,77.3815583457923,73.18984825552138,78.6607818863762,78.45669173732358,78.25727735522139,78.53261773856292,78.57453192636426,78.49314553248333,-0.0093187674341682,-0.0171487648040056,-0.0728405264282514,-0.0007525457137615,-0.0033504778104727,-0.0058954263034101,-0.0023832016639291,-0.0018496271081542,-0.0028859498256159
2023-12-08,75.94,76.84,0.0117817830966997,-0.0359536979403416,0.0,75.94,75.64365811369622,73.51697318086953,75.76141087047976,75.91710814217957,75.70292532315943,75.97731648440771,75.74044084297991,75.77458005380325,75.65018026946562,-0.0039099500239502,-0.0324272476136684,-0.0023544832048369,-0.0003014920838922,-0.0031267514720321,0.0004912736220175,-0.0026313118692606,-0.00218067389028,-0.0038237316314084
2023-12-15,76.84,80.23,0.0431721718652087,0.0117817830966997,0.0,76.84,76.78347466941361,72.67694118701208,72.67410483128658,76.8143408949098,76.52397548673889,76.65574221994257,76.67993634924949,76.54362058743992,76.63914632666955,-0.0007358944752282,-0.0557011812925338,-0.0557402089542335,-0.0003339847762097,-0.0041212411135611,-0.0024008205816892,-0.002085249806075,-0.0038645558148728,-0.0026173430436604
2023-12-22,80.23,77.69,-0.0321709608032353,0.0431721718652087,0.0,80.23,79.98299818735434,77.94480100311422,75.77046004938867,80.18622821273658,79.82513719438501,79.86685152477183,79.95361858690595,79.91939257369486,80.00478075863063,-0.003083420335894,-0.0288966130465269,-0.0571890021845362,-0.0005457276840061,-0.0050590524767502,-0.0045366176111043,-0.0034508108856181,-0.0038789758833934,-0.002811117394327
2023-12-29,77.69,78.31,0.007948759800517,-0.0321709608032353,0.0,77.69,77.48701203529691,75.97039926717135,75.11577583039438,77.66524589005397,77.25095267955307,77.29255387182292,77.28612357915061,77.26515519967813,77.31020580192292,-0.0026162132885684,-0.0223827678710222,-0.0336959479331611,-0.0003186774931699,-0.0056673008391192,-0.0051289256695246,-0.0052121233366548,-0.0054834686113989,-0.004900573598527
2024-01-05,78.31,79.89,0.0199753797311041,0.007948759800517,0.0,78.31,77.87959602268765,74.78899141023308,75.04979093713752,78.28017216618383,77.83155119722569,78.35060854507233,78.05807478920525,78.17738775910934,78.05831204596088,-0.0055113154488846,-0.0460046082735061,-0.0425235363349898,-0.0003809668737737,-0.0061284174077931,0.0005184270169633,-0.0032222105324897,-0.0016948621168051,-0.0032191710468798
2024-01-12,79.89,80.71,0.0102117948423304,0.0199753797311041,0.0,79.89,80.07630308948092,77.54902201891525,76.89234223572292,79.85496719316222,79.40189790762814,79.39985838786302,79.60090509710933,79.59321861080355,79.64512193081748,0.0023292802310958,-0.02974040992558,-0.0382443977506952,-0.0004386092158639,-0.0061284174077931,-0.0061541037706245,-0.0036252251415573,-0.0037217926043848,-0.003069897819806
2024-01-19,80.71,83.34,0.0320661426580264,0.0102117948423304,0.0,80.71,80.56868623969947,81.24745512508545,79.98833213275755,80.43167320903507,80.40958337962167,80.44958731116199,80.4303082952727,80.78830871746933,80.18640859877353,-0.0017524175048729,0.0066370158456265,-0.0089817076398333,-0.0034544393414623,-0.0037291179907192,-0.0032317396666456,-0.0034714093395891,0.0009697776308428,-0.0065084516685018
2024-01-26,83.34,79.54,-0.0466685862147627,0.0320661426580264,0.0,83.34,84.24093430378129,83.09806624146235,82.69676848953145,83.02072890249677,83.02908104366412,83.33925922945123,82.94473550067607,83.65910520762293,83.0025191908705,0.0107523327454694,-0.0029071946628391,-0.0077480998244681,-0.0038383035657894,-0.003737705544303,-8.888575005805421e-06,-0.0047540773070906,0.0038216443807028,-0.0040576669610778
2024-02-02,79.54,83.58,0.0495442172402245,-0.0466685862147627,0.0,79.54,79.72315749982279,78.94079105608192,79.14980958154669,79.36546547849217,79.25528808259412,79.23183502131148,79.15673262771064,79.81555282019039,79.1097518005784,0.0023000621542905,-0.0075619486160576,-0.0049176592476261,-0.0021967097376727,-0.0035859026540272,-0.003881864382583,-0.0048301954438976,0.0034583431822889,-0.0054238881474653
2024-02-09,83.58,84.88,0.0154342372859582,0.0495442172402245,0.0,83.58,83.77238643944871,83.56688369787659,82.39837021285955,83.42676374547244,83.2900960389787,83.41758915983134,83.16644880995557,83.53434307370985,83.44223670896888,0.0022991787364576,-0.000156943424372,-0.0142385992701008,-0.0018350909160034,-0.0034746100058455,-0.0019450686945807,-0.0049602500193088,-0.0005464154253473,-0.0016496404908359
2024-02-16,84.88,84.18,-0.0082811309633029,0.0154342372859582,0.0,84.88,85.24559080542629,84.11835748100108,83.71931773762634,84.61872880466906,84.58511702657424,84.66571642704488,84.523100806067,85.21378284728515,84.64267735710911,0.0042978997628711,-0.00901366956532,-0.0137687460967015,-0.0030828715247874,-0.0034801648412816,-0.002527739320902,-0.0042136149844171,0.0039246969541464,-0.002799894405042
2024-02-23,84.18,84.82,0.0075740007040198,-0.0082811309633029,0.0,84.18,83.99486206292707,83.05212397122332,82.74466521613452,84.13156325123411,83.87983627621574,83.65050322293011,83.82326291962002,84.2772081158478,83.66041594563842,-0.0022017322873569,-0.0134889530017972,-0.0171978198506437,-0.0005755605754873,-0.0035721091916816,-0.0063099201126224,-0.0042467939054766,0.0011540987497618,-0.0061914254827541
2024-03-01,84.82,84.29,-0.0062681300370536,0.0075740007040198,0.0,84.82,84.55850979508119,81.99417878829628,83.01943662556268,85.01511362286001,84.50240249945685,84.56381327732305,84.36055093766454,84.94304464870483,84.28501284636505,-0.0030876456875127,-0.0338831096887588,-0.0214566074532172,0.0022976839657875,-0.0037513981412615,-0.0030249279794389,-0.0054314776645867,0.0014496048949421,-0.0063272983983928
2024-03-08,84.29,85.39,0.0129657639101239,-0.0062681300370536,0.0,84.29,84.35512845388303,83.83429933581301,82.1757118642135,84.44533946389843,83.95332534731376,83.8507015715709,83.93716698952682,84.32014546087505,83.69858527898101,0.0007723728247338,-0.0054210103116929,-0.0254034517133803,0.0018412207931852,-0.0040022402243131,-0.0052253787916232,-0.004194727096106,0.0003575758874276,-0.0070411589389927
2024-03-15,85.39,84.87,-0.0061083239379291,0.0129657639101239,0.0,85.39,84.75181456630543,84.4219626427704,84.39750906215586,86.01933947289007,85.05626636304387,84.89840330853048,85.0365672358932,85.581091613388,84.9441111529917,-0.0075018410762997,-0.0114014092832803,-0.0116911102347003,0.0073431506445622,-0.0039160032139538,-0.0057737115101517,-0.0041476311646668,0.0022353684609068,-0.0052354735347002
2024-03-22,84.87,86.17,0.0152014152700899,-0.0061083239379291,0.0,84.87,85.65116489821811,84.74351505352176,83.70937740031522,85.47862755672301,84.54288279723018,84.331155777325,84.56137478028447,84.93066844675492,84.43443468802674,0.009162151375776,-0.001491449191235,-0.0137696669156426,0.00714570061659,-0.0038617796226922,-0.0063692950777713,-0.0036430745067725,0.0007145843404678,-0.0051453616526018
2024-03-29,86.17,92.81,0.074232303355626,0.0152014152700899,0.0,86.17,85.7585993123283,85.08089907710784,84.51399660910221,86.56893819995429,85.84425484987457,85.50168929103428,85.90871159330193,86.1345234806099,85.63792377867594,-0.0047857247079882,-0.0127195315435528,-0.0194049282609896,0.0046189806813625,-0.0037874249410272,-0.0077859557142687,-0.0030368498821129,-0.0004117886074581,-0.0061938694173022
2024-04-05,92.81,93.12,0.0033345913758262,0.074232303355626,0.0,92.81,92.96474858807436,92.98086925462177,90.95544858230151,93.34677804366412,92.47063220978193,92.15026786810216,92.46851119224604,92.87075895753036,92.19127071428764,0.0016659812492542,0.0018393724458292,-0.0201845819905841,0.0057669619873959,-0.0036632881234019,-0.0071338016253506,-0.003686225588094,0.0006544454044679,-0.0066889442461945
2024-04-12,93.12,87.96,-0.0570068182965674,0.0033345913758262,0.0,93.12,93.04320974519337,93.04749810156731,91.3589823689951,94.13846069621611,92.77949866797644,92.38785814393364,92.72573777260864,93.18713095839162,92.49516476423253,-0.0008249778166906,-0.0007788889342918,-0.0190923768305992,0.0108777006368967,-0.0036632881234019,-0.0078934193386146,-0.0042429040728428,0.0007206483289348,-0.0067326136501275
2024-04-19,87.96,89.95,0.0223717947099818,-0.0570068182965674,0.0,87.96,89.82167614096075,87.17992485156032,86.97814325226923,88.0233852160549,87.38306714470086,87.4712449003217,87.57195197633892,87.53633316099072,87.33312334659158,0.0209441629095892,-0.0089080808684229,-0.0112253055801732,0.0007203545802693,-0.0065806415581908,-0.0055720560441775,-0.0044214019322147,-0.0048282223840456,-0.0071523550248044
2024-04-26,89.95,83.6,-0.0732104403058862,0.0223717947099818,0.0,89.95,91.21517528717736,88.39013873610989,89.06932747311508,90.02348765772551,89.49692996938754,89.55834636086762,89.47128659650383,89.69967175166722,89.5961247931721,0.0139673185342499,-0.017493549734354,-0.009838933524493,0.0008166498606667,-0.0050496377220765,-0.0043636328732122,-0.0053362067403217,-0.0027868507401904,-0.0039418914271731
2024-05-03,83.6,83.39,-0.0025151219917618,-0.0732104403058862,0.0,83.6,86.04326923164899,83.75241960428063,82.50540005175701,83.65349618166469,83.30577154826298,83.1055628781752,83.34352096632108,83.10942903753632,83.16044148329784,0.0288067802356591,0.0018215409945696,-0.0131797737193046,0.0006397018263928,-0.0035256870243699,-0.0059318784941332,-0.0030726467727835,-0.005885358510379,-0.00527174827297
2024-05-10,83.39,82.24,-0.013886596392039,-0.0025151219917618,0.0,83.39,83.5750270009628,83.28818737873489,82.46867094446733,83.45733495140688,83.25835343112179,82.96076945021463,83.0777065021869,83.11372595918054,82.97146270886236,0.0022163572818534,-0.00122166716028,-0.0111099230077473,0.0008071445082668,-0.0015799327572374,-0.0051605592662632,-0.0037520053677122,-0.003318535879855,-0.0050316722076924
2024-05-17,82.24,78.92,-0.0412071205524403,-0.013886596392039,0.0,82.24,82.97276288333758,82.14458301842599,81.40548360961964,82.30841643955665,81.9294088713504,81.9565480494783,81.98972473134756,81.95536269035789,81.93043144770016,0.008870594202036,-0.0011608995264396,-0.0101991647558181,0.0008315661126316,-0.0037837926243158,-0.0034525967258277,-0.0030478704486225,-0.0034670600935609,-0.0037713115142673
2024-05-24,78.92,79.41,0.0061896237527049,-0.0412071205524403,0.0,78.92,81.07339656312897,79.70851337398118,78.64897655391673,78.98010345918318,78.47838484782844,78.64608271291347,78.73438694005455,78.58602139030602,78.50103948195797,0.0269201936386958,0.0099417166784405,-0.003440064399552,0.0007612846447751,-0.0056114465394074,-0.0034768594650431,-0.0023546841836702,-0.0042408424425826,-0.0053228146453421
2024-05-31,79.41,78.12,-0.0163781988986412,0.0061896237527049,0.0,79.41,82.59423794988875,81.17257640525702,78.82073146531062,79.46982921121464,78.88481878008665,79.2076491847255,79.11082600938127,79.08609561849414,78.93002236848604,0.0393156147106541,0.0219531562179327,-0.007448252984,0.0007531379450706,-0.0066355064674179,-0.0025514301351258,-0.0037745746518578,-0.0040872279049564,-0.0060626377903449
2024-06-07,78.12,81.49,0.0422342073236502,-0.0163781988986412,0.0,78.12,80.88656649877443,78.97023908736875,77.42447288332946,78.16564838965334,77.55750505857931,77.81973868677572,77.70663358518009,77.6916954365776,77.65921808568902,0.0348016535730237,0.0108249550685286,-0.0089431882662913,0.0005841661268559,-0.0072264440397782,-0.0038509963762934,-0.0053054779524148,-0.0054977341850595,-0.0059158501861227
2024-06-14,81.49,86.42,0.0587388171716588,0.0422342073236502,0.0,81.49,83.76261762857132,82.14658835275769,80.98842653881682,81.5514032701155,80.90323972380475,81.16158201856413,81.05617874769716,80.90340147622133,81.13215093199497,0.0275065042768306,0.0080250008031725,-0.0061740511051582,0.0007532230683372,-0.0072264440397782,-0.0040383059749886,-0.0053378342782102,-0.0072244447100178,-0.0044009951109978
2024-06-21,86.42,87.26,0.0096730371916763,0.0587388171716588,0.0,86.42,87.11261394897383,86.65445490710981,85.88062705699728,86.47239349664959,85.79227226012607,86.00690022389904,85.98033648914665,85.88795874296267,85.98239568069422,0.0079825643268487,0.0027092969976365,-0.006260855971222,0.0006060821669917,-0.0072901949644348,-0.004791602307331,-0.0051005058686801,-0.006175488953316,-0.0050765565917445
2024-06-28,87.26,88.66,0.0159166616214437,0.0096730371916763,0.0,87.26,89.41218188304559,87.8275436944078,86.4165349731139,87.33239984986476,86.5748579360854,86.69709971616528,86.58045838882114,86.6327551081312,86.72437792262531,0.024364767874978,0.0064829932525753,-0.0097131331920632,0.0008293585983919,-0.0078827183429428,-0.0064717364158403,-0.0078180312994657,-0.0072141891347334,-0.0061571478532653
2024-07-05,88.66,87.35,-0.0148857927368419,0.0159166616214437,0.0,88.66,89.49420958906043,87.57970441813963,87.70188073891823,88.73179002571678,87.90572906691874,88.23656520213576,88.01614368438698,88.07207863462033,88.2093940163111,0.0093650965420059,-0.0122595429420471,-0.0108654850271148,0.0008093951769203,-0.0085438496516592,-0.0047873807623767,-0.0072885807048275,-0.0066532747044822,-0.0050953638543081
2024-07-12,87.35,85.19,-0.0250389805253164,-0.0148857927368419,0.0,87.35,87.5747959524241,87.49401674251106,86.57368218888355,87.43388395352923,86.55409870496645,86.78711261614669,86.68565063218944,86.76032732812708,86.89003478758528,0.002570202525596,0.0016473743598908,-0.0089271680200944,0.0009598592052335,-0.0091533995803849,-0.0064648981010525,-0.0076346724636344,-0.0067735778285196,-0.0052796853655222
2024-07-19,85.19,81.35,-0.0461232223897023,-0.0250389805253164,0.0,85.19,84.73493959011705,85.12066121259045,84.64094857841779,85.25868625505372,84.78443418305923,85.09509353417157,84.79917714708537,85.10662252008572,84.95365874626415,-0.0053560295368285,-0.0008142624865286,-0.0064658807956297,0.0008059464731675,-0.0047720892679738,-0.0011146774351826,-0.0045982167581524,-0.0009792030557337,-0.0027781394556261
2024-07-26,81.35,78.35,-0.0375748648630169,-0.0461232223897023,0.0,81.35,80.73138129960145,81.13146962994553,80.78484867506471,81.42427103260462,80.96869064595812,81.3729572712482,80.90036016217294,81.26998864985288,81.26207759048417,-0.0076334702892821,-0.0026899129152297,-0.0069714021191089,0.0009125648333453,-0.0046982889516932,0.0002821638911373,-0.0055425576677053,-0.0009840285596837,-0.0010813762346127
2024-08-02,78.35,81.07,0.0341270101975859,-0.0375748648630169,0.0,78.35,77.06149052530826,77.76853903350353,77.84001473408719,78.39752348770988,78.00343006239677,78.16244053486113,77.99889509840185,78.20056334669718,78.20880673858184,-0.0165822873915438,-0.0074490020051598,-0.0065303416374635,0.0006063698884498,-0.004433167920384,-0.0023967366975019,-0.0044913076178728,-0.0019091173547535,-0.0018037094512783
2024-08-09,81.07,81.56,0.0060259667066386,0.0341270101975859,0.0,81.07,80.2156378188622,79.85018103036639,80.60671915817859,81.10948547508059,80.74718703217258,81.19026675133138,80.54304881784803,80.92792715183255,80.94026883249153,-0.0105944978617083,-0.0151608372107148,-0.0057309687162467,0.0004869355177089,-0.0039898530185111,0.0014823933888812,-0.0065211695889293,-0.0017540086727007,-0.0016015181774821
2024-08-16,81.56,80.34,-0.0150713167751182,0.0060259667066386,0.0,81.56,80.75887502911239,81.7541446220279,80.98656226993708,81.58562262654345,81.20819938029214,81.31310267794652,81.17443714029206,81.46992840042326,81.52337647446825,-0.0098710821616053,0.002377561526373,-0.0070557026984061,0.0003141074377798,-0.0043227260467111,-0.0030317775877128,-0.0047385616460096,-0.0011049702300057,-0.0004491386791117
2024-08-23,80.34,80.2,-0.0017441140586673,-0.0150713167751182,0.0,80.34,79.0997503001847,79.74614212752911,79.58892853429437,80.37282641682557,79.97351576165345,80.21342287091151,79.95542911372166,80.06404022436321,80.14263417781325,-0.0155579109237659,-0.0074192630127072,-0.0093926345196844,0.0004085102354796,-0.004572102046721,-0.0015767605953148,-0.0047982855937079,-0.0034408116841983,-0.0024596545626451
2024-08-30,80.2,72.82,-0.0965328721251816,-0.0017441140586673,0.0,80.2,80.09133193301614,79.87118695673603,79.57519820998172,80.24959406986439,79.82038396837042,80.12945684305589,79.71679923084588,79.97581634425437,80.04837305756679,-0.0013558822217208,-0.0041083409450948,-0.0078210508499627,0.0006181888054161,-0.0047446048353575,-0.0008799775522887,-0.0060431704738295,-0.002799221595962,-0.0018923997141484
2024-09-06,72.82,73.68,0.0117407491997641,-0.0965328721251816,0.0,72.82,71.5604089880854,72.16443259952113,72.31197796631992,72.87471726438474,72.46250030758121,72.82369948529394,72.53272818173832,72.58101825094478,72.65287147364023,-0.017448668806089,-0.0090433415025472,-0.0070008569541789,0.0007511221818427,-0.004921451836741,5.080185834085982e-05,-0.0039527595510649,-0.0032872117008289,-0.0022977287544698
2024-09-13,73.68,75.96,0.0304754939970335,0.0117407491997641,0.0,73.68,73.0856566182184,73.78577360905469,73.08856280103704,73.72303930533103,73.31827825683308,73.71828552041045,73.39028092575721,73.57005553025385,73.67618842918131,-0.0080992603372206,0.001434551551938,-0.0080594970625396,0.0005839676950617,-0.004921451836741,0.0005194839429272,-0.0039398775495085,-0.0014933032083575,-5.173275530775956e-05
2024-09-20,75.96,71.63,-0.0586929053177252,0.0304754939970335,0.0,75.96,74.94749191208797,75.5147398516035,75.48170390453936,76.00024094718667,75.59182661580347,76.1527568766588,75.62982858152627,75.90151352907355,75.92532846902722,-0.0134191254365408,-0.005879018921405,-0.0063165914465513,0.0005296246949398,-0.0048587221508618,0.0025343959808817,-0.0043561226194234,-0.0007702606468086,-0.00045654879144
2024-09-27,71.63,79.32,0.1019763230252352,-0.0586929053177252,0.0,71.63,70.95787688845301,72.32255463149716,71.12569316389876,71.6728439061404,71.29779583401088,71.99266423497471,71.3207924885186,71.61266281516322,71.53306501952447,-0.0094275629084235,0.0096220588311553,-0.0070653425134873,0.0005979491578689,-0.0046485676529479,0.0050502475736512,-0.0043260759640661,-0.0002420673363746,-0.0013541899969217
2024-10-04,79.32,80.27,0.0119056484918903,0.1019763230252352,0.0,79.32,78.94427568310704,78.76774623425722,78.89025061498187,79.35623436369346,78.9687786346469,79.40967194442567,78.95996979339202,79.10908125743086,79.27864113229121,-0.0047480711757263,-0.0069867023266851,-0.0054326497847566,0.0004567081449668,-0.0044377364558719,0.0011298700849922,-0.0045492910822677,-0.0026626281678297,-0.0005215538840817
2024-10-11,80.27,72.75,-0.0983670460918835,0.0119056484918903,0.0,80.27,79.71134700619966,80.10142029937857,79.77239914779415,80.31272922649062,79.93054454574634,80.207899024312,79.87869202400996,80.18897816795236,80.26560070254232,-0.0069840050106618,-0.0021023666486144,-0.0062183828573194,0.0005321771239645,-0.0042378877457502,-0.0007739505460307,-0.004886817991198,-0.0010098760425692,-5.4807749054142096e-05
2024-10-18,72.75,75.62,0.0386918924111849,-0.0983670460918835,0.0,72.75,71.61431822319108,72.95035990080062,72.16509542988017,72.6220064152676,72.45184907708786,72.45562880295294,72.39856245228738,72.35787780996382,72.41388069931843,-0.0157338768931408,0.0027503024321049,-0.0080724198484117,-0.0017609114844354,-0.0041067154975801,-0.0040545480605197,-0.0048424624884465,-0.0054045741750993,-0.0046309026700387
2024-10-25,75.62,73.63,-0.0266682470821614,0.0386918924111849,0.0,75.62,75.43841920105282,76.0577348788208,75.4114907423177,75.49296507646773,75.3272770365409,75.47286345721335,75.21175903522601,75.30089382183735,75.26373917733152,-0.0024041147440236,0.005771922878921,-0.0027611379471701,-0.0016813243442577,-0.0038784844105804,-0.001947631224012,-0.005413209582248,-0.0042287935834662,-0.004722331069925
2024-11-01,73.63,74.04,0.0055529363246714,-0.0266682470821614,0.0,73.63,73.09818993974496,74.13586874573865,73.09664620114914,73.51171971423607,73.36502118416529,73.55982234061365,73.35651289904231,73.40585009762563,73.2192462170458,-0.0072489463576592,0.0068469224497675,-0.0072700652786366,-0.0016077059785682,-0.0036052799709432,-0.000953566810368,-0.0037212586537683,-0.0030489173336303,-0.0055942385100901
2024-11-08,74.04,73.45,-0.0080005850854105,0.0055529363246714,0.0,74.04,73.75587694817712,73.69538209023888,73.58659384049251,73.92097716292417,73.78483308730142,74.00523641051409,73.6939002376591,73.67562635884717,73.8199800076396,-0.0038448082273324,-0.0046653486788272,-0.0061426274679448,-0.0016088412638382,-0.0034522909419117,-0.0004696347004165,-0.004685456688805,-0.0049334574706169,-0.0029760609292788
2024-11-15,73.45,76.1,0.0354433622477538,-0.0080005850854105,0.0,73.45,72.88602154147739,73.65786233645552,73.41822675543145,73.32648848180915,73.1812348258973,73.24853734839229,73.19498972772914,73.10625479278039,73.07095896853201,-0.0077080303935797,0.0028259872924536,-0.0004326769072681,-0.0016829881763998,-0.0036658693546071,-0.0027466228621085,-0.0034779303376763,-0.0046909746439023,-0.0051738929322747
2024-11-22,76.1,74.16,-0.0258233436100404,0.0354433622477538,0.0,76.1,76.4532518740589,74.66760723408075,75.63339054463184,75.97680619400299,75.80371430648803,76.0903343678201,75.84886387623963,75.83127172127669,75.81825748204761,0.0046312025617161,-0.01900190487504,-0.0061504053205548,-0.0016201528165631,-0.0039009720149884,-0.0001270203161459,-0.0033055377450724,-0.0035375016073477,-0.003709137343105
2024-11-29,74.16,73.78,-0.00513722908907,-0.0258233436100404,0.0,74.16,73.15206404531185,73.00317567780736,73.5711118333059,74.02049565039134,73.87391137783085,73.8009792235745,73.76141689780178,73.83787689635386,73.81256039603689,-0.0136845775755782,-0.0157219786196947,-0.0079724748368105,-0.0018828981535227,-0.003865181642203,-0.0048529211270793,-0.0053891326248665,-0.0043530842343093,-0.00469600906446
2024-12-06,73.78,74.89,0.014932678092746,-0.00513722908907,0.0,73.78,73.39334025089119,73.87087680434071,73.0870381860981,73.65986682186872,73.51435695218954,73.85816867387835,73.58688239769486,73.56105299187585,73.41885479203708,-0.0052544929411684,0.0012309688609093,-0.0094366573308203,-0.0016295891648016,-0.0036069723418321,0.0010589223895798,-0.0026209106104378,-0.002971977800282,-0.0049069122596685
2024-12-13,74.89,73.19,-0.0229615706481399,0.014932678092746,0.0,74.89,74.18333958690022,73.89954883799818,74.36586086612243,74.76069738183604,74.62036042490479,75.01968618524712,74.52256597131488,74.69728232263836,74.5725454001508,-0.0094807791687135,-0.0133136473596096,-0.0070233930566972,-0.0017280594424613,-0.0036069723418321,0.0017301913024997,-0.0049183917965617,-0.0025766600073643,-0.0042479549157241
2024-12-20,73.19,73.77,0.0078933452830751,-0.0229615706481399,0.0,73.19,72.66696930129051,73.01036859300781,72.96585498022944,73.06490551247333,72.93347419723858,73.24663870147454,72.97238954749794,72.92799174758458,72.82086390697197,-0.0071718608041703,-0.0024573330301791,-0.0030672078860766,-0.0017106368855587,-0.0035110863289052,0.0007735591966756,-0.0029776553867436,-0.0035862597082632,-0.005056293341439
2024-12-27,73.77,76.72,0.0392102856789718,0.0078933452830751,0.0,73.77,73.54301043399443,74.08744518568692,73.54192618371997,73.6402936063386,73.5218680453777,73.85880710176795,73.37581925554791,73.51039231508155,73.3840659330566,-0.0030817338534012,0.0042939423583447,-0.0030964770392015,-0.0017598014895996,-0.0033692585021276,0.0012031135958302,-0.0053577014876529,-0.0035253566304066,-0.005245318222883
2025-01-03,76.72,79.76,0.0388596950784002,0.0392102856789718,0.0,76.72,76.62328071901949,76.95399777715268,76.24581886597946,76.59733798771329,76.47511383669986,76.895447125448,76.38433262259451,76.26570414385145,76.35098666536312,-0.0012614741689744,0.0030453812796622,-0.006199851135662,-0.0016001065511314,-0.0031970519914338,0.0022842390530072,-0.004384825817403,-0.0059390803087469,-0.0048214760685258
2025-01-10,79.76,83.02,0.0400594169713096,0.0388596950784002,0.0,79.76,79.56520361217994,79.2537562189219,79.40844582449137,79.62521136797581,79.51666275168998,79.97416084686668,79.28961209858353,79.4103287603664,79.29662569811693,-0.002445268927533,-0.0063673169352114,-0.0044173924719089,-0.0016913572219115,-0.0030555315942459,0.0026814674338169,-0.0059150005670974,-0.0043936807176777,-0.0058265490137293
2025-01-17,83.02,78.71,-0.0533113304705338,0.0400594169713096,0.0,83.02,83.36764178257101,82.80520623392114,82.45087851163453,83.06355564904095,82.82812247438153,82.95543765062598,83.03334770722617,82.2200806450367,82.66431467623241,0.0041787032343322,-0.0025906059890985,-0.0068788385925502,0.0005245028608555,-0.00231389548904,-0.000777974784031,0.0001607640850271,-0.0096819803111181,-0.0042935370299603
2025-01-24,78.71,77.11,-0.0205372383094894,-0.0533113304705338,0.0,78.71,78.95278480164433,80.36539713293884,77.95855133030629,78.75866579638738,78.54634645083709,78.71609052799413,78.70303758544728,78.00614557902503,78.42239916130747,0.0030798009036111,0.0208134874701499,-0.0095929199053734,0.0006181013561097,-0.0020813609362831,7.737634818648365e-05,-8.84604561864899e-05,-0.0089825990938146,-0.0036606220153891
2025-01-31,77.11,74.68,-0.0320206551713473,-0.0205372383094894,0.0,77.11,76.50459046292556,79.65672884885342,76.47806485670411,77.1531596085684,76.96274963131553,77.14381830992193,76.97854103821906,76.44570329339267,76.91731725165194,-0.0078822287613557,0.0324935391545295,-0.0082290080276961,0.0005595582225082,-0.0019114400680158,0.0004384761535797,-0.0017062786471879,-0.0086522458825566,-0.0025019308561209
2025-02-07,74.68,75.19,0.0068059247164134,-0.0320206551713473,0.0,74.68,74.64317084127572,74.68187032936314,74.20012583892402,74.71493678026371,74.54257460007072,74.58693540071988,74.69327358161779,74.04583929810669,74.53889154709589,-0.000493281240461,2.5044268113560975e-05,-0.006446472559253,0.0004677103743077,-0.0018418853735687,-0.0012469554773012,0.0001777236494112,-0.0085279672748783,-0.0018912953112459
2025-02-14,75.19,74.88,-0.0041314112205989,0.0068059247164134,0.0,75.19,74.84667107397601,75.148126108106,74.44540042475236,75.20566779839342,75.05163610309744,75.19164519008554,75.10952054913416,74.55580858773715,74.97326890757913,-0.0045766081429028,-0.0005570628563873,-0.0099522668970706,0.0002083543851954,-0.0018418853735687,2.1880197992749095e-05,-0.0010709210284028,-0.0084702898859636,-0.002886607950004
2025-02-21,74.88,74.76,-0.0016038495819744,-0.0041314112205989,0.0,74.88,74.4815964929197,74.16431935073308,74.06685616196097,74.92305841871212,74.71797232199691,74.73817849891738,74.73380393568405,74.15620989121801,74.62400795807588,-0.005334764240678,-0.0096036689355969,-0.0109186851928719,0.0005748670334562,-0.0021661756352074,-0.0018957795767972,-0.0019543131315586,-0.0097130194019765,-0.0034245542390579
2025-02-28,74.76,72.49,-0.0308343612745757,-0.0016038495819744,0.0,74.76,74.00290922772075,74.44893490267364,74.44046140816766,74.8000598196995,74.5901189850203,74.63199891683979,74.44016963413098,74.18333123618604,74.36587112312887,-0.0101785762678448,-0.0041695297695696,-0.0042833524423062,0.0005357021213525,-0.0022749374342679,-0.0017136274420507,-0.0042872720124295,-0.0077435040633995,-0.0052858674565148
2025-03-07,72.49,71.94,-0.0076161830453085,-0.0308343612745757,0.0,72.49,72.25479747160449,72.09840161627764,71.82021156014568,72.51304498017983,72.30096980996305,72.40780556306257,72.20684193207809,72.03615797086573,72.07818167265653,-0.0032498955336274,-0.005416746251285,-0.0092826868195823,0.0003178551233458,-0.002611078545595,-0.0011345160878626,-0.0039138163016025,-0.0062804343141543,-0.0056972348478716
2025-03-14,71.94,72.64,0.0096832960255601,-0.0076161830453085,0.0,71.94,70.91679686325806,72.20084975599426,71.37809387718545,71.98135173546157,71.73266044708224,71.80799891195001,71.5408602464012,71.35871150304894,71.57380959143917,-0.0143251235741574,0.0036193770356476,-0.0078414244400593,0.0005746435271883,-0.0028862790764955,-0.0018365629595127,-0.0055636798178034,-0.0081130064500953,-0.0051032190466264
2025-03-21,72.64,74.69,0.0278304800759373,0.0096832960255601,0.0,72.64,72.21591007640599,72.71124884242853,72.14940668153851,72.65604704845501,72.43300744585487,72.44888515538739,72.35065837466644,72.1397274799752,72.29011648566457,-0.0058553515011554,0.0009803678840398,-0.0067766725090701,0.0002208876132039,-0.002853634845725,-0.0026344534240718,-0.0039911813997759,-0.0069108364796846,-0.0048283159159029
2025-03-28,74.69,68.36,-0.0885583561215851,0.0278304800759373,0.0,74.69,73.93461017384779,74.38815916608792,73.80523829583046,74.71665329107336,74.47729219099625,74.60266815819116,74.35430061644469,74.25260800700035,74.22150671726497,-0.0101651581096961,-0.0040494361892342,-0.0119165056631833,0.0003567885468149,-0.0028519382506973,-0.0011699416032632,-0.0045047002782852,-0.0058733126296178,-0.0062922582518635
2025-04-04,68.36,66.83,-0.0226357767244114,-0.0885583561215851,0.0,68.36,66.69005084516455,62.033479211190034,68.27727133547221,68.39411596390251,68.15447999375809,68.28403004870577,68.28228630445977,67.89872246880847,68.02387413007085,-0.0247320791928413,-0.0971136316657066,-0.0012109239862334,0.000498938761291,-0.0030109650129437,-0.0011119396741247,-0.0011374766336423,-0.0067706387521062,-0.0049291245409067
2025-04-11,66.83,69.33,0.0367256314314203,-0.0226357767244114,0.0,66.83,66.22095299931148,65.6373155667802,66.37204233335005,66.86005675494229,66.61460020527987,67.16999752633913,66.73388491266287,66.62653551326346,66.48582533816788,-0.0091551580953004,-0.0180077124387025,-0.0068761629032283,0.0004496483310469,-0.0032283057008332,0.0050746009289236,-0.0014392379196082,-0.003049152199159,-0.0051633093909644
2025-04-18,69.33,66.99,-0.0343343584342229,0.0367256314314203,0.0,69.33,67.08871704035909,66.15049761129166,68.63037672623044,69.2468112470277,68.98772189059788,68.8218315495796,68.58458755745997,68.88678882775096,69.2388640366816,-0.0328618345262421,-0.0469452999532222,-0.0101424668134496,-0.0012006159214748,-0.0049491678055065,-0.0073566993155508,-0.0108098746389615,-0.0064132974746045,-0.0013153889525272
2025-04-25,66.99,61.57,-0.0843686155970573,-0.0343343584342229,0.0,66.99,66.3364883623754,67.16626752078092,66.81525525370849,66.90039365795059,66.6740241231515,66.53202152070857,66.90278671263269,66.88443732921765,66.89216180707902,-0.0098032563429984,0.002627795562148,-0.0026119279890016,-0.0013385031290068,-0.0047279208823972,-0.006859996127914,-0.0013027333561849,-0.0015770403187743,-0.0014615570740241
2025-05-02,61.57,64.26,0.0427626147645937,-0.0843686155970573,0.0,61.57,60.64910918325414,61.73009611259816,61.30490473228231,61.505314353346954,61.29980397853106,61.15524186397348,61.46196787007154,61.59680762012655,61.438029752530745,-0.0150697914685584,0.0025968544650822,-0.0043148872358602,-0.0010511555944259,-0.004398093726179,-0.0067591590578631,-0.0017561640208472,0.0004353059248323,-0.0021457184277891
2025-05-09,64.26,65.2,0.0145221152448948,0.0427626147645937,0.0,64.26,63.77241062275849,63.54315058713373,63.82196936201037,64.19288715653606,64.00003776530254,64.0814981039322,63.928176932210626,64.11414399258251,64.3704843706819,-0.007616692244072,-0.0112181417644023,-0.0068398752439823,-0.0010449410839458,-0.0040536802453625,-0.0027816725502576,-0.0051771359399503,-0.0022723589913548,0.0017178571377177
2025-05-16,65.2,65.41,0.003215683040514,0.0145221152448948,0.0,65.2,65.14988192034491,65.40547802181302,65.08339731210621,65.12339892512941,64.94150682351253,65.48393741758157,65.36738593686056,65.37535266427389,65.43349274139763,-0.0007689777909488,0.0031465478241443,-0.0017899858528841,-0.0011755538042102,-0.0039724992084594,0.0043454133688101,0.0025639791646119,0.0026858479201306,0.0035747798692192
2025-05-23,65.41,64.32,-0.0168045271024105,0.003215683040514,0.0,65.41,65.5280474978878,65.96975203249038,64.95982123447389,65.33005701915756,65.14117865843315,65.11611749695813,65.0764288454094,65.18304236984962,65.26348438099643,0.0018031050886504,0.008521182462573,-0.0069062080558455,-0.0012229303341057,-0.0041182580542661,-0.0045030528031813,-0.005112744431361,-0.0034758032208347,-0.0022424699409501
2025-05-30,64.32,68.02,0.0559311547083385,-0.0168045271024105,0.0,64.32,64.1396115536411,63.87915116939632,63.9947990307814,64.2365556187811,64.09332174526405,64.11430139064471,64.09909828812256,64.24642575665624,64.32519123398984,-0.0028084868504036,-0.0068775895051658,-0.0050688099572702,-0.0012981740609962,-0.0035304513129929,-0.0032031752110768,-0.0034403283110101,-0.0011445328893968,8.070622683786777e-05
2025-06-06,68.02,76.0,0.1109315607072818,0.0559311547083385,0.0,68.02,68.48153729094979,68.01414204850201,67.39742126097268,67.939994519969,67.80041550818697,67.98132595128898,67.65370930702304,67.88793754187803,68.01497368566619,0.006762400760496,-8.612472447566688e-05,-0.0091950226156863,-0.0011768975064762,-0.0032334562121424,-0.0005687304808676,-0.0053995956151048,-0.0019434111366194,-7.389738388458023e-05
2025-06-13,76.0,78.73,0.0352909369100447,0.1109315607072818,0.0,76.0,75.47618950743424,74.46300849423433,75.60595580793643,75.9084591985136,75.75465419909159,75.61065422178353,75.30039025647024,75.39491967264281,75.9599168841066,-0.0069161045336291,-0.0204308684915304,-0.005198279675607,-0.0012052102042226,-0.0032334562121424,-0.005136138170812,-0.0092480228050655,-0.0079934458893558,-0.0005275485489187
2025-06-20,78.73,69.37,-0.1265697797991659,0.0352909369100447,0.0,78.73,78.1021950802872,78.44414367541093,78.38832803375462,78.64300657840761,78.50315942032891,78.30483367542276,78.40024071208445,78.47345200995301,78.58870943940015,-0.0080061147240993,-0.0036374512128531,-0.0043492380437891,-0.0011055699111899,-0.0028854058251927,-0.0054149433409871,-0.0041972795375274,-0.0032639005634836,-0.0017962338884208
2025-06-27,69.37,71.03,0.0236478256125086,-0.1265697797991659,0.0,69.37,69.23784290755745,70.35155565198133,69.12793143569266,69.28981330428327,69.15873730064042,69.14264531992687,69.04869400779823,69.32934582912158,69.33875310093637,-0.0019069214225942,0.0140503989532589,-0.0034956307042717,-0.0011565961722402,-0.0030500944029224,-0.003282803295361,-0.0046425314383971,-0.000586220097862,-0.0004505396940515
2025-07-04,71.03,72.06,0.0143967823102286,0.0236478256125086,0.0,71.03,70.35016734155604,71.09318430011976,70.5568617360579,70.94193813568086,70.82445321694209,71.15766078641268,70.27554259535111,70.82628456752951,71.13774405378415,-0.0096171607519925,0.0008891484467312,-0.0066833888300847,-0.0012405532638248,-0.0028979975214273,0.0017956666564351,-0.0106784852173873,-0.0028721402528217,0.0015157316468547
2025-07-11,72.06,71.06,-0.0139745147270661,0.0143967823102286,0.0,72.06,71.32188629999422,71.0442690159536,71.65477053171111,71.9782841312572,71.86106694304158,71.73639156274156,71.36777933199174,71.53143151380746,71.96761678548144,-0.010295864273271,-0.0141959153115749,-0.0056393722194624,-0.0011346410852153,-0.0027644762212579,-0.0045009332996069,-0.0096526076873546,-0.0073621506247438,-0.0012828543476611
2025-07-18,71.06,69.23,-0.0260902959029469,-0.0139745147270661,0.0,71.06,70.74459370011967,70.14227785501357,70.75705913432573,70.82352075073159,70.95351372457998,71.41989970609694,70.67862490188992,70.90890454305995,71.20957329989908,-0.0044484711218269,-0.0129988705739378,-0.0042722832966161,-0.0033334310706729,-0.0014996642584844,0.0050519472892784,-0.005381398595357,-0.0021285719499661,0.0021026752458461
2025-07-25,69.23,70.55,0.0188873836088888,-0.0260902959029469,0.0,69.23,69.38406765264733,68.83912017753302,68.88270773322755,68.99673290210902,69.11818597386399,69.20534161851067,68.99866996193073,69.21700532871543,69.30127588114227,0.0022229737385476,-0.00566210411489,-0.0050291244658238,-0.0033751404584824,-0.0016164151296174,-0.0003562440264433,-0.003347066192505,-0.0001877205114241,0.0010290223197373
2025-08-01,70.55,67.17,-0.0490949590200498,0.0188873836088888,0.0,70.55,70.1737712491018,70.24330152852342,70.61819800524381,70.29462356873846,70.42555927996686,70.18791555093588,69.68313334323267,70.03750287194673,70.82196355526824,-0.005347066013911,-0.0043567265383899,0.0009661950993622,-0.0036263608031488,-0.0017654230703432,-0.0051455252344514,-0.0123633791531792,-0.0072908244015779,0.0038474939998454
2025-08-08,67.17,67.3,0.001933517371909,-0.0490949590200498,0.0,67.17,67.27571200204483,67.1720441650474,66.78638769677406,66.93212186828143,67.041515977523,67.79470138533603,66.86965852536584,66.99232920200083,67.08985649583394,0.0015725607348225,3.0432245694100857e-05,-0.0057274364959261,-0.0035477198705767,-0.0019146503307385,0.0092573219548942,-0.004481389770476,-0.0026485959646083,-0.0011938566862321
2025-08-15,67.3,68.29,0.0146031063223159,0.001933517371909,0.0,67.3,66.8149216103262,66.98941659645968,67.1981484843577,67.06997448550833,67.15678661119065,68.56213241078711,66.9234308340545,67.02999833069633,67.58735249532147,-0.007233803653006,-0.0046255909837782,-0.0015145418172559,-0.0034237669549677,-0.0021302523521062,0.0185801399962779,-0.0056110941526202,-0.0040199811846452,0.0042606356296327
2025-08-22,68.29,67.83,-0.0067587680150098,0.0146031063223159,0.0,68.29,68.41276994829323,68.2738714038497,68.00881788260257,68.04879317297895,68.10866155380621,68.79347326763279,67.40342063626706,67.88811859936133,68.28128511311805,0.0017961593806218,-0.0002362059021834,-0.0041259714597787,-0.0035383484489596,-0.0026589491563445,0.0073455321702681,-0.0130675750626125,-0.0059023075289117,-0.000127624000705
2025-08-29,67.83,64.92,-0.0438488323115976,-0.0067587680150098,0.0,67.83,67.57932184538912,67.58973343670803,67.6254205030742,67.60843706738531,67.6165915300241,68.03249315444302,67.196040321665,67.45646007379308,67.7619291547532,-0.0037025285640237,-0.0035484756808727,-0.0030206196506131,-0.0032717910078943,-0.0031511851890863,0.0029808565952143,-0.0093902529497058,-0.0055222211484982,-0.0010040546128341
2025-09-05,64.92,67.87,0.0444383680692765,-0.0438488323115976,0.0,64.92,64.5615391814453,65.44688404994147,64.4453042780802,64.71486762606817,64.6880556592302,65.29821664372359,64.39575103127018,64.4220997056341,64.8598082808354,-0.0055368778684378,0.0080831404775381,-0.0073388742850796,-0.0031647742447993,-0.0035791693224521,0.0058089830597503,-0.0081080894880195,-0.0076990052721186,-0.0009275976637336
2025-09-12,67.87,67.05,-0.0121555009879795,0.0444383680692765,0.0,67.87,67.37140737237326,67.57963710164063,67.68528648855167,67.64754156873919,67.62751598262406,67.50220592002218,67.39821186205872,67.3320950572996,67.97467066679093,-0.007373405767244,-0.0042873993515968,-0.0027252884126983,-0.0032830972065143,-0.0035791693224521,-0.0054338330745472,-0.0069756233858563,-0.0079570923897991,0.0015410348744837
2025-09-19,67.05,71.15,0.0593517148081739,-0.0121555009879795,0.0,67.05,66.69491858394048,66.71914460968556,66.91079690846064,66.82858068151175,66.8567603372292,67.47445537988888,66.89358811939724,67.03487438963778,67.02144815326092,-0.0053098428575111,-0.0049466723576188,-0.0020782668490428,-0.0033077661750816,-0.0028861843334215,0.0063104777082955,-0.0023354899460989,-0.0002256124785921,-0.0004259198742757
2025-09-26,71.15,66.13,-0.0731678228492905,0.0593517148081739,0.0,71.15,71.1235112810779,70.66986996393095,70.71838402621717,70.9183510334359,70.99772206810528,70.7012968148852,70.6031227439393,70.75402659869906,71.01248796981525,-0.0003723633301753,-0.0067710098810493,-0.0060847567755608,-0.0032610946797489,-0.002142531557047,-0.0063264092996437,-0.0077159495142925,-0.0055808765761838,-0.0019345760620266
2025-10-03,66.13,64.41,-0.0263536011277715,-0.0731678228492905,0.0,66.13,65.85770311810137,66.24551070378365,65.685356457039,65.91765318065873,66.02842731069266,65.42944518767551,66.1039243858312,65.88120634351495,66.01691049215543,-0.0041261005651321,0.0017451979219913,-0.0067464860151291,-0.0032162177406466,-0.0015371355633354,-0.0106501123200811,-0.0003943861551093,-0.0037692853195983,-0.0017115729006631
2025-10-10,64.41,61.23,-0.0506316350689361,-0.0263536011277715,0.0,64.41,63.61964950080548,64.05583121403464,64.22484131320465,64.19786823904187,64.33389590876367,64.49675084644771,63.92319249539453,63.796772903412595,64.34031197356677,-0.0123465235141296,-0.0055138347670435,-0.0028788283606938,-0.0032988954135297,-0.0011822556644498,0.0013459475004122,-0.0075866551759941,-0.0095662929385531,-0.0010825299320902
2025-10-17,61.23,65.8,0.0719825728414084,-0.0506316350689361,0.0,61.23,60.63570480050679,60.89667688407605,60.49818623611101,61.14795470016934,60.76086258025633,60.77592807147558,60.31956537747845,60.58122236605001,61.02733170515322,-0.0097533577905969,-0.0054586590267717,-0.0120238804708765,-0.0013408511741183,-0.0076913913479794,-0.0074434747917559,-0.0149807470966503,-0.0106522823780961,-0.0033154409255745
2025-10-24,65.8,65.44,-0.0054861460367799,0.0719825728414084,0.0,65.8,65.14618008713248,64.48830045899678,65.37398030332524,65.710442150163,65.26466550909342,66.15289806455903,65.53065028479269,65.66207972043584,65.73419666673695,-0.0099861690636802,-0.0201360192149877,-0.00649551372251,-0.001361988633252,-0.0081690586228823,0.0053488617697999,-0.0041018618621005,-0.0020982526742135,-0.0010005510417862
2025-10-31,65.44,63.72,-0.0266352072526438,-0.0054861460367799,0.0,65.44,65.2880446031444,66.71440301468081,64.77332203227235,65.35416184741148,64.86035786690022,65.37536190560297,64.93379660873423,65.3186642389069,65.21116788801304,-0.0023247569525533,0.0192871745675802,-0.0102398707395874,-0.001312568752303,-0.0088970739020147,-0.0009882340837641,-0.0077654551481872,-0.0018558738975409,-0.0035029514037967
2025-11-07,63.72,63.45,-0.004246290881451,-0.0266352072526438,0.0,63.72,63.59812630529952,63.52095737983603,63.140001557553106,63.63402707740413,63.12530269536679,63.36714947027077,64.43457939052061,64.19252669465448,63.539357779803616,-0.0019144757382417,-0.0031285961158573,-0.0091439772437555,-0.0013501408259902,-0.0093768022836933,-0.0055529050399061,0.0111519510217441,0.0073883122529708,-0.0028389635886106
2025-11-14,63.45,62.78,-0.0106156427465891,-0.004246290881451,0.0,63.45,63.26194779216306,63.80343297838998,63.16446644692507,63.35889383924191,62.857822599199984,62.94136460595392,62.65137492082352,62.9673333655205,63.23706753559068,-0.0029681864919176,0.0055548031814396,-0.0045102908874736,-0.0014369051519231,-0.0093768022836933,-0.0080486216985705,-0.0126665669965047,-0.0076361202534249,-0.0033615532992203
2025-11-21,62.78,64.07,0.0203396842371225,-0.0106156427465891,0.0,62.78,62.41702765209143,63.330948977404795,62.394624226302994,62.69590765429723,62.20112597045676,62.41880028397294,62.054580419248886,61.710601366783294,62.40316189043816,-0.0057984342232123,0.0087375836446881,-0.006157429969072,-0.0013403745765205,-0.0092634494136015,-0.0057700348139891,-0.0116222242886054,-0.0171808140824016,-0.006020606001049
2025-11-28,64.07,64.42,0.0054479082521227,0.0203396842371225,0.0,64.07,64.29378560865374,63.330574425212994,63.51737956614229,63.980498452893045,63.49157372330107,63.787110810758875,64.34809803538288,63.927689775996946,63.72075922080434,0.0034867440892806,-0.0116080148145556,-0.0086626732446454,-0.0013979103988393,-0.009069035828195,-0.0044250906197023,0.0043311413946952,-0.0022236382998886,-0.0054658357270776
2025-12-05,64.42,62.11,-0.0365171373318411,0.0054479082521227,0.0,64.42,63.995441180790465,64.40359561873373,63.8983559064687,64.32798110994992,63.935173452816215,64.08779194388413,64.29789729074132,64.1640161010788,64.06676866624245,-0.0066122946306172,-0.0002546797622926,-0.0081305120138084,-0.0014294423093138,-0.0075544886880023,-0.0051702514084993,-0.001897214737867,-0.0039815872121575,-0.0054983439512879
2025-12-12,62.11,61.35,-0.0123118354142911,-0.0365171373318411,0.0,62.11,62.07241554748846,62.69600196565179,61.596928265504694,62.02419925032856,61.76812017977433,63.25607966671732,61.941381609521954,62.59517435681293,61.65364492804811,-0.0006053103975054,0.0093906745314598,-0.0082950030948077,-0.0013823871882741,-0.0055196299025836,0.0182842376299923,-0.0027185266642989,0.0077811816116192,-0.0073746557880608
2025-12-19,61.35,63.7,0.0375893914211972,-0.0123118354142911,0.0,61.35,60.7779277981559,59.812578903081075,60.886235399964136,61.26338863784568,60.96813831433703,61.349107001839755,61.13674404127991,61.67000013554993,60.83785503340664,-0.0093684777316033,-0.0253791827708482,-0.0075880416923944,-0.0014127556137546,-0.006243766157424,-1.455590316973114e-05,-0.0034821102621061,0.0052024200444691,-0.0083829602484971
