week_ending_friday,site_id,pw_portcalls_tanker,pw_portcalls_cargo,pw_import_tanker,pw_export_tanker,gfw_n_visits,gfw_dwell_hrs_mean,gfw_dwell_hrs_median,gfw_self_loops,sar_detections_total,sar_detections_dark,sar_dark_share,avail_node
2019-01-04,P001,,,,,7.0,432.11439814814815,444.6430555555555,,,,,1
2019-01-04,P002,,,,,3.0,303.9893055555556,303.9893055555556,,,,,1
2019-01-04,P003,,,,,3.0,389.9144444444444,432.7575,,,,,1
2019-01-04,P004,,,,,4.0,508.7579166666667,508.7579166666667,,,,,1
2019-01-04,P005,,,,,1.0,373.1605555555555,373.1605555555555,,,,,1
2019-01-04,P006,,,,,22.0,498.97474537037033,483.2505555555556,,,,,1
2019-01-04,P007,,,,,,,,,,,,0
2019-01-04,P008,,,,,0.0,,,,,,,1
2019-01-04,P009,,,,,1.0,367.22,367.22,,,,,1
2019-01-04,P010,,,,,0.0,,,,,,,1
2019-01-04,P011,,,,,,,,,,,,0
2019-01-11,P001,0.0,0.0,0.0,0.0,17.0,315.60942708333334,284.6976388888889,,,,,1
2019-01-11,P002,0.0,0.0,0.0,0.0,8.0,237.38392361111113,204.7776388888889,,,,,1
2019-01-11,P003,0.0,0.0,0.0,0.0,2.0,265.49888888888887,265.49888888888887,,,,,1
2019-01-11,P004,0.0,0.0,0.0,0.0,17.0,229.5989074074074,196.985,,,,,1
2019-01-11,P005,0.0,0.0,0.0,0.0,7.0,288.7577380952381,269.5447222222222,,,,,1
2019-01-11,P006,0.0,0.0,0.0,0.0,31.0,274.6861522633745,220.35361111111112,,,,,1
2019-01-11,P007,0.0,0.0,0.0,0.0,,,,,,,,1
2019-01-11,P008,0.0,0.0,0.0,0.0,1.0,398.9488888888889,398.9488888888889,,,,,1
2019-01-11,P009,0.0,0.0,0.0,0.0,9.0,205.91188271604938,202.90583333333333,,,,,1
2019-01-11,P010,0.0,0.0,0.0,0.0,1.0,375.8269444444445,375.8269444444445,,,,,1
2019-01-11,P011,0.0,0.0,0.0,0.0,2.0,214.68458333333334,214.68458333333334,,,,,1
2019-01-18,P001,397.0,305.0,3097701.0,1411854.0,183.0,64.09122621240024,44.45666666666666,10.0,,,,1
2019-01-18,P002,52.0,7.0,532045.0,514887.0,57.0,41.876646825396826,17.440694444444446,9.0,,,,1
2019-01-18,P003,5.0,0.0,0.0,258055.0,15.0,66.51251851851852,45.022222222222226,,,,,1
2019-01-18,P004,556.0,352.0,4248124.0,3472667.0,460.0,34.531258775114985,21.963333333333335,23.0,,,,1
2019-01-18,P005,100.0,56.0,526517.0,1923849.0,38.0,77.71189327485381,60.34472222222222,,,,,1
2019-01-18,P006,72.0,222.0,1470843.0,425474.0,396.0,68.0025029010734,37.074444444444445,18.0,,,,1
2019-01-18,P007,6.0,1.0,2460.0,164466.0,3.0,117.91314814814815,63.29805555555556,1.0,,,,1
2019-01-18,P008,11.0,1.0,12105.0,1773197.0,11.0,122.23229797979798,39.843333333333334,,,,,1
2019-01-18,P009,234.0,76.0,2033930.0,1563235.0,69.0,56.08251243781094,36.29416666666667,5.0,,,,1
2019-01-18,P010,0.0,0.0,0.0,0.0,0.0,,,,,,,1
2019-01-18,P011,25.0,2.0,88883.0,972936.0,2.0,80.08444444444444,80.08444444444444,,,,,1
2019-01-25,P001,357.0,323.0,3072464.0,1058727.0,283.0,48.41665979583824,34.164722222222224,92.0,,,,1
2019-01-25,P002,39.0,12.0,247687.0,437759.0,85.0,43.585954248366015,16.90888888888889,13.0,,,,1
2019-01-25,P003,13.0,0.0,31691.0,1124983.0,22.0,167.44289682539682,74.0325,,,,,1
2019-01-25,P004,477.0,399.0,4316786.0,2447343.0,605.0,35.038779155188244,22.64666666666667,100.0,,,,1
2019-01-25,P005,109.0,49.0,1278828.0,2037775.0,48.0,74.95325231481482,39.594166666666666,2.0,,,,1
2019-01-25,P006,110.0,258.0,1335077.0,493991.0,482.0,58.48591772151899,31.510416666666664,130.0,,,,1
2019-01-25,P007,8.0,1.0,86915.0,228623.0,0.0,,,0.0,,,,1
2019-01-25,P008,14.0,0.0,117534.0,2665036.0,17.0,104.9940522875817,14.773333333333332,4.0,,,,1
2019-01-25,P009,238.0,77.0,2834543.0,1456008.0,75.0,38.78593703703704,17.09138888888889,16.0,,,,1
2019-01-25,P010,2.0,2.0,0.0,78335.0,4.0,118.95916666666668,112.72472222222223,1.0,,,,1
2019-01-25,P011,20.0,3.0,500679.0,841859.0,5.0,103.02516666666665,120.73222222222222,,,,,1
2019-02-01,P001,362.0,338.0,3113191.0,1192284.0,294.0,45.634029667422524,33.33916666666667,143.0,,,,1
2019-02-01,P002,55.0,10.0,537135.0,532633.0,107.0,45.63865264797508,16.72388888888889,25.0,,,,1
2019-02-01,P003,13.0,0.0,8785.0,1496935.0,25.0,125.48322916666666,47.27166666666666,1.0,,,,1
2019-02-01,P004,473.0,368.0,3466511.0,2295805.0,647.0,31.628450904392764,22.628888888888888,165.0,,,,1
2019-02-01,P005,102.0,53.0,608842.0,2112789.0,43.0,76.78048449612403,49.49388888888889,4.0,,,,1
2019-02-01,P006,95.0,265.0,1855908.0,274407.0,500.0,69.85065257565259,32.831944444444446,227.0,,,,1
2019-02-01,P007,2.0,1.0,931.0,0.0,0.0,,,0.0,,,,1
2019-02-01,P008,14.0,0.0,11830.0,2340481.0,9.0,28.913302469135804,19.57138888888889,4.0,,,,1
2019-02-01,P009,219.0,77.0,2142164.0,1490870.0,85.0,51.88813725490196,24.08944444444445,20.0,,,,1
2019-02-01,P010,4.0,0.0,0.0,424913.0,3.0,169.11342592592592,219.2397222222222,2.0,,,,1
2019-02-01,P011,17.0,4.0,106268.0,573843.0,7.0,156.0972619047619,55.87277777777778,,,,,1
2019-02-08,P001,376.0,337.0,3351755.0,1237481.0,304.0,47.95247076023392,34.269444444444446,163.0,,,,1
2019-02-08,P002,50.0,10.0,497827.0,477696.0,111.0,49.90573484848485,17.171527777777776,29.0,,,,1
2019-02-08,P003,11.0,0.0,28734.0,1175688.0,27.0,101.10095679012346,51.86694444444444,2.0,,,,1
2019-02-08,P004,477.0,370.0,4515955.0,2292456.0,639.0,31.52286381900769,21.885416666666664,212.0,,,,1
2019-02-08,P005,98.0,49.0,843737.0,2018388.0,50.0,81.05002222222222,45.49861111111111,3.0,,,,1
2019-02-08,P006,91.0,257.0,1525659.0,208895.0,515.0,114.5699797874798,39.23166666666667,270.0,,,,1
2019-02-08,P007,9.0,0.0,18861.0,138897.0,0.0,,,0.0,,,,1
2019-02-08,P008,17.0,0.0,168414.0,2914071.0,9.0,110.19021604938271,9.498055555555556,1.0,,,,1
2019-02-08,P009,237.0,85.0,2140105.0,1375898.0,73.0,35.62331430745814,17.227222222222224,34.0,,,,1
2019-02-08,P010,5.0,1.0,0.0,217140.0,2.0,102.11347222222221,102.11347222222221,1.0,,,,1
2019-02-08,P011,27.0,2.0,106025.0,613456.0,3.0,113.57249999999999,130.66666666666666,,,,,1
2019-02-15,P001,346.0,339.0,3308594.0,1366538.0,301.0,44.11935555555556,31.992916666666666,166.0,,,,1
2019-02-15,P002,53.0,10.0,530822.0,628992.0,109.0,51.185968399592255,20.765833333333333,27.0,,,,1
2019-02-15,P003,10.0,0.0,69783.0,1066378.0,17.0,134.03736928104576,56.1375,1.0,,,,1
2019-02-15,P004,500.0,369.0,3644441.0,3316355.0,615.0,33.18525417574437,21.765555555555558,256.0,,,,1
2019-02-15,P005,64.0,34.0,496840.0,1393991.0,43.0,97.1939599483204,54.833333333333336,9.0,,,,1
2019-02-15,P006,98.0,215.0,1335821.0,612560.0,395.0,175.564549365942,69.12791666666666,219.0,,,,1
2019-02-15,P007,10.0,0.0,33429.0,296309.0,1.0,219.37444444444444,219.37444444444444,0.0,,,,1
2019-02-15,P008,18.0,0.0,146319.0,2577713.0,15.0,44.02296296296297,10.826944444444443,5.0,,,,1
2019-02-15,P009,203.0,60.0,1858002.0,1257126.0,92.0,40.45855072463768,16.141805555555557,45.0,,,,1
2019-02-15,P010,4.0,0.0,0.0,473422.0,4.0,185.4623611111111,161.99694444444444,2.0,,,,1
2019-02-15,P011,30.0,1.0,112549.0,1241374.0,4.0,80.85930555555555,69.83569444444444,,,,,1
2019-02-22,P001,369.0,336.0,3538422.0,647331.0,319.0,48.065460342417886,35.44513888888889,206.0,,,,1
2019-02-22,P002,46.0,11.0,402727.0,420622.0,99.0,34.26479517396184,18.935555555555556,33.0,,,,1
2019-02-22,P003,3.0,0.0,25225.0,119780.0,19.0,94.00409356725146,42.83611111111111,4.0,,,,1
2019-02-22,P004,458.0,384.0,3947456.0,2266314.0,598.0,36.10241456582634,21.495555555555555,282.0,,,,1
2019-02-22,P005,134.0,71.0,674832.0,2730031.0,26.0,68.031047008547,48.055416666666666,3.0,,,,1
2019-02-22,P006,90.0,182.0,1487652.0,244953.0,204.0,110.2665235260771,52.48458333333333,92.0,,,,1
2019-02-22,P007,7.0,0.0,27258.0,227480.0,1.0,73.77277777777778,73.77277777777778,0.0,,,,1
2019-02-22,P008,14.0,0.0,7761.0,2565695.0,10.0,34.52544444444444,6.095416666666667,5.0,,,,1
2019-02-22,P009,234.0,75.0,2286396.0,1360081.0,62.0,83.7162795992714,24.99,29.0,,,,1
2019-02-22,P010,3.0,0.0,0.0,364974.0,2.0,71.56958333333333,71.56958333333333,1.0,,,,1
2019-02-22,P011,23.0,1.0,277655.0,896092.0,4.0,213.91256944444444,226.20347222222222,2.0,,,,1
2019-03-01,P001,369.0,339.0,3168945.0,1370582.0,296.0,43.325111674174174,29.410138888888888,192.0,104.0,14.0,0.1346153846153846,1
2019-03-01,P002,52.0,12.0,832608.0,604635.0,109.0,45.42754332313966,20.689444444444444,37.0,768.0,47.0,0.0611979166666666,1
2019-03-01,P003,6.0,0.0,26355.0,721048.0,27.0,149.0775205761317,89.39305555555555,3.0,248.0,72.0,0.2903225806451613,1
2019-03-01,P004,491.0,383.0,4302872.0,3321877.0,617.0,30.83842863595303,21.761111111111113,279.0,833.0,78.0,0.0936374549819928,1
2019-03-01,P005,81.0,37.0,480775.0,1934703.0,68.0,72.53161356209151,49.22902777777777,20.0,18.0,3.0,0.1666666666666666,1
2019-03-01,P006,86.0,192.0,1934263.0,238367.0,243.0,69.20203319502075,31.838055555555556,126.0,245.0,13.0,0.0530612244897959,1
2019-03-01,P007,4.0,0.0,0.0,123733.0,1.0,,,0.0,52.0,16.0,0.3076923076923077,1
2019-03-01,P008,15.0,0.0,297794.0,2857415.0,14.0,17.748730158730158,15.560694444444444,9.0,483.0,273.0,0.5652173913043478,1
2019-03-01,P009,224.0,81.0,2786887.0,1319494.0,87.0,44.397275132275134,21.314444444444447,44.0,306.0,44.0,0.1437908496732026,1
2019-03-01,P010,2.0,1.0,0.0,72839.0,2.0,250.28444444444446,250.28444444444446,1.0,113.0,93.0,0.8230088495575221,1
2019-03-01,P011,22.0,2.0,56127.0,886351.0,4.0,73.36277777777778,52.160694444444445,0.0,7.0,4.0,0.5714285714285714,1
2019-03-08,P001,386.0,341.0,3507455.0,1541731.0,309.0,44.804301510248116,31.760555555555555,210.0,104.0,14.0,0.1346153846153846,1
2019-03-08,P002,58.0,7.0,522951.0,641315.0,112.0,38.971912202380956,17.170277777777777,43.0,768.0,47.0,0.0611979166666666,1
2019-03-08,P003,13.0,0.0,52785.0,1229206.0,26.0,114.97082222222221,43.52194444444444,3.0,248.0,72.0,0.2903225806451613,1
2019-03-08,P004,475.0,359.0,2957434.0,2769777.0,563.0,36.521108626515606,22.924166666666668,299.0,833.0,78.0,0.0936374549819928,1
2019-03-08,P005,98.0,49.0,624396.0,2265017.0,36.0,87.16908950617284,59.50805555555556,10.0,18.0,3.0,0.1666666666666666,1
2019-03-08,P006,82.0,254.0,959215.0,201990.0,337.0,64.9567984651318,28.754444444444445,216.0,245.0,13.0,0.0530612244897959,1
2019-03-08,P007,9.0,0.0,3748.0,218441.0,0.0,,,0.0,52.0,16.0,0.3076923076923077,1
2019-03-08,P008,11.0,0.0,0.0,2384109.0,13.0,56.158568376068374,15.354722222222222,7.0,483.0,273.0,0.5652173913043478,1
2019-03-08,P009,204.0,91.0,2359216.0,1364949.0,92.0,53.417361111111106,20.238055555555555,47.0,306.0,44.0,0.1437908496732026,1
2019-03-08,P010,7.0,0.0,0.0,716545.0,3.0,126.9375,94.15444444444444,1.0,113.0,93.0,0.8230088495575221,1
2019-03-08,P011,25.0,1.0,193087.0,831757.0,2.0,89.6525,89.6525,0.0,7.0,4.0,0.5714285714285714,1
2019-03-15,P001,370.0,320.0,3166243.0,1137080.0,317.0,47.37024886084823,31.85388888888889,208.0,104.0,14.0,0.1346153846153846,1
2019-03-15,P002,61.0,7.0,547682.0,744449.0,100.0,39.01235,17.001805555555556,37.0,768.0,47.0,0.0611979166666666,1
2019-03-15,P003,14.0,0.0,80770.0,1060015.0,22.0,112.7992297979798,75.17736111111111,4.0,248.0,72.0,0.2903225806451613,1
2019-03-15,P004,500.0,370.0,3335653.0,3036519.0,584.0,33.078192058037416,21.548472222222223,317.0,833.0,78.0,0.0936374549819928,1
2019-03-15,P005,84.0,42.0,625813.0,1732439.0,44.0,105.50398358585858,85.69472222222223,15.0,18.0,3.0,0.1666666666666666,1
2019-03-15,P006,82.0,236.0,1330391.0,478138.0,466.0,60.23378893794457,31.48638888888889,313.0,245.0,13.0,0.0530612244897959,1
2019-03-15,P007,6.0,0.0,4490.0,249381.0,0.0,,,0.0,52.0,16.0,0.3076923076923077,1
2019-03-15,P008,16.0,0.0,2587.0,2990587.0,9.0,17.01398148148148,8.652777777777779,5.0,483.0,273.0,0.5652173913043478,1
2019-03-15,P009,212.0,72.0,1638326.0,1099646.0,98.0,46.48862528344671,17.890972222222224,50.0,306.0,44.0,0.1437908496732026,1
2019-03-15,P010,3.0,0.0,0.0,271071.0,2.0,112.46569444444444,112.46569444444444,2.0,113.0,93.0,0.8230088495575221,1
2019-03-15,P011,26.0,3.0,244418.0,926001.0,2.0,100.53819444444444,100.53819444444444,0.0,7.0,4.0,0.5714285714285714,1
2019-03-22,P001,335.0,310.0,3691763.0,1016250.0,302.0,46.57788631346578,32.19277777777778,221.0,104.0,14.0,0.1346153846153846,1
2019-03-22,P002,51.0,9.0,475392.0,508974.0,107.0,34.4096313603323,18.834722222222226,47.0,768.0,47.0,0.0611979166666666,1
2019-03-22,P003,9.0,0.0,132300.0,571079.0,20.0,139.25179824561405,90.50166666666668,4.0,248.0,72.0,0.2903225806451613,1
2019-03-22,P004,452.0,399.0,2947484.0,2021123.0,622.0,30.477273297491042,22.553888888888892,348.0,833.0,78.0,0.0936374549819928,1
2019-03-22,P005,116.0,45.0,722738.0,2634685.0,41.0,100.06911246612466,64.50166666666667,12.0,18.0,3.0,0.1666666666666666,1
2019-03-22,P006,96.0,266.0,1200175.0,215335.0,466.0,72.16561342592593,35.38305555555556,322.0,245.0,13.0,0.0530612244897959,1
2019-03-22,P007,5.0,0.0,0.0,120529.0,0.0,,,0.0,52.0,16.0,0.3076923076923077,1
2019-03-22,P008,14.0,0.0,2587.0,2541949.0,10.0,69.86219444444444,20.60194444444444,3.0,483.0,273.0,0.5652173913043478,1
2019-03-22,P009,207.0,75.0,2249612.0,1108500.0,73.0,53.38371141975309,16.163055555555555,42.0,306.0,44.0,0.1437908496732026,1
2019-03-22,P010,2.0,0.0,0.0,49601.0,3.0,13.465925925925925,12.95,2.0,113.0,93.0,0.8230088495575221,1
2019-03-22,P011,24.0,3.0,169416.0,708461.0,6.0,91.90356481481483,82.15013888888889,0.0,7.0,4.0,0.5714285714285714,1
2019-03-29,P001,354.0,314.0,3046871.0,1019183.0,277.0,54.680320898515845,36.24444444444445,197.0,107.0,16.0,0.1495327102803738,1
2019-03-29,P002,55.0,4.0,755891.0,596104.0,104.0,28.18173878205128,15.369166666666667,45.0,468.0,27.0,0.0576923076923076,1
2019-03-29,P003,12.0,0.0,50450.0,751965.0,25.0,120.0123111111111,48.736111111111114,5.0,188.0,48.0,0.2553191489361702,1
2019-03-29,P004,443.0,379.0,3412238.0,2502103.0,590.0,29.222144482366325,21.65277777777778,362.0,623.0,44.0,0.0706260032102728,1
2019-03-29,P005,105.0,56.0,545834.0,1930728.0,40.0,91.98140277777779,59.0,22.0,22.0,8.0,0.3636363636363636,1
2019-03-29,P006,95.0,261.0,2160906.0,214054.0,514.0,62.47705225522552,33.64416666666666,380.0,250.0,24.0,0.096,1
2019-03-29,P007,6.0,0.0,15201.0,83279.0,1.0,61.41166666666667,61.41166666666667,0.0,33.0,20.0,0.6060606060606061,1
2019-03-29,P008,14.0,1.0,283876.0,2584215.0,15.0,70.57331481481482,24.618333333333332,7.0,558.0,380.0,0.6810035842293907,1
2019-03-29,P009,233.0,65.0,2185461.0,1420330.0,63.0,53.47254032258065,24.882638888888888,40.0,251.0,19.0,0.0756972111553784,1
2019-03-29,P010,5.0,0.0,0.0,505008.0,4.0,119.830625,22.585416666666667,4.0,76.0,62.0,0.8157894736842105,1
2019-03-29,P011,27.0,5.0,518901.0,1162700.0,5.0,87.36011111111111,96.51638888888888,1.0,8.0,4.0,0.5,1
2019-04-05,P001,373.0,342.0,3312244.0,806135.0,290.0,42.95673779315648,29.126944444444444,211.0,107.0,16.0,0.1495327102803738,1
2019-04-05,P002,59.0,6.0,655585.0,714187.0,101.0,35.246259625962594,17.77611111111111,51.0,468.0,27.0,0.0576923076923076,1
2019-04-05,P003,1.0,1.0,0.0,95450.0,20.0,139.79331944444442,44.28930555555556,3.0,188.0,48.0,0.2553191489361702,1
2019-04-05,P004,481.0,375.0,3601387.0,2349829.0,588.0,29.613549593034264,21.69638888888889,354.0,623.0,44.0,0.0706260032102728,1
2019-04-05,P005,50.0,38.0,240555.0,1232255.0,57.0,99.43508771929825,46.07138888888889,26.0,22.0,8.0,0.3636363636363636,1
2019-04-05,P006,99.0,270.0,1254671.0,543971.0,505.0,71.6263888888889,34.41444444444444,386.0,250.0,24.0,0.096,1
2019-04-05,P007,9.0,0.0,33799.0,365670.0,2.0,179.49333333333334,179.49333333333334,0.0,33.0,20.0,0.6060606060606061,1
2019-04-05,P008,15.0,0.0,4069.0,2906944.0,6.0,9.253425925925926,10.289305555555554,4.0,558.0,380.0,0.6810035842293907,1
2019-04-05,P009,193.0,79.0,2249922.0,1412604.0,70.0,52.82210317460317,15.923194444444444,48.0,251.0,19.0,0.0756972111553784,1
2019-04-05,P010,3.0,1.0,0.0,669193.0,2.0,53.16111111111111,53.16111111111111,2.0,76.0,62.0,0.8157894736842105,1
2019-04-05,P011,24.0,2.0,190808.0,729790.0,6.0,61.8325462962963,55.715833333333336,0.0,8.0,4.0,0.5,1
2019-04-12,P001,396.0,330.0,3053732.0,1139770.0,314.0,44.393425630102946,29.25111111111111,226.0,107.0,16.0,0.1495327102803738,1
2019-04-12,P002,53.0,6.0,567651.0,625257.0,101.0,37.70479922992299,19.524444444444445,41.0,468.0,27.0,0.0576923076923076,1
2019-04-12,P003,8.0,0.0,140539.0,632176.0,23.0,99.4727657004831,48.20027777777778,5.0,188.0,48.0,0.2553191489361702,1
2019-04-12,P004,459.0,399.0,3127003.0,2177262.0,603.0,32.76452559821925,21.58944444444445,359.0,623.0,44.0,0.0706260032102728,1
2019-04-12,P005,78.0,45.0,487513.0,1519506.0,34.0,83.33599673202615,44.43291666666667,15.0,22.0,8.0,0.3636363636363636,1
2019-04-12,P006,108.0,269.0,1951365.0,152763.0,495.0,64.7213871671258,31.42402777777778,387.0,250.0,24.0,0.096,1
2019-04-12,P007,11.0,0.0,22855.0,338706.0,0.0,,,0.0,33.0,20.0,0.6060606060606061,1
2019-04-12,P008,14.0,0.0,4068.0,2182052.0,15.0,15.588314814814815,8.215555555555556,8.0,558.0,380.0,0.6810035842293907,1
2019-04-12,P009,202.0,85.0,1652054.0,1201098.0,79.0,39.51257834757835,15.6375,49.0,251.0,19.0,0.0756972111553784,1
2019-04-12,P010,3.0,0.0,0.0,144301.0,2.0,20.042361111111113,20.042361111111113,0.0,76.0,62.0,0.8157894736842105,1
2019-04-12,P011,19.0,1.0,418738.0,482003.0,3.0,62.03499999999999,54.13111111111111,0.0,8.0,4.0,0.5,1
2019-04-19,P001,381.0,342.0,2430007.0,1481991.0,295.0,42.866412429378535,30.267777777777777,227.0,107.0,16.0,0.1495327102803738,1
2019-04-19,P002,54.0,8.0,532569.0,725036.0,92.0,48.48541968599034,17.0775,46.0,468.0,27.0,0.0576923076923076,1
2019-04-19,P003,14.0,0.0,122174.0,1508463.0,23.0,67.22874396135266,44.75805555555556,4.0,188.0,48.0,0.2553191489361702,1
2019-04-19,P004,497.0,387.0,3627996.0,2208545.0,600.0,32.61248366013072,22.99888888888889,379.0,623.0,44.0,0.0706260032102728,1
2019-04-19,P005,110.0,56.0,714542.0,2583608.0,41.0,86.33626016260163,67.6825,20.0,22.0,8.0,0.3636363636363636,1
2019-04-19,P006,90.0,243.0,1265021.0,192482.0,492.0,63.373645264116576,33.625416666666666,385.0,250.0,24.0,0.096,1
2019-04-19,P007,3.0,0.0,18940.0,61770.0,2.0,61.21083333333333,61.21083333333333,1.0,33.0,20.0,0.6060606060606061,1
2019-04-19,P008,16.0,0.0,7761.0,2899029.0,24.0,40.818888888888885,18.78597222222222,11.0,558.0,380.0,0.6810035842293907,1
2019-04-19,P009,206.0,78.0,1922156.0,1300014.0,89.0,44.40781210986267,13.429166666666667,49.0,251.0,19.0,0.0756972111553784,1
2019-04-19,P010,2.0,0.0,0.0,387366.0,1.0,7.043888888888889,7.043888888888889,1.0,76.0,62.0,0.8157894736842105,1
2019-04-19,P011,32.0,2.0,283887.0,1434854.0,6.0,100.83013888888888,91.98555555555555,0.0,8.0,4.0,0.5,1
2019-04-26,P001,346.0,336.0,2910095.0,919461.0,306.0,47.68437454611474,32.41611111111111,229.0,107.0,16.0,0.1495327102803738,1
2019-04-26,P002,56.0,13.0,482124.0,589558.0,102.0,27.4799128540305,16.353194444444444,48.0,468.0,27.0,0.0576923076923076,1
2019-04-26,P003,16.0,0.0,88089.0,1231233.0,21.0,49.024537037037035,34.24333333333333,7.0,188.0,48.0,0.2553191489361702,1
2019-04-26,P004,479.0,367.0,4275301.0,2610898.0,636.0,31.409911496670173,21.789166666666667,391.0,623.0,44.0,0.0706260032102728,1
2019-04-26,P005,113.0,59.0,601191.0,2542799.0,53.0,72.71867521367521,59.804583333333326,26.0,22.0,8.0,0.3636363636363636,1
2019-04-26,P006,104.0,263.0,1304727.0,282893.0,488.0,72.23755092592593,43.439722222222215,385.0,250.0,24.0,0.096,1
2019-04-26,P007,10.0,1.0,23500.0,283392.0,1.0,211.56722222222223,211.56722222222223,0.0,33.0,20.0,0.6060606060606061,1
2019-04-26,P008,16.0,0.0,2587.0,3225107.0,7.0,54.20448412698413,33.78055555555556,2.0,558.0,380.0,0.6810035842293907,1
2019-04-26,P009,213.0,76.0,2138604.0,1240176.0,83.0,53.45274431057563,18.90194444444445,52.0,251.0,19.0,0.0756972111553784,1
2019-04-26,P010,5.0,0.0,0.0,447650.0,3.0,28.74138888888889,18.45611111111111,3.0,76.0,62.0,0.8157894736842105,1
2019-04-26,P011,26.0,1.0,129135.0,1058553.0,3.0,91.19583333333334,61.511944444444445,1.0,8.0,4.0,0.5,1
2019-05-03,P001,339.0,306.0,3168047.0,1184767.0,307.0,45.70447792254796,34.12888888888889,241.0,168.0,19.0,0.1130952380952381,1
2019-05-03,P002,66.0,8.0,711414.0,930773.0,107.0,42.2605036344756,20.753333333333337,57.0,895.0,44.0,0.0491620111731843,1
2019-05-03,P003,10.0,0.0,26796.0,658304.0,22.0,92.78979797979798,38.35166666666667,4.0,257.0,64.0,0.2490272373540856,1
2019-05-03,P004,466.0,381.0,3553192.0,2329017.0,610.0,32.103651188501935,22.286944444444444,383.0,980.0,91.0,0.0928571428571428,1
2019-05-03,P005,100.0,48.0,753066.0,1976542.0,57.0,73.51681286549707,50.08,25.0,29.0,11.0,0.3793103448275862,1
2019-05-03,P006,77.0,218.0,1513780.0,291580.0,515.0,60.03007999123383,34.81138888888889,396.0,739.0,63.0,0.0852503382949932,1
2019-05-03,P007,15.0,1.0,124904.0,471843.0,0.0,,,0.0,47.0,26.0,0.5531914893617021,1
2019-05-03,P008,15.0,0.0,12935.0,2592535.0,13.0,22.457179487179488,6.521111111111111,6.0,568.0,347.0,0.6109154929577465,1
2019-05-03,P009,211.0,84.0,2140267.0,1341846.0,79.0,42.720295358649786,21.179166666666667,48.0,208.0,24.0,0.1153846153846153,1
2019-05-03,P010,0.0,0.0,0.0,0.0,0.0,,,0.0,75.0,64.0,0.8533333333333334,1
2019-05-03,P011,25.0,2.0,201388.0,875168.0,4.0,124.50055555555556,116.26847222222221,2.0,1.0,0.0,0.0,1
2019-05-10,P001,355.0,324.0,2173282.0,816318.0,276.0,54.71333031400967,37.15875,210.0,168.0,19.0,0.1130952380952381,1
2019-05-10,P002,50.0,9.0,339236.0,672417.0,117.0,28.472866379310343,14.759166666666665,55.0,895.0,44.0,0.0491620111731843,1
2019-05-10,P003,16.0,1.0,71593.0,1105627.0,24.0,68.99847222222222,51.73319444444444,7.0,257.0,64.0,0.2490272373540856,1
2019-05-10,P004,478.0,365.0,4001487.0,2195155.0,296.0,29.612881708238852,20.44708333333333,186.0,980.0,91.0,0.0928571428571428,1
2019-05-10,P005,116.0,53.0,791243.0,2294268.0,46.0,70.42407608695653,46.39541666666666,20.0,29.0,11.0,0.3793103448275862,1
2019-05-10,P006,81.0,238.0,1452311.0,253685.0,539.0,69.3290068134172,44.221111111111114,433.0,739.0,63.0,0.0852503382949932,1
2019-05-10,P007,22.0,1.0,101849.0,715446.0,0.0,,,0.0,47.0,26.0,0.5531914893617021,1
2019-05-10,P008,14.0,0.0,6376.0,2469543.0,9.0,13.428576388888889,6.1906944444444445,4.0,568.0,347.0,0.6109154929577465,1
2019-05-10,P009,215.0,92.0,2367932.0,1150833.0,84.0,49.88567791005291,20.035,53.0,208.0,24.0,0.1153846153846153,1
2019-05-10,P010,1.0,1.0,0.0,0.0,0.0,,,0.0,75.0,64.0,0.8533333333333334,1
2019-05-10,P011,28.0,4.0,413868.0,973960.0,4.0,98.14756944444446,86.69777777777779,0.0,1.0,0.0,0.0,1
2019-05-17,P001,362.0,323.0,3278099.0,969668.0,302.0,44.01694444444445,31.647916666666667,234.0,168.0,19.0,0.1130952380952381,1
2019-05-17,P002,54.0,8.0,753348.0,555059.0,125.0,32.63590725806451,17.396944444444443,67.0,895.0,44.0,0.0491620111731843,1
2019-05-17,P003,16.0,0.0,72580.0,1746769.0,28.0,84.90536008230453,43.99805555555555,5.0,257.0,64.0,0.2490272373540856,1
2019-05-17,P004,493.0,398.0,4495785.0,2373766.0,0.0,,,0.0,980.0,91.0,0.0928571428571428,1
2019-05-17,P005,98.0,46.0,650839.0,1775132.0,50.0,75.91902777777777,52.93805555555556,21.0,29.0,11.0,0.3793103448275862,1
2019-05-17,P006,99.0,296.0,1139630.0,228574.0,550.0,61.882895871842265,33.651944444444446,449.0,739.0,63.0,0.0852503382949932,1
2019-05-17,P007,18.0,1.0,125891.0,455857.0,2.0,94.31541666666666,94.31541666666666,0.0,47.0,26.0,0.5531914893617021,1
2019-05-17,P008,16.0,0.0,10348.0,2420296.0,14.0,88.79900793650793,6.926111111111111,9.0,568.0,347.0,0.6109154929577465,1
2019-05-17,P009,226.0,89.0,2305089.0,1468418.0,96.0,41.47906828703704,18.901666666666667,58.0,208.0,24.0,0.1153846153846153,1
2019-05-17,P010,2.0,0.0,0.0,0.0,4.0,170.36375,48.08708333333333,2.0,75.0,64.0,0.8533333333333334,1
2019-05-17,P011,31.0,1.0,152538.0,1068828.0,3.0,50.346296296296295,46.61472222222222,0.0,1.0,0.0,0.0,1
2019-05-24,P001,358.0,343.0,2391291.0,706775.0,289.0,46.26648981161092,32.66305555555556,222.0,168.0,19.0,0.1130952380952381,1
2019-05-24,P002,58.0,9.0,425376.0,946810.0,111.0,37.02464898989899,17.555972222222223,58.0,895.0,44.0,0.0491620111731843,1
2019-05-24,P003,18.0,0.0,77578.0,1320034.0,26.0,116.5372329059829,64.50930555555556,4.0,257.0,64.0,0.2490272373540856,1
2019-05-24,P004,491.0,384.0,3725874.0,3127145.0,1.0,,,1.0,980.0,91.0,0.0928571428571428,1
2019-05-24,P005,88.0,48.0,668254.0,2008399.0,48.0,85.18278935185185,60.75555555555555,23.0,29.0,11.0,0.3793103448275862,1
2019-05-24,P006,87.0,221.0,1241572.0,180634.0,528.0,61.40451429185472,32.16638888888889,438.0,739.0,63.0,0.0852503382949932,1
2019-05-24,P007,7.0,1.0,49281.0,351254.0,1.0,173.61527777777778,173.61527777777778,0.0,47.0,26.0,0.5531914893617021,1
2019-05-24,P008,14.0,0.0,2587.0,3122757.0,15.0,34.29937037037037,13.47222222222222,8.0,568.0,347.0,0.6109154929577465,1
2019-05-24,P009,224.0,78.0,2310035.0,1308213.0,92.0,52.60573870573871,17.285555555555554,44.0,208.0,24.0,0.1153846153846153,1
2019-05-24,P010,4.0,0.0,0.0,258157.0,2.0,50.361666666666665,50.361666666666665,2.0,75.0,64.0,0.8533333333333334,1
2019-05-24,P011,29.0,1.0,118135.0,1142028.0,1.0,25.16805555555555,25.16805555555555,0.0,1.0,0.0,0.0,1
2019-05-31,P001,357.0,315.0,3108498.0,1272863.0,316.0,44.53501494374121,32.84625,245.0,227.0,29.0,0.1277533039647577,1
2019-05-31,P002,50.0,6.0,527771.0,632143.0,105.0,25.799722222222222,15.361805555555556,59.0,832.0,49.0,0.0588942307692307,1
2019-05-31,P003,13.0,0.0,50388.0,1103848.0,22.0,76.86859848484848,45.06263888888889,6.0,275.0,40.0,0.1454545454545454,1
2019-05-31,P004,477.0,375.0,3963487.0,2781811.0,0.0,,,0.0,591.0,49.0,0.0829103214890017,1
2019-05-31,P005,113.0,53.0,1008924.0,2362717.0,46.0,72.6740881642512,44.373333333333335,20.0,25.0,6.0,0.24,1
2019-05-31,P006,90.0,291.0,1630907.0,161364.0,572.0,69.83454763302034,37.27125,477.0,584.0,51.0,0.0873287671232876,1
2019-05-31,P007,6.0,0.0,27209.0,144083.0,0.0,,,0.0,29.0,17.0,0.5862068965517241,1
2019-05-31,P008,15.0,0.0,5174.0,2907317.0,11.0,36.24088383838384,9.570555555555556,11.0,932.0,624.0,0.6695278969957081,1
2019-05-31,P009,242.0,73.0,2339167.0,1491320.0,79.0,39.822331223628694,17.636111111111113,56.0,245.0,39.0,0.1591836734693877,1
2019-05-31,P010,1.0,0.0,0.0,0.0,1.0,91.00694444444444,91.00694444444444,1.0,73.0,58.0,0.7945205479452054,1
2019-05-31,P011,25.0,2.0,211184.0,598214.0,5.0,113.92288888888888,56.22944444444445,1.0,9.0,4.0,0.4444444444444444,1
2019-06-07,P001,358.0,302.0,3480692.0,653741.0,290.0,44.1348106497501,31.198333333333338,228.0,227.0,29.0,0.1277533039647577,1
2019-06-07,P002,56.0,12.0,583459.0,671612.0,102.0,34.14166938997821,14.925416666666667,54.0,832.0,49.0,0.0588942307692307,1
2019-06-07,P003,19.0,0.0,38368.0,1186497.0,21.0,91.03587301587301,40.51138888888889,3.0,275.0,40.0,0.1454545454545454,1
2019-06-07,P004,488.0,379.0,3334333.0,3166806.0,0.0,,,0.0,591.0,49.0,0.0829103214890017,1
2019-06-07,P005,111.0,48.0,780667.0,2074074.0,51.0,66.88071895424837,45.35527777777778,26.0,25.0,6.0,0.24,1
2019-06-07,P006,93.0,268.0,1397030.0,203039.0,520.0,57.60428798858147,30.846805555555555,427.0,584.0,51.0,0.0873287671232876,1
2019-06-07,P007,14.0,1.0,4920.0,491186.0,0.0,,,0.0,29.0,17.0,0.5862068965517241,1
2019-06-07,P008,12.0,0.0,2587.0,2658240.0,12.0,19.187129629629627,13.006388888888889,8.0,932.0,624.0,0.6695278969957081,1
2019-06-07,P009,202.0,93.0,1557812.0,1299240.0,76.0,51.175113304093564,15.534722222222221,50.0,245.0,39.0,0.1591836734693877,1
2019-06-07,P010,1.0,0.0,0.0,72839.0,0.0,,,0.0,73.0,58.0,0.7945205479452054,1
2019-06-07,P011,40.0,3.0,735543.0,1463429.0,3.0,195.36018518518517,109.135,1.0,9.0,4.0,0.4444444444444444,1
2019-06-14,P001,308.0,328.0,2750185.0,1146699.0,266.0,46.42020363408521,33.79222222222222,222.0,227.0,29.0,0.1277533039647577,1
2019-06-14,P002,48.0,9.0,390585.0,715827.0,132.0,34.20062340966921,15.66611111111111,74.0,832.0,49.0,0.0588942307692307,1
2019-06-14,P003,20.0,0.0,62476.0,1800226.0,24.0,96.93840277777777,49.57277777777777,4.0,275.0,40.0,0.1454545454545454,1
2019-06-14,P004,515.0,370.0,4709120.0,2833701.0,1.0,,,1.0,591.0,49.0,0.0829103214890017,1
2019-06-14,P005,103.0,55.0,455682.0,2507164.0,44.0,64.65854166666666,40.883472222222224,24.0,25.0,6.0,0.24,1
2019-06-14,P006,112.0,256.0,1823547.0,269025.0,546.0,64.23917708984783,31.826944444444443,434.0,584.0,51.0,0.0873287671232876,1
2019-06-14,P007,7.0,2.0,100680.0,150941.0,1.0,88.22833333333334,88.22833333333334,0.0,29.0,17.0,0.5862068965517241,1
2019-06-14,P008,16.0,0.0,2587.0,2928574.0,10.0,22.897438271604937,7.1113888888888885,4.0,932.0,624.0,0.6695278969957081,1
2019-06-14,P009,209.0,82.0,1881776.0,1209108.0,98.0,53.55777210884354,20.73569444444444,61.0,245.0,39.0,0.1591836734693877,1
2019-06-14,P010,2.0,0.0,0.0,138805.0,1.0,42.00194444444445,42.00194444444445,0.0,73.0,58.0,0.7945205479452054,1
2019-06-14,P011,31.0,1.0,415154.0,985324.0,3.0,110.0387962962963,139.015,2.0,9.0,4.0,0.4444444444444444,1
2019-06-21,P001,360.0,306.0,3075234.0,825744.0,300.0,46.82629691564474,31.66111111111111,243.0,227.0,29.0,0.1277533039647577,1
2019-06-21,P002,57.0,9.0,329840.0,688269.0,105.0,33.505772486772486,17.835,56.0,832.0,49.0,0.0588942307692307,1
2019-06-21,P003,14.0,0.0,47633.0,1147694.0,19.0,83.54824561403508,47.24722222222222,5.0,275.0,40.0,0.1454545454545454,1
2019-06-21,P004,508.0,381.0,3777807.0,2571149.0,0.0,,,0.0,591.0,49.0,0.0829103214890017,1
2019-06-21,P005,110.0,54.0,753733.0,2331107.0,49.0,82.42380385487527,42.74916666666667,26.0,25.0,6.0,0.24,1
2019-06-21,P006,96.0,278.0,1145665.0,244584.0,552.0,61.64052070520705,34.24291666666667,459.0,584.0,51.0,0.0873287671232876,1
2019-06-21,P007,8.0,0.0,161212.0,69352.0,1.0,77.69722222222222,77.69722222222222,1.0,29.0,17.0,0.5862068965517241,1
2019-06-21,P008,14.0,0.0,2587.0,2450597.0,13.0,87.71615384615384,61.859722222222224,9.0,932.0,624.0,0.6695278969957081,1
2019-06-21,P009,225.0,88.0,2487345.0,1157836.0,85.0,65.14470588235294,16.773333333333333,56.0,245.0,39.0,0.1591836734693877,1
2019-06-21,P010,1.0,0.0,0.0,95226.0,1.0,,,0.0,73.0,58.0,0.7945205479452054,1
2019-06-21,P011,32.0,2.0,767168.0,1424979.0,1.0,48.888888888888886,48.888888888888886,0.0,9.0,4.0,0.4444444444444444,1
2019-06-28,P001,324.0,326.0,2484390.0,749401.0,285.0,46.25440923317684,33.757083333333334,227.0,200.0,20.0,0.1,1
2019-06-28,P002,49.0,6.0,446546.0,836721.0,104.0,35.297839209401715,19.495555555555555,67.0,874.0,49.0,0.0560640732265446,1
2019-06-28,P003,12.0,0.0,47633.0,1108352.0,23.0,77.36247584541063,34.155,7.0,268.0,33.0,0.1231343283582089,1
2019-06-28,P004,490.0,376.0,2999645.0,2437651.0,0.0,,,0.0,824.0,74.0,0.0898058252427184,1
2019-06-28,P005,101.0,51.0,675812.0,1948306.0,52.0,71.05667735042735,42.47833333333333,34.0,28.0,8.0,0.2857142857142857,1
2019-06-28,P006,94.0,271.0,1482065.0,242366.0,526.0,68.19400086132644,34.759166666666665,440.0,620.0,55.0,0.0887096774193548,1
2019-06-28,P007,9.0,1.0,18861.0,204434.0,0.0,,,0.0,49.0,19.0,0.3877551020408163,1
2019-06-28,P008,16.0,0.0,0.0,2490052.0,8.0,118.66697916666666,14.047361111111112,5.0,757.0,543.0,0.7173051519154557,1
2019-06-28,P009,222.0,88.0,1950017.0,1229204.0,89.0,42.76384831460674,22.255555555555556,52.0,285.0,32.0,0.1122807017543859,1
2019-06-28,P010,4.0,0.0,0.0,211644.0,2.0,92.06861111111111,92.06861111111111,0.0,118.0,99.0,0.8389830508474576,1
2019-06-28,P011,22.0,3.0,61857.0,1110893.0,3.0,72.5087962962963,65.59722222222223,1.0,12.0,8.0,0.6666666666666666,1
2019-07-05,P001,357.0,324.0,2296574.0,966385.0,294.0,43.9057252559727,31.916666666666668,243.0,200.0,20.0,0.1,1
2019-07-05,P002,60.0,5.0,764633.0,1006438.0,90.0,32.50080492424242,20.41611111111111,47.0,874.0,49.0,0.0560640732265446,1
2019-07-05,P003,17.0,0.0,262461.0,1679538.0,22.0,122.49935606060605,46.407222222222224,6.0,268.0,33.0,0.1231343283582089,1
2019-07-05,P004,494.0,375.0,3910795.0,2397747.0,0.0,,,0.0,824.0,74.0,0.0898058252427184,1
2019-07-05,P005,84.0,45.0,564434.0,1829428.0,47.0,67.39712174940898,47.24527777777778,27.0,28.0,8.0,0.2857142857142857,1
2019-07-05,P006,97.0,274.0,1335248.0,258920.0,528.0,64.2725723712218,33.20875,449.0,620.0,55.0,0.0887096774193548,1
2019-07-05,P007,8.0,1.0,33621.0,203821.0,0.0,,,0.0,49.0,19.0,0.3877551020408163,1
2019-07-05,P008,20.0,0.0,5174.0,3183097.0,9.0,41.192129629629626,12.516944444444444,5.0,757.0,543.0,0.7173051519154557,1
2019-07-05,P009,210.0,82.0,2488431.0,1254453.0,91.0,51.16476800976801,20.424166666666668,58.0,285.0,32.0,0.1122807017543859,1
2019-07-05,P010,1.0,0.0,0.0,95226.0,2.0,24.328194444444442,24.328194444444442,2.0,118.0,99.0,0.8389830508474576,1
2019-07-05,P011,33.0,3.0,321623.0,1439468.0,4.0,55.11854166666667,54.42875,0.0,12.0,8.0,0.6666666666666666,1
2019-07-12,P001,356.0,324.0,2776781.0,1138458.0,306.0,37.85576593806921,28.889722222222225,250.0,200.0,20.0,0.1,1
2019-07-12,P002,51.0,6.0,465203.0,851986.0,97.0,25.824684994272623,14.713055555555556,61.0,874.0,49.0,0.0560640732265446,1
2019-07-12,P003,14.0,0.0,152906.0,703795.0,27.0,75.12069444444444,46.83611111111111,9.0,268.0,33.0,0.1231343283582089,1
2019-07-12,P004,495.0,380.0,3685233.0,2571425.0,1.0,,,1.0,824.0,74.0,0.0898058252427184,1
2019-07-12,P005,101.0,44.0,439586.0,2426864.0,44.0,71.89724116161617,47.46680555555555,22.0,28.0,8.0,0.2857142857142857,1
2019-07-12,P006,104.0,271.0,1402779.0,253606.0,515.0,66.04838418635171,32.214305555555555,431.0,620.0,55.0,0.0887096774193548,1
2019-07-12,P007,8.0,2.0,16987.0,265785.0,0.0,,,0.0,49.0,19.0,0.3877551020408163,1
2019-07-12,P008,10.0,0.0,5174.0,1986396.0,13.0,127.52143162393162,25.541944444444443,7.0,757.0,543.0,0.7173051519154557,1
2019-07-12,P009,199.0,77.0,2210920.0,1120030.0,87.0,54.18394056847546,15.517222222222223,62.0,285.0,32.0,0.1122807017543859,1
2019-07-12,P010,1.0,0.0,0.0,81577.0,3.0,59.458333333333336,59.458333333333336,2.0,118.0,99.0,0.8389830508474576,1
2019-07-12,P011,36.0,0.0,678778.0,1575192.0,3.0,104.73675925925926,53.66166666666667,0.0,12.0,8.0,0.6666666666666666,1
2019-07-19,P001,345.0,338.0,3202948.0,737616.0,303.0,41.89580766409975,31.302222222222223,236.0,200.0,20.0,0.1,1
2019-07-19,P002,47.0,10.0,547847.0,687209.0,101.0,37.708844444444445,17.73902777777778,57.0,874.0,49.0,0.0560640732265446,1
2019-07-19,P003,13.0,0.0,148391.0,1142971.0,16.0,72.33647569444445,43.840694444444445,7.0,268.0,33.0,0.1231343283582089,1
2019-07-19,P004,493.0,388.0,3598517.0,2094893.0,0.0,,,0.0,824.0,74.0,0.0898058252427184,1
2019-07-19,P005,93.0,50.0,831740.0,1806403.0,44.0,84.71287247474748,43.90375,26.0,28.0,8.0,0.2857142857142857,1
2019-07-19,P006,114.0,268.0,1341001.0,327602.0,539.0,60.33580822347771,31.412777777777777,474.0,620.0,55.0,0.0887096774193548,1
2019-07-19,P007,4.0,1.0,3748.0,136947.0,0.0,,,0.0,49.0,19.0,0.3877551020408163,1
2019-07-19,P008,15.0,0.0,6655.0,2705353.0,10.0,46.08938888888889,15.56722222222222,5.0,757.0,543.0,0.7173051519154557,1
2019-07-19,P009,201.0,75.0,2282035.0,1191971.0,90.0,38.412836419753084,18.174305555555556,60.0,285.0,32.0,0.1122807017543859,1
2019-07-19,P010,2.0,0.0,0.0,95226.0,3.0,239.9537037037037,198.67361111111111,1.0,118.0,99.0,0.8389830508474576,1
2019-07-19,P011,24.0,1.0,328350.0,1261443.0,4.0,138.18124999999998,118.05666666666666,0.0,12.0,8.0,0.6666666666666666,1
2019-07-26,P001,376.0,321.0,2665200.0,1103379.0,315.0,45.24364826610049,30.62708333333333,263.0,200.0,20.0,0.1,1
2019-07-26,P002,54.0,8.0,650982.0,785640.0,100.0,27.134036111111108,15.965,57.0,874.0,49.0,0.0560640732265446,1
2019-07-26,P003,17.0,0.0,63388.0,1537609.0,34.0,111.46489898989898,54.01833333333333,13.0,268.0,33.0,0.1231343283582089,1
2019-07-26,P004,458.0,386.0,3111667.0,2621806.0,0.0,,,0.0,824.0,74.0,0.0898058252427184,1
2019-07-26,P005,105.0,47.0,692544.0,2799156.0,47.0,55.63946808510638,37.15833333333333,22.0,28.0,8.0,0.2857142857142857,1
2019-07-26,P006,89.0,250.0,1457344.0,419795.0,494.0,61.817172291092746,33.261944444444445,426.0,620.0,55.0,0.0887096774193548,1
2019-07-26,P007,4.0,2.0,16660.0,161762.0,0.0,,,0.0,49.0,19.0,0.3877551020408163,1
2019-07-26,P008,13.0,0.0,0.0,2111406.0,13.0,103.8098717948718,18.255277777777778,7.0,757.0,543.0,0.7173051519154557,1
2019-07-26,P009,158.0,72.0,1527009.0,678179.0,84.0,43.40194775132275,15.444166666666668,60.0,285.0,32.0,0.1122807017543859,1
2019-07-26,P010,2.0,1.0,0.0,145678.0,1.0,385.13722222222225,385.13722222222225,0.0,118.0,99.0,0.8389830508474576,1
2019-07-26,P011,29.0,3.0,479984.0,1379856.0,2.0,105.24166666666667,105.24166666666667,1.0,12.0,8.0,0.6666666666666666,1
2019-08-02,P001,352.0,281.0,2266422.0,887180.0,291.0,41.907044061302685,29.303333333333335,246.0,190.0,20.0,0.1052631578947368,1
2019-08-02,P002,49.0,8.0,389481.0,543014.0,119.0,31.391218487394955,16.752222222222223,75.0,773.0,38.0,0.0491591203104786,1
2019-08-02,P003,17.0,0.0,136297.0,734949.0,29.0,104.38999042145593,50.798611111111114,9.0,261.0,30.0,0.1149425287356321,1
2019-08-02,P004,513.0,386.0,3829416.0,2269717.0,0.0,,,0.0,889.0,49.0,0.0551181102362204,1
2019-08-02,P005,103.0,47.0,608529.0,2146512.0,47.0,87.21179078014184,48.04888888888889,28.0,30.0,8.0,0.2666666666666666,1
2019-08-02,P006,110.0,274.0,2112873.0,310516.0,453.0,70.04140265265265,35.04486111111111,396.0,627.0,51.0,0.0813397129186602,1
2019-08-02,P007,6.0,1.0,15113.0,253360.0,0.0,,,0.0,72.0,26.0,0.3611111111111111,1
2019-08-02,P008,14.0,0.0,7761.0,2625425.0,16.0,31.331076388888892,11.979166666666668,12.0,777.0,582.0,0.749034749034749,1
2019-08-02,P009,273.0,93.0,2339941.0,1278817.0,78.0,33.28071581196581,15.015138888888892,51.0,317.0,37.0,0.1167192429022082,1
2019-08-02,P010,2.0,0.0,0.0,185318.0,3.0,17.87037037037037,20.680555555555557,2.0,90.0,73.0,0.8111111111111111,1
2019-08-02,P011,38.0,1.0,443764.0,1472429.0,5.0,123.2772222222222,107.49972222222222,1.0,4.0,1.0,0.25,1
2019-08-09,P001,339.0,331.0,2683716.0,886107.0,271.0,39.79596760967609,30.040555555555557,234.0,190.0,20.0,0.1052631578947368,1
2019-08-09,P002,48.0,4.0,559225.0,581088.0,90.0,29.63125617283951,15.039722222222222,51.0,773.0,38.0,0.0491591203104786,1
2019-08-09,P003,21.0,0.0,94197.0,2013932.0,19.0,60.07948830409357,40.455,8.0,261.0,30.0,0.1149425287356321,1
2019-08-09,P004,484.0,364.0,3342480.0,2772493.0,0.0,,,0.0,889.0,49.0,0.0551181102362204,1
2019-08-09,P005,96.0,46.0,778121.0,1717192.0,44.0,60.28599116161616,39.227222222222224,26.0,30.0,8.0,0.2666666666666666,1
2019-08-09,P006,88.0,261.0,1003508.0,281743.0,624.0,62.043068243610655,29.664722222222224,543.0,627.0,51.0,0.0813397129186602,1
2019-08-09,P007,8.0,2.0,75792.0,114361.0,1.0,84.34777777777778,84.34777777777778,1.0,72.0,26.0,0.3611111111111111,1
2019-08-09,P008,14.0,0.0,0.0,2743769.0,10.0,47.12038888888889,11.218888888888888,6.0,777.0,582.0,0.749034749034749,1
2019-08-09,P009,226.0,97.0,2094754.0,1490665.0,105.0,54.22769312169312,21.58111111111111,83.0,317.0,37.0,0.1167192429022082,1
2019-08-09,P010,3.0,0.0,0.0,192166.0,0.0,,,0.0,90.0,73.0,0.8111111111111111,1
2019-08-09,P011,32.0,1.0,490833.0,1495262.0,3.0,81.13000000000001,94.28277777777778,0.0,4.0,1.0,0.25,1
2019-08-16,P001,342.0,316.0,3165605.0,929650.0,296.0,49.39868055555555,31.63319444444444,250.0,190.0,20.0,0.1052631578947368,1
2019-08-16,P002,55.0,11.0,593097.0,740523.0,85.0,32.223052287581694,17.133333333333333,45.0,773.0,38.0,0.0491591203104786,1
2019-08-16,P003,21.0,0.0,177422.0,1414665.0,29.0,98.59526819923373,61.16916666666667,5.0,261.0,30.0,0.1149425287356321,1
2019-08-16,P004,465.0,383.0,3261763.0,2194796.0,0.0,,,0.0,889.0,49.0,0.0551181102362204,1
2019-08-16,P005,94.0,50.0,710425.0,1807223.0,46.0,73.20217391304348,47.79430555555555,25.0,30.0,8.0,0.2666666666666666,1
2019-08-16,P006,76.0,210.0,848654.0,224569.0,570.0,61.01115914042385,31.595833333333335,477.0,627.0,51.0,0.0813397129186602,1
2019-08-16,P007,6.0,1.0,3748.0,148350.0,0.0,,,0.0,72.0,26.0,0.3611111111111111,1
2019-08-16,P008,14.0,0.0,6656.0,2342551.0,16.0,45.98385416666667,20.160694444444445,9.0,777.0,582.0,0.749034749034749,1
2019-08-16,P009,237.0,79.0,2668257.0,1562483.0,100.0,30.629616666666667,16.129305555555554,66.0,317.0,37.0,0.1167192429022082,1
2019-08-16,P010,0.0,1.0,0.0,0.0,2.0,21.002222222222223,21.002222222222223,2.0,90.0,73.0,0.8111111111111111,1
2019-08-16,P011,39.0,1.0,525126.0,1533370.0,3.0,103.42935185185185,108.22277777777778,0.0,4.0,1.0,0.25,1
2019-08-23,P001,360.0,290.0,2161458.0,774431.0,293.0,46.73481702692454,32.541111111111114,248.0,190.0,20.0,0.1052631578947368,1
2019-08-23,P002,53.0,7.0,479747.0,746907.0,93.0,41.72800776583035,19.25583333333333,69.0,773.0,38.0,0.0491591203104786,1
2019-08-23,P003,14.0,0.0,32470.0,1089373.0,18.0,85.38906862745098,42.06611111111111,9.0,261.0,30.0,0.1149425287356321,1
2019-08-23,P004,478.0,377.0,2893552.0,2043514.0,0.0,,,0.0,889.0,49.0,0.0551181102362204,1
2019-08-23,P005,101.0,46.0,706106.0,2362541.0,46.0,74.79486714975846,41.791805555555555,26.0,30.0,8.0,0.2666666666666666,1
2019-08-23,P006,114.0,259.0,2150205.0,305597.0,451.0,86.05682896379527,54.01722222222222,399.0,627.0,51.0,0.0813397129186602,1
2019-08-23,P007,5.0,1.0,58826.0,60982.0,1.0,39.187222222222225,39.187222222222225,0.0,72.0,26.0,0.3611111111111111,1
2019-08-23,P008,13.0,0.0,5174.0,2784569.0,13.0,63.14158119658119,15.150277777777776,5.0,777.0,582.0,0.749034749034749,1
2019-08-23,P009,200.0,74.0,1735718.0,1043254.0,88.0,40.18751893939394,18.11513888888889,64.0,317.0,37.0,0.1167192429022082,1
2019-08-23,P010,2.0,0.0,0.0,168065.0,3.0,23.59453703703704,14.862777777777778,1.0,90.0,73.0,0.8111111111111111,1
2019-08-23,P011,32.0,2.0,692529.0,1693341.0,3.0,160.6526851851852,130.16833333333332,1.0,4.0,1.0,0.25,1
2019-08-30,P001,319.0,314.0,3495430.0,934622.0,270.0,51.98761522633745,35.2425,225.0,176.0,12.0,0.0681818181818181,1
2019-08-30,P002,46.0,10.0,372289.0,591951.0,82.0,29.05997967479675,15.325,43.0,683.0,45.0,0.0658857979502196,1
2019-08-30,P003,16.0,0.0,98579.0,913259.0,17.0,110.08209150326797,36.916666666666664,6.0,347.0,40.0,0.1152737752161383,1
2019-08-30,P004,518.0,360.0,4592375.0,2317055.0,0.0,,,0.0,478.0,33.0,0.0690376569037656,1
2019-08-30,P005,97.0,56.0,785006.0,2154739.0,38.0,56.38108187134503,37.876111111111115,17.0,31.0,8.0,0.2580645161290322,1
2019-08-30,P006,98.0,277.0,1529370.0,236045.0,526.0,69.94286532641591,32.028888888888886,465.0,709.0,65.0,0.0916784203102961,1
2019-08-30,P007,12.0,0.0,53336.0,300045.0,2.0,174.4636111111111,174.4636111111111,1.0,38.0,10.0,0.2631578947368421,1
2019-08-30,P008,16.0,0.0,14416.0,2775978.0,14.0,51.18811507936508,16.10611111111111,5.0,819.0,589.0,0.7191697191697192,1
2019-08-30,P009,216.0,88.0,3197220.0,1259555.0,67.0,34.675178275290214,16.099166666666665,56.0,302.0,24.0,0.0794701986754966,1
2019-08-30,P010,2.0,0.0,0.0,95226.0,5.0,35.33511111111111,21.266666666666666,4.0,137.0,113.0,0.8248175182481752,1
2019-08-30,P011,40.0,3.0,192783.0,1731003.0,4.0,90.56868055555555,97.44708333333332,1.0,9.0,3.0,0.3333333333333333,1
2019-09-06,P001,361.0,334.0,2447000.0,831609.0,276.0,42.9584883252818,31.749305555555555,242.0,176.0,12.0,0.0681818181818181,1
2019-09-06,P002,61.0,6.0,428650.0,621760.0,102.0,39.333483115468404,18.920555555555556,62.0,683.0,45.0,0.0658857979502196,1
2019-09-06,P003,14.0,0.0,73825.0,1066958.0,22.0,77.5882196969697,44.258750000000006,6.0,347.0,40.0,0.1152737752161383,1
2019-09-06,P004,486.0,376.0,3321961.0,2440031.0,1.0,,,1.0,478.0,33.0,0.0690376569037656,1
2019-09-06,P005,88.0,49.0,537589.0,2091979.0,52.0,73.42264957264958,42.624861111111116,29.0,31.0,8.0,0.2580645161290322,1
2019-09-06,P006,110.0,263.0,852112.0,252168.0,533.0,60.280760962111536,29.691805555555554,472.0,709.0,65.0,0.0916784203102961,1
2019-09-06,P007,7.0,1.0,103142.0,146766.0,0.0,,,0.0,38.0,10.0,0.2631578947368421,1
2019-09-06,P008,13.0,0.0,2587.0,2354252.0,8.0,17.188055555555554,14.71125,3.0,819.0,589.0,0.7191697191697192,1
2019-09-06,P009,234.0,84.0,1891586.0,1452628.0,107.0,43.636604361370715,21.59861111111111,80.0,302.0,24.0,0.0794701986754966,1
2019-09-06,P010,3.0,0.0,0.0,240905.0,1.0,11.903611111111111,11.903611111111111,1.0,137.0,113.0,0.8248175182481752,1
2019-09-06,P011,37.0,1.0,425280.0,1510325.0,4.0,72.49326388888889,58.66513888888889,1.0,9.0,3.0,0.3333333333333333,1
2019-09-13,P001,356.0,323.0,2731931.0,878178.0,308.0,46.705842352092354,30.747222222222224,257.0,176.0,12.0,0.0681818181818181,1
2019-09-13,P002,46.0,8.0,407506.0,761594.0,100.0,47.49016944444445,16.20722222222222,54.0,683.0,45.0,0.0658857979502196,1
2019-09-13,P003,16.0,0.0,138085.0,1128530.0,20.0,94.12070833333334,46.822916666666664,10.0,347.0,40.0,0.1152737752161383,1
2019-09-13,P004,492.0,380.0,3069191.0,2369624.0,0.0,,,0.0,478.0,33.0,0.0690376569037656,1
2019-09-13,P005,98.0,53.0,643033.0,2381254.0,47.0,78.45602245862885,46.435833333333335,24.0,31.0,8.0,0.2580645161290322,1
2019-09-13,P006,92.0,222.0,1653324.0,173709.0,472.0,68.2294528256705,33.525277777777774,405.0,709.0,65.0,0.0916784203102961,1
2019-09-13,P007,6.0,1.0,3748.0,83007.0,0.0,,,0.0,38.0,10.0,0.2631578947368421,1
2019-09-13,P008,13.0,0.0,5174.0,2257138.0,15.0,62.54518518518519,24.671388888888888,9.0,819.0,589.0,0.7191697191697192,1
2019-09-13,P009,190.0,68.0,1072750.0,938147.0,90.0,37.22913233458177,13.63861111111111,66.0,302.0,24.0,0.0794701986754966,1
2019-09-13,P010,3.0,2.0,0.0,168065.0,5.0,116.00977777777777,87.77194444444444,4.0,137.0,113.0,0.8248175182481752,1
2019-09-13,P011,34.0,1.0,375279.0,1780143.0,2.0,179.1725,179.1725,0.0,9.0,3.0,0.3333333333333333,1
2019-09-20,P001,328.0,324.0,2391459.0,1024136.0,300.0,45.69846988402544,31.129166666666663,255.0,176.0,12.0,0.0681818181818181,1
2019-09-20,P002,48.0,8.0,484512.0,605438.0,89.0,29.817596754057426,19.25027777777778,51.0,683.0,45.0,0.0658857979502196,1
2019-09-20,P003,14.0,0.0,101510.0,569745.0,19.0,100.34073099415205,45.761944444444445,2.0,347.0,40.0,0.1152737752161383,1
2019-09-20,P004,515.0,377.0,3700561.0,2176371.0,0.0,,,0.0,478.0,33.0,0.0690376569037656,1
2019-09-20,P005,83.0,50.0,314198.0,2197357.0,52.0,57.6535844017094,40.093333333333334,31.0,31.0,8.0,0.2580645161290322,1
2019-09-20,P006,114.0,296.0,2592305.0,160067.0,458.0,72.3834780734171,46.111666666666665,407.0,709.0,65.0,0.0916784203102961,1
2019-09-20,P007,5.0,2.0,9078.0,81507.0,1.0,43.59305555555556,43.59305555555556,0.0,38.0,10.0,0.2631578947368421,1
2019-09-20,P008,14.0,0.0,3533.0,2111382.0,12.0,56.236851851851846,17.52513888888889,6.0,819.0,589.0,0.7191697191697192,1
2019-09-20,P009,253.0,73.0,2694923.0,1671710.0,73.0,30.214440639269405,15.38,55.0,302.0,24.0,0.0794701986754966,1
2019-09-20,P010,1.0,2.0,0.0,72839.0,1.0,25.73777777777778,25.73777777777778,1.0,137.0,113.0,0.8248175182481752,1
2019-09-20,P011,35.0,4.0,405164.0,1327286.0,5.0,164.77872222222223,96.7161111111111,0.0,9.0,3.0,0.3333333333333333,1
2019-09-27,P001,343.0,314.0,2685683.0,925675.0,314.0,42.32737438075018,32.986805555555556,267.0,176.0,12.0,0.0681818181818181,1
2019-09-27,P002,62.0,8.0,736860.0,1050802.0,113.0,30.709299410029498,18.958333333333332,67.0,683.0,45.0,0.0658857979502196,1
2019-09-27,P003,13.0,0.0,362059.0,641547.0,26.0,82.37135683760684,53.917500000000004,6.0,347.0,40.0,0.1152737752161383,1
2019-09-27,P004,499.0,365.0,3764629.0,2496686.0,1.0,,,1.0,478.0,33.0,0.0690376569037656,1
2019-09-27,P005,96.0,45.0,607995.0,2115096.0,50.0,70.11631519274377,40.74388888888889,31.0,31.0,8.0,0.2580645161290322,1
2019-09-27,P006,74.0,265.0,1091006.0,208466.0,538.0,72.46635363247863,36.51138888888889,460.0,709.0,65.0,0.0916784203102961,1
2019-09-27,P007,7.0,0.0,6414.0,78626.0,1.0,80.31527777777778,80.31527777777778,0.0,38.0,10.0,0.2631578947368421,1
2019-09-27,P008,12.0,0.0,10348.0,2395564.0,12.0,48.002546296296295,20.238611111111112,7.0,819.0,589.0,0.7191697191697192,1
2019-09-27,P009,190.0,69.0,1973355.0,948057.0,81.0,57.22648491083676,30.319444444444443,58.0,302.0,24.0,0.0794701986754966,1
2019-09-27,P010,3.0,0.0,0.0,265684.0,2.0,51.06472222222222,51.06472222222222,1.0,137.0,113.0,0.8248175182481752,1
2019-09-27,P011,25.0,1.0,486782.0,1013585.0,7.0,113.50551587301587,39.845,0.0,9.0,3.0,0.3333333333333333,1
2019-10-04,P001,372.0,338.0,3474861.0,1229045.0,291.0,39.44963917525773,28.41638888888889,254.0,160.0,26.0,0.1625,1
2019-10-04,P002,58.0,11.0,622570.0,869457.0,98.0,37.30786655211913,17.813333333333333,56.0,488.0,26.0,0.0532786885245901,1
2019-10-04,P003,13.0,0.0,189268.0,331848.0,20.0,119.08554166666667,61.51861111111111,4.0,345.0,40.0,0.1159420289855072,1
2019-10-04,P004,503.0,394.0,3728205.0,2258688.0,1.0,,,0.0,913.0,63.0,0.0690032858707557,1
2019-10-04,P005,102.0,55.0,691928.0,2208323.0,45.0,75.89427160493827,51.79888888888889,31.0,41.0,18.0,0.4390243902439024,1
2019-10-04,P006,101.0,247.0,1428975.0,180764.0,468.0,70.63094987922706,39.73861111111111,416.0,657.0,42.0,0.0639269406392694,1
2019-10-04,P007,3.0,1.0,4910.0,84096.0,0.0,,,0.0,57.0,26.0,0.4561403508771929,1
2019-10-04,P008,14.0,0.0,6655.0,2330786.0,9.0,42.88262345679013,13.7025,8.0,895.0,661.0,0.7385474860335196,1
2019-10-04,P009,238.0,96.0,2255649.0,1620376.0,76.0,28.87243786549708,15.22236111111111,55.0,248.0,23.0,0.0927419354838709,1
2019-10-04,P010,2.0,0.0,0.0,145678.0,1.0,6.909166666666667,6.909166666666667,1.0,123.0,104.0,0.8455284552845529,1
2019-10-04,P011,32.0,3.0,32734.0,1528067.0,6.0,193.38518518518518,170.33041666666668,1.0,6.0,2.0,0.3333333333333333,1
2019-10-11,P001,341.0,338.0,2051904.0,1140136.0,316.0,42.59686419753086,31.89472222222222,277.0,160.0,26.0,0.1625,1
2019-10-11,P002,65.0,8.0,976524.0,518067.0,111.0,41.488365865865866,20.467222222222222,69.0,488.0,26.0,0.0532786885245901,1
2019-10-11,P003,20.0,0.0,172348.0,1228541.0,18.0,96.06341049382715,34.82555555555555,10.0,345.0,40.0,0.1159420289855072,1
2019-10-11,P004,482.0,362.0,4089206.0,2333799.0,0.0,,,0.0,913.0,63.0,0.0690032858707557,1
2019-10-11,P005,107.0,47.0,799787.0,2509999.0,44.0,74.23403409090909,45.77861111111111,20.0,41.0,18.0,0.4390243902439024,1
2019-10-11,P006,89.0,198.0,1248057.0,306230.0,472.0,67.89455340038315,32.332499999999996,413.0,657.0,42.0,0.0639269406392694,1
2019-10-11,P007,10.0,2.0,94232.0,205544.0,0.0,,,0.0,57.0,26.0,0.4561403508771929,1
2019-10-11,P008,12.0,0.0,5174.0,2035224.0,11.0,34.84378787878788,9.547222222222222,7.0,895.0,661.0,0.7385474860335196,1
2019-10-11,P009,241.0,104.0,1777591.0,1340733.0,100.0,37.71661111111111,22.74791666666667,68.0,248.0,23.0,0.0927419354838709,1
2019-10-11,P010,2.0,0.0,0.0,95226.0,4.0,12.205277777777779,7.1154166666666665,3.0,123.0,104.0,0.8455284552845529,1
2019-10-11,P011,39.0,2.0,880450.0,1539425.0,2.0,73.40888888888888,73.40888888888888,0.0,6.0,2.0,0.3333333333333333,1
2019-10-18,P001,347.0,337.0,2311832.0,1092908.0,305.0,44.339441694169416,29.20111111111111,259.0,160.0,26.0,0.1625,1
2019-10-18,P002,58.0,5.0,477866.0,766508.0,88.0,41.8384375,23.32847222222222,54.0,488.0,26.0,0.0532786885245901,1
2019-10-18,P003,14.0,0.0,158004.0,1263947.0,21.0,98.64041005291004,32.69111111111111,5.0,345.0,40.0,0.1159420289855072,1
2019-10-18,P004,533.0,386.0,3863061.0,3401865.0,1.0,,,1.0,913.0,63.0,0.0690032858707557,1
2019-10-18,P005,109.0,44.0,494408.0,2322945.0,44.0,67.26006313131313,36.08611111111111,22.0,41.0,18.0,0.4390243902439024,1
2019-10-18,P006,118.0,263.0,1887315.0,304400.0,527.0,84.10974124809741,52.289722222222224,447.0,657.0,42.0,0.0639269406392694,1
2019-10-18,P007,8.0,1.0,98000.0,220196.0,0.0,,,0.0,57.0,26.0,0.4561403508771929,1
2019-10-18,P008,15.0,0.0,2587.0,2857228.0,12.0,11.322384259259259,6.952638888888889,6.0,895.0,661.0,0.7385474860335196,1
2019-10-18,P009,240.0,86.0,1762254.0,1429098.0,118.0,48.669383239171374,25.304166666666667,85.0,248.0,23.0,0.0927419354838709,1
2019-10-18,P010,2.0,0.0,0.0,78335.0,1.0,97.87333333333332,97.87333333333332,1.0,123.0,104.0,0.8455284552845529,1
2019-10-18,P011,33.0,3.0,411534.0,1487924.0,4.0,167.86444444444444,110.85569444444444,1.0,6.0,2.0,0.3333333333333333,1
2019-10-25,P001,361.0,339.0,2898596.0,1032941.0,300.0,43.72267314814815,31.08625,261.0,160.0,26.0,0.1625,1
2019-10-25,P002,59.0,10.0,469082.0,622060.0,97.0,35.43117411225659,18.951944444444443,62.0,488.0,26.0,0.0532786885245901,1
2019-10-25,P003,12.0,0.0,72185.0,1823189.0,24.0,130.47037037037038,59.166111111111114,4.0,345.0,40.0,0.1159420289855072,1
2019-10-25,P004,538.0,391.0,3494080.0,2462113.0,0.0,,,0.0,913.0,63.0,0.0690032858707557,1
2019-10-25,P005,107.0,44.0,497656.0,2759347.0,42.0,62.85656084656085,43.95569444444445,20.0,41.0,18.0,0.4390243902439024,1
2019-10-25,P006,106.0,248.0,1335832.0,254409.0,527.0,67.82985046932984,38.513888888888886,465.0,657.0,42.0,0.0639269406392694,1
2019-10-25,P007,10.0,3.0,5622.0,327366.0,0.0,,,0.0,57.0,26.0,0.4561403508771929,1
2019-10-25,P008,15.0,0.0,15522.0,2711954.0,9.0,58.15927083333334,37.85180555555555,5.0,895.0,661.0,0.7385474860335196,1
2019-10-25,P009,223.0,79.0,1974503.0,1266359.0,107.0,49.97373312564901,23.175555555555555,68.0,248.0,23.0,0.0927419354838709,1
2019-10-25,P010,2.0,0.0,0.0,168065.0,3.0,47.017500000000005,9.294166666666667,3.0,123.0,104.0,0.8455284552845529,1
2019-10-25,P011,35.0,2.0,233347.0,1418035.0,3.0,65.28537037037037,61.17027777777778,0.0,6.0,2.0,0.3333333333333333,1
2019-11-01,P001,358.0,327.0,2819282.0,1165519.0,323.0,42.76680942552459,29.60638888888889,273.0,139.0,22.0,0.158273381294964,1
2019-11-01,P002,62.0,10.0,609230.0,554010.0,109.0,31.364314475025484,17.585555555555555,72.0,665.0,63.0,0.0947368421052631,1
2019-11-01,P003,17.0,0.0,266600.0,935381.0,18.0,74.72546296296296,37.76430555555555,8.0,155.0,20.0,0.1290322580645161,1
2019-11-01,P004,517.0,352.0,3698180.0,2661509.0,0.0,,,0.0,599.0,41.0,0.0684474123539232,1
2019-11-01,P005,104.0,44.0,590834.0,2370908.0,42.0,52.251951058201065,35.56902777777778,28.0,26.0,5.0,0.1923076923076923,1
2019-11-01,P006,99.0,252.0,1527102.0,214096.0,544.0,60.80472903563941,33.65652777777778,473.0,591.0,75.0,0.1269035532994923,1
2019-11-01,P007,6.0,1.0,1874.0,100584.0,2.0,276.6790277777778,276.6790277777778,0.0,44.0,17.0,0.3863636363636363,1
2019-11-01,P008,12.0,0.0,2587.0,1870938.0,7.0,72.75785714285715,33.81388888888889,4.0,594.0,404.0,0.6801346801346801,1
2019-11-01,P009,251.0,85.0,2258449.0,1712706.0,88.0,57.409308712121216,27.290694444444444,61.0,286.0,33.0,0.1153846153846153,1
2019-11-01,P010,3.0,0.0,0.0,218517.0,4.0,201.38131944444444,188.49847222222223,2.0,109.0,95.0,0.8715596330275229,1
2019-11-01,P011,27.0,3.0,471743.0,974383.0,6.0,80.33324074074075,46.22027777777778,0.0,6.0,2.0,0.3333333333333333,1
2019-11-08,P001,364.0,327.0,3214417.0,865311.0,304.0,45.323713788045474,32.88611111111111,273.0,139.0,22.0,0.158273381294964,1
2019-11-08,P002,50.0,9.0,572362.0,574979.0,115.0,29.28152415458937,17.169722222222223,70.0,665.0,63.0,0.0947368421052631,1
2019-11-08,P003,10.0,0.0,282760.0,880202.0,19.0,103.7012134502924,43.282222222222224,7.0,155.0,20.0,0.1290322580645161,1
2019-11-08,P004,519.0,375.0,4216143.0,2291339.0,1.0,,,1.0,599.0,41.0,0.0684474123539232,1
2019-11-08,P005,91.0,46.0,476521.0,1882797.0,45.0,68.16197530864197,47.69083333333333,25.0,26.0,5.0,0.1923076923076923,1
2019-11-08,P006,86.0,255.0,1759783.0,281148.0,584.0,58.159320393072576,31.75777777777778,520.0,591.0,75.0,0.1269035532994923,1
2019-11-08,P007,11.0,0.0,156322.0,175919.0,0.0,,,0.0,44.0,17.0,0.3863636363636363,1
2019-11-08,P008,13.0,0.0,156475.0,2148807.0,12.0,36.17625,20.619722222222222,7.0,594.0,404.0,0.6801346801346801,1
2019-11-08,P009,244.0,92.0,2355002.0,1643763.0,96.0,52.0768596491228,19.225,69.0,286.0,33.0,0.1153846153846153,1
2019-11-08,P010,0.0,0.0,0.0,0.0,4.0,93.55701388888889,7.010277777777778,4.0,109.0,95.0,0.8715596330275229,1
2019-11-08,P011,27.0,2.0,445033.0,797179.0,3.0,121.72703703703705,149.93166666666667,0.0,6.0,2.0,0.3333333333333333,1
2019-11-15,P001,323.0,303.0,2859485.0,1216384.0,304.0,43.377281615497076,32.19236111111111,266.0,139.0,22.0,0.158273381294964,1
2019-11-15,P002,66.0,10.0,569269.0,866505.0,101.0,46.058452777777774,24.40555555555556,60.0,665.0,63.0,0.0947368421052631,1
2019-11-15,P003,14.0,0.0,13467.0,1405666.0,19.0,60.59830409356725,36.3025,7.0,155.0,20.0,0.1290322580645161,1
2019-11-15,P004,528.0,394.0,3588089.0,2333810.0,1.0,,,0.0,599.0,41.0,0.0684474123539232,1
2019-11-15,P005,103.0,45.0,628155.0,2157397.0,45.0,69.49485802469135,57.74166666666667,26.0,26.0,5.0,0.1923076923076923,1
2019-11-15,P006,91.0,284.0,1537943.0,237601.0,590.0,64.82744129438717,32.815416666666664,527.0,591.0,75.0,0.1269035532994923,1
2019-11-15,P007,10.0,0.0,5744.0,215740.0,0.0,,,0.0,44.0,17.0,0.3863636363636363,1
2019-11-15,P008,15.0,0.0,10348.0,2802591.0,21.0,99.11960317460318,63.34722222222222,10.0,594.0,404.0,0.6801346801346801,1
2019-11-15,P009,236.0,85.0,2822895.0,1263136.0,108.0,34.708181584362144,15.817500000000003,87.0,286.0,33.0,0.1153846153846153,1
2019-11-15,P010,1.0,0.0,0.0,95226.0,1.0,6.5008333333333335,6.5008333333333335,1.0,109.0,95.0,0.8715596330275229,1
2019-11-15,P011,29.0,1.0,397339.0,1274001.0,5.0,260.9463888888889,284.3777777777778,1.0,6.0,2.0,0.3333333333333333,1
2019-11-22,P001,332.0,328.0,2838753.0,1073645.0,271.0,40.72354038540385,32.1675,228.0,139.0,22.0,0.158273381294964,1
2019-11-22,P002,48.0,8.0,449962.0,973480.0,99.0,35.13345679012346,22.123333333333335,65.0,665.0,63.0,0.0947368421052631,1
2019-11-22,P003,11.0,0.0,332785.0,678400.0,17.0,101.68254901960783,43.64388888888889,3.0,155.0,20.0,0.1290322580645161,1
2019-11-22,P004,555.0,376.0,3496723.0,2515765.0,0.0,,,0.0,599.0,41.0,0.0684474123539232,1
2019-11-22,P005,88.0,42.0,515106.0,1879110.0,40.0,72.0595,51.00125,22.0,26.0,5.0,0.1923076923076923,1
2019-11-22,P006,74.0,266.0,1267291.0,333648.0,576.0,58.07921478174603,33.06666666666666,513.0,591.0,75.0,0.1269035532994923,1
2019-11-22,P007,9.0,0.0,34744.0,266213.0,0.0,,,0.0,44.0,17.0,0.3863636363636363,1
2019-11-22,P008,12.0,0.0,9242.0,2274030.0,13.0,59.437013888888885,33.37625,4.0,594.0,404.0,0.6801346801346801,1
2019-11-22,P009,222.0,76.0,1820029.0,1355404.0,90.0,39.26253395061728,18.81375,70.0,286.0,33.0,0.1153846153846153,1
2019-11-22,P010,0.0,0.0,0.0,0.0,3.0,18.44527777777778,8.54888888888889,3.0,109.0,95.0,0.8715596330275229,1
2019-11-22,P011,25.0,0.0,285712.0,1182927.0,2.0,45.10861111111112,45.10861111111112,1.0,6.0,2.0,0.3333333333333333,1
2019-11-29,P001,349.0,325.0,3068555.0,977640.0,293.0,47.05753792188092,34.00083333333333,255.0,178.0,20.0,0.1123595505617977,1
2019-11-29,P002,57.0,7.0,591328.0,593412.0,115.0,32.345555555555556,19.241944444444446,74.0,669.0,46.0,0.0687593423019432,1
2019-11-29,P003,6.0,0.0,190920.0,944693.0,22.0,89.05439393939395,41.73958333333333,5.0,246.0,54.0,0.2195121951219512,1
2019-11-29,P004,516.0,387.0,3682265.0,2282759.0,0.0,,,0.0,935.0,86.0,0.0919786096256684,1
2019-11-29,P005,90.0,44.0,457313.0,2109089.0,40.0,63.67870833333334,46.29902777777778,25.0,32.0,10.0,0.3125,1
2019-11-29,P006,64.0,247.0,832146.0,93671.0,548.0,55.45493936567164,29.27986111111111,487.0,422.0,39.0,0.0924170616113744,1
2019-11-29,P007,6.0,0.0,32686.0,170008.0,0.0,,,0.0,54.0,20.0,0.3703703703703703,1
2019-11-29,P008,19.0,0.0,23283.0,2732601.0,11.0,120.50916666666667,102.79833333333332,6.0,641.0,433.0,0.6755070202808112,1
2019-11-29,P009,227.0,68.0,2415176.0,1553078.0,88.0,39.627461685823754,14.4775,63.0,365.0,36.0,0.0986301369863013,1
2019-11-29,P010,1.0,0.0,0.0,72839.0,4.0,17.161944444444444,10.571111111111112,4.0,141.0,122.0,0.8652482269503546,1
2019-11-29,P011,27.0,1.0,80171.0,749971.0,2.0,274.61013888888886,274.61013888888886,1.0,8.0,2.0,0.25,1
2019-12-06,P001,345.0,326.0,2970204.0,866919.0,299.0,42.38766032811335,31.21402777777778,259.0,178.0,20.0,0.1123595505617977,1
2019-12-06,P002,60.0,9.0,490363.0,792608.0,115.0,50.2172149122807,22.728194444444444,60.0,669.0,46.0,0.0687593423019432,1
2019-12-06,P003,6.0,0.0,164511.0,979312.0,23.0,84.85324494949495,53.81805555555555,6.0,246.0,54.0,0.2195121951219512,1
2019-12-06,P004,488.0,378.0,3178908.0,2568472.0,3.0,,,0.0,935.0,86.0,0.0919786096256684,1
2019-12-06,P005,76.0,39.0,488462.0,1742856.0,44.0,57.5328811369509,45.375277777777775,25.0,32.0,10.0,0.3125,1
2019-12-06,P006,49.0,220.0,627181.0,84423.0,537.0,61.186719077568135,38.98972222222223,484.0,422.0,39.0,0.0924170616113744,1
2019-12-06,P007,4.0,0.0,3748.0,184572.0,0.0,,,0.0,54.0,20.0,0.3703703703703703,1
2019-12-06,P008,14.0,0.0,93751.0,2400420.0,20.0,84.66008333333333,50.93722222222222,8.0,641.0,433.0,0.6755070202808112,1
2019-12-06,P009,227.0,79.0,1799805.0,1127378.0,82.0,36.734247967479675,16.090833333333336,57.0,365.0,36.0,0.0986301369863013,1
2019-12-06,P010,0.0,0.0,0.0,0.0,1.0,127.96583333333334,127.96583333333334,0.0,141.0,122.0,0.8652482269503546,1
2019-12-06,P011,30.0,3.0,466913.0,1186679.0,3.0,42.5087037037037,50.331944444444446,1.0,8.0,2.0,0.25,1
2019-12-13,P001,327.0,341.0,2588841.0,809232.0,304.0,45.25834978070176,31.3425,260.0,178.0,20.0,0.1123595505617977,1
2019-12-13,P002,63.0,9.0,912105.0,886771.0,108.0,39.50725823045268,21.599305555555553,64.0,669.0,46.0,0.0687593423019432,1
2019-12-13,P003,8.0,0.0,76508.0,718699.0,21.0,110.67325396825397,41.69861111111111,6.0,246.0,54.0,0.2195121951219512,1
2019-12-13,P004,520.0,355.0,3498231.0,2416832.0,3.0,,,1.0,935.0,86.0,0.0919786096256684,1
2019-12-13,P005,105.0,46.0,725032.0,2305444.0,38.0,60.52175438596492,42.71180555555556,21.0,32.0,10.0,0.3125,1
2019-12-13,P006,58.0,211.0,1058490.0,209524.0,494.0,63.256195130315504,33.57527777777778,436.0,422.0,39.0,0.0924170616113744,1
2019-12-13,P007,8.0,1.0,96284.0,186069.0,1.0,43.15833333333333,43.15833333333333,0.0,54.0,20.0,0.3703703703703703,1
2019-12-13,P008,14.0,0.0,15522.0,3185064.0,16.0,80.38697916666668,41.401250000000005,8.0,641.0,433.0,0.6755070202808112,1
2019-12-13,P009,222.0,85.0,2783537.0,1402509.0,97.0,40.10016895761741,14.724166666666669,71.0,365.0,36.0,0.0986301369863013,1
2019-12-13,P010,1.0,0.0,0.0,72839.0,0.0,,,0.0,141.0,122.0,0.8652482269503546,1
2019-12-13,P011,18.0,2.0,32131.0,965581.0,3.0,109.16370370370372,119.83555555555556,0.0,8.0,2.0,0.25,1
2019-12-20,P001,365.0,299.0,2785233.0,817035.0,307.0,46.13147484618169,33.58555555555556,268.0,178.0,20.0,0.1123595505617977,1
2019-12-20,P002,54.0,8.0,574566.0,574435.0,105.0,42.21234775641025,22.87916666666667,52.0,669.0,46.0,0.0687593423019432,1
2019-12-20,P003,6.0,0.0,34010.0,364710.0,16.0,77.75116319444444,37.971111111111114,6.0,246.0,54.0,0.2195121951219512,1
2019-12-20,P004,497.0,378.0,3710025.0,2699178.0,2.0,,,0.0,935.0,86.0,0.0919786096256684,1
2019-12-20,P005,100.0,43.0,499481.0,2385484.0,42.0,57.35164021164021,41.17611111111111,27.0,32.0,10.0,0.3125,1
2019-12-20,P006,71.0,263.0,987973.0,140485.0,528.0,64.79799149440139,41.22736111111111,481.0,422.0,39.0,0.0924170616113744,1
2019-12-20,P007,9.0,1.0,92802.0,256170.0,2.0,150.37861111111113,150.37861111111113,0.0,54.0,20.0,0.3703703703703703,1
2019-12-20,P008,18.0,0.0,288808.0,2476609.0,13.0,118.0823717948718,80.29666666666667,6.0,641.0,433.0,0.6755070202808112,1
2019-12-20,P009,236.0,89.0,2207039.0,1327336.0,96.0,40.315109953703704,20.094722222222224,72.0,365.0,36.0,0.0986301369863013,1
2019-12-20,P010,0.0,0.0,0.0,0.0,3.0,104.6274074074074,75.09472222222222,1.0,141.0,122.0,0.8652482269503546,1
2019-12-20,P011,22.0,1.0,236650.0,803534.0,4.0,87.6282638888889,91.00444444444445,0.0,8.0,2.0,0.25,1
2019-12-27,P001,330.0,317.0,2988814.0,841666.0,269.0,44.15318669971086,30.66638888888889,234.0,178.0,20.0,0.1123595505617977,1
2019-12-27,P002,62.0,10.0,529783.0,776225.0,108.0,43.522317386831276,20.799722222222222,63.0,669.0,46.0,0.0687593423019432,1
2019-12-27,P003,5.0,0.0,17570.0,410950.0,11.0,44.638585858585856,31.791666666666668,3.0,246.0,54.0,0.2195121951219512,1
2019-12-27,P004,530.0,364.0,3892892.0,2438560.0,1.0,,,0.0,935.0,86.0,0.0919786096256684,1
2019-12-27,P005,86.0,49.0,449799.0,1789178.0,41.0,77.18877371273713,42.58305555555555,27.0,32.0,10.0,0.3125,1
2019-12-27,P006,66.0,263.0,1126756.0,200591.0,568.0,65.19666515973479,33.477222222222224,501.0,422.0,39.0,0.0924170616113744,1
2019-12-27,P007,10.0,0.0,18067.0,148088.0,1.0,153.56027777777777,153.56027777777777,0.0,54.0,20.0,0.3703703703703703,1
2019-12-27,P008,13.0,0.0,274561.0,2376401.0,22.0,37.57141414141414,21.619861111111113,11.0,641.0,433.0,0.6755070202808112,1
2019-12-27,P009,225.0,79.0,1674383.0,1498195.0,103.0,31.00493124312431,14.94111111111111,78.0,365.0,36.0,0.0986301369863013,1
2019-12-27,P010,1.0,0.0,0.0,0.0,4.0,69.15215277777777,34.15097222222222,3.0,141.0,122.0,0.8652482269503546,1
2019-12-27,P011,23.0,2.0,133733.0,1036046.0,2.0,178.3463888888889,178.3463888888889,1.0,8.0,2.0,0.25,1
2020-01-03,P001,380.0,254.0,2983111.0,988636.0,298.0,48.79702542372881,29.360555555555557,258.0,146.0,21.0,0.1438356164383561,1
2020-01-03,P002,69.0,7.0,797577.0,1121948.0,110.0,41.21337878787879,30.72388888888889,77.0,664.0,39.0,0.0587349397590361,1
2020-01-03,P003,7.0,0.0,91838.0,539251.0,26.0,86.28458888888889,52.5975,4.0,337.0,158.0,0.4688427299703264,1
2020-01-03,P004,528.0,380.0,3260795.0,2576716.0,8.0,529.9391666666667,516.2611111111111,2.0,708.0,39.0,0.0550847457627118,1
2020-01-03,P005,91.0,37.0,347457.0,2206982.0,44.0,62.47245580808081,45.30569444444444,23.0,20.0,5.0,0.25,1
2020-01-03,P006,79.0,237.0,963497.0,147637.0,579.0,62.310959462112294,36.67333333333333,530.0,706.0,77.0,0.1090651558073654,1
2020-01-03,P007,9.0,0.0,7211.0,252698.0,0.0,,,0.0,56.0,19.0,0.3392857142857143,1
2020-01-03,P008,18.0,0.0,15522.0,2208712.0,13.0,91.04196581196581,19.914722222222224,9.0,527.0,340.0,0.6451612903225806,1
2020-01-03,P009,211.0,87.0,1999304.0,1466338.0,91.0,39.59214896214896,14.700833333333334,71.0,289.0,60.0,0.2076124567474048,1
2020-01-03,P010,1.0,0.0,0.0,72839.0,1.0,17.57138888888889,17.57138888888889,0.0,127.0,119.0,0.937007874015748,1
2020-01-03,P011,33.0,1.0,504970.0,1356323.0,5.0,128.5198888888889,77.73416666666667,2.0,14.0,4.0,0.2857142857142857,1
2020-01-10,P001,332.0,266.0,2596969.0,805164.0,226.0,78.45008641975309,43.50222222222222,195.0,146.0,21.0,0.1438356164383561,1
2020-01-10,P002,66.0,6.0,624614.0,849233.0,105.0,48.62538095238095,19.844722222222224,54.0,664.0,39.0,0.0587349397590361,1
2020-01-10,P003,11.0,0.0,38368.0,1189315.0,20.0,117.89675,54.07555555555555,5.0,337.0,158.0,0.4688427299703264,1
2020-01-10,P004,526.0,364.0,3807198.0,2541638.0,17.0,367.6839444444444,403.5975,8.0,708.0,39.0,0.0550847457627118,1
2020-01-10,P005,103.0,44.0,415883.0,2604121.0,35.0,97.25780952380953,71.56222222222222,17.0,20.0,5.0,0.25,1
2020-01-10,P006,64.0,248.0,1142783.0,167587.0,526.0,62.65594784133246,35.36388888888889,473.0,706.0,77.0,0.1090651558073654,1
2020-01-10,P007,11.0,3.0,44856.0,339417.0,1.0,188.9325,188.9325,0.0,56.0,19.0,0.3392857142857143,1
2020-01-10,P008,12.0,0.0,552920.0,1362748.0,16.0,58.42420138888889,20.051666666666666,11.0,527.0,340.0,0.6451612903225806,1
2020-01-10,P009,210.0,82.0,1885450.0,1082239.0,86.0,38.652241602067186,18.238194444444446,64.0,289.0,60.0,0.2076124567474048,1
2020-01-10,P010,1.0,0.0,0.0,95226.0,1.0,194.32861111111112,194.32861111111112,1.0,127.0,119.0,0.937007874015748,1
2020-01-10,P011,20.0,2.0,355427.0,646446.0,3.0,198.42203703703703,186.16666666666663,0.0,14.0,4.0,0.2857142857142857,1
2020-01-17,P001,344.0,306.0,2746035.0,921648.0,235.0,59.810343971631205,43.87416666666667,197.0,146.0,21.0,0.1438356164383561,1
2020-01-17,P002,55.0,9.0,526774.0,740900.0,93.0,51.16104540023895,28.996666666666663,64.0,664.0,39.0,0.0587349397590361,1
2020-01-17,P003,8.0,0.0,221574.0,340871.0,19.0,72.7896783625731,39.89111111111111,5.0,337.0,158.0,0.4688427299703264,1
2020-01-17,P004,526.0,367.0,3990973.0,2489801.0,354.0,44.65041627321372,27.103055555555557,139.0,708.0,39.0,0.0550847457627118,1
2020-01-17,P005,93.0,54.0,741464.0,1936923.0,45.0,56.353895061728394,38.85333333333333,29.0,20.0,5.0,0.25,1
2020-01-17,P006,75.0,221.0,1104637.0,201070.0,499.0,54.74397422680412,31.91583333333333,439.0,706.0,77.0,0.1090651558073654,1
2020-01-17,P007,9.0,0.0,5622.0,194151.0,0.0,,,0.0,56.0,19.0,0.3392857142857143,1
2020-01-17,P008,13.0,0.0,21073.0,2466069.0,15.0,87.69085185185186,19.138055555555557,10.0,527.0,340.0,0.6451612903225806,1
2020-01-17,P009,224.0,77.0,2065787.0,1402490.0,95.0,40.9581052631579,18.734166666666667,71.0,289.0,60.0,0.2076124567474048,1
2020-01-17,P010,1.0,0.0,0.0,0.0,4.0,73.15416666666667,6.020277777777777,2.0,127.0,119.0,0.937007874015748,1
2020-01-17,P011,21.0,1.0,105639.0,1026821.0,4.0,109.0770138888889,92.90819444444445,1.0,14.0,4.0,0.2857142857142857,1
2020-01-24,P001,336.0,288.0,2305925.0,742613.0,278.0,39.125130895283775,29.44236111111111,240.0,146.0,21.0,0.1438356164383561,1
2020-01-24,P002,58.0,9.0,473506.0,807103.0,93.0,48.0946497584541,25.990694444444443,56.0,664.0,39.0,0.0587349397590361,1
2020-01-24,P003,11.0,0.0,40486.0,957169.0,22.0,127.31844696969696,70.93944444444445,10.0,337.0,158.0,0.4688427299703264,1
2020-01-24,P004,543.0,363.0,4044562.0,2420445.0,609.0,32.09186547291093,23.478055555555557,269.0,708.0,39.0,0.0550847457627118,1
2020-01-24,P005,45.0,24.0,273460.0,955754.0,50.0,52.56330555555555,33.812083333333334,29.0,20.0,5.0,0.25,1
2020-01-24,P006,62.0,253.0,715406.0,150756.0,471.0,59.048845525389645,34.00791666666667,426.0,706.0,77.0,0.1090651558073654,1
2020-01-24,P007,8.0,0.0,7496.0,162243.0,0.0,,,0.0,56.0,19.0,0.3392857142857143,1
2020-01-24,P008,14.0,0.0,17004.0,2701825.0,10.0,132.5896111111111,15.985833333333332,6.0,527.0,340.0,0.6451612903225806,1
2020-01-24,P009,201.0,90.0,1794781.0,1144915.0,84.0,33.581626984126984,17.807222222222222,67.0,289.0,60.0,0.2076124567474048,1
2020-01-24,P010,1.0,0.0,0.0,72839.0,2.0,106.53791666666667,106.53791666666667,1.0,127.0,119.0,0.937007874015748,1
2020-01-24,P011,23.0,2.0,83711.0,991083.0,2.0,47.00472222222222,47.00472222222222,0.0,14.0,4.0,0.2857142857142857,1
2020-01-31,P001,337.0,351.0,2977368.0,815428.0,283.0,45.144303585500396,29.037083333333335,252.0,102.0,14.0,0.1372549019607843,1
2020-01-31,P002,60.0,12.0,614862.0,604883.0,113.0,51.27258184523809,27.42111111111111,68.0,817.0,36.0,0.04406364749082,1
2020-01-31,P003,9.0,0.0,111469.0,539215.0,26.0,144.34720085470084,53.28680555555556,3.0,174.0,81.0,0.4655172413793103,1
2020-01-31,P004,515.0,357.0,3862631.0,2322957.0,593.0,35.8566562559152,23.08194444444445,290.0,1069.0,79.0,0.0739008419083255,1
2020-01-31,P005,109.0,58.0,828316.0,2438569.0,22.0,91.27499999999999,87.04388888888889,11.0,20.0,5.0,0.25,1
2020-01-31,P006,81.0,248.0,1085680.0,157786.0,464.0,81.1730373902513,37.17111111111111,399.0,666.0,64.0,0.0960960960960961,1
2020-01-31,P007,6.0,3.0,31985.0,153812.0,2.0,150.00555555555556,150.00555555555556,0.0,43.0,12.0,0.2790697674418604,1
2020-01-31,P008,9.0,0.0,28629.0,1353793.0,15.0,63.961011904761904,28.943333333333335,7.0,657.0,379.0,0.5768645357686454,1
2020-01-31,P009,222.0,77.0,1987664.0,1440824.0,109.0,47.68475565843622,20.34263888888889,79.0,285.0,56.0,0.1964912280701754,1
2020-01-31,P010,0.0,1.0,0.0,0.0,2.0,175.63180555555556,175.63180555555556,0.0,101.0,96.0,0.9504950495049505,1
2020-01-31,P011,24.0,2.0,415706.0,628463.0,5.0,190.17361111111114,195.46555555555557,0.0,5.0,3.0,0.6,1
2020-02-07,P001,388.0,377.0,2830606.0,753976.0,319.0,39.107668930686174,29.04,280.0,102.0,14.0,0.1372549019607843,1
2020-02-07,P002,67.0,7.0,840844.0,615795.0,104.0,50.729500534188034,27.40763888888889,61.0,817.0,36.0,0.04406364749082,1
2020-02-07,P003,7.0,0.0,337000.0,857608.0,17.0,117.67346405228758,42.35305555555556,1.0,174.0,81.0,0.4655172413793103,1
2020-02-07,P004,550.0,418.0,3693413.0,2700130.0,593.0,37.75728541784569,24.0875,327.0,1069.0,79.0,0.0739008419083255,1
2020-02-07,P005,122.0,112.0,743637.0,2574622.0,59.0,67.81582391713748,46.70472222222222,40.0,20.0,5.0,0.25,1
2020-02-07,P006,56.0,218.0,883188.0,218555.0,304.0,145.40459606481483,47.65625,258.0,666.0,64.0,0.0960960960960961,1
2020-02-07,P007,8.0,0.0,16987.0,284814.0,0.0,,,0.0,43.0,12.0,0.2790697674418604,1
2020-02-07,P008,10.0,1.0,137339.0,1823300.0,13.0,83.53275462962962,20.96611111111111,7.0,657.0,379.0,0.5768645357686454,1
2020-02-07,P009,223.0,70.0,1412063.0,1264886.0,92.0,53.29475845410628,17.580555555555556,62.0,285.0,56.0,0.1964912280701754,1
2020-02-07,P010,1.0,0.0,0.0,0.0,1.0,323.6347222222222,323.6347222222222,1.0,101.0,96.0,0.9504950495049505,1
2020-02-07,P011,24.0,1.0,106878.0,734627.0,3.0,43.84537037037037,41.83638888888889,0.0,5.0,3.0,0.6,1
2020-02-14,P001,374.0,356.0,2674715.0,1039288.0,298.0,42.12656285072952,29.63861111111111,261.0,102.0,14.0,0.1372549019607843,1
2020-02-14,P002,54.0,9.0,889504.0,630591.0,115.0,51.132879227053145,19.710277777777776,75.0,817.0,36.0,0.04406364749082,1
2020-02-14,P003,14.0,0.0,343196.0,1278621.0,21.0,101.04992063492062,45.03638888888889,3.0,174.0,81.0,0.4655172413793103,1
2020-02-14,P004,521.0,370.0,4385906.0,2598865.0,575.0,38.91554103755323,24.331249999999997,319.0,1069.0,79.0,0.0739008419083255,1
2020-02-14,P005,94.0,49.0,613666.0,2275858.0,52.0,62.67048611111112,42.286944444444444,29.0,20.0,5.0,0.25,1
2020-02-14,P006,78.0,176.0,1569236.0,209448.0,166.0,91.41505765199162,42.43388888888889,121.0,666.0,64.0,0.0960960960960961,1
2020-02-14,P007,6.0,0.0,1874.0,183024.0,0.0,,,0.0,43.0,12.0,0.2790697674418604,1
2020-02-14,P008,11.0,0.0,12935.0,1223887.0,14.0,53.26206349206349,10.008888888888889,8.0,657.0,379.0,0.5768645357686454,1
2020-02-14,P009,238.0,95.0,2576541.0,1571260.0,73.0,58.758919330289196,26.175833333333333,49.0,285.0,56.0,0.1964912280701754,1
2020-02-14,P010,1.0,0.0,0.0,0.0,2.0,17.589305555555555,17.589305555555555,1.0,101.0,96.0,0.9504950495049505,1
2020-02-14,P011,15.0,1.0,128850.0,508590.0,3.0,132.15935185185185,47.977777777777774,1.0,5.0,3.0,0.6,1
2020-02-21,P001,314.0,248.0,2143502.0,731854.0,323.0,54.51135620915032,32.1525,267.0,102.0,14.0,0.1372549019607843,1
2020-02-21,P002,65.0,8.0,792586.0,699304.0,98.0,48.013673469387754,27.49722222222222,63.0,817.0,36.0,0.04406364749082,1
2020-02-21,P003,5.0,0.0,8785.0,846837.0,18.0,60.92910130718954,43.17138888888889,3.0,174.0,81.0,0.4655172413793103,1
2020-02-21,P004,506.0,361.0,3880171.0,2442806.0,598.0,39.82620199478002,25.138055555555553,352.0,1069.0,79.0,0.0739008419083255,1
2020-02-21,P005,98.0,40.0,632723.0,2236603.0,39.0,64.31172364672365,38.715833333333336,23.0,20.0,5.0,0.25,1
2020-02-21,P006,65.0,139.0,902075.0,192082.0,134.0,96.19958442694663,49.570277777777775,98.0,666.0,64.0,0.0960960960960961,1
2020-02-21,P007,9.0,1.0,140463.0,280413.0,0.0,,,0.0,43.0,12.0,0.2790697674418604,1
2020-02-21,P008,10.0,0.0,9243.0,1545021.0,11.0,44.18767676767676,20.9175,5.0,657.0,379.0,0.5768645357686454,1
2020-02-21,P009,237.0,89.0,2111554.0,1444792.0,96.0,58.218897569444444,21.049722222222222,67.0,285.0,56.0,0.1964912280701754,1
2020-02-21,P010,1.0,0.0,0.0,0.0,1.0,17.445,17.445,1.0,101.0,96.0,0.9504950495049505,1
2020-02-21,P011,22.0,0.0,149358.0,1007715.0,5.0,182.06094444444446,161.83166666666668,1.0,5.0,3.0,0.6,1
2020-02-28,P001,328.0,294.0,3136551.0,879967.0,223.0,65.23151332327804,45.00694444444444,192.0,99.0,13.0,0.1313131313131313,1
2020-02-28,P002,62.0,8.0,716983.0,707901.0,96.0,57.74119502314815,18.49861111111111,61.0,832.0,33.0,0.0396634615384615,1
2020-02-28,P003,9.0,0.0,77097.0,1257298.0,22.0,130.1588005050505,77.46708333333333,2.0,298.0,119.0,0.3993288590604026,1
2020-02-28,P004,523.0,349.0,4046481.0,3053216.0,586.0,39.86661885637789,22.342777777777776,339.0,775.0,63.0,0.0812903225806451,1
2020-02-28,P005,83.0,32.0,456032.0,1833873.0,43.0,70.09835917312661,47.083333333333336,30.0,25.0,2.0,0.08,1
2020-02-28,P006,74.0,201.0,1205928.0,155130.0,152.0,107.3332957957958,51.985277777777775,115.0,542.0,55.0,0.1014760147601476,1
2020-02-28,P007,15.0,0.0,107414.0,457221.0,0.0,,,0.0,40.0,17.0,0.425,1
2020-02-28,P008,14.0,0.0,11829.0,2361365.0,11.0,54.11492424242424,16.134444444444444,7.0,695.0,426.0,0.6129496402877698,1
2020-02-28,P009,204.0,74.0,2052409.0,1139443.0,97.0,55.39790664375716,25.802222222222223,69.0,271.0,43.0,0.1586715867158671,1
2020-02-28,P010,1.0,1.0,0.0,95226.0,1.0,190.0025,190.0025,0.0,93.0,87.0,0.935483870967742,1
2020-02-28,P011,25.0,0.0,126767.0,766555.0,1.0,87.92277777777778,87.92277777777778,0.0,14.0,6.0,0.4285714285714285,1
2020-03-06,P001,365.0,301.0,3107715.0,940167.0,267.0,48.95066833751044,34.20583333333333,227.0,99.0,13.0,0.1313131313131313,1
2020-03-06,P002,53.0,6.0,608837.0,450085.0,110.0,44.80873088685015,21.49,67.0,832.0,33.0,0.0396634615384615,1
2020-03-06,P003,11.0,0.0,78557.0,912849.0,21.0,49.92003968253969,41.30361111111111,4.0,298.0,119.0,0.3993288590604026,1
2020-03-06,P004,500.0,350.0,3549204.0,2383134.0,554.0,35.06691161616162,22.75625,349.0,775.0,63.0,0.0812903225806451,1
2020-03-06,P005,99.0,54.0,723911.0,2545624.0,30.0,91.81156481481482,58.66652777777777,18.0,25.0,2.0,0.08,1
2020-03-06,P006,115.0,211.0,1085001.0,431250.0,234.0,77.38564333814335,39.3975,183.0,542.0,55.0,0.1014760147601476,1
2020-03-06,P007,13.0,1.0,98444.0,405186.0,0.0,,,0.0,40.0,17.0,0.425,1
2020-03-06,P008,13.0,0.0,5174.0,2117428.0,14.0,78.02865079365078,12.17013888888889,11.0,695.0,426.0,0.6129496402877698,1
2020-03-06,P009,219.0,86.0,2477565.0,1594262.0,88.0,43.26085227272727,13.647222222222222,60.0,271.0,43.0,0.1586715867158671,1
2020-03-06,P010,1.0,0.0,0.0,72839.0,4.0,95.339375,65.39097222222222,2.0,93.0,87.0,0.935483870967742,1
2020-03-06,P011,21.0,0.0,68181.0,941333.0,3.0,103.06314814814816,103.90222222222222,2.0,14.0,6.0,0.4285714285714285,1
2020-03-13,P001,346.0,336.0,2881964.0,875650.0,269.0,51.58514510779436,34.93944444444445,230.0,99.0,13.0,0.1313131313131313,1
2020-03-13,P002,60.0,7.0,484120.0,970250.0,108.0,34.944850823045265,17.231527777777778,66.0,832.0,33.0,0.0396634615384615,1
2020-03-13,P003,7.0,0.0,36235.0,455413.0,24.0,134.83131642512078,69.41388888888889,7.0,298.0,119.0,0.3993288590604026,1
2020-03-13,P004,556.0,344.0,4181496.0,2884019.0,543.0,37.00989866255144,22.73875,339.0,775.0,63.0,0.0812903225806451,1
2020-03-13,P005,100.0,36.0,482988.0,2413320.0,55.0,56.44595454545455,42.20555555555555,33.0,25.0,2.0,0.08,1
2020-03-13,P006,44.0,150.0,628255.0,67532.0,349.0,58.70913543721236,29.95263888888889,296.0,542.0,55.0,0.1014760147601476,1
2020-03-13,P007,5.0,1.0,0.0,190453.0,0.0,,,0.0,40.0,17.0,0.425,1
2020-03-13,P008,17.0,0.0,17004.0,2282976.0,13.0,52.30303418803419,29.03611111111111,5.0,695.0,426.0,0.6129496402877698,1
2020-03-13,P009,246.0,75.0,1997945.0,1397262.0,99.0,55.983319304152644,25.840555555555557,65.0,271.0,43.0,0.1586715867158671,1
2020-03-13,P010,2.0,0.0,0.0,130821.0,0.0,,,0.0,93.0,87.0,0.935483870967742,1
2020-03-13,P011,22.0,1.0,188021.0,539724.0,3.0,235.6350925925926,247.2825,1.0,14.0,6.0,0.4285714285714285,1
2020-03-20,P001,353.0,315.0,2828369.0,791841.0,302.0,44.91939553340716,33.00472222222222,251.0,99.0,13.0,0.1313131313131313,1
2020-03-20,P002,58.0,7.0,564705.0,570957.0,122.0,31.649954086317724,17.04277777777778,71.0,832.0,33.0,0.0396634615384615,1
2020-03-20,P003,12.0,0.0,174804.0,1294261.0,22.0,92.2045202020202,61.79097222222222,5.0,298.0,119.0,0.3993288590604026,1
2020-03-20,P004,556.0,355.0,4075729.0,3323147.0,546.0,36.16826388888889,23.285,344.0,775.0,63.0,0.0812903225806451,1
2020-03-20,P005,93.0,43.0,865571.0,2165955.0,35.0,62.78749206349207,49.99722222222222,21.0,25.0,2.0,0.08,1
2020-03-20,P006,47.0,153.0,799043.0,179756.0,434.0,68.39701960784313,30.85944444444445,365.0,542.0,55.0,0.1014760147601476,1
2020-03-20,P007,5.0,5.0,44760.0,136038.0,1.0,30.86722222222222,30.86722222222222,0.0,40.0,17.0,0.425,1
2020-03-20,P008,15.0,0.0,4069.0,2527356.0,16.0,40.51522222222222,13.113888888888887,11.0,695.0,426.0,0.6129496402877698,1
2020-03-20,P009,228.0,76.0,2746344.0,1272864.0,91.0,44.47685802469136,16.165277777777778,65.0,271.0,43.0,0.1586715867158671,1
2020-03-20,P010,1.0,0.0,0.0,72839.0,0.0,,,0.0,93.0,87.0,0.935483870967742,1
2020-03-20,P011,24.0,1.0,116990.0,665482.0,4.0,158.68965277777775,135.2086111111111,2.0,14.0,6.0,0.4285714285714285,1
2020-03-27,P001,340.0,311.0,2326526.0,952207.0,284.0,50.11745598591549,32.49916666666667,239.0,99.0,13.0,0.1313131313131313,1
2020-03-27,P002,57.0,7.0,547561.0,466386.0,116.0,41.895628019323674,17.523333333333333,74.0,832.0,33.0,0.0396634615384615,1
2020-03-27,P003,11.0,0.0,77883.0,1111990.0,26.0,110.36971153846154,62.64055555555556,5.0,298.0,119.0,0.3993288590604026,1
2020-03-27,P004,552.0,372.0,3283083.0,2869272.0,574.0,37.47477104081234,23.879722222222224,352.0,775.0,63.0,0.0812903225806451,1
2020-03-27,P005,106.0,46.0,472985.0,2602252.0,43.0,79.34736434108527,50.19861111111111,28.0,25.0,2.0,0.08,1
2020-03-27,P006,79.0,211.0,854434.0,205260.0,507.0,66.76746938321087,33.568888888888885,457.0,542.0,55.0,0.1014760147601476,1
2020-03-27,P007,11.0,3.0,129020.0,216121.0,0.0,,,0.0,40.0,17.0,0.425,1
2020-03-27,P008,12.0,0.0,0.0,2100255.0,13.0,52.51952991452992,18.741666666666667,7.0,695.0,426.0,0.6129496402877698,1
2020-03-27,P009,215.0,79.0,1655814.0,1361431.0,79.0,41.34565400843882,22.622222222222224,52.0,271.0,43.0,0.1586715867158671,1
2020-03-27,P010,1.0,0.0,0.0,95226.0,1.0,499.8575,499.8575,1.0,93.0,87.0,0.935483870967742,1
2020-03-27,P011,14.0,1.0,38325.0,349485.0,5.0,166.1041111111111,108.52472222222222,0.0,14.0,6.0,0.4285714285714285,1
2020-04-03,P001,364.0,307.0,2773768.0,1010275.0,280.0,40.889152677857716,29.90861111111111,242.0,116.0,17.0,0.146551724137931,1
2020-04-03,P002,62.0,5.0,709542.0,674575.0,111.0,37.53241590214067,17.995833333333334,64.0,689.0,43.0,0.0624092888243831,1
2020-04-03,P003,7.0,0.0,25225.0,607478.0,22.0,54.15689393939394,34.25875,6.0,201.0,44.0,0.2189054726368159,1
2020-04-03,P004,517.0,352.0,3406348.0,2328675.0,563.0,36.967382516925525,24.323333333333338,356.0,611.0,51.0,0.0834697217675941,1
2020-04-03,P005,110.0,45.0,757682.0,2082037.0,42.0,83.17281746031746,52.865972222222226,22.0,19.0,3.0,0.1578947368421052,1
2020-04-03,P006,87.0,257.0,1357623.0,174505.0,577.0,66.89674246870109,32.21222222222222,517.0,314.0,36.0,0.1146496815286624,1
2020-04-03,P007,17.0,1.0,30904.0,556001.0,0.0,,,0.0,42.0,2.0,0.0476190476190476,1
2020-04-03,P008,14.0,0.0,7761.0,2512282.0,16.0,60.025333333333336,18.58416666666667,8.0,444.0,225.0,0.5067567567567568,1
2020-04-03,P009,232.0,86.0,1504051.0,1601413.0,98.0,43.52595933562428,21.97111111111111,71.0,260.0,38.0,0.1461538461538461,1
2020-04-03,P010,1.0,0.0,0.0,72839.0,0.0,,,0.0,109.0,97.0,0.8899082568807339,1
2020-04-03,P011,25.0,1.0,120116.0,1605041.0,3.0,211.71129629629627,79.47611111111111,0.0,4.0,0.0,0.0,1
2020-04-10,P001,347.0,324.0,2837178.0,802062.0,279.0,44.64354838709677,32.18388888888889,235.0,116.0,17.0,0.146551724137931,1
2020-04-10,P002,55.0,2.0,671451.0,562492.0,108.0,45.28352024922119,21.336111111111112,55.0,689.0,43.0,0.0624092888243831,1
2020-04-10,P003,12.0,0.0,95155.0,1308417.0,25.0,91.4897,69.16666666666667,4.0,201.0,44.0,0.2189054726368159,1
2020-04-10,P004,530.0,379.0,3573846.0,2738219.0,609.0,37.81273578811369,24.66888888888889,384.0,611.0,51.0,0.0834697217675941,1
2020-04-10,P005,116.0,49.0,928853.0,2618689.0,45.0,72.01177160493828,47.22666666666667,24.0,19.0,3.0,0.1578947368421052,1
2020-04-10,P006,72.0,189.0,672882.0,228975.0,567.0,70.14680378465897,33.7075,491.0,314.0,36.0,0.1146496815286624,1
2020-04-10,P007,16.0,2.0,30153.0,455355.0,1.0,35.16138888888889,35.16138888888889,0.0,42.0,2.0,0.0476190476190476,1
2020-04-10,P008,14.0,0.0,6655.0,2342757.0,7.0,50.431984126984126,11.648055555555556,3.0,444.0,225.0,0.5067567567567568,1
2020-04-10,P009,210.0,86.0,2386886.0,1489104.0,104.0,49.461784188034194,25.60111111111111,71.0,260.0,38.0,0.1461538461538461,1
2020-04-10,P010,0.0,0.0,0.0,0.0,0.0,,,0.0,109.0,97.0,0.8899082568807339,1
2020-04-10,P011,26.0,1.0,304137.0,1224768.0,2.0,138.5040277777778,138.5040277777778,0.0,4.0,0.0,0.0,1
2020-04-17,P001,329.0,312.0,2846536.0,1371528.0,295.0,43.53549582859309,30.750833333333333,254.0,116.0,17.0,0.146551724137931,1
2020-04-17,P002,61.0,4.0,820438.0,550418.0,95.0,43.966707602339184,19.835277777777776,58.0,689.0,43.0,0.0624092888243831,1
2020-04-17,P003,19.0,0.0,20798.0,2705864.0,25.0,129.31366666666668,65.84722222222223,5.0,201.0,44.0,0.2189054726368159,1
2020-04-17,P004,486.0,337.0,4101496.0,2296373.0,616.0,35.47488127605583,23.18027777777778,395.0,611.0,51.0,0.0834697217675941,1
2020-04-17,P005,112.0,43.0,598728.0,2431309.0,49.0,64.458820861678,35.535833333333336,33.0,19.0,3.0,0.1578947368421052,1
2020-04-17,P006,63.0,221.0,764593.0,164439.0,553.0,62.32171432964329,31.458472222222223,497.0,314.0,36.0,0.1146496815286624,1
2020-04-17,P007,14.0,5.0,67490.0,391662.0,2.0,205.06138888888887,205.06138888888887,0.0,42.0,2.0,0.0476190476190476,1
2020-04-17,P008,13.0,0.0,2587.0,1882998.0,8.0,106.55819444444444,41.28680555555555,3.0,444.0,225.0,0.5067567567567568,1
2020-04-17,P009,218.0,92.0,2272625.0,1148201.0,105.0,29.7874708994709,14.589722222222225,82.0,260.0,38.0,0.1461538461538461,1
2020-04-17,P010,1.0,1.0,0.0,95226.0,0.0,,,0.0,109.0,97.0,0.8899082568807339,1
2020-04-17,P011,26.0,1.0,62763.0,1279601.0,4.0,187.10486111111112,74.30652777777777,1.0,4.0,0.0,0.0,1
2020-04-24,P001,356.0,279.0,2654705.0,715065.0,282.0,42.70829280347964,30.38722222222222,236.0,116.0,17.0,0.146551724137931,1
2020-04-24,P002,53.0,5.0,453526.0,399447.0,100.0,34.93843611111111,19.52847222222222,56.0,689.0,43.0,0.0624092888243831,1
2020-04-24,P003,11.0,0.0,292864.0,1447590.0,27.0,103.64517489711935,52.14666666666667,4.0,201.0,44.0,0.2189054726368159,1
2020-04-24,P004,486.0,359.0,3648828.0,2742484.0,556.0,37.15524311834438,23.50638888888889,374.0,611.0,51.0,0.0834697217675941,1
2020-04-24,P005,93.0,43.0,337504.0,2120870.0,46.0,70.17216787439614,45.38486111111111,26.0,19.0,3.0,0.1578947368421052,1
2020-04-24,P006,97.0,246.0,853369.0,264095.0,544.0,67.4209240257048,29.876111111111108,470.0,314.0,36.0,0.1146496815286624,1
2020-04-24,P007,15.0,2.0,46247.0,546328.0,2.0,195.20680555555558,195.20680555555558,1.0,42.0,2.0,0.0476190476190476,1
2020-04-24,P008,13.0,0.0,5174.0,2255980.0,12.0,29.19949074074074,8.270555555555555,7.0,444.0,225.0,0.5067567567567568,1
2020-04-24,P009,207.0,90.0,1920746.0,1181416.0,97.0,43.55731672394044,28.15361111111111,65.0,260.0,38.0,0.1461538461538461,1
2020-04-24,P010,2.0,0.0,0.0,190452.0,0.0,,,0.0,109.0,97.0,0.8899082568807339,1
2020-04-24,P011,24.0,1.0,173612.0,988682.0,6.0,153.49101851851853,109.38041666666668,1.0,4.0,0.0,0.0,1
2020-05-01,P001,381.0,299.0,2970380.0,819031.0,256.0,48.18713433159722,35.897083333333335,209.0,145.0,16.0,0.1103448275862069,1
2020-05-01,P002,49.0,5.0,454184.0,701980.0,84.0,39.13376653439153,16.760416666666664,47.0,808.0,39.0,0.0482673267326732,1
2020-05-01,P003,13.0,0.0,17570.0,1622143.0,26.0,82.00688034188033,44.88319444444444,8.0,266.0,46.0,0.1729323308270676,1
2020-05-01,P004,454.0,316.0,3328489.0,2401588.0,555.0,36.36305808080808,22.125416666666666,380.0,768.0,61.0,0.0794270833333333,1
2020-05-01,P005,82.0,47.0,604866.0,1643776.0,43.0,55.236375968992256,37.965,24.0,15.0,6.0,0.4,1
2020-05-01,P006,89.0,245.0,1112792.0,93377.0,605.0,66.71394200037602,35.43361111111111,533.0,743.0,81.0,0.1090174966352624,1
2020-05-01,P007,15.0,3.0,51352.0,489107.0,1.0,,,0.0,30.0,8.0,0.2666666666666666,1
2020-05-01,P008,16.0,1.0,10348.0,2960873.0,7.0,54.955396825396825,34.501666666666665,4.0,589.0,282.0,0.4787775891341256,1
2020-05-01,P009,212.0,76.0,1913987.0,1292329.0,103.0,59.89539913700108,27.60472222222222,76.0,357.0,60.0,0.1680672268907563,1
2020-05-01,P010,2.0,0.0,0.0,90282.0,0.0,,,0.0,81.0,74.0,0.9135802469135802,1
2020-05-01,P011,32.0,1.0,617018.0,1421003.0,2.0,41.291805555555555,41.291805555555555,1.0,11.0,3.0,0.2727272727272727,1
2020-05-08,P001,364.0,304.0,3489291.0,689878.0,282.0,46.84619246031746,32.47944444444444,239.0,145.0,16.0,0.1103448275862069,1
2020-05-08,P002,57.0,3.0,472141.0,319762.0,95.0,40.351796690307324,16.258055555555554,53.0,808.0,39.0,0.0482673267326732,1
2020-05-08,P003,20.0,0.0,8785.0,2081339.0,19.0,97.50062865497075,49.521388888888886,6.0,266.0,46.0,0.1729323308270676,1
2020-05-08,P004,485.0,334.0,3243651.0,2160150.0,528.0,31.24223432239057,21.06125,355.0,768.0,61.0,0.0794270833333333,1
2020-05-08,P005,81.0,40.0,748869.0,1729084.0,44.0,68.58590277777778,48.143055555555556,21.0,15.0,6.0,0.4,1
2020-05-08,P006,83.0,198.0,912189.0,223520.0,546.0,73.14315059861374,32.96277777777778,481.0,743.0,81.0,0.1090174966352624,1
2020-05-08,P007,27.0,1.0,123257.0,773466.0,0.0,,,0.0,30.0,8.0,0.2666666666666666,1
2020-05-08,P008,13.0,0.0,2587.0,2341346.0,8.0,13.437743055555554,7.573611111111111,4.0,589.0,282.0,0.4787775891341256,1
2020-05-08,P009,230.0,89.0,2081120.0,1654287.0,83.0,39.27078313253012,21.996388888888887,61.0,357.0,60.0,0.1680672268907563,1
2020-05-08,P010,0.0,0.0,0.0,0.0,1.0,194.53555555555556,194.53555555555556,0.0,81.0,74.0,0.9135802469135802,1
2020-05-08,P011,35.0,3.0,569952.0,2389322.0,5.0,237.55444444444447,89.39805555555556,0.0,11.0,3.0,0.2727272727272727,1
2020-05-15,P001,358.0,294.0,2622012.0,726753.0,279.0,50.133036502206174,34.51027777777778,237.0,145.0,16.0,0.1103448275862069,1
2020-05-15,P002,51.0,5.0,471749.0,302513.0,105.0,29.91722222222222,15.756666666666666,54.0,808.0,39.0,0.0482673267326732,1
2020-05-15,P003,12.0,0.0,0.0,1244925.0,32.0,95.04457465277778,62.00430555555556,5.0,266.0,46.0,0.1729323308270676,1
2020-05-15,P004,474.0,328.0,2878630.0,2451858.0,556.0,34.703342842842844,21.865555555555556,367.0,768.0,61.0,0.0794270833333333,1
2020-05-15,P005,84.0,49.0,681504.0,1449225.0,42.0,74.25523809523808,44.87513888888889,25.0,15.0,6.0,0.4,1
2020-05-15,P006,35.0,149.0,639965.0,28100.0,545.0,78.5741180163214,34.751666666666665,482.0,743.0,81.0,0.1090174966352624,1
2020-05-15,P007,16.0,2.0,3748.0,666142.0,1.0,705.5894444444444,705.5894444444444,1.0,30.0,8.0,0.2666666666666666,1
2020-05-15,P008,13.0,0.0,5174.0,1945746.0,14.0,26.933095238095238,11.774027777777778,7.0,589.0,282.0,0.4787775891341256,1
2020-05-15,P009,208.0,75.0,1666774.0,1202495.0,96.0,50.14887152777778,16.016388888888887,67.0,357.0,60.0,0.1680672268907563,1
2020-05-15,P010,1.0,0.0,0.0,95226.0,1.0,209.73777777777775,209.73777777777775,1.0,81.0,74.0,0.9135802469135802,1
2020-05-15,P011,30.0,3.0,444246.0,1196757.0,5.0,118.19638888888888,133.57055555555556,1.0,11.0,3.0,0.2727272727272727,1
2020-05-22,P001,343.0,284.0,2334347.0,1326775.0,282.0,48.986553388494876,31.18763888888889,242.0,145.0,16.0,0.1103448275862069,1
2020-05-22,P002,55.0,5.0,815396.0,488997.0,99.0,32.25164421997755,14.909444444444444,47.0,808.0,39.0,0.0482673267326732,1
2020-05-22,P003,10.0,0.0,60520.0,730248.0,33.0,129.8854797979798,111.30666666666669,6.0,266.0,46.0,0.1729323308270676,1
2020-05-22,P004,462.0,318.0,3425549.0,2412119.0,562.0,31.277478746540133,21.092222222222222,370.0,768.0,61.0,0.0794270833333333,1
2020-05-22,P005,75.0,40.0,601966.0,1671770.0,54.0,71.72934670781893,45.91652777777777,29.0,15.0,6.0,0.4,1
2020-05-22,P006,65.0,174.0,839020.0,243673.0,497.0,70.40594376138434,33.91638888888889,441.0,743.0,81.0,0.1090174966352624,1
2020-05-22,P007,7.0,1.0,1874.0,207421.0,0.0,,,0.0,30.0,8.0,0.2666666666666666,1
2020-05-22,P008,15.0,0.0,7761.0,2228874.0,10.0,49.843833333333336,15.501944444444444,5.0,589.0,282.0,0.4787775891341256,1
2020-05-22,P009,220.0,74.0,2377267.0,1265052.0,89.0,54.81467540574282,21.157222222222224,63.0,357.0,60.0,0.1680672268907563,1
2020-05-22,P010,1.0,0.0,0.0,95226.0,0.0,,,0.0,81.0,74.0,0.9135802469135802,1
2020-05-22,P011,24.0,0.0,83371.0,1516311.0,8.0,49.34246527777778,52.192499999999995,1.0,11.0,3.0,0.2727272727272727,1
2020-05-29,P001,360.0,308.0,2872092.0,703875.0,264.0,47.49272264631043,35.68069444444444,227.0,189.0,28.0,0.1481481481481481,1
2020-05-29,P002,48.0,3.0,333303.0,483793.0,90.0,34.389132334581774,17.67111111111111,50.0,639.0,23.0,0.0359937402190923,1
2020-05-29,P003,17.0,0.0,16440.0,1698300.0,27.0,98.3216255144033,49.58861111111111,7.0,190.0,22.0,0.1157894736842105,1
2020-05-29,P004,511.0,314.0,4023588.0,2245217.0,538.0,34.251113702321724,21.175416666666667,379.0,717.0,41.0,0.0571827057182705,1
2020-05-29,P005,72.0,45.0,900710.0,1616354.0,39.0,64.64539886039886,42.97944444444445,22.0,30.0,13.0,0.4333333333333333,1
2020-05-29,P006,65.0,179.0,446371.0,147554.0,582.0,70.90498008935508,31.727083333333333,504.0,717.0,58.0,0.0808926080892608,1
2020-05-29,P007,13.0,1.0,107101.0,327845.0,0.0,,,0.0,57.0,14.0,0.2456140350877192,1
2020-05-29,P008,12.0,0.0,0.0,2394631.0,23.0,34.95597826086957,22.61638888888889,9.0,623.0,361.0,0.579454253611557,1
2020-05-29,P009,208.0,81.0,1594722.0,1154823.0,94.0,39.002106973995275,17.399166666666666,63.0,263.0,25.0,0.0950570342205323,1
2020-05-29,P010,1.0,0.0,0.0,82549.0,0.0,,,0.0,66.0,61.0,0.9242424242424242,1
2020-05-29,P011,30.0,2.0,560188.0,1397483.0,3.0,135.1211111111111,78.1675,0.0,10.0,3.0,0.3,1
2020-06-05,P001,351.0,279.0,3321059.0,804990.0,278.0,53.68438204508857,35.16430555555556,234.0,189.0,28.0,0.1481481481481481,1
2020-06-05,P002,41.0,7.0,440767.0,488327.0,110.0,28.820770202020203,15.126111111111111,61.0,639.0,23.0,0.0359937402190923,1
2020-06-05,P003,12.0,1.0,8785.0,1033074.0,23.0,132.71545893719806,76.68694444444445,5.0,190.0,22.0,0.1157894736842105,1
2020-06-05,P004,483.0,301.0,3413917.0,2599237.0,485.0,35.54029224537037,21.984305555555558,342.0,717.0,41.0,0.0571827057182705,1
2020-06-05,P005,78.0,43.0,516901.0,1536024.0,46.0,64.51136473429952,39.326388888888886,28.0,30.0,13.0,0.4333333333333333,1
2020-06-05,P006,76.0,202.0,817044.0,172912.0,544.0,64.16662373267123,29.10361111111111,492.0,717.0,58.0,0.0808926080892608,1
2020-06-05,P007,7.0,1.0,1874.0,97675.0,1.0,191.13833333333332,191.13833333333332,0.0,57.0,14.0,0.2456140350877192,1
2020-06-05,P008,10.0,0.0,174313.0,1832693.0,11.0,38.583585858585856,18.830555555555556,3.0,623.0,361.0,0.579454253611557,1
2020-06-05,P009,224.0,81.0,1733429.0,1362833.0,87.0,35.42522030651341,17.267222222222223,70.0,263.0,25.0,0.0950570342205323,1
2020-06-05,P010,0.0,0.0,0.0,0.0,0.0,,,0.0,66.0,61.0,0.9242424242424242,1
2020-06-05,P011,17.0,2.0,43864.0,631639.0,4.0,48.71118055555556,52.58611111111111,2.0,10.0,3.0,0.3,1
2020-06-12,P001,340.0,267.0,2020211.0,937957.0,268.0,46.621040100250625,26.640833333333333,238.0,189.0,28.0,0.1481481481481481,1
2020-06-12,P002,46.0,6.0,797997.0,576924.0,100.0,33.73826388888889,14.635694444444443,59.0,639.0,23.0,0.0359937402190923,1
2020-06-12,P003,13.0,0.0,35056.0,1323223.0,24.0,105.94155092592592,47.77861111111111,4.0,190.0,22.0,0.1157894736842105,1
2020-06-12,P004,474.0,320.0,2949702.0,2407147.0,490.0,31.55886559872756,21.431944444444444,338.0,717.0,41.0,0.0571827057182705,1
2020-06-12,P005,95.0,45.0,816036.0,1691497.0,41.0,60.52061653116532,44.66861111111111,25.0,30.0,13.0,0.4333333333333333,1
2020-06-12,P006,49.0,141.0,570803.0,74980.0,623.0,71.30360248729122,34.09041666666667,553.0,717.0,58.0,0.0808926080892608,1
2020-06-12,P007,8.0,3.0,5622.0,256411.0,1.0,22.81111111111111,22.81111111111111,0.0,57.0,14.0,0.2456140350877192,1
2020-06-12,P008,12.0,0.0,7761.0,2035904.0,12.0,51.87222222222223,36.2025,3.0,623.0,361.0,0.579454253611557,1
2020-06-12,P009,197.0,83.0,2241444.0,1129846.0,101.0,39.75877887788779,19.01361111111111,76.0,263.0,25.0,0.0950570342205323,1
2020-06-12,P010,2.0,0.0,0.0,80366.0,2.0,26.840138888888887,26.840138888888887,1.0,66.0,61.0,0.9242424242424242,1
2020-06-12,P011,29.0,2.0,588067.0,1207341.0,5.0,105.82300000000001,36.27972222222222,3.0,10.0,3.0,0.3,1
2020-06-19,P001,362.0,277.0,2162837.0,884243.0,249.0,53.47120593485051,31.927222222222223,207.0,189.0,28.0,0.1481481481481481,1
2020-06-19,P002,46.0,7.0,405356.0,627625.0,89.0,27.12824906367041,14.90972222222222,49.0,639.0,23.0,0.0359937402190923,1
2020-06-19,P003,17.0,0.0,98016.0,1184741.0,23.0,129.3700724637681,83.83194444444445,3.0,190.0,22.0,0.1157894736842105,1
2020-06-19,P004,514.0,339.0,3224776.0,2729353.0,500.0,36.13767291387773,22.825833333333335,360.0,717.0,41.0,0.0571827057182705,1
2020-06-19,P005,83.0,42.0,774267.0,1622327.0,43.0,63.20222868217054,34.26416666666667,27.0,30.0,13.0,0.4333333333333333,1
2020-06-19,P006,61.0,174.0,1171549.0,184046.0,560.0,71.96705202020202,36.60069444444444,500.0,717.0,58.0,0.0808926080892608,1
2020-06-19,P007,11.0,2.0,37676.0,317840.0,1.0,143.32166666666666,143.32166666666666,1.0,57.0,14.0,0.2456140350877192,1
2020-06-19,P008,12.0,0.0,6655.0,1698476.0,14.0,28.155873015873016,22.145416666666666,10.0,623.0,361.0,0.579454253611557,1
2020-06-19,P009,213.0,75.0,1724611.0,1227835.0,99.0,46.76319865319865,16.907777777777778,69.0,263.0,25.0,0.0950570342205323,1
2020-06-19,P010,1.0,0.0,0.0,95226.0,1.0,,,1.0,66.0,61.0,0.9242424242424242,1
2020-06-19,P011,24.0,3.0,153668.0,1256930.0,4.0,76.82680555555555,30.677083333333332,1.0,10.0,3.0,0.3,1
2020-06-26,P001,346.0,298.0,2866249.0,686470.0,261.0,44.7320811965812,33.530833333333334,227.0,189.0,28.0,0.1481481481481481,1
2020-06-26,P002,40.0,5.0,346381.0,649241.0,69.0,34.78739935587762,17.3875,34.0,639.0,23.0,0.0359937402190923,1
2020-06-26,P003,12.0,0.0,60460.0,1539243.0,22.0,100.11521464646465,57.84569444444445,5.0,190.0,22.0,0.1157894736842105,1
2020-06-26,P004,495.0,305.0,3295148.0,2499365.0,537.0,33.85199571039966,22.221944444444443,383.0,717.0,41.0,0.0571827057182705,1
2020-06-26,P005,84.0,45.0,570324.0,2210331.0,43.0,61.74308139534883,41.08111111111111,24.0,30.0,13.0,0.4333333333333333,1
2020-06-26,P006,55.0,179.0,551981.0,156717.0,557.0,76.30995277269957,37.46055555555556,482.0,717.0,58.0,0.0808926080892608,1
2020-06-26,P007,10.0,0.0,14607.0,265340.0,0.0,,,0.0,57.0,14.0,0.2456140350877192,1
2020-06-26,P008,10.0,0.0,2587.0,1748542.0,12.0,21.722986111111112,15.89,7.0,623.0,361.0,0.579454253611557,1
2020-06-26,P009,212.0,76.0,1710706.0,1027276.0,84.0,44.62083664021164,22.612499999999997,61.0,263.0,25.0,0.0950570342205323,1
2020-06-26,P010,1.0,1.0,0.0,95226.0,0.0,,,0.0,66.0,61.0,0.9242424242424242,1
2020-06-26,P011,30.0,1.0,402383.0,1506021.0,6.0,116.7112037037037,59.18694444444445,1.0,10.0,3.0,0.3,1
2020-07-03,P001,359.0,296.0,2214024.0,876295.0,269.0,45.409364635157544,32.08305555555555,234.0,251.0,20.0,0.0796812749003984,1
2020-07-03,P002,47.0,7.0,458711.0,626341.0,89.0,27.45592072409488,15.74388888888889,55.0,751.0,31.0,0.0412782956058588,1
2020-07-03,P003,17.0,0.0,99340.0,1475591.0,19.0,95.58944444444444,53.66138888888889,5.0,245.0,25.0,0.1020408163265306,1
2020-07-03,P004,470.0,317.0,3310703.0,2683188.0,536.0,35.97030368988391,22.528888888888886,395.0,929.0,54.0,0.0581270182992465,1
2020-07-03,P005,88.0,44.0,470262.0,2472933.0,43.0,71.23852067183462,45.99805555555555,21.0,21.0,8.0,0.3809523809523809,1
2020-07-03,P006,48.0,171.0,830807.0,133203.0,583.0,67.79464327485381,33.32541666666667,516.0,539.0,52.0,0.0964749536178107,1
2020-07-03,P007,6.0,0.0,0.0,158682.0,1.0,82.72361111111111,82.72361111111111,0.0,54.0,9.0,0.1666666666666666,1
2020-07-03,P008,10.0,0.0,9243.0,1453950.0,13.0,27.398141025641028,13.188333333333333,7.0,653.0,432.0,0.6615620214395099,1
2020-07-03,P009,228.0,70.0,1888359.0,1215913.0,95.0,53.67258865248227,15.950833333333332,76.0,299.0,67.0,0.2240802675585284,1
2020-07-03,P010,1.0,0.0,0.0,95226.0,0.0,,,0.0,58.0,51.0,0.8793103448275862,1
2020-07-03,P011,30.0,2.0,558997.0,1075287.0,2.0,28.553333333333335,28.553333333333335,1.0,7.0,0.0,0.0,1
2020-07-10,P001,342.0,307.0,2244431.0,848885.0,260.0,45.18725010725011,29.463055555555556,224.0,251.0,20.0,0.0796812749003984,1
2020-07-10,P002,42.0,2.0,267437.0,819865.0,93.0,32.15484299516908,16.758194444444445,43.0,751.0,31.0,0.0412782956058588,1
2020-07-10,P003,15.0,0.0,107563.0,1714354.0,26.0,104.70322649572651,58.74319444444445,6.0,245.0,25.0,0.1020408163265306,1
2020-07-10,P004,510.0,331.0,3368944.0,2164457.0,518.0,33.99655738587425,23.214444444444446,370.0,929.0,54.0,0.0581270182992465,1
2020-07-10,P005,97.0,43.0,715899.0,1924814.0,44.0,61.555018939393946,44.61388888888889,26.0,21.0,8.0,0.3809523809523809,1
2020-07-10,P006,65.0,186.0,838183.0,118429.0,543.0,75.05579796088223,35.11944444444444,474.0,539.0,52.0,0.0964749536178107,1
2020-07-10,P007,6.0,1.0,54847.0,62525.0,0.0,,,0.0,54.0,9.0,0.1666666666666666,1
2020-07-10,P008,10.0,0.0,7761.0,2115540.0,15.0,17.72674074074074,11.749444444444444,11.0,653.0,432.0,0.6615620214395099,1
2020-07-10,P009,228.0,77.0,2121299.0,1215256.0,88.0,40.85734674329502,18.468333333333337,66.0,299.0,67.0,0.2240802675585284,1
2020-07-10,P010,0.0,0.0,0.0,0.0,0.0,,,0.0,58.0,51.0,0.8793103448275862,1
2020-07-10,P011,22.0,2.0,50801.0,1233513.0,3.0,40.72759259259259,51.28138888888889,1.0,7.0,0.0,0.0,1
2020-07-17,P001,336.0,319.0,2394507.0,805785.0,264.0,46.08071443602694,32.57041666666667,225.0,251.0,20.0,0.0796812749003984,1
2020-07-17,P002,48.0,5.0,598927.0,841996.0,82.0,31.038949864498647,14.34375,49.0,751.0,31.0,0.0412782956058588,1
2020-07-17,P003,18.0,1.0,124748.0,1451150.0,23.0,106.46812801932367,53.49805555555555,1.0,245.0,25.0,0.1020408163265306,1
2020-07-17,P004,472.0,338.0,2878592.0,2907652.0,573.0,36.45014938488576,22.24944444444445,400.0,929.0,54.0,0.0581270182992465,1
2020-07-17,P005,91.0,43.0,522903.0,2231812.0,43.0,62.818307493540054,37.39972222222222,27.0,21.0,8.0,0.3809523809523809,1
2020-07-17,P006,54.0,163.0,860558.0,94660.0,520.0,74.3552440910095,38.96361111111111,457.0,539.0,52.0,0.0964749536178107,1
2020-07-17,P007,7.0,0.0,36167.0,191056.0,3.0,52.212407407407404,37.99638888888889,1.0,54.0,9.0,0.1666666666666666,1
2020-07-17,P008,9.0,0.0,5645.0,846049.0,8.0,34.20777777777778,9.679305555555555,5.0,653.0,432.0,0.6615620214395099,1
2020-07-17,P009,205.0,68.0,1384523.0,1132747.0,103.0,38.79175653594771,21.011388888888888,73.0,299.0,67.0,0.2240802675585284,1
2020-07-17,P010,1.0,1.0,0.0,72839.0,0.0,,,0.0,58.0,51.0,0.8793103448275862,1
2020-07-17,P011,27.0,1.0,54603.0,1190169.0,5.0,85.40395833333334,80.5736111111111,1.0,7.0,0.0,0.0,1
2020-07-24,P001,362.0,306.0,2541521.0,990608.0,285.0,47.89245696400626,30.992916666666666,254.0,251.0,20.0,0.0796812749003984,1
2020-07-24,P002,52.0,4.0,513582.0,970770.0,78.0,36.41441154970761,15.940138888888889,47.0,751.0,31.0,0.0412782956058588,1
2020-07-24,P003,18.0,0.0,178009.0,1180942.0,21.0,76.57584722222222,44.250972222222224,4.0,245.0,25.0,0.1020408163265306,1
2020-07-24,P004,474.0,340.0,3461304.0,2320455.0,560.0,36.375334821428574,21.924027777777777,409.0,929.0,54.0,0.0581270182992465,1
2020-07-24,P005,94.0,43.0,494648.0,2263547.0,43.0,56.27419250645995,46.85027777777778,27.0,21.0,8.0,0.3809523809523809,1
2020-07-24,P006,66.0,203.0,1827924.0,173671.0,557.0,73.33520308983016,33.29194444444445,478.0,539.0,52.0,0.0964749536178107,1
2020-07-24,P007,6.0,0.0,0.0,143507.0,0.0,,,0.0,54.0,9.0,0.1666666666666666,1
2020-07-24,P008,12.0,0.0,5174.0,1632589.0,19.0,17.77792397660819,9.96,6.0,653.0,432.0,0.6615620214395099,1
2020-07-24,P009,232.0,86.0,2133718.0,1427388.0,92.0,39.548934676434676,20.72833333333333,66.0,299.0,67.0,0.2240802675585284,1
2020-07-24,P010,1.0,0.0,0.0,72839.0,5.0,8.652569444444445,8.242638888888889,2.0,58.0,51.0,0.8793103448275862,1
2020-07-24,P011,27.0,2.0,673735.0,818391.0,2.0,113.40402777777778,113.40402777777778,1.0,7.0,0.0,0.0,1
2020-07-31,P001,342.0,309.0,1998843.0,802463.0,282.0,46.94439420803782,31.34625,244.0,246.0,13.0,0.0528455284552845,1
2020-07-31,P002,51.0,5.0,461369.0,394359.0,74.0,32.110311561561566,19.045694444444443,44.0,743.0,29.0,0.0390309555854643,1
2020-07-31,P003,16.0,0.0,92834.0,1801178.0,22.0,92.69781565656565,52.32736111111112,2.0,203.0,29.0,0.1428571428571428,1
2020-07-31,P004,498.0,341.0,3008564.0,2400924.0,589.0,31.12915479582146,22.664166666666667,421.0,579.0,40.0,0.0690846286701209,1
2020-07-31,P005,88.0,49.0,485546.0,1837448.0,39.0,66.07097578347577,40.81722222222222,23.0,26.0,9.0,0.3461538461538461,1
2020-07-31,P006,57.0,198.0,324104.0,189362.0,508.0,64.1813608305275,34.181666666666665,433.0,416.0,36.0,0.0865384615384615,1
2020-07-31,P007,6.0,0.0,4334.0,143635.0,2.0,,,0.0,38.0,17.0,0.4473684210526316,1
2020-07-31,P008,12.0,0.0,5174.0,2005769.0,12.0,45.29641203703704,26.74222222222222,6.0,605.0,389.0,0.6429752066115703,1
2020-07-31,P009,201.0,69.0,1285978.0,1138288.0,108.0,52.626694958847736,23.185138888888886,80.0,292.0,25.0,0.0856164383561643,1
2020-07-31,P010,1.0,0.0,0.0,72839.0,1.0,7.5586111111111105,7.5586111111111105,1.0,80.0,64.0,0.8,1
2020-07-31,P011,27.0,2.0,630888.0,1214247.0,3.0,69.7087037037037,68.55527777777777,0.0,18.0,7.0,0.3888888888888889,1
2020-08-07,P001,401.0,309.0,2332809.0,916154.0,285.0,43.64291079812207,29.42861111111111,243.0,246.0,13.0,0.0528455284552845,1
2020-08-07,P002,42.0,6.0,147151.0,737601.0,79.0,32.05424402250351,16.879166666666666,44.0,743.0,29.0,0.0390309555854643,1
2020-08-07,P003,8.0,0.0,134225.0,537004.0,23.0,111.3373188405797,49.66361111111111,7.0,203.0,29.0,0.1428571428571428,1
2020-08-07,P004,477.0,323.0,3447912.0,2528682.0,562.0,35.03554209056453,22.79,403.0,579.0,40.0,0.0690846286701209,1
2020-08-07,P005,80.0,41.0,442470.0,2035186.0,48.0,89.34330439814813,66.66555555555556,29.0,26.0,9.0,0.3461538461538461,1
2020-08-07,P006,46.0,174.0,201754.0,90527.0,561.0,73.70638285024154,33.92166666666667,492.0,416.0,36.0,0.0865384615384615,1
2020-08-07,P007,6.0,1.0,79038.0,68142.0,0.0,,,0.0,38.0,17.0,0.4473684210526316,1
2020-08-07,P008,11.0,0.0,4068.0,2091196.0,14.0,26.298253968253967,14.321666666666665,11.0,605.0,389.0,0.6429752066115703,1
2020-08-07,P009,228.0,84.0,2886146.0,1347597.0,87.0,60.430807189542485,24.43638888888889,66.0,292.0,25.0,0.0856164383561643,1
2020-08-07,P010,1.0,1.0,0.0,95226.0,3.0,7.889814814814815,8.017777777777777,3.0,80.0,64.0,0.8,1
2020-08-07,P011,26.0,1.0,117862.0,1554010.0,5.0,73.33633333333333,51.136944444444445,2.0,18.0,7.0,0.3888888888888889,1
2020-08-14,P001,342.0,316.0,2443372.0,656757.0,269.0,44.913231757877284,32.72208333333333,234.0,246.0,13.0,0.0528455284552845,1
2020-08-14,P002,46.0,5.0,573451.0,567339.0,69.0,25.083892914653784,15.49388888888889,35.0,743.0,29.0,0.0390309555854643,1
2020-08-14,P003,19.0,0.0,130090.0,2064833.0,33.0,105.5517845117845,60.801944444444445,9.0,203.0,29.0,0.1428571428571428,1
2020-08-14,P004,526.0,338.0,3458114.0,2939167.0,540.0,33.29681869717584,23.083055555555557,377.0,579.0,40.0,0.0690846286701209,1
2020-08-14,P005,83.0,46.0,374447.0,1975111.0,41.0,72.24378048780487,45.32972222222222,19.0,26.0,9.0,0.3461538461538461,1
2020-08-14,P006,46.0,139.0,426948.0,126968.0,572.0,69.60586165772212,35.55388888888889,502.0,416.0,36.0,0.0865384615384615,1
2020-08-14,P007,9.0,0.0,26017.0,245431.0,1.0,42.68638888888889,42.68638888888889,0.0,38.0,17.0,0.4473684210526316,1
2020-08-14,P008,11.0,0.0,2587.0,790272.0,7.0,19.396309523809524,6.167777777777777,4.0,605.0,389.0,0.6429752066115703,1
2020-08-14,P009,213.0,68.0,1518569.0,1133694.0,96.0,42.7395,19.95305555555555,71.0,292.0,25.0,0.0856164383561643,1
2020-08-14,P010,4.0,0.0,0.0,168065.0,1.0,7.905555555555556,7.905555555555556,1.0,80.0,64.0,0.8,1
2020-08-14,P011,21.0,0.0,275129.0,709262.0,3.0,35.94861111111111,46.36361111111111,1.0,18.0,7.0,0.3888888888888889,1
2020-08-21,P001,341.0,293.0,2350262.0,571963.0,288.0,51.75344076655052,31.48027777777778,250.0,246.0,13.0,0.0528455284552845,1
2020-08-21,P002,57.0,5.0,601507.0,746792.0,70.0,22.411103059581322,16.245555555555555,35.0,743.0,29.0,0.0390309555854643,1
2020-08-21,P003,15.0,0.0,211771.0,1429195.0,16.0,60.513437499999995,51.44888888888889,7.0,203.0,29.0,0.1428571428571428,1
2020-08-21,P004,470.0,333.0,3370091.0,2200606.0,555.0,33.72397594605475,23.066805555555554,381.0,579.0,40.0,0.0690846286701209,1
2020-08-21,P005,94.0,43.0,640737.0,2379266.0,41.0,60.34129403794038,43.66861111111111,24.0,26.0,9.0,0.3461538461538461,1
2020-08-21,P006,60.0,179.0,801705.0,149177.0,484.0,75.10091278125725,48.18555555555555,427.0,416.0,36.0,0.0865384615384615,1
2020-08-21,P007,12.0,0.0,92347.0,332689.0,0.0,,,0.0,38.0,17.0,0.4473684210526316,1
2020-08-21,P008,13.0,0.0,6655.0,2093858.0,19.0,25.975307017543862,20.49861111111111,10.0,605.0,389.0,0.6429752066115703,1
2020-08-21,P009,243.0,74.0,1612707.0,1212126.0,87.0,40.53873243933589,13.877777777777778,62.0,292.0,25.0,0.0856164383561643,1
2020-08-21,P010,1.0,0.0,0.0,95226.0,2.0,6.507222222222222,6.507222222222222,2.0,80.0,64.0,0.8,1
2020-08-21,P011,31.0,1.0,252970.0,1201378.0,5.0,124.13605555555554,74.175,2.0,18.0,7.0,0.3888888888888889,1
2020-08-28,P001,362.0,304.0,3072149.0,1011989.0,272.0,45.39370541205412,29.982222222222223,235.0,267.0,22.0,0.0823970037453183,1
2020-08-28,P002,56.0,5.0,600266.0,589518.0,95.0,30.108073099415204,18.726666666666667,52.0,594.0,30.0,0.0505050505050505,1
2020-08-28,P003,11.0,0.0,8704.0,1309993.0,27.0,122.7029012345679,81.72083333333333,7.0,163.0,14.0,0.0858895705521472,1
2020-08-28,P004,483.0,338.0,2782709.0,2955232.0,543.0,35.483967814678145,23.243055555555557,392.0,717.0,42.0,0.0585774058577405,1
2020-08-28,P005,93.0,47.0,354543.0,2060760.0,43.0,62.31590439276486,39.78722222222222,22.0,31.0,8.0,0.2580645161290322,1
2020-08-28,P006,53.0,194.0,738254.0,199993.0,602.0,63.63803162537537,32.35597222222222,534.0,568.0,67.0,0.1179577464788732,1
2020-08-28,P007,7.0,0.0,0.0,164288.0,1.0,42.95666666666666,42.95666666666666,0.0,47.0,11.0,0.2340425531914893,1
2020-08-28,P008,12.0,0.0,5174.0,1563143.0,10.0,68.83230555555556,13.623055555555556,4.0,623.0,409.0,0.6565008025682183,1
2020-08-28,P009,243.0,83.0,3053401.0,1413157.0,84.0,55.68549272486772,24.00722222222222,65.0,273.0,39.0,0.1428571428571428,1
2020-08-28,P010,1.0,0.0,0.0,95226.0,2.0,4.41875,4.41875,1.0,48.0,39.0,0.8125,1
2020-08-28,P011,31.0,1.0,583844.0,1114727.0,4.0,54.373194444444444,54.45861111111111,1.0,4.0,2.0,0.5,1
2020-09-04,P001,349.0,303.0,2050732.0,852699.0,282.0,50.67282210401891,30.159166666666668,242.0,267.0,22.0,0.0823970037453183,1
2020-09-04,P002,59.0,3.0,489097.0,883787.0,67.0,30.0874087893864,15.384722222222225,34.0,594.0,30.0,0.0505050505050505,1
2020-09-04,P003,17.0,0.0,182131.0,1067918.0,25.0,82.02654444444444,41.42861111111111,8.0,163.0,14.0,0.0858895705521472,1
2020-09-04,P004,526.0,328.0,3569846.0,3011989.0,558.0,36.859479606188465,22.904444444444444,406.0,717.0,42.0,0.0585774058577405,1
2020-09-04,P005,68.0,38.0,494799.0,1421270.0,50.0,55.602555555555554,40.80458333333333,31.0,31.0,8.0,0.2580645161290322,1
2020-09-04,P006,47.0,158.0,644423.0,204343.0,586.0,73.26839022757697,33.98027777777778,522.0,568.0,67.0,0.1179577464788732,1
2020-09-04,P007,8.0,1.0,46366.0,146470.0,0.0,,,0.0,47.0,11.0,0.2340425531914893,1
2020-09-04,P008,10.0,0.0,2587.0,1525560.0,13.0,25.953012820512818,15.3325,9.0,623.0,409.0,0.6565008025682183,1
2020-09-04,P009,243.0,83.0,1613380.0,1282489.0,90.0,36.31665432098765,17.597916666666666,67.0,273.0,39.0,0.1428571428571428,1
2020-09-04,P010,2.0,0.0,0.0,0.0,0.0,,,0.0,48.0,39.0,0.8125,1
2020-09-04,P011,27.0,3.0,299812.0,1272748.0,5.0,110.32511111111111,77.27694444444444,4.0,4.0,2.0,0.5,1
2020-09-11,P001,352.0,303.0,2940937.0,790438.0,285.0,46.77328849902534,35.96472222222222,245.0,267.0,22.0,0.0823970037453183,1
2020-09-11,P002,57.0,6.0,564626.0,698399.0,90.0,41.36200617283951,21.039722222222224,52.0,594.0,30.0,0.0505050505050505,1
2020-09-11,P003,17.0,0.0,300135.0,1309818.0,25.0,94.01186666666666,58.12888888888889,8.0,163.0,14.0,0.0858895705521472,1
2020-09-11,P004,494.0,345.0,2639924.0,2720689.0,574.0,32.59275332550861,23.258055555555558,402.0,717.0,42.0,0.0585774058577405,1
2020-09-11,P005,90.0,52.0,438126.0,1788609.0,33.0,71.72157407407408,52.915,17.0,31.0,8.0,0.2580645161290322,1
2020-09-11,P006,60.0,166.0,898443.0,163291.0,534.0,76.15674746514576,38.98027777777778,463.0,568.0,67.0,0.1179577464788732,1
2020-09-11,P007,10.0,1.0,3748.0,325328.0,1.0,64.71722222222222,64.71722222222222,0.0,47.0,11.0,0.2340425531914893,1
2020-09-11,P008,11.0,0.0,5174.0,2292586.0,16.0,26.281493055555554,6.811388888888889,13.0,623.0,409.0,0.6565008025682183,1
2020-09-11,P009,217.0,76.0,1393543.0,1175437.0,92.0,34.02332125603864,18.414722222222224,70.0,273.0,39.0,0.1428571428571428,1
2020-09-11,P010,4.0,0.0,0.0,240904.0,1.0,105.18111111111112,105.18111111111112,1.0,48.0,39.0,0.8125,1
2020-09-11,P011,26.0,4.0,385182.0,1230154.0,3.0,212.4448148148148,124.42027777777778,1.0,4.0,2.0,0.5,1
2020-09-18,P001,351.0,327.0,2546474.0,761778.0,292.0,44.857959474885845,33.83902777777778,254.0,267.0,22.0,0.0823970037453183,1
2020-09-18,P002,54.0,8.0,639779.0,536213.0,95.0,35.13758274231679,19.40013888888889,45.0,594.0,30.0,0.0505050505050505,1
2020-09-18,P003,16.0,0.0,404099.0,1918871.0,28.0,121.14285714285714,50.81222222222222,6.0,163.0,14.0,0.0858895705521472,1
2020-09-18,P004,511.0,334.0,4414936.0,2326380.0,604.0,35.59953133666112,23.935833333333335,434.0,717.0,42.0,0.0585774058577405,1
2020-09-18,P005,90.0,55.0,599657.0,2103998.0,47.0,60.612163120567374,38.83583333333333,23.0,31.0,8.0,0.2580645161290322,1
2020-09-18,P006,52.0,174.0,1043280.0,129285.0,527.0,73.658463356974,44.17472222222222,442.0,568.0,67.0,0.1179577464788732,1
2020-09-18,P007,8.0,0.0,7063.0,175776.0,1.0,48.68055555555556,48.68055555555556,0.0,47.0,11.0,0.2340425531914893,1
2020-09-18,P008,11.0,0.0,0.0,1533818.0,8.0,34.8921875,28.543333333333333,6.0,623.0,409.0,0.6565008025682183,1
2020-09-18,P009,231.0,71.0,1807044.0,1205878.0,93.0,25.29855734767025,19.24972222222222,80.0,273.0,39.0,0.1428571428571428,1
2020-09-18,P010,3.0,1.0,0.0,95226.0,2.0,3.4138888888888888,3.4138888888888888,1.0,48.0,39.0,0.8125,1
2020-09-18,P011,30.0,3.0,370735.0,1274017.0,9.0,62.3770987654321,53.95666666666666,1.0,4.0,2.0,0.5,1
2020-09-25,P001,343.0,337.0,2018785.0,863917.0,308.0,46.34444989106754,30.409166666666664,265.0,267.0,22.0,0.0823970037453183,1
2020-09-25,P002,60.0,7.0,551220.0,1052611.0,95.0,30.856474586288414,19.258055555555558,50.0,594.0,30.0,0.0505050505050505,1
2020-09-25,P003,14.0,0.0,121305.0,1021450.0,29.0,132.98677983539093,55.49777777777778,5.0,163.0,14.0,0.0858895705521472,1
2020-09-25,P004,446.0,357.0,2813377.0,1814289.0,574.0,34.07431136275648,23.29763888888889,413.0,717.0,42.0,0.0585774058577405,1
2020-09-25,P005,93.0,49.0,786309.0,2030193.0,56.0,62.752609126984126,43.72527777777778,25.0,31.0,8.0,0.2580645161290322,1
2020-09-25,P006,45.0,140.0,708988.0,147692.0,505.0,65.26056171594982,33.865972222222226,434.0,568.0,67.0,0.1179577464788732,1
2020-09-25,P007,8.0,2.0,56764.0,90959.0,1.0,41.67638888888889,41.67638888888889,0.0,47.0,11.0,0.2340425531914893,1
2020-09-25,P008,10.0,0.0,2587.0,1161745.0,10.0,17.412932098765435,9.22,8.0,623.0,409.0,0.6565008025682183,1
2020-09-25,P009,252.0,87.0,3084511.0,1432542.0,75.0,61.082240990991,30.610833333333332,59.0,273.0,39.0,0.1428571428571428,1
2020-09-25,P010,1.0,1.0,0.0,72839.0,5.0,19.029555555555554,16.178333333333335,4.0,48.0,39.0,0.8125,1
2020-09-25,P011,27.0,1.0,62159.0,1125715.0,5.0,163.5661111111111,63.52333333333333,2.0,4.0,2.0,0.5,1
2020-10-02,P001,350.0,294.0,2569312.0,794842.0,306.0,43.4946686637618,34.897777777777776,267.0,255.0,17.0,0.0666666666666666,1
2020-10-02,P002,52.0,7.0,412103.0,604860.0,99.0,37.91935746352413,19.111666666666668,46.0,761.0,45.0,0.0591327201051248,1
2020-10-02,P003,20.0,0.0,252236.0,2211418.0,30.0,143.32605555555557,46.099722222222226,7.0,269.0,26.0,0.0966542750929368,1
2020-10-02,P004,498.0,326.0,2706121.0,2357391.0,564.0,39.737576339637506,26.492222222222225,414.0,539.0,35.0,0.0649350649350649,1
2020-10-02,P005,78.0,39.0,412683.0,1488787.0,49.0,79.05509070294785,45.1025,33.0,12.0,5.0,0.4166666666666667,1
2020-10-02,P006,45.0,137.0,876424.0,91494.0,514.0,69.18746761089153,36.03597222222222,438.0,552.0,47.0,0.0851449275362318,1
2020-10-02,P007,8.0,2.0,124887.0,154884.0,2.0,39.48527777777778,39.48527777777778,2.0,29.0,9.0,0.3103448275862069,1
2020-10-02,P008,11.0,0.0,5174.0,2057832.0,16.0,39.93703125,8.080833333333334,9.0,656.0,481.0,0.7332317073170732,1
2020-10-02,P009,192.0,78.0,1292076.0,983530.0,108.0,43.40240740740741,20.541527777777777,73.0,288.0,35.0,0.1215277777777777,1
2020-10-02,P010,1.0,1.0,0.0,40729.0,1.0,171.8011111111111,171.8011111111111,1.0,77.0,61.0,0.7922077922077922,1
2020-10-02,P011,26.0,1.0,286080.0,1176512.0,2.0,80.04305555555555,80.04305555555555,0.0,4.0,2.0,0.5,1
2020-10-09,P001,345.0,303.0,2146655.0,755743.0,275.0,44.942008313057585,34.331944444444446,246.0,255.0,17.0,0.0666666666666666,1
2020-10-09,P002,55.0,3.0,637277.0,564109.0,106.0,32.91545597484277,21.72347222222222,65.0,761.0,45.0,0.0591327201051248,1
2020-10-09,P003,13.0,0.0,121518.0,1217097.0,25.0,69.94482638888888,50.07513888888889,4.0,269.0,26.0,0.0966542750929368,1
2020-10-09,P004,496.0,333.0,3189574.0,2234939.0,560.0,32.12196239776581,23.494722222222222,404.0,539.0,35.0,0.0649350649350649,1
2020-10-09,P005,111.0,55.0,672310.0,2366533.0,40.0,52.029354166666664,37.69083333333333,26.0,12.0,5.0,0.4166666666666667,1
2020-10-09,P006,51.0,128.0,502769.0,172659.0,519.0,67.85370006548789,35.437777777777775,445.0,552.0,47.0,0.0851449275362318,1
2020-10-09,P007,7.0,0.0,5622.0,186848.0,1.0,70.03555555555556,70.03555555555556,0.0,29.0,9.0,0.3103448275862069,1
2020-10-09,P008,9.0,0.0,5174.0,1263516.0,6.0,32.88513888888889,8.17486111111111,3.0,656.0,481.0,0.7332317073170732,1
2020-10-09,P009,254.0,73.0,2144211.0,1603938.0,93.0,36.74040023894863,20.926388888888887,67.0,288.0,35.0,0.1215277777777777,1
2020-10-09,P010,1.0,1.0,0.0,95226.0,3.0,68.60555555555555,11.3875,1.0,77.0,61.0,0.7922077922077922,1
2020-10-09,P011,21.0,4.0,147657.0,1142353.0,5.0,149.5628888888889,46.611111111111114,3.0,4.0,2.0,0.5,1
2020-10-16,P001,338.0,296.0,1949253.0,782850.0,290.0,48.84561398467433,32.49513888888889,250.0,255.0,17.0,0.0666666666666666,1
2020-10-16,P002,61.0,7.0,945604.0,920970.0,93.0,43.170474033816426,18.67930555555556,35.0,761.0,45.0,0.0591327201051248,1
2020-10-16,P003,13.0,0.0,166328.0,1033788.0,29.0,94.33152777777778,37.98152777777778,7.0,269.0,26.0,0.0966542750929368,1
2020-10-16,P004,498.0,360.0,3821045.0,2366803.0,580.0,38.337345465049104,25.09805555555555,425.0,539.0,35.0,0.0649350649350649,1
2020-10-16,P005,87.0,42.0,365320.0,1995234.0,53.0,56.97692841880342,42.61416666666666,34.0,12.0,5.0,0.4166666666666667,1
2020-10-16,P006,34.0,153.0,400101.0,99434.0,572.0,84.5472553380783,37.031388888888884,496.0,552.0,47.0,0.0851449275362318,1
2020-10-16,P007,6.0,1.0,1874.0,160491.0,0.0,,,0.0,29.0,9.0,0.3103448275862069,1
2020-10-16,P008,12.0,0.0,2587.0,2461156.0,4.0,44.021249999999995,34.37972222222222,1.0,656.0,481.0,0.7332317073170732,1
2020-10-16,P009,171.0,54.0,1836896.0,709311.0,84.0,73.41910052910053,29.074166666666667,61.0,288.0,35.0,0.1215277777777777,1
2020-10-16,P010,2.0,1.0,0.0,72839.0,1.0,21.510555555555555,21.510555555555555,0.0,77.0,61.0,0.7922077922077922,1
2020-10-16,P011,25.0,2.0,385068.0,1089502.0,6.0,59.850138888888885,43.26819444444445,3.0,4.0,2.0,0.5,1
2020-10-23,P001,339.0,323.0,2776549.0,902337.0,286.0,43.64480574980575,32.48361111111111,248.0,255.0,17.0,0.0666666666666666,1
2020-10-23,P002,55.0,3.0,589483.0,608361.0,95.0,41.43471637426901,24.083055555555557,52.0,761.0,45.0,0.0591327201051248,1
2020-10-23,P003,16.0,0.0,349556.0,1304803.0,23.0,123.44842995169083,47.0,6.0,269.0,26.0,0.0966542750929368,1
2020-10-23,P004,477.0,321.0,2709966.0,2423233.0,614.0,38.45514138118543,25.83361111111111,443.0,539.0,35.0,0.0649350649350649,1
2020-10-23,P005,111.0,57.0,508468.0,2364413.0,43.0,86.92939276485788,46.83083333333333,24.0,12.0,5.0,0.4166666666666667,1
2020-10-23,P006,69.0,199.0,776705.0,283324.0,569.0,70.33501590141124,39.32555555555555,490.0,552.0,47.0,0.0851449275362318,1
2020-10-23,P007,7.0,1.0,1874.0,173235.0,2.0,593.0913888888889,593.0913888888889,1.0,29.0,9.0,0.3103448275862069,1
2020-10-23,P008,14.0,0.0,5550.0,2073238.0,10.0,16.108333333333334,10.167638888888888,7.0,656.0,481.0,0.7332317073170732,1
2020-10-23,P009,264.0,88.0,2851589.0,1562948.0,68.0,50.80377042483661,18.55902777777778,55.0,288.0,35.0,0.1215277777777777,1
2020-10-23,P010,0.0,0.0,0.0,0.0,2.0,16.594722222222224,16.594722222222224,0.0,77.0,61.0,0.7922077922077922,1
2020-10-23,P011,19.0,2.0,75695.0,721565.0,4.0,177.2657638888889,93.05194444444444,2.0,4.0,2.0,0.5,1
2020-10-30,P001,344.0,322.0,2276515.0,1360805.0,304.0,49.18411915204678,29.252777777777776,262.0,279.0,31.0,0.1111111111111111,1
2020-10-30,P002,62.0,8.0,547077.0,927887.0,93.0,24.33522946859903,17.01375,45.0,754.0,33.0,0.0437665782493368,1
2020-10-30,P003,16.0,0.0,136425.0,1064222.0,33.0,98.57297743055555,61.74638888888889,8.0,171.0,15.0,0.087719298245614,1
2020-10-30,P004,492.0,323.0,3057534.0,2351186.0,519.0,43.77918325840291,28.490277777777777,377.0,913.0,54.0,0.0591456736035049,1
2020-10-30,P005,101.0,45.0,223320.0,2338057.0,55.0,51.975368686868684,40.444722222222225,35.0,60.0,15.0,0.25,1
2020-10-30,P006,50.0,188.0,413777.0,132665.0,537.0,71.41724146899708,34.15527777777778,476.0,665.0,77.0,0.1157894736842105,1
2020-10-30,P007,6.0,1.0,8238.0,135266.0,2.0,155.46541666666667,155.46541666666667,2.0,56.0,23.0,0.4107142857142857,1
2020-10-30,P008,12.0,0.0,2587.0,2034723.0,11.0,30.1689898989899,6.731944444444444,5.0,621.0,423.0,0.6811594202898551,1
2020-10-30,P009,225.0,77.0,1797544.0,1227511.0,102.0,54.27501089324618,19.541805555555555,76.0,205.0,13.0,0.0634146341463414,1
2020-10-30,P010,1.0,0.0,0.0,90092.0,1.0,20.985,20.985,1.0,53.0,44.0,0.8301886792452831,1
2020-10-30,P011,23.0,0.0,186203.0,657402.0,3.0,176.82657407407407,51.18805555555556,1.0,3.0,1.0,0.3333333333333333,1
2020-11-06,P001,341.0,289.0,2785057.0,927129.0,297.0,49.08946595585485,35.041111111111114,245.0,279.0,31.0,0.1111111111111111,1
2020-11-06,P002,55.0,6.0,663242.0,678897.0,88.0,38.40649621212121,17.374305555555555,45.0,754.0,33.0,0.0437665782493368,1
2020-11-06,P003,18.0,0.0,141891.0,1182005.0,17.0,84.10905228758169,22.825555555555557,4.0,171.0,15.0,0.087719298245614,1
2020-11-06,P004,502.0,323.0,3282597.0,2305708.0,532.0,46.16647395505146,28.851666666666667,397.0,913.0,54.0,0.0591456736035049,1
2020-11-06,P005,87.0,53.0,666196.0,2178190.0,44.0,70.22710227272727,39.38125,30.0,60.0,15.0,0.25,1
2020-11-06,P006,41.0,152.0,312944.0,104361.0,534.0,66.86421746031746,34.65083333333333,481.0,665.0,77.0,0.1157894736842105,1
2020-11-06,P007,8.0,0.0,114598.0,176731.0,0.0,,,0.0,56.0,23.0,0.4107142857142857,1
2020-11-06,P008,13.0,0.0,7761.0,2408134.0,16.0,17.2296875,10.205972222222222,8.0,621.0,423.0,0.6811594202898551,1
2020-11-06,P009,240.0,72.0,1839666.0,1367492.0,87.0,64.59642720306513,25.58194444444445,58.0,205.0,13.0,0.0634146341463414,1
2020-11-06,P010,0.0,0.0,0.0,0.0,0.0,,,0.0,53.0,44.0,0.8301886792452831,1
2020-11-06,P011,24.0,2.0,54833.0,1230338.0,3.0,157.65157407407406,47.3325,2.0,3.0,1.0,0.3333333333333333,1
2020-11-13,P001,358.0,302.0,2896730.0,1254586.0,264.0,42.042121212121216,30.541805555555555,237.0,279.0,31.0,0.1111111111111111,1
2020-11-13,P002,56.0,7.0,395103.0,662252.0,98.0,38.912395124716554,18.212083333333332,49.0,754.0,33.0,0.0437665782493368,1
2020-11-13,P003,12.0,0.0,92459.0,1382320.0,25.0,87.16708888888888,47.573055555555555,7.0,171.0,15.0,0.087719298245614,1
2020-11-13,P004,508.0,337.0,2546463.0,2710471.0,569.0,40.79287151550844,27.14236111111111,404.0,913.0,54.0,0.0591456736035049,1
2020-11-13,P005,98.0,43.0,470343.0,2219798.0,48.0,68.97699652777779,41.919444444444444,25.0,60.0,15.0,0.25,1
2020-11-13,P006,53.0,158.0,342614.0,111803.0,537.0,63.74606428872054,32.413472222222225,463.0,665.0,77.0,0.1157894736842105,1
2020-11-13,P007,19.0,0.0,26043.0,538600.0,0.0,,,0.0,56.0,23.0,0.4107142857142857,1
2020-11-13,P008,11.0,0.0,7761.0,1323879.0,10.0,49.77144444444444,26.518611111111113,5.0,621.0,423.0,0.6811594202898551,1
2020-11-13,P009,242.0,86.0,2176798.0,1548961.0,98.0,46.68866496598639,15.787638888888889,71.0,205.0,13.0,0.0634146341463414,1
2020-11-13,P010,1.0,0.0,0.0,72839.0,3.0,95.07916666666665,26.045277777777777,3.0,53.0,44.0,0.8301886792452831,1
2020-11-13,P011,23.0,0.0,64524.0,910410.0,4.0,43.746319444444445,44.702083333333334,2.0,3.0,1.0,0.3333333333333333,1
2020-11-20,P001,336.0,315.0,2520962.0,1011038.0,277.0,42.78860108303249,30.66861111111111,231.0,279.0,31.0,0.1111111111111111,1
2020-11-20,P002,64.0,4.0,611005.0,784807.0,92.0,35.33341787439613,20.467916666666667,45.0,754.0,33.0,0.0437665782493368,1
2020-11-20,P003,11.0,0.0,139998.0,923142.0,28.0,117.52887860082303,30.83277777777778,5.0,171.0,15.0,0.087719298245614,1
2020-11-20,P004,501.0,312.0,4299859.0,2295504.0,564.0,42.299413360963094,29.147222222222226,405.0,913.0,54.0,0.0591456736035049,1
2020-11-20,P005,85.0,44.0,243716.0,2040443.0,42.0,71.53826058201058,38.56402777777778,23.0,60.0,15.0,0.25,1
2020-11-20,P006,40.0,129.0,543637.0,71940.0,382.0,75.39647430184195,38.126666666666665,316.0,665.0,77.0,0.1157894736842105,1
2020-11-20,P007,14.0,0.0,68115.0,424502.0,0.0,,,0.0,56.0,23.0,0.4107142857142857,1
2020-11-20,P008,14.0,0.0,9242.0,2217748.0,10.0,30.633333333333336,15.182222222222222,4.0,621.0,423.0,0.6811594202898551,1
2020-11-20,P009,217.0,74.0,2067320.0,1022839.0,106.0,51.50962264150943,21.024305555555557,79.0,205.0,13.0,0.0634146341463414,1
2020-11-20,P010,0.0,0.0,0.0,0.0,0.0,,,0.0,53.0,44.0,0.8301886792452831,1
2020-11-20,P011,14.0,3.0,46437.0,561463.0,3.0,133.58175925925926,77.6675,1.0,3.0,1.0,0.3333333333333333,1
2020-11-27,P001,338.0,304.0,2470509.0,1332583.0,297.0,43.55956120527307,34.58694444444444,255.0,279.0,31.0,0.1111111111111111,1
2020-11-27,P002,54.0,5.0,634993.0,609241.0,72.0,34.615524691358026,17.695833333333333,37.0,754.0,33.0,0.0437665782493368,1
2020-11-27,P003,10.0,0.0,26355.0,851020.0,25.0,106.95992222222223,34.1875,4.0,171.0,15.0,0.087719298245614,1
2020-11-27,P004,488.0,322.0,3153320.0,2209475.0,552.0,43.36634603750756,28.69638888888889,399.0,913.0,54.0,0.0591456736035049,1
2020-11-27,P005,101.0,57.0,504352.0,2105313.0,43.0,63.97262919896641,40.29666666666667,27.0,60.0,15.0,0.25,1
2020-11-27,P006,54.0,120.0,597674.0,118895.0,441.0,76.74874647164485,37.7825,373.0,665.0,77.0,0.1157894736842105,1
2020-11-27,P007,8.0,1.0,32089.0,165830.0,2.0,109.98722222222221,109.98722222222221,1.0,56.0,23.0,0.4107142857142857,1
2020-11-27,P008,12.0,0.0,10348.0,2334677.0,12.0,36.830625,21.352222222222224,7.0,621.0,423.0,0.6811594202898551,1
2020-11-27,P009,215.0,70.0,1406182.0,1157272.0,91.0,37.69054938271605,18.748055555555553,65.0,205.0,13.0,0.0634146341463414,1
2020-11-27,P010,0.0,0.0,0.0,0.0,1.0,171.8022222222222,171.8022222222222,1.0,53.0,44.0,0.8301886792452831,1
2020-11-27,P011,14.0,1.0,214978.0,673708.0,5.0,142.4,96.74722222222222,1.0,3.0,1.0,0.3333333333333333,1
2020-12-04,P001,364.0,324.0,2854185.0,1064223.0,273.0,44.74730667480667,31.351944444444445,230.0,225.0,11.0,0.0488888888888888,1
2020-12-04,P002,48.0,4.0,541979.0,408341.0,103.0,36.827400215749726,19.851944444444445,45.0,804.0,31.0,0.0385572139303482,1
2020-12-04,P003,12.0,0.0,183042.0,837689.0,20.0,58.23580555555556,44.8425,7.0,220.0,37.0,0.1681818181818181,1
2020-12-04,P004,469.0,321.0,3352098.0,2424267.0,498.0,40.77863011401744,29.198888888888888,375.0,634.0,28.0,0.0441640378548895,1
2020-12-04,P005,79.0,39.0,402942.0,1762249.0,52.0,64.82743055555555,39.59763888888889,31.0,24.0,5.0,0.2083333333333333,1
2020-12-04,P006,37.0,113.0,486814.0,69517.0,351.0,79.67756944444444,41.06388888888889,298.0,669.0,47.0,0.070254110612855,1
2020-12-04,P007,6.0,0.0,1874.0,173545.0,2.0,32.72013888888889,32.72013888888889,1.0,29.0,9.0,0.3103448275862069,1
2020-12-04,P008,8.0,0.0,5174.0,1215748.0,19.0,54.06070175438597,42.72611111111111,10.0,618.0,427.0,0.6909385113268608,1
2020-12-04,P009,200.0,76.0,1888229.0,1131733.0,84.0,36.27137235449735,19.053055555555556,66.0,310.0,54.0,0.1741935483870967,1
2020-12-04,P010,0.0,0.0,0.0,0.0,0.0,,,0.0,60.0,50.0,0.8333333333333334,1
2020-12-04,P011,20.0,1.0,132835.0,866939.0,4.0,172.94159722222224,88.60138888888889,2.0,9.0,4.0,0.4444444444444444,1
2020-12-11,P001,345.0,310.0,3097740.0,780125.0,297.0,42.638065913371,30.849166666666665,253.0,225.0,11.0,0.0488888888888888,1
2020-12-11,P002,48.0,7.0,803157.0,613148.0,84.0,31.622420634920633,15.611527777777775,51.0,804.0,31.0,0.0385572139303482,1
2020-12-11,P003,7.0,0.0,25225.0,657967.0,29.0,77.42783524904215,29.848333333333333,7.0,220.0,37.0,0.1681818181818181,1
2020-12-11,P004,518.0,313.0,3222852.0,2724160.0,539.0,46.688853779429984,29.19638888888889,397.0,634.0,28.0,0.0441640378548895,1
2020-12-11,P005,94.0,33.0,361372.0,1942019.0,39.0,73.3155056980057,45.5125,28.0,24.0,5.0,0.2083333333333333,1
2020-12-11,P006,38.0,119.0,457988.0,77579.0,376.0,77.33449137148048,42.45305555555556,316.0,669.0,47.0,0.070254110612855,1
2020-12-11,P007,14.0,1.0,17573.0,421941.0,1.0,26.100555555555555,26.100555555555555,0.0,29.0,9.0,0.3103448275862069,1
2020-12-11,P008,14.0,0.0,152870.0,1919242.0,15.0,48.28711111111111,30.818055555555556,8.0,618.0,427.0,0.6909385113268608,1
2020-12-11,P009,203.0,71.0,1517900.0,1023981.0,100.0,53.11253928170595,22.606666666666666,70.0,310.0,54.0,0.1741935483870967,1
2020-12-11,P010,0.0,0.0,0.0,0.0,0.0,,,0.0,60.0,50.0,0.8333333333333334,1
2020-12-11,P011,20.0,1.0,412772.0,554230.0,3.0,111.31416666666667,130.595,0.0,9.0,4.0,0.4444444444444444,1
2020-12-18,P001,363.0,319.0,2139073.0,1086517.0,291.0,42.50594597174494,31.03388888888889,252.0,225.0,11.0,0.0488888888888888,1
2020-12-18,P002,51.0,8.0,544504.0,708639.0,84.0,29.791851851851852,15.940555555555555,42.0,804.0,31.0,0.0385572139303482,1
2020-12-18,P003,6.0,0.0,34010.0,650286.0,17.0,114.25382352941176,34.444722222222225,5.0,220.0,37.0,0.1681818181818181,1
2020-12-18,P004,505.0,320.0,3477125.0,2271056.0,519.0,43.007084405834405,27.79888888888889,369.0,634.0,28.0,0.0441640378548895,1
2020-12-18,P005,80.0,52.0,551215.0,1838637.0,33.0,68.79415824915826,36.5075,20.0,24.0,5.0,0.2083333333333333,1
2020-12-18,P006,44.0,110.0,800131.0,52789.0,426.0,69.28274801587301,35.538333333333334,348.0,669.0,47.0,0.070254110612855,1
2020-12-18,P007,10.0,0.0,169236.0,219435.0,0.0,,,0.0,29.0,9.0,0.3103448275862069,1
2020-12-18,P008,12.0,0.0,10348.0,2097423.0,14.0,23.96672619047619,10.297638888888889,8.0,618.0,427.0,0.6909385113268608,1
2020-12-18,P009,214.0,68.0,2054907.0,1136077.0,87.0,27.916583652618137,16.7275,71.0,310.0,54.0,0.1741935483870967,1
2020-12-18,P010,0.0,0.0,0.0,0.0,2.0,44.24638888888889,44.24638888888889,0.0,60.0,50.0,0.8333333333333334,1
2020-12-18,P011,26.0,2.0,558707.0,755855.0,2.0,38.22208333333333,38.22208333333333,1.0,9.0,4.0,0.4444444444444444,1
2020-12-25,P001,367.0,298.0,3157441.0,756903.0,292.0,43.00881634211531,31.69472222222222,242.0,225.0,11.0,0.0488888888888888,1
2020-12-25,P002,61.0,10.0,783037.0,794114.0,93.0,40.06596774193549,18.17194444444445,53.0,804.0,31.0,0.0385572139303482,1
2020-12-25,P003,6.0,0.0,23202.0,480011.0,20.0,91.70448374708333,56.08486111111111,3.0,220.0,37.0,0.1681818181818181,1
2020-12-25,P004,483.0,334.0,3896812.0,2122461.0,535.0,41.068385773624094,29.319166666666668,389.0,634.0,28.0,0.0441640378548895,1
2020-12-25,P005,88.0,39.0,487134.0,2211107.0,52.0,69.48287393162393,42.530972222222225,31.0,24.0,5.0,0.2083333333333333,1
2020-12-25,P006,34.0,124.0,388475.0,208017.0,445.0,60.45456704980843,30.983888888888888,378.0,669.0,47.0,0.070254110612855,1
2020-12-25,P007,10.0,0.0,5622.0,299197.0,0.0,,,0.0,29.0,9.0,0.3103448275862069,1
2020-12-25,P008,9.0,0.0,4068.0,1305853.0,9.0,15.501018518518517,7.501388888888889,5.0,618.0,427.0,0.6909385113268608,1
2020-12-25,P009,220.0,71.0,2347128.0,1394543.0,93.0,33.522347670250895,17.34611111111111,68.0,310.0,54.0,0.1741935483870967,1
2020-12-25,P010,1.0,0.0,0.0,72839.0,1.0,356.01222222222225,356.01222222222225,0.0,60.0,50.0,0.8333333333333334,1
2020-12-25,P011,19.0,0.0,260346.0,534658.0,6.0,106.56041666666668,68.70472222222222,2.0,9.0,4.0,0.4444444444444444,1
2021-01-01,P001,334.0,255.0,2544826.0,1055660.0,288.0,48.69487231968811,27.60972222222222,247.0,112.0,13.0,0.1160714285714285,1
2021-01-01,P002,55.0,8.0,348444.0,820825.0,103.0,27.03811488673139,18.206666666666667,52.0,852.0,44.0,0.0516431924882629,1
2021-01-01,P003,10.0,0.0,52244.0,964671.0,19.0,108.55840643274855,35.90027777777778,5.0,166.0,35.0,0.2108433734939759,1
2021-01-01,P004,493.0,312.0,3386239.0,2326549.0,566.0,38.07350316894435,26.773611111111112,414.0,822.0,56.0,0.0681265206812652,1
2021-01-01,P005,90.0,46.0,68916.0,2186026.0,38.0,61.97857456140351,44.85263888888889,27.0,40.0,21.0,0.525,1
2021-01-01,P006,36.0,140.0,501564.0,85524.0,372.0,64.4524916968599,33.40097222222222,309.0,532.0,122.0,0.2293233082706766,1
2021-01-01,P007,7.0,2.0,1874.0,230687.0,0.0,,,0.0,50.0,19.0,0.38,1
2021-01-01,P008,12.0,0.0,2587.0,2736487.0,14.0,46.42684523809523,20.11875,10.0,595.0,339.0,0.5697478991596638,1
2021-01-01,P009,221.0,74.0,1966081.0,1188157.0,84.0,40.93534722222222,15.501805555555556,62.0,293.0,55.0,0.1877133105802047,1
2021-01-01,P010,1.0,0.0,0.0,72839.0,0.0,,,0.0,59.0,54.0,0.9152542372881356,1
2021-01-01,P011,24.0,2.0,177970.0,906493.0,3.0,56.73148148148149,59.57555555555555,1.0,9.0,6.0,0.6666666666666666,1
2021-01-08,P001,326.0,214.0,2976236.0,1171411.0,250.0,66.8623288888889,39.97263888888889,211.0,112.0,13.0,0.1160714285714285,1
2021-01-08,P002,48.0,7.0,622538.0,555811.0,100.0,38.22681537598204,19.016111111111112,53.0,852.0,44.0,0.0516431924882629,1
2021-01-08,P003,5.0,0.0,12821.0,738891.0,24.0,40.52739583333333,26.22958333333333,3.0,166.0,35.0,0.2108433734939759,1
2021-01-08,P004,503.0,322.0,4221451.0,2046727.0,513.0,40.59038486627528,27.308611111111112,370.0,822.0,56.0,0.0681265206812652,1
2021-01-08,P005,104.0,38.0,251496.0,2267593.0,49.0,80.0252947845805,49.396388888888886,33.0,40.0,21.0,0.525,1
2021-01-08,P006,35.0,105.0,204926.0,112350.0,401.0,81.39051248923342,35.943333333333335,318.0,532.0,122.0,0.2293233082706766,1
2021-01-08,P007,14.0,0.0,71886.0,349145.0,4.0,56.63259259259258,36.948055555555555,2.0,50.0,19.0,0.38,1
2021-01-08,P008,8.0,0.0,0.0,1754167.0,12.0,34.30777777777778,11.898055555555555,8.0,595.0,339.0,0.5697478991596638,1
2021-01-08,P009,191.0,69.0,1239479.0,1041007.0,86.0,48.59166989664083,24.95916666666667,66.0,293.0,55.0,0.1877133105802047,1
2021-01-08,P010,0.0,0.0,0.0,0.0,3.0,257.1363888888889,257.1363888888889,1.0,59.0,54.0,0.9152542372881356,1
2021-01-08,P011,19.0,4.0,50648.0,1077481.0,6.0,83.97453703703702,77.7472222222222,1.0,9.0,6.0,0.6666666666666666,1
2021-01-15,P001,343.0,289.0,3251203.0,1155977.0,182.0,65.6624386126458,48.282222222222224,153.0,112.0,13.0,0.1160714285714285,1
2021-01-15,P002,54.0,4.0,473859.0,1016068.0,78.0,29.793279914529915,18.264722222222225,36.0,852.0,44.0,0.0516431924882629,1
2021-01-15,P003,17.0,0.0,282218.0,1740623.0,23.0,97.93772946859903,52.99861111111111,3.0,166.0,35.0,0.2108433734939759,1
2021-01-15,P004,495.0,305.0,3069848.0,2316103.0,547.0,39.44681216931217,27.749722222222225,396.0,822.0,56.0,0.0681265206812652,1
2021-01-15,P005,88.0,40.0,656936.0,1692912.0,34.0,69.20065656565656,37.214166666666664,20.0,40.0,21.0,0.525,1
2021-01-15,P006,39.0,114.0,301906.0,91675.0,311.0,94.22798013245033,52.58138888888889,258.0,532.0,122.0,0.2293233082706766,1
2021-01-15,P007,5.0,3.0,3748.0,65287.0,1.0,30.567777777777778,30.567777777777778,0.0,50.0,19.0,0.38,1
2021-01-15,P008,12.0,0.0,2587.0,2114201.0,13.0,36.4168376068376,13.750277777777775,8.0,595.0,339.0,0.5697478991596638,1
2021-01-15,P009,199.0,80.0,1743292.0,1109521.0,83.0,48.57011044176707,22.75722222222222,62.0,293.0,55.0,0.1877133105802047,1
2021-01-15,P010,1.0,0.0,0.0,95226.0,4.0,6.835972222222223,6.7908333333333335,4.0,59.0,54.0,0.9152542372881356,1
2021-01-15,P011,20.0,0.0,73399.0,555140.0,4.0,33.94138888888889,34.084583333333335,0.0,9.0,6.0,0.6666666666666666,1
2021-01-22,P001,343.0,292.0,3140543.0,1072672.0,258.0,55.02654500430663,37.97902777777778,217.0,112.0,13.0,0.1160714285714285,1
2021-01-22,P002,58.0,6.0,635565.0,686572.0,77.0,47.998826754385966,22.834583333333335,42.0,852.0,44.0,0.0516431924882629,1
2021-01-22,P003,10.0,0.0,113117.0,742957.0,28.0,98.06213293650794,51.547916666666666,6.0,166.0,35.0,0.2108433734939759,1
2021-01-22,P004,484.0,312.0,3739010.0,2432353.0,557.0,40.73265886280975,26.92930555555556,449.0,822.0,56.0,0.0681265206812652,1
2021-01-22,P005,91.0,41.0,381866.0,1674569.0,43.0,67.08578811369509,44.25972222222222,29.0,40.0,21.0,0.525,1
2021-01-22,P006,56.0,151.0,689578.0,189359.0,408.0,90.72098922902495,46.73972222222223,329.0,532.0,122.0,0.2293233082706766,1
2021-01-22,P007,13.0,1.0,116034.0,409207.0,3.0,123.95342592592594,36.10805555555555,1.0,50.0,19.0,0.38,1
2021-01-22,P008,8.0,0.0,144674.0,1287079.0,12.0,13.701226851851851,9.434027777777779,9.0,595.0,339.0,0.5697478991596638,1
2021-01-22,P009,246.0,78.0,2155640.0,1135991.0,90.0,58.725160493827154,27.63236111111111,64.0,293.0,55.0,0.1877133105802047,1
2021-01-22,P010,0.0,0.0,0.0,0.0,0.0,,,0.0,59.0,54.0,0.9152542372881356,1
2021-01-22,P011,18.0,3.0,94917.0,573960.0,0.0,,,0.0,9.0,6.0,0.6666666666666666,1
2021-01-29,P001,332.0,284.0,2541190.0,833720.0,285.0,50.57872791519435,35.93888888888889,234.0,131.0,15.0,0.1145038167938931,1
2021-01-29,P002,55.0,8.0,627677.0,872603.0,92.0,37.88207125603865,20.484583333333333,54.0,727.0,29.0,0.0398899587345254,1
2021-01-29,P003,13.0,0.0,17570.0,1179093.0,22.0,40.99979797979798,21.740277777777777,6.0,271.0,88.0,0.3247232472324723,1
2021-01-29,P004,515.0,332.0,3567158.0,2060395.0,527.0,39.15093862433862,28.494722222222222,392.0,677.0,50.0,0.0738552437223042,1
2021-01-29,P005,56.0,25.0,320283.0,1007370.0,41.0,84.95829945799457,43.47944444444445,23.0,27.0,10.0,0.3703703703703703,1
2021-01-29,P006,23.0,126.0,665175.0,92481.0,449.0,66.5413767281106,33.21625,374.0,651.0,164.0,0.2519201228878648,1
2021-01-29,P007,14.0,1.0,39646.0,488603.0,1.0,36.80138888888889,36.80138888888889,1.0,35.0,15.0,0.4285714285714285,1
2021-01-29,P008,5.0,0.0,7761.0,883984.0,11.0,20.074848484848484,7.8355555555555565,10.0,458.0,260.0,0.5676855895196506,1
2021-01-29,P009,220.0,65.0,1575245.0,1025688.0,97.0,50.65751431844215,20.41111111111111,70.0,231.0,35.0,0.1515151515151515,1
2021-01-29,P010,2.0,0.0,0.0,145678.0,1.0,218.62055555555557,218.62055555555557,1.0,62.0,51.0,0.8225806451612904,1
2021-01-29,P011,16.0,1.0,125463.0,541194.0,0.0,,,0.0,9.0,5.0,0.5555555555555556,1
2021-02-05,P001,313.0,305.0,2180098.0,819420.0,261.0,48.560790598290595,32.820277777777775,225.0,131.0,15.0,0.1145038167938931,1
2021-02-05,P002,56.0,6.0,795994.0,589085.0,94.0,26.743330478351066,17.84611111111111,50.0,727.0,29.0,0.0398899587345254,1
2021-02-05,P003,11.0,0.0,64120.0,685579.0,19.0,133.9640643274854,81.67944444444444,2.0,271.0,88.0,0.3247232472324723,1
2021-02-05,P004,502.0,317.0,3604132.0,2698573.0,549.0,43.745521149564865,27.54305555555555,410.0,677.0,50.0,0.0738552437223042,1
2021-02-05,P005,101.0,62.0,742945.0,2618486.0,26.0,67.37747863247863,46.71222222222222,18.0,27.0,10.0,0.3703703703703703,1
2021-02-05,P006,59.0,176.0,769139.0,105621.0,382.0,80.43805555555555,39.83,322.0,651.0,164.0,0.2519201228878648,1
2021-02-05,P007,12.0,1.0,18342.0,436407.0,0.0,,,0.0,35.0,15.0,0.4285714285714285,1
2021-02-05,P008,4.0,0.0,0.0,704871.0,11.0,70.40823232323233,51.228611111111114,6.0,458.0,260.0,0.5676855895196506,1
2021-02-05,P009,213.0,75.0,1752459.0,1164355.0,79.0,46.379458509142054,23.361666666666668,53.0,231.0,35.0,0.1515151515151515,1
2021-02-05,P010,1.0,1.0,0.0,72839.0,0.0,,,0.0,62.0,51.0,0.8225806451612904,1
2021-02-05,P011,21.0,0.0,65395.0,762682.0,0.0,,,0.0,9.0,5.0,0.5555555555555556,1
2021-02-12,P001,356.0,291.0,2699296.0,1384309.0,283.0,44.77699665090623,31.604444444444447,242.0,131.0,15.0,0.1145038167938931,1
2021-02-12,P002,59.0,5.0,546596.0,1059572.0,89.0,33.61777153558052,17.59,46.0,727.0,29.0,0.0398899587345254,1
2021-02-12,P003,11.0,0.0,34839.0,1134822.0,22.0,66.4005303030303,33.96944444444445,5.0,271.0,88.0,0.3247232472324723,1
2021-02-12,P004,502.0,323.0,3286924.0,2762306.0,610.0,41.40055675813473,27.719722222222224,457.0,677.0,50.0,0.0738552437223042,1
2021-02-12,P005,113.0,43.0,500295.0,1905937.0,56.0,66.7419191919192,44.6675,33.0,27.0,10.0,0.3703703703703703,1
2021-02-12,P006,57.0,169.0,758979.0,168966.0,351.0,84.53567472835611,36.79277777777778,302.0,651.0,164.0,0.2519201228878648,1
2021-02-12,P007,9.0,0.0,4334.0,329155.0,2.0,62.477222222222224,62.477222222222224,1.0,35.0,15.0,0.4285714285714285,1
2021-02-12,P008,4.0,0.0,2587.0,544505.0,10.0,14.118333333333334,13.714444444444444,8.0,458.0,260.0,0.5676855895196506,1
2021-02-12,P009,257.0,70.0,2531643.0,1331510.0,93.0,57.6644384057971,26.056666666666665,64.0,231.0,35.0,0.1515151515151515,1
2021-02-12,P010,0.0,1.0,0.0,0.0,6.0,17.29699074074074,15.428333333333333,6.0,62.0,51.0,0.8225806451612904,1
2021-02-12,P011,20.0,2.0,340909.0,713935.0,0.0,,,0.0,9.0,5.0,0.5555555555555556,1
2021-02-19,P001,313.0,242.0,3079862.0,1054257.0,274.0,50.982683495539334,33.92541666666666,238.0,131.0,15.0,0.1145038167938931,1
2021-02-19,P002,64.0,5.0,561061.0,907305.0,98.0,36.00789682539683,18.77652777777778,54.0,727.0,29.0,0.0398899587345254,1
2021-02-19,P003,12.0,0.0,96273.0,1619348.0,24.0,52.96484953703703,35.12347222222222,3.0,271.0,88.0,0.3247232472324723,1
2021-02-19,P004,529.0,326.0,4165573.0,3125725.0,580.0,39.326188137877914,28.161666666666665,433.0,677.0,50.0,0.0738552437223042,1
2021-02-19,P005,79.0,30.0,460752.0,1503493.0,44.0,71.57010732323232,47.77055555555556,25.0,27.0,10.0,0.3703703703703703,1
2021-02-19,P006,72.0,198.0,1767097.0,234114.0,321.0,135.75554620276841,49.776666666666664,249.0,651.0,164.0,0.2519201228878648,1
2021-02-19,P007,12.0,3.0,41220.0,251499.0,0.0,,,0.0,35.0,15.0,0.4285714285714285,1
2021-02-19,P008,9.0,0.0,279127.0,1396791.0,10.0,39.521388888888886,18.331111111111113,7.0,458.0,260.0,0.5676855895196506,1
2021-02-19,P009,236.0,55.0,1787919.0,1011807.0,85.0,48.00328758169935,22.539444444444445,64.0,231.0,35.0,0.1515151515151515,1
2021-02-19,P010,2.0,1.0,0.0,138805.0,3.0,7.402685185185185,7.124444444444444,3.0,62.0,51.0,0.8225806451612904,1
2021-02-19,P011,17.0,1.0,168451.0,494958.0,0.0,,,0.0,9.0,5.0,0.5555555555555556,1
2021-02-26,P001,349.0,319.0,2365373.0,1139741.0,246.0,50.637988934056004,35.852222222222224,201.0,131.0,15.0,0.1145038167938931,1
2021-02-26,P002,56.0,5.0,629428.0,681140.0,81.0,24.724502743484226,16.056944444444444,39.0,727.0,29.0,0.0398899587345254,1
2021-02-26,P003,14.0,0.0,181839.0,1457357.0,26.0,54.80727564102564,34.480694444444445,7.0,271.0,88.0,0.3247232472324723,1
2021-02-26,P004,535.0,348.0,3913371.0,2308273.0,608.0,40.600199004975124,27.584444444444443,454.0,677.0,50.0,0.0738552437223042,1
2021-02-26,P005,31.0,36.0,175981.0,658274.0,28.0,65.27000992063492,45.2,17.0,27.0,10.0,0.3703703703703703,1
2021-02-26,P006,106.0,261.0,1360257.0,243890.0,258.0,138.09593846834883,62.27361111111111,203.0,651.0,164.0,0.2519201228878648,1
2021-02-26,P007,15.0,1.0,98576.0,292841.0,1.0,32.14055555555556,32.14055555555556,1.0,35.0,15.0,0.4285714285714285,1
2021-02-26,P008,8.0,0.0,0.0,1246931.0,17.0,47.759869281045745,22.701944444444443,11.0,458.0,260.0,0.5676855895196506,1
2021-02-26,P009,193.0,68.0,1733035.0,991738.0,67.0,53.9151368159204,24.669444444444444,46.0,231.0,35.0,0.1515151515151515,1
2021-02-26,P010,2.0,0.0,0.0,168065.0,2.0,6.342777777777778,6.342777777777778,2.0,62.0,51.0,0.8225806451612904,1
2021-02-26,P011,18.0,1.0,73292.0,804846.0,0.0,,,0.0,9.0,5.0,0.5555555555555556,1
2021-03-05,P001,355.0,307.0,3361658.0,1336674.0,292.0,49.46373002283105,32.958194444444445,247.0,118.0,14.0,0.1186440677966101,1
2021-03-05,P002,52.0,4.0,509198.0,897316.0,78.0,34.31965455840456,19.169444444444444,34.0,743.0,25.0,0.0336473755047106,1
2021-03-05,P003,7.0,0.0,25225.0,1060444.0,22.0,84.75742424242425,39.586666666666666,3.0,236.0,51.0,0.2161016949152542,1
2021-03-05,P004,489.0,338.0,2983956.0,2348686.0,608.0,46.85555050505051,29.05611111111111,457.0,959.0,65.0,0.067778936392075,1
2021-03-05,P005,51.0,44.0,226487.0,1398867.0,34.0,126.7616503267974,91.3723611111111,23.0,19.0,2.0,0.1052631578947368,1
2021-03-05,P006,92.0,237.0,1694625.0,298023.0,239.0,81.37134716261326,37.00277777777778,186.0,592.0,127.0,0.214527027027027,1
2021-03-05,P007,16.0,0.0,22429.0,663953.0,1.0,55.48972222222222,55.48972222222222,1.0,49.0,16.0,0.3265306122448979,1
2021-03-05,P008,16.0,0.0,5549.0,2985814.0,12.0,59.696550925925926,45.653194444444445,9.0,563.0,381.0,0.6767317939609236,1
2021-03-05,P009,208.0,77.0,1685457.0,1063390.0,74.0,40.06572072072072,20.19125,59.0,234.0,30.0,0.1282051282051282,1
2021-03-05,P010,1.0,1.0,0.0,72839.0,4.0,5.731805555555556,5.657500000000001,4.0,54.0,44.0,0.8148148148148148,1
2021-03-05,P011,20.0,0.0,50667.0,659548.0,0.0,,,0.0,6.0,2.0,0.3333333333333333,1
2021-03-12,P001,350.0,314.0,2891499.0,991737.0,282.0,45.52812647754137,34.064166666666665,239.0,118.0,14.0,0.1186440677966101,1
2021-03-12,P002,59.0,6.0,574046.0,727083.0,76.0,32.665617690058475,16.675555555555555,38.0,743.0,25.0,0.0336473755047106,1
2021-03-12,P003,16.0,0.0,55522.0,1652920.0,20.0,43.18070833333333,29.58416666666667,5.0,236.0,51.0,0.2161016949152542,1
2021-03-12,P004,515.0,344.0,3086620.0,2993328.0,589.0,43.217538733426395,29.43625,447.0,959.0,65.0,0.067778936392075,1
2021-03-12,P005,105.0,41.0,763117.0,1903581.0,40.0,84.71838194444445,53.53875,23.0,19.0,2.0,0.1052631578947368,1
2021-03-12,P006,98.0,197.0,1029083.0,389730.0,381.0,78.03919532627866,34.403055555555554,318.0,592.0,127.0,0.214527027027027,1
2021-03-12,P007,17.0,0.0,131208.0,424820.0,2.0,31.702222222222225,31.702222222222225,0.0,49.0,16.0,0.3265306122448979,1
2021-03-12,P008,13.0,0.0,7761.0,2375471.0,9.0,32.61768518518519,11.545833333333333,5.0,563.0,381.0,0.6767317939609236,1
2021-03-12,P009,251.0,67.0,2029465.0,1239353.0,102.0,55.8340114379085,23.449166666666667,76.0,234.0,30.0,0.1282051282051282,1
2021-03-12,P010,3.0,0.0,0.0,138805.0,3.0,54.13305555555556,60.068333333333335,1.0,54.0,44.0,0.8148148148148148,1
2021-03-12,P011,18.0,1.0,39147.0,921297.0,0.0,,,0.0,6.0,2.0,0.3333333333333333,1
2021-03-19,P001,339.0,307.0,3058353.0,1000569.0,293.0,50.66553849070914,35.93888888888889,240.0,118.0,14.0,0.1186440677966101,1
2021-03-19,P002,63.0,4.0,815138.0,678747.0,101.0,30.66672717271727,15.953333333333331,44.0,743.0,25.0,0.0336473755047106,1
2021-03-19,P003,16.0,0.0,99280.0,1621772.0,15.0,58.05709259259259,30.504722222222224,7.0,236.0,51.0,0.2161016949152542,1
2021-03-19,P004,517.0,337.0,4197852.0,2499909.0,556.0,43.78722962688127,28.042916666666667,435.0,959.0,65.0,0.067778936392075,1
2021-03-19,P005,78.0,48.0,336577.0,1465637.0,45.0,81.50383333333333,47.365,27.0,19.0,2.0,0.1052631578947368,1
2021-03-19,P006,100.0,280.0,1487392.0,421921.0,538.0,77.67049084595959,35.356944444444444,456.0,592.0,127.0,0.214527027027027,1
2021-03-19,P007,15.0,0.0,72426.0,561637.0,3.0,39.84509259259259,40.69111111111111,2.0,49.0,16.0,0.3265306122448979,1
2021-03-19,P008,15.0,0.0,193892.0,2268239.0,12.0,58.00835648148148,27.930555555555557,6.0,563.0,381.0,0.6767317939609236,1
2021-03-19,P009,245.0,74.0,2380448.0,1573727.0,76.0,43.98794590643275,22.7175,56.0,234.0,30.0,0.1282051282051282,1
2021-03-19,P010,2.0,1.0,0.0,145678.0,9.0,49.12623456790123,7.322222222222222,9.0,54.0,44.0,0.8148148148148148,1
2021-03-19,P011,16.0,0.0,22870.0,408296.0,0.0,,,0.0,6.0,2.0,0.3333333333333333,1
2021-03-26,P001,311.0,300.0,3369575.0,881914.0,276.0,54.44362922705314,33.65555555555555,231.0,118.0,14.0,0.1186440677966101,1
2021-03-26,P002,55.0,3.0,489471.0,944786.0,95.0,32.366795321637426,20.2725,51.0,743.0,25.0,0.0336473755047106,1
2021-03-26,P003,15.0,0.0,170700.0,1258077.0,32.0,119.74894097222223,75.07916666666667,8.0,236.0,51.0,0.2161016949152542,1
2021-03-26,P004,496.0,340.0,3252019.0,2615480.0,556.0,42.001476415296466,27.207500000000003,407.0,959.0,65.0,0.067778936392075,1
2021-03-26,P005,91.0,37.0,374282.0,1650189.0,45.0,73.22390782828283,47.967083333333335,27.0,19.0,2.0,0.1052631578947368,1
2021-03-26,P006,102.0,282.0,1801419.0,169482.0,525.0,75.63356490436277,34.75055555555556,448.0,592.0,127.0,0.214527027027027,1
2021-03-26,P007,19.0,0.0,17380.0,557000.0,1.0,16.16722222222222,16.16722222222222,0.0,49.0,16.0,0.3265306122448979,1
2021-03-26,P008,13.0,0.0,0.0,2400383.0,15.0,39.2087962962963,26.91722222222222,9.0,563.0,381.0,0.6767317939609236,1
2021-03-26,P009,226.0,84.0,1777129.0,1357650.0,91.0,46.35756105006105,20.535833333333333,68.0,234.0,30.0,0.1282051282051282,1
2021-03-26,P010,2.0,0.0,0.0,168065.0,6.0,14.299814814814816,13.671944444444446,6.0,54.0,44.0,0.8148148148148148,1
2021-03-26,P011,25.0,2.0,496625.0,1385993.0,0.0,,,0.0,6.0,2.0,0.3333333333333333,1
2021-04-02,P001,330.0,286.0,2954679.0,907231.0,281.0,51.42960359826018,35.58277777777778,235.0,150.0,26.0,0.1733333333333333,1
2021-04-02,P002,52.0,4.0,508877.0,632801.0,85.0,42.531692810457514,21.731666666666666,51.0,734.0,30.0,0.0408719346049046,1
2021-04-02,P003,15.0,0.0,165083.0,1240741.0,26.0,67.17596666666667,36.31944444444444,7.0,188.0,44.0,0.2340425531914893,1
2021-04-02,P004,494.0,334.0,4059148.0,2654006.0,579.0,39.20171670324846,26.734444444444442,422.0,646.0,38.0,0.0588235294117647,1
2021-04-02,P005,82.0,46.0,362398.0,1691746.0,39.0,70.44372807017544,43.36625,19.0,12.0,3.0,0.25,1
2021-04-02,P006,102.0,257.0,1566871.0,264963.0,530.0,60.525685328185325,32.32,452.0,330.0,53.0,0.1606060606060606,1
2021-04-02,P007,13.0,0.0,23448.0,522430.0,1.0,37.33055555555555,37.33055555555555,1.0,29.0,6.0,0.2068965517241379,1
2021-04-02,P008,11.0,0.0,2587.0,1920464.0,10.0,16.253444444444444,7.74388888888889,6.0,519.0,357.0,0.6878612716763006,1
2021-04-02,P009,240.0,75.0,2003960.0,1286703.0,98.0,54.75713718820862,27.031527777777775,74.0,303.0,25.0,0.0825082508250825,1
2021-04-02,P010,1.0,1.0,0.0,43579.0,6.0,22.958240740740738,6.673333333333334,5.0,54.0,39.0,0.7222222222222222,1
2021-04-02,P011,21.0,2.0,451769.0,695086.0,0.0,,,0.0,9.0,5.0,0.5555555555555556,1
2021-04-09,P001,326.0,316.0,2820317.0,983572.0,282.0,45.113220640569395,34.9675,238.0,150.0,26.0,0.1733333333333333,1
2021-04-09,P002,68.0,7.0,874608.0,681060.0,95.0,41.14689420803783,19.07152777777778,43.0,734.0,30.0,0.0408719346049046,1
2021-04-09,P003,11.0,0.0,42082.0,900763.0,27.0,124.16551440329219,47.58305555555555,3.0,188.0,44.0,0.2340425531914893,1
2021-04-09,P004,490.0,334.0,3404178.0,2603264.0,565.0,37.703727782321536,26.2325,435.0,646.0,38.0,0.0588235294117647,1
2021-04-09,P005,88.0,41.0,448181.0,1987250.0,42.0,76.47585317460317,54.05222222222222,25.0,12.0,3.0,0.25,1
2021-04-09,P006,84.0,210.0,980135.0,181143.0,520.0,83.80748517786562,35.702638888888885,432.0,330.0,53.0,0.1606060606060606,1
2021-04-09,P007,21.0,0.0,112064.0,738481.0,0.0,,,0.0,29.0,6.0,0.2068965517241379,1
2021-04-09,P008,14.0,0.0,2587.0,2463415.0,13.0,23.88988425925926,13.39361111111111,7.0,519.0,357.0,0.6878612716763006,1
2021-04-09,P009,216.0,88.0,1825759.0,1316396.0,77.0,43.23000365497076,23.786944444444444,47.0,303.0,25.0,0.0825082508250825,1
2021-04-09,P010,0.0,0.0,0.0,0.0,0.0,,,0.0,54.0,39.0,0.7222222222222222,1
2021-04-09,P011,21.0,0.0,451860.0,1044177.0,0.0,,,0.0,9.0,5.0,0.5555555555555556,1
2021-04-16,P001,329.0,279.0,2676619.0,895110.0,308.0,47.3406029143898,31.516944444444444,265.0,150.0,26.0,0.1733333333333333,1
2021-04-16,P002,64.0,7.0,510975.0,1043117.0,96.0,39.34894097222222,18.675416666666667,53.0,734.0,30.0,0.0408719346049046,1
2021-04-16,P003,17.0,0.0,164635.0,2063496.0,24.0,75.5386199910648,43.77847222222222,8.0,188.0,44.0,0.2340425531914893,1
2021-04-16,P004,530.0,319.0,3937714.0,3265797.0,555.0,41.98993817785262,27.50027777777778,408.0,646.0,38.0,0.0588235294117647,1
2021-04-16,P005,78.0,42.0,616773.0,1765701.0,41.0,66.29598238482384,41.50138888888889,22.0,12.0,3.0,0.25,1
2021-04-16,P006,102.0,296.0,1341320.0,266023.0,535.0,81.78600443599493,44.26444444444445,460.0,330.0,53.0,0.1606060606060606,1
2021-04-16,P007,10.0,0.0,31351.0,231943.0,1.0,52.36888888888889,52.36888888888889,0.0,29.0,6.0,0.2068965517241379,1
2021-04-16,P008,10.0,0.0,0.0,1233866.0,16.0,20.59035185185185,10.287777777777778,10.0,519.0,357.0,0.6878612716763006,1
2021-04-16,P009,249.0,68.0,2135031.0,1452766.0,106.0,44.20999213836478,16.085416666666667,80.0,303.0,25.0,0.0825082508250825,1
2021-04-16,P010,1.0,0.0,0.0,72839.0,0.0,,,0.0,54.0,39.0,0.7222222222222222,1
2021-04-16,P011,20.0,2.0,526887.0,634954.0,0.0,,,0.0,9.0,5.0,0.5555555555555556,1
2021-04-23,P001,356.0,320.0,2645710.0,928442.0,257.0,50.70916666666667,36.10611111111111,223.0,150.0,26.0,0.1733333333333333,1
2021-04-23,P002,64.0,8.0,740824.0,810606.0,100.0,33.04748877665545,17.68638888888889,54.0,734.0,30.0,0.0408719346049046,1
2021-04-23,P003,11.0,0.0,40479.0,1235537.0,25.0,98.93982638888889,56.863194444444446,3.0,188.0,44.0,0.2340425531914893,1
2021-04-23,P004,513.0,340.0,3510786.0,2553948.0,547.0,43.205684188588684,27.7775,418.0,646.0,38.0,0.0588235294117647,1
2021-04-23,P005,77.0,47.0,585861.0,1578959.0,42.0,68.07644841269841,51.39013888888889,22.0,12.0,3.0,0.25,1
2021-04-23,P006,102.0,279.0,1345661.0,212841.0,513.0,74.15465515314106,37.07972222222222,436.0,330.0,53.0,0.1606060606060606,1
2021-04-23,P007,6.0,1.0,65933.0,230148.0,2.0,155.7833333333333,155.7833333333333,1.0,29.0,6.0,0.2068965517241379,1
2021-04-23,P008,11.0,0.0,2587.0,1805341.0,9.0,42.320154320987655,16.6625,8.0,519.0,357.0,0.6878612716763006,1
2021-04-23,P009,225.0,75.0,1779712.0,1073632.0,86.0,45.492441860465114,24.47597222222222,63.0,303.0,25.0,0.0825082508250825,1
2021-04-23,P010,1.0,0.0,0.0,72839.0,2.0,128.46875,128.46875,1.0,54.0,39.0,0.7222222222222222,1
2021-04-23,P011,22.0,3.0,471628.0,1048536.0,0.0,,,0.0,9.0,5.0,0.5555555555555556,1
2021-04-30,P001,361.0,309.0,2732998.0,803520.0,286.0,49.44600233100233,32.15694444444445,250.0,165.0,17.0,0.103030303030303,1
2021-04-30,P002,56.0,8.0,757102.0,802487.0,96.0,34.049149122807016,17.406944444444445,59.0,862.0,36.0,0.0417633410672853,1
2021-04-30,P003,13.0,0.0,131288.0,1284158.0,28.0,120.02606150793652,61.41611111111111,6.0,223.0,19.0,0.085201793721973,1
2021-04-30,P004,491.0,337.0,3250808.0,2597558.0,551.0,41.55064713477615,27.21527777777778,391.0,760.0,65.0,0.0855263157894736,1
2021-04-30,P005,80.0,46.0,640095.0,1735183.0,46.0,73.10759661835749,43.00152777777778,33.0,21.0,3.0,0.1428571428571428,1
2021-04-30,P006,49.0,167.0,966948.0,112274.0,483.0,78.06140975452196,34.013888888888886,409.0,539.0,56.0,0.1038961038961039,1
2021-04-30,P007,5.0,0.0,94342.0,172976.0,2.0,18.549444444444447,18.549444444444447,1.0,50.0,15.0,0.3,1
2021-04-30,P008,11.0,0.0,2587.0,2132280.0,13.0,33.03882478632478,24.406666666666663,8.0,719.0,523.0,0.7273991655076495,1
2021-04-30,P009,206.0,86.0,1286418.0,1155232.0,82.0,41.02745934959349,23.858055555555556,65.0,272.0,22.0,0.0808823529411764,1
2021-04-30,P010,3.0,0.0,0.0,211644.0,0.0,,,0.0,56.0,37.0,0.6607142857142857,1
2021-04-30,P011,18.0,2.0,379830.0,541255.0,0.0,,,0.0,7.0,1.0,0.1428571428571428,1
2021-05-07,P001,350.0,330.0,2836595.0,854391.0,290.0,49.34219627066513,35.100833333333334,245.0,165.0,17.0,0.103030303030303,1
2021-05-07,P002,61.0,7.0,604106.0,714092.0,105.0,31.181087301587297,18.334444444444443,55.0,862.0,36.0,0.0417633410672853,1
2021-05-07,P003,10.0,0.0,96371.0,1094658.0,23.0,77.71626811594203,31.810833333333335,6.0,223.0,19.0,0.085201793721973,1
2021-05-07,P004,502.0,333.0,4664388.0,2255826.0,555.0,44.790125460503724,29.430833333333332,417.0,760.0,65.0,0.0855263157894736,1
2021-05-07,P005,99.0,43.0,695542.0,2182034.0,44.0,75.62787247474748,57.90625,30.0,21.0,3.0,0.1428571428571428,1
2021-05-07,P006,103.0,265.0,916582.0,237629.0,364.0,78.90902974504249,39.03944444444444,303.0,539.0,56.0,0.1038961038961039,1
2021-05-07,P007,5.0,2.0,2460.0,234682.0,0.0,,,0.0,50.0,15.0,0.3,1
2021-05-07,P008,14.0,0.0,6655.0,2013728.0,9.0,13.050154320987653,7.916388888888889,6.0,719.0,523.0,0.7273991655076495,1
2021-05-07,P009,235.0,95.0,2599264.0,1415304.0,83.0,46.855679012345675,22.419444444444444,60.0,272.0,22.0,0.0808823529411764,1
2021-05-07,P010,3.0,0.0,0.0,211644.0,0.0,,,0.0,56.0,37.0,0.6607142857142857,1
2021-05-07,P011,25.0,2.0,156864.0,1056541.0,0.0,,,0.0,7.0,1.0,0.1428571428571428,1
2021-05-14,P001,338.0,298.0,2438072.0,1134224.0,309.0,51.32943272005772,33.16097222222222,259.0,165.0,17.0,0.103030303030303,1
2021-05-14,P002,62.0,3.0,639449.0,689914.0,98.0,36.85010770975057,21.953333333333333,57.0,862.0,36.0,0.0417633410672853,1
2021-05-14,P003,15.0,0.0,117323.0,1393003.0,34.0,66.22503267973856,44.60208333333334,9.0,223.0,19.0,0.085201793721973,1
2021-05-14,P004,507.0,307.0,3841781.0,2295261.0,570.0,44.43120013314537,29.840416666666666,428.0,760.0,65.0,0.0855263157894736,1
2021-05-14,P005,81.0,45.0,732098.0,1390701.0,37.0,91.24545795795797,52.48138888888889,19.0,21.0,3.0,0.1428571428571428,1
2021-05-14,P006,86.0,263.0,695793.0,228976.0,521.0,72.13899476096923,35.55638888888889,446.0,539.0,56.0,0.1038961038961039,1
2021-05-14,P007,8.0,1.0,5018.0,223481.0,2.0,34.161388888888894,34.161388888888894,2.0,50.0,15.0,0.3,1
2021-05-14,P008,12.0,0.0,0.0,2239067.0,17.0,51.6062908496732,21.87555555555555,14.0,719.0,523.0,0.7273991655076495,1
2021-05-14,P009,215.0,74.0,1906264.0,1018886.0,113.0,40.95417658730158,18.42875,81.0,272.0,22.0,0.0808823529411764,1
2021-05-14,P010,2.0,0.0,0.0,138805.0,0.0,,,0.0,56.0,37.0,0.6607142857142857,1
2021-05-14,P011,32.0,3.0,649752.0,1227307.0,0.0,,,0.0,7.0,1.0,0.1428571428571428,1
2021-05-21,P001,351.0,328.0,2927591.0,730885.0,275.0,53.68687246553122,38.42375,233.0,165.0,17.0,0.103030303030303,1
2021-05-21,P002,52.0,4.0,552210.0,844948.0,90.0,36.00202160493827,17.610694444444444,45.0,862.0,36.0,0.0417633410672853,1
2021-05-21,P003,16.0,0.0,187129.0,912288.0,28.0,62.91748015873016,29.381944444444443,7.0,223.0,19.0,0.085201793721973,1
2021-05-21,P004,517.0,316.0,3296534.0,2507209.0,516.0,49.620284071957364,32.871805555555554,386.0,760.0,65.0,0.0855263157894736,1
2021-05-21,P005,96.0,50.0,467699.0,2205101.0,43.0,69.44554909560723,38.28944444444444,27.0,21.0,3.0,0.1428571428571428,1
2021-05-21,P006,91.0,189.0,1537349.0,244900.0,576.0,72.56289145907473,38.40486111111111,508.0,539.0,56.0,0.1038961038961039,1
2021-05-21,P007,15.0,0.0,43201.0,402091.0,0.0,,,0.0,50.0,15.0,0.3,1
2021-05-21,P008,11.0,0.0,0.0,1597655.0,14.0,59.20738095238096,19.000694444444445,9.0,719.0,523.0,0.7273991655076495,1
2021-05-21,P009,207.0,74.0,1436550.0,1309387.0,88.0,46.13136679292929,24.743194444444445,68.0,272.0,22.0,0.0808823529411764,1
2021-05-21,P010,2.0,0.0,0.0,168065.0,0.0,,,0.0,56.0,37.0,0.6607142857142857,1
2021-05-21,P011,26.0,0.0,287329.0,793323.0,0.0,,,0.0,7.0,1.0,0.1428571428571428,1
2021-05-28,P001,359.0,316.0,2964038.0,875459.0,301.0,49.291661129568105,34.77305555555556,248.0,186.0,17.0,0.0913978494623656,1
2021-05-28,P002,56.0,2.0,503855.0,713892.0,93.0,36.36621980676329,16.02527777777778,47.0,761.0,49.0,0.064388961892247,1
2021-05-28,P003,16.0,0.0,214479.0,1552252.0,18.0,68.7341512345679,41.16833333333334,3.0,240.0,25.0,0.1041666666666666,1
2021-05-28,P004,510.0,320.0,3986690.0,2660309.0,527.0,52.0282575218508,31.326944444444443,387.0,690.0,69.0,0.1,1
2021-05-28,P005,91.0,42.0,697859.0,1918376.0,49.0,88.91365646258504,57.7725,25.0,21.0,5.0,0.238095238095238,1
2021-05-28,P006,104.0,319.0,1193516.0,352861.0,651.0,67.8450064699793,35.114444444444445,583.0,754.0,116.0,0.1538461538461538,1
2021-05-28,P007,7.0,1.0,31681.0,220225.0,1.0,77.8,77.8,0.0,22.0,7.0,0.3181818181818182,1
2021-05-28,P008,13.0,0.0,2587.0,2183019.0,14.0,55.430787405512824,13.944444444444445,10.0,496.0,268.0,0.5403225806451613,1
2021-05-28,P009,216.0,69.0,1597600.0,1206673.0,83.0,58.6351639892905,28.58361111111111,60.0,294.0,32.0,0.1088435374149659,1
2021-05-28,P010,2.0,1.0,0.0,190452.0,0.0,,,0.0,52.0,38.0,0.7307692307692307,1
2021-05-28,P011,29.0,1.0,177181.0,1179983.0,0.0,,,0.0,8.0,3.0,0.375,1
2021-06-04,P001,357.0,313.0,3210904.0,848096.0,282.0,55.34397884539344,35.418055555555554,237.0,186.0,17.0,0.0913978494623656,1
2021-06-04,P002,58.0,4.0,765762.0,761061.0,91.0,39.61218209876544,17.094583333333333,47.0,761.0,49.0,0.064388961892247,1
2021-06-04,P003,14.0,0.0,166676.0,1617579.0,21.0,101.80821428571429,43.589444444444446,8.0,240.0,25.0,0.1041666666666666,1
2021-06-04,P004,515.0,302.0,3245779.0,2714663.0,488.0,46.60340615702151,30.619722222222222,348.0,690.0,69.0,0.1,1
2021-06-04,P005,90.0,45.0,406159.0,1913537.0,35.0,89.84234920634921,48.3725,19.0,21.0,5.0,0.238095238095238,1
2021-06-04,P006,113.0,297.0,922920.0,239778.0,586.0,74.1886935233663,37.5075,518.0,754.0,116.0,0.1538461538461538,1
2021-06-04,P007,15.0,1.0,52811.0,363999.0,5.0,18.52583333333333,11.270277777777778,3.0,22.0,7.0,0.3181818181818182,1
2021-06-04,P008,13.0,0.0,174413.0,2131401.0,8.0,35.89944444444445,26.895694444444445,4.0,496.0,268.0,0.5403225806451613,1
2021-06-04,P009,235.0,72.0,1514135.0,1542805.0,82.0,48.02452913279133,22.638611111111114,56.0,294.0,32.0,0.1088435374149659,1
2021-06-04,P010,2.0,2.0,0.0,168066.0,1.0,13.581666666666669,13.581666666666669,1.0,52.0,38.0,0.7307692307692307,1
2021-06-04,P011,26.0,1.0,123574.0,1155187.0,0.0,,,0.0,8.0,3.0,0.375,1
2021-06-11,P001,316.0,313.0,2349165.0,704707.0,289.0,47.8307785467128,33.854166666666664,246.0,186.0,17.0,0.0913978494623656,1
2021-06-11,P002,59.0,3.0,451134.0,962429.0,93.0,37.74964371980676,17.53097222222222,42.0,761.0,49.0,0.064388961892247,1
2021-06-11,P003,17.0,1.0,62811.0,1219440.0,24.0,92.59872685185185,37.04972222222222,7.0,240.0,25.0,0.1041666666666666,1
2021-06-11,P004,483.0,318.0,3802129.0,2387901.0,507.0,43.43849253403601,30.103055555555553,395.0,690.0,69.0,0.1,1
2021-06-11,P005,109.0,50.0,811334.0,2221488.0,44.0,85.62734217171717,62.864999999999995,19.0,21.0,5.0,0.238095238095238,1
2021-06-11,P006,118.0,273.0,1952747.0,308835.0,593.0,69.07796564452015,34.39472222222222,518.0,754.0,116.0,0.1538461538461538,1
2021-06-11,P007,10.0,2.0,129846.0,223603.0,4.0,36.39041666666667,27.135416666666668,4.0,22.0,7.0,0.3181818181818182,1
2021-06-11,P008,13.0,0.0,2587.0,2204553.0,12.0,27.43960648148148,9.494027777777777,9.0,496.0,268.0,0.5403225806451613,1
2021-06-11,P009,223.0,83.0,1967298.0,1172904.0,84.0,46.657394179894176,19.910555555555558,61.0,294.0,32.0,0.1088435374149659,1
2021-06-11,P010,2.0,5.0,0.0,137791.0,3.0,23.99416666666667,23.99416666666667,2.0,52.0,38.0,0.7307692307692307,1
2021-06-11,P011,20.0,2.0,58571.0,1206711.0,0.0,,,0.0,8.0,3.0,0.375,1
2021-06-18,P001,341.0,302.0,2862899.0,770341.0,291.0,48.11786464299351,31.590833333333332,244.0,186.0,17.0,0.0913978494623656,1
2021-06-18,P002,61.0,10.0,928122.0,891802.0,80.0,27.381395921237694,17.98777777777778,43.0,761.0,49.0,0.064388961892247,1
2021-06-18,P003,18.0,0.0,49986.0,1795664.0,23.0,95.92871980676328,37.405833333333334,7.0,240.0,25.0,0.1041666666666666,1
2021-06-18,P004,501.0,307.0,2763796.0,2483000.0,514.0,40.30060411137797,29.22388888888889,390.0,690.0,69.0,0.1,1
2021-06-18,P005,93.0,48.0,643863.0,1985902.0,51.0,65.35899782135075,46.13194444444444,28.0,21.0,5.0,0.238095238095238,1
2021-06-18,P006,118.0,269.0,965204.0,262472.0,606.0,60.60887502310963,33.276666666666664,535.0,754.0,116.0,0.1538461538461538,1
2021-06-18,P007,3.0,1.0,0.0,119555.0,3.0,353.31814814814817,463.9322222222222,2.0,22.0,7.0,0.3181818181818182,1
2021-06-18,P008,11.0,0.0,5174.0,1808034.0,13.0,56.03976851851852,25.38361111111111,7.0,496.0,268.0,0.5403225806451613,1
2021-06-18,P009,197.0,68.0,1621449.0,942564.0,94.0,49.28459810874705,21.427222222222223,65.0,294.0,32.0,0.1088435374149659,1
2021-06-18,P010,1.0,2.0,0.0,85470.0,3.0,42.40518518518518,24.0075,1.0,52.0,38.0,0.7307692307692307,1
2021-06-18,P011,34.0,0.0,117066.0,1457269.0,0.0,,,0.0,8.0,3.0,0.375,1
2021-06-25,P001,324.0,321.0,3074626.0,752354.0,286.0,44.54725038850039,32.94027777777778,245.0,186.0,17.0,0.0913978494623656,1
2021-06-25,P002,56.0,4.0,524792.0,989552.0,104.0,35.36492788461539,16.80472222222222,58.0,761.0,49.0,0.064388961892247,1
2021-06-25,P003,18.0,0.0,212821.0,1966146.0,20.0,120.83937499999999,57.07347222222222,5.0,240.0,25.0,0.1041666666666666,1
2021-06-25,P004,511.0,307.0,4322561.0,2409062.0,484.0,41.822297079067745,30.294722222222223,355.0,690.0,69.0,0.1,1
2021-06-25,P005,102.0,43.0,318412.0,2102108.0,48.0,83.93302662037037,58.42097222222222,30.0,21.0,5.0,0.238095238095238,1
2021-06-25,P006,120.0,253.0,1676913.0,344463.0,658.0,69.95964786324787,38.43569444444445,572.0,754.0,116.0,0.1538461538461538,1
2021-06-25,P007,7.0,2.0,32915.0,184516.0,1.0,459.9111111111111,459.9111111111111,1.0,22.0,7.0,0.3181818181818182,1
2021-06-25,P008,12.0,0.0,5174.0,2138130.0,13.0,66.37181623931623,21.419722222222223,6.0,496.0,268.0,0.5403225806451613,1
2021-06-25,P009,240.0,66.0,1385299.0,1484869.0,78.0,52.846844729344724,21.82625,59.0,294.0,32.0,0.1088435374149659,1
2021-06-25,P010,2.0,2.0,0.0,168065.0,2.0,53.40375,53.40375,1.0,52.0,38.0,0.7307692307692307,1
2021-06-25,P011,26.0,2.0,151641.0,802569.0,0.0,,,0.0,8.0,3.0,0.375,1
2021-07-02,P001,350.0,311.0,2584678.0,919039.0,292.0,46.013143074581436,30.337777777777777,250.0,187.0,12.0,0.0641711229946524,1
2021-07-02,P002,59.0,6.0,725615.0,950848.0,83.0,21.689705488621154,14.862222222222222,37.0,808.0,24.0,0.0297029702970297,1
2021-07-02,P003,16.0,1.0,218873.0,1284440.0,17.0,144.33918300653593,102.16166666666666,4.0,72.0,6.0,0.0833333333333333,1
2021-07-02,P004,464.0,289.0,3668335.0,2245152.0,536.0,40.635858870127166,27.070833333333333,397.0,922.0,73.0,0.079175704989154,1
2021-07-02,P005,84.0,43.0,381475.0,2110350.0,42.0,88.50037037037038,61.3275,25.0,20.0,6.0,0.3,1
2021-07-02,P006,123.0,291.0,1980900.0,283989.0,637.0,70.97586552028218,36.795138888888886,572.0,791.0,69.0,0.0872313527180783,1
2021-07-02,P007,11.0,0.0,23351.0,353556.0,0.0,,,0.0,65.0,22.0,0.3384615384615385,1
2021-07-02,P008,11.0,0.0,188948.0,1370466.0,11.0,61.65093434343434,26.00138888888889,5.0,805.0,542.0,0.6732919254658385,1
2021-07-02,P009,223.0,83.0,2300112.0,1307809.0,70.0,34.834630952380955,21.628194444444446,55.0,256.0,21.0,0.08203125,1
2021-07-02,P010,1.0,0.0,0.0,72839.0,2.0,7.483472222222222,7.483472222222222,0.0,62.0,45.0,0.7258064516129032,1
2021-07-02,P011,31.0,1.0,377290.0,1293595.0,0.0,,,0.0,5.0,1.0,0.2,1
2021-07-09,P001,350.0,325.0,2421347.0,980321.0,295.0,44.78169397363465,31.50055555555555,250.0,187.0,12.0,0.0641711229946524,1
2021-07-09,P002,57.0,5.0,313820.0,746261.0,83.0,33.93525435073628,17.42388888888889,37.0,808.0,24.0,0.0297029702970297,1
2021-07-09,P003,18.0,0.0,115773.0,1088242.0,26.0,151.3635576923077,49.375277777777775,7.0,72.0,6.0,0.0833333333333333,1
2021-07-09,P004,521.0,309.0,3686253.0,2695112.0,502.0,43.59976261620186,29.58819444444444,364.0,922.0,73.0,0.079175704989154,1
2021-07-09,P005,102.0,40.0,541404.0,2287936.0,41.0,81.7905216802168,43.58222222222222,24.0,20.0,6.0,0.3,1
2021-07-09,P006,79.0,265.0,969615.0,285252.0,576.0,66.3670048095799,32.70986111111111,509.0,791.0,69.0,0.0872313527180783,1
2021-07-09,P007,12.0,0.0,62126.0,396390.0,1.0,393.4163888888889,393.4163888888889,0.0,65.0,22.0,0.3384615384615385,1
2021-07-09,P008,14.0,0.0,5174.0,2416141.0,14.0,56.05428571428571,21.45986111111111,11.0,805.0,542.0,0.6732919254658385,1
2021-07-09,P009,202.0,83.0,1590850.0,1023139.0,98.0,42.003956916099774,23.83902777777778,64.0,256.0,21.0,0.08203125,1
2021-07-09,P010,3.0,0.0,0.0,263291.0,0.0,,,0.0,62.0,45.0,0.7258064516129032,1
2021-07-09,P011,33.0,4.0,188090.0,1815767.0,0.0,,,0.0,5.0,1.0,0.2,1
2021-07-16,P001,323.0,296.0,2379689.0,913829.0,301.0,48.382733480989295,31.47888888888889,248.0,187.0,12.0,0.0641711229946524,1
2021-07-16,P002,52.0,3.0,733509.0,512296.0,87.0,32.990799314366924,17.471805555555555,46.0,808.0,24.0,0.0297029702970297,1
2021-07-16,P003,23.0,0.0,232849.0,1914461.0,18.0,73.62614197530864,31.54208333333333,2.0,72.0,6.0,0.0833333333333333,1
2021-07-16,P004,496.0,305.0,3958599.0,2689531.0,556.0,47.16035585585586,31.577222222222225,406.0,922.0,73.0,0.079175704989154,1
2021-07-16,P005,93.0,45.0,354154.0,2184912.0,36.0,74.3163811728395,48.91263888888889,17.0,20.0,6.0,0.3,1
2021-07-16,P006,130.0,287.0,1789146.0,314796.0,509.0,76.74067355465222,41.306527777777774,430.0,791.0,69.0,0.0872313527180783,1
2021-07-16,P007,9.0,0.0,47010.0,333314.0,1.0,45.96527777777778,45.96527777777778,1.0,65.0,22.0,0.3384615384615385,1
2021-07-16,P008,11.0,0.0,5174.0,1990351.0,10.0,50.77980555555555,8.745277777777778,6.0,805.0,542.0,0.6732919254658385,1
2021-07-16,P009,224.0,72.0,2319880.0,1116472.0,87.0,51.74249042145593,33.80138888888889,55.0,256.0,21.0,0.08203125,1
2021-07-16,P010,2.0,1.0,0.0,168065.0,1.0,500.6097222222222,500.6097222222222,0.0,62.0,45.0,0.7258064516129032,1
2021-07-16,P011,31.0,1.0,96015.0,1275448.0,0.0,,,0.0,5.0,1.0,0.2,1
2021-07-23,P001,347.0,309.0,3730500.0,690394.0,281.0,43.618026785714285,32.68097222222222,243.0,187.0,12.0,0.0641711229946524,1
2021-07-23,P002,62.0,7.0,712133.0,1024089.0,96.0,37.23449074074074,20.2775,55.0,808.0,24.0,0.0297029702970297,1
2021-07-23,P003,19.0,0.0,209271.0,1831910.0,21.0,88.26433333333333,58.23111111111111,5.0,72.0,6.0,0.0833333333333333,1
2021-07-23,P004,498.0,296.0,3019960.0,2338303.0,506.0,48.23572751867862,30.996388888888887,368.0,922.0,73.0,0.079175704989154,1
2021-07-23,P005,96.0,47.0,738133.0,2063719.0,45.0,88.10636419753087,46.8425,24.0,20.0,6.0,0.3,1
2021-07-23,P006,118.0,270.0,947782.0,411470.0,600.0,75.70852626090253,38.39458333333333,524.0,791.0,69.0,0.0872313527180783,1
2021-07-23,P007,7.0,0.0,7490.0,181675.0,0.0,,,0.0,65.0,22.0,0.3384615384615385,1
2021-07-23,P008,14.0,0.0,2587.0,2259372.0,15.0,12.8575,9.415,10.0,805.0,542.0,0.6732919254658385,1
2021-07-23,P009,220.0,71.0,2041647.0,1195495.0,83.0,50.00450803212851,28.82777777777778,57.0,256.0,21.0,0.08203125,1
2021-07-23,P010,1.0,0.0,0.0,95226.0,2.0,105.30208333333333,105.30208333333333,1.0,62.0,45.0,0.7258064516129032,1
2021-07-23,P011,31.0,2.0,159987.0,1463382.0,0.0,,,0.0,5.0,1.0,0.2,1
2021-07-30,P001,319.0,310.0,1739777.0,866796.0,293.0,47.8984916571862,32.10527777777778,254.0,201.0,18.0,0.0895522388059701,1
2021-07-30,P002,69.0,3.0,501633.0,1312776.0,83.0,41.55766762352304,17.578194444444446,44.0,711.0,30.0,0.0421940928270042,1
2021-07-30,P003,20.0,0.0,112286.0,1862101.0,25.0,126.13048888888889,50.060833333333335,5.0,194.0,11.0,0.056701030927835,1
2021-07-30,P004,505.0,311.0,3390610.0,2550094.0,539.0,46.56167546037658,30.59777777777778,387.0,824.0,59.0,0.0716019417475728,1
2021-07-30,P005,88.0,42.0,711287.0,1589335.0,44.0,88.92809343434344,51.53541666666666,25.0,20.0,3.0,0.15,1
2021-07-30,P006,63.0,192.0,980631.0,184711.0,564.0,83.81502187627189,36.297916666666666,474.0,525.0,45.0,0.0857142857142857,1
2021-07-30,P007,7.0,0.0,78654.0,150751.0,1.0,23.058055555555555,23.058055555555555,0.0,22.0,8.0,0.3636363636363636,1
2021-07-30,P008,10.0,0.0,4069.0,2159378.0,6.0,36.34657407407408,16.631249999999998,2.0,600.0,381.0,0.635,1
2021-07-30,P009,217.0,79.0,1254611.0,1279307.0,87.0,48.13443486590038,21.736944444444443,59.0,293.0,38.0,0.1296928327645051,1
2021-07-30,P010,1.0,0.0,0.0,95226.0,0.0,,,0.0,52.0,32.0,0.6153846153846154,1
2021-07-30,P011,22.0,2.0,435355.0,603652.0,0.0,,,0.0,10.0,4.0,0.4,1
2021-08-06,P001,345.0,294.0,3070291.0,1199781.0,297.0,44.73708380097269,28.412777777777777,251.0,201.0,18.0,0.0895522388059701,1
2021-08-06,P002,72.0,5.0,585618.0,1020426.0,88.0,37.739444444444445,17.941111111111113,49.0,711.0,30.0,0.0421940928270042,1
2021-08-06,P003,17.0,0.0,172267.0,1513916.0,15.0,145.98085185185184,27.330555555555556,5.0,194.0,11.0,0.056701030927835,1
2021-08-06,P004,475.0,281.0,3543551.0,2485610.0,488.0,51.347716746520646,30.449444444444445,372.0,824.0,59.0,0.0716019417475728,1
2021-08-06,P005,97.0,44.0,542168.0,1915141.0,47.0,79.70010047281323,62.845,25.0,20.0,3.0,0.15,1
2021-08-06,P006,85.0,196.0,1525758.0,283115.0,406.0,119.26639991728702,53.54555555555555,356.0,525.0,45.0,0.0857142857142857,1
2021-08-06,P007,11.0,0.0,7496.0,466957.0,1.0,62.8125,62.8125,0.0,22.0,8.0,0.3636363636363636,1
2021-08-06,P008,10.0,0.0,1020.0,1736903.0,9.0,21.42817901234568,19.1525,7.0,600.0,381.0,0.635,1
2021-08-06,P009,205.0,79.0,2230345.0,1258723.0,88.0,48.1874053030303,28.848333333333333,65.0,293.0,38.0,0.1296928327645051,1
2021-08-06,P010,3.0,0.0,0.0,218517.0,4.0,6.444305555555555,6.492222222222223,4.0,52.0,32.0,0.6153846153846154,1
2021-08-06,P011,29.0,4.0,319333.0,1504189.0,0.0,,,0.0,10.0,4.0,0.4,1
2021-08-13,P001,347.0,321.0,2893169.0,1300301.0,264.0,42.68915824915825,31.32347222222222,231.0,201.0,18.0,0.0895522388059701,1
2021-08-13,P002,56.0,3.0,545600.0,731674.0,93.0,30.464035244922343,16.77777777777778,59.0,711.0,30.0,0.0421940928270042,1
2021-08-13,P003,20.0,0.0,120503.0,1686638.0,15.0,100.95131481481482,43.388333333333335,5.0,194.0,11.0,0.056701030927835,1
2021-08-13,P004,462.0,297.0,3475699.0,2091422.0,465.0,48.35475341972642,30.06111111111111,345.0,824.0,59.0,0.0716019417475728,1
2021-08-13,P005,92.0,50.0,369538.0,1847752.0,35.0,111.70238888888889,97.50416666666666,14.0,20.0,3.0,0.15,1
2021-08-13,P006,109.0,263.0,1497611.0,182735.0,430.0,80.85974698795181,37.6525,363.0,525.0,45.0,0.0857142857142857,1
2021-08-13,P007,5.0,0.0,6078.0,114208.0,0.0,,,0.0,22.0,8.0,0.3636363636363636,1
2021-08-13,P008,14.0,0.0,0.0,2138553.0,8.0,28.54315972222222,5.420972222222222,6.0,600.0,381.0,0.635,1
2021-08-13,P009,215.0,70.0,2235650.0,1102631.0,87.0,40.067008301404854,24.37527777777778,61.0,293.0,38.0,0.1296928327645051,1
2021-08-13,P010,0.0,0.0,0.0,0.0,3.0,6.173333333333333,5.998888888888889,3.0,52.0,32.0,0.6153846153846154,1
2021-08-13,P011,30.0,3.0,687066.0,1370949.0,0.0,,,0.0,10.0,4.0,0.4,1
2021-08-20,P001,317.0,298.0,3251525.0,944935.0,297.0,43.942904466966965,32.58847222222222,258.0,201.0,18.0,0.0895522388059701,1
2021-08-20,P002,64.0,8.0,769334.0,837575.0,86.0,28.093976098191217,15.627222222222223,42.0,711.0,30.0,0.0421940928270042,1
2021-08-20,P003,21.0,0.0,181045.0,1694799.0,24.0,126.66983796296296,107.81166666666667,2.0,194.0,11.0,0.056701030927835,1
2021-08-20,P004,490.0,290.0,2944806.0,2449151.0,477.0,42.57737920168067,28.21097222222222,368.0,824.0,59.0,0.0716019417475728,1
2021-08-20,P005,97.0,49.0,430380.0,1831069.0,50.0,93.51183888888889,64.53430555555556,28.0,20.0,3.0,0.15,1
2021-08-20,P006,87.0,229.0,1093860.0,260090.0,588.0,85.38003982300886,38.456944444444446,519.0,525.0,45.0,0.0857142857142857,1
2021-08-20,P007,9.0,0.0,68054.0,267782.0,1.0,55.65888888888889,55.65888888888889,1.0,22.0,8.0,0.3636363636363636,1
2021-08-20,P008,15.0,0.0,7761.0,2126511.0,8.0,33.012812499999995,7.924861111111111,5.0,600.0,381.0,0.635,1
2021-08-20,P009,211.0,59.0,1419609.0,1092269.0,75.0,31.970485185185183,18.272222222222226,58.0,293.0,38.0,0.1296928327645051,1
2021-08-20,P010,0.0,0.0,0.0,0.0,0.0,,,0.0,52.0,32.0,0.6153846153846154,1
2021-08-20,P011,32.0,1.0,453971.0,1265388.0,0.0,,,0.0,10.0,4.0,0.4,1
2021-08-27,P001,339.0,296.0,2296146.0,1053075.0,278.0,46.02768585131894,31.02097222222222,239.0,201.0,18.0,0.0895522388059701,1
2021-08-27,P002,59.0,5.0,429864.0,796814.0,97.0,31.693751431844216,16.315555555555555,55.0,711.0,30.0,0.0421940928270042,1
2021-08-27,P003,21.0,0.0,138682.0,1961306.0,28.0,99.16250992063492,39.668194444444445,6.0,194.0,11.0,0.056701030927835,1
2021-08-27,P004,474.0,281.0,3397998.0,2552276.0,512.0,36.81239943465971,27.342222222222222,376.0,824.0,59.0,0.0716019417475728,1
2021-08-27,P005,83.0,47.0,389842.0,1619755.0,51.0,101.42919389978213,67.33416666666666,26.0,20.0,3.0,0.15,1
2021-08-27,P006,89.0,214.0,1278973.0,323847.0,478.0,81.09247365900383,39.77361111111111,410.0,525.0,45.0,0.0857142857142857,1
2021-08-27,P007,14.0,0.0,27685.0,463529.0,1.0,17.330277777777777,17.330277777777777,1.0,22.0,8.0,0.3636363636363636,1
2021-08-27,P008,12.0,0.0,5174.0,2133648.0,15.0,50.39325925925926,12.911111111111111,7.0,600.0,381.0,0.635,1
2021-08-27,P009,240.0,67.0,1625844.0,1292816.0,77.0,58.136735209235205,26.07777777777778,58.0,293.0,38.0,0.1296928327645051,1
2021-08-27,P010,1.0,2.0,0.0,72839.0,2.0,362.4769444444444,362.4769444444444,2.0,52.0,32.0,0.6153846153846154,1
2021-08-27,P011,41.0,2.0,296878.0,1811177.0,0.0,,,0.0,10.0,4.0,0.4,1
2021-09-03,P001,311.0,314.0,2674532.0,811115.0,277.0,48.30012234255917,32.66972222222222,237.0,235.0,23.0,0.0978723404255319,1
2021-09-03,P002,68.0,7.0,873155.0,764939.0,88.0,30.492294823232324,19.328611111111112,47.0,878.0,25.0,0.0284738041002277,1
2021-09-03,P003,19.0,1.0,193570.0,1626502.0,22.0,105.51335858585858,52.34986111111111,6.0,194.0,23.0,0.1185567010309278,1
2021-09-03,P004,498.0,310.0,3519113.0,2416501.0,501.0,40.6776042359725,28.47305555555555,376.0,765.0,55.0,0.0718954248366013,1
2021-09-03,P005,89.0,44.0,419078.0,1887577.0,46.0,92.14690821256039,68.41791666666667,23.0,35.0,9.0,0.2571428571428571,1
2021-09-03,P006,92.0,233.0,849314.0,271427.0,455.0,86.2640416358709,47.50083333333333,395.0,369.0,50.0,0.1355013550135501,1
2021-09-03,P007,7.0,0.0,33974.0,229007.0,1.0,483.48833333333334,483.48833333333334,1.0,33.0,9.0,0.2727272727272727,1
2021-09-03,P008,11.0,0.0,0.0,2323443.0,7.0,41.814166666666665,24.819444444444443,4.0,572.0,392.0,0.6853146853146853,1
2021-09-03,P009,255.0,82.0,2983910.0,1449046.0,77.0,39.8732683982684,16.31888888888889,65.0,249.0,30.0,0.1204819277108433,1
2021-09-03,P010,2.0,0.0,0.0,72839.0,2.0,10.042916666666667,10.042916666666667,1.0,41.0,24.0,0.5853658536585366,1
2021-09-03,P011,30.0,2.0,188792.0,1290205.0,0.0,,,0.0,9.0,3.0,0.3333333333333333,1
2021-09-10,P001,349.0,314.0,3485412.0,795606.0,298.0,49.557731170768086,34.13194444444444,252.0,235.0,23.0,0.0978723404255319,1
2021-09-10,P002,63.0,7.0,654262.0,742556.0,94.0,35.422689125295506,19.02138888888889,58.0,878.0,25.0,0.0284738041002277,1
2021-09-10,P003,20.0,0.0,132329.0,1626250.0,21.0,70.74223544973545,51.835,3.0,194.0,23.0,0.1185567010309278,1
2021-09-10,P004,446.0,286.0,2933618.0,2393862.0,519.0,39.57099005620407,27.742222222222225,386.0,765.0,55.0,0.0718954248366013,1
2021-09-10,P005,104.0,46.0,455349.0,2326647.0,43.0,91.1275,55.569722222222225,27.0,35.0,9.0,0.2571428571428571,1
2021-09-10,P006,99.0,228.0,1078240.0,278532.0,516.0,70.83542849284927,38.01083333333333,437.0,369.0,50.0,0.1355013550135501,1
2021-09-10,P007,6.0,0.0,9789.0,119648.0,0.0,,,0.0,33.0,9.0,0.2727272727272727,1
2021-09-10,P008,15.0,0.0,2587.0,2944724.0,12.0,18.935393518518516,6.719583333333333,11.0,572.0,392.0,0.6853146853146853,1
2021-09-10,P009,225.0,100.0,1739091.0,1446734.0,109.0,45.75362640163099,24.360555555555557,78.0,249.0,30.0,0.1204819277108433,1
2021-09-10,P010,3.0,0.0,0.0,145678.0,1.0,80.30694444444444,80.30694444444444,1.0,41.0,24.0,0.5853658536585366,1
2021-09-10,P011,34.0,1.0,813342.0,1410907.0,0.0,,,0.0,9.0,3.0,0.3333333333333333,1
2021-09-17,P001,322.0,296.0,2898395.0,1032970.0,294.0,52.94137940841866,37.875,248.0,235.0,23.0,0.0978723404255319,1
2021-09-17,P002,62.0,3.0,329235.0,908369.0,88.0,31.780523255813954,19.780833333333334,50.0,878.0,25.0,0.0284738041002277,1
2021-09-17,P003,18.0,0.0,98601.0,1199236.0,28.0,84.15508928571428,60.47555555555556,8.0,194.0,23.0,0.1185567010309278,1
2021-09-17,P004,516.0,300.0,3918370.0,2553216.0,493.0,42.458029135539185,28.124583333333334,348.0,765.0,55.0,0.0718954248366013,1
2021-09-17,P005,80.0,49.0,241887.0,1318610.0,44.0,95.82668560606061,45.88263888888889,27.0,35.0,9.0,0.2571428571428571,1
2021-09-17,P006,76.0,223.0,819961.0,171404.0,529.0,77.71064566005545,37.87083333333333,449.0,369.0,50.0,0.1355013550135501,1
2021-09-17,P007,6.0,0.0,84123.0,131776.0,1.0,54.83305555555555,54.83305555555555,0.0,33.0,9.0,0.2727272727272727,1
2021-09-17,P008,11.0,0.0,2587.0,1986764.0,8.0,25.474131944444448,15.111944444444445,4.0,572.0,392.0,0.6853146853146853,1
2021-09-17,P009,235.0,83.0,2412068.0,1295363.0,104.0,53.43472756410256,26.592222222222222,79.0,249.0,30.0,0.1204819277108433,1
2021-09-17,P010,2.0,1.0,0.0,60991.0,1.0,48.66,48.66,1.0,41.0,24.0,0.5853658536585366,1
2021-09-17,P011,27.0,1.0,519282.0,1014306.0,0.0,,,0.0,9.0,3.0,0.3333333333333333,1
2021-09-24,P001,306.0,305.0,2933264.0,788676.0,286.0,47.4887485380117,33.94361111111111,241.0,235.0,23.0,0.0978723404255319,1
2021-09-24,P002,61.0,9.0,448198.0,750018.0,90.0,44.31920061728395,18.447916666666668,49.0,878.0,25.0,0.0284738041002277,1
2021-09-24,P003,17.0,0.0,139885.0,1767903.0,15.0,92.33261111111112,63.58305555555555,5.0,194.0,23.0,0.1185567010309278,1
2021-09-24,P004,482.0,293.0,2724117.0,2193794.0,496.0,43.25759599843383,28.90222222222222,382.0,765.0,55.0,0.0718954248366013,1
2021-09-24,P005,83.0,43.0,885550.0,1642096.0,50.0,102.68457777777778,59.224583333333335,24.0,35.0,9.0,0.2571428571428571,1
2021-09-24,P006,34.0,127.0,616824.0,105801.0,493.0,84.60762993762994,39.47055555555555,433.0,369.0,50.0,0.1355013550135501,1
2021-09-24,P007,11.0,2.0,9538.0,404377.0,1.0,,,1.0,33.0,9.0,0.2727272727272727,1
2021-09-24,P008,12.0,0.0,2587.0,2569770.0,12.0,24.523587962962964,6.603055555555556,5.0,572.0,392.0,0.6853146853146853,1
2021-09-24,P009,119.0,53.0,1350074.0,682660.0,102.0,44.17733660130719,24.2125,79.0,249.0,30.0,0.1204819277108433,1
2021-09-24,P010,3.0,2.0,0.0,155859.0,3.0,17.642592592592596,7.999166666666667,3.0,41.0,24.0,0.5853658536585366,1
2021-09-24,P011,32.0,2.0,448133.0,1616391.0,0.0,,,0.0,9.0,3.0,0.3333333333333333,1
2021-10-01,P001,331.0,296.0,2894165.0,1075031.0,277.0,45.183885869565216,32.57652777777778,241.0,270.0,16.0,0.0592592592592592,1
2021-10-01,P002,62.0,6.0,902872.0,1033058.0,101.0,32.38361111111111,18.58111111111111,53.0,597.0,23.0,0.0385259631490787,1
2021-10-01,P003,21.0,0.0,149415.0,1564584.0,22.0,74.45323232323231,43.78194444444445,8.0,247.0,23.0,0.0931174089068826,1
2021-10-01,P004,474.0,298.0,3548288.0,2420458.0,454.0,44.59238926008414,29.681944444444444,340.0,922.0,65.0,0.0704989154013015,1
2021-10-01,P005,91.0,47.0,702959.0,1473290.0,41.0,133.13081978319784,77.49916666666667,22.0,20.0,5.0,0.25,1
2021-10-01,P006,107.0,230.0,1548504.0,331206.0,380.0,82.07671221624851,46.4725,317.0,645.0,58.0,0.089922480620155,1
2021-10-01,P007,10.0,0.0,18861.0,397912.0,2.0,100.62222222222223,100.62222222222223,0.0,45.0,15.0,0.3333333333333333,1
2021-10-01,P008,15.0,0.0,174344.0,2277883.0,7.0,127.86333333333333,69.27833333333334,5.0,609.0,396.0,0.6502463054187192,1
2021-10-01,P009,319.0,92.0,3003504.0,1913093.0,56.0,31.757911706349205,21.46013888888889,42.0,190.0,31.0,0.1631578947368421,1
2021-10-01,P010,1.0,0.0,0.0,80366.0,6.0,13.940231481481481,9.541527777777777,5.0,71.0,59.0,0.8309859154929577,1
2021-10-01,P011,38.0,1.0,467700.0,1520279.0,0.0,,,0.0,10.0,3.0,0.3,1
2021-10-08,P001,350.0,300.0,3047511.0,810467.0,278.0,42.20707833733014,32.087916666666665,235.0,270.0,16.0,0.0592592592592592,1
2021-10-08,P002,57.0,9.0,545338.0,604618.0,90.0,33.99162609238452,19.340833333333332,53.0,597.0,23.0,0.0385259631490787,1
2021-10-08,P003,18.0,0.0,141160.0,1444763.0,26.0,141.28470085470084,60.013888888888886,7.0,247.0,23.0,0.0931174089068826,1
2021-10-08,P004,498.0,296.0,4112356.0,2249924.0,483.0,42.97279633495708,30.391111111111112,362.0,922.0,65.0,0.0704989154013015,1
2021-10-08,P005,97.0,46.0,445872.0,1649703.0,47.0,113.83709219858156,71.14138888888888,22.0,20.0,5.0,0.25,1
2021-10-08,P006,115.0,279.0,1670903.0,288339.0,492.0,77.94839725708972,41.83847222222222,419.0,645.0,58.0,0.089922480620155,1
2021-10-08,P007,11.0,0.0,40130.0,291868.0,1.0,26.12444444444445,26.12444444444445,0.0,45.0,15.0,0.3333333333333333,1
2021-10-08,P008,14.0,0.0,5174.0,2393825.0,9.0,52.5683950617284,30.864722222222223,7.0,609.0,396.0,0.6502463054187192,1
2021-10-08,P009,214.0,76.0,1736329.0,1529492.0,106.0,47.227316561844866,22.33902777777778,84.0,190.0,31.0,0.1631578947368421,1
2021-10-08,P010,4.0,0.0,0.0,169765.0,3.0,6.698055555555555,7.001944444444445,3.0,71.0,59.0,0.8309859154929577,1
2021-10-08,P011,37.0,1.0,732959.0,1563922.0,0.0,,,0.0,10.0,3.0,0.3,1
2021-10-15,P001,369.0,322.0,3684945.0,1240892.0,275.0,47.81661717171717,35.153055555555554,247.0,270.0,16.0,0.0592592592592592,1
2021-10-15,P002,65.0,5.0,519552.0,1265578.0,82.0,36.7372527100271,17.310833333333335,47.0,597.0,23.0,0.0385259631490787,1
2021-10-15,P003,22.0,0.0,86667.0,1735440.0,27.0,75.331047008547,53.48625,4.0,247.0,23.0,0.0931174089068826,1
2021-10-15,P004,509.0,291.0,3239381.0,2881593.0,473.0,45.73515313390313,30.74736111111111,348.0,922.0,65.0,0.0704989154013015,1
2021-10-15,P005,94.0,49.0,416251.0,2173522.0,48.0,105.33951967592593,65.63847222222222,31.0,20.0,5.0,0.25,1
2021-10-15,P006,100.0,260.0,1171485.0,174205.0,499.0,73.2823630911971,41.58833333333333,427.0,645.0,58.0,0.089922480620155,1
2021-10-15,P007,6.0,0.0,34560.0,156130.0,0.0,,,0.0,45.0,15.0,0.3333333333333333,1
2021-10-15,P008,15.0,0.0,1481.0,2715427.0,8.0,8.836145833333333,6.477777777777778,4.0,609.0,396.0,0.6502463054187192,1
2021-10-15,P009,248.0,84.0,2606675.0,1368566.0,97.0,41.13730240549828,20.897777777777776,70.0,190.0,31.0,0.1631578947368421,1
2021-10-15,P010,3.0,0.0,0.0,153205.0,3.0,91.0849074074074,123.2575,2.0,71.0,59.0,0.8309859154929577,1
2021-10-15,P011,35.0,5.0,771003.0,1102079.0,0.0,,,0.0,10.0,3.0,0.3,1
2021-10-22,P001,321.0,305.0,2652913.0,787060.0,291.0,51.980904925544095,35.05444444444444,243.0,270.0,16.0,0.0592592592592592,1
2021-10-22,P002,70.0,5.0,725859.0,1041873.0,89.0,30.27741698595147,20.20888888888889,47.0,597.0,23.0,0.0385259631490787,1
2021-10-22,P003,18.0,0.0,225991.0,1600603.0,18.0,72.60875,26.277916666666666,5.0,247.0,23.0,0.0931174089068826,1
2021-10-22,P004,516.0,298.0,4060368.0,2447582.0,470.0,49.40276652452025,31.60972222222222,342.0,922.0,65.0,0.0704989154013015,1
2021-10-22,P005,100.0,47.0,805044.0,1979729.0,49.0,103.9306462585034,66.46166666666667,26.0,20.0,5.0,0.25,1
2021-10-22,P006,74.0,217.0,681995.0,121192.0,444.0,72.39132638888888,38.30152777777778,386.0,645.0,58.0,0.089922480620155,1
2021-10-22,P007,6.0,1.0,1874.0,214938.0,0.0,,,0.0,45.0,15.0,0.3333333333333333,1
2021-10-22,P008,14.0,0.0,2587.0,2241161.0,9.0,35.791172839506174,13.030833333333334,7.0,609.0,396.0,0.6502463054187192,1
2021-10-22,P009,207.0,66.0,2304068.0,1333535.0,105.0,66.63826455026455,24.901666666666667,68.0,190.0,31.0,0.1631578947368421,1
2021-10-22,P010,2.0,0.0,0.0,85862.0,2.0,633.4183333333333,633.4183333333333,1.0,71.0,59.0,0.8309859154929577,1
2021-10-22,P011,24.0,1.0,430959.0,916812.0,0.0,,,0.0,10.0,3.0,0.3,1
2021-10-29,P001,323.0,306.0,2894644.0,971996.0,294.0,51.99415060468632,33.92777777777778,249.0,204.0,20.0,0.0980392156862745,1
2021-10-29,P002,64.0,8.0,621351.0,913908.0,89.0,43.899810606060605,22.405,45.0,750.0,16.0,0.0213333333333333,1
2021-10-29,P003,13.0,0.0,115056.0,1242690.0,20.0,71.0096052631579,36.50138888888889,4.0,202.0,13.0,0.0643564356435643,1
2021-10-29,P004,461.0,294.0,3919890.0,2123190.0,496.0,52.5632521974307,32.4075,360.0,564.0,41.0,0.0726950354609929,1
2021-10-29,P005,97.0,44.0,432824.0,2013022.0,46.0,110.43341518008455,66.74916666666667,30.0,28.0,9.0,0.3214285714285714,1
2021-10-29,P006,85.0,228.0,1208994.0,287162.0,480.0,73.3705502701433,49.55694444444445,432.0,470.0,40.0,0.0851063829787234,1
2021-10-29,P007,5.0,0.0,35750.0,84683.0,0.0,,,0.0,21.0,10.0,0.4761904761904761,1
2021-10-29,P008,13.0,0.0,2587.0,2076095.0,10.0,48.517361111111114,10.866249999999999,5.0,439.0,279.0,0.6355353075170843,1
2021-10-29,P009,218.0,73.0,1708665.0,1056009.0,82.0,46.30618902439024,22.890972222222224,61.0,234.0,27.0,0.1153846153846153,1
2021-10-29,P010,2.0,0.0,0.0,78335.0,4.0,117.26493055555555,6.04111111111111,4.0,87.0,58.0,0.6666666666666666,1
2021-10-29,P011,33.0,1.0,880354.0,1198711.0,0.0,,,0.0,12.0,3.0,0.25,1
2021-11-05,P001,327.0,293.0,2584229.0,1167885.0,265.0,52.64441509433962,36.76,229.0,204.0,20.0,0.0980392156862745,1
2021-11-05,P002,53.0,4.0,638859.0,683985.0,104.0,37.93833333333333,18.473888888888887,61.0,750.0,16.0,0.0213333333333333,1
2021-11-05,P003,22.0,0.0,144002.0,2075292.0,12.0,89.59289351851851,79.53944444444444,5.0,202.0,13.0,0.0643564356435643,1
2021-11-05,P004,468.0,316.0,3246644.0,2507206.0,504.0,46.69260151969903,32.26,377.0,564.0,41.0,0.0726950354609929,1
2021-11-05,P005,96.0,40.0,451395.0,1975954.0,42.0,122.41827380952381,68.28222222222223,25.0,28.0,9.0,0.3214285714285714,1
2021-11-05,P006,106.0,258.0,1557410.0,326631.0,501.0,70.5588389450056,36.28777777777778,429.0,470.0,40.0,0.0851063829787234,1
2021-11-05,P007,14.0,0.0,74564.0,370378.0,1.0,283.70972222222224,283.70972222222224,1.0,21.0,10.0,0.4761904761904761,1
2021-11-05,P008,12.0,0.0,0.0,1795956.0,8.0,42.2509375,35.843888888888884,6.0,439.0,279.0,0.6355353075170843,1
2021-11-05,P009,228.0,86.0,1986992.0,1545216.0,88.0,48.823936237373736,21.616944444444442,61.0,234.0,27.0,0.1153846153846153,1
2021-11-05,P010,0.0,0.0,0.0,0.0,2.0,4.060416666666667,4.060416666666667,1.0,87.0,58.0,0.6666666666666666,1
2021-11-05,P011,33.0,2.0,552636.0,1098808.0,0.0,,,0.0,12.0,3.0,0.25,1
2021-11-12,P001,354.0,311.0,2926570.0,692943.0,262.0,48.63740277777778,34.246944444444445,229.0,204.0,20.0,0.0980392156862745,1
2021-11-12,P002,79.0,3.0,919073.0,938910.0,87.0,34.93687338216475,19.904166666666665,49.0,750.0,16.0,0.0213333333333333,1
2021-11-12,P003,18.0,0.0,142112.0,1793566.0,28.0,103.36744658119657,47.24791666666667,4.0,202.0,13.0,0.0643564356435643,1
2021-11-12,P004,508.0,288.0,3576932.0,2314867.0,538.0,54.08513464614629,34.00888888888889,415.0,564.0,41.0,0.0726950354609929,1
2021-11-12,P005,89.0,43.0,262569.0,2080493.0,43.0,100.96947028423772,59.201388888888886,25.0,28.0,9.0,0.3214285714285714,1
2021-11-12,P006,103.0,251.0,1687136.0,215360.0,479.0,54.998138528138526,36.80861111111111,432.0,470.0,40.0,0.0851063829787234,1
2021-11-12,P007,3.0,0.0,44583.0,84573.0,0.0,,,0.0,21.0,10.0,0.4761904761904761,1
2021-11-12,P008,15.0,0.0,6153.0,2803025.0,13.0,51.02499999999999,14.66638888888889,10.0,439.0,279.0,0.6355353075170843,1
2021-11-12,P009,239.0,96.0,1577399.0,1271502.0,116.0,40.4813433908046,23.787222222222223,90.0,234.0,27.0,0.1153846153846153,1
2021-11-12,P010,1.0,0.0,0.0,52311.0,1.0,19.43694444444445,19.43694444444445,1.0,87.0,58.0,0.6666666666666666,1
2021-11-12,P011,31.0,2.0,523529.0,1543235.0,0.0,,,0.0,12.0,3.0,0.25,1
2021-11-19,P001,372.0,304.0,3315343.0,979003.0,278.0,45.32240607513989,32.14944444444444,237.0,204.0,20.0,0.0980392156862745,1
2021-11-19,P002,70.0,7.0,1131849.0,659821.0,83.0,28.004079371968157,16.734166666666667,45.0,750.0,16.0,0.0213333333333333,1
2021-11-19,P003,11.0,0.0,131316.0,1011942.0,26.0,85.78769230769231,28.93402777777778,8.0,202.0,13.0,0.0643564356435643,1
2021-11-19,P004,469.0,325.0,4572992.0,2486282.0,530.0,51.59964909511784,30.900694444444447,405.0,564.0,41.0,0.0726950354609929,1
2021-11-19,P005,100.0,52.0,371217.0,2064126.0,42.0,73.8549537037037,58.61666666666667,21.0,28.0,9.0,0.3214285714285714,1
2021-11-19,P006,82.0,207.0,1289578.0,168505.0,313.0,69.38042469662494,37.84583333333333,273.0,470.0,40.0,0.0851063829787234,1
2021-11-19,P007,12.0,1.0,19393.0,431003.0,3.0,18.674305555555556,18.674305555555556,2.0,21.0,10.0,0.4761904761904761,1
2021-11-19,P008,14.0,0.0,8137.0,2741638.0,6.0,88.49169521578705,28.464305555555555,6.0,439.0,279.0,0.6355353075170843,1
2021-11-19,P009,155.0,47.0,920105.0,819963.0,120.0,38.80668981481482,19.965694444444445,91.0,234.0,27.0,0.1153846153846153,1
2021-11-19,P010,0.0,1.0,0.0,0.0,2.0,6.0872222222222225,6.0872222222222225,2.0,87.0,58.0,0.6666666666666666,1
2021-11-19,P011,28.0,2.0,184984.0,883143.0,0.0,,,0.0,12.0,3.0,0.25,1
2021-11-26,P001,358.0,316.0,2694027.0,1043366.0,278.0,45.4102507019655,28.950555555555557,248.0,204.0,20.0,0.0980392156862745,1
2021-11-26,P002,68.0,7.0,539298.0,1074959.0,82.0,35.21021436899863,18.36277777777778,41.0,750.0,16.0,0.0213333333333333,1
2021-11-26,P003,9.0,0.0,0.0,774210.0,14.0,96.39789682539683,104.97305555555556,4.0,202.0,13.0,0.0643564356435643,1
2021-11-26,P004,484.0,311.0,3235800.0,2162818.0,540.0,50.64064846654275,32.21402777777777,403.0,564.0,41.0,0.0726950354609929,1
2021-11-26,P005,93.0,57.0,522663.0,2206185.0,49.0,108.7767406462585,85.21638888888889,31.0,28.0,9.0,0.3214285714285714,1
2021-11-26,P006,116.0,277.0,1615268.0,200690.0,112.0,150.32563725961538,57.79527777777778,87.0,470.0,40.0,0.0851063829787234,1
2021-11-26,P007,5.0,0.0,19447.0,156214.0,2.0,18.666666666666668,18.666666666666668,1.0,21.0,10.0,0.4761904761904761,1
2021-11-26,P008,15.0,0.0,0.0,2618105.0,7.0,49.59198412698413,12.083055555555555,4.0,439.0,279.0,0.6355353075170843,1
2021-11-26,P009,140.0,47.0,1469013.0,714739.0,75.0,43.77144444444445,19.490555555555556,51.0,234.0,27.0,0.1153846153846153,1
2021-11-26,P010,0.0,1.0,0.0,0.0,1.0,40.82472222222222,40.82472222222222,0.0,87.0,58.0,0.6666666666666666,1
2021-11-26,P011,19.0,1.0,52719.0,740160.0,0.0,,,0.0,12.0,3.0,0.25,1
2021-12-03,P001,314.0,310.0,2835209.0,1067293.0,297.0,50.985240366629256,35.165,258.0,164.0,17.0,0.1036585365853658,1
2021-12-03,P002,59.0,8.0,859891.0,583257.0,94.0,37.61069444444445,19.578888888888887,55.0,771.0,29.0,0.0376134889753566,1
2021-12-03,P003,16.0,0.0,190911.0,1108368.0,17.0,61.81045751633987,43.72,4.0,214.0,22.0,0.102803738317757,1
2021-12-03,P004,479.0,329.0,3415328.0,2447471.0,510.0,46.49303426348814,29.484166666666667,389.0,944.0,62.0,0.0656779661016949,1
2021-12-03,P005,90.0,43.0,516652.0,1969756.0,57.0,97.52880116959064,62.632222222222225,26.0,22.0,6.0,0.2727272727272727,1
2021-12-03,P006,95.0,253.0,1531101.0,215432.0,116.0,120.92298816872427,56.221666666666664,93.0,529.0,51.0,0.0964083175803402,1
2021-12-03,P007,5.0,0.0,3438.0,159704.0,2.0,29.157083333333336,29.157083333333336,1.0,35.0,10.0,0.2857142857142857,1
2021-12-03,P008,13.0,0.0,6655.0,2528292.0,10.0,39.45883333333334,19.090833333333332,7.0,432.0,252.0,0.5833333333333334,1
2021-12-03,P009,94.0,34.0,973183.0,557532.0,93.0,46.649461473429945,16.20611111111111,71.0,373.0,68.0,0.1823056300268096,1
2021-12-03,P010,1.0,0.0,0.0,72839.0,2.0,70.24861111111113,70.24861111111113,2.0,53.0,42.0,0.7924528301886793,1
2021-12-03,P011,22.0,4.0,58305.0,581887.0,0.0,,,0.0,10.0,0.0,0.0,1
2021-12-10,P001,327.0,275.0,2788987.0,1015391.0,272.0,46.26514353553922,31.235833333333332,222.0,164.0,17.0,0.1036585365853658,1
2021-12-10,P002,60.0,8.0,465940.0,850429.0,79.0,33.236530128205125,15.999166666666667,47.0,771.0,29.0,0.0376134889753566,1
2021-12-10,P003,14.0,0.0,94612.0,1176325.0,24.0,103.20475219907406,57.212500000000006,3.0,214.0,22.0,0.102803738317757,1
2021-12-10,P004,509.0,309.0,3139377.0,2511873.0,518.0,44.8522963592233,29.01944444444445,394.0,944.0,62.0,0.0656779661016949,1
2021-12-10,P005,100.0,38.0,601933.0,2060433.0,45.0,112.87151999999999,67.28888888888889,26.0,22.0,6.0,0.2727272727272727,1
2021-12-10,P006,107.0,239.0,1430598.0,372974.0,131.0,143.1977003902663,76.76,99.0,529.0,51.0,0.0964083175803402,1
2021-12-10,P007,13.0,0.0,121786.0,207925.0,0.0,,,0.0,35.0,10.0,0.2857142857142857,1
2021-12-10,P008,13.0,0.0,12935.0,2121609.0,11.0,30.33477272727273,15.546666666666669,8.0,432.0,252.0,0.5833333333333334,1
2021-12-10,P009,120.0,49.0,832897.0,556824.0,101.0,49.85599029152915,22.1725,73.0,373.0,68.0,0.1823056300268096,1
2021-12-10,P010,1.0,0.0,0.0,72839.0,0.0,,,0.0,53.0,42.0,0.7924528301886793,1
2021-12-10,P011,25.0,4.0,393508.0,1018212.0,0.0,,,0.0,10.0,0.0,0.0,1
2021-12-17,P001,323.0,286.0,2965446.0,890280.0,255.0,53.95739917979002,33.55953888888889,215.0,164.0,17.0,0.1036585365853658,1
2021-12-17,P002,59.0,6.0,620018.0,722622.0,101.0,30.240242106710674,17.066980555555556,58.0,771.0,29.0,0.0376134889753566,1
2021-12-17,P003,13.0,0.0,131077.0,1373441.0,23.0,101.4069556763285,58.088391666666666,4.0,214.0,22.0,0.102803738317757,1
2021-12-17,P004,481.0,315.0,3049602.0,2293606.0,506.0,40.56127060323797,28.19247777777778,388.0,944.0,62.0,0.0656779661016949,1
2021-12-17,P005,93.0,46.0,299712.0,2053516.0,37.0,93.00369684684685,54.28388888888889,22.0,22.0,6.0,0.2727272727272727,1
2021-12-17,P006,121.0,266.0,1477491.0,417175.0,482.0,86.42002397381458,48.60726666666667,374.0,529.0,51.0,0.0964083175803402,1
2021-12-17,P007,3.0,0.0,0.0,41081.0,3.0,73.55635,68.5225,3.0,35.0,10.0,0.2857142857142857,1
2021-12-17,P008,20.0,0.0,9243.0,3068634.0,16.0,32.231102604166665,10.922555555555554,9.0,432.0,252.0,0.5833333333333334,1
2021-12-17,P009,108.0,52.0,849392.0,471176.0,93.0,48.81251600241546,20.9282375,68.0,373.0,68.0,0.1823056300268096,1
2021-12-17,P010,1.0,0.0,0.0,95226.0,0.0,,,0.0,53.0,42.0,0.7924528301886793,1
2021-12-17,P011,18.0,2.0,159992.0,834602.0,0.0,,,0.0,10.0,0.0,0.0,1
2021-12-24,P001,344.0,301.0,2358902.0,862067.0,258.0,44.37230003229974,33.63999305555555,219.0,164.0,17.0,0.1036585365853658,1
2021-12-24,P002,64.0,4.0,668875.0,705643.0,88.0,30.75578170498084,15.242741666666667,47.0,771.0,29.0,0.0376134889753566,1
2021-12-24,P003,15.0,0.0,197602.0,1189591.0,26.0,74.3413344017094,42.48384861111111,8.0,214.0,22.0,0.102803738317757,1
2021-12-24,P004,478.0,308.0,3960806.0,2208482.0,497.0,43.36300652637486,28.093855555555557,371.0,944.0,62.0,0.0656779661016949,1
2021-12-24,P005,82.0,44.0,369594.0,2151275.0,43.0,112.53754263565891,59.58361111111111,21.0,22.0,6.0,0.2727272727272727,1
2021-12-24,P006,97.0,253.0,1283981.0,325025.0,565.0,73.53090274176955,46.15702777777778,479.0,529.0,51.0,0.0964083175803402,1
2021-12-24,P007,9.0,0.0,88507.0,214293.0,0.0,,,0.0,35.0,10.0,0.2857142857142857,1
2021-12-24,P008,12.0,0.0,2587.0,2330172.0,10.0,36.03626694444445,15.276940277777777,6.0,432.0,252.0,0.5833333333333334,1
2021-12-24,P009,100.0,28.0,1164572.0,534321.0,114.0,53.34883579434698,18.802131944444447,82.0,373.0,68.0,0.1823056300268096,1
2021-12-24,P010,0.0,0.0,0.0,0.0,0.0,,,0.0,53.0,42.0,0.7924528301886793,1
2021-12-24,P011,23.0,3.0,147185.0,1136943.0,0.0,,,0.0,10.0,0.0,0.0,1
2021-12-31,P001,351.0,296.0,2688509.0,939758.0,276.0,43.43189970707071,31.372649999999997,234.0,195.0,26.0,0.1333333333333333,1
2021-12-31,P002,51.0,9.0,464865.0,804335.0,96.0,34.77707497044917,18.43667361111111,50.0,851.0,34.0,0.0399529964747356,1
2021-12-31,P003,16.0,0.0,103149.0,1755181.0,26.0,56.878935460502134,37.298788764305556,7.0,108.0,29.0,0.2685185185185185,1
2021-12-31,P004,479.0,320.0,3422995.0,2833687.0,524.0,41.038222774591034,27.72579166666667,398.0,611.0,31.0,0.0507364975450081,1
2021-12-31,P005,92.0,46.0,361840.0,1884392.0,44.0,101.39916849747475,74.48116388888889,21.0,23.0,7.0,0.3043478260869565,1
2021-12-31,P006,106.0,257.0,1402401.0,280864.0,497.0,72.397158436214,44.420475,427.0,599.0,338.0,0.5642737896494157,1
2021-12-31,P007,5.0,0.0,1874.0,150792.0,2.0,90.74089027777778,90.74089027777778,2.0,23.0,7.0,0.3043478260869565,1
2021-12-31,P008,13.0,0.0,6656.0,1903890.0,12.0,31.428969212962965,16.03419027777778,9.0,335.0,181.0,0.5402985074626866,1
2021-12-31,P009,93.0,28.0,1154186.0,497518.0,82.0,31.663870198902607,16.159755555555556,63.0,300.0,49.0,0.1633333333333333,1
2021-12-31,P010,1.0,0.0,0.0,80366.0,1.0,12.807994444444445,12.807994444444445,1.0,35.0,29.0,0.8285714285714286,1
2021-12-31,P011,27.0,2.0,778823.0,650323.0,1.0,586.0053388888889,586.0053388888889,0.0,19.0,7.0,0.3684210526315789,1
2022-01-07,P001,316.0,220.0,3304290.0,521870.0,277.0,65.33653794949494,36.05054722222222,231.0,195.0,26.0,0.1333333333333333,1
2022-01-07,P002,48.0,3.0,613344.0,700955.0,85.0,35.53968598039216,16.552455555555554,51.0,851.0,34.0,0.0399529964747356,1
2022-01-07,P003,15.0,0.0,79448.0,1221261.0,20.0,80.15710305555555,58.50754583333333,5.0,108.0,29.0,0.2685185185185185,1
2022-01-07,P004,495.0,325.0,4296283.0,1953903.0,513.0,43.33295383442265,29.36326944444444,383.0,611.0,31.0,0.0507364975450081,1
2022-01-07,P005,94.0,34.0,474301.0,2015360.0,46.0,137.96941237922704,78.02121944444445,22.0,23.0,7.0,0.3043478260869565,1
2022-01-07,P006,99.0,251.0,1450558.0,262042.0,526.0,82.77426837990684,49.46094444444444,459.0,599.0,338.0,0.5642737896494157,1
2022-01-07,P007,8.0,1.0,1874.0,182665.0,0.0,,,0.0,23.0,7.0,0.3043478260869565,1
2022-01-07,P008,10.0,0.0,5174.0,1655306.0,15.0,24.411986706349207,12.700333333333333,8.0,335.0,181.0,0.5402985074626866,1
2022-01-07,P009,96.0,35.0,825438.0,786329.0,97.0,44.60382265177549,21.849211111111114,71.0,300.0,49.0,0.1633333333333333,1
2022-01-07,P010,0.0,0.0,0.0,0.0,2.0,211.58774444444444,211.58774444444444,2.0,35.0,29.0,0.8285714285714286,1
2022-01-07,P011,19.0,4.0,439241.0,605687.0,1.0,305.62927499999995,305.62927499999995,0.0,19.0,7.0,0.3684210526315789,1
2022-01-14,P001,361.0,239.0,3128163.0,1124881.0,193.0,74.87607787852619,52.820661111111114,163.0,195.0,26.0,0.1333333333333333,1
2022-01-14,P002,53.0,8.0,767410.0,503356.0,88.0,33.094813604797984,16.454305555555557,46.0,851.0,34.0,0.0399529964747356,1
2022-01-14,P003,11.0,0.0,26355.0,1528705.0,22.0,107.5825552910053,59.694183333333335,4.0,108.0,29.0,0.2685185185185185,1
2022-01-14,P004,473.0,317.0,3598204.0,2349317.0,519.0,49.79332178701913,29.78333888888889,393.0,611.0,31.0,0.0507364975450081,1
2022-01-14,P005,86.0,44.0,186354.0,1893721.0,32.0,146.66145104166668,97.55638888888889,19.0,23.0,7.0,0.3043478260869565,1
2022-01-14,P006,95.0,250.0,2093654.0,139763.0,506.0,65.13053060118641,36.07125833333333,421.0,599.0,338.0,0.5642737896494157,1
2022-01-14,P007,5.0,0.0,3748.0,173978.0,2.0,122.80542638888888,122.80542638888888,1.0,23.0,7.0,0.3043478260869565,1
2022-01-14,P008,10.0,0.0,1481.0,1834266.0,10.0,68.75442111111111,20.60975416666667,8.0,335.0,181.0,0.5402985074626866,1
2022-01-14,P009,89.0,26.0,1342468.0,439486.0,79.0,48.423461744022504,19.435533333333332,54.0,300.0,49.0,0.1633333333333333,1
2022-01-14,P010,0.0,1.0,0.0,0.0,0.0,,,0.0,35.0,29.0,0.8285714285714286,1
2022-01-14,P011,23.0,1.0,381596.0,930867.0,2.0,92.70606944444444,92.70606944444444,0.0,19.0,7.0,0.3684210526315789,1
2022-01-21,P001,322.0,308.0,2581493.0,1040693.0,215.0,52.36710237538941,38.17499861111111,180.0,195.0,26.0,0.1333333333333333,1
2022-01-21,P002,58.0,3.0,801849.0,786550.0,76.0,38.50097909356725,21.630456944444443,47.0,851.0,34.0,0.0399529964747356,1
2022-01-21,P003,18.0,0.0,121620.0,1891229.0,23.0,102.56980374396134,48.17778055555556,5.0,108.0,29.0,0.2685185185185185,1
2022-01-21,P004,491.0,341.0,4311628.0,2010196.0,485.0,46.353273986254294,30.92971388888889,365.0,611.0,31.0,0.0507364975450081,1
2022-01-21,P005,89.0,50.0,590614.0,2258895.0,42.0,108.58319305555555,74.30248472222223,21.0,23.0,7.0,0.3043478260869565,1
2022-01-21,P006,91.0,276.0,1393861.0,171785.0,522.0,69.61326972053189,39.66996944444445,465.0,599.0,338.0,0.5642737896494157,1
2022-01-21,P007,12.0,0.0,8238.0,376757.0,0.0,,,0.0,23.0,7.0,0.3043478260869565,1
2022-01-21,P008,14.0,0.0,5174.0,2167363.0,9.0,19.706356172839506,10.213380555555554,2.0,335.0,181.0,0.5402985074626866,1
2022-01-21,P009,240.0,89.0,2681486.0,1393815.0,94.0,49.575443764775414,23.967813888888887,62.0,300.0,49.0,0.1633333333333333,1
2022-01-21,P010,1.0,0.0,0.0,80366.0,2.0,38.83909305555555,38.83909305555555,1.0,35.0,29.0,0.8285714285714286,1
2022-01-21,P011,19.0,3.0,64205.0,825414.0,3.0,30.195267592592597,38.073055555555555,0.0,19.0,7.0,0.3684210526315789,1
2022-01-28,P001,354.0,306.0,2719628.0,1100955.0,263.0,46.52806817701732,34.570236111111114,221.0,142.0,16.0,0.1126760563380281,1
2022-01-28,P002,55.0,9.0,880871.0,472520.0,87.0,28.833223435504472,20.2546,52.0,828.0,21.0,0.0253623188405797,1
2022-01-28,P003,6.0,0.0,8785.0,714695.0,25.0,91.81043377777777,57.85905277777778,2.0,149.0,13.0,0.087248322147651,1
2022-01-28,P004,470.0,322.0,3432326.0,2267819.0,531.0,44.881107550264545,27.829658333333334,397.0,816.0,57.0,0.0698529411764705,1
2022-01-28,P005,97.0,51.0,461551.0,1935771.0,51.0,97.55882107843138,69.21111111111111,26.0,34.0,10.0,0.2941176470588235,1
2022-01-28,P006,111.0,242.0,1989104.0,250874.0,516.0,83.82345109571192,41.57216666666666,445.0,619.0,37.0,0.0597738287560581,1
2022-01-28,P007,7.0,1.0,47889.0,150742.0,0.0,,,0.0,44.0,9.0,0.2045454545454545,1
2022-01-28,P008,8.0,0.0,5174.0,1333850.0,19.0,30.069921929824563,13.326944444444443,12.0,552.0,333.0,0.6032608695652174,1
2022-01-28,P009,119.0,34.0,1284894.0,575331.0,106.0,44.53549363207547,25.00523611111111,72.0,322.0,17.0,0.0527950310559006,1
2022-01-28,P010,1.0,0.0,0.0,0.0,0.0,,,0.0,53.0,42.0,0.7924528301886793,1
2022-01-28,P011,26.0,3.0,209992.0,927991.0,6.0,185.19418796296296,88.27645694444445,0.0,18.0,4.0,0.2222222222222222,1
2022-02-04,P001,367.0,300.0,2602619.0,824484.0,290.0,52.17903682237601,30.49897222222222,249.0,142.0,16.0,0.1126760563380281,1
2022-02-04,P002,55.0,5.0,742773.0,643697.0,81.0,41.53319790809328,32.43310555555556,44.0,828.0,21.0,0.0253623188405797,1
2022-02-04,P003,15.0,0.0,87602.0,1710452.0,20.0,142.15893302469138,70.21147222222223,7.0,149.0,13.0,0.087248322147651,1
2022-02-04,P004,496.0,321.0,4361780.0,2499574.0,527.0,43.06872756532823,30.05059166666667,406.0,816.0,57.0,0.0698529411764705,1
2022-02-04,P005,98.0,50.0,645527.0,2230568.0,50.0,120.94566383219954,82.37259722222221,23.0,34.0,10.0,0.2941176470588235,1
2022-02-04,P006,120.0,271.0,1230912.0,282859.0,503.0,128.99878257007006,44.23928055555555,419.0,619.0,37.0,0.0597738287560581,1
2022-02-04,P007,8.0,1.0,49849.0,179881.0,1.0,35.05694444444445,35.05694444444445,1.0,44.0,9.0,0.2045454545454545,1
2022-02-04,P008,16.0,0.0,6655.0,2458445.0,13.0,10.630563461538461,6.670280555555555,10.0,552.0,333.0,0.6032608695652174,1
2022-02-04,P009,98.0,29.0,1012455.0,504027.0,92.0,39.970647916666664,26.990775000000003,75.0,322.0,17.0,0.0527950310559006,1
2022-02-04,P010,1.0,0.0,0.0,80366.0,0.0,,,0.0,53.0,42.0,0.7924528301886793,1
2022-02-04,P011,26.0,3.0,116569.0,994715.0,4.0,120.96553055555556,57.10550555555555,1.0,18.0,4.0,0.2222222222222222,1
2022-02-11,P001,321.0,279.0,3018506.0,604616.0,288.0,49.61520161072531,32.155004166666664,244.0,142.0,16.0,0.1126760563380281,1
2022-02-11,P002,58.0,3.0,618660.0,523142.0,85.0,29.405198346560848,18.202283333333334,43.0,828.0,21.0,0.0253623188405797,1
2022-02-11,P003,15.0,0.0,186036.0,1158567.0,28.0,93.74011656746032,63.07575277777778,6.0,149.0,13.0,0.087248322147651,1
2022-02-11,P004,508.0,347.0,3569873.0,2448418.0,521.0,44.44537313199828,29.154916666666665,386.0,816.0,57.0,0.0698529411764705,1
2022-02-11,P005,81.0,44.0,331132.0,1947255.0,46.0,131.6207358695652,63.340833333333336,22.0,34.0,10.0,0.2941176470588235,1
2022-02-11,P006,107.0,255.0,1536987.0,221329.0,395.0,168.14511883705862,68.88036944444444,329.0,619.0,37.0,0.0597738287560581,1
2022-02-11,P007,8.0,1.0,1874.0,272602.0,0.0,,,0.0,44.0,9.0,0.2045454545454545,1
2022-02-11,P008,21.0,0.0,1020.0,2995832.0,14.0,23.33886011904762,9.364116666666666,8.0,552.0,333.0,0.6032608695652174,1
2022-02-11,P009,82.0,33.0,1311978.0,402367.0,123.0,46.08905195810564,20.97733611111111,96.0,322.0,17.0,0.0527950310559006,1
2022-02-11,P010,0.0,0.0,0.0,0.0,1.0,157.81628055555555,157.81628055555555,1.0,53.0,42.0,0.7924528301886793,1
2022-02-11,P011,22.0,2.0,372116.0,833110.0,6.0,132.1406560185185,83.45784166666667,2.0,18.0,4.0,0.2222222222222222,1
2022-02-18,P001,315.0,301.0,2757686.0,988458.0,248.0,52.03792091237579,34.143972222222224,211.0,142.0,16.0,0.1126760563380281,1
2022-02-18,P002,57.0,7.0,361943.0,1218404.0,80.0,32.54278201388889,18.312483333333333,45.0,828.0,21.0,0.0253623188405797,1
2022-02-18,P003,15.0,0.0,109632.0,1423555.0,26.0,91.20278386752138,49.47725,9.0,149.0,13.0,0.087248322147651,1
2022-02-18,P004,486.0,321.0,3332319.0,2085567.0,524.0,44.6603409216688,27.99899861111111,407.0,816.0,57.0,0.0698529411764705,1
2022-02-18,P005,85.0,57.0,281853.0,2122092.0,46.0,107.4845218599034,70.8099625,24.0,34.0,10.0,0.2941176470588235,1
2022-02-18,P006,114.0,262.0,2297692.0,265164.0,204.0,126.18473358585858,51.48500694444445,148.0,619.0,37.0,0.0597738287560581,1
2022-02-18,P007,10.0,0.0,3748.0,279474.0,2.0,36.20652777777778,36.20652777777778,1.0,44.0,9.0,0.2045454545454545,1
2022-02-18,P008,15.0,0.0,6153.0,2312043.0,9.0,61.23099259259259,21.00578611111111,7.0,552.0,333.0,0.6032608695652174,1
2022-02-18,P009,69.0,26.0,810144.0,503476.0,83.0,52.35830117135207,23.53185,63.0,322.0,17.0,0.0527950310559006,1
2022-02-18,P010,1.0,1.0,0.0,72839.0,0.0,,,0.0,53.0,42.0,0.7924528301886793,1
2022-02-18,P011,28.0,2.0,549419.0,1095773.0,5.0,68.18979719930556,66.73991527777778,1.0,18.0,4.0,0.2222222222222222,1
2022-02-25,P001,325.0,291.0,2620421.0,961735.0,272.0,55.35348690767974,35.15361111111111,233.0,142.0,16.0,0.1126760563380281,1
2022-02-25,P002,68.0,4.0,972904.0,829725.0,92.0,43.6900103562802,19.920343055555556,55.0,828.0,21.0,0.0253623188405797,1
2022-02-25,P003,16.0,0.0,60861.0,1420862.0,21.0,108.61587473544974,60.84265833333333,5.0,149.0,13.0,0.087248322147651,1
2022-02-25,P004,464.0,349.0,3366764.0,2179184.0,508.0,37.708037073707374,26.085555555555555,388.0,816.0,57.0,0.0698529411764705,1
2022-02-25,P005,99.0,52.0,1080997.0,1900431.0,56.0,92.41181215277777,67.18986111111111,21.0,34.0,10.0,0.2941176470588235,1
2022-02-25,P006,110.0,221.0,1279573.0,300676.0,227.0,90.67450186419754,37.34786666666667,175.0,619.0,37.0,0.0597738287560581,1
2022-02-25,P007,8.0,0.0,99949.0,241078.0,2.0,58.1260125,58.1260125,0.0,44.0,9.0,0.2045454545454545,1
2022-02-25,P008,17.0,0.0,0.0,2676461.0,18.0,28.63450114379085,7.570438888888889,5.0,552.0,333.0,0.6032608695652174,1
2022-02-25,P009,83.0,36.0,1074494.0,386920.0,99.0,45.35650984848485,21.090241666666664,76.0,322.0,17.0,0.0527950310559006,1
2022-02-25,P010,2.0,1.0,0.0,85862.0,2.0,110.629175,110.629175,0.0,53.0,42.0,0.7924528301886793,1
2022-02-25,P011,28.0,1.0,228466.0,1407316.0,6.0,95.3520962962963,72.23264027777779,0.0,18.0,4.0,0.2222222222222222,1
2022-03-04,P001,304.0,272.0,2451053.0,751138.0,254.0,69.77306784145806,40.55908888888889,211.0,99.0,7.0,0.0707070707070707,1
2022-03-04,P002,61.0,6.0,736681.0,642991.0,96.0,28.20794421296296,19.068279166666667,49.0,798.0,23.0,0.0288220551378446,1
2022-03-04,P003,16.0,0.0,186022.0,1642247.0,25.0,73.63889477777778,38.08852222222222,7.0,221.0,16.0,0.0723981900452488,1
2022-03-04,P004,486.0,334.0,4013294.0,2680628.0,511.0,44.994791754155735,29.049631944444442,403.0,601.0,35.0,0.0582362728785357,1
2022-03-04,P005,93.0,44.0,598455.0,1976970.0,50.0,105.9467095,70.277975,28.0,32.0,5.0,0.15625,1
2022-03-04,P006,112.0,247.0,1822843.0,292923.0,399.0,106.43794839743589,54.75052916666667,334.0,226.0,14.0,0.0619469026548672,1
2022-03-04,P007,7.0,0.0,2460.0,276746.0,1.0,483.79203611111114,483.79203611111114,1.0,30.0,0.0,0.0,1
2022-03-04,P008,16.0,0.0,182663.0,2251960.0,16.0,39.00757604166667,10.093061111111112,11.0,456.0,247.0,0.5416666666666666,1
2022-03-04,P009,74.0,35.0,1031213.0,587779.0,91.0,56.784112728937735,19.499094444444445,66.0,86.0,2.0,0.0232558139534883,1
2022-03-04,P010,2.0,0.0,0.0,231848.0,0.0,,,0.0,41.0,34.0,0.8292682926829268,1
2022-03-04,P011,24.0,2.0,362627.0,757464.0,3.0,196.43720462962963,110.89477222222222,0.0,,,,1
2022-03-11,P001,367.0,313.0,2493523.0,726851.0,231.0,54.91099324194324,37.00611111111111,192.0,99.0,7.0,0.0707070707070707,1
2022-03-11,P002,65.0,2.0,813204.0,1028068.0,93.0,32.70179173198672,21.022883333333333,52.0,798.0,23.0,0.0288220551378446,1
2022-03-11,P003,16.0,0.0,97964.0,1344765.0,30.0,91.34777490740741,54.918955555555556,8.0,221.0,16.0,0.0723981900452488,1
2022-03-11,P004,507.0,338.0,3739406.0,2215733.0,518.0,45.7436364281109,25.721330555555554,400.0,601.0,35.0,0.0582362728785357,1
2022-03-11,P005,92.0,44.0,307105.0,1873404.0,44.0,133.43845826873385,73.6725,23.0,32.0,5.0,0.15625,1
2022-03-11,P006,98.0,246.0,995290.0,312558.0,443.0,85.99010381863128,43.92999722222222,356.0,226.0,14.0,0.0619469026548672,1
2022-03-11,P007,10.0,0.0,17573.0,381586.0,0.0,,,0.0,30.0,0.0,0.0,1
2022-03-11,P008,15.0,0.0,2587.0,2848820.0,15.0,23.98274222222222,14.46527777777778,7.0,456.0,247.0,0.5416666666666666,1
2022-03-11,P009,79.0,26.0,543966.0,499362.0,105.0,43.1707444973545,23.984383333333337,85.0,86.0,2.0,0.0232558139534883,1
2022-03-11,P010,1.0,0.0,0.0,72839.0,1.0,55.50472222222222,55.50472222222222,1.0,41.0,34.0,0.8292682926829268,1
2022-03-11,P011,18.0,0.0,105513.0,732053.0,6.0,76.43651851851853,82.42879444444443,4.0,,,,1
2022-03-18,P001,337.0,324.0,3118027.0,688125.0,291.0,47.383254066437566,30.361666666666668,247.0,99.0,7.0,0.0707070707070707,1
2022-03-18,P002,68.0,2.0,793738.0,878306.0,76.0,40.71851542397661,20.01434027777778,48.0,798.0,23.0,0.0288220551378446,1
2022-03-18,P003,16.0,0.0,247941.0,1248616.0,28.0,115.38466269841271,70.29163750000001,8.0,221.0,16.0,0.0723981900452488,1
2022-03-18,P004,490.0,318.0,3474115.0,2195302.0,527.0,43.118824086152536,27.402230555555555,394.0,601.0,35.0,0.0582362728785357,1
2022-03-18,P005,83.0,48.0,600404.0,1886834.0,42.0,102.23532916666666,66.2256236111111,20.0,32.0,5.0,0.15625,1
2022-03-18,P006,116.0,264.0,2015469.0,365246.0,521.0,76.89202014163374,43.01995833333333,455.0,226.0,14.0,0.0619469026548672,1
2022-03-18,P007,7.0,0.0,0.0,126083.0,2.0,35.5450375,35.5450375,1.0,30.0,0.0,0.0,1
2022-03-18,P008,19.0,0.0,311786.0,2980018.0,8.0,101.14111736111111,13.680345833333334,7.0,456.0,247.0,0.5416666666666666,1
2022-03-18,P009,95.0,22.0,763234.0,440104.0,99.0,46.51337135241302,24.002336111111113,73.0,86.0,2.0,0.0232558139534883,1
2022-03-18,P010,0.0,0.0,0.0,0.0,1.0,49.8,49.8,1.0,41.0,34.0,0.8292682926829268,1
2022-03-18,P011,28.0,1.0,529947.0,894222.0,1.0,420.93083333333334,420.93083333333334,0.0,,,,1
2022-03-25,P001,351.0,318.0,3323407.0,976458.0,292.0,47.77362048135464,33.83162361111111,249.0,99.0,7.0,0.0707070707070707,1
2022-03-25,P002,52.0,4.0,798294.0,559742.0,89.0,39.30117144194757,18.216330555555555,42.0,798.0,23.0,0.0288220551378446,1
2022-03-25,P003,7.0,0.0,0.0,281245.0,21.0,100.46687023809524,51.894283333333334,6.0,221.0,16.0,0.0723981900452488,1
2022-03-25,P004,489.0,335.0,2488179.0,1993175.0,511.0,40.9646382642998,26.59339166666667,388.0,601.0,35.0,0.0582362728785357,1
2022-03-25,P005,112.0,47.0,752838.0,2090820.0,46.0,108.69715191358026,65.68333333333334,18.0,32.0,5.0,0.15625,1
2022-03-25,P006,80.0,209.0,1016520.0,196598.0,557.0,83.42938437757202,40.92621805555555,478.0,226.0,14.0,0.0619469026548672,1
2022-03-25,P007,14.0,0.0,94187.0,442272.0,1.0,1.515975,1.515975,1.0,30.0,0.0,0.0,1
2022-03-25,P008,13.0,0.0,0.0,1808726.0,10.0,30.84265777777778,11.583455555555556,8.0,456.0,247.0,0.5416666666666666,1
2022-03-25,P009,141.0,42.0,1507808.0,867388.0,88.0,50.09191568813131,17.811354166666668,68.0,86.0,2.0,0.0232558139534883,1
2022-03-25,P010,1.0,0.0,0.0,80366.0,0.0,,,0.0,41.0,34.0,0.8292682926829268,1
2022-03-25,P011,26.0,2.0,164233.0,1215804.0,3.0,84.34993425925926,102.33886388888888,1.0,,,,1
2022-04-01,P001,334.0,334.0,3869376.0,1243647.0,288.0,45.89781746309246,32.853347222222226,237.0,62.0,8.0,0.1290322580645161,1
2022-04-01,P002,61.0,9.0,809293.0,1003984.0,79.0,38.763883544303795,23.607777777777777,43.0,773.0,24.0,0.0310478654592496,1
2022-04-01,P003,21.0,0.0,186582.0,2124180.0,19.0,110.47019137426902,85.15853888888888,9.0,66.0,2.0,0.0303030303030303,1
2022-04-01,P004,477.0,313.0,2964028.0,2394738.0,514.0,39.398442925347226,26.691818055555558,388.0,953.0,84.0,0.0881427072402938,1
2022-04-01,P005,105.0,43.0,796131.0,2198509.0,45.0,112.47710641975308,71.5725,23.0,20.0,2.0,0.1,1
2022-04-01,P006,114.0,277.0,1956376.0,219368.0,494.0,87.5917515317787,48.48258333333334,430.0,246.0,25.0,0.1016260162601626,1
2022-04-01,P007,12.0,0.0,32822.0,397555.0,1.0,39.68138888888889,39.68138888888889,0.0,33.0,10.0,0.303030303030303,1
2022-04-01,P008,21.0,0.0,7676.0,2627651.0,11.0,31.204929797979798,12.217255555555557,7.0,481.0,269.0,0.5592515592515592,1
2022-04-01,P009,118.0,31.0,1272739.0,600792.0,74.0,36.911321208708706,17.389422222222223,59.0,102.0,3.0,0.0294117647058823,1
2022-04-01,P010,1.0,1.0,0.0,80366.0,1.0,95.42472222222224,95.42472222222224,0.0,58.0,45.0,0.7758620689655172,1
2022-04-01,P011,20.0,3.0,129412.0,445471.0,10.0,62.545509722222235,48.722301388888894,1.0,10.0,2.0,0.2,1
2022-04-08,P001,319.0,326.0,2332648.0,733268.0,305.0,53.24732922625596,33.57763333333333,250.0,62.0,8.0,0.1290322580645161,1
2022-04-08,P002,68.0,8.0,850974.0,805442.0,100.0,38.20814694163861,18.216872222222225,47.0,773.0,24.0,0.0310478654592496,1
2022-04-08,P003,14.0,0.0,117516.0,1157101.0,33.0,143.4051340909091,105.517,5.0,66.0,2.0,0.0303030303030303,1
2022-04-08,P004,461.0,330.0,2893297.0,2508356.0,488.0,40.20670522706316,24.855759722222224,376.0,953.0,84.0,0.0881427072402938,1
2022-04-08,P005,98.0,52.0,500395.0,2037639.0,41.0,110.90291592140922,82.74113333333334,20.0,20.0,2.0,0.1,1
2022-04-08,P006,118.0,296.0,2035203.0,259724.0,490.0,79.16061905912123,43.797225000000005,420.0,246.0,25.0,0.1016260162601626,1
2022-04-08,P007,13.0,0.0,110190.0,414348.0,1.0,26.691475,26.691475,0.0,33.0,10.0,0.303030303030303,1
2022-04-08,P008,18.0,0.0,10723.0,2918587.0,11.0,56.77928787878787,15.564030555555556,6.0,481.0,269.0,0.5592515592515592,1
2022-04-08,P009,104.0,42.0,1182466.0,529476.0,118.0,30.7295754472693,20.980238888888888,86.0,102.0,3.0,0.0294117647058823,1
2022-04-08,P010,0.0,1.0,0.0,0.0,1.0,143.18783888888888,143.18783888888888,0.0,58.0,45.0,0.7758620689655172,1
2022-04-08,P011,28.0,2.0,153603.0,1070589.0,8.0,152.37209895833334,74.25473333333333,1.0,10.0,2.0,0.2,1
2022-04-15,P001,350.0,316.0,2643536.0,896334.0,284.0,48.49173046752739,33.47739861111111,250.0,62.0,8.0,0.1290322580645161,1
2022-04-15,P002,58.0,6.0,651338.0,800996.0,94.0,38.58435440821256,18.902361111111112,54.0,773.0,24.0,0.0310478654592496,1
2022-04-15,P003,16.0,0.0,100837.0,2068471.0,27.0,152.46194681069957,80.32338888888889,4.0,66.0,2.0,0.0303030303030303,1
2022-04-15,P004,503.0,331.0,4388559.0,2404177.0,488.0,40.59084773768614,26.79195,366.0,953.0,84.0,0.0881427072402938,1
2022-04-15,P005,101.0,49.0,372830.0,2125296.0,50.0,112.22248155555555,68.81682083333334,21.0,20.0,2.0,0.1,1
2022-04-15,P006,119.0,286.0,2341924.0,233918.0,620.0,73.53474846919784,36.985077777777775,535.0,246.0,25.0,0.1016260162601626,1
2022-04-15,P007,11.0,0.0,125234.0,289668.0,2.0,43.158433333333335,43.158433333333335,1.0,33.0,10.0,0.303030303030303,1
2022-04-15,P008,22.0,0.0,12935.0,3576403.0,8.0,21.414680902777775,7.984468055555556,5.0,481.0,269.0,0.5592515592515592,1
2022-04-15,P009,185.0,73.0,1612652.0,1050795.0,119.0,40.305142530345464,19.437980555555555,92.0,102.0,3.0,0.0294117647058823,1
2022-04-15,P010,1.0,1.0,0.0,80366.0,0.0,,,0.0,58.0,45.0,0.7758620689655172,1
2022-04-15,P011,29.0,4.0,351410.0,990787.0,12.0,100.2929558080808,48.616327777777784,1.0,10.0,2.0,0.2,1
2022-04-22,P001,310.0,347.0,2401346.0,837821.0,278.0,54.45454883252818,36.97447638888889,225.0,62.0,8.0,0.1290322580645161,1
2022-04-22,P002,64.0,8.0,791122.0,932189.0,98.0,25.984671173469387,17.965954166666666,52.0,773.0,24.0,0.0310478654592496,1
2022-04-22,P003,20.0,0.0,205440.0,2244236.0,29.0,142.68905383141762,57.92055555555555,8.0,66.0,2.0,0.0303030303030303,1
2022-04-22,P004,500.0,360.0,3263704.0,1925297.0,517.0,40.2487231175836,26.838841666666667,369.0,953.0,84.0,0.0881427072402938,1
2022-04-22,P005,94.0,49.0,344030.0,2265141.0,48.0,120.63119108796296,68.43696111111112,24.0,20.0,2.0,0.1,1
2022-04-22,P006,82.0,217.0,1744229.0,155084.0,583.0,76.16174218438869,38.6427875,521.0,246.0,25.0,0.1016260162601626,1
2022-04-22,P007,13.0,0.0,97636.0,387357.0,1.0,26.02638888888889,26.02638888888889,1.0,33.0,10.0,0.303030303030303,1
2022-04-22,P008,20.0,0.0,7761.0,3254491.0,10.0,56.70891916666667,32.69155416666666,3.0,481.0,269.0,0.5592515592515592,1
2022-04-22,P009,117.0,36.0,994926.0,453859.0,107.0,58.102530659397715,21.769452777777776,76.0,102.0,3.0,0.0294117647058823,1
2022-04-22,P010,1.0,1.0,0.0,65821.0,3.0,5.5676851851851845,5.6925,2.0,58.0,45.0,0.7758620689655172,1
2022-04-22,P011,31.0,3.0,647101.0,1455569.0,5.0,82.403875,76.22111111111111,1.0,10.0,2.0,0.2,1
2022-04-29,P001,373.0,289.0,3932424.0,1408254.0,302.0,45.222189516426724,31.958333333333332,249.0,128.0,14.0,0.109375,1
2022-04-29,P002,58.0,3.0,706845.0,556326.0,86.0,38.85040140522876,18.095619444444445,46.0,992.0,44.0,0.0443548387096774,1
2022-04-29,P003,21.0,0.0,219532.0,1761779.0,26.0,152.5947361111111,97.04364166666667,4.0,153.0,9.0,0.0588235294117647,1
2022-04-29,P004,480.0,336.0,3670429.0,2481691.0,538.0,43.24136955888473,26.620543055555558,394.0,626.0,45.0,0.0718849840255591,1
2022-04-29,P005,102.0,48.0,958721.0,2276583.0,46.0,115.01541696859904,65.95353888888889,27.0,15.0,1.0,0.0666666666666666,1
2022-04-29,P006,124.0,296.0,2407698.0,243228.0,456.0,100.83809536619012,64.12982222222222,372.0,217.0,15.0,0.0691244239631336,1
2022-04-29,P007,17.0,0.0,26487.0,489421.0,2.0,76.79918611111111,76.79918611111111,0.0,24.0,1.0,0.0416666666666666,1
2022-04-29,P008,18.0,0.0,7761.0,2761736.0,12.0,26.369248379629628,15.074776388888889,8.0,529.0,303.0,0.5727788279773157,1
2022-04-29,P009,215.0,97.0,2987060.0,1559140.0,83.0,45.335137416331996,19.574166666666667,67.0,145.0,5.0,0.0344827586206896,1
2022-04-29,P010,1.0,1.0,0.0,0.0,3.0,6.097877777777778,6.177777777777778,3.0,80.0,65.0,0.8125,1
2022-04-29,P011,28.0,1.0,93997.0,873021.0,7.0,121.21780714285714,92.9495388888889,0.0,10.0,3.0,0.3,1
2022-05-06,P001,321.0,337.0,3265820.0,956678.0,263.0,50.84611455682782,35.01850138888889,226.0,128.0,14.0,0.109375,1
2022-05-06,P002,61.0,4.0,957927.0,737075.0,82.0,23.006163177506775,16.1366875,46.0,992.0,44.0,0.0443548387096774,1
2022-05-06,P003,16.0,0.0,135462.0,1439626.0,25.0,136.05342955555557,72.91416666666667,5.0,153.0,9.0,0.0588235294117647,1
2022-05-06,P004,472.0,313.0,2895157.0,1985288.0,514.0,38.49850884431398,25.39905,385.0,626.0,45.0,0.0718849840255591,1
2022-05-06,P005,98.0,44.0,640256.0,2180002.0,47.0,89.47061578014184,59.61291388888888,25.0,15.0,1.0,0.0666666666666666,1
2022-05-06,P006,113.0,275.0,1423574.0,229536.0,576.0,80.32233976608188,43.08596666666667,475.0,217.0,15.0,0.0691244239631336,1
2022-05-06,P007,8.0,0.0,83883.0,266818.0,2.0,25.26347222222222,25.26347222222222,2.0,24.0,1.0,0.0416666666666666,1
2022-05-06,P008,19.0,0.0,1481.0,3248950.0,10.0,51.980358055555556,14.831488888888888,5.0,529.0,303.0,0.5727788279773157,1
2022-05-06,P009,137.0,70.0,1185434.0,947250.0,126.0,50.2835274691358,24.722530555555558,94.0,145.0,5.0,0.0344827586206896,1
2022-05-06,P010,0.0,1.0,0.0,0.0,3.0,6.085203703703704,6.1229,3.0,80.0,65.0,0.8125,1
2022-05-06,P011,29.0,4.0,385260.0,1144138.0,5.0,66.20986333333335,60.826525,1.0,10.0,3.0,0.3,1
2022-05-13,P001,325.0,328.0,2918134.0,911667.0,296.0,44.715924463276835,31.28396388888889,249.0,128.0,14.0,0.109375,1
2022-05-13,P002,71.0,5.0,911012.0,886562.0,86.0,31.565545897932818,17.93118888888889,49.0,992.0,44.0,0.0443548387096774,1
2022-05-13,P003,14.0,0.0,195168.0,1696949.0,22.0,141.21009633838383,63.008655555555556,3.0,153.0,9.0,0.0588235294117647,1
2022-05-13,P004,492.0,344.0,3203802.0,2711412.0,523.0,39.49765371765981,25.26054166666667,382.0,626.0,45.0,0.0718849840255591,1
2022-05-13,P005,93.0,52.0,496801.0,2104390.0,45.0,104.22122802469136,70.30333333333333,18.0,15.0,1.0,0.0666666666666666,1
2022-05-13,P006,117.0,264.0,1175826.0,260122.0,540.0,83.41992913722972,42.62619444444445,434.0,217.0,15.0,0.0691244239631336,1
2022-05-13,P007,10.0,1.0,0.0,357152.0,0.0,,,0.0,24.0,1.0,0.0416666666666666,1
2022-05-13,P008,22.0,0.0,7676.0,2882542.0,11.0,35.222942424242426,10.38061111111111,5.0,529.0,303.0,0.5727788279773157,1
2022-05-13,P009,193.0,59.0,2110036.0,1318985.0,107.0,49.306312824506755,24.647558333333336,73.0,145.0,5.0,0.0344827586206896,1
2022-05-13,P010,0.0,0.0,0.0,0.0,2.0,53.199619444444444,53.199619444444444,1.0,80.0,65.0,0.8125,1
2022-05-13,P011,29.0,1.0,382510.0,1486529.0,7.0,123.15394007936507,122.1215611111111,3.0,10.0,3.0,0.3,1
2022-05-20,P001,324.0,312.0,2913031.0,1207277.0,287.0,47.123092450638794,30.474925,244.0,128.0,14.0,0.109375,1
2022-05-20,P002,65.0,6.0,749888.0,1012454.0,85.0,31.755147652116403,22.257062500000004,50.0,992.0,44.0,0.0443548387096774,1
2022-05-20,P003,18.0,0.0,95319.0,1422350.0,21.0,142.39304246031747,87.62307777777778,4.0,153.0,9.0,0.0588235294117647,1
2022-05-20,P004,494.0,331.0,3574182.0,2174400.0,532.0,38.859209351503765,25.921844444444446,397.0,626.0,45.0,0.0718849840255591,1
2022-05-20,P005,94.0,52.0,641206.0,2449235.0,50.0,114.11763383333333,73.74763888888889,24.0,15.0,1.0,0.0666666666666666,1
2022-05-20,P006,121.0,275.0,2674221.0,368661.0,486.0,72.67152066120609,36.96563333333334,404.0,217.0,15.0,0.0691244239631336,1
2022-05-20,P007,16.0,0.0,47405.0,393239.0,1.0,48.17488888888889,48.17488888888889,0.0,24.0,1.0,0.0416666666666666,1
2022-05-20,P008,19.0,0.0,4068.0,3120126.0,15.0,39.564795833333335,11.667043055555556,9.0,529.0,303.0,0.5727788279773157,1
2022-05-20,P009,202.0,55.0,2498949.0,1274614.0,102.0,59.17003956971678,21.434056944444443,78.0,145.0,5.0,0.0344827586206896,1
2022-05-20,P010,0.0,3.0,0.0,0.0,0.0,,,0.0,80.0,65.0,0.8125,1
2022-05-20,P011,31.0,0.0,337289.0,1344430.0,3.0,33.77486666666666,27.00699444444444,1.0,10.0,3.0,0.3,1
2022-05-27,P001,364.0,300.0,3405323.0,1131748.0,291.0,46.23621771668576,30.85468611111111,244.0,128.0,14.0,0.109375,1
2022-05-27,P002,57.0,6.0,799029.0,671365.0,86.0,43.082053520671835,18.99769722222222,45.0,992.0,44.0,0.0443548387096774,1
2022-05-27,P003,19.0,0.0,100568.0,1575340.0,23.0,139.39783952020204,79.51285972222223,5.0,153.0,9.0,0.0588235294117647,1
2022-05-27,P004,512.0,331.0,4154038.0,2089671.0,545.0,36.816342084231756,24.985236111111114,409.0,626.0,45.0,0.0718849840255591,1
2022-05-27,P005,98.0,43.0,612245.0,2304648.0,47.0,106.29053014184396,70.1875,27.0,15.0,1.0,0.0666666666666666,1
2022-05-27,P006,114.0,276.0,1635249.0,229529.0,535.0,90.05909433922558,44.84811666666667,451.0,217.0,15.0,0.0691244239631336,1
2022-05-27,P007,12.0,0.0,4334.0,380908.0,0.0,,,0.0,24.0,1.0,0.0416666666666666,1
2022-05-27,P008,16.0,0.0,2587.0,2576811.0,6.0,14.11712037037037,11.307701388888887,5.0,529.0,303.0,0.5727788279773157,1
2022-05-27,P009,189.0,64.0,2894843.0,1119841.0,86.0,35.61104912790697,20.649886111111115,65.0,145.0,5.0,0.0344827586206896,1
2022-05-27,P010,2.0,3.0,0.0,153205.0,4.0,28.03036319444444,7.312522222222222,3.0,80.0,65.0,0.8125,1
2022-05-27,P011,31.0,4.0,64213.0,1300207.0,2.0,12.365326388888889,12.365326388888889,0.0,10.0,3.0,0.3,1
2022-06-03,P001,320.0,309.0,3296969.0,731488.0,270.0,48.18396388888889,29.821944444444444,230.0,97.0,14.0,0.1443298969072164,1
2022-06-03,P002,67.0,5.0,694408.0,816076.0,93.0,28.275769772998803,15.929166666666667,45.0,808.0,36.0,0.0445544554455445,1
2022-06-03,P003,14.0,0.0,76963.0,1021504.0,27.0,93.83300737193375,47.24698194444444,6.0,274.0,19.0,0.0693430656934306,1
2022-06-03,P004,470.0,342.0,2928082.0,2425899.0,522.0,39.326512153449386,25.498055555555556,395.0,925.0,50.0,0.054054054054054,1
2022-06-03,P005,83.0,41.0,317100.0,2235810.0,44.0,102.8149514520202,57.86236944444444,20.0,24.0,2.0,0.0833333333333333,1
2022-06-03,P006,116.0,286.0,1743775.0,157219.0,508.0,89.44168183629327,37.313741666666665,430.0,446.0,28.0,0.0627802690582959,1
2022-06-03,P007,12.0,1.0,137125.0,433601.0,1.0,30.613333333333333,30.613333333333333,1.0,53.0,12.0,0.2264150943396226,1
2022-06-03,P008,19.0,0.0,5174.0,2958625.0,15.0,28.67178296296296,22.92827777777778,6.0,558.0,376.0,0.6738351254480287,1
2022-06-03,P009,170.0,75.0,1921906.0,960140.0,83.0,49.03444203929539,24.405104166666664,56.0,171.0,8.0,0.0467836257309941,1
2022-06-03,P010,1.0,2.0,0.0,80366.0,3.0,105.45057407407405,9.11989722222222,1.0,69.0,47.0,0.6811594202898551,1
2022-06-03,P011,33.0,1.0,469729.0,1139224.0,8.0,123.44421319444444,79.49652361111112,0.0,10.0,2.0,0.2,1
2022-06-10,P001,318.0,334.0,2904600.0,942937.0,283.0,52.95581138691883,33.437527777777774,245.0,97.0,14.0,0.1443298969072164,1
2022-06-10,P002,70.0,4.0,1063523.0,923541.0,95.0,46.7308791029078,18.844397222222224,51.0,808.0,36.0,0.0445544554455445,1
2022-06-10,P003,19.0,0.0,158524.0,1455338.0,20.0,113.51368777777778,65.39300555555556,4.0,274.0,19.0,0.0693430656934306,1
2022-06-10,P004,494.0,358.0,3144220.0,2056178.0,547.0,38.56336785567856,25.437776388888892,390.0,925.0,50.0,0.054054054054054,1
2022-06-10,P005,107.0,38.0,626689.0,2223593.0,42.0,91.42051626984127,70.15897222222222,25.0,24.0,2.0,0.0833333333333333,1
2022-06-10,P006,91.0,241.0,944328.0,210584.0,501.0,70.19104510857011,37.858063888888886,420.0,446.0,28.0,0.0627802690582959,1
2022-06-10,P007,13.0,0.0,1874.0,375083.0,2.0,129.9326375,129.9326375,1.0,53.0,12.0,0.2264150943396226,1
2022-06-10,P008,13.0,0.0,4068.0,1821398.0,7.0,46.00423214285714,33.362275000000004,6.0,558.0,376.0,0.6738351254480287,1
2022-06-10,P009,214.0,88.0,1653321.0,1384767.0,89.0,50.724696223470666,19.05900833333333,61.0,171.0,8.0,0.0467836257309941,1
2022-06-10,P010,1.0,3.0,0.0,80366.0,1.0,25.712127777777777,25.712127777777777,1.0,69.0,47.0,0.6811594202898551,1
2022-06-10,P011,29.0,3.0,37691.0,1454030.0,4.0,72.1935826388889,78.67083333333333,2.0,10.0,2.0,0.2,1
2022-06-17,P001,337.0,304.0,3181664.0,776403.0,287.0,51.895103807303805,30.7450125,237.0,97.0,14.0,0.1443298969072164,1
2022-06-17,P002,73.0,6.0,584195.0,845031.0,88.0,44.21899932448548,21.210052777777776,43.0,808.0,36.0,0.0445544554455445,1
2022-06-17,P003,15.0,0.0,126607.0,1060505.0,24.0,159.27525983796298,73.87282638888888,4.0,274.0,19.0,0.0693430656934306,1
2022-06-17,P004,520.0,345.0,2958465.0,2535074.0,566.0,38.68796613111707,24.51003888888889,413.0,925.0,50.0,0.054054054054054,1
2022-06-17,P005,98.0,53.0,549259.0,1802247.0,39.0,114.39628625356126,97.85320277777778,19.0,24.0,2.0,0.0833333333333333,1
2022-06-17,P006,111.0,288.0,2099415.0,277829.0,458.0,88.96006204551233,46.74493611111111,376.0,446.0,28.0,0.0627802690582959,1
2022-06-17,P007,9.0,0.0,16987.0,256856.0,1.0,37.155655555555555,37.155655555555555,0.0,53.0,12.0,0.2264150943396226,1
2022-06-17,P008,19.0,0.0,6656.0,3059382.0,12.0,22.69880763888889,15.386365277777779,7.0,558.0,376.0,0.6738351254480287,1
2022-06-17,P009,152.0,47.0,1827574.0,740167.0,90.0,42.87655598765432,18.589683333333333,62.0,171.0,8.0,0.0467836257309941,1
2022-06-17,P010,3.0,2.0,0.0,153205.0,3.0,6.824216666666666,6.9238888888888885,3.0,69.0,47.0,0.6811594202898551,1
2022-06-17,P011,30.0,3.0,352377.0,1401599.0,6.0,57.99336296296297,53.88320277777778,2.0,10.0,2.0,0.2,1
2022-06-24,P001,325.0,329.0,3373456.0,1194502.0,268.0,60.17530557636288,36.663805555555555,228.0,97.0,14.0,0.1443298969072164,1
2022-06-24,P002,66.0,5.0,776796.0,658311.0,99.0,35.31030260942761,16.23918611111111,55.0,808.0,36.0,0.0445544554455445,1
2022-06-24,P003,20.0,0.0,117295.0,2109221.0,29.0,162.55977911877392,69.68375555555555,5.0,274.0,19.0,0.0693430656934306,1
2022-06-24,P004,452.0,328.0,2894560.0,2361346.0,551.0,42.3346522833843,27.457836111111114,390.0,925.0,50.0,0.054054054054054,1
2022-06-24,P005,96.0,48.0,531934.0,2125231.0,56.0,98.2864011904762,63.25365138888889,21.0,24.0,2.0,0.0833333333333333,1
2022-06-24,P006,103.0,311.0,1461183.0,91782.0,488.0,77.96790054028659,36.731858333333335,400.0,446.0,28.0,0.0627802690582959,1
2022-06-24,P007,8.0,1.0,0.0,207632.0,0.0,,,0.0,53.0,12.0,0.2264150943396226,1
2022-06-24,P008,17.0,0.0,2587.0,2740827.0,8.0,22.491470486111112,8.57397222222222,3.0,558.0,376.0,0.6738351254480287,1
2022-06-24,P009,158.0,56.0,1658084.0,967408.0,88.0,46.633104577020205,23.84466388888889,69.0,171.0,8.0,0.0467836257309941,1
2022-06-24,P010,1.0,2.0,0.0,72839.0,0.0,,,0.0,69.0,47.0,0.6811594202898551,1
2022-06-24,P011,28.0,3.0,804603.0,1027227.0,7.0,138.73233095238098,114.50965833333332,3.0,10.0,2.0,0.2,1
2022-07-01,P001,310.0,322.0,2767074.0,654491.0,293.0,46.14682673492605,29.785566666666664,244.0,140.0,20.0,0.1428571428571428,1
2022-07-01,P002,61.0,2.0,775274.0,679501.0,75.0,42.638783634514816,21.587777777777777,42.0,756.0,24.0,0.0317460317460317,1
2022-07-01,P003,18.0,0.0,151851.0,1386870.0,24.0,124.24432731481481,55.306238888888885,8.0,275.0,15.0,0.0545454545454545,1
2022-07-01,P004,507.0,353.0,3232137.0,2402627.0,536.0,40.34921546052632,26.910601388888885,397.0,459.0,21.0,0.0457516339869281,1
2022-07-01,P005,92.0,41.0,662796.0,2112754.0,46.0,83.93727567901234,62.85857222222222,22.0,22.0,6.0,0.2727272727272727,1
2022-07-01,P006,117.0,290.0,1549228.0,324581.0,558.0,75.89024345609654,39.56935,475.0,244.0,14.0,0.0573770491803278,1
2022-07-01,P007,13.0,0.0,109110.0,475227.0,0.0,,,0.0,39.0,6.0,0.1538461538461538,1
2022-07-01,P008,18.0,0.0,4261.0,2586362.0,9.0,26.552399074074074,10.863666666666663,6.0,554.0,334.0,0.6028880866425993,1
2022-07-01,P009,98.0,40.0,538852.0,280373.0,88.0,42.63258380681818,22.771294444444443,61.0,15.0,0.0,0.0,1
2022-07-01,P010,3.0,0.0,0.0,243297.0,2.0,39.013730555555554,39.013730555555554,1.0,87.0,63.0,0.7241379310344828,1
2022-07-01,P011,32.0,6.0,374884.0,1656043.0,9.0,92.90292469135801,89.27428055555555,1.0,11.0,1.0,0.0909090909090909,1
2022-07-08,P001,312.0,322.0,2575042.0,753711.0,281.0,47.46010642546461,29.819636111111112,238.0,140.0,20.0,0.1428571428571428,1
2022-07-08,P002,74.0,7.0,1031045.0,860530.0,87.0,44.21105427841635,20.740722222222225,42.0,756.0,24.0,0.0317460317460317,1
2022-07-08,P003,14.0,0.0,0.0,1756105.0,24.0,125.35357407407407,77.50634444444445,3.0,275.0,15.0,0.0545454545454545,1
2022-07-08,P004,493.0,335.0,3346201.0,2435012.0,544.0,45.498129436229206,29.41475,410.0,459.0,21.0,0.0457516339869281,1
2022-07-08,P005,85.0,50.0,664457.0,1725353.0,40.0,126.94753958333334,68.47061111111111,15.0,22.0,6.0,0.2727272727272727,1
2022-07-08,P006,96.0,293.0,1392858.0,158204.0,486.0,97.14517197609001,46.15495277777778,411.0,244.0,14.0,0.0573770491803278,1
2022-07-08,P007,11.0,1.0,1874.0,479783.0,0.0,,,0.0,39.0,6.0,0.1538461538461538,1
2022-07-08,P008,18.0,0.0,0.0,2568993.0,7.0,23.21578015873016,14.754405555555556,5.0,554.0,334.0,0.6028880866425993,1
2022-07-08,P009,179.0,69.0,1442126.0,1451233.0,94.0,53.90575313238771,23.426519444444445,76.0,15.0,0.0,0.0,1
2022-07-08,P010,2.0,1.0,0.0,124189.0,4.0,58.02065069444444,36.00757361111111,2.0,87.0,63.0,0.7241379310344828,1
2022-07-08,P011,25.0,2.0,178070.0,979109.0,9.0,68.17619074074075,50.36932222222222,4.0,11.0,1.0,0.0909090909090909,1
2022-07-15,P001,341.0,323.0,3573914.0,1110853.0,290.0,49.27024188697318,29.868295833333335,247.0,140.0,20.0,0.1428571428571428,1
2022-07-15,P002,59.0,3.0,945115.0,570093.0,80.0,37.99603375426512,24.321677777777776,45.0,756.0,24.0,0.0317460317460317,1
2022-07-15,P003,16.0,0.0,257473.0,1556429.0,30.0,181.19438074074074,106.96722222222223,5.0,275.0,15.0,0.0545454545454545,1
2022-07-15,P004,476.0,331.0,3009707.0,2360390.0,518.0,42.516142346162205,30.07888888888889,386.0,459.0,21.0,0.0457516339869281,1
2022-07-15,P005,98.0,39.0,376674.0,1995533.0,50.0,116.86229988888888,61.55597222222222,24.0,22.0,6.0,0.2727272727272727,1
2022-07-15,P006,110.0,298.0,1606392.0,203694.0,492.0,83.74029518008476,42.08403611111111,403.0,244.0,14.0,0.0573770491803278,1
2022-07-15,P007,15.0,0.0,19447.0,530067.0,1.0,39.75168055555555,39.75168055555555,0.0,39.0,6.0,0.1538461538461538,1
2022-07-15,P008,19.0,0.0,2779.0,2932707.0,13.0,59.679215811965804,14.636333333333337,5.0,554.0,334.0,0.6028880866425993,1
2022-07-15,P009,122.0,23.0,1736748.0,973028.0,121.0,46.64065569329661,24.27777777777778,92.0,15.0,0.0,0.0,1
2022-07-15,P010,1.0,0.0,0.0,72839.0,5.0,37.96842777777778,7.127222222222223,5.0,87.0,63.0,0.7241379310344828,1
2022-07-15,P011,25.0,2.0,143957.0,1213874.0,5.0,76.47965833333333,48.55565,3.0,11.0,1.0,0.0909090909090909,1
2022-07-22,P001,347.0,309.0,3428374.0,1091302.0,284.0,51.958438615023475,31.411843055555558,238.0,140.0,20.0,0.1428571428571428,1
2022-07-22,P002,63.0,4.0,573432.0,874530.0,84.0,38.12762142857142,19.236756944444444,45.0,756.0,24.0,0.0317460317460317,1
2022-07-22,P003,16.0,0.0,189048.0,1560168.0,25.0,149.542482,92.30803333333331,7.0,275.0,15.0,0.0545454545454545,1
2022-07-22,P004,469.0,347.0,2663824.0,2123086.0,524.0,40.494975394193325,26.188166666666664,393.0,459.0,21.0,0.0457516339869281,1
2022-07-22,P005,101.0,54.0,442902.0,2198595.0,44.0,99.53030650252525,58.17882083333333,21.0,22.0,6.0,0.2727272727272727,1
2022-07-22,P006,122.0,284.0,1963927.0,181247.0,554.0,72.7306776837928,38.78091944444444,460.0,244.0,14.0,0.0573770491803278,1
2022-07-22,P007,13.0,1.0,62038.0,549361.0,0.0,,,0.0,39.0,6.0,0.1538461538461538,1
2022-07-22,P008,15.0,0.0,88263.0,2701045.0,14.0,23.582332936507935,9.267683333333334,8.0,554.0,334.0,0.6028880866425993,1
2022-07-22,P009,105.0,38.0,1892286.0,699336.0,97.0,39.84503064146621,19.43888888888889,76.0,15.0,0.0,0.0,1
2022-07-22,P010,2.0,0.0,0.0,133971.0,6.0,8.106371296296297,7.077083333333333,6.0,87.0,63.0,0.7241379310344828,1
2022-07-22,P011,32.0,3.0,716813.0,1279195.0,3.0,170.10389537037037,177.2875611111111,1.0,11.0,1.0,0.0909090909090909,1
2022-07-29,P001,313.0,315.0,2532613.0,751542.0,271.0,52.264127613168725,33.12755694444445,221.0,97.0,15.0,0.1546391752577319,1
2022-07-29,P002,60.0,4.0,665424.0,913063.0,74.0,53.51868434684685,22.77379722222222,30.0,988.0,17.0,0.0172064777327935,1
2022-07-29,P003,15.0,0.0,59393.0,1075515.0,19.0,111.88101372292485,56.39490277777777,6.0,254.0,13.0,0.0511811023622047,1
2022-07-29,P004,527.0,347.0,4048797.0,2672123.0,519.0,42.232092058886735,28.920616666666668,390.0,780.0,43.0,0.0551282051282051,1
2022-07-29,P005,105.0,44.0,622957.0,2307477.0,55.0,126.92747767676768,83.07055555555556,34.0,16.0,3.0,0.1875,1
2022-07-29,P006,118.0,279.0,650206.0,259520.0,547.0,78.3833051490515,34.83506944444444,468.0,405.0,41.0,0.1012345679012345,1
2022-07-29,P007,13.0,0.0,86189.0,367803.0,0.0,,,0.0,39.0,6.0,0.1538461538461538,1
2022-07-29,P008,18.0,0.0,5174.0,3178053.0,7.0,35.87361851851852,27.734761111111112,3.0,568.0,373.0,0.6566901408450704,1
2022-07-29,P009,122.0,47.0,1915142.0,793319.0,103.0,43.6544011596548,19.88305555555555,79.0,136.0,5.0,0.0367647058823529,1
2022-07-29,P010,5.0,0.0,0.0,226946.0,6.0,6.912043981481482,6.569643055555556,6.0,105.0,78.0,0.7428571428571429,1
2022-07-29,P011,31.0,2.0,300447.0,1499491.0,6.0,192.68519537037037,142.48730972222222,1.0,8.0,2.0,0.25,1
2022-08-05,P001,343.0,313.0,3073536.0,867487.0,284.0,51.067223650234745,34.586533333333335,247.0,97.0,15.0,0.1546391752577319,1
2022-08-05,P002,43.0,1.0,591377.0,495503.0,84.0,57.79513468915344,17.143863888888887,48.0,988.0,17.0,0.0172064777327935,1
2022-08-05,P003,14.0,0.0,38368.0,1530788.0,22.0,83.1548606060606,42.457676388888885,6.0,254.0,13.0,0.0511811023622047,1
2022-08-05,P004,508.0,351.0,4164870.0,2439109.0,562.0,48.48748644025533,30.540952777777775,423.0,780.0,43.0,0.0551282051282051,1
2022-08-05,P005,102.0,43.0,790757.0,2209310.0,43.0,123.9298576873385,64.55972222222222,21.0,16.0,3.0,0.1875,1
2022-08-05,P006,109.0,284.0,1425513.0,188011.0,519.0,71.9556663286004,36.76426111111111,446.0,405.0,41.0,0.1012345679012345,1
2022-08-05,P007,12.0,0.0,105614.0,348916.0,1.0,59.021036111111115,59.021036111111115,1.0,39.0,6.0,0.1538461538461538,1
2022-08-05,P008,16.0,0.0,2587.0,2851876.0,9.0,28.399585802469137,19.909444444444443,7.0,568.0,373.0,0.6566901408450704,1
2022-08-05,P009,117.0,39.0,756218.0,705943.0,91.0,42.16790302197802,16.823108333333334,67.0,136.0,5.0,0.0367647058823529,1
2022-08-05,P010,3.0,1.0,0.0,95230.0,9.0,11.637748456790124,6.145277777777777,9.0,105.0,78.0,0.7428571428571429,1
2022-08-05,P011,25.0,2.0,579353.0,848795.0,6.0,187.36752314814814,148.43190694444442,0.0,8.0,2.0,0.25,1
2022-08-12,P001,328.0,311.0,2854955.0,694605.0,294.0,52.92266091133942,34.149762499999994,239.0,97.0,15.0,0.1546391752577319,1
2022-08-12,P002,60.0,5.0,721647.0,929779.0,90.0,52.9037412345679,19.294375000000002,44.0,988.0,17.0,0.0172064777327935,1
2022-08-12,P003,15.0,1.0,192066.0,1536617.0,29.0,84.09972212643679,69.29677777777778,4.0,254.0,13.0,0.0511811023622047,1
2022-08-12,P004,487.0,355.0,2921918.0,2161523.0,561.0,45.0000092609216,28.63018611111111,414.0,780.0,43.0,0.0551282051282051,1
2022-08-12,P005,95.0,50.0,425437.0,2375624.0,45.0,107.78131179012345,62.80121944444445,24.0,16.0,3.0,0.1875,1
2022-08-12,P006,110.0,266.0,1880962.0,238674.0,538.0,70.58292477607165,35.674166666666665,456.0,405.0,41.0,0.1012345679012345,1
2022-08-12,P007,10.0,0.0,0.0,364281.0,1.0,54.772511111111115,54.772511111111115,1.0,39.0,6.0,0.1538461538461538,1
2022-08-12,P008,17.0,0.0,2587.0,2748055.0,10.0,69.60555027777778,11.150108333333332,6.0,568.0,373.0,0.6566901408450704,1
2022-08-12,P009,108.0,38.0,1143764.0,728557.0,97.0,41.03508087056128,24.87638888888889,68.0,136.0,5.0,0.0367647058823529,1
2022-08-12,P010,3.0,0.0,0.0,265688.0,4.0,15.737777777777778,8.483888888888888,4.0,105.0,78.0,0.7428571428571429,1
2022-08-12,P011,21.0,3.0,0.0,904435.0,3.0,210.00275,107.04583333333332,0.0,8.0,2.0,0.25,1
2022-08-19,P001,350.0,306.0,2692499.0,794025.0,273.0,50.5217707061457,33.54174722222222,231.0,97.0,15.0,0.1546391752577319,1
2022-08-19,P002,63.0,2.0,649852.0,743728.0,78.0,55.27814123931624,24.426415277777778,41.0,988.0,17.0,0.0172064777327935,1
2022-08-19,P003,17.0,0.0,89684.0,1786512.0,27.0,117.71047572016461,60.56194444444444,8.0,254.0,13.0,0.0511811023622047,1
2022-08-19,P004,476.0,371.0,2835142.0,2035391.0,551.0,44.70137879983809,28.85349166666667,414.0,780.0,43.0,0.0551282051282051,1
2022-08-19,P005,93.0,48.0,382038.0,2534998.0,51.0,115.19241328976035,84.89833333333333,27.0,16.0,3.0,0.1875,1
2022-08-19,P006,111.0,276.0,1058840.0,307172.0,551.0,82.57079036541322,34.431219444444444,468.0,405.0,41.0,0.1012345679012345,1
2022-08-19,P007,18.0,0.0,149073.0,723868.0,0.0,,,0.0,39.0,6.0,0.1538461538461538,1
2022-08-19,P008,18.0,0.0,1481.0,2755573.0,9.0,26.252929320987654,9.88861111111111,4.0,568.0,373.0,0.6566901408450704,1
2022-08-19,P009,101.0,37.0,895007.0,474715.0,82.0,46.75396819105691,25.60465416666667,58.0,136.0,5.0,0.0367647058823529,1
2022-08-19,P010,2.0,0.0,0.0,175596.0,4.0,7.376890972222222,7.34055,4.0,105.0,78.0,0.7428571428571429,1
2022-08-19,P011,28.0,3.0,69019.0,1313934.0,6.0,126.56884027777778,100.93924999999999,1.0,8.0,2.0,0.25,1
2022-08-26,P001,340.0,318.0,2818901.0,941434.0,277.0,50.77080789740471,30.967983333333336,241.0,97.0,15.0,0.1546391752577319,1
2022-08-26,P002,68.0,2.0,780911.0,965646.0,76.0,34.51657622222222,19.459455555555554,37.0,988.0,17.0,0.0172064777327935,1
2022-08-26,P003,16.0,0.0,125543.0,1670324.0,29.0,142.40689051724138,89.25277777777778,7.0,254.0,13.0,0.0511811023622047,1
2022-08-26,P004,478.0,346.0,3285683.0,1769639.0,529.0,39.84773291374548,28.10829722222222,404.0,780.0,43.0,0.0551282051282051,1
2022-08-26,P005,105.0,47.0,591373.0,2177469.0,46.0,98.744825,65.66638888888889,20.0,16.0,3.0,0.1875,1
2022-08-26,P006,117.0,279.0,1748938.0,304929.0,514.0,74.70941178724364,36.082230555555554,422.0,405.0,41.0,0.1012345679012345,1
2022-08-26,P007,13.0,0.0,31010.0,327833.0,3.0,40.144425000000005,41.97522777777778,2.0,39.0,6.0,0.1538461538461538,1
2022-08-26,P008,15.0,0.0,0.0,2622992.0,14.0,29.008307738095237,11.7384625,8.0,568.0,373.0,0.6566901408450704,1
2022-08-26,P009,137.0,45.0,1603353.0,834568.0,88.0,49.24921732954545,18.47262638888889,75.0,136.0,5.0,0.0367647058823529,1
2022-08-26,P010,4.0,0.0,0.0,185322.0,4.0,6.853629166666667,6.839048611111111,4.0,105.0,78.0,0.7428571428571429,1
2022-08-26,P011,24.0,5.0,301383.0,1055001.0,7.0,89.39775238095238,95.62083333333334,3.0,8.0,2.0,0.25,1
2022-09-02,P001,319.0,312.0,2957541.0,914396.0,280.0,51.13956505952381,30.366044444444448,235.0,136.0,20.0,0.1470588235294117,1
2022-09-02,P002,70.0,2.0,929959.0,606628.0,74.0,41.17415953453453,19.465463888888888,36.0,964.0,22.0,0.0228215767634854,1
2022-09-02,P003,17.0,0.0,71418.0,2207363.0,30.0,189.86224233716473,119.58298333333332,8.0,187.0,10.0,0.053475935828877,1
2022-09-02,P004,482.0,348.0,3668056.0,2428467.0,548.0,39.74135548929664,26.929436111111112,394.0,334.0,19.0,0.0568862275449101,1
2022-09-02,P005,102.0,42.0,458490.0,2280155.0,45.0,117.48930744949494,76.13443611111111,22.0,23.0,0.0,0.0,1
2022-09-02,P006,107.0,289.0,991052.0,159069.0,506.0,82.7976660632969,40.12234027777778,414.0,340.0,24.0,0.0705882352941176,1
2022-09-02,P007,10.0,0.0,132112.0,255871.0,3.0,305.19324537037033,316.83189722222227,0.0,34.0,6.0,0.1764705882352941,1
2022-09-02,P008,14.0,0.0,4068.0,2122471.0,12.0,51.33691967592592,38.815080555555554,5.0,574.0,367.0,0.6393728222996515,1
2022-09-02,P009,172.0,60.0,1798254.0,1091983.0,99.0,38.19902578563412,23.148566666666667,74.0,110.0,4.0,0.0363636363636363,1
2022-09-02,P010,2.0,0.0,0.0,133971.0,6.0,7.472384722222222,7.257777777777778,6.0,46.0,33.0,0.717391304347826,1
2022-09-02,P011,27.0,1.0,103118.0,1454715.0,10.0,204.3910675,156.37771666666666,2.0,5.0,0.0,0.0,1
2022-09-09,P001,310.0,305.0,2825783.0,701738.0,266.0,54.84623366750209,35.002809722222224,220.0,136.0,20.0,0.1470588235294117,1
2022-09-09,P002,63.0,7.0,761767.0,856219.0,95.0,48.047435490543734,19.222930555555557,47.0,964.0,22.0,0.0228215767634854,1
2022-09-09,P003,17.0,0.0,142670.0,1843408.0,26.0,154.99984311111112,56.04738611111111,3.0,187.0,10.0,0.053475935828877,1
2022-09-09,P004,510.0,348.0,4220441.0,2588940.0,534.0,38.96846946548822,27.46291666666667,389.0,334.0,19.0,0.0568862275449101,1
2022-09-09,P005,101.0,56.0,568142.0,2327969.0,44.0,113.5802889520202,63.88111111111111,22.0,23.0,0.0,0.0,1
2022-09-09,P006,79.0,262.0,655923.0,106004.0,514.0,65.70575630751964,37.70341944444444,438.0,340.0,24.0,0.0705882352941176,1
2022-09-09,P007,10.0,1.0,20688.0,295638.0,0.0,,,0.0,34.0,6.0,0.1764705882352941,1
2022-09-09,P008,14.0,0.0,6655.0,2617389.0,5.0,28.407114444444442,10.984166666666669,1.0,574.0,367.0,0.6393728222996515,1
2022-09-09,P009,81.0,38.0,553302.0,491615.0,103.0,41.48066618122978,24.871111111111112,70.0,110.0,4.0,0.0363636363636363,1
2022-09-09,P010,4.0,0.0,0.0,296878.0,3.0,7.692327777777778,7.226986111111112,3.0,46.0,33.0,0.717391304347826,1
2022-09-09,P011,24.0,3.0,462506.0,1185628.0,10.0,115.21004722222224,111.14760972222223,3.0,5.0,0.0,0.0,1
2022-09-16,P001,356.0,312.0,4711973.0,1043592.0,273.0,49.551341862139914,33.08197083333333,234.0,136.0,20.0,0.1470588235294117,1
2022-09-16,P002,62.0,4.0,1065479.0,822146.0,119.0,35.67763145773979,17.831666666666667,67.0,964.0,22.0,0.0228215767634854,1
2022-09-16,P003,15.0,0.0,132855.0,1350058.0,33.0,165.90573958333331,48.521249999999995,7.0,187.0,10.0,0.053475935828877,1
2022-09-16,P004,485.0,370.0,3473161.0,2625184.0,517.0,38.02875312973793,26.58944166666667,378.0,334.0,19.0,0.0568862275449101,1
2022-09-16,P005,92.0,47.0,499751.0,1857346.0,51.0,98.29392825351307,66.98027777777777,24.0,23.0,0.0,0.0,1
2022-09-16,P006,91.0,197.0,1395742.0,300218.0,446.0,96.08677277397261,45.00335833333334,384.0,340.0,24.0,0.0705882352941176,1
2022-09-16,P007,9.0,0.0,20171.0,299861.0,3.0,43.21544537037037,44.20444444444445,1.0,34.0,6.0,0.1764705882352941,1
2022-09-16,P008,14.0,0.0,0.0,3114975.0,13.0,52.03209316239316,34.86889166666666,4.0,574.0,367.0,0.6393728222996515,1
2022-09-16,P009,92.0,24.0,755100.0,461071.0,97.0,33.81157356815579,18.51958888888889,69.0,110.0,4.0,0.0363636363636363,1
2022-09-16,P010,1.0,0.0,0.0,38741.0,5.0,7.225993888888889,7.164136111111111,5.0,46.0,33.0,0.717391304347826,1
2022-09-16,P011,32.0,3.0,161989.0,1237274.0,6.0,181.9249953703704,133.2550486111111,2.0,5.0,0.0,0.0,1
2022-09-23,P001,320.0,295.0,2790323.0,1036866.0,279.0,50.144173755475904,32.00277777777778,237.0,136.0,20.0,0.1470588235294117,1
2022-09-23,P002,69.0,8.0,670796.0,924821.0,98.0,43.901725056689344,19.987605555555554,57.0,964.0,22.0,0.0228215767634854,1
2022-09-23,P003,14.0,0.0,69725.0,1461523.0,29.0,193.3730418888889,68.4036111111111,7.0,187.0,10.0,0.053475935828877,1
2022-09-23,P004,492.0,332.0,3830212.0,2478055.0,561.0,44.15749778273809,26.98626388888889,411.0,334.0,19.0,0.0568862275449101,1
2022-09-23,P005,96.0,45.0,520585.0,2030605.0,46.0,117.53251395061729,81.38004722222222,26.0,23.0,0.0,0.0,1
2022-09-23,P006,95.0,233.0,1606651.0,231186.0,420.0,90.30027483579639,45.561169444444445,354.0,340.0,24.0,0.0705882352941176,1
2022-09-23,P007,14.0,0.0,17024.0,448036.0,1.0,40.583575,40.583575,0.0,34.0,6.0,0.1764705882352941,1
2022-09-23,P008,15.0,0.0,5174.0,2492038.0,12.0,38.70146226851852,11.957361111111112,8.0,574.0,367.0,0.6393728222996515,1
2022-09-23,P009,107.0,32.0,1195022.0,360692.0,56.0,70.55355168650793,32.043365277777774,42.0,110.0,4.0,0.0363636363636363,1
2022-09-23,P010,2.0,0.0,0.0,133671.0,5.0,6.865091666666666,6.566086111111111,5.0,46.0,33.0,0.717391304347826,1
2022-09-23,P011,28.0,1.0,189408.0,1247591.0,5.0,61.49856444444445,53.326391666666666,3.0,5.0,0.0,0.0,1
2022-09-30,P001,306.0,317.0,3298905.0,1113284.0,259.0,54.69909022394487,34.167943055555554,219.0,107.0,15.0,0.1401869158878504,1
2022-09-30,P002,64.0,5.0,1035087.0,681309.0,90.0,36.99139518518518,19.01815,45.0,785.0,28.0,0.0356687898089171,1
2022-09-30,P003,18.0,0.0,39184.0,1466669.0,31.0,121.05387177419354,57.17275277777778,11.0,211.0,14.0,0.0663507109004739,1
2022-09-30,P004,497.0,337.0,2821675.0,2246349.0,510.0,43.13964395586298,25.02361111111111,397.0,638.0,34.0,0.0532915360501567,1
2022-09-30,P005,95.0,41.0,394759.0,2266121.0,46.0,115.74685398550724,77.24343611111112,20.0,26.0,7.0,0.2692307692307692,1
2022-09-30,P006,116.0,311.0,2128309.0,273579.0,417.0,87.48057261029412,43.33570972222222,347.0,266.0,27.0,0.1015037593984962,1
2022-09-30,P007,8.0,0.0,40955.0,276376.0,1.0,44.75,44.75,0.0,52.0,5.0,0.0961538461538461,1
2022-09-30,P008,16.0,0.0,4068.0,2595695.0,9.0,114.063737654321,60.764722222222225,4.0,485.0,272.0,0.5608247422680412,1
2022-09-30,P009,105.0,36.0,395939.0,1035499.0,98.0,32.6226003968254,20.581654166666667,75.0,150.0,4.0,0.0266666666666666,1
2022-09-30,P010,2.0,0.0,0.0,162931.0,4.0,6.735746527777778,6.761965277777778,4.0,96.0,76.0,0.7916666666666666,1
2022-09-30,P011,25.0,4.0,35731.0,807155.0,6.0,139.34270972222222,117.97569999999999,1.0,16.0,4.0,0.25,1
2022-10-07,P001,324.0,306.0,3091912.0,868152.0,274.0,48.99570769230769,35.116775,238.0,107.0,15.0,0.1401869158878504,1
2022-10-07,P002,57.0,8.0,640868.0,587863.0,100.0,33.482353479236814,16.92527777777778,50.0,785.0,28.0,0.0356687898089171,1
2022-10-07,P003,19.0,0.0,260396.0,1291432.0,30.0,162.45468745210727,72.77444444444444,6.0,211.0,14.0,0.0663507109004739,1
2022-10-07,P004,458.0,338.0,3067255.0,2429685.0,535.0,43.73063384502924,26.866554166666667,403.0,638.0,34.0,0.0532915360501567,1
2022-10-07,P005,91.0,48.0,553259.0,2174909.0,43.0,111.70388294573644,74.99480833333334,19.0,26.0,7.0,0.2692307692307692,1
2022-10-07,P006,107.0,297.0,1184371.0,430035.0,554.0,85.79359541536864,45.684102777777774,460.0,266.0,27.0,0.1015037593984962,1
2022-10-07,P007,12.0,0.0,1874.0,324890.0,2.0,33.02289722222223,33.02289722222223,1.0,52.0,5.0,0.0961538461538461,1
2022-10-07,P008,17.0,0.0,9242.0,2604242.0,10.0,64.28253944444444,20.480818055555556,4.0,485.0,272.0,0.5608247422680412,1
2022-10-07,P009,225.0,88.0,3438565.0,1360038.0,96.0,58.08889985532408,33.34988333333334,69.0,150.0,4.0,0.0266666666666666,1
2022-10-07,P010,1.0,0.0,0.0,80366.0,1.0,7.3052777777777775,7.3052777777777775,1.0,96.0,76.0,0.7916666666666666,1
2022-10-07,P011,30.0,3.0,110295.0,1105767.0,11.0,98.68892832136363,68.71888888888888,2.0,16.0,4.0,0.25,1
2022-10-14,P001,326.0,316.0,3415801.0,1221191.0,275.0,56.587699565656564,36.37700833333333,238.0,107.0,15.0,0.1401869158878504,1
2022-10-14,P002,62.0,1.0,909467.0,893658.0,118.0,30.675932909604523,15.396745833333334,65.0,785.0,28.0,0.0356687898089171,1
2022-10-14,P003,17.0,0.0,76050.0,1747691.0,28.0,180.09881121031748,64.62725833333334,6.0,211.0,14.0,0.0663507109004739,1
2022-10-14,P004,500.0,367.0,4115754.0,2528106.0,560.0,36.3986375,23.400752777777775,422.0,638.0,34.0,0.0532915360501567,1
2022-10-14,P005,107.0,56.0,625942.0,2133350.0,46.0,108.630164794686,59.83149027777778,24.0,26.0,7.0,0.2692307692307692,1
2022-10-14,P006,110.0,273.0,1806530.0,332776.0,562.0,73.26772556368068,37.47273055555555,478.0,266.0,27.0,0.1015037593984962,1
2022-10-14,P007,11.0,0.0,116438.0,304427.0,2.0,24.99611111111111,24.99611111111111,2.0,52.0,5.0,0.0961538461538461,1
2022-10-14,P008,16.0,0.0,1481.0,2596629.0,13.0,97.32163076923077,18.885280555555553,3.0,485.0,272.0,0.5608247422680412,1
2022-10-14,P009,109.0,38.0,1076382.0,535025.0,114.0,58.215677217348926,24.478729166666668,79.0,150.0,4.0,0.0266666666666666,1
2022-10-14,P010,2.0,1.0,0.0,170458.0,0.0,,,0.0,96.0,76.0,0.7916666666666666,1
2022-10-14,P011,30.0,2.0,211496.0,1187102.0,4.0,119.10656666666667,136.5125111111111,3.0,16.0,4.0,0.25,1
2022-10-21,P001,339.0,297.0,3911251.0,1079763.0,275.0,47.813982646464645,32.507777777777775,230.0,107.0,15.0,0.1401869158878504,1
2022-10-21,P002,61.0,4.0,619493.0,965226.0,87.0,36.80003365261814,17.592208333333332,40.0,785.0,28.0,0.0356687898089171,1
2022-10-21,P003,15.0,0.0,77108.0,1424938.0,33.0,164.5498512962963,63.943238888888885,9.0,211.0,14.0,0.0663507109004739,1
2022-10-21,P004,519.0,346.0,2687133.0,2223969.0,583.0,39.956634000191904,25.66650277777778,442.0,638.0,34.0,0.0532915360501567,1
2022-10-21,P005,98.0,45.0,547945.0,2162120.0,55.0,96.03626123737374,48.005180555555555,30.0,26.0,7.0,0.2692307692307692,1
2022-10-21,P006,115.0,243.0,2404302.0,311528.0,493.0,70.04526062978427,37.38021944444445,427.0,266.0,27.0,0.1015037593984962,1
2022-10-21,P007,16.0,0.0,102204.0,518415.0,2.0,37.18631944444444,37.18631944444444,1.0,52.0,5.0,0.0961538461538461,1
2022-10-21,P008,15.0,0.0,0.0,3251057.0,10.0,84.95794333333333,10.07481111111111,6.0,485.0,272.0,0.5608247422680412,1
2022-10-21,P009,125.0,36.0,1640753.0,622245.0,92.0,38.661500573671496,17.706498611111112,75.0,150.0,4.0,0.0266666666666666,1
2022-10-21,P010,2.0,1.0,0.0,170458.0,6.0,7.697591203703705,6.617308333333334,5.0,96.0,76.0,0.7916666666666666,1
2022-10-21,P011,25.0,1.0,18918.0,1031224.0,7.0,174.5340623015873,109.99666666666668,2.0,16.0,4.0,0.25,1
2022-10-28,P001,320.0,323.0,2970501.0,1262573.0,263.0,43.56273584706379,29.75611111111111,230.0,93.0,11.0,0.1182795698924731,1
2022-10-28,P002,61.0,7.0,886028.0,631064.0,92.0,38.2547117675,17.56426666666667,47.0,685.0,21.0,0.0306569343065693,1
2022-10-28,P003,20.0,0.0,154347.0,1783924.0,31.0,149.3433177777778,64.35112361111112,4.0,227.0,12.0,0.052863436123348,1
2022-10-28,P004,497.0,351.0,3380544.0,2287451.0,552.0,40.03224259427304,25.465525,404.0,995.0,76.0,0.0763819095477387,1
2022-10-28,P005,99.0,55.0,243160.0,2432347.0,45.0,107.75475283950618,60.840555555555554,20.0,19.0,3.0,0.1578947368421052,1
2022-10-28,P006,98.0,224.0,1267587.0,387224.0,458.0,81.59100394203999,40.62141111111111,397.0,336.0,24.0,0.0714285714285714,1
2022-10-28,P007,11.0,0.0,18774.0,407156.0,1.0,37.61759444444444,37.61759444444444,0.0,37.0,3.0,0.081081081081081,1
2022-10-28,P008,15.0,0.0,4068.0,2580533.0,5.0,15.611823333333334,10.436461111111113,2.0,546.0,316.0,0.5787545787545788,1
2022-10-28,P009,97.0,42.0,1001663.0,588078.0,90.0,48.79846972222223,24.095413888888885,57.0,146.0,6.0,0.0410958904109589,1
2022-10-28,P010,1.0,0.0,0.0,80366.0,7.0,8.369225396825396,7.320505555555555,6.0,60.0,52.0,0.8666666666666667,1
2022-10-28,P011,29.0,1.0,332506.0,1040881.0,2.0,172.80548333333334,172.80548333333334,0.0,10.0,1.0,0.1,1
2022-11-04,P001,319.0,313.0,3631673.0,1111315.0,288.0,48.06274537940379,31.5925,248.0,93.0,11.0,0.1182795698924731,1
2022-11-04,P002,61.0,5.0,813574.0,964471.0,89.0,40.33538841540404,21.043683333333334,47.0,685.0,21.0,0.0306569343065693,1
2022-11-04,P003,12.0,0.0,67231.0,1281859.0,27.0,150.0146533950617,46.97560277777778,8.0,227.0,12.0,0.052863436123348,1
2022-11-04,P004,452.0,348.0,3697979.0,2415608.0,584.0,36.87157679665706,24.585791666666665,449.0,995.0,76.0,0.0763819095477387,1
2022-11-04,P005,85.0,42.0,331167.0,2274165.0,54.0,91.61922818930042,55.334429166666666,28.0,19.0,3.0,0.1578947368421052,1
2022-11-04,P006,134.0,284.0,1849343.0,447350.0,423.0,78.05900826280994,43.05188888888889,354.0,336.0,24.0,0.0714285714285714,1
2022-11-04,P007,10.0,0.0,164706.0,269675.0,1.0,41.767574999999994,41.767574999999994,0.0,37.0,3.0,0.081081081081081,1
2022-11-04,P008,19.0,1.0,5174.0,2764348.0,13.0,96.35136944444444,38.51954722222222,5.0,546.0,316.0,0.5787545787545788,1
2022-11-04,P009,81.0,33.0,388510.0,596705.0,93.0,40.1241256869773,20.944444444444443,59.0,146.0,6.0,0.0410958904109589,1
2022-11-04,P010,0.0,0.0,0.0,0.0,6.0,8.825177777777776,6.505138888888888,6.0,60.0,52.0,0.8666666666666667,1
2022-11-04,P011,30.0,1.0,29136.0,1118144.0,3.0,64.28697222222222,46.66583333333333,1.0,10.0,1.0,0.1,1
2022-11-11,P001,325.0,302.0,3031014.0,1185644.0,285.0,45.35012383625731,31.586388888888887,237.0,93.0,11.0,0.1182795698924731,1
2022-11-11,P002,60.0,3.0,790327.0,769144.0,104.0,39.10428921568628,18.636527777777776,50.0,685.0,21.0,0.0306569343065693,1
2022-11-11,P003,13.0,0.0,121058.0,1376824.0,30.0,148.75726851851852,64.39097222222222,8.0,227.0,12.0,0.052863436123348,1
2022-11-11,P004,490.0,354.0,2983424.0,2487391.0,587.0,39.734479727490424,24.335833333333333,446.0,995.0,76.0,0.0763819095477387,1
2022-11-11,P005,102.0,52.0,470396.0,2291026.0,42.0,88.098300489418,64.82258708333333,24.0,19.0,3.0,0.1578947368421052,1
2022-11-11,P006,125.0,283.0,1530417.0,448754.0,508.0,65.60648510882017,35.071666666666665,434.0,336.0,24.0,0.0714285714285714,1
2022-11-11,P007,8.0,1.0,1874.0,323295.0,1.0,31.088333333333335,31.088333333333335,1.0,37.0,3.0,0.081081081081081,1
2022-11-11,P008,12.0,0.0,2587.0,1783760.0,10.0,89.37397222222222,48.74041666666667,5.0,546.0,316.0,0.5787545787545788,1
2022-11-11,P009,85.0,35.0,623893.0,594467.0,105.0,40.824825396825396,25.74277777777778,79.0,146.0,6.0,0.0410958904109589,1
2022-11-11,P010,1.0,1.0,0.0,80366.0,5.0,6.045277777777778,6.618611111111111,5.0,60.0,52.0,0.8666666666666667,1
2022-11-11,P011,22.0,2.0,130840.0,727435.0,4.0,153.95472222222222,154.16597222222222,2.0,10.0,1.0,0.1,1
2022-11-18,P001,305.0,310.0,2829507.0,941778.0,272.0,51.51051844341564,32.310173750000004,225.0,93.0,11.0,0.1182795698924731,1
2022-11-18,P002,56.0,5.0,700445.0,746080.0,98.0,33.93563775510204,16.24583333333333,47.0,685.0,21.0,0.0306569343065693,1
2022-11-18,P003,17.0,0.0,184824.0,1479770.0,32.0,167.45301075268816,60.510555555555555,4.0,227.0,12.0,0.052863436123348,1
2022-11-18,P004,495.0,351.0,3372474.0,2358741.0,549.0,41.7584845940171,25.396250000000002,412.0,995.0,76.0,0.0763819095477387,1
2022-11-18,P005,89.0,47.0,282797.0,2377501.0,53.0,74.5013391457023,59.76611111111111,31.0,19.0,3.0,0.1578947368421052,1
2022-11-18,P006,139.0,280.0,1982375.0,475236.0,463.0,62.11142113095239,34.25375,382.0,336.0,24.0,0.0714285714285714,1
2022-11-18,P007,6.0,0.0,34525.0,149202.0,0.0,,,0.0,37.0,3.0,0.081081081081081,1
2022-11-18,P008,20.0,0.0,17195.0,3230731.0,6.0,84.0599537037037,85.38583333333334,2.0,546.0,316.0,0.5787545787545788,1
2022-11-18,P009,76.0,23.0,411184.0,405081.0,94.0,40.16457446808511,20.39986111111111,71.0,146.0,6.0,0.0410958904109589,1
2022-11-18,P010,1.0,0.0,0.0,51350.0,3.0,15.887037037037038,11.895,2.0,60.0,52.0,0.8666666666666667,1
2022-11-18,P011,27.0,1.0,45990.0,1396780.0,4.0,101.77826388888889,91.27555555555556,3.0,10.0,1.0,0.1,1
2022-11-25,P001,317.0,296.0,2850496.0,868940.0,267.0,44.73380599206349,28.802243194444443,223.0,93.0,11.0,0.1182795698924731,1
2022-11-25,P002,56.0,8.0,714300.0,584423.0,102.0,32.81828888888889,18.61875,46.0,685.0,21.0,0.0306569343065693,1
2022-11-25,P003,10.0,0.0,25225.0,815397.0,25.0,144.91207175925925,47.182500000000005,6.0,227.0,12.0,0.052863436123348,1
2022-11-25,P004,529.0,358.0,2846223.0,2751601.0,560.0,37.20030182816538,23.727222222222224,406.0,995.0,76.0,0.0763819095477387,1
2022-11-25,P005,85.0,39.0,326964.0,2133623.0,49.0,88.454664138322,60.451388888888886,28.0,19.0,3.0,0.1578947368421052,1
2022-11-25,P006,127.0,290.0,1420678.0,449780.0,488.0,56.121512149091764,36.49027777777778,403.0,336.0,24.0,0.0714285714285714,1
2022-11-25,P007,6.0,1.0,1874.0,213298.0,3.0,23.28935185185185,31.273888888888887,3.0,37.0,3.0,0.081081081081081,1
2022-11-25,P008,14.0,0.0,15522.0,2806608.0,10.0,61.59975000000001,41.31513888888889,3.0,546.0,316.0,0.5787545787545788,1
2022-11-25,P009,74.0,29.0,889885.0,512163.0,97.0,42.57556701030928,14.275555555555556,72.0,146.0,6.0,0.0410958904109589,1
2022-11-25,P010,0.0,1.0,0.0,0.0,2.0,43.594861111111115,43.594861111111115,2.0,60.0,52.0,0.8666666666666667,1
2022-11-25,P011,21.0,1.0,145552.0,1276705.0,6.0,75.13194444444444,48.90291666666667,3.0,10.0,1.0,0.1,1
2022-12-02,P001,315.0,317.0,3499593.0,885413.0,274.0,48.71538730738037,33.36152777777778,231.0,138.0,20.0,0.144927536231884,1
2022-12-02,P002,58.0,3.0,555736.0,912629.0,96.0,26.410669590643273,18.471944444444443,48.0,820.0,42.0,0.0512195121951219,1
2022-12-02,P003,11.0,0.0,20798.0,1123191.0,26.0,96.87438034188034,61.79944444444445,5.0,261.0,16.0,0.0613026819923371,1
2022-12-02,P004,494.0,375.0,3125544.0,2209851.0,551.0,39.43336089985781,25.504722222222224,397.0,590.0,36.0,0.0610169491525423,1
2022-12-02,P005,84.0,37.0,239514.0,2584614.0,38.0,127.11559796783625,55.63138888888889,17.0,28.0,10.0,0.3571428571428571,1
2022-12-02,P006,120.0,291.0,1563692.0,642677.0,488.0,63.91827730596839,34.04277777777778,410.0,251.0,20.0,0.0796812749003984,1
2022-12-02,P007,10.0,0.0,161143.0,261795.0,1.0,60.63,60.63,0.0,39.0,9.0,0.2307692307692307,1
2022-12-02,P008,20.0,0.0,9242.0,3018866.0,16.0,179.52380208333332,138.10597222222222,6.0,572.0,362.0,0.6328671328671329,1
2022-12-02,P009,98.0,31.0,1085226.0,657693.0,87.0,40.37683908045977,23.3625,62.0,176.0,8.0,0.0454545454545454,1
2022-12-02,P010,0.0,1.0,0.0,0.0,2.0,39.36055555555556,39.36055555555556,0.0,96.0,71.0,0.7395833333333334,1
2022-12-02,P011,23.0,2.0,387047.0,1438686.0,8.0,105.57642361111111,91.82416666666666,2.0,8.0,3.0,0.375,1
2022-12-09,P001,313.0,312.0,2884818.0,795041.0,284.0,44.2902334854731,28.45022305555555,240.0,138.0,20.0,0.144927536231884,1
2022-12-09,P002,70.0,5.0,687140.0,871164.0,82.0,41.37515921409214,21.2175,44.0,820.0,42.0,0.0512195121951219,1
2022-12-09,P003,19.0,0.0,256801.0,1732350.0,32.0,99.80585069444444,51.89319444444445,9.0,261.0,16.0,0.0613026819923371,1
2022-12-09,P004,529.0,361.0,3946202.0,2402472.0,574.0,37.88370466725044,25.141944444444444,436.0,590.0,36.0,0.0610169491525423,1
2022-12-09,P005,97.0,49.0,680713.0,2396551.0,36.0,115.78727385802469,61.95722222222222,26.0,28.0,10.0,0.3571428571428571,1
2022-12-09,P006,100.0,247.0,1518179.0,355806.0,509.0,63.56291553287982,34.3075,423.0,251.0,20.0,0.0796812749003984,1
2022-12-09,P007,6.0,0.0,1874.0,154908.0,2.0,30.803055555555552,30.803055555555552,2.0,39.0,9.0,0.2307692307692307,1
2022-12-09,P008,16.0,0.0,7761.0,2539432.0,10.0,14.781972222222223,7.8469444444444445,7.0,572.0,362.0,0.6328671328671329,1
2022-12-09,P009,77.0,15.0,800830.0,375283.0,108.0,46.88064557613169,20.01361111111111,78.0,176.0,8.0,0.0454545454545454,1
2022-12-09,P010,3.0,0.0,0.0,80366.0,4.0,16.385555555555555,11.289444444444445,4.0,96.0,71.0,0.7395833333333334,1
2022-12-09,P011,25.0,2.0,200074.0,955610.0,6.0,90.17134259259258,53.595416666666665,3.0,8.0,3.0,0.375,1
2022-12-16,P001,309.0,312.0,2927396.0,716122.0,271.0,42.53463673868313,29.455833333333334,222.0,138.0,20.0,0.144927536231884,1
2022-12-16,P002,58.0,6.0,841059.0,702619.0,92.0,34.729033816425115,18.99458333333333,44.0,820.0,42.0,0.0512195121951219,1
2022-12-16,P003,11.0,0.0,126930.0,1036591.0,26.0,130.42377879273505,66.64722222222223,5.0,261.0,16.0,0.0613026819923371,1
2022-12-16,P004,488.0,363.0,3871019.0,2312432.0,553.0,35.970925030413625,25.78013888888889,407.0,590.0,36.0,0.0610169491525423,1
2022-12-16,P005,73.0,37.0,261637.0,1890658.0,45.0,88.90326644444444,62.80722222222222,23.0,28.0,10.0,0.3571428571428571,1
2022-12-16,P006,124.0,283.0,1636233.0,252079.0,465.0,71.52288156288157,39.26027777777778,399.0,251.0,20.0,0.0796812749003984,1
2022-12-16,P007,8.0,0.0,4806.0,229378.0,0.0,,,0.0,39.0,9.0,0.2307692307692307,1
2022-12-16,P008,16.0,0.0,6847.0,2745842.0,14.0,57.33813492063492,13.463472222222222,9.0,572.0,362.0,0.6328671328671329,1
2022-12-16,P009,77.0,26.0,401709.0,422990.0,91.0,37.37115740740741,23.86902777777778,73.0,176.0,8.0,0.0454545454545454,1
2022-12-16,P010,1.0,0.0,0.0,80366.0,1.0,6.177777777777778,6.177777777777778,1.0,96.0,71.0,0.7395833333333334,1
2022-12-16,P011,27.0,1.0,215845.0,1017963.0,6.0,43.875601851851854,44.128194444444446,3.0,8.0,3.0,0.375,1
2022-12-23,P001,352.0,296.0,3072269.0,1118334.0,286.0,46.84741713157894,33.42472222222222,248.0,138.0,20.0,0.144927536231884,1
2022-12-23,P002,59.0,3.0,754144.0,582284.0,95.0,25.504520467836258,17.700277777777778,43.0,820.0,42.0,0.0512195121951219,1
2022-12-23,P003,11.0,0.0,93077.0,926859.0,29.0,52.66666666666667,46.594722222222224,8.0,261.0,16.0,0.0613026819923371,1
2022-12-23,P004,530.0,351.0,3475557.0,2781895.0,536.0,37.501930332602335,24.78333333333333,381.0,590.0,36.0,0.0610169491525423,1
2022-12-23,P005,96.0,56.0,462668.0,2196444.0,37.0,98.83194444444445,73.54555555555555,16.0,28.0,10.0,0.3571428571428571,1
2022-12-23,P006,125.0,293.0,1639470.0,330514.0,489.0,59.92871740662438,35.96666666666667,406.0,251.0,20.0,0.0796812749003984,1
2022-12-23,P007,9.0,1.0,3748.0,330425.0,3.0,95.4197222222222,57.501666666666665,0.0,39.0,9.0,0.2307692307692307,1
2022-12-23,P008,15.0,0.0,12935.0,2476710.0,15.0,107.07498148148147,52.505,3.0,572.0,362.0,0.6328671328671329,1
2022-12-23,P009,76.0,30.0,475580.0,268733.0,97.0,39.90141466208477,12.725833333333334,73.0,176.0,8.0,0.0454545454545454,1
2022-12-23,P010,1.0,0.0,0.0,72839.0,0.0,,,0.0,96.0,71.0,0.7395833333333334,1
2022-12-23,P011,19.0,2.0,182470.0,916046.0,9.0,131.0814814814815,99.44111111111113,2.0,8.0,3.0,0.375,1
2022-12-30,P001,317.0,301.0,2784644.0,1052417.0,269.0,54.73311684769039,35.41416666666667,227.0,107.0,11.0,0.102803738317757,1
2022-12-30,P002,60.0,6.0,509963.0,779713.0,102.0,46.398308823529405,22.264166666666668,54.0,710.0,26.0,0.0366197183098591,1
2022-12-30,P003,14.0,0.0,162606.0,1202357.0,20.0,71.681875,45.94097222222222,5.0,195.0,20.0,0.1025641025641025,1
2022-12-30,P004,461.0,368.0,3555217.0,2126648.0,577.0,37.836311214188925,23.87625,425.0,982.0,69.0,0.070264765784114,1
2022-12-30,P005,92.0,47.0,567639.0,2452873.0,53.0,84.44625447589098,52.11527777777778,33.0,17.0,4.0,0.2352941176470588,1
2022-12-30,P006,66.0,216.0,1127354.0,131717.0,492.0,69.10473954723955,39.45194444444444,405.0,392.0,30.0,0.0765306122448979,1
2022-12-30,P007,8.0,0.0,3748.0,296477.0,1.0,58.18527777777778,58.18527777777778,1.0,34.0,7.0,0.2058823529411764,1
2022-12-30,P008,14.0,1.0,11830.0,2573950.0,7.0,50.15420634920635,11.805833333333334,3.0,475.0,284.0,0.5978947368421053,1
2022-12-30,P009,69.0,31.0,643458.0,410972.0,94.0,38.827374551971324,18.220277777777778,65.0,111.0,7.0,0.063063063063063,1
2022-12-30,P010,2.0,0.0,0.0,72839.0,2.0,12.712916666666667,12.712916666666667,2.0,61.0,46.0,0.7540983606557377,1
2022-12-30,P011,22.0,2.0,83159.0,703851.0,10.0,100.73963888888889,44.73638888888889,2.0,13.0,2.0,0.1538461538461538,1
2023-01-06,P001,321.0,227.0,2790022.0,761506.0,270.0,54.14654699626866,30.459778194444446,224.0,107.0,11.0,0.102803738317757,1
2023-01-06,P002,75.0,10.0,883523.0,652608.0,114.0,39.54221978557505,20.632083333333334,59.0,710.0,26.0,0.0366197183098591,1
2023-01-06,P003,8.0,0.0,91261.0,736175.0,36.0,79.24662698412698,41.37361111111111,8.0,195.0,20.0,0.1025641025641025,1
2023-01-06,P004,487.0,356.0,3280721.0,2104830.0,540.0,35.42919185236625,24.057916666666664,398.0,982.0,69.0,0.070264765784114,1
2023-01-06,P005,85.0,46.0,334035.0,2155370.0,46.0,113.11953503019323,100.0638888888889,23.0,17.0,4.0,0.2352941176470588,1
2023-01-06,P006,149.0,300.0,2157517.0,409608.0,421.0,77.23930521262002,43.433055555555555,342.0,392.0,30.0,0.0765306122448979,1
2023-01-06,P007,9.0,0.0,39323.0,200180.0,3.0,26.13712962962963,27.86277777777778,2.0,34.0,7.0,0.2058823529411764,1
2023-01-06,P008,14.0,0.0,6655.0,2528098.0,18.0,31.83827160493827,12.651250000000001,9.0,475.0,284.0,0.5978947368421053,1
2023-01-06,P009,79.0,29.0,932172.0,703873.0,89.0,45.446257802746565,23.558333333333337,63.0,111.0,7.0,0.063063063063063,1
2023-01-06,P010,3.0,0.0,0.0,103750.0,3.0,50.74462962962963,6.065833333333333,3.0,61.0,46.0,0.7540983606557377,1
2023-01-06,P011,30.0,2.0,472936.0,1746805.0,4.0,26.037569444444443,19.27861111111111,4.0,13.0,2.0,0.1538461538461538,1
2023-01-13,P001,301.0,255.0,3242110.0,733360.0,188.0,67.29436339391253,52.531666666666666,167.0,107.0,11.0,0.102803738317757,1
2023-01-13,P002,58.0,4.0,759964.0,506312.0,90.0,39.37921913580247,16.19027777777778,49.0,710.0,26.0,0.0366197183098591,1
2023-01-13,P003,10.0,0.0,154335.0,953746.0,28.0,99.37925555555556,56.32277777777778,4.0,195.0,20.0,0.1025641025641025,1
2023-01-13,P004,507.0,359.0,3991258.0,2402720.0,557.0,35.9580873485306,24.120416666666664,405.0,982.0,69.0,0.070264765784114,1
2023-01-13,P005,81.0,46.0,527922.0,2167848.0,44.0,141.0571319121447,80.78,22.0,17.0,4.0,0.2352941176470588,1
2023-01-13,P006,125.0,318.0,2126659.0,227955.0,491.0,64.25531287175826,35.53,407.0,392.0,30.0,0.0765306122448979,1
2023-01-13,P007,9.0,0.0,104195.0,241570.0,2.0,53.37222222222222,53.37222222222222,1.0,34.0,7.0,0.2058823529411764,1
2023-01-13,P008,12.0,0.0,5174.0,2178695.0,13.0,29.791944444444443,7.115,5.0,475.0,284.0,0.5978947368421053,1
2023-01-13,P009,85.0,21.0,426781.0,347811.0,97.0,47.396156930126004,23.227777777777774,70.0,111.0,7.0,0.063063063063063,1
2023-01-13,P010,2.0,0.0,0.0,115404.0,1.0,117.15138888888887,117.15138888888887,1.0,61.0,46.0,0.7540983606557377,1
2023-01-13,P011,23.0,3.0,669402.0,1012387.0,9.0,56.62996913580247,51.77194444444444,2.0,13.0,2.0,0.1538461538461538,1
2023-01-20,P001,300.0,277.0,3348529.0,765499.0,233.0,57.679383650453026,34.15416666666667,192.0,107.0,11.0,0.102803738317757,1
2023-01-20,P002,47.0,7.0,488245.0,550704.0,117.0,46.897659420289855,18.24361111111111,57.0,710.0,26.0,0.0366197183098591,1
2023-01-20,P003,11.0,0.0,140900.0,474271.0,26.0,143.20748931623933,63.00791666666667,4.0,195.0,20.0,0.1025641025641025,1
2023-01-20,P004,507.0,383.0,3689700.0,2393690.0,559.0,41.234669802802806,24.39527777777778,407.0,982.0,69.0,0.070264765784114,1
2023-01-20,P005,105.0,45.0,397892.0,2243236.0,47.0,89.0394621749409,48.82555555555555,26.0,17.0,4.0,0.2352941176470588,1
2023-01-20,P006,129.0,287.0,2174942.0,291655.0,482.0,78.40762767812656,37.85666666666666,380.0,392.0,30.0,0.0765306122448979,1
2023-01-20,P007,14.0,2.0,174146.0,349075.0,0.0,,,0.0,34.0,7.0,0.2058823529411764,1
2023-01-20,P008,8.0,0.0,2962.0,1811532.0,8.0,56.67444444444445,12.314861111111114,2.0,475.0,284.0,0.5978947368421053,1
2023-01-20,P009,96.0,36.0,732072.0,605263.0,110.0,29.180330808080807,14.539722222222224,91.0,111.0,7.0,0.063063063063063,1
2023-01-20,P010,3.0,0.0,0.0,147289.0,3.0,86.16703703703705,7.094166666666666,3.0,61.0,46.0,0.7540983606557377,1
2023-01-20,P011,31.0,0.0,699259.0,1435902.0,7.0,68.59551587301588,48.07388888888889,3.0,13.0,2.0,0.1538461538461538,1
2023-01-27,P001,318.0,287.0,3168432.0,999724.0,239.0,48.88991713352008,33.060694444444444,203.0,107.0,11.0,0.102803738317757,1
2023-01-27,P002,66.0,9.0,997843.0,620968.0,100.0,46.612166666666674,21.276250000000005,55.0,710.0,26.0,0.0366197183098591,1
2023-01-27,P003,11.0,0.0,130993.0,1199497.0,32.0,101.64387962962964,39.2725,9.0,195.0,20.0,0.1025641025641025,1
2023-01-27,P004,518.0,357.0,2982202.0,2615868.0,610.0,35.41186664836171,24.352222222222224,444.0,982.0,69.0,0.070264765784114,1
2023-01-27,P005,105.0,44.0,712120.0,2409459.0,43.0,103.9721834625323,64.65611111111112,19.0,17.0,4.0,0.2352941176470588,1
2023-01-27,P006,107.0,291.0,1018239.0,234865.0,426.0,127.68731060606062,42.88263888888889,347.0,392.0,30.0,0.0765306122448979,1
2023-01-27,P007,7.0,0.0,18861.0,305030.0,1.0,12.669166666666667,12.669166666666667,1.0,34.0,7.0,0.2058823529411764,1
2023-01-27,P008,8.0,0.0,1481.0,1580278.0,14.0,17.022222222222222,13.574027777777777,8.0,475.0,284.0,0.5978947368421053,1
2023-01-27,P009,80.0,20.0,966062.0,437670.0,99.0,37.01840067340068,20.2425,74.0,111.0,7.0,0.063063063063063,1
2023-01-27,P010,2.0,0.0,0.0,153205.0,1.0,6.2025,6.2025,1.0,61.0,46.0,0.7540983606557377,1
2023-01-27,P011,17.0,5.0,126212.0,1075812.0,7.0,58.16380952380952,23.754722222222224,6.0,13.0,2.0,0.1538461538461538,1
2023-02-03,P001,341.0,318.0,2645774.0,1260927.0,254.0,48.72233970136144,30.644166666666667,216.0,93.0,15.0,0.1612903225806451,1
2023-02-03,P002,57.0,6.0,715098.0,664912.0,112.0,44.36032986111111,21.12027777777778,64.0,820.0,35.0,0.0426829268292682,1
2023-02-03,P003,8.0,0.0,34112.0,785357.0,24.0,66.66662037037037,63.10069444444444,6.0,261.0,25.0,0.0957854406130268,1
2023-02-03,P004,476.0,352.0,3172530.0,2387656.0,589.0,36.76352498580352,22.95916666666667,428.0,618.0,46.0,0.0744336569579288,1
2023-02-03,P005,88.0,39.0,567500.0,2132142.0,45.0,94.91368518518519,51.79555555555555,27.0,14.0,2.0,0.1428571428571428,1
2023-02-03,P006,83.0,237.0,1588553.0,297441.0,331.0,129.12908026755852,43.17111111111111,256.0,193.0,11.0,0.0569948186528497,1
2023-02-03,P007,8.0,0.0,5622.0,257199.0,3.0,64.63722222222222,61.26805555555555,2.0,41.0,9.0,0.2195121951219512,1
2023-02-03,P008,17.0,0.0,5174.0,3500653.0,14.0,44.70073412698413,19.269305555555558,7.0,524.0,266.0,0.5076335877862596,1
2023-02-03,P009,80.0,22.0,698046.0,470905.0,102.0,57.77859204793028,22.480416666666667,73.0,154.0,9.0,0.0584415584415584,1
2023-02-03,P010,5.0,0.0,0.0,320824.0,5.0,55.36688888888889,48.425555555555555,3.0,78.0,66.0,0.8461538461538461,1
2023-02-03,P011,21.0,0.0,70240.0,698430.0,11.0,108.93636363636364,121.7675,3.0,11.0,2.0,0.1818181818181818,1
2023-02-10,P001,297.0,312.0,3050819.0,1381860.0,280.0,45.34193353174604,30.12611111111111,241.0,93.0,15.0,0.1612903225806451,1
2023-02-10,P002,47.0,5.0,593695.0,517852.0,84.0,52.55282076719577,22.40611111111111,42.0,820.0,35.0,0.0426829268292682,1
2023-02-10,P003,16.0,0.0,142593.0,1888919.0,36.0,104.50056327160493,74.20430555555555,8.0,261.0,25.0,0.0957854406130268,1
2023-02-10,P004,524.0,374.0,3121092.0,2591760.0,570.0,42.33421378091873,24.488611111111112,423.0,618.0,46.0,0.0744336569579288,1
2023-02-10,P005,91.0,45.0,702106.0,1946234.0,39.0,77.39570512820512,65.05444444444444,19.0,14.0,2.0,0.1428571428571428,1
2023-02-10,P006,127.0,237.0,1301962.0,292834.0,198.0,98.34216114019779,44.66305555555556,137.0,193.0,11.0,0.0569948186528497,1
2023-02-10,P007,11.0,0.0,160350.0,256621.0,1.0,31.259444444444444,31.259444444444444,1.0,41.0,9.0,0.2195121951219512,1
2023-02-10,P008,13.0,0.0,136564.0,1594575.0,15.0,37.29598148148148,17.33416666666667,7.0,524.0,266.0,0.5076335877862596,1
2023-02-10,P009,81.0,32.0,1130461.0,470122.0,77.0,50.994148629148626,17.68888888888889,48.0,154.0,9.0,0.0584415584415584,1
2023-02-10,P010,4.0,0.0,0.0,261082.0,3.0,80.18453703703703,6.277222222222222,2.0,78.0,66.0,0.8461538461538461,1
2023-02-10,P011,24.0,1.0,126660.0,778781.0,9.0,20.898518518518518,12.585,4.0,11.0,2.0,0.1818181818181818,1
2023-02-17,P001,312.0,315.0,3688048.0,923599.0,263.0,45.632223282442745,31.7075,217.0,93.0,15.0,0.1612903225806451,1
2023-02-17,P002,49.0,6.0,534099.0,644777.0,98.0,48.25521764032073,19.210555555555555,54.0,820.0,35.0,0.0426829268292682,1
2023-02-17,P003,16.0,0.0,195023.0,1458179.0,25.0,70.90471111111111,31.29111111111111,6.0,261.0,25.0,0.0957854406130268,1
2023-02-17,P004,544.0,369.0,3535108.0,2845615.0,591.0,39.95429941421013,24.52277777777778,439.0,618.0,46.0,0.0744336569579288,1
2023-02-17,P005,91.0,40.0,275656.0,2115560.0,43.0,89.33285052910053,52.56527777777778,26.0,14.0,2.0,0.1428571428571428,1
2023-02-17,P006,122.0,255.0,1471446.0,339377.0,281.0,94.01782510288065,36.70222222222222,217.0,193.0,11.0,0.0569948186528497,1
2023-02-17,P007,16.0,0.0,158702.0,466934.0,1.0,38.314166666666665,38.314166666666665,1.0,41.0,9.0,0.2195121951219512,1
2023-02-17,P008,14.0,0.0,2587.0,2163754.0,14.0,53.54535714285714,19.521388888888886,8.0,524.0,266.0,0.5076335877862596,1
2023-02-17,P009,97.0,41.0,1289787.0,524350.0,113.0,41.11853982300885,16.918055555555554,80.0,154.0,9.0,0.0584415584415584,1
2023-02-17,P010,4.0,1.0,0.0,239349.0,2.0,268.90305555555557,268.90305555555557,2.0,78.0,66.0,0.8461538461538461,1
2023-02-17,P011,23.0,1.0,109323.0,881269.0,10.0,67.07302777777777,56.33444444444444,4.0,11.0,2.0,0.1818181818181818,1
2023-02-24,P001,334.0,316.0,3524678.0,1104330.0,262.0,44.77331849024597,29.118055555555557,224.0,93.0,15.0,0.1612903225806451,1
2023-02-24,P002,69.0,6.0,1074324.0,652217.0,100.0,49.73028333333334,21.299861111111113,50.0,820.0,35.0,0.0426829268292682,1
2023-02-24,P003,10.0,0.0,264791.0,1121562.0,29.0,95.85835249042145,56.02361111111111,6.0,261.0,25.0,0.0957854406130268,1
2023-02-24,P004,479.0,357.0,3216700.0,2687435.0,575.0,37.4809391996892,23.280833333333334,419.0,618.0,46.0,0.0744336569579288,1
2023-02-24,P005,94.0,46.0,550634.0,2325476.0,37.0,92.95850600600602,63.78055555555556,16.0,14.0,2.0,0.1428571428571428,1
2023-02-24,P006,118.0,275.0,1518271.0,264517.0,466.0,94.77147554080629,46.75375,371.0,193.0,11.0,0.0569948186528497,1
2023-02-24,P007,19.0,2.0,4920.0,653649.0,0.0,,,0.0,41.0,9.0,0.2195121951219512,1
2023-02-24,P008,16.0,0.0,2587.0,2989678.0,10.0,38.98836111111111,14.760694444444447,3.0,524.0,266.0,0.5076335877862596,1
2023-02-24,P009,104.0,32.0,885261.0,823602.0,122.0,42.94223588342441,17.265416666666667,93.0,154.0,9.0,0.0584415584415584,1
2023-02-24,P010,5.0,2.0,0.0,257616.0,2.0,14.225972222222223,14.225972222222223,2.0,78.0,66.0,0.8461538461538461,1
2023-02-24,P011,17.0,2.0,41469.0,434898.0,6.0,116.25152777777777,66.07027777777778,2.0,11.0,2.0,0.1818181818181818,1
2023-03-03,P001,309.0,328.0,2424170.0,1075901.0,255.0,44.17054461942257,28.01486111111111,211.0,76.0,9.0,0.1184210526315789,1
2023-03-03,P002,56.0,3.0,492342.0,828186.0,110.0,44.11140404040405,18.133194444444445,66.0,991.0,39.0,0.0393541876892028,1
2023-03-03,P003,18.0,0.0,244823.0,1733364.0,24.0,95.44335648148149,67.43319444444444,6.0,292.0,37.0,0.1267123287671233,1
2023-03-03,P004,504.0,346.0,3212885.0,1926861.0,543.0,35.296775922490205,23.572222222222223,404.0,993.0,73.0,0.0735146022155085,1
2023-03-03,P005,74.0,39.0,343359.0,2324892.0,46.0,85.90055555555556,60.580416666666665,24.0,38.0,3.0,0.0789473684210526,1
2023-03-03,P006,109.0,280.0,1682762.0,235810.0,492.0,74.4588629013629,40.16444444444444,409.0,216.0,14.0,0.0648148148148148,1
2023-03-03,P007,13.0,1.0,63055.0,342545.0,4.0,33.22152777777778,33.03111111111111,3.0,65.0,4.0,0.0615384615384615,1
2023-03-03,P008,17.0,0.0,5174.0,2591673.0,4.0,109.27930555555557,98.10902777777778,2.0,411.0,196.0,0.4768856447688564,1
2023-03-03,P009,110.0,41.0,1151797.0,703614.0,106.0,51.03569182389938,20.429027777777776,80.0,159.0,9.0,0.0566037735849056,1
2023-03-03,P010,6.0,0.0,0.0,250403.0,5.0,44.39227777777778,37.58555555555556,4.0,63.0,50.0,0.7936507936507936,1
2023-03-03,P011,27.0,1.0,147437.0,1324556.0,5.0,98.02777777777777,58.54666666666667,2.0,15.0,7.0,0.4666666666666667,1
2023-03-10,P001,314.0,315.0,2875862.0,1021319.0,287.0,43.785140340689125,28.85,244.0,76.0,9.0,0.1184210526315789,1
2023-03-10,P002,63.0,6.0,689451.0,703253.0,100.0,38.12886666666667,19.19027777777778,52.0,991.0,39.0,0.0393541876892028,1
2023-03-10,P003,12.0,0.0,213326.0,1275942.0,38.0,108.0618567251462,58.93569444444445,5.0,292.0,37.0,0.1267123287671233,1
2023-03-10,P004,521.0,364.0,3499071.0,2358002.0,553.0,32.73580438756856,23.565,407.0,993.0,73.0,0.0735146022155085,1
2023-03-10,P005,119.0,50.0,871050.0,3069098.0,40.0,91.39310416666667,52.0025,22.0,38.0,3.0,0.0789473684210526,1
2023-03-10,P006,129.0,302.0,2063599.0,230965.0,498.0,63.9313791322314,36.06333333333333,435.0,216.0,14.0,0.0648148148148148,1
2023-03-10,P007,8.0,2.0,77727.0,195408.0,2.0,28.641944444444444,28.641944444444444,2.0,65.0,4.0,0.0615384615384615,1
2023-03-10,P008,12.0,0.0,4068.0,1970228.0,10.0,46.73361111111111,15.900555555555556,7.0,411.0,196.0,0.4768856447688564,1
2023-03-10,P009,126.0,53.0,1279191.0,836447.0,98.0,53.306992630385494,23.90375,67.0,159.0,9.0,0.0566037735849056,1
2023-03-10,P010,4.0,0.0,0.0,205496.0,5.0,14.675902777777779,7.465,4.0,63.0,50.0,0.7936507936507936,1
2023-03-10,P011,21.0,1.0,122812.0,1033171.0,6.0,89.78509259259259,77.58180555555555,2.0,15.0,7.0,0.4666666666666667,1
2023-03-17,P001,313.0,309.0,3457080.0,692273.0,279.0,45.787521903624054,29.47222222222222,239.0,76.0,9.0,0.1184210526315789,1
2023-03-17,P002,80.0,2.0,780083.0,1060420.0,115.0,29.85462801932367,17.250833333333333,54.0,991.0,39.0,0.0393541876892028,1
2023-03-17,P003,17.0,0.0,320372.0,1237953.0,31.0,107.88714157706093,73.16333333333333,9.0,292.0,37.0,0.1267123287671233,1
2023-03-17,P004,476.0,366.0,3114410.0,2388552.0,553.0,40.0871702020202,25.58861111111111,416.0,993.0,73.0,0.0735146022155085,1
2023-03-17,P005,103.0,42.0,627626.0,2409846.0,49.0,76.93554988662132,55.92638888888889,29.0,38.0,3.0,0.0789473684210526,1
2023-03-17,P006,106.0,293.0,1681451.0,297694.0,510.0,61.32302822400714,35.37416666666667,437.0,216.0,14.0,0.0648148148148148,1
2023-03-17,P007,11.0,2.0,127564.0,310658.0,0.0,,,0.0,65.0,4.0,0.0615384615384615,1
2023-03-17,P008,17.0,0.0,0.0,2184875.0,17.0,92.27790849673204,18.121944444444445,5.0,411.0,196.0,0.4768856447688564,1
2023-03-17,P009,170.0,58.0,1553063.0,900341.0,105.0,41.00204232804233,17.025,83.0,159.0,9.0,0.0566037735849056,1
2023-03-17,P010,3.0,0.0,0.0,161710.0,4.0,13.807222222222222,7.400972222222221,4.0,63.0,50.0,0.7936507936507936,1
2023-03-17,P011,22.0,3.0,166705.0,1239197.0,6.0,68.44402777777778,33.151805555555555,2.0,15.0,7.0,0.4666666666666667,1
2023-03-24,P001,317.0,300.0,3203631.0,926642.0,272.0,49.06331488314883,29.82638888888889,235.0,76.0,9.0,0.1184210526315789,1
2023-03-24,P002,65.0,7.0,730594.0,679030.0,118.0,48.74147128060264,18.02847222222222,69.0,991.0,39.0,0.0393541876892028,1
2023-03-24,P003,18.0,0.0,255988.0,1898906.0,24.0,54.422418981481485,42.952777777777776,10.0,292.0,37.0,0.1267123287671233,1
2023-03-24,P004,482.0,362.0,3522711.0,2454901.0,590.0,39.29837876206701,26.003055555555555,435.0,993.0,73.0,0.0735146022155085,1
2023-03-24,P005,109.0,46.0,535303.0,2456004.0,44.0,89.19763888888889,62.941944444444445,18.0,38.0,3.0,0.0789473684210526,1
2023-03-24,P006,98.0,292.0,1941854.0,255860.0,514.0,71.66816888888889,36.84097222222222,424.0,216.0,14.0,0.0648148148148148,1
2023-03-24,P007,8.0,0.0,111387.0,176710.0,0.0,,,0.0,65.0,4.0,0.0615384615384615,1
2023-03-24,P008,19.0,0.0,12935.0,3106460.0,14.0,94.87579365079365,23.71625,4.0,411.0,196.0,0.4768856447688564,1
2023-03-24,P009,104.0,38.0,1367008.0,720186.0,113.0,36.07004670599803,17.669166666666666,86.0,159.0,9.0,0.0566037735849056,1
2023-03-24,P010,3.0,0.0,0.0,122931.0,4.0,4.9568055555555555,4.085138888888888,4.0,63.0,50.0,0.7936507936507936,1
2023-03-24,P011,18.0,2.0,40946.0,468634.0,6.0,79.01583333333333,63.56583333333333,2.0,15.0,7.0,0.4666666666666667,1
2023-03-31,P001,307.0,307.0,3242156.0,1019983.0,272.0,44.66916769167692,29.24111111111111,234.0,104.0,19.0,0.1826923076923076,1
2023-03-31,P002,64.0,5.0,599949.0,576700.0,96.0,33.90095775462963,16.218472222222225,47.0,839.0,45.0,0.0536352800953516,1
2023-03-31,P003,11.0,0.0,192165.0,656699.0,23.0,97.6756884057971,42.04527777777778,5.0,163.0,11.0,0.0674846625766871,1
2023-03-31,P004,464.0,369.0,3236017.0,2492379.0,558.0,35.28727177177177,25.266111111111112,421.0,634.0,46.0,0.0725552050473186,1
2023-03-31,P005,107.0,38.0,573627.0,2786920.0,45.0,84.05661728395062,59.98305555555555,29.0,31.0,1.0,0.032258064516129,1
2023-03-31,P006,103.0,259.0,883298.0,234840.0,513.0,68.26827833333334,35.11694444444444,420.0,253.0,16.0,0.0632411067193675,1
2023-03-31,P007,8.0,1.0,3748.0,171501.0,0.0,,,0.0,43.0,7.0,0.1627906976744186,1
2023-03-31,P008,17.0,0.0,6656.0,2794730.0,6.0,44.07810185185185,34.285555555555554,3.0,427.0,222.0,0.5199063231850117,1
2023-03-31,P009,114.0,40.0,967756.0,617676.0,108.0,45.99557355967078,23.264166666666668,83.0,91.0,1.0,0.0109890109890109,1
2023-03-31,P010,4.0,0.0,0.0,268609.0,5.0,12.746944444444445,7.490555555555556,5.0,39.0,28.0,0.717948717948718,1
2023-03-31,P011,19.0,2.0,76400.0,632933.0,4.0,62.47395833333333,69.18152777777777,2.0,5.0,1.0,0.2,1
2023-04-07,P001,307.0,287.0,2525586.0,987593.0,267.0,42.37429463171036,26.692777777777778,230.0,104.0,19.0,0.1826923076923076,1
2023-04-07,P002,69.0,6.0,590875.0,855514.0,97.0,54.18387457044674,17.817777777777778,56.0,839.0,45.0,0.0536352800953516,1
2023-04-07,P003,14.0,0.0,138184.0,2057557.0,28.0,98.7719547325103,44.52361111111111,7.0,163.0,11.0,0.0674846625766871,1
2023-04-07,P004,495.0,374.0,3371977.0,2100560.0,565.0,35.52080328999212,25.21361111111111,398.0,634.0,46.0,0.0725552050473186,1
2023-04-07,P005,94.0,46.0,561782.0,2796199.0,37.0,82.60801801801803,68.56944444444444,17.0,31.0,1.0,0.032258064516129,1
2023-04-07,P006,101.0,324.0,1525705.0,118756.0,506.0,74.65316744600311,41.67388888888889,427.0,253.0,16.0,0.0632411067193675,1
2023-04-07,P007,6.0,2.0,1874.0,236761.0,3.0,30.874074074074073,38.250277777777775,3.0,43.0,7.0,0.1627906976744186,1
2023-04-07,P008,14.0,0.0,8136.0,2518491.0,9.0,28.929479166666667,23.670555555555556,5.0,427.0,222.0,0.5199063231850117,1
2023-04-07,P009,126.0,60.0,1415218.0,814201.0,117.0,41.073653846153846,17.473055555555554,95.0,91.0,1.0,0.0109890109890109,1
2023-04-07,P010,4.0,2.0,0.0,239350.0,2.0,317.32722222222225,317.32722222222225,2.0,39.0,28.0,0.717948717948718,1
2023-04-07,P011,22.0,1.0,248553.0,734353.0,11.0,100.90287878787878,94.68555555555557,5.0,5.0,1.0,0.2,1
2023-04-14,P001,306.0,321.0,3149949.0,822027.0,272.0,49.053371119281046,33.27569444444444,241.0,104.0,19.0,0.1826923076923076,1
2023-04-14,P002,63.0,6.0,863043.0,799935.0,103.0,53.27358660130719,20.767361111111107,54.0,839.0,45.0,0.0536352800953516,1
2023-04-14,P003,14.0,0.0,40124.0,2089492.0,31.0,112.01133512544804,54.31055555555555,7.0,163.0,11.0,0.0674846625766871,1
2023-04-14,P004,544.0,381.0,4005718.0,2364338.0,568.0,36.381969562647754,25.833750000000002,417.0,634.0,46.0,0.0725552050473186,1
2023-04-14,P005,88.0,53.0,441897.0,2095468.0,41.0,98.95961382113822,47.115,19.0,31.0,1.0,0.032258064516129,1
2023-04-14,P006,99.0,287.0,1551585.0,235818.0,548.0,71.96774886410574,36.332638888888894,460.0,253.0,16.0,0.0632411067193675,1
2023-04-14,P007,7.0,1.0,19447.0,116803.0,0.0,,,0.0,43.0,7.0,0.1627906976744186,1
2023-04-14,P008,13.0,0.0,7761.0,2010227.0,15.0,51.67466666666667,12.520833333333334,7.0,427.0,222.0,0.5199063231850117,1
2023-04-14,P009,126.0,47.0,1374906.0,801031.0,129.0,53.14330534022394,16.628888888888888,99.0,91.0,1.0,0.0109890109890109,1
2023-04-14,P010,3.0,0.0,0.0,176237.0,2.0,12.154305555555556,12.154305555555556,1.0,39.0,28.0,0.717948717948718,1
2023-04-14,P011,23.0,2.0,209654.0,856943.0,4.0,153.65548611111112,91.12611111111111,2.0,5.0,1.0,0.2,1
2023-04-21,P001,305.0,280.0,3639904.0,893198.0,290.0,46.8082969348659,31.02125,242.0,104.0,19.0,0.1826923076923076,1
2023-04-21,P002,69.0,7.0,839589.0,556616.0,101.0,33.984284928492855,19.477222222222224,49.0,839.0,45.0,0.0536352800953516,1
2023-04-21,P003,16.0,0.0,73499.0,1763766.0,28.0,97.18893849206349,56.785,9.0,163.0,11.0,0.0674846625766871,1
2023-04-21,P004,509.0,362.0,3514199.0,2336357.0,620.0,40.00226255211166,25.891111111111112,463.0,634.0,46.0,0.0725552050473186,1
2023-04-21,P005,89.0,36.0,678989.0,2183194.0,51.0,91.36849673202614,62.78916666666667,27.0,31.0,1.0,0.032258064516129,1
2023-04-21,P006,93.0,307.0,1828921.0,146287.0,455.0,71.97051435705369,38.92,377.0,253.0,16.0,0.0632411067193675,1
2023-04-21,P007,12.0,1.0,124241.0,307643.0,0.0,,,0.0,43.0,7.0,0.1627906976744186,1
2023-04-21,P008,14.0,1.0,11795.0,2284455.0,19.0,99.53788011695907,18.024722222222223,6.0,427.0,222.0,0.5199063231850117,1
2023-04-21,P009,145.0,53.0,1446339.0,935185.0,108.0,41.86207047325103,20.024166666666666,85.0,91.0,1.0,0.0109890109890109,1
2023-04-21,P010,4.0,1.0,0.0,239093.0,0.0,,,0.0,39.0,28.0,0.717948717948718,1
2023-04-21,P011,23.0,3.0,77305.0,1139124.0,4.0,54.23277777777778,54.7825,2.0,5.0,1.0,0.2,1
2023-04-28,P001,314.0,320.0,2858666.0,663264.0,247.0,49.28571300044984,32.86472222222222,208.0,85.0,14.0,0.1647058823529411,1
2023-04-28,P002,59.0,6.0,685773.0,1104572.0,128.0,42.18116970486111,19.367083333333333,66.0,777.0,27.0,0.0347490347490347,1
2023-04-28,P003,19.0,0.0,172591.0,1250948.0,31.0,97.60468637992831,49.128055555555555,6.0,193.0,13.0,0.0673575129533678,1
2023-04-28,P004,507.0,351.0,2842906.0,2847486.0,609.0,38.86334797730185,26.17361111111111,414.0,936.0,53.0,0.0566239316239316,1
2023-04-28,P005,98.0,49.0,601700.0,2562916.0,37.0,76.6361111111111,55.01416666666667,21.0,45.0,1.0,0.0222222222222222,1
2023-04-28,P006,108.0,287.0,1673874.0,338713.0,560.0,70.47442354740062,35.76166666666666,461.0,430.0,31.0,0.0720930232558139,1
2023-04-28,P007,15.0,1.0,151833.0,266440.0,1.0,160.44027777777777,160.44027777777777,0.0,71.0,12.0,0.1690140845070422,1
2023-04-28,P008,18.0,0.0,18882.0,2993330.0,13.0,63.882222222222225,25.260277777777777,4.0,650.0,441.0,0.6784615384615384,1
2023-04-28,P009,91.0,32.0,441112.0,519510.0,109.0,53.70054791029562,20.850833333333338,85.0,109.0,5.0,0.0458715596330275,1
2023-04-28,P010,3.0,1.0,0.0,214037.0,1.0,27.433888888888887,27.433888888888887,0.0,68.0,50.0,0.7352941176470589,1
2023-04-28,P011,20.0,4.0,100874.0,1337558.0,9.0,83.12450617283952,52.245555555555555,3.0,9.0,1.0,0.1111111111111111,1
2023-05-05,P001,331.0,329.0,3118899.0,891659.0,293.0,53.889870624048704,31.98902777777778,235.0,85.0,14.0,0.1647058823529411,1
2023-05-05,P002,66.0,4.0,841703.0,474252.0,86.0,30.89785294117647,16.642222222222223,51.0,777.0,27.0,0.0347490347490347,1
2023-05-05,P003,11.0,0.0,88623.0,1185213.0,27.0,76.28701646090536,40.21333333333333,6.0,193.0,13.0,0.0673575129533678,1
2023-05-05,P004,504.0,363.0,3201853.0,1848461.0,610.0,44.863283534356725,29.14736111111111,449.0,936.0,53.0,0.0566239316239316,1
2023-05-05,P005,102.0,53.0,530769.0,2347545.0,48.0,69.78212962962964,50.69902777777778,23.0,45.0,1.0,0.0222222222222222,1
2023-05-05,P006,129.0,322.0,2710138.0,203887.0,526.0,78.7164910289667,40.36361111111111,425.0,430.0,31.0,0.0720930232558139,1
2023-05-05,P007,19.0,1.0,111891.0,633958.0,3.0,16.688425925925927,9.319444444444445,1.0,71.0,12.0,0.1690140845070422,1
2023-05-05,P008,15.0,0.0,5174.0,2604794.0,8.0,17.893333333333334,13.896527777777777,7.0,650.0,441.0,0.6784615384615384,1
2023-05-05,P009,110.0,41.0,579386.0,547785.0,107.0,58.121806853582555,24.336666666666662,84.0,109.0,5.0,0.0458715596330275,1
2023-05-05,P010,3.0,1.0,0.0,189257.0,3.0,7.166111111111111,8.513333333333334,0.0,68.0,50.0,0.7352941176470589,1
2023-05-05,P011,27.0,1.0,165329.0,1112514.0,7.0,112.65611111111112,70.35305555555556,3.0,9.0,1.0,0.1111111111111111,1
2023-05-12,P001,315.0,318.0,2677419.0,804173.0,288.0,50.196859567901235,30.004999999999995,246.0,85.0,14.0,0.1647058823529411,1
2023-05-12,P002,60.0,7.0,666886.0,640145.0,88.0,45.63883928571428,16.68375,45.0,777.0,27.0,0.0347490347490347,1
2023-05-12,P003,13.0,0.0,121546.0,1499475.0,28.0,103.09209325396826,75.42513888888888,4.0,193.0,13.0,0.0673575129533678,1
2023-05-12,P004,514.0,366.0,3065772.0,2353901.0,574.0,39.741199163261335,28.5675,431.0,936.0,53.0,0.0566239316239316,1
2023-05-12,P005,84.0,47.0,334782.0,2208088.0,52.0,84.28417200854702,55.596111111111114,26.0,45.0,1.0,0.0222222222222222,1
2023-05-12,P006,100.0,284.0,1210530.0,228711.0,551.0,82.06238754145937,40.818194444444444,461.0,430.0,31.0,0.0720930232558139,1
2023-05-12,P007,15.0,1.0,38364.0,335480.0,3.0,53.702962962962964,37.324444444444445,2.0,71.0,12.0,0.1690140845070422,1
2023-05-12,P008,16.0,0.0,7953.0,2939726.0,14.0,61.1149007936508,40.31944444444444,6.0,650.0,441.0,0.6784615384615384,1
2023-05-12,P009,125.0,46.0,1246245.0,640034.0,123.0,47.041207529843895,22.011666666666667,88.0,109.0,5.0,0.0458715596330275,1
2023-05-12,P010,2.0,0.0,0.0,123945.0,0.0,,,0.0,68.0,50.0,0.7352941176470589,1
2023-05-12,P011,28.0,1.0,171443.0,1085734.0,4.0,92.63861111111112,66.98777777777778,1.0,9.0,1.0,0.1111111111111111,1
2023-05-19,P001,314.0,298.0,2981264.0,984403.0,290.0,42.71154459823145,29.058055555555555,246.0,85.0,14.0,0.1647058823529411,1
2023-05-19,P002,74.0,6.0,859130.0,828919.0,103.0,35.43566612729234,18.3525,67.0,777.0,27.0,0.0347490347490347,1
2023-05-19,P003,14.0,0.0,160543.0,801575.0,30.0,97.55770370370371,64.90416666666667,7.0,193.0,13.0,0.0673575129533678,1
2023-05-19,P004,535.0,384.0,3503628.0,2655120.0,602.0,39.53651691625069,26.02,446.0,936.0,53.0,0.0566239316239316,1
2023-05-19,P005,97.0,45.0,422902.0,2294707.0,46.0,85.30150362318841,51.695,29.0,45.0,1.0,0.0222222222222222,1
2023-05-19,P006,134.0,321.0,2378803.0,329306.0,456.0,81.68461994949494,41.95527777777778,373.0,430.0,31.0,0.0720930232558139,1
2023-05-19,P007,19.0,0.0,195473.0,621653.0,2.0,37.712916666666665,37.712916666666665,1.0,71.0,12.0,0.1690140845070422,1
2023-05-19,P008,21.0,0.0,192.0,3159120.0,16.0,25.488350694444446,13.669027777777778,3.0,650.0,441.0,0.6784615384615384,1
2023-05-19,P009,157.0,73.0,1665054.0,1028339.0,97.0,49.38450458190149,17.799444444444443,78.0,109.0,5.0,0.0458715596330275,1
2023-05-19,P010,3.0,1.0,0.0,133671.0,0.0,,,0.0,68.0,50.0,0.7352941176470589,1
2023-05-19,P011,17.0,2.0,64660.0,516125.0,3.0,38.678333333333335,41.82416666666666,2.0,9.0,1.0,0.1111111111111111,1
2023-05-26,P001,315.0,335.0,2537245.0,920307.0,285.0,46.06559761345853,29.65930555555556,245.0,85.0,14.0,0.1647058823529411,1
2023-05-26,P002,59.0,7.0,440565.0,1104234.0,106.0,33.95476939203355,16.47222222222222,52.0,777.0,27.0,0.0347490347490347,1
2023-05-26,P003,11.0,0.0,257508.0,1142562.0,33.0,88.20946127946128,47.465833333333336,7.0,193.0,13.0,0.0673575129533678,1
2023-05-26,P004,493.0,378.0,2715058.0,2014302.0,624.0,37.315438549481954,25.24319444444444,451.0,936.0,53.0,0.0566239316239316,1
2023-05-26,P005,108.0,43.0,509947.0,2588545.0,44.0,88.16700757575758,70.40069444444444,26.0,45.0,1.0,0.0222222222222222,1
2023-05-26,P006,97.0,266.0,1715040.0,371244.0,508.0,74.28076274104683,37.418055555555554,419.0,430.0,31.0,0.0720930232558139,1
2023-05-26,P007,5.0,1.0,0.0,261581.0,2.0,27.16361111111111,27.16361111111111,1.0,71.0,12.0,0.1690140845070422,1
2023-05-26,P008,17.0,0.0,5174.0,2423158.0,16.0,52.97258680555555,21.61277777777778,8.0,650.0,441.0,0.6784615384615384,1
2023-05-26,P009,185.0,68.0,1651630.0,1149850.0,116.0,52.43981884057971,19.747222222222224,86.0,109.0,5.0,0.0458715596330275,1
2023-05-26,P010,4.0,2.0,0.0,116418.0,6.0,43.091018518518524,14.367777777777778,5.0,68.0,50.0,0.7352941176470589,1
2023-05-26,P011,20.0,2.0,82028.0,540465.0,5.0,86.578,61.6575,1.0,9.0,1.0,0.1111111111111111,1
2023-06-02,P001,297.0,309.0,3290286.0,942100.0,265.0,47.926125786163524,30.398333333333333,224.0,92.0,18.0,0.1956521739130435,1
2023-06-02,P002,63.0,2.0,891062.0,602112.0,116.0,34.65613505747127,17.104166666666664,55.0,952.0,28.0,0.0294117647058823,1
2023-06-02,P003,14.0,0.0,78671.0,897333.0,29.0,56.15974137931034,35.33583333333333,7.0,168.0,6.0,0.0357142857142857,1
2023-06-02,P004,527.0,371.0,3471542.0,2415328.0,581.0,33.58495010554596,24.99194444444445,404.0,340.0,21.0,0.0617647058823529,1
2023-06-02,P005,99.0,43.0,567794.0,2501350.0,42.0,71.3355687830688,48.44027777777778,25.0,29.0,3.0,0.1034482758620689,1
2023-06-02,P006,115.0,254.0,1213977.0,342760.0,493.0,73.16912508662509,39.03,414.0,300.0,17.0,0.0566666666666666,1
2023-06-02,P007,12.0,0.0,5622.0,381176.0,1.0,264.03194444444443,264.03194444444443,0.0,19.0,3.0,0.1578947368421052,1
2023-06-02,P008,16.0,0.0,5366.0,2744770.0,14.0,96.98400793650794,53.638333333333335,4.0,437.0,242.0,0.5537757437070938,1
2023-06-02,P009,171.0,70.0,1561150.0,1044465.0,113.0,42.275729166666665,16.134166666666665,94.0,183.0,5.0,0.0273224043715847,1
2023-06-02,P010,5.0,0.0,0.0,256603.0,5.0,26.331166666666668,12.359722222222222,5.0,63.0,51.0,0.8095238095238095,1
2023-06-02,P011,31.0,2.0,162627.0,1290126.0,4.0,125.41444444444444,118.12736111111111,2.0,3.0,0.0,0.0,1
2023-06-09,P001,324.0,315.0,3037759.0,793344.0,264.0,43.065017887205386,29.65888888888889,222.0,92.0,18.0,0.1956521739130435,1
2023-06-09,P002,72.0,5.0,962750.0,683899.0,90.0,36.64216358024691,17.17875,55.0,952.0,28.0,0.0294117647058823,1
2023-06-09,P003,11.0,0.0,50174.0,1120653.0,28.0,78.1595734126984,42.81986111111111,11.0,168.0,6.0,0.0357142857142857,1
2023-06-09,P004,517.0,360.0,3695001.0,1985319.0,589.0,37.92549145299145,25.90388888888889,426.0,340.0,21.0,0.0617647058823529,1
2023-06-09,P005,87.0,41.0,227193.0,2000438.0,48.0,81.24204282407408,51.786944444444444,22.0,29.0,3.0,0.1034482758620689,1
2023-06-09,P006,129.0,314.0,1547669.0,395175.0,539.0,74.04907248677249,38.4825,457.0,300.0,17.0,0.0566666666666666,1
2023-06-09,P007,5.0,0.0,11019.0,163792.0,4.0,75.86458333333334,33.80888888888889,3.0,19.0,3.0,0.1578947368421052,1
2023-06-09,P008,17.0,0.0,187605.0,3157241.0,14.0,71.45813492063492,36.50888888888889,5.0,437.0,242.0,0.5537757437070938,1
2023-06-09,P009,132.0,64.0,966678.0,692977.0,129.0,52.25194444444445,20.090833333333332,102.0,183.0,5.0,0.0273224043715847,1
2023-06-09,P010,5.0,0.0,0.0,261083.0,4.0,13.947916666666666,8.83986111111111,4.0,63.0,51.0,0.8095238095238095,1
2023-06-09,P011,20.0,2.0,44457.0,1249424.0,7.0,162.6657142857143,134.11416666666668,4.0,3.0,0.0,0.0,1
2023-06-16,P001,296.0,312.0,3373799.0,944704.0,258.0,51.718644880174296,30.459722222222226,217.0,92.0,18.0,0.1956521739130435,1
2023-06-16,P002,60.0,5.0,598904.0,727820.0,113.0,42.620494100294984,17.204444444444444,61.0,952.0,28.0,0.0294117647058823,1
2023-06-16,P003,11.0,0.0,158466.0,561379.0,34.0,83.57483660130718,63.511944444444445,3.0,168.0,6.0,0.0357142857142857,1
2023-06-16,P004,510.0,348.0,3251052.0,2424146.0,626.0,40.35683512544803,27.18,464.0,340.0,21.0,0.0617647058823529,1
2023-06-16,P005,84.0,40.0,550138.0,1995062.0,42.0,80.05155423280424,54.0625,19.0,29.0,3.0,0.1034482758620689,1
2023-06-16,P006,138.0,296.0,2426143.0,401572.0,573.0,68.97161061507937,35.917500000000004,467.0,300.0,17.0,0.0566666666666666,1
2023-06-16,P007,8.0,0.0,1874.0,336231.0,1.0,39.41416666666667,39.41416666666667,1.0,19.0,3.0,0.1578947368421052,1
2023-06-16,P008,17.0,0.0,2587.0,2941498.0,12.0,57.45678240740741,46.192638888888894,4.0,437.0,242.0,0.5537757437070938,1
2023-06-16,P009,164.0,64.0,1357097.0,683883.0,108.0,49.631219135802475,18.921527777777776,83.0,183.0,5.0,0.0273224043715847,1
2023-06-16,P010,2.0,0.0,0.0,86144.0,1.0,6.341666666666667,6.341666666666667,1.0,63.0,51.0,0.8095238095238095,1
2023-06-16,P011,28.0,3.0,196421.0,1212966.0,6.0,71.03101851851851,63.095277777777774,4.0,3.0,0.0,0.0,1
2023-06-23,P001,281.0,301.0,2470253.0,829188.0,257.0,42.72447157118056,28.305972222222223,220.0,92.0,18.0,0.1956521739130435,1
2023-06-23,P002,59.0,7.0,717386.0,732301.0,108.0,42.23393867924528,16.35611111111111,59.0,952.0,28.0,0.0294117647058823,1
2023-06-23,P003,11.0,0.0,0.0,809995.0,24.0,100.70019675925926,63.16374999999999,5.0,168.0,6.0,0.0357142857142857,1
2023-06-23,P004,526.0,387.0,3492940.0,2768769.0,545.0,38.84485804738562,26.509999999999998,381.0,340.0,21.0,0.0617647058823529,1
2023-06-23,P005,80.0,45.0,674313.0,2390001.0,42.0,77.0100925925926,50.94208333333333,24.0,29.0,3.0,0.1034482758620689,1
2023-06-23,P006,130.0,317.0,2181363.0,483050.0,557.0,74.33028550814264,37.56472222222222,466.0,300.0,17.0,0.0566666666666666,1
2023-06-23,P007,3.0,1.0,21126.0,64611.0,1.0,51.51555555555556,51.51555555555556,0.0,19.0,3.0,0.1578947368421052,1
2023-06-23,P008,16.0,0.0,5174.0,2775146.0,16.0,64.20798611111111,23.56361111111111,9.0,437.0,242.0,0.5537757437070938,1
2023-06-23,P009,108.0,59.0,1131401.0,551146.0,114.0,44.384502923976605,19.288333333333334,82.0,183.0,5.0,0.0273224043715847,1
2023-06-23,P010,1.0,1.0,0.0,72839.0,4.0,5.895208333333333,6.823472222222222,4.0,63.0,51.0,0.8095238095238095,1
2023-06-23,P011,25.0,0.0,144977.0,961202.0,7.0,77.04242063492063,57.27444444444444,2.0,3.0,0.0,0.0,1
2023-06-30,P001,319.0,303.0,3278561.0,685263.0,248.0,49.239886872759854,29.278055555555554,220.0,73.0,10.0,0.136986301369863,1
2023-06-30,P002,70.0,4.0,894541.0,808805.0,95.0,52.49638304093567,18.7775,52.0,970.0,20.0,0.0206185567010309,1
2023-06-30,P003,13.0,0.0,94945.0,1446383.0,28.0,112.6233630952381,64.44555555555556,6.0,210.0,14.0,0.0666666666666666,1
2023-06-30,P004,497.0,364.0,2987248.0,2220361.0,598.0,34.86117880485527,25.35472222222222,442.0,653.0,41.0,0.0627871362940275,1
2023-06-30,P005,106.0,45.0,599490.0,2755936.0,47.0,67.3514952718676,51.435,24.0,47.0,8.0,0.1702127659574468,1
2023-06-30,P006,119.0,294.0,1564949.0,452492.0,580.0,70.11852096805801,37.01166666666666,466.0,431.0,24.0,0.0556844547563805,1
2023-06-30,P007,10.0,2.0,133192.0,311640.0,1.0,188.53055555555557,188.53055555555557,0.0,70.0,10.0,0.1428571428571428,1
2023-06-30,P008,19.0,1.0,23866.0,2814943.0,18.0,82.59547839506173,33.21263888888889,9.0,631.0,393.0,0.6228209191759112,1
2023-06-30,P009,132.0,57.0,1442181.0,564895.0,127.0,45.127160979877516,20.264722222222225,99.0,134.0,9.0,0.0671641791044776,1
2023-06-30,P010,1.0,1.0,0.0,28294.0,4.0,83.49034722222223,24.534999999999997,3.0,71.0,59.0,0.8309859154929577,1
2023-06-30,P011,20.0,1.0,44573.0,1400865.0,6.0,87.8801388888889,54.51888888888889,3.0,10.0,3.0,0.3,1
2023-07-07,P001,294.0,284.0,2442896.0,784528.0,273.0,42.72945057189543,29.825000000000003,237.0,73.0,10.0,0.136986301369863,1
2023-07-07,P002,69.0,8.0,907716.0,920266.0,106.0,30.53045073375262,17.748055555555553,56.0,970.0,20.0,0.0206185567010309,1
2023-07-07,P003,16.0,0.0,12013.0,2440111.0,24.0,106.57818287037037,49.42777777777778,8.0,210.0,14.0,0.0666666666666666,1
2023-07-07,P004,554.0,368.0,4665472.0,2724243.0,566.0,33.91916716005526,25.764166666666668,420.0,653.0,41.0,0.0627871362940275,1
2023-07-07,P005,94.0,59.0,733929.0,2433961.0,43.0,82.25343253968254,54.855555555555554,26.0,47.0,8.0,0.1702127659574468,1
2023-07-07,P006,111.0,322.0,2174807.0,268121.0,527.0,65.91689859762675,37.375277777777775,438.0,431.0,24.0,0.0556844547563805,1
2023-07-07,P007,8.0,0.0,1874.0,259683.0,3.0,99.82962962962965,57.18194444444445,2.0,70.0,10.0,0.1428571428571428,1
2023-07-07,P008,17.0,0.0,4261.0,2874225.0,8.0,123.86892361111111,54.674166666666665,5.0,631.0,393.0,0.6228209191759112,1
2023-07-07,P009,67.0,42.0,519867.0,351736.0,122.0,44.06122359963269,20.788333333333338,89.0,134.0,9.0,0.0671641791044776,1
2023-07-07,P010,2.0,0.0,0.0,42565.0,2.0,7.323333333333334,7.323333333333334,2.0,71.0,59.0,0.8309859154929577,1
2023-07-07,P011,22.0,3.0,78618.0,1315174.0,4.0,117.54444444444445,87.58569444444444,0.0,10.0,3.0,0.3,1
2023-07-14,P001,304.0,303.0,2296878.0,932749.0,252.0,45.547516534391534,29.622083333333336,221.0,73.0,10.0,0.136986301369863,1
2023-07-14,P002,72.0,3.0,899725.0,603111.0,98.0,42.897981859410436,18.73430555555555,55.0,970.0,20.0,0.0206185567010309,1
2023-07-14,P003,14.0,0.0,192283.0,1474036.0,24.0,102.14766203703704,44.28,3.0,210.0,14.0,0.0666666666666666,1
2023-07-14,P004,503.0,384.0,2831081.0,2417891.0,618.0,34.089544715447154,24.864166666666662,451.0,653.0,41.0,0.0627871362940275,1
2023-07-14,P005,81.0,42.0,555776.0,1953158.0,53.0,101.11175576519916,58.52333333333333,23.0,47.0,8.0,0.1702127659574468,1
2023-07-14,P006,115.0,317.0,2195703.0,282539.0,489.0,71.44625730994152,36.37388888888889,403.0,431.0,24.0,0.0556844547563805,1
2023-07-14,P007,10.0,1.0,3748.0,339309.0,1.0,136.45166666666665,136.45166666666665,1.0,70.0,10.0,0.1428571428571428,1
2023-07-14,P008,16.0,0.0,2587.0,2224101.0,17.0,53.562254901960785,40.94972222222222,9.0,631.0,393.0,0.6228209191759112,1
2023-07-14,P009,155.0,58.0,1913157.0,758827.0,112.0,36.444283234126985,18.38111111111111,90.0,134.0,9.0,0.0671641791044776,1
2023-07-14,P010,4.0,0.0,0.0,261083.0,2.0,7.007083333333333,7.007083333333333,2.0,71.0,59.0,0.8309859154929577,1
2023-07-14,P011,23.0,1.0,106935.0,1213948.0,6.0,153.39203703703706,124.21347222222222,2.0,10.0,3.0,0.3,1
2023-07-21,P001,298.0,288.0,3840634.0,740760.0,275.0,47.24787104622871,31.58347222222222,239.0,73.0,10.0,0.136986301369863,1
2023-07-21,P002,60.0,7.0,499544.0,944877.0,92.0,53.32974358974359,24.223333333333333,54.0,970.0,20.0,0.0206185567010309,1
2023-07-21,P003,11.0,0.0,8785.0,995502.0,28.0,66.77258928571429,42.98888888888889,8.0,210.0,14.0,0.0666666666666666,1
2023-07-21,P004,496.0,393.0,2952265.0,3015690.0,625.0,34.38403650026839,24.858333333333334,461.0,653.0,41.0,0.0627871362940275,1
2023-07-21,P005,88.0,45.0,593857.0,1967232.0,42.0,85.01441798941798,57.78958333333333,25.0,47.0,8.0,0.1702127659574468,1
2023-07-21,P006,102.0,292.0,1170395.0,433940.0,495.0,62.54575856912813,34.91888888888889,411.0,431.0,24.0,0.0556844547563805,1
2023-07-21,P007,7.0,2.0,0.0,150032.0,1.0,206.03277777777777,206.03277777777777,0.0,70.0,10.0,0.1428571428571428,1
2023-07-21,P008,20.0,0.0,2587.0,3015894.0,14.0,38.97869047619048,32.61027777777778,8.0,631.0,393.0,0.6228209191759112,1
2023-07-21,P009,65.0,30.0,942433.0,324008.0,103.0,34.357583603020494,16.23611111111111,85.0,134.0,9.0,0.0671641791044776,1
2023-07-21,P010,3.0,0.0,0.0,153205.0,4.0,6.050833333333333,6.018611111111111,3.0,71.0,59.0,0.8309859154929577,1
2023-07-21,P011,20.0,4.0,104757.0,1007652.0,2.0,117.7836111111111,117.7836111111111,0.0,10.0,3.0,0.3,1
2023-07-28,P001,290.0,292.0,2873655.0,718826.0,267.0,48.25962928153718,28.089166666666664,223.0,66.0,9.0,0.1363636363636363,1
2023-07-28,P002,61.0,7.0,698000.0,552970.0,101.0,38.35830527497194,19.739444444444445,56.0,788.0,18.0,0.0228426395939086,1
2023-07-28,P003,11.0,0.0,95676.0,1287586.0,27.0,98.10873456790124,57.68138888888889,2.0,290.0,11.0,0.0379310344827586,1
2023-07-28,P004,485.0,357.0,3470658.0,2070067.0,588.0,35.1275654152446,24.454027777777778,428.0,500.0,25.0,0.05,1
2023-07-28,P005,100.0,42.0,609073.0,2594079.0,47.0,91.19693262411349,51.640277777777776,28.0,33.0,4.0,0.1212121212121212,1
2023-07-28,P006,90.0,279.0,1968853.0,197771.0,541.0,69.41334431889517,37.67,454.0,286.0,16.0,0.0559440559440559,1
2023-07-28,P007,6.0,0.0,94118.0,166559.0,0.0,,,0.0,76.0,8.0,0.1052631578947368,1
2023-07-28,P008,17.0,0.0,9242.0,2997532.0,21.0,79.4154365079365,22.892777777777777,13.0,574.0,375.0,0.6533101045296167,1
2023-07-28,P009,152.0,61.0,1354753.0,942103.0,86.0,36.19159560723514,21.869444444444444,73.0,119.0,5.0,0.042016806722689,1
2023-07-28,P010,1.0,0.0,0.0,80366.0,3.0,28.288981481481482,7.168055555555555,2.0,70.0,54.0,0.7714285714285715,1
2023-07-28,P011,28.0,2.0,80636.0,1599556.0,8.0,162.25805555555556,142.9788888888889,1.0,4.0,1.0,0.25,1
2023-08-04,P001,318.0,314.0,2528682.0,1068366.0,249.0,43.9875223114681,33.660555555555554,215.0,66.0,9.0,0.1363636363636363,1
2023-08-04,P002,66.0,2.0,577352.0,696033.0,116.0,38.68860144927537,16.647222222222222,62.0,788.0,18.0,0.0228426395939086,1
2023-08-04,P003,13.0,0.0,115426.0,1031340.0,27.0,86.17197530864198,63.72222222222222,4.0,290.0,11.0,0.0379310344827586,1
2023-08-04,P004,505.0,374.0,3288968.0,2177126.0,552.0,36.473793939393936,24.865694444444443,423.0,500.0,25.0,0.05,1
2023-08-04,P005,107.0,48.0,424666.0,3190384.0,44.0,81.7054292929293,50.18763888888889,25.0,33.0,4.0,0.1212121212121212,1
2023-08-04,P006,90.0,298.0,1051044.0,126947.0,464.0,75.41273623511904,37.03875,394.0,286.0,16.0,0.0559440559440559,1
2023-08-04,P007,11.0,1.0,75172.0,326928.0,0.0,,,0.0,76.0,8.0,0.1052631578947368,1
2023-08-04,P008,18.0,0.0,5174.0,2695014.0,18.0,59.52019607843137,16.77861111111111,10.0,574.0,375.0,0.6533101045296167,1
2023-08-04,P009,142.0,62.0,1121718.0,1156203.0,124.0,56.028290770609324,21.95888888888889,91.0,119.0,5.0,0.042016806722689,1
2023-08-04,P010,2.0,0.0,0.0,145678.0,3.0,134.5663888888889,6.1075,3.0,70.0,54.0,0.7714285714285715,1
2023-08-04,P011,16.0,2.0,27573.0,839405.0,6.0,70.88939814814815,57.917500000000004,3.0,4.0,1.0,0.25,1
2023-08-11,P001,294.0,279.0,3060239.0,617956.0,268.0,47.13685012437811,32.60458333333334,229.0,66.0,9.0,0.1363636363636363,1
2023-08-11,P002,61.0,7.0,789840.0,1098248.0,102.0,57.19498366013072,17.135555555555555,55.0,788.0,18.0,0.0228426395939086,1
2023-08-11,P003,10.0,0.0,125252.0,816982.0,32.0,95.3863799283154,47.21083333333333,6.0,290.0,11.0,0.0379310344827586,1
2023-08-11,P004,508.0,365.0,2873427.0,2262173.0,623.0,34.90888888888889,24.534166666666668,431.0,500.0,25.0,0.05,1
2023-08-11,P005,103.0,51.0,379165.0,2287493.0,47.0,84.22890661938534,53.151666666666664,25.0,33.0,4.0,0.1212121212121212,1
2023-08-11,P006,69.0,166.0,883184.0,158336.0,445.0,68.84588774993672,37.31611111111111,364.0,286.0,16.0,0.0559440559440559,1
2023-08-11,P007,12.0,0.0,13458.0,438181.0,1.0,48.61194444444445,48.61194444444445,1.0,76.0,8.0,0.1052631578947368,1
2023-08-11,P008,19.0,0.0,0.0,2933409.0,15.0,44.12642592592592,19.88361111111111,7.0,574.0,375.0,0.6533101045296167,1
2023-08-11,P009,116.0,42.0,1542692.0,715149.0,118.0,37.683545197740116,17.416666666666664,97.0,119.0,5.0,0.042016806722689,1
2023-08-11,P010,2.0,0.0,0.0,145679.0,3.0,6.256944444444444,6.107777777777778,3.0,70.0,54.0,0.7714285714285715,1
2023-08-11,P011,26.0,2.0,209639.0,1476215.0,6.0,128.01217592592593,67.65833333333333,3.0,4.0,1.0,0.25,1
2023-08-18,P001,311.0,288.0,3051518.0,752783.0,238.0,50.427791783380016,30.841527777777777,208.0,66.0,9.0,0.1363636363636363,1
2023-08-18,P002,65.0,4.0,912553.0,572762.0,126.0,32.19092741935484,16.298472222222223,64.0,788.0,18.0,0.0228426395939086,1
2023-08-18,P003,14.0,0.0,107383.0,1708364.0,25.0,78.592,37.9725,7.0,290.0,11.0,0.0379310344827586,1
2023-08-18,P004,490.0,384.0,3116495.0,2544603.0,564.0,31.503289343614078,23.342777777777776,416.0,500.0,25.0,0.05,1
2023-08-18,P005,100.0,44.0,633056.0,2563715.0,49.0,79.5190589569161,50.18944444444445,31.0,33.0,4.0,0.1212121212121212,1
2023-08-18,P006,164.0,333.0,2937375.0,322672.0,255.0,65.93267809139785,30.54347222222222,209.0,286.0,16.0,0.0559440559440559,1
2023-08-18,P007,7.0,0.0,16987.0,265859.0,3.0,56.00203703703704,69.47833333333334,2.0,76.0,8.0,0.1052631578947368,1
2023-08-18,P008,18.0,0.0,2587.0,3454462.0,15.0,68.91725925925925,17.29722222222222,8.0,574.0,375.0,0.6533101045296167,1
2023-08-18,P009,96.0,35.0,768820.0,525204.0,96.0,28.000685763888892,17.712222222222223,84.0,119.0,5.0,0.042016806722689,1
2023-08-18,P010,2.0,0.0,0.0,115404.0,1.0,5.8341666666666665,5.8341666666666665,1.0,70.0,54.0,0.7714285714285715,1
2023-08-18,P011,19.0,4.0,75809.0,680873.0,4.0,122.43270833333334,132.83569444444444,2.0,4.0,1.0,0.25,1
2023-08-25,P001,296.0,299.0,2177092.0,801316.0,254.0,53.603248792270534,30.13277777777778,210.0,66.0,9.0,0.1363636363636363,1
2023-08-25,P002,64.0,5.0,782112.0,1023714.0,96.0,41.565219298245616,19.485833333333332,47.0,788.0,18.0,0.0228426395939086,1
2023-08-25,P003,10.0,0.0,177266.0,591394.0,35.0,88.14023015873016,37.75277777777778,5.0,290.0,11.0,0.0379310344827586,1
2023-08-25,P004,493.0,369.0,3196237.0,2575367.0,616.0,34.253694670280034,23.611666666666668,442.0,500.0,25.0,0.05,1
2023-08-25,P005,109.0,43.0,530949.0,2877348.0,41.0,59.89741869918699,50.570277777777775,21.0,33.0,4.0,0.1212121212121212,1
2023-08-25,P006,130.0,276.0,1569657.0,303787.0,647.0,77.77324265746638,37.46055555555556,542.0,286.0,16.0,0.0559440559440559,1
2023-08-25,P007,7.0,0.0,3748.0,275481.0,4.0,24.88652777777778,26.651944444444446,2.0,76.0,8.0,0.1052631578947368,1
2023-08-25,P008,20.0,0.0,4068.0,3780570.0,13.0,58.827222222222225,46.72472222222222,8.0,574.0,375.0,0.6533101045296167,1
2023-08-25,P009,118.0,59.0,2013075.0,732836.0,69.0,57.85029790660225,23.099444444444444,53.0,119.0,5.0,0.042016806722689,1
2023-08-25,P010,4.0,0.0,0.0,285862.0,3.0,294.52842592592594,224.99555555555557,3.0,70.0,54.0,0.7714285714285715,1
2023-08-25,P011,25.0,2.0,256683.0,909492.0,6.0,50.20546296296296,53.091944444444444,3.0,4.0,1.0,0.25,1
2023-09-01,P001,274.0,306.0,2395492.0,903513.0,273.0,42.176685999186,28.174166666666668,241.0,62.0,9.0,0.1451612903225806,1
2023-09-01,P002,64.0,7.0,665782.0,896359.0,98.0,36.48725115740741,17.081111111111113,54.0,1023.0,20.0,0.0195503421309872,1
2023-09-01,P003,12.0,0.0,115440.0,573258.0,37.0,119.32794294294294,52.02916666666667,9.0,223.0,17.0,0.0762331838565022,1
2023-09-01,P004,523.0,368.0,3509951.0,2211963.0,636.0,32.249581135724334,23.61888888888889,454.0,490.0,31.0,0.0632653061224489,1
2023-09-01,P005,94.0,43.0,365935.0,2486530.0,39.0,78.80854700854701,48.33888888888889,23.0,33.0,8.0,0.2424242424242424,1
2023-09-01,P006,114.0,301.0,1612564.0,214857.0,563.0,68.23265801127214,33.07069444444444,451.0,436.0,20.0,0.0458715596330275,1
2023-09-01,P007,8.0,2.0,18865.0,322916.0,1.0,87.05027777777778,87.05027777777778,0.0,45.0,4.0,0.0888888888888888,1
2023-09-01,P008,20.0,0.0,2501.0,3199496.0,15.0,23.296555555555553,12.473333333333333,10.0,598.0,349.0,0.5836120401337793,1
2023-09-01,P009,172.0,64.0,1238375.0,939730.0,128.0,58.189327256944445,27.701666666666668,97.0,211.0,12.0,0.0568720379146919,1
2023-09-01,P010,3.0,0.0,0.0,195770.0,1.0,335.5572222222222,335.5572222222222,0.0,63.0,44.0,0.6984126984126984,1
2023-09-01,P011,19.0,3.0,31721.0,1105005.0,5.0,153.78272222222222,54.295,2.0,9.0,1.0,0.1111111111111111,1
2023-09-08,P001,306.0,291.0,3123843.0,954382.0,260.0,47.16647542735042,29.560972222222222,225.0,62.0,9.0,0.1451612903225806,1
2023-09-08,P002,70.0,2.0,834013.0,872783.0,109.0,44.744949031600406,18.872222222222224,61.0,1023.0,20.0,0.0195503421309872,1
2023-09-08,P003,10.0,0.0,106363.0,1194951.0,30.0,113.84317592592592,52.31,8.0,223.0,17.0,0.0762331838565022,1
2023-09-08,P004,518.0,381.0,3079745.0,2265470.0,594.0,36.975532054897535,25.311666666666667,437.0,490.0,31.0,0.0632653061224489,1
2023-09-08,P005,112.0,37.0,640155.0,2802604.0,43.0,95.74849867724868,53.97847222222222,25.0,33.0,8.0,0.2424242424242424,1
2023-09-08,P006,140.0,306.0,1236191.0,381983.0,520.0,61.71079122922135,36.89083333333333,443.0,436.0,20.0,0.0458715596330275,1
2023-09-08,P007,6.0,1.0,14193.0,181539.0,1.0,262.70166666666665,262.70166666666665,0.0,45.0,4.0,0.0888888888888888,1
2023-09-08,P008,17.0,0.0,0.0,3352191.0,20.0,88.52970833333333,11.130694444444444,13.0,598.0,349.0,0.5836120401337793,1
2023-09-08,P009,88.0,49.0,1059866.0,676112.0,108.0,41.44555041152263,24.496944444444445,86.0,211.0,12.0,0.0568720379146919,1
2023-09-08,P010,3.0,0.0,0.0,153205.0,2.0,185.97416666666666,185.97416666666666,1.0,63.0,44.0,0.6984126984126984,1
2023-09-08,P011,21.0,1.0,46249.0,642637.0,4.0,89.6211111111111,72.97625,2.0,9.0,1.0,0.1111111111111111,1
2023-09-15,P001,314.0,282.0,2964217.0,1059948.0,259.0,50.41390283140283,32.70444444444445,228.0,62.0,9.0,0.1451612903225806,1
2023-09-15,P002,67.0,3.0,669166.0,881045.0,121.0,42.22345938375351,17.68111111111111,60.0,1023.0,20.0,0.0195503421309872,1
2023-09-15,P003,11.0,0.0,169029.0,906348.0,24.0,106.08197916666667,45.58958333333334,8.0,223.0,17.0,0.0762331838565022,1
2023-09-15,P004,509.0,367.0,3006186.0,2451627.0,594.0,32.590442473723726,23.979861111111113,427.0,490.0,31.0,0.0632653061224489,1
2023-09-15,P005,101.0,30.0,535620.0,2549776.0,34.0,66.1129820261438,44.069583333333334,18.0,33.0,8.0,0.2424242424242424,1
2023-09-15,P006,129.0,285.0,2273615.0,396223.0,521.0,67.38410651793525,36.74013888888889,424.0,436.0,20.0,0.0458715596330275,1
2023-09-15,P007,5.0,1.0,16987.0,120260.0,1.0,30.638055555555557,30.638055555555557,1.0,45.0,4.0,0.0888888888888888,1
2023-09-15,P008,16.0,0.0,5174.0,2841029.0,19.0,59.088406432748535,16.895555555555557,9.0,598.0,349.0,0.5836120401337793,1
2023-09-15,P009,130.0,50.0,980297.0,544531.0,101.0,31.27233223322332,18.46,77.0,211.0,12.0,0.0568720379146919,1
2023-09-15,P010,3.0,0.0,0.0,153205.0,1.0,21.99944444444445,21.99944444444445,0.0,63.0,44.0,0.6984126984126984,1
2023-09-15,P011,32.0,2.0,150654.0,1375117.0,5.0,171.91611111111112,59.73111111111111,2.0,9.0,1.0,0.1111111111111111,1
2023-09-22,P001,309.0,294.0,2924222.0,1084802.0,259.0,48.26087101636521,31.054444444444442,225.0,62.0,9.0,0.1451612903225806,1
2023-09-22,P002,60.0,6.0,848258.0,464684.0,104.0,42.15190399137001,16.974166666666665,49.0,1023.0,20.0,0.0195503421309872,1
2023-09-22,P003,16.0,0.0,125945.0,1289709.0,35.0,101.2559126984127,66.07444444444444,5.0,223.0,17.0,0.0762331838565022,1
2023-09-22,P004,481.0,388.0,3449565.0,2049363.0,602.0,32.352361806714896,23.524444444444445,442.0,490.0,31.0,0.0632653061224489,1
2023-09-22,P005,100.0,46.0,540292.0,2640302.0,28.0,97.04045634920635,48.66569444444444,14.0,33.0,8.0,0.2424242424242424,1
2023-09-22,P006,122.0,307.0,1410524.0,128990.0,520.0,66.45759203814593,34.17861111111111,427.0,436.0,20.0,0.0458715596330275,1
2023-09-22,P007,3.0,1.0,0.0,91393.0,1.0,83.30333333333333,83.30333333333333,0.0,45.0,4.0,0.0888888888888888,1
2023-09-22,P008,17.0,0.0,6655.0,2855289.0,10.0,36.07647222222222,27.81388888888889,7.0,598.0,349.0,0.5836120401337793,1
2023-09-22,P009,121.0,44.0,1632106.0,832630.0,111.0,52.763103103103106,20.804166666666667,87.0,211.0,12.0,0.0568720379146919,1
2023-09-22,P010,2.0,0.0,0.0,153205.0,1.0,36.56722222222222,36.56722222222222,1.0,63.0,44.0,0.6984126984126984,1
2023-09-22,P011,24.0,0.0,123450.0,879366.0,4.0,65.71743055555555,55.5,2.0,9.0,1.0,0.1111111111111111,1
2023-09-29,P001,323.0,305.0,1884763.0,1022758.0,255.0,49.173164488017434,31.506666666666668,215.0,112.0,11.0,0.0982142857142857,1
2023-09-29,P002,65.0,4.0,582870.0,850302.0,123.0,47.23869467028003,19.727222222222224,66.0,1072.0,30.0,0.0279850746268656,1
2023-09-29,P003,12.0,0.0,148979.0,1248597.0,30.0,142.4322222222222,94.17291666666665,7.0,244.0,11.0,0.0450819672131147,1
2023-09-29,P004,488.0,383.0,2826548.0,2052069.0,610.0,32.762080816401244,23.853055555555557,439.0,606.0,42.0,0.0693069306930693,1
2023-09-29,P005,100.0,41.0,777066.0,2554927.0,48.0,70.77409722222222,51.17791666666667,32.0,35.0,5.0,0.1428571428571428,1
2023-09-29,P006,128.0,299.0,1706002.0,281502.0,530.0,67.85026267529666,35.14666666666667,456.0,441.0,13.0,0.0294784580498866,1
2023-09-29,P007,5.0,1.0,116841.0,134428.0,2.0,37.52736111111111,37.52736111111111,1.0,25.0,1.0,0.04,1
2023-09-29,P008,14.0,0.0,183122.0,2481830.0,15.0,51.032380952380954,31.37166666666667,9.0,788.0,494.0,0.6269035532994924,1
2023-09-29,P009,121.0,52.0,1401743.0,552354.0,93.0,67.31881720430107,23.565833333333337,75.0,112.0,3.0,0.0267857142857142,1
2023-09-29,P010,5.0,0.0,0.0,238335.0,3.0,25.56962962962963,10.7925,3.0,87.0,69.0,0.7931034482758621,1
2023-09-29,P011,26.0,3.0,224663.0,1170114.0,2.0,89.53041666666667,89.53041666666667,2.0,8.0,2.0,0.25,1
2023-10-06,P001,294.0,298.0,2628001.0,514538.0,256.0,54.308583877995645,34.16694444444445,208.0,112.0,11.0,0.0982142857142857,1
2023-10-06,P002,63.0,1.0,1124621.0,592112.0,97.0,52.74814719358534,18.023611111111112,48.0,1072.0,30.0,0.0279850746268656,1
2023-10-06,P003,15.0,0.0,240332.0,1365726.0,31.0,120.22864695340502,54.665277777777774,8.0,244.0,11.0,0.0450819672131147,1
2023-10-06,P004,470.0,361.0,2809610.0,1919504.0,639.0,33.85000743657043,24.021944444444443,475.0,606.0,42.0,0.0693069306930693,1
2023-10-06,P005,111.0,53.0,165918.0,2716749.0,40.0,79.14009722222222,53.132777777777775,28.0,35.0,5.0,0.1428571428571428,1
2023-10-06,P006,119.0,287.0,2404825.0,178122.0,495.0,72.58563141683778,37.511944444444445,410.0,441.0,13.0,0.0294784580498866,1
2023-10-06,P007,7.0,0.0,44914.0,196853.0,1.0,75.10916666666667,75.10916666666667,0.0,25.0,1.0,0.04,1
2023-10-06,P008,19.0,0.0,2587.0,2792264.0,13.0,37.93211538461538,5.6875,2.0,788.0,494.0,0.6269035532994924,1
2023-10-06,P009,105.0,40.0,917236.0,652572.0,101.0,48.09418333333333,26.142222222222223,77.0,112.0,3.0,0.0267857142857142,1
2023-10-06,P010,2.0,0.0,0.0,0.0,6.0,155.58217592592592,24.658333333333335,6.0,87.0,69.0,0.7931034482758621,1
2023-10-06,P011,28.0,1.0,344069.0,816168.0,7.0,103.6522619047619,55.823055555555555,3.0,8.0,2.0,0.25,1
2023-10-13,P001,342.0,347.0,3522581.0,1207052.0,259.0,48.166471791559,31.070416666666667,225.0,112.0,11.0,0.0982142857142857,1
2023-10-13,P002,51.0,5.0,510408.0,630575.0,98.0,34.77881156930126,14.805,49.0,1072.0,30.0,0.0279850746268656,1
2023-10-13,P003,16.0,0.0,166257.0,1303302.0,32.0,116.00152777777778,55.54055555555556,3.0,244.0,11.0,0.0450819672131147,1
2023-10-13,P004,512.0,355.0,2987410.0,2302896.0,562.0,37.55729055258467,26.261666666666667,412.0,606.0,42.0,0.0693069306930693,1
2023-10-13,P005,99.0,44.0,438375.0,2530730.0,47.0,80.29342198581561,54.36055555555556,25.0,35.0,5.0,0.1428571428571428,1
2023-10-13,P006,102.0,276.0,1495927.0,375604.0,504.0,77.33951881902186,35.76694444444445,430.0,441.0,13.0,0.0294784580498866,1
2023-10-13,P007,3.0,1.0,0.0,116353.0,1.0,117.31416666666668,117.31416666666668,0.0,25.0,1.0,0.04,1
2023-10-13,P008,17.0,0.0,0.0,2858638.0,23.0,47.495,13.875833333333333,14.0,788.0,494.0,0.6269035532994924,1
2023-10-13,P009,99.0,41.0,1711230.0,571120.0,93.0,51.389637681159414,18.779861111111114,68.0,112.0,3.0,0.0267857142857142,1
2023-10-13,P010,4.0,1.0,0.0,298884.0,6.0,14.7725,4.759027777777778,6.0,87.0,69.0,0.7931034482758621,1
2023-10-13,P011,18.0,1.0,25736.0,574650.0,2.0,103.31833333333336,103.31833333333336,1.0,8.0,2.0,0.25,1
2023-10-20,P001,289.0,297.0,2865435.0,1083171.0,274.0,39.611267806267804,26.37361111111111,231.0,112.0,11.0,0.0982142857142857,1
2023-10-20,P002,67.0,4.0,671076.0,1014271.0,110.0,40.7424260958206,18.388055555555557,64.0,1072.0,30.0,0.0279850746268656,1
2023-10-20,P003,14.0,0.0,100493.0,1333946.0,38.0,95.18949561403508,65.56222222222222,8.0,244.0,11.0,0.0450819672131147,1
2023-10-20,P004,510.0,363.0,3469808.0,2430819.0,616.0,32.90652755046372,23.579444444444444,458.0,606.0,42.0,0.0693069306930693,1
2023-10-20,P005,102.0,46.0,378865.0,2852252.0,39.0,99.33271367521368,57.87916666666667,26.0,35.0,5.0,0.1428571428571428,1
2023-10-20,P006,118.0,238.0,1874255.0,409934.0,427.0,76.4933082010582,38.94736111111111,337.0,441.0,13.0,0.0294784580498866,1
2023-10-20,P007,4.0,0.0,2460.0,171383.0,1.0,317.0036111111111,317.0036111111111,1.0,25.0,1.0,0.04,1
2023-10-20,P008,23.0,0.0,2501.0,3737951.0,12.0,129.16377314814815,15.473611111111111,6.0,788.0,494.0,0.6269035532994924,1
2023-10-20,P009,107.0,49.0,1057714.0,694550.0,100.0,56.42153479236813,25.713333333333335,77.0,112.0,3.0,0.0267857142857142,1
2023-10-20,P010,5.0,0.0,0.0,512141.0,0.0,,,0.0,87.0,69.0,0.7931034482758621,1
2023-10-20,P011,23.0,4.0,151897.0,931681.0,6.0,176.27995370370368,102.75069444444446,0.0,8.0,2.0,0.25,1
2023-10-27,P001,300.0,299.0,2879625.0,961148.0,260.0,47.560498712998715,33.23916666666667,223.0,112.0,11.0,0.0982142857142857,1
2023-10-27,P002,72.0,8.0,691542.0,953530.0,86.0,34.903924836601306,15.670555555555556,42.0,1072.0,30.0,0.0279850746268656,1
2023-10-27,P003,9.0,0.0,165792.0,524619.0,26.0,89.1243376068376,49.036388888888894,6.0,244.0,11.0,0.0450819672131147,1
2023-10-27,P004,514.0,363.0,3279622.0,2238401.0,615.0,35.190590900851916,23.799444444444443,453.0,606.0,42.0,0.0693069306930693,1
2023-10-27,P005,98.0,45.0,328940.0,3174320.0,43.0,67.66117571059432,51.84,24.0,35.0,5.0,0.1428571428571428,1
2023-10-27,P006,112.0,291.0,1535777.0,386449.0,494.0,65.66319618055556,36.10333333333334,417.0,441.0,13.0,0.0294784580498866,1
2023-10-27,P007,4.0,1.0,15113.0,70358.0,3.0,11.864074074074074,13.212222222222222,2.0,25.0,1.0,0.04,1
2023-10-27,P008,18.0,0.0,2587.0,2636839.0,16.0,39.91605902777778,24.844166666666666,7.0,788.0,494.0,0.6269035532994924,1
2023-10-27,P009,136.0,59.0,967864.0,867314.0,99.0,55.56503086419753,22.69611111111111,72.0,112.0,3.0,0.0267857142857142,1
2023-10-27,P010,2.0,0.0,0.0,122931.0,2.0,82.38527777777779,82.38527777777779,0.0,87.0,69.0,0.7931034482758621,1
2023-10-27,P011,22.0,2.0,65027.0,894221.0,9.0,117.95302469135802,73.8075,2.0,8.0,2.0,0.25,1
2023-11-03,P001,299.0,280.0,2943609.0,927084.0,249.0,47.078148521505376,30.462083333333332,207.0,108.0,10.0,0.0925925925925925,1
2023-11-03,P002,65.0,5.0,733512.0,965012.0,107.0,51.59431204569055,19.308333333333337,50.0,812.0,16.0,0.0197044334975369,1
2023-11-03,P003,12.0,0.0,173507.0,621886.0,28.0,69.09453373015873,41.76222222222222,5.0,246.0,22.0,0.089430894308943,1
2023-11-03,P004,478.0,354.0,3143626.0,2475073.0,630.0,33.22457735247209,23.7575,464.0,780.0,42.0,0.0538461538461538,1
2023-11-03,P005,87.0,45.0,472513.0,2284385.0,44.0,68.27459595959596,52.216944444444444,22.0,20.0,1.0,0.05,1
2023-11-03,P006,142.0,309.0,2237269.0,326857.0,501.0,64.85031616982836,34.47763888888889,428.0,286.0,9.0,0.0314685314685314,1
2023-11-03,P007,6.0,0.0,1874.0,207626.0,1.0,117.48444444444443,117.48444444444443,0.0,37.0,6.0,0.1621621621621621,1
2023-11-03,P008,12.0,0.0,2587.0,2508026.0,16.0,25.545416666666668,16.2575,10.0,553.0,293.0,0.5298372513562387,1
2023-11-03,P009,104.0,45.0,1164044.0,660277.0,117.0,43.950054605887935,24.379722222222224,94.0,134.0,1.0,0.0074626865671641,1
2023-11-03,P010,1.0,0.0,0.0,72839.0,0.0,,,0.0,99.0,84.0,0.8484848484848485,1
2023-11-03,P011,18.0,1.0,16055.0,1025315.0,6.0,83.9787037037037,56.64333333333333,2.0,2.0,0.0,0.0,1
2023-11-10,P001,289.0,248.0,3505967.0,794935.0,251.0,47.71116019634092,30.4425,210.0,108.0,10.0,0.0925925925925925,1
2023-11-10,P002,75.0,6.0,1172667.0,924703.0,94.0,38.74822695035461,15.937222222222221,56.0,812.0,16.0,0.0197044334975369,1
2023-11-10,P003,8.0,0.0,76717.0,617126.0,42.0,76.8818253968254,38.88791666666667,13.0,246.0,22.0,0.089430894308943,1
2023-11-10,P004,511.0,365.0,3494088.0,2139765.0,574.0,35.07663845106052,25.028055555555557,431.0,780.0,42.0,0.0538461538461538,1
2023-11-10,P005,89.0,39.0,454304.0,2353905.0,47.0,101.57800827423168,58.8275,26.0,20.0,1.0,0.05,1
2023-11-10,P006,116.0,313.0,1402442.0,286392.0,512.0,64.54137829094155,35.49597222222222,437.0,286.0,9.0,0.0314685314685314,1
2023-11-10,P007,7.0,1.0,8422.0,290852.0,0.0,,,0.0,37.0,6.0,0.1621621621621621,1
2023-11-10,P008,16.0,0.0,7761.0,2426880.0,18.0,68.34703703703704,10.517777777777777,12.0,553.0,293.0,0.5298372513562387,1
2023-11-10,P009,166.0,68.0,1702212.0,1125123.0,107.0,37.4648701973001,19.393333333333334,83.0,134.0,1.0,0.0074626865671641,1
2023-11-10,P010,1.0,0.0,0.0,80366.0,0.0,,,0.0,99.0,84.0,0.8484848484848485,1
2023-11-10,P011,22.0,0.0,119555.0,951180.0,6.0,98.99861111111112,62.864583333333336,3.0,2.0,0.0,0.0,1
2023-11-17,P001,293.0,263.0,2229432.0,926142.0,221.0,62.448182503770745,41.76277777777778,195.0,108.0,10.0,0.0925925925925925,1
2023-11-17,P002,72.0,4.0,772375.0,1054935.0,121.0,40.064171296296294,16.23361111111111,63.0,812.0,16.0,0.0197044334975369,1
2023-11-17,P003,9.0,0.0,136457.0,876672.0,36.0,91.67896604938272,52.30361111111111,5.0,246.0,22.0,0.089430894308943,1
2023-11-17,P004,509.0,379.0,2803781.0,2372999.0,589.0,33.57379645430413,24.86125,419.0,780.0,42.0,0.0538461538461538,1
2023-11-17,P005,102.0,48.0,485216.0,2414796.0,39.0,80.46925438596492,50.147083333333335,19.0,20.0,1.0,0.05,1
2023-11-17,P006,88.0,289.0,1468040.0,131500.0,530.0,61.27003074433657,32.28805555555556,413.0,286.0,9.0,0.0314685314685314,1
2023-11-17,P007,7.0,0.0,85662.0,202729.0,2.0,41.63236111111111,41.63236111111111,0.0,37.0,6.0,0.1621621621621621,1
2023-11-17,P008,20.0,0.0,145359.0,3281670.0,20.0,25.821722222222224,7.530277777777778,12.0,553.0,293.0,0.5298372513562387,1
2023-11-17,P009,116.0,30.0,1198678.0,864644.0,117.0,42.189366096866095,17.869722222222222,93.0,134.0,1.0,0.0074626865671641,1
2023-11-17,P010,0.0,0.0,0.0,0.0,4.0,6.193819444444444,5.811527777777778,4.0,99.0,84.0,0.8484848484848485,1
2023-11-17,P011,20.0,2.0,194780.0,564515.0,2.0,141.69805555555556,141.69805555555556,1.0,2.0,0.0,0.0,1
2023-11-24,P001,298.0,299.0,2848321.0,649521.0,228.0,50.783608674463935,36.01638888888889,186.0,108.0,10.0,0.0925925925925925,1
2023-11-24,P002,64.0,6.0,633840.0,518071.0,89.0,29.202376893939398,17.015694444444442,46.0,812.0,16.0,0.0197044334975369,1
2023-11-24,P003,3.0,0.0,61860.0,99421.0,32.0,110.20978298611111,54.895138888888894,7.0,246.0,22.0,0.089430894308943,1
2023-11-24,P004,506.0,363.0,3345515.0,2146856.0,631.0,33.823768959435625,25.169027777777778,442.0,780.0,42.0,0.0538461538461538,1
2023-11-24,P005,107.0,37.0,305804.0,3120456.0,48.0,96.06730902777777,50.62430555555555,24.0,20.0,1.0,0.05,1
2023-11-24,P006,89.0,239.0,1438678.0,209767.0,422.0,68.22151324682346,37.5075,336.0,286.0,9.0,0.0314685314685314,1
2023-11-24,P007,8.0,0.0,19706.0,425618.0,0.0,,,0.0,37.0,6.0,0.1621621621621621,1
2023-11-24,P008,8.0,0.0,0.0,1494978.0,18.0,33.97461419753087,23.89277777777778,8.0,553.0,293.0,0.5298372513562387,1
2023-11-24,P009,101.0,39.0,1080341.0,679504.0,92.0,37.89671195652174,16.63375,72.0,134.0,1.0,0.0074626865671641,1
2023-11-24,P010,1.0,0.0,0.0,80366.0,4.0,103.69743055555556,7.187361111111111,4.0,99.0,84.0,0.8484848484848485,1
2023-11-24,P011,24.0,3.0,143757.0,864181.0,7.0,53.07400793650794,39.31305555555556,2.0,2.0,0.0,0.0,1
2023-12-01,P001,307.0,300.0,3155095.0,1052031.0,275.0,49.25826414326414,34.29083333333333,231.0,54.0,9.0,0.1666666666666666,1
2023-12-01,P002,72.0,3.0,813595.0,968837.0,116.0,41.49950909961686,19.860416666666666,52.0,599.0,23.0,0.0383973288814691,1
2023-12-01,P003,8.0,0.0,164631.0,910329.0,38.0,110.52527046783626,49.21930555555556,5.0,162.0,11.0,0.0679012345679012,1
2023-12-01,P004,492.0,357.0,2970872.0,2351256.0,564.0,38.764619414788456,25.912638888888885,415.0,905.0,59.0,0.0651933701657458,1
2023-12-01,P005,110.0,36.0,462007.0,2957369.0,37.0,75.01116366366367,48.971666666666664,22.0,6.0,0.0,0.0,1
2023-12-01,P006,161.0,352.0,2406463.0,360021.0,435.0,75.39339773614364,43.43361111111111,360.0,445.0,12.0,0.0269662921348314,1
2023-12-01,P007,8.0,0.0,96212.0,289385.0,1.0,275.49694444444447,275.49694444444447,0.0,45.0,8.0,0.1777777777777777,1
2023-12-01,P008,12.0,0.0,280684.0,1758236.0,20.0,46.91795321637427,9.119444444444444,10.0,485.0,280.0,0.5773195876288659,1
2023-12-01,P009,156.0,52.0,1801208.0,1040661.0,119.0,41.26164332399627,17.41861111111111,92.0,43.0,2.0,0.0465116279069767,1
2023-12-01,P010,0.0,1.0,0.0,0.0,4.0,90.42090277777778,45.59027777777778,3.0,63.0,54.0,0.8571428571428571,1
2023-12-01,P011,22.0,0.0,186578.0,645673.0,5.0,78.94761111111112,52.30083333333334,2.0,14.0,2.0,0.1428571428571428,1
2023-12-08,P001,304.0,307.0,3226064.0,685486.0,266.0,51.9723857442348,34.14222222222222,228.0,54.0,9.0,0.1666666666666666,1
2023-12-08,P002,62.0,1.0,546422.0,734774.0,90.0,49.156814814814815,19.412222222222223,52.0,599.0,23.0,0.0383973288814691,1
2023-12-08,P003,8.0,0.0,94100.0,518287.0,33.0,146.92844276094277,104.10694444444444,10.0,162.0,11.0,0.0679012345679012,1
2023-12-08,P004,475.0,353.0,3222430.0,2270362.0,570.0,37.758680185514116,25.238333333333333,423.0,905.0,59.0,0.0651933701657458,1
2023-12-08,P005,103.0,28.0,409345.0,2998874.0,33.0,72.88599326599326,53.3475,21.0,6.0,0.0,0.0,1
2023-12-08,P006,106.0,311.0,1367671.0,142968.0,615.0,61.18883111480866,31.901666666666667,501.0,445.0,12.0,0.0269662921348314,1
2023-12-08,P007,3.0,1.0,0.0,128302.0,1.0,38.18666666666667,38.18666666666667,0.0,45.0,8.0,0.1777777777777777,1
2023-12-08,P008,7.0,0.0,4068.0,1571810.0,14.0,84.07446428571428,19.84638888888889,6.0,485.0,280.0,0.5773195876288659,1
2023-12-08,P009,75.0,40.0,1083458.0,433050.0,107.0,43.01471703011423,17.76861111111111,81.0,43.0,2.0,0.0465116279069767,1
2023-12-08,P010,0.0,0.0,0.0,0.0,2.0,12.414722222222222,12.414722222222222,1.0,63.0,54.0,0.8571428571428571,1
2023-12-08,P011,23.0,0.0,125502.0,781397.0,5.0,132.94372222222222,96.47361111111113,3.0,14.0,2.0,0.1428571428571428,1
2023-12-15,P001,312.0,287.0,3807476.0,785945.0,277.0,46.34111614331723,29.387777777777778,238.0,54.0,9.0,0.1666666666666666,1
2023-12-15,P002,59.0,3.0,593898.0,885363.0,87.0,49.038991060025545,17.419166666666666,49.0,599.0,23.0,0.0383973288814691,1
2023-12-15,P003,7.0,0.0,16869.0,458912.0,38.0,77.4398245614035,38.434444444444445,12.0,162.0,11.0,0.0679012345679012,1
2023-12-15,P004,503.0,377.0,3930419.0,2063297.0,562.0,41.389425662317116,26.56875,418.0,905.0,59.0,0.0651933701657458,1
2023-12-15,P005,100.0,52.0,612714.0,2815124.0,25.0,63.07814444444444,47.66638888888889,13.0,6.0,0.0,0.0,1
2023-12-15,P006,124.0,302.0,1852377.0,169407.0,541.0,57.56547108208955,32.735,448.0,445.0,12.0,0.0269662921348314,1
2023-12-15,P007,4.0,0.0,4490.0,140917.0,1.0,33.72638888888889,33.72638888888889,0.0,45.0,8.0,0.1777777777777777,1
2023-12-15,P008,17.0,0.0,192.0,3376608.0,18.0,47.52118827160494,11.832361111111112,13.0,485.0,280.0,0.5773195876288659,1
2023-12-15,P009,102.0,34.0,1220350.0,555163.0,113.0,52.450206489675516,22.23,85.0,43.0,2.0,0.0465116279069767,1
2023-12-15,P010,2.0,0.0,0.0,80366.0,1.0,6.6274999999999995,6.6274999999999995,1.0,63.0,54.0,0.8571428571428571,1
2023-12-15,P011,23.0,1.0,41696.0,1011137.0,2.0,249.3179166666667,249.3179166666667,1.0,14.0,2.0,0.1428571428571428,1
2023-12-22,P001,297.0,276.0,2025020.0,875559.0,255.0,54.363321350762526,32.24638888888889,220.0,54.0,9.0,0.1666666666666666,1
2023-12-22,P002,63.0,3.0,730888.0,747353.0,114.0,42.67034169124877,16.663888888888888,63.0,599.0,23.0,0.0383973288814691,1
2023-12-22,P003,2.0,0.0,147364.0,0.0,37.0,80.60334084084084,30.84888888888889,11.0,162.0,11.0,0.0679012345679012,1
2023-12-22,P004,517.0,384.0,3157291.0,2290487.0,578.0,34.11196759259259,25.648333333333333,433.0,905.0,59.0,0.0651933701657458,1
2023-12-22,P005,118.0,43.0,506977.0,2851239.0,48.0,69.85852430555556,48.828611111111115,28.0,6.0,0.0,0.0,1
2023-12-22,P006,87.0,265.0,975335.0,196513.0,534.0,65.05155703141472,33.55694444444445,457.0,445.0,12.0,0.0269662921348314,1
2023-12-22,P007,11.0,1.0,41863.0,308867.0,0.0,,,0.0,45.0,8.0,0.1777777777777777,1
2023-12-22,P008,13.0,0.0,9242.0,2407634.0,25.0,42.14997777777778,18.754444444444445,17.0,485.0,280.0,0.5773195876288659,1
2023-12-22,P009,99.0,47.0,510324.0,545634.0,124.0,35.55360887096774,16.094305555555557,107.0,43.0,2.0,0.0465116279069767,1
2023-12-22,P010,2.0,1.0,0.0,145678.0,5.0,46.69905555555555,5.631666666666667,5.0,63.0,54.0,0.8571428571428571,1
2023-12-22,P011,20.0,2.0,115611.0,1023495.0,3.0,75.02,65.02833333333334,1.0,14.0,2.0,0.1428571428571428,1
2023-12-29,P001,303.0,268.0,3765821.0,765523.0,249.0,48.145142793395806,31.47861111111111,213.0,70.0,3.0,0.0428571428571428,1
2023-12-29,P002,71.0,5.0,788511.0,780818.0,116.0,35.50692512077295,21.43861111111111,65.0,948.0,32.0,0.0337552742616033,1
2023-12-29,P003,7.0,0.0,505918.0,399582.0,29.0,78.08873563218391,57.613055555555555,10.0,284.0,11.0,0.0387323943661971,1
2023-12-29,P004,483.0,353.0,3099488.0,2039538.0,624.0,37.54010411057261,25.910833333333333,457.0,624.0,31.0,0.0496794871794871,1
2023-12-29,P005,98.0,46.0,445757.0,2744645.0,44.0,66.63469065656567,49.26375,24.0,14.0,2.0,0.1428571428571428,1
2023-12-29,P006,69.0,248.0,946234.0,114956.0,464.0,77.45908035497204,46.885555555555555,401.0,282.0,12.0,0.0425531914893617,1
2023-12-29,P007,7.0,0.0,0.0,153945.0,1.0,24.912777777777777,24.912777777777777,1.0,36.0,4.0,0.1111111111111111,1
2023-12-29,P008,16.0,0.0,5174.0,2991375.0,19.0,42.508099415204676,17.45888888888889,10.0,533.0,276.0,0.5178236397748592,1
2023-12-29,P009,97.0,35.0,1160134.0,655740.0,107.0,47.47944963655244,22.78388888888889,88.0,95.0,5.0,0.0526315789473684,1
2023-12-29,P010,2.0,1.0,0.0,72839.0,3.0,30.14657407407407,7.193888888888889,3.0,115.0,99.0,0.8608695652173913,1
2023-12-29,P011,23.0,4.0,142780.0,640729.0,4.0,78.06979166666667,79.21472222222222,2.0,7.0,1.0,0.1428571428571428,1
2024-01-05,P001,288.0,197.0,2605462.0,613956.0,226.0,54.999241975308635,31.727777777777774,189.0,70.0,3.0,0.0428571428571428,1
2024-01-05,P002,55.0,2.0,568257.0,421708.0,108.0,35.78075804776739,21.038888888888888,58.0,948.0,32.0,0.0337552742616033,1
2024-01-05,P003,12.0,0.0,187556.0,689890.0,39.0,66.54008547008546,33.12305555555555,9.0,284.0,11.0,0.0387323943661971,1
2024-01-05,P004,488.0,344.0,2902441.0,2329250.0,580.0,35.412732928240736,24.862916666666663,436.0,624.0,31.0,0.0496794871794871,1
2024-01-05,P005,97.0,38.0,284481.0,2970100.0,44.0,78.04589015151515,52.45305555555555,20.0,14.0,2.0,0.1428571428571428,1
2024-01-05,P006,120.0,279.0,2007256.0,301448.0,413.0,76.8193158690869,40.8625,330.0,282.0,12.0,0.0425531914893617,1
2024-01-05,P007,8.0,0.0,16987.0,182152.0,1.0,128.5,128.5,0.0,36.0,4.0,0.1111111111111111,1
2024-01-05,P008,16.0,0.0,5174.0,2778044.0,13.0,35.35858974358974,9.304722222222225,9.0,533.0,276.0,0.5178236397748592,1
2024-01-05,P009,108.0,47.0,976165.0,993435.0,98.0,34.96851757369615,21.983194444444443,76.0,95.0,5.0,0.0526315789473684,1
2024-01-05,P010,0.0,2.0,0.0,0.0,1.0,7.855277777777777,7.855277777777777,1.0,115.0,99.0,0.8608695652173913,1
2024-01-05,P011,28.0,0.0,88453.0,1115226.0,9.0,90.47947530864197,70.915,3.0,7.0,1.0,0.1428571428571428,1
2024-01-12,P001,298.0,211.0,2339490.0,741135.0,166.0,76.8758888888889,61.062222222222225,139.0,70.0,3.0,0.0428571428571428,1
2024-01-12,P002,53.0,3.0,565542.0,532609.0,103.0,33.43396709816613,17.040277777777778,61.0,948.0,32.0,0.0337552742616033,1
2024-01-12,P003,3.0,0.0,0.0,4567.0,29.0,86.8363988095238,50.45097222222222,7.0,284.0,11.0,0.0387323943661971,1
2024-01-12,P004,527.0,347.0,3770360.0,2746143.0,549.0,37.66713148824007,25.22333333333333,392.0,624.0,31.0,0.0496794871794871,1
2024-01-12,P005,89.0,39.0,398852.0,2359998.0,37.0,85.23188438438439,52.24722222222222,18.0,14.0,2.0,0.1428571428571428,1
2024-01-12,P006,124.0,333.0,2304782.0,152729.0,537.0,67.26459947089947,38.32694444444444,439.0,282.0,12.0,0.0425531914893617,1
2024-01-12,P007,6.0,0.0,0.0,267364.0,2.0,111.51736111111111,111.51736111111111,0.0,36.0,4.0,0.1111111111111111,1
2024-01-12,P008,11.0,0.0,203424.0,1605311.0,15.0,23.830814814814815,11.596111111111112,10.0,533.0,276.0,0.5178236397748592,1
2024-01-12,P009,101.0,33.0,1403632.0,917814.0,131.0,38.632838070628765,17.37472222222222,101.0,95.0,5.0,0.0526315789473684,1
2024-01-12,P010,0.0,3.0,0.0,0.0,3.0,42.38842592592592,8.30638888888889,2.0,115.0,99.0,0.8608695652173913,1
2024-01-12,P011,25.0,3.0,240738.0,1151561.0,6.0,63.01726851851853,30.460277777777776,2.0,7.0,1.0,0.1428571428571428,1
2024-01-19,P001,301.0,271.0,3179837.0,991009.0,191.0,64.32096858638744,44.40222222222222,163.0,70.0,3.0,0.0428571428571428,1
2024-01-19,P002,58.0,4.0,581331.0,724104.0,106.0,33.67691005291005,19.44333333333333,61.0,948.0,32.0,0.0337552742616033,1
2024-01-19,P003,6.0,0.0,10773.0,751125.0,35.0,73.21353174603175,57.54527777777778,7.0,284.0,11.0,0.0387323943661971,1
2024-01-19,P004,505.0,351.0,3092950.0,2359288.0,576.0,37.00132683730852,24.49222222222222,411.0,624.0,31.0,0.0496794871794871,1
2024-01-19,P005,87.0,47.0,486708.0,2800518.0,35.0,83.82522222222222,68.62444444444445,17.0,14.0,2.0,0.1428571428571428,1
2024-01-19,P006,126.0,324.0,2313574.0,72495.0,549.0,61.988080524344575,34.8775,457.0,282.0,12.0,0.0425531914893617,1
2024-01-19,P007,7.0,0.0,99183.0,175590.0,0.0,,,0.0,36.0,4.0,0.1111111111111111,1
2024-01-19,P008,16.0,0.0,2587.0,2673518.0,15.0,38.315240740740734,12.0,5.0,533.0,276.0,0.5178236397748592,1
2024-01-19,P009,104.0,41.0,1352667.0,607748.0,118.0,39.112010921177585,18.124166666666667,93.0,95.0,5.0,0.0526315789473684,1
2024-01-19,P010,0.0,1.0,0.0,0.0,3.0,9.298796296296297,6.850833333333333,3.0,115.0,99.0,0.8608695652173913,1
2024-01-19,P011,22.0,2.0,245147.0,831137.0,7.0,126.12345238095239,89.12833333333333,3.0,7.0,1.0,0.1428571428571428,1
2024-01-26,P001,314.0,296.0,2448453.0,1110862.0,246.0,51.56536281179138,27.746666666666663,209.0,70.0,3.0,0.0428571428571428,1
2024-01-26,P002,69.0,7.0,574400.0,729704.0,88.0,38.05290404040404,17.584305555555552,49.0,948.0,32.0,0.0337552742616033,1
2024-01-26,P003,10.0,0.0,127202.0,638115.0,31.0,62.99341397849462,45.089166666666664,7.0,284.0,11.0,0.0387323943661971,1
2024-01-26,P004,514.0,362.0,2934046.0,2019444.0,578.0,34.52463379469435,25.16097222222222,434.0,624.0,31.0,0.0496794871794871,1
2024-01-26,P005,85.0,41.0,241719.0,2533954.0,41.0,71.91535416666667,51.66819444444444,29.0,14.0,2.0,0.1428571428571428,1
2024-01-26,P006,139.0,315.0,1729362.0,294470.0,532.0,73.65665647790648,36.98902777777778,440.0,282.0,12.0,0.0425531914893617,1
2024-01-26,P007,10.0,0.0,8669.0,303719.0,0.0,,,0.0,36.0,4.0,0.1111111111111111,1
2024-01-26,P008,10.0,0.0,2587.0,1343423.0,11.0,49.38881313131313,17.741666666666667,7.0,533.0,276.0,0.5178236397748592,1
2024-01-26,P009,95.0,39.0,1151876.0,479327.0,105.0,30.626142857142856,17.435277777777777,90.0,95.0,5.0,0.0526315789473684,1
2024-01-26,P010,1.0,1.0,0.0,72839.0,2.0,8.869305555555556,8.869305555555556,2.0,115.0,99.0,0.8608695652173913,1
2024-01-26,P011,29.0,2.0,254022.0,826616.0,6.0,109.29847222222223,75.56444444444445,1.0,7.0,1.0,0.1428571428571428,1
2024-02-02,P001,304.0,257.0,3346251.0,1080052.0,263.0,46.98103400929447,32.73694444444445,223.0,84.0,11.0,0.1309523809523809,1
2024-02-02,P002,51.0,3.0,556927.0,684751.0,117.0,35.46699905033238,18.06138888888889,57.0,836.0,22.0,0.0263157894736842,1
2024-02-02,P003,16.0,0.0,382216.0,545094.0,28.0,69.07503968253968,51.970555555555556,6.0,242.0,15.0,0.0619834710743801,1
2024-02-02,P004,491.0,359.0,4219347.0,2431532.0,601.0,36.49765555555555,25.038194444444443,451.0,919.0,42.0,0.0457018498367791,1
2024-02-02,P005,80.0,40.0,461700.0,2261950.0,42.0,87.52166666666666,68.49097222222223,21.0,19.0,2.0,0.1052631578947368,1
2024-02-02,P006,71.0,273.0,1554845.0,57955.0,535.0,76.57174416066361,34.581944444444446,452.0,453.0,21.0,0.0463576158940397,1
2024-02-02,P007,8.0,1.0,18548.0,362425.0,0.0,,,0.0,49.0,6.0,0.1224489795918367,1
2024-02-02,P008,13.0,0.0,5174.0,2787607.0,9.0,14.151111111111112,5.660555555555556,4.0,603.0,294.0,0.4875621890547263,1
2024-02-02,P009,103.0,44.0,766827.0,701165.0,117.0,41.86347815764483,18.68166666666667,96.0,97.0,3.0,0.0309278350515463,1
2024-02-02,P010,1.0,1.0,0.0,72839.0,3.0,11.486111111111109,6.1819444444444445,3.0,110.0,96.0,0.8727272727272727,1
2024-02-02,P011,23.0,4.0,190686.0,592364.0,6.0,106.51847222222221,64.76569444444445,2.0,6.0,0.0,0.0,1
2024-02-09,P001,328.0,265.0,3770033.0,855356.0,226.0,49.41431538839725,36.132777777777775,200.0,84.0,11.0,0.1309523809523809,1
2024-02-09,P002,53.0,2.0,881374.0,686105.0,101.0,35.405720572057206,15.911944444444444,55.0,836.0,22.0,0.0263157894736842,1
2024-02-09,P003,10.0,0.0,71737.0,1073482.0,37.0,65.02773273273274,42.61055555555556,7.0,242.0,15.0,0.0619834710743801,1
2024-02-09,P004,528.0,339.0,3266949.0,2377212.0,583.0,37.02176837459221,25.5225,432.0,919.0,42.0,0.0457018498367791,1
2024-02-09,P005,112.0,50.0,668219.0,3135201.0,37.0,75.7623948948949,59.255,16.0,19.0,2.0,0.1052631578947368,1
2024-02-09,P006,112.0,275.0,1667917.0,202532.0,389.0,79.29212204007287,36.146388888888886,314.0,453.0,21.0,0.0463576158940397,1
2024-02-09,P007,6.0,0.0,1874.0,187098.0,2.0,52.80375,52.80375,0.0,49.0,6.0,0.1224489795918367,1
2024-02-09,P008,11.0,0.0,7761.0,1893858.0,15.0,25.778129629629632,8.88111111111111,13.0,603.0,294.0,0.4875621890547263,1
2024-02-09,P009,98.0,46.0,1148138.0,513500.0,108.0,41.69255144032922,20.44236111111111,90.0,97.0,3.0,0.0309278350515463,1
2024-02-09,P010,1.0,1.0,0.0,72839.0,3.0,11.230185185185185,9.525277777777776,3.0,110.0,96.0,0.8727272727272727,1
2024-02-09,P011,21.0,3.0,155899.0,1032905.0,11.0,67.98911616161617,69.82666666666667,6.0,6.0,0.0,0.0,1
2024-02-16,P001,322.0,289.0,2824221.0,827664.0,241.0,44.836567542646385,28.8175,203.0,84.0,11.0,0.1309523809523809,1
2024-02-16,P002,60.0,2.0,912110.0,484041.0,100.0,40.82520202020202,17.53472222222222,37.0,836.0,22.0,0.0263157894736842,1
2024-02-16,P003,14.0,0.0,355549.0,1131632.0,41.0,104.65621273712738,44.98,9.0,242.0,15.0,0.0619834710743801,1
2024-02-16,P004,520.0,351.0,3671217.0,2506089.0,578.0,39.3373497584541,26.45916666666667,412.0,919.0,42.0,0.0457018498367791,1
2024-02-16,P005,110.0,42.0,537523.0,3202714.0,48.0,94.18637152777778,73.01041666666666,25.0,19.0,2.0,0.1052631578947368,1
2024-02-16,P006,130.0,298.0,1722691.0,161979.0,449.0,108.02548393574298,43.07,368.0,453.0,21.0,0.0463576158940397,1
2024-02-16,P007,10.0,0.0,3748.0,328503.0,1.0,46.46111111111111,46.46111111111111,0.0,49.0,6.0,0.1224489795918367,1
2024-02-16,P008,11.0,0.0,5174.0,1686365.0,13.0,101.14585470085468,15.469722222222222,3.0,603.0,294.0,0.4875621890547263,1
2024-02-16,P009,118.0,45.0,1116307.0,890896.0,133.0,45.857142255892256,18.064027777777778,109.0,97.0,3.0,0.0309278350515463,1
2024-02-16,P010,0.0,0.0,0.0,0.0,4.0,22.64701388888889,9.507638888888888,3.0,110.0,96.0,0.8727272727272727,1
2024-02-16,P011,21.0,5.0,67702.0,771319.0,3.0,106.23898148148147,101.95916666666666,1.0,6.0,0.0,0.0,1
2024-02-23,P001,303.0,277.0,3490834.0,663903.0,263.0,48.71573088297423,34.67527777777778,225.0,84.0,11.0,0.1309523809523809,1
2024-02-23,P002,59.0,5.0,372424.0,574140.0,103.0,35.334848975188784,22.080277777777777,49.0,836.0,22.0,0.0263157894736842,1
2024-02-23,P003,5.0,0.0,0.0,133984.0,36.0,121.27487654320988,62.99597222222222,8.0,242.0,15.0,0.0619834710743801,1
2024-02-23,P004,515.0,345.0,3557298.0,2197121.0,588.0,36.04319040835708,26.74888888888889,424.0,919.0,42.0,0.0457018498367791,1
2024-02-23,P005,108.0,37.0,758365.0,2977266.0,33.0,87.38553872053872,52.852777777777774,16.0,19.0,2.0,0.1052631578947368,1
2024-02-23,P006,121.0,282.0,1847403.0,163994.0,333.0,140.1329755625879,52.74652777777778,258.0,453.0,21.0,0.0463576158940397,1
2024-02-23,P007,5.0,1.0,70626.0,73814.0,0.0,,,0.0,49.0,6.0,0.1224489795918367,1
2024-02-23,P008,14.0,0.0,202570.0,1963963.0,13.0,53.95081196581196,5.810555555555555,5.0,603.0,294.0,0.4875621890547263,1
2024-02-23,P009,117.0,35.0,1045115.0,668141.0,89.0,68.7000284090909,28.82944444444444,70.0,97.0,3.0,0.0309278350515463,1
2024-02-23,P010,0.0,0.0,0.0,0.0,3.0,19.453518518518518,22.235833333333332,3.0,110.0,96.0,0.8727272727272727,1
2024-02-23,P011,23.0,2.0,367586.0,614483.0,10.0,69.17969444444445,46.516111111111115,2.0,6.0,0.0,0.0,1
2024-03-01,P001,293.0,289.0,3589661.0,997916.0,227.0,46.0633075221239,28.62777777777778,197.0,98.0,12.0,0.1224489795918367,1
2024-03-01,P002,58.0,6.0,731833.0,690130.0,111.0,41.244519519519514,20.264166666666668,49.0,1018.0,22.0,0.0216110019646365,1
2024-03-01,P003,14.0,0.0,281917.0,1179455.0,35.0,103.07590476190477,73.0325,12.0,272.0,19.0,0.0698529411764705,1
2024-03-01,P004,521.0,328.0,3367652.0,2612478.0,589.0,36.81489565465981,26.211666666666662,426.0,662.0,46.0,0.0694864048338368,1
2024-03-01,P005,108.0,47.0,488605.0,3315300.0,30.0,64.32435185185186,53.172361111111115,15.0,10.0,4.0,0.4,1
2024-03-01,P006,83.0,221.0,1096603.0,133275.0,198.0,95.65982336182336,35.92861111111111,131.0,188.0,16.0,0.0851063829787234,1
2024-03-01,P007,3.0,1.0,1874.0,88248.0,0.0,,,0.0,36.0,2.0,0.0555555555555555,1
2024-03-01,P008,14.0,0.0,159159.0,2355375.0,15.0,46.06390740740741,9.161944444444444,7.0,406.0,156.0,0.3842364532019704,1
2024-03-01,P009,79.0,39.0,770329.0,321378.0,105.0,52.54215343915344,24.330277777777777,78.0,65.0,4.0,0.0615384615384615,1
2024-03-01,P010,0.0,1.0,0.0,0.0,4.0,3.265416666666667,1.7045833333333333,4.0,80.0,59.0,0.7375,1
2024-03-01,P011,23.0,2.0,204328.0,1162096.0,5.0,114.26505555555555,64.4161111111111,2.0,4.0,0.0,0.0,1
2024-03-08,P001,310.0,258.0,3412802.0,927961.0,252.0,51.27353835978836,33.638888888888886,214.0,98.0,12.0,0.1224489795918367,1
2024-03-08,P002,60.0,7.0,732311.0,691146.0,110.0,43.1483002038736,21.83388888888889,56.0,1018.0,22.0,0.0216110019646365,1
2024-03-08,P003,10.0,0.0,145725.0,730735.0,32.0,79.61356770833333,66.72847222222222,9.0,272.0,19.0,0.0698529411764705,1
2024-03-08,P004,555.0,352.0,3548257.0,2395168.0,602.0,36.11413647342995,25.400416666666665,450.0,662.0,46.0,0.0694864048338368,1
2024-03-08,P005,112.0,51.0,555463.0,3119115.0,42.0,74.2614484126984,47.696527777777774,21.0,10.0,4.0,0.4,1
2024-03-08,P006,92.0,261.0,1529038.0,131230.0,306.0,81.09228301533857,34.26222222222222,239.0,188.0,16.0,0.0851063829787234,1
2024-03-08,P007,8.0,0.0,33648.0,236926.0,3.0,71.6875,34.59222222222222,0.0,36.0,2.0,0.0555555555555555,1
2024-03-08,P008,12.0,0.0,6059.0,1885584.0,16.0,36.791444444444444,40.424166666666665,8.0,406.0,156.0,0.3842364532019704,1
2024-03-08,P009,196.0,72.0,2890550.0,1521447.0,77.0,41.80742784992785,22.439444444444444,63.0,65.0,4.0,0.0615384615384615,1
2024-03-08,P010,2.0,2.0,0.0,90092.0,2.0,13.745972222222221,13.745972222222221,2.0,80.0,59.0,0.7375,1
2024-03-08,P011,25.0,3.0,158952.0,647896.0,7.0,45.944960317460314,27.78527777777778,4.0,4.0,0.0,0.0,1
2024-03-15,P001,306.0,306.0,3034425.0,805769.0,203.0,47.03083470169677,33.14138888888889,172.0,98.0,12.0,0.1224489795918367,1
2024-03-15,P002,61.0,4.0,704136.0,848789.0,119.0,39.93841337099812,19.055833333333332,72.0,1018.0,22.0,0.0216110019646365,1
2024-03-15,P003,15.0,0.0,237388.0,1405394.0,31.0,91.45425925925926,83.09652777777778,9.0,272.0,19.0,0.0698529411764705,1
2024-03-15,P004,495.0,353.0,2880855.0,2474732.0,561.0,39.80784363240246,26.293333333333333,416.0,662.0,46.0,0.0694864048338368,1
2024-03-15,P005,84.0,37.0,338707.0,2315337.0,47.0,70.10950354609929,61.41277777777778,22.0,10.0,4.0,0.4,1
2024-03-15,P006,124.0,300.0,2062563.0,267093.0,409.0,74.72067255062944,35.242916666666666,325.0,188.0,16.0,0.0851063829787234,1
2024-03-15,P007,10.0,0.0,137766.0,292505.0,0.0,,,0.0,36.0,2.0,0.0555555555555555,1
2024-03-15,P008,15.0,0.0,5174.0,2649765.0,19.0,32.1296783625731,18.46444444444445,9.0,406.0,156.0,0.3842364532019704,1
2024-03-15,P009,244.0,83.0,2930476.0,1254912.0,134.0,40.90749170812604,19.525972222222222,106.0,65.0,4.0,0.0615384615384615,1
2024-03-15,P010,3.0,2.0,0.0,243297.0,3.0,25.692685185185184,21.915555555555557,2.0,80.0,59.0,0.7375,1
2024-03-15,P011,20.0,1.0,49839.0,883023.0,9.0,163.66577160493827,108.71916666666668,6.0,4.0,0.0,0.0,1
2024-03-22,P001,313.0,276.0,3371866.0,991207.0,248.0,53.19260976702509,35.164027777777775,204.0,98.0,12.0,0.1224489795918367,1
2024-03-22,P002,73.0,7.0,970664.0,725308.0,120.0,41.187605042016806,24.274166666666662,62.0,1018.0,22.0,0.0216110019646365,1
2024-03-22,P003,17.0,0.0,248579.0,1201539.0,45.0,117.81664772727272,80.74000000000001,8.0,272.0,19.0,0.0698529411764705,1
2024-03-22,P004,503.0,337.0,3694880.0,2169840.0,569.0,40.0122212406753,25.062916666666666,423.0,662.0,46.0,0.0694864048338368,1
2024-03-22,P005,106.0,50.0,497900.0,2825691.0,30.0,76.00831481481482,58.59583333333333,13.0,10.0,4.0,0.4,1
2024-03-22,P006,110.0,275.0,1479008.0,145808.0,470.0,73.12616544566544,34.341944444444444,383.0,188.0,16.0,0.0851063829787234,1
2024-03-22,P007,10.0,1.0,1874.0,362731.0,0.0,,,0.0,36.0,2.0,0.0555555555555555,1
2024-03-22,P008,16.0,0.0,192.0,2930021.0,12.0,72.26483796296297,27.647916666666667,6.0,406.0,156.0,0.3842364532019704,1
2024-03-22,P009,242.0,88.0,2852478.0,1659256.0,117.0,49.100049857549855,17.9425,100.0,65.0,4.0,0.0615384615384615,1
2024-03-22,P010,1.0,2.0,0.0,80366.0,1.0,,,1.0,80.0,59.0,0.7375,1
2024-03-22,P011,33.0,6.0,156268.0,1685352.0,3.0,46.60527777777778,63.704166666666666,0.0,4.0,0.0,0.0,1
2024-03-29,P001,313.0,301.0,2690105.0,1015948.0,240.0,52.52073105532311,35.13166666666667,203.0,74.0,12.0,0.1621621621621621,1
2024-03-29,P002,65.0,7.0,585432.0,833645.0,131.0,44.909522900763356,24.95,74.0,878.0,19.0,0.0216400911161731,1
2024-03-29,P003,13.0,0.0,294953.0,1007038.0,35.0,110.46606209150326,84.54444444444445,8.0,226.0,17.0,0.0752212389380531,1
2024-03-29,P004,500.0,323.0,3369695.0,2265821.0,567.0,35.677257683215124,25.560555555555553,393.0,754.0,37.0,0.0490716180371352,1
2024-03-29,P005,114.0,41.0,445058.0,3347392.0,48.0,76.86281828703703,53.38361111111111,22.0,10.0,2.0,0.2,1
2024-03-29,P006,112.0,285.0,1355413.0,463517.0,494.0,72.56917355371901,36.46763888888889,415.0,289.0,6.0,0.0207612456747404,1
2024-03-29,P007,3.0,1.0,15113.0,117464.0,0.0,,,0.0,57.0,8.0,0.1403508771929824,1
2024-03-29,P008,14.0,0.0,2587.0,3095426.0,19.0,34.29362573099416,11.551666666666666,10.0,560.0,271.0,0.4839285714285714,1
2024-03-29,P009,211.0,76.0,1427226.0,1199391.0,97.0,57.8129753722795,24.362222222222226,82.0,,,,1
2024-03-29,P010,3.0,1.0,0.0,243297.0,1.0,8.551111111111112,8.551111111111112,0.0,67.0,54.0,0.8059701492537313,1
2024-03-29,P011,22.0,2.0,40991.0,1039943.0,11.0,162.3695707070707,135.63111111111112,4.0,9.0,1.0,0.1111111111111111,1
2024-04-05,P001,308.0,295.0,3296808.0,843149.0,244.0,45.571366026520344,31.951944444444443,203.0,74.0,12.0,0.1621621621621621,1
2024-04-05,P002,55.0,3.0,655614.0,410003.0,123.0,49.043852755194216,22.094722222222224,61.0,878.0,19.0,0.0216400911161731,1
2024-04-05,P003,12.0,0.0,418208.0,699069.0,42.0,151.89103835978835,108.77250000000001,3.0,226.0,17.0,0.0752212389380531,1
2024-04-05,P004,522.0,338.0,3236384.0,2720691.0,559.0,35.70666119076065,25.97111111111111,425.0,754.0,37.0,0.0490716180371352,1
2024-04-05,P005,102.0,43.0,476815.0,2683769.0,35.0,84.26890476190475,57.97138888888889,17.0,10.0,2.0,0.2,1
2024-04-05,P006,99.0,259.0,722663.0,253530.0,523.0,69.96093858506944,35.89666666666667,421.0,289.0,6.0,0.0207612456747404,1
2024-04-05,P007,7.0,0.0,0.0,323975.0,1.0,52.17944444444444,52.17944444444444,0.0,57.0,8.0,0.1403508771929824,1
2024-04-05,P008,14.0,0.0,6655.0,2602433.0,12.0,23.64888888888889,6.7877777777777775,5.0,560.0,271.0,0.4839285714285714,1
2024-04-05,P009,214.0,69.0,2212159.0,1354177.0,101.0,41.436713421342134,21.25027777777778,82.0,,,,1
2024-04-05,P010,2.0,1.0,0.0,170458.0,0.0,,,0.0,67.0,54.0,0.8059701492537313,1
2024-04-05,P011,28.0,5.0,153090.0,1586000.0,6.0,229.4972222222222,162.39083333333335,2.0,9.0,1.0,0.1111111111111111,1
2024-04-12,P001,309.0,273.0,3379018.0,636691.0,228.0,52.03481237816764,33.75375,199.0,74.0,12.0,0.1621621621621621,1
2024-04-12,P002,55.0,6.0,680695.0,889346.0,104.0,38.795347222222226,17.160833333333333,50.0,878.0,19.0,0.0216400911161731,1
2024-04-12,P003,18.0,0.0,97747.0,1585287.0,33.0,155.08469696969698,103.06888888888888,7.0,226.0,17.0,0.0752212389380531,1
2024-04-12,P004,560.0,336.0,3578975.0,2351888.0,554.0,38.42933293148483,25.288611111111113,388.0,754.0,37.0,0.0490716180371352,1
2024-04-12,P005,114.0,44.0,623503.0,2495326.0,40.0,79.45320138888889,53.0326388888889,19.0,10.0,2.0,0.2,1
2024-04-12,P006,110.0,292.0,1751568.0,221771.0,524.0,64.23276591154261,35.70583333333333,450.0,289.0,6.0,0.0207612456747404,1
2024-04-12,P007,18.0,0.0,191393.0,446096.0,0.0,,,0.0,57.0,8.0,0.1403508771929824,1
2024-04-12,P008,14.0,0.0,2587.0,2268206.0,17.0,24.927238562091503,26.851944444444445,6.0,560.0,271.0,0.4839285714285714,1
2024-04-12,P009,230.0,71.0,2515044.0,1381864.0,94.0,47.1287293144208,25.825555555555553,74.0,,,,1
2024-04-12,P010,1.0,1.0,0.0,80366.0,1.0,260.5783333333333,260.5783333333333,0.0,67.0,54.0,0.8059701492537313,1
2024-04-12,P011,28.0,2.0,74031.0,1587979.0,7.0,100.13765873015873,63.01777777777778,3.0,9.0,1.0,0.1111111111111111,1
2024-04-19,P001,313.0,285.0,3372701.0,633395.0,219.0,54.79140284119736,37.413333333333334,173.0,74.0,12.0,0.1621621621621621,1
2024-04-19,P002,56.0,6.0,776271.0,710788.0,110.0,45.06346717171718,18.96597222222222,57.0,878.0,19.0,0.0216400911161731,1
2024-04-19,P003,9.0,0.0,103573.0,553793.0,36.0,148.39056349206348,123.9925,4.0,226.0,17.0,0.0752212389380531,1
2024-04-19,P004,533.0,354.0,3013778.0,2375266.0,582.0,37.60722126105344,25.35097222222222,424.0,754.0,37.0,0.0490716180371352,1
2024-04-19,P005,103.0,39.0,531647.0,3177765.0,41.0,96.86796070460704,56.16916666666667,18.0,10.0,2.0,0.2,1
2024-04-19,P006,96.0,296.0,1637051.0,116927.0,514.0,75.59179592959296,35.2575,436.0,289.0,6.0,0.0207612456747404,1
2024-04-19,P007,8.0,0.0,95467.0,295723.0,1.0,33.25805555555556,33.25805555555556,1.0,57.0,8.0,0.1403508771929824,1
2024-04-19,P008,14.0,0.0,2587.0,2976653.0,22.0,42.93277777777777,12.4725,9.0,560.0,271.0,0.4839285714285714,1
2024-04-19,P009,221.0,76.0,2624061.0,1159375.0,108.0,59.03457561728395,22.630555555555553,90.0,,,,1
2024-04-19,P010,1.0,2.0,0.0,72839.0,1.0,4.5827777777777765,4.5827777777777765,0.0,67.0,54.0,0.8059701492537313,1
2024-04-19,P011,35.0,1.0,264812.0,1401485.0,3.0,112.68490740740741,101.91833333333334,1.0,9.0,1.0,0.1111111111111111,1
2024-04-26,P001,309.0,286.0,2645023.0,799844.0,231.0,48.91190926734595,34.32805555555556,192.0,74.0,12.0,0.1621621621621621,1
2024-04-26,P002,51.0,0.0,719586.0,259334.0,119.0,36.419964689265534,16.221805555555555,59.0,878.0,19.0,0.0216400911161731,1
2024-04-26,P003,9.0,0.0,148514.0,791358.0,31.0,180.25470430107526,135.56333333333333,7.0,226.0,17.0,0.0752212389380531,1
2024-04-26,P004,534.0,306.0,3978799.0,2383854.0,585.0,44.83115996168583,27.539027777777775,427.0,754.0,37.0,0.0490716180371352,1
2024-04-26,P005,90.0,44.0,499271.0,2263275.0,36.0,74.49195216049382,49.45527777777778,16.0,10.0,2.0,0.2,1
2024-04-26,P006,105.0,222.0,1321310.0,173724.0,544.0,65.12623618928497,32.595,453.0,289.0,6.0,0.0207612456747404,1
2024-04-26,P007,8.0,1.0,4334.0,277265.0,0.0,,,0.0,57.0,8.0,0.1403508771929824,1
2024-04-26,P008,12.0,0.0,5174.0,2382725.0,14.0,40.395317460317465,19.92263888888889,8.0,560.0,271.0,0.4839285714285714,1
2024-04-26,P009,205.0,82.0,2900474.0,1350656.0,99.0,49.62387170675831,24.093611111111112,78.0,,,,1
2024-04-26,P010,1.0,2.0,0.0,80366.0,2.0,25.931666666666665,25.931666666666665,2.0,67.0,54.0,0.8059701492537313,1
2024-04-26,P011,30.0,3.0,246268.0,1230370.0,3.0,153.19472222222223,67.09083333333334,1.0,9.0,1.0,0.1111111111111111,1
2024-05-03,P001,296.0,276.0,2616886.0,739898.0,231.0,52.495329485329485,32.765277777777776,205.0,129.0,11.0,0.0852713178294573,1
2024-05-03,P002,67.0,7.0,787570.0,750538.0,101.0,50.67765277777777,32.08708333333333,51.0,1040.0,31.0,0.0298076923076923,1
2024-05-03,P003,11.0,0.0,121263.0,915616.0,34.0,135.72117647058826,77.40055555555556,5.0,293.0,18.0,0.0614334470989761,1
2024-05-03,P004,494.0,315.0,3200974.0,2096944.0,561.0,36.114289347695994,26.341944444444444,402.0,577.0,30.0,0.0519930675909878,1
2024-05-03,P005,110.0,44.0,581485.0,3125173.0,42.0,63.80947751322752,45.84027777777778,25.0,23.0,4.0,0.1739130434782608,1
2024-05-03,P006,113.0,303.0,1366253.0,276837.0,490.0,77.23470300489168,38.10333333333333,411.0,280.0,15.0,0.0535714285714285,1
2024-05-03,P007,14.0,0.0,57621.0,455866.0,2.0,33.2475,33.2475,0.0,34.0,6.0,0.1764705882352941,1
2024-05-03,P008,16.0,0.0,0.0,2907095.0,11.0,99.45113636363637,54.52305555555556,5.0,575.0,258.0,0.448695652173913,1
2024-05-03,P009,206.0,84.0,1784494.0,1326123.0,101.0,41.24460396039604,21.966666666666665,81.0,135.0,15.0,0.1111111111111111,1
2024-05-03,P010,1.0,1.0,0.0,80366.0,3.0,31.460092592592588,9.406944444444443,3.0,106.0,85.0,0.8018867924528302,1
2024-05-03,P011,25.0,3.0,87927.0,1087155.0,9.0,75.2483950617284,64.78194444444445,5.0,4.0,1.0,0.25,1
2024-05-10,P001,332.0,300.0,3334856.0,776564.0,245.0,51.82032879818594,33.376666666666665,206.0,129.0,11.0,0.0852713178294573,1
2024-05-10,P002,64.0,3.0,840544.0,856345.0,108.0,44.40712191358025,23.88763888888889,67.0,1040.0,31.0,0.0298076923076923,1
2024-05-10,P003,10.0,0.0,94100.0,835241.0,40.0,131.0324074074074,78.24138888888889,17.0,293.0,18.0,0.0614334470989761,1
2024-05-10,P004,535.0,324.0,4146455.0,2408852.0,547.0,34.32147875816993,25.049722222222222,417.0,577.0,30.0,0.0519930675909878,1
2024-05-10,P005,99.0,43.0,520450.0,2698300.0,46.0,84.55071256038647,51.88472222222222,19.0,23.0,4.0,0.1739130434782608,1
2024-05-10,P006,104.0,276.0,1338751.0,445560.0,513.0,67.61497,36.881249999999994,415.0,280.0,15.0,0.0535714285714285,1
2024-05-10,P007,9.0,0.0,18292.0,377166.0,0.0,,,0.0,34.0,6.0,0.1764705882352941,1
2024-05-10,P008,12.0,1.0,0.0,2151081.0,13.0,32.46769230769231,19.9625,7.0,575.0,258.0,0.448695652173913,1
2024-05-10,P009,237.0,73.0,2199594.0,1472680.0,116.0,56.20024185823755,24.339861111111112,89.0,135.0,15.0,0.1111111111111111,1
2024-05-10,P010,1.0,2.0,0.0,94973.0,3.0,5.792407407407407,5.779722222222222,3.0,106.0,85.0,0.8018867924528302,1
2024-05-10,P011,23.0,0.0,173530.0,1372215.0,8.0,159.64413194444444,142.47083333333333,3.0,4.0,1.0,0.25,1
2024-05-17,P001,295.0,279.0,2748880.0,861643.0,255.0,52.02383986928105,33.28916666666667,220.0,129.0,11.0,0.0852713178294573,1
2024-05-17,P002,63.0,4.0,688220.0,1078377.0,120.0,42.770847338935575,17.68611111111111,62.0,1040.0,31.0,0.0298076923076923,1
2024-05-17,P003,15.0,0.0,137467.0,1412189.0,37.0,155.28298798798798,128.08666666666667,7.0,293.0,18.0,0.0614334470989761,1
2024-05-17,P004,499.0,327.0,2591413.0,2557376.0,561.0,41.22434506062413,26.514722222222225,416.0,577.0,30.0,0.0519930675909878,1
2024-05-17,P005,105.0,37.0,383577.0,2965572.0,42.0,98.440291005291,67.42027777777778,22.0,23.0,4.0,0.1739130434782608,1
2024-05-17,P006,101.0,298.0,2097630.0,199235.0,502.0,81.1143569023569,42.39055555555556,425.0,280.0,15.0,0.0535714285714285,1
2024-05-17,P007,9.0,0.0,0.0,207007.0,2.0,178.88972222222222,178.88972222222222,0.0,34.0,6.0,0.1764705882352941,1
2024-05-17,P008,18.0,0.0,1020.0,3620581.0,15.0,50.27361111111111,20.91638888888889,10.0,575.0,258.0,0.448695652173913,1
2024-05-17,P009,202.0,69.0,1612092.0,1394116.0,102.0,37.36244008714597,18.6075,83.0,135.0,15.0,0.1111111111111111,1
2024-05-17,P010,3.0,2.0,0.0,153205.0,4.0,56.236180555555556,23.31652777777778,4.0,106.0,85.0,0.8018867924528302,1
2024-05-17,P011,29.0,3.0,251457.0,1588099.0,3.0,86.73750000000001,59.584722222222226,1.0,4.0,1.0,0.25,1
2024-05-24,P001,285.0,291.0,2871668.0,741580.0,227.0,53.446224914341656,35.539722222222224,198.0,129.0,11.0,0.0852713178294573,1
2024-05-24,P002,66.0,5.0,976355.0,597269.0,105.0,32.08603439153439,17.789722222222224,62.0,1040.0,31.0,0.0298076923076923,1
2024-05-24,P003,11.0,0.0,80508.0,929764.0,39.0,137.27387426900586,75.43652777777778,12.0,293.0,18.0,0.0614334470989761,1
2024-05-24,P004,544.0,324.0,3361684.0,2509377.0,586.0,37.209895475372285,25.876805555555556,422.0,577.0,30.0,0.0519930675909878,1
2024-05-24,P005,104.0,43.0,743271.0,2880640.0,34.0,100.7299591503268,52.35527777777778,20.0,23.0,4.0,0.1739130434782608,1
2024-05-24,P006,89.0,299.0,794551.0,91536.0,497.0,63.1937751486054,33.60958333333333,410.0,280.0,15.0,0.0535714285714285,1
2024-05-24,P007,17.0,0.0,127455.0,636512.0,0.0,,,0.0,34.0,6.0,0.1764705882352941,1
2024-05-24,P008,15.0,0.0,5174.0,2844231.0,14.0,44.680747863247866,7.129722222222222,8.0,575.0,258.0,0.448695652173913,1
2024-05-24,P009,206.0,80.0,2435671.0,1218954.0,98.0,57.4628231292517,26.865694444444443,80.0,135.0,15.0,0.1111111111111111,1
2024-05-24,P010,3.0,3.0,0.0,80366.0,1.0,71.15583333333333,71.15583333333333,0.0,106.0,85.0,0.8018867924528302,1
2024-05-24,P011,29.0,3.0,157082.0,1182375.0,5.0,209.51761111111114,72.99361111111111,3.0,4.0,1.0,0.25,1
2024-05-31,P001,296.0,267.0,3141224.0,1012026.0,242.0,51.88886363636364,33.897222222222226,206.0,87.0,19.0,0.2183908045977011,1
2024-05-31,P002,65.0,3.0,768721.0,661199.0,110.0,42.682856060606056,18.90027777777778,60.0,876.0,28.0,0.0319634703196347,1
2024-05-31,P003,14.0,0.0,121789.0,1477868.0,31.0,101.9597670250896,75.83444444444444,8.0,299.0,13.0,0.0434782608695652,1
2024-05-31,P004,540.0,323.0,3309172.0,2412910.0,537.0,37.93598556183302,26.771944444444443,387.0,926.0,44.0,0.0475161987041036,1
2024-05-31,P005,101.0,45.0,459713.0,2411865.0,37.0,89.00713213213214,52.584722222222226,18.0,32.0,2.0,0.0625,1
2024-05-31,P006,108.0,283.0,1519246.0,191117.0,540.0,72.85947981689556,34.64930555555556,443.0,393.0,7.0,0.0178117048346055,1
2024-05-31,P007,7.0,0.0,21576.0,182303.0,2.0,84.64874999999999,84.64874999999999,0.0,51.0,12.0,0.2352941176470588,1
2024-05-31,P008,14.0,0.0,183639.0,2838646.0,14.0,61.7684126984127,10.16986111111111,7.0,656.0,344.0,0.524390243902439,1
2024-05-31,P009,218.0,72.0,2212893.0,1712330.0,108.0,51.998760288065846,19.50875,87.0,105.0,4.0,0.0380952380952381,1
2024-05-31,P010,3.0,2.0,0.0,145678.0,1.0,34.340555555555554,34.340555555555554,1.0,52.0,40.0,0.7692307692307693,1
2024-05-31,P011,31.0,3.0,206465.0,1043414.0,7.0,99.37939814814816,64.22291666666666,1.0,15.0,2.0,0.1333333333333333,1
2024-06-07,P001,316.0,287.0,3240344.0,914723.0,212.0,55.282342767295596,37.85166666666667,171.0,87.0,19.0,0.2183908045977011,1
2024-06-07,P002,58.0,6.0,1058025.0,773876.0,101.0,35.7703300330033,19.309166666666663,50.0,876.0,28.0,0.0319634703196347,1
2024-06-07,P003,12.0,0.0,136568.0,1133027.0,43.0,154.50213178294572,84.8313888888889,6.0,299.0,13.0,0.0434782608695652,1
2024-06-07,P004,509.0,325.0,3449489.0,2166023.0,537.0,38.36696521287643,27.153333333333332,395.0,926.0,44.0,0.0475161987041036,1
2024-06-07,P005,116.0,39.0,862850.0,2949045.0,45.0,76.55844444444445,48.07888888888889,19.0,32.0,2.0,0.0625,1
2024-06-07,P006,104.0,269.0,1332275.0,180846.0,532.0,70.50211047254152,35.76361111111111,442.0,393.0,7.0,0.0178117048346055,1
2024-06-07,P007,11.0,0.0,29867.0,300984.0,0.0,,,0.0,51.0,12.0,0.2352941176470588,1
2024-06-07,P008,16.0,0.0,0.0,2423718.0,18.0,57.808104575163405,17.761388888888888,9.0,656.0,344.0,0.524390243902439,1
2024-06-07,P009,212.0,88.0,1788057.0,1163967.0,92.0,42.285395531400965,23.211388888888887,67.0,105.0,4.0,0.0380952380952381,1
2024-06-07,P010,2.0,2.0,0.0,72839.0,2.0,14.53638888888889,14.53638888888889,2.0,52.0,40.0,0.7692307692307693,1
2024-06-07,P011,22.0,4.0,114513.0,995689.0,9.0,59.2408950617284,41.8775,4.0,15.0,2.0,0.1333333333333333,1
2024-06-14,P001,290.0,299.0,3365800.0,648778.0,236.0,48.99800612052731,32.662222222222226,205.0,87.0,19.0,0.2183908045977011,1
2024-06-14,P002,59.0,3.0,406027.0,674895.0,111.0,46.94226226226226,17.851388888888888,56.0,876.0,28.0,0.0319634703196347,1
2024-06-14,P003,12.0,0.0,134269.0,922934.0,36.0,144.40976984126985,108.78444444444445,12.0,299.0,13.0,0.0434782608695652,1
2024-06-14,P004,524.0,300.0,3004419.0,2707862.0,518.0,37.572889211886306,27.659166666666664,377.0,926.0,44.0,0.0475161987041036,1
2024-06-14,P005,118.0,48.0,781843.0,2727478.0,40.0,66.82203472222223,51.7625,21.0,32.0,2.0,0.0625,1
2024-06-14,P006,104.0,304.0,1349821.0,251754.0,496.0,66.32830196212639,34.522777777777776,417.0,393.0,7.0,0.0178117048346055,1
2024-06-14,P007,8.0,0.0,44459.0,262670.0,2.0,59.99527777777777,59.99527777777777,0.0,51.0,12.0,0.2352941176470588,1
2024-06-14,P008,15.0,0.0,2587.0,2721541.0,13.0,39.87277777777778,25.946805555555557,6.0,656.0,344.0,0.524390243902439,1
2024-06-14,P009,213.0,76.0,2785211.0,1332498.0,124.0,53.60729166666667,23.638194444444444,96.0,105.0,4.0,0.0380952380952381,1
2024-06-14,P010,3.0,2.0,0.0,145678.0,3.0,77.78379629629629,52.422777777777775,2.0,52.0,40.0,0.7692307692307693,1
2024-06-14,P011,31.0,2.0,184278.0,1371550.0,9.0,81.51342592592593,52.24055555555555,4.0,15.0,2.0,0.1333333333333333,1
2024-06-21,P001,350.0,273.0,2601417.0,1011631.0,259.0,56.2461552540913,33.765,217.0,87.0,19.0,0.2183908045977011,1
2024-06-21,P002,66.0,5.0,593374.0,853873.0,102.0,48.0165931372549,19.23027777777778,49.0,876.0,28.0,0.0319634703196347,1
2024-06-21,P003,12.0,0.0,185035.0,671812.0,31.0,131.59174731182796,105.43388888888887,7.0,299.0,13.0,0.0434782608695652,1
2024-06-21,P004,507.0,327.0,3503175.0,2633011.0,533.0,36.66324895178197,26.455,393.0,926.0,44.0,0.0475161987041036,1
2024-06-21,P005,124.0,40.0,486947.0,2721985.0,46.0,80.04728260869565,55.25347222222222,21.0,32.0,2.0,0.0625,1
2024-06-21,P006,95.0,278.0,1067813.0,285321.0,505.0,70.39575772849462,36.43611111111111,433.0,393.0,7.0,0.0178117048346055,1
2024-06-21,P007,9.0,0.0,77125.0,326193.0,1.0,454.6225,454.6225,0.0,51.0,12.0,0.2352941176470588,1
2024-06-21,P008,14.0,0.0,2587.0,2674088.0,12.0,97.99530092592592,17.27847222222222,8.0,656.0,344.0,0.524390243902439,1
2024-06-21,P009,200.0,85.0,1969766.0,1189455.0,102.0,48.45408496732026,18.130555555555556,89.0,105.0,4.0,0.0380952380952381,1
2024-06-21,P010,1.0,1.0,0.0,72839.0,4.0,79.04731481481481,77.74944444444445,3.0,52.0,40.0,0.7692307692307693,1
2024-06-21,P011,28.0,2.0,144903.0,1331579.0,8.0,146.20072916666666,38.58416666666667,4.0,15.0,2.0,0.1333333333333333,1
2024-06-28,P001,297.0,285.0,2774295.0,834085.0,244.0,53.9506673582296,33.30833333333333,210.0,88.0,6.0,0.0681818181818181,1
2024-06-28,P002,70.0,7.0,742188.0,772641.0,109.0,31.709941386340468,17.698055555555555,49.0,947.0,29.0,0.0306230200633579,1
2024-06-28,P003,13.0,0.0,144674.0,982547.0,42.0,170.80883468834688,110.14083333333332,9.0,349.0,22.0,0.0630372492836676,1
2024-06-28,P004,495.0,310.0,2620627.0,2150755.0,489.0,43.03081847279378,29.185972222222222,347.0,322.0,25.0,0.077639751552795,1
2024-06-28,P005,88.0,42.0,531251.0,2378518.0,34.0,89.55534313725491,50.571250000000006,18.0,23.0,3.0,0.1304347826086956,1
2024-06-28,P006,100.0,281.0,790203.0,304430.0,554.0,70.29242121956212,34.48305555555555,463.0,302.0,15.0,0.0496688741721854,1
2024-06-28,P007,9.0,1.0,170719.0,318793.0,1.0,251.82416666666663,251.82416666666663,0.0,30.0,4.0,0.1333333333333333,1
2024-06-28,P008,16.0,0.0,3758.0,2874107.0,16.0,29.29293402777778,10.56013888888889,11.0,675.0,348.0,0.5155555555555555,1
2024-06-28,P009,186.0,73.0,1512822.0,1033329.0,114.0,52.46943469785575,23.578472222222224,88.0,108.0,6.0,0.0555555555555555,1
2024-06-28,P010,2.0,2.0,0.0,113174.0,1.0,15.174444444444443,15.174444444444443,1.0,83.0,61.0,0.7349397590361446,1
2024-06-28,P011,36.0,2.0,218681.0,2179239.0,2.0,61.04833333333333,61.04833333333333,0.0,12.0,0.0,0.0,1
2024-07-05,P001,324.0,278.0,2980908.0,799126.0,237.0,48.21118085106383,32.541666666666664,198.0,88.0,6.0,0.0681818181818181,1
2024-07-05,P002,71.0,3.0,765119.0,826508.0,123.0,38.51455962059621,19.752222222222223,69.0,947.0,29.0,0.0306230200633579,1
2024-07-05,P003,14.0,0.0,153934.0,499837.0,34.0,198.39837673611112,159.78708333333333,5.0,349.0,22.0,0.0630372492836676,1
2024-07-05,P004,542.0,313.0,3909198.0,2093948.0,543.0,40.859479684908784,28.259444444444448,414.0,322.0,25.0,0.077639751552795,1
2024-07-05,P005,109.0,49.0,663573.0,2996647.0,43.0,90.55584625322997,69.25222222222222,26.0,23.0,3.0,0.1304347826086956,1
2024-07-05,P006,99.0,289.0,1041180.0,231247.0,511.0,68.7821979717813,37.895694444444445,429.0,302.0,15.0,0.0496688741721854,1
2024-07-05,P007,8.0,0.0,45442.0,317412.0,1.0,41.45388888888889,41.45388888888889,0.0,30.0,4.0,0.1333333333333333,1
2024-07-05,P008,16.0,0.0,1481.0,2491992.0,11.0,40.81290404040404,8.534166666666666,8.0,675.0,348.0,0.5155555555555555,1
2024-07-05,P009,209.0,72.0,2028115.0,1359768.0,103.0,48.21205771305286,24.93694444444445,76.0,108.0,6.0,0.0555555555555555,1
2024-07-05,P010,1.0,1.0,0.0,72839.0,0.0,,,0.0,83.0,61.0,0.7349397590361446,1
2024-07-05,P011,34.0,2.0,451355.0,1895127.0,5.0,133.97072222222224,137.00833333333333,2.0,12.0,0.0,0.0,1
2024-07-12,P001,305.0,287.0,3005537.0,629200.0,222.0,53.285913775766716,34.5275,182.0,88.0,6.0,0.0681818181818181,1
2024-07-12,P002,56.0,4.0,715399.0,726302.0,102.0,52.555991285403046,20.82625,63.0,947.0,29.0,0.0306230200633579,1
2024-07-12,P003,12.0,0.0,195581.0,750883.0,30.0,173.0664087301587,128.80138888888888,5.0,349.0,22.0,0.0630372492836676,1
2024-07-12,P004,509.0,328.0,3195362.0,2584247.0,554.0,40.96670728038507,27.547222222222224,364.0,322.0,25.0,0.077639751552795,1
2024-07-12,P005,94.0,43.0,341843.0,2407155.0,44.0,109.86410206718345,75.31888888888889,23.0,23.0,3.0,0.1304347826086956,1
2024-07-12,P006,104.0,286.0,1138075.0,255908.0,469.0,70.43405894456548,36.528888888888886,388.0,302.0,15.0,0.0496688741721854,1
2024-07-12,P007,7.0,1.0,59663.0,242783.0,0.0,,,0.0,30.0,4.0,0.1333333333333333,1
2024-07-12,P008,19.0,0.0,5366.0,2972398.0,18.0,59.22081790123457,17.966527777777777,10.0,675.0,348.0,0.5155555555555555,1
2024-07-12,P009,177.0,58.0,906308.0,871698.0,101.0,40.29293729372937,21.770833333333332,77.0,108.0,6.0,0.0555555555555555,1
2024-07-12,P010,1.0,2.0,0.0,72839.0,1.0,27.586111111111112,27.586111111111112,1.0,83.0,61.0,0.7349397590361446,1
2024-07-12,P011,32.0,3.0,295239.0,1363642.0,4.0,165.76104166666667,162.5977777777778,1.0,12.0,0.0,0.0,1
2024-07-19,P001,318.0,296.0,1633663.0,968628.0,249.0,52.45390227576975,28.945833333333333,214.0,88.0,6.0,0.0681818181818181,1
2024-07-19,P002,61.0,4.0,742928.0,765453.0,105.0,49.578269841269844,19.48,59.0,947.0,29.0,0.0306230200633579,1
2024-07-19,P003,11.0,0.0,279792.0,307065.0,22.0,147.89008838383836,90.36652777777778,3.0,349.0,22.0,0.0630372492836676,1
2024-07-19,P004,499.0,319.0,4023218.0,1868581.0,550.0,40.32140006093845,28.279722222222222,371.0,322.0,25.0,0.077639751552795,1
2024-07-19,P005,63.0,41.0,143503.0,1978862.0,39.0,70.77690058479533,50.98916666666666,21.0,23.0,3.0,0.1304347826086956,1
2024-07-19,P006,109.0,290.0,1510631.0,241055.0,453.0,68.77599838066766,35.501111111111115,370.0,302.0,15.0,0.0496688741721854,1
2024-07-19,P007,7.0,0.0,16987.0,254341.0,1.0,23.948888888888888,23.948888888888888,0.0,30.0,4.0,0.1333333333333333,1
2024-07-19,P008,15.0,0.0,156487.0,2961560.0,16.0,21.47670138888889,9.97583333333333,12.0,675.0,348.0,0.5155555555555555,1
2024-07-19,P009,221.0,65.0,1639554.0,1298592.0,91.0,48.93989621489621,16.87527777777778,74.0,108.0,6.0,0.0555555555555555,1
2024-07-19,P010,0.0,1.0,0.0,0.0,2.0,25.977777777777778,25.977777777777778,1.0,83.0,61.0,0.7349397590361446,1
2024-07-19,P011,28.0,0.0,287190.0,1107530.0,5.0,162.33677777777777,113.3938888888889,2.0,12.0,0.0,0.0,1
2024-07-26,P001,317.0,289.0,3223693.0,872752.0,255.0,53.98616953262787,32.944722222222225,211.0,88.0,6.0,0.0681818181818181,1
2024-07-26,P002,67.0,3.0,889468.0,538600.0,93.0,45.967013888888886,24.483888888888888,54.0,947.0,29.0,0.0306230200633579,1
2024-07-26,P003,16.0,0.0,322679.0,1079571.0,34.0,171.43364478114478,142.5263888888889,7.0,349.0,22.0,0.0630372492836676,1
2024-07-26,P004,491.0,334.0,3095205.0,2423189.0,530.0,38.70149272612271,28.209444444444443,394.0,322.0,25.0,0.077639751552795,1
2024-07-26,P005,111.0,44.0,751388.0,2917488.0,38.0,120.57313813813815,69.98361111111112,24.0,23.0,3.0,0.1304347826086956,1
2024-07-26,P006,100.0,312.0,1315057.0,173025.0,528.0,76.15959397616007,35.366527777777776,421.0,302.0,15.0,0.0496688741721854,1
2024-07-26,P007,12.0,1.0,59130.0,444887.0,1.0,129.88083333333333,129.88083333333333,1.0,30.0,4.0,0.1333333333333333,1
2024-07-26,P008,13.0,0.0,9562.0,2414566.0,15.0,32.88492592592593,18.17194444444445,10.0,675.0,348.0,0.5155555555555555,1
2024-07-26,P009,244.0,83.0,3124875.0,1587235.0,101.0,53.27146864686468,22.273333333333333,76.0,108.0,6.0,0.0555555555555555,1
2024-07-26,P010,1.0,3.0,0.0,72839.0,2.0,16.43638888888889,16.43638888888889,2.0,83.0,61.0,0.7349397590361446,1
2024-07-26,P011,30.0,1.0,242855.0,1016082.0,4.0,40.761319444444446,30.73777777777778,2.0,12.0,0.0,0.0,1
2024-08-02,P001,297.0,286.0,2704711.0,650480.0,216.0,44.337426697530866,30.11,185.0,126.0,11.0,0.0873015873015873,1
2024-08-02,P002,60.0,4.0,563601.0,811566.0,92.0,60.079914529914525,23.285833333333333,44.0,934.0,23.0,0.0246252676659528,1
2024-08-02,P003,7.0,0.0,141981.0,546496.0,30.0,178.8932950191571,114.48166666666668,3.0,350.0,12.0,0.0342857142857142,1
2024-08-02,P004,471.0,316.0,2931556.0,1882148.0,515.0,36.37248372395833,27.21611111111111,359.0,480.0,18.0,0.0375,1
2024-08-02,P005,108.0,44.0,526323.0,2643306.0,42.0,93.20773148148149,54.2625,27.0,26.0,5.0,0.1923076923076923,1
2024-08-02,P006,70.0,225.0,844991.0,170872.0,500.0,62.548491418247515,31.9775,418.0,426.0,17.0,0.0399061032863849,1
2024-08-02,P007,5.0,0.0,36773.0,171194.0,3.0,67.62851851851853,95.52111111111113,1.0,59.0,4.0,0.0677966101694915,1
2024-08-02,P008,12.0,0.0,7761.0,1307435.0,25.0,70.59452222222222,17.423055555555557,11.0,555.0,266.0,0.4792792792792792,1
2024-08-02,P009,150.0,61.0,1725802.0,876620.0,111.0,54.40024774774775,31.514444444444443,80.0,83.0,3.0,0.036144578313253,1
2024-08-02,P010,1.0,2.0,0.0,72839.0,3.0,73.39462962962965,12.441666666666666,1.0,78.0,63.0,0.8076923076923077,1
2024-08-02,P011,23.0,2.0,157358.0,1547541.0,4.0,340.9339583333333,351.56819444444443,3.0,15.0,2.0,0.1333333333333333,1
2024-08-09,P001,308.0,286.0,3471809.0,797619.0,224.0,42.949025909317385,27.016111111111112,195.0,126.0,11.0,0.0873015873015873,1
2024-08-09,P002,57.0,2.0,475374.0,855386.0,101.0,46.19504125412541,21.559722222222224,56.0,934.0,23.0,0.0246252676659528,1
2024-08-09,P003,11.0,0.0,158177.0,483151.0,33.0,172.55032828282827,135.9286111111111,7.0,350.0,12.0,0.0342857142857142,1
2024-08-09,P004,463.0,326.0,2304293.0,2317403.0,531.0,41.177695180976436,27.518472222222222,384.0,480.0,18.0,0.0375,1
2024-08-09,P005,111.0,43.0,669230.0,2608056.0,45.0,77.42303086419753,53.06638888888889,22.0,26.0,5.0,0.1923076923076923,1
2024-08-09,P006,123.0,325.0,2153392.0,225996.0,330.0,73.4352641025641,35.40222222222222,281.0,426.0,17.0,0.0399061032863849,1
2024-08-09,P007,6.0,0.0,2460.0,251067.0,0.0,,,0.0,59.0,4.0,0.0677966101694915,1
2024-08-09,P008,13.0,0.0,5591.0,1360143.0,17.0,44.740751633986925,11.986666666666666,9.0,555.0,266.0,0.4792792792792792,1
2024-08-09,P009,141.0,49.0,1136674.0,917602.0,110.0,58.123397043832824,19.63138888888889,92.0,83.0,3.0,0.036144578313253,1
2024-08-09,P010,1.0,1.0,0.0,72839.0,3.0,30.186111111111106,5.844722222222222,3.0,78.0,63.0,0.8076923076923077,1
2024-08-09,P011,32.0,4.0,212928.0,1653523.0,6.0,170.63708333333332,157.79055555555556,2.0,15.0,2.0,0.1333333333333333,1
2024-08-16,P001,316.0,277.0,2722541.0,830971.0,241.0,47.69095320424158,32.79944444444445,201.0,126.0,11.0,0.0873015873015873,1
2024-08-16,P002,57.0,4.0,802721.0,582440.0,93.0,54.44244200244201,17.6925,46.0,934.0,23.0,0.0246252676659528,1
2024-08-16,P003,10.0,0.0,77660.0,1033420.0,29.0,167.53942386831275,80.40055555555556,8.0,350.0,12.0,0.0342857142857142,1
2024-08-16,P004,519.0,336.0,3609981.0,2498266.0,537.0,35.35446271929824,26.654305555555556,388.0,480.0,18.0,0.0375,1
2024-08-16,P005,116.0,39.0,495539.0,2945021.0,40.0,94.7022986111111,71.27402777777777,23.0,26.0,5.0,0.1923076923076923,1
2024-08-16,P006,113.0,303.0,2332016.0,149563.0,578.0,78.24537892243931,37.63944444444444,467.0,426.0,17.0,0.0399061032863849,1
2024-08-16,P007,6.0,1.0,126719.0,142279.0,2.0,74.92680555555556,74.92680555555556,0.0,59.0,4.0,0.0677966101694915,1
2024-08-16,P008,9.0,0.0,6655.0,1796881.0,14.0,34.11839285714286,28.40861111111111,9.0,555.0,266.0,0.4792792792792792,1
2024-08-16,P009,143.0,37.0,2014887.0,919820.0,102.0,37.236435643564356,18.529444444444444,77.0,83.0,3.0,0.036144578313253,1
2024-08-16,P010,1.0,1.0,0.0,72839.0,3.0,144.5087037037037,163.6122222222222,2.0,78.0,63.0,0.8076923076923077,1
2024-08-16,P011,32.0,5.0,532912.0,1634813.0,7.0,43.415952380952376,43.333333333333336,0.0,15.0,2.0,0.1333333333333333,1
2024-08-23,P001,315.0,295.0,3471624.0,918838.0,211.0,50.91508820431806,31.852777777777774,180.0,126.0,11.0,0.0873015873015873,1
2024-08-23,P002,68.0,2.0,962340.0,937504.0,101.0,62.502288228822884,19.022222222222226,62.0,934.0,23.0,0.0246252676659528,1
2024-08-23,P003,9.0,0.0,149416.0,666089.0,31.0,149.79198148148149,118.15347222222222,5.0,350.0,12.0,0.0342857142857142,1
2024-08-23,P004,538.0,345.0,3241825.0,2338923.0,546.0,37.864667996726006,26.95861111111111,412.0,480.0,18.0,0.0375,1
2024-08-23,P005,115.0,49.0,523182.0,2840033.0,37.0,53.778641141141144,43.39305555555555,22.0,26.0,5.0,0.1923076923076923,1
2024-08-23,P006,106.0,315.0,1278246.0,150526.0,562.0,65.70585154826958,32.1,467.0,426.0,17.0,0.0399061032863849,1
2024-08-23,P007,7.0,0.0,42199.0,202249.0,1.0,63.75416666666667,63.75416666666667,0.0,59.0,4.0,0.0677966101694915,1
2024-08-23,P008,12.0,0.0,6655.0,1803065.0,19.0,53.35482456140351,21.851944444444445,9.0,555.0,266.0,0.4792792792792792,1
2024-08-23,P009,127.0,49.0,1227630.0,679315.0,89.0,42.328842072409486,20.111666666666668,72.0,83.0,3.0,0.036144578313253,1
2024-08-23,P010,1.0,0.0,0.0,72839.0,0.0,,,0.0,78.0,63.0,0.8076923076923077,1
2024-08-23,P011,30.0,2.0,346204.0,1896605.0,9.0,117.39922839506173,67.6875,5.0,15.0,2.0,0.1333333333333333,1
2024-08-30,P001,296.0,273.0,2829712.0,817367.0,248.0,50.543788082437274,30.7625,204.0,96.0,10.0,0.1041666666666666,1
2024-08-30,P002,68.0,3.0,691500.0,804514.0,108.0,39.70338785046729,19.873333333333335,61.0,923.0,25.0,0.0270855904658721,1
2024-08-30,P003,12.0,0.0,336651.0,776107.0,33.0,150.96481481481482,101.05611111111112,8.0,326.0,12.0,0.0368098159509202,1
2024-08-30,P004,488.0,334.0,2596707.0,2320807.0,553.0,38.17321594818863,26.065555555555555,397.0,315.0,13.0,0.0412698412698412,1
2024-08-30,P005,107.0,42.0,661008.0,2756998.0,48.0,96.58204861111112,56.22833333333333,24.0,17.0,2.0,0.1176470588235294,1
2024-08-30,P006,96.0,311.0,1611732.0,311717.0,550.0,65.86539807930608,35.42388888888888,465.0,293.0,8.0,0.0273037542662116,1
2024-08-30,P007,4.0,0.0,1874.0,120680.0,0.0,,,0.0,36.0,6.0,0.1666666666666666,1
2024-08-30,P008,13.0,0.0,0.0,2052762.0,23.0,91.97873188405796,29.215,14.0,593.0,277.0,0.4671163575042159,1
2024-08-30,P009,110.0,58.0,627435.0,560217.0,107.0,54.25116043613707,26.004166666666663,87.0,99.0,5.0,0.0505050505050505,1
2024-08-30,P010,0.0,1.0,0.0,0.0,2.0,131.63,131.63,2.0,89.0,64.0,0.7191011235955056,1
2024-08-30,P011,36.0,2.0,149147.0,1329344.0,4.0,49.90388888888889,30.77652777777778,2.0,15.0,1.0,0.0666666666666666,1
2024-09-06,P001,276.0,298.0,2540933.0,691402.0,232.0,51.07237854737855,31.614166666666662,196.0,96.0,10.0,0.1041666666666666,1
2024-09-06,P002,72.0,3.0,758903.0,948985.0,120.0,52.630878060263655,23.938611111111108,61.0,923.0,25.0,0.0270855904658721,1
2024-09-06,P003,14.0,0.0,207035.0,1283495.0,36.0,156.8771977124183,85.68916666666667,9.0,326.0,12.0,0.0368098159509202,1
2024-09-06,P004,490.0,336.0,3179719.0,2305113.0,532.0,38.1072227483165,26.12902777777778,384.0,315.0,13.0,0.0412698412698412,1
2024-09-06,P005,104.0,32.0,703777.0,2629720.0,38.0,96.73614766081872,56.264583333333334,14.0,17.0,2.0,0.1176470588235294,1
2024-09-06,P006,117.0,320.0,2067848.0,176338.0,490.0,62.9061344048451,34.33972222222222,407.0,293.0,8.0,0.0273037542662116,1
2024-09-06,P007,8.0,0.0,17573.0,307047.0,0.0,,,0.0,36.0,6.0,0.1666666666666666,1
2024-09-06,P008,17.0,0.0,176687.0,2766585.0,11.0,85.0694696969697,75.42722222222223,6.0,593.0,277.0,0.4671163575042159,1
2024-09-06,P009,105.0,43.0,802007.0,665758.0,110.0,44.291724747474746,20.22486111111111,84.0,99.0,5.0,0.0505050505050505,1
2024-09-06,P010,0.0,0.0,0.0,0.0,2.0,27.816249999999997,27.816249999999997,1.0,89.0,64.0,0.7191011235955056,1
2024-09-06,P011,30.0,2.0,258304.0,2041295.0,7.0,139.51420634920635,140.08277777777778,3.0,15.0,1.0,0.0666666666666666,1
2024-09-13,P001,294.0,277.0,2650413.0,1005045.0,235.0,49.60109929078014,31.380555555555556,193.0,96.0,10.0,0.1041666666666666,1
2024-09-13,P002,65.0,5.0,803155.0,642674.0,105.0,44.71208333333333,22.551944444444445,57.0,923.0,25.0,0.0270855904658721,1
2024-09-13,P003,10.0,0.0,236271.0,342185.0,28.0,168.77274691358022,108.10833333333332,8.0,326.0,12.0,0.0368098159509202,1
2024-09-13,P004,524.0,337.0,3013702.0,2218054.0,550.0,39.05168288726683,27.093055555555555,390.0,315.0,13.0,0.0412698412698412,1
2024-09-13,P005,96.0,43.0,382204.0,2228558.0,28.0,72.51231150793652,45.702083333333334,17.0,17.0,2.0,0.1176470588235294,1
2024-09-13,P006,103.0,320.0,1562038.0,219612.0,534.0,75.96262003399193,35.49638888888889,451.0,293.0,8.0,0.0273037542662116,1
2024-09-13,P007,8.0,0.0,38713.0,233569.0,0.0,,,0.0,36.0,6.0,0.1666666666666666,1
2024-09-13,P008,17.0,0.0,0.0,2725733.0,17.0,19.024117647058823,10.52111111111111,12.0,593.0,277.0,0.4671163575042159,1
2024-09-13,P009,189.0,60.0,2932235.0,1122673.0,101.0,53.6127200220022,20.531944444444445,85.0,99.0,5.0,0.0505050505050505,1
2024-09-13,P010,1.0,1.0,0.0,0.0,3.0,131.7563888888889,49.935,3.0,89.0,64.0,0.7191011235955056,1
2024-09-13,P011,33.0,2.0,229361.0,1575859.0,5.0,124.7383888888889,127.00416666666666,2.0,15.0,1.0,0.0666666666666666,1
2024-09-20,P001,304.0,301.0,3492261.0,938861.0,232.0,49.44567049808429,32.05430555555556,194.0,96.0,10.0,0.1041666666666666,1
2024-09-20,P002,73.0,3.0,868872.0,815559.0,125.0,48.947081093189965,23.53611111111111,67.0,923.0,25.0,0.0270855904658721,1
2024-09-20,P003,8.0,0.0,155313.0,899883.0,28.0,147.43608974358975,90.98402777777778,5.0,326.0,12.0,0.0368098159509202,1
2024-09-20,P004,480.0,336.0,3000025.0,2153057.0,586.0,34.76779537671233,26.49083333333333,420.0,315.0,13.0,0.0412698412698412,1
2024-09-20,P005,100.0,34.0,568741.0,2764072.0,39.0,92.32124269005848,68.11875,20.0,17.0,2.0,0.1176470588235294,1
2024-09-20,P006,109.0,316.0,1454953.0,239111.0,518.0,66.62316590563165,35.394444444444446,426.0,293.0,8.0,0.0273037542662116,1
2024-09-20,P007,2.0,1.0,0.0,66540.0,1.0,,,0.0,36.0,6.0,0.1666666666666666,1
2024-09-20,P008,14.0,0.0,6655.0,2404301.0,24.0,68.68513888888889,18.665,16.0,593.0,277.0,0.4671163575042159,1
2024-09-20,P009,152.0,49.0,740670.0,1026461.0,124.0,48.92485663082438,24.13763888888889,95.0,99.0,5.0,0.0505050505050505,1
2024-09-20,P010,1.0,2.0,0.0,89118.0,3.0,64.13472222222221,82.3536111111111,3.0,89.0,64.0,0.7191011235955056,1
2024-09-20,P011,24.0,2.0,331682.0,964742.0,7.0,107.36559523809524,46.24527777777778,6.0,15.0,1.0,0.0666666666666666,1
2024-09-27,P001,273.0,301.0,2603769.0,959602.0,235.0,49.13560897435897,31.11638888888889,198.0,96.0,10.0,0.1041666666666666,1
2024-09-27,P002,63.0,5.0,718642.0,812242.0,104.0,43.05043803418803,20.751944444444444,62.0,923.0,25.0,0.0270855904658721,1
2024-09-27,P003,10.0,0.0,163167.0,686380.0,39.0,111.81903549382716,68.46013888888888,8.0,326.0,12.0,0.0368098159509202,1
2024-09-27,P004,482.0,342.0,3119141.0,2324622.0,520.0,37.325470456005135,26.260555555555555,361.0,315.0,13.0,0.0412698412698412,1
2024-09-27,P005,109.0,44.0,512964.0,2906180.0,35.0,62.14071428571429,48.13638888888889,21.0,17.0,2.0,0.1176470588235294,1
2024-09-27,P006,69.0,207.0,975269.0,127721.0,476.0,71.46330699233717,35.1,403.0,293.0,8.0,0.0273037542662116,1
2024-09-27,P007,7.0,0.0,1874.0,222938.0,0.0,,,0.0,36.0,6.0,0.1666666666666666,1
2024-09-27,P008,18.0,0.0,198269.0,2837489.0,17.0,58.133758169934644,26.81305555555555,11.0,593.0,277.0,0.4671163575042159,1
2024-09-27,P009,141.0,41.0,1277093.0,799461.0,124.0,44.473868727598564,18.8525,99.0,99.0,5.0,0.0505050505050505,1
2024-09-27,P010,1.0,1.0,0.0,42565.0,1.0,149.41166666666666,149.41166666666666,1.0,89.0,64.0,0.7191011235955056,1
2024-09-27,P011,29.0,2.0,380687.0,985931.0,6.0,161.61458333333334,147.20916666666665,3.0,15.0,1.0,0.0666666666666666,1
2024-10-04,P001,274.0,262.0,2663707.0,630650.0,226.0,62.50180186823992,38.66597222222222,188.0,98.0,11.0,0.1122448979591836,1
2024-10-04,P002,66.0,2.0,700241.0,720138.0,107.0,47.95551142263759,18.778055555555557,54.0,1025.0,20.0,0.0195121951219512,1
2024-10-04,P003,8.0,0.0,189678.0,470258.0,32.0,127.55991666666667,77.92486111111111,9.0,277.0,12.0,0.0433212996389891,1
2024-10-04,P004,496.0,325.0,3010332.0,1939701.0,500.0,36.81144187862561,27.249444444444446,360.0,785.0,31.0,0.0394904458598726,1
2024-10-04,P005,98.0,45.0,430985.0,2990801.0,37.0,90.25136636636637,64.39194444444445,20.0,32.0,4.0,0.125,1
2024-10-04,P006,110.0,329.0,2395037.0,175760.0,336.0,87.27238567073171,39.86027777777778,277.0,458.0,17.0,0.037117903930131,1
2024-10-04,P007,10.0,0.0,37443.0,386185.0,1.0,86.9025,86.9025,0.0,54.0,6.0,0.1111111111111111,1
2024-10-04,P008,14.0,0.0,0.0,2777802.0,16.0,27.403125,11.477361111111112,11.0,672.0,273.0,0.40625,1
2024-10-04,P009,139.0,60.0,1368775.0,730858.0,89.0,63.26123737373737,21.91138888888889,66.0,122.0,11.0,0.0901639344262295,1
2024-10-04,P010,2.0,2.0,0.0,115404.0,0.0,,,0.0,78.0,52.0,0.6666666666666666,1
2024-10-04,P011,31.0,4.0,132484.0,1771022.0,5.0,131.82427777777778,129.29166666666666,4.0,20.0,2.0,0.1,1
2024-10-11,P001,304.0,287.0,3136460.0,834509.0,214.0,48.41380020865937,30.537222222222223,182.0,98.0,11.0,0.1122448979591836,1
2024-10-11,P002,67.0,3.0,813924.0,851304.0,107.0,48.09155922431866,19.48611111111111,61.0,1025.0,20.0,0.0195121951219512,1
2024-10-11,P003,12.0,0.0,151631.0,635024.0,36.0,140.64094907407406,78.25541666666666,7.0,277.0,12.0,0.0433212996389891,1
2024-10-11,P004,521.0,334.0,2991469.0,2261532.0,511.0,35.14980953940188,26.198055555555555,379.0,785.0,31.0,0.0394904458598726,1
2024-10-11,P005,91.0,34.0,386357.0,2401976.0,46.0,90.60731481481481,60.179722222222225,21.0,32.0,4.0,0.125,1
2024-10-11,P006,91.0,307.0,1235406.0,212515.0,540.0,70.56729337971748,35.56611111111111,446.0,458.0,17.0,0.037117903930131,1
2024-10-11,P007,12.0,0.0,37590.0,367322.0,0.0,,,0.0,54.0,6.0,0.1111111111111111,1
2024-10-11,P008,15.0,0.0,2587.0,2360964.0,15.0,39.27638888888889,34.966944444444444,9.0,672.0,273.0,0.40625,1
2024-10-11,P009,110.0,38.0,649545.0,526186.0,119.0,37.972110177404296,17.971944444444443,94.0,122.0,11.0,0.0901639344262295,1
2024-10-11,P010,1.0,1.0,0.0,0.0,0.0,,,0.0,78.0,52.0,0.6666666666666666,1
2024-10-11,P011,27.0,2.0,205981.0,1111443.0,8.0,135.90555555555557,93.05527777777777,1.0,20.0,2.0,0.1,1
2024-10-18,P001,264.0,284.0,2005217.0,838521.0,236.0,54.09206450094162,30.797777777777775,197.0,98.0,11.0,0.1122448979591836,1
2024-10-18,P002,63.0,7.0,790655.0,874932.0,98.0,39.40233843537415,16.67666666666667,50.0,1025.0,20.0,0.0195121951219512,1
2024-10-18,P003,12.0,0.0,246475.0,818432.0,31.0,141.57372222222224,89.72805555555556,8.0,277.0,12.0,0.0433212996389891,1
2024-10-18,P004,512.0,349.0,3163827.0,2543440.0,531.0,37.097134696016774,24.56805555555556,389.0,785.0,31.0,0.0394904458598726,1
2024-10-18,P005,102.0,36.0,282034.0,3088729.0,32.0,84.23739583333334,57.75472222222222,17.0,32.0,4.0,0.125,1
2024-10-18,P006,106.0,313.0,1983915.0,157663.0,470.0,67.60698973429952,35.07361111111111,382.0,458.0,17.0,0.037117903930131,1
2024-10-18,P007,8.0,0.0,2460.0,186945.0,0.0,,,0.0,54.0,6.0,0.1111111111111111,1
2024-10-18,P008,12.0,0.0,0.0,2841117.0,26.0,84.25766025641026,20.82625,15.0,672.0,273.0,0.40625,1
2024-10-18,P009,148.0,59.0,2041441.0,1060692.0,110.0,58.41242929292929,28.36125,87.0,122.0,11.0,0.0901639344262295,1
2024-10-18,P010,0.0,1.0,0.0,0.0,0.0,,,0.0,78.0,52.0,0.6666666666666666,1
2024-10-18,P011,27.0,2.0,341032.0,1320911.0,3.0,118.55175925925926,101.82138888888888,0.0,20.0,2.0,0.1,1
2024-10-25,P001,297.0,267.0,3039811.0,814892.0,247.0,46.45791610436348,31.778333333333332,203.0,98.0,11.0,0.1122448979591836,1
2024-10-25,P002,65.0,2.0,671523.0,699401.0,119.0,42.90830009496676,17.566666666666666,68.0,1025.0,20.0,0.0195121951219512,1
2024-10-25,P003,14.0,0.0,178374.0,1097149.0,38.0,109.25650793650793,84.33055555555555,11.0,277.0,12.0,0.0433212996389891,1
2024-10-25,P004,502.0,357.0,2734824.0,2230277.0,570.0,39.39081321162151,26.214861111111112,400.0,785.0,31.0,0.0394904458598726,1
2024-10-25,P005,105.0,41.0,604999.0,2978903.0,37.0,85.04671921921923,61.65444444444445,15.0,32.0,4.0,0.125,1
2024-10-25,P006,88.0,306.0,1532938.0,160033.0,554.0,63.014830761316865,32.52736111111111,470.0,458.0,17.0,0.037117903930131,1
2024-10-25,P007,6.0,0.0,1874.0,231205.0,1.0,54.37166666666667,54.37166666666667,0.0,54.0,6.0,0.1111111111111111,1
2024-10-25,P008,16.0,0.0,5174.0,2327291.0,20.0,60.37043055555555,16.090833333333332,12.0,672.0,273.0,0.40625,1
2024-10-25,P009,112.0,33.0,1025363.0,603173.0,129.0,49.0476593453919,21.286944444444444,100.0,122.0,11.0,0.0901639344262295,1
2024-10-25,P010,0.0,2.0,0.0,0.0,0.0,,,0.0,78.0,52.0,0.6666666666666666,1
2024-10-25,P011,22.0,2.0,194838.0,1160784.0,10.0,147.28941666666668,52.05499999999999,3.0,20.0,2.0,0.1,1
2024-11-01,P001,300.0,289.0,2435882.0,985957.0,230.0,51.67295531400966,33.614444444444445,190.0,109.0,12.0,0.110091743119266,1
2024-11-01,P002,54.0,2.0,517572.0,493774.0,97.0,44.87672107674685,19.761666666666667,48.0,973.0,29.0,0.0298047276464542,1
2024-11-01,P003,8.0,0.0,145823.0,631602.0,37.0,169.4889274691358,110.00416666666666,8.0,287.0,16.0,0.0557491289198606,1
2024-11-01,P004,477.0,355.0,2961100.0,1800159.0,576.0,37.56929319371728,25.881666666666668,405.0,660.0,42.0,0.0636363636363636,1
2024-11-01,P005,102.0,41.0,410912.0,2401816.0,38.0,67.03201754385965,51.83069444444445,15.0,22.0,5.0,0.2272727272727272,1
2024-11-01,P006,92.0,303.0,745905.0,164294.0,582.0,72.32502005086072,35.125416666666666,477.0,375.0,18.0,0.048,1
2024-11-01,P007,7.0,0.0,3748.0,229870.0,2.0,45.149027777777775,45.149027777777775,0.0,30.0,5.0,0.1666666666666666,1
2024-11-01,P008,10.0,0.0,0.0,1582656.0,17.0,49.1949183006536,14.779166666666669,5.0,671.0,300.0,0.4470938897168405,1
2024-11-01,P009,100.0,45.0,880254.0,660383.0,111.0,53.976546546546544,20.217777777777776,91.0,77.0,9.0,0.1168831168831168,1
2024-11-01,P010,0.0,0.0,0.0,0.0,0.0,,,0.0,60.0,41.0,0.6833333333333333,1
2024-11-01,P011,34.0,4.0,174865.0,1787948.0,3.0,140.08805555555557,41.26861111111111,2.0,9.0,1.0,0.1111111111111111,1
2024-11-08,P001,298.0,285.0,3664821.0,922400.0,211.0,57.642052395997894,34.73694444444445,175.0,109.0,12.0,0.110091743119266,1
2024-11-08,P002,69.0,6.0,827029.0,1102919.0,100.0,35.530415263748594,18.03,58.0,973.0,29.0,0.0298047276464542,1
2024-11-08,P003,9.0,0.0,153112.0,628188.0,27.0,106.18490740740741,81.14694444444444,7.0,287.0,16.0,0.0557491289198606,1
2024-11-08,P004,514.0,347.0,4085999.0,2394286.0,563.0,39.69835022858279,27.2175,409.0,660.0,42.0,0.0636363636363636,1
2024-11-08,P005,103.0,51.0,251294.0,2995534.0,45.0,64.43454938271604,47.21083333333333,23.0,22.0,5.0,0.2272727272727272,1
2024-11-08,P006,80.0,250.0,821770.0,87175.0,464.0,71.80116288986355,35.440694444444446,377.0,375.0,18.0,0.048,1
2024-11-08,P007,4.0,1.0,6578.0,110121.0,2.0,42.414722222222224,42.414722222222224,0.0,30.0,5.0,0.1666666666666666,1
2024-11-08,P008,14.0,0.0,21225.0,2694903.0,15.0,22.581296296296294,16.41611111111111,8.0,671.0,300.0,0.4470938897168405,1
2024-11-08,P009,84.0,43.0,891936.0,438932.0,95.0,54.31286842105263,24.19972222222222,77.0,77.0,9.0,0.1168831168831168,1
2024-11-08,P010,0.0,1.0,0.0,0.0,1.0,186.855,186.855,1.0,60.0,41.0,0.6833333333333333,1
2024-11-08,P011,22.0,1.0,153929.0,1101607.0,7.0,91.39365079365079,53.89861111111111,3.0,9.0,1.0,0.1111111111111111,1
2024-11-15,P001,294.0,281.0,3045362.0,713396.0,243.0,52.381221761180264,30.9575,209.0,109.0,12.0,0.110091743119266,1
2024-11-15,P002,65.0,8.0,721449.0,541266.0,99.0,36.66238215488215,17.875,51.0,973.0,29.0,0.0298047276464542,1
2024-11-15,P003,12.0,0.0,154081.0,681749.0,35.0,138.47435457516337,78.35541666666666,6.0,287.0,16.0,0.0557491289198606,1
2024-11-15,P004,513.0,341.0,3665995.0,2466944.0,547.0,34.36565902140673,26.01555555555555,390.0,660.0,42.0,0.0636363636363636,1
2024-11-15,P005,98.0,45.0,619894.0,2443837.0,52.0,87.06711004273505,58.15013888888889,24.0,22.0,5.0,0.2272727272727272,1
2024-11-15,P006,108.0,312.0,1802129.0,464816.0,416.0,69.03324644225506,36.49652777777778,353.0,375.0,18.0,0.048,1
2024-11-15,P007,5.0,0.0,15113.0,180406.0,0.0,,,0.0,30.0,5.0,0.1666666666666666,1
2024-11-15,P008,19.0,1.0,10348.0,2954801.0,24.0,26.17877314814815,17.354166666666664,11.0,671.0,300.0,0.4470938897168405,1
2024-11-15,P009,107.0,35.0,1281126.0,782367.0,131.0,36.31610474978796,19.4725,103.0,77.0,9.0,0.1168831168831168,1
2024-11-15,P010,1.0,1.0,0.0,0.0,0.0,,,0.0,60.0,41.0,0.6833333333333333,1
2024-11-15,P011,19.0,1.0,506441.0,473084.0,2.0,106.62722222222223,106.62722222222223,1.0,9.0,1.0,0.1111111111111111,1
2024-11-22,P001,311.0,288.0,3042761.0,958262.0,254.0,50.998312554680666,34.125416666666666,214.0,109.0,12.0,0.110091743119266,1
2024-11-22,P002,65.0,4.0,940522.0,747560.0,111.0,50.994532828282836,21.292916666666667,57.0,973.0,29.0,0.0298047276464542,1
2024-11-22,P003,13.0,0.0,267624.0,1223679.0,32.0,108.77471354166667,83.50069444444443,5.0,287.0,16.0,0.0557491289198606,1
2024-11-22,P004,556.0,337.0,3193222.0,2729175.0,515.0,38.84119920017294,25.45916666666667,381.0,660.0,42.0,0.0636363636363636,1
2024-11-22,P005,111.0,48.0,441337.0,3089146.0,43.0,106.32593023255815,73.74083333333333,23.0,22.0,5.0,0.2272727272727272,1
2024-11-22,P006,102.0,331.0,1797939.0,103148.0,587.0,64.56634755863129,32.932500000000005,484.0,375.0,18.0,0.048,1
2024-11-22,P007,8.0,0.0,15113.0,314523.0,2.0,37.96805555555555,37.96805555555555,0.0,30.0,5.0,0.1666666666666666,1
2024-11-22,P008,16.0,0.0,149720.0,3101201.0,22.0,70.71727272727273,26.495694444444446,12.0,671.0,300.0,0.4470938897168405,1
2024-11-22,P009,106.0,37.0,1281724.0,497580.0,126.0,56.082314814814815,19.80097222222222,103.0,77.0,9.0,0.1168831168831168,1
2024-11-22,P010,0.0,0.0,0.0,0.0,2.0,290.4711111111111,290.4711111111111,0.0,60.0,41.0,0.6833333333333333,1
2024-11-22,P011,23.0,3.0,295801.0,958801.0,4.0,193.335625,223.13666666666666,2.0,9.0,1.0,0.1111111111111111,1
2024-11-29,P001,286.0,263.0,3231779.0,817151.0,263.0,51.43925042408821,33.1425,218.0,103.0,10.0,0.0970873786407767,1
2024-11-29,P002,61.0,4.0,713859.0,929244.0,119.0,39.31336864406779,20.657083333333333,64.0,994.0,27.0,0.0271629778672032,1
2024-11-29,P003,14.0,0.0,164033.0,1217857.0,39.0,145.19980056980057,96.09388888888888,7.0,417.0,40.0,0.0959232613908872,1
2024-11-29,P004,509.0,349.0,3360675.0,2565897.0,559.0,40.85999153723616,26.720972222222223,399.0,807.0,41.0,0.0508054522924411,1
2024-11-29,P005,103.0,53.0,350521.0,2861972.0,46.0,66.1009963768116,53.93819444444445,26.0,33.0,1.0,0.0303030303030303,1
2024-11-29,P006,91.0,316.0,1412345.0,405166.0,560.0,57.0251605273752,31.047222222222224,483.0,304.0,9.0,0.0296052631578947,1
2024-11-29,P007,4.0,0.0,4334.0,138294.0,1.0,52.2675,52.2675,0.0,36.0,5.0,0.1388888888888889,1
2024-11-29,P008,14.0,1.0,1481.0,2665884.0,16.0,21.837916666666665,12.921527777777778,12.0,583.0,203.0,0.3481989708404803,1
2024-11-29,P009,76.0,32.0,475016.0,454715.0,121.0,44.894522497704315,21.19388888888889,90.0,124.0,8.0,0.064516129032258,1
2024-11-29,P010,2.0,1.0,0.0,0.0,1.0,233.83527777777775,233.83527777777775,1.0,92.0,53.0,0.5760869565217391,1
2024-11-29,P011,22.0,2.0,211706.0,1220650.0,3.0,85.25925925925925,72.155,2.0,14.0,1.0,0.0714285714285714,1
2024-12-06,P001,314.0,287.0,2516975.0,641354.0,241.0,53.67689075630252,33.32416666666667,197.0,103.0,10.0,0.0970873786407767,1
2024-12-06,P002,70.0,5.0,876244.0,808234.0,119.0,38.38650793650794,19.891944444444444,59.0,994.0,27.0,0.0271629778672032,1
2024-12-06,P003,9.0,0.0,138780.0,531697.0,39.0,106.1843932748538,82.8875,7.0,417.0,40.0,0.0959232613908872,1
2024-12-06,P004,507.0,350.0,2960874.0,2335543.0,555.0,41.363230730730734,25.391944444444444,405.0,807.0,41.0,0.0508054522924411,1
2024-12-06,P005,112.0,46.0,456123.0,3500887.0,50.0,85.29317222222222,74.29208333333332,24.0,33.0,1.0,0.0303030303030303,1
2024-12-06,P006,81.0,291.0,837101.0,204666.0,577.0,63.135175516224194,32.33222222222222,468.0,304.0,9.0,0.0296052631578947,1
2024-12-06,P007,10.0,0.0,123796.0,252331.0,2.0,91.01763888888888,91.01763888888888,0.0,36.0,5.0,0.1388888888888889,1
2024-12-06,P008,7.0,0.0,2587.0,804073.0,21.0,62.82951058201059,12.183333333333334,10.0,583.0,203.0,0.3481989708404803,1
2024-12-06,P009,100.0,42.0,784987.0,482959.0,102.0,35.83686819172113,20.754305555555554,83.0,124.0,8.0,0.064516129032258,1
2024-12-06,P010,1.0,1.0,0.0,0.0,2.0,72.14277777777778,72.14277777777778,1.0,92.0,53.0,0.5760869565217391,1
2024-12-06,P011,21.0,1.0,48910.0,423619.0,6.0,142.48967592592592,139.06805555555556,2.0,14.0,1.0,0.0714285714285714,1
2024-12-13,P001,315.0,288.0,3291575.0,847880.0,240.0,52.081448412698414,32.99986111111111,196.0,103.0,10.0,0.0970873786407767,1
2024-12-13,P002,77.0,6.0,857224.0,800727.0,135.0,40.647558479532165,18.74944444444445,76.0,994.0,27.0,0.0271629778672032,1
2024-12-13,P003,12.0,0.0,37370.0,1353020.0,26.0,127.28488888888889,52.03111111111111,3.0,417.0,40.0,0.0959232613908872,1
2024-12-13,P004,505.0,336.0,3637102.0,2568808.0,573.0,40.1650730994152,25.25069444444444,411.0,807.0,41.0,0.0508054522924411,1
2024-12-13,P005,97.0,28.0,195879.0,2700942.0,44.0,89.98523358585858,65.10541666666666,22.0,33.0,1.0,0.0303030303030303,1
2024-12-13,P006,112.0,323.0,1926040.0,117576.0,509.0,77.28375635078417,35.43555555555555,423.0,304.0,9.0,0.0296052631578947,1
2024-12-13,P007,5.0,0.0,5827.0,205532.0,2.0,51.07527777777777,51.07527777777777,0.0,36.0,5.0,0.1388888888888889,1
2024-12-13,P008,15.0,0.0,5174.0,2679047.0,17.0,30.572630718954247,14.573055555555555,9.0,583.0,203.0,0.3481989708404803,1
2024-12-13,P009,82.0,30.0,370858.0,495687.0,104.0,42.6994362745098,25.799722222222222,90.0,124.0,8.0,0.064516129032258,1
2024-12-13,P010,1.0,1.0,0.0,0.0,0.0,,,0.0,92.0,53.0,0.5760869565217391,1
2024-12-13,P011,18.0,1.0,91959.0,492669.0,2.0,252.31166666666667,252.31166666666667,0.0,14.0,1.0,0.0714285714285714,1
2024-12-20,P001,283.0,267.0,2196847.0,729227.0,244.0,50.28583103764922,34.39805555555556,209.0,103.0,10.0,0.0970873786407767,1
2024-12-20,P002,72.0,6.0,893936.0,877715.0,118.0,44.83563865147199,19.8975,72.0,994.0,27.0,0.0271629778672032,1
2024-12-20,P003,11.0,0.0,158831.0,899878.0,42.0,154.0596111111111,110.39874999999999,10.0,417.0,40.0,0.0959232613908872,1
2024-12-20,P004,541.0,337.0,3320445.0,2580747.0,543.0,36.8533887861984,25.469722222222224,387.0,807.0,41.0,0.0508054522924411,1
2024-12-20,P005,106.0,42.0,433409.0,2994036.0,29.0,74.7192816091954,50.76111111111111,20.0,33.0,1.0,0.0303030303030303,1
2024-12-20,P006,105.0,312.0,1188739.0,145362.0,570.0,60.11095102732895,31.528055555555557,470.0,304.0,9.0,0.0296052631578947,1
2024-12-20,P007,10.0,0.0,161133.0,269878.0,0.0,,,0.0,36.0,5.0,0.1388888888888889,1
2024-12-20,P008,12.0,0.0,9243.0,2378998.0,18.0,109.57520061728395,35.54777777777778,10.0,583.0,203.0,0.3481989708404803,1
2024-12-20,P009,87.0,37.0,308808.0,502552.0,98.0,37.145683106575966,20.641527777777778,78.0,124.0,8.0,0.064516129032258,1
2024-12-20,P010,0.0,2.0,0.0,0.0,1.0,471.98,471.98,0.0,92.0,53.0,0.5760869565217391,1
2024-12-20,P011,21.0,1.0,198329.0,1201281.0,4.0,224.40736111111113,227.97444444444443,1.0,14.0,1.0,0.0714285714285714,1
2024-12-27,P001,294.0,283.0,3372839.0,720587.0,234.0,50.929735280151945,34.91777777777777,191.0,103.0,10.0,0.0970873786407767,1
2024-12-27,P002,66.0,5.0,600024.0,591164.0,116.0,45.40298611111111,19.402083333333334,54.0,994.0,27.0,0.0271629778672032,1
2024-12-27,P003,10.0,0.0,47656.0,969818.0,35.0,151.54906045751636,101.52250000000001,6.0,417.0,40.0,0.0959232613908872,1
2024-12-27,P004,518.0,359.0,4538592.0,2320971.0,544.0,39.079010802469135,25.367361111111112,392.0,807.0,41.0,0.0508054522924411,1
2024-12-27,P005,91.0,46.0,479819.0,2678585.0,44.0,90.06820075757577,66.70583333333333,18.0,33.0,1.0,0.0303030303030303,1
2024-12-27,P006,108.0,322.0,1466691.0,374657.0,595.0,62.30765927189988,35.510416666666664,492.0,304.0,9.0,0.0296052631578947,1
2024-12-27,P007,3.0,1.0,1874.0,109567.0,0.0,,,0.0,36.0,5.0,0.1388888888888889,1
2024-12-27,P008,12.0,0.0,26668.0,1415816.0,18.0,53.30600308641976,25.649583333333332,9.0,583.0,203.0,0.3481989708404803,1
2024-12-27,P009,116.0,39.0,719629.0,766714.0,108.0,40.93833847736625,23.85138888888889,87.0,124.0,8.0,0.064516129032258,1
2024-12-27,P010,2.0,1.0,0.0,72839.0,0.0,,,0.0,92.0,53.0,0.5760869565217391,1
2024-12-27,P011,26.0,0.0,153133.0,1374620.0,5.0,146.6592222222222,156.33555555555554,3.0,14.0,1.0,0.0714285714285714,1
2025-01-03,P001,253.0,188.0,2591808.0,466110.0,249.0,53.78968960863698,34.0,201.0,109.0,6.0,0.055045871559633,1
2025-01-03,P002,62.0,8.0,663946.0,1016184.0,108.0,47.524845679012344,18.77722222222222,67.0,929.0,25.0,0.0269106566200215,1
2025-01-03,P003,7.0,0.0,78811.0,940595.0,33.0,114.47747474747474,78.35972222222222,8.0,363.0,33.0,0.0909090909090909,1
2025-01-03,P004,525.0,331.0,3892611.0,2338904.0,583.0,35.13194492254733,25.216666666666665,420.0,838.0,44.0,0.0525059665871121,1
2025-01-03,P005,106.0,42.0,322046.0,2704790.0,42.0,79.35077380952382,58.77569444444445,14.0,43.0,7.0,0.1627906976744186,1
2025-01-03,P006,87.0,313.0,1372211.0,144954.0,588.0,65.61228962064317,32.591944444444444,503.0,428.0,13.0,0.0303738317757009,1
2025-01-03,P007,8.0,0.0,60545.0,236823.0,0.0,,,0.0,56.0,16.0,0.2857142857142857,1
2025-01-03,P008,16.0,0.0,8781.0,3127326.0,17.0,54.2052614379085,16.33111111111111,7.0,645.0,199.0,0.3085271317829457,1
2025-01-03,P009,108.0,49.0,938438.0,459271.0,131.0,41.575695504664964,20.688333333333333,100.0,101.0,5.0,0.0495049504950495,1
2025-01-03,P010,2.0,1.0,0.0,72839.0,3.0,268.4203703703704,118.0963888888889,2.0,90.0,66.0,0.7333333333333333,1
2025-01-03,P011,26.0,1.0,169730.0,600778.0,5.0,190.74855555555555,117.64277777777778,3.0,12.0,1.0,0.0833333333333333,1
2025-01-10,P001,269.0,231.0,2519840.0,760297.0,156.0,80.65241631054131,47.77111111111111,135.0,109.0,6.0,0.055045871559633,1
2025-01-10,P002,62.0,5.0,686799.0,573929.0,113.0,39.62356440511308,16.885,64.0,929.0,25.0,0.0269106566200215,1
2025-01-10,P003,11.0,0.0,158558.0,962584.0,33.0,119.81397306397305,92.655,8.0,363.0,33.0,0.0909090909090909,1
2025-01-10,P004,501.0,370.0,3141815.0,2540115.0,607.0,36.42270385674931,25.31277777777778,423.0,838.0,44.0,0.0525059665871121,1
2025-01-10,P005,107.0,42.0,564699.0,2338472.0,42.0,90.47323412698412,67.17458333333333,18.0,43.0,7.0,0.1627906976744186,1
2025-01-10,P006,104.0,320.0,1224766.0,216751.0,557.0,65.32377136752137,34.19625,467.0,428.0,13.0,0.0303738317757009,1
2025-01-10,P007,7.0,0.0,39907.0,269886.0,1.0,15.061388888888889,15.061388888888889,0.0,56.0,16.0,0.2857142857142857,1
2025-01-10,P008,13.0,0.0,10348.0,1985570.0,18.0,58.79492283950617,29.630972222222223,9.0,645.0,199.0,0.3085271317829457,1
2025-01-10,P009,93.0,33.0,870404.0,436394.0,111.0,44.282000000000004,22.031666666666666,87.0,101.0,5.0,0.0495049504950495,1
2025-01-10,P010,1.0,1.0,0.0,0.0,0.0,,,0.0,90.0,66.0,0.7333333333333333,1
2025-01-10,P011,16.0,3.0,225141.0,529021.0,4.0,184.97097222222223,180.5598611111111,2.0,12.0,1.0,0.0833333333333333,1
2025-01-17,P001,285.0,270.0,3403019.0,777751.0,178.0,74.67702559300875,52.66888888888889,143.0,109.0,6.0,0.055045871559633,1
2025-01-17,P002,70.0,8.0,1027573.0,597303.0,126.0,52.798617724867725,20.458750000000002,67.0,929.0,25.0,0.0269106566200215,1
2025-01-17,P003,12.0,0.0,174052.0,648069.0,39.0,128.5149287749288,65.3125,5.0,363.0,33.0,0.0909090909090909,1
2025-01-17,P004,530.0,348.0,2902200.0,2092997.0,616.0,36.46372557003257,26.29875,435.0,838.0,44.0,0.0525059665871121,1
2025-01-17,P005,103.0,37.0,622600.0,2358369.0,38.0,85.70476608187134,64.77666666666667,22.0,43.0,7.0,0.1627906976744186,1
2025-01-17,P006,81.0,314.0,1443730.0,213399.0,508.0,53.42286507936508,31.438472222222224,435.0,428.0,13.0,0.0303738317757009,1
2025-01-17,P007,7.0,0.0,17573.0,213847.0,2.0,55.78430555555556,55.78430555555556,1.0,56.0,16.0,0.2857142857142857,1
2025-01-17,P008,15.0,0.0,7761.0,2269286.0,19.0,86.88675438596492,42.342777777777776,10.0,645.0,199.0,0.3085271317829457,1
2025-01-17,P009,93.0,31.0,839149.0,508539.0,106.0,41.94131746031746,17.0325,88.0,101.0,5.0,0.0495049504950495,1
2025-01-17,P010,0.0,0.0,0.0,0.0,0.0,,,0.0,90.0,66.0,0.7333333333333333,1
2025-01-17,P011,24.0,3.0,125970.0,952136.0,5.0,88.09911111111111,75.63527777777777,2.0,12.0,1.0,0.0833333333333333,1
2025-01-24,P001,294.0,266.0,1927640.0,604898.0,218.0,55.3511009174312,38.59958333333333,181.0,109.0,6.0,0.055045871559633,1
2025-01-24,P002,69.0,4.0,666358.0,846693.0,128.0,46.55488064236111,20.594166666666666,74.0,929.0,25.0,0.0269106566200215,1
2025-01-24,P003,14.0,0.0,104280.0,1123141.0,44.0,139.2887080103359,87.4975,11.0,363.0,33.0,0.0909090909090909,1
2025-01-24,P004,501.0,348.0,2638668.0,2655958.0,618.0,35.88315853658537,24.60527777777778,432.0,838.0,44.0,0.0525059665871121,1
2025-01-24,P005,108.0,45.0,457642.0,3062401.0,36.0,90.70479166666667,69.56319444444445,20.0,43.0,7.0,0.1627906976744186,1
2025-01-24,P006,101.0,320.0,949765.0,279956.0,544.0,68.35430955427597,35.93555555555555,438.0,428.0,13.0,0.0303738317757009,1
2025-01-24,P007,7.0,0.0,116516.0,129931.0,0.0,,,0.0,56.0,16.0,0.2857142857142857,1
2025-01-24,P008,12.0,0.0,177186.0,1939308.0,21.0,43.716719576719576,14.093055555555557,10.0,645.0,199.0,0.3085271317829457,1
2025-01-24,P009,108.0,46.0,1673617.0,667102.0,93.0,39.504181763285025,25.43472222222222,74.0,101.0,5.0,0.0495049504950495,1
2025-01-24,P010,0.0,0.0,0.0,0.0,0.0,,,0.0,90.0,66.0,0.7333333333333333,1
2025-01-24,P011,25.0,3.0,267318.0,821215.0,7.0,131.2104761904762,73.8386111111111,2.0,12.0,1.0,0.0833333333333333,1
2025-01-31,P001,288.0,292.0,3572200.0,847953.0,210.0,50.78017592592593,32.81986111111111,182.0,69.0,6.0,0.0869565217391304,1
2025-01-31,P002,73.0,8.0,978866.0,828699.0,141.0,35.302383766745464,19.678333333333335,72.0,1094.0,24.0,0.0219378427787934,1
2025-01-31,P003,6.0,0.0,169601.0,178392.0,36.0,165.53851080246915,87.03652777777776,5.0,429.0,50.0,0.1165501165501165,1
2025-01-31,P004,549.0,338.0,3251763.0,2696516.0,542.0,36.3515,25.669722222222223,390.0,653.0,40.0,0.0612557427258805,1
2025-01-31,P005,77.0,38.0,471071.0,2073287.0,43.0,87.92908268733851,65.56055555555555,19.0,28.0,6.0,0.2142857142857142,1
2025-01-31,P006,121.0,315.0,1838251.0,279765.0,478.0,84.83162768031188,35.18222222222222,386.0,270.0,9.0,0.0333333333333333,1
2025-01-31,P007,7.0,0.0,1874.0,275976.0,1.0,33.60805555555555,33.60805555555555,0.0,41.0,5.0,0.1219512195121951,1
2025-01-31,P008,15.0,0.0,10348.0,2518147.0,21.0,35.95584656084656,23.517777777777777,9.0,725.0,226.0,0.3117241379310345,1
2025-01-31,P009,105.0,40.0,607469.0,446562.0,104.0,41.15649572649573,24.072916666666664,79.0,141.0,6.0,0.0425531914893617,1
2025-01-31,P010,0.0,0.0,0.0,0.0,0.0,,,0.0,127.0,91.0,0.7165354330708661,1
2025-01-31,P011,21.0,4.0,117039.0,905214.0,6.0,103.64361111111111,111.56819444444446,2.0,9.0,1.0,0.1111111111111111,1
2025-02-07,P001,271.0,266.0,1439938.0,741566.0,236.0,53.84824391988555,38.0675,201.0,69.0,6.0,0.0869565217391304,1
2025-02-07,P002,63.0,7.0,550967.0,896104.0,116.0,48.40257423371647,21.53277777777778,68.0,1094.0,24.0,0.0219378427787934,1
2025-02-07,P003,12.0,0.0,227940.0,1118624.0,40.0,107.58751461988304,68.46069444444444,11.0,429.0,50.0,0.1165501165501165,1
2025-02-07,P004,499.0,337.0,3644198.0,2465105.0,595.0,39.39119915254237,25.671805555555554,438.0,653.0,40.0,0.0612557427258805,1
2025-02-07,P005,103.0,44.0,328135.0,2687006.0,33.0,143.93895622895624,115.845,16.0,28.0,6.0,0.2142857142857142,1
2025-02-07,P006,80.0,287.0,1198846.0,167874.0,431.0,120.38628419877165,39.285555555555554,348.0,270.0,9.0,0.0333333333333333,1
2025-02-07,P007,8.0,0.0,0.0,337572.0,1.0,70.43638888888889,70.43638888888889,1.0,41.0,5.0,0.1219512195121951,1
2025-02-07,P008,15.0,0.0,184212.0,2836895.0,16.0,19.890121527777776,16.684305555555554,9.0,725.0,226.0,0.3117241379310345,1
2025-02-07,P009,100.0,23.0,791843.0,630391.0,126.0,55.47385555555556,19.66805555555555,97.0,141.0,6.0,0.0425531914893617,1
2025-02-07,P010,0.0,1.0,0.0,0.0,0.0,,,0.0,127.0,91.0,0.7165354330708661,1
2025-02-07,P011,30.0,2.0,237702.0,1444262.0,4.0,116.61291666666666,115.07569444444444,2.0,9.0,1.0,0.1111111111111111,1
2025-02-14,P001,316.0,302.0,4738913.0,739717.0,238.0,53.44189425770308,31.631805555555555,193.0,69.0,6.0,0.0869565217391304,1
2025-02-14,P002,69.0,8.0,867247.0,618593.0,118.0,60.18574858757062,26.90361111111111,73.0,1094.0,24.0,0.0219378427787934,1
2025-02-14,P003,12.0,0.0,122759.0,908354.0,39.0,167.80777027027025,85.84333333333333,10.0,429.0,50.0,0.1165501165501165,1
2025-02-14,P004,516.0,330.0,3627719.0,2150983.0,561.0,33.88244335122242,25.205,414.0,653.0,40.0,0.0612557427258805,1
2025-02-14,P005,80.0,42.0,335255.0,2352755.0,40.0,102.70909722222223,54.958749999999995,22.0,28.0,6.0,0.2142857142857142,1
2025-02-14,P006,80.0,298.0,1523737.0,156099.0,264.0,98.56457677165355,37.43875,202.0,270.0,9.0,0.0333333333333333,1
2025-02-14,P007,6.0,1.0,1874.0,283002.0,0.0,,,0.0,41.0,5.0,0.1219512195121951,1
2025-02-14,P008,11.0,0.0,0.0,2117013.0,22.0,63.812045454545455,29.724444444444444,15.0,725.0,226.0,0.3117241379310345,1
2025-02-14,P009,102.0,33.0,1313742.0,534244.0,83.0,63.42826639892905,21.0075,65.0,141.0,6.0,0.0425531914893617,1
2025-02-14,P010,0.0,0.0,0.0,0.0,0.0,,,0.0,127.0,91.0,0.7165354330708661,1
2025-02-14,P011,29.0,1.0,357730.0,1577976.0,7.0,160.42007936507935,107.94333333333331,1.0,9.0,1.0,0.1111111111111111,1
2025-02-21,P001,343.0,294.0,3721352.0,906942.0,250.0,45.568843150379294,30.739722222222223,219.0,69.0,6.0,0.0869565217391304,1
2025-02-21,P002,72.0,6.0,744733.0,583890.0,128.0,44.30414682539683,22.146944444444443,60.0,1094.0,24.0,0.0219378427787934,1
2025-02-21,P003,13.0,0.0,159105.0,1604431.0,35.0,130.8664126984127,77.80805555555555,10.0,429.0,50.0,0.1165501165501165,1
2025-02-21,P004,506.0,340.0,3283639.0,2410912.0,573.0,36.736242946098464,24.05611111111111,412.0,653.0,40.0,0.0612557427258805,1
2025-02-21,P005,121.0,43.0,427609.0,3578926.0,41.0,98.61012195121951,66.82027777777778,25.0,28.0,6.0,0.2142857142857142,1
2025-02-21,P006,115.0,232.0,640843.0,237677.0,251.0,69.86869763205829,33.194722222222225,177.0,270.0,9.0,0.0333333333333333,1
2025-02-21,P007,7.0,0.0,35954.0,164177.0,1.0,74.71722222222222,74.71722222222222,0.0,41.0,5.0,0.1219512195121951,1
2025-02-21,P008,12.0,0.0,9242.0,2145296.0,25.0,61.97024305555556,18.481666666666666,9.0,725.0,226.0,0.3117241379310345,1
2025-02-21,P009,97.0,37.0,923153.0,528895.0,85.0,47.90075163398693,21.304166666666667,65.0,141.0,6.0,0.0425531914893617,1
2025-02-21,P010,0.0,0.0,0.0,0.0,2.0,25.234444444444446,25.234444444444446,1.0,127.0,91.0,0.7165354330708661,1
2025-02-21,P011,18.0,3.0,220388.0,782168.0,10.0,109.83036111111112,70.89166666666667,3.0,9.0,1.0,0.1111111111111111,1
2025-02-28,P001,287.0,287.0,2487256.0,719732.0,249.0,54.160877192982454,29.13222222222222,200.0,99.0,7.0,0.0707070707070707,1
2025-02-28,P002,61.0,8.0,615412.0,1049042.0,119.0,54.971346516007536,24.393194444444443,66.0,975.0,25.0,0.0256410256410256,1
2025-02-28,P003,10.0,0.0,84883.0,760696.0,41.0,110.66536585365853,86.4975,9.0,347.0,27.0,0.0778097982708933,1
2025-02-28,P004,486.0,360.0,2481684.0,2194534.0,572.0,39.62764231220657,26.58888888888889,409.0,949.0,49.0,0.0516332982086406,1
2025-02-28,P005,110.0,42.0,436673.0,2669038.0,40.0,82.12734027777778,66.08375000000001,23.0,22.0,4.0,0.1818181818181818,1
2025-02-28,P006,121.0,295.0,1844614.0,245988.0,416.0,75.25178767876788,31.409166666666668,344.0,358.0,24.0,0.0670391061452514,1
2025-02-28,P007,7.0,0.0,17573.0,262565.0,1.0,66.26027777777777,66.26027777777777,0.0,43.0,7.0,0.1627906976744186,1
2025-02-28,P008,11.0,0.0,2587.0,1493936.0,22.0,29.82330808080808,19.162638888888893,13.0,660.0,232.0,0.3515151515151515,1
2025-02-28,P009,94.0,39.0,705470.0,671651.0,107.0,39.066975597092416,18.33888888888889,89.0,90.0,6.0,0.0666666666666666,1
2025-02-28,P010,0.0,0.0,0.0,0.0,1.0,158.6363888888889,158.6363888888889,1.0,98.0,80.0,0.8163265306122449,1
2025-02-28,P011,31.0,2.0,316554.0,940613.0,6.0,163.3235185185185,126.1075,2.0,19.0,4.0,0.2105263157894736,1
2025-03-07,P001,329.0,270.0,3339971.0,840599.0,252.0,48.97256613756613,31.381805555555555,206.0,99.0,7.0,0.0707070707070707,1
2025-03-07,P002,63.0,3.0,701128.0,832444.0,132.0,45.719877946127944,19.250555555555554,69.0,975.0,25.0,0.0256410256410256,1
2025-03-07,P003,9.0,0.0,100778.0,729066.0,34.0,145.1203787878788,106.25,5.0,347.0,27.0,0.0778097982708933,1
2025-03-07,P004,524.0,349.0,3240165.0,2770355.0,562.0,36.23777480158731,25.375,415.0,949.0,49.0,0.0516332982086406,1
2025-03-07,P005,96.0,39.0,327044.0,2797976.0,43.0,108.28752583979328,72.10638888888889,27.0,22.0,4.0,0.1818181818181818,1
2025-03-07,P006,86.0,265.0,757395.0,257405.0,500.0,67.1818007467753,31.670277777777777,411.0,358.0,24.0,0.0670391061452514,1
2025-03-07,P007,7.0,0.0,8047.0,199599.0,0.0,,,0.0,43.0,7.0,0.1627906976744186,1
2025-03-07,P008,12.0,0.0,101435.0,2374968.0,25.0,62.204344444444445,25.516944444444444,15.0,660.0,232.0,0.3515151515151515,1
2025-03-07,P009,84.0,49.0,590943.0,469151.0,122.0,40.09255464480874,20.295555555555552,97.0,90.0,6.0,0.0666666666666666,1
2025-03-07,P010,1.0,1.0,0.0,0.0,1.0,19.298055555555557,19.298055555555557,1.0,98.0,80.0,0.8163265306122449,1
2025-03-07,P011,20.0,2.0,83812.0,1358201.0,5.0,126.42588888888888,113.50277777777778,0.0,19.0,4.0,0.2105263157894736,1
2025-03-14,P001,311.0,294.0,3159359.0,869448.0,231.0,45.17369528619529,29.762777777777774,194.0,99.0,7.0,0.0707070707070707,1
2025-03-14,P002,78.0,6.0,722217.0,749837.0,122.0,43.08877640036731,22.715833333333332,64.0,975.0,25.0,0.0256410256410256,1
2025-03-14,P003,11.0,0.0,97221.0,1012013.0,34.0,122.1705303030303,76.1763888888889,12.0,347.0,27.0,0.0778097982708933,1
2025-03-14,P004,520.0,362.0,2782259.0,2630262.0,593.0,37.54924731182796,25.387777777777774,432.0,949.0,49.0,0.0516332982086406,1
2025-03-14,P005,88.0,42.0,330641.0,2845636.0,38.0,100.8451461988304,65.63097222222223,22.0,22.0,4.0,0.1818181818181818,1
2025-03-14,P006,85.0,304.0,1253081.0,128606.0,448.0,70.09677701674276,34.955416666666665,377.0,358.0,24.0,0.0670391061452514,1
2025-03-14,P007,8.0,0.0,100242.0,254450.0,0.0,,,0.0,43.0,7.0,0.1627906976744186,1
2025-03-14,P008,13.0,0.0,198382.0,1908399.0,24.0,42.87673611111111,25.354444444444443,14.0,660.0,232.0,0.3515151515151515,1
2025-03-14,P009,83.0,24.0,360435.0,428635.0,128.0,44.50399606299212,19.75638888888889,107.0,90.0,6.0,0.0666666666666666,1
2025-03-14,P010,1.0,0.0,0.0,0.0,0.0,,,0.0,98.0,80.0,0.8163265306122449,1
2025-03-14,P011,23.0,4.0,215119.0,1195467.0,11.0,83.46161616161616,53.45333333333333,7.0,19.0,4.0,0.2105263157894736,1
2025-03-21,P001,328.0,291.0,3032816.0,714412.0,252.0,53.280035698348954,33.04805555555556,211.0,99.0,7.0,0.0707070707070707,1
2025-03-21,P002,71.0,2.0,1086098.0,510214.0,135.0,53.83187242798354,26.343611111111112,78.0,975.0,25.0,0.0256410256410256,1
2025-03-21,P003,13.0,0.0,122479.0,919013.0,31.0,206.48641577060934,108.40305555555555,6.0,347.0,27.0,0.0778097982708933,1
2025-03-21,P004,528.0,345.0,4142357.0,2885655.0,577.0,38.257621045524694,26.338472222222222,396.0,949.0,49.0,0.0516332982086406,1
2025-03-21,P005,104.0,37.0,295794.0,2847053.0,45.0,90.72533950617283,62.44833333333333,22.0,22.0,4.0,0.1818181818181818,1
2025-03-21,P006,106.0,260.0,1419413.0,308156.0,520.0,74.77586260216478,33.15694444444444,431.0,358.0,24.0,0.0670391061452514,1
2025-03-21,P007,5.0,0.0,25167.0,138897.0,0.0,,,0.0,43.0,7.0,0.1627906976744186,1
2025-03-21,P008,11.0,0.0,7761.0,2112714.0,22.0,25.85304292929293,10.983472222222222,11.0,660.0,232.0,0.3515151515151515,1
2025-03-21,P009,135.0,51.0,2328096.0,745489.0,91.0,36.44457875457875,16.455555555555556,74.0,90.0,6.0,0.0666666666666666,1
2025-03-21,P010,1.0,0.0,0.0,0.0,2.0,78.41305555555556,78.41305555555556,2.0,98.0,80.0,0.8163265306122449,1
2025-03-21,P011,21.0,3.0,163826.0,811880.0,9.0,100.18253086419753,88.46944444444445,3.0,19.0,4.0,0.2105263157894736,1
2025-03-28,P001,304.0,294.0,3125783.0,730506.0,251.0,42.27144777777778,27.112361111111113,214.0,97.0,10.0,0.1030927835051546,1
2025-03-28,P002,68.0,7.0,683621.0,831735.0,132.0,46.95488425925926,22.792777777777776,71.0,1192.0,16.0,0.0134228187919463,1
2025-03-28,P003,9.0,0.0,144038.0,798598.0,35.0,177.20165849673205,103.49791666666667,12.0,307.0,22.0,0.0716612377850162,1
2025-03-28,P004,519.0,340.0,4019221.0,2387870.0,541.0,39.748565590730394,25.462777777777777,400.0,601.0,36.0,0.059900166389351,1
2025-03-28,P005,104.0,43.0,565984.0,2720722.0,35.0,71.50398412698412,51.62166666666667,23.0,15.0,3.0,0.2,1
2025-03-28,P006,99.0,320.0,1235521.0,297101.0,513.0,75.10196256038647,42.8575,440.0,246.0,21.0,0.0853658536585365,1
2025-03-28,P007,10.0,0.0,100120.0,237270.0,0.0,,,0.0,41.0,6.0,0.1463414634146341,1
2025-03-28,P008,14.0,0.0,7761.0,1944851.0,28.0,34.16607142857143,13.000138888888888,18.0,588.0,232.0,0.3945578231292517,1
2025-03-28,P009,136.0,41.0,1022408.0,724059.0,108.0,44.109701646090535,20.99986111111111,87.0,148.0,7.0,0.0472972972972973,1
2025-03-28,P010,0.0,0.0,0.0,0.0,1.0,39.26805555555555,39.26805555555555,1.0,76.0,56.0,0.7368421052631579,1
2025-03-28,P011,22.0,2.0,52291.0,895333.0,8.0,86.19618055555556,48.60930555555556,3.0,8.0,0.0,0.0,1
2025-04-04,P001,284.0,295.0,2225592.0,788173.0,258.0,50.2748266580534,33.21236111111111,219.0,97.0,10.0,0.1030927835051546,1
2025-04-04,P002,70.0,7.0,805055.0,732801.0,111.0,44.385386363636364,18.28152777777778,61.0,1192.0,16.0,0.0134228187919463,1
2025-04-04,P003,10.0,0.0,110773.0,657543.0,33.0,149.01835858585858,102.73805555555556,6.0,307.0,22.0,0.0716612377850162,1
2025-04-04,P004,508.0,358.0,2946681.0,2313625.0,575.0,39.32042274761627,25.62472222222222,426.0,601.0,36.0,0.059900166389351,1
2025-04-04,P005,91.0,51.0,439627.0,2872506.0,44.0,77.64967803030304,51.482777777777784,23.0,15.0,3.0,0.2,1
2025-04-04,P006,92.0,300.0,1211579.0,123122.0,526.0,59.76878317152104,32.44611111111111,446.0,246.0,21.0,0.0853658536585365,1
2025-04-04,P007,12.0,0.0,31199.0,438254.0,1.0,38.35138888888889,38.35138888888889,1.0,41.0,6.0,0.1463414634146341,1
2025-04-04,P008,12.0,0.0,4068.0,2254578.0,21.0,37.241719576719575,12.751944444444444,16.0,588.0,232.0,0.3945578231292517,1
2025-04-04,P009,129.0,51.0,1168124.0,878723.0,104.0,49.3222702991453,21.065555555555555,85.0,148.0,7.0,0.0472972972972973,1
2025-04-04,P010,0.0,0.0,0.0,0.0,2.0,266.93361111111113,266.93361111111113,0.0,76.0,56.0,0.7368421052631579,1
2025-04-04,P011,19.0,2.0,156139.0,683120.0,8.0,47.067083333333336,44.06444444444445,4.0,8.0,0.0,0.0,1
2025-04-11,P001,307.0,300.0,3267203.0,684138.0,256.0,51.81251307189543,31.295,210.0,97.0,10.0,0.1030927835051546,1
2025-04-11,P002,64.0,7.0,725882.0,723243.0,113.0,37.08816716269841,18.953472222222224,55.0,1192.0,16.0,0.0134228187919463,1
2025-04-11,P003,10.0,0.0,100778.0,1309087.0,38.0,139.56945175438597,80.22083333333333,11.0,307.0,22.0,0.0716612377850162,1
2025-04-11,P004,526.0,353.0,2964303.0,2554589.0,600.0,39.67704262050996,26.169166666666666,441.0,601.0,36.0,0.059900166389351,1
2025-04-11,P005,101.0,47.0,440330.0,2743832.0,51.0,102.57904139433552,59.89,24.0,15.0,3.0,0.2,1
2025-04-11,P006,114.0,321.0,1872961.0,285441.0,514.0,69.23376173324601,35.48,437.0,246.0,21.0,0.0853658536585365,1
2025-04-11,P007,11.0,0.0,19447.0,309780.0,2.0,56.528055555555554,56.528055555555554,0.0,41.0,6.0,0.1463414634146341,1
2025-04-11,P008,15.0,0.0,6153.0,3133995.0,20.0,79.34159722222222,20.821666666666665,9.0,588.0,232.0,0.3945578231292517,1
2025-04-11,P009,109.0,50.0,924328.0,801830.0,115.0,40.147504830917875,21.504722222222224,89.0,148.0,7.0,0.0472972972972973,1
2025-04-11,P010,0.0,0.0,0.0,0.0,0.0,,,0.0,76.0,56.0,0.7368421052631579,1
2025-04-11,P011,20.0,2.0,156732.0,1248246.0,10.0,125.66697530864197,115.13638888888887,1.0,8.0,0.0,0.0,1
2025-04-18,P001,320.0,277.0,3155711.0,886789.0,253.0,43.96274029982363,31.690694444444446,207.0,97.0,10.0,0.1030927835051546,1
2025-04-18,P002,66.0,8.0,607423.0,701490.0,121.0,57.83304866850321,22.38111111111111,62.0,1192.0,16.0,0.0134228187919463,1
2025-04-18,P003,9.0,0.0,112842.0,589053.0,32.0,144.82342881944444,76.70472222222222,7.0,307.0,22.0,0.0716612377850162,1
2025-04-18,P004,502.0,348.0,4128036.0,2149048.0,538.0,37.28535914179104,26.521250000000002,393.0,601.0,36.0,0.059900166389351,1
2025-04-18,P005,111.0,42.0,425154.0,2752645.0,45.0,84.39948765432099,64.5525,19.0,15.0,3.0,0.2,1
2025-04-18,P006,90.0,269.0,1030416.0,137001.0,547.0,56.08797728667894,30.72861111111111,468.0,246.0,21.0,0.0853658536585365,1
2025-04-18,P007,5.0,0.0,15113.0,238083.0,0.0,,,0.0,41.0,6.0,0.1463414634146341,1
2025-04-18,P008,15.0,0.0,564049.0,1988230.0,10.0,46.655833333333334,43.047361111111115,6.0,588.0,232.0,0.3945578231292517,1
2025-04-18,P009,140.0,54.0,1199351.0,1046345.0,116.0,43.356635536398464,19.838194444444447,97.0,148.0,7.0,0.0472972972972973,1
2025-04-18,P010,0.0,0.0,0.0,0.0,0.0,,,0.0,76.0,56.0,0.7368421052631579,1
2025-04-18,P011,17.0,2.0,69532.0,699869.0,4.0,69.74722222222222,73.23305555555555,2.0,8.0,0.0,0.0,1
2025-04-25,P001,301.0,325.0,2977836.0,681925.0,248.0,49.302011065943994,31.449305555555554,207.0,97.0,10.0,0.1030927835051546,1
2025-04-25,P002,63.0,9.0,617744.0,716299.0,122.0,48.29262295081967,18.866805555555555,77.0,1192.0,16.0,0.0134228187919463,1
2025-04-25,P003,5.0,0.0,49728.0,391575.0,46.0,124.51105676328503,97.73472222222222,15.0,307.0,22.0,0.0716612377850162,1
2025-04-25,P004,567.0,368.0,2991588.0,3227675.0,599.0,38.321984392419175,26.303472222222222,436.0,601.0,36.0,0.059900166389351,1
2025-04-25,P005,99.0,38.0,359520.0,2956109.0,43.0,76.87046511627906,57.66027777777778,20.0,15.0,3.0,0.2,1
2025-04-25,P006,92.0,292.0,1209374.0,270184.0,553.0,72.60969095940959,44.57541666666667,445.0,246.0,21.0,0.0853658536585365,1
2025-04-25,P007,8.0,0.0,122668.0,219898.0,0.0,,,0.0,41.0,6.0,0.1463414634146341,1
2025-04-25,P008,16.0,0.0,30996.0,2520102.0,16.0,74.58276041666667,28.322361111111114,11.0,588.0,232.0,0.3945578231292517,1
2025-04-25,P009,101.0,41.0,669060.0,515747.0,109.0,39.46749745158002,22.673055555555557,84.0,148.0,7.0,0.0472972972972973,1
2025-04-25,P010,0.0,1.0,0.0,0.0,0.0,,,0.0,76.0,56.0,0.7368421052631579,1
2025-04-25,P011,30.0,3.0,142571.0,1643969.0,5.0,160.3508888888889,116.24194444444444,1.0,8.0,0.0,0.0,1
2025-05-02,P001,286.0,264.0,2669396.0,667784.0,267.0,44.681841448189765,29.741666666666667,222.0,93.0,10.0,0.1075268817204301,1
2025-05-02,P002,49.0,6.0,430609.0,509842.0,128.0,38.412937445319336,22.9,74.0,927.0,15.0,0.0161812297734627,1
2025-05-02,P003,8.0,0.0,145002.0,356254.0,31.0,172.85477598566308,82.64555555555556,10.0,313.0,19.0,0.060702875399361,1
2025-05-02,P004,483.0,368.0,3252734.0,2189354.0,607.0,38.28372903998526,26.7525,445.0,972.0,59.0,0.0606995884773662,1
2025-05-02,P005,101.0,51.0,347333.0,2861495.0,42.0,80.19928571428571,57.56666666666667,21.0,33.0,5.0,0.1515151515151515,1
2025-05-02,P006,107.0,339.0,1557793.0,244499.0,505.0,70.3243286099865,38.29291666666667,415.0,407.0,22.0,0.054054054054054,1
2025-05-02,P007,10.0,0.0,17010.0,294265.0,1.0,25.906388888888888,25.906388888888888,0.0,48.0,9.0,0.1875,1
2025-05-02,P008,12.0,1.0,171012.0,2118231.0,27.0,29.794084362139916,14.35,21.0,652.0,232.0,0.3558282208588957,1
2025-05-02,P009,130.0,53.0,1119631.0,701521.0,93.0,51.635370370370374,21.966666666666665,71.0,110.0,7.0,0.0636363636363636,1
2025-05-02,P010,0.0,0.0,0.0,0.0,2.0,66.51708333333333,66.51708333333333,0.0,104.0,74.0,0.7115384615384616,1
2025-05-02,P011,20.0,3.0,152951.0,812507.0,9.0,71.42108024691359,80.82166666666667,3.0,13.0,1.0,0.0769230769230769,1
2025-05-09,P001,310.0,311.0,2972992.0,892554.0,243.0,51.021876721763086,34.86138888888889,206.0,93.0,10.0,0.1075268817204301,1
2025-05-09,P002,79.0,5.0,557624.0,636692.0,122.0,29.15896235078053,17.72111111111111,62.0,927.0,15.0,0.0161812297734627,1
2025-05-09,P003,8.0,0.0,131459.0,327325.0,34.0,103.76258169934641,86.82805555555555,8.0,313.0,19.0,0.060702875399361,1
2025-05-09,P004,553.0,356.0,3855423.0,2449519.0,614.0,37.03296326604837,27.18861111111111,444.0,972.0,59.0,0.0606995884773662,1
2025-05-09,P005,103.0,38.0,296664.0,2962924.0,51.0,87.51665032679739,56.14944444444444,19.0,33.0,5.0,0.1515151515151515,1
2025-05-09,P006,108.0,328.0,2141502.0,216138.0,610.0,68.02161278335191,35.04666666666667,496.0,407.0,22.0,0.054054054054054,1
2025-05-09,P007,6.0,0.0,34719.0,137062.0,3.0,68.27046296296295,80.14527777777778,1.0,48.0,9.0,0.1875,1
2025-05-09,P008,16.0,0.0,5174.0,2670522.0,26.0,86.99917777777777,36.00194444444445,15.0,652.0,232.0,0.3558282208588957,1
2025-05-09,P009,140.0,50.0,1809655.0,1050459.0,111.0,42.305182682682684,19.41777777777778,87.0,110.0,7.0,0.0636363636363636,1
2025-05-09,P010,1.0,0.0,0.0,0.0,3.0,149.82935185185184,7.379166666666666,3.0,104.0,74.0,0.7115384615384616,1
2025-05-09,P011,20.0,2.0,394909.0,1199898.0,7.0,80.84263888888889,57.194583333333334,2.0,13.0,1.0,0.0769230769230769,1
2025-05-16,P001,323.0,285.0,3347405.0,792420.0,256.0,46.712588975694445,29.26625,211.0,93.0,10.0,0.1075268817204301,1
2025-05-16,P002,69.0,3.0,499404.0,805759.0,136.0,58.32813018242123,19.502222222222223,73.0,927.0,15.0,0.0161812297734627,1
2025-05-16,P003,12.0,0.0,203251.0,820872.0,37.0,157.97096846846847,81.5663888888889,8.0,313.0,19.0,0.060702875399361,1
2025-05-16,P004,519.0,386.0,3381253.0,2513138.0,590.0,38.52542212725546,26.745555555555555,413.0,972.0,59.0,0.0606995884773662,1
2025-05-16,P005,90.0,44.0,212485.0,2679537.0,40.0,86.94670833333333,53.717777777777776,21.0,33.0,5.0,0.1515151515151515,1
2025-05-16,P006,106.0,320.0,1535033.0,253537.0,567.0,65.33831746031747,34.042500000000004,464.0,407.0,22.0,0.054054054054054,1
2025-05-16,P007,7.0,1.0,16987.0,277299.0,1.0,27.495833333333337,27.495833333333337,0.0,48.0,9.0,0.1875,1
2025-05-16,P008,10.0,0.0,172351.0,1494330.0,23.0,42.351010101010104,22.543194444444445,16.0,652.0,232.0,0.3558282208588957,1
2025-05-16,P009,146.0,43.0,1317252.0,938355.0,115.0,52.19201449275363,15.710833333333332,92.0,110.0,7.0,0.0636363636363636,1
2025-05-16,P010,0.0,1.0,0.0,0.0,2.0,11.775833333333333,11.775833333333333,0.0,104.0,74.0,0.7115384615384616,1
2025-05-16,P011,24.0,4.0,322580.0,862857.0,7.0,96.4643253968254,79.76944444444445,2.0,13.0,1.0,0.0769230769230769,1
2025-05-23,P001,331.0,287.0,3150758.0,760950.0,244.0,50.58095173041894,34.47486111111111,206.0,93.0,10.0,0.1075268817204301,1
2025-05-23,P002,67.0,5.0,761420.0,564027.0,128.0,51.000430883639545,19.42,61.0,927.0,15.0,0.0161812297734627,1
2025-05-23,P003,8.0,0.0,70884.0,762294.0,34.0,147.5018954248366,78.44805555555556,6.0,313.0,19.0,0.060702875399361,1
2025-05-23,P004,510.0,366.0,3129353.0,2076133.0,649.0,36.86324231495793,26.146944444444443,461.0,972.0,59.0,0.0606995884773662,1
2025-05-23,P005,111.0,44.0,90400.0,2983326.0,44.0,78.57010101010101,58.310833333333335,21.0,33.0,5.0,0.1515151515151515,1
2025-05-23,P006,110.0,296.0,1717784.0,290814.0,485.0,68.6875821104123,31.941944444444445,386.0,407.0,22.0,0.054054054054054,1
2025-05-23,P007,10.0,0.0,31049.0,307672.0,0.0,,,0.0,48.0,9.0,0.1875,1
2025-05-23,P008,12.0,0.0,2587.0,2243419.0,16.0,72.20730902777778,43.284305555555555,10.0,652.0,232.0,0.3558282208588957,1
2025-05-23,P009,142.0,49.0,1499517.0,747508.0,83.0,53.62435742971888,15.953333333333331,72.0,110.0,7.0,0.0636363636363636,1
2025-05-23,P010,0.0,0.0,0.0,0.0,1.0,23.128888888888888,23.128888888888888,0.0,104.0,74.0,0.7115384615384616,1
2025-05-23,P011,24.0,1.0,243385.0,1524281.0,8.0,126.01548611111112,104.07152777777779,2.0,13.0,1.0,0.0769230769230769,1
2025-05-30,P001,304.0,290.0,2961896.0,747570.0,257.0,44.47223849826389,29.615555555555552,212.0,130.0,10.0,0.0769230769230769,1
2025-05-30,P002,66.0,4.0,465880.0,1089008.0,111.0,34.79146464646465,16.324166666666667,64.0,1155.0,24.0,0.0207792207792207,1
2025-05-30,P003,10.0,0.0,92204.0,960613.0,33.0,120.46683501683502,75.22527777777778,9.0,355.0,29.0,0.0816901408450704,1
2025-05-30,P004,546.0,367.0,3035025.0,2632021.0,594.0,37.07737096471472,25.886111111111113,424.0,630.0,32.0,0.0507936507936507,1
2025-05-30,P005,102.0,44.0,353115.0,2952192.0,44.0,92.42566287878788,59.83875,18.0,21.0,2.0,0.0952380952380952,1
2025-05-30,P006,95.0,287.0,1726233.0,455974.0,555.0,63.01441845056065,32.115833333333335,474.0,294.0,12.0,0.0408163265306122,1
2025-05-30,P007,8.0,1.0,77399.0,212217.0,0.0,,,0.0,39.0,6.0,0.1538461538461538,1
2025-05-30,P008,12.0,0.0,6359.0,1836291.0,22.0,51.30407828282828,10.51013888888889,16.0,633.0,254.0,0.4012638230647709,1
2025-05-30,P009,158.0,67.0,1637640.0,925553.0,110.0,36.107874617737004,19.145,91.0,136.0,8.0,0.0588235294117647,1
2025-05-30,P010,0.0,0.0,0.0,0.0,1.0,331.1777777777778,331.1777777777778,0.0,171.0,134.0,0.783625730994152,1
2025-05-30,P011,32.0,2.0,272891.0,1182714.0,3.0,91.79907407407408,109.28861111111112,2.0,12.0,2.0,0.1666666666666666,1
2025-06-06,P001,309.0,281.0,2183726.0,874526.0,249.0,53.48960237455198,32.60666666666667,203.0,130.0,10.0,0.0769230769230769,1
2025-06-06,P002,68.0,5.0,473481.0,867395.0,123.0,37.818586065573776,18.18638888888889,68.0,1155.0,24.0,0.0207792207792207,1
2025-06-06,P003,7.0,0.0,60345.0,744642.0,42.0,135.50256613756613,78.96027777777778,12.0,355.0,29.0,0.0816901408450704,1
2025-06-06,P004,488.0,360.0,2591906.0,2179793.0,620.0,38.23866819489392,26.954305555555557,431.0,630.0,32.0,0.0507936507936507,1
2025-06-06,P005,92.0,35.0,107807.0,2481057.0,41.0,84.4948611111111,53.363194444444446,21.0,21.0,2.0,0.0952380952380952,1
2025-06-06,P006,111.0,337.0,1213132.0,285311.0,540.0,67.33231007996633,37.23902777777778,442.0,294.0,12.0,0.0408163265306122,1
2025-06-06,P007,7.0,0.0,58529.0,182684.0,0.0,,,0.0,39.0,6.0,0.1538461538461538,1
2025-06-06,P008,12.0,0.0,5174.0,1866091.0,20.0,58.00306944444444,25.085555555555555,11.0,633.0,254.0,0.4012638230647709,1
2025-06-06,P009,160.0,75.0,2022107.0,760179.0,115.0,38.26536473429952,24.74388888888889,90.0,136.0,8.0,0.0588235294117647,1
2025-06-06,P010,0.0,1.0,0.0,0.0,2.0,45.44541666666667,45.44541666666667,1.0,171.0,134.0,0.783625730994152,1
2025-06-06,P011,21.0,3.0,152346.0,1147135.0,10.0,75.59852777777778,51.91152777777778,6.0,12.0,2.0,0.1666666666666666,1
2025-06-13,P001,304.0,307.0,2821565.0,916295.0,233.0,47.98707439198855,28.82055555555555,197.0,130.0,10.0,0.0769230769230769,1
2025-06-13,P002,58.0,5.0,884335.0,696709.0,116.0,48.46236590038314,20.484444444444442,56.0,1155.0,24.0,0.0207792207792207,1
2025-06-13,P003,11.0,0.0,115635.0,531049.0,34.0,161.11436274509805,110.13333333333333,7.0,355.0,29.0,0.0816901408450704,1
2025-06-13,P004,520.0,366.0,4077782.0,2057590.0,560.0,37.01750904159132,26.861666666666668,402.0,630.0,32.0,0.0507936507936507,1
2025-06-13,P005,88.0,49.0,570740.0,2361774.0,35.0,75.07697619047619,53.95611111111111,13.0,21.0,2.0,0.0952380952380952,1
2025-06-13,P006,102.0,285.0,1813993.0,172912.0,592.0,64.6748754789272,33.287222222222226,485.0,294.0,12.0,0.0408163265306122,1
2025-06-13,P007,10.0,0.0,43954.0,365122.0,2.0,195.4725,195.4725,1.0,39.0,6.0,0.1538461538461538,1
2025-06-13,P008,14.0,0.0,0.0,2772328.0,35.0,59.52807142857143,22.25111111111111,24.0,633.0,254.0,0.4012638230647709,1
2025-06-13,P009,190.0,61.0,1847514.0,968114.0,122.0,37.67926851851852,21.34666666666667,92.0,136.0,8.0,0.0588235294117647,1
2025-06-13,P010,0.0,0.0,0.0,0.0,1.0,171.93083333333334,171.93083333333334,1.0,171.0,134.0,0.783625730994152,1
2025-06-13,P011,21.0,1.0,136919.0,1147918.0,10.0,79.39388888888888,32.51375,6.0,12.0,2.0,0.1666666666666666,1
2025-06-20,P001,302.0,273.0,2589528.0,590259.0,266.0,46.33939308176101,31.7375,217.0,130.0,10.0,0.0769230769230769,1
2025-06-20,P002,63.0,6.0,899292.0,518197.0,125.0,46.79190444444444,20.41055555555555,70.0,1155.0,24.0,0.0207792207792207,1
2025-06-20,P003,5.0,0.0,61870.0,435489.0,31.0,140.99915770609317,99.375,11.0,355.0,29.0,0.0816901408450704,1
2025-06-20,P004,548.0,381.0,3363699.0,3170256.0,600.0,37.80976090604027,27.315833333333334,434.0,630.0,32.0,0.0507936507936507,1
2025-06-20,P005,99.0,43.0,431127.0,2892601.0,51.0,76.9500054466231,51.26444444444444,27.0,21.0,2.0,0.0952380952380952,1
2025-06-20,P006,110.0,286.0,1509628.0,475882.0,553.0,66.03412654885233,34.155277777777776,469.0,294.0,12.0,0.0408163265306122,1
2025-06-20,P007,13.0,0.0,72856.0,460296.0,11.0,31.71179292929293,4.6402777777777775,8.0,39.0,6.0,0.1538461538461538,1
2025-06-20,P008,17.0,0.0,2587.0,3158441.0,34.0,46.97480392156862,14.401388888888889,25.0,633.0,254.0,0.4012638230647709,1
2025-06-20,P009,140.0,76.0,1421179.0,653893.0,101.0,64.60785478547855,26.03638888888889,83.0,136.0,8.0,0.0588235294117647,1
2025-06-20,P010,1.0,1.0,0.0,0.0,0.0,,,0.0,171.0,134.0,0.783625730994152,1
2025-06-20,P011,26.0,4.0,238885.0,1221137.0,9.0,54.96836419753087,45.99027777777778,5.0,12.0,2.0,0.1666666666666666,1
2025-06-27,P001,290.0,306.0,2949630.0,580738.0,247.0,44.51414417453891,27.011388888888888,208.0,130.0,10.0,0.0769230769230769,1
2025-06-27,P002,67.0,9.0,799408.0,818506.0,108.0,46.58194444444444,21.62388888888889,66.0,1155.0,24.0,0.0207792207792207,1
2025-06-27,P003,8.0,0.0,44227.0,882984.0,42.0,122.09181944444444,87.5026388888889,11.0,355.0,29.0,0.0816901408450704,1
2025-06-27,P004,548.0,358.0,4305031.0,2562700.0,581.0,36.95988321799308,27.241666666666667,420.0,630.0,32.0,0.0507936507936507,1
2025-06-27,P005,93.0,43.0,317999.0,3017862.0,43.0,87.13629198966409,59.42777777777778,18.0,21.0,2.0,0.0952380952380952,1
2025-06-27,P006,97.0,336.0,1412559.0,320018.0,522.0,67.67293759512938,39.59888888888889,433.0,294.0,12.0,0.0408163265306122,1
2025-06-27,P007,7.0,1.0,25160.0,196628.0,18.0,25.425972222222224,4.732916666666666,18.0,39.0,6.0,0.1538461538461538,1
2025-06-27,P008,13.0,0.0,0.0,2793375.0,26.0,36.014377777777774,17.911944444444444,19.0,633.0,254.0,0.4012638230647709,1
2025-06-27,P009,132.0,47.0,1402451.0,915087.0,116.0,45.39796216475096,16.695833333333333,96.0,136.0,8.0,0.0588235294117647,1
2025-06-27,P010,0.0,2.0,0.0,0.0,0.0,,,0.0,171.0,134.0,0.783625730994152,1
2025-06-27,P011,24.0,3.0,220496.0,1098634.0,6.0,48.38722222222223,45.04416666666667,2.0,12.0,2.0,0.1666666666666666,1
2025-07-04,P001,303.0,297.0,2446605.0,609410.0,273.0,45.98773809523809,27.075,233.0,100.0,10.0,0.1,1
2025-07-04,P002,66.0,6.0,516687.0,837238.0,116.0,51.7294154589372,21.120833333333337,69.0,989.0,23.0,0.0232558139534883,1
2025-07-04,P003,6.0,0.0,102810.0,455612.0,34.0,76.00751683501683,46.32472222222222,17.0,358.0,16.0,0.0446927374301676,1
2025-07-04,P004,527.0,373.0,3234183.0,2519706.0,615.0,34.33160785378212,27.348472222222224,439.0,685.0,38.0,0.0554744525547445,1
2025-07-04,P005,102.0,41.0,293124.0,2702444.0,45.0,108.3315864197531,59.22416666666667,24.0,30.0,6.0,0.2,1
2025-07-04,P006,103.0,324.0,2516598.0,197702.0,586.0,75.33952696219535,37.380833333333335,486.0,442.0,13.0,0.0294117647058823,1
2025-07-04,P007,7.0,0.0,52456.0,218171.0,1.0,25.511944444444445,25.511944444444445,0.0,58.0,8.0,0.1379310344827586,1
2025-07-04,P008,12.0,0.0,0.0,2182391.0,15.0,31.403222222222222,12.8725,10.0,786.0,383.0,0.4872773536895674,1
2025-07-04,P009,159.0,60.0,1387023.0,981381.0,90.0,32.08350925925926,19.317500000000003,73.0,89.0,2.0,0.0224719101123595,1
2025-07-04,P010,0.0,0.0,0.0,0.0,0.0,,,0.0,146.0,115.0,0.7876712328767124,1
2025-07-04,P011,21.0,1.0,253814.0,690569.0,19.0,57.11578947368421,22.46472222222222,12.0,9.0,1.0,0.1111111111111111,1
2025-07-11,P001,272.0,302.0,2814441.0,818423.0,249.0,51.11813364569389,30.599444444444444,208.0,100.0,10.0,0.1,1
2025-07-11,P002,66.0,6.0,658395.0,729617.0,112.0,51.49107323232323,25.838055555555556,65.0,989.0,23.0,0.0232558139534883,1
2025-07-11,P003,13.0,0.0,122235.0,1138838.0,31.0,109.91502688172042,90.70416666666668,19.0,358.0,16.0,0.0446927374301676,1
2025-07-11,P004,514.0,375.0,3613209.0,2453827.0,571.0,39.140204781501076,28.58194444444445,436.0,685.0,38.0,0.0554744525547445,1
2025-07-11,P005,95.0,39.0,345497.0,2219583.0,36.0,101.84847993827161,62.909305555555555,17.0,30.0,6.0,0.2,1
2025-07-11,P006,108.0,316.0,1884414.0,256121.0,535.0,64.03159196127946,34.56597222222222,455.0,442.0,13.0,0.0294117647058823,1
2025-07-11,P007,7.0,0.0,14034.0,175239.0,10.0,34.194583333333334,25.641111111111112,8.0,58.0,8.0,0.1379310344827586,1
2025-07-11,P008,18.0,0.0,2587.0,3413887.0,16.0,60.84260416666667,22.495833333333334,11.0,786.0,383.0,0.4872773536895674,1
2025-07-11,P009,178.0,70.0,2133674.0,828925.0,134.0,37.89951492537313,20.984027777777776,102.0,89.0,2.0,0.0224719101123595,1
2025-07-11,P010,0.0,0.0,0.0,0.0,0.0,,,0.0,146.0,115.0,0.7876712328767124,1
2025-07-11,P011,25.0,3.0,414321.0,1338277.0,19.0,29.413348765432097,18.231944444444444,16.0,9.0,1.0,0.1111111111111111,1
2025-07-18,P001,288.0,283.0,3211043.0,790885.0,249.0,50.34822020609319,30.24875,214.0,100.0,10.0,0.1,1
2025-07-18,P002,61.0,6.0,282597.0,818668.0,107.0,61.0751284067086,22.909166666666668,63.0,989.0,23.0,0.0232558139534883,1
2025-07-18,P003,8.0,0.0,137561.0,851795.0,31.0,107.70480555555555,42.650277777777774,11.0,358.0,16.0,0.0446927374301676,1
2025-07-18,P004,561.0,361.0,3345940.0,3044471.0,620.0,37.279199425596836,28.281666666666663,463.0,685.0,38.0,0.0554744525547445,1
2025-07-18,P005,98.0,46.0,520397.0,2127032.0,40.0,78.9336388888889,57.98847222222222,21.0,30.0,6.0,0.2,1
2025-07-18,P006,82.0,323.0,1289161.0,266954.0,554.0,57.687453022875815,31.5275,455.0,442.0,13.0,0.0294117647058823,1
2025-07-18,P007,10.0,0.0,32868.0,376115.0,13.0,9.497200854700855,4.0183333333333335,12.0,58.0,8.0,0.1379310344827586,1
2025-07-18,P008,21.0,0.0,16913.0,3469325.0,18.0,29.101651234567903,20.41861111111111,11.0,786.0,383.0,0.4872773536895674,1
2025-07-18,P009,132.0,50.0,499425.0,944033.0,99.0,51.395161564625845,21.35263888888889,78.0,89.0,2.0,0.0224719101123595,1
2025-07-18,P010,0.0,0.0,0.0,0.0,0.0,,,0.0,146.0,115.0,0.7876712328767124,1
2025-07-18,P011,24.0,2.0,303035.0,1275570.0,4.0,135.9279861111111,98.15625,1.0,9.0,1.0,0.1111111111111111,1
2025-07-25,P001,311.0,295.0,3064538.0,702726.0,197.0,42.50529046813311,29.579444444444444,171.0,100.0,10.0,0.1,1
2025-07-25,P002,73.0,8.0,914691.0,669752.0,100.0,54.4647923681257,22.212777777777777,49.0,989.0,23.0,0.0232558139534883,1
2025-07-25,P003,8.0,0.0,8785.0,851388.0,31.0,83.66917658730158,45.90777777777778,13.0,358.0,16.0,0.0446927374301676,1
2025-07-25,P004,527.0,366.0,3490109.0,2479087.0,595.0,39.692169580748256,26.0975,454.0,685.0,38.0,0.0554744525547445,1
2025-07-25,P005,92.0,48.0,347433.0,2559755.0,47.0,82.67110520094563,60.475,27.0,30.0,6.0,0.2,1
2025-07-25,P006,102.0,332.0,1900538.0,209465.0,513.0,70.7107171314741,35.48375,426.0,442.0,13.0,0.0294117647058823,1
2025-07-25,P007,10.0,0.0,99263.0,278701.0,15.0,11.44675925925926,4.635555555555555,15.0,58.0,8.0,0.1379310344827586,1
2025-07-25,P008,15.0,0.0,0.0,3084010.0,20.0,95.65338888888888,48.486666666666665,12.0,786.0,383.0,0.4872773536895674,1
2025-07-25,P009,129.0,43.0,1527886.0,892633.0,101.0,44.98944169416942,22.86777777777778,79.0,89.0,2.0,0.0224719101123595,1
2025-07-25,P010,0.0,0.0,0.0,0.0,2.0,20.216666666666665,20.216666666666665,1.0,146.0,115.0,0.7876712328767124,1
2025-07-25,P011,26.0,3.0,318777.0,1343326.0,9.0,75.15913580246914,66.22472222222223,5.0,9.0,1.0,0.1111111111111111,1
2025-08-01,P001,309.0,284.0,2667170.0,1090353.0,231.0,46.51270280235989,26.26375,198.0,105.0,19.0,0.1809523809523809,1
2025-08-01,P002,66.0,3.0,413261.0,949388.0,123.0,35.25329945799458,21.182222222222222,70.0,1047.0,55.0,0.052531041069723,1
2025-08-01,P003,5.0,0.0,20798.0,521671.0,41.0,125.80597597597598,66.63777777777777,9.0,341.0,94.0,0.2756598240469208,1
2025-08-01,P004,523.0,365.0,3275114.0,2489885.0,588.0,36.3393379708499,26.576944444444443,418.0,335.0,24.0,0.0716417910447761,1
2025-08-01,P005,95.0,43.0,271566.0,2518122.0,47.0,68.67774822695036,46.35611111111111,23.0,28.0,5.0,0.1785714285714285,1
2025-08-01,P006,85.0,280.0,1568368.0,331024.0,557.0,67.00367171717171,33.13805555555555,464.0,292.0,8.0,0.0273972602739726,1
2025-08-01,P007,7.0,1.0,78085.0,190311.0,8.0,21.862673611111113,8.044166666666667,7.0,44.0,6.0,0.1363636363636363,1
2025-08-01,P008,13.0,1.0,176419.0,1920823.0,24.0,80.40655092592593,28.918888888888887,12.0,587.0,276.0,0.4701873935264054,1
2025-08-01,P009,120.0,52.0,1261221.0,720525.0,104.0,42.380908119658116,23.221805555555555,86.0,57.0,4.0,0.0701754385964912,1
2025-08-01,P010,0.0,0.0,0.0,0.0,0.0,,,0.0,99.0,82.0,0.8282828282828283,1
2025-08-01,P011,30.0,2.0,271290.0,1463976.0,6.0,67.45787037037037,63.879999999999995,4.0,,,,1
2025-08-08,P001,267.0,275.0,2272663.0,749057.0,253.0,44.72903601229688,29.798055555555557,214.0,105.0,19.0,0.1809523809523809,1
2025-08-08,P002,58.0,5.0,618593.0,460215.0,98.0,41.60382016036655,19.17,48.0,1047.0,55.0,0.052531041069723,1
2025-08-08,P003,10.0,0.0,250639.0,511128.0,26.0,105.50042270531401,72.54944444444445,8.0,341.0,94.0,0.2756598240469208,1
2025-08-08,P004,503.0,347.0,3932670.0,2386054.0,557.0,36.22455968196458,26.141805555555557,426.0,335.0,24.0,0.0716417910447761,1
2025-08-08,P005,85.0,45.0,225355.0,2255574.0,39.0,95.1655982905983,60.79388888888889,15.0,28.0,5.0,0.1785714285714285,1
2025-08-08,P006,75.0,244.0,1049611.0,215479.0,448.0,64.319550413845,34.18638888888889,389.0,292.0,8.0,0.0273972602739726,1
2025-08-08,P007,9.0,0.0,142967.0,205054.0,2.0,29.64666666666667,29.64666666666667,1.0,44.0,6.0,0.1363636363636363,1
2025-08-08,P008,13.0,1.0,14385.0,2352946.0,22.0,94.29179292929292,21.663888888888884,10.0,587.0,276.0,0.4701873935264054,1
2025-08-08,P009,162.0,60.0,1370318.0,1107126.0,111.0,43.53315815815816,15.498888888888889,86.0,57.0,4.0,0.0701754385964912,1
2025-08-08,P010,0.0,1.0,0.0,0.0,0.0,,,0.0,99.0,82.0,0.8282828282828283,1
2025-08-08,P011,25.0,3.0,154128.0,1422359.0,8.0,87.96024305555555,53.01138888888889,3.0,,,,1
2025-08-15,P001,304.0,284.0,2923799.0,813262.0,236.0,50.08919739952719,31.490555555555556,200.0,105.0,19.0,0.1809523809523809,1
2025-08-15,P002,64.0,4.0,511069.0,692397.0,122.0,52.54132460973371,22.36611111111111,63.0,1047.0,55.0,0.052531041069723,1
2025-08-15,P003,14.0,0.0,158290.0,1013410.0,40.0,86.7297880116959,60.14819444444444,15.0,341.0,94.0,0.2756598240469208,1
2025-08-15,P004,533.0,358.0,4379963.0,2540398.0,619.0,39.24299038115785,26.656805555555557,438.0,335.0,24.0,0.0716417910447761,1
2025-08-15,P005,98.0,44.0,465579.0,2377502.0,47.0,86.3238475177305,57.29972222222222,24.0,28.0,5.0,0.1785714285714285,1
2025-08-15,P006,117.0,324.0,1611844.0,508113.0,445.0,81.86839335887612,38.52944444444445,377.0,292.0,8.0,0.0273972602739726,1
2025-08-15,P007,9.0,0.0,34987.0,275071.0,0.0,,,0.0,44.0,6.0,0.1363636363636363,1
2025-08-15,P008,19.0,1.0,0.0,3294476.0,18.0,54.448873456790125,19.386944444444445,13.0,587.0,276.0,0.4701873935264054,1
2025-08-15,P009,115.0,32.0,1199124.0,632658.0,105.0,37.934603174603176,15.163611111111113,87.0,57.0,4.0,0.0701754385964912,1
2025-08-15,P010,0.0,2.0,0.0,0.0,0.0,,,0.0,99.0,82.0,0.8282828282828283,1
2025-08-15,P011,21.0,2.0,82293.0,1149193.0,12.0,133.10604166666667,116.54722222222222,2.0,,,,1
2025-08-22,P001,297.0,291.0,2565123.0,619266.0,235.0,46.525217236467235,26.54277777777778,190.0,105.0,19.0,0.1809523809523809,1
2025-08-22,P002,68.0,6.0,600014.0,709479.0,111.0,49.242739898989896,23.450277777777778,55.0,1047.0,55.0,0.052531041069723,1
2025-08-22,P003,9.0,0.0,26355.0,908466.0,38.0,121.01403174603176,67.47777777777777,10.0,341.0,94.0,0.2756598240469208,1
2025-08-22,P004,527.0,373.0,2898949.0,2528231.0,559.0,38.06946392885691,26.05375,427.0,335.0,24.0,0.0716417910447761,1
2025-08-22,P005,93.0,47.0,587794.0,2800586.0,45.0,75.68815025252526,59.45291666666667,26.0,28.0,5.0,0.1785714285714285,1
2025-08-22,P006,108.0,306.0,1686378.0,287256.0,588.0,67.30759563629374,40.024166666666666,492.0,292.0,8.0,0.0273972602739726,1
2025-08-22,P007,7.0,0.0,202455.0,55172.0,0.0,,,0.0,44.0,6.0,0.1363636363636363,1
2025-08-22,P008,15.0,0.0,0.0,2329171.0,21.0,64.5493253968254,22.386388888888888,10.0,587.0,276.0,0.4701873935264054,1
2025-08-22,P009,111.0,48.0,1091735.0,843148.0,88.0,51.83403093434344,18.018194444444447,72.0,57.0,4.0,0.0701754385964912,1
2025-08-22,P010,1.0,1.0,0.0,0.0,1.0,9.198888888888888,9.198888888888888,1.0,99.0,82.0,0.8282828282828283,1
2025-08-22,P011,28.0,4.0,144959.0,1590266.0,9.0,66.33123456790123,44.07833333333333,6.0,,,,1
2025-08-29,P001,277.0,276.0,3388553.0,701432.0,265.0,47.972910353535354,27.235416666666666,221.0,111.0,12.0,0.1081081081081081,1
2025-08-29,P002,70.0,7.0,728744.0,949131.0,113.0,51.66559980334316,21.72388888888889,61.0,1088.0,22.0,0.0202205882352941,1
2025-08-29,P003,15.0,0.0,147496.0,1207668.0,33.0,60.76729390681003,55.61611111111111,14.0,424.0,30.0,0.070754716981132,1
2025-08-29,P004,543.0,352.0,3381519.0,2399515.0,621.0,37.96221055465805,27.254722222222224,460.0,498.0,22.0,0.0441767068273092,1
2025-08-29,P005,98.0,43.0,412252.0,2567702.0,46.0,98.69342995169083,68.34680555555556,21.0,34.0,6.0,0.1764705882352941,1
2025-08-29,P006,100.0,344.0,1668362.0,261038.0,576.0,69.15083382151923,33.01222222222222,482.0,395.0,16.0,0.040506329113924,1
2025-08-29,P007,4.0,0.0,18136.0,128311.0,1.0,62.38916666666667,62.38916666666667,0.0,58.0,12.0,0.2068965517241379,1
2025-08-29,P008,15.0,1.0,192.0,2367367.0,12.0,76.41844907407408,26.830972222222222,9.0,771.0,363.0,0.4708171206225681,1
2025-08-29,P009,153.0,56.0,1986830.0,933523.0,104.0,40.14887286324787,22.205833333333334,89.0,133.0,9.0,0.0676691729323308,1
2025-08-29,P010,0.0,1.0,0.0,0.0,3.0,19.16296296296296,14.137222222222222,2.0,54.0,34.0,0.6296296296296297,1
2025-08-29,P011,22.0,0.0,113926.0,851907.0,10.0,105.42358333333334,60.35888888888889,3.0,,,,1
2025-09-05,P001,317.0,284.0,2969141.0,790848.0,243.0,50.722206218564246,30.355833333333333,200.0,111.0,12.0,0.1081081081081081,1
2025-09-05,P002,69.0,7.0,725989.0,894161.0,112.0,36.882187187187185,18.218055555555555,63.0,1088.0,22.0,0.0202205882352941,1
2025-09-05,P003,13.0,0.0,135726.0,834472.0,43.0,114.18563008130081,75.0,14.0,424.0,30.0,0.070754716981132,1
2025-09-05,P004,519.0,353.0,4085562.0,2081748.0,565.0,36.29344474153298,27.08888888888889,401.0,498.0,22.0,0.0441767068273092,1
2025-09-05,P005,101.0,45.0,459833.0,2759413.0,42.0,77.5668716931217,54.524027777777775,14.0,34.0,6.0,0.1764705882352941,1
2025-09-05,P006,98.0,284.0,1440097.0,289271.0,591.0,62.703919434898815,33.361666666666665,499.0,395.0,16.0,0.040506329113924,1
2025-09-05,P007,8.0,0.0,109958.0,237039.0,2.0,123.8113888888889,123.8113888888889,0.0,58.0,12.0,0.2068965517241379,1
2025-09-05,P008,17.0,0.0,0.0,2891208.0,19.0,55.97944444444444,25.058611111111112,15.0,771.0,363.0,0.4708171206225681,1
2025-09-05,P009,169.0,74.0,2060245.0,911510.0,114.0,46.70291666666667,21.661388888888887,90.0,133.0,9.0,0.0676691729323308,1
2025-09-05,P010,0.0,0.0,0.0,0.0,3.0,39.78564814814815,40.27472222222222,2.0,54.0,34.0,0.6296296296296297,1
2025-09-05,P011,27.0,2.0,181717.0,957113.0,11.0,101.28977272727273,36.348333333333336,5.0,,,,1
2025-09-12,P001,292.0,284.0,3239840.0,937775.0,254.0,44.09415674603175,25.87388888888889,216.0,111.0,12.0,0.1081081081081081,1
2025-09-12,P002,68.0,4.0,822459.0,592389.0,133.0,50.391711538461536,24.08083333333333,75.0,1088.0,22.0,0.0202205882352941,1
2025-09-12,P003,10.0,0.0,193291.0,611029.0,41.0,134.85858974358973,55.71527777777778,11.0,424.0,30.0,0.070754716981132,1
2025-09-12,P004,512.0,373.0,3730341.0,2719608.0,610.0,34.73392811530742,26.356944444444444,444.0,498.0,22.0,0.0441767068273092,1
2025-09-12,P005,96.0,43.0,613540.0,2204725.0,46.0,73.28948067632851,54.20055555555555,28.0,34.0,6.0,0.1764705882352941,1
2025-09-12,P006,103.0,324.0,1688787.0,250868.0,556.0,58.91659772911598,31.968888888888884,477.0,395.0,16.0,0.040506329113924,1
2025-09-12,P007,8.0,0.0,15728.0,212605.0,0.0,,,0.0,58.0,12.0,0.2068965517241379,1
2025-09-12,P008,16.0,0.0,0.0,1902406.0,20.0,28.831608187134503,13.78888888888889,7.0,771.0,363.0,0.4708171206225681,1
2025-09-12,P009,144.0,58.0,1735987.0,810395.0,106.0,40.2332962962963,19.00638888888889,80.0,133.0,9.0,0.0676691729323308,1
2025-09-12,P010,0.0,0.0,0.0,0.0,0.0,,,0.0,54.0,34.0,0.6296296296296297,1
2025-09-12,P011,25.0,0.0,160111.0,1038178.0,10.0,96.50536111111111,68.77055555555555,6.0,,,,1
2025-09-19,P001,274.0,271.0,2916189.0,757432.0,255.0,44.046924836601306,30.373055555555556,217.0,111.0,12.0,0.1081081081081081,1
2025-09-19,P002,72.0,7.0,521909.0,768398.0,117.0,62.02883141762452,21.973194444444445,66.0,1088.0,22.0,0.0202205882352941,1
2025-09-19,P003,12.0,0.0,339502.0,761692.0,29.0,161.1352777777778,65.50611111111111,11.0,424.0,30.0,0.070754716981132,1
2025-09-19,P004,526.0,343.0,3621255.0,2283539.0,566.0,37.7062603427896,27.749305555555555,406.0,498.0,22.0,0.0441767068273092,1
2025-09-19,P005,101.0,47.0,499724.0,3074686.0,45.0,93.12923456790124,55.70527777777778,19.0,34.0,6.0,0.1764705882352941,1
2025-09-19,P006,100.0,312.0,1348358.0,230150.0,539.0,74.03009031716026,35.46055555555556,436.0,395.0,16.0,0.040506329113924,1
2025-09-19,P007,10.0,0.0,25405.0,427012.0,4.0,17.147916666666667,9.964027777777778,4.0,58.0,12.0,0.2068965517241379,1
2025-09-19,P008,19.0,0.0,7716.0,2907541.0,14.0,37.051924603174605,21.099305555555553,8.0,771.0,363.0,0.4708171206225681,1
2025-09-19,P009,97.0,40.0,589882.0,603787.0,117.0,34.487616334283004,14.93,101.0,133.0,9.0,0.0676691729323308,1
2025-09-19,P010,0.0,1.0,0.0,0.0,2.0,6.362777777777778,6.362777777777778,1.0,54.0,34.0,0.6296296296296297,1
2025-09-19,P011,19.0,1.0,202064.0,703222.0,14.0,81.6907738095238,33.94180555555556,8.0,,,,1
2025-09-26,P001,276.0,274.0,2716479.0,1024099.0,258.0,46.17829134366925,24.914305555555558,225.0,111.0,12.0,0.1081081081081081,1
2025-09-26,P002,74.0,6.0,758255.0,678296.0,108.0,41.120067497403944,23.64638888888889,62.0,1088.0,22.0,0.0202205882352941,1
2025-09-26,P003,9.0,0.0,145599.0,659331.0,25.0,117.91797101449275,39.845,10.0,424.0,30.0,0.070754716981132,1
2025-09-26,P004,496.0,379.0,2601097.0,2263987.0,609.0,40.099068115144846,26.51722222222222,438.0,498.0,22.0,0.0441767068273092,1
2025-09-26,P005,97.0,48.0,416151.0,2688071.0,46.0,69.04157196969697,49.949305555555554,24.0,34.0,6.0,0.1764705882352941,1
2025-09-26,P006,108.0,312.0,1764509.0,334458.0,514.0,69.88080882352942,34.53,435.0,395.0,16.0,0.040506329113924,1
2025-09-26,P007,4.0,0.0,92189.0,138588.0,7.0,9.900714285714285,5.0525,6.0,58.0,12.0,0.2068965517241379,1
2025-09-26,P008,15.0,0.0,0.0,2721602.0,21.0,44.020430555555556,26.511805555555554,11.0,771.0,363.0,0.4708171206225681,1
2025-09-26,P009,102.0,50.0,1524579.0,937982.0,100.0,45.828116666666666,18.454583333333332,84.0,133.0,9.0,0.0676691729323308,1
2025-09-26,P010,0.0,0.0,0.0,0.0,1.0,26.59777777777778,26.59777777777778,0.0,54.0,34.0,0.6296296296296297,1
2025-09-26,P011,24.0,2.0,174739.0,1055099.0,5.0,77.68883333333333,33.18472222222222,0.0,,,,1
2025-10-03,P001,292.0,291.0,3185574.0,894142.0,259.0,56.48075659316904,34.278333333333336,221.0,116.0,20.0,0.1724137931034483,1
2025-10-03,P002,65.0,4.0,501359.0,1008434.0,118.0,41.77533192090395,21.04625,70.0,806.0,20.0,0.0248138957816377,1
2025-10-03,P003,10.0,0.0,137004.0,1010322.0,39.0,113.125,48.80041666666666,11.0,333.0,20.0,0.06006006006006,1
2025-10-03,P004,555.0,365.0,3496866.0,2765230.0,606.0,41.80913544536272,27.33944444444445,448.0,630.0,164.0,0.2603174603174603,1
2025-10-03,P005,99.0,41.0,305908.0,2714279.0,48.0,80.05387731481481,54.68472222222222,24.0,27.0,5.0,0.1851851851851851,1
2025-10-03,P006,111.0,297.0,1681323.0,217575.0,551.0,67.10384037990195,34.00069444444445,456.0,285.0,150.0,0.5263157894736842,1
2025-10-03,P007,3.0,0.0,107786.0,86153.0,6.0,82.2437962962963,66.31944444444444,3.0,40.0,3.0,0.075,1
2025-10-03,P008,19.0,0.0,10303.0,2776453.0,17.0,32.522924836601305,15.830277777777775,7.0,590.0,262.0,0.4440677966101695,1
2025-10-03,P009,102.0,57.0,921053.0,770901.0,121.0,46.9719537037037,26.113333333333333,94.0,142.0,10.0,0.0704225352112676,1
2025-10-03,P010,1.0,1.0,0.0,72839.0,1.0,246.48416666666665,246.48416666666665,1.0,64.0,51.0,0.796875,1
2025-10-03,P011,21.0,3.0,212714.0,1082460.0,9.0,76.02407407407408,72.89805555555556,6.0,,,,1
2025-10-10,P001,293.0,290.0,2893370.0,940024.0,255.0,48.304927821522305,29.760416666666668,216.0,116.0,20.0,0.1724137931034483,1
2025-10-10,P002,78.0,6.0,836241.0,657286.0,102.0,53.99494499449945,19.31111111111111,55.0,806.0,20.0,0.0248138957816377,1
2025-10-10,P003,10.0,0.0,121909.0,780477.0,28.0,91.83173611111111,39.23791666666666,12.0,333.0,20.0,0.06006006006006,1
2025-10-10,P004,516.0,351.0,3174655.0,1990411.0,609.0,41.711103357051634,27.308055555555555,434.0,630.0,164.0,0.2603174603174603,1
2025-10-10,P005,106.0,49.0,276590.0,2867516.0,39.0,88.71571225071226,55.95166666666667,22.0,27.0,5.0,0.1851851851851851,1
2025-10-10,P006,96.0,302.0,1079581.0,293843.0,529.0,66.85390426208652,34.956944444444446,453.0,285.0,150.0,0.5263157894736842,1
2025-10-10,P007,5.0,0.0,23186.0,209570.0,5.0,104.71983333333333,85.75194444444445,1.0,40.0,3.0,0.075,1
2025-10-10,P008,17.0,0.0,6847.0,2379539.0,21.0,44.28072751322751,20.174166666666668,13.0,590.0,262.0,0.4440677966101695,1
2025-10-10,P009,101.0,36.0,1094096.0,605781.0,117.0,41.32313865147198,19.82638888888889,88.0,142.0,10.0,0.0704225352112676,1
2025-10-10,P010,0.0,1.0,0.0,0.0,2.0,126.79680555555555,126.79680555555555,1.0,64.0,51.0,0.796875,1
2025-10-10,P011,26.0,4.0,536886.0,1322027.0,4.0,84.37861111111111,54.15777777777778,0.0,,,,1
2025-10-17,P001,260.0,233.0,2328955.0,636818.0,238.0,58.331945621468925,29.62236111111111,195.0,116.0,20.0,0.1724137931034483,1
2025-10-17,P002,71.0,5.0,841829.0,831517.0,130.0,55.41791666666666,26.818055555555556,77.0,806.0,20.0,0.0248138957816377,1
2025-10-17,P003,15.0,0.0,141602.0,1419140.0,44.0,152.92208964646466,91.07263888888889,14.0,333.0,20.0,0.06006006006006,1
2025-10-17,P004,554.0,383.0,3401316.0,2871830.0,541.0,39.33297853768741,26.75583333333333,405.0,630.0,164.0,0.2603174603174603,1
2025-10-17,P005,103.0,37.0,255866.0,2788607.0,48.0,73.69052662037036,54.81,28.0,27.0,5.0,0.1851851851851851,1
2025-10-17,P006,103.0,308.0,2022575.0,250213.0,549.0,67.72064506172839,33.22013888888889,453.0,285.0,150.0,0.5263157894736842,1
2025-10-17,P007,2.0,0.0,0.0,116818.0,0.0,,,0.0,40.0,3.0,0.075,1
2025-10-17,P008,14.0,0.0,315783.0,2523925.0,15.0,48.3935,22.29305555555555,8.0,590.0,262.0,0.4440677966101695,1
2025-10-17,P009,81.0,28.0,338070.0,591658.0,94.0,49.369742907801424,19.11236111111111,81.0,142.0,10.0,0.0704225352112676,1
2025-10-17,P010,0.0,0.0,0.0,0.0,2.0,190.53750000000002,190.53750000000002,1.0,64.0,51.0,0.796875,1
2025-10-17,P011,26.0,1.0,173035.0,1226790.0,9.0,78.92513888888888,65.32555555555555,3.0,,,,1
2025-10-24,P001,318.0,256.0,2356385.0,1398783.0,224.0,54.629184105630294,26.05361111111111,180.0,116.0,20.0,0.1724137931034483,1
2025-10-24,P002,71.0,7.0,666904.0,694567.0,111.0,49.00944949494949,24.81847222222222,65.0,806.0,20.0,0.0248138957816377,1
2025-10-24,P003,11.0,0.0,161283.0,606413.0,33.0,122.63805555555555,101.04916666666665,12.0,333.0,20.0,0.06006006006006,1
2025-10-24,P004,550.0,390.0,3643581.0,2678851.0,626.0,39.40067174145299,26.064305555555556,454.0,630.0,164.0,0.2603174603174603,1
2025-10-24,P005,102.0,43.0,112094.0,3252928.0,39.0,68.02529914529914,51.19888888888889,24.0,27.0,5.0,0.1851851851851851,1
2025-10-24,P006,106.0,281.0,1925921.0,256592.0,549.0,61.321284530386734,30.173333333333332,440.0,285.0,150.0,0.5263157894736842,1
2025-10-24,P007,4.0,0.0,1874.0,170284.0,2.0,28.17902777777778,28.17902777777778,0.0,40.0,3.0,0.075,1
2025-10-24,P008,19.0,0.0,2587.0,3610353.0,24.0,41.243483796296296,15.867361111111112,13.0,590.0,262.0,0.4440677966101695,1
2025-10-24,P009,99.0,39.0,1287140.0,587696.0,62.0,57.52132616487455,27.82111111111111,50.0,142.0,10.0,0.0704225352112676,1
2025-10-24,P010,2.0,3.0,0.0,145679.0,0.0,,,0.0,64.0,51.0,0.796875,1
2025-10-24,P011,22.0,2.0,376241.0,899669.0,10.0,68.43394444444445,39.16041666666666,5.0,,,,1
2025-10-31,P001,291.0,265.0,2516413.0,900019.0,243.0,47.65096593507087,26.21,210.0,73.0,9.0,0.1232876712328767,1
2025-10-31,P002,72.0,6.0,647346.0,875640.0,116.0,47.64295808966862,28.359166666666667,74.0,1128.0,20.0,0.0177304964539007,1
2025-10-31,P003,12.0,0.0,214746.0,765072.0,38.0,131.15740990990992,66.55194444444444,11.0,317.0,11.0,0.0347003154574132,1
2025-10-31,P004,541.0,377.0,3414771.0,2288676.0,643.0,42.11988429537181,27.60972222222222,451.0,1022.0,67.0,0.0655577299412915,1
2025-10-31,P005,82.0,45.0,194369.0,2588217.0,42.0,72.32220189701897,56.4025,21.0,36.0,13.0,0.3611111111111111,1
2025-10-31,P006,42.0,215.0,764550.0,130322.0,578.0,71.81766832068496,32.22888888888889,491.0,381.0,15.0,0.0393700787401574,1
2025-10-31,P007,10.0,0.0,147853.0,239023.0,1.0,94.86722222222222,94.86722222222222,0.0,37.0,6.0,0.1621621621621621,1
2025-10-31,P008,13.0,0.0,4068.0,1906984.0,21.0,48.94343915343916,14.920555555555556,10.0,753.0,337.0,0.447543160690571,1
2025-10-31,P009,74.0,38.0,422097.0,238989.0,100.0,54.36363055555555,20.930416666666666,80.0,144.0,7.0,0.0486111111111111,1
2025-10-31,P010,0.0,0.0,0.0,0.0,3.0,353.4737037037037,367.17805555555555,2.0,86.0,52.0,0.6046511627906976,1
2025-10-31,P011,25.0,3.0,316524.0,834590.0,9.0,91.27009259259259,65.17722222222223,6.0,,,,1
2025-11-07,P001,292.0,290.0,2867504.0,942745.0,247.0,55.254137426900584,36.31638888888889,205.0,73.0,9.0,0.1232876712328767,1
2025-11-07,P002,68.0,6.0,692320.0,682325.0,120.0,52.63690277777778,22.152638888888887,56.0,1128.0,20.0,0.0177304964539007,1
2025-11-07,P003,14.0,0.0,112558.0,1497611.0,24.0,74.34650966183574,48.956944444444446,10.0,317.0,11.0,0.0347003154574132,1
2025-11-07,P004,515.0,359.0,3125198.0,2421734.0,640.0,38.823297082459824,27.25875,463.0,1022.0,67.0,0.0655577299412915,1
2025-11-07,P005,98.0,36.0,239685.0,2931271.0,40.0,80.50898611111111,51.784166666666664,20.0,36.0,13.0,0.3611111111111111,1
2025-11-07,P006,131.0,308.0,2479054.0,288599.0,381.0,67.79147207367795,32.90847222222222,309.0,381.0,15.0,0.0393700787401574,1
2025-11-07,P007,9.0,2.0,145165.0,227089.0,3.0,41.63138888888889,49.178333333333335,2.0,37.0,6.0,0.1621621621621621,1
2025-11-07,P008,18.0,0.0,175212.0,2941878.0,24.0,21.532569444444444,10.003472222222221,18.0,753.0,337.0,0.447543160690571,1
2025-11-07,P009,116.0,43.0,1669632.0,1099953.0,94.0,45.085395981087466,21.881666666666668,76.0,144.0,7.0,0.0486111111111111,1
2025-11-07,P010,1.0,0.0,0.0,0.0,1.0,14.03111111111111,14.03111111111111,1.0,86.0,52.0,0.6046511627906976,1
2025-11-07,P011,27.0,1.0,247999.0,900055.0,8.0,68.00774305555557,42.57291666666667,2.0,,,,1
2025-11-14,P001,337.0,272.0,4025409.0,1051004.0,250.0,46.75644377240143,30.460138888888885,207.0,73.0,9.0,0.1232876712328767,1
2025-11-14,P002,73.0,5.0,1265550.0,711134.0,109.0,48.6106841563786,23.506805555555555,58.0,1128.0,20.0,0.0177304964539007,1
2025-11-14,P003,16.0,1.0,171302.0,1243401.0,31.0,86.30133512544803,56.465555555555554,8.0,317.0,11.0,0.0347003154574132,1
2025-11-14,P004,560.0,381.0,3691393.0,2316660.0,639.0,40.7420905285191,26.601111111111113,466.0,1022.0,67.0,0.0655577299412915,1
2025-11-14,P005,99.0,43.0,198597.0,2481814.0,37.0,84.70069444444444,70.67375,17.0,36.0,13.0,0.3611111111111111,1
2025-11-14,P006,120.0,320.0,1670944.0,291624.0,633.0,65.83449006977992,33.41694444444445,528.0,381.0,15.0,0.0393700787401574,1
2025-11-14,P007,7.0,1.0,25646.0,319687.0,9.0,43.23595679012346,17.4975,5.0,37.0,6.0,0.1621621621621621,1
2025-11-14,P008,15.0,0.0,7953.0,2492900.0,17.0,33.88106209150327,13.665277777777778,12.0,753.0,337.0,0.447543160690571,1
2025-11-14,P009,88.0,38.0,781381.0,523386.0,124.0,34.30913754480287,19.97125,87.0,144.0,7.0,0.0486111111111111,1
2025-11-14,P010,1.0,0.0,0.0,0.0,0.0,,,0.0,86.0,52.0,0.6046511627906976,1
2025-11-14,P011,24.0,2.0,69906.0,663909.0,5.0,41.819944444444445,11.983055555555556,4.0,,,,1
2025-11-21,P001,295.0,304.0,2438589.0,794406.0,246.0,46.69685714285714,32.423611111111114,203.0,73.0,9.0,0.1232876712328767,1
2025-11-21,P002,68.0,6.0,687497.0,922798.0,99.0,36.35373015873016,19.178333333333335,56.0,1128.0,20.0,0.0177304964539007,1
2025-11-21,P003,9.0,1.0,269001.0,420720.0,35.0,121.41604761904762,55.93666666666667,8.0,317.0,11.0,0.0347003154574132,1
2025-11-21,P004,538.0,368.0,4158054.0,2333325.0,618.0,42.81671614015977,28.10472222222222,443.0,1022.0,67.0,0.0655577299412915,1
2025-11-21,P005,97.0,45.0,130744.0,3005267.0,45.0,78.77953703703704,49.58138888888889,26.0,36.0,13.0,0.3611111111111111,1
2025-11-21,P006,88.0,308.0,1706187.0,293731.0,605.0,62.93327573392791,32.61694444444444,488.0,381.0,15.0,0.0393700787401574,1
2025-11-21,P007,6.0,0.0,146631.0,150498.0,9.0,27.737604166666667,4.308055555555556,7.0,37.0,6.0,0.1621621621621621,1
2025-11-21,P008,13.0,0.0,10303.0,1775712.0,31.0,51.85112037037037,13.348055555555554,17.0,753.0,337.0,0.447543160690571,1
2025-11-21,P009,93.0,38.0,372541.0,579132.0,101.0,46.62852585258526,20.475,83.0,144.0,7.0,0.0486111111111111,1
2025-11-21,P010,1.0,0.0,0.0,0.0,1.0,1.0352777777777775,1.0352777777777775,0.0,86.0,52.0,0.6046511627906976,1
2025-11-21,P011,21.0,4.0,123093.0,811552.0,6.0,96.44893518518519,57.45861111111111,2.0,,,,1
2025-11-28,P001,292.0,265.0,2320281.0,783485.0,283.0,43.25368374558304,30.30472222222222,243.0,152.0,39.0,0.2565789473684211,1
2025-11-28,P002,57.0,6.0,715508.0,486642.0,120.0,48.73929166666667,20.524583333333332,63.0,1101.0,475.0,0.4314259763851044,1
2025-11-28,P003,13.0,0.0,98861.0,1603329.0,28.0,92.00138888888888,28.481250000000003,7.0,376.0,18.0,0.0478723404255319,1
2025-11-28,P004,546.0,358.0,3196640.0,2618874.0,619.0,37.386574977416444,27.00722222222222,441.0,800.0,61.0,0.07625,1
2025-11-28,P005,103.0,36.0,334053.0,2704481.0,44.0,85.69046085858587,72.62694444444445,23.0,21.0,3.0,0.1428571428571428,1
2025-11-28,P006,91.0,281.0,2032144.0,279514.0,588.0,66.49767829680891,35.099583333333335,484.0,315.0,15.0,0.0476190476190476,1
2025-11-28,P007,6.0,0.0,60409.0,158923.0,11.0,30.182121212121213,5.171388888888889,8.0,37.0,5.0,0.1351351351351351,1
2025-11-28,P008,19.0,0.0,52930.0,3077294.0,19.0,42.453859649122805,17.499444444444446,10.0,621.0,234.0,0.3768115942028985,1
2025-11-28,P009,90.0,43.0,1432767.0,490931.0,112.0,46.10541170634921,20.410277777777775,89.0,113.0,2.0,0.0176991150442477,1
2025-11-28,P010,0.0,1.0,0.0,0.0,2.0,254.48583333333335,254.48583333333335,1.0,103.0,71.0,0.6893203883495146,1
2025-11-28,P011,22.0,1.0,211188.0,786829.0,9.0,94.07697530864198,71.1225,5.0,,,,1
2025-12-05,P001,279.0,291.0,2581347.0,907746.0,219.0,50.12721202854231,36.73083333333334,185.0,152.0,39.0,0.2565789473684211,1
2025-12-05,P002,54.0,5.0,881557.0,533242.0,111.0,42.07246746746747,18.128611111111113,62.0,1101.0,475.0,0.4314259763851044,1
2025-12-05,P003,13.0,0.0,56906.0,837484.0,30.0,81.51366666666667,40.65888888888889,7.0,376.0,18.0,0.0478723404255319,1
2025-12-05,P004,507.0,385.0,3662920.0,2357250.0,617.0,38.39004137115839,26.84,439.0,800.0,61.0,0.07625,1
2025-12-05,P005,90.0,42.0,258573.0,2988233.0,43.0,70.81413436692506,59.02555555555555,26.0,21.0,3.0,0.1428571428571428,1
2025-12-05,P006,95.0,299.0,1221831.0,349501.0,532.0,73.82505787037037,35.69125,432.0,315.0,15.0,0.0476190476190476,1
2025-12-05,P007,9.0,1.0,133232.0,214811.0,1.0,83.34416666666667,83.34416666666667,0.0,37.0,5.0,0.1351351351351351,1
2025-12-05,P008,20.0,0.0,192.0,3316710.0,22.0,39.604819444444445,11.265694444444446,16.0,621.0,234.0,0.3768115942028985,1
2025-12-05,P009,89.0,36.0,285106.0,747259.0,110.0,36.212590909090906,17.840833333333336,85.0,113.0,2.0,0.0176991150442477,1
2025-12-05,P010,0.0,0.0,0.0,0.0,1.0,130.43805555555556,130.43805555555556,,103.0,71.0,0.6893203883495146,1
2025-12-05,P011,18.0,4.0,67475.0,837690.0,8.0,145.62302083333333,138.30666666666667,1.0,,,,1
2025-12-12,P001,291.0,287.0,3343856.0,716163.0,249.0,46.50332994579946,31.249583333333334,205.0,152.0,39.0,0.2565789473684211,1
2025-12-12,P002,62.0,4.0,730699.0,585558.0,127.0,52.27322888888889,22.36861111111111,59.0,1101.0,475.0,0.4314259763851044,1
2025-12-12,P003,14.0,1.0,80893.0,1169201.0,35.0,123.30914215686276,59.69583333333333,12.0,376.0,18.0,0.0478723404255319,1
2025-12-12,P004,529.0,390.0,4074954.0,2305593.0,606.0,37.37576423438364,27.64361111111111,434.0,800.0,61.0,0.07625,1
2025-12-12,P005,98.0,42.0,158369.0,3051539.0,45.0,62.488962962962965,47.23861111111111,23.0,21.0,3.0,0.1428571428571428,1
2025-12-12,P006,95.0,306.0,1578034.0,262749.0,579.0,62.80663711583925,31.119444444444444,494.0,315.0,15.0,0.0476190476190476,1
2025-12-12,P007,4.0,2.0,0.0,153650.0,6.0,117.31861111111111,94.50666666666666,3.0,37.0,5.0,0.1351351351351351,1
2025-12-12,P008,11.0,0.0,2587.0,1935037.0,23.0,22.706413043478264,8.023055555555555,15.0,621.0,234.0,0.3768115942028985,1
2025-12-12,P009,150.0,52.0,1543749.0,818001.0,108.0,36.343408618899275,18.245555555555555,86.0,113.0,2.0,0.0176991150442477,1
2025-12-12,P010,0.0,0.0,0.0,0.0,,,,,103.0,71.0,0.6893203883495146,1
2025-12-12,P011,15.0,2.0,113042.0,513977.0,6.0,60.42972222222223,49.80180555555556,5.0,,,,1
2025-12-19,P001,280.0,256.0,3046130.0,612209.0,242.0,53.77076994006455,33.904444444444444,190.0,152.0,39.0,0.2565789473684211,1
2025-12-19,P002,67.0,7.0,642373.0,692283.0,94.0,45.319534050179215,18.9125,48.0,1101.0,475.0,0.4314259763851044,1
2025-12-19,P003,15.0,0.0,206020.0,1190840.0,41.0,101.18491666666667,46.515138888888885,13.0,376.0,18.0,0.0478723404255319,1
2025-12-19,P004,513.0,362.0,3436569.0,2335249.0,606.0,38.475911055923476,27.118333333333332,420.0,800.0,61.0,0.07625,1
2025-12-19,P005,95.0,49.0,132594.0,2828917.0,41.0,91.56671409214093,64.12916666666666,24.0,21.0,3.0,0.1428571428571428,1
2025-12-19,P006,105.0,309.0,2321572.0,323454.0,555.0,58.40003046922608,33.66416666666667,459.0,315.0,15.0,0.0476190476190476,1
2025-12-19,P007,7.0,1.0,24240.0,286394.0,5.0,109.36500000000001,49.02722222222222,4.0,37.0,5.0,0.1351351351351351,1
2025-12-19,P008,14.0,1.0,10303.0,2537917.0,13.0,103.36589743589744,42.11527777777778,8.0,621.0,234.0,0.3768115942028985,1
2025-12-19,P009,113.0,46.0,807645.0,606874.0,103.0,42.64716019417476,20.671666666666667,78.0,113.0,2.0,0.0176991150442477,1
2025-12-19,P010,0.0,0.0,0.0,0.0,,,,,103.0,71.0,0.6893203883495146,1
2025-12-19,P011,11.0,2.0,28928.0,364721.0,9.0,66.10697530864198,73.43527777777778,4.0,,,,1
2025-12-26,P001,288.0,269.0,2810051.0,834019.0,215.0,44.591865264797505,27.635138888888886,179.0,152.0,39.0,0.2565789473684211,1
2025-12-26,P002,60.0,6.0,584772.0,953771.0,136.0,52.664714052287586,20.008472222222224,70.0,1101.0,475.0,0.4314259763851044,1
2025-12-26,P003,8.0,0.0,107387.0,923774.0,33.0,135.20564814814816,66.18944444444445,10.0,376.0,18.0,0.0478723404255319,1
2025-12-26,P004,511.0,378.0,2721259.0,2363402.0,611.0,40.33423052362707,27.62527777777778,442.0,800.0,61.0,0.07625,1
2025-12-26,P005,103.0,42.0,365333.0,2946894.0,49.0,81.03298752834468,58.62833333333333,16.0,21.0,3.0,0.1428571428571428,1
2025-12-26,P006,108.0,306.0,1025476.0,277969.0,598.0,59.38985185185185,32.27305555555556,498.0,315.0,15.0,0.0476190476190476,1
2025-12-26,P007,6.0,1.0,18528.0,256493.0,4.0,59.182430555555555,37.70847222222223,1.0,37.0,5.0,0.1351351351351351,1
2025-12-26,P008,7.0,0.0,109862.0,943938.0,16.0,90.92990740740741,9.85777777777778,7.0,621.0,234.0,0.3768115942028985,1
2025-12-26,P009,116.0,37.0,1064184.0,939152.0,102.0,45.09562908496732,18.40625,81.0,113.0,2.0,0.0176991150442477,1
2025-12-26,P010,0.0,0.0,0.0,0.0,,,,,103.0,71.0,0.6893203883495146,1
2025-12-26,P011,17.0,2.0,137114.0,696530.0,6.0,149.2173611111111,61.21388888888889,2.0,,,,1
2026-01-02,P001,278.0,202.0,1973352.0,636016.0,248.0,44.46905939476061,30.289166666666667,210.0,96.0,11.0,0.1145833333333333,1
2026-01-02,P002,59.0,7.0,621555.0,631929.0,88.0,60.38558748403575,42.74638888888889,51.0,875.0,282.0,0.3222857142857143,1
2026-01-02,P003,17.0,0.0,59681.0,1591225.0,29.0,113.92611111111111,63.17305555555556,9.0,294.0,25.0,0.0850340136054421,1
2026-01-02,P004,510.0,364.0,3478025.0,2544859.0,619.0,43.649060140237324,27.613888888888887,444.0,867.0,40.0,0.0461361014994233,1
2026-01-02,P005,60.0,24.0,158828.0,2533285.0,40.0,72.59302083333333,56.43347222222222,22.0,13.0,6.0,0.4615384615384615,1
2026-01-02,P006,102.0,300.0,2217220.0,482585.0,566.0,55.84852468025579,32.70388888888888,480.0,220.0,11.0,0.05,1
2026-01-02,P007,7.0,1.0,25646.0,229265.0,2.0,19.009444444444444,19.009444444444444,1.0,60.0,7.0,0.1166666666666666,1
2026-01-02,P008,6.0,0.0,7761.0,1005611.0,13.0,49.253171296296294,18.468333333333334,8.0,446.0,137.0,0.3071748878923767,1
2026-01-02,P009,88.0,47.0,445161.0,527795.0,108.0,43.44653034979424,20.79222222222222,81.0,166.0,9.0,0.0542168674698795,1
2026-01-02,P010,0.0,0.0,0.0,0.0,,,,,94.0,72.0,0.7659574468085106,1
2026-01-02,P011,18.0,2.0,341721.0,655640.0,11.0,85.39328282828282,64.62361111111112,4.0,,,,1
2026-01-09,P001,282.0,220.0,3440193.0,664867.0,174.0,75.48813537675606,48.72625,140.0,96.0,11.0,0.1145833333333333,1
2026-01-09,P002,56.0,9.0,382383.0,639796.0,127.0,46.22814304461942,22.000833333333333,76.0,875.0,282.0,0.3222857142857143,1
2026-01-09,P003,10.0,1.0,175077.0,505247.0,38.0,48.73776276276276,32.6425,20.0,294.0,25.0,0.0850340136054421,1
2026-01-09,P004,524.0,353.0,3814415.0,1904301.0,631.0,43.79271771771772,27.87388888888889,444.0,867.0,40.0,0.0461361014994233,1
2026-01-09,P005,116.0,52.0,246388.0,3463124.0,23.0,107.75993686868686,92.33291666666668,12.0,13.0,6.0,0.4615384615384615,1
2026-01-09,P006,69.0,288.0,701122.0,392457.0,561.0,67.5084111914808,36.056666666666665,456.0,220.0,11.0,0.05,1
2026-01-09,P007,4.0,1.0,23186.0,165052.0,3.0,117.03129629629628,33.705555555555556,1.0,60.0,7.0,0.1166666666666666,1
2026-01-09,P008,13.0,1.0,9198.0,1860952.0,21.0,58.42870833333334,15.903888888888888,10.0,446.0,137.0,0.3071748878923767,1
2026-01-09,P009,124.0,44.0,1279971.0,554478.0,110.0,41.546712121212124,17.210416666666667,95.0,166.0,9.0,0.0542168674698795,1
2026-01-09,P010,0.0,1.0,0.0,0.0,,,,,94.0,72.0,0.7659574468085106,1
2026-01-09,P011,14.0,2.0,68079.0,573469.0,5.0,92.46777777777777,48.02972222222222,2.0,,,,1
2026-01-16,P001,309.0,242.0,2532048.0,806233.0,144.0,80.27080613830614,53.22944444444445,113.0,96.0,11.0,0.1145833333333333,1
2026-01-16,P002,68.0,5.0,650016.0,567252.0,88.0,59.34475529100529,31.99875,50.0,875.0,282.0,0.3222857142857143,1
2026-01-16,P003,11.0,0.0,37527.0,973453.0,25.0,38.49651111111111,34.93194444444445,9.0,294.0,25.0,0.0850340136054421,1
2026-01-16,P004,516.0,370.0,3159057.0,2292331.0,469.0,39.230311754887936,27.76972222222222,327.0,867.0,40.0,0.0461361014994233,1
2026-01-16,P005,94.0,43.0,292652.0,2804294.0,37.0,76.941006006006,58.40472222222222,20.0,13.0,6.0,0.4615384615384615,1
2026-01-16,P006,106.0,311.0,2004710.0,264999.0,382.0,65.26385111111111,32.901944444444446,318.0,220.0,11.0,0.05,1
2026-01-16,P007,8.0,0.0,102910.0,277191.0,3.0,114.20930555555557,114.20930555555557,1.0,60.0,7.0,0.1166666666666666,1
2026-01-16,P008,12.0,0.0,1020.0,1634023.0,21.0,39.67777777777778,18.411944444444444,11.0,446.0,137.0,0.3071748878923767,1
2026-01-16,P009,112.0,41.0,1234772.0,806232.0,82.0,42.80309281842818,19.369861111111113,65.0,166.0,9.0,0.0542168674698795,1
2026-01-16,P010,0.0,0.0,0.0,0.0,,,,,94.0,72.0,0.7659574468085106,1
2026-01-16,P011,17.0,3.0,78820.0,1043216.0,3.0,51.45814814814815,48.10333333333333,2.0,,,,1
2026-01-23,P001,286.0,270.0,2610602.0,830087.0,,,,,96.0,11.0,0.1145833333333333,1
2026-01-23,P002,65.0,6.0,749156.0,749336.0,,,,,875.0,282.0,0.3222857142857143,1
2026-01-23,P003,8.0,0.0,61665.0,967071.0,,,,,294.0,25.0,0.0850340136054421,1
2026-01-23,P004,517.0,376.0,3618168.0,2452798.0,,,,,867.0,40.0,0.0461361014994233,1
2026-01-23,P005,109.0,51.0,185741.0,3337749.0,,,,,13.0,6.0,0.4615384615384615,1
2026-01-23,P006,94.0,289.0,2057372.0,313360.0,,,,,220.0,11.0,0.05,1
2026-01-23,P007,8.0,0.0,42250.0,147826.0,,,,,60.0,7.0,0.1166666666666666,1
2026-01-23,P008,11.0,1.0,12890.0,1688874.0,,,,,446.0,137.0,0.3071748878923767,1
2026-01-23,P009,116.0,44.0,865766.0,674411.0,,,,,166.0,9.0,0.0542168674698795,1
2026-01-23,P010,0.0,0.0,0.0,0.0,,,,,94.0,72.0,0.7659574468085106,1
2026-01-23,P011,19.0,3.0,148770.0,716388.0,,,,,,,,1
2026-01-30,P001,310.0,270.0,3201616.0,864041.0,,,,,77.0,15.0,0.1948051948051948,1
2026-01-30,P002,56.0,7.0,537393.0,726958.0,,,,,1050.0,453.0,0.4314285714285714,1
2026-01-30,P003,8.0,0.0,110560.0,406404.0,,,,,374.0,24.0,0.0641711229946524,1
2026-01-30,P004,534.0,367.0,4086967.0,2622501.0,,,,,1055.0,56.0,0.0530805687203791,1
2026-01-30,P005,72.0,34.0,215012.0,1923428.0,,,,,31.0,9.0,0.2903225806451613,1
2026-01-30,P006,77.0,304.0,1302036.0,264721.0,,,,,443.0,17.0,0.0383747178329571,1
2026-01-30,P007,7.0,1.0,38299.0,230049.0,,,,,63.0,12.0,0.1904761904761904,1
2026-01-30,P008,12.0,0.0,177781.0,1406366.0,,,,,676.0,297.0,0.4393491124260355,1
2026-01-30,P009,102.0,34.0,1414596.0,593966.0,,,,,87.0,3.0,0.0344827586206896,1
2026-01-30,P010,0.0,1.0,0.0,0.0,,,,,87.0,78.0,0.896551724137931,1
2026-01-30,P011,17.0,3.0,67552.0,577830.0,,,,,,,,1
2026-02-06,P001,283.0,245.0,2048192.0,1142574.0,,,,,77.0,15.0,0.1948051948051948,1
2026-02-06,P002,67.0,6.0,749505.0,852893.0,,,,,1050.0,453.0,0.4314285714285714,1
2026-02-06,P003,11.0,0.0,228471.0,787318.0,,,,,374.0,24.0,0.0641711229946524,1
2026-02-06,P004,536.0,388.0,4183892.0,2269912.0,,,,,1055.0,56.0,0.0530805687203791,1
2026-02-06,P005,120.0,49.0,421946.0,3647101.0,,,,,31.0,9.0,0.2903225806451613,1
2026-02-06,P006,99.0,297.0,1790549.0,441094.0,,,,,443.0,17.0,0.0383747178329571,1
2026-02-06,P007,7.0,0.0,8083.0,238302.0,,,,,63.0,12.0,0.1904761904761904,1
2026-02-06,P008,13.0,0.0,12935.0,2164686.0,,,,,676.0,297.0,0.4393491124260355,1
2026-02-06,P009,128.0,51.0,872805.0,911318.0,,,,,87.0,3.0,0.0344827586206896,1
2026-02-06,P010,0.0,1.0,0.0,0.0,,,,,87.0,78.0,0.896551724137931,1
2026-02-06,P011,16.0,2.0,145725.0,603135.0,,,,,,,,1
2026-02-13,P001,281.0,247.0,2451297.0,798059.0,,,,,77.0,15.0,0.1948051948051948,1
2026-02-13,P002,64.0,10.0,488931.0,828374.0,,,,,1050.0,453.0,0.4314285714285714,1
2026-02-13,P003,9.0,1.0,25225.0,907501.0,,,,,374.0,24.0,0.0641711229946524,1
2026-02-13,P004,534.0,381.0,3898993.0,2586899.0,,,,,1055.0,56.0,0.0530805687203791,1
2026-02-13,P005,95.0,49.0,114468.0,2873363.0,,,,,31.0,9.0,0.2903225806451613,1
2026-02-13,P006,85.0,297.0,1628423.0,241962.0,,,,,443.0,17.0,0.0383747178329571,1
2026-02-13,P007,8.0,0.0,89921.0,206134.0,,,,,63.0,12.0,0.1904761904761904,1
2026-02-13,P008,20.0,0.0,12849.0,3160763.0,,,,,676.0,297.0,0.4393491124260355,1
2026-02-13,P009,120.0,42.0,1521064.0,671490.0,,,,,87.0,3.0,0.0344827586206896,1
2026-02-13,P010,1.0,0.0,0.0,0.0,,,,,87.0,78.0,0.896551724137931,1
2026-02-13,P011,15.0,1.0,126794.0,757574.0,,,,,,,,1
2026-02-20,P001,297.0,286.0,2919834.0,734384.0,,,,,77.0,15.0,0.1948051948051948,1
2026-02-20,P002,60.0,9.0,645711.0,524468.0,,,,,1050.0,453.0,0.4314285714285714,1
2026-02-20,P003,13.0,0.0,12013.0,885150.0,,,,,374.0,24.0,0.0641711229946524,1
2026-02-20,P004,539.0,371.0,3727678.0,2302761.0,,,,,1055.0,56.0,0.0530805687203791,1
2026-02-20,P005,87.0,43.0,571935.0,2705767.0,,,,,31.0,9.0,0.2903225806451613,1
2026-02-20,P006,110.0,305.0,2007001.0,364083.0,,,,,443.0,17.0,0.0383747178329571,1
2026-02-20,P007,10.0,0.0,45248.0,257044.0,,,,,63.0,12.0,0.1904761904761904,1
2026-02-20,P008,15.0,1.0,12890.0,2143736.0,,,,,676.0,297.0,0.4393491124260355,1
2026-02-20,P009,106.0,49.0,761208.0,556525.0,,,,,87.0,3.0,0.0344827586206896,1
2026-02-20,P010,1.0,0.0,0.0,0.0,,,,,87.0,78.0,0.896551724137931,1
2026-02-20,P011,17.0,4.0,87112.0,661880.0,,,,,,,,1
2026-02-27,P001,310.0,284.0,2490315.0,964140.0,,,,,77.0,15.0,0.1948051948051948,1
2026-02-27,P002,61.0,7.0,565392.0,621747.0,,,,,1050.0,453.0,0.4314285714285714,1
2026-02-27,P003,7.0,0.0,68487.0,563113.0,,,,,374.0,24.0,0.0641711229946524,1
2026-02-27,P004,535.0,366.0,3479581.0,2446548.0,,,,,1055.0,56.0,0.0530805687203791,1
2026-02-27,P005,85.0,36.0,312381.0,2693015.0,,,,,31.0,9.0,0.2903225806451613,1
2026-02-27,P006,90.0,281.0,1632032.0,384199.0,,,,,443.0,17.0,0.0383747178329571,1
2026-02-27,P007,10.0,0.0,50063.0,184445.0,,,,,63.0,12.0,0.1904761904761904,1
2026-02-27,P008,14.0,0.0,5174.0,2537414.0,,,,,676.0,297.0,0.4393491124260355,1
2026-02-27,P009,115.0,33.0,1504949.0,798414.0,,,,,87.0,3.0,0.0344827586206896,1
2026-02-27,P010,0.0,0.0,0.0,0.0,,,,,87.0,78.0,0.896551724137931,1
2026-02-27,P011,25.0,2.0,262191.0,961238.0,,,,,,,,1
2026-03-06,P001,282.0,302.0,3233248.0,864597.0,,,,,77.0,15.0,0.1948051948051948,1
2026-03-06,P002,64.0,10.0,535846.0,633078.0,,,,,1050.0,453.0,0.4314285714285714,1
2026-03-06,P003,14.0,0.0,174444.0,1011005.0,,,,,374.0,24.0,0.0641711229946524,1
2026-03-06,P004,486.0,363.0,3246273.0,2574339.0,,,,,1055.0,56.0,0.0530805687203791,1
2026-03-06,P005,115.0,53.0,303764.0,3418664.0,,,,,31.0,9.0,0.2903225806451613,1
2026-03-06,P006,93.0,271.0,1930572.0,337938.0,,,,,443.0,17.0,0.0383747178329571,1
2026-03-06,P007,8.0,0.0,52766.0,173330.0,,,,,63.0,12.0,0.1904761904761904,1
2026-03-06,P008,16.0,0.0,7761.0,3149075.0,,,,,676.0,297.0,0.4393491124260355,1
2026-03-06,P009,86.0,27.0,697352.0,372171.0,,,,,87.0,3.0,0.0344827586206896,1
2026-03-06,P010,0.0,0.0,0.0,0.0,,,,,87.0,78.0,0.896551724137931,1
2026-03-06,P011,21.0,2.0,117034.0,912124.0,,,,,,,,1
2026-03-13,P001,307.0,290.0,2575709.0,796566.0,,,,,77.0,15.0,0.1948051948051948,1
2026-03-13,P002,18.0,2.0,211719.0,164920.0,,,,,1050.0,453.0,0.4314285714285714,1
2026-03-13,P003,7.0,0.0,99400.0,562032.0,,,,,374.0,24.0,0.0641711229946524,1
2026-03-13,P004,560.0,370.0,3704968.0,2718948.0,,,,,1055.0,56.0,0.0530805687203791,1
2026-03-13,P005,99.0,51.0,289268.0,2888986.0,,,,,31.0,9.0,0.2903225806451613,1
2026-03-13,P006,90.0,257.0,1445241.0,258586.0,,,,,443.0,17.0,0.0383747178329571,1
2026-03-13,P007,11.0,0.0,191897.0,336787.0,,,,,63.0,12.0,0.1904761904761904,1
2026-03-13,P008,7.0,0.0,0.0,1137934.0,,,,,676.0,297.0,0.4393491124260355,1
2026-03-13,P009,125.0,47.0,1471452.0,657458.0,,,,,87.0,3.0,0.0344827586206896,1
2026-03-13,P010,0.0,0.0,0.0,0.0,,,,,87.0,78.0,0.896551724137931,1
2026-03-13,P011,26.0,3.0,148914.0,1510163.0,,,,,,,,1
2026-03-20,P001,295.0,275.0,2333876.0,891818.0,,,,,77.0,15.0,0.1948051948051948,1
2026-03-20,P002,0.0,0.0,0.0,0.0,,,,,1050.0,453.0,0.4314285714285714,1
2026-03-20,P003,9.0,2.0,161247.0,280741.0,,,,,374.0,24.0,0.0641711229946524,1
2026-03-20,P004,512.0,395.0,3512649.0,2441654.0,,,,,1055.0,56.0,0.0530805687203791,1
2026-03-20,P005,111.0,48.0,362514.0,3237308.0,,,,,31.0,9.0,0.2903225806451613,1
2026-03-20,P006,95.0,308.0,1789613.0,362482.0,,,,,443.0,17.0,0.0383747178329571,1
2026-03-20,P007,6.0,0.0,6795.0,207690.0,,,,,63.0,12.0,0.1904761904761904,1
2026-03-20,P008,0.0,0.0,0.0,0.0,,,,,676.0,297.0,0.4393491124260355,1
2026-03-20,P009,89.0,44.0,1488620.0,459981.0,,,,,87.0,3.0,0.0344827586206896,1
2026-03-20,P010,2.0,0.0,0.0,5496.0,,,,,87.0,78.0,0.896551724137931,1
2026-03-20,P011,29.0,3.0,1088599.0,1662688.0,,,,,,,,1
2026-03-27,P001,321.0,278.0,3191261.0,914226.0,,,,,77.0,15.0,0.1948051948051948,1
2026-03-27,P002,5.0,2.0,42192.0,18925.0,,,,,1050.0,453.0,0.4314285714285714,1
2026-03-27,P003,5.0,3.0,233304.0,13325.0,,,,,374.0,24.0,0.0641711229946524,1
2026-03-27,P004,540.0,346.0,3062313.0,2390027.0,,,,,1055.0,56.0,0.0530805687203791,1
2026-03-27,P005,103.0,41.0,345839.0,2699169.0,,,,,31.0,9.0,0.2903225806451613,1
2026-03-27,P006,84.0,288.0,1552651.0,163253.0,,,,,443.0,17.0,0.0383747178329571,1
2026-03-27,P007,10.0,1.0,121786.0,238443.0,,,,,63.0,12.0,0.1904761904761904,1
2026-03-27,P008,0.0,0.0,0.0,0.0,,,,,676.0,297.0,0.4393491124260355,1
2026-03-27,P009,133.0,58.0,879046.0,881382.0,,,,,87.0,3.0,0.0344827586206896,1
2026-03-27,P010,0.0,0.0,0.0,0.0,,,,,87.0,78.0,0.896551724137931,1
2026-03-27,P011,29.0,3.0,257668.0,1266438.0,,,,,,,,1
2026-04-03,P001,313.0,273.0,3106770.0,1155993.0,,,,,77.0,15.0,0.1948051948051948,1
2026-04-03,P002,5.0,7.0,15576.0,53753.0,,,,,1050.0,453.0,0.4314285714285714,1
2026-04-03,P003,4.0,0.0,179687.0,66137.0,,,,,374.0,24.0,0.0641711229946524,1
2026-04-03,P004,493.0,358.0,2875324.0,2163271.0,,,,,1055.0,56.0,0.0530805687203791,1
2026-04-03,P005,130.0,56.0,440346.0,3670149.0,,,,,31.0,9.0,0.2903225806451613,1
2026-04-03,P006,91.0,304.0,1397264.0,209377.0,,,,,443.0,17.0,0.0383747178329571,1
2026-04-03,P007,11.0,0.0,71997.0,298685.0,,,,,63.0,12.0,0.1904761904761904,1
2026-04-03,P008,0.0,0.0,0.0,0.0,,,,,676.0,297.0,0.4393491124260355,1
2026-04-03,P009,113.0,48.0,455237.0,609431.0,,,,,87.0,3.0,0.0344827586206896,1
2026-04-03,P010,0.0,0.0,0.0,0.0,,,,,87.0,78.0,0.896551724137931,1
2026-04-03,P011,36.0,5.0,163746.0,2854196.0,,,,,,,,1
2026-04-10,P001,307.0,309.0,2430419.0,891036.0,,,,,77.0,15.0,0.1948051948051948,1
2026-04-10,P002,9.0,8.0,63835.0,71309.0,,,,,1050.0,453.0,0.4314285714285714,1
2026-04-10,P003,7.0,0.0,320679.0,66138.0,,,,,374.0,24.0,0.0641711229946524,1
2026-04-10,P004,505.0,363.0,2959677.0,2614338.0,,,,,1055.0,56.0,0.0530805687203791,1
2026-04-10,P005,114.0,41.0,258616.0,3401864.0,,,,,31.0,9.0,0.2903225806451613,1
2026-04-10,P006,92.0,289.0,1715085.0,230566.0,,,,,443.0,17.0,0.0383747178329571,1
2026-04-10,P007,10.0,0.0,61008.0,285289.0,,,,,63.0,12.0,0.1904761904761904,1
2026-04-10,P008,0.0,0.0,0.0,0.0,,,,,676.0,297.0,0.4393491124260355,1
2026-04-10,P009,100.0,53.0,763708.0,624161.0,,,,,87.0,3.0,0.0344827586206896,1
2026-04-10,P010,0.0,0.0,0.0,0.0,,,,,87.0,78.0,0.896551724137931,1
2026-04-10,P011,36.0,2.0,204117.0,3343208.0,,,,,,,,1
2026-04-17,P001,293.0,254.0,2682580.0,794246.0,,,,,77.0,15.0,0.1948051948051948,1
2026-04-17,P002,16.0,19.0,65262.0,304487.0,,,,,1050.0,453.0,0.4314285714285714,1
2026-04-17,P003,6.0,0.0,193494.0,67495.0,,,,,374.0,24.0,0.0641711229946524,1
2026-04-17,P004,502.0,371.0,3492425.0,2241206.0,,,,,1055.0,56.0,0.0530805687203791,1
2026-04-17,P005,101.0,47.0,486490.0,2905390.0,,,,,31.0,9.0,0.2903225806451613,1
2026-04-17,P006,87.0,319.0,1771679.0,303881.0,,,,,443.0,17.0,0.0383747178329571,1
2026-04-17,P007,10.0,0.0,116518.0,345821.0,,,,,63.0,12.0,0.1904761904761904,1
2026-04-17,P008,0.0,0.0,0.0,0.0,,,,,676.0,297.0,0.4393491124260355,1
2026-04-17,P009,97.0,47.0,540176.0,436205.0,,,,,87.0,3.0,0.0344827586206896,1
2026-04-17,P010,1.0,0.0,0.0,103536.0,,,,,87.0,78.0,0.896551724137931,1
2026-04-17,P011,32.0,1.0,224234.0,2331568.0,,,,,,,,1
2026-04-24,P001,302.0,283.0,2641792.0,803294.0,,,,,77.0,15.0,0.1948051948051948,1
2026-04-24,P002,17.0,17.0,76023.0,185517.0,,,,,1050.0,453.0,0.4314285714285714,1
2026-04-24,P003,8.0,0.0,217884.0,112246.0,,,,,374.0,24.0,0.0641711229946524,1
2026-04-24,P004,502.0,357.0,2812467.0,2503861.0,,,,,1055.0,56.0,0.0530805687203791,1
2026-04-24,P005,123.0,43.0,393054.0,3911293.0,,,,,31.0,9.0,0.2903225806451613,1
2026-04-24,P006,87.0,296.0,1131310.0,237775.0,,,,,443.0,17.0,0.0383747178329571,1
2026-04-24,P007,8.0,0.0,52338.0,152806.0,,,,,63.0,12.0,0.1904761904761904,1
2026-04-24,P008,1.0,0.0,0.0,276486.0,,,,,676.0,297.0,0.4393491124260355,1
2026-04-24,P009,128.0,61.0,735634.0,587853.0,,,,,87.0,3.0,0.0344827586206896,1
2026-04-24,P010,0.0,0.0,0.0,0.0,,,,,87.0,78.0,0.896551724137931,1
2026-04-24,P011,32.0,4.0,391972.0,1834733.0,,,,,,,,1
2026-05-01,P001,284.0,269.0,3029858.0,726658.0,,,,,77.0,15.0,0.1948051948051948,1
2026-05-01,P002,14.0,16.0,83378.0,179626.0,,,,,1050.0,453.0,0.4314285714285714,1
2026-05-01,P003,3.0,0.0,0.0,42566.0,,,,,374.0,24.0,0.0641711229946524,1
2026-05-01,P004,466.0,374.0,2183170.0,2393869.0,,,,,1055.0,56.0,0.0530805687203791,1
2026-05-01,P005,112.0,48.0,334587.0,3525629.0,,,,,31.0,9.0,0.2903225806451613,1
2026-05-01,P006,81.0,302.0,1094977.0,268920.0,,,,,443.0,17.0,0.0383747178329571,1
2026-05-01,P007,7.0,0.0,3748.0,203615.0,,,,,63.0,12.0,0.1904761904761904,1
2026-05-01,P008,1.0,0.0,0.0,0.0,,,,,676.0,297.0,0.4393491124260355,1
2026-05-01,P009,103.0,39.0,1062605.0,441769.0,,,,,87.0,3.0,0.0344827586206896,1
2026-05-01,P010,0.0,0.0,0.0,0.0,,,,,87.0,78.0,0.896551724137931,1
2026-05-01,P011,34.0,3.0,229843.0,2377828.0,,,,,,,,1
2026-05-08,P001,314.0,281.0,2453101.0,724871.0,,,,,77.0,15.0,0.1948051948051948,1
2026-05-08,P002,23.0,16.0,154703.0,651154.0,,,,,1050.0,453.0,0.4314285714285714,1
2026-05-08,P003,5.0,0.0,117383.0,154320.0,,,,,374.0,24.0,0.0641711229946524,1
2026-05-08,P004,504.0,372.0,2736081.0,2323387.0,,,,,1055.0,56.0,0.0530805687203791,1
2026-05-08,P005,117.0,44.0,453782.0,3762436.0,,,,,31.0,9.0,0.2903225806451613,1
2026-05-08,P006,71.0,315.0,849242.0,209528.0,,,,,443.0,17.0,0.0383747178329571,1
2026-05-08,P007,15.0,1.0,189215.0,369574.0,,,,,63.0,12.0,0.1904761904761904,1
2026-05-08,P008,0.0,0.0,0.0,0.0,,,,,676.0,297.0,0.4393491124260355,1
2026-05-08,P009,138.0,64.0,1719988.0,689325.0,,,,,87.0,3.0,0.0344827586206896,1
2026-05-08,P010,0.0,0.0,0.0,0.0,,,,,87.0,78.0,0.896551724137931,1
2026-05-08,P011,39.0,6.0,372913.0,3362395.0,,,,,,,,1
2026-05-15,P001,291.0,300.0,3092318.0,666408.0,,,,,77.0,15.0,0.1948051948051948,1
2026-05-15,P002,3.0,6.0,21401.0,19725.0,,,,,1050.0,453.0,0.4314285714285714,1
2026-05-15,P003,4.0,0.0,170955.0,80837.0,,,,,374.0,24.0,0.0641711229946524,1
2026-05-15,P004,533.0,381.0,3464145.0,2472402.0,,,,,1055.0,56.0,0.0530805687203791,1
2026-05-15,P005,109.0,41.0,488426.0,3085381.0,,,,,31.0,9.0,0.2903225806451613,1
2026-05-15,P006,76.0,300.0,1427179.0,513865.0,,,,,443.0,17.0,0.0383747178329571,1
2026-05-15,P007,18.0,2.0,112907.0,505369.0,,,,,63.0,12.0,0.1904761904761904,1
2026-05-15,P008,0.0,0.0,0.0,0.0,,,,,676.0,297.0,0.4393491124260355,1
2026-05-15,P009,113.0,52.0,1248077.0,499749.0,,,,,87.0,3.0,0.0344827586206896,1
2026-05-15,P010,0.0,0.0,0.0,0.0,,,,,87.0,78.0,0.896551724137931,1
2026-05-15,P011,42.0,3.0,256804.0,3984720.0,,,,,,,,1
2026-05-22,P001,324.0,269.0,2767012.0,769959.0,,,,,77.0,15.0,0.1948051948051948,1
2026-05-22,P002,7.0,17.0,84372.0,46335.0,,,,,1050.0,453.0,0.4314285714285714,1
2026-05-22,P003,6.0,1.0,267182.0,21650.0,,,,,374.0,24.0,0.0641711229946524,1
2026-05-22,P004,535.0,361.0,2915960.0,2380804.0,,,,,1055.0,56.0,0.0530805687203791,1
2026-05-22,P005,109.0,41.0,298588.0,3076895.0,,,,,31.0,9.0,0.2903225806451613,1
2026-05-22,P006,74.0,279.0,1108868.0,193320.0,,,,,443.0,17.0,0.0383747178329571,1
2026-05-22,P007,13.0,2.0,85328.0,334131.0,,,,,63.0,12.0,0.1904761904761904,1
2026-05-22,P008,0.0,0.0,0.0,0.0,,,,,676.0,297.0,0.4393491124260355,1
2026-05-22,P009,164.0,65.0,1743801.0,859794.0,,,,,87.0,3.0,0.0344827586206896,1
2026-05-22,P010,0.0,0.0,0.0,0.0,,,,,87.0,78.0,0.896551724137931,1
2026-05-22,P011,40.0,8.0,293726.0,3138915.0,,,,,,,,1
2026-05-29,P001,338.0,287.0,3259950.0,1036170.0,,,,,77.0,15.0,0.1948051948051948,1
2026-05-29,P002,6.0,10.0,55674.0,27243.0,,,,,1050.0,453.0,0.4314285714285714,1
2026-05-29,P003,6.0,0.0,181826.0,13325.0,,,,,374.0,24.0,0.0641711229946524,1
2026-05-29,P004,530.0,357.0,2928503.0,2384765.0,,,,,1055.0,56.0,0.0530805687203791,1
2026-05-29,P005,118.0,45.0,507643.0,3124783.0,,,,,31.0,9.0,0.2903225806451613,1
2026-05-29,P006,92.0,307.0,1259871.0,212072.0,,,,,443.0,17.0,0.0383747178329571,1
2026-05-29,P007,14.0,1.0,168851.0,350875.0,,,,,63.0,12.0,0.1904761904761904,1
2026-05-29,P008,0.0,0.0,0.0,0.0,,,,,676.0,297.0,0.4393491124260355,1
2026-05-29,P009,148.0,63.0,1323099.0,800217.0,,,,,87.0,3.0,0.0344827586206896,1
2026-05-29,P010,0.0,0.0,0.0,0.0,,,,,87.0,78.0,0.896551724137931,1
2026-05-29,P011,46.0,8.0,250888.0,3922663.0,,,,,,,,1
2026-06-05,P001,301.0,264.0,3768159.0,648318.0,,,,,77.0,15.0,0.1948051948051948,1
2026-06-05,P002,11.0,13.0,82049.0,124469.0,,,,,1050.0,453.0,0.4314285714285714,1
2026-06-05,P003,5.0,0.0,217136.0,13325.0,,,,,374.0,24.0,0.0641711229946524,1
2026-06-05,P004,503.0,369.0,3070286.0,2319488.0,,,,,1055.0,56.0,0.0530805687203791,1
2026-06-05,P005,112.0,44.0,344171.0,3404630.0,,,,,31.0,9.0,0.2903225806451613,1
2026-06-05,P006,72.0,223.0,1028032.0,209443.0,,,,,443.0,17.0,0.0383747178329571,1
2026-06-05,P007,15.0,1.0,177990.0,327991.0,,,,,63.0,12.0,0.1904761904761904,1
2026-06-05,P008,0.0,0.0,0.0,0.0,,,,,676.0,297.0,0.4393491124260355,1
2026-06-05,P009,185.0,79.0,1544883.0,1311526.0,,,,,87.0,3.0,0.0344827586206896,1
2026-06-05,P010,0.0,0.0,0.0,0.0,,,,,87.0,78.0,0.896551724137931,1
2026-06-05,P011,49.0,2.0,251879.0,4837482.0,,,,,,,,1
2026-06-12,P001,273.0,288.0,1791522.0,782464.0,,,,,77.0,15.0,0.1948051948051948,1
2026-06-12,P002,9.0,8.0,46149.0,159694.0,,,,,1050.0,453.0,0.4314285714285714,1
2026-06-12,P003,5.0,0.0,114521.0,2852.0,,,,,374.0,24.0,0.0641711229946524,1
2026-06-12,P004,496.0,341.0,3636727.0,2187462.0,,,,,1055.0,56.0,0.0530805687203791,1
2026-06-12,P005,113.0,40.0,298004.0,3293221.0,,,,,31.0,9.0,0.2903225806451613,1
2026-06-12,P006,73.0,294.0,932658.0,140274.0,,,,,443.0,17.0,0.0383747178329571,1
2026-06-12,P007,15.0,2.0,16405.0,396534.0,,,,,63.0,12.0,0.1904761904761904,1
2026-06-12,P008,0.0,0.0,0.0,0.0,,,,,676.0,297.0,0.4393491124260355,1
2026-06-12,P009,155.0,60.0,1400699.0,707556.0,,,,,87.0,3.0,0.0344827586206896,1
2026-06-12,P010,0.0,0.0,0.0,0.0,,,,,87.0,78.0,0.896551724137931,1
2026-06-12,P011,47.0,7.0,172270.0,3955875.0,,,,,,,,1
2026-06-19,P001,303.0,275.0,2671453.0,758954.0,,,,,77.0,15.0,0.1948051948051948,1
2026-06-19,P002,16.0,12.0,139332.0,139473.0,,,,,1050.0,453.0,0.4314285714285714,1
2026-06-19,P003,7.0,0.0,208202.0,67855.0,,,,,374.0,24.0,0.0641711229946524,1
2026-06-19,P004,503.0,355.0,2863564.0,2065836.0,,,,,1055.0,56.0,0.0530805687203791,1
2026-06-19,P005,104.0,47.0,490632.0,2979591.0,,,,,31.0,9.0,0.2903225806451613,1
2026-06-19,P006,81.0,329.0,794363.0,198608.0,,,,,443.0,17.0,0.0383747178329571,1
2026-06-19,P007,15.0,2.0,65714.0,382244.0,,,,,63.0,12.0,0.1904761904761904,1
2026-06-19,P008,1.0,1.0,5129.0,137303.0,,,,,676.0,297.0,0.4393491124260355,1
2026-06-19,P009,165.0,69.0,2326594.0,955533.0,,,,,87.0,3.0,0.0344827586206896,1
2026-06-19,P010,0.0,0.0,0.0,0.0,,,,,87.0,78.0,0.896551724137931,1
2026-06-19,P011,41.0,2.0,227802.0,4847445.0,,,,,,,,1
2026-06-26,P001,316.0,279.0,2828319.0,895222.0,,,,,77.0,15.0,0.1948051948051948,1
2026-06-26,P002,0.0,1.0,0.0,0.0,,,,,1050.0,453.0,0.4314285714285714,1
2026-06-26,P003,5.0,0.0,122368.0,21650.0,,,,,374.0,24.0,0.0641711229946524,1
2026-06-26,P004,515.0,352.0,3145100.0,2063004.0,,,,,1055.0,56.0,0.0530805687203791,1
2026-06-26,P005,84.0,37.0,195677.0,2588687.0,,,,,31.0,9.0,0.2903225806451613,1
2026-06-26,P006,74.0,290.0,942173.0,107464.0,,,,,443.0,17.0,0.0383747178329571,1
2026-06-26,P007,15.0,5.0,107742.0,475081.0,,,,,63.0,12.0,0.1904761904761904,1
2026-06-26,P008,0.0,0.0,0.0,0.0,,,,,676.0,297.0,0.4393491124260355,1
2026-06-26,P009,182.0,70.0,1237155.0,898473.0,,,,,87.0,3.0,0.0344827586206896,1
2026-06-26,P010,2.0,0.0,0.0,72839.0,,,,,87.0,78.0,0.896551724137931,1
2026-06-26,P011,46.0,7.0,255432.0,4583901.0,,,,,,,,1
