week_ending_friday,chokepoint,gfw_total_hours,gfw_total_vessels,gfw_cargo_hours,gfw_bunker_hours,gfw_other_hours,gfw_other_share,gfw_total_hours_mom_pct,gfw_mean_presence_hours_per_vessel,pw_n_tanker,pw_n_total,pw_capacity_tanker,pw_capacity,pw_tanker_share,pw_tanker_cap_share,pw_avg_tanker_size,pw_n_tanker_wow_pct,pw_capacity_tanker_4w_ma,sar_detections_total,sar_detections_dark,sar_dark_share
2019-01-04,hormuz,69217.0,2293.0,19799.0,536.0,45408.0,0.6560238,-29.621044,30.186218,,,,,,,,,,,,
2019-01-11,hormuz,69217.0,2293.0,19799.0,536.0,45408.0,0.6560238,-29.621044,30.186218,168.0,261.0,7920645.0,10446144.0,0.6436782,0.7582362,47146.695,,7920645.0,,,
2019-01-18,hormuz,69217.0,2293.0,19799.0,536.0,45408.0,0.6560238,-29.621044,30.186218,261.0,437.0,9883514.0,14901179.0,0.597254,0.6632706,37867.87,55.357143,8902080.0,,,
2019-01-25,hormuz,69217.0,2293.0,19799.0,536.0,45408.0,0.6560238,-29.621044,30.186218,243.0,408.0,12647587.0,17046464.0,0.5955882,0.74194777,52047.684,-6.8965516,10150582.0,,,
2019-02-01,hormuz,57062.0,2347.0,16782.0,424.0,36513.0,0.6398829,-17.560715,24.31274,269.0,420.0,11233121.0,15269826.0,0.64047617,0.7356417,41758.812,10.699589,10421217.0,,,
2019-02-08,hormuz,57062.0,2347.0,16782.0,424.0,36513.0,0.6398829,-17.560715,24.31274,278.0,450.0,14515404.0,19588896.0,0.61777776,0.74100167,52213.684,3.3457248,12069906.0,,,
2019-02-15,hormuz,57062.0,2347.0,16782.0,424.0,36513.0,0.6398829,-17.560715,24.31274,246.0,413.0,9263260.0,13301189.0,0.5956417,0.6964235,37655.527,-11.510792,11914843.0,,,
2019-02-22,hormuz,57062.0,2347.0,16782.0,424.0,36513.0,0.6398829,-17.560715,24.31274,258.0,420.0,9548166.0,14484630.0,0.6142857,0.659193,37008.395,4.878049,11139988.0,,,
2019-03-01,hormuz,54582.0,2304.0,15626.0,326.0,35891.0,0.6575611,-4.34615,23.690104,296.0,501.0,10512293.0,15694994.0,0.59081835,0.6697864,35514.504,14.7286825,10959781.0,1432.0,966.0,0.674581
2019-03-08,hormuz,54582.0,2304.0,15626.0,326.0,35891.0,0.6575611,-4.34615,23.690104,293.0,488.0,12770307.0,18042102.0,0.60040987,0.70780593,43584.664,-1.0135136,10523506.0,1432.0,966.0,0.674581
2019-03-15,hormuz,54582.0,2304.0,15626.0,326.0,35891.0,0.6575611,-4.34615,23.690104,310.0,491.0,10333776.0,15328604.0,0.6313646,0.6741499,33334.76,5.8020477,10791136.0,1432.0,966.0,0.674581
2019-03-22,hormuz,54582.0,2304.0,15626.0,326.0,35891.0,0.6575611,-4.34615,23.690104,261.0,426.0,12565512.0,17113890.0,0.6126761,0.73422885,48143.723,-15.806452,11545472.0,1432.0,966.0,0.674581
2019-03-29,hormuz,41588.0,2212.0,11143.0,279.0,28100.0,0.6756757,-23.806383,18.801085,298.0,476.0,11017538.0,15915164.0,0.6260504,0.6922667,36971.605,14.176245,11671783.0,1024.0,742.0,0.7246094
2019-04-05,hormuz,41588.0,2212.0,11143.0,279.0,28100.0,0.6756757,-23.806383,18.801085,269.0,461.0,10026011.0,15432407.0,0.5835141,0.6496725,37271.418,-9.731544,10985709.0,1024.0,742.0,0.7246094
2019-04-12,hormuz,41588.0,2212.0,11143.0,279.0,28100.0,0.6756757,-23.806383,18.801085,311.0,512.0,13022514.0,18316020.0,0.6074219,0.7109904,41873.035,15.613383,11657894.0,1024.0,742.0,0.7246094
2019-04-19,hormuz,41588.0,2212.0,11143.0,279.0,28100.0,0.6756757,-23.806383,18.801085,326.0,513.0,12652523.0,17908078.0,0.6354776,0.70652604,38811.42,4.823151,11679646.0,1024.0,742.0,0.7246094
2019-04-26,hormuz,41588.0,2212.0,11143.0,279.0,28100.0,0.6756757,-23.806383,18.801085,342.0,559.0,15908929.0,22062340.0,0.6118068,0.7210898,46517.336,4.9079757,12902494.0,1024.0,742.0,0.7246094
2019-05-03,hormuz,58904.0,2484.0,16101.0,488.0,39970.0,0.67856175,41.637012,23.713366,312.0,537.0,15119312.0,22180164.0,0.5810056,0.6816592,48459.332,-8.77193,14175820.0,1617.0,1088.0,0.67285097
2019-05-10,hormuz,58904.0,2484.0,16101.0,488.0,39970.0,0.67856175,41.637012,23.713366,367.0,626.0,18381582.0,25392772.0,0.586262,0.7238903,50086.055,17.628204,15515586.0,1617.0,1088.0,0.67285097
2019-05-17,hormuz,58904.0,2484.0,16101.0,488.0,39970.0,0.67856175,41.637012,23.713366,365.0,613.0,18856222.0,25872896.0,0.5954323,0.72880214,51660.883,-0.5449591,17066512.0,1617.0,1088.0,0.67285097
2019-05-24,hormuz,58904.0,2484.0,16101.0,488.0,39970.0,0.67856175,41.637012,23.713366,363.0,588.0,18986044.0,25021460.0,0.61734694,0.7587904,52303.152,-0.5479452,17835790.0,1617.0,1088.0,0.67285097
2019-05-31,hormuz,75234.0,2500.0,23518.0,380.0,47879.0,0.6364011,27.723074,30.0936,341.0,541.0,18378624.0,23613836.0,0.63031423,0.778299,53896.254,-6.060606,18650618.0,1370.0,816.0,0.59562045
2019-06-07,hormuz,75234.0,2500.0,23518.0,380.0,47879.0,0.6364011,27.723074,30.0936,374.0,613.0,17503826.0,25235228.0,0.6101142,0.69362664,46801.67,9.67742,18431178.0,1370.0,816.0,0.59562045
2019-06-14,hormuz,75234.0,2500.0,23518.0,380.0,47879.0,0.6364011,27.723074,30.0936,374.0,617.0,19113112.0,26639196.0,0.60615885,0.71748084,51104.58,0.0,18495402.0,1370.0,816.0,0.59562045
2019-06-21,hormuz,75234.0,2500.0,23518.0,380.0,47879.0,0.6364011,27.723074,30.0936,340.0,572.0,17723304.0,23154728.0,0.5944056,0.7654292,52127.367,-9.090909,18179716.0,1370.0,816.0,0.59562045
2019-06-28,hormuz,114836.0,2660.0,35844.0,564.0,72877.0,0.63461804,52.638435,43.17143,348.0,555.0,18672908.0,25824728.0,0.62702703,0.7230631,53657.78,2.3529413,18253288.0,1552.0,801.0,0.5161083
2019-07-05,hormuz,114836.0,2660.0,35844.0,564.0,72877.0,0.63461804,52.638435,43.17143,382.0,608.0,18472524.0,25557878.0,0.62828946,0.7227722,48357.39,9.770115,18495462.0,1552.0,801.0,0.5161083
2019-07-12,hormuz,114836.0,2660.0,35844.0,564.0,72877.0,0.63461804,52.638435,43.17143,385.0,644.0,19755936.0,27208296.0,0.59782606,0.7260998,51314.12,0.7853403,18656168.0,1552.0,801.0,0.5161083
2019-07-19,hormuz,114836.0,2660.0,35844.0,564.0,72877.0,0.63461804,52.638435,43.17143,358.0,622.0,16081919.0,22105148.0,0.5755627,0.72751915,44921.562,-7.012987,18245822.0,1552.0,801.0,0.5161083
2019-07-26,hormuz,114836.0,2660.0,35844.0,564.0,72877.0,0.63461804,52.638435,43.17143,335.0,571.0,15851015.0,22290880.0,0.58669,0.7110986,47316.46,-6.424581,17540348.0,1552.0,801.0,0.5161083
2019-08-02,hormuz,127206.0,2517.0,43172.0,582.0,75728.0,0.59531784,10.771883,50.53874,343.0,566.0,18801118.0,25034518.0,0.60600704,0.7510078,54813.754,2.3880596,17622498.0,1303.0,680.0,0.5218726
2019-08-09,hormuz,127206.0,2517.0,43172.0,582.0,75728.0,0.59531784,10.771883,50.53874,336.0,566.0,16014407.0,22585516.0,0.59363955,0.7090565,47661.926,-2.0408163,16687115.0,1303.0,680.0,0.5218726
2019-08-16,hormuz,127206.0,2517.0,43172.0,582.0,75728.0,0.59531784,10.771883,50.53874,378.0,620.0,17871428.0,24250106.0,0.60967743,0.73696285,47278.906,12.5,17134492.0,1303.0,680.0,0.5218726
2019-08-23,hormuz,127206.0,2517.0,43172.0,582.0,75728.0,0.59531784,10.771883,50.53874,335.0,541.0,18394776.0,24724480.0,0.61922365,0.74399036,54909.777,-11.375662,17770432.0,1303.0,680.0,0.5218726
2019-08-30,hormuz,103877.0,2501.0,35489.0,677.0,62366.0,0.60038316,-18.339544,41.534187,351.0,558.0,17886528.0,23962004.0,0.62903225,0.7464538,50958.77,4.776119,17541784.0,1202.0,618.0,0.5141431
2019-09-06,hormuz,103877.0,2501.0,35489.0,677.0,62366.0,0.60038316,-18.339544,41.534187,365.0,599.0,18580924.0,25263328.0,0.6093489,0.73548996,50906.637,3.988604,18183414.0,1202.0,618.0,0.5141431
2019-09-13,hormuz,103877.0,2501.0,35489.0,677.0,62366.0,0.60038316,-18.339544,41.534187,328.0,557.0,19498234.0,26307156.0,0.5888689,0.74117607,59445.836,-10.136987,18590116.0,1202.0,618.0,0.5141431
2019-09-20,hormuz,103877.0,2501.0,35489.0,677.0,62366.0,0.60038316,-18.339544,41.534187,328.0,547.0,16152429.0,22044592.0,0.59963435,0.7327162,49245.21,0.0,18029528.0,1202.0,618.0,0.5141431
2019-09-27,hormuz,103877.0,2501.0,35489.0,677.0,62366.0,0.60038316,-18.339544,41.534187,361.0,592.0,17091506.0,23253090.0,0.6097973,0.7350209,47344.89,10.060976,17830772.0,1202.0,618.0,0.5141431
2019-10-04,hormuz,85556.0,2391.0,27185.0,747.0,53087.0,0.6204942,-17.637205,35.782516,326.0,544.0,16428035.0,22022856.0,0.5992647,0.74595386,50392.746,-9.695291,17292552.0,1004.0,588.0,0.58565736
2019-10-11,hormuz,85556.0,2391.0,27185.0,747.0,53087.0,0.6204942,-17.637205,35.782516,341.0,543.0,16543026.0,22374256.0,0.62799263,0.7393777,48513.273,4.601227,16553749.0,1004.0,588.0,0.58565736
2019-10-18,hormuz,85556.0,2391.0,27185.0,747.0,53087.0,0.6204942,-17.637205,35.782516,317.0,505.0,15651271.0,20663316.0,0.6277228,0.75744236,49373.094,-7.038123,16428460.0,1004.0,588.0,0.58565736
2019-10-25,hormuz,85556.0,2391.0,27185.0,747.0,53087.0,0.6204942,-17.637205,35.782516,347.0,567.0,19085500.0,24598604.0,0.61199296,0.7758773,55001.438,9.463722,16926958.0,1004.0,588.0,0.58565736
2019-11-01,hormuz,113547.0,2434.0,38907.0,481.0,68122.0,0.5999454,32.716583,46.65037,336.0,563.0,16214549.0,21763672.0,0.59680283,0.7450282,48257.586,-3.170029,16873586.0,1116.0,523.0,0.468638
2019-11-08,hormuz,113547.0,2434.0,38907.0,481.0,68122.0,0.5999454,32.716583,46.65037,328.0,528.0,17562368.0,23449160.0,0.6212121,0.7489551,53543.8,-2.3809524,17128422.0,1116.0,523.0,0.468638
2019-11-15,hormuz,113547.0,2434.0,38907.0,481.0,68122.0,0.5999454,32.716583,46.65037,293.0,488.0,15449228.0,21335064.0,0.60040987,0.7241238,52727.742,-10.670732,17077910.0,1116.0,523.0,0.468638
2019-11-22,hormuz,113547.0,2434.0,38907.0,481.0,68122.0,0.5999454,32.716583,46.65037,278.0,435.0,10719037.0,15722368.0,0.63908046,0.6817699,38557.688,-5.119454,14986295.0,1116.0,523.0,0.468638
2019-11-29,hormuz,95785.0,2388.0,32783.0,540.0,56723.0,0.59219086,-15.642861,40.110973,231.0,392.0,7216350.0,11739823.0,0.58928573,0.6146898,31239.611,-16.906475,12736746.0,1655.0,942.0,0.5691843
2019-12-06,hormuz,95785.0,2388.0,32783.0,540.0,56723.0,0.59219086,-15.642861,40.110973,280.0,437.0,8474047.0,12496544.0,0.6407323,0.67811126,30264.453,21.212122,10464666.0,1655.0,942.0,0.5691843
2019-12-13,hormuz,95785.0,2388.0,32783.0,540.0,56723.0,0.59219086,-15.642861,40.110973,249.0,398.0,8857967.0,12739677.0,0.6256281,0.69530547,35574.164,-11.071428,8816850.0,1655.0,942.0,0.5691843
2019-12-20,hormuz,95785.0,2388.0,32783.0,540.0,56723.0,0.59219086,-15.642861,40.110973,270.0,415.0,10610211.0,15035389.0,0.6506024,0.7056825,39297.08,8.433735,8789644.0,1655.0,942.0,0.5691843
2019-12-27,hormuz,95785.0,2388.0,32783.0,540.0,56723.0,0.59219086,-15.642861,40.110973,281.0,443.0,10783005.0,14594450.0,0.6343115,0.73884284,38373.684,4.0740743,9681308.0,1655.0,942.0,0.5691843
2020-01-03,hormuz,39973.0,2224.0,12831.0,302.0,24509.0,0.61313885,-58.267998,17.97347,287.0,485.0,8587662.0,14378363.0,0.5917526,0.59726286,29922.168,2.1352313,9709711.0,1432.0,1111.0,0.775838
2020-01-10,hormuz,39973.0,2224.0,12831.0,302.0,24509.0,0.61313885,-58.267998,17.97347,305.0,494.0,14183766.0,19234832.0,0.61740893,0.73740005,46504.152,6.271777,11041161.0,1432.0,1111.0,0.775838
2020-01-17,hormuz,39973.0,2224.0,12831.0,302.0,24509.0,0.61313885,-58.267998,17.97347,268.0,448.0,8339521.0,13490292.0,0.59821427,0.61818683,31117.615,-12.131147,10473488.0,1432.0,1111.0,0.775838
2020-01-24,hormuz,39973.0,2224.0,12831.0,302.0,24509.0,0.61313885,-58.267998,17.97347,261.0,463.0,6092439.0,11410366.0,0.5637149,0.53393894,23342.678,-2.6119404,9300847.0,1432.0,1111.0,0.775838
2020-01-31,hormuz,42159.0,2305.0,10907.0,320.0,28217.0,0.66929954,5.4686913,18.29024,285.0,476.0,10375668.0,15766785.0,0.5987395,0.6580713,36405.85,9.195402,9747848.0,1391.0,1079.0,0.7757009
2020-02-07,hormuz,42159.0,2305.0,10907.0,320.0,28217.0,0.66929954,5.4686913,18.29024,281.0,470.0,10263379.0,15914899.0,0.5978723,0.64489126,36524.48,-1.4035088,8767752.0,1391.0,1079.0,0.7757009
2020-02-14,hormuz,42159.0,2305.0,10907.0,320.0,28217.0,0.66929954,5.4686913,18.29024,296.0,469.0,12605315.0,17841952.0,0.63113004,0.7064986,42585.523,5.3380785,9834200.0,1391.0,1079.0,0.7757009
2020-02-21,hormuz,42159.0,2305.0,10907.0,320.0,28217.0,0.66929954,5.4686913,18.29024,258.0,424.0,10208444.0,14885038.0,0.6084906,0.68581915,39567.613,-12.837838,10863202.0,1391.0,1079.0,0.7757009
2020-02-28,hormuz,45355.0,2286.0,12348.0,476.0,29674.0,0.6542608,7.580825,19.840332,299.0,516.0,14888177.0,20280332.0,0.57945734,0.73411894,49793.234,15.891473,11991329.0,1571.0,1142.0,0.72692555
2020-03-06,hormuz,45355.0,2286.0,12348.0,476.0,29674.0,0.6542608,7.580825,19.840332,280.0,456.0,14196840.0,18850972.0,0.61403507,0.75310916,50703.0,-6.354515,12974694.0,1571.0,1142.0,0.72692555
2020-03-13,hormuz,45355.0,2286.0,12348.0,476.0,29674.0,0.6542608,7.580825,19.840332,295.0,475.0,15628358.0,20103868.0,0.6210526,0.7773807,52977.484,5.357143,13730455.0,1571.0,1142.0,0.72692555
2020-03-20,hormuz,45355.0,2286.0,12348.0,476.0,29674.0,0.6542608,7.580825,19.840332,294.0,452.0,16500334.0,20840028.0,0.6504425,0.7917616,56123.586,-0.33898306,15303427.0,1571.0,1142.0,0.72692555
2020-03-27,hormuz,45355.0,2286.0,12348.0,476.0,29674.0,0.6542608,7.580825,19.840332,276.0,458.0,13004218.0,17912252.0,0.60262007,0.72599566,47116.73,-6.122449,14832438.0,1571.0,1142.0,0.72692555
2020-04-03,hormuz,66598.0,2401.0,20489.0,511.0,41902.0,0.62917805,46.837173,27.73761,270.0,441.0,10025228.0,15435529.0,0.6122449,0.6494904,37130.473,-2.173913,13789534.0,1378.0,874.0,0.63425255
2020-04-10,hormuz,66598.0,2401.0,20489.0,511.0,41902.0,0.62917805,46.837173,27.73761,303.0,494.0,16775703.0,22268866.0,0.61336035,0.7533254,55365.355,12.222222,14076371.0,1378.0,874.0,0.63425255
2020-04-17,hormuz,66598.0,2401.0,20489.0,511.0,41902.0,0.62917805,46.837173,27.73761,343.0,575.0,19377460.0,25625932.0,0.59652174,0.7561661,56494.055,13.20132,14795652.0,1378.0,874.0,0.63425255
2020-04-24,hormuz,66598.0,2401.0,20489.0,511.0,41902.0,0.62917805,46.837173,27.73761,313.0,496.0,17667060.0,23508530.0,0.6310484,0.75151694,56444.277,-8.746356,15961363.0,1378.0,874.0,0.63425255
2020-05-01,hormuz,77983.0,2433.0,25259.0,517.0,48762.0,0.62529016,17.095108,32.0522,336.0,521.0,18239754.0,23939096.0,0.6449136,0.7619233,54284.98,7.3482428,18014994.0,1473.0,838.0,0.56890696
2020-05-08,hormuz,77983.0,2433.0,25259.0,517.0,48762.0,0.62529016,17.095108,32.0522,320.0,526.0,18212184.0,22879788.0,0.608365,0.79599446,56913.08,-4.7619047,18374114.0,1473.0,838.0,0.56890696
2020-05-15,hormuz,77983.0,2433.0,25259.0,517.0,48762.0,0.62529016,17.095108,32.0522,353.0,570.0,20163734.0,26801072.0,0.6192982,0.75234807,57121.06,10.3125,18570684.0,1473.0,838.0,0.56890696
2020-05-22,hormuz,77983.0,2433.0,25259.0,517.0,48762.0,0.62529016,17.095108,32.0522,359.0,590.0,18024394.0,24520628.0,0.60847455,0.7350707,50207.227,1.6997167,18660016.0,1473.0,838.0,0.56890696
2020-05-29,hormuz,99277.0,2390.0,32343.0,669.0,61561.0,0.6200933,27.305952,41.538494,342.0,556.0,20010724.0,26346056.0,0.6151079,0.75953394,58510.89,-4.735376,19102760.0,1197.0,601.0,0.50208855
2020-06-05,hormuz,99277.0,2390.0,32343.0,669.0,61561.0,0.6200933,27.305952,41.538494,327.0,533.0,15040220.0,20919196.0,0.61350846,0.7189674,45994.555,-4.385965,18309768.0,1197.0,601.0,0.50208855
2020-06-12,hormuz,99277.0,2390.0,32343.0,669.0,61561.0,0.6200933,27.305952,41.538494,352.0,586.0,18879484.0,25520064.0,0.6006826,0.7397899,53634.902,7.64526,17988706.0,1197.0,601.0,0.50208855
2020-06-19,hormuz,99277.0,2390.0,32343.0,669.0,61561.0,0.6200933,27.305952,41.538494,344.0,557.0,17713068.0,23405836.0,0.61759424,0.75678,51491.477,-2.2727273,17910874.0,1197.0,601.0,0.50208855
2020-06-26,hormuz,99277.0,2390.0,32343.0,669.0,61561.0,0.6200933,27.305952,41.538494,354.0,596.0,17210700.0,23871976.0,0.59395975,0.7209584,48617.8,2.9069767,17210868.0,1197.0,601.0,0.50208855
2020-07-03,hormuz,124484.0,2423.0,42919.0,919.0,73502.0,0.5904534,25.390574,51.37598,398.0,612.0,18433494.0,24230232.0,0.6503268,0.7607642,46315.312,12.4293785,18059188.0,1440.0,647.0,0.44930556
2020-07-10,hormuz,124484.0,2423.0,42919.0,919.0,73502.0,0.5904534,25.390574,51.37598,341.0,572.0,13726060.0,20605988.0,0.59615386,0.66611993,40252.375,-14.321608,16770831.0,1440.0,647.0,0.44930556
2020-07-17,hormuz,124484.0,2423.0,42919.0,919.0,73502.0,0.5904534,25.390574,51.37598,348.0,568.0,17982912.0,24262204.0,0.6126761,0.7411904,51675.035,2.0527859,16838292.0,1440.0,647.0,0.44930556
2020-07-24,hormuz,124484.0,2423.0,42919.0,919.0,73502.0,0.5904534,25.390574,51.37598,368.0,568.0,19287484.0,24759398.0,0.64788735,0.77899647,52411.64,5.7471266,17357488.0,1440.0,647.0,0.44930556
2020-07-31,hormuz,126435.0,2446.0,42769.0,1104.0,72601.0,0.574216,1.5672697,51.690514,354.0,563.0,15748888.0,21240764.0,0.6287744,0.74144644,44488.383,-3.8043478,16686336.0,1415.0,695.0,0.49116609
2020-08-07,hormuz,126435.0,2446.0,42769.0,1104.0,72601.0,0.574216,1.5672697,51.690514,398.0,622.0,17790002.0,23918252.0,0.63987136,0.7437836,44698.496,12.4293785,17702322.0,1415.0,695.0,0.49116609
2020-08-14,hormuz,126435.0,2446.0,42769.0,1104.0,72601.0,0.574216,1.5672697,51.690514,395.0,628.0,20495454.0,27232996.0,0.6289809,0.7525963,51887.227,-0.75376886,18330456.0,1415.0,695.0,0.49116609
2020-08-21,hormuz,126435.0,2446.0,42769.0,1104.0,72601.0,0.574216,1.5672697,51.690514,388.0,604.0,16655718.0,23141456.0,0.6423841,0.71973515,42927.11,-1.772152,17672516.0,1415.0,695.0,0.49116609
2020-08-28,hormuz,92120.0,2452.0,26996.0,892.0,59201.0,0.6426509,-27.140429,37.569332,377.0,617.0,18061888.0,24771928.0,0.61102104,0.7291272,47909.516,-2.8350515,18250766.0,1182.0,646.0,0.5465313
2020-09-04,hormuz,92120.0,2452.0,26996.0,892.0,59201.0,0.6426509,-27.140429,37.569332,331.0,530.0,15306488.0,21779862.0,0.6245283,0.7027817,46243.168,-12.2015915,17629886.0,1182.0,646.0,0.5465313
2020-09-11,hormuz,92120.0,2452.0,26996.0,892.0,59201.0,0.6426509,-27.140429,37.569332,346.0,587.0,17147192.0,24358812.0,0.58943784,0.70394206,49558.355,4.531722,16792820.0,1182.0,646.0,0.5465313
2020-09-18,hormuz,92120.0,2452.0,26996.0,892.0,59201.0,0.6426509,-27.140429,37.569332,366.0,619.0,15543214.0,22951628.0,0.5912762,0.6772162,42467.797,5.780347,16514695.0,1182.0,646.0,0.5465313
2020-09-25,hormuz,92120.0,2452.0,26996.0,892.0,59201.0,0.6426509,-27.140429,37.569332,366.0,607.0,17878896.0,23749390.0,0.6029654,0.7528149,48849.44,0.0,16468947.0,1182.0,646.0,0.5465313
2020-10-02,hormuz,93943.0,2367.0,28145.0,876.0,60359.0,0.6425066,1.9789405,39.688637,381.0,667.0,16709798.0,24521624.0,0.5712144,0.6814312,43857.74,4.0983605,16819774.0,1324.0,720.0,0.5438067
2020-10-09,hormuz,93943.0,2367.0,28145.0,876.0,60359.0,0.6425066,1.9789405,39.688637,355.0,629.0,15779794.0,23594144.0,0.5643879,0.66880125,44450.125,-6.8241467,16477925.0,1324.0,720.0,0.5438067
2020-10-16,hormuz,93943.0,2367.0,28145.0,876.0,60359.0,0.6425066,1.9789405,39.688637,412.0,666.0,19312860.0,26269628.0,0.6186186,0.7351783,46875.875,16.056337,17420336.0,1324.0,720.0,0.5438067
2020-10-23,hormuz,93943.0,2367.0,28145.0,876.0,60359.0,0.6425066,1.9789405,39.688637,332.0,549.0,14220288.0,20482848.0,0.6047359,0.69425344,42832.19,-19.417477,16505685.0,1324.0,720.0,0.5438067
2020-10-30,hormuz,113918.0,2430.0,34013.0,707.0,73503.0,0.64522725,21.262894,46.879837,371.0,615.0,17330790.0,24653668.0,0.60325205,0.70297,46713.72,11.746988,16660933.0,1165.0,514.0,0.44120172
2020-11-06,hormuz,113918.0,2430.0,34013.0,707.0,73503.0,0.64522725,21.262894,46.879837,379.0,622.0,14796040.0,21336080.0,0.60932475,0.6934751,39039.684,2.1563342,16414995.0,1165.0,514.0,0.44120172
2020-11-13,hormuz,113918.0,2430.0,34013.0,707.0,73503.0,0.64522725,21.262894,46.879837,349.0,592.0,18407204.0,25062500.0,0.589527,0.734452,52742.703,-7.9155674,16188580.0,1165.0,514.0,0.44120172
2020-11-20,hormuz,113918.0,2430.0,34013.0,707.0,73503.0,0.64522725,21.262894,46.879837,349.0,545.0,16118786.0,21970854.0,0.640367,0.733644,46185.633,0.0,16663205.0,1165.0,514.0,0.44120172
2020-11-27,hormuz,113918.0,2430.0,34013.0,707.0,73503.0,0.64522725,21.262894,46.879837,266.0,447.0,7680632.0,13050277.0,0.5950783,0.5885417,28874.557,-23.782234,14250666.0,1165.0,514.0,0.44120172
2020-12-04,hormuz,130631.0,2598.0,36710.0,828.0,88238.0,0.6754752,14.67108,50.281372,284.0,466.0,8540018.0,14541409.0,0.60944206,0.5872896,30070.486,6.766917,12686660.0,1715.0,898.0,0.5236152
2020-12-11,hormuz,130631.0,2598.0,36710.0,828.0,88238.0,0.6754752,14.67108,50.281372,335.0,527.0,12670896.0,18437688.0,0.63567364,0.687228,37823.57,17.957747,11252583.0,1715.0,898.0,0.5236152
2020-12-18,hormuz,130631.0,2598.0,36710.0,828.0,88238.0,0.6754752,14.67108,50.281372,285.0,444.0,12063474.0,16931204.0,0.6418919,0.71249944,42327.98,-14.925373,10238755.0,1715.0,898.0,0.5236152
2020-12-25,hormuz,130631.0,2598.0,36710.0,828.0,88238.0,0.6754752,14.67108,50.281372,270.0,447.0,8452309.0,13539912.0,0.60402685,0.6242514,31304.848,-5.263158,10431674.0,1715.0,898.0,0.5236152
2021-01-01,hormuz,82994.0,2447.0,23067.0,509.0,56290.0,0.6782418,-36.466843,33.916634,283.0,464.0,11083060.0,15669673.0,0.60991377,0.7072936,39162.758,4.814815,11067435.0,1632.0,990.0,0.6066176
2021-01-08,hormuz,82994.0,2447.0,23067.0,509.0,56290.0,0.6782418,-36.466843,33.916634,308.0,486.0,8720835.0,13442285.0,0.63374484,0.64876133,28314.398,8.833922,10079920.0,1632.0,990.0,0.6066176
2021-01-15,hormuz,82994.0,2447.0,23067.0,509.0,56290.0,0.6782418,-36.466843,33.916634,311.0,495.0,10971571.0,15396083.0,0.62828285,0.7126209,35278.363,0.97402596,9806944.0,1632.0,990.0,0.6066176
2021-01-22,hormuz,82994.0,2447.0,23067.0,509.0,56290.0,0.6782418,-36.466843,33.916634,294.0,475.0,9125337.0,13742329.0,0.6189474,0.6640313,31038.56,-5.466238,9975201.0,1632.0,990.0,0.6066176
2021-01-29,hormuz,70238.0,2371.0,18436.0,633.0,48370.0,0.68865854,-15.369785,29.623787,347.0,586.0,17765172.0,24288678.0,0.59215015,0.7314178,51196.457,18.02721,11645728.0,1323.0,872.0,0.6591081
2021-02-05,hormuz,70238.0,2371.0,18436.0,633.0,48370.0,0.68865854,-15.369785,29.623787,332.0,513.0,15053517.0,19634736.0,0.64717346,0.7666778,45341.918,-4.322767,13228899.0,1323.0,872.0,0.6591081
2021-02-12,hormuz,70238.0,2371.0,18436.0,633.0,48370.0,0.68865854,-15.369785,29.623787,326.0,530.0,15961910.0,21737882.0,0.61509436,0.73429,48962.914,-1.8072289,14476484.0,1323.0,872.0,0.6591081
2021-02-19,hormuz,70238.0,2371.0,18436.0,633.0,48370.0,0.68865854,-15.369785,29.623787,328.0,512.0,16054856.0,21126264.0,0.640625,0.7599477,48947.73,0.61349696,16208864.0,1323.0,872.0,0.6591081
2021-02-26,hormuz,70238.0,2371.0,18436.0,633.0,48370.0,0.68865854,-15.369785,29.623787,345.0,569.0,16692814.0,23158178.0,0.6063269,0.72081727,48384.97,5.1829267,15940774.0,1323.0,872.0,0.6591081
2021-03-05,hormuz,87043.0,2428.0,23455.0,940.0,59774.0,0.68671805,23.925795,35.84967,297.0,482.0,12761350.0,18242064.0,0.61618257,0.6995563,42967.508,-13.913043,15367732.0,1486.0,862.0,0.58008075
2021-03-12,hormuz,87043.0,2428.0,23455.0,940.0,59774.0,0.68671805,23.925795,35.84967,297.0,498.0,11909736.0,18153504.0,0.59638554,0.6560571,40100.12,0.0,14354689.0,1486.0,862.0,0.58008075
2021-03-19,hormuz,87043.0,2428.0,23455.0,940.0,59774.0,0.68671805,23.925795,35.84967,316.0,511.0,15703369.0,21294548.0,0.6183953,0.7374361,49694.207,6.3973064,14266817.0,1486.0,862.0,0.58008075
2021-03-26,hormuz,87043.0,2428.0,23455.0,940.0,59774.0,0.68671805,23.925795,35.84967,326.0,531.0,15834760.0,21851276.0,0.61393595,0.72466063,48572.883,3.164557,14052304.0,1486.0,862.0,0.58008075
2021-04-02,hormuz,102334.0,2368.0,27329.0,734.0,70929.0,0.69311273,17.567179,43.21537,325.0,540.0,15402428.0,21146668.0,0.6018519,0.7283619,47392.086,-0.30674848,14712573.0,1352.0,717.0,0.5303255
2021-04-09,hormuz,102334.0,2368.0,27329.0,734.0,70929.0,0.69311273,17.567179,43.21537,368.0,609.0,14949929.0,22023588.0,0.60426927,0.6788144,40624.81,13.230769,15472622.0,1352.0,717.0,0.5303255
2021-04-16,hormuz,102334.0,2368.0,27329.0,734.0,70929.0,0.69311273,17.567179,43.21537,416.0,660.0,19861032.0,26873270.0,0.630303,0.7390627,47742.867,13.043478,16512037.0,1352.0,717.0,0.5303255
2021-04-23,hormuz,102334.0,2368.0,27329.0,734.0,70929.0,0.69311273,17.567179,43.21537,346.0,567.0,15942105.0,22658652.0,0.61022925,0.703577,46075.45,-16.826923,16538874.0,1352.0,717.0,0.5303255
2021-04-30,hormuz,122580.0,2659.0,34854.0,922.0,82508.0,0.6730951,19.784235,46.100037,395.0,666.0,20526400.0,28534412.0,0.5930931,0.71935594,51965.566,14.16185,17819866.0,1618.0,736.0,0.45488256
2021-05-07,hormuz,122580.0,2659.0,34854.0,922.0,82508.0,0.6730951,19.784235,46.100037,328.0,566.0,16323586.0,22833724.0,0.5795053,0.71488935,49767.03,-16.962025,18163280.0,1618.0,736.0,0.45488256
2021-05-14,hormuz,122580.0,2659.0,34854.0,922.0,82508.0,0.6730951,19.784235,46.100037,352.0,564.0,17415284.0,23199474.0,0.6241135,0.7506758,49475.24,7.3170733,17551844.0,1618.0,736.0,0.45488256
2021-05-21,hormuz,122580.0,2659.0,34854.0,922.0,82508.0,0.6730951,19.784235,46.100037,403.0,655.0,19804824.0,27171594.0,0.61526716,0.72887975,49143.49,14.488636,18517524.0,1618.0,736.0,0.45488256
2021-05-28,hormuz,136991.0,2653.0,39298.0,947.0,90535.0,0.66088283,11.756404,51.63626,338.0,559.0,18022902.0,24554790.0,0.60465115,0.7339872,53322.195,-16.129032,17891650.0,1337.0,594.0,0.44427824
2021-06-04,hormuz,136991.0,2653.0,39298.0,947.0,90535.0,0.66088283,11.756404,51.63626,367.0,587.0,16403468.0,23249754.0,0.62521297,0.70553297,44696.098,8.579882,17911620.0,1337.0,594.0,0.44427824
2021-06-11,hormuz,136991.0,2653.0,39298.0,947.0,90535.0,0.66088283,11.756404,51.63626,410.0,654.0,19072104.0,27011756.0,0.62691134,0.7060668,46517.33,11.716621,18325824.0,1337.0,594.0,0.44427824
2021-06-18,hormuz,136991.0,2653.0,39298.0,947.0,90535.0,0.66088283,11.756404,51.63626,383.0,637.0,19346944.0,27253492.0,0.6012559,0.70988864,50514.215,-6.585366,18211356.0,1337.0,594.0,0.44427824
2021-06-25,hormuz,136991.0,2653.0,39298.0,947.0,90535.0,0.66088283,11.756404,51.63626,394.0,643.0,19361324.0,26980932.0,0.61275274,0.7175929,49140.418,2.8720627,18545960.0,1337.0,594.0,0.44427824
2021-07-02,hormuz,137756.0,2596.0,37413.0,951.0,92573.0,0.672007,0.55843085,53.064716,402.0,643.0,19096560.0,26645314.0,0.62519443,0.7166949,47503.883,2.0304568,19219234.0,1508.0,746.0,0.49469495
2021-07-09,hormuz,137756.0,2596.0,37413.0,951.0,92573.0,0.672007,0.55843085,53.064716,385.0,616.0,18577500.0,25509668.0,0.625,0.72825325,48253.246,-4.2288556,19095582.0,1508.0,746.0,0.49469495
2021-07-16,hormuz,137756.0,2596.0,37413.0,951.0,92573.0,0.672007,0.55843085,53.064716,373.0,627.0,19350108.0,26917640.0,0.5948963,0.71886355,51876.97,-3.116883,19096374.0,1508.0,746.0,0.49469495
2021-07-23,hormuz,137756.0,2596.0,37413.0,951.0,92573.0,0.672007,0.55843085,53.064716,365.0,574.0,17150400.0,23030094.0,0.6358885,0.7446951,46987.395,-2.144772,18543642.0,1508.0,746.0,0.49469495
2021-07-30,hormuz,157295.0,2649.0,39986.0,1368.0,105071.0,0.6679869,14.183774,59.37901,410.0,614.0,18915360.0,24196308.0,0.66775244,0.7817457,46135.023,12.328767,18498342.0,1452.0,620.0,0.42699724
2021-08-06,hormuz,157295.0,2649.0,39986.0,1368.0,105071.0,0.6679869,14.183774,59.37901,389.0,625.0,18758650.0,26637762.0,0.6224,0.70421267,48222.75,-5.121951,18543630.0,1452.0,620.0,0.42699724
2021-08-13,hormuz,157295.0,2649.0,39986.0,1368.0,105071.0,0.6679869,14.183774,59.37901,398.0,635.0,19192148.0,25666016.0,0.6267716,0.747765,48221.477,2.3136246,18504140.0,1452.0,620.0,0.42699724
2021-08-20,hormuz,157295.0,2649.0,39986.0,1368.0,105071.0,0.6679869,14.183774,59.37901,359.0,597.0,18445120.0,25640462.0,0.60134006,0.71937543,51379.16,-9.798995,18827820.0,1452.0,620.0,0.42699724
2021-08-27,hormuz,157295.0,2649.0,39986.0,1368.0,105071.0,0.6679869,14.183774,59.37901,333.0,528.0,17191236.0,22599392.0,0.6306818,0.7606946,51625.332,-7.2423396,18396788.0,1452.0,620.0,0.42699724
2021-09-03,hormuz,130748.0,2581.0,33017.0,1153.0,91476.0,0.6996359,-16.877205,50.657883,386.0,629.0,18871920.0,25878912.0,0.6136725,0.7292392,48890.98,15.9159155,18425106.0,1382.0,590.0,0.42691752
2021-09-10,hormuz,130748.0,2581.0,33017.0,1153.0,91476.0,0.6996359,-16.877205,50.657883,372.0,619.0,17693792.0,25247784.0,0.6009693,0.7008057,47563.953,-3.626943,18050516.0,1382.0,590.0,0.42691752
2021-09-17,hormuz,130748.0,2581.0,33017.0,1153.0,91476.0,0.6996359,-16.877205,50.657883,373.0,583.0,19580156.0,26205374.0,0.6397942,0.747181,52493.72,0.26881722,18334276.0,1382.0,590.0,0.42691752
2021-09-24,hormuz,130748.0,2581.0,33017.0,1153.0,91476.0,0.6996359,-16.877205,50.657883,377.0,620.0,17999360.0,25374368.0,0.60806453,0.7093521,47743.66,1.072386,18536306.0,1382.0,590.0,0.42691752
2021-10-01,hormuz,150639.0,2520.0,39969.0,1615.0,104180.0,0.69158715,15.213235,59.77738,394.0,627.0,18944940.0,25743044.0,0.6283892,0.7359247,48083.605,4.509284,18554562.0,1290.0,553.0,0.42868218
2021-10-08,hormuz,150639.0,2520.0,39969.0,1615.0,104180.0,0.69158715,15.213235,59.77738,405.0,661.0,18013852.0,25877208.0,0.61270803,0.69612813,44478.65,2.7918782,18634578.0,1290.0,553.0,0.42868218
2021-10-15,hormuz,150639.0,2520.0,39969.0,1615.0,104180.0,0.69158715,15.213235,59.77738,388.0,620.0,20326306.0,26988504.0,0.62580645,0.75314677,52387.387,-4.1975307,18821114.0,1290.0,553.0,0.42868218
2021-10-22,hormuz,150639.0,2520.0,39969.0,1615.0,104180.0,0.69158715,15.213235,59.77738,375.0,602.0,19086216.0,24475820.0,0.6229236,0.77979875,50896.574,-3.3505154,19092828.0,1290.0,553.0,0.42868218
2021-10-29,hormuz,159641.0,2578.0,46499.0,1486.0,106060.0,0.66436565,5.9758763,61.92436,382.0,601.0,19095710.0,25158482.0,0.6356073,0.75901675,49988.77,1.8666667,19130520.0,1372.0,571.0,0.41618076
2021-11-05,hormuz,159641.0,2578.0,46499.0,1486.0,106060.0,0.66436565,5.9758763,61.92436,328.0,550.0,18065812.0,23917874.0,0.59636366,0.75532687,55078.7,-14.136126,19143512.0,1372.0,571.0,0.41618076
2021-11-12,hormuz,159641.0,2578.0,46499.0,1486.0,106060.0,0.66436565,5.9758763,61.92436,380.0,601.0,18136408.0,25124112.0,0.6322795,0.72187257,47727.39,15.853659,18596036.0,1372.0,571.0,0.41618076
2021-11-19,hormuz,159641.0,2578.0,46499.0,1486.0,106060.0,0.66436565,5.9758763,61.92436,330.0,548.0,16561942.0,22871508.0,0.6021898,0.72412986,50187.703,-13.157895,17964968.0,1372.0,571.0,0.41618076
2021-11-26,hormuz,159641.0,2578.0,46499.0,1486.0,106060.0,0.66436565,5.9758763,61.92436,373.0,609.0,18098884.0,24693958.0,0.61247945,0.7329277,48522.48,13.030303,17715762.0,1372.0,571.0,0.41618076
2021-12-03,hormuz,143469.0,2636.0,41156.0,1120.0,96223.0,0.67068845,-10.13023,54.426785,421.0,687.0,20644448.0,28180292.0,0.6128093,0.7325846,49036.69,12.868632,18360420.0,1756.0,847.0,0.48234624
2021-12-10,hormuz,143469.0,2636.0,41156.0,1120.0,96223.0,0.67068845,-10.13023,54.426785,382.0,628.0,21362996.0,28267730.0,0.60828024,0.75573796,55924.074,-9.263658,19167068.0,1756.0,847.0,0.48234624
2021-12-17,hormuz,143469.0,2636.0,41156.0,1120.0,96223.0,0.67068845,-10.13023,54.426785,398.0,616.0,18882400.0,25427508.0,0.6461039,0.74259734,47443.215,4.188482,19747182.0,1756.0,847.0,0.48234624
2021-12-24,hormuz,143469.0,2636.0,41156.0,1120.0,96223.0,0.67068845,-10.13023,54.426785,380.0,601.0,19475424.0,26414252.0,0.6322795,0.7373074,51251.113,-4.522613,20091316.0,1756.0,847.0,0.48234624
2021-12-31,hormuz,107201.0,2575.0,30427.0,889.0,71599.0,0.6678949,-25.27933,41.631454,396.0,637.0,19150688.0,26146376.0,0.62166405,0.7324414,48360.324,4.2105265,19717878.0,1622.0,887.0,0.54685575
2022-01-07,hormuz,107201.0,2575.0,30427.0,889.0,71599.0,0.6678949,-25.27933,41.631454,384.0,620.0,19187564.0,26183690.0,0.61935484,0.73280597,49967.613,-3.030303,19174020.0,1622.0,887.0,0.54685575
2022-01-14,hormuz,107201.0,2575.0,30427.0,889.0,71599.0,0.6678949,-25.27933,41.631454,356.0,563.0,20069490.0,26474252.0,0.63232684,0.75807583,56374.973,-7.2916665,19470792.0,1622.0,887.0,0.54685575
2022-01-21,hormuz,107201.0,2575.0,30427.0,889.0,71599.0,0.6678949,-25.27933,41.631454,395.0,626.0,20193820.0,27195316.0,0.6309904,0.74254775,51123.598,10.955056,19650392.0,1622.0,887.0,0.54685575
2022-01-28,hormuz,214357.0,2763.0,56652.0,2525.0,133798.0,0.624183,99.95802,77.58125,384.0,595.0,19743894.0,26312348.0,0.6453782,0.7503661,51416.39,-2.78481,19798692.0,1691.0,698.0,0.41277352
2022-02-04,hormuz,214357.0,2763.0,56652.0,2525.0,133798.0,0.624183,99.95802,77.58125,393.0,627.0,20003236.0,26840240.0,0.6267943,0.7452704,50898.82,2.34375,20002610.0,1691.0,698.0,0.41277352
2022-02-11,hormuz,214357.0,2763.0,56652.0,2525.0,133798.0,0.624183,99.95802,77.58125,420.0,682.0,19992860.0,28083864.0,0.6158358,0.7118985,47602.05,6.8702292,19983454.0,1691.0,698.0,0.41277352
2022-02-18,hormuz,214357.0,2763.0,56652.0,2525.0,133798.0,0.624183,99.95802,77.58125,406.0,674.0,21262076.0,28511428.0,0.6023739,0.7457387,52369.645,-3.3333333,20250516.0,1691.0,698.0,0.41277352
2022-02-25,hormuz,214357.0,2763.0,56652.0,2525.0,133798.0,0.624183,99.95802,77.58125,397.0,658.0,20088976.0,27790596.0,0.6033435,0.72286963,50601.957,-2.2167487,20336788.0,1691.0,698.0,0.41277352
2022-03-04,hormuz,206685.0,2762.0,61189.0,1580.0,128175.0,0.6201466,-3.579076,74.83164,439.0,687.0,20730918.0,28039284.0,0.6390102,0.73935264,47223.047,10.579345,20518708.0,1390.0,570.0,0.41007194
2022-03-11,hormuz,206685.0,2762.0,61189.0,1580.0,128175.0,0.6201466,-3.579076,74.83164,415.0,651.0,21218452.0,27820648.0,0.6374808,0.76268715,51128.797,-5.4669704,20825106.0,1390.0,570.0,0.41007194
2022-03-18,hormuz,206685.0,2762.0,61189.0,1580.0,128175.0,0.6201466,-3.579076,74.83164,413.0,670.0,21531848.0,29384094.0,0.6164179,0.7327722,52135.223,-0.48192772,20892548.0,1390.0,570.0,0.41007194
2022-03-25,hormuz,206685.0,2762.0,61189.0,1580.0,128175.0,0.6201466,-3.579076,74.83164,395.0,662.0,19787116.0,26934820.0,0.59667677,0.7346296,50093.965,-4.3583536,20817084.0,1390.0,570.0,0.41007194
2022-04-01,hormuz,187030.0,2826.0,57009.0,1534.0,114397.0,0.6116505,-9.509641,66.181885,451.0,723.0,22679162.0,31144428.0,0.6237898,0.7281933,50286.39,14.177216,21304144.0,1287.0,550.0,0.42735043
2022-04-08,hormuz,187030.0,2826.0,57009.0,1534.0,114397.0,0.6116505,-9.509641,66.181885,398.0,643.0,19624668.0,26488974.0,0.61897355,0.7408618,49308.21,-11.751663,20905698.0,1287.0,550.0,0.42735043
2022-04-15,hormuz,187030.0,2826.0,57009.0,1534.0,114397.0,0.6116505,-9.509641,66.181885,455.0,722.0,22626272.0,29698348.0,0.6301939,0.7618698,49728.074,14.321608,21179304.0,1287.0,550.0,0.42735043
2022-04-22,hormuz,187030.0,2826.0,57009.0,1534.0,114397.0,0.6116505,-9.509641,66.181885,435.0,706.0,21897048.0,29859244.0,0.6161473,0.73334235,50338.043,-4.3956046,21706788.0,1287.0,550.0,0.42735043
2022-04-29,hormuz,234154.0,2989.0,64948.0,2790.0,139327.0,0.5950229,25.195957,78.33858,427.0,685.0,22616996.0,29269546.0,0.62335765,0.7727143,52967.207,-1.8390805,21691246.0,1686.0,675.0,0.40035588
2022-05-06,hormuz,234154.0,2989.0,64948.0,2790.0,139327.0,0.5950229,25.195957,78.33858,444.0,724.0,22271304.0,29985972.0,0.6132597,0.7427242,50160.598,3.9812646,22352906.0,1686.0,675.0,0.40035588
2022-05-13,hormuz,234154.0,2989.0,64948.0,2790.0,139327.0,0.5950229,25.195957,78.33858,425.0,686.0,18922660.0,26675624.0,0.61953354,0.70936143,44523.902,-4.279279,21427002.0,1686.0,675.0,0.40035588
2022-05-20,hormuz,234154.0,2989.0,64948.0,2790.0,139327.0,0.5950229,25.195957,78.33858,402.0,669.0,21519306.0,28945504.0,0.60089684,0.7434421,53530.613,-5.4117646,21332566.0,1686.0,675.0,0.40035588
2022-05-27,hormuz,234154.0,2989.0,64948.0,2790.0,139327.0,0.5950229,25.195957,78.33858,404.0,656.0,17772276.0,24127026.0,0.61585367,0.73661286,43990.785,0.49751243,20121386.0,1686.0,675.0,0.40035588
2022-06-03,hormuz,225028.0,2954.0,57520.0,2084.0,131077.0,0.58249193,-3.897435,76.17738,423.0,651.0,21251408.0,27443312.0,0.6497696,0.77437466,50239.734,4.7029705,19866412.0,1401.0,584.0,0.4168451
2022-06-10,hormuz,225028.0,2954.0,57520.0,2084.0,131077.0,0.58249193,-3.897435,76.17738,452.0,706.0,20811096.0,27999578.0,0.6402266,0.7432646,46042.246,6.855792,20338522.0,1401.0,584.0,0.4168451
2022-06-17,hormuz,225028.0,2954.0,57520.0,2084.0,131077.0,0.58249193,-3.897435,76.17738,440.0,700.0,20381548.0,28059370.0,0.62857145,0.7263723,46321.703,-2.6548672,20054082.0,1401.0,584.0,0.4168451
2022-06-24,hormuz,225028.0,2954.0,57520.0,2084.0,131077.0,0.58249193,-3.897435,76.17738,429.0,675.0,22569150.0,29640932.0,0.63555557,0.76141834,52608.742,-2.5,21253300.0,1401.0,584.0,0.4168451
2022-07-01,hormuz,219824.0,2939.0,56831.0,2297.0,130932.0,0.59562194,-2.312601,74.79551,412.0,673.0,21051260.0,27898852.0,0.6121842,0.7545565,51095.29,-3.962704,21203264.0,1160.0,534.0,0.46034482
2022-07-08,hormuz,219824.0,2939.0,56831.0,2297.0,130932.0,0.59562194,-2.312601,74.79551,441.0,706.0,20466508.0,27720912.0,0.6246459,0.73830575,46409.316,7.038835,21117116.0,1160.0,534.0,0.46034482
2022-07-15,hormuz,219824.0,2939.0,56831.0,2297.0,130932.0,0.59562194,-2.312601,74.79551,430.0,666.0,24573856.0,30114640.0,0.6456456,0.8160103,57148.504,-2.4943311,22165194.0,1160.0,534.0,0.46034482
2022-07-22,hormuz,219824.0,2939.0,56831.0,2297.0,130932.0,0.59562194,-2.312601,74.79551,422.0,658.0,21741308.0,28780690.0,0.6413374,0.75541306,51519.69,-1.8604652,21958234.0,1160.0,534.0,0.46034482
2022-07-29,hormuz,225767.0,2913.0,55103.0,2854.0,138057.0,0.6115021,2.7035265,77.50326,428.0,656.0,21601224.0,28562596.0,0.652439,0.75627667,50470.152,1.421801,22095724.0,1741.0,766.0,0.43997702
2022-08-05,hormuz,225767.0,2913.0,55103.0,2854.0,138057.0,0.6115021,2.7035265,77.50326,417.0,658.0,18912408.0,25907564.0,0.6337386,0.7299956,45353.496,-2.5700934,21707200.0,1741.0,766.0,0.43997702
2022-08-12,hormuz,225767.0,2913.0,55103.0,2854.0,138057.0,0.6115021,2.7035265,77.50326,413.0,700.0,20172560.0,28144648.0,0.59,0.71674585,48843.973,-0.9592326,20606876.0,1741.0,766.0,0.43997702
2022-08-19,hormuz,225767.0,2913.0,55103.0,2854.0,138057.0,0.6115021,2.7035265,77.50326,434.0,684.0,20894104.0,28169158.0,0.63450295,0.7417369,48143.094,5.084746,20395074.0,1741.0,766.0,0.43997702
2022-08-26,hormuz,225767.0,2913.0,55103.0,2854.0,138057.0,0.6115021,2.7035265,77.50326,444.0,729.0,21209324.0,29657834.0,0.6090535,0.71513397,47768.746,2.3041475,20297098.0,1741.0,766.0,0.43997702
2022-09-02,hormuz,209329.0,2731.0,53710.0,2222.0,134492.0,0.642491,-7.2809577,76.649216,423.0,693.0,20979200.0,28371334.0,0.6103896,0.7394506,49596.215,-4.7297297,20813796.0,1420.0,571.0,0.40211266
2022-09-09,hormuz,209329.0,2731.0,53710.0,2222.0,134492.0,0.642491,-7.2809577,76.649216,450.0,747.0,24156660.0,32460836.0,0.60240966,0.7441786,53681.465,6.382979,21809822.0,1420.0,571.0,0.40211266
2022-09-16,hormuz,209329.0,2731.0,53710.0,2222.0,134492.0,0.642491,-7.2809577,76.649216,400.0,672.0,23182560.0,31221152.0,0.5952381,0.74252737,57956.4,-11.111111,22381936.0,1420.0,571.0,0.40211266
2022-09-23,hormuz,209329.0,2731.0,53710.0,2222.0,134492.0,0.642491,-7.2809577,76.649216,463.0,738.0,21235704.0,28848388.0,0.62737125,0.73611414,45865.453,15.75,22388532.0,1420.0,571.0,0.40211266
2022-09-30,hormuz,208563.0,2808.0,57488.0,2953.0,126500.0,0.6065314,-0.36593115,74.274574,413.0,655.0,19888988.0,26578748.0,0.63053435,0.7483041,48157.35,-10.799136,22115978.0,1220.0,511.0,0.41885245
2022-10-07,hormuz,208563.0,2808.0,57488.0,2953.0,126500.0,0.6065314,-0.36593115,74.274574,439.0,721.0,19769948.0,27622410.0,0.6088766,0.71572137,45034.05,6.2953997,21019300.0,1220.0,511.0,0.41885245
2022-10-14,hormuz,208563.0,2808.0,57488.0,2953.0,126500.0,0.6065314,-0.36593115,74.274574,415.0,665.0,22548198.0,29707396.0,0.62406015,0.7590096,54333.008,-5.4669704,20860710.0,1220.0,511.0,0.41885245
2022-10-21,hormuz,208563.0,2808.0,57488.0,2953.0,126500.0,0.6065314,-0.36593115,74.274574,416.0,698.0,18169044.0,25879704.0,0.5959885,0.70205766,43675.59,0.24096386,20094044.0,1220.0,511.0,0.41885245
2022-10-28,hormuz,199271.0,2861.0,54092.0,3100.0,126079.0,0.6327012,-4.4552484,69.65082,424.0,692.0,20734180.0,28276160.0,0.61271673,0.73327416,48901.367,1.9230769,20305342.0,1470.0,634.0,0.4312925
2022-11-04,hormuz,199271.0,2861.0,54092.0,3100.0,126079.0,0.6327012,-4.4552484,69.65082,476.0,759.0,21925080.0,28935146.0,0.627141,0.7577318,46061.094,12.264151,20844126.0,1470.0,634.0,0.4312925
2022-11-11,hormuz,199271.0,2861.0,54092.0,3100.0,126079.0,0.6327012,-4.4552484,69.65082,396.0,640.0,21991192.0,28665732.0,0.61875,0.7671596,55533.312,-16.806723,20704874.0,1470.0,634.0,0.4312925
2022-11-18,hormuz,199271.0,2861.0,54092.0,3100.0,126079.0,0.6327012,-4.4552484,69.65082,410.0,669.0,21250620.0,28157160.0,0.612855,0.7547146,51830.78,3.5353534,21475268.0,1470.0,634.0,0.4312925
2022-11-25,hormuz,199271.0,2861.0,54092.0,3100.0,126079.0,0.6327012,-4.4552484,69.65082,367.0,623.0,19661608.0,26589314.0,0.58908504,0.7394552,53573.86,-10.487804,21207124.0,1470.0,634.0,0.4312925
2022-12-02,hormuz,205766.0,2976.0,50052.0,2222.0,132661.0,0.6447178,3.2593803,69.1418,378.0,604.0,16196506.0,23106132.0,0.6258278,0.7009614,42847.9,2.997275,19774980.0,1422.0,625.0,0.4395218
2022-12-09,hormuz,205766.0,2976.0,50052.0,2222.0,132661.0,0.6447178,3.2593803,69.1418,392.0,639.0,17948162.0,23960516.0,0.6134585,0.74907243,45786.13,3.7037036,18764224.0,1422.0,625.0,0.4395218
2022-12-16,hormuz,205766.0,2976.0,50052.0,2222.0,132661.0,0.6447178,3.2593803,69.1418,364.0,610.0,19407510.0,26596662.0,0.5967213,0.7296972,53317.336,-7.142857,18303446.0,1422.0,625.0,0.4395218
2022-12-23,hormuz,205766.0,2976.0,50052.0,2222.0,132661.0,0.6447178,3.2593803,69.1418,384.0,634.0,19515218.0,25940418.0,0.60567826,0.7523093,50820.88,5.4945054,18266848.0,1422.0,625.0,0.4395218
2022-12-30,hormuz,217127.0,3010.0,55778.0,2327.0,135494.0,0.6240311,5.5213203,72.135216,403.0,640.0,18136914.0,25157316.0,0.6296875,0.72094,45004.75,4.9479165,18751952.0,1726.0,780.0,0.45191193
2023-01-06,hormuz,217127.0,3010.0,55778.0,2327.0,135494.0,0.6240311,5.5213203,72.135216,391.0,630.0,18144942.0,25202122.0,0.6206349,0.7199768,46406.5,-2.9776676,18801146.0,1726.0,780.0,0.45191193
2023-01-13,hormuz,217127.0,3010.0,55778.0,2327.0,135494.0,0.6240311,5.5213203,72.135216,381.0,639.0,20662962.0,27964302.0,0.59624416,0.73890495,54233.496,-2.5575447,19115008.0,1726.0,780.0,0.45191193
2023-01-20,hormuz,217127.0,3010.0,55778.0,2327.0,135494.0,0.6240311,5.5213203,72.135216,350.0,599.0,17392324.0,23446290.0,0.5843072,0.7417942,49692.35,-8.136483,18584286.0,1726.0,780.0,0.45191193
2023-01-27,hormuz,217127.0,3010.0,55778.0,2327.0,135494.0,0.6240311,5.5213203,72.135216,372.0,621.0,19497484.0,26497818.0,0.59903383,0.7358147,52412.59,6.285714,18924428.0,1726.0,780.0,0.45191193
2023-02-03,hormuz,216950.0,3044.0,61811.0,2628.0,129745.0,0.598041,-0.08151911,71.271355,402.0,663.0,19798788.0,27021864.0,0.60633487,0.73269516,49250.72,8.064516,19337890.0,1531.0,707.0,0.46178967
2023-02-10,hormuz,216950.0,3044.0,61811.0,2628.0,129745.0,0.598041,-0.08151911,71.271355,414.0,665.0,19798620.0,26183982.0,0.6225564,0.75613487,47822.758,2.9850745,19121804.0,1531.0,707.0,0.46178967
2023-02-17,hormuz,216950.0,3044.0,61811.0,2628.0,129745.0,0.598041,-0.08151911,71.271355,386.0,637.0,20401520.0,27695910.0,0.60596544,0.7366257,52853.676,-6.763285,19874104.0,1531.0,707.0,0.46178967
2023-02-24,hormuz,216950.0,3044.0,61811.0,2628.0,129745.0,0.598041,-0.08151911,71.271355,407.0,686.0,19002528.0,25667920.0,0.59329444,0.7403222,46689.26,5.4404144,19750364.0,1531.0,707.0,0.46178967
2023-03-03,hormuz,227144.0,3011.0,68918.0,2671.0,135470.0,0.5964058,4.6987786,75.43806,389.0,674.0,18705748.0,26157200.0,0.57715136,0.71512806,48086.754,-4.4226046,19477104.0,1853.0,802.0,0.43281165
2023-03-10,hormuz,227144.0,3011.0,68918.0,2671.0,135470.0,0.5964058,4.6987786,75.43806,396.0,646.0,20382886.0,27605784.0,0.6130031,0.7383556,51471.934,1.7994858,19623170.0,1853.0,802.0,0.43281165
2023-03-17,hormuz,227144.0,3011.0,68918.0,2671.0,135470.0,0.5964058,4.6987786,75.43806,413.0,690.0,19964664.0,27860028.0,0.59855074,0.716606,48340.59,4.292929,19513956.0,1853.0,802.0,0.43281165
2023-03-24,hormuz,227144.0,3011.0,68918.0,2671.0,135470.0,0.5964058,4.6987786,75.43806,410.0,685.0,19930454.0,27344788.0,0.5985401,0.7288575,48610.863,-0.72639227,19745938.0,1853.0,802.0,0.43281165
2023-03-31,hormuz,202721.0,2890.0,55583.0,2222.0,123983.0,0.61159426,-10.75221,70.145676,394.0,648.0,18730200.0,26031088.0,0.6080247,0.7195319,47538.574,-3.902439,19752050.0,1295.0,649.0,0.5011583
2023-04-07,hormuz,202721.0,2890.0,55583.0,2222.0,123983.0,0.61159426,-10.75221,70.145676,425.0,690.0,18851732.0,26529672.0,0.615942,0.7105904,44357.016,7.8680205,19369262.0,1295.0,649.0,0.5011583
2023-04-14,hormuz,202721.0,2890.0,55583.0,2222.0,123983.0,0.61159426,-10.75221,70.145676,411.0,699.0,20825222.0,27983400.0,0.58798283,0.74419916,50669.64,-3.2941177,19584402.0,1295.0,649.0,0.5011583
2023-04-21,hormuz,202721.0,2890.0,55583.0,2222.0,123983.0,0.61159426,-10.75221,70.145676,467.0,769.0,23373072.0,30956264.0,0.60728216,0.75503534,50049.406,13.625304,20445056.0,1295.0,649.0,0.5011583
2023-04-28,hormuz,243234.0,3258.0,60925.0,3499.0,150129.0,0.61722046,19.98461,74.657455,427.0,709.0,21179234.0,28570218.0,0.6022567,0.7413046,49600.08,-8.5653105,21057316.0,1593.0,765.0,0.48022598
2023-05-05,hormuz,243234.0,3258.0,60925.0,3499.0,150129.0,0.61722046,19.98461,74.657455,419.0,697.0,19843102.0,27019360.0,0.6011478,0.73440313,47358.24,-1.8735363,21305158.0,1593.0,765.0,0.48022598
2023-05-12,hormuz,243234.0,3258.0,60925.0,3499.0,150129.0,0.61722046,19.98461,74.657455,428.0,702.0,20970484.0,28249940.0,0.6096866,0.7423196,48996.457,2.1479714,21341474.0,1593.0,765.0,0.48022598
2023-05-19,hormuz,243234.0,3258.0,60925.0,3499.0,150129.0,0.61722046,19.98461,74.657455,456.0,760.0,22909940.0,32088764.0,0.6,0.71395516,50241.094,6.542056,21225690.0,1593.0,765.0,0.48022598
2023-05-26,hormuz,243234.0,3258.0,60925.0,3499.0,150129.0,0.61722046,19.98461,74.657455,442.0,732.0,21950270.0,28621076.0,0.60382515,0.7669268,49661.246,-3.0701754,21418448.0,1593.0,765.0,0.48022598
2023-06-02,hormuz,226430.0,3069.0,62317.0,2834.0,137606.0,0.60771984,-6.9085736,73.77973,453.0,726.0,18767778.0,25570886.0,0.62396693,0.73395103,41429.973,2.4886878,21149618.0,1668.0,749.0,0.44904077
2023-06-09,hormuz,226430.0,3069.0,62317.0,2834.0,137606.0,0.60771984,-6.9085736,73.77973,449.0,754.0,20555552.0,28758540.0,0.5954907,0.7147634,45780.74,-0.8830022,21045884.0,1668.0,749.0,0.44904077
2023-06-16,hormuz,226430.0,3069.0,62317.0,2834.0,137606.0,0.60771984,-6.9085736,73.77973,441.0,752.0,23696044.0,32404538.0,0.58643615,0.7312569,53732.523,-1.7817372,21242410.0,1668.0,749.0,0.44904077
2023-06-23,hormuz,226430.0,3069.0,62317.0,2834.0,137606.0,0.60771984,-6.9085736,73.77973,411.0,697.0,24270570.0,32065276.0,0.58967,0.75691134,59052.48,-6.802721,21822486.0,1668.0,749.0,0.44904077
2023-06-30,hormuz,239005.0,3395.0,54396.0,2452.0,142910.0,0.5979373,5.5535927,70.39912,421.0,723.0,20129290.0,28352212.0,0.582296,0.7099725,47813.04,2.43309,22162864.0,1913.0,909.0,0.4751699
2023-07-07,hormuz,239005.0,3395.0,54396.0,2452.0,142910.0,0.5979373,5.5535927,70.39912,453.0,757.0,21496636.0,29937896.0,0.5984148,0.71804094,47453.94,7.6009502,22398134.0,1913.0,909.0,0.4751699
2023-07-14,hormuz,239005.0,3395.0,54396.0,2452.0,142910.0,0.5979373,5.5535927,70.39912,475.0,767.0,22844682.0,30498162.0,0.61929595,0.7490511,48094.066,4.856512,22185294.0,1913.0,909.0,0.4751699
2023-07-21,hormuz,239005.0,3395.0,54396.0,2452.0,142910.0,0.5979373,5.5535927,70.39912,438.0,702.0,21585438.0,29032880.0,0.62393165,0.74348253,49281.82,-7.7894735,21514012.0,1913.0,909.0,0.4751699
2023-07-28,hormuz,213085.0,3118.0,49925.0,2119.0,128017.0,0.60077906,-10.844961,68.34028,457.0,750.0,22514304.0,30254096.0,0.60933334,0.7441737,49265.434,4.3378997,22110264.0,1486.0,720.0,0.4845222
2023-08-04,hormuz,213085.0,3118.0,49925.0,2119.0,128017.0,0.60077906,-10.844961,68.34028,428.0,693.0,20585882.0,27909026.0,0.6176046,0.7376066,48097.855,-6.345733,21882576.0,1486.0,720.0,0.4845222
2023-08-11,hormuz,213085.0,3118.0,49925.0,2119.0,128017.0,0.60077906,-10.844961,68.34028,470.0,760.0,20506000.0,28156912.0,0.6184211,0.72827584,43629.785,9.813084,21297906.0,1486.0,720.0,0.4845222
2023-08-18,hormuz,213085.0,3118.0,49925.0,2119.0,128017.0,0.60077906,-10.844961,68.34028,430.0,729.0,20248896.0,27985510.0,0.5898491,0.72354925,47090.453,-8.510638,20963770.0,1486.0,720.0,0.4845222
2023-08-25,hormuz,213085.0,3118.0,49925.0,2119.0,128017.0,0.60077906,-10.844961,68.34028,440.0,740.0,20969968.0,28498872.0,0.5945946,0.73581743,47659.016,2.3255813,20577686.0,1486.0,720.0,0.4845222
2023-09-01,hormuz,210318.0,3122.0,48439.0,2730.0,137409.0,0.6533392,-1.2985429,67.36643,437.0,747.0,21343558.0,29888044.0,0.5850067,0.71411693,48841.094,-0.6818182,20767104.0,1848.0,864.0,0.46753246
2023-09-08,hormuz,210318.0,3122.0,48439.0,2730.0,137409.0,0.6533392,-1.2985429,67.36643,438.0,730.0,18795308.0,26541916.0,0.6,0.7081368,42911.66,0.22883295,20339432.0,1848.0,864.0,0.46753246
2023-09-15,hormuz,210318.0,3122.0,48439.0,2730.0,137409.0,0.6533392,-1.2985429,67.36643,435.0,722.0,21479982.0,28963096.0,0.60249305,0.7416328,49379.27,-0.6849315,20647204.0,1848.0,864.0,0.46753246
2023-09-22,hormuz,210318.0,3122.0,48439.0,2730.0,137409.0,0.6533392,-1.2985429,67.36643,432.0,726.0,20053112.0,28020512.0,0.59504133,0.71565837,46419.242,-0.6896552,20417990.0,1848.0,864.0,0.46753246
2023-09-29,hormuz,215118.0,3171.0,50740.0,2779.0,138519.0,0.643921,2.2822583,67.839165,446.0,721.0,19207412.0,27240164.0,0.6185853,0.7051136,43065.945,3.2407408,19883954.0,1748.0,847.0,0.48455378
2023-10-06,hormuz,215118.0,3171.0,50740.0,2779.0,138519.0,0.643921,2.2822583,67.839165,442.0,737.0,18864324.0,25954544.0,0.59972864,0.7268216,42679.465,-0.89686096,19901208.0,1748.0,847.0,0.48455378
2023-10-13,hormuz,215118.0,3171.0,50740.0,2779.0,138519.0,0.643921,2.2822583,67.839165,463.0,774.0,22285352.0,30340044.0,0.5981912,0.73451936,48132.508,4.751131,20102550.0,1748.0,847.0,0.48455378
2023-10-20,hormuz,215118.0,3171.0,50740.0,2779.0,138519.0,0.643921,2.2822583,67.839165,457.0,753.0,20561214.0,28318808.0,0.6069057,0.7260621,44991.715,-1.2958963,20229576.0,1748.0,847.0,0.48455378
2023-10-27,hormuz,215118.0,3171.0,50740.0,2779.0,138519.0,0.643921,2.2822583,67.839165,420.0,698.0,19987286.0,27276736.0,0.6017192,0.7327595,47588.777,-8.09628,20424544.0,1748.0,847.0,0.48455378
2023-11-03,hormuz,193540.0,3091.0,46877.0,2254.0,126178.0,0.6519479,-10.030774,62.61404,390.0,659.0,17277036.0,24557032.0,0.59180576,0.70354736,44300.09,-7.142857,20027722.0,1544.0,713.0,0.46178755
2023-11-10,hormuz,193540.0,3091.0,46877.0,2254.0,126178.0,0.6519479,-10.030774,62.61404,425.0,684.0,20030032.0,27643848.0,0.62134504,0.7245747,47129.49,8.974359,19463892.0,1544.0,713.0,0.46178755
2023-11-17,hormuz,193540.0,3091.0,46877.0,2254.0,126178.0,0.6519479,-10.030774,62.61404,303.0,532.0,14691575.0,20823472.0,0.56954885,0.7055295,48487.047,-28.705883,17996482.0,1544.0,713.0,0.46178755
2023-11-24,hormuz,193540.0,3091.0,46877.0,2254.0,126178.0,0.6519479,-10.030774,62.61404,395.0,655.0,17863560.0,24385122.0,0.60305345,0.73255986,45224.203,30.363037,17465552.0,1544.0,713.0,0.46178755
2023-12-01,hormuz,192201.0,3004.0,46250.0,2177.0,126575.0,0.6585554,-0.69184667,63.98169,378.0,637.0,14480596.0,22469336.0,0.5934066,0.6444603,38308.453,-4.3037972,16766441.0,999.0,480.0,0.4804805
2023-12-08,hormuz,192201.0,3004.0,46250.0,2177.0,126575.0,0.6585554,-0.69184667,63.98169,347.0,560.0,18663492.0,24464400.0,0.61964285,0.76288366,53785.277,-8.201058,16424806.0,999.0,480.0,0.4804805
2023-12-15,hormuz,192201.0,3004.0,46250.0,2177.0,126575.0,0.6585554,-0.69184667,63.98169,392.0,647.0,19441480.0,26781996.0,0.6058733,0.72591597,49595.61,12.9683,17612282.0,999.0,480.0,0.4804805
2023-12-22,hormuz,192201.0,3004.0,46250.0,2177.0,126575.0,0.6585554,-0.69184667,63.98169,388.0,645.0,19507814.0,27047068.0,0.6015504,0.7212543,50277.87,-1.0204082,18023344.0,999.0,480.0,0.4804805
2023-12-29,hormuz,169006.0,2960.0,42156.0,1441.0,107986.0,0.6389477,-12.068095,57.096622,393.0,643.0,18361704.0,25754718.0,0.61119753,0.7129452,46721.89,1.2886598,18993622.0,1505.0,679.0,0.4511628
2024-01-05,hormuz,169006.0,2960.0,42156.0,1441.0,107986.0,0.6389477,-12.068095,57.096622,403.0,653.0,17686396.0,24505768.0,0.6171516,0.72172374,43886.836,2.5445292,18749348.0,1505.0,679.0,0.4511628
2024-01-12,hormuz,169006.0,2960.0,42156.0,1441.0,107986.0,0.6389477,-12.068095,57.096622,370.0,605.0,19287376.0,25269224.0,0.61157024,0.76327527,52128.04,-8.188585,18710822.0,1505.0,679.0,0.4511628
2024-01-19,hormuz,169006.0,2960.0,42156.0,1441.0,107986.0,0.6389477,-12.068095,57.096622,373.0,598.0,18350266.0,24260272.0,0.6237458,0.7563916,49196.42,0.8108108,18421434.0,1505.0,679.0,0.4511628
2024-01-26,hormuz,169006.0,2960.0,42156.0,1441.0,107986.0,0.6389477,-12.068095,57.096622,402.0,644.0,19502692.0,25972386.0,0.6242236,0.75090104,48514.16,7.774799,18706682.0,1505.0,679.0,0.4511628
2024-02-02,hormuz,177847.0,3059.0,47874.0,1305.0,109789.0,0.61732274,5.2311754,58.138935,381.0,647.0,16741968.0,23786798.0,0.5888717,0.7038345,43942.17,-5.223881,18470576.0,1470.0,690.0,0.46938777
2024-02-09,hormuz,177847.0,3059.0,47874.0,1305.0,109789.0,0.61732274,5.2311754,58.138935,366.0,615.0,19986840.0,26921352.0,0.595122,0.7424159,54608.85,-3.937008,18645442.0,1470.0,690.0,0.46938777
2024-02-16,hormuz,177847.0,3059.0,47874.0,1305.0,109789.0,0.61732274,5.2311754,58.138935,361.0,628.0,14615109.0,21679612.0,0.5748408,0.67414075,40485.066,-1.3661202,17711652.0,1470.0,690.0,0.46938777
2024-02-23,hormuz,177847.0,3059.0,47874.0,1305.0,109789.0,0.61732274,5.2311754,58.138935,431.0,697.0,20846452.0,28501168.0,0.6183644,0.7314245,48367.64,19.390581,18047592.0,1470.0,690.0,0.46938777
2024-03-01,hormuz,161811.0,3122.0,39079.0,1901.0,104403.0,0.6452157,-9.016739,51.829277,358.0,605.0,19386180.0,25660570.0,0.59173554,0.7554851,54151.34,-16.937355,18708646.0,1565.0,730.0,0.46645367
2024-03-08,hormuz,161811.0,3122.0,39079.0,1901.0,104403.0,0.6452157,-9.016739,51.829277,378.0,648.0,17981864.0,25868836.0,0.5833333,0.69511694,47571.07,5.586592,18207402.0,1565.0,730.0,0.46645367
2024-03-15,hormuz,161811.0,3122.0,39079.0,1901.0,104403.0,0.6452157,-9.016739,51.829277,401.0,678.0,19505728.0,26964788.0,0.59144545,0.72337776,48642.715,6.0846562,19430056.0,1565.0,730.0,0.46645367
2024-03-22,hormuz,161811.0,3122.0,39079.0,1901.0,104403.0,0.6452157,-9.016739,51.829277,428.0,731.0,21520564.0,29391432.0,0.5854993,0.73220533,50281.688,6.733167,19598584.0,1565.0,730.0,0.46645367
2024-03-29,hormuz,150574.0,2974.0,39999.0,1543.0,94712.0,0.6290063,-6.944522,50.630127,454.0,778.0,22712724.0,32040078.0,0.58354753,0.7088848,50028.027,6.074766,20430220.0,1468.0,784.0,0.53405994
2024-04-05,hormuz,150574.0,2974.0,39999.0,1543.0,94712.0,0.6290063,-6.944522,50.630127,385.0,650.0,18069746.0,25572170.0,0.5923077,0.70661765,46934.406,-15.198237,20452190.0,1468.0,784.0,0.53405994
2024-04-12,hormuz,150574.0,2974.0,39999.0,1543.0,94712.0,0.6290063,-6.944522,50.630127,433.0,741.0,21659744.0,29907188.0,0.58434546,0.724232,50022.5,12.467532,20990694.0,1468.0,784.0,0.53405994
2024-04-19,hormuz,150574.0,2974.0,39999.0,1543.0,94712.0,0.6290063,-6.944522,50.630127,438.0,752.0,20488058.0,28663312.0,0.5824468,0.7147833,46776.387,1.1547344,20732568.0,1468.0,784.0,0.53405994
2024-04-26,hormuz,150574.0,2974.0,39999.0,1543.0,94712.0,0.6290063,-6.944522,50.630127,416.0,666.0,20583648.0,27220936.0,0.6246246,0.7561697,49479.92,-5.022831,20200298.0,1468.0,784.0,0.53405994
2024-05-03,hormuz,196508.0,3225.0,52349.0,2556.0,117178.0,0.59630144,30.50593,60.932713,416.0,704.0,20744370.0,28939346.0,0.59090906,0.7168223,49866.273,0.0,20868954.0,1766.0,874.0,0.49490374
2024-05-10,hormuz,196508.0,3225.0,52349.0,2556.0,117178.0,0.59630144,30.50593,60.932713,411.0,675.0,17716588.0,24886372.0,0.60888886,0.71189916,43106.055,-1.2019231,19883166.0,1766.0,874.0,0.49490374
2024-05-17,hormuz,196508.0,3225.0,52349.0,2556.0,117178.0,0.59630144,30.50593,60.932713,434.0,727.0,22364952.0,29832922.0,0.59697384,0.7496735,51532.145,5.596107,20352388.0,1766.0,874.0,0.49490374
2024-05-24,hormuz,196508.0,3225.0,52349.0,2556.0,117178.0,0.59630144,30.50593,60.932713,451.0,768.0,19905704.0,28077416.0,0.58723956,0.70895785,44136.816,3.9170506,20182904.0,1766.0,874.0,0.49490374
2024-05-31,hormuz,188559.0,3101.0,49802.0,2796.0,113217.0,0.60043275,-4.045128,60.80587,443.0,762.0,21545082.0,30443576.0,0.5813648,0.7077054,48634.496,-1.7738359,20383082.0,1631.0,810.0,0.49662784
2024-06-07,hormuz,188559.0,3101.0,49802.0,2796.0,113217.0,0.60043275,-4.045128,60.80587,440.0,745.0,19864778.0,27665038.0,0.590604,0.7180463,45147.223,-0.6772009,20920128.0,1631.0,810.0,0.49662784
2024-06-14,hormuz,188559.0,3101.0,49802.0,2796.0,113217.0,0.60043275,-4.045128,60.80587,443.0,754.0,21544722.0,30198394.0,0.5875332,0.71343935,48633.684,0.6818182,20715072.0,1631.0,810.0,0.49662784
2024-06-21,hormuz,188559.0,3101.0,49802.0,2796.0,113217.0,0.60043275,-4.045128,60.80587,446.0,759.0,19450988.0,27138870.0,0.5876153,0.71672064,43612.082,0.6772009,20601392.0,1631.0,810.0,0.49662784
2024-06-28,hormuz,251050.0,3538.0,53009.0,2922.0,140120.0,0.5581358,33.14135,70.95817,417.0,704.0,19233716.0,27173464.0,0.59232956,0.7078125,46124.02,-6.502242,20023552.0,1923.0,952.0,0.4950598
2024-07-05,hormuz,251050.0,3538.0,53009.0,2922.0,140120.0,0.5581358,33.14135,70.95817,434.0,731.0,18849490.0,26644436.0,0.59370726,0.7074456,43432.004,4.076739,19769728.0,1923.0,952.0,0.4950598
2024-07-12,hormuz,251050.0,3538.0,53009.0,2922.0,140120.0,0.5581358,33.14135,70.95817,424.0,730.0,17660792.0,26108764.0,0.58082193,0.6764315,41652.81,-2.3041475,18798746.0,1923.0,952.0,0.4950598
2024-07-19,hormuz,251050.0,3538.0,53009.0,2922.0,140120.0,0.5581358,33.14135,70.95817,452.0,759.0,21243144.0,29239294.0,0.59552044,0.7265272,46998.105,6.6037736,19246784.0,1923.0,952.0,0.4950598
2024-07-26,hormuz,251050.0,3538.0,53009.0,2922.0,140120.0,0.5581358,33.14135,70.95817,442.0,734.0,20741108.0,27755188.0,0.6021798,0.7472876,46925.582,-2.2123895,19623632.0,1923.0,952.0,0.4950598
2024-08-02,hormuz,233314.0,3122.0,57697.0,3270.0,137202.0,0.5880573,-7.0647283,74.73222,408.0,687.0,20101444.0,27724140.0,0.59388644,0.72505206,49268.246,-7.6923075,19936622.0,1793.0,841.0,0.4690463
2024-08-09,hormuz,233314.0,3122.0,57697.0,3270.0,137202.0,0.5880573,-7.0647283,74.73222,411.0,701.0,17577046.0,24963412.0,0.58630526,0.70411235,42766.535,0.7352941,19915686.0,1793.0,841.0,0.4690463
2024-08-16,hormuz,233314.0,3122.0,57697.0,3270.0,137202.0,0.5880573,-7.0647283,74.73222,421.0,694.0,19274564.0,26651932.0,0.60662824,0.72319573,45782.81,2.43309,19423540.0,1793.0,841.0,0.4690463
2024-08-23,hormuz,233314.0,3122.0,57697.0,3270.0,137202.0,0.5880573,-7.0647283,74.73222,397.0,674.0,19452128.0,27186968.0,0.5890208,0.7154946,48997.805,-5.7007127,19101296.0,1793.0,841.0,0.4690463
2024-08-30,hormuz,243706.0,3067.0,58458.0,2387.0,146203.0,0.59991544,4.4540834,79.46071,347.0,624.0,19023274.0,25923284.0,0.55608976,0.7338297,54822.117,-12.594459,18831752.0,1547.0,740.0,0.4783452
2024-09-06,hormuz,243706.0,3067.0,58458.0,2387.0,146203.0,0.59991544,4.4540834,79.46071,483.0,800.0,20175040.0,28729192.0,0.60375,0.70224875,41770.27,39.193085,19481252.0,1547.0,740.0,0.4783452
2024-09-13,hormuz,243706.0,3067.0,58458.0,2387.0,146203.0,0.59991544,4.4540834,79.46071,442.0,740.0,20011052.0,27478720.0,0.5972973,0.7282382,45273.875,-8.488613,19665374.0,1547.0,740.0,0.4783452
2024-09-20,hormuz,243706.0,3067.0,58458.0,2387.0,146203.0,0.59991544,4.4540834,79.46071,436.0,752.0,17092858.0,26736652.0,0.57978725,0.6393044,39203.805,-1.3574661,19075556.0,1547.0,740.0,0.4783452
2024-09-27,hormuz,243706.0,3067.0,58458.0,2387.0,146203.0,0.59991544,4.4540834,79.46071,432.0,757.0,19940434.0,27648118.0,0.5706737,0.7212221,46158.41,-0.9174312,19304846.0,1547.0,740.0,0.4783452
2024-10-04,hormuz,237570.0,3134.0,63761.0,2803.0,147497.0,0.620857,-2.517788,75.804085,434.0,771.0,20590742.0,29365068.0,0.5629053,0.7011985,47444.105,0.46296296,19408772.0,1931.0,904.0,0.4681512
2024-10-11,hormuz,237570.0,3134.0,63761.0,2803.0,147497.0,0.620857,-2.517788,75.804085,411.0,722.0,18322872.0,26643952.0,0.5692521,0.68769354,44581.2,-5.299539,18986726.0,1931.0,904.0,0.4681512
2024-10-18,hormuz,237570.0,3134.0,63761.0,2803.0,147497.0,0.620857,-2.517788,75.804085,426.0,735.0,20520964.0,28110696.0,0.5795918,0.73000556,48171.277,3.649635,19843754.0,1931.0,904.0,0.4681512
2024-10-25,hormuz,237570.0,3134.0,63761.0,2803.0,147497.0,0.620857,-2.517788,75.804085,437.0,737.0,19705526.0,26335952.0,0.5929444,0.7482367,45092.74,2.5821595,19785026.0,1931.0,904.0,0.4681512
2024-11-01,hormuz,234194.0,3134.0,61220.0,2228.0,145641.0,0.62188184,-1.4210548,74.72687,367.0,676.0,16891232.0,25357660.0,0.5428994,0.66611946,46025.152,-16.018307,18860148.0,2003.0,968.0,0.4832751
2024-11-08,hormuz,234194.0,3134.0,61220.0,2228.0,145641.0,0.62188184,-1.4210548,74.72687,356.0,655.0,14774443.0,22043218.0,0.54351145,0.6702489,41501.246,-2.997275,17973040.0,2003.0,968.0,0.4832751
2024-11-15,hormuz,234194.0,3134.0,61220.0,2228.0,145641.0,0.62188184,-1.4210548,74.72687,430.0,744.0,20960768.0,29091906.0,0.577957,0.7205017,48745.973,20.786516,18082992.0,2003.0,968.0,0.4832751
2024-11-22,hormuz,234194.0,3134.0,61220.0,2228.0,145641.0,0.62188184,-1.4210548,74.72687,379.0,667.0,18254644.0,24970304.0,0.5682159,0.73105407,48165.285,-11.860465,17720272.0,2003.0,968.0,0.4832751
2024-11-29,hormuz,233494.0,3303.0,56924.0,2481.0,148234.0,0.63485146,-0.2988975,70.69149,370.0,672.0,18890288.0,26741292.0,0.5505952,0.7064089,51054.832,-2.3746703,18220036.0,2002.0,1066.0,0.53246754
2024-12-06,hormuz,233494.0,3303.0,56924.0,2481.0,148234.0,0.63485146,-0.2988975,70.69149,344.0,586.0,15513242.0,22029556.0,0.5870307,0.70420134,45096.633,-7.027027,18404736.0,2002.0,1066.0,0.53246754
2024-12-13,hormuz,233494.0,3303.0,56924.0,2481.0,148234.0,0.63485146,-0.2988975,70.69149,313.0,571.0,15105651.0,21597854.0,0.54816115,0.6994052,48260.867,-9.011628,16940956.0,2002.0,1066.0,0.53246754
2024-12-20,hormuz,233494.0,3303.0,56924.0,2481.0,148234.0,0.63485146,-0.2988975,70.69149,360.0,632.0,19216354.0,26599788.0,0.56962025,0.7224251,53378.76,15.015974,17181384.0,2002.0,1066.0,0.53246754
2024-12-27,hormuz,233494.0,3303.0,56924.0,2481.0,148234.0,0.63485146,-0.2988975,70.69149,347.0,591.0,16130754.0,22270736.0,0.58714044,0.7243027,46486.324,-3.6111112,16491500.0,2002.0,1066.0,0.53246754
2025-01-03,hormuz,224625.0,3363.0,53025.0,1392.0,143380.0,0.6383083,-3.7983844,66.793045,274.0,516.0,13828993.0,20646208.0,0.53100777,0.6698079,50470.777,-21.037464,16070438.0,1833.0,936.0,0.5106383
2025-01-10,hormuz,224625.0,3363.0,53025.0,1392.0,143380.0,0.6383083,-3.7983844,66.793045,283.0,518.0,12991977.0,18827792.0,0.54633206,0.69004256,45908.047,3.2846715,15542020.0,1833.0,936.0,0.5106383
2025-01-17,hormuz,224625.0,3363.0,53025.0,1392.0,143380.0,0.6383083,-3.7983844,66.793045,266.0,493.0,12100196.0,18538280.0,0.53955376,0.6527141,45489.457,-6.007067,13762980.0,1833.0,936.0,0.5106383
2025-01-24,hormuz,224625.0,3363.0,53025.0,1392.0,143380.0,0.6383083,-3.7983844,66.793045,317.0,555.0,16464534.0,22649240.0,0.57117116,0.7269353,51938.594,19.172932,13846425.0,1833.0,936.0,0.5106383
2025-01-31,hormuz,235013.0,3435.0,57158.0,1502.0,147490.0,0.6275823,4.6245966,68.417175,299.0,525.0,15695258.0,21450216.0,0.5695238,0.7317063,52492.5,-5.6782336,14312991.0,2215.0,1179.0,0.5322799
2025-02-07,hormuz,235013.0,3435.0,57158.0,1502.0,147490.0,0.6275823,4.6245966,68.417175,332.0,585.0,15018607.0,21137818.0,0.5675214,0.7105089,45236.77,11.036789,14819649.0,2215.0,1179.0,0.5322799
2025-02-14,hormuz,235013.0,3435.0,57158.0,1502.0,147490.0,0.6275823,4.6245966,68.417175,306.0,527.0,14706375.0,21115468.0,0.58064514,0.696474,48060.05,-7.8313255,15471194.0,2215.0,1179.0,0.5322799
2025-02-21,hormuz,235013.0,3435.0,57158.0,1502.0,147490.0,0.6275823,4.6245966,68.417175,356.0,626.0,16773243.0,23432980.0,0.5686901,0.71579635,47115.85,16.339869,15548371.0,2215.0,1179.0,0.5322799
2025-02-28,hormuz,242530.0,3475.0,58320.0,1953.0,157756.0,0.65045977,3.1985464,69.79281,371.0,646.0,17476196.0,24359174.0,0.5743034,0.717438,47105.65,4.2134833,15993605.0,2009.0,991.0,0.49328023
2025-03-07,hormuz,242530.0,3475.0,58320.0,1953.0,157756.0,0.65045977,3.1985464,69.79281,321.0,554.0,12491258.0,18964056.0,0.57942235,0.65868074,38913.58,-13.477089,15361768.0,2009.0,991.0,0.49328023
2025-03-14,hormuz,242530.0,3475.0,58320.0,1953.0,157756.0,0.65045977,3.1985464,69.79281,371.0,628.0,17595564.0,24602208.0,0.59076434,0.71520257,47427.395,15.576324,16084065.0,2009.0,991.0,0.49328023
2025-03-21,hormuz,242530.0,3475.0,58320.0,1953.0,157756.0,0.65045977,3.1985464,69.79281,403.0,695.0,20697790.0,28957192.0,0.5798561,0.71477205,51359.28,8.625337,17065202.0,2009.0,991.0,0.49328023
2025-03-28,hormuz,227862.0,3345.0,53718.0,1490.0,148326.0,0.6509466,-6.0479116,68.12018,401.0,705.0,17817660.0,25498466.0,0.5687943,0.6987738,44433.066,-0.49627793,17150568.0,2202.0,1115.0,0.50635785
2025-04-04,hormuz,227862.0,3345.0,53718.0,1490.0,148326.0,0.6509466,-6.0479116,68.12018,326.0,590.0,15297662.0,23191270.0,0.5525424,0.6596302,46925.344,-18.703241,17852168.0,2202.0,1115.0,0.50635785
2025-04-11,hormuz,227862.0,3345.0,53718.0,1490.0,148326.0,0.6509466,-6.0479116,68.12018,461.0,775.0,21479284.0,29177496.0,0.59483874,0.73615927,46592.81,41.41104,18823100.0,2202.0,1115.0,0.50635785
2025-04-18,hormuz,227862.0,3345.0,53718.0,1490.0,148326.0,0.6509466,-6.0479116,68.12018,425.0,754.0,19634920.0,27338516.0,0.5636605,0.71821463,46199.812,-7.8091106,18557382.0,2202.0,1115.0,0.50635785
2025-04-25,hormuz,227862.0,3345.0,53718.0,1490.0,148326.0,0.6509466,-6.0479116,68.12018,381.0,668.0,17788764.0,25379480.0,0.5703593,0.70091134,46689.668,-10.3529415,18550158.0,2202.0,1115.0,0.50635785
2025-05-02,hormuz,251738.0,3717.0,56930.0,2500.0,166424.0,0.66110003,10.4782715,67.72612,425.0,755.0,17874984.0,26212960.0,0.5629139,0.681914,42058.79,11.548556,19194488.0,2035.0,1038.0,0.5100737
2025-05-09,hormuz,251738.0,3717.0,56930.0,2500.0,166424.0,0.66110003,10.4782715,67.72612,438.0,738.0,20062980.0,28137962.0,0.5934959,0.7130218,45805.895,3.0588236,18840412.0,2035.0,1038.0,0.5100737
2025-05-16,hormuz,251738.0,3717.0,56930.0,2500.0,166424.0,0.66110003,10.4782715,67.72612,395.0,699.0,17536088.0,25438908.0,0.565093,0.68934125,44395.16,-9.817351,18315704.0,2035.0,1038.0,0.5100737
2025-05-23,hormuz,251738.0,3717.0,56930.0,2500.0,166424.0,0.66110003,10.4782715,67.72612,452.0,772.0,20000332.0,28443992.0,0.58549225,0.7031478,44248.52,14.43038,18868596.0,2035.0,1038.0,0.5100737
2025-05-30,hormuz,282006.0,3630.0,63101.0,3429.0,171371.0,0.6076856,12.023612,77.68761,448.0,787.0,19488372.0,27638644.0,0.56925035,0.7051132,43500.832,-0.88495576,19271944.0,2266.0,1110.0,0.48984995
2025-06-06,hormuz,282006.0,3630.0,63101.0,3429.0,171371.0,0.6076856,12.023612,77.68761,414.0,749.0,19892824.0,28535794.0,0.552737,0.6971183,48050.297,-7.589286,19229404.0,2266.0,1110.0,0.48984995
2025-06-13,hormuz,282006.0,3630.0,63101.0,3429.0,171371.0,0.6076856,12.023612,77.68761,409.0,719.0,19383352.0,27415204.0,0.5688456,0.7070292,47392.055,-1.2077295,19691220.0,2266.0,1110.0,0.48984995
2025-06-20,hormuz,282006.0,3630.0,63101.0,3429.0,171371.0,0.6076856,12.023612,77.68761,437.0,792.0,21593770.0,30155252.0,0.55176765,0.71608657,49413.66,6.845966,20089580.0,2266.0,1110.0,0.48984995
2025-06-27,hormuz,282006.0,3630.0,63101.0,3429.0,171371.0,0.6076856,12.023612,77.68761,393.0,713.0,18981524.0,26698124.0,0.55119216,0.71096843,48299.043,-10.06865,19962868.0,2266.0,1110.0,0.48984995
2025-07-04,hormuz,312352.0,3994.0,64146.0,3535.0,185448.0,0.5937148,10.760764,78.20531,420.0,722.0,18630356.0,26149472.0,0.58171743,0.7124563,44357.99,6.8702292,19647250.0,2071.0,1006.0,0.48575568
2025-07-11,hormuz,312352.0,3994.0,64146.0,3535.0,185448.0,0.5937148,10.760764,78.20531,421.0,759.0,19306406.0,27138504.0,0.5546772,0.7114027,45858.445,0.23809524,19628014.0,2071.0,1006.0,0.48575568
2025-07-18,hormuz,312352.0,3994.0,64146.0,3535.0,185448.0,0.5937148,10.760764,78.20531,383.0,656.0,16789574.0,24182588.0,0.58384144,0.69428355,43837.008,-9.026128,18426964.0,2071.0,1006.0,0.48575568
2025-07-25,hormuz,312352.0,3994.0,64146.0,3535.0,185448.0,0.5937148,10.760764,78.20531,408.0,740.0,20704496.0,28479476.0,0.55135137,0.72699714,50746.312,6.5274153,18857708.0,2071.0,1006.0,0.48575568
2025-08-01,hormuz,251831.0,3553.0,50400.0,1930.0,148699.0,0.5904714,-19.375896,70.87841,387.0,699.0,17255622.0,24972142.0,0.55364805,0.69099486,44588.17,-5.147059,18514024.0,2030.0,1099.0,0.54137933
2025-08-08,hormuz,251831.0,3553.0,50400.0,1930.0,148699.0,0.5904714,-19.375896,70.87841,407.0,697.0,18873108.0,25951360.0,0.58393115,0.7272493,46371.273,5.1679587,18405700.0,2030.0,1099.0,0.54137933
2025-08-15,hormuz,251831.0,3553.0,50400.0,1930.0,148699.0,0.5904714,-19.375896,70.87841,382.0,694.0,19711042.0,27342274.0,0.55043226,0.7208999,51599.586,-6.142506,19136068.0,2030.0,1099.0,0.54137933
2025-08-22,hormuz,251831.0,3553.0,50400.0,1930.0,148699.0,0.5904714,-19.375896,70.87841,425.0,742.0,19092926.0,27744700.0,0.57277626,0.68816483,44924.53,11.256544,18733174.0,2030.0,1099.0,0.54137933
2025-08-29,hormuz,237355.0,3429.0,46177.0,1954.0,152513.0,0.6425523,-5.7482996,69.21989,418.0,736.0,20849704.0,28899364.0,0.5679348,0.72145885,49879.67,-1.6470588,19631694.0,2489.0,1379.0,0.55403775
2025-09-05,hormuz,237355.0,3429.0,46177.0,1954.0,152513.0,0.6425523,-5.7482996,69.21989,405.0,734.0,19092300.0,26656304.0,0.5517711,0.7162395,47141.48,-3.1100478,19686492.0,2489.0,1379.0,0.55403775
2025-09-12,hormuz,237355.0,3429.0,46177.0,1954.0,152513.0,0.6425523,-5.7482996,69.21989,443.0,760.0,20362496.0,27928954.0,0.58289474,0.7290819,45965.0,9.382716,19849356.0,2489.0,1379.0,0.55403775
2025-09-19,hormuz,237355.0,3429.0,46177.0,1954.0,152513.0,0.6425523,-5.7482996,69.21989,373.0,679.0,17417126.0,25894814.0,0.54933727,0.6726106,46694.707,-15.801354,19430406.0,2489.0,1379.0,0.55403775
2025-09-26,hormuz,237355.0,3429.0,46177.0,1954.0,152513.0,0.6425523,-5.7482996,69.21989,392.0,687.0,17595952.0,25146424.0,0.5705968,0.69973975,44887.633,5.093834,18616968.0,2489.0,1379.0,0.55403775
2025-10-03,hormuz,235699.0,3396.0,49789.0,2356.0,153854.0,0.6527563,-0.6976891,69.404884,384.0,654.0,17056116.0,24038412.0,0.58715594,0.70953584,44416.965,-2.0408163,18107922.0,1972.0,1066.0,0.54056793
2025-10-10,hormuz,235699.0,3396.0,49789.0,2356.0,153854.0,0.6527563,-0.6976891,69.404884,446.0,779.0,21841752.0,30337008.0,0.5725289,0.7199705,48972.54,16.145834,18477736.0,1972.0,1066.0,0.54056793
2025-10-17,hormuz,235699.0,3396.0,49789.0,2356.0,153854.0,0.6527563,-0.6976891,69.404884,376.0,677.0,15947390.0,23270440.0,0.55539143,0.6853067,42413.27,-15.695067,18110302.0,1972.0,1066.0,0.54056793
2025-10-24,hormuz,235699.0,3396.0,49789.0,2356.0,153854.0,0.6527563,-0.6976891,69.404884,335.0,621.0,16778992.0,25562746.0,0.5394525,0.6563846,50086.547,-10.904255,17906062.0,1972.0,1066.0,0.54056793
2025-10-31,hormuz,238982.0,3365.0,52646.0,2470.0,158947.0,0.6651003,1.3928782,71.01991,382.0,675.0,16563181.0,25420564.0,0.5659259,0.6515662,43359.113,14.029851,17782828.0,2303.0,1118.0,0.48545375
2025-11-07,hormuz,238982.0,3365.0,52646.0,2470.0,158947.0,0.6651003,1.3928782,71.01991,381.0,692.0,18369780.0,26236256.0,0.55057806,0.7001677,48214.645,-0.2617801,16914836.0,2303.0,1118.0,0.48545375
2025-11-14,hormuz,238982.0,3365.0,52646.0,2470.0,158947.0,0.6651003,1.3928782,71.01991,312.0,541.0,14174828.0,20236848.0,0.5767098,0.7004464,45432.14,-18.110237,16471695.0,2303.0,1118.0,0.48545375
2025-11-21,hormuz,238982.0,3365.0,52646.0,2470.0,158947.0,0.6651003,1.3928782,71.01991,367.0,631.0,17658544.0,24580392.0,0.58161646,0.7183996,48115.92,17.628204,16691583.0,2303.0,1118.0,0.48545375
2025-11-28,hormuz,246792.0,3516.0,50585.0,3142.0,163846.0,0.6639032,3.2680285,70.191124,357.0,618.0,19555752.0,27519392.0,0.5776699,0.7106171,54778.016,-2.7247956,17439726.0,2268.0,1324.0,0.58377427
2025-12-05,hormuz,246792.0,3516.0,50585.0,3142.0,163846.0,0.6639032,3.2680285,70.191124,287.0,518.0,14500262.0,20650548.0,0.5540541,0.7021732,50523.562,-19.607843,16472346.0,2268.0,1324.0,0.58377427
2025-12-12,hormuz,246792.0,3516.0,50585.0,3142.0,163846.0,0.6639032,3.2680285,70.191124,255.0,451.0,16173463.0,21409170.0,0.5654102,0.7554456,63425.344,-11.149826,16972004.0,2268.0,1324.0,0.58377427
2025-12-19,hormuz,246792.0,3516.0,50585.0,3142.0,163846.0,0.6639032,3.2680285,70.191124,260.0,462.0,12312084.0,18161956.0,0.56277055,0.67790514,47354.168,1.9607843,15635390.0,2268.0,1324.0,0.58377427
2025-12-26,hormuz,246792.0,3516.0,50585.0,3142.0,163846.0,0.6639032,3.2680285,70.191124,255.0,443.0,14862364.0,20590528.0,0.5756208,0.7218059,58283.78,-1.9230769,14462043.0,2268.0,1324.0,0.58377427
2026-01-02,hormuz,275125.0,3638.0,59948.0,2535.0,164261.0,0.59704137,11.480518,75.62534,249.0,482.0,12203605.0,19722716.0,0.5165975,0.6187588,49010.46,-2.3529413,13887879.0,2168.0,1259.0,0.58071953
2026-01-09,hormuz,275125.0,3638.0,59948.0,2535.0,164261.0,0.59704137,11.480518,75.62534,284.0,517.0,16073778.0,22386456.0,0.549323,0.71801347,56597.81,14.056225,13862958.0,2168.0,1259.0,0.58071953
2026-01-16,hormuz,275125.0,3638.0,59948.0,2535.0,164261.0,0.59704137,11.480518,75.62534,289.0,530.0,16859426.0,24148680.0,0.545283,0.69815105,58337.113,1.7605634,14999793.0,2168.0,1259.0,0.58071953
2026-01-23,hormuz,275125.0,3638.0,59948.0,2535.0,164261.0,0.59704137,11.480518,75.62534,278.0,514.0,13626991.0,19423076.0,0.540856,0.7015877,49017.953,-3.8062284,14690950.0,2168.0,1259.0,0.58071953
2026-01-30,hormuz,260730.0,3681.0,62711.0,2803.0,164079.0,0.6293062,-5.2321672,70.8313,255.0,493.0,15326004.0,22570398.0,0.51724136,0.6790312,60101.977,-8.273381,15471550.0,2308.0,1405.0,0.6087522
2026-02-06,hormuz,260730.0,3681.0,62711.0,2803.0,164079.0,0.6293062,-5.2321672,70.8313,296.0,525.0,15447530.0,20599616.0,0.5638095,0.7498941,52187.6,16.078432,15314988.0,2308.0,1405.0,0.6087522
2026-02-13,hormuz,260730.0,3681.0,62711.0,2803.0,164079.0,0.6293062,-5.2321672,70.8313,332.0,601.0,18548838.0,25893796.0,0.5524126,0.7163429,55869.992,12.162162,15737341.0,2308.0,1405.0,0.6087522
2026-02-20,hormuz,260730.0,3681.0,62711.0,2803.0,164079.0,0.6293062,-5.2321672,70.8313,362.0,652.0,17501374.0,25254892.0,0.5552147,0.69298947,48346.336,9.036144,16705936.0,2308.0,1405.0,0.6087522
2026-02-27,hormuz,260730.0,3681.0,62711.0,2803.0,164079.0,0.6293062,-5.2321672,70.8313,379.0,690.0,19229040.0,27831416.0,0.54927534,0.69091123,50736.25,4.6961327,17681696.0,2308.0,1405.0,0.6087522
2026-03-06,hormuz,260730.0,3681.0,62711.0,2803.0,164079.0,0.6293062,-5.2321672,70.8313,407.0,739.0,19172764.0,27775176.0,0.55074424,0.69028413,47107.527,7.3878627,18613004.0,2308.0,1405.0,0.6087522
2026-03-13,hormuz,260730.0,3681.0,62711.0,2803.0,164079.0,0.6293062,-5.2321672,70.8313,56.0,114.0,3211612.0,4402072.0,0.49122807,0.72956824,57350.215,-86.24078,14778697.0,2308.0,1405.0,0.6087522
2026-03-20,hormuz,260730.0,3681.0,62711.0,2803.0,164079.0,0.6293062,-5.2321672,70.8313,17.0,42.0,277647.0,720631.0,0.4047619,0.38528317,16332.177,-69.64286,10472766.0,2308.0,1405.0,0.6087522
2026-03-27,hormuz,260730.0,3681.0,62711.0,2803.0,164079.0,0.6293062,-5.2321672,70.8313,11.0,28.0,549504.0,679334.0,0.39285713,0.80888635,49954.91,-35.294117,5802882.0,2308.0,1405.0,0.6087522
2026-04-03,hormuz,260730.0,3681.0,62711.0,2803.0,164079.0,0.6293062,-5.2321672,70.8313,4.0,18.0,53593.0,432394.0,0.22222222,0.12394483,13398.25,-63.636364,1023089.0,2308.0,1405.0,0.6087522
2026-04-10,hormuz,260730.0,3681.0,62711.0,2803.0,164079.0,0.6293062,-5.2321672,70.8313,22.0,49.0,288648.0,900508.0,0.4489796,0.3205391,13120.363,450.0,292348.0,2308.0,1405.0,0.6087522
2026-04-17,hormuz,260730.0,3681.0,62711.0,2803.0,164079.0,0.6293062,-5.2321672,70.8313,18.0,46.0,729242.0,1110296.0,0.39130434,0.6567996,40513.445,-18.181818,405246.75,2308.0,1405.0,0.6087522
2026-04-24,hormuz,260730.0,3681.0,62711.0,2803.0,164079.0,0.6293062,-5.2321672,70.8313,26.0,70.0,497484.0,1198515.0,0.37142858,0.41508368,19134.0,44.444443,392241.75,2308.0,1405.0,0.6087522
2026-05-01,hormuz,260730.0,3681.0,62711.0,2803.0,164079.0,0.6293062,-5.2321672,70.8313,27.0,60.0,1309086.0,2194024.0,0.45,0.59665984,48484.668,3.8461537,706115.0,2308.0,1405.0,0.6087522
2026-05-08,hormuz,260730.0,3681.0,62711.0,2803.0,164079.0,0.6293062,-5.2321672,70.8313,14.0,41.0,469970.0,1251031.0,0.34146342,0.37566614,33569.285,-48.148148,751445.5,2308.0,1405.0,0.6087522
2026-05-15,hormuz,260730.0,3681.0,62711.0,2803.0,164079.0,0.6293062,-5.2321672,70.8313,4.0,15.0,318895.0,461101.0,0.26666668,0.69159466,79723.75,-71.42857,648858.75,2308.0,1405.0,0.6087522
2026-05-22,hormuz,260730.0,3681.0,62711.0,2803.0,164079.0,0.6293062,-5.2321672,70.8313,19.0,37.0,1298717.0,1591071.0,0.5135135,0.8162533,68353.52,375.0,849167.0,2308.0,1405.0,0.6087522
2026-05-29,hormuz,260730.0,3681.0,62711.0,2803.0,164079.0,0.6293062,-5.2321672,70.8313,2.0,12.0,36579.0,379834.0,0.16666667,0.0963026,18289.5,-89.47369,531040.25,2308.0,1405.0,0.6087522
2026-06-05,hormuz,260730.0,3681.0,62711.0,2803.0,164079.0,0.6293062,-5.2321672,70.8313,,,,,,,,,,2308.0,1405.0,0.6087522
2026-06-12,hormuz,260730.0,3681.0,62711.0,2803.0,164079.0,0.6293062,-5.2321672,70.8313,,,,,,,,,,2308.0,1405.0,0.6087522
2026-06-19,hormuz,,,,,,,,,,,,,,,,,,2308.0,1405.0,0.6087522
2026-06-26,hormuz,,,,,,,,,,,,,,,,,,2308.0,1405.0,0.6087522
2019-01-04,suez,95377.0,1640.0,39370.0,344.0,52376.0,0.54914707,0.15646659,58.156708,,,,,,,,,,,,
2019-01-11,suez,95377.0,1640.0,39370.0,344.0,52376.0,0.54914707,0.15646659,58.156708,65.0,216.0,3361722.0,10005443.0,0.30092594,0.33598933,51718.8,,3361722.0,,,
2019-01-18,suez,95377.0,1640.0,39370.0,344.0,52376.0,0.54914707,0.15646659,58.156708,113.0,349.0,5422193.0,16582121.0,0.32378224,0.3269903,47984.008,73.84615,4391957.5,,,
2019-01-25,suez,95377.0,1640.0,39370.0,344.0,52376.0,0.54914707,0.15646659,58.156708,98.0,310.0,5157039.0,14141259.0,0.31612903,0.36468032,52622.848,-13.274336,4646984.5,,,
2019-02-01,suez,99831.0,1638.0,42282.0,621.0,54165.0,0.54256696,4.669889,60.946888,122.0,372.0,5367003.0,16472555.0,0.32795697,0.32581484,43991.83,24.489796,4826989.0,,,
2019-02-08,suez,99831.0,1638.0,42282.0,621.0,54165.0,0.54256696,4.669889,60.946888,110.0,339.0,4745209.0,14864300.0,0.32448378,0.3192353,43138.26,-9.836065,5172861.0,,,
2019-02-15,suez,99831.0,1638.0,42282.0,621.0,54165.0,0.54256696,4.669889,60.946888,115.0,365.0,7052394.0,19366228.0,0.31506848,0.3641594,61325.164,4.5454545,5580411.0,,,
2019-02-22,suez,99831.0,1638.0,42282.0,621.0,54165.0,0.54256696,4.669889,60.946888,100.0,351.0,5263931.0,16506836.0,0.28490028,0.318894,52639.31,-13.043478,5607134.0,,,
2019-03-01,suez,102496.0,1634.0,44865.0,354.0,55372.0,0.5402357,2.6695116,62.72705,118.0,351.0,5779120.0,16349971.0,0.33618233,0.35346362,48975.594,18.0,5710163.5,1311.0,670.0,0.51106024
2019-03-08,suez,102496.0,1634.0,44865.0,354.0,55372.0,0.5402357,2.6695116,62.72705,104.0,346.0,5483485.0,16226804.0,0.30057803,0.3379276,52725.816,-11.864407,5894732.5,1311.0,670.0,0.51106024
2019-03-15,suez,102496.0,1634.0,44865.0,354.0,55372.0,0.5402357,2.6695116,62.72705,126.0,355.0,6372098.0,17439288.0,0.35492957,0.3653875,50572.207,21.153847,5724658.5,1311.0,670.0,0.51106024
2019-03-22,suez,102496.0,1634.0,44865.0,354.0,55372.0,0.5402357,2.6695116,62.72705,136.0,369.0,6785537.0,16501210.0,0.36856368,0.4112145,49893.656,7.9365077,6105060.0,1311.0,670.0,0.51106024
2019-03-29,suez,90085.0,1504.0,36876.0,346.0,50828.0,0.5642227,-12.108766,59.896942,104.0,323.0,4919858.0,15146901.0,0.32198143,0.32480955,47306.33,-23.529411,5890244.5,1018.0,433.0,0.4253438
2019-04-05,suez,90085.0,1504.0,36876.0,346.0,50828.0,0.5642227,-12.108766,59.896942,117.0,357.0,5545329.0,17011366.0,0.3277311,0.3259779,47395.973,12.5,5905705.5,1018.0,433.0,0.4253438
2019-04-12,suez,90085.0,1504.0,36876.0,346.0,50828.0,0.5642227,-12.108766,59.896942,116.0,364.0,6201725.0,18173760.0,0.31868133,0.34124613,53463.15,-0.85470086,5863112.0,1018.0,433.0,0.4253438
2019-04-19,suez,90085.0,1504.0,36876.0,346.0,50828.0,0.5642227,-12.108766,59.896942,105.0,358.0,6422931.0,17899354.0,0.2932961,0.3588359,61170.77,-9.4827585,5772461.0,1018.0,433.0,0.4253438
2019-04-26,suez,90085.0,1504.0,36876.0,346.0,50828.0,0.5642227,-12.108766,59.896942,105.0,360.0,6191153.0,17919870.0,0.29166666,0.34549096,58963.363,0.0,6090284.5,1018.0,433.0,0.4253438
2019-05-03,suez,101101.0,1706.0,40182.0,526.0,58426.0,0.57789737,12.228451,59.262016,109.0,343.0,5613896.0,15949215.0,0.31778425,0.35198572,51503.633,3.8095238,6107426.0,1411.0,767.0,0.54358613
2019-05-10,suez,101101.0,1706.0,40182.0,526.0,58426.0,0.57789737,12.228451,59.262016,113.0,371.0,6220747.0,18030880.0,0.3045822,0.34500518,55050.86,3.6697247,6112182.0,1411.0,767.0,0.54358613
2019-05-17,suez,101101.0,1706.0,40182.0,526.0,58426.0,0.57789737,12.228451,59.262016,102.0,352.0,5939566.0,16750069.0,0.28977272,0.3545995,58231.04,-9.734513,5991340.5,1411.0,767.0,0.54358613
2019-05-24,suez,101101.0,1706.0,40182.0,526.0,58426.0,0.57789737,12.228451,59.262016,121.0,364.0,6399545.0,17578120.0,0.33241758,0.3640631,52888.8,18.62745,6043438.5,1411.0,767.0,0.54358613
2019-05-31,suez,97945.0,1719.0,35707.0,562.0,57083.0,0.5828067,-3.121631,56.977894,117.0,360.0,6158650.0,18064286.0,0.325,0.3409296,52638.035,-3.3057852,6179627.0,1435.0,801.0,0.55818814
2019-06-07,suez,97945.0,1719.0,35707.0,562.0,57083.0,0.5828067,-3.121631,56.977894,107.0,369.0,4207462.0,15607214.0,0.2899729,0.26958445,39322.074,-8.5470085,5676306.0,1435.0,801.0,0.55818814
2019-06-14,suez,97945.0,1719.0,35707.0,562.0,57083.0,0.5828067,-3.121631,56.977894,117.0,355.0,5926992.0,16671027.0,0.32957748,0.3555265,50658.05,9.345795,5673162.0,1435.0,801.0,0.55818814
2019-06-21,suez,97945.0,1719.0,35707.0,562.0,57083.0,0.5828067,-3.121631,56.977894,117.0,347.0,6770615.0,18227194.0,0.3371758,0.3714568,57868.504,0.0,5765930.0,1435.0,801.0,0.55818814
2019-06-28,suez,103016.0,1736.0,40412.0,138.0,59466.0,0.5772501,5.1773953,59.341015,91.0,332.0,4688093.0,16202767.0,0.2740964,0.28933904,51517.504,-22.222221,5398290.5,1602.0,862.0,0.5380774
2019-07-05,suez,103016.0,1736.0,40412.0,138.0,59466.0,0.5772501,5.1773953,59.341015,110.0,356.0,5749527.0,16479181.0,0.30898875,0.3488964,52268.426,20.879122,5783807.0,1602.0,862.0,0.5380774
2019-07-12,suez,103016.0,1736.0,40412.0,138.0,59466.0,0.5772501,5.1773953,59.341015,95.0,327.0,5075746.0,16136598.0,0.29051986,0.3145487,53428.906,-13.636364,5570995.0,1602.0,862.0,0.5380774
2019-07-19,suez,103016.0,1736.0,40412.0,138.0,59466.0,0.5772501,5.1773953,59.341015,120.0,366.0,6326400.0,17849736.0,0.32786885,0.35442543,52720.0,26.31579,5459941.5,1602.0,862.0,0.5380774
2019-07-26,suez,103016.0,1736.0,40412.0,138.0,59466.0,0.5772501,5.1773953,59.341015,101.0,366.0,4634415.0,17035988.0,0.27595627,0.2720368,45885.297,-15.833333,5446522.0,1602.0,862.0,0.5380774
2019-08-02,suez,98941.0,1616.0,42113.0,350.0,54736.0,0.5532186,-3.955696,61.22587,96.0,366.0,5531470.0,17673118.0,0.26229507,0.31298777,57619.48,-4.9504952,5392008.0,1432.0,843.0,0.5886871
2019-08-09,suez,98941.0,1616.0,42113.0,350.0,54736.0,0.5532186,-3.955696,61.22587,121.0,396.0,6142420.0,18873400.0,0.30555555,0.32545382,50763.8,26.041666,5658676.0,1432.0,843.0,0.5886871
2019-08-16,suez,98941.0,1616.0,42113.0,350.0,54736.0,0.5532186,-3.955696,61.22587,109.0,384.0,5243333.0,17048784.0,0.28385416,0.3075488,48103.973,-9.917356,5387909.5,1432.0,843.0,0.5886871
2019-08-23,suez,98941.0,1616.0,42113.0,350.0,54736.0,0.5532186,-3.955696,61.22587,117.0,388.0,5593706.0,17045692.0,0.3015464,0.32815948,47809.453,7.3394494,5627732.0,1432.0,843.0,0.5886871
2019-08-30,suez,107482.0,1678.0,45783.0,538.0,59598.0,0.55449283,8.632418,64.053635,100.0,360.0,5085624.0,16947112.0,0.2777778,0.30008796,50856.24,-14.529915,5516271.0,1224.0,659.0,0.5383987
2019-09-06,suez,107482.0,1678.0,45783.0,538.0,59598.0,0.55449283,8.632418,64.053635,113.0,399.0,6077315.0,18669678.0,0.283208,0.32551792,53781.547,13.0,5499994.5,1224.0,659.0,0.5383987
2019-09-13,suez,107482.0,1678.0,45783.0,538.0,59598.0,0.55449283,8.632418,64.053635,114.0,365.0,5548063.0,17880890.0,0.31232876,0.3102789,48667.22,0.88495576,5576177.0,1224.0,659.0,0.5383987
2019-09-20,suez,107482.0,1678.0,45783.0,538.0,59598.0,0.55449283,8.632418,64.053635,118.0,377.0,6263912.0,17683808.0,0.31299734,0.35421735,53084.0,3.508772,5743728.5,1224.0,659.0,0.5383987
2019-09-27,suez,107482.0,1678.0,45783.0,538.0,59598.0,0.55449283,8.632418,64.053635,105.0,353.0,4642779.0,16232308.0,0.29745042,0.28602087,44216.94,-11.016949,5633017.0,1224.0,659.0,0.5383987
2019-10-04,suez,109355.0,1793.0,51198.0,1010.0,54945.0,0.5024462,1.7426174,60.98996,114.0,378.0,5511480.0,17685356.0,0.3015873,0.3116409,48346.316,8.571428,5491558.5,1217.0,677.0,0.556286
2019-10-11,suez,109355.0,1793.0,51198.0,1010.0,54945.0,0.5024462,1.7426174,60.98996,112.0,385.0,4999856.0,16400722.0,0.29090908,0.30485585,44641.57,-1.754386,5354507.0,1217.0,677.0,0.556286
2019-10-18,suez,109355.0,1793.0,51198.0,1010.0,54945.0,0.5024462,1.7426174,60.98996,129.0,405.0,6099925.0,18712900.0,0.31851852,0.32597435,47286.242,15.178572,5313510.0,1217.0,677.0,0.556286
2019-10-25,suez,109355.0,1793.0,51198.0,1010.0,54945.0,0.5024462,1.7426174,60.98996,112.0,385.0,5359812.0,16824332.0,0.29090908,0.31857502,47855.465,-13.178294,5492768.0,1217.0,677.0,0.556286
2019-11-01,suez,92693.0,1680.0,42639.0,1477.0,47396.0,0.5113223,-15.236614,55.174404,137.0,402.0,5848578.0,17968664.0,0.34079602,0.32548764,42690.35,22.321428,5577043.0,1424.0,890.0,0.625
2019-11-08,suez,92693.0,1680.0,42639.0,1477.0,47396.0,0.5113223,-15.236614,55.174404,127.0,396.0,5595146.0,18701392.0,0.32070708,0.2991834,44056.27,-7.29927,5725865.0,1424.0,890.0,0.625
2019-11-15,suez,92693.0,1680.0,42639.0,1477.0,47396.0,0.5113223,-15.236614,55.174404,114.0,360.0,4917696.0,16124074.0,0.31666666,0.30499092,43137.684,-10.23622,5430308.0,1424.0,890.0,0.625
2019-11-22,suez,92693.0,1680.0,42639.0,1477.0,47396.0,0.5113223,-15.236614,55.174404,120.0,381.0,6088001.0,17151422.0,0.31496063,0.35495606,50733.34,5.263158,5612355.0,1424.0,890.0,0.625
2019-11-29,suez,94743.0,1823.0,41330.0,1735.0,47301.0,0.4992559,2.2116017,51.97093,115.0,381.0,5641021.0,18041174.0,0.30183727,0.31267482,49052.355,-4.1666665,5560466.0,1630.0,1034.0,0.63435584
2019-12-06,suez,94743.0,1823.0,41330.0,1735.0,47301.0,0.4992559,2.2116017,51.97093,133.0,371.0,6748656.0,17243936.0,0.35849056,0.39136398,50741.773,15.652174,5848843.5,1630.0,1034.0,0.63435584
2019-12-13,suez,94743.0,1823.0,41330.0,1735.0,47301.0,0.4992559,2.2116017,51.97093,120.0,384.0,5388694.0,17207168.0,0.3125,0.31316566,44905.785,-9.774436,5966593.0,1630.0,1034.0,0.63435584
2019-12-20,suez,94743.0,1823.0,41330.0,1735.0,47301.0,0.4992559,2.2116017,51.97093,131.0,393.0,5109148.0,16012338.0,0.33333334,0.3190757,39001.13,9.166667,5721880.0,1630.0,1034.0,0.63435584
2019-12-27,suez,94743.0,1823.0,41330.0,1735.0,47301.0,0.4992559,2.2116017,51.97093,123.0,379.0,5765861.0,16695636.0,0.32453826,0.3453514,46876.918,-6.10687,5753090.0,1630.0,1034.0,0.63435584
2020-01-03,suez,93876.0,1705.0,38846.0,1614.0,50987.0,0.54313135,-0.9151072,55.05924,107.0,340.0,5761441.0,16135344.0,0.31470588,0.3570696,53845.242,-13.00813,5506286.0,1379.0,773.0,0.5605511
2020-01-10,suez,93876.0,1705.0,38846.0,1614.0,50987.0,0.54313135,-0.9151072,55.05924,137.0,399.0,6726545.0,18917708.0,0.3433584,0.3555687,49098.867,28.037384,5840749.0,1379.0,773.0,0.5605511
2020-01-17,suez,93876.0,1705.0,38846.0,1614.0,50987.0,0.54313135,-0.9151072,55.05924,111.0,408.0,4321903.0,18857720.0,0.2720588,0.2291848,38936.062,-18.978102,5643937.5,1379.0,773.0,0.5605511
2020-01-24,suez,93876.0,1705.0,38846.0,1614.0,50987.0,0.54313135,-0.9151072,55.05924,126.0,380.0,6949365.0,18585476.0,0.33157894,0.37391376,55153.69,13.513514,5939813.5,1379.0,773.0,0.5605511
2020-01-31,suez,100530.0,1764.0,42757.0,1598.0,54579.0,0.54291254,7.0880737,56.989796,103.0,330.0,5330758.0,15815887.0,0.3121212,0.33705083,51754.934,-18.25397,5832143.0,1368.0,663.0,0.48464912
2020-02-07,suez,100530.0,1764.0,42757.0,1598.0,54579.0,0.54291254,7.0880737,56.989796,120.0,378.0,4831037.0,16745500.0,0.31746033,0.28849763,40258.64,16.504854,5358266.0,1368.0,663.0,0.48464912
2020-02-14,suez,100530.0,1764.0,42757.0,1598.0,54579.0,0.54291254,7.0880737,56.989796,104.0,361.0,5231597.0,17211086.0,0.28808865,0.3039667,50303.816,-13.333333,5585689.0,1368.0,663.0,0.48464912
2020-02-21,suez,100530.0,1764.0,42757.0,1598.0,54579.0,0.54291254,7.0880737,56.989796,118.0,382.0,6112280.0,18060118.0,0.30890054,0.33844075,51798.984,13.461538,5376418.0,1368.0,663.0,0.48464912
2020-02-28,suez,104028.0,1732.0,45530.0,1414.0,55240.0,0.53101087,3.4795582,60.062355,133.0,383.0,7428690.0,18431128.0,0.34725848,0.4030513,55854.812,12.711864,5900901.0,1282.0,608.0,0.47425896
2020-03-06,suez,104028.0,1732.0,45530.0,1414.0,55240.0,0.53101087,3.4795582,60.062355,107.0,370.0,5486939.0,17639816.0,0.2891892,0.3110542,51279.805,-19.548872,6064876.5,1282.0,608.0,0.47425896
2020-03-13,suez,104028.0,1732.0,45530.0,1414.0,55240.0,0.53101087,3.4795582,60.062355,101.0,353.0,3764489.0,15025139.0,0.28611898,0.25054604,37272.168,-5.6074767,5698099.5,1282.0,608.0,0.47425896
2020-03-20,suez,104028.0,1732.0,45530.0,1414.0,55240.0,0.53101087,3.4795582,60.062355,119.0,357.0,6847491.0,18176184.0,0.33333334,0.37672874,57541.94,17.821783,5881902.0,1282.0,608.0,0.47425896
2020-03-27,suez,104028.0,1732.0,45530.0,1414.0,55240.0,0.53101087,3.4795582,60.062355,120.0,413.0,5980836.0,19795148.0,0.2905569,0.30213645,49840.3,0.84033614,5519939.0,1282.0,608.0,0.47425896
2020-04-03,suez,93572.0,1678.0,39866.0,1423.0,50674.0,0.5415509,-10.05114,55.764004,97.0,377.0,4135525.0,16431667.0,0.25729442,0.2516802,42634.277,-19.166666,5182085.0,1298.0,670.0,0.5161787
2020-04-10,suez,93572.0,1678.0,39866.0,1423.0,50674.0,0.5415509,-10.05114,55.764004,117.0,369.0,5825709.0,16982560.0,0.31707317,0.34304067,49792.383,20.618557,5697390.0,1298.0,670.0,0.5161787
2020-04-17,suez,93572.0,1678.0,39866.0,1423.0,50674.0,0.5415509,-10.05114,55.764004,140.0,417.0,6129261.0,19516466.0,0.33573142,0.3140559,43780.438,19.65812,5517833.0,1298.0,670.0,0.5161787
2020-04-24,suez,93572.0,1678.0,39866.0,1423.0,50674.0,0.5415509,-10.05114,55.764004,139.0,403.0,7310880.0,19131104.0,0.34491315,0.3821463,52596.258,-0.71428573,5850344.0,1298.0,670.0,0.5161787
2020-05-01,suez,103174.0,1801.0,43093.0,1539.0,54354.0,0.52681875,10.261617,57.287064,148.0,409.0,6670134.0,18300278.0,0.3618582,0.36448267,45068.473,6.47482,6483996.0,1214.0,392.0,0.32289952
2020-05-08,suez,103174.0,1801.0,43093.0,1539.0,54354.0,0.52681875,10.261617,57.287064,149.0,395.0,8056114.0,19026624.0,0.37721518,0.4234127,54067.88,0.6756757,7041597.0,1214.0,392.0,0.32289952
2020-05-15,suez,103174.0,1801.0,43093.0,1539.0,54354.0,0.52681875,10.261617,57.287064,149.0,398.0,7940510.0,20128574.0,0.37437186,0.39448944,53292.01,0.0,7494409.5,1214.0,392.0,0.32289952
2020-05-22,suez,103174.0,1801.0,43093.0,1539.0,54354.0,0.52681875,10.261617,57.287064,130.0,350.0,6481074.0,17228212.0,0.37142858,0.37618956,49854.414,-12.7516775,7286958.0,1214.0,392.0,0.32289952
2020-05-29,suez,102156.0,1853.0,42663.0,1510.0,53847.0,0.5271056,-0.9866827,55.13006,142.0,376.0,6504065.0,16985088.0,0.3776596,0.38292795,45803.273,9.230769,7245441.0,1303.0,635.0,0.4873369
2020-06-05,suez,102156.0,1853.0,42663.0,1510.0,53847.0,0.5271056,-0.9866827,55.13006,115.0,326.0,5154526.0,15407637.0,0.35276073,0.3345436,44821.965,-19.014084,6520044.0,1303.0,635.0,0.4873369
2020-06-12,suez,102156.0,1853.0,42663.0,1510.0,53847.0,0.5271056,-0.9866827,55.13006,138.0,365.0,6417682.0,16655142.0,0.3780822,0.38532737,46504.94,20.0,6139337.0,1303.0,635.0,0.4873369
2020-06-19,suez,102156.0,1853.0,42663.0,1510.0,53847.0,0.5271056,-0.9866827,55.13006,88.0,316.0,3246176.0,15124632.0,0.278481,0.21462843,36888.363,-36.231884,5330612.0,1303.0,635.0,0.4873369
2020-06-26,suez,102156.0,1853.0,42663.0,1510.0,53847.0,0.5271056,-0.9866827,55.13006,106.0,297.0,4624944.0,13565439.0,0.35690236,0.34093583,43631.547,20.454546,4860832.0,1303.0,635.0,0.4873369
2020-07-03,suez,100589.0,1726.0,39240.0,1314.0,56416.0,0.5608566,-1.5339285,58.27868,106.0,307.0,4039987.0,13615594.0,0.34527686,0.29671764,38113.086,0.0,4582197.0,1171.0,526.0,0.44918874
2020-07-10,suez,100589.0,1726.0,39240.0,1314.0,56416.0,0.5608566,-1.5339285,58.27868,106.0,351.0,4949705.0,15894294.0,0.3019943,0.31141394,46695.332,0.0,4215203.0,1171.0,526.0,0.44918874
2020-07-17,suez,100589.0,1726.0,39240.0,1314.0,56416.0,0.5608566,-1.5339285,58.27868,90.0,296.0,3673263.0,14600641.0,0.30405405,0.25158232,40814.035,-15.094339,4321975.0,1171.0,526.0,0.44918874
2020-07-24,suez,100589.0,1726.0,39240.0,1314.0,56416.0,0.5608566,-1.5339285,58.27868,84.0,323.0,3491262.0,14697415.0,0.26006192,0.23754258,41562.645,-6.6666665,4038554.2,1171.0,526.0,0.44918874
2020-07-31,suez,91631.0,1496.0,36637.0,1475.0,51689.0,0.5640995,-8.905546,61.250668,88.0,321.0,3222956.0,14259084.0,0.2741433,0.22602826,36624.5,4.7619047,3834296.5,849.0,366.0,0.4310954
2020-08-07,suez,91631.0,1496.0,36637.0,1475.0,51689.0,0.5640995,-8.905546,61.250668,96.0,355.0,3878530.0,16682322.0,0.27042255,0.23249342,40401.355,9.090909,3566502.8,849.0,366.0,0.4310954
2020-08-14,suez,91631.0,1496.0,36637.0,1475.0,51689.0,0.5640995,-8.905546,61.250668,87.0,346.0,3720938.0,15253888.0,0.25144508,0.24393374,42769.402,-9.375,3578421.5,849.0,366.0,0.4310954
2020-08-21,suez,91631.0,1496.0,36637.0,1475.0,51689.0,0.5640995,-8.905546,61.250668,81.0,329.0,3331554.0,14853972.0,0.2462006,0.22428708,41130.297,-6.8965516,3538494.5,849.0,366.0,0.4310954
2020-08-28,suez,92606.0,1570.0,39645.0,1334.0,50087.0,0.5408613,1.0640503,58.984715,93.0,364.0,5158283.0,18454184.0,0.2554945,0.27951834,55465.41,14.814815,4022326.2,782.0,341.0,0.43606138
2020-09-04,suez,92606.0,1570.0,39645.0,1334.0,50087.0,0.5408613,1.0640503,58.984715,98.0,367.0,3604555.0,16227791.0,0.26702997,0.22212234,36781.17,5.376344,3953832.5,782.0,341.0,0.43606138
2020-09-11,suez,92606.0,1570.0,39645.0,1334.0,50087.0,0.5408613,1.0640503,58.984715,103.0,389.0,4276909.0,17144960.0,0.2647815,0.24945578,41523.387,5.102041,4092825.2,782.0,341.0,0.43606138
2020-09-18,suez,92606.0,1570.0,39645.0,1334.0,50087.0,0.5408613,1.0640503,58.984715,94.0,366.0,3719491.0,16635584.0,0.2568306,0.22358644,39569.055,-8.7378645,4189809.5,782.0,341.0,0.43606138
2020-09-25,suez,92606.0,1570.0,39645.0,1334.0,50087.0,0.5408613,1.0640503,58.984715,84.0,370.0,2901457.0,15820584.0,0.22702703,0.18339759,34541.156,-10.638298,3625603.0,782.0,341.0,0.43606138
2020-10-02,suez,103586.0,1666.0,48029.0,1346.0,52513.0,0.50695074,11.856683,62.17647,91.0,352.0,3725217.0,15832350.0,0.25852272,0.23529148,40936.45,8.333333,3655768.5,992.0,470.0,0.47379032
2020-10-09,suez,103586.0,1666.0,48029.0,1346.0,52513.0,0.50695074,11.856683,62.17647,88.0,344.0,3551006.0,16188447.0,0.25581396,0.21935433,40352.34,-3.2967033,3474292.8,992.0,470.0,0.47379032
2020-10-16,suez,103586.0,1666.0,48029.0,1346.0,52513.0,0.50695074,11.856683,62.17647,103.0,386.0,3975916.0,16851090.0,0.26683939,0.23594414,38601.125,17.045454,3538399.0,992.0,470.0,0.47379032
2020-10-23,suez,103586.0,1666.0,48029.0,1346.0,52513.0,0.50695074,11.856683,62.17647,91.0,356.0,3478712.0,14828041.0,0.25561798,0.23460361,38227.605,-11.650485,3682712.8,992.0,470.0,0.47379032
2020-10-30,suez,96726.0,1679.0,45195.0,902.0,48710.0,0.5035874,-6.6225166,57.60929,81.0,357.0,4098049.0,17292732.0,0.22689076,0.23698099,50593.2,-10.989011,3775920.8,1249.0,770.0,0.61649317
2020-11-06,suez,96726.0,1679.0,45195.0,902.0,48710.0,0.5035874,-6.6225166,57.60929,98.0,387.0,4456656.0,17861220.0,0.25322998,0.24951579,45476.082,20.987654,4002333.2,1249.0,770.0,0.61649317
2020-11-13,suez,96726.0,1679.0,45195.0,902.0,48710.0,0.5035874,-6.6225166,57.60929,91.0,364.0,4371208.0,16491411.0,0.25,0.26505968,48035.254,-7.142857,4101156.2,1249.0,770.0,0.61649317
2020-11-20,suez,96726.0,1679.0,45195.0,902.0,48710.0,0.5035874,-6.6225166,57.60929,100.0,386.0,4237988.0,16961212.0,0.25906736,0.24986349,42379.88,9.89011,4290975.0,1249.0,770.0,0.61649317
2020-11-27,suez,96726.0,1679.0,45195.0,902.0,48710.0,0.5035874,-6.6225166,57.60929,112.0,395.0,4943313.0,17978988.0,0.2835443,0.27494943,44136.723,12.0,4502291.0,1249.0,770.0,0.61649317
2020-12-04,suez,89385.0,1767.0,42110.0,1197.0,44114.0,0.493528,-7.5894794,50.58574,92.0,375.0,3622974.0,16929032.0,0.24533333,0.21400954,39380.152,-17.857143,4293871.0,1649.0,1140.0,0.69132805
2020-12-11,suez,89385.0,1767.0,42110.0,1197.0,44114.0,0.493528,-7.5894794,50.58574,104.0,369.0,4392544.0,17438844.0,0.28184283,0.25188276,42236.0,13.043478,4299205.0,1649.0,1140.0,0.69132805
2020-12-18,suez,89385.0,1767.0,42110.0,1197.0,44114.0,0.493528,-7.5894794,50.58574,121.0,370.0,6032290.0,18783046.0,0.32702702,0.3211561,49853.637,16.346153,4747780.0,1649.0,1140.0,0.69132805
2020-12-25,suez,89385.0,1767.0,42110.0,1197.0,44114.0,0.493528,-7.5894794,50.58574,85.0,347.0,3010860.0,15553285.0,0.24495678,0.19358355,35421.883,-29.752066,4264667.0,1649.0,1140.0,0.69132805
2021-01-01,suez,94345.0,1775.0,42676.0,1003.0,47721.0,0.5058138,5.5490294,53.15211,117.0,379.0,4531048.0,16950664.0,0.30870712,0.267308,38726.906,37.64706,4491685.5,1234.0,686.0,0.5559157
2021-01-08,suez,94345.0,1775.0,42676.0,1003.0,47721.0,0.5058138,5.5490294,53.15211,106.0,356.0,4156976.0,17182436.0,0.2977528,0.2419317,39216.754,-9.40171,4432793.5,1234.0,686.0,0.5559157
2021-01-15,suez,94345.0,1775.0,42676.0,1003.0,47721.0,0.5058138,5.5490294,53.15211,110.0,368.0,5628953.0,18259092.0,0.29891303,0.30828217,51172.3,3.7735848,4331959.0,1234.0,686.0,0.5559157
2021-01-22,suez,94345.0,1775.0,42676.0,1003.0,47721.0,0.5058138,5.5490294,53.15211,118.0,369.0,4742423.0,16474322.0,0.3197832,0.28786758,40190.027,7.2727275,4764850.0,1234.0,686.0,0.5559157
2021-01-29,suez,104002.0,1761.0,47150.0,1050.0,53733.0,0.51665354,10.235837,59.05849,119.0,353.0,5051933.0,16042673.0,0.3371105,0.31490594,42453.22,0.84745765,4895071.0,1515.0,823.0,0.54323435
2021-02-05,suez,104002.0,1761.0,47150.0,1050.0,53733.0,0.51665354,10.235837,59.05849,107.0,366.0,3679321.0,14435628.0,0.29234973,0.2548778,34386.176,-10.084034,4775657.5,1515.0,823.0,0.54323435
2021-02-12,suez,104002.0,1761.0,47150.0,1050.0,53733.0,0.51665354,10.235837,59.05849,122.0,382.0,4805201.0,17201260.0,0.31937173,0.2793517,39386.895,14.018692,4569719.5,1515.0,823.0,0.54323435
2021-02-19,suez,104002.0,1761.0,47150.0,1050.0,53733.0,0.51665354,10.235837,59.05849,105.0,384.0,4361925.0,16940570.0,0.2734375,0.25748396,41542.145,-13.934426,4474595.0,1515.0,823.0,0.54323435
2021-02-26,suez,104002.0,1761.0,47150.0,1050.0,53733.0,0.51665354,10.235837,59.05849,106.0,379.0,4484274.0,17805760.0,0.27968338,0.25184402,42304.473,0.95238096,4332680.0,1515.0,823.0,0.54323435
2021-03-05,suez,104178.0,1771.0,43569.0,730.0,57352.0,0.5505193,0.16922751,58.824394,128.0,405.0,6729075.0,19123138.0,0.3160494,0.35188133,52570.9,20.754717,5095119.0,1154.0,511.0,0.4428076
2021-03-12,suez,104178.0,1771.0,43569.0,730.0,57352.0,0.5505193,0.16922751,58.824394,115.0,406.0,4964620.0,18219484.0,0.28325123,0.2724896,43170.61,-10.15625,5134973.5,1154.0,511.0,0.4428076
2021-03-19,suez,104178.0,1771.0,43569.0,730.0,57352.0,0.5505193,0.16922751,58.824394,117.0,410.0,4992626.0,18407480.0,0.28536585,0.27122813,42672.016,1.7391304,5292649.0,1154.0,511.0,0.4428076
2021-03-26,suez,104178.0,1771.0,43569.0,730.0,57352.0,0.5505193,0.16922751,58.824394,113.0,371.0,5487412.0,17238912.0,0.3045822,0.31831545,48561.168,-3.4188035,5543433.0,1154.0,511.0,0.4428076
2021-04-02,suez,92279.0,1698.0,41338.0,420.0,48852.0,0.52939457,-11.421798,54.3457,63.0,221.0,2330186.0,9866192.0,0.2850679,0.23617886,36987.08,-44.247787,4443711.0,1295.0,762.0,0.588417
2021-04-09,suez,92279.0,1698.0,41338.0,420.0,48852.0,0.52939457,-11.421798,54.3457,90.0,334.0,4368473.0,16324336.0,0.26946107,0.26760495,48538.59,42.857143,4294674.0,1295.0,762.0,0.588417
2021-04-16,suez,92279.0,1698.0,41338.0,420.0,48852.0,0.52939457,-11.421798,54.3457,160.0,533.0,7739435.0,27210976.0,0.30018762,0.2844233,48371.47,77.77778,4981376.5,1295.0,762.0,0.588417
2021-04-23,suez,92279.0,1698.0,41338.0,420.0,48852.0,0.52939457,-11.421798,54.3457,97.0,380.0,4447432.0,17286188.0,0.25526315,0.25728238,45849.812,-39.375,4721381.5,1295.0,762.0,0.588417
2021-04-30,suez,129140.0,1798.0,61319.0,825.0,63289.0,0.49008054,39.945168,71.82425,109.0,384.0,4670038.0,19148236.0,0.28385416,0.24388868,42844.387,12.371134,5306344.5,1865.0,650.0,0.34852546
2021-05-07,suez,129140.0,1798.0,61319.0,825.0,63289.0,0.49008054,39.945168,71.82425,86.0,356.0,4005500.0,16799764.0,0.24157304,0.23842598,46575.582,-21.100918,5215601.0,1865.0,650.0,0.34852546
2021-05-14,suez,129140.0,1798.0,61319.0,825.0,63289.0,0.49008054,39.945168,71.82425,116.0,399.0,5190049.0,18693784.0,0.2907268,0.27763504,44741.8,34.88372,4578255.0,1865.0,650.0,0.34852546
2021-05-21,suez,129140.0,1798.0,61319.0,825.0,63289.0,0.49008054,39.945168,71.82425,108.0,394.0,4418444.0,17622478.0,0.2741117,0.25072774,40911.52,-6.8965516,4571008.0,1865.0,650.0,0.34852546
2021-05-28,suez,126209.0,1908.0,59536.0,867.0,61647.0,0.4884517,-2.26963,66.14728,119.0,376.0,5709020.0,18424426.0,0.31648937,0.30986148,47974.957,10.185185,4830753.0,1523.0,547.0,0.35915956
2021-06-04,suez,126209.0,1908.0,59536.0,867.0,61647.0,0.4884517,-2.26963,66.14728,103.0,387.0,4532946.0,18773364.0,0.26614988,0.24145624,44009.184,-13.445378,4962615.0,1523.0,547.0,0.35915956
2021-06-11,suez,126209.0,1908.0,59536.0,867.0,61647.0,0.4884517,-2.26963,66.14728,98.0,372.0,4406424.0,18347804.0,0.26344085,0.24016082,44963.51,-4.854369,4766708.5,1523.0,547.0,0.35915956
2021-06-18,suez,126209.0,1908.0,59536.0,867.0,61647.0,0.4884517,-2.26963,66.14728,112.0,392.0,5292286.0,17957732.0,0.2857143,0.29470792,47252.555,14.285714,4985169.0,1523.0,547.0,0.35915956
2021-06-25,suez,126209.0,1908.0,59536.0,867.0,61647.0,0.4884517,-2.26963,66.14728,113.0,385.0,5458782.0,17936628.0,0.2935065,0.30433714,48307.805,0.89285713,4922609.5,1523.0,547.0,0.35915956
2021-07-02,suez,104020.0,1846.0,45076.0,1492.0,54341.0,0.52240914,-17.581156,56.34886,99.0,388.0,4758586.0,18493088.0,0.25515464,0.257317,48066.523,-12.38938,4979019.5,1306.0,719.0,0.550536
2021-07-09,suez,104020.0,1846.0,45076.0,1492.0,54341.0,0.52240914,-17.581156,56.34886,121.0,400.0,5185074.0,19618356.0,0.3025,0.26429707,42851.85,22.222221,5173682.0,1306.0,719.0,0.550536
2021-07-16,suez,104020.0,1846.0,45076.0,1492.0,54341.0,0.52240914,-17.581156,56.34886,103.0,370.0,5195361.0,17753996.0,0.27837837,0.29263052,50440.4,-14.876033,5149451.0,1306.0,719.0,0.550536
2021-07-23,suez,104020.0,1846.0,45076.0,1492.0,54341.0,0.52240914,-17.581156,56.34886,101.0,378.0,5020446.0,18443824.0,0.26719576,0.27220201,49707.387,-1.9417475,5039867.0,1306.0,719.0,0.550536
2021-07-30,suez,104052.0,1803.0,44310.0,1755.0,55248.0,0.53096527,0.030763315,57.710484,96.0,370.0,4423413.0,18910626.0,0.25945947,0.2339115,46077.22,-4.9504952,4956073.5,1344.0,784.0,0.5833333
2021-08-06,suez,104052.0,1803.0,44310.0,1755.0,55248.0,0.53096527,0.030763315,57.710484,114.0,437.0,4738613.0,18043108.0,0.26086956,0.26262733,41566.78,18.75,4844458.0,1344.0,784.0,0.5833333
2021-08-13,suez,104052.0,1803.0,44310.0,1755.0,55248.0,0.53096527,0.030763315,57.710484,103.0,419.0,4108353.0,16832456.0,0.24582338,0.2440733,39886.92,-9.649123,4572706.0,1344.0,784.0,0.5833333
2021-08-20,suez,104052.0,1803.0,44310.0,1755.0,55248.0,0.53096527,0.030763315,57.710484,124.0,424.0,6205765.0,19518276.0,0.29245284,0.31794634,50046.492,20.38835,4869036.0,1344.0,784.0,0.5833333
2021-08-27,suez,104052.0,1803.0,44310.0,1755.0,55248.0,0.53096527,0.030763315,57.710484,122.0,439.0,5346352.0,19482250.0,0.27790433,0.2744217,43822.56,-1.6129032,5099771.0,1344.0,784.0,0.5833333
2021-09-03,suez,108691.0,1810.0,45860.0,1562.0,59096.0,0.5437065,4.458348,60.050278,112.0,445.0,4100581.0,18747836.0,0.25168538,0.21872288,36612.332,-8.196721,4940263.0,1110.0,543.0,0.48918918
2021-09-10,suez,108691.0,1810.0,45860.0,1562.0,59096.0,0.5437065,4.458348,60.050278,116.0,411.0,5616095.0,20749396.0,0.28223845,0.27066305,48414.613,3.5714285,5317198.0,1110.0,543.0,0.48918918
2021-09-17,suez,108691.0,1810.0,45860.0,1562.0,59096.0,0.5437065,4.458348,60.050278,122.0,450.0,4735087.0,19577456.0,0.2711111,0.24186425,38812.188,5.172414,4949529.0,1110.0,543.0,0.48918918
2021-09-24,suez,108691.0,1810.0,45860.0,1562.0,59096.0,0.5437065,4.458348,60.050278,113.0,403.0,5286349.0,19105480.0,0.28039703,0.2766928,46781.848,-7.377049,4934528.0,1110.0,543.0,0.48918918
2021-10-01,suez,107461.0,1982.0,48142.0,1383.0,55690.0,0.51823455,-1.1316484,54.218468,123.0,461.0,5295115.0,20502544.0,0.26681128,0.25826624,43049.715,8.849558,5233161.5,1303.0,686.0,0.52647734
2021-10-08,suez,107461.0,1982.0,48142.0,1383.0,55690.0,0.51823455,-1.1316484,54.218468,135.0,444.0,6626211.0,20212590.0,0.30405405,0.32782593,49083.043,9.756098,5485690.5,1303.0,686.0,0.52647734
2021-10-15,suez,107461.0,1982.0,48142.0,1383.0,55690.0,0.51823455,-1.1316484,54.218468,106.0,428.0,4648040.0,18806096.0,0.24766356,0.24715602,43849.434,-21.481482,5463929.0,1303.0,686.0,0.52647734
2021-10-22,suez,107461.0,1982.0,48142.0,1383.0,55690.0,0.51823455,-1.1316484,54.218468,108.0,429.0,4876960.0,18817292.0,0.25174826,0.25917438,45157.035,1.8867924,5361581.5,1303.0,686.0,0.52647734
2021-10-29,suez,100280.0,1991.0,44016.0,1277.0,52810.0,0.52662545,-6.6824245,50.36665,136.0,448.0,6633271.0,22406420.0,0.30357143,0.29604334,48774.05,25.925926,5696120.5,1571.0,949.0,0.6040738
2021-11-05,suez,100280.0,1991.0,44016.0,1277.0,52810.0,0.52662545,-6.6824245,50.36665,111.0,398.0,5449271.0,17970296.0,0.27889448,0.30323768,49092.53,-18.382353,5401885.5,1571.0,949.0,0.6040738
2021-11-12,suez,100280.0,1991.0,44016.0,1277.0,52810.0,0.52662545,-6.6824245,50.36665,138.0,453.0,6324150.0,19520808.0,0.30463576,0.32396966,45827.176,24.324324,5820913.0,1571.0,949.0,0.6040738
2021-11-19,suez,100280.0,1991.0,44016.0,1277.0,52810.0,0.52662545,-6.6824245,50.36665,123.0,407.0,5036188.0,17570192.0,0.3022113,0.2866325,40944.617,-10.869565,5860720.0,1571.0,949.0,0.6040738
2021-11-26,suez,100280.0,1991.0,44016.0,1277.0,52810.0,0.52662545,-6.6824245,50.36665,109.0,437.0,5080605.0,20399854.0,0.24942791,0.24905105,46611.055,-11.382113,5472553.5,1571.0,949.0,0.6040738
2021-12-03,suez,95418.0,1992.0,41523.0,1364.0,50519.0,0.52944934,-4.8484244,47.900604,130.0,444.0,5649395.0,20110328.0,0.2927928,0.2809201,43456.883,19.266054,5522584.5,1648.0,1090.0,0.66140777
2021-12-10,suez,95418.0,1992.0,41523.0,1364.0,50519.0,0.52944934,-4.8484244,47.900604,127.0,421.0,4379471.0,19450286.0,0.3016627,0.2251623,34484.023,-2.3076923,5036415.0,1648.0,1090.0,0.66140777
2021-12-17,suez,95418.0,1992.0,41523.0,1364.0,50519.0,0.52944934,-4.8484244,47.900604,113.0,426.0,4340071.0,20453844.0,0.26525822,0.21218854,38407.707,-11.0236225,4862385.5,1648.0,1090.0,0.66140777
2021-12-24,suez,95418.0,1992.0,41523.0,1364.0,50519.0,0.52944934,-4.8484244,47.900604,111.0,400.0,5035573.0,18894924.0,0.2775,0.26650402,45365.523,-1.7699115,4851127.5,1648.0,1090.0,0.66140777
2021-12-31,suez,95945.0,2014.0,40003.0,1403.0,51967.0,0.54163325,0.5523067,47.639027,135.0,418.0,6616114.0,20518784.0,0.32296652,0.32244182,49008.25,21.621622,5092807.0,1589.0,907.0,0.57079923
2022-01-07,suez,95945.0,2014.0,40003.0,1403.0,51967.0,0.54163325,0.5523067,47.639027,109.0,410.0,4771281.0,18315616.0,0.26585367,0.26050344,43773.22,-19.25926,5190760.0,1589.0,907.0,0.57079923
2022-01-14,suez,95945.0,2014.0,40003.0,1403.0,51967.0,0.54163325,0.5523067,47.639027,113.0,438.0,5122623.0,19219948.0,0.25799087,0.26652637,45332.945,3.6697247,5386398.0,1589.0,907.0,0.57079923
2022-01-21,suez,95945.0,2014.0,40003.0,1403.0,51967.0,0.54163325,0.5523067,47.639027,101.0,399.0,4519643.0,16693980.0,0.25313282,0.2707349,44748.94,-10.619469,5257415.0,1589.0,907.0,0.57079923
2022-01-28,suez,124802.0,1988.0,52055.0,1457.0,68177.0,0.54628134,30.076607,62.777664,100.0,395.0,4261356.0,18677368.0,0.25316456,0.22815612,42613.56,-0.990099,4668726.0,1425.0,629.0,0.4414035
2022-02-04,suez,124802.0,1988.0,52055.0,1457.0,68177.0,0.54628134,30.076607,62.777664,120.0,414.0,5144373.0,17001764.0,0.28985506,0.30257878,42869.773,20.0,4761999.0,1425.0,629.0,0.4414035
2022-02-11,suez,124802.0,1988.0,52055.0,1457.0,68177.0,0.54628134,30.076607,62.777664,91.0,421.0,3746673.0,17970982.0,0.21615201,0.2084846,41172.23,-24.166666,4418011.0,1425.0,629.0,0.4414035
2022-02-18,suez,124802.0,1988.0,52055.0,1457.0,68177.0,0.54628134,30.076607,62.777664,114.0,450.0,4626274.0,19277624.0,0.25333333,0.23998153,40581.35,25.274725,4444669.0,1425.0,629.0,0.4414035
2022-02-25,suez,124802.0,1988.0,52055.0,1457.0,68177.0,0.54628134,30.076607,62.777664,113.0,431.0,5713958.0,19655110.0,0.26218098,0.29071108,50566.0,-0.877193,4807819.5,1425.0,629.0,0.4414035
2022-03-04,suez,124196.0,1977.0,51845.0,1461.0,68097.0,0.5483027,-0.48556915,62.820435,101.0,427.0,4419866.0,19452364.0,0.23653395,0.22721486,43761.05,-10.619469,4626693.0,588.0,244.0,0.414966
2022-03-11,suez,124196.0,1977.0,51845.0,1461.0,68097.0,0.5483027,-0.48556915,62.820435,112.0,450.0,5370448.0,19857376.0,0.2488889,0.27045104,47950.43,10.891089,5032636.5,588.0,244.0,0.414966
2022-03-18,suez,124196.0,1977.0,51845.0,1461.0,68097.0,0.5483027,-0.48556915,62.820435,119.0,406.0,5009252.0,17615922.0,0.29310346,0.28435934,42094.555,6.25,5128381.0,588.0,244.0,0.414966
2022-03-25,suez,124196.0,1977.0,51845.0,1461.0,68097.0,0.5483027,-0.48556915,62.820435,124.0,428.0,5737726.0,17772492.0,0.2897196,0.32284304,46271.984,4.2016807,5134323.0,588.0,244.0,0.414966
2022-04-01,suez,121179.0,1906.0,55018.0,1310.0,62074.0,0.5122505,-2.4292247,63.57765,109.0,399.0,5018388.0,16212428.0,0.27318296,0.30953956,46040.258,-12.096774,5283953.5,527.0,206.0,0.39089185
2022-04-08,suez,121179.0,1906.0,55018.0,1310.0,62074.0,0.5122505,-2.4292247,63.57765,145.0,450.0,6911840.0,19464644.0,0.32222223,0.35509717,47667.863,33.027523,5669301.5,527.0,206.0,0.39089185
2022-04-15,suez,121179.0,1906.0,55018.0,1310.0,62074.0,0.5122505,-2.4292247,63.57765,130.0,439.0,6187050.0,19265740.0,0.29612756,0.3211426,47592.69,-10.344828,5963751.0,527.0,206.0,0.39089185
2022-04-22,suez,121179.0,1906.0,55018.0,1310.0,62074.0,0.5122505,-2.4292247,63.57765,140.0,449.0,5777021.0,19546996.0,0.311804,0.29554522,41264.438,7.6923075,5973575.0,527.0,206.0,0.39089185
2022-04-29,suez,128006.0,1988.0,55550.0,1287.0,67659.0,0.5285612,5.6338143,64.389336,154.0,469.0,6053156.0,19583356.0,0.3283582,0.30909696,39306.207,10.0,6232267.0,756.0,349.0,0.4616402
2022-05-06,suez,128006.0,1988.0,55550.0,1287.0,67659.0,0.5285612,5.6338143,64.389336,150.0,444.0,7282927.0,20203080.0,0.33783785,0.36048597,48552.848,-2.5974026,6325038.5,756.0,349.0,0.4616402
2022-05-13,suez,128006.0,1988.0,55550.0,1287.0,67659.0,0.5285612,5.6338143,64.389336,133.0,420.0,6049136.0,17598476.0,0.31666666,0.3437307,45482.227,-11.333333,6290560.0,756.0,349.0,0.4616402
2022-05-20,suez,128006.0,1988.0,55550.0,1287.0,67659.0,0.5285612,5.6338143,64.389336,151.0,458.0,7248902.0,21017540.0,0.32969433,0.34489772,48005.973,13.533834,6658530.0,756.0,349.0,0.4616402
2022-05-27,suez,128006.0,1988.0,55550.0,1287.0,67659.0,0.5285612,5.6338143,64.389336,135.0,445.0,6669573.0,20599952.0,0.30337077,0.3237664,49404.246,-10.596026,6812634.5,756.0,349.0,0.4616402
2022-06-03,suez,131210.0,2084.0,56375.0,1512.0,69383.0,0.5287935,2.5030077,62.96065,143.0,450.0,7648567.0,20996504.0,0.31777778,0.3642781,53486.484,5.9259257,6904044.5,644.0,264.0,0.4099379
2022-06-10,suez,131210.0,2084.0,56375.0,1512.0,69383.0,0.5287935,2.5030077,62.96065,135.0,418.0,6341845.0,18792720.0,0.32296652,0.33746287,46976.63,-5.5944057,6977222.0,644.0,264.0,0.4099379
2022-06-17,suez,131210.0,2084.0,56375.0,1512.0,69383.0,0.5287935,2.5030077,62.96065,168.0,477.0,8126582.0,21572968.0,0.35220125,0.3767021,48372.51,24.444445,7196642.0,644.0,264.0,0.4099379
2022-06-24,suez,131210.0,2084.0,56375.0,1512.0,69383.0,0.5287935,2.5030077,62.96065,145.0,476.0,7087740.0,20935224.0,0.30462185,0.33855572,48880.965,-13.690476,7301183.5,644.0,264.0,0.4099379
2022-07-01,suez,130340.0,2074.0,51694.0,1653.0,72928.0,0.55952126,-0.66305923,62.844746,156.0,460.0,8419805.0,21498320.0,0.33913043,0.39164943,53973.11,7.586207,7493993.0,661.0,279.0,0.42208776
2022-07-08,suez,130340.0,2074.0,51694.0,1653.0,72928.0,0.55952126,-0.66305923,62.844746,185.0,506.0,8492386.0,22385152.0,0.36561266,0.37937582,45904.79,18.589743,8031628.0,661.0,279.0,0.42208776
2022-07-15,suez,130340.0,2074.0,51694.0,1653.0,72928.0,0.55952126,-0.66305923,62.844746,144.0,485.0,5937789.0,19791666.0,0.29690722,0.30001462,41234.645,-22.162163,7484430.0,661.0,279.0,0.42208776
2022-07-22,suez,130340.0,2074.0,51694.0,1653.0,72928.0,0.55952126,-0.66305923,62.844746,146.0,489.0,6639346.0,21695994.0,0.29856852,0.30601713,45474.973,1.3888888,7372331.5,661.0,279.0,0.42208776
2022-07-29,suez,132664.0,2119.0,52180.0,1416.0,76226.0,0.5745794,1.783029,62.60689,168.0,482.0,8256439.0,21752452.0,0.34854773,0.37956363,49145.47,15.068493,7331490.0,709.0,305.0,0.43018335
2022-08-05,suez,132664.0,2119.0,52180.0,1416.0,76226.0,0.5745794,1.783029,62.60689,177.0,509.0,7570204.0,22456226.0,0.34774068,0.33710936,42769.516,5.357143,7100944.5,709.0,305.0,0.43018335
2022-08-12,suez,132664.0,2119.0,52180.0,1416.0,76226.0,0.5745794,1.783029,62.60689,162.0,502.0,7710249.0,21193722.0,0.32270917,0.36379874,47594.13,-8.474576,7544059.5,709.0,305.0,0.43018335
2022-08-19,suez,132664.0,2119.0,52180.0,1416.0,76226.0,0.5745794,1.783029,62.60689,158.0,520.0,7695920.0,23801708.0,0.30384615,0.32333478,48708.355,-2.4691358,7808203.0,709.0,305.0,0.43018335
2022-08-26,suez,132664.0,2119.0,52180.0,1416.0,76226.0,0.5745794,1.783029,62.60689,131.0,473.0,6747598.0,21213444.0,0.2769556,0.3180812,51508.383,-17.088608,7430993.0,709.0,305.0,0.43018335
2022-09-02,suez,135565.0,2196.0,54072.0,1557.0,77460.0,0.5713864,2.1867273,61.732697,174.0,505.0,8787603.0,23240366.0,0.34455445,0.3781181,50503.465,32.82443,7735342.5,682.0,306.0,0.44868034
2022-09-09,suez,135565.0,2196.0,54072.0,1557.0,77460.0,0.5713864,2.1867273,61.732697,158.0,481.0,7291400.0,20605116.0,0.32848233,0.3538636,46148.1,-9.195402,7630630.0,682.0,306.0,0.44868034
2022-09-16,suez,135565.0,2196.0,54072.0,1557.0,77460.0,0.5713864,2.1867273,61.732697,160.0,483.0,8366654.0,21897866.0,0.33126295,0.38207623,52291.586,1.2658228,7798314.0,682.0,306.0,0.44868034
2022-09-23,suez,135565.0,2196.0,54072.0,1557.0,77460.0,0.5713864,2.1867273,61.732697,162.0,492.0,7117096.0,21842622.0,0.3292683,0.32583523,43932.69,1.25,7890688.0,682.0,306.0,0.44868034
2022-09-30,suez,141586.0,2207.0,58908.0,1461.0,79348.0,0.56042266,4.441412,64.15315,178.0,489.0,8772807.0,21784948.0,0.3640082,0.4027004,49285.434,9.876543,7886989.0,687.0,298.0,0.43377
2022-10-07,suez,141586.0,2207.0,58908.0,1461.0,79348.0,0.56042266,4.441412,64.15315,162.0,461.0,7578084.0,20358136.0,0.35140997,0.37223858,46778.297,-8.988764,7958660.0,687.0,298.0,0.43377
2022-10-14,suez,141586.0,2207.0,58908.0,1461.0,79348.0,0.56042266,4.441412,64.15315,136.0,487.0,6351456.0,20825828.0,0.27926078,0.30497977,46701.883,-16.049383,7454861.0,687.0,298.0,0.43377
2022-10-21,suez,141586.0,2207.0,58908.0,1461.0,79348.0,0.56042266,4.441412,64.15315,155.0,480.0,7526971.0,20957104.0,0.32291666,0.35916084,48561.1,13.970589,7557329.5,687.0,298.0,0.43377
2022-10-28,suez,132573.0,2114.0,51468.0,1853.0,76226.0,0.57497376,-6.365742,62.71192,167.0,492.0,8426912.0,22662682.0,0.3394309,0.3718409,50460.55,7.7419353,7470856.0,878.0,433.0,0.4931663
2022-11-04,suez,132573.0,2114.0,51468.0,1853.0,76226.0,0.57497376,-6.365742,62.71192,160.0,498.0,7657900.0,21456784.0,0.32128513,0.35689875,47861.875,-4.1916165,7490810.0,878.0,433.0,0.4931663
2022-11-11,suez,132573.0,2114.0,51468.0,1853.0,76226.0,0.57497376,-6.365742,62.71192,162.0,521.0,7111612.0,23001186.0,0.3109405,0.30918458,43898.84,1.25,7680849.0,878.0,433.0,0.4931663
2022-11-18,suez,132573.0,2114.0,51468.0,1853.0,76226.0,0.57497376,-6.365742,62.71192,171.0,522.0,7917090.0,21841920.0,0.3275862,0.36247227,46298.773,5.5555553,7778378.5,878.0,433.0,0.4931663
2022-11-25,suez,132573.0,2114.0,51468.0,1853.0,76226.0,0.57497376,-6.365742,62.71192,165.0,503.0,8378138.0,22218812.0,0.3280318,0.3770741,50776.594,-3.508772,7766185.0,878.0,433.0,0.4931663
2022-12-02,suez,133097.0,2247.0,53271.0,1845.0,74870.0,0.56252205,0.39525393,59.2332,168.0,477.0,8442918.0,21353904.0,0.35220125,0.39538053,50255.465,1.8181819,7962439.5,1033.0,558.0,0.54017425
2022-12-09,suez,133097.0,2247.0,53271.0,1845.0,74870.0,0.56252205,0.39525393,59.2332,159.0,507.0,7818475.0,22943872.0,0.31360948,0.34076527,49172.797,-5.357143,8139155.0,1033.0,558.0,0.54017425
2022-12-16,suez,133097.0,2247.0,53271.0,1845.0,74870.0,0.56252205,0.39525393,59.2332,180.0,522.0,8450439.0,23052984.0,0.3448276,0.36656594,46946.883,13.207547,8272492.5,1033.0,558.0,0.54017425
2022-12-23,suez,133097.0,2247.0,53271.0,1845.0,74870.0,0.56252205,0.39525393,59.2332,166.0,480.0,9033273.0,22335078.0,0.34583333,0.40444332,54417.31,-7.7777777,8436276.0,1033.0,558.0,0.54017425
2022-12-30,suez,137825.0,2323.0,53136.0,1525.0,79160.0,0.57435155,3.5522964,59.33061,176.0,494.0,8883879.0,22608502.0,0.3562753,0.39294416,50476.586,6.0240965,8546516.0,875.0,400.0,0.45714286
2023-01-06,suez,137825.0,2323.0,53136.0,1525.0,79160.0,0.57435155,3.5522964,59.33061,160.0,496.0,7488071.0,22175082.0,0.32258064,0.3376795,46800.445,-9.090909,8463916.0,875.0,400.0,0.45714286
2023-01-13,suez,137825.0,2323.0,53136.0,1525.0,79160.0,0.57435155,3.5522964,59.33061,158.0,501.0,7456201.0,21776780.0,0.31536925,0.34239227,47191.145,-1.25,8215356.0,875.0,400.0,0.45714286
2023-01-20,suez,137825.0,2323.0,53136.0,1525.0,79160.0,0.57435155,3.5522964,59.33061,180.0,494.0,8783293.0,21955372.0,0.36437246,0.4000521,48796.07,13.92405,8152861.0,875.0,400.0,0.45714286
2023-01-27,suez,137825.0,2323.0,53136.0,1525.0,79160.0,0.57435155,3.5522964,59.33061,175.0,489.0,9603387.0,23035210.0,0.3578732,0.41690034,54876.496,-2.7777777,8332738.0,875.0,400.0,0.45714286
2023-02-03,suez,141428.0,2302.0,57198.0,1348.0,78978.0,0.5584326,2.6141846,61.43701,175.0,512.0,8115104.0,22361194.0,0.34179688,0.36291015,46372.023,0.0,8489496.0,919.0,449.0,0.48857453
2023-02-10,suez,141428.0,2302.0,57198.0,1348.0,78978.0,0.5584326,2.6141846,61.43701,157.0,474.0,8612527.0,21847068.0,0.33122364,0.3942189,54856.86,-10.285714,8778578.0,919.0,449.0,0.48857453
2023-02-17,suez,141428.0,2302.0,57198.0,1348.0,78978.0,0.5584326,2.6141846,61.43701,177.0,487.0,8362200.0,21491762.0,0.3634497,0.38908863,47244.066,12.738853,8673304.0,919.0,449.0,0.48857453
2023-02-24,suez,141428.0,2302.0,57198.0,1348.0,78978.0,0.5584326,2.6141846,61.43701,171.0,493.0,8618009.0,21978824.0,0.346856,0.39210507,50397.715,-3.3898306,8426960.0,919.0,449.0,0.48857453
2023-03-03,suez,155401.0,2339.0,63799.0,1461.0,85973.0,0.55323327,9.879939,66.43908,198.0,496.0,10119562.0,23238730.0,0.39919356,0.43546107,51108.9,15.789474,8928074.0,942.0,329.0,0.3492569
2023-03-10,suez,155401.0,2339.0,63799.0,1461.0,85973.0,0.55323327,9.879939,66.43908,159.0,467.0,6828990.0,19771932.0,0.3404711,0.34538808,42949.62,-19.69697,8482190.0,942.0,329.0,0.3492569
2023-03-17,suez,155401.0,2339.0,63799.0,1461.0,85973.0,0.55323327,9.879939,66.43908,188.0,511.0,8828617.0,23396020.0,0.36790606,0.3773555,46960.73,18.238995,8598794.0,942.0,329.0,0.3492569
2023-03-24,suez,155401.0,2339.0,63799.0,1461.0,85973.0,0.55323327,9.879939,66.43908,187.0,520.0,10318774.0,24778152.0,0.3596154,0.41644648,55180.61,-0.5319149,9023986.0,942.0,329.0,0.3492569
2023-03-31,suez,142134.0,2148.0,55972.0,882.0,81061.0,0.57031393,-8.537268,66.17039,195.0,518.0,10413087.0,25566084.0,0.3764479,0.40730083,53400.445,4.2780747,9097367.0,851.0,398.0,0.46768507
2023-04-07,suez,142134.0,2148.0,55972.0,882.0,81061.0,0.57031393,-8.537268,66.17039,167.0,472.0,9725810.0,23485382.0,0.35381356,0.41412187,58238.383,-14.358974,9821572.0,851.0,398.0,0.46768507
2023-04-14,suez,142134.0,2148.0,55972.0,882.0,81061.0,0.57031393,-8.537268,66.17039,181.0,527.0,8572482.0,23632246.0,0.3434535,0.36274514,47361.777,8.383233,9757538.0,851.0,398.0,0.46768507
2023-04-21,suez,142134.0,2148.0,55972.0,882.0,81061.0,0.57031393,-8.537268,66.17039,185.0,540.0,8627143.0,23686228.0,0.3425926,0.3642261,46633.207,2.2099447,9334630.0,851.0,398.0,0.46768507
2023-04-28,suez,165804.0,2460.0,63045.0,1454.0,92995.0,0.5608731,16.6533,67.4,200.0,542.0,10791753.0,26695588.0,0.36900368,0.40425232,53958.766,8.1081085,9429297.0,946.0,344.0,0.36363637
2023-05-05,suez,165804.0,2460.0,63045.0,1454.0,92995.0,0.5608731,16.6533,67.4,196.0,545.0,9857353.0,25285878.0,0.35963303,0.38983628,50292.617,-2.0,9462183.0,946.0,344.0,0.36363637
2023-05-12,suez,165804.0,2460.0,63045.0,1454.0,92995.0,0.5608731,16.6533,67.4,189.0,565.0,9339955.0,25830864.0,0.33451328,0.3615812,49417.75,-3.5714285,9654051.0,946.0,344.0,0.36363637
2023-05-19,suez,165804.0,2460.0,63045.0,1454.0,92995.0,0.5608731,16.6533,67.4,190.0,531.0,8548126.0,24318032.0,0.35781544,0.35151386,44990.137,0.52910054,9634297.0,946.0,344.0,0.36363637
2023-05-26,suez,165804.0,2460.0,63045.0,1454.0,92995.0,0.5608731,16.6533,67.4,205.0,548.0,9803260.0,24242736.0,0.3740876,0.40437925,47820.78,7.894737,9387174.0,946.0,344.0,0.36363637
2023-06-02,suez,162091.0,2546.0,64142.0,1411.0,87152.0,0.5376733,-2.239391,63.664963,183.0,521.0,8741879.0,24189032.0,0.3512476,0.36139846,47769.832,-10.731708,9108305.0,766.0,331.0,0.43211487
2023-06-09,suez,162091.0,2546.0,64142.0,1411.0,87152.0,0.5376733,-2.239391,63.664963,164.0,540.0,8636496.0,25679656.0,0.3037037,0.33631665,52661.562,-10.382514,8932440.0,766.0,331.0,0.43211487
2023-06-16,suez,162091.0,2546.0,64142.0,1411.0,87152.0,0.5376733,-2.239391,63.664963,182.0,516.0,9641666.0,23754240.0,0.35271317,0.40589243,52976.188,10.97561,9205825.0,766.0,331.0,0.43211487
2023-06-23,suez,162091.0,2546.0,64142.0,1411.0,87152.0,0.5376733,-2.239391,63.664963,202.0,520.0,9672169.0,24672132.0,0.38846153,0.3920281,47882.023,10.989011,9173052.0,766.0,331.0,0.43211487
2023-06-30,suez,175369.0,2633.0,71506.0,2540.0,92861.0,0.52951777,8.191695,66.604256,189.0,518.0,9740530.0,24780112.0,0.36486486,0.39307854,51537.195,-6.4356437,9422715.0,1084.0,340.0,0.31365314
2023-07-07,suez,175369.0,2633.0,71506.0,2540.0,92861.0,0.52951777,8.191695,66.604256,176.0,543.0,8423854.0,24014876.0,0.32412523,0.3507765,47862.81,-6.878307,9369555.0,1084.0,340.0,0.31365314
2023-07-14,suez,175369.0,2633.0,71506.0,2540.0,92861.0,0.52951777,8.191695,66.604256,182.0,490.0,8299556.0,22206274.0,0.37142858,0.37374824,45601.957,3.409091,9034027.0,1084.0,340.0,0.31365314
2023-07-21,suez,175369.0,2633.0,71506.0,2540.0,92861.0,0.52951777,8.191695,66.604256,173.0,504.0,7951206.0,22287314.0,0.34325397,0.35675928,45960.727,-4.945055,8603786.0,1084.0,340.0,0.31365314
2023-07-28,suez,166881.0,2426.0,62376.0,2755.0,94707.0,0.56751215,-4.8400803,68.78854,206.0,518.0,9786120.0,24091136.0,0.3976834,0.40621248,47505.438,19.075144,8615184.0,882.0,336.0,0.3809524
2023-08-04,suez,166881.0,2426.0,62376.0,2755.0,94707.0,0.56751215,-4.8400803,68.78854,170.0,491.0,7582909.0,21465280.0,0.34623218,0.3532639,44605.348,-17.475729,8404948.0,882.0,336.0,0.3809524
2023-08-11,suez,166881.0,2426.0,62376.0,2755.0,94707.0,0.56751215,-4.8400803,68.78854,163.0,479.0,7584629.0,22023948.0,0.34029227,0.34438097,46531.465,-4.117647,8226216.0,882.0,336.0,0.3809524
2023-08-18,suez,166881.0,2426.0,62376.0,2755.0,94707.0,0.56751215,-4.8400803,68.78854,168.0,477.0,7841600.0,21826798.0,0.35220125,0.3592648,46676.19,3.0674846,8198814.5,882.0,336.0,0.3809524
2023-08-25,suez,166881.0,2426.0,62376.0,2755.0,94707.0,0.56751215,-4.8400803,68.78854,165.0,509.0,7948089.0,23914860.0,0.32416502,0.3323494,48170.24,-1.7857143,7739307.0,882.0,336.0,0.3809524
2023-09-01,suez,165231.0,2435.0,60095.0,2869.0,95995.0,0.5809745,-0.9887285,67.856674,163.0,515.0,8069645.0,22943062.0,0.31650487,0.35172486,49507.023,-1.2121212,7860991.0,995.0,346.0,0.34773868
2023-09-08,suez,165231.0,2435.0,60095.0,2869.0,95995.0,0.5809745,-0.9887285,67.856674,169.0,499.0,7707212.0,21593226.0,0.33867735,0.3569273,45604.805,3.6809816,7891636.5,995.0,346.0,0.34773868
2023-09-15,suez,165231.0,2435.0,60095.0,2869.0,95995.0,0.5809745,-0.9887285,67.856674,165.0,516.0,8445537.0,24085868.0,0.31976745,0.35064286,51185.074,-2.366864,8042621.0,995.0,346.0,0.34773868
2023-09-22,suez,165231.0,2435.0,60095.0,2869.0,95995.0,0.5809745,-0.9887285,67.856674,197.0,540.0,10154535.0,26033240.0,0.36481482,0.39006037,51545.863,19.39394,8594232.0,995.0,346.0,0.34773868
2023-09-29,suez,179964.0,2397.0,70516.0,2248.0,100688.0,0.55948967,8.916608,75.07885,169.0,490.0,7518995.0,22643978.0,0.34489796,0.33205274,44491.094,-14.213198,8456570.0,998.0,244.0,0.24448898
2023-10-06,suez,179964.0,2397.0,70516.0,2248.0,100688.0,0.55948967,8.916608,75.07885,174.0,528.0,8213791.0,23534476.0,0.32954547,0.349011,47205.695,2.9585798,8583214.0,998.0,244.0,0.24448898
2023-10-13,suez,179964.0,2397.0,70516.0,2248.0,100688.0,0.55948967,8.916608,75.07885,163.0,510.0,8201043.0,24472836.0,0.31960785,0.33510798,50313.15,-6.321839,8522091.0,998.0,244.0,0.24448898
2023-10-20,suez,179964.0,2397.0,70516.0,2248.0,100688.0,0.55948967,8.916608,75.07885,182.0,558.0,8639892.0,24472910.0,0.32616487,0.35303903,47471.934,11.656442,8143430.0,998.0,244.0,0.24448898
2023-10-27,suez,179964.0,2397.0,70516.0,2248.0,100688.0,0.55948967,8.916608,75.07885,190.0,539.0,9495359.0,25121814.0,0.35250464,0.37797266,49975.574,4.3956046,8637521.0,998.0,244.0,0.24448898
2023-11-03,suez,163867.0,2415.0,65124.0,2076.0,90234.0,0.5506539,-8.944567,67.85383,177.0,530.0,8768284.0,24603564.0,0.33396226,0.35638267,49538.33,-6.8421054,8776144.0,874.0,327.0,0.37414187
2023-11-10,suez,163867.0,2415.0,65124.0,2076.0,90234.0,0.5506539,-8.944567,67.85383,166.0,520.0,7028398.0,22489186.0,0.31923077,0.31252345,42339.746,-6.2146893,8482983.0,874.0,327.0,0.37414187
2023-11-17,suez,163867.0,2415.0,65124.0,2076.0,90234.0,0.5506539,-8.944567,67.85383,170.0,542.0,8516362.0,25517772.0,0.31365314,0.33374238,50096.246,2.4096386,8452101.0,874.0,327.0,0.37414187
2023-11-24,suez,163867.0,2415.0,65124.0,2076.0,90234.0,0.5506539,-8.944567,67.85383,177.0,558.0,9311347.0,25051064.0,0.3172043,0.37169468,52606.48,4.117647,8406098.0,874.0,327.0,0.37414187
2023-12-01,suez,171113.0,2582.0,67768.0,2813.0,91480.0,0.5346175,4.421879,66.27149,170.0,508.0,8578769.0,25013976.0,0.33464566,0.34295902,50463.348,-3.9548023,8358719.0,682.0,304.0,0.4457478
2023-12-08,suez,171113.0,2582.0,67768.0,2813.0,91480.0,0.5346175,4.421879,66.27149,173.0,527.0,7602289.0,23629964.0,0.32827324,0.32172242,43943.867,1.7647059,8502192.0,682.0,304.0,0.4457478
2023-12-15,suez,171113.0,2582.0,67768.0,2813.0,91480.0,0.5346175,4.421879,66.27149,174.0,519.0,7255946.0,22635740.0,0.33526012,0.32055265,41700.84,0.5780347,8187088.0,682.0,304.0,0.4457478
2023-12-22,suez,171113.0,2582.0,67768.0,2813.0,91480.0,0.5346175,4.421879,66.27149,193.0,535.0,8341534.0,23750960.0,0.36074767,0.3512083,43220.383,10.91954,7944634.5,682.0,304.0,0.4457478
2023-12-29,suez,169141.0,2478.0,67304.0,2777.0,90705.0,0.53626853,-1.1524549,68.257065,181.0,539.0,8375306.0,22337800.0,0.33580706,0.37493873,46272.41,-6.2176166,7893769.0,910.0,305.0,0.33516484
2024-01-05,suez,169141.0,2478.0,67304.0,2777.0,90705.0,0.53626853,-1.1524549,68.257065,141.0,417.0,7154082.0,16883438.0,0.3381295,0.4237337,50738.17,-22.099447,7781717.0,910.0,305.0,0.33516484
2024-01-12,suez,169141.0,2478.0,67304.0,2777.0,90705.0,0.53626853,-1.1524549,68.257065,142.0,385.0,6973800.0,15895447.0,0.36883116,0.4387294,49111.27,0.7092199,7711180.5,910.0,305.0,0.33516484
2024-01-19,suez,169141.0,2478.0,67304.0,2777.0,90705.0,0.53626853,-1.1524549,68.257065,114.0,361.0,5413081.0,14823103.0,0.31578946,0.36517867,47483.168,-19.71831,6979067.0,910.0,305.0,0.33516484
2024-01-26,suez,169141.0,2478.0,67304.0,2777.0,90705.0,0.53626853,-1.1524549,68.257065,122.0,360.0,6555605.0,14661577.0,0.33888888,0.44712824,53734.47,7.017544,6524142.0,910.0,305.0,0.33516484
2024-02-02,suez,163040.0,2239.0,63942.0,2342.0,89982.0,0.5519014,-3.6070497,72.81822,95.0,296.0,4436652.0,10382438.0,0.32094595,0.42732275,46701.6,-22.131147,5844784.5,932.0,304.0,0.32618025
2024-02-09,suez,163040.0,2239.0,63942.0,2342.0,89982.0,0.5519014,-3.6070497,72.81822,81.0,271.0,3757419.0,9957623.0,0.29889297,0.37734097,46387.89,-14.736842,5040689.0,932.0,304.0,0.32618025
2024-02-16,suez,163040.0,2239.0,63942.0,2342.0,89982.0,0.5519014,-3.6070497,72.81822,84.0,303.0,3671601.0,11012029.0,0.27722773,0.3334173,43709.535,3.7037036,4605319.0,932.0,304.0,0.32618025
2024-02-23,suez,163040.0,2239.0,63942.0,2342.0,89982.0,0.5519014,-3.6070497,72.81822,100.0,287.0,4948534.0,10672384.0,0.34843206,0.46367654,49485.34,19.047619,4203551.5,932.0,304.0,0.32618025
2024-03-01,suez,137860.0,1656.0,51921.0,2058.0,77653.0,0.5632743,-15.444063,83.248795,99.0,286.0,6213332.0,11756302.0,0.34615386,0.52851075,62760.93,-1.0,4647721.5,831.0,332.0,0.39951864
2024-03-08,suez,137860.0,1656.0,51921.0,2058.0,77653.0,0.5632743,-15.444063,83.248795,96.0,305.0,5273187.0,11465705.0,0.3147541,0.45990953,54929.03,-3.030303,5026663.5,831.0,332.0,0.39951864
2024-03-15,suez,137860.0,1656.0,51921.0,2058.0,77653.0,0.5632743,-15.444063,83.248795,92.0,269.0,3931395.0,8576351.0,0.34200743,0.4583995,42732.555,-4.1666665,5091612.0,831.0,332.0,0.39951864
2024-03-22,suez,137860.0,1656.0,51921.0,2058.0,77653.0,0.5632743,-15.444063,83.248795,101.0,285.0,4594665.0,10343998.0,0.35438597,0.44418657,45491.734,9.782609,5003145.0,831.0,332.0,0.39951864
2024-03-29,suez,121501.0,1393.0,43809.0,1459.0,70001.0,0.57613516,-11.866386,87.22254,101.0,262.0,4430973.0,9810742.0,0.38549617,0.45164505,43871.02,0.0,4557555.0,803.0,360.0,0.4483188
2024-04-05,suez,121501.0,1393.0,43809.0,1459.0,70001.0,0.57613516,-11.866386,87.22254,88.0,274.0,3998067.0,9668541.0,0.3211679,0.41351295,45432.58,-12.871287,4238775.0,803.0,360.0,0.4483188
2024-04-12,suez,121501.0,1393.0,43809.0,1459.0,70001.0,0.57613516,-11.866386,87.22254,102.0,285.0,4517739.0,9586267.0,0.35789475,0.471272,44291.56,15.909091,4385361.0,803.0,360.0,0.4483188
2024-04-19,suez,121501.0,1393.0,43809.0,1459.0,70001.0,0.57613516,-11.866386,87.22254,99.0,281.0,4313796.0,10217888.0,0.35231316,0.4221808,43573.695,-2.9411764,4315144.0,803.0,360.0,0.4483188
2024-04-26,suez,121501.0,1393.0,43809.0,1459.0,70001.0,0.57613516,-11.866386,87.22254,97.0,284.0,4500571.0,9666017.0,0.3415493,0.4656076,46397.64,-2.020202,4332543.0,803.0,360.0,0.4483188
2024-05-03,suez,125845.0,1378.0,40969.0,2285.0,75035.0,0.59624934,3.5752792,91.32439,102.0,302.0,4520979.0,9738460.0,0.33774835,0.46423963,44323.324,5.1546392,4463271.0,787.0,352.0,0.4472681
2024-05-10,suez,125845.0,1378.0,40969.0,2285.0,75035.0,0.59624934,3.5752792,91.32439,93.0,248.0,4572796.0,8838778.0,0.375,0.51735616,49169.848,-8.823529,4477035.5,787.0,352.0,0.4472681
2024-05-17,suez,125845.0,1378.0,40969.0,2285.0,75035.0,0.59624934,3.5752792,91.32439,111.0,290.0,4671274.0,9276079.0,0.38275862,0.50358284,42083.55,19.35484,4566405.0,787.0,352.0,0.4472681
2024-05-24,suez,125845.0,1378.0,40969.0,2285.0,75035.0,0.59624934,3.5752792,91.32439,114.0,305.0,5097539.0,10082031.0,0.3737705,0.50560635,44715.254,2.7027028,4715647.0,787.0,352.0,0.4472681
2024-05-31,suez,122018.0,1380.0,37025.0,1936.0,75485.0,0.6186382,-3.0410426,88.41884,114.0,295.0,5191402.0,10048135.0,0.38644066,0.5166533,45538.613,0.0,4883253.0,667.0,321.0,0.48125938
2024-06-07,suez,122018.0,1380.0,37025.0,1936.0,75485.0,0.6186382,-3.0410426,88.41884,93.0,266.0,3507846.0,8485734.0,0.34962407,0.41338158,37718.773,-18.421053,4617015.0,667.0,321.0,0.48125938
2024-06-14,suez,122018.0,1380.0,37025.0,1936.0,75485.0,0.6186382,-3.0410426,88.41884,106.0,289.0,5305735.0,10382574.0,0.366782,0.5110231,50054.105,13.978495,4775630.5,667.0,321.0,0.48125938
2024-06-21,suez,122018.0,1380.0,37025.0,1936.0,75485.0,0.6186382,-3.0410426,88.41884,105.0,289.0,4156281.0,9537514.0,0.3633218,0.43578243,39583.63,-0.9433962,4540316.0,667.0,321.0,0.48125938
2024-06-28,suez,130027.0,1401.0,38703.0,1702.0,83041.0,0.6386443,6.5637856,92.810135,106.0,257.0,5043803.0,9431397.0,0.41245136,0.53478855,47583.047,0.95238096,4503416.0,727.0,323.0,0.44429162
2024-07-05,suez,130027.0,1401.0,38703.0,1702.0,83041.0,0.6386443,6.5637856,92.810135,101.0,260.0,3743875.0,7838080.0,0.38846153,0.47765204,37068.07,-4.716981,4562423.5,727.0,323.0,0.44429162
2024-07-12,suez,130027.0,1401.0,38703.0,1702.0,83041.0,0.6386443,6.5637856,92.810135,90.0,264.0,4833020.0,10058259.0,0.3409091,0.48050264,53700.223,-10.891089,4444245.0,727.0,323.0,0.44429162
2024-07-19,suez,130027.0,1401.0,38703.0,1702.0,83041.0,0.6386443,6.5637856,92.810135,96.0,257.0,3897377.0,8151921.0,0.37354085,0.4780931,40597.676,6.6666665,4379519.0,727.0,323.0,0.44429162
2024-07-26,suez,130027.0,1401.0,38703.0,1702.0,83041.0,0.6386443,6.5637856,92.810135,89.0,247.0,3619482.0,7915719.0,0.36032388,0.45725247,40668.336,-7.2916665,4023438.5,727.0,323.0,0.44429162
2024-08-02,suez,121560.0,1313.0,36760.0,1576.0,77588.0,0.6382692,-6.5117245,92.58187,120.0,275.0,4500984.0,8083488.0,0.43636364,0.5568121,37508.2,34.83146,4212716.0,712.0,279.0,0.39185393
2024-08-09,suez,121560.0,1313.0,36760.0,1576.0,77588.0,0.6382692,-6.5117245,92.58187,98.0,285.0,3798430.0,8251655.0,0.34385964,0.46032342,38759.49,-18.333334,3954068.2,712.0,279.0,0.39185393
2024-08-16,suez,121560.0,1313.0,36760.0,1576.0,77588.0,0.6382692,-6.5117245,92.58187,104.0,279.0,4284095.0,9844729.0,0.37275985,0.43516636,41193.223,6.122449,4050747.8,712.0,279.0,0.39185393
2024-08-23,suez,121560.0,1313.0,36760.0,1576.0,77588.0,0.6382692,-6.5117245,92.58187,110.0,284.0,3834998.0,8625120.0,0.38732395,0.44463125,34863.617,5.769231,4104626.8,712.0,279.0,0.39185393
2024-08-30,suez,121518.0,1271.0,42911.0,1887.0,71248.0,0.5863164,-0.03455084,95.608185,114.0,278.0,4917291.0,9102031.0,0.41007194,0.54024106,43134.133,3.6363637,4208703.5,559.0,197.0,0.35241503
2024-09-06,suez,121518.0,1271.0,42911.0,1887.0,71248.0,0.5863164,-0.03455084,95.608185,92.0,275.0,3092512.0,8141901.0,0.33454546,0.37982678,33614.26,-19.298246,4032224.0,559.0,197.0,0.35241503
2024-09-13,suez,121518.0,1271.0,42911.0,1887.0,71248.0,0.5863164,-0.03455084,95.608185,105.0,266.0,4035861.0,8240463.0,0.39473686,0.48976144,38436.77,14.130435,3970165.5,559.0,197.0,0.35241503
2024-09-20,suez,121518.0,1271.0,42911.0,1887.0,71248.0,0.5863164,-0.03455084,95.608185,84.0,226.0,4092750.0,7808192.0,0.37168142,0.52416104,48723.215,-20.0,4034603.5,559.0,197.0,0.35241503
2024-09-27,suez,121518.0,1271.0,42911.0,1887.0,71248.0,0.5863164,-0.03455084,95.608185,119.0,299.0,4202530.0,9316374.0,0.3979933,0.45109072,35315.38,41.666668,3855913.2,559.0,197.0,0.35241503
2024-10-04,suez,126829.0,1333.0,43472.0,1715.0,75638.0,0.5963778,4.370546,95.14554,116.0,272.0,4486467.0,8836751.0,0.42647058,0.5077055,38676.44,-2.5210085,4204402.0,664.0,269.0,0.4051205
2024-10-11,suez,126829.0,1333.0,43472.0,1715.0,75638.0,0.5963778,4.370546,95.14554,102.0,256.0,4159720.0,8994655.0,0.3984375,0.46246576,40781.57,-12.068966,4235367.0,664.0,269.0,0.4051205
2024-10-18,suez,126829.0,1333.0,43472.0,1715.0,75638.0,0.5963778,4.370546,95.14554,95.0,255.0,4216825.0,8383985.0,0.37254903,0.5029619,44387.633,-6.8627453,4266385.5,664.0,269.0,0.4051205
2024-10-25,suez,126829.0,1333.0,43472.0,1715.0,75638.0,0.5963778,4.370546,95.14554,99.0,263.0,3385478.0,7696927.0,0.37642586,0.439848,34196.746,4.2105265,4062122.5,664.0,269.0,0.4051205
2024-11-01,suez,124441.0,1290.0,40911.0,1480.0,74977.0,0.60251045,-1.8828502,96.46589,95.0,260.0,3588640.0,7692961.0,0.3653846,0.4664836,37775.156,-4.040404,3837665.8,815.0,354.0,0.43435583
2024-11-08,suez,124441.0,1290.0,40911.0,1480.0,74977.0,0.60251045,-1.8828502,96.46589,105.0,269.0,3846906.0,8842643.0,0.39033458,0.4350403,36637.2,10.526316,3759462.2,815.0,354.0,0.43435583
2024-11-15,suez,124441.0,1290.0,40911.0,1480.0,74977.0,0.60251045,-1.8828502,96.46589,99.0,252.0,3960157.0,8548710.0,0.39285713,0.46324614,40001.586,-5.714286,3695295.2,815.0,354.0,0.43435583
2024-11-22,suez,124441.0,1290.0,40911.0,1480.0,74977.0,0.60251045,-1.8828502,96.46589,103.0,260.0,3941935.0,8038427.0,0.39615384,0.49038637,38271.215,4.040404,3834409.5,815.0,354.0,0.43435583
2024-11-29,suez,127597.0,1379.0,38516.0,1547.0,77718.0,0.60908955,2.5361416,92.52864,83.0,232.0,2989599.0,6859404.0,0.3577586,0.43583947,36019.266,-19.417477,3684649.2,853.0,476.0,0.5580305
2024-12-06,suez,127597.0,1379.0,38516.0,1547.0,77718.0,0.60908955,2.5361416,92.52864,92.0,259.0,3817861.0,7856053.0,0.35521236,0.485977,41498.49,10.843373,3677388.0,853.0,476.0,0.5580305
2024-12-13,suez,127597.0,1379.0,38516.0,1547.0,77718.0,0.60908955,2.5361416,92.52864,89.0,240.0,3594377.0,7730745.0,0.37083334,0.46494573,40386.258,-3.2608695,3585943.0,853.0,476.0,0.5580305
2024-12-20,suez,127597.0,1379.0,38516.0,1547.0,77718.0,0.60908955,2.5361416,92.52864,92.0,250.0,3884025.0,8532629.0,0.368,0.45519674,42217.664,3.3707864,3571465.5,853.0,476.0,0.5580305
2024-12-27,suez,127597.0,1379.0,38516.0,1547.0,77718.0,0.60908955,2.5361416,92.52864,93.0,270.0,4147935.0,8588477.0,0.34444445,0.48296514,44601.453,1.0869565,3861049.5,853.0,476.0,0.5580305
2025-01-03,suez,129101.0,1321.0,39747.0,2067.0,79893.0,0.61884105,1.178711,97.72975,98.0,256.0,4614423.0,9856299.0,0.3828125,0.46816996,47085.95,5.376344,4060190.0,804.0,370.0,0.460199
2025-01-10,suez,129101.0,1321.0,39747.0,2067.0,79893.0,0.61884105,1.178711,97.72975,83.0,233.0,2980196.0,7158419.0,0.35622317,0.4163204,35905.977,-15.306123,3906644.8,804.0,370.0,0.460199
2025-01-17,suez,129101.0,1321.0,39747.0,2067.0,79893.0,0.61884105,1.178711,97.72975,86.0,259.0,3173141.0,7724758.0,0.33204633,0.41077545,36896.99,3.6144578,3728923.8,804.0,370.0,0.460199
2025-01-24,suez,129101.0,1321.0,39747.0,2067.0,79893.0,0.61884105,1.178711,97.72975,97.0,254.0,3849863.0,8610588.0,0.38188976,0.44710803,39689.31,12.790698,3654405.8,804.0,370.0,0.460199
2025-01-31,suez,140706.0,1367.0,44785.0,2341.0,85706.0,0.60911405,8.989086,102.930504,85.0,250.0,4750688.0,9671044.0,0.34,0.49122804,55890.445,-12.371134,3688472.0,801.0,314.0,0.39200997
2025-02-07,suez,140706.0,1367.0,44785.0,2341.0,85706.0,0.60911405,8.989086,102.930504,99.0,271.0,4227233.0,8770888.0,0.36531365,0.48196182,42699.324,16.470589,4000231.2,801.0,314.0,0.39200997
2025-02-14,suez,140706.0,1367.0,44785.0,2341.0,85706.0,0.60911405,8.989086,102.930504,69.0,211.0,3091362.0,7332705.0,0.3270142,0.4215855,44802.348,-30.30303,3979786.5,801.0,314.0,0.39200997
2025-02-21,suez,140706.0,1367.0,44785.0,2341.0,85706.0,0.60911405,8.989086,102.930504,94.0,263.0,3725837.0,8841928.0,0.35741445,0.42138287,39636.562,36.231884,3948780.0,801.0,314.0,0.39200997
2025-02-28,suez,138796.0,1377.0,43740.0,2238.0,83396.0,0.600853,-1.3574404,100.79594,95.0,241.0,3995943.0,8210909.0,0.39419088,0.4866627,42062.56,1.0638298,3760093.8,789.0,308.0,0.39036757
2025-03-07,suez,138796.0,1377.0,43740.0,2238.0,83396.0,0.600853,-1.3574404,100.79594,84.0,238.0,3288919.0,8597287.0,0.3529412,0.38255313,39153.797,-11.578947,3525515.2,789.0,308.0,0.39036757
2025-03-14,suez,138796.0,1377.0,43740.0,2238.0,83396.0,0.600853,-1.3574404,100.79594,99.0,258.0,4447595.0,8780417.0,0.38372093,0.5065357,44925.203,17.857143,3864573.5,789.0,308.0,0.39036757
2025-03-21,suez,138796.0,1377.0,43740.0,2238.0,83396.0,0.600853,-1.3574404,100.79594,91.0,251.0,5540524.0,10780717.0,0.3625498,0.51392907,60884.88,-8.080808,4318245.0,789.0,308.0,0.39036757
2025-03-28,suez,124195.0,1284.0,35100.0,2559.0,79683.0,0.6415959,-10.519755,96.725075,101.0,256.0,5131717.0,9388630.0,0.39453125,0.5465885,50809.08,10.989011,4602189.0,795.0,327.0,0.41132075
2025-04-04,suez,124195.0,1284.0,35100.0,2559.0,79683.0,0.6415959,-10.519755,96.725075,118.0,283.0,4913385.0,10446772.0,0.41696113,0.47032568,41638.855,16.831684,5008305.0,795.0,327.0,0.41132075
2025-04-11,suez,124195.0,1284.0,35100.0,2559.0,79683.0,0.6415959,-10.519755,96.725075,104.0,262.0,4570762.0,9294825.0,0.39694658,0.49175343,43949.633,-11.864407,5039097.0,795.0,327.0,0.41132075
2025-04-18,suez,124195.0,1284.0,35100.0,2559.0,79683.0,0.6415959,-10.519755,96.725075,96.0,245.0,4581417.0,9448139.0,0.39183673,0.48490152,47723.094,-7.6923075,4799320.0,795.0,327.0,0.41132075
2025-04-25,suez,124195.0,1284.0,35100.0,2559.0,79683.0,0.6415959,-10.519755,96.725075,117.0,278.0,5516435.0,9793536.0,0.4208633,0.5632731,47149.016,21.875,4895500.0,795.0,327.0,0.41132075
2025-05-02,suez,142910.0,1448.0,38616.0,2546.0,91802.0,0.6423763,15.069045,98.69475,92.0,250.0,3827239.0,8756062.0,0.368,0.4370959,41600.426,-21.367521,4623963.0,548.0,178.0,0.3248175
2025-05-09,suez,142910.0,1448.0,38616.0,2546.0,91802.0,0.6423763,15.069045,98.69475,97.0,257.0,5109470.0,9371598.0,0.3774319,0.545208,52674.95,5.4347825,4758640.0,548.0,178.0,0.3248175
2025-05-16,suez,142910.0,1448.0,38616.0,2546.0,91802.0,0.6423763,15.069045,98.69475,78.0,231.0,3437237.0,7448544.0,0.33766234,0.4614643,44067.14,-19.58763,4472595.0,548.0,178.0,0.3248175
2025-05-23,suez,142910.0,1448.0,38616.0,2546.0,91802.0,0.6423763,15.069045,98.69475,102.0,269.0,4664081.0,9799631.0,0.37918216,0.47594455,45726.285,30.76923,4259507.0,548.0,178.0,0.3248175
2025-05-30,suez,137562.0,1476.0,39352.0,1454.0,87297.0,0.6346011,-3.7422154,93.19919,109.0,253.0,5528172.0,9616951.0,0.43083003,0.57483625,50717.176,6.8627453,4684740.0,746.0,260.0,0.34852546
2025-06-06,suez,137562.0,1476.0,39352.0,1454.0,87297.0,0.6346011,-3.7422154,93.19919,106.0,264.0,4408869.0,9032987.0,0.40151516,0.4880854,41593.105,-2.7522936,4509590.0,746.0,260.0,0.34852546
2025-06-13,suez,137562.0,1476.0,39352.0,1454.0,87297.0,0.6346011,-3.7422154,93.19919,94.0,246.0,4534117.0,9006063.0,0.3821138,0.50345165,48235.29,-11.320755,4783810.0,746.0,260.0,0.34852546
2025-06-20,suez,137562.0,1476.0,39352.0,1454.0,87297.0,0.6346011,-3.7422154,93.19919,114.0,273.0,5319856.0,9681807.0,0.41758242,0.54946935,46665.402,21.276596,4947753.5,746.0,260.0,0.34852546
2025-06-27,suez,137562.0,1476.0,39352.0,1454.0,87297.0,0.6346011,-3.7422154,93.19919,94.0,264.0,3981922.0,8233626.0,0.3560606,0.48361707,42360.87,-17.54386,4561191.0,746.0,260.0,0.34852546
2025-07-04,suez,142044.0,1380.0,38573.0,1375.0,92106.0,0.64843285,3.2581673,102.930435,113.0,245.0,4463579.0,8459761.0,0.4612245,0.5276247,39500.7,20.212767,4574868.5,801.0,289.0,0.360799
2025-07-11,suez,142044.0,1380.0,38573.0,1375.0,92106.0,0.64843285,3.2581673,102.930435,95.0,250.0,4975469.0,9088230.0,0.38,0.54746294,52373.36,-15.929204,4685206.5,801.0,289.0,0.360799
2025-07-18,suez,142044.0,1380.0,38573.0,1375.0,92106.0,0.64843285,3.2581673,102.930435,118.0,281.0,5948327.0,10378034.0,0.41992882,0.5731651,50409.55,24.210526,4842324.0,801.0,289.0,0.360799
2025-07-25,suez,142044.0,1380.0,38573.0,1375.0,92106.0,0.64843285,3.2581673,102.930435,93.0,241.0,4548644.0,8688380.0,0.38589212,0.5235319,48910.152,-21.186441,4984005.0,801.0,289.0,0.360799
2025-08-01,suez,122994.0,1268.0,30597.0,2066.0,82497.0,0.67074,-13.411337,96.99842,117.0,283.0,5123699.0,10513451.0,0.41342756,0.487347,43792.3,25.806452,5149035.0,690.0,225.0,0.32608697
2025-08-08,suez,122994.0,1268.0,30597.0,2066.0,82497.0,0.67074,-13.411337,96.99842,100.0,261.0,4439377.0,9225169.0,0.38314176,0.48122448,44393.77,-14.529915,5015012.0,690.0,225.0,0.32608697
2025-08-15,suez,122994.0,1268.0,30597.0,2066.0,82497.0,0.67074,-13.411337,96.99842,104.0,261.0,4775222.0,9873860.0,0.39846742,0.4836226,45915.598,4.0,4721735.5,690.0,225.0,0.32608697
2025-08-22,suez,122994.0,1268.0,30597.0,2066.0,82497.0,0.67074,-13.411337,96.99842,113.0,271.0,4605294.0,9287283.0,0.41697416,0.49587098,40754.812,8.653846,4735898.0,690.0,225.0,0.32608697
2025-08-29,suez,135927.0,1296.0,34249.0,2145.0,90991.0,0.66941077,10.515147,104.88194,106.0,278.0,4568221.0,9599530.0,0.38129497,0.47587964,43096.426,-6.19469,4597028.5,849.0,255.0,0.30035335
2025-09-05,suez,135927.0,1296.0,34249.0,2145.0,90991.0,0.66941077,10.515147,104.88194,103.0,265.0,4774532.0,8992737.0,0.38867924,0.530932,46354.68,-2.8301888,4680817.0,849.0,255.0,0.30035335
2025-09-12,suez,135927.0,1296.0,34249.0,2145.0,90991.0,0.66941077,10.515147,104.88194,95.0,285.0,4033877.0,10314923.0,0.33333334,0.39107195,42461.863,-7.76699,4495481.0,849.0,255.0,0.30035335
2025-09-19,suez,135927.0,1296.0,34249.0,2145.0,90991.0,0.66941077,10.515147,104.88194,118.0,301.0,5852791.0,11682270.0,0.39202657,0.5009977,49599.92,24.210526,4807355.0,849.0,255.0,0.30035335
2025-09-26,suez,135927.0,1296.0,34249.0,2145.0,90991.0,0.66941077,10.515147,104.88194,119.0,298.0,5268818.0,10397093.0,0.39932886,0.50675875,44275.78,0.84745765,4982504.5,849.0,255.0,0.30035335
2025-10-03,suez,140937.0,1358.0,36418.0,1442.0,93809.0,0.6656095,3.685802,103.78277,104.0,285.0,4834268.0,10117717.0,0.36491227,0.47780225,46483.348,-12.605042,4997438.5,760.0,248.0,0.3263158
2025-10-10,suez,140937.0,1358.0,36418.0,1442.0,93809.0,0.6656095,3.685802,103.78277,117.0,289.0,5882363.0,10702281.0,0.40484428,0.54963636,50276.605,12.5,5459560.0,760.0,248.0,0.3263158
2025-10-17,suez,140937.0,1358.0,36418.0,1442.0,93809.0,0.6656095,3.685802,103.78277,94.0,263.0,4164252.0,9055438.0,0.35741445,0.45986202,44300.555,-19.65812,5037425.0,760.0,248.0,0.3263158
2025-10-24,suez,140937.0,1358.0,36418.0,1442.0,93809.0,0.6656095,3.685802,103.78277,117.0,306.0,5965498.0,11468256.0,0.38235295,0.5201748,50987.164,24.468084,5211595.0,760.0,248.0,0.3263158
2025-10-31,suez,136250.0,1427.0,38541.0,2037.0,87014.0,0.63863486,-3.3255994,95.48003,105.0,284.0,5047802.0,10432858.0,0.3697183,0.48383692,48074.305,-10.256411,5264979.0,874.0,321.0,0.36727688
2025-11-07,suez,136250.0,1427.0,38541.0,2037.0,87014.0,0.63863486,-3.3255994,95.48003,103.0,286.0,5451239.0,11042607.0,0.36013985,0.4936551,52924.652,-1.9047619,5157198.0,874.0,321.0,0.36727688
2025-11-14,suez,136250.0,1427.0,38541.0,2037.0,87014.0,0.63863486,-3.3255994,95.48003,110.0,303.0,5650699.0,10913086.0,0.3630363,0.5177911,51369.992,6.7961164,5528809.5,874.0,321.0,0.36727688
2025-11-21,suez,136250.0,1427.0,38541.0,2037.0,87014.0,0.63863486,-3.3255994,95.48003,114.0,313.0,5708167.0,11445752.0,0.36421725,0.4987149,50071.64,3.6363637,5464477.0,874.0,321.0,0.36727688
2025-11-28,suez,142728.0,1407.0,38097.0,2723.0,92446.0,0.6477075,4.7544956,101.44137,91.0,288.0,4531219.0,10549100.0,0.3159722,0.42953607,49793.617,-20.175438,5335331.0,961.0,428.0,0.4453694
2025-12-05,suez,142728.0,1407.0,38097.0,2723.0,92446.0,0.6477075,4.7544956,101.44137,109.0,299.0,5366641.0,11717340.0,0.3645485,0.45800847,49235.24,19.78022,5314181.5,961.0,428.0,0.4453694
2025-12-12,suez,142728.0,1407.0,38097.0,2723.0,92446.0,0.6477075,4.7544956,101.44137,99.0,275.0,4573152.0,10431659.0,0.36,0.43839163,46193.453,-9.174312,5044795.0,961.0,428.0,0.4453694
2025-12-19,suez,142728.0,1407.0,38097.0,2723.0,92446.0,0.6477075,4.7544956,101.44137,101.0,269.0,5095728.0,10447991.0,0.37546468,0.48772323,50452.754,2.020202,4891685.0,961.0,428.0,0.4453694
2025-12-26,suez,142728.0,1407.0,38097.0,2723.0,92446.0,0.6477075,4.7544956,101.44137,116.0,294.0,6015994.0,12084131.0,0.39455783,0.4978425,51862.016,14.851485,5262879.0,961.0,428.0,0.4453694
2026-01-02,suez,145027.0,1580.0,45031.0,1874.0,89522.0,0.61727816,1.6107562,91.78924,107.0,275.0,5638735.0,10765658.0,0.3890909,0.5237706,52698.457,-7.7586207,5330902.0,759.0,319.0,0.42028984
2026-01-09,suez,145027.0,1580.0,45031.0,1874.0,89522.0,0.61727816,1.6107562,91.78924,79.0,224.0,4289709.0,9235803.0,0.35267857,0.4644652,54300.113,-26.168224,5260041.5,759.0,319.0,0.42028984
2026-01-16,suez,145027.0,1580.0,45031.0,1874.0,89522.0,0.61727816,1.6107562,91.78924,91.0,266.0,4002497.0,9229393.0,0.34210527,0.4336685,43983.484,15.189874,4986734.0,759.0,319.0,0.42028984
2026-01-23,suez,145027.0,1580.0,45031.0,1874.0,89522.0,0.61727816,1.6107562,91.78924,87.0,244.0,3877901.0,7860403.0,0.35655737,0.49334633,44573.574,-4.3956046,4452210.5,759.0,319.0,0.42028984
2026-01-30,suez,146309.0,1518.0,45917.0,1953.0,90388.0,0.6177884,0.8839733,96.382744,101.0,277.0,4390493.0,9093810.0,0.36462092,0.48280016,43470.227,16.091953,4140150.0,928.0,394.0,0.42456895
2026-02-06,suez,146309.0,1518.0,45917.0,1953.0,90388.0,0.6177884,0.8839733,96.382744,110.0,288.0,5433293.0,10167073.0,0.38194445,0.5344009,49393.574,8.910892,4426046.0,928.0,394.0,0.42456895
2026-02-13,suez,146309.0,1518.0,45917.0,1953.0,90388.0,0.6177884,0.8839733,96.382744,95.0,255.0,4465931.0,8846534.0,0.37254903,0.5048227,47009.8,-13.636364,4541904.5,928.0,394.0,0.42456895
2026-02-20,suez,146309.0,1518.0,45917.0,1953.0,90388.0,0.6177884,0.8839733,96.382744,114.0,295.0,5093670.0,10364838.0,0.38644066,0.4914375,44681.316,20.0,4845847.0,928.0,394.0,0.42456895
2026-02-27,suez,146309.0,1518.0,45917.0,1953.0,90388.0,0.6177884,0.8839733,96.382744,110.0,267.0,4906640.0,9419409.0,0.411985,0.5209074,44605.816,-3.508772,4974883.5,928.0,394.0,0.42456895
2026-03-06,suez,146309.0,1518.0,45917.0,1953.0,90388.0,0.6177884,0.8839733,96.382744,121.0,283.0,4746439.0,9570501.0,0.42756185,0.49594468,39226.77,10.0,4803170.0,928.0,394.0,0.42456895
2026-03-13,suez,146309.0,1518.0,45917.0,1953.0,90388.0,0.6177884,0.8839733,96.382744,111.0,268.0,5118023.0,10352145.0,0.41417912,0.4943925,46108.316,-8.264462,4966193.0,928.0,394.0,0.42456895
2026-03-20,suez,146309.0,1518.0,45917.0,1953.0,90388.0,0.6177884,0.8839733,96.382744,100.0,280.0,4205215.0,8629093.0,0.35714287,0.4873299,42052.15,-9.90991,4744079.0,928.0,394.0,0.42456895
2026-03-27,suez,146309.0,1518.0,45917.0,1953.0,90388.0,0.6177884,0.8839733,96.382744,94.0,247.0,4224139.0,9011423.0,0.3805668,0.4687538,44937.65,-6.0,4573454.0,928.0,394.0,0.42456895
2026-04-03,suez,146309.0,1518.0,45917.0,1953.0,90388.0,0.6177884,0.8839733,96.382744,105.0,272.0,3083791.0,8187903.0,0.38602942,0.37662768,29369.438,11.702127,4157792.0,928.0,394.0,0.42456895
2026-04-10,suez,146309.0,1518.0,45917.0,1953.0,90388.0,0.6177884,0.8839733,96.382744,111.0,266.0,5062436.0,11123066.0,0.41729322,0.45512953,45607.53,5.714286,4143895.2,928.0,394.0,0.42456895
2026-04-17,suez,146309.0,1518.0,45917.0,1953.0,90388.0,0.6177884,0.8839733,96.382744,118.0,279.0,3969396.0,9030440.0,0.42293906,0.4395573,33638.95,6.3063064,4084940.5,928.0,394.0,0.42456895
2026-04-24,suez,146309.0,1518.0,45917.0,1953.0,90388.0,0.6177884,0.8839733,96.382744,113.0,267.0,3512073.0,7962878.0,0.42322096,0.44105574,31080.293,-4.237288,3906924.0,928.0,394.0,0.42456895
2026-05-01,suez,146309.0,1518.0,45917.0,1953.0,90388.0,0.6177884,0.8839733,96.382744,111.0,282.0,4012692.0,10043824.0,0.39361703,0.39951834,36150.38,-1.7699115,4139149.2,928.0,394.0,0.42456895
2026-05-08,suez,146309.0,1518.0,45917.0,1953.0,90388.0,0.6177884,0.8839733,96.382744,97.0,273.0,4498616.0,10166094.0,0.35531136,0.44251174,46377.484,-12.612613,3998194.2,928.0,394.0,0.42456895
2026-05-15,suez,146309.0,1518.0,45917.0,1953.0,90388.0,0.6177884,0.8839733,96.382744,97.0,241.0,3673309.0,8952455.0,0.40248963,0.41031304,37869.164,0.0,3924172.5,928.0,394.0,0.42456895
2026-05-22,suez,146309.0,1518.0,45917.0,1953.0,90388.0,0.6177884,0.8839733,96.382744,109.0,254.0,4395719.0,9031636.0,0.42913386,0.4867024,40327.695,12.371134,4145084.0,928.0,394.0,0.42456895
2026-05-29,suez,146309.0,1518.0,45917.0,1953.0,90388.0,0.6177884,0.8839733,96.382744,20.0,70.0,1066372.0,2706552.0,0.2857143,0.3939965,53318.6,-81.651375,3408504.0,928.0,394.0,0.42456895
2026-06-05,suez,146309.0,1518.0,45917.0,1953.0,90388.0,0.6177884,0.8839733,96.382744,,,,,,,,,,928.0,394.0,0.42456895
2026-06-12,suez,146309.0,1518.0,45917.0,1953.0,90388.0,0.6177884,0.8839733,96.382744,,,,,,,,,,928.0,394.0,0.42456895
2026-06-19,suez,,,,,,,,,,,,,,,,,,928.0,394.0,0.42456895
2026-06-26,suez,,,,,,,,,,,,,,,,,,928.0,394.0,0.42456895
2019-01-04,malacca,1528529.0,9983.0,228912.0,59232.0,1021069.0,0.6680076,-9.310656,153.11319,,,,,,,,,,,,
2019-01-11,malacca,1528529.0,9983.0,228912.0,59232.0,1021069.0,0.6680076,-9.310656,153.11319,271.0,661.0,14198331.0,30038076.0,0.40998486,0.47267777,52392.367,,14198331.0,,,
2019-01-18,malacca,1528529.0,9983.0,228912.0,59232.0,1021069.0,0.6680076,-9.310656,153.11319,467.0,1176.0,20038968.0,44832424.0,0.39710885,0.44697487,42909.996,72.32472,17118650.0,,,
2019-01-25,malacca,1528529.0,9983.0,228912.0,59232.0,1021069.0,0.6680076,-9.310656,153.11319,502.0,1205.0,21962540.0,48313050.0,0.41659752,0.45458815,43750.08,7.4946465,18733280.0,,,
2019-02-01,malacca,1549905.0,9753.0,232454.0,60545.0,1055339.0,0.6809056,1.3984687,158.91573,456.0,1208.0,17724588.0,43923092.0,0.37748346,0.40353686,38869.707,-9.163346,18481106.0,,,
2019-02-08,malacca,1549905.0,9753.0,232454.0,60545.0,1055339.0,0.6809056,1.3984687,158.91573,477.0,1196.0,22192436.0,46587824.0,0.39882943,0.47635698,46525.02,4.605263,20479632.0,,,
2019-02-15,malacca,1549905.0,9753.0,232454.0,60545.0,1055339.0,0.6809056,1.3984687,158.91573,458.0,1171.0,21163472.0,46905030.0,0.3911187,0.45119834,46208.457,-3.9832284,20760758.0,,,
2019-02-22,malacca,1549905.0,9753.0,232454.0,60545.0,1055339.0,0.6809056,1.3984687,158.91573,524.0,1271.0,22788900.0,48603284.0,0.4122738,0.4688757,43490.266,14.4104805,20967348.0,,,
2019-03-01,malacca,1545455.0,9840.0,228698.0,60824.0,1064456.0,0.68876547,-0.28711438,157.05844,486.0,1210.0,22311188.0,46321148.0,0.4016529,0.4816631,45907.793,-7.2519083,22113998.0,6317.0,3304.0,0.5230331
2019-03-08,malacca,1545455.0,9840.0,228698.0,60824.0,1064456.0,0.68876547,-0.28711438,157.05844,478.0,1167.0,20979650.0,43540116.0,0.40959725,0.48184645,43890.48,-1.6460905,21810802.0,6317.0,3304.0,0.5230331
2019-03-15,malacca,1545455.0,9840.0,228698.0,60824.0,1064456.0,0.68876547,-0.28711438,157.05844,447.0,1186.0,21829446.0,47060308.0,0.37689713,0.46386108,48835.45,-6.485356,21977296.0,6317.0,3304.0,0.5230331
2019-03-22,malacca,1545455.0,9840.0,228698.0,60824.0,1064456.0,0.68876547,-0.28711438,157.05844,451.0,1163.0,19911960.0,43054116.0,0.3877902,0.46248677,44150.688,0.8948546,21258060.0,6317.0,3304.0,0.5230331
2019-03-29,malacca,1417866.0,9128.0,212777.0,54670.0,979853.0,0.69107586,-8.255756,155.33151,451.0,1115.0,21915528.0,46481116.0,0.4044843,0.47149318,48593.19,0.0,21159146.0,4758.0,2516.0,0.52879363
2019-04-05,malacca,1417866.0,9128.0,212777.0,54670.0,979853.0,0.69107586,-8.255756,155.33151,457.0,1191.0,19993604.0,44831920.0,0.38371116,0.4459681,43749.684,1.330377,20912636.0,4758.0,2516.0,0.52879363
2019-04-12,malacca,1417866.0,9128.0,212777.0,54670.0,979853.0,0.69107586,-8.255756,155.33151,431.0,1171.0,20027756.0,44953424.0,0.36806148,0.44552237,46468.113,-5.689278,20462212.0,4758.0,2516.0,0.52879363
2019-04-19,malacca,1417866.0,9128.0,212777.0,54670.0,979853.0,0.69107586,-8.255756,155.33151,455.0,1253.0,21743762.0,51060116.0,0.36312848,0.4258463,47788.49,5.5684457,20920164.0,4758.0,2516.0,0.52879363
2019-04-26,malacca,1417866.0,9128.0,212777.0,54670.0,979853.0,0.69107586,-8.255756,155.33151,458.0,1165.0,20766770.0,45934810.0,0.39313304,0.4520922,45342.293,0.6593407,20632974.0,4758.0,2516.0,0.52879363
2019-05-03,malacca,1596096.0,9624.0,221693.0,60543.0,1094039.0,0.68544686,12.570299,165.84538,468.0,1234.0,21506192.0,47928650.0,0.37925446,0.4487127,45953.402,2.183406,21011120.0,6175.0,3178.0,0.5146559
2019-05-10,malacca,1596096.0,9624.0,221693.0,60543.0,1094039.0,0.68544686,12.570299,165.84538,483.0,1166.0,24191260.0,48816480.0,0.4142367,0.49555522,50085.426,3.2051282,22051996.0,6175.0,3178.0,0.5146559
2019-05-17,malacca,1596096.0,9624.0,221693.0,60543.0,1094039.0,0.68544686,12.570299,165.84538,437.0,1137.0,18894456.0,43314170.0,0.38434476,0.43621883,43236.74,-9.523809,21339670.0,6175.0,3178.0,0.5146559
2019-05-24,malacca,1596096.0,9624.0,221693.0,60543.0,1094039.0,0.68544686,12.570299,165.84538,516.0,1224.0,19629504.0,44716424.0,0.42156863,0.43897748,38041.67,18.077803,21055352.0,6175.0,3178.0,0.5146559
2019-05-31,malacca,1563136.0,9798.0,222193.0,58146.0,1066807.0,0.68247867,-2.0650387,159.53622,468.0,1171.0,19588846.0,43845292.0,0.3996584,0.44677195,41856.508,-9.302325,20576016.0,4981.0,2835.0,0.56916285
2019-06-07,malacca,1563136.0,9798.0,222193.0,58146.0,1066807.0,0.68247867,-2.0650387,159.53622,476.0,1194.0,20855108.0,45876276.0,0.39865997,0.4545946,43813.254,1.7094017,19741978.0,4981.0,2835.0,0.56916285
2019-06-14,malacca,1563136.0,9798.0,222193.0,58146.0,1066807.0,0.68247867,-2.0650387,159.53622,461.0,1097.0,17510324.0,40064148.0,0.420237,0.43705723,37983.35,-3.1512606,19395946.0,4981.0,2835.0,0.56916285
2019-06-21,malacca,1563136.0,9798.0,222193.0,58146.0,1066807.0,0.68247867,-2.0650387,159.53622,461.0,1139.0,17228588.0,41970204.0,0.404741,0.41049567,37372.207,0.0,18795716.0,4981.0,2835.0,0.56916285
2019-06-28,malacca,1615326.0,10033.0,231484.0,60541.0,1098490.0,0.68004227,3.338801,161.0013,450.0,1122.0,19177950.0,42522664.0,0.40106952,0.4510054,42617.668,-2.3861172,18692992.0,6339.0,3455.0,0.54503864
2019-07-05,malacca,1615326.0,10033.0,231484.0,60541.0,1098490.0,0.68004227,3.338801,161.0013,460.0,1174.0,18071956.0,45175892.0,0.39182281,0.40003544,39286.863,2.2222223,17997204.0,6339.0,3455.0,0.54503864
2019-07-12,malacca,1615326.0,10033.0,231484.0,60541.0,1098490.0,0.68004227,3.338801,161.0013,454.0,1173.0,18044360.0,42680204.0,0.38704178,0.42278057,39745.29,-1.3043479,18130714.0,6339.0,3455.0,0.54503864
2019-07-19,malacca,1615326.0,10033.0,231484.0,60541.0,1098490.0,0.68004227,3.338801,161.0013,440.0,1119.0,17250220.0,41326304.0,0.39320824,0.417415,39205.043,-3.0837004,18136122.0,6339.0,3455.0,0.54503864
2019-07-26,malacca,1615326.0,10033.0,231484.0,60541.0,1098490.0,0.68004227,3.338801,161.0013,436.0,1159.0,19148248.0,44944996.0,0.37618637,0.42603737,43918.004,-0.90909094,18128696.0,6339.0,3455.0,0.54503864
2019-08-02,malacca,1553148.0,9549.0,226004.0,58640.0,1055233.0,0.6794156,-3.849254,162.65033,464.0,1192.0,20747376.0,45816864.0,0.38926175,0.45283276,44714.17,6.4220185,18797552.0,5451.0,2804.0,0.514401
2019-08-09,malacca,1553148.0,9549.0,226004.0,58640.0,1055233.0,0.6794156,-3.849254,162.65033,478.0,1176.0,22265854.0,46630380.0,0.40646258,0.47749674,46581.285,3.0172415,19852924.0,5451.0,2804.0,0.514401
2019-08-16,malacca,1553148.0,9549.0,226004.0,58640.0,1055233.0,0.6794156,-3.849254,162.65033,395.0,1072.0,16666907.0,40479690.0,0.36847016,0.4117351,42194.703,-17.364017,19707096.0,5451.0,2804.0,0.514401
2019-08-23,malacca,1553148.0,9549.0,226004.0,58640.0,1055233.0,0.6794156,-3.849254,162.65033,434.0,1106.0,19224266.0,44486080.0,0.39240506,0.43214116,44295.543,9.873418,19726100.0,5451.0,2804.0,0.514401
2019-08-30,malacca,1635048.0,9810.0,229015.0,62805.0,1109284.0,0.6784412,5.2731614,166.67155,468.0,1198.0,20908708.0,47074148.0,0.39065108,0.44416538,44676.723,7.834101,19766434.0,4236.0,2306.0,0.5443815
2019-09-06,malacca,1635048.0,9810.0,229015.0,62805.0,1109284.0,0.6784412,5.2731614,166.67155,492.0,1237.0,18732172.0,46491830.0,0.39773646,0.40291318,38073.52,5.1282053,18883012.0,4236.0,2306.0,0.5443815
2019-09-13,malacca,1635048.0,9810.0,229015.0,62805.0,1109284.0,0.6784412,5.2731614,166.67155,447.0,1203.0,17457988.0,45802320.0,0.37157106,0.38115948,39055.902,-9.146341,19080784.0,4236.0,2306.0,0.5443815
2019-09-20,malacca,1635048.0,9810.0,229015.0,62805.0,1109284.0,0.6784412,5.2731614,166.67155,485.0,1261.0,19701442.0,47841988.0,0.3846154,0.41180232,40621.53,8.501119,19200078.0,4236.0,2306.0,0.5443815
2019-09-27,malacca,1635048.0,9810.0,229015.0,62805.0,1109284.0,0.6784412,5.2731614,166.67155,479.0,1233.0,19449008.0,47145970.0,0.38848338,0.4125275,40603.355,-1.2371134,18835152.0,4236.0,2306.0,0.5443815
2019-10-04,malacca,1607786.0,10019.0,226472.0,62202.0,1088942.0,0.6772929,-1.6673516,160.4737,453.0,1150.0,21069770.0,46873596.0,0.39391303,0.4495019,46511.633,-5.427975,19419552.0,6095.0,3278.0,0.5378179
2019-10-11,malacca,1607786.0,10019.0,226472.0,62202.0,1088942.0,0.6772929,-1.6673516,160.4737,417.0,1135.0,20267722.0,47288910.0,0.36740088,0.42859352,48603.65,-7.94702,20121986.0,6095.0,3278.0,0.5378179
2019-10-18,malacca,1607786.0,10019.0,226472.0,62202.0,1088942.0,0.6772929,-1.6673516,160.4737,478.0,1191.0,20288568.0,46054990.0,0.4013434,0.4405292,42444.703,14.628298,20268768.0,6095.0,3278.0,0.5378179
2019-10-25,malacca,1607786.0,10019.0,226472.0,62202.0,1088942.0,0.6772929,-1.6673516,160.4737,501.0,1224.0,21463168.0,47088810.0,0.40931374,0.4558019,42840.656,4.8117156,20772308.0,6095.0,3278.0,0.5378179
2019-11-01,malacca,1621940.0,10274.0,230125.0,61415.0,1089406.0,0.67166847,0.88034105,157.86841,474.0,1167.0,22426726.0,49232936.0,0.40616965,0.45552284,47313.77,-5.3892217,21111546.0,6279.0,3528.0,0.5618729
2019-11-08,malacca,1621940.0,10274.0,230125.0,61415.0,1089406.0,0.67166847,0.88034105,157.86841,476.0,1199.0,21830642.0,48364464.0,0.3969975,0.45137775,45862.69,0.42194092,21502276.0,6279.0,3528.0,0.5618729
2019-11-15,malacca,1621940.0,10274.0,230125.0,61415.0,1089406.0,0.67166847,0.88034105,157.86841,507.0,1249.0,18095844.0,47077224.0,0.40592474,0.3843864,35692.0,6.512605,20954096.0,6279.0,3528.0,0.5618729
2019-11-22,malacca,1621940.0,10274.0,230125.0,61415.0,1089406.0,0.67166847,0.88034105,157.86841,520.0,1229.0,20775608.0,47340336.0,0.42310822,0.43885642,39953.094,2.5641026,20782206.0,6279.0,3528.0,0.5618729
2019-11-29,malacca,1758620.0,10544.0,241979.0,62316.0,1196686.0,0.6804688,8.426946,166.7887,494.0,1214.0,23601326.0,49671590.0,0.40691927,0.4751474,47775.965,-5.0,21075856.0,6670.0,3558.0,0.53343326
2019-12-06,malacca,1758620.0,10544.0,241979.0,62316.0,1196686.0,0.6804688,8.426946,166.7887,470.0,1182.0,18566968.0,44299490.0,0.39763114,0.41912377,39504.188,-4.8582997,20259936.0,6670.0,3558.0,0.53343326
2019-12-13,malacca,1758620.0,10544.0,241979.0,62316.0,1196686.0,0.6804688,8.426946,166.7887,448.0,1128.0,17651642.0,43441470.0,0.39716312,0.40633157,39400.99,-4.680851,20148886.0,6670.0,3558.0,0.53343326
2019-12-20,malacca,1758620.0,10544.0,241979.0,62316.0,1196686.0,0.6804688,8.426946,166.7887,491.0,1184.0,21390904.0,43958916.0,0.41469595,0.48661125,43565.992,9.598214,20302710.0,6670.0,3558.0,0.53343326
2019-12-27,malacca,1758620.0,10544.0,241979.0,62316.0,1196686.0,0.6804688,8.426946,166.7887,506.0,1216.0,20575552.0,47132856.0,0.4161184,0.43654373,40663.15,3.0549898,19546266.0,6670.0,3558.0,0.53343326
2020-01-03,malacca,1714145.0,10484.0,243332.0,61721.0,1158703.0,0.67596555,-2.5289717,163.50105,485.0,1241.0,18000200.0,47470310.0,0.39081386,0.37918854,37113.812,-4.1501975,19404574.0,5807.0,3018.0,0.5197176
2020-01-10,malacca,1714145.0,10484.0,243332.0,61721.0,1158703.0,0.67596555,-2.5289717,163.50105,520.0,1247.0,23192060.0,50334668.0,0.4170008,0.46075717,44600.113,7.216495,20789678.0,5807.0,3018.0,0.5197176
2020-01-17,malacca,1714145.0,10484.0,243332.0,61721.0,1158703.0,0.67596555,-2.5289717,163.50105,474.0,1198.0,19515628.0,45732030.0,0.39565945,0.42673874,41172.215,-8.846154,20320860.0,5807.0,3018.0,0.5197176
2020-01-24,malacca,1714145.0,10484.0,243332.0,61721.0,1158703.0,0.67596555,-2.5289717,163.50105,527.0,1245.0,20481164.0,44881296.0,0.42329317,0.45634073,38863.688,11.181435,20297262.0,5807.0,3018.0,0.5197176
2020-01-31,malacca,1779946.0,10490.0,269753.0,62341.0,1206633.0,0.67790425,3.8387067,169.68027,501.0,1207.0,17785860.0,43491124.0,0.4150787,0.40895376,35500.715,-4.933586,20243678.0,6492.0,3108.0,0.47874308
2020-02-07,malacca,1779946.0,10490.0,269753.0,62341.0,1206633.0,0.67790425,3.8387067,169.68027,510.0,1268.0,23283064.0,49366388.0,0.4022082,0.47163796,45653.066,1.7964072,20266428.0,6492.0,3108.0,0.47874308
2020-02-14,malacca,1779946.0,10490.0,269753.0,62341.0,1206633.0,0.67790425,3.8387067,169.68027,491.0,1155.0,21423180.0,44639296.0,0.42510822,0.47991753,43631.734,-3.72549,20743316.0,6492.0,3108.0,0.47874308
2020-02-21,malacca,1779946.0,10490.0,269753.0,62341.0,1206633.0,0.67790425,3.8387067,169.68027,484.0,1197.0,21503432.0,44794172.0,0.4043442,0.48004976,44428.58,-1.4256619,20998884.0,6492.0,3108.0,0.47874308
2020-02-28,malacca,1712764.0,10456.0,264748.0,61089.0,1170426.0,0.6833551,-3.7743843,163.80681,494.0,1120.0,21099468.0,41454532.0,0.44107142,0.5089786,42711.477,2.0661156,21827286.0,5813.0,2646.0,0.45518667
2020-03-06,malacca,1712764.0,10456.0,264748.0,61089.0,1170426.0,0.6833551,-3.7743843,163.80681,408.0,1001.0,19776420.0,38123656.0,0.40759242,0.5187441,48471.617,-17.408907,20950626.0,5813.0,2646.0,0.45518667
2020-03-13,malacca,1712764.0,10456.0,264748.0,61089.0,1170426.0,0.6833551,-3.7743843,163.80681,462.0,1086.0,21273116.0,42834830.0,0.42541435,0.4966313,46045.707,13.235294,20913110.0,5813.0,2646.0,0.45518667
2020-03-20,malacca,1712764.0,10456.0,264748.0,61089.0,1170426.0,0.6833551,-3.7743843,163.80681,502.0,1167.0,22143320.0,44136796.0,0.43016282,0.50169754,44110.203,8.658009,21073082.0,5813.0,2646.0,0.45518667
2020-03-27,malacca,1712764.0,10456.0,264748.0,61089.0,1170426.0,0.6833551,-3.7743843,163.80681,431.0,1088.0,20997094.0,43344016.0,0.3961397,0.4844289,48717.156,-14.143426,21047488.0,5813.0,2646.0,0.45518667
2020-04-03,malacca,1630347.0,9929.0,246988.0,57522.0,1117563.0,0.6854755,-4.8119297,164.20053,445.0,1113.0,19727792.0,43942908.0,0.3998203,0.44894144,44332.117,3.2482598,21035332.0,4907.0,2311.0,0.47095984
2020-04-10,malacca,1630347.0,9929.0,246988.0,57522.0,1117563.0,0.6854755,-4.8119297,164.20053,480.0,1146.0,21149824.0,45308220.0,0.41884816,0.46679884,44062.137,7.8651686,21004508.0,4907.0,2311.0,0.47095984
2020-04-17,malacca,1630347.0,9929.0,246988.0,57522.0,1117563.0,0.6854755,-4.8119297,164.20053,429.0,1105.0,20061506.0,45451004.0,0.3882353,0.4413875,46763.418,-10.625,20484054.0,4907.0,2311.0,0.47095984
2020-04-24,malacca,1630347.0,9929.0,246988.0,57522.0,1117563.0,0.6854755,-4.8119297,164.20053,456.0,1115.0,21559816.0,44906064.0,0.4089686,0.48010924,47280.3,6.2937064,20624736.0,4907.0,2311.0,0.47095984
2020-05-01,malacca,1708042.0,10259.0,259487.0,62321.0,1172970.0,0.6867337,4.76555,166.49205,422.0,1025.0,18828876.0,38130640.0,0.4117073,0.49379915,44618.19,-7.4561405,20400006.0,6381.0,3209.0,0.5028992
2020-05-08,malacca,1708042.0,10259.0,259487.0,62321.0,1172970.0,0.6867337,4.76555,166.49205,437.0,1048.0,24190472.0,44746590.0,0.41698474,0.5406104,55355.77,3.5545025,21160168.0,6381.0,3209.0,0.5028992
2020-05-15,malacca,1708042.0,10259.0,259487.0,62321.0,1172970.0,0.6867337,4.76555,166.49205,448.0,1112.0,19942726.0,44202188.0,0.4028777,0.45117056,44515.01,2.5171626,21130472.0,6381.0,3209.0,0.5028992
2020-05-22,malacca,1708042.0,10259.0,259487.0,62321.0,1172970.0,0.6867337,4.76555,166.49205,445.0,1068.0,23412604.0,45241652.0,0.41666666,0.51750106,52612.594,-0.66964287,21593670.0,6381.0,3209.0,0.5028992
2020-05-29,malacca,1495020.0,9329.0,221846.0,60033.0,1050248.0,0.7024976,-12.471707,160.25511,455.0,1075.0,22720492.0,46416964.0,0.4232558,0.48948684,49935.15,2.247191,22566574.0,6347.0,3378.0,0.53221995
2020-06-05,malacca,1495020.0,9329.0,221846.0,60033.0,1050248.0,0.7024976,-12.471707,160.25511,475.0,1088.0,23851420.0,46361596.0,0.4365809,0.514465,50213.516,4.3956046,22481810.0,6347.0,3378.0,0.53221995
2020-06-12,malacca,1495020.0,9329.0,221846.0,60033.0,1050248.0,0.7024976,-12.471707,160.25511,494.0,1149.0,22696988.0,44316244.0,0.4299391,0.5121596,45945.32,4.0,23170376.0,6347.0,3378.0,0.53221995
2020-06-19,malacca,1495020.0,9329.0,221846.0,60033.0,1050248.0,0.7024976,-12.471707,160.25511,479.0,1114.0,19502730.0,44116984.0,0.42998204,0.44206852,40715.51,-3.0364373,22192908.0,6347.0,3378.0,0.53221995
2020-06-26,malacca,1495020.0,9329.0,221846.0,60033.0,1050248.0,0.7024976,-12.471707,160.25511,459.0,1075.0,19580774.0,43348140.0,0.42697674,0.4517097,42659.637,-4.1753654,21407978.0,6347.0,3378.0,0.53221995
2020-07-03,malacca,1447789.0,9156.0,223136.0,64333.0,1015332.0,0.7012983,-3.159222,158.12462,425.0,1070.0,19159148.0,42226344.0,0.39719626,0.45372498,45080.348,-7.4074073,20234910.0,5926.0,2871.0,0.4844752
2020-07-10,malacca,1447789.0,9156.0,223136.0,64333.0,1015332.0,0.7012983,-3.159222,158.12462,458.0,1071.0,20710688.0,43272544.0,0.42763773,0.47861037,45219.844,7.7647057,19738336.0,5926.0,2871.0,0.4844752
2020-07-17,malacca,1447789.0,9156.0,223136.0,64333.0,1015332.0,0.7012983,-3.159222,158.12462,421.0,1086.0,17732492.0,42120610.0,0.38766113,0.42099327,42119.934,-8.078603,19295776.0,5926.0,2871.0,0.4844752
2020-07-24,malacca,1447789.0,9156.0,223136.0,64333.0,1015332.0,0.7012983,-3.159222,158.12462,464.0,1174.0,20920442.0,46044704.0,0.39523,0.45435065,45087.16,10.213777,19630692.0,5926.0,2871.0,0.4844752
2020-07-31,malacca,1479680.0,9733.0,232567.0,62897.0,1024373.0,0.6922936,2.202738,152.02713,484.0,1163.0,22021518.0,48570330.0,0.41616508,0.45339447,45499.004,4.3103447,20346284.0,5986.0,3005.0,0.5020047
2020-08-07,malacca,1479680.0,9733.0,232567.0,62897.0,1024373.0,0.6922936,2.202738,152.02713,432.0,1127.0,20317560.0,50055656.0,0.38331854,0.4058994,47031.39,-10.743802,20248004.0,5986.0,3005.0,0.5020047
2020-08-14,malacca,1479680.0,9733.0,232567.0,62897.0,1024373.0,0.6922936,2.202738,152.02713,429.0,1051.0,20607376.0,45960524.0,0.40818268,0.44837126,48035.844,-0.6944444,20966724.0,5986.0,3005.0,0.5020047
2020-08-21,malacca,1479680.0,9733.0,232567.0,62897.0,1024373.0,0.6922936,2.202738,152.02713,417.0,1076.0,19383040.0,44916412.0,0.38754648,0.43153584,46482.113,-2.7972028,20582374.0,5986.0,3005.0,0.5020047
2020-08-28,malacca,1578804.0,10128.0,256571.0,62721.0,1069104.0,0.6771607,6.699016,155.88507,433.0,1109.0,18779076.0,44147470.0,0.39044183,0.4253715,43369.69,3.8369305,19771764.0,5791.0,2768.0,0.4779831
2020-09-04,malacca,1578804.0,10128.0,256571.0,62721.0,1069104.0,0.6771607,6.699016,155.88507,471.0,1151.0,18563402.0,44692790.0,0.40920937,0.4153556,39412.742,8.775982,19333224.0,5791.0,2768.0,0.4779831
2020-09-11,malacca,1578804.0,10128.0,256571.0,62721.0,1069104.0,0.6771607,6.699016,155.88507,445.0,1118.0,17618508.0,43846190.0,0.3980322,0.40182525,39592.152,-5.5201697,18586006.0,5791.0,2768.0,0.4779831
2020-09-18,malacca,1578804.0,10128.0,256571.0,62721.0,1069104.0,0.6771607,6.699016,155.88507,411.0,1084.0,15922819.0,42608880.0,0.37915128,0.3736972,38741.652,-7.6404495,17720952.0,5791.0,2768.0,0.4779831
2020-09-25,malacca,1578804.0,10128.0,256571.0,62721.0,1069104.0,0.6771607,6.699016,155.88507,431.0,1090.0,18678216.0,44638856.0,0.39541283,0.41842955,43336.93,4.86618,17695736.0,5791.0,2768.0,0.4779831
2020-10-02,malacca,1505548.0,9917.0,228676.0,62238.0,1026542.0,0.68183947,-4.639968,151.81487,478.0,1185.0,17982148.0,44000868.0,0.40337554,0.40867713,37619.56,10.904872,17550424.0,5443.0,2727.0,0.5010105
2020-10-09,malacca,1505548.0,9917.0,228676.0,62238.0,1026542.0,0.68183947,-4.639968,151.81487,454.0,1083.0,18134938.0,44582360.0,0.4192059,0.40677384,39944.797,-5.0209203,17679530.0,5443.0,2727.0,0.5010105
2020-10-16,malacca,1505548.0,9917.0,228676.0,62238.0,1026542.0,0.68183947,-4.639968,151.81487,408.0,1121.0,17026680.0,43441364.0,0.36396074,0.39194623,41732.055,-10.132158,17955496.0,5443.0,2727.0,0.5010105
2020-10-23,malacca,1505548.0,9917.0,228676.0,62238.0,1026542.0,0.68183947,-4.639968,151.81487,430.0,1117.0,19427528.0,46056504.0,0.38495973,0.42181942,45180.297,5.392157,18142824.0,5443.0,2727.0,0.5010105
2020-10-30,malacca,1530366.0,10121.0,234890.0,58489.0,1045357.0,0.68307644,1.6484363,151.207,409.0,1054.0,15198697.0,40508664.0,0.38804555,0.37519622,37160.63,-4.883721,17446960.0,5656.0,2575.0,0.45526874
2020-11-06,malacca,1530366.0,10121.0,234890.0,58489.0,1045357.0,0.68307644,1.6484363,151.207,447.0,1110.0,20435630.0,45534960.0,0.4027027,0.4487899,45717.293,9.290954,18022134.0,5656.0,2575.0,0.45526874
2020-11-13,malacca,1530366.0,10121.0,234890.0,58489.0,1045357.0,0.68307644,1.6484363,151.207,474.0,1125.0,17797768.0,42948444.0,0.42133334,0.4143984,37548.03,6.0402684,18214906.0,5656.0,2575.0,0.45526874
2020-11-20,malacca,1530366.0,10121.0,234890.0,58489.0,1045357.0,0.68307644,1.6484363,151.207,457.0,1116.0,18216440.0,43455744.0,0.4094982,0.41919523,39860.918,-3.5864978,17912134.0,5656.0,2575.0,0.45526874
2020-11-27,malacca,1530366.0,10121.0,234890.0,58489.0,1045357.0,0.68307644,1.6484363,151.207,484.0,1168.0,19513644.0,46528396.0,0.41438356,0.41939214,40317.445,5.9080963,18990870.0,5656.0,2575.0,0.45526874
2020-12-04,malacca,1669273.0,10135.0,248838.0,61248.0,1140327.0,0.68312794,9.076717,164.7038,463.0,1121.0,17359036.0,43112370.0,0.4130241,0.40264633,37492.52,-4.338843,18221722.0,5534.0,2683.0,0.4848211
2020-12-11,malacca,1669273.0,10135.0,248838.0,61248.0,1140327.0,0.68312794,9.076717,164.7038,464.0,1098.0,15896277.0,40447680.0,0.42258653,0.39300835,34259.22,0.21598272,17746348.0,5534.0,2683.0,0.4848211
2020-12-18,malacca,1669273.0,10135.0,248838.0,61248.0,1140327.0,0.68312794,9.076717,164.7038,432.0,1083.0,16350389.0,41239370.0,0.39889196,0.39647523,37848.12,-6.8965516,17279836.0,5534.0,2683.0,0.4848211
2020-12-25,malacca,1669273.0,10135.0,248838.0,61248.0,1140327.0,0.68312794,9.076717,164.7038,447.0,1105.0,20510920.0,45385864.0,0.4045249,0.45192304,45885.727,3.4722223,17529156.0,5534.0,2683.0,0.4848211
2021-01-01,malacca,1623741.0,10090.0,247029.0,58357.0,1104391.0,0.6801522,-2.7276545,160.92577,502.0,1205.0,17771314.0,43484130.0,0.41659752,0.40868506,35401.023,12.304251,17632224.0,5332.0,2618.0,0.49099776
2021-01-08,malacca,1623741.0,10090.0,247029.0,58357.0,1104391.0,0.6801522,-2.7276545,160.92577,465.0,1115.0,17617596.0,42341630.0,0.41704035,0.4160821,37887.305,-7.3705177,18062554.0,5332.0,2618.0,0.49099776
2021-01-15,malacca,1623741.0,10090.0,247029.0,58357.0,1104391.0,0.6801522,-2.7276545,160.92577,454.0,1149.0,16904580.0,42952304.0,0.3951262,0.39356634,37234.76,-2.3655913,18201102.0,5332.0,2618.0,0.49099776
2021-01-22,malacca,1623741.0,10090.0,247029.0,58357.0,1104391.0,0.6801522,-2.7276545,160.92577,493.0,1133.0,20880672.0,45485176.0,0.43512797,0.45906544,42354.305,8.590308,18293540.0,5332.0,2618.0,0.49099776
2021-01-29,malacca,1674314.0,10346.0,257216.0,62220.0,1129192.0,0.6744207,3.1145978,161.83202,527.0,1232.0,21565644.0,45754040.0,0.42775974,0.47133854,40921.523,6.8965516,19242124.0,5371.0,2448.0,0.45578104
2021-02-05,malacca,1674314.0,10346.0,257216.0,62220.0,1129192.0,0.6744207,3.1145978,161.83202,461.0,1144.0,19033458.0,43373664.0,0.40297204,0.43882522,41287.33,-12.523719,19596088.0,5371.0,2448.0,0.45578104
2021-02-12,malacca,1674314.0,10346.0,257216.0,62220.0,1129192.0,0.6744207,3.1145978,161.83202,480.0,1121.0,19929100.0,42416480.0,0.42818913,0.4698433,41518.957,4.121475,20352218.0,5371.0,2448.0,0.45578104
2021-02-19,malacca,1674314.0,10346.0,257216.0,62220.0,1129192.0,0.6744207,3.1145978,161.83202,475.0,1158.0,19855176.0,43375652.0,0.41019,0.4577493,41800.367,-1.0416666,20095844.0,5371.0,2448.0,0.45578104
2021-02-26,malacca,1674314.0,10346.0,257216.0,62220.0,1129192.0,0.6744207,3.1145978,161.83202,487.0,1144.0,19434140.0,41546852.0,0.4256993,0.4677644,39905.83,2.5263157,19562968.0,5371.0,2448.0,0.45578104
2021-03-05,malacca,1711387.0,10468.0,269906.0,62824.0,1160487.0,0.67809737,2.2142203,163.48749,440.0,1095.0,19517908.0,42151050.0,0.40182647,0.46304685,44358.883,-9.650924,19684080.0,6004.0,2483.0,0.41355762
2021-03-12,malacca,1711387.0,10468.0,269906.0,62824.0,1160487.0,0.67809737,2.2142203,163.48749,476.0,1163.0,21938328.0,46435870.0,0.40928632,0.47244352,46088.92,8.181818,20186388.0,6004.0,2483.0,0.41355762
2021-03-19,malacca,1711387.0,10468.0,269906.0,62824.0,1160487.0,0.67809737,2.2142203,163.48749,421.0,1034.0,17330710.0,37935564.0,0.40715668,0.45684597,41165.582,-11.554622,19555272.0,6004.0,2483.0,0.41355762
2021-03-26,malacca,1711387.0,10468.0,269906.0,62824.0,1160487.0,0.67809737,2.2142203,163.48749,455.0,1145.0,18490070.0,45011896.0,0.3973799,0.41078186,40637.516,8.07601,19319254.0,6004.0,2483.0,0.41355762
2021-04-02,malacca,1531062.0,10030.0,242890.0,57013.0,1037859.0,0.6778687,-10.536776,152.64825,421.0,1092.0,18903820.0,42697600.0,0.38553113,0.44273734,44902.188,-7.4725275,19165732.0,4318.0,1855.0,0.42959705
2021-04-09,malacca,1531062.0,10030.0,242890.0,57013.0,1037859.0,0.6778687,-10.536776,152.64825,454.0,1174.0,20728656.0,47557012.0,0.3867121,0.4358696,45657.832,7.83848,18863314.0,4318.0,1855.0,0.42959705
2021-04-16,malacca,1531062.0,10030.0,242890.0,57013.0,1037859.0,0.6778687,-10.536776,152.64825,494.0,1231.0,19187168.0,46195176.0,0.40129974,0.41535005,38840.42,8.810573,19327428.0,4318.0,1855.0,0.42959705
2021-04-23,malacca,1531062.0,10030.0,242890.0,57013.0,1037859.0,0.6778687,-10.536776,152.64825,464.0,1134.0,19085794.0,42780916.0,0.40917107,0.4461287,41133.176,-6.0728745,19476360.0,4318.0,1855.0,0.42959705
2021-04-30,malacca,1606056.0,10312.0,255811.0,60338.0,1073468.0,0.66838765,4.8981686,155.7463,421.0,1132.0,17133536.0,46148160.0,0.37190813,0.37127233,40697.234,-9.2672415,19033788.0,5060.0,2250.0,0.44466403
2021-05-07,malacca,1606056.0,10312.0,255811.0,60338.0,1073468.0,0.66838765,4.8981686,155.7463,465.0,1134.0,20964616.0,47642348.0,0.4100529,0.44004163,45085.195,10.451306,19092778.0,5060.0,2250.0,0.44466403
2021-05-14,malacca,1606056.0,10312.0,255811.0,60338.0,1073468.0,0.66838765,4.8981686,155.7463,484.0,1239.0,20926172.0,49917060.0,0.3906376,0.41921884,43235.89,4.0860214,19527530.0,5060.0,2250.0,0.44466403
2021-05-21,malacca,1606056.0,10312.0,255811.0,60338.0,1073468.0,0.66838765,4.8981686,155.7463,468.0,1107.0,17329852.0,42653800.0,0.42276424,0.40629095,37029.6,-3.3057852,19088544.0,5060.0,2250.0,0.44466403
2021-05-28,malacca,1522363.0,10124.0,252883.0,57409.0,1007537.0,0.6618244,-5.2110887,150.37169,394.0,1012.0,17632766.0,43337290.0,0.38932806,0.40687284,44753.215,-15.811966,19213352.0,4867.0,2133.0,0.43825766
2021-06-04,malacca,1522363.0,10124.0,252883.0,57409.0,1007537.0,0.6618244,-5.2110887,150.37169,454.0,1029.0,19931296.0,43592130.0,0.44120505,0.45722234,43901.53,15.228426,18955022.0,4867.0,2133.0,0.43825766
2021-06-11,malacca,1522363.0,10124.0,252883.0,57409.0,1007537.0,0.6618244,-5.2110887,150.37169,447.0,1089.0,16785712.0,41275770.0,0.4104683,0.40667233,37551.93,-1.5418502,17919906.0,4867.0,2133.0,0.43825766
2021-06-18,malacca,1522363.0,10124.0,252883.0,57409.0,1007537.0,0.6618244,-5.2110887,150.37169,421.0,1023.0,16115464.0,40169670.0,0.4115347,0.40118483,38279.01,-5.816555,17616310.0,4867.0,2133.0,0.43825766
2021-06-25,malacca,1522363.0,10124.0,252883.0,57409.0,1007537.0,0.6618244,-5.2110887,150.37169,377.0,958.0,16443221.0,40098384.0,0.3935282,0.41007194,43615.973,-10.451306,17318924.0,4867.0,2133.0,0.43825766
2021-07-02,malacca,1488404.0,10183.0,255132.0,59026.0,988521.0,0.66414833,-2.230677,146.16557,406.0,1007.0,16097911.0,38295750.0,0.40317777,0.4203576,39650.027,7.6923075,16360577.0,6403.0,2972.0,0.46415743
2021-07-09,malacca,1488404.0,10183.0,255132.0,59026.0,988521.0,0.66414833,-2.230677,146.16557,421.0,1063.0,19359428.0,42854224.0,0.3960489,0.4517508,45984.39,3.6945813,17004006.0,6403.0,2972.0,0.46415743
2021-07-16,malacca,1488404.0,10183.0,255132.0,59026.0,988521.0,0.66414833,-2.230677,146.16557,390.0,997.0,18171316.0,43086760.0,0.3911735,0.42173785,46593.12,-7.3634205,17517970.0,6403.0,2972.0,0.46415743
2021-07-23,malacca,1488404.0,10183.0,255132.0,59026.0,988521.0,0.66414833,-2.230677,146.16557,430.0,1040.0,16728727.0,41476910.0,0.41346154,0.4033262,38904.016,10.256411,17589346.0,6403.0,2972.0,0.46415743
2021-07-30,malacca,1547588.0,10628.0,238612.0,58655.0,1033631.0,0.66789806,3.9763398,145.61423,364.0,937.0,16011358.0,36334840.0,0.38847384,0.4406613,43987.246,-15.348837,17567708.0,5082.0,2210.0,0.43486816
2021-08-06,malacca,1547588.0,10628.0,238612.0,58655.0,1033631.0,0.66789806,3.9763398,145.61423,399.0,953.0,18862174.0,39666044.0,0.41867787,0.47552446,47273.617,9.615385,17443394.0,5082.0,2210.0,0.43486816
2021-08-13,malacca,1547588.0,10628.0,238612.0,58655.0,1033631.0,0.66789806,3.9763398,145.61423,384.0,948.0,20556700.0,43948228.0,0.4050633,0.46774808,53533.07,-3.7593985,18039740.0,5082.0,2210.0,0.43486816
2021-08-20,malacca,1547588.0,10628.0,238612.0,58655.0,1033631.0,0.66789806,3.9763398,145.61423,411.0,1017.0,17314536.0,39748330.0,0.4041298,0.43560416,42127.824,7.03125,18186192.0,5082.0,2210.0,0.43486816
2021-08-27,malacca,1547588.0,10628.0,238612.0,58655.0,1033631.0,0.66789806,3.9763398,145.61423,429.0,1015.0,19308472.0,41821536.0,0.4226601,0.4616873,45008.09,4.379562,19010470.0,5082.0,2210.0,0.43486816
2021-09-03,malacca,1538720.0,10104.0,252361.0,59349.0,1024724.0,0.6659587,-0.57302076,152.28821,463.0,1145.0,19293152.0,43094620.0,0.40436682,0.44769284,41669.875,7.925408,19118214.0,5688.0,2676.0,0.47046414
2021-09-10,malacca,1538720.0,10104.0,252361.0,59349.0,1024724.0,0.6659587,-0.57302076,152.28821,425.0,1042.0,14896562.0,38286892.0,0.4078695,0.38907734,35050.734,-8.207343,17703180.0,5688.0,2676.0,0.47046414
2021-09-17,malacca,1538720.0,10104.0,252361.0,59349.0,1024724.0,0.6659587,-0.57302076,152.28821,397.0,1037.0,17472664.0,41977384.0,0.3828351,0.41623998,44011.75,-6.5882354,17742712.0,5688.0,2676.0,0.47046414
2021-09-24,malacca,1538720.0,10104.0,252361.0,59349.0,1024724.0,0.6659587,-0.57302076,152.28821,410.0,974.0,18898968.0,42156390.0,0.42094457,0.44830608,46095.043,3.2745593,17640336.0,5688.0,2676.0,0.47046414
2021-10-01,malacca,1607068.0,10037.0,256738.0,59625.0,1089885.0,0.67818224,4.4418736,160.11438,395.0,963.0,18830708.0,39834148.0,0.41017655,0.4727278,47672.68,-3.6585367,17524726.0,6308.0,2949.0,0.46750158
2021-10-08,malacca,1607068.0,10037.0,256738.0,59625.0,1089885.0,0.67818224,4.4418736,160.11438,426.0,1067.0,18460346.0,41640224.0,0.39925024,0.44332963,43334.145,7.848101,18415672.0,6308.0,2949.0,0.46750158
2021-10-15,malacca,1607068.0,10037.0,256738.0,59625.0,1089885.0,0.67818224,4.4418736,160.11438,443.0,1029.0,20231346.0,43182384.0,0.43051505,0.46850926,45668.953,3.9906104,19105342.0,6308.0,2949.0,0.46750158
2021-10-22,malacca,1607068.0,10037.0,256738.0,59625.0,1089885.0,0.67818224,4.4418736,160.11438,380.0,947.0,15699802.0,37277220.0,0.40126717,0.42116344,41315.27,-14.221219,18305550.0,6308.0,2949.0,0.46750158
2021-10-29,malacca,1514079.0,9725.0,227171.0,57721.0,1034598.0,0.6833184,-5.7862515,155.68936,410.0,1055.0,20388900.0,43671050.0,0.3886256,0.4668745,49729.023,7.894737,18695098.0,5280.0,2617.0,0.49564394
2021-11-05,malacca,1514079.0,9725.0,227171.0,57721.0,1034598.0,0.6833184,-5.7862515,155.68936,419.0,1061.0,14513119.0,38726070.0,0.39491045,0.37476352,34637.516,2.195122,17708292.0,5280.0,2617.0,0.49564394
2021-11-12,malacca,1514079.0,9725.0,227171.0,57721.0,1034598.0,0.6833184,-5.7862515,155.68936,438.0,1061.0,21504934.0,45998740.0,0.4128181,0.46751136,49098.023,4.534606,18026688.0,5280.0,2617.0,0.49564394
2021-11-19,malacca,1514079.0,9725.0,227171.0,57721.0,1034598.0,0.6833184,-5.7862515,155.68936,502.0,1316.0,20928482.0,50020430.0,0.38145897,0.41839868,41690.203,14.611872,19333858.0,5280.0,2617.0,0.49564394
2021-11-26,malacca,1514079.0,9725.0,227171.0,57721.0,1034598.0,0.6833184,-5.7862515,155.68936,596.0,1451.0,23836836.0,52655570.0,0.4107512,0.45269355,39994.69,18.7251,20195844.0,5280.0,2617.0,0.49564394
2021-12-03,malacca,1610359.0,10192.0,270338.0,58063.0,1083771.0,0.6729996,6.358981,158.00226,546.0,1412.0,21065420.0,49948384.0,0.38668555,0.42174378,38581.355,-8.389262,21833918.0,6329.0,2970.0,0.46926844
2021-12-10,malacca,1610359.0,10192.0,270338.0,58063.0,1083771.0,0.6729996,6.358981,158.00226,602.0,1417.0,24970208.0,51168650.0,0.42484123,0.4879982,41478.75,10.256411,22700236.0,6329.0,2970.0,0.46926844
2021-12-17,malacca,1610359.0,10192.0,270338.0,58063.0,1083771.0,0.6729996,6.358981,158.00226,538.0,1373.0,21489986.0,48796360.0,0.3918427,0.44040143,39944.21,-10.631229,22840612.0,6329.0,2970.0,0.46926844
2021-12-24,malacca,1610359.0,10192.0,270338.0,58063.0,1083771.0,0.6729996,6.358981,158.00226,573.0,1393.0,24054678.0,50751080.0,0.4113424,0.47397372,41980.242,6.505576,22895072.0,6329.0,2970.0,0.46926844
2021-12-31,malacca,1600934.0,10675.0,267945.0,56720.0,1078787.0,0.6738485,-0.5852732,149.9704,570.0,1351.0,27382456.0,53515180.0,0.4219097,0.51167643,48039.4,-0.5235602,24474332.0,5531.0,2652.0,0.4794793
2022-01-07,malacca,1600934.0,10675.0,267945.0,56720.0,1078787.0,0.6738485,-0.5852732,149.9704,562.0,1449.0,22599220.0,51903840.0,0.38785368,0.43540555,40212.137,-1.4035088,23881586.0,5531.0,2652.0,0.4794793
2022-01-14,malacca,1600934.0,10675.0,267945.0,56720.0,1078787.0,0.6738485,-0.5852732,149.9704,580.0,1415.0,26013996.0,53663136.0,0.409894,0.48476472,44851.72,3.202847,25012588.0,5531.0,2652.0,0.4794793
2022-01-21,malacca,1600934.0,10675.0,267945.0,56720.0,1078787.0,0.6738485,-0.5852732,149.9704,593.0,1417.0,25188924.0,49964612.0,0.41848975,0.50413525,42477.105,2.2413793,25296148.0,5531.0,2652.0,0.4794793
2022-01-28,malacca,2182979.0,12031.0,334698.0,63385.0,1429808.0,0.6549802,36.35659,181.44618,597.0,1457.0,26065370.0,51558572.0,0.40974605,0.5055487,43660.586,0.6745362,24966878.0,5007.0,1565.0,0.3125624
2022-02-04,malacca,2182979.0,12031.0,334698.0,63385.0,1429808.0,0.6549802,36.35659,181.44618,606.0,1445.0,23923852.0,52152744.0,0.41937715,0.45872664,39478.305,1.5075377,25298036.0,5007.0,1565.0,0.3125624
2022-02-11,malacca,2182979.0,12031.0,334698.0,63385.0,1429808.0,0.6549802,36.35659,181.44618,571.0,1463.0,24863932.0,53657200.0,0.39029393,0.4633848,43544.54,-5.7755775,25010520.0,5007.0,1565.0,0.3125624
2022-02-18,malacca,2182979.0,12031.0,334698.0,63385.0,1429808.0,0.6549802,36.35659,181.44618,595.0,1435.0,21897172.0,49509344.0,0.41463414,0.4422836,36801.97,4.203152,24187582.0,5007.0,1565.0,0.3125624
2022-02-25,malacca,2182979.0,12031.0,334698.0,63385.0,1429808.0,0.6549802,36.35659,181.44618,598.0,1435.0,23673348.0,48625790.0,0.41672474,0.48684755,39587.535,0.5042017,23589576.0,5007.0,1565.0,0.3125624
2022-03-04,malacca,2180308.0,11809.0,327104.0,63208.0,1443653.0,0.6621326,-0.12235574,184.63104,569.0,1403.0,25356256.0,52546310.0,0.4055595,0.48255062,44562.84,-4.8494983,23947676.0,5364.0,1797.0,0.33501118
2022-03-11,malacca,2180308.0,11809.0,327104.0,63208.0,1443653.0,0.6621326,-0.12235574,184.63104,573.0,1397.0,23741894.0,50647290.0,0.41016462,0.46876928,41434.37,0.7029877,23667168.0,5364.0,1797.0,0.33501118
2022-03-18,malacca,2180308.0,11809.0,327104.0,63208.0,1443653.0,0.6621326,-0.12235574,184.63104,581.0,1425.0,23448952.0,52251870.0,0.40771928,0.4487677,40359.645,1.3961606,24055112.0,5364.0,1797.0,0.33501118
2022-03-25,malacca,2180308.0,11809.0,327104.0,63208.0,1443653.0,0.6621326,-0.12235574,184.63104,583.0,1434.0,26724956.0,55270290.0,0.4065551,0.48353207,45840.406,0.34423408,24818014.0,5364.0,1797.0,0.33501118
2022-04-01,malacca,1992204.0,11503.0,279785.0,56800.0,1333473.0,0.6693456,-8.627405,173.18996,546.0,1384.0,23466958.0,51468964.0,0.39450866,0.45594385,42979.777,-6.3464837,24345690.0,5776.0,1827.0,0.31630886
2022-04-08,malacca,1992204.0,11503.0,279785.0,56800.0,1333473.0,0.6693456,-8.627405,173.18996,571.0,1392.0,22448088.0,50552720.0,0.41020116,0.444053,39313.637,4.5787544,24022238.0,5776.0,1827.0,0.31630886
2022-04-15,malacca,1992204.0,11503.0,279785.0,56800.0,1333473.0,0.6693456,-8.627405,173.18996,526.0,1362.0,20032868.0,48123190.0,0.38619676,0.416283,38085.3,-7.880911,23168218.0,5776.0,1827.0,0.31630886
2022-04-22,malacca,1992204.0,11503.0,279785.0,56800.0,1333473.0,0.6693456,-8.627405,173.18996,595.0,1463.0,24728196.0,52716690.0,0.40669855,0.4690772,41559.996,13.11787,22669028.0,5776.0,1827.0,0.31630886
2022-04-29,malacca,2173006.0,11945.0,299008.0,64149.0,1435588.0,0.66064614,9.075477,181.91762,588.0,1435.0,22989448.0,52021240.0,0.4097561,0.4419242,39097.7,-1.1764706,22549650.0,5379.0,1838.0,0.3416992
2022-05-06,malacca,2173006.0,11945.0,299008.0,64149.0,1435588.0,0.66064614,9.075477,181.91762,551.0,1402.0,24122342.0,52011660.0,0.39301,0.4637872,43779.207,-6.292517,22968214.0,5379.0,1838.0,0.3416992
2022-05-13,malacca,2173006.0,11945.0,299008.0,64149.0,1435588.0,0.66064614,9.075477,181.91762,543.0,1358.0,25243498.0,55560650.0,0.39985272,0.4543413,46488.945,-1.4519056,24270872.0,5379.0,1838.0,0.3416992
2022-05-20,malacca,2173006.0,11945.0,299008.0,64149.0,1435588.0,0.66064614,9.075477,181.91762,538.0,1371.0,22981680.0,52795070.0,0.3924143,0.4352997,42716.88,-0.92081034,23834242.0,5379.0,1838.0,0.3416992
2022-05-27,malacca,2173006.0,11945.0,299008.0,64149.0,1435588.0,0.66064614,9.075477,181.91762,564.0,1392.0,22547336.0,48495196.0,0.4051724,0.4649396,39977.547,4.8327136,23723714.0,5379.0,1838.0,0.3416992
2022-06-03,malacca,2123592.0,12100.0,299708.0,63220.0,1404694.0,0.6614708,-2.2739928,175.50346,535.0,1417.0,18538284.0,50290424.0,0.37755823,0.3686245,34650.996,-5.141844,22327700.0,5601.0,1883.0,0.33618996
2022-06-10,malacca,2123592.0,12100.0,299708.0,63220.0,1404694.0,0.6614708,-2.2739928,175.50346,548.0,1410.0,24015856.0,56957576.0,0.38865247,0.42164463,43824.555,2.4299066,22020788.0,5601.0,1883.0,0.33618996
2022-06-17,malacca,2123592.0,12100.0,299708.0,63220.0,1404694.0,0.6614708,-2.2739928,175.50346,570.0,1425.0,21686518.0,51043136.0,0.4,0.42486647,38046.523,4.0145984,21696998.0,5601.0,1883.0,0.33618996
2022-06-24,malacca,2123592.0,12100.0,299708.0,63220.0,1404694.0,0.6614708,-2.2739928,175.50346,589.0,1471.0,26228152.0,55516880.0,0.40040788,0.47243565,44529.973,3.3333333,22617202.0,5601.0,1883.0,0.33618996
2022-07-01,malacca,2237276.0,12389.0,320464.0,64328.0,1465044.0,0.65483385,5.3533826,180.58568,559.0,1430.0,23041452.0,54009736.0,0.3909091,0.42661667,41219.055,-5.0933785,23742994.0,4872.0,1552.0,0.318555
2022-07-08,malacca,2237276.0,12389.0,320464.0,64328.0,1465044.0,0.65483385,5.3533826,180.58568,547.0,1374.0,22322376.0,51822850.0,0.3981077,0.4307439,40808.734,-2.1466906,23319624.0,4872.0,1552.0,0.318555
2022-07-15,malacca,2237276.0,12389.0,320464.0,64328.0,1465044.0,0.65483385,5.3533826,180.58568,538.0,1349.0,22297980.0,48187290.0,0.39881393,0.4627357,41446.06,-1.6453382,23472490.0,4872.0,1552.0,0.318555
2022-07-22,malacca,2237276.0,12389.0,320464.0,64328.0,1465044.0,0.65483385,5.3533826,180.58568,529.0,1377.0,21897464.0,51920784.0,0.38416848,0.42174757,41394.07,-1.6728624,22389818.0,4872.0,1552.0,0.318555
2022-07-29,malacca,2159306.0,12313.0,311827.0,60555.0,1418406.0,0.6568805,-3.4850416,175.36798,601.0,1491.0,24375388.0,55459750.0,0.40308517,0.4395149,40558.047,13.610586,22723302.0,6042.0,2103.0,0.34806356
2022-08-05,malacca,2159306.0,12313.0,311827.0,60555.0,1418406.0,0.6568805,-3.4850416,175.36798,593.0,1497.0,23420836.0,53024908.0,0.39612558,0.441695,39495.508,-1.3311148,22997916.0,6042.0,2103.0,0.34806356
2022-08-12,malacca,2159306.0,12313.0,311827.0,60555.0,1418406.0,0.6568805,-3.4850416,175.36798,570.0,1480.0,23013216.0,55705612.0,0.38513514,0.41312203,40374.062,-3.8785834,23176726.0,6042.0,2103.0,0.34806356
2022-08-19,malacca,2159306.0,12313.0,311827.0,60555.0,1418406.0,0.6568805,-3.4850416,175.36798,571.0,1463.0,21308560.0,50407724.0,0.39029393,0.42272407,37317.965,0.1754386,23029500.0,6042.0,2103.0,0.34806356
2022-08-26,malacca,2159306.0,12313.0,311827.0,60555.0,1418406.0,0.6568805,-3.4850416,175.36798,585.0,1500.0,22911260.0,51383856.0,0.39,0.4458844,39164.547,2.451839,22663468.0,6042.0,2103.0,0.34806356
2022-09-02,malacca,2252601.0,12370.0,324187.0,64058.0,1472328.0,0.65361243,4.320601,182.10194,581.0,1419.0,22274724.0,50396696.0,0.40944326,0.4419878,38338.598,-0.6837607,22376940.0,4180.0,1484.0,0.35502392
2022-09-09,malacca,2252601.0,12370.0,324187.0,64058.0,1472328.0,0.65361243,4.320601,182.10194,605.0,1485.0,27732384.0,57647880.0,0.4074074,0.48106512,45838.652,4.130809,23556732.0,4180.0,1484.0,0.35502392
2022-09-16,malacca,2252601.0,12370.0,324187.0,64058.0,1472328.0,0.65361243,4.320601,182.10194,576.0,1477.0,26847820.0,56355348.0,0.3899797,0.4764023,46610.797,-4.7933884,24941548.0,4180.0,1484.0,0.35502392
2022-09-23,malacca,2252601.0,12370.0,324187.0,64058.0,1472328.0,0.65361243,4.320601,182.10194,604.0,1433.0,25722458.0,52742096.0,0.42149338,0.4877026,42586.85,4.861111,25644346.0,4180.0,1484.0,0.35502392
2022-09-30,malacca,2263607.0,12448.0,329821.0,65190.0,1485704.0,0.65634364,0.48859075,181.84503,595.0,1447.0,22284788.0,50523356.0,0.41119558,0.4410789,37453.42,-1.4900662,25646862.0,5469.0,1855.0,0.3391845
2022-10-07,malacca,2263607.0,12448.0,329821.0,65190.0,1485704.0,0.65634364,0.48859075,181.84503,569.0,1450.0,23802452.0,52491920.0,0.3924138,0.45344982,41832.074,-4.369748,24664378.0,5469.0,1855.0,0.3391845
2022-10-14,malacca,2263607.0,12448.0,329821.0,65190.0,1485704.0,0.65634364,0.48859075,181.84503,585.0,1529.0,25674940.0,57649544.0,0.38260302,0.44536242,43888.785,2.8119507,24371158.0,5469.0,1855.0,0.3391845
2022-10-21,malacca,2263607.0,12448.0,329821.0,65190.0,1485704.0,0.65634364,0.48859075,181.84503,612.0,1530.0,25888080.0,55449104.0,0.4,0.46688005,42300.785,4.6153846,24412564.0,5469.0,1855.0,0.3391845
2022-10-28,malacca,2158641.0,12296.0,304634.0,59860.0,1407080.0,0.65183604,-4.637112,175.55637,627.0,1529.0,25674672.0,53063880.0,0.41007194,0.48384458,40948.438,2.4509804,25260036.0,5920.0,2090.0,0.35304055
2022-11-04,malacca,2158641.0,12296.0,304634.0,59860.0,1407080.0,0.65183604,-4.637112,175.55637,532.0,1441.0,21968064.0,51680584.0,0.36918807,0.42507383,41293.35,-15.151515,24801438.0,5920.0,2090.0,0.35304055
2022-11-11,malacca,2158641.0,12296.0,304634.0,59860.0,1407080.0,0.65183604,-4.637112,175.55637,591.0,1445.0,26754226.0,54771892.0,0.40899655,0.48846635,45269.418,11.090225,25071260.0,5920.0,2090.0,0.35304055
2022-11-18,malacca,2158641.0,12296.0,304634.0,59860.0,1407080.0,0.65183604,-4.637112,175.55637,595.0,1457.0,27088992.0,56333584.0,0.40837336,0.48086753,45527.715,0.67681897,25371488.0,5920.0,2090.0,0.35304055
2022-11-25,malacca,2158641.0,12296.0,304634.0,59860.0,1407080.0,0.65183604,-4.637112,175.55637,615.0,1489.0,25440584.0,53718344.0,0.41302887,0.47359213,41366.805,3.3613446,25312966.0,5920.0,2090.0,0.35304055
2022-12-02,malacca,2245197.0,13218.0,333377.0,60566.0,1447237.0,0.64459246,4.009745,169.85905,579.0,1474.0,24745808.0,55259844.0,0.39280868,0.44780815,42738.875,-5.8536587,26007402.0,5009.0,1717.0,0.342783
2022-12-09,malacca,2245197.0,13218.0,333377.0,60566.0,1447237.0,0.64459246,4.009745,169.85905,609.0,1501.0,25344680.0,55189824.0,0.4057295,0.4592274,41616.88,5.1813474,25655016.0,5009.0,1717.0,0.342783
2022-12-16,malacca,2245197.0,13218.0,333377.0,60566.0,1447237.0,0.64459246,4.009745,169.85905,576.0,1420.0,27603752.0,56865416.0,0.4056338,0.4854225,47923.18,-5.4187193,25783706.0,5009.0,1717.0,0.342783
2022-12-23,malacca,2245197.0,13218.0,333377.0,60566.0,1447237.0,0.64459246,4.009745,169.85905,617.0,1503.0,26194656.0,55416780.0,0.4105123,0.47268453,42454.87,7.1180553,25972224.0,5009.0,1717.0,0.342783
2022-12-30,malacca,2194874.0,12756.0,319245.0,60261.0,1403716.0,0.6395429,-2.2413623,172.06601,569.0,1436.0,24689088.0,54640464.0,0.39623955,0.4518462,43390.312,-7.7795787,25958044.0,5523.0,1704.0,0.30852798
2023-01-06,malacca,2194874.0,12756.0,319245.0,60261.0,1403716.0,0.6395429,-2.2413623,172.06601,589.0,1421.0,24849930.0,51889236.0,0.41449684,0.47890335,42190.035,3.5149386,25834356.0,5523.0,1704.0,0.30852798
2023-01-13,malacca,2194874.0,12756.0,319245.0,60261.0,1403716.0,0.6395429,-2.2413623,172.06601,586.0,1467.0,25107996.0,55033460.0,0.39945468,0.45623145,42846.41,-0.50933784,25210418.0,5523.0,1704.0,0.30852798
2023-01-20,malacca,2194874.0,12756.0,319245.0,60261.0,1403716.0,0.6395429,-2.2413623,172.06601,610.0,1535.0,24584380.0,53697760.0,0.39739415,0.45782882,40302.266,4.095563,24807848.0,5523.0,1704.0,0.30852798
2023-01-27,malacca,2194874.0,12756.0,319245.0,60261.0,1403716.0,0.6395429,-2.2413623,172.06601,625.0,1518.0,24134476.0,54028024.0,0.41172597,0.4467029,38615.16,2.4590163,24669196.0,5523.0,1704.0,0.30852798
2023-02-03,malacca,2259805.0,12444.0,325141.0,61761.0,1445064.0,0.639464,2.958302,181.59796,553.0,1438.0,22140072.0,52302896.0,0.3845619,0.42330492,40036.297,-11.52,23991732.0,4864.0,1521.0,0.3127056
2023-02-10,malacca,2259805.0,12444.0,325141.0,61761.0,1445064.0,0.639464,2.958302,181.59796,534.0,1426.0,23652828.0,54657364.0,0.37447405,0.43274733,44293.688,-3.4358046,23627940.0,4864.0,1521.0,0.3127056
2023-02-17,malacca,2259805.0,12444.0,325141.0,61761.0,1445064.0,0.639464,2.958302,181.59796,548.0,1428.0,24664004.0,53994028.0,0.3837535,0.45679137,45007.31,2.621723,23647846.0,4864.0,1521.0,0.3127056
2023-02-24,malacca,2259805.0,12444.0,325141.0,61761.0,1445064.0,0.639464,2.958302,181.59796,593.0,1470.0,25389484.0,53088972.0,0.40340137,0.47824404,42815.32,8.2116785,23961598.0,4864.0,1521.0,0.3127056
2023-03-03,malacca,2268543.0,12773.0,332220.0,61256.0,1455399.0,0.64155674,0.38667053,177.60455,576.0,1447.0,24174660.0,52820480.0,0.39806497,0.45767587,41969.895,-2.866779,24470244.0,4775.0,1208.0,0.2529843
2023-03-10,malacca,2268543.0,12773.0,332220.0,61256.0,1455399.0,0.64155674,0.38667053,177.60455,586.0,1466.0,26007400.0,53498452.0,0.39972714,0.4861337,44381.23,1.7361112,25058888.0,4775.0,1208.0,0.2529843
2023-03-17,malacca,2268543.0,12773.0,332220.0,61256.0,1455399.0,0.64155674,0.38667053,177.60455,564.0,1483.0,24965664.0,55430144.0,0.38031018,0.4503987,44265.363,-3.7542663,25134302.0,4775.0,1208.0,0.2529843
2023-03-24,malacca,2268543.0,12773.0,332220.0,61256.0,1455399.0,0.64155674,0.38667053,177.60455,592.0,1491.0,27402678.0,56762652.0,0.39704895,0.48275894,46288.31,4.964539,25637600.0,4775.0,1208.0,0.2529843
2023-03-31,malacca,2065606.0,13374.0,297848.0,55582.0,1341610.0,0.6494995,-8.945698,154.44939,557.0,1490.0,23344654.0,54250684.0,0.3738255,0.43031076,41911.406,-5.9121623,25430100.0,4808.0,1412.0,0.2936772
2023-04-07,malacca,2065606.0,13374.0,297848.0,55582.0,1341610.0,0.6494995,-8.945698,154.44939,647.0,1596.0,26498676.0,58195184.0,0.40538847,0.45534137,40956.223,16.15799,25552918.0,4808.0,1412.0,0.2936772
2023-04-14,malacca,2065606.0,13374.0,297848.0,55582.0,1341610.0,0.6494995,-8.945698,154.44939,605.0,1539.0,25797604.0,59166364.0,0.39311242,0.4360181,42640.668,-6.4914994,25760904.0,4808.0,1412.0,0.2936772
2023-04-21,malacca,2065606.0,13374.0,297848.0,55582.0,1341610.0,0.6494995,-8.945698,154.44939,611.0,1548.0,26912014.0,59959110.0,0.39470285,0.44883946,44045.848,0.9917355,25638238.0,4808.0,1412.0,0.2936772
2023-04-28,malacca,2294247.0,12818.0,333884.0,63008.0,1470572.0,0.64098245,11.068955,178.98634,584.0,1589.0,27590820.0,63712310.0,0.36752674,0.4330532,47244.555,-4.4189854,26699780.0,5635.0,1673.0,0.2968944
2023-05-05,malacca,2294247.0,12818.0,333884.0,63008.0,1470572.0,0.64098245,11.068955,178.98634,574.0,1505.0,24957072.0,58516500.0,0.38139534,0.42649633,43479.223,-1.7123288,26314378.0,5635.0,1673.0,0.2968944
2023-05-12,malacca,2294247.0,12818.0,333884.0,63008.0,1470572.0,0.64098245,11.068955,178.98634,564.0,1525.0,25901312.0,61978810.0,0.36983606,0.41790593,45924.312,-1.7421603,26340304.0,5635.0,1673.0,0.2968944
2023-05-19,malacca,2294247.0,12818.0,333884.0,63008.0,1470572.0,0.64098245,11.068955,178.98634,586.0,1551.0,26861762.0,59929230.0,0.37782076,0.4482247,45839.184,3.9007092,26327742.0,5635.0,1673.0,0.2968944
2023-05-26,malacca,2294247.0,12818.0,333884.0,63008.0,1470572.0,0.64098245,11.068955,178.98634,568.0,1509.0,24125520.0,56572184.0,0.37640822,0.4264555,42474.504,-3.0716724,25461416.0,5635.0,1673.0,0.2968944
2023-06-02,malacca,2216294.0,12835.0,335397.0,62194.0,1425732.0,0.6432955,-3.3977597,172.67581,588.0,1513.0,25245440.0,55817500.0,0.38863185,0.4522854,42934.42,3.5211267,25533508.0,4252.0,1362.0,0.32031986
2023-06-09,malacca,2216294.0,12835.0,335397.0,62194.0,1425732.0,0.6432955,-3.3977597,172.67581,590.0,1607.0,24214892.0,58146360.0,0.36714375,0.41644725,41042.19,0.34013605,25111904.0,4252.0,1362.0,0.32031986
2023-06-16,malacca,2216294.0,12835.0,335397.0,62194.0,1425732.0,0.6432955,-3.3977597,172.67581,556.0,1477.0,24550712.0,57827400.0,0.37643874,0.42455158,44155.957,-5.762712,24534142.0,4252.0,1362.0,0.32031986
2023-06-23,malacca,2216294.0,12835.0,335397.0,62194.0,1425732.0,0.6432955,-3.3977597,172.67581,578.0,1530.0,24500952.0,57334784.0,0.37777779,0.42733136,42389.188,3.9568346,24628000.0,4252.0,1362.0,0.32031986
2023-06-30,malacca,2300321.0,13983.0,341582.0,64714.0,1467603.0,0.63799924,3.7913291,164.5084,598.0,1524.0,24790788.0,56983680.0,0.39238846,0.4350507,41456.168,3.4602077,24514336.0,4461.0,1405.0,0.3149518
2023-07-07,malacca,2300321.0,13983.0,341582.0,64714.0,1467603.0,0.63799924,3.7913291,164.5084,588.0,1536.0,26022930.0,59989960.0,0.3828125,0.4337881,44256.684,-1.6722409,24966346.0,4461.0,1405.0,0.3149518
2023-07-14,malacca,2300321.0,13983.0,341582.0,64714.0,1467603.0,0.63799924,3.7913291,164.5084,606.0,1600.0,25292508.0,62671756.0,0.37875,0.40357107,41736.812,3.0612245,25151794.0,4461.0,1405.0,0.3149518
2023-07-21,malacca,2300321.0,13983.0,341582.0,64714.0,1467603.0,0.63799924,3.7913291,164.5084,576.0,1571.0,21670700.0,53936730.0,0.36664546,0.40178,37622.742,-4.9504952,24444232.0,4461.0,1405.0,0.3149518
2023-07-28,malacca,2179667.0,12918.0,316601.0,59862.0,1392056.0,0.63865536,-5.245094,168.731,614.0,1522.0,26792628.0,59080510.0,0.40341654,0.4534935,43636.2,6.5972223,24944692.0,3737.0,1327.0,0.35509768
2023-08-04,malacca,2179667.0,12918.0,316601.0,59862.0,1392056.0,0.63865536,-5.245094,168.731,590.0,1593.0,22140674.0,56036864.0,0.37037036,0.3951091,37526.566,-3.9087949,23974128.0,3737.0,1327.0,0.35509768
2023-08-11,malacca,2179667.0,12918.0,316601.0,59862.0,1392056.0,0.63865536,-5.245094,168.731,577.0,1523.0,24471612.0,58841864.0,0.37885752,0.41588777,42411.805,-2.20339,23768902.0,3737.0,1327.0,0.35509768
2023-08-18,malacca,2179667.0,12918.0,316601.0,59862.0,1392056.0,0.63865536,-5.245094,168.731,568.0,1553.0,24034216.0,59779110.0,0.36574373,0.4020504,42313.758,-1.559792,24359782.0,3737.0,1327.0,0.35509768
2023-08-25,malacca,2179667.0,12918.0,316601.0,59862.0,1392056.0,0.63865536,-5.245094,168.731,573.0,1548.0,25080992.0,58613480.0,0.37015504,0.42790484,43771.363,0.8802817,23931872.0,3737.0,1327.0,0.35509768
2023-09-01,malacca,2270202.0,13105.0,337386.0,61455.0,1450134.0,0.63876873,4.153616,173.23175,582.0,1537.0,23852834.0,56703876.0,0.37865973,0.42065614,40984.25,1.5706806,24359912.0,4402.0,1403.0,0.31871876
2023-09-08,malacca,2270202.0,13105.0,337386.0,61455.0,1450134.0,0.63876873,4.153616,173.23175,596.0,1582.0,26039218.0,60514468.0,0.3767383,0.43029737,43689.965,2.4054983,24751814.0,4402.0,1403.0,0.31871876
2023-09-15,malacca,2270202.0,13105.0,337386.0,61455.0,1450134.0,0.63876873,4.153616,173.23175,558.0,1511.0,23052770.0,55941544.0,0.36929187,0.41208676,41313.207,-6.3758388,24506454.0,4402.0,1403.0,0.31871876
2023-09-22,malacca,2270202.0,13105.0,337386.0,61455.0,1450134.0,0.63876873,4.153616,173.23175,572.0,1542.0,22555516.0,57632536.0,0.37094682,0.39136776,39432.72,2.5089605,23875084.0,4402.0,1403.0,0.31871876
2023-09-29,malacca,2269738.0,13740.0,331848.0,63112.0,1437390.0,0.63328457,-0.02043871,165.192,594.0,1547.0,24771764.0,59719470.0,0.38396898,0.41480213,41703.31,3.8461537,24104818.0,4817.0,1402.0,0.29105252
2023-10-06,malacca,2269738.0,13740.0,331848.0,63112.0,1437390.0,0.63328457,-0.02043871,165.192,553.0,1515.0,22864346.0,58138740.0,0.3650165,0.39327213,41346.016,-6.902357,23311100.0,4817.0,1402.0,0.29105252
2023-10-13,malacca,2269738.0,13740.0,331848.0,63112.0,1437390.0,0.63328457,-0.02043871,165.192,568.0,1505.0,22544340.0,57126144.0,0.37740862,0.39464137,39690.742,2.7124774,23183992.0,4817.0,1402.0,0.29105252
2023-10-20,malacca,2269738.0,13740.0,331848.0,63112.0,1437390.0,0.63328457,-0.02043871,165.192,564.0,1538.0,24152652.0,58685016.0,0.36671,0.41156423,42823.85,-0.70422536,23583276.0,4817.0,1402.0,0.29105252
2023-10-27,malacca,2269738.0,13740.0,331848.0,63112.0,1437390.0,0.63328457,-0.02043871,165.192,582.0,1607.0,27825760.0,67717544.0,0.36216554,0.41090918,47810.586,3.1914895,24346776.0,4817.0,1402.0,0.29105252
2023-11-03,malacca,2226283.0,12940.0,333405.0,60431.0,1398458.0,0.6281582,-1.9145381,172.0466,560.0,1533.0,22683112.0,57373060.0,0.3652968,0.3953617,40505.555,-3.7800686,24301466.0,5446.0,1461.0,0.26827028
2023-11-10,malacca,2226283.0,12940.0,333405.0,60431.0,1398458.0,0.6281582,-1.9145381,172.0466,609.0,1543.0,24621592.0,58392890.0,0.3946857,0.42165396,40429.543,8.75,24820780.0,5446.0,1461.0,0.26827028
2023-11-17,malacca,2226283.0,12940.0,333405.0,60431.0,1398458.0,0.6281582,-1.9145381,172.0466,617.0,1660.0,25440368.0,65850780.0,0.37168676,0.38633355,41232.363,1.3136289,25142708.0,5446.0,1461.0,0.26827028
2023-11-24,malacca,2226283.0,12940.0,333405.0,60431.0,1398458.0,0.6281582,-1.9145381,172.0466,604.0,1603.0,24030148.0,61467944.0,0.3767935,0.3909379,39785.016,-2.106969,24193804.0,5446.0,1461.0,0.26827028
2023-12-01,malacca,2254139.0,14669.0,339975.0,61314.0,1422048.0,0.6308608,1.2512336,153.66685,601.0,1541.0,27789142.0,62008896.0,0.39000648,0.44814768,46238.17,-0.49668875,25470312.0,5192.0,1566.0,0.30161786
2023-12-08,malacca,2254139.0,14669.0,339975.0,61314.0,1422048.0,0.6308608,1.2512336,153.66685,567.0,1543.0,23939464.0,59476284.0,0.36746597,0.40250435,42221.273,-5.657238,25299780.0,5192.0,1566.0,0.30161786
2023-12-15,malacca,2254139.0,14669.0,339975.0,61314.0,1422048.0,0.6308608,1.2512336,153.66685,581.0,1585.0,24609630.0,62129204.0,0.3665615,0.39610407,42357.367,2.4691358,25092096.0,5192.0,1566.0,0.30161786
2023-12-22,malacca,2254139.0,14669.0,339975.0,61314.0,1422048.0,0.6308608,1.2512336,153.66685,606.0,1633.0,27731912.0,66462096.0,0.37109613,0.41725904,45762.23,4.302926,26017536.0,5192.0,1566.0,0.30161786
2023-12-29,malacca,2236078.0,13128.0,334657.0,56411.0,1409451.0,0.6303228,-0.80123717,170.32892,615.0,1571.0,23523864.0,57722092.0,0.3914704,0.4075366,38250.188,1.4851485,24951218.0,4321.0,1098.0,0.25410783
2024-01-05,malacca,2236078.0,13128.0,334657.0,56411.0,1409451.0,0.6303228,-0.80123717,170.32892,556.0,1481.0,24276108.0,60576690.0,0.375422,0.40075,43662.066,-9.593496,25035378.0,4321.0,1098.0,0.25410783
2024-01-12,malacca,2236078.0,13128.0,334657.0,56411.0,1409451.0,0.6303228,-0.80123717,170.32892,606.0,1574.0,25374070.0,59344620.0,0.38500634,0.42757154,41871.402,8.9928055,25226488.0,4321.0,1098.0,0.25410783
2024-01-19,malacca,2236078.0,13128.0,334657.0,56411.0,1409451.0,0.6303228,-0.80123717,170.32892,585.0,1549.0,25636740.0,61607976.0,0.37766302,0.41612697,43823.49,-3.4653466,24702696.0,4321.0,1098.0,0.25410783
2024-01-26,malacca,2236078.0,13128.0,334657.0,56411.0,1409451.0,0.6303228,-0.80123717,170.32892,575.0,1570.0,25210564.0,59880670.0,0.36624205,0.42101339,43844.46,-1.7094017,25124370.0,4321.0,1098.0,0.25410783
2024-02-02,malacca,2290414.0,12899.0,353747.0,61378.0,1464640.0,0.63946515,2.4299688,177.56523,579.0,1609.0,23214212.0,60701616.0,0.35985085,0.38243154,40093.63,0.6956522,24858896.0,5349.0,1293.0,0.24172743
2024-02-09,malacca,2290414.0,12899.0,353747.0,61378.0,1464640.0,0.63946515,2.4299688,177.56523,554.0,1518.0,22394300.0,58615868.0,0.36495388,0.38205186,40422.926,-4.317789,24113954.0,5349.0,1293.0,0.24172743
2024-02-16,malacca,2290414.0,12899.0,353747.0,61378.0,1464640.0,0.63946515,2.4299688,177.56523,630.0,1625.0,27564710.0,62352732.0,0.3876923,0.442077,43753.508,13.718411,24595946.0,5349.0,1293.0,0.24172743
2024-02-23,malacca,2290414.0,12899.0,353747.0,61378.0,1464640.0,0.63946515,2.4299688,177.56523,550.0,1479.0,24516824.0,56266090.0,0.3718729,0.43573004,44576.047,-12.698413,24422512.0,5349.0,1293.0,0.24172743
2024-03-01,malacca,2312490.0,13012.0,359985.0,59929.0,1471052.0,0.6361334,0.9638432,177.7198,560.0,1531.0,20107324.0,55046296.0,0.365774,0.36528024,35905.934,1.8181819,23645790.0,4854.0,1141.0,0.23506387
2024-03-08,malacca,2312490.0,13012.0,359985.0,59929.0,1471052.0,0.6361334,0.9638432,177.7198,586.0,1501.0,24897988.0,56917836.0,0.3904064,0.43743736,42488.035,4.642857,24271712.0,4854.0,1141.0,0.23506387
2024-03-15,malacca,2312490.0,13012.0,359985.0,59929.0,1471052.0,0.6361334,0.9638432,177.7198,554.0,1461.0,24640612.0,59217532.0,0.37919232,0.41610333,44477.64,-5.460751,23540688.0,4854.0,1141.0,0.23506387
2024-03-22,malacca,2312490.0,13012.0,359985.0,59929.0,1471052.0,0.6361334,0.9638432,177.7198,574.0,1524.0,23192388.0,58339030.0,0.3766404,0.39754498,40404.86,3.6101084,23209578.0,4854.0,1141.0,0.23506387
2024-03-29,malacca,2139972.0,15400.0,318596.0,57003.0,1373193.0,0.6416874,-7.46027,138.95921,583.0,1544.0,25277412.0,61797916.0,0.3775907,0.40903342,43357.484,1.5679443,24502100.0,4593.0,1088.0,0.23688221
2024-04-05,malacca,2139972.0,15400.0,318596.0,57003.0,1373193.0,0.6416874,-7.46027,138.95921,586.0,1567.0,25344576.0,59846404.0,0.373963,0.42349374,43250.133,0.5145798,24613748.0,4593.0,1088.0,0.23688221
2024-04-12,malacca,2139972.0,15400.0,318596.0,57003.0,1373193.0,0.6416874,-7.46027,138.95921,583.0,1588.0,24170512.0,61377240.0,0.36712846,0.39380255,41458.855,-0.51194537,24496224.0,4593.0,1088.0,0.23688221
2024-04-19,malacca,2139972.0,15400.0,318596.0,57003.0,1373193.0,0.6416874,-7.46027,138.95921,564.0,1514.0,26314024.0,60320130.0,0.37252313,0.4362395,46656.07,-3.259005,25276632.0,4593.0,1088.0,0.23688221
2024-04-26,malacca,2139972.0,15400.0,318596.0,57003.0,1373193.0,0.6416874,-7.46027,138.95921,602.0,1645.0,24069464.0,63794664.0,0.36595744,0.37729585,39982.496,6.737589,24974644.0,4593.0,1088.0,0.23688221
2024-05-03,malacca,2299872.0,16778.0,330340.0,61922.0,1478618.0,0.64291316,7.47206,137.07664,521.0,1446.0,21619944.0,56702650.0,0.3603043,0.3812863,41497.01,-13.45515,24043486.0,4996.0,1366.0,0.27341872
2024-05-10,malacca,2299872.0,16778.0,330340.0,61922.0,1478618.0,0.64291316,7.47206,137.07664,604.0,1570.0,23715672.0,57877864.0,0.38471338,0.40975377,39264.36,15.9309025,23929776.0,4996.0,1366.0,0.27341872
2024-05-17,malacca,2299872.0,16778.0,330340.0,61922.0,1478618.0,0.64291316,7.47206,137.07664,583.0,1610.0,25822098.0,65694250.0,0.3621118,0.39306483,44291.76,-3.4768212,23806794.0,4996.0,1366.0,0.27341872
2024-05-24,malacca,2299872.0,16778.0,330340.0,61922.0,1478618.0,0.64291316,7.47206,137.07664,615.0,1592.0,23639036.0,60570496.0,0.38630652,0.3902731,38437.457,5.4888506,23699188.0,4996.0,1366.0,0.27341872
2024-05-31,malacca,2191024.0,14279.0,339563.0,58795.0,1391181.0,0.6349456,-4.732785,153.4438,532.0,1506.0,23139434.0,58356560.0,0.35325366,0.3965181,43495.176,-13.4959345,24079060.0,4648.0,1206.0,0.25946644
2024-06-07,malacca,2191024.0,14279.0,339563.0,58795.0,1391181.0,0.6349456,-4.732785,153.4438,561.0,1520.0,21865684.0,55502590.0,0.36907893,0.39395788,38976.26,5.451128,23616562.0,4648.0,1206.0,0.25946644
2024-06-14,malacca,2191024.0,14279.0,339563.0,58795.0,1391181.0,0.6349456,-4.732785,153.4438,587.0,1530.0,24241238.0,61283436.0,0.38366014,0.3955594,41296.83,4.634581,23221348.0,4648.0,1206.0,0.25946644
2024-06-21,malacca,2191024.0,14279.0,339563.0,58795.0,1391181.0,0.6349456,-4.732785,153.4438,581.0,1556.0,22625480.0,57318420.0,0.37339333,0.39473316,38942.31,-1.0221465,22967960.0,4648.0,1206.0,0.25946644
2024-06-28,malacca,2335373.0,13608.0,359144.0,59531.0,1476034.0,0.6320335,6.588198,171.61765,549.0,1512.0,21996888.0,54336416.0,0.36309522,0.40482774,40067.19,-5.5077453,22682322.0,3540.0,915.0,0.2584746
2024-07-05,malacca,2335373.0,13608.0,359144.0,59531.0,1476034.0,0.6320335,6.588198,171.61765,586.0,1580.0,24177872.0,60463856.0,0.3708861,0.39987317,41259.168,6.7395263,23260370.0,3540.0,915.0,0.2584746
2024-07-12,malacca,2335373.0,13608.0,359144.0,59531.0,1476034.0,0.6320335,6.588198,171.61765,562.0,1619.0,20984652.0,59996016.0,0.34712785,0.34976742,37339.24,-4.095563,22446224.0,3540.0,915.0,0.2584746
2024-07-19,malacca,2335373.0,13608.0,359144.0,59531.0,1476034.0,0.6320335,6.588198,171.61765,561.0,1577.0,24581040.0,62602812.0,0.35573876,0.39265075,43816.47,-0.17793594,22935112.0,3540.0,915.0,0.2584746
2024-07-26,malacca,2335373.0,13608.0,359144.0,59531.0,1476034.0,0.6320335,6.588198,171.61765,577.0,1601.0,22585980.0,59792320.0,0.36039975,0.3777405,39143.816,2.8520498,23082386.0,3540.0,915.0,0.2584746
2024-08-02,malacca,2261539.0,15450.0,340086.0,58259.0,1423444.0,0.62941384,-3.1615505,146.37793,539.0,1529.0,22825148.0,56688016.0,0.352518,0.40264505,42347.215,-6.5857887,22744206.0,2918.0,736.0,0.25222754
2024-08-09,malacca,2261539.0,15450.0,340086.0,58259.0,1423444.0,0.62941384,-3.1615505,146.37793,554.0,1549.0,25461254.0,62285020.0,0.3576501,0.40878615,45958.94,2.7829313,23863356.0,2918.0,736.0,0.25222754
2024-08-16,malacca,2261539.0,15450.0,340086.0,58259.0,1423444.0,0.62941384,-3.1615505,146.37793,561.0,1608.0,21982176.0,61923444.0,0.3488806,0.3549896,39183.918,1.2635379,23213640.0,2918.0,736.0,0.25222754
2024-08-23,malacca,2261539.0,15450.0,340086.0,58259.0,1423444.0,0.62941384,-3.1615505,146.37793,539.0,1551.0,22109610.0,55741270.0,0.34751773,0.39664704,41019.684,-3.9215686,23094548.0,2918.0,736.0,0.25222754
2024-08-30,malacca,2341036.0,14531.0,336157.0,60098.0,1484055.0,0.63393086,3.5151727,161.10632,556.0,1551.0,22907142.0,57761810.0,0.3584784,0.39657938,41199.895,3.1539888,23115046.0,3153.0,897.0,0.28449097
2024-09-06,malacca,2341036.0,14531.0,336157.0,60098.0,1484055.0,0.63393086,3.5151727,161.10632,557.0,1547.0,25197260.0,60051090.0,0.36005172,0.41959706,45237.45,0.17985612,23049048.0,3153.0,897.0,0.28449097
2024-09-13,malacca,2341036.0,14531.0,336157.0,60098.0,1484055.0,0.63393086,3.5151727,161.10632,549.0,1587.0,21621944.0,56238604.0,0.34593573,0.38446802,39384.234,-1.4362657,22958990.0,3153.0,897.0,0.28449097
2024-09-20,malacca,2341036.0,14531.0,336157.0,60098.0,1484055.0,0.63393086,3.5151727,161.10632,546.0,1489.0,25886180.0,59818980.0,0.36668906,0.4327419,47410.586,-0.5464481,23903132.0,3153.0,897.0,0.28449097
2024-09-27,malacca,2341036.0,14531.0,336157.0,60098.0,1484055.0,0.63393086,3.5151727,161.10632,573.0,1568.0,25403888.0,61475344.0,0.36543366,0.413237,44334.883,4.945055,24527318.0,3153.0,897.0,0.28449097
2024-10-04,malacca,2360134.0,14049.0,330147.0,61045.0,1488653.0,0.63074934,0.8157927,167.99303,555.0,1532.0,19800392.0,54879424.0,0.36227155,0.3607981,35676.38,-3.1413612,23178100.0,5661.0,1501.0,0.2651475
2024-10-11,malacca,2360134.0,14049.0,330147.0,61045.0,1488653.0,0.63074934,0.8157927,167.99303,567.0,1544.0,26169636.0,59770770.0,0.36722797,0.43783334,46154.56,2.162162,24315024.0,5661.0,1501.0,0.2651475
2024-10-18,malacca,2360134.0,14049.0,330147.0,61045.0,1488653.0,0.63074934,0.8157927,167.99303,572.0,1552.0,22266662.0,58187530.0,0.3685567,0.3826707,38927.73,0.8818342,23410144.0,5661.0,1501.0,0.2651475
2024-10-25,malacca,2360134.0,14049.0,330147.0,61045.0,1488653.0,0.63074934,0.8157927,167.99303,579.0,1678.0,25263508.0,63931776.0,0.34505364,0.39516357,43633.004,1.2237762,23375050.0,5661.0,1501.0,0.2651475
2024-11-01,malacca,2299716.0,13293.0,308197.0,57350.0,1456324.0,0.6332625,-2.5599394,173.00203,607.0,1641.0,28364008.0,63662176.0,0.3698964,0.44553939,46728.184,4.835924,25515954.0,4839.0,1343.0,0.2775367
2024-11-08,malacca,2299716.0,13293.0,308197.0,57350.0,1456324.0,0.6332625,-2.5599394,173.00203,536.0,1479.0,23696188.0,59864680.0,0.36240703,0.3958292,44209.31,-11.69687,24897592.0,4839.0,1343.0,0.2775367
2024-11-15,malacca,2299716.0,13293.0,308197.0,57350.0,1456324.0,0.6332625,-2.5599394,173.00203,540.0,1430.0,23888756.0,55120580.0,0.37762237,0.43339086,44238.434,0.74626863,25303116.0,4839.0,1343.0,0.2775367
2024-11-22,malacca,2299716.0,13293.0,308197.0,57350.0,1456324.0,0.6332625,-2.5599394,173.00203,559.0,1568.0,19281108.0,55248550.0,0.3565051,0.3489885,34492.145,3.5185184,23807516.0,4839.0,1343.0,0.2775367
2024-11-29,malacca,2426316.0,15044.0,332373.0,62093.0,1540772.0,0.63502526,5.505028,161.28131,600.0,1606.0,27681100.0,62321236.0,0.373599,0.444168,46135.164,7.334526,23636788.0,6001.0,1573.0,0.262123
2024-12-06,malacca,2426316.0,15044.0,332373.0,62093.0,1540772.0,0.63502526,5.505028,161.28131,559.0,1535.0,23746112.0,57124670.0,0.3641694,0.4156893,42479.63,-6.8333335,23649268.0,6001.0,1573.0,0.262123
2024-12-13,malacca,2426316.0,15044.0,332373.0,62093.0,1540772.0,0.63502526,5.505028,161.28131,551.0,1534.0,24638392.0,58244136.0,0.35919166,0.42301926,44715.773,-1.4311271,23836678.0,6001.0,1573.0,0.262123
2024-12-20,malacca,2426316.0,15044.0,332373.0,62093.0,1540772.0,0.63502526,5.505028,161.28131,575.0,1586.0,25626436.0,61584496.0,0.36254728,0.41611832,44567.715,4.3557167,25423010.0,6001.0,1573.0,0.262123
2024-12-27,malacca,2426316.0,15044.0,332373.0,62093.0,1540772.0,0.63502526,5.505028,161.28131,558.0,1559.0,22916906.0,59651428.0,0.35792175,0.38418034,41069.723,-2.9565217,24231962.0,6001.0,1573.0,0.262123
2025-01-03,malacca,2412286.0,14291.0,324684.0,59935.0,1526161.0,0.6326617,-0.5782429,168.79756,569.0,1586.0,22725090.0,58454750.0,0.3587642,0.3887638,39938.65,1.9713261,23976706.0,5264.0,1400.0,0.26595744
2025-01-10,malacca,2412286.0,14291.0,324684.0,59935.0,1526161.0,0.6326617,-0.5782429,168.79756,583.0,1672.0,25443472.0,64762316.0,0.34868422,0.39287463,43642.32,2.4604568,24177976.0,5264.0,1400.0,0.26595744
2025-01-17,malacca,2412286.0,14291.0,324684.0,59935.0,1526161.0,0.6326617,-0.5782429,168.79756,540.0,1611.0,23426932.0,61293710.0,0.33519554,0.38220778,43383.207,-7.3756433,23628100.0,5264.0,1400.0,0.26595744
2025-01-24,malacca,2412286.0,14291.0,324684.0,59935.0,1526161.0,0.6326617,-0.5782429,168.79756,560.0,1564.0,21741860.0,55859840.0,0.35805628,0.38922167,38824.75,3.7037036,23334338.0,5264.0,1400.0,0.26595744
2025-01-31,malacca,2471476.0,15998.0,347499.0,60805.0,1585192.0,0.64139485,2.453689,154.48656,563.0,1595.0,23927226.0,60072896.0,0.35297805,0.39830318,42499.51,0.53571427,23634872.0,5444.0,1364.0,0.25055107
2025-02-07,malacca,2471476.0,15998.0,347499.0,60805.0,1585192.0,0.64139485,2.453689,154.48656,552.0,1533.0,21703668.0,55253260.0,0.36007828,0.3928034,39318.242,-1.9538188,22699922.0,5444.0,1364.0,0.25055107
2025-02-14,malacca,2471476.0,15998.0,347499.0,60805.0,1585192.0,0.64139485,2.453689,154.48656,535.0,1557.0,24082450.0,63139292.0,0.3436095,0.3814178,45013.926,-3.0797102,22863800.0,5444.0,1364.0,0.25055107
2025-02-21,malacca,2471476.0,15998.0,347499.0,60805.0,1585192.0,0.64139485,2.453689,154.48656,552.0,1519.0,23646196.0,55904456.0,0.36339697,0.42297515,42837.312,3.17757,23339886.0,5444.0,1364.0,0.25055107
2025-02-28,malacca,2449893.0,13253.0,348106.0,61845.0,1578237.0,0.6442065,-0.8732838,184.85573,543.0,1554.0,22362328.0,56969484.0,0.34942085,0.3925317,41182.926,-1.6304348,22948662.0,5409.0,1147.0,0.21205398
2025-03-07,malacca,2449893.0,13253.0,348106.0,61845.0,1578237.0,0.6442065,-0.8732838,184.85573,542.0,1542.0,25116568.0,59068876.0,0.35149157,0.42520818,46340.535,-0.18416207,23801886.0,5409.0,1147.0,0.21205398
2025-03-14,malacca,2449893.0,13253.0,348106.0,61845.0,1578237.0,0.6442065,-0.8732838,184.85573,547.0,1565.0,21700148.0,58162892.0,0.34952077,0.37309265,39671.203,0.92250925,23206310.0,5409.0,1147.0,0.21205398
2025-03-21,malacca,2449893.0,13253.0,348106.0,61845.0,1578237.0,0.6442065,-0.8732838,184.85573,553.0,1526.0,24172310.0,58075016.0,0.36238533,0.41622564,43711.23,1.0968921,23337840.0,5409.0,1147.0,0.21205398
2025-03-28,malacca,2213336.0,12752.0,313501.0,55578.0,1426524.0,0.6445131,-9.655809,173.56775,584.0,1558.0,26221552.0,59849470.0,0.37483954,0.438125,44899.918,5.605787,24302644.0,5009.0,1136.0,0.22679177
2025-04-04,malacca,2213336.0,12752.0,313501.0,55578.0,1426524.0,0.6445131,-9.655809,173.56775,565.0,1623.0,26671508.0,67005572.0,0.34812078,0.3980491,47206.207,-3.2534246,24691380.0,5009.0,1136.0,0.22679177
2025-04-11,malacca,2213336.0,12752.0,313501.0,55578.0,1426524.0,0.6445131,-9.655809,173.56775,529.0,1584.0,21558630.0,59965736.0,0.33396465,0.3595158,40753.555,-6.371681,24656000.0,5009.0,1136.0,0.22679177
2025-04-18,malacca,2213336.0,12752.0,313501.0,55578.0,1426524.0,0.6445131,-9.655809,173.56775,555.0,1625.0,25559486.0,65914750.0,0.34153846,0.3877658,46053.13,4.9149337,25002794.0,5009.0,1136.0,0.22679177
2025-04-25,malacca,2213336.0,12752.0,313501.0,55578.0,1426524.0,0.6445131,-9.655809,173.56775,552.0,1621.0,24965832.0,65212292.0,0.34053054,0.38283938,45227.957,-0.5405405,24688864.0,5009.0,1136.0,0.22679177
2025-05-02,malacca,2456861.0,13603.0,359977.0,59680.0,1566901.0,0.6377654,11.002623,180.61171,556.0,1601.0,24745700.0,64409816.0,0.34728295,0.38419145,44506.656,0.7246377,24207412.0,5443.0,1335.0,0.24526915
2025-05-09,malacca,2456861.0,13603.0,359977.0,59680.0,1566901.0,0.6377654,11.002623,180.61171,580.0,1651.0,23682512.0,63299290.0,0.35130224,0.37413552,40831.918,4.316547,24738384.0,5443.0,1335.0,0.24526915
2025-05-16,malacca,2456861.0,13603.0,359977.0,59680.0,1566901.0,0.6377654,11.002623,180.61171,591.0,1656.0,25849128.0,63280260.0,0.35688406,0.40848646,43737.95,1.8965517,24810794.0,5443.0,1335.0,0.24526915
2025-05-23,malacca,2456861.0,13603.0,359977.0,59680.0,1566901.0,0.6377654,11.002623,180.61171,556.0,1638.0,24418186.0,65486290.0,0.33943835,0.3728748,43917.6,-5.922166,24673882.0,5443.0,1335.0,0.24526915
2025-05-30,malacca,2341535.0,13999.0,353856.0,55555.0,1491263.0,0.6368741,-4.6940384,167.26445,582.0,1673.0,21791020.0,65112948.0,0.34787807,0.33466494,37441.617,4.676259,23935212.0,5464.0,1520.0,0.27818447
2025-06-06,malacca,2341535.0,13999.0,353856.0,55555.0,1491263.0,0.6368741,-4.6940384,167.26445,592.0,1615.0,26079198.0,63503708.0,0.36656347,0.41067207,44052.7,1.7182131,24534384.0,5464.0,1520.0,0.27818447
2025-06-13,malacca,2341535.0,13999.0,353856.0,55555.0,1491263.0,0.6368741,-4.6940384,167.26445,569.0,1592.0,22280016.0,59512884.0,0.35741207,0.37437296,39156.44,-3.8851352,23642104.0,5464.0,1520.0,0.27818447
2025-06-20,malacca,2341535.0,13999.0,353856.0,55555.0,1491263.0,0.6368741,-4.6940384,167.26445,588.0,1619.0,26824358.0,64250564.0,0.36318716,0.41749606,45619.656,3.3391917,24243648.0,5464.0,1520.0,0.27818447
2025-06-27,malacca,2341535.0,13999.0,353856.0,55555.0,1491263.0,0.6368741,-4.6940384,167.26445,596.0,1655.0,25090278.0,65252840.0,0.36012083,0.3845086,42097.78,1.3605442,25068462.0,5464.0,1520.0,0.27818447
2025-07-04,malacca,2498565.0,14280.0,376481.0,59548.0,1555041.0,0.62237364,6.7062845,174.96954,590.0,1612.0,24262660.0,61825764.0,0.36600497,0.39243606,41123.152,-1.0067114,24614328.0,4270.0,1245.0,0.29156908
2025-07-11,malacca,2498565.0,14280.0,376481.0,59548.0,1555041.0,0.62237364,6.7062845,174.96954,551.0,1633.0,23096204.0,62972760.0,0.33741578,0.366765,41916.887,-6.6101694,24818374.0,4270.0,1245.0,0.29156908
2025-07-18,malacca,2498565.0,14280.0,376481.0,59548.0,1555041.0,0.62237364,6.7062845,174.96954,584.0,1661.0,25151324.0,66021970.0,0.35159543,0.38095385,43067.336,5.9891105,24400116.0,4270.0,1245.0,0.29156908
2025-07-25,malacca,2498565.0,14280.0,376481.0,59548.0,1555041.0,0.62237364,6.7062845,174.96954,623.0,1667.0,25699208.0,62381536.0,0.37372527,0.41196817,41250.74,6.678082,24552348.0,4270.0,1245.0,0.29156908
2025-08-01,malacca,2413774.0,13928.0,344981.0,58668.0,1522417.0,0.6307206,-3.3935878,173.30371,567.0,1624.0,24339616.0,60463200.0,0.34913793,0.40255255,42927.01,-8.988764,24571588.0,3515.0,1086.0,0.3089616
2025-08-08,malacca,2413774.0,13928.0,344981.0,58668.0,1522417.0,0.6307206,-3.3935878,173.30371,563.0,1631.0,23752176.0,67570530.0,0.345187,0.35151684,42188.59,-0.70546734,24735582.0,3515.0,1086.0,0.3089616
2025-08-15,malacca,2413774.0,13928.0,344981.0,58668.0,1522417.0,0.6307206,-3.3935878,173.30371,545.0,1601.0,24094740.0,59979348.0,0.34041223,0.40171728,44210.535,-3.197158,24471436.0,3515.0,1086.0,0.3089616
2025-08-22,malacca,2413774.0,13928.0,344981.0,58668.0,1522417.0,0.6307206,-3.3935878,173.30371,564.0,1666.0,23495438.0,64545164.0,0.33853543,0.36401546,41658.58,3.4862385,23920492.0,3515.0,1086.0,0.3089616
2025-08-29,malacca,2539827.0,14258.0,363157.0,60354.0,1602066.0,0.6307776,5.222237,178.13347,592.0,1700.0,24913168.0,65402744.0,0.34823528,0.3809193,42083.055,4.964539,24063880.0,3477.0,828.0,0.23813632
2025-09-05,malacca,2539827.0,14258.0,363157.0,60354.0,1602066.0,0.6307776,5.222237,178.13347,613.0,1661.0,26806004.0,65055156.0,0.3690548,0.41205043,43729.207,3.5472972,24827338.0,3477.0,828.0,0.23813632
2025-09-12,malacca,2539827.0,14258.0,363157.0,60354.0,1602066.0,0.6307776,5.222237,178.13347,567.0,1656.0,22674700.0,61477596.0,0.3423913,0.36882868,39990.652,-7.5040784,24472328.0,3477.0,828.0,0.23813632
2025-09-19,malacca,2539827.0,14258.0,363157.0,60354.0,1602066.0,0.6307776,5.222237,178.13347,576.0,1720.0,26844372.0,70583496.0,0.33488372,0.3803208,46604.812,1.5873016,25309560.0,3477.0,828.0,0.23813632
2025-09-26,malacca,2539827.0,14258.0,363157.0,60354.0,1602066.0,0.6307776,5.222237,178.13347,626.0,1758.0,25383624.0,65048176.0,0.35608646,0.3902281,40548.92,8.680555,25427176.0,3477.0,828.0,0.23813632
2025-10-03,malacca,2568643.0,16985.0,365589.0,58448.0,1628720.0,0.63407797,1.1345655,151.23009,601.0,1651.0,24536592.0,63309944.0,0.3640218,0.38756302,40826.277,-3.9936101,24859822.0,5388.0,1938.0,0.3596882
2025-10-10,malacca,2568643.0,16985.0,365589.0,58448.0,1628720.0,0.63407797,1.1345655,151.23009,558.0,1580.0,23923348.0,61418390.0,0.35316455,0.3895144,42873.383,-7.1547422,25171984.0,5388.0,1938.0,0.3596882
2025-10-17,malacca,2568643.0,16985.0,365589.0,58448.0,1628720.0,0.63407797,1.1345655,151.23009,562.0,1690.0,23436160.0,64299700.0,0.3325444,0.3644832,41701.355,0.71684587,24319932.0,5388.0,1938.0,0.3596882
2025-10-24,malacca,2568643.0,16985.0,365589.0,58448.0,1628720.0,0.63407797,1.1345655,151.23009,610.0,1746.0,29204046.0,69806300.0,0.34937,0.4183583,47875.484,8.540925,25275036.0,5388.0,1938.0,0.3596882
2025-10-31,malacca,2482449.0,15110.0,361854.0,57743.0,1564303.0,0.6301451,-3.355624,164.2918,557.0,1640.0,21591782.0,61742710.0,0.33963415,0.34970576,38764.42,-8.688524,24538834.0,6539.0,1721.0,0.2631901
2025-11-07,malacca,2482449.0,15110.0,361854.0,57743.0,1564303.0,0.6301451,-3.355624,164.2918,589.0,1667.0,29991132.0,70994770.0,0.35332933,0.42244142,50918.727,5.745063,26055780.0,6539.0,1721.0,0.2631901
2025-11-14,malacca,2482449.0,15110.0,361854.0,57743.0,1564303.0,0.6301451,-3.355624,164.2918,588.0,1685.0,25280714.0,64843092.0,0.3489614,0.3898752,42994.41,-0.16977929,26516918.0,6539.0,1721.0,0.2631901
2025-11-21,malacca,2482449.0,15110.0,361854.0,57743.0,1564303.0,0.6301451,-3.355624,164.2918,610.0,1728.0,30438852.0,72844690.0,0.35300925,0.4178596,49899.758,3.7414966,26825620.0,6539.0,1721.0,0.2631901
2025-11-28,malacca,2615518.0,15046.0,390194.0,59834.0,1638904.0,0.62660784,5.360392,173.83478,573.0,1632.0,26154528.0,64279160.0,0.35110295,0.4068897,45644.902,-6.0655737,27966306.0,5837.0,1571.0,0.2691451
2025-12-05,malacca,2615518.0,15046.0,390194.0,59834.0,1638904.0,0.62660784,5.360392,173.83478,574.0,1600.0,28105364.0,66187784.0,0.35875,0.42463067,48964.047,0.17452008,27494864.0,5837.0,1571.0,0.2691451
2025-12-12,malacca,2615518.0,15046.0,390194.0,59834.0,1638904.0,0.62660784,5.360392,173.83478,587.0,1679.0,26255578.0,65967370.0,0.34961286,0.39800856,44728.414,2.2648084,27738580.0,5837.0,1571.0,0.2691451
2025-12-19,malacca,2615518.0,15046.0,390194.0,59834.0,1638904.0,0.62660784,5.360392,173.83478,601.0,1650.0,26988736.0,66529390.0,0.36424243,0.40566635,44906.383,2.3850086,26876052.0,5837.0,1571.0,0.2691451
2025-12-26,malacca,2615518.0,15046.0,390194.0,59834.0,1638904.0,0.62660784,5.360392,173.83478,610.0,1689.0,26772928.0,67189736.0,0.36116046,0.39846754,43890.047,1.4975041,27030652.0,5837.0,1571.0,0.2691451
2026-01-02,malacca,2588680.0,14678.0,387783.0,56560.0,1624931.0,0.6277064,-1.0261065,176.36462,583.0,1653.0,25046816.0,64379956.0,0.35269207,0.3890468,42961.945,-4.4262295,26266014.0,5947.0,1579.0,0.26551202
2026-01-09,malacca,2588680.0,14678.0,387783.0,56560.0,1624931.0,0.6277064,-1.0261065,176.36462,567.0,1654.0,21953208.0,64193696.0,0.34280533,0.34198385,38718.184,-2.7444253,25190422.0,5947.0,1579.0,0.26551202
2026-01-16,malacca,2588680.0,14678.0,387783.0,56560.0,1624931.0,0.6277064,-1.0261065,176.36462,605.0,1691.0,26762262.0,63935972.0,0.35777646,0.4185791,44235.145,6.70194,25133804.0,5947.0,1579.0,0.26551202
2026-01-23,malacca,2588680.0,14678.0,387783.0,56560.0,1624931.0,0.6277064,-1.0261065,176.36462,574.0,1688.0,27940980.0,68987500.0,0.3400474,0.40501508,48677.668,-5.123967,25425816.0,5947.0,1579.0,0.26551202
2026-01-30,malacca,2700921.0,15639.0,426336.0,60243.0,1686168.0,0.6242937,4.3358393,172.70421,585.0,1698.0,22953094.0,64779330.0,0.34452298,0.35432744,39236.06,1.9163764,24902386.0,6735.0,1752.0,0.26013362
2026-02-06,malacca,2700921.0,15639.0,426336.0,60243.0,1686168.0,0.6242937,4.3358393,172.70421,558.0,1619.0,22744364.0,61199516.0,0.34465718,0.3716429,40760.51,-4.6153846,25100176.0,6735.0,1752.0,0.26013362
2026-02-13,malacca,2700921.0,15639.0,426336.0,60243.0,1686168.0,0.6242937,4.3358393,172.70421,575.0,1665.0,25631544.0,67218456.0,0.34534535,0.38131705,44576.598,3.046595,24817496.0,6735.0,1752.0,0.26013362
2026-02-20,malacca,2700921.0,15639.0,426336.0,60243.0,1686168.0,0.6242937,4.3358393,172.70421,567.0,1649.0,24256364.0,60603770.0,0.34384474,0.40024513,42780.184,-1.3913044,23896342.0,6735.0,1752.0,0.26013362
2026-02-27,malacca,2700921.0,15639.0,426336.0,60243.0,1686168.0,0.6242937,4.3358393,172.70421,568.0,1553.0,23158492.0,57766348.0,0.36574373,0.40089935,40771.992,0.17636684,23947692.0,6735.0,1752.0,0.26013362
2026-03-06,malacca,2700921.0,15639.0,426336.0,60243.0,1686168.0,0.6242937,4.3358393,172.70421,617.0,1644.0,26517248.0,62452984.0,0.37530413,0.42459536,42977.71,8.6267605,24890912.0,6735.0,1752.0,0.26013362
2026-03-13,malacca,2700921.0,15639.0,426336.0,60243.0,1686168.0,0.6242937,4.3358393,172.70421,571.0,1607.0,25552908.0,63440730.0,0.35532048,0.40278393,44751.152,-7.4554296,24871252.0,6735.0,1752.0,0.26013362
2026-03-20,malacca,2700921.0,15639.0,426336.0,60243.0,1686168.0,0.6242937,4.3358393,172.70421,510.0,1550.0,22300808.0,57386190.0,0.32903227,0.3886093,43727.074,-10.683012,24382364.0,6735.0,1752.0,0.26013362
2026-03-27,malacca,2700921.0,15639.0,426336.0,60243.0,1686168.0,0.6242937,4.3358393,172.70421,525.0,1485.0,13544396.0,49766068.0,0.35353535,0.27216125,25798.85,2.9411764,21978840.0,6735.0,1752.0,0.26013362
2026-04-03,malacca,2700921.0,15639.0,426336.0,60243.0,1686168.0,0.6242937,4.3358393,172.70421,459.0,1408.0,12232352.0,48021904.0,0.3259943,0.2547244,26650.004,-12.571428,18407616.0,6735.0,1752.0,0.26013362
2026-04-10,malacca,2700921.0,15639.0,426336.0,60243.0,1686168.0,0.6242937,4.3358393,172.70421,479.0,1437.0,14767941.0,52227612.0,0.33333334,0.2827612,30830.775,4.3572984,15711374.0,6735.0,1752.0,0.26013362
2026-04-17,malacca,2700921.0,15639.0,426336.0,60243.0,1686168.0,0.6242937,4.3358393,172.70421,497.0,1519.0,17215078.0,55138716.0,0.32718894,0.312214,34637.984,3.7578287,14439942.0,6735.0,1752.0,0.26013362
2026-04-24,malacca,2700921.0,15639.0,426336.0,60243.0,1686168.0,0.6242937,4.3358393,172.70421,503.0,1544.0,16124628.0,53472180.0,0.3257772,0.30155173,32056.914,1.2072434,15085000.0,6735.0,1752.0,0.26013362
2026-05-01,malacca,2700921.0,15639.0,426336.0,60243.0,1686168.0,0.6242937,4.3358393,172.70421,465.0,1461.0,14348398.0,50943556.0,0.31827515,0.28165287,30856.77,-7.554672,15614011.0,6735.0,1752.0,0.26013362
2026-05-08,malacca,2700921.0,15639.0,426336.0,60243.0,1686168.0,0.6242937,4.3358393,172.70421,493.0,1503.0,18030332.0,53594440.0,0.32801065,0.33642167,36572.68,6.0215054,16429609.0,6735.0,1752.0,0.26013362
2026-05-15,malacca,2700921.0,15639.0,426336.0,60243.0,1686168.0,0.6242937,4.3358393,172.70421,483.0,1513.0,15428356.0,55740828.0,0.3192333,0.27678734,31942.766,-2.0283976,15982928.0,6735.0,1752.0,0.26013362
2026-05-22,malacca,2700921.0,15639.0,426336.0,60243.0,1686168.0,0.6242937,4.3358393,172.70421,464.0,1519.0,17505518.0,57294880.0,0.30546412,0.30553374,37727.41,-3.9337475,16328151.0,6735.0,1752.0,0.26013362
2026-05-29,malacca,2700921.0,15639.0,426336.0,60243.0,1686168.0,0.6242937,4.3358393,172.70421,143.0,413.0,4418825.0,13858629.0,0.346247,0.31885007,30900.875,-69.18104,13845758.0,6735.0,1752.0,0.26013362
2026-06-05,malacca,2700921.0,15639.0,426336.0,60243.0,1686168.0,0.6242937,4.3358393,172.70421,,,,,,,,,,6735.0,1752.0,0.26013362
2026-06-12,malacca,2700921.0,15639.0,426336.0,60243.0,1686168.0,0.6242937,4.3358393,172.70421,,,,,,,,,,6735.0,1752.0,0.26013362
2026-06-19,malacca,,,,,,,,,,,,,,,,,,6735.0,1752.0,0.26013362
2026-06-26,malacca,,,,,,,,,,,,,,,,,,6735.0,1752.0,0.26013362
2019-01-04,mandeb,12989.0,1486.0,7590.0,0.0,5002.0,0.3850951,-0.5055534,8.740915,,,,,,,,,,,,
2019-01-11,mandeb,12989.0,1486.0,7590.0,0.0,5002.0,0.3850951,-0.5055534,8.740915,75.0,214.0,4381631.0,10869827.0,0.3504673,0.40310034,58421.746,,4381631.0,,,
2019-01-18,mandeb,12989.0,1486.0,7590.0,0.0,5002.0,0.3850951,-0.5055534,8.740915,121.0,380.0,6374180.0,18292852.0,0.31842107,0.34845194,52679.17,61.333332,5377905.5,,,
2019-01-25,mandeb,12989.0,1486.0,7590.0,0.0,5002.0,0.3850951,-0.5055534,8.740915,116.0,342.0,5063228.0,14429957.0,0.33918127,0.3508831,43648.516,-4.132231,5273013.0,,,
2019-02-01,mandeb,12452.0,1420.0,7537.0,0.0,4692.0,0.37680694,-4.1342673,8.769014,109.0,319.0,4301956.0,13337586.0,0.34169278,0.32254383,39467.484,-6.034483,5030249.0,,,
2019-02-08,mandeb,12452.0,1420.0,7537.0,0.0,4692.0,0.37680694,-4.1342673,8.769014,117.0,375.0,5346503.0,17364648.0,0.312,0.30789584,45696.605,7.3394494,5271467.0,,,
2019-02-15,mandeb,12452.0,1420.0,7537.0,0.0,4692.0,0.37680694,-4.1342673,8.769014,119.0,358.0,6423231.0,17258872.0,0.33240223,0.3721698,53976.73,1.7094017,5283729.5,,,
2019-02-22,mandeb,12452.0,1420.0,7537.0,0.0,4692.0,0.37680694,-4.1342673,8.769014,116.0,376.0,5616443.0,18020352.0,0.30851063,0.3116722,48417.613,-2.5210085,5422033.0,,,
2019-03-01,mandeb,12364.0,1461.0,7477.0,0.0,4670.0,0.37770948,-0.7067138,8.462697,119.0,378.0,6003174.0,16721682.0,0.3148148,0.3590054,50446.84,2.586207,5847338.0,137.0,40.0,0.2919708
2019-03-08,mandeb,12364.0,1461.0,7477.0,0.0,4670.0,0.37770948,-0.7067138,8.462697,116.0,350.0,5655770.0,16736973.0,0.33142856,0.33792073,48756.637,-2.5210085,5924654.5,137.0,40.0,0.2919708
2019-03-15,mandeb,12364.0,1461.0,7477.0,0.0,4670.0,0.37770948,-0.7067138,8.462697,114.0,331.0,5983661.0,15610210.0,0.34441087,0.38331714,52488.254,-1.7241379,5814762.0,137.0,40.0,0.2919708
2019-03-22,mandeb,12364.0,1461.0,7477.0,0.0,4670.0,0.37770948,-0.7067138,8.462697,153.0,388.0,7192666.0,17470448.0,0.3943299,0.4117047,47010.89,34.210526,6208818.0,137.0,40.0,0.2919708
2019-03-29,mandeb,11199.0,1319.0,6774.0,6.0,4298.0,0.38378426,-9.422517,8.490523,124.0,363.0,5439628.0,16472031.0,0.3415978,0.3302342,43867.97,-18.954248,6067931.0,86.0,31.0,0.3604651
2019-04-05,mandeb,11199.0,1319.0,6774.0,6.0,4298.0,0.38378426,-9.422517,8.490523,118.0,363.0,5704883.0,16952280.0,0.32506886,0.336526,48346.465,-4.83871,6080209.5,86.0,31.0,0.3604651
2019-04-12,mandeb,11199.0,1319.0,6774.0,6.0,4298.0,0.38378426,-9.422517,8.490523,107.0,348.0,5526656.0,16478271.0,0.30747128,0.33539054,51650.992,-9.322034,5965958.0,86.0,31.0,0.3604651
2019-04-19,mandeb,11199.0,1319.0,6774.0,6.0,4298.0,0.38378426,-9.422517,8.490523,130.0,394.0,7816511.0,19895756.0,0.32994923,0.39287326,60127.008,21.495327,6121919.5,86.0,31.0,0.3604651
2019-04-26,mandeb,11199.0,1319.0,6774.0,6.0,4298.0,0.38378426,-9.422517,8.490523,118.0,375.0,6772746.0,18582724.0,0.31466666,0.36446464,57396.152,-9.230769,6455199.0,86.0,31.0,0.3604651
2019-05-03,mandeb,12953.0,1470.0,7299.0,11.0,5314.0,0.41025245,15.662112,8.811564,128.0,394.0,5964480.0,17744536.0,0.3248731,0.33613053,46597.5,8.474576,6520098.0,117.0,38.0,0.32478634
2019-05-10,mandeb,12953.0,1470.0,7299.0,11.0,5314.0,0.41025245,15.662112,8.811564,117.0,367.0,6062266.0,17944838.0,0.31880108,0.33782786,51814.24,-8.59375,6654001.0,117.0,38.0,0.32478634
2019-05-17,mandeb,12953.0,1470.0,7299.0,11.0,5314.0,0.41025245,15.662112,8.811564,118.0,358.0,6656738.0,18387324.0,0.32960895,0.36202866,56413.035,0.85470086,6364057.5,117.0,38.0,0.32478634
2019-05-24,mandeb,12953.0,1470.0,7299.0,11.0,5314.0,0.41025245,15.662112,8.811564,116.0,359.0,5121897.0,16576897.0,0.3231198,0.30897802,44154.285,-1.6949153,5951345.0,117.0,38.0,0.32478634
2019-05-31,mandeb,13514.0,1535.0,8121.0,35.0,5011.0,0.37080064,4.331043,8.803908,136.0,378.0,6316522.0,17961512.0,0.35978836,0.35166985,46445.016,17.241379,6039356.0,135.0,51.0,0.37777779
2019-06-07,mandeb,13514.0,1535.0,8121.0,35.0,5011.0,0.37080064,4.331043,8.803908,110.0,344.0,4608490.0,15960366.0,0.31976745,0.28874588,41895.363,-19.117647,5675912.0,135.0,51.0,0.37777779
2019-06-14,mandeb,13514.0,1535.0,8121.0,35.0,5011.0,0.37080064,4.331043,8.803908,115.0,342.0,5800499.0,16508163.0,0.3362573,0.35137156,50439.12,4.5454545,5461852.0,135.0,51.0,0.37777779
2019-06-21,mandeb,13514.0,1535.0,8121.0,35.0,5011.0,0.37080064,4.331043,8.803908,114.0,350.0,6108310.0,17667740.0,0.3257143,0.34573236,53581.668,-0.8695652,5708455.0,135.0,51.0,0.37777779
2019-06-28,mandeb,12089.0,1501.0,7259.0,49.0,4605.0,0.38092482,-10.5446205,8.053964,119.0,335.0,5760708.0,16371788.0,0.3552239,0.35186797,48409.312,4.385965,5569502.0,110.0,29.0,0.26363635
2019-07-05,mandeb,12089.0,1501.0,7259.0,49.0,4605.0,0.38092482,-10.5446205,8.053964,122.0,399.0,7305215.0,19456632.0,0.3057644,0.37546146,59878.812,2.5210085,6243683.0,110.0,29.0,0.26363635
2019-07-12,mandeb,12089.0,1501.0,7259.0,49.0,4605.0,0.38092482,-10.5446205,8.053964,105.0,341.0,4569190.0,15286569.0,0.3079179,0.29890227,43516.094,-13.934426,5935856.0,110.0,29.0,0.26363635
2019-07-19,mandeb,12089.0,1501.0,7259.0,49.0,4605.0,0.38092482,-10.5446205,8.053964,118.0,335.0,5447837.0,16079944.0,0.3522388,0.338797,46168.11,12.380953,5770737.5,110.0,29.0,0.26363635
2019-07-26,mandeb,12089.0,1501.0,7259.0,49.0,4605.0,0.38092482,-10.5446205,8.053964,121.0,400.0,5981392.0,19626208.0,0.3025,0.30476555,49432.992,2.542373,5825908.5,110.0,29.0,0.26363635
2019-08-02,mandeb,11403.0,1444.0,6914.0,36.0,4341.0,0.3806893,-5.67458,7.8968143,99.0,343.0,4524043.0,15499082.0,0.28862974,0.29189104,45697.402,-18.181818,5130615.5,147.0,57.0,0.3877551
2019-08-09,mandeb,11403.0,1444.0,6914.0,36.0,4341.0,0.3806893,-5.67458,7.8968143,121.0,412.0,5709198.0,17744076.0,0.2936893,0.3217523,47183.453,22.222221,5415617.5,147.0,57.0,0.3877551
2019-08-16,mandeb,11403.0,1444.0,6914.0,36.0,4341.0,0.3806893,-5.67458,7.8968143,117.0,390.0,5437589.0,17709220.0,0.3,0.3070485,46475.12,-3.3057852,5413055.5,147.0,57.0,0.3877551
2019-08-23,mandeb,11403.0,1444.0,6914.0,36.0,4341.0,0.3806893,-5.67458,7.8968143,104.0,357.0,5306712.0,17169884.0,0.29131654,0.30907094,51026.08,-11.111111,5244385.5,147.0,57.0,0.3877551
2019-08-30,mandeb,13026.0,1532.0,8279.0,31.0,4635.0,0.3558268,14.233096,8.502611,124.0,401.0,5495829.0,17937164.0,0.30922693,0.3063934,44321.203,19.23077,5487332.0,132.0,38.0,0.28787878
2019-09-06,mandeb,13026.0,1532.0,8279.0,31.0,4635.0,0.3558268,14.233096,8.502611,105.0,366.0,5381022.0,18057040.0,0.28688523,0.29800132,51247.83,-15.32258,5405288.0,132.0,38.0,0.28787878
2019-09-13,mandeb,13026.0,1532.0,8279.0,31.0,4635.0,0.3558268,14.233096,8.502611,127.0,376.0,5913447.0,17582520.0,0.33776596,0.33632535,46562.574,20.952381,5524252.5,132.0,38.0,0.28787878
2019-09-20,mandeb,13026.0,1532.0,8279.0,31.0,4635.0,0.3558268,14.233096,8.502611,113.0,374.0,6250649.0,18755804.0,0.30213904,0.3332648,55315.477,-11.0236225,5760237.0,132.0,38.0,0.28787878
2019-09-27,mandeb,13026.0,1532.0,8279.0,31.0,4635.0,0.3558268,14.233096,8.502611,123.0,369.0,5451810.0,17187776.0,0.33333334,0.3171911,44323.66,8.849558,5749232.0,132.0,38.0,0.28787878
2019-10-04,mandeb,13038.0,1591.0,8356.0,8.0,4532.0,0.34759933,0.09212345,8.194846,118.0,371.0,5019177.0,16438103.0,0.3180593,0.30533797,42535.4,-4.0650406,5658771.0,139.0,42.0,0.30215827
2019-10-11,mandeb,13038.0,1591.0,8356.0,8.0,4532.0,0.34759933,0.09212345,8.194846,124.0,382.0,6017454.0,17815858.0,0.32460734,0.3377583,48527.855,5.084746,5684772.5,139.0,42.0,0.30215827
2019-10-18,mandeb,13038.0,1591.0,8356.0,8.0,4532.0,0.34759933,0.09212345,8.194846,117.0,358.0,5403383.0,16446042.0,0.32681563,0.3285522,46182.76,-5.645161,5472956.0,139.0,42.0,0.30215827
2019-10-25,mandeb,13038.0,1591.0,8356.0,8.0,4532.0,0.34759933,0.09212345,8.194846,126.0,384.0,6114712.0,18442716.0,0.328125,0.33155158,48529.46,7.6923075,5638681.5,139.0,42.0,0.30215827
2019-11-01,mandeb,12285.0,1503.0,7657.0,0.0,4546.0,0.37004477,-5.775426,8.173653,133.0,383.0,6107988.0,17889074.0,0.34725848,0.3414368,45924.723,5.5555553,5910884.0,95.0,25.0,0.2631579
2019-11-08,mandeb,12285.0,1503.0,7657.0,0.0,4546.0,0.37004477,-5.775426,8.173653,130.0,392.0,6520709.0,19096704.0,0.33163264,0.34145728,50159.3,-2.255639,6036698.0,95.0,25.0,0.2631579
2019-11-15,mandeb,12285.0,1503.0,7657.0,0.0,4546.0,0.37004477,-5.775426,8.173653,124.0,378.0,5817042.0,18078404.0,0.32804233,0.32176745,46911.63,-4.6153846,6140113.0,95.0,25.0,0.2631579
2019-11-22,mandeb,12285.0,1503.0,7657.0,0.0,4546.0,0.37004477,-5.775426,8.173653,123.0,378.0,6145444.0,18405424.0,0.32539684,0.3338931,49962.96,-0.8064516,6147796.0,95.0,25.0,0.2631579
2019-11-29,mandeb,13274.0,1572.0,8074.0,51.0,4967.0,0.37419015,8.050468,8.44402,154.0,403.0,6722406.0,17855480.0,0.382134,0.3764898,43651.99,25.203253,6301400.0,131.0,36.0,0.27480915
2019-12-06,mandeb,13274.0,1572.0,8074.0,51.0,4967.0,0.37419015,8.050468,8.44402,117.0,349.0,5442610.0,16463711.0,0.33524355,0.3305822,46518.035,-24.025974,6031875.5,131.0,36.0,0.27480915
2019-12-13,mandeb,13274.0,1572.0,8074.0,51.0,4967.0,0.37419015,8.050468,8.44402,136.0,359.0,7352312.0,17859080.0,0.37883008,0.41168484,54061.117,16.239317,6415693.0,131.0,36.0,0.27480915
2019-12-20,mandeb,13274.0,1572.0,8074.0,51.0,4967.0,0.37419015,8.050468,8.44402,118.0,354.0,4945710.0,16352399.0,0.33333334,0.30244553,41912.797,-13.235294,6115759.5,131.0,36.0,0.27480915
2019-12-27,mandeb,13274.0,1572.0,8074.0,51.0,4967.0,0.37419015,8.050468,8.44402,138.0,413.0,6219503.0,17963806.0,0.33414045,0.34622413,45068.863,16.949152,5990034.0,131.0,36.0,0.27480915
2020-01-03,mandeb,12409.0,1510.0,7311.0,23.0,4780.0,0.3852043,-6.5164986,8.217881,142.0,396.0,6790587.0,18444448.0,0.35858586,0.3681643,47821.035,2.8985507,6327028.0,89.0,28.0,0.31460676
2020-01-10,mandeb,12409.0,1510.0,7311.0,23.0,4780.0,0.3852043,-6.5164986,8.217881,127.0,359.0,6221373.0,17822632.0,0.35376045,0.3490715,48987.188,-10.56338,6044293.0,89.0,28.0,0.31460676
2020-01-17,mandeb,12409.0,1510.0,7311.0,23.0,4780.0,0.3852043,-6.5164986,8.217881,122.0,385.0,5403181.0,18211304.0,0.31688312,0.2966938,44288.367,-3.937008,6158661.0,89.0,28.0,0.31460676
2020-01-24,mandeb,12409.0,1510.0,7311.0,23.0,4780.0,0.3852043,-6.5164986,8.217881,107.0,368.0,4898511.0,17691758.0,0.29076087,0.27688095,45780.477,-12.295082,5828413.0,89.0,28.0,0.31460676
2020-01-31,mandeb,13152.0,1566.0,7736.0,39.0,5180.0,0.39385644,5.98759,8.398467,121.0,359.0,5564795.0,16735176.0,0.33704737,0.33252084,45990.043,13.084112,5521965.0,155.0,41.0,0.26451612
2020-02-07,mandeb,13152.0,1566.0,7736.0,39.0,5180.0,0.39385644,5.98759,8.398467,122.0,353.0,5891639.0,16985920.0,0.34560907,0.34685427,48292.12,0.8264463,5439531.5,155.0,41.0,0.26451612
2020-02-14,mandeb,13152.0,1566.0,7736.0,39.0,5180.0,0.39385644,5.98759,8.398467,114.0,368.0,6355848.0,17563276.0,0.3097826,0.36188284,55753.05,-6.557377,5677698.0,155.0,41.0,0.26451612
2020-02-21,mandeb,13152.0,1566.0,7736.0,39.0,5180.0,0.39385644,5.98759,8.398467,119.0,378.0,4731210.0,16908606.0,0.3148148,0.27981076,39758.066,4.385965,5635873.0,155.0,41.0,0.26451612
2020-02-28,mandeb,13407.0,1584.0,8221.0,9.0,4980.0,0.37144774,1.9388686,8.464015,132.0,371.0,6394592.0,17386892.0,0.35579515,0.36778232,48443.88,10.92437,5843322.0,62.0,19.0,0.30645162
2020-03-06,mandeb,13407.0,1584.0,8221.0,9.0,4980.0,0.37144774,1.9388686,8.464015,117.0,364.0,5709985.0,16560147.0,0.32142857,0.3448028,48803.29,-11.363636,5797909.0,62.0,19.0,0.30645162
2020-03-13,mandeb,13407.0,1584.0,8221.0,9.0,4980.0,0.37144774,1.9388686,8.464015,138.0,373.0,7576481.0,18182984.0,0.36997318,0.4166797,54902.035,17.948717,6103067.0,62.0,19.0,0.30645162
2020-03-20,mandeb,13407.0,1584.0,8221.0,9.0,4980.0,0.37144774,1.9388686,8.464015,105.0,355.0,5458343.0,16952272.0,0.29577464,0.32198295,51984.22,-23.913044,6284850.0,62.0,19.0,0.30645162
2020-03-27,mandeb,13407.0,1584.0,8221.0,9.0,4980.0,0.37144774,1.9388686,8.464015,128.0,389.0,5369772.0,18603052.0,0.32904884,0.28865004,41951.344,21.904762,6028645.0,62.0,19.0,0.30645162
2020-04-03,mandeb,12855.0,1520.0,7880.0,15.0,4799.0,0.37331778,-4.1172523,8.457237,117.0,363.0,5841765.0,18105318.0,0.32231405,0.32265463,49929.617,-8.59375,6061590.0,130.0,33.0,0.25384617
2020-04-10,mandeb,12855.0,1520.0,7880.0,15.0,4799.0,0.37331778,-4.1172523,8.457237,115.0,381.0,5655916.0,17404676.0,0.30183727,0.3249653,49181.88,-1.7094017,5581449.0,130.0,33.0,0.25384617
2020-04-17,mandeb,12855.0,1520.0,7880.0,15.0,4799.0,0.37331778,-4.1172523,8.457237,147.0,416.0,7127163.0,19271708.0,0.3533654,0.3698252,48484.1,27.826086,5998654.0,130.0,33.0,0.25384617
2020-04-24,mandeb,12855.0,1520.0,7880.0,15.0,4799.0,0.37331778,-4.1172523,8.457237,129.0,380.0,6677282.0,18651660.0,0.3394737,0.35799932,51761.875,-12.244898,6325531.5,130.0,33.0,0.25384617
2020-05-01,mandeb,13792.0,1611.0,8550.0,17.0,4936.0,0.35788864,7.2889924,8.561142,147.0,395.0,6500905.0,18150544.0,0.3721519,0.35816583,44223.844,13.953488,6490316.5,97.0,30.0,0.30927834
2020-05-08,mandeb,13792.0,1611.0,8550.0,17.0,4936.0,0.35788864,7.2889924,8.561142,152.0,394.0,9157263.0,21355422.0,0.3857868,0.42880273,60245.152,3.4013605,7365653.0,97.0,30.0,0.30927834
2020-05-15,mandeb,13792.0,1611.0,8550.0,17.0,4936.0,0.35788864,7.2889924,8.561142,156.0,396.0,8129023.0,19644292.0,0.3939394,0.4138109,52109.12,2.631579,7616118.0,97.0,30.0,0.30927834
2020-05-22,mandeb,13792.0,1611.0,8550.0,17.0,4936.0,0.35788864,7.2889924,8.561142,144.0,376.0,7620606.0,19049460.0,0.38297874,0.40004313,52920.875,-7.6923075,7851949.0,97.0,30.0,0.30927834
2020-05-29,mandeb,14232.0,1657.0,8504.0,12.0,5432.0,0.3816751,3.1902552,8.589016,137.0,359.0,5908738.0,16520461.0,0.3816156,0.3576618,43129.473,-4.861111,7703907.5,154.0,32.0,0.20779221
2020-06-05,mandeb,14232.0,1657.0,8504.0,12.0,5432.0,0.3816751,3.1902552,8.589016,130.0,362.0,6040434.0,16900284.0,0.35911602,0.3574161,46464.875,-5.109489,6924700.0,154.0,32.0,0.20779221
2020-06-12,mandeb,14232.0,1657.0,8504.0,12.0,5432.0,0.3816751,3.1902552,8.589016,115.0,318.0,4714048.0,14216131.0,0.3616352,0.33159852,40991.723,-11.538462,6070956.5,154.0,32.0,0.20779221
2020-06-19,mandeb,14232.0,1657.0,8504.0,12.0,5432.0,0.3816751,3.1902552,8.589016,124.0,342.0,5424043.0,16382623.0,0.3625731,0.33108515,43742.28,7.826087,5521816.0,154.0,32.0,0.20779221
2020-06-26,mandeb,14232.0,1657.0,8504.0,12.0,5432.0,0.3816751,3.1902552,8.589016,103.0,304.0,4908299.0,15773701.0,0.33881578,0.31116977,47653.387,-16.935484,5271706.0,154.0,32.0,0.20779221
2020-07-03,mandeb,13606.0,1565.0,8007.0,47.0,5399.0,0.39681023,-4.3985386,8.69393,129.0,360.0,4838663.0,14521455.0,0.35833332,0.33320788,37509.016,25.242718,4971263.0,120.0,40.0,0.33333334
2020-07-10,mandeb,13606.0,1565.0,8007.0,47.0,5399.0,0.39681023,-4.3985386,8.69393,114.0,347.0,4361338.0,15927142.0,0.32853025,0.27383053,38257.35,-11.627907,4883086.0,120.0,40.0,0.33333334
2020-07-17,mandeb,13606.0,1565.0,8007.0,47.0,5399.0,0.39681023,-4.3985386,8.69393,134.0,362.0,5628412.0,15973293.0,0.37016574,0.3523639,42003.074,17.54386,4934178.0,120.0,40.0,0.33333334
2020-07-24,mandeb,13606.0,1565.0,8007.0,47.0,5399.0,0.39681023,-4.3985386,8.69393,115.0,365.0,4350406.0,15812566.0,0.31506848,0.27512333,37829.617,-14.179105,4794705.0,120.0,40.0,0.33333334
2020-07-31,mandeb,11975.0,1370.0,7230.0,24.0,4563.0,0.38104385,-11.987358,8.740876,112.0,355.0,4842359.0,16520099.0,0.31549296,0.29311925,43235.348,-2.6086957,4795629.0,124.0,37.0,0.2983871
2020-08-07,mandeb,11975.0,1370.0,7230.0,24.0,4563.0,0.38104385,-11.987358,8.740876,119.0,396.0,4468590.0,17253966.0,0.30050504,0.25898916,37551.176,6.25,4822442.0,124.0,37.0,0.2983871
2020-08-14,mandeb,11975.0,1370.0,7230.0,24.0,4563.0,0.38104385,-11.987358,8.740876,120.0,350.0,4228253.0,15554183.0,0.34285715,0.27184024,35235.44,0.84033614,4472402.0,124.0,37.0,0.2983871
2020-08-21,mandeb,11975.0,1370.0,7230.0,24.0,4563.0,0.38104385,-11.987358,8.740876,106.0,359.0,4521657.0,16827396.0,0.29526463,0.26870805,42657.14,-11.666667,4515215.0,124.0,37.0,0.2983871
2020-08-28,mandeb,13089.0,1487.0,8099.0,36.0,4851.0,0.37061656,9.302714,8.802286,118.0,375.0,4074657.0,15890515.0,0.31466666,0.2564207,34530.992,11.320755,4323289.0,161.0,36.0,0.22360249
2020-09-04,mandeb,13089.0,1487.0,8099.0,36.0,4851.0,0.37061656,9.302714,8.802286,101.0,387.0,4712378.0,17963996.0,0.26098192,0.26232347,46657.207,-14.406779,4384236.0,161.0,36.0,0.22360249
2020-09-11,mandeb,13089.0,1487.0,8099.0,36.0,4851.0,0.37061656,9.302714,8.802286,124.0,389.0,4504638.0,17028996.0,0.31876606,0.26452753,36327.727,22.772278,4453332.5,161.0,36.0,0.22360249
2020-09-18,mandeb,13089.0,1487.0,8099.0,36.0,4851.0,0.37061656,9.302714,8.802286,128.0,393.0,4691274.0,16892426.0,0.32569975,0.27771464,36650.58,3.2258065,4495737.0,161.0,36.0,0.22360249
2020-09-25,mandeb,13089.0,1487.0,8099.0,36.0,4851.0,0.37061656,9.302714,8.802286,113.0,388.0,4638740.0,18097892.0,0.29123712,0.25631383,41050.797,-11.71875,4636757.5,161.0,36.0,0.22360249
2020-10-02,mandeb,13333.0,1556.0,8601.0,20.0,4554.0,0.34155855,1.8641608,8.568766,107.0,370.0,3731633.0,16274018.0,0.2891892,0.22930004,34875.074,-5.3097343,4391571.0,137.0,45.0,0.32846716
2020-10-09,mandeb,13333.0,1556.0,8601.0,20.0,4554.0,0.34155855,1.8641608,8.568766,110.0,384.0,4201732.0,17283320.0,0.28645834,0.24310909,38197.562,2.8037384,4315845.0,137.0,45.0,0.32846716
2020-10-16,mandeb,13333.0,1556.0,8601.0,20.0,4554.0,0.34155855,1.8641608,8.568766,109.0,395.0,3288505.0,15600326.0,0.27594936,0.21079719,30169.771,-0.90909094,3965152.5,137.0,45.0,0.32846716
2020-10-23,mandeb,13333.0,1556.0,8601.0,20.0,4554.0,0.34155855,1.8641608,8.568766,112.0,384.0,4179505.0,16653173.0,0.29166666,0.2509735,37317.008,2.7522936,3850343.8,137.0,45.0,0.32846716
2020-10-30,mandeb,13112.0,1530.0,8554.0,9.0,4449.0,0.33930752,-1.6575414,8.569935,113.0,366.0,4105738.0,16177421.0,0.30874318,0.25379434,36333.965,0.89285713,3943870.0,159.0,43.0,0.27044025
2020-11-06,mandeb,13112.0,1530.0,8554.0,9.0,4449.0,0.33930752,-1.6575414,8.569935,113.0,383.0,5029453.0,17611872.0,0.29503918,0.28557175,44508.434,0.0,4150800.2,159.0,43.0,0.27044025
2020-11-13,mandeb,13112.0,1530.0,8554.0,9.0,4449.0,0.33930752,-1.6575414,8.569935,109.0,391.0,4364037.0,17184926.0,0.27877238,0.25394565,40037.035,-3.539823,4419683.0,159.0,43.0,0.27044025
2020-11-20,mandeb,13112.0,1530.0,8554.0,9.0,4449.0,0.33930752,-1.6575414,8.569935,115.0,366.0,4320559.0,16321048.0,0.31420764,0.26472312,37570.08,5.504587,4454947.0,159.0,43.0,0.27044025
2020-11-27,mandeb,13112.0,1530.0,8554.0,9.0,4449.0,0.33930752,-1.6575414,8.569935,122.0,405.0,4717657.0,18245090.0,0.30123457,0.25857133,38669.32,6.0869565,4607926.5,159.0,43.0,0.27044025
2020-12-04,mandeb,13454.0,1597.0,8805.0,11.0,4503.0,0.334696,2.6082978,8.424546,118.0,381.0,4100579.0,17632308.0,0.30971128,0.23256053,34750.668,-3.2786884,4375708.0,122.0,34.0,0.27868852
2020-12-11,mandeb,13454.0,1597.0,8805.0,11.0,4503.0,0.334696,2.6082978,8.424546,130.0,407.0,4028457.0,16664989.0,0.31941032,0.24173175,30988.13,10.169492,4291813.0,122.0,34.0,0.27868852
2020-12-18,mandeb,13454.0,1597.0,8805.0,11.0,4503.0,0.334696,2.6082978,8.424546,123.0,377.0,4801407.0,17501752.0,0.32625994,0.27433866,39035.83,-5.3846154,4412025.0,122.0,34.0,0.27868852
2020-12-25,mandeb,13454.0,1597.0,8805.0,11.0,4503.0,0.334696,2.6082978,8.424546,114.0,379.0,5504382.0,18855310.0,0.30079156,0.29192743,48284.05,-7.3170733,4608706.0,122.0,34.0,0.27868852
2021-01-01,mandeb,13804.0,1578.0,8885.0,7.0,4621.0,0.33475804,2.6014569,8.747782,129.0,412.0,4719985.0,17687792.0,0.3131068,0.26684985,36589.03,13.157895,4763558.0,137.0,33.0,0.24087591
2021-01-08,mandeb,13804.0,1578.0,8885.0,7.0,4621.0,0.33475804,2.6014569,8.747782,106.0,358.0,4103444.0,16503274.0,0.29608938,0.24864423,38711.734,-17.829458,4782304.5,137.0,33.0,0.24087591
2021-01-15,mandeb,13804.0,1578.0,8885.0,7.0,4621.0,0.33475804,2.6014569,8.747782,138.0,407.0,5244143.0,18419424.0,0.33906633,0.28470722,38001.035,30.188679,4892988.5,137.0,33.0,0.24087591
2021-01-22,mandeb,13804.0,1578.0,8885.0,7.0,4621.0,0.33475804,2.6014569,8.747782,139.0,397.0,5982728.0,18599740.0,0.35012594,0.32165653,43041.207,0.7246377,5012575.0,137.0,33.0,0.24087591
2021-01-29,mandeb,14249.0,1597.0,8922.0,0.0,5033.0,0.35321778,3.2237034,8.922355,135.0,380.0,4814286.0,15597933.0,0.35526314,0.30864897,35661.38,-2.877698,5036150.0,117.0,29.0,0.24786325
2021-02-05,mandeb,14249.0,1597.0,8922.0,0.0,5033.0,0.35321778,3.2237034,8.922355,130.0,398.0,4775789.0,16949666.0,0.32663316,0.28176302,36736.84,-3.7037036,5204236.5,117.0,29.0,0.24786325
2021-02-12,mandeb,14249.0,1597.0,8922.0,0.0,5033.0,0.35321778,3.2237034,8.922355,118.0,398.0,3704009.0,16481402.0,0.2964824,0.2247387,31389.906,-9.230769,4819203.0,117.0,29.0,0.24786325
2021-02-19,mandeb,14249.0,1597.0,8922.0,0.0,5033.0,0.35321778,3.2237034,8.922355,139.0,415.0,6285918.0,19006242.0,0.33493975,0.33072913,45222.434,17.79661,4895000.5,117.0,29.0,0.24786325
2021-02-26,mandeb,14249.0,1597.0,8922.0,0.0,5033.0,0.35321778,3.2237034,8.922355,146.0,426.0,5187877.0,18165556.0,0.342723,0.28558868,35533.402,5.035971,4988398.0,117.0,29.0,0.24786325
2021-03-05,mandeb,14758.0,1670.0,9061.0,8.0,5522.0,0.37416995,3.5721805,8.837126,124.0,399.0,5143996.0,17897676.0,0.31077695,0.2874114,41483.84,-15.068493,5080450.0,162.0,41.0,0.25308642
2021-03-12,mandeb,14758.0,1670.0,9061.0,8.0,5522.0,0.37416995,3.5721805,8.837126,138.0,411.0,5137332.0,18565488.0,0.33576643,0.2767141,37227.043,11.290322,5438781.0,162.0,41.0,0.25308642
2021-03-19,mandeb,14758.0,1670.0,9061.0,8.0,5522.0,0.37416995,3.5721805,8.837126,115.0,411.0,5623830.0,19045488.0,0.27980536,0.29528412,48902.87,-16.666666,5273259.0,162.0,41.0,0.25308642
2021-03-26,mandeb,14758.0,1670.0,9061.0,8.0,5522.0,0.37416995,3.5721805,8.837126,156.0,430.0,7084889.0,20414274.0,0.3627907,0.34705564,45415.957,35.652172,5747512.0,162.0,41.0,0.25308642
2021-04-02,mandeb,12950.0,1551.0,8087.0,12.0,4774.0,0.36864865,-12.250982,8.349452,119.0,361.0,5095915.0,16715574.0,0.32963988,0.3048603,42822.816,-23.717949,5735491.5,128.0,35.0,0.2734375
2021-04-09,mandeb,12950.0,1551.0,8087.0,12.0,4774.0,0.36864865,-12.250982,8.349452,88.0,258.0,2787282.0,9884693.0,0.34108528,0.28197962,31673.658,-26.05042,5147979.0,128.0,35.0,0.2734375
2021-04-16,mandeb,12950.0,1551.0,8087.0,12.0,4774.0,0.36864865,-12.250982,8.349452,132.0,457.0,6290287.0,22934180.0,0.28884026,0.27427563,47653.688,50.0,5314593.0,128.0,35.0,0.2734375
2021-04-23,mandeb,12950.0,1551.0,8087.0,12.0,4774.0,0.36864865,-12.250982,8.349452,129.0,446.0,5418631.0,21212430.0,0.28923768,0.25544602,42004.89,-2.2727273,4898029.0,128.0,35.0,0.2734375
2021-04-30,mandeb,14079.0,1578.0,8784.0,19.0,5087.0,0.3613183,8.718146,8.922053,115.0,358.0,5439529.0,17817786.0,0.32122904,0.30528647,47300.254,-10.852714,4983932.0,171.0,41.0,0.23976608
2021-05-07,mandeb,14079.0,1578.0,8784.0,19.0,5087.0,0.3613183,8.718146,8.922053,117.0,393.0,4928403.0,19566700.0,0.2977099,0.25187707,42123.1,1.7391304,5519212.5,171.0,41.0,0.23976608
2021-05-14,mandeb,14079.0,1578.0,8784.0,19.0,5087.0,0.3613183,8.718146,8.922053,124.0,404.0,4768799.0,17872408.0,0.3069307,0.26682463,38458.055,5.982906,5138840.5,171.0,41.0,0.23976608
2021-05-21,mandeb,14079.0,1578.0,8784.0,19.0,5087.0,0.3613183,8.718146,8.922053,125.0,384.0,4898733.0,18279292.0,0.32552084,0.2679936,39189.863,0.8064516,5008866.0,171.0,41.0,0.23976608
2021-05-28,mandeb,14859.0,1673.0,9377.0,41.0,4987.0,0.3356215,5.5401664,8.88165,118.0,373.0,5724416.0,17724544.0,0.3163539,0.3229655,48512.0,-5.6,5080088.0,144.0,23.0,0.15972222
2021-06-04,mandeb,14859.0,1673.0,9377.0,41.0,4987.0,0.3356215,5.5401664,8.88165,113.0,402.0,4813820.0,20381972.0,0.28109452,0.23618029,42600.176,-4.237288,5051442.0,144.0,23.0,0.15972222
2021-06-11,mandeb,14859.0,1673.0,9377.0,41.0,4987.0,0.3356215,5.5401664,8.88165,118.0,388.0,5670530.0,18711176.0,0.3041237,0.3030558,48055.34,4.424779,5276875.0,144.0,23.0,0.15972222
2021-06-18,mandeb,14859.0,1673.0,9377.0,41.0,4987.0,0.3356215,5.5401664,8.88165,119.0,393.0,6002268.0,18855382.0,0.302799,0.3183318,50439.227,0.84745765,5552758.5,144.0,23.0,0.15972222
2021-06-25,mandeb,14859.0,1673.0,9377.0,41.0,4987.0,0.3356215,5.5401664,8.88165,109.0,389.0,5345654.0,19036300.0,0.28020567,0.2808137,49042.695,-8.403361,5458068.0,144.0,23.0,0.15972222
2021-07-02,mandeb,14191.0,1639.0,8989.0,7.0,5053.0,0.35607076,-4.495592,8.658328,139.0,431.0,6067731.0,20679280.0,0.3225058,0.29342082,43652.742,27.522936,5771546.0,156.0,26.0,0.16666667
2021-07-09,mandeb,14191.0,1639.0,8989.0,7.0,5053.0,0.35607076,-4.495592,8.658328,110.0,410.0,5324277.0,19490658.0,0.2682927,0.2731707,48402.52,-20.86331,5684982.5,156.0,26.0,0.16666667
2021-07-16,mandeb,14191.0,1639.0,8989.0,7.0,5053.0,0.35607076,-4.495592,8.658328,116.0,398.0,4713980.0,18082396.0,0.2914573,0.26069444,40637.758,5.4545455,5362910.5,156.0,26.0,0.16666667
2021-07-23,mandeb,14191.0,1639.0,8989.0,7.0,5053.0,0.35607076,-4.495592,8.658328,113.0,389.0,5596257.0,19021652.0,0.29048842,0.2942046,49524.4,-2.586207,5425561.0,156.0,26.0,0.16666667
2021-07-30,mandeb,15255.0,1659.0,9444.0,52.0,5619.0,0.36833826,7.4977098,9.195298,117.0,432.0,5266345.0,19309972.0,0.27083334,0.2727267,45011.496,3.539823,5225215.0,125.0,29.0,0.232
2021-08-06,mandeb,15255.0,1659.0,9444.0,52.0,5619.0,0.36833826,7.4977098,9.195298,112.0,408.0,4072640.0,18260388.0,0.27450982,0.22303139,36362.855,-4.2735043,4912305.5,125.0,29.0,0.232
2021-08-13,mandeb,15255.0,1659.0,9444.0,52.0,5619.0,0.36833826,7.4977098,9.195298,122.0,395.0,5089180.0,17109056.0,0.30886075,0.29745534,41714.59,8.928572,5006105.5,125.0,29.0,0.232
2021-08-20,mandeb,15255.0,1659.0,9444.0,52.0,5619.0,0.36833826,7.4977098,9.195298,123.0,422.0,5834361.0,18353680.0,0.2914692,0.31788507,47433.83,0.8196721,5065631.5,125.0,29.0,0.232
2021-08-27,mandeb,15255.0,1659.0,9444.0,52.0,5619.0,0.36833826,7.4977098,9.195298,118.0,425.0,5153351.0,19290744.0,0.27764705,0.2671411,43672.465,-4.0650406,5037383.0,125.0,29.0,0.232
2021-09-03,mandeb,15247.0,1709.0,10061.0,36.0,5009.0,0.32852364,-0.05244182,8.921592,121.0,427.0,5374116.0,19070700.0,0.28337237,0.2817996,44414.184,2.542373,5362752.0,143.0,22.0,0.15384616
2021-09-10,mandeb,15247.0,1709.0,10061.0,36.0,5009.0,0.32852364,-0.05244182,8.921592,115.0,418.0,5098237.0,20228096.0,0.2751196,0.2520374,44332.496,-4.958678,5365016.0,143.0,22.0,0.15384616
2021-09-17,mandeb,15247.0,1709.0,10061.0,36.0,5009.0,0.32852364,-0.05244182,8.921592,141.0,427.0,6512433.0,21232188.0,0.33021078,0.30672452,46187.47,22.608696,5534534.0,143.0,22.0,0.15384616
2021-09-24,mandeb,15247.0,1709.0,10061.0,36.0,5009.0,0.32852364,-0.05244182,8.921592,115.0,400.0,4767528.0,17947428.0,0.2875,0.2656385,41456.766,-18.439716,5438078.5,143.0,22.0,0.15384616
2021-10-01,mandeb,15228.0,1762.0,9746.0,19.0,5275.0,0.34640136,-0.12461468,8.642451,140.0,454.0,6757813.0,21165236.0,0.30837005,0.31928834,48270.094,21.73913,5784003.0,138.0,26.0,0.1884058
2021-10-08,mandeb,15228.0,1762.0,9746.0,19.0,5275.0,0.34640136,-0.12461468,8.642451,126.0,409.0,5799345.0,18632440.0,0.30806845,0.31124988,46026.547,-10.0,5959280.0,138.0,26.0,0.1884058
2021-10-15,mandeb,15228.0,1762.0,9746.0,19.0,5275.0,0.34640136,-0.12461468,8.642451,126.0,425.0,5967975.0,19718400.0,0.29647058,0.3026602,47364.883,0.0,5823165.0,138.0,26.0,0.1884058
2021-10-22,mandeb,15228.0,1762.0,9746.0,19.0,5275.0,0.34640136,-0.12461468,8.642451,125.0,418.0,6771352.0,19156732.0,0.29904306,0.35347113,54170.816,-0.7936508,6324121.0,138.0,26.0,0.1884058
2021-10-29,mandeb,14517.0,1716.0,9280.0,13.0,5114.0,0.35227665,-4.6690307,8.45979,114.0,392.0,5216419.0,18623428.0,0.29081634,0.2800998,45758.062,-8.8,5938773.0,139.0,30.0,0.21582733
2021-11-05,mandeb,14517.0,1716.0,9280.0,13.0,5114.0,0.35227665,-4.6690307,8.45979,123.0,412.0,6101261.0,19478772.0,0.2985437,0.31322616,49603.746,7.894737,6014252.0,139.0,30.0,0.21582733
2021-11-12,mandeb,14517.0,1716.0,9280.0,13.0,5114.0,0.35227665,-4.6690307,8.45979,137.0,442.0,5622866.0,18890480.0,0.30995476,0.29765606,41042.816,11.382113,5927974.5,139.0,30.0,0.21582733
2021-11-19,mandeb,14517.0,1716.0,9280.0,13.0,5114.0,0.35227665,-4.6690307,8.45979,130.0,391.0,5722393.0,17877740.0,0.33248082,0.32008478,44018.406,-5.109489,5665735.0,139.0,30.0,0.21582733
2021-11-26,mandeb,14517.0,1716.0,9280.0,13.0,5114.0,0.35227665,-4.6690307,8.45979,134.0,420.0,4986316.0,17895694.0,0.31904763,0.27863216,37211.312,3.0769231,5608209.0,139.0,30.0,0.21582733
2021-12-03,mandeb,15032.0,1723.0,9621.0,0.0,5068.0,0.3371474,3.547565,8.7243185,119.0,454.0,4405932.0,20039248.0,0.26211452,0.21986513,37024.637,-11.19403,5184377.0,167.0,44.0,0.26347306
2021-12-10,mandeb,15032.0,1723.0,9621.0,0.0,5068.0,0.3371474,3.547565,8.7243185,121.0,427.0,4697792.0,19349300.0,0.28337237,0.24278875,38824.727,1.6806723,4953108.0,167.0,44.0,0.26347306
2021-12-17,mandeb,15032.0,1723.0,9621.0,0.0,5068.0,0.3371474,3.547565,8.7243185,125.0,417.0,5935539.0,20545698.0,0.2997602,0.2888945,47484.312,3.3057852,5006395.0,167.0,44.0,0.26347306
2021-12-24,mandeb,15032.0,1723.0,9621.0,0.0,5068.0,0.3371474,3.547565,8.7243185,116.0,397.0,4625160.0,18004352.0,0.29219145,0.25689125,39872.07,-7.2,4916106.0,167.0,44.0,0.26347306
2021-12-31,mandeb,14981.0,1771.0,9238.0,16.0,5251.0,0.35051066,-0.33927622,8.459063,120.0,439.0,5423268.0,20742448.0,0.2733485,0.26145747,45193.9,3.4482758,5170440.0,134.0,40.0,0.29850745
2022-01-07,mandeb,14981.0,1771.0,9238.0,16.0,5251.0,0.35051066,-0.33927622,8.459063,114.0,420.0,5602292.0,19363268.0,0.27142859,0.28932574,49142.914,-5.0,5396565.0,134.0,40.0,0.29850745
2022-01-14,mandeb,14981.0,1771.0,9238.0,16.0,5251.0,0.35051066,-0.33927622,8.459063,131.0,445.0,5692115.0,19979312.0,0.29438204,0.28490046,43451.258,14.912281,5335709.0,134.0,40.0,0.29850745
2022-01-21,mandeb,14981.0,1771.0,9238.0,16.0,5251.0,0.35051066,-0.33927622,8.459063,121.0,399.0,5263314.0,17879496.0,0.30325815,0.29437706,43498.46,-7.633588,5495247.0,134.0,40.0,0.29850745
2022-01-28,mandeb,16001.0,1774.0,10590.0,8.0,5140.0,0.32122993,6.8086243,9.01973,126.0,442.0,6262448.0,19688878.0,0.2850679,0.31807032,49701.97,4.132231,5705042.0,143.0,33.0,0.23076923
2022-02-04,mandeb,16001.0,1774.0,10590.0,8.0,5140.0,0.32122993,6.8086243,9.01973,101.0,402.0,3680831.0,16217656.0,0.25124377,0.22696443,36443.87,-19.84127,5224677.0,143.0,33.0,0.23076923
2022-02-11,mandeb,16001.0,1774.0,10590.0,8.0,5140.0,0.32122993,6.8086243,9.01973,122.0,446.0,5557767.0,19927812.0,0.2735426,0.278895,45555.47,20.79208,5191090.0,143.0,33.0,0.23076923
2022-02-18,mandeb,16001.0,1774.0,10590.0,8.0,5140.0,0.32122993,6.8086243,9.01973,134.0,456.0,5606269.0,20034006.0,0.29385966,0.27983764,41837.83,9.836065,5276829.0,143.0,33.0,0.23076923
2022-02-25,mandeb,16001.0,1774.0,10590.0,8.0,5140.0,0.32122993,6.8086243,9.01973,117.0,431.0,4955014.0,19766872.0,0.27146173,0.25067264,42350.547,-12.686567,4949970.0,143.0,33.0,0.23076923
2022-03-04,mandeb,16337.0,1808.0,10431.0,55.0,5455.0,0.33390462,2.0998688,9.035952,127.0,428.0,6076113.0,19593628.0,0.29672897,0.3101066,47843.41,8.5470085,5548791.0,64.0,8.0,0.125
2022-03-11,mandeb,16337.0,1808.0,10431.0,55.0,5455.0,0.33390462,2.0998688,9.035952,110.0,414.0,5323936.0,18829320.0,0.2657005,0.28274712,48399.418,-13.385827,5490333.0,64.0,8.0,0.125
2022-03-18,mandeb,16337.0,1808.0,10431.0,55.0,5455.0,0.33390462,2.0998688,9.035952,123.0,419.0,5382006.0,19837716.0,0.2935561,0.2713017,43756.145,11.818182,5434267.0,64.0,8.0,0.125
2022-03-25,mandeb,16337.0,1808.0,10431.0,55.0,5455.0,0.33390462,2.0998688,9.035952,135.0,448.0,6148850.0,19004856.0,0.3013393,0.323541,45547.035,9.756098,5732726.0,64.0,8.0,0.125
2022-04-01,mandeb,14728.0,1700.0,9520.0,17.0,4962.0,0.3369093,-9.848809,8.663529,128.0,423.0,5858540.0,17749272.0,0.30260047,0.3300721,45769.844,-5.185185,5678333.0,79.0,12.0,0.15189873
2022-04-08,mandeb,14728.0,1700.0,9520.0,17.0,4962.0,0.3369093,-9.848809,8.663529,133.0,451.0,7083757.0,21111176.0,0.2949002,0.33554533,53261.332,3.90625,6118288.0,79.0,12.0,0.15189873
2022-04-15,mandeb,14728.0,1700.0,9520.0,17.0,4962.0,0.3369093,-9.848809,8.663529,142.0,438.0,7016298.0,18088692.0,0.3242009,0.38788313,49410.55,6.766917,6526861.0,79.0,12.0,0.15189873
2022-04-22,mandeb,14728.0,1700.0,9520.0,17.0,4962.0,0.3369093,-9.848809,8.663529,157.0,454.0,7049963.0,20589596.0,0.34581497,0.34240416,44904.223,10.56338,6752139.5,79.0,12.0,0.15189873
2022-04-29,mandeb,17025.0,1841.0,10587.0,48.0,5998.0,0.35230544,15.596144,9.247691,153.0,464.0,7329971.0,21901280.0,0.3297414,0.33468232,47908.31,-2.5477707,7119997.0,74.0,16.0,0.21621622
2022-05-06,mandeb,17025.0,1841.0,10587.0,48.0,5998.0,0.35230544,15.596144,9.247691,139.0,431.0,5904292.0,18256492.0,0.3225058,0.3234078,42476.92,-9.150327,6825131.0,74.0,16.0,0.21621622
2022-05-13,mandeb,17025.0,1841.0,10587.0,48.0,5998.0,0.35230544,15.596144,9.247691,153.0,457.0,6855799.0,20502780.0,0.33479214,0.3343839,44809.145,10.071942,6785006.0,74.0,16.0,0.21621622
2022-05-20,mandeb,17025.0,1841.0,10587.0,48.0,5998.0,0.35230544,15.596144,9.247691,142.0,461.0,7184597.0,20801238.0,0.30802602,0.34539276,50595.754,-7.1895423,6818665.0,74.0,16.0,0.21621622
2022-05-27,mandeb,17025.0,1841.0,10587.0,48.0,5998.0,0.35230544,15.596144,9.247691,123.0,409.0,6512762.0,20872496.0,0.3007335,0.31202605,52949.285,-13.380281,6614362.5,74.0,16.0,0.21621622
2022-06-03,mandeb,16717.0,1838.0,10084.0,14.0,6335.0,0.37895554,-1.8091042,9.095212,164.0,469.0,8161867.0,20898256.0,0.3496802,0.39055255,49767.48,33.333332,7178756.0,140.0,29.0,0.20714286
2022-06-10,mandeb,16717.0,1838.0,10084.0,14.0,6335.0,0.37895554,-1.8091042,9.095212,165.0,443.0,7682795.0,19549116.0,0.37246048,0.39299962,46562.395,0.6097561,7385505.0,140.0,29.0,0.20714286
2022-06-17,mandeb,16717.0,1838.0,10084.0,14.0,6335.0,0.37895554,-1.8091042,9.095212,153.0,459.0,8213520.0,22511644.0,0.33333334,0.3648565,53683.137,-7.2727275,7642736.0,140.0,29.0,0.20714286
2022-06-24,mandeb,16717.0,1838.0,10084.0,14.0,6335.0,0.37895554,-1.8091042,9.095212,152.0,456.0,8091231.0,21565112.0,0.33333334,0.37520003,53231.78,-0.6535948,8037353.0,140.0,29.0,0.20714286
2022-07-01,mandeb,16939.0,1869.0,10171.0,46.0,6443.0,0.38036484,1.3279895,9.063135,156.0,457.0,8652592.0,20653666.0,0.34135666,0.41893736,55465.332,2.631579,8160034.5,162.0,35.0,0.21604939
2022-07-08,mandeb,16939.0,1869.0,10171.0,46.0,6443.0,0.38036484,1.3279895,9.063135,158.0,475.0,7199681.0,21858316.0,0.3326316,0.3293795,45567.6,1.2820513,8039256.0,162.0,35.0,0.21604939
2022-07-15,mandeb,16939.0,1869.0,10171.0,46.0,6443.0,0.38036484,1.3279895,9.063135,150.0,471.0,6795599.0,20689890.0,0.31847134,0.32845023,45303.992,-5.063291,7684776.0,162.0,35.0,0.21604939
2022-07-22,mandeb,16939.0,1869.0,10171.0,46.0,6443.0,0.38036484,1.3279895,9.063135,184.0,512.0,10935315.0,24851588.0,0.359375,0.4400248,59431.06,22.666666,8395797.0,162.0,35.0,0.21604939
2022-07-29,mandeb,17020.0,1824.0,10176.0,0.0,6634.0,0.38977674,0.47818643,9.3311405,153.0,465.0,7359554.0,22206590.0,0.32903227,0.33141306,48101.66,-16.847826,8072537.0,154.0,23.0,0.14935064
2022-08-05,mandeb,17020.0,1824.0,10176.0,0.0,6634.0,0.38977674,0.47818643,9.3311405,165.0,466.0,7050433.0,20182182.0,0.35407725,0.3493395,42729.9,7.8431373,8035225.0,154.0,23.0,0.14935064
2022-08-12,mandeb,17020.0,1824.0,10176.0,0.0,6634.0,0.38977674,0.47818643,9.3311405,179.0,493.0,8600628.0,23068216.0,0.36308315,0.37283456,48048.2,8.484848,8486482.0,154.0,23.0,0.14935064
2022-08-19,mandeb,17020.0,1824.0,10176.0,0.0,6634.0,0.38977674,0.47818643,9.3311405,154.0,474.0,8448032.0,22902614.0,0.32489452,0.36886758,54857.35,-13.96648,7864662.0,154.0,23.0,0.14935064
2022-08-26,mandeb,17020.0,1824.0,10176.0,0.0,6634.0,0.38977674,0.47818643,9.3311405,157.0,479.0,8241356.0,21938840.0,0.32776618,0.3756514,52492.715,1.9480519,8085112.0,154.0,23.0,0.14935064
2022-09-02,mandeb,18172.0,1919.0,10445.0,78.0,7505.0,0.41299802,6.7685075,9.469516,164.0,487.0,7902676.0,21734068.0,0.33675563,0.3636078,48187.047,4.4585986,8298173.0,160.0,35.0,0.21875
2022-09-09,mandeb,18172.0,1919.0,10445.0,78.0,7505.0,0.41299802,6.7685075,9.469516,173.0,505.0,9029360.0,23778548.0,0.34257427,0.37972713,52192.832,5.487805,8405356.0,160.0,35.0,0.21875
2022-09-16,mandeb,18172.0,1919.0,10445.0,78.0,7505.0,0.41299802,6.7685075,9.469516,171.0,496.0,8485353.0,21895036.0,0.34475806,0.3875469,49621.95,-1.1560694,8414686.0,160.0,35.0,0.21875
2022-09-23,mandeb,18172.0,1919.0,10445.0,78.0,7505.0,0.41299802,6.7685075,9.469516,180.0,488.0,9077228.0,22665956.0,0.36885247,0.4004785,50429.043,5.263158,8623654.0,160.0,35.0,0.21875
2022-09-30,mandeb,17523.0,1924.0,10564.0,30.0,6757.0,0.38560748,-3.5714285,9.107589,158.0,489.0,7058485.0,20647930.0,0.32310838,0.34184954,44673.957,-12.222222,8412606.0,159.0,40.0,0.25157234
2022-10-07,mandeb,17523.0,1924.0,10564.0,30.0,6757.0,0.38560748,-3.5714285,9.107589,177.0,488.0,8995703.0,22069008.0,0.36270493,0.40761703,50823.18,12.025316,8404192.0,159.0,40.0,0.25157234
2022-10-14,mandeb,17523.0,1924.0,10564.0,30.0,6757.0,0.38560748,-3.5714285,9.107589,179.0,482.0,8937777.0,22251804.0,0.3713693,0.40166527,49931.715,1.1299435,8517298.0,159.0,40.0,0.25157234
2022-10-21,mandeb,17523.0,1924.0,10564.0,30.0,6757.0,0.38560748,-3.5714285,9.107589,144.0,483.0,7382275.0,21918778.0,0.29813665,0.33680138,51265.797,-19.553072,8093560.0,159.0,40.0,0.25157234
2022-10-28,mandeb,16822.0,1843.0,10082.0,44.0,6485.0,0.38550708,-4.0004563,9.127509,190.0,504.0,8242294.0,22008732.0,0.37698412,0.3745011,43380.496,31.944445,8389512.0,192.0,40.0,0.20833333
2022-11-04,mandeb,16822.0,1843.0,10082.0,44.0,6485.0,0.38550708,-4.0004563,9.127509,173.0,515.0,8823188.0,22620778.0,0.33592233,0.39004794,51001.086,-8.947369,8346383.5,192.0,40.0,0.20833333
2022-11-11,mandeb,16822.0,1843.0,10082.0,44.0,6485.0,0.38550708,-4.0004563,9.127509,164.0,503.0,7794838.0,21120268.0,0.32604373,0.3690691,47529.5,-5.202312,8060649.0,192.0,40.0,0.20833333
2022-11-18,mandeb,16822.0,1843.0,10082.0,44.0,6485.0,0.38550708,-4.0004563,9.127509,181.0,519.0,8754894.0,23652400.0,0.34874758,0.3701482,48369.582,10.365853,8403804.0,192.0,40.0,0.20833333
2022-11-25,mandeb,16822.0,1843.0,10082.0,44.0,6485.0,0.38550708,-4.0004563,9.127509,186.0,512.0,9651007.0,23525742.0,0.36328125,0.41023177,51887.133,2.762431,8755982.0,192.0,40.0,0.20833333
2022-12-02,mandeb,18314.0,1957.0,10671.0,9.0,7299.0,0.39854756,8.869338,9.358201,160.0,491.0,7906439.0,21481436.0,0.32586557,0.36805916,49415.242,-13.978495,8526794.0,181.0,32.0,0.17679559
2022-12-09,mandeb,18314.0,1957.0,10671.0,9.0,7299.0,0.39854756,8.869338,9.358201,170.0,489.0,8820591.0,23199360.0,0.34764826,0.38020837,51885.83,6.25,8783233.0,181.0,32.0,0.17679559
2022-12-16,mandeb,18314.0,1957.0,10671.0,9.0,7299.0,0.39854756,8.869338,9.358201,157.0,481.0,8878482.0,23008562.0,0.32640332,0.3858773,56550.84,-7.647059,8814130.0,181.0,32.0,0.17679559
2022-12-23,mandeb,18314.0,1957.0,10671.0,9.0,7299.0,0.39854756,8.869338,9.358201,180.0,504.0,8738291.0,23063904.0,0.35714287,0.37887305,48546.062,14.649681,8585951.0,181.0,32.0,0.17679559
2022-12-30,mandeb,19435.0,2091.0,11566.0,18.0,7304.0,0.37581682,6.1210003,9.294596,182.0,488.0,9135024.0,22252048.0,0.37295082,0.4105251,50192.44,1.1111112,8893097.0,166.0,26.0,0.15662651
2023-01-06,mandeb,19435.0,2091.0,11566.0,18.0,7304.0,0.37581682,6.1210003,9.294596,189.0,519.0,9083680.0,23363930.0,0.36416185,0.38879076,48061.8,3.8461537,8958869.0,166.0,26.0,0.15662651
2023-01-13,mandeb,19435.0,2091.0,11566.0,18.0,7304.0,0.37581682,6.1210003,9.294596,195.0,549.0,9835281.0,24250860.0,0.35519126,0.40556422,50437.34,3.1746032,9198069.0,166.0,26.0,0.15662651
2023-01-20,mandeb,19435.0,2091.0,11566.0,18.0,7304.0,0.37581682,6.1210003,9.294596,155.0,467.0,7791733.0,21304544.0,0.33190578,0.36573103,50269.246,-20.512821,8961430.0,166.0,26.0,0.15662651
2023-01-27,mandeb,19435.0,2091.0,11566.0,18.0,7304.0,0.37581682,6.1210003,9.294596,192.0,529.0,10168961.0,24308286.0,0.36294895,0.4183331,52963.34,23.870968,9219914.0,166.0,26.0,0.15662651
2023-02-03,mandeb,20316.0,2040.0,11782.0,42.0,8221.0,0.40465644,4.533059,9.958823,156.0,481.0,7257180.0,20433000.0,0.3243243,0.3551696,46520.383,-18.75,8763289.0,161.0,16.0,0.099378884
2023-02-10,mandeb,20316.0,2040.0,11782.0,42.0,8221.0,0.40465644,4.533059,9.958823,185.0,509.0,9484712.0,23997546.0,0.36345777,0.39523676,51268.715,18.589743,8675646.0,161.0,16.0,0.099378884
2023-02-17,mandeb,20316.0,2040.0,11782.0,42.0,8221.0,0.40465644,4.533059,9.958823,171.0,489.0,9240727.0,22189372.0,0.34969324,0.41644832,54039.34,-7.5675673,9037895.0,161.0,16.0,0.099378884
2023-02-24,mandeb,20316.0,2040.0,11782.0,42.0,8221.0,0.40465644,4.533059,9.958823,171.0,463.0,7961944.0,21171792.0,0.36933047,0.37606376,46561.074,0.0,8486141.0,161.0,16.0,0.099378884
2023-03-03,mandeb,20309.0,2072.0,12050.0,14.0,7730.0,0.38061944,-0.0344556,9.8016405,189.0,508.0,9949636.0,22746268.0,0.37204725,0.4374184,52643.58,10.526316,9159255.0,163.0,26.0,0.1595092
2023-03-10,mandeb,20309.0,2072.0,12050.0,14.0,7730.0,0.38061944,-0.0344556,9.8016405,162.0,491.0,7033594.0,21319832.0,0.3299389,0.32990852,43417.246,-14.285714,8546475.0,163.0,26.0,0.1595092
2023-03-17,mandeb,20309.0,2072.0,12050.0,14.0,7730.0,0.38061944,-0.0344556,9.8016405,164.0,486.0,8238362.0,22127644.0,0.33744857,0.37231088,50233.914,1.2345679,8295884.0,163.0,26.0,0.1595092
2023-03-24,mandeb,20309.0,2072.0,12050.0,14.0,7730.0,0.38061944,-0.0344556,9.8016405,195.0,507.0,10724508.0,24595996.0,0.3846154,0.4360266,54997.477,18.90244,8986525.0,163.0,26.0,0.1595092
2023-03-31,mandeb,17777.0,1875.0,10476.0,43.0,7007.0,0.394161,-12.467379,9.481067,179.0,527.0,9789964.0,25196140.0,0.33965844,0.38855013,54692.535,-8.205129,8946607.0,124.0,10.0,0.08064516
2023-04-07,mandeb,17777.0,1875.0,10476.0,43.0,7007.0,0.394161,-12.467379,9.481067,191.0,514.0,10046751.0,24834864.0,0.37159532,0.4045422,52600.79,6.703911,9699896.0,124.0,10.0,0.08064516
2023-04-14,mandeb,17777.0,1875.0,10476.0,43.0,7007.0,0.394161,-12.467379,9.481067,181.0,510.0,10070631.0,23913200.0,0.35490197,0.42113274,55638.844,-5.235602,10157964.0,124.0,10.0,0.08064516
2023-04-21,mandeb,17777.0,1875.0,10476.0,43.0,7007.0,0.394161,-12.467379,9.481067,171.0,488.0,8794535.0,23069008.0,0.35040984,0.38122728,51430.027,-5.524862,9675470.0,124.0,10.0,0.08064516
2023-04-28,mandeb,21054.0,2171.0,12199.0,16.0,8142.0,0.38671985,18.433931,9.697835,197.0,540.0,9664759.0,26015792.0,0.36481482,0.37149584,49059.69,15.204679,9644169.0,155.0,30.0,0.19354838
2023-05-05,mandeb,21054.0,2171.0,12199.0,16.0,8142.0,0.38671985,18.433931,9.697835,198.0,546.0,11795238.0,27101240.0,0.36263737,0.4352287,59571.91,0.5076142,10081291.0,155.0,30.0,0.19354838
2023-05-12,mandeb,21054.0,2171.0,12199.0,16.0,8142.0,0.38671985,18.433931,9.697835,178.0,527.0,9184922.0,25403888.0,0.33776093,0.36155578,51600.684,-10.10101,9859864.0,155.0,30.0,0.19354838
2023-05-19,mandeb,21054.0,2171.0,12199.0,16.0,8142.0,0.38671985,18.433931,9.697835,199.0,548.0,9035748.0,25452060.0,0.36313868,0.35501048,45405.77,11.797752,9920167.0,155.0,30.0,0.19354838
2023-05-26,mandeb,21054.0,2171.0,12199.0,16.0,8142.0,0.38671985,18.433931,9.697835,181.0,551.0,9557864.0,25677176.0,0.32849365,0.37223187,52805.88,-9.045226,9893443.0,155.0,30.0,0.19354838
2023-06-02,mandeb,20951.0,2154.0,11786.0,29.0,8637.0,0.41224763,-0.4892182,9.726555,194.0,554.0,9905592.0,25586796.0,0.3501805,0.38713685,51059.754,7.1823206,9421032.0,161.0,36.0,0.22360249
2023-06-09,mandeb,20951.0,2154.0,11786.0,29.0,8637.0,0.41224763,-0.4892182,9.726555,170.0,541.0,8695432.0,25075464.0,0.31423292,0.34677055,51149.6,-12.371134,9298659.0,161.0,36.0,0.22360249
2023-06-16,mandeb,20951.0,2154.0,11786.0,29.0,8637.0,0.41224763,-0.4892182,9.726555,197.0,544.0,10506265.0,25358250.0,0.36213234,0.4143135,53331.293,15.882353,9666288.0,161.0,36.0,0.22360249
2023-06-23,mandeb,20951.0,2154.0,11786.0,29.0,8637.0,0.41224763,-0.4892182,9.726555,165.0,479.0,10109513.0,23216422.0,0.34446764,0.43544665,61269.777,-16.243654,9804200.0,161.0,36.0,0.22360249
2023-06-30,mandeb,23054.0,2273.0,14207.0,28.0,8456.0,0.366791,10.037707,10.142543,197.0,573.0,10479592.0,26906084.0,0.34380454,0.38948783,53195.9,19.39394,9947700.0,174.0,23.0,0.13218391
2023-07-07,mandeb,23054.0,2273.0,14207.0,28.0,8456.0,0.366791,10.037707,10.142543,187.0,516.0,8699762.0,24518176.0,0.3624031,0.3548291,46522.793,-5.0761423,9948783.0,174.0,23.0,0.13218391
2023-07-14,mandeb,23054.0,2273.0,14207.0,28.0,8456.0,0.366791,10.037707,10.142543,189.0,539.0,9229392.0,24228364.0,0.35064936,0.38093334,48832.76,1.0695187,9629565.0,174.0,23.0,0.13218391
2023-07-21,mandeb,23054.0,2273.0,14207.0,28.0,8456.0,0.366791,10.037707,10.142543,193.0,479.0,9149396.0,22505014.0,0.40292275,0.40654922,47406.195,2.1164021,9389536.0,174.0,23.0,0.13218391
2023-07-28,mandeb,21326.0,2118.0,12435.0,9.0,8784.0,0.41189158,-7.4954453,10.068933,190.0,541.0,8858062.0,23424540.0,0.35120147,0.3781531,46621.38,-1.5544041,8984153.0,191.0,31.0,0.16230367
2023-08-04,mandeb,21326.0,2118.0,12435.0,9.0,8784.0,0.41189158,-7.4954453,10.068933,169.0,485.0,9070213.0,21688108.0,0.3484536,0.41821134,53669.9,-11.052631,9076766.0,191.0,31.0,0.16230367
2023-08-11,mandeb,21326.0,2118.0,12435.0,9.0,8784.0,0.41189158,-7.4954453,10.068933,190.0,534.0,9518389.0,23421040.0,0.35580525,0.40640333,50096.785,12.426036,9149015.0,191.0,31.0,0.16230367
2023-08-18,mandeb,21326.0,2118.0,12435.0,9.0,8784.0,0.41189158,-7.4954453,10.068933,166.0,484.0,7227987.0,21527308.0,0.3429752,0.33575898,43542.09,-12.631579,8668663.0,191.0,31.0,0.16230367
2023-08-25,mandeb,21326.0,2118.0,12435.0,9.0,8784.0,0.41189158,-7.4954453,10.068933,187.0,535.0,9267929.0,25241326.0,0.34953272,0.36717284,49561.117,12.650602,8771130.0,191.0,31.0,0.16230367
2023-09-01,mandeb,21122.0,2112.0,11759.0,21.0,9147.0,0.43305558,-0.95657885,10.000947,168.0,520.0,8277406.0,22598512.0,0.32307693,0.36628103,49270.273,-10.160428,8572928.0,152.0,18.0,0.118421055
2023-09-08,mandeb,21122.0,2112.0,11759.0,21.0,9147.0,0.43305558,-0.95657885,10.000947,169.0,493.0,7590111.0,22474970.0,0.3427992,0.33771396,44911.9,0.5952381,8090858.0,152.0,18.0,0.118421055
2023-09-15,mandeb,21122.0,2112.0,11759.0,21.0,9147.0,0.43305558,-0.95657885,10.000947,197.0,540.0,10733406.0,24924804.0,0.36481482,0.4306315,54484.293,16.568047,8967213.0,152.0,18.0,0.118421055
2023-09-22,mandeb,21122.0,2112.0,11759.0,21.0,9147.0,0.43305558,-0.95657885,10.000947,178.0,536.0,7767677.0,24265670.0,0.33208954,0.32010972,43638.637,-9.6446705,8592150.0,152.0,18.0,0.118421055
2023-09-29,mandeb,20501.0,2103.0,11993.0,31.0,8244.0,0.40212673,-2.9400625,9.748455,190.0,514.0,9157881.0,23033756.0,0.3696498,0.3975852,48199.375,6.741573,8812269.0,190.0,41.0,0.21578947
2023-10-06,mandeb,20501.0,2103.0,11993.0,31.0,8244.0,0.40212673,-2.9400625,9.748455,165.0,520.0,7797590.0,23591646.0,0.31730768,0.33052334,47258.12,-13.157895,8864138.0,190.0,41.0,0.21578947
2023-10-13,mandeb,20501.0,2103.0,11993.0,31.0,8244.0,0.40212673,-2.9400625,9.748455,189.0,554.0,9844776.0,25614992.0,0.34115523,0.38433647,52088.76,14.545455,8641981.0,190.0,41.0,0.21578947
2023-10-20,mandeb,20501.0,2103.0,11993.0,31.0,8244.0,0.40212673,-2.9400625,9.748455,181.0,535.0,8044708.0,23246536.0,0.33831775,0.3460605,44445.902,-4.2328043,8711239.0,190.0,41.0,0.21578947
2023-10-27,mandeb,20501.0,2103.0,11993.0,31.0,8244.0,0.40212673,-2.9400625,9.748455,202.0,577.0,10620676.0,26803224.0,0.35008666,0.3962462,52577.605,11.60221,9076938.0,190.0,41.0,0.21578947
2023-11-03,mandeb,20164.0,2064.0,11736.0,35.0,8191.0,0.406219,-1.6438222,9.76938,181.0,534.0,9252057.0,24158380.0,0.33895132,0.38297504,51116.336,-10.39604,9440554.0,171.0,22.0,0.12865497
2023-11-10,mandeb,20164.0,2064.0,11736.0,35.0,8191.0,0.406219,-1.6438222,9.76938,169.0,547.0,7212742.0,23757244.0,0.30895796,0.3036018,42678.945,-6.629834,8782546.0,171.0,22.0,0.12865497
2023-11-17,mandeb,20164.0,2064.0,11736.0,35.0,8191.0,0.406219,-1.6438222,9.76938,177.0,512.0,9153951.0,23949528.0,0.34570312,0.38221842,51717.24,4.733728,9059856.0,171.0,22.0,0.12865497
2023-11-24,mandeb,20164.0,2064.0,11736.0,35.0,8191.0,0.406219,-1.6438222,9.76938,182.0,542.0,8797684.0,25399232.0,0.33579335,0.34637597,48338.92,2.8248587,8604108.0,171.0,22.0,0.12865497
2023-12-01,mandeb,23150.0,2234.0,13661.0,58.0,8889.0,0.38397408,14.80857,10.362578,171.0,541.0,7773051.0,24303316.0,0.31608135,0.31983498,45456.438,-6.0439563,8234357.0,134.0,21.0,0.15671642
2023-12-08,mandeb,23150.0,2234.0,13661.0,58.0,8889.0,0.38397408,14.80857,10.362578,210.0,527.0,9765423.0,23372056.0,0.39848197,0.41782475,46502.016,22.807018,8872527.0,134.0,21.0,0.15671642
2023-12-15,mandeb,23150.0,2234.0,13661.0,58.0,8889.0,0.38397408,14.80857,10.362578,204.0,534.0,9216676.0,24092136.0,0.38202247,0.3825595,45179.785,-2.857143,8888208.0,134.0,21.0,0.15671642
2023-12-22,mandeb,23150.0,2234.0,13661.0,58.0,8889.0,0.38397408,14.80857,10.362578,193.0,532.0,9940759.0,23861184.0,0.36278194,0.41660798,51506.523,-5.392157,9173977.0,134.0,21.0,0.15671642
2023-12-29,mandeb,21296.0,2147.0,12758.0,42.0,7894.0,0.37067994,-8.008639,9.918957,160.0,394.0,7310627.0,15437597.0,0.40609136,0.47355992,45691.418,-17.098446,9058371.0,140.0,19.0,0.13571429
2024-01-05,mandeb,21296.0,2147.0,12758.0,42.0,7894.0,0.37067994,-8.008639,9.918957,157.0,394.0,8132816.0,17240010.0,0.39847717,0.47174078,51801.375,-1.875,8650220.0,140.0,19.0,0.13571429
2024-01-12,mandeb,21296.0,2147.0,12758.0,42.0,7894.0,0.37067994,-8.008639,9.918957,121.0,320.0,6724898.0,14073955.0,0.378125,0.47782573,55577.668,-22.929935,8027275.0,140.0,19.0,0.13571429
2024-01-19,mandeb,21296.0,2147.0,12758.0,42.0,7894.0,0.37067994,-8.008639,9.918957,110.0,325.0,5627751.0,12889432.0,0.33846155,0.43661746,51161.37,-9.090909,6949023.0,140.0,19.0,0.13571429
2024-01-26,mandeb,21296.0,2147.0,12758.0,42.0,7894.0,0.37067994,-8.008639,9.918957,83.0,250.0,4003465.0,9557902.0,0.332,0.4188644,48234.52,-24.545454,6122232.5,140.0,19.0,0.13571429
2024-02-02,mandeb,19195.0,1824.0,10441.0,10.0,8524.0,0.44407398,-9.865703,10.523575,95.0,252.0,6206404.0,10981214.0,0.37698412,0.56518376,65330.57,14.457831,5640629.5,177.0,34.0,0.19209039
2024-02-09,mandeb,19195.0,1824.0,10441.0,10.0,8524.0,0.44407398,-9.865703,10.523575,75.0,232.0,3799652.0,8238245.0,0.32327586,0.46122104,50662.027,-21.052631,4909318.0,177.0,34.0,0.19209039
2024-02-16,mandeb,19195.0,1824.0,10441.0,10.0,8524.0,0.44407398,-9.865703,10.523575,75.0,229.0,3510331.0,8029306.0,0.32751092,0.43718985,46804.414,0.0,4379963.0,177.0,34.0,0.19209039
2024-02-23,mandeb,19195.0,1824.0,10441.0,10.0,8524.0,0.44407398,-9.865703,10.523575,66.0,240.0,4527382.0,10220997.0,0.275,0.44294915,68596.695,-12.0,4510942.0,177.0,34.0,0.19209039
2024-03-01,mandeb,12418.0,1107.0,7028.0,24.0,5306.0,0.427283,-35.30607,11.217706,107.0,256.0,6365073.0,10947479.0,0.41796875,0.58141905,59486.664,62.121212,4550609.5,112.0,22.0,0.19642857
2024-03-08,mandeb,12418.0,1107.0,7028.0,24.0,5306.0,0.427283,-35.30607,11.217706,82.0,231.0,4518756.0,9195576.0,0.35497835,0.49140543,55106.78,-23.364487,4730385.5,112.0,22.0,0.19642857
2024-03-15,mandeb,12418.0,1107.0,7028.0,24.0,5306.0,0.427283,-35.30607,11.217706,87.0,241.0,4514061.0,8876430.0,0.36099586,0.5085446,51885.758,6.097561,4981318.0,112.0,22.0,0.19642857
2024-03-22,mandeb,12418.0,1107.0,7028.0,24.0,5306.0,0.427283,-35.30607,11.217706,93.0,228.0,5125458.0,8932869.0,0.40789473,0.5737751,55112.453,6.8965516,5130837.0,112.0,22.0,0.19642857
2024-03-29,mandeb,10342.0,917.0,5817.0,19.0,4382.0,0.42370915,-16.717669,11.278081,78.0,214.0,4452755.0,8958471.0,0.36448598,0.4970441,57086.6,-16.129032,4652757.5,106.0,25.0,0.23584905
2024-04-05,mandeb,10342.0,917.0,5817.0,19.0,4382.0,0.42370915,-16.717669,11.278081,97.0,239.0,4882592.0,9189109.0,0.40585774,0.53134555,50336.0,24.358974,4743716.5,106.0,25.0,0.23584905
2024-04-12,mandeb,10342.0,917.0,5817.0,19.0,4382.0,0.42370915,-16.717669,11.278081,76.0,208.0,3880645.0,7982774.0,0.3653846,0.48612738,51061.117,-21.649485,4585362.5,106.0,25.0,0.23584905
2024-04-19,mandeb,10342.0,917.0,5817.0,19.0,4382.0,0.42370915,-16.717669,11.278081,91.0,230.0,3807176.0,7735531.0,0.39565217,0.49216738,41837.098,19.736841,4255792.0,106.0,25.0,0.23584905
2024-04-26,mandeb,10342.0,917.0,5817.0,19.0,4382.0,0.42370915,-16.717669,11.278081,82.0,229.0,4032752.0,8019834.0,0.3580786,0.5028473,49179.902,-9.89011,4150791.2,106.0,25.0,0.23584905
2024-05-03,mandeb,10679.0,917.0,5407.0,28.0,5004.0,0.4685832,3.2585573,11.645583,84.0,227.0,5127300.0,9426538.0,0.37004405,0.5439218,61039.285,2.4390244,4211968.0,97.0,26.0,0.26804122
2024-05-10,mandeb,10679.0,917.0,5407.0,28.0,5004.0,0.4685832,3.2585573,11.645583,97.0,231.0,4235824.0,7785336.0,0.4199134,0.5440772,43668.29,15.476191,4300763.0,97.0,26.0,0.26804122
2024-05-17,mandeb,10679.0,917.0,5407.0,28.0,5004.0,0.4685832,3.2585573,11.645583,76.0,222.0,4212567.0,8595776.0,0.34234235,0.49007407,55428.51,-21.649485,4402111.0,97.0,26.0,0.26804122
2024-05-24,mandeb,10679.0,917.0,5407.0,28.0,5004.0,0.4685832,3.2585573,11.645583,83.0,217.0,4519332.0,8123374.0,0.3824885,0.5563368,54449.78,9.210526,4523756.0,97.0,26.0,0.26804122
2024-05-31,mandeb,9199.0,841.0,5125.0,9.0,3904.0,0.42439395,-13.858975,10.938169,91.0,240.0,4928467.0,8735440.0,0.37916666,0.5641922,54158.977,9.638555,4474047.5,85.0,19.0,0.22352941
2024-06-07,mandeb,9199.0,841.0,5125.0,9.0,3904.0,0.42439395,-13.858975,10.938169,61.0,209.0,3166935.0,7222055.0,0.29186603,0.43850884,51916.97,-32.967033,4206825.0,85.0,19.0,0.22352941
2024-06-14,mandeb,9199.0,841.0,5125.0,9.0,3904.0,0.42439395,-13.858975,10.938169,73.0,220.0,4785936.0,8573089.0,0.3318182,0.5582511,65560.766,19.67213,4350167.5,85.0,19.0,0.22352941
2024-06-21,mandeb,9199.0,841.0,5125.0,9.0,3904.0,0.42439395,-13.858975,10.938169,86.0,238.0,4225100.0,8222704.0,0.36134455,0.5138334,49129.07,17.80822,4276609.5,85.0,19.0,0.22352941
2024-06-28,mandeb,10045.0,877.0,5610.0,53.0,4339.0,0.4319562,9.196651,11.45382,90.0,216.0,4267460.0,7602618.0,0.41666666,0.5613145,47416.223,4.6511626,4111357.8,114.0,20.0,0.1754386
2024-07-05,mandeb,10045.0,877.0,5610.0,53.0,4339.0,0.4319562,9.196651,11.45382,79.0,200.0,3983208.0,7817670.0,0.395,0.50951344,50420.355,-12.222222,4315426.0,114.0,20.0,0.1754386
2024-07-12,mandeb,10045.0,877.0,5610.0,53.0,4339.0,0.4319562,9.196651,11.45382,74.0,197.0,3706098.0,7177095.0,0.37563452,0.5163786,50082.406,-6.329114,4045466.5,114.0,20.0,0.1754386
2024-07-19,mandeb,10045.0,877.0,5610.0,53.0,4339.0,0.4319562,9.196651,11.45382,74.0,212.0,4316580.0,8352351.0,0.3490566,0.5168102,58332.164,0.0,4068336.5,114.0,20.0,0.1754386
2024-07-26,mandeb,10045.0,877.0,5610.0,53.0,4339.0,0.4319562,9.196651,11.45382,86.0,218.0,3549842.0,6816413.0,0.39449543,0.5207786,41277.234,16.216217,3888932.0,114.0,20.0,0.1754386
2024-08-02,mandeb,9280.0,790.0,5147.0,9.0,4107.0,0.44256467,-7.6157293,11.746836,76.0,186.0,3752748.0,7107355.0,0.40860215,0.52800906,49378.26,-11.627907,3831317.0,68.0,14.0,0.20588236
2024-08-09,mandeb,9280.0,790.0,5147.0,9.0,4107.0,0.44256467,-7.6157293,11.746836,80.0,212.0,4209439.0,7532105.0,0.3773585,0.5588662,52617.99,5.263158,3957152.2,68.0,14.0,0.20588236
2024-08-16,mandeb,9280.0,790.0,5147.0,9.0,4107.0,0.44256467,-7.6157293,11.746836,70.0,197.0,3236031.0,6796947.0,0.35532996,0.47610065,46229.016,-12.5,3687015.0,68.0,14.0,0.20588236
2024-08-23,mandeb,9280.0,790.0,5147.0,9.0,4107.0,0.44256467,-7.6157293,11.746836,82.0,222.0,3285104.0,7218337.0,0.36936936,0.4551054,40062.242,17.142857,3620830.5,68.0,14.0,0.20588236
2024-08-30,mandeb,8742.0,736.0,4498.0,34.0,4146.0,0.47426218,-5.797414,11.877717,71.0,208.0,2630080.0,6262786.0,0.34134614,0.41995367,37043.38,-13.414634,3340163.5,85.0,15.0,0.1764706
2024-09-06,mandeb,8742.0,736.0,4498.0,34.0,4146.0,0.47426218,-5.797414,11.877717,78.0,227.0,3983643.0,7982741.0,0.34361234,0.49903196,51072.348,9.859155,3283714.5,85.0,15.0,0.1764706
2024-09-13,mandeb,8742.0,736.0,4498.0,34.0,4146.0,0.47426218,-5.797414,11.877717,67.0,211.0,3407409.0,7320429.0,0.31753555,0.46546575,50856.85,-14.102564,3326559.0,85.0,15.0,0.1764706
2024-09-20,mandeb,8742.0,736.0,4498.0,34.0,4146.0,0.47426218,-5.797414,11.877717,69.0,222.0,3389767.0,6622053.0,0.3108108,0.51189065,49127.06,2.9850745,3352724.8,85.0,15.0,0.1764706
2024-09-27,mandeb,8742.0,736.0,4498.0,34.0,4146.0,0.47426218,-5.797414,11.877717,77.0,208.0,3813482.0,6542706.0,0.37019232,0.58286005,49525.742,11.594203,3648575.2,85.0,15.0,0.1764706
2024-10-04,mandeb,9409.0,828.0,5357.0,39.0,3966.0,0.42151132,7.629833,11.363526,82.0,220.0,3918170.0,8418550.0,0.37272727,0.465421,47782.562,6.4935064,3632207.0,78.0,10.0,0.12820514
2024-10-11,mandeb,9409.0,828.0,5357.0,39.0,3966.0,0.42151132,7.629833,11.363526,69.0,197.0,3594167.0,7466252.0,0.35025382,0.4813884,52089.375,-15.853659,3678896.5,78.0,10.0,0.12820514
2024-10-18,mandeb,9409.0,828.0,5357.0,39.0,3966.0,0.42151132,7.629833,11.363526,67.0,223.0,2721881.0,7149357.0,0.30044842,0.3807169,40625.09,-2.8985507,3511925.0,78.0,10.0,0.12820514
2024-10-25,mandeb,9409.0,828.0,5357.0,39.0,3966.0,0.42151132,7.629833,11.363526,76.0,222.0,3160206.0,6542962.0,0.34234235,0.4829932,41581.656,13.432836,3348606.0,78.0,10.0,0.12820514
2024-11-01,mandeb,10056.0,789.0,4908.0,9.0,5041.0,0.50129277,6.8763947,12.745247,79.0,218.0,3870747.0,7475482.0,0.36238533,0.5177923,48996.797,3.9473684,3336750.2,108.0,11.0,0.10185185
2024-11-08,mandeb,10056.0,789.0,4908.0,9.0,5041.0,0.50129277,6.8763947,12.745247,69.0,229.0,2877555.0,7209316.0,0.30131003,0.39914396,41703.695,-12.658228,3157597.2,108.0,11.0,0.10185185
2024-11-15,mandeb,10056.0,789.0,4908.0,9.0,5041.0,0.50129277,6.8763947,12.745247,92.0,247.0,3492046.0,7324162.0,0.37246963,0.47678438,37957.023,33.333332,3350138.5,108.0,11.0,0.10185185
2024-11-22,mandeb,10056.0,789.0,4908.0,9.0,5041.0,0.50129277,6.8763947,12.745247,78.0,221.0,3999726.0,7800799.0,0.3529412,0.51273286,51278.54,-15.217391,3560018.5,108.0,11.0,0.10185185
2024-11-29,mandeb,9997.0,838.0,5690.0,29.0,4164.0,0.41652495,-0.5867144,11.929594,79.0,218.0,3217305.0,6626031.0,0.36238533,0.48555538,40725.38,1.2820513,3396658.0,100.0,23.0,0.23
2024-12-06,mandeb,9997.0,838.0,5690.0,29.0,4164.0,0.41652495,-0.5867144,11.929594,75.0,239.0,3370688.0,7325502.0,0.31380752,0.46013066,44942.508,-5.063291,3519941.2,100.0,23.0,0.23
2024-12-13,mandeb,9997.0,838.0,5690.0,29.0,4164.0,0.41652495,-0.5867144,11.929594,83.0,210.0,3657208.0,6280759.0,0.3952381,0.5822876,44062.746,10.666667,3561231.8,100.0,23.0,0.23
2024-12-20,mandeb,9997.0,838.0,5690.0,29.0,4164.0,0.41652495,-0.5867144,11.929594,75.0,239.0,3766450.0,7937633.0,0.31380752,0.47450542,50219.332,-9.638555,3502912.8,100.0,23.0,0.23
2024-12-27,mandeb,9997.0,838.0,5690.0,29.0,4164.0,0.41652495,-0.5867144,11.929594,67.0,216.0,3157031.0,7876194.0,0.3101852,0.40083206,47119.867,-10.666667,3487844.2,100.0,23.0,0.23
2025-01-03,mandeb,11626.0,861.0,5547.0,10.0,5948.0,0.5116119,16.294888,13.502904,83.0,209.0,3786839.0,6722095.0,0.39712918,0.5633421,45624.566,23.880596,3591882.0,127.0,18.0,0.14173229
2025-01-10,mandeb,11626.0,861.0,5547.0,10.0,5948.0,0.5116119,16.294888,13.502904,79.0,244.0,3228356.0,7294261.0,0.3237705,0.4425885,40865.266,-4.8192773,3484669.0,127.0,18.0,0.14173229
2025-01-17,mandeb,11626.0,861.0,5547.0,10.0,5948.0,0.5116119,16.294888,13.502904,71.0,209.0,3012086.0,7585714.0,0.33971292,0.3970735,42423.746,-10.126582,3296078.0,127.0,18.0,0.14173229
2025-01-24,mandeb,11626.0,861.0,5547.0,10.0,5948.0,0.5116119,16.294888,13.502904,76.0,244.0,2903176.0,7132742.0,0.3114754,0.40702102,38199.684,7.0422535,3232614.2,127.0,18.0,0.14173229
2025-01-31,mandeb,11983.0,857.0,5792.0,28.0,6081.0,0.50746894,3.0707035,13.982497,77.0,221.0,3664909.0,8242210.0,0.3484163,0.44465125,47596.223,1.3157895,3202131.8,85.0,8.0,0.09411765
2025-02-07,mandeb,11983.0,857.0,5792.0,28.0,6081.0,0.50746894,3.0707035,13.982497,75.0,214.0,3888840.0,7358589.0,0.3504673,0.5284763,51851.2,-2.5974026,3367252.8,85.0,8.0,0.09411765
2025-02-14,mandeb,11983.0,857.0,5792.0,28.0,6081.0,0.50746894,3.0707035,13.982497,70.0,222.0,3426156.0,7305464.0,0.3153153,0.4689854,48945.086,-6.6666665,3470770.2,85.0,8.0,0.09411765
2025-02-21,mandeb,11983.0,857.0,5792.0,28.0,6081.0,0.50746894,3.0707035,13.982497,82.0,225.0,3594658.0,7300512.0,0.36444443,0.49238437,43837.293,17.142857,3643640.8,85.0,8.0,0.09411765
2025-02-28,mandeb,12391.0,881.0,5665.0,17.0,6666.0,0.5379711,3.4048235,14.064699,71.0,226.0,3700928.0,7875675.0,0.3141593,0.46991885,52125.746,-13.414634,3652645.5,93.0,12.0,0.12903225
2025-03-07,mandeb,12391.0,881.0,5665.0,17.0,6666.0,0.5379711,3.4048235,14.064699,73.0,215.0,3448453.0,7444576.0,0.33953488,0.46321684,47239.082,2.8169014,3542548.8,93.0,12.0,0.12903225
2025-03-14,mandeb,12391.0,881.0,5665.0,17.0,6666.0,0.5379711,3.4048235,14.064699,77.0,223.0,3875126.0,7918137.0,0.34529147,0.48939872,50326.312,5.479452,3654791.2,93.0,12.0,0.12903225
2025-03-21,mandeb,12391.0,881.0,5665.0,17.0,6666.0,0.5379711,3.4048235,14.064699,78.0,225.0,4251147.0,8479424.0,0.34666666,0.50134856,54501.883,1.2987013,3818913.5,93.0,12.0,0.12903225
2025-03-28,mandeb,11103.0,807.0,5426.0,19.0,5549.0,0.49977484,-10.394641,13.758365,97.0,244.0,5332890.0,9000041.0,0.397541,0.5925406,54978.246,24.358974,4226904.0,82.0,9.0,0.1097561
2025-04-04,mandeb,11103.0,807.0,5426.0,19.0,5549.0,0.49977484,-10.394641,13.758365,81.0,223.0,4764095.0,9015376.0,0.3632287,0.5284411,58815.99,-16.494844,4555814.5,82.0,9.0,0.1097561
2025-04-11,mandeb,11103.0,807.0,5426.0,19.0,5549.0,0.49977484,-10.394641,13.758365,88.0,236.0,4500996.0,9295044.0,0.37288135,0.48423612,51147.684,8.641975,4712282.0,82.0,9.0,0.1097561
2025-04-18,mandeb,11103.0,807.0,5426.0,19.0,5549.0,0.49977484,-10.394641,13.758365,89.0,229.0,4294150.0,7868003.0,0.38864627,0.5457738,48248.875,1.1363636,4723033.0,82.0,9.0,0.1097561
2025-04-25,mandeb,11103.0,807.0,5426.0,19.0,5549.0,0.49977484,-10.394641,13.758365,82.0,217.0,4460842.0,8441494.0,0.3778802,0.52844226,54400.51,-7.8651686,4505021.0,82.0,9.0,0.1097561
2025-05-02,mandeb,11167.0,931.0,5985.0,28.0,4859.0,0.43512133,0.5764208,11.99463,77.0,237.0,5257953.0,9350321.0,0.32489452,0.56232864,68285.1,-6.097561,4628485.0,105.0,17.0,0.16190477
2025-05-09,mandeb,11167.0,931.0,5985.0,28.0,4859.0,0.43512133,0.5764208,11.99463,62.0,210.0,2985485.0,7063826.0,0.2952381,0.4226442,48152.984,-19.48052,4249607.5,105.0,17.0,0.16190477
2025-05-16,mandeb,11167.0,931.0,5985.0,28.0,4859.0,0.43512133,0.5764208,11.99463,86.0,234.0,4064000.0,8730514.0,0.36752138,0.4654938,47255.812,38.70968,4192070.0,105.0,17.0,0.16190477
2025-05-23,mandeb,11167.0,931.0,5985.0,28.0,4859.0,0.43512133,0.5764208,11.99463,78.0,231.0,4188839.0,7575121.0,0.33766234,0.5529732,53703.062,-9.302325,4124069.2,105.0,17.0,0.16190477
2025-05-30,mandeb,11097.0,931.0,5952.0,26.0,4945.0,0.44561592,-0.62684697,11.919441,80.0,243.0,4826660.0,8673880.0,0.32921812,0.5564592,60333.25,2.5641026,4016246.0,90.0,19.0,0.21111111
2025-06-06,mandeb,11097.0,931.0,5952.0,26.0,4945.0,0.44561592,-0.62684697,11.919441,81.0,236.0,4427589.0,8324139.0,0.34322035,0.53189754,54661.594,1.25,4376772.0,90.0,19.0,0.21111111
2025-06-13,mandeb,11097.0,931.0,5952.0,26.0,4945.0,0.44561592,-0.62684697,11.919441,77.0,242.0,4285957.0,8500852.0,0.3181818,0.5041797,55661.777,-4.9382715,4432261.0,90.0,19.0,0.21111111
2025-06-20,mandeb,11097.0,931.0,5952.0,26.0,4945.0,0.44561592,-0.62684697,11.919441,82.0,246.0,3723473.0,8196172.0,0.33333334,0.45429415,45408.207,6.4935064,4315920.0,90.0,19.0,0.21111111
2025-06-27,mandeb,11097.0,931.0,5952.0,26.0,4945.0,0.44561592,-0.62684697,11.919441,82.0,204.0,4449456.0,7434134.0,0.4019608,0.59851706,54261.66,0.0,4221619.0,90.0,19.0,0.21111111
2025-07-04,mandeb,9907.0,850.0,5962.0,2.0,3836.0,0.38720098,-10.723619,11.655294,83.0,198.0,4123665.0,7168144.0,0.41919193,0.57527655,49682.71,1.2195122,4145637.8,118.0,28.0,0.23728813
2025-07-11,mandeb,9907.0,850.0,5962.0,2.0,3836.0,0.38720098,-10.723619,11.655294,84.0,218.0,4847524.0,8879814.0,0.3853211,0.5459038,57708.617,1.2048193,4286029.5,118.0,28.0,0.23728813
2025-07-18,mandeb,9907.0,850.0,5962.0,2.0,3836.0,0.38720098,-10.723619,11.655294,80.0,225.0,4654120.0,8863060.0,0.35555556,0.52511436,58176.5,-4.7619047,4518691.0,118.0,28.0,0.23728813
2025-07-25,mandeb,9907.0,850.0,5962.0,2.0,3836.0,0.38720098,-10.723619,11.655294,75.0,217.0,4112378.0,8378048.0,0.34562212,0.49085158,54831.707,-6.25,4434422.0,118.0,28.0,0.23728813
2025-08-01,mandeb,7483.0,713.0,4332.0,28.0,3017.0,0.40318054,-24.467548,10.495091,73.0,210.0,3413059.0,6798565.0,0.34761906,0.5020264,46754.234,-2.6666667,4256770.0,98.0,38.0,0.3877551
2025-08-08,mandeb,7483.0,713.0,4332.0,28.0,3017.0,0.40318054,-24.467548,10.495091,62.0,205.0,2945666.0,6968215.0,0.30243903,0.42272893,47510.742,-15.068493,3781305.8,98.0,38.0,0.3877551
2025-08-15,mandeb,7483.0,713.0,4332.0,28.0,3017.0,0.40318054,-24.467548,10.495091,100.0,244.0,4373192.0,8486786.0,0.40983605,0.51529425,43731.92,61.29032,3711073.8,98.0,38.0,0.3877551
2025-08-22,mandeb,7483.0,713.0,4332.0,28.0,3017.0,0.40318054,-24.467548,10.495091,80.0,268.0,4204165.0,8913636.0,0.29850745,0.47165546,52552.062,-20.0,3734020.5,98.0,38.0,0.3877551
2025-08-29,mandeb,8114.0,731.0,4441.0,101.0,3558.0,0.43850136,8.4324465,11.099863,57.0,194.0,2256494.0,5858355.0,0.29381442,0.38517535,39587.613,-28.75,3444879.2,77.0,17.0,0.22077923
2025-09-05,mandeb,8114.0,731.0,4441.0,101.0,3558.0,0.43850136,8.4324465,11.099863,84.0,249.0,4875352.0,9565102.0,0.33734939,0.509702,58039.906,47.36842,3927300.8,77.0,17.0,0.22077923
2025-09-12,mandeb,8114.0,731.0,4441.0,101.0,3558.0,0.43850136,8.4324465,11.099863,70.0,250.0,3602625.0,8835562.0,0.28,0.40774146,51466.07,-16.666666,3734659.0,77.0,17.0,0.22077923
2025-09-19,mandeb,8114.0,731.0,4441.0,101.0,3558.0,0.43850136,8.4324465,11.099863,70.0,232.0,3909642.0,8264187.0,0.30172414,0.47308248,55852.027,0.0,3661028.2,77.0,17.0,0.22077923
2025-09-26,mandeb,8114.0,731.0,4441.0,101.0,3558.0,0.43850136,8.4324465,11.099863,83.0,254.0,4837482.0,10018930.0,0.32677165,0.4828342,58282.914,18.571428,4306275.0,77.0,17.0,0.22077923
2025-10-03,mandeb,9015.0,832.0,5267.0,22.0,3699.0,0.41031614,11.104264,10.835337,78.0,217.0,3402637.0,7303438.0,0.359447,0.46589524,43623.55,-6.0240965,3938096.5,91.0,19.0,0.20879121
2025-10-10,mandeb,9015.0,832.0,5267.0,22.0,3699.0,0.41031614,11.104264,10.835337,83.0,227.0,5358986.0,9301839.0,0.36563876,0.57612115,64566.098,6.4102564,4377187.0,91.0,19.0,0.20879121
2025-10-17,mandeb,9015.0,832.0,5267.0,22.0,3699.0,0.41031614,11.104264,10.835337,101.0,251.0,5174137.0,9591248.0,0.40239045,0.5394644,51229.08,21.686747,4693310.5,91.0,19.0,0.20879121
2025-10-24,mandeb,9015.0,832.0,5267.0,22.0,3699.0,0.41031614,11.104264,10.835337,71.0,236.0,4039171.0,8665750.0,0.30084747,0.4661075,56889.73,-29.70297,4493733.0,91.0,19.0,0.20879121
2025-10-31,mandeb,8554.0,795.0,4789.0,29.0,3632.0,0.42459667,-5.1136994,10.759748,93.0,273.0,5159784.0,9943315.0,0.34065935,0.5189199,55481.547,30.985916,4933019.5,94.0,21.0,0.22340426
2025-11-07,mandeb,8554.0,795.0,4789.0,29.0,3632.0,0.42459667,-5.1136994,10.759748,84.0,246.0,4915413.0,10101869.0,0.34146342,0.4865845,58516.82,-9.67742,4822126.0,94.0,21.0,0.22340426
2025-11-14,mandeb,8554.0,795.0,4789.0,29.0,3632.0,0.42459667,-5.1136994,10.759748,92.0,258.0,5187042.0,9853098.0,0.35658914,0.5264377,56380.89,9.523809,4825352.5,94.0,21.0,0.22340426
2025-11-21,mandeb,8554.0,795.0,4789.0,29.0,3632.0,0.42459667,-5.1136994,10.759748,91.0,246.0,5301132.0,9700153.0,0.3699187,0.54649985,58254.2,-1.0869565,5140843.0,94.0,21.0,0.22340426
2025-11-28,mandeb,10496.0,898.0,5586.0,40.0,4826.0,0.4597942,22.70283,11.688196,85.0,277.0,4764448.0,10841227.0,0.3068592,0.43947497,56052.33,-6.5934067,5042009.0,111.0,22.0,0.1981982
2025-12-05,mandeb,10496.0,898.0,5586.0,40.0,4826.0,0.4597942,22.70283,11.688196,91.0,261.0,3906429.0,8470480.0,0.348659,0.46118155,42927.793,7.0588236,4789763.0,111.0,22.0,0.1981982
2025-12-12,mandeb,10496.0,898.0,5586.0,40.0,4826.0,0.4597942,22.70283,11.688196,83.0,255.0,4208985.0,9613664.0,0.3254902,0.43781278,50710.664,-8.791209,4545248.5,111.0,22.0,0.1981982
2025-12-19,mandeb,10496.0,898.0,5586.0,40.0,4826.0,0.4597942,22.70283,11.688196,64.0,188.0,3171347.0,6727234.0,0.34042552,0.47141916,49552.297,-22.891565,4012802.2,111.0,22.0,0.1981982
2025-12-26,mandeb,10496.0,898.0,5586.0,40.0,4826.0,0.4597942,22.70283,11.688196,86.0,220.0,4452023.0,9140572.0,0.3909091,0.48706174,51767.71,34.375,3934696.0,111.0,22.0,0.1981982
2026-01-02,mandeb,11739.0,1055.0,6557.0,36.0,4973.0,0.42363063,11.842607,11.127014,72.0,212.0,4258945.0,8242462.0,0.33962265,0.5167079,59152.016,-16.27907,4022825.0,105.0,29.0,0.2761905
2026-01-09,mandeb,11739.0,1055.0,6557.0,36.0,4973.0,0.42363063,11.842607,11.127014,78.0,239.0,4533238.0,9299839.0,0.32635984,0.48745337,58118.438,8.333333,4103888.2,105.0,29.0,0.2761905
2026-01-16,mandeb,11739.0,1055.0,6557.0,36.0,4973.0,0.42363063,11.842607,11.127014,77.0,220.0,4483332.0,7877099.0,0.35,0.5691603,58225.09,-1.2820513,4431884.5,105.0,29.0,0.2761905
2026-01-23,mandeb,11739.0,1055.0,6557.0,36.0,4973.0,0.42363063,11.842607,11.127014,77.0,237.0,3695127.0,8401671.0,0.32489452,0.43980858,47988.664,0.0,4242660.5,105.0,29.0,0.2761905
2026-01-30,mandeb,11998.0,1052.0,6301.0,33.0,5549.0,0.46249375,2.2063208,11.4049425,62.0,210.0,2093549.0,5757194.0,0.2952381,0.36364052,33766.918,-19.48052,3701311.5,110.0,55.0,0.5
2026-02-06,mandeb,11998.0,1052.0,6301.0,33.0,5549.0,0.46249375,2.2063208,11.4049425,87.0,244.0,4983769.0,9070537.0,0.35655737,0.54944587,57284.7,40.322582,3813944.2,110.0,55.0,0.5
2026-02-13,mandeb,11998.0,1052.0,6301.0,33.0,5549.0,0.46249375,2.2063208,11.4049425,83.0,220.0,3470403.0,7707629.0,0.37727273,0.45025557,41812.086,-4.597701,3560712.0,110.0,55.0,0.5
2026-02-20,mandeb,11998.0,1052.0,6301.0,33.0,5549.0,0.46249375,2.2063208,11.4049425,96.0,245.0,4446638.0,8318806.0,0.39183673,0.5345284,46319.145,15.662651,3748589.8,110.0,55.0,0.5
2026-02-27,mandeb,11998.0,1052.0,6301.0,33.0,5549.0,0.46249375,2.2063208,11.4049425,81.0,242.0,4533575.0,8674447.0,0.33471075,0.52263564,55970.062,-15.625,4358596.0,110.0,55.0,0.5
2026-03-06,mandeb,11998.0,1052.0,6301.0,33.0,5549.0,0.46249375,2.2063208,11.4049425,97.0,272.0,5172475.0,10029071.0,0.35661766,0.51574814,53324.484,19.753086,4405773.0,110.0,55.0,0.5
2026-03-13,mandeb,11998.0,1052.0,6301.0,33.0,5549.0,0.46249375,2.2063208,11.4049425,74.0,207.0,3139072.0,7499735.0,0.35748792,0.41855773,42419.89,-23.71134,4322940.0,110.0,55.0,0.5
2026-03-20,mandeb,11998.0,1052.0,6301.0,33.0,5549.0,0.46249375,2.2063208,11.4049425,92.0,223.0,4641577.0,8051884.0,0.41255605,0.5764585,50451.926,24.324324,4371675.0,110.0,55.0,0.5
2026-03-27,mandeb,11998.0,1052.0,6301.0,33.0,5549.0,0.46249375,2.2063208,11.4049425,108.0,233.0,5310007.0,9122599.0,0.4635193,0.5820717,49166.73,17.391304,4565783.0,110.0,55.0,0.5
2026-04-03,mandeb,11998.0,1052.0,6301.0,33.0,5549.0,0.46249375,2.2063208,11.4049425,97.0,235.0,5267348.0,9561574.0,0.41276595,0.5508871,54302.56,-10.185185,4589501.0,110.0,55.0,0.5
2026-04-10,mandeb,11998.0,1052.0,6301.0,33.0,5549.0,0.46249375,2.2063208,11.4049425,86.0,241.0,4229720.0,9104046.0,0.35684648,0.46459782,49182.79,-11.340206,4862163.0,110.0,55.0,0.5
2026-04-17,mandeb,11998.0,1052.0,6301.0,33.0,5549.0,0.46249375,2.2063208,11.4049425,100.0,234.0,4298514.0,8497662.0,0.42735043,0.5058467,42985.14,16.27907,4776397.0,110.0,55.0,0.5
2026-04-24,mandeb,11998.0,1052.0,6301.0,33.0,5549.0,0.46249375,2.2063208,11.4049425,97.0,239.0,5293103.0,9623911.0,0.40585774,0.549995,54568.07,-3.0,4772171.0,110.0,55.0,0.5
2026-05-01,mandeb,11998.0,1052.0,6301.0,33.0,5549.0,0.46249375,2.2063208,11.4049425,73.0,237.0,3457133.0,7297995.0,0.30801687,0.47370997,47357.984,-24.742268,4319617.5,110.0,55.0,0.5
2026-05-08,mandeb,11998.0,1052.0,6301.0,33.0,5549.0,0.46249375,2.2063208,11.4049425,87.0,241.0,4728215.0,10445522.0,0.36099586,0.45265475,54347.3,19.178082,4444241.0,110.0,55.0,0.5
2026-05-15,mandeb,11998.0,1052.0,6301.0,33.0,5549.0,0.46249375,2.2063208,11.4049425,79.0,214.0,4084215.0,7869322.0,0.36915886,0.5190047,51698.926,-9.195402,4390666.5,110.0,55.0,0.5
2026-05-22,mandeb,11998.0,1052.0,6301.0,33.0,5549.0,0.46249375,2.2063208,11.4049425,76.0,216.0,5078718.0,8589125.0,0.35185185,0.5912963,66825.234,-3.7974684,4337070.0,110.0,55.0,0.5
2026-05-29,mandeb,11998.0,1052.0,6301.0,33.0,5549.0,0.46249375,2.2063208,11.4049425,17.0,64.0,947747.0,2102586.0,0.265625,0.45075303,55749.824,-77.63158,3709723.8,110.0,55.0,0.5
2026-06-05,mandeb,11998.0,1052.0,6301.0,33.0,5549.0,0.46249375,2.2063208,11.4049425,,,,,,,,,,110.0,55.0,0.5
2026-06-12,mandeb,11998.0,1052.0,6301.0,33.0,5549.0,0.46249375,2.2063208,11.4049425,,,,,,,,,,110.0,55.0,0.5
2026-06-19,mandeb,,,,,,,,,,,,,,,,,,110.0,55.0,0.5
2026-06-26,mandeb,,,,,,,,,,,,,,,,,,110.0,55.0,0.5
2019-01-04,panama,187337.0,1411.0,39635.0,1836.0,121596.0,0.6490763,-7.8727884,132.76895,,,,,,,,,,,,
2019-01-11,panama,187337.0,1411.0,39635.0,1836.0,121596.0,0.6490763,-7.8727884,132.76895,46.0,122.0,1002263.0,3042066.0,0.37704918,0.32946786,21788.326,,1002263.0,,,
2019-01-18,panama,187337.0,1411.0,39635.0,1836.0,121596.0,0.6490763,-7.8727884,132.76895,80.0,207.0,1971085.0,5641702.0,0.38647342,0.34937772,24638.562,73.91304,1486674.0,,,
2019-01-25,panama,187337.0,1411.0,39635.0,1836.0,121596.0,0.6490763,-7.8727884,132.76895,80.0,211.0,2213648.0,5583520.0,0.37914693,0.396461,27670.6,0.0,1728998.6,,,
2019-02-01,panama,204127.0,1503.0,42239.0,2104.0,124406.0,0.6094539,8.962458,135.81303,85.0,221.0,2102999.0,6365446.0,0.3846154,0.3303773,24741.164,6.25,1822498.8,,,
2019-02-08,panama,204127.0,1503.0,42239.0,2104.0,124406.0,0.6094539,8.962458,135.81303,88.0,224.0,2216330.0,5717329.0,0.39285713,0.3876513,25185.568,3.5294118,2126015.5,,,
2019-02-15,panama,204127.0,1503.0,42239.0,2104.0,124406.0,0.6094539,8.962458,135.81303,86.0,223.0,2272342.0,6356806.0,0.38565022,0.357466,26422.582,-2.2727273,2201329.8,,,
2019-02-22,panama,204127.0,1503.0,42239.0,2104.0,124406.0,0.6094539,8.962458,135.81303,66.0,196.0,1256099.0,5028416.0,0.33673468,0.24980013,19031.803,-23.255814,1961942.5,,,
2019-03-01,panama,209970.0,1647.0,44660.0,1799.0,124877.0,0.59473735,2.8624337,127.486336,86.0,209.0,1929571.0,5710789.0,0.41148326,0.33788168,22436.873,30.30303,1918585.5,360.0,120.0,0.33333334
2019-03-08,panama,209970.0,1647.0,44660.0,1799.0,124877.0,0.59473735,2.8624337,127.486336,84.0,218.0,1718178.0,5815190.0,0.3853211,0.29546377,20454.5,-2.3255813,1794047.5,360.0,120.0,0.33333334
2019-03-15,panama,209970.0,1647.0,44660.0,1799.0,124877.0,0.59473735,2.8624337,127.486336,89.0,209.0,2260452.0,5736703.0,0.4258373,0.39403328,25398.338,5.952381,1791075.0,360.0,120.0,0.33333334
2019-03-22,panama,209970.0,1647.0,44660.0,1799.0,124877.0,0.59473735,2.8624337,127.486336,96.0,223.0,1950289.0,5205895.0,0.43049327,0.37463087,20315.51,7.8651686,1964622.5,360.0,120.0,0.33333334
2019-03-29,panama,204381.0,1616.0,44836.0,2288.0,113172.0,0.55373055,-2.6618087,126.47339,84.0,210.0,1652403.0,5152602.0,0.4,0.32069293,19671.465,-12.5,1895330.5,483.0,82.0,0.16977225
2019-04-05,panama,204381.0,1616.0,44836.0,2288.0,113172.0,0.55373055,-2.6618087,126.47339,73.0,202.0,1349885.0,5018513.0,0.36138615,0.26898107,18491.576,-13.095238,1803257.2,483.0,82.0,0.16977225
2019-04-12,panama,204381.0,1616.0,44836.0,2288.0,113172.0,0.55373055,-2.6618087,126.47339,86.0,195.0,2301338.0,5677480.0,0.44102564,0.40534496,26759.744,17.80822,1813478.8,483.0,82.0,0.16977225
2019-04-19,panama,204381.0,1616.0,44836.0,2288.0,113172.0,0.55373055,-2.6618087,126.47339,77.0,204.0,1383934.0,5012338.0,0.37745097,0.2761055,17973.168,-10.4651165,1671890.0,483.0,82.0,0.16977225
2019-04-26,panama,204381.0,1616.0,44836.0,2288.0,113172.0,0.55373055,-2.6618087,126.47339,82.0,202.0,1940979.0,5435891.0,0.4059406,0.35706732,23670.477,6.4935064,1744034.0,483.0,82.0,0.16977225
2019-05-03,panama,217309.0,1686.0,39888.0,2600.0,131142.0,0.60348165,6.3254414,128.89027,88.0,223.0,2199791.0,6058479.0,0.39461884,0.36309296,24997.625,7.3170733,1956510.5,315.0,71.0,0.22539683
2019-05-10,panama,217309.0,1686.0,39888.0,2600.0,131142.0,0.60348165,6.3254414,128.89027,83.0,210.0,1929558.0,5633165.0,0.3952381,0.34253532,23247.688,-5.681818,1863565.5,315.0,71.0,0.22539683
2019-05-17,panama,217309.0,1686.0,39888.0,2600.0,131142.0,0.60348165,6.3254414,128.89027,87.0,217.0,2434541.0,6263572.0,0.40092167,0.3886825,27983.23,4.8192773,2126217.2,315.0,71.0,0.22539683
2019-05-24,panama,217309.0,1686.0,39888.0,2600.0,131142.0,0.60348165,6.3254414,128.89027,89.0,226.0,2338865.0,6608457.0,0.3938053,0.35391998,26279.383,2.2988505,2225688.8,315.0,71.0,0.22539683
2019-05-31,panama,205194.0,1621.0,39947.0,2944.0,123868.0,0.60366285,-5.575011,126.58482,75.0,207.0,2242311.0,5975213.0,0.36231884,0.3752688,29897.48,-15.730337,2236318.8,599.0,216.0,0.360601
2019-06-07,panama,205194.0,1621.0,39947.0,2944.0,123868.0,0.60366285,-5.575011,126.58482,88.0,205.0,2090889.0,5261442.0,0.4292683,0.39739847,23760.102,17.333334,2276651.5,599.0,216.0,0.360601
2019-06-14,panama,205194.0,1621.0,39947.0,2944.0,123868.0,0.60366285,-5.575011,126.58482,93.0,219.0,2917434.0,6239923.0,0.42465752,0.46754327,31370.258,5.681818,2397374.8,599.0,216.0,0.360601
2019-06-21,panama,205194.0,1621.0,39947.0,2944.0,123868.0,0.60366285,-5.575011,126.58482,80.0,203.0,1744061.0,5117831.0,0.39408866,0.34078127,21800.762,-13.978495,2248673.8,599.0,216.0,0.360601
2019-06-28,panama,202521.0,1535.0,44585.0,2446.0,122759.0,0.60615444,-1.3026696,131.9355,84.0,210.0,2101389.0,5791355.0,0.4,0.3628493,25016.535,5.0,2213443.2,439.0,148.0,0.33712983
2019-07-05,panama,202521.0,1535.0,44585.0,2446.0,122759.0,0.60615444,-1.3026696,131.9355,86.0,211.0,2112172.0,5541734.0,0.40758294,0.3811392,24560.139,2.3809524,2218764.0,439.0,148.0,0.33712983
2019-07-12,panama,202521.0,1535.0,44585.0,2446.0,122759.0,0.60615444,-1.3026696,131.9355,79.0,205.0,2035556.0,5325328.0,0.38536584,0.3822405,25766.531,-8.139535,1998294.5,439.0,148.0,0.33712983
2019-07-19,panama,202521.0,1535.0,44585.0,2446.0,122759.0,0.60615444,-1.3026696,131.9355,84.0,211.0,2061801.0,5609494.0,0.39810428,0.36755562,24545.25,6.329114,2077729.5,439.0,148.0,0.33712983
2019-07-26,panama,202521.0,1535.0,44585.0,2446.0,122759.0,0.60615444,-1.3026696,131.9355,74.0,207.0,1638164.0,5274880.0,0.35748792,0.31055948,22137.352,-11.904762,1961923.2,439.0,148.0,0.33712983
2019-08-02,panama,192586.0,1456.0,41175.0,2004.0,119805.0,0.6220857,-4.905664,132.2706,83.0,216.0,2406574.0,5853311.0,0.38425925,0.41114748,28994.867,12.162162,2035523.8,503.0,168.0,0.33399603
2019-08-09,panama,192586.0,1456.0,41175.0,2004.0,119805.0,0.6220857,-4.905664,132.2706,71.0,220.0,2102781.0,6333873.0,0.32272726,0.33198977,29616.635,-14.457831,2052330.0,503.0,168.0,0.33399603
2019-08-16,panama,192586.0,1456.0,41175.0,2004.0,119805.0,0.6220857,-4.905664,132.2706,73.0,226.0,2138698.0,5817965.0,0.32300884,0.3676024,29297.232,2.8169014,2071554.2,503.0,168.0,0.33399603
2019-08-23,panama,192586.0,1456.0,41175.0,2004.0,119805.0,0.6220857,-4.905664,132.2706,102.0,258.0,2398272.0,6590352.0,0.39534885,0.3639065,23512.47,39.72603,2261581.2,503.0,168.0,0.33399603
2019-08-30,panama,210319.0,1473.0,47723.0,1876.0,129452.0,0.61550313,9.207834,142.78276,76.0,228.0,2180370.0,6103025.0,0.33333334,0.35726053,28689.078,-25.490196,2205030.2,633.0,180.0,0.2843602
2019-09-06,panama,210319.0,1473.0,47723.0,1876.0,129452.0,0.61550313,9.207834,142.78276,86.0,226.0,2322804.0,6433433.0,0.38053098,0.36105204,27009.35,13.157895,2260036.0,633.0,180.0,0.2843602
2019-09-13,panama,210319.0,1473.0,47723.0,1876.0,129452.0,0.61550313,9.207834,142.78276,90.0,227.0,1985893.0,5582132.0,0.39647576,0.35575888,22065.479,4.6511626,2221834.8,633.0,180.0,0.2843602
2019-09-20,panama,210319.0,1473.0,47723.0,1876.0,129452.0,0.61550313,9.207834,142.78276,91.0,223.0,2115195.0,6227692.0,0.40807176,0.33964348,23243.9,1.1111112,2151065.5,633.0,180.0,0.2843602
2019-09-27,panama,210319.0,1473.0,47723.0,1876.0,129452.0,0.61550313,9.207834,142.78276,84.0,230.0,1714514.0,5468936.0,0.3652174,0.31350046,20410.88,-7.6923075,2034601.5,633.0,180.0,0.2843602
2019-10-04,panama,235702.0,1605.0,61559.0,3183.0,135645.0,0.57549363,12.0688095,146.85483,69.0,204.0,1381838.0,4807635.0,0.3382353,0.28742573,20026.637,-17.857143,1799360.0,376.0,101.0,0.26861703
2019-10-11,panama,235702.0,1605.0,61559.0,3183.0,135645.0,0.57549363,12.0688095,146.85483,92.0,220.0,2357756.0,5638727.0,0.4181818,0.4181362,25627.783,33.333332,1892325.8,376.0,101.0,0.26861703
2019-10-18,panama,235702.0,1605.0,61559.0,3183.0,135645.0,0.57549363,12.0688095,146.85483,107.0,247.0,3006842.0,6840868.0,0.4331984,0.439541,28101.326,16.304348,2115237.5,376.0,101.0,0.26861703
2019-10-25,panama,235702.0,1605.0,61559.0,3183.0,135645.0,0.57549363,12.0688095,146.85483,86.0,231.0,2383511.0,6028917.0,0.37229437,0.39534646,27715.244,-19.626167,2282486.8,376.0,101.0,0.26861703
2019-11-01,panama,211528.0,1504.0,47183.0,2389.0,124496.0,0.58855563,-10.256171,140.64362,98.0,222.0,2217250.0,5580777.0,0.44144145,0.39730132,22625.0,13.953488,2491339.8,546.0,97.0,0.17765568
2019-11-08,panama,211528.0,1504.0,47183.0,2389.0,124496.0,0.58855563,-10.256171,140.64362,89.0,240.0,2215980.0,6015099.0,0.37083334,0.36840293,24898.652,-9.183674,2455895.8,546.0,97.0,0.17765568
2019-11-15,panama,211528.0,1504.0,47183.0,2389.0,124496.0,0.58855563,-10.256171,140.64362,105.0,233.0,3070089.0,6350191.0,0.45064378,0.48346403,29238.943,17.977528,2471707.5,546.0,97.0,0.17765568
2019-11-22,panama,211528.0,1504.0,47183.0,2389.0,124496.0,0.58855563,-10.256171,140.64362,95.0,238.0,2516839.0,6054514.0,0.39915967,0.4156963,26493.043,-9.523809,2505039.5,546.0,97.0,0.17765568
2019-11-29,panama,224322.0,1602.0,52628.0,1754.0,136263.0,0.60744375,6.048372,140.02621,107.0,232.0,3273790.0,6761549.0,0.46120688,0.48417753,30596.168,12.631579,2769174.5,439.0,133.0,0.3029613
2019-12-06,panama,224322.0,1602.0,52628.0,1754.0,136263.0,0.60744375,6.048372,140.02621,99.0,252.0,1980199.0,6775591.0,0.39285713,0.2922548,20002.01,-7.4766355,2710229.2,439.0,133.0,0.3029613
2019-12-13,panama,224322.0,1602.0,52628.0,1754.0,136263.0,0.60744375,6.048372,140.02621,101.0,233.0,2236691.0,6387587.0,0.4334764,0.35016212,22145.455,2.020202,2501879.8,439.0,133.0,0.3029613
2019-12-20,panama,224322.0,1602.0,52628.0,1754.0,136263.0,0.60744375,6.048372,140.02621,88.0,229.0,2202771.0,5696459.0,0.3842795,0.38669127,25031.488,-12.871287,2423362.8,439.0,133.0,0.3029613
2019-12-27,panama,224322.0,1602.0,52628.0,1754.0,136263.0,0.60744375,6.048372,140.02621,98.0,230.0,2498617.0,6733639.0,0.42608696,0.3710649,25496.092,11.363636,2229569.5,439.0,133.0,0.3029613
2020-01-03,panama,231335.0,1685.0,58328.0,1937.0,135941.0,0.58763695,3.1263094,137.2908,92.0,227.0,2686813.0,6203457.0,0.40528634,0.43311545,29204.488,-6.122449,2406223.0,647.0,145.0,0.22411129
2020-01-10,panama,231335.0,1685.0,58328.0,1937.0,135941.0,0.58763695,3.1263094,137.2908,86.0,205.0,2466563.0,5628781.0,0.41951218,0.43820554,28680.965,-6.521739,2463691.0,647.0,145.0,0.22411129
2020-01-17,panama,231335.0,1685.0,58328.0,1937.0,135941.0,0.58763695,3.1263094,137.2908,95.0,219.0,2070473.0,5897034.0,0.43378997,0.35110414,21794.453,10.4651165,2430616.5,647.0,145.0,0.22411129
2020-01-24,panama,231335.0,1685.0,58328.0,1937.0,135941.0,0.58763695,3.1263094,137.2908,87.0,229.0,1998876.0,6017353.0,0.37991267,0.33218527,22975.586,-8.421053,2305681.2,647.0,145.0,0.22411129
2020-01-31,panama,235087.0,1723.0,59994.0,1900.0,133973.0,0.56988686,1.6218903,136.4405,96.0,222.0,2157097.0,5916426.0,0.43243244,0.3645946,22469.76,10.344828,2173252.2,398.0,81.0,0.20351759
2020-02-07,panama,235087.0,1723.0,59994.0,1900.0,133973.0,0.56988686,1.6218903,136.4405,87.0,212.0,1634539.0,5208974.0,0.41037735,0.31379288,18787.805,-9.375,1965246.2,398.0,81.0,0.20351759
2020-02-14,panama,235087.0,1723.0,59994.0,1900.0,133973.0,0.56988686,1.6218903,136.4405,95.0,223.0,2884575.0,6709356.0,0.42600897,0.42993322,30363.947,9.195402,2168771.8,398.0,81.0,0.20351759
2020-02-21,panama,235087.0,1723.0,59994.0,1900.0,133973.0,0.56988686,1.6218903,136.4405,94.0,227.0,2307414.0,6602593.0,0.41409692,0.34947088,24546.957,-1.0526316,2245906.2,398.0,81.0,0.20351759
2020-02-28,panama,242341.0,1766.0,60745.0,1963.0,132458.0,0.5465769,3.0856662,137.22594,90.0,207.0,2076510.0,5310158.0,0.4347826,0.39104486,23072.334,-4.255319,2225759.5,657.0,142.0,0.21613394
2020-03-06,panama,242341.0,1766.0,60745.0,1963.0,132458.0,0.5465769,3.0856662,137.22594,84.0,208.0,1888229.0,5184755.0,0.40384614,0.36418867,22478.916,-6.6666665,2289182.0,657.0,142.0,0.21613394
2020-03-13,panama,242341.0,1766.0,60745.0,1963.0,132458.0,0.5465769,3.0856662,137.22594,95.0,218.0,2168975.0,5377509.0,0.4357798,0.40334195,22831.316,13.095238,2110282.0,657.0,142.0,0.21613394
2020-03-20,panama,242341.0,1766.0,60745.0,1963.0,132458.0,0.5465769,3.0856662,137.22594,95.0,228.0,2183721.0,5917094.0,0.41666666,0.36905295,22986.537,0.0,2079358.8,657.0,142.0,0.21613394
2020-03-27,panama,242341.0,1766.0,60745.0,1963.0,132458.0,0.5465769,3.0856662,137.22594,99.0,217.0,2815574.0,6134489.0,0.4562212,0.4589745,28440.14,4.2105265,2264124.8,657.0,142.0,0.21613394
2020-04-03,panama,251009.0,1777.0,62099.0,2376.0,134694.0,0.53661025,3.5767782,141.25436,96.0,209.0,2877682.0,6061108.0,0.45933014,0.4747782,29975.854,-3.030303,2511488.0,310.0,36.0,0.11612903
2020-04-10,panama,251009.0,1777.0,62099.0,2376.0,134694.0,0.53661025,3.5767782,141.25436,90.0,205.0,2396881.0,5659297.0,0.4390244,0.4235298,26632.012,-6.25,2568464.5,310.0,36.0,0.11612903
2020-04-17,panama,251009.0,1777.0,62099.0,2376.0,134694.0,0.53661025,3.5767782,141.25436,87.0,199.0,2977134.0,6168439.0,0.43718594,0.48263976,34219.93,-3.3333333,2766817.8,310.0,36.0,0.11612903
2020-04-24,panama,251009.0,1777.0,62099.0,2376.0,134694.0,0.53661025,3.5767782,141.25436,85.0,213.0,2447285.0,5828055.0,0.39906102,0.41991454,28791.588,-2.2988505,2674745.5,310.0,36.0,0.11612903
2020-05-01,panama,278068.0,1763.0,66569.0,2227.0,153939.0,0.553602,10.780091,157.72433,78.0,207.0,2221879.0,6216691.0,0.3768116,0.35740542,28485.629,-8.235294,2510794.8,667.0,76.0,0.113943025
2020-05-08,panama,278068.0,1763.0,66569.0,2227.0,153939.0,0.553602,10.780091,157.72433,68.0,198.0,1438091.0,5227483.0,0.34343433,0.275102,21148.396,-12.820513,2271097.2,667.0,76.0,0.113943025
2020-05-15,panama,278068.0,1763.0,66569.0,2227.0,153939.0,0.553602,10.780091,157.72433,77.0,204.0,2177859.0,6353678.0,0.37745097,0.34277138,28283.883,13.235294,2071278.5,667.0,76.0,0.113943025
2020-05-22,panama,278068.0,1763.0,66569.0,2227.0,153939.0,0.553602,10.780091,157.72433,70.0,187.0,1574244.0,5288330.0,0.37433156,0.29768264,22489.2,-9.090909,1853018.2,667.0,76.0,0.113943025
2020-05-29,panama,247931.0,1514.0,62185.0,2590.0,140065.0,0.5649354,-10.8379965,163.75891,74.0,171.0,1912832.0,4828217.0,0.43274853,0.3961777,25849.082,5.714286,1775756.5,377.0,25.0,0.066313
2020-06-05,panama,247931.0,1514.0,62185.0,2590.0,140065.0,0.5649354,-10.8379965,163.75891,65.0,176.0,1524166.0,4849457.0,0.3693182,0.31429622,23448.707,-12.162162,1797275.2,377.0,25.0,0.066313
2020-06-12,panama,247931.0,1514.0,62185.0,2590.0,140065.0,0.5649354,-10.8379965,163.75891,73.0,185.0,1778476.0,5302899.0,0.39459458,0.33537805,24362.686,12.307693,1697429.5,377.0,25.0,0.066313
2020-06-19,panama,247931.0,1514.0,62185.0,2590.0,140065.0,0.5649354,-10.8379965,163.75891,70.0,173.0,1623759.0,4387297.0,0.40462428,0.37010464,23196.557,-4.109589,1709808.2,377.0,25.0,0.066313
2020-06-26,panama,247931.0,1514.0,62185.0,2590.0,140065.0,0.5649354,-10.8379965,163.75891,73.0,178.0,1834777.0,5005271.0,0.41011235,0.36656895,25133.932,4.285714,1690294.5,377.0,25.0,0.066313
2020-07-03,panama,217550.0,1392.0,47263.0,1614.0,129673.0,0.5960607,-12.253813,156.28592,65.0,181.0,1662709.0,4853180.0,0.35911602,0.34260195,25580.139,-10.958904,1724930.2,532.0,98.0,0.18421052
2020-07-10,panama,217550.0,1392.0,47263.0,1614.0,129673.0,0.5960607,-12.253813,156.28592,82.0,177.0,2132988.0,5025865.0,0.46327683,0.42440218,26012.049,26.153847,1813558.2,532.0,98.0,0.18421052
2020-07-17,panama,217550.0,1392.0,47263.0,1614.0,129673.0,0.5960607,-12.253813,156.28592,80.0,190.0,2120058.0,5570364.0,0.42105263,0.38059595,26500.725,-2.4390244,1937633.0,532.0,98.0,0.18421052
2020-07-24,panama,217550.0,1392.0,47263.0,1614.0,129673.0,0.5960607,-12.253813,156.28592,75.0,194.0,1854348.0,5527713.0,0.38659793,0.33546388,24724.64,-6.25,1942525.8,532.0,98.0,0.18421052
2020-07-31,panama,207446.0,1335.0,45190.0,1766.0,121993.0,0.5880711,-4.6444497,155.39026,86.0,204.0,2341021.0,5711057.0,0.42156863,0.4099103,27221.174,14.666667,2112103.8,356.0,96.0,0.26966292
2020-08-07,panama,207446.0,1335.0,45190.0,1766.0,121993.0,0.5880711,-4.6444497,155.39026,77.0,203.0,1516143.0,5274836.0,0.37931034,0.28742942,19690.168,-10.4651165,1957892.5,356.0,96.0,0.26966292
2020-08-14,panama,207446.0,1335.0,45190.0,1766.0,121993.0,0.5880711,-4.6444497,155.39026,79.0,206.0,1830049.0,5367209.0,0.38349515,0.34096846,23165.178,2.5974026,1885390.2,356.0,96.0,0.26966292
2020-08-21,panama,207446.0,1335.0,45190.0,1766.0,121993.0,0.5880711,-4.6444497,155.39026,81.0,191.0,1885226.0,4686983.0,0.42408377,0.4022259,23274.395,2.5316455,1893109.8,356.0,96.0,0.26966292
2020-08-28,panama,212999.0,1395.0,51369.0,2769.0,126354.0,0.59321404,2.6768413,152.68745,88.0,228.0,2242966.0,6461587.0,0.3859649,0.3471231,25488.25,8.641975,1868596.0,582.0,171.0,0.29381442
2020-09-04,panama,212999.0,1395.0,51369.0,2769.0,126354.0,0.59321404,2.6768413,152.68745,86.0,223.0,2291773.0,6218209.0,0.38565022,0.36855838,26648.523,-2.2727273,2062503.5,582.0,171.0,0.29381442
2020-09-11,panama,212999.0,1395.0,51369.0,2769.0,126354.0,0.59321404,2.6768413,152.68745,67.0,189.0,1538997.0,4903825.0,0.35449734,0.31383604,22970.104,-22.093023,1989740.5,582.0,171.0,0.29381442
2020-09-18,panama,212999.0,1395.0,51369.0,2769.0,126354.0,0.59321404,2.6768413,152.68745,76.0,188.0,1732263.0,4948972.0,0.40425533,0.35002482,22792.934,13.432836,1951499.8,582.0,171.0,0.29381442
2020-09-25,panama,212999.0,1395.0,51369.0,2769.0,126354.0,0.59321404,2.6768413,152.68745,83.0,218.0,1922989.0,5791243.0,0.38073394,0.33205116,23168.543,9.210526,1871505.5,582.0,171.0,0.29381442
2020-10-02,panama,227615.0,1478.0,56968.0,3293.0,132416.0,0.58175427,6.8620043,154.00203,80.0,211.0,2126107.0,6034339.0,0.37914693,0.3523347,26576.338,-3.6144578,1830089.0,611.0,147.0,0.2405892
2020-10-09,panama,227615.0,1478.0,56968.0,3293.0,132416.0,0.58175427,6.8620043,154.00203,73.0,215.0,1897085.0,6209481.0,0.33953488,0.30551428,25987.465,-8.75,1919611.0,611.0,147.0,0.2405892
2020-10-16,panama,227615.0,1478.0,56968.0,3293.0,132416.0,0.58175427,6.8620043,154.00203,75.0,207.0,1598423.0,5745099.0,0.36231884,0.27822375,21312.307,2.739726,1886151.0,611.0,147.0,0.2405892
2020-10-23,panama,227615.0,1478.0,56968.0,3293.0,132416.0,0.58175427,6.8620043,154.00203,82.0,232.0,1538032.0,6438036.0,0.35344827,0.2388977,18756.488,9.333333,1789911.8,611.0,147.0,0.2405892
2020-10-30,panama,231816.0,1507.0,59826.0,3091.0,131873.0,0.5688693,1.8456604,153.82614,96.0,252.0,2605458.0,7438117.0,0.3809524,0.35028464,27140.188,17.073172,1909749.5,465.0,63.0,0.13548388
2020-11-06,panama,231816.0,1507.0,59826.0,3091.0,131873.0,0.5688693,1.8456604,153.82614,91.0,235.0,2371647.0,7093760.0,0.38723403,0.33432862,26062.055,-5.2083335,2028390.0,465.0,63.0,0.13548388
2020-11-13,panama,231816.0,1507.0,59826.0,3091.0,131873.0,0.5688693,1.8456604,153.82614,82.0,217.0,1823171.0,6217998.0,0.3778802,0.2932087,22233.793,-9.89011,2084577.0,465.0,63.0,0.13548388
2020-11-20,panama,231816.0,1507.0,59826.0,3091.0,131873.0,0.5688693,1.8456604,153.82614,81.0,217.0,1984067.0,6471088.0,0.37327188,0.30660486,24494.654,-1.2195122,2196085.8,465.0,63.0,0.13548388
2020-11-27,panama,231816.0,1507.0,59826.0,3091.0,131873.0,0.5688693,1.8456604,153.82614,95.0,224.0,2344891.0,6829775.0,0.42410713,0.34333357,24683.062,17.28395,2130944.0,465.0,63.0,0.13548388
2020-12-04,panama,263482.0,1633.0,68917.0,2859.0,153237.0,0.58158433,13.659971,161.34843,84.0,232.0,1758590.0,6234236.0,0.36206895,0.2820859,20935.596,-11.578947,1977679.8,733.0,100.0,0.13642564
2020-12-11,panama,263482.0,1633.0,68917.0,2859.0,153237.0,0.58158433,13.659971,161.34843,97.0,233.0,2574303.0,6977286.0,0.416309,0.36895478,26539.207,15.476191,2165462.8,733.0,100.0,0.13642564
2020-12-18,panama,263482.0,1633.0,68917.0,2859.0,153237.0,0.58158433,13.659971,161.34843,80.0,234.0,2035983.0,7275041.0,0.34188035,0.27985862,25449.787,-17.525774,2178441.8,733.0,100.0,0.13642564
2020-12-25,panama,263482.0,1633.0,68917.0,2859.0,153237.0,0.58158433,13.659971,161.34843,96.0,235.0,2124755.0,6784601.0,0.40851063,0.31317317,22132.865,20.0,2123407.8,733.0,100.0,0.13642564
2021-01-01,panama,252709.0,1644.0,62714.0,2618.0,144737.0,0.57274175,-4.0887046,153.71594,77.0,225.0,1927527.0,6793599.0,0.3422222,0.28372693,25032.818,-19.791666,2165642.0,745.0,128.0,0.17181209
2021-01-08,panama,252709.0,1644.0,62714.0,2618.0,144737.0,0.57274175,-4.0887046,153.71594,104.0,225.0,2762402.0,7495456.0,0.46222222,0.36854357,26561.559,35.064934,2212666.8,745.0,128.0,0.17181209
2021-01-15,panama,252709.0,1644.0,62714.0,2618.0,144737.0,0.57274175,-4.0887046,153.71594,95.0,216.0,2496312.0,6380132.0,0.4398148,0.39126337,26276.969,-8.653846,2327749.0,745.0,128.0,0.17181209
2021-01-22,panama,252709.0,1644.0,62714.0,2618.0,144737.0,0.57274175,-4.0887046,153.71594,90.0,224.0,2556656.0,7127009.0,0.4017857,0.35872775,28407.29,-5.263158,2435724.2,745.0,128.0,0.17181209
2021-01-29,panama,265368.0,1680.0,73259.0,2599.0,149339.0,0.5627619,5.009319,157.95714,88.0,218.0,2251326.0,6287823.0,0.40366971,0.35804537,25583.25,-2.2222223,2516674.0,848.0,195.0,0.22995283
2021-02-05,panama,265368.0,1680.0,73259.0,2599.0,149339.0,0.5627619,5.009319,157.95714,98.0,232.0,2412131.0,6789304.0,0.4224138,0.35528398,24613.582,11.363636,2429106.2,848.0,195.0,0.22995283
2021-02-12,panama,265368.0,1680.0,73259.0,2599.0,149339.0,0.5627619,5.009319,157.95714,88.0,222.0,1832417.0,6989112.0,0.3963964,0.26218167,20822.92,-10.204082,2263132.5,848.0,195.0,0.22995283
2021-02-19,panama,265368.0,1680.0,73259.0,2599.0,149339.0,0.5627619,5.009319,157.95714,95.0,225.0,2195740.0,6668358.0,0.42222223,0.32927746,23113.053,7.9545455,2172903.5,848.0,195.0,0.22995283
2021-02-26,panama,265368.0,1680.0,73259.0,2599.0,149339.0,0.5627619,5.009319,157.95714,80.0,218.0,2055613.0,6103985.0,0.36697248,0.33676574,25695.162,-15.789474,2123975.2,848.0,195.0,0.22995283
2021-03-05,panama,265365.0,1618.0,72386.0,2821.0,152511.0,0.57472163,-0.0011305056,164.00804,83.0,232.0,1406877.0,6632447.0,0.3577586,0.21212035,16950.326,3.75,1872661.8,507.0,59.0,0.11637081
2021-03-12,panama,265365.0,1618.0,72386.0,2821.0,152511.0,0.57472163,-0.0011305056,164.00804,85.0,225.0,1282717.0,5716291.0,0.37777779,0.22439674,15090.788,2.4096386,1735236.8,507.0,59.0,0.11637081
2021-03-19,panama,265365.0,1618.0,72386.0,2821.0,152511.0,0.57472163,-0.0011305056,164.00804,86.0,231.0,1948487.0,6569334.0,0.37229437,0.29660344,22656.826,1.1764706,1673423.5,507.0,59.0,0.11637081
2021-03-26,panama,265365.0,1618.0,72386.0,2821.0,152511.0,0.57472163,-0.0011305056,164.00804,89.0,223.0,2094820.0,6445240.0,0.39910313,0.32501817,23537.303,3.488372,1683225.2,507.0,59.0,0.11637081
2021-04-02,panama,225626.0,1583.0,58625.0,2356.0,130021.0,0.5762678,-14.975223,142.53064,91.0,230.0,1872358.0,6313403.0,0.39565217,0.29656875,20575.363,2.247191,1799595.5,581.0,67.0,0.11531842
2021-04-09,panama,225626.0,1583.0,58625.0,2356.0,130021.0,0.5762678,-14.975223,142.53064,90.0,203.0,2269085.0,6106842.0,0.44334975,0.3715644,25212.055,-1.0989012,2046187.5,581.0,67.0,0.11531842
2021-04-16,panama,225626.0,1583.0,58625.0,2356.0,130021.0,0.5762678,-14.975223,142.53064,85.0,219.0,2501491.0,6912131.0,0.38812786,0.36189866,29429.307,-5.5555553,2184438.5,581.0,67.0,0.11531842
2021-04-23,panama,225626.0,1583.0,58625.0,2356.0,130021.0,0.5762678,-14.975223,142.53064,92.0,227.0,2334848.0,6755960.0,0.40528634,0.34559825,25378.783,8.235294,2244445.5,581.0,67.0,0.11531842
2021-04-30,panama,258511.0,1712.0,64932.0,3350.0,151368.0,0.58553797,14.575005,150.99942,93.0,228.0,2735148.0,7316328.0,0.40789473,0.37384164,29410.193,1.0869565,2460143.0,418.0,50.0,0.119617224
2021-05-07,panama,258511.0,1712.0,64932.0,3350.0,151368.0,0.58553797,14.575005,150.99942,85.0,205.0,2205473.0,6470700.0,0.41463414,0.34083995,25946.74,-8.602151,2444240.0,418.0,50.0,0.119617224
2021-05-14,panama,258511.0,1712.0,64932.0,3350.0,151368.0,0.58553797,14.575005,150.99942,74.0,209.0,1760130.0,6244025.0,0.354067,0.28189027,23785.541,-12.941176,2258899.8,418.0,50.0,0.119617224
2021-05-21,panama,258511.0,1712.0,64932.0,3350.0,151368.0,0.58553797,14.575005,150.99942,98.0,213.0,2379294.0,6503571.0,0.4600939,0.36584425,24278.51,32.432434,2270011.2,418.0,50.0,0.119617224
2021-05-28,panama,244632.0,1667.0,60536.0,3069.0,142967.0,0.58441657,-5.3688235,146.74985,92.0,218.0,2286503.0,6297276.0,0.42201835,0.36309397,24853.293,-6.122449,2157850.0,650.0,117.0,0.18
2021-06-04,panama,244632.0,1667.0,60536.0,3069.0,142967.0,0.58441657,-5.3688235,146.74985,98.0,223.0,2428143.0,6274584.0,0.4394619,0.3869807,24776.969,6.521739,2213517.5,650.0,117.0,0.18
2021-06-11,panama,244632.0,1667.0,60536.0,3069.0,142967.0,0.58441657,-5.3688235,146.74985,84.0,207.0,2253548.0,6307098.0,0.4057971,0.35730347,26827.953,-14.285714,2336872.0,650.0,117.0,0.18
2021-06-18,panama,244632.0,1667.0,60536.0,3069.0,142967.0,0.58441657,-5.3688235,146.74985,84.0,218.0,2213309.0,6796361.0,0.3853211,0.32566088,26348.916,0.0,2295375.8,650.0,117.0,0.18
2021-06-25,panama,244632.0,1667.0,60536.0,3069.0,142967.0,0.58441657,-5.3688235,146.74985,105.0,223.0,2471542.0,6298440.0,0.47085202,0.39240542,23538.496,25.0,2341635.5,650.0,117.0,0.18
2021-07-02,panama,247449.0,1653.0,60250.0,2498.0,147706.0,0.59691495,1.1515255,149.69691,88.0,208.0,2614616.0,6815985.0,0.42307693,0.38360062,29711.545,-16.190475,2388253.8,426.0,95.0,0.2230047
2021-07-09,panama,247449.0,1653.0,60250.0,2498.0,147706.0,0.59691495,1.1515255,149.69691,91.0,203.0,2550252.0,5988025.0,0.44827586,0.425892,28024.748,3.409091,2462429.8,426.0,95.0,0.2230047
2021-07-16,panama,247449.0,1653.0,60250.0,2498.0,147706.0,0.59691495,1.1515255,149.69691,82.0,187.0,1942318.0,4875652.0,0.43850267,0.39837092,23686.805,-9.89011,2394682.0,426.0,95.0,0.2230047
2021-07-23,panama,247449.0,1653.0,60250.0,2498.0,147706.0,0.59691495,1.1515255,149.69691,73.0,184.0,2015278.0,5749824.0,0.39673913,0.35049385,27606.549,-10.97561,2280616.0,426.0,95.0,0.2230047
2021-07-30,panama,229408.0,1584.0,55654.0,1894.0,138753.0,0.6048307,-7.2907953,144.82828,102.0,248.0,2703554.0,7222185.0,0.41129032,0.37434018,26505.432,39.72603,2302850.5,543.0,149.0,0.2744015
2021-08-06,panama,229408.0,1584.0,55654.0,1894.0,138753.0,0.6048307,-7.2907953,144.82828,104.0,253.0,2611093.0,7374759.0,0.4110672,0.3540581,25106.664,1.9607843,2318060.8,543.0,149.0,0.2744015
2021-08-13,panama,229408.0,1584.0,55654.0,1894.0,138753.0,0.6048307,-7.2907953,144.82828,100.0,243.0,2224732.0,6774206.0,0.41152263,0.3284122,22247.32,-3.8461537,2388664.2,543.0,149.0,0.2744015
2021-08-20,panama,229408.0,1584.0,55654.0,1894.0,138753.0,0.6048307,-7.2907953,144.82828,105.0,240.0,2336143.0,6628370.0,0.4375,0.35244608,22248.98,5.0,2468880.5,543.0,149.0,0.2744015
2021-08-27,panama,229408.0,1584.0,55654.0,1894.0,138753.0,0.6048307,-7.2907953,144.82828,92.0,218.0,2388391.0,6148765.0,0.42201835,0.38843426,25960.771,-12.380953,2390089.8,543.0,149.0,0.2744015
2021-09-03,panama,269724.0,1626.0,70689.0,2081.0,161180.0,0.5975738,17.573929,165.88191,96.0,224.0,2391339.0,5970164.0,0.42857143,0.40054828,24909.781,4.347826,2335151.2,529.0,70.0,0.13232514
2021-09-10,panama,269724.0,1626.0,70689.0,2081.0,161180.0,0.5975738,17.573929,165.88191,90.0,220.0,2419973.0,6394929.0,0.4090909,0.37842062,26888.59,-6.25,2383961.5,529.0,70.0,0.13232514
2021-09-17,panama,269724.0,1626.0,70689.0,2081.0,161180.0,0.5975738,17.573929,165.88191,73.0,197.0,1818839.0,5187987.0,0.37055838,0.35058665,24915.604,-18.88889,2254635.5,529.0,70.0,0.13232514
2021-09-24,panama,269724.0,1626.0,70689.0,2081.0,161180.0,0.5975738,17.573929,165.88191,78.0,186.0,2230761.0,5565028.0,0.41935483,0.4008535,28599.5,6.849315,2215228.0,529.0,70.0,0.13232514
2021-10-01,panama,249189.0,1632.0,58174.0,2549.0,153983.0,0.6179366,-7.613338,152.68933,79.0,192.0,1963490.0,5455013.0,0.41145834,0.35994232,24854.305,1.2820513,2108265.8,735.0,134.0,0.18231292
2021-10-08,panama,249189.0,1632.0,58174.0,2549.0,153983.0,0.6179366,-7.613338,152.68933,63.0,207.0,1274585.0,5963945.0,0.3043478,0.21371508,20231.508,-20.253164,1821918.8,735.0,134.0,0.18231292
2021-10-15,panama,249189.0,1632.0,58174.0,2549.0,153983.0,0.6179366,-7.613338,152.68933,77.0,202.0,1999807.0,5969265.0,0.38118812,0.3350173,25971.52,22.222221,1867160.8,735.0,134.0,0.18231292
2021-10-22,panama,249189.0,1632.0,58174.0,2549.0,153983.0,0.6179366,-7.613338,152.68933,74.0,218.0,2070691.0,6398885.0,0.33944955,0.32360184,27982.31,-3.8961039,1827143.2,735.0,134.0,0.18231292
2021-10-29,panama,225104.0,1529.0,50866.0,2499.0,137263.0,0.6097759,-9.665355,147.22302,90.0,239.0,2175769.0,7173178.0,0.37656903,0.30332008,24175.21,21.621622,1880213.0,577.0,116.0,0.20103987
2021-11-05,panama,225104.0,1529.0,50866.0,2499.0,137263.0,0.6097759,-9.665355,147.22302,79.0,225.0,1566995.0,6033793.0,0.3511111,0.25970313,19835.379,-12.222222,1953315.5,577.0,116.0,0.20103987
2021-11-12,panama,225104.0,1529.0,50866.0,2499.0,137263.0,0.6097759,-9.665355,147.22302,93.0,225.0,2027994.0,6465794.0,0.41333333,0.31364965,21806.387,17.72152,1960362.2,577.0,116.0,0.20103987
2021-11-19,panama,225104.0,1529.0,50866.0,2499.0,137263.0,0.6097759,-9.665355,147.22302,107.0,228.0,2425269.0,6788391.0,0.46929824,0.35726714,22666.064,15.053763,2049006.8,577.0,116.0,0.20103987
2021-11-26,panama,225104.0,1529.0,50866.0,2499.0,137263.0,0.6097759,-9.665355,147.22302,90.0,244.0,2621406.0,7623960.0,0.36885247,0.34383786,29126.732,-15.887851,2160416.0,577.0,116.0,0.20103987
2021-12-03,panama,261209.0,1736.0,66633.0,2272.0,153225.0,0.58659923,16.039253,150.46602,88.0,247.0,2683739.0,7800490.0,0.3562753,0.3440475,30497.033,-2.2222223,2439602.0,493.0,90.0,0.18255578
2021-12-10,panama,261209.0,1736.0,66633.0,2272.0,153225.0,0.58659923,16.039253,150.46602,103.0,254.0,2275208.0,7458628.0,0.4055118,0.30504376,22089.398,17.045454,2501405.5,493.0,90.0,0.18255578
2021-12-17,panama,261209.0,1736.0,66633.0,2272.0,153225.0,0.58659923,16.039253,150.46602,94.0,245.0,2104489.0,6738971.0,0.38367346,0.3122864,22388.182,-8.7378645,2421210.5,493.0,90.0,0.18255578
2021-12-24,panama,261209.0,1736.0,66633.0,2272.0,153225.0,0.58659923,16.039253,150.46602,102.0,245.0,2699432.0,6681679.0,0.41632652,0.40400505,26465.02,8.510638,2440717.0,493.0,90.0,0.18255578
2021-12-31,panama,269590.0,1753.0,71123.0,2398.0,158125.0,0.5865388,3.2085419,153.7878,87.0,234.0,2161169.0,6895543.0,0.37179488,0.31341535,24841.023,-14.705882,2310074.5,422.0,69.0,0.1635071
2022-01-07,panama,269590.0,1753.0,71123.0,2398.0,158125.0,0.5865388,3.2085419,153.7878,89.0,239.0,2324392.0,6572636.0,0.37238494,0.35364684,26116.764,2.2988505,2322370.5,422.0,69.0,0.1635071
2022-01-14,panama,269590.0,1753.0,71123.0,2398.0,158125.0,0.5865388,3.2085419,153.7878,84.0,222.0,2131964.0,6730784.0,0.3783784,0.31674823,25380.523,-5.6179776,2329239.2,422.0,69.0,0.1635071
2022-01-21,panama,269590.0,1753.0,71123.0,2398.0,158125.0,0.5865388,3.2085419,153.7878,87.0,221.0,2147889.0,6248739.0,0.39366516,0.34373158,24688.379,3.5714285,2191353.5,422.0,69.0,0.1635071
2022-01-28,panama,275209.0,1829.0,71764.0,2585.0,155152.0,0.56376064,2.0842762,150.46965,91.0,223.0,2519537.0,6392236.0,0.40807176,0.39415583,27687.22,4.597701,2280945.5,518.0,89.0,0.17181467
2022-02-04,panama,275209.0,1829.0,71764.0,2585.0,155152.0,0.56376064,2.0842762,150.46965,85.0,223.0,1942153.0,6405614.0,0.38116592,0.30319545,22848.86,-6.5934067,2185385.8,518.0,89.0,0.17181467
2022-02-11,panama,275209.0,1829.0,71764.0,2585.0,155152.0,0.56376064,2.0842762,150.46965,88.0,232.0,2053220.0,6385482.0,0.37931034,0.32154503,23332.045,3.5294118,2165699.8,518.0,89.0,0.17181467
2022-02-18,panama,275209.0,1829.0,71764.0,2585.0,155152.0,0.56376064,2.0842762,150.46965,97.0,242.0,2246576.0,6554746.0,0.40082645,0.34274036,23160.578,10.227273,2190371.5,518.0,89.0,0.17181467
2022-02-25,panama,275209.0,1829.0,71764.0,2585.0,155152.0,0.56376064,2.0842762,150.46965,89.0,228.0,2218587.0,6734599.0,0.39035088,0.3294312,24927.943,-8.247422,2115134.0,518.0,89.0,0.17181467
2022-03-04,panama,276682.0,1848.0,72055.0,2479.0,154786.0,0.55943644,0.53522956,149.7197,84.0,232.0,2181618.0,6981227.0,0.36206895,0.3124978,25971.643,-5.6179776,2175000.2,703.0,96.0,0.13655761
2022-03-11,panama,276682.0,1848.0,72055.0,2479.0,154786.0,0.55943644,0.53522956,149.7197,96.0,240.0,2200102.0,6365345.0,0.4,0.3456375,22917.729,14.285714,2211720.8,703.0,96.0,0.13655761
2022-03-18,panama,276682.0,1848.0,72055.0,2479.0,154786.0,0.55943644,0.53522956,149.7197,97.0,226.0,2133542.0,6356750.0,0.42920354,0.33563408,21995.28,1.0416666,2183462.2,703.0,96.0,0.13655761
2022-03-25,panama,276682.0,1848.0,72055.0,2479.0,154786.0,0.55943644,0.53522956,149.7197,86.0,222.0,2146456.0,6144242.0,0.3873874,0.3493443,24958.791,-11.340206,2165429.5,703.0,96.0,0.13655761
2022-04-01,panama,262075.0,1883.0,69634.0,2482.0,141786.0,0.54101306,-5.279346,139.1795,86.0,216.0,2366513.0,6774399.0,0.39814815,0.3493318,27517.594,0.0,2211653.2,503.0,47.0,0.09343936
2022-04-08,panama,262075.0,1883.0,69634.0,2482.0,141786.0,0.54101306,-5.279346,139.1795,88.0,213.0,2142482.0,6198432.0,0.41314554,0.34564903,24346.387,2.3255813,2197248.2,503.0,47.0,0.09343936
2022-04-15,panama,262075.0,1883.0,69634.0,2482.0,141786.0,0.54101306,-5.279346,139.1795,86.0,222.0,2112777.0,6291457.0,0.3873874,0.3358168,24567.174,-2.2727273,2192057.0,503.0,47.0,0.09343936
2022-04-22,panama,262075.0,1883.0,69634.0,2482.0,141786.0,0.54101306,-5.279346,139.1795,87.0,213.0,2229663.0,5975365.0,0.4084507,0.37314257,25628.31,1.1627907,2212858.8,503.0,47.0,0.09343936
2022-04-29,panama,281964.0,1983.0,61350.0,2398.0,153884.0,0.5457576,7.589049,142.19061,94.0,214.0,2469176.0,6375993.0,0.43925235,0.3872614,26267.83,8.045977,2238524.5,575.0,64.0,0.11130435
2022-05-06,panama,281964.0,1983.0,61350.0,2398.0,153884.0,0.5457576,7.589049,142.19061,98.0,231.0,2956118.0,6795197.0,0.42424244,0.43503052,30164.469,4.255319,2441933.5,575.0,64.0,0.11130435
2022-05-13,panama,281964.0,1983.0,61350.0,2398.0,153884.0,0.5457576,7.589049,142.19061,90.0,234.0,2447640.0,7251674.0,0.3846154,0.33752757,27196.0,-8.163265,2525649.2,575.0,64.0,0.11130435
2022-05-20,panama,281964.0,1983.0,61350.0,2398.0,153884.0,0.5457576,7.589049,142.19061,98.0,225.0,2331372.0,6532512.0,0.43555555,0.35688752,23789.51,8.888889,2551076.5,575.0,64.0,0.11130435
2022-05-27,panama,281964.0,1983.0,61350.0,2398.0,153884.0,0.5457576,7.589049,142.19061,102.0,225.0,2694443.0,6754659.0,0.45333335,0.3989014,26416.107,4.0816326,2607393.2,575.0,64.0,0.11130435
2022-06-03,panama,272798.0,1916.0,61927.0,2782.0,149919.0,0.5495605,-3.2507696,142.37892,96.0,223.0,2282455.0,6188452.0,0.43049327,0.36882487,23775.572,-5.882353,2438977.5,419.0,84.0,0.20047733
2022-06-10,panama,272798.0,1916.0,61927.0,2782.0,149919.0,0.5495605,-3.2507696,142.37892,100.0,239.0,2540348.0,6757555.0,0.41841003,0.3759271,25403.48,4.1666665,2462154.5,419.0,84.0,0.20047733
2022-06-17,panama,272798.0,1916.0,61927.0,2782.0,149919.0,0.5495605,-3.2507696,142.37892,99.0,239.0,1988194.0,6762062.0,0.41422594,0.29402184,20082.768,-1.0,2376360.0,419.0,84.0,0.20047733
2022-06-24,panama,272798.0,1916.0,61927.0,2782.0,149919.0,0.5495605,-3.2507696,142.37892,106.0,246.0,2997906.0,7262043.0,0.43089432,0.41281855,28282.133,7.070707,2452225.8,419.0,84.0,0.20047733
2022-07-01,panama,285459.0,1852.0,69439.0,2732.0,164730.0,0.5770706,4.641163,154.13553,89.0,246.0,2556060.0,7231858.0,0.36178863,0.35344443,28719.775,-16.037735,2520627.0,716.0,140.0,0.19553073
2022-07-08,panama,285459.0,1852.0,69439.0,2732.0,164730.0,0.5770706,4.641163,154.13553,109.0,231.0,2495636.0,6494990.0,0.47186148,0.38424015,22895.742,22.47191,2509449.0,716.0,140.0,0.19553073
2022-07-15,panama,285459.0,1852.0,69439.0,2732.0,164730.0,0.5770706,4.641163,154.13553,73.0,214.0,2142964.0,6295554.0,0.3411215,0.34039325,29355.672,-33.027523,2548141.5,716.0,140.0,0.19553073
2022-07-22,panama,285459.0,1852.0,69439.0,2732.0,164730.0,0.5770706,4.641163,154.13553,96.0,216.0,2348445.0,5894360.0,0.44444445,0.3984224,24462.969,31.50685,2385776.2,716.0,140.0,0.19553073
2022-07-29,panama,281619.0,1781.0,68636.0,2462.0,163248.0,0.5796768,-1.345202,158.12408,86.0,210.0,1808688.0,5477348.0,0.40952381,0.33021235,21031.256,-10.416667,2198933.2,535.0,103.0,0.19252336
2022-08-05,panama,281619.0,1781.0,68636.0,2462.0,163248.0,0.5796768,-1.345202,158.12408,90.0,227.0,2364433.0,6849777.0,0.39647576,0.34518394,26271.479,4.6511626,2166132.5,535.0,103.0,0.19252336
2022-08-12,panama,281619.0,1781.0,68636.0,2462.0,163248.0,0.5796768,-1.345202,158.12408,103.0,231.0,2721012.0,6876448.0,0.44588745,0.39570022,26417.592,14.444445,2310644.5,535.0,103.0,0.19252336
2022-08-19,panama,281619.0,1781.0,68636.0,2462.0,163248.0,0.5796768,-1.345202,158.12408,96.0,243.0,2525296.0,6788663.0,0.39506173,0.37198722,26305.166,-6.7961164,2354857.2,535.0,103.0,0.19252336
2022-08-26,panama,281619.0,1781.0,68636.0,2462.0,163248.0,0.5796768,-1.345202,158.12408,112.0,241.0,3346923.0,6881360.0,0.4647303,0.4863752,29883.24,16.666666,2739416.0,535.0,103.0,0.19252336
2022-09-02,panama,275921.0,1747.0,65486.0,1642.0,160811.0,0.58281535,-2.023301,157.9399,106.0,245.0,2716317.0,7401483.0,0.43265307,0.36699632,25625.633,-5.357143,2827387.0,659.0,222.0,0.33687404
2022-09-09,panama,275921.0,1747.0,65486.0,1642.0,160811.0,0.58281535,-2.023301,157.9399,86.0,209.0,2448633.0,6006417.0,0.41148326,0.40766948,28472.477,-18.867924,2759292.2,659.0,222.0,0.33687404
2022-09-16,panama,275921.0,1747.0,65486.0,1642.0,160811.0,0.58281535,-2.023301,157.9399,75.0,216.0,2002140.0,6173721.0,0.3472222,0.32430038,26695.2,-12.790698,2628503.2,659.0,222.0,0.33687404
2022-09-23,panama,275921.0,1747.0,65486.0,1642.0,160811.0,0.58281535,-2.023301,157.9399,103.0,229.0,2667781.0,6573312.0,0.44978166,0.40585035,25900.787,37.333332,2458717.8,659.0,222.0,0.33687404
2022-09-30,panama,285163.0,1775.0,65778.0,2334.0,171592.0,0.601733,3.3495095,160.65521,84.0,215.0,2330446.0,6249030.0,0.3906977,0.37292925,27743.404,-18.446602,2362250.0,500.0,101.0,0.202
2022-10-07,panama,285163.0,1775.0,65778.0,2334.0,171592.0,0.601733,3.3495095,160.65521,85.0,216.0,2304146.0,6346659.0,0.3935185,0.36304864,27107.6,1.1904762,2326128.2,500.0,101.0,0.202
2022-10-14,panama,285163.0,1775.0,65778.0,2334.0,171592.0,0.601733,3.3495095,160.65521,89.0,224.0,2212555.0,5586777.0,0.39732143,0.39603424,24860.168,4.7058825,2378732.0,500.0,101.0,0.202
2022-10-21,panama,285163.0,1775.0,65778.0,2334.0,171592.0,0.601733,3.3495095,160.65521,93.0,222.0,2344989.0,6098464.0,0.4189189,0.38452125,25214.936,4.494382,2298034.0,500.0,101.0,0.202
2022-10-28,panama,268648.0,1681.0,63869.0,2559.0,156838.0,0.58380485,-5.7914248,159.81439,94.0,226.0,2054877.0,6048442.0,0.4159292,0.33973658,21860.395,1.0752689,2229141.8,646.0,73.0,0.1130031
2022-11-04,panama,268648.0,1681.0,63869.0,2559.0,156838.0,0.58380485,-5.7914248,159.81439,96.0,234.0,2456999.0,6624094.0,0.41025642,0.3709185,25593.74,2.1276596,2267355.0,646.0,73.0,0.1130031
2022-11-11,panama,268648.0,1681.0,63869.0,2559.0,156838.0,0.58380485,-5.7914248,159.81439,97.0,229.0,2294996.0,6568841.0,0.4235808,0.34937608,23659.752,1.0416666,2287965.2,646.0,73.0,0.1130031
2022-11-18,panama,268648.0,1681.0,63869.0,2559.0,156838.0,0.58380485,-5.7914248,159.81439,98.0,233.0,2387506.0,6664683.0,0.42060086,0.3582325,24362.307,1.0309278,2298594.5,646.0,73.0,0.1130031
2022-11-25,panama,268648.0,1681.0,63869.0,2559.0,156838.0,0.58380485,-5.7914248,159.81439,98.0,234.0,2307285.0,6612764.0,0.41880342,0.34891385,23543.725,0.0,2361696.5,646.0,73.0,0.1130031
2022-12-02,panama,293053.0,1830.0,70083.0,2580.0,171200.0,0.58419466,9.084378,160.13824,102.0,231.0,2573169.0,6886603.0,0.44155845,0.37364852,25227.146,4.0816326,2390739.0,654.0,82.0,0.12538226
2022-12-09,panama,293053.0,1830.0,70083.0,2580.0,171200.0,0.58419466,9.084378,160.13824,91.0,223.0,1999809.0,6016830.0,0.40807176,0.3323692,21975.924,-10.784314,2316942.2,654.0,82.0,0.12538226
2022-12-16,panama,293053.0,1830.0,70083.0,2580.0,171200.0,0.58419466,9.084378,160.13824,98.0,237.0,2024538.0,6351298.0,0.4135021,0.3187597,20658.55,7.6923075,2226200.2,654.0,82.0,0.12538226
2022-12-23,panama,293053.0,1830.0,70083.0,2580.0,171200.0,0.58419466,9.084378,160.13824,78.0,227.0,1865396.0,6573949.0,0.34361234,0.28375578,23915.334,-20.408163,2115728.0,654.0,82.0,0.12538226
2022-12-30,panama,313992.0,1899.0,77874.0,2683.0,180530.0,0.57495093,7.145124,165.34598,89.0,231.0,1933804.0,6213946.0,0.38528138,0.31120387,21728.135,14.102564,1955886.8,605.0,98.0,0.16198348
2023-01-06,panama,313992.0,1899.0,77874.0,2683.0,180530.0,0.57495093,7.145124,165.34598,99.0,233.0,2582151.0,6768714.0,0.4248927,0.38148326,26082.334,11.235955,2101472.2,605.0,98.0,0.16198348
2023-01-13,panama,313992.0,1899.0,77874.0,2683.0,180530.0,0.57495093,7.145124,165.34598,81.0,223.0,2036213.0,6538869.0,0.3632287,0.3114014,25138.432,-18.181818,2104391.0,605.0,98.0,0.16198348
2023-01-20,panama,313992.0,1899.0,77874.0,2683.0,180530.0,0.57495093,7.145124,165.34598,85.0,220.0,2155241.0,6414409.0,0.38636363,0.33599994,25355.777,4.9382715,2176852.2,605.0,98.0,0.16198348
2023-01-27,panama,313992.0,1899.0,77874.0,2683.0,180530.0,0.57495093,7.145124,165.34598,94.0,231.0,2185288.0,6576971.0,0.4069264,0.3322636,23247.744,10.588235,2239723.2,605.0,98.0,0.16198348
2023-02-03,panama,319011.0,1973.0,78469.0,2653.0,169852.0,0.53243303,1.5984484,161.6883,88.0,224.0,2218420.0,6135910.0,0.39285713,0.36154702,25209.318,-6.382979,2148790.5,774.0,100.0,0.12919897
2023-02-10,panama,319011.0,1973.0,78469.0,2653.0,169852.0,0.53243303,1.5984484,161.6883,82.0,215.0,2368931.0,6725689.0,0.38139534,0.3522213,28889.402,-6.818182,2231970.0,774.0,100.0,0.12919897
2023-02-17,panama,319011.0,1973.0,78469.0,2653.0,169852.0,0.53243303,1.5984484,161.6883,84.0,219.0,2093931.0,6295982.0,0.38356164,0.33258212,24927.75,2.4390244,2216642.5,774.0,100.0,0.12919897
2023-02-24,panama,319011.0,1973.0,78469.0,2653.0,169852.0,0.53243303,1.5984484,161.6883,85.0,217.0,2069910.0,6396022.0,0.39170507,0.32362458,24351.883,1.1904762,2187798.0,774.0,100.0,0.12919897
2023-03-03,panama,305270.0,2027.0,69635.0,2796.0,163576.0,0.5358404,-4.307375,150.60187,84.0,212.0,2142194.0,5763144.0,0.3962264,0.3717058,25502.309,-1.1764706,2168741.5,509.0,69.0,0.13555992
2023-03-10,panama,305270.0,2027.0,69635.0,2796.0,163576.0,0.5358404,-4.307375,150.60187,92.0,222.0,2296275.0,6239679.0,0.4144144,0.3680117,24959.512,9.523809,2150577.5,509.0,69.0,0.13555992
2023-03-17,panama,305270.0,2027.0,69635.0,2796.0,163576.0,0.5358404,-4.307375,150.60187,92.0,220.0,1984315.0,5908160.0,0.4181818,0.33586007,21568.64,0.0,2123173.5,509.0,69.0,0.13555992
2023-03-24,panama,305270.0,2027.0,69635.0,2796.0,163576.0,0.5358404,-4.307375,150.60187,93.0,222.0,2174808.0,6441943.0,0.4189189,0.33760124,23385.033,1.0869565,2149398.0,509.0,69.0,0.13555992
2023-03-31,panama,281759.0,1922.0,63444.0,2407.0,143891.0,0.5106882,-7.701707,146.59677,89.0,219.0,2028826.0,6169707.0,0.4063927,0.32883668,22795.797,-4.3010755,2121056.0,417.0,39.0,0.09352518
2023-04-07,panama,281759.0,1922.0,63444.0,2407.0,143891.0,0.5106882,-7.701707,146.59677,99.0,231.0,2594830.0,6779625.0,0.42857143,0.38273945,26210.404,11.235955,2195694.8,417.0,39.0,0.09352518
2023-04-14,panama,281759.0,1922.0,63444.0,2407.0,143891.0,0.5106882,-7.701707,146.59677,104.0,231.0,2508312.0,6328199.0,0.45021644,0.3963706,24118.385,5.050505,2326694.0,417.0,39.0,0.09352518
2023-04-21,panama,281759.0,1922.0,63444.0,2407.0,143891.0,0.5106882,-7.701707,146.59677,90.0,236.0,2096232.0,6634607.0,0.38135594,0.3159542,23291.467,-13.461538,2307050.0,417.0,39.0,0.09352518
2023-04-28,panama,331515.0,2132.0,76066.0,2035.0,169820.0,0.51225436,17.659063,155.49484,84.0,229.0,2203565.0,7217433.0,0.36681223,0.30531147,26232.916,-6.6666665,2350734.8,370.0,34.0,0.09189189
2023-05-05,panama,331515.0,2132.0,76066.0,2035.0,169820.0,0.51225436,17.659063,155.49484,96.0,224.0,1919351.0,6006850.0,0.42857143,0.31952703,19993.24,14.285714,2181865.0,370.0,34.0,0.09189189
2023-05-12,panama,331515.0,2132.0,76066.0,2035.0,169820.0,0.51225436,17.659063,155.49484,96.0,221.0,2688705.0,6218525.0,0.43438914,0.43237022,28007.344,0.0,2226963.2,370.0,34.0,0.09189189
2023-05-19,panama,331515.0,2132.0,76066.0,2035.0,169820.0,0.51225436,17.659063,155.49484,74.0,208.0,2157086.0,6144096.0,0.35576922,0.35108274,29149.81,-22.916666,2242176.8,370.0,34.0,0.09189189
2023-05-26,panama,331515.0,2132.0,76066.0,2035.0,169820.0,0.51225436,17.659063,155.49484,92.0,203.0,2173085.0,5345964.0,0.45320198,0.40649077,23620.488,24.324324,2234556.8,370.0,34.0,0.09189189
2023-06-02,panama,304762.0,1974.0,71426.0,2313.0,162476.0,0.5331242,-8.0699215,154.38805,81.0,230.0,1922665.0,6410714.0,0.35217392,0.29991433,23736.605,-11.956522,2235385.2,716.0,146.0,0.20391062
2023-06-09,panama,304762.0,1974.0,71426.0,2313.0,162476.0,0.5331242,-8.0699215,154.38805,84.0,207.0,2354334.0,5852768.0,0.4057971,0.40225992,28027.785,3.7037036,2151792.5,716.0,146.0,0.20391062
2023-06-16,panama,304762.0,1974.0,71426.0,2313.0,162476.0,0.5331242,-8.0699215,154.38805,91.0,215.0,2258937.0,5988119.0,0.4232558,0.3772365,24823.484,8.333333,2177255.2,716.0,146.0,0.20391062
2023-06-23,panama,304762.0,1974.0,71426.0,2313.0,162476.0,0.5331242,-8.0699215,154.38805,89.0,199.0,2500729.0,5830670.0,0.44723618,0.42889223,28098.078,-2.1978023,2259166.2,716.0,146.0,0.20391062
2023-06-30,panama,283220.0,1806.0,60129.0,2464.0,162799.0,0.5748146,-7.0684667,156.8217,84.0,208.0,2071585.0,5799762.0,0.40384614,0.35718447,24661.727,-5.6179776,2296396.2,479.0,113.0,0.23590814
2023-07-07,panama,283220.0,1806.0,60129.0,2464.0,162799.0,0.5748146,-7.0684667,156.8217,99.0,221.0,2530251.0,5948625.0,0.4479638,0.42535058,25558.092,17.857143,2340375.5,479.0,113.0,0.23590814
2023-07-14,panama,283220.0,1806.0,60129.0,2464.0,162799.0,0.5748146,-7.0684667,156.8217,101.0,225.0,2161743.0,5996070.0,0.4488889,0.36052665,21403.396,2.020202,2316077.0,479.0,113.0,0.23590814
2023-07-21,panama,283220.0,1806.0,60129.0,2464.0,162799.0,0.5748146,-7.0684667,156.8217,101.0,223.0,2588603.0,5987094.0,0.4529148,0.43236384,25629.732,0.0,2338045.5,479.0,113.0,0.23590814
2023-07-28,panama,263577.0,1701.0,56764.0,2102.0,156650.0,0.59432346,-6.935598,154.95415,96.0,206.0,2237699.0,5418500.0,0.46601942,0.41297388,23309.365,-4.9504952,2379574.0,676.0,144.0,0.21301775
2023-08-04,panama,263577.0,1701.0,56764.0,2102.0,156650.0,0.59432346,-6.935598,154.95415,81.0,218.0,2419439.0,5955967.0,0.37155962,0.40622103,29869.617,-15.625,2351871.0,676.0,144.0,0.21301775
2023-08-11,panama,263577.0,1701.0,56764.0,2102.0,156650.0,0.59432346,-6.935598,154.95415,100.0,214.0,2451173.0,5369720.0,0.46728972,0.4564806,24511.73,23.45679,2424228.5,676.0,144.0,0.21301775
2023-08-18,panama,263577.0,1701.0,56764.0,2102.0,156650.0,0.59432346,-6.935598,154.95415,99.0,213.0,2314866.0,5859346.0,0.46478873,0.39507243,23382.484,-1.0,2355794.2,676.0,144.0,0.21301775
2023-08-25,panama,263577.0,1701.0,56764.0,2102.0,156650.0,0.59432346,-6.935598,154.95415,83.0,213.0,2267496.0,6163745.0,0.38967136,0.36787635,27319.229,-16.161615,2363243.5,676.0,144.0,0.21301775
2023-09-01,panama,299021.0,1768.0,78495.0,2594.0,173653.0,0.5807385,13.447304,169.12953,91.0,214.0,2063528.0,5631678.0,0.42523363,0.36641443,22676.133,9.638555,2274265.8,539.0,84.0,0.15584415
2023-09-08,panama,299021.0,1768.0,78495.0,2594.0,173653.0,0.5807385,13.447304,169.12953,97.0,214.0,2497638.0,5611678.0,0.45327103,0.44507864,25748.846,6.5934067,2285882.0,539.0,84.0,0.15584415
2023-09-15,panama,299021.0,1768.0,78495.0,2594.0,173653.0,0.5807385,13.447304,169.12953,100.0,215.0,2569511.0,5773751.0,0.4651163,0.44503322,25695.11,3.0927835,2349543.2,539.0,84.0,0.15584415
2023-09-22,panama,299021.0,1768.0,78495.0,2594.0,173653.0,0.5807385,13.447304,169.12953,90.0,213.0,2279648.0,5916673.0,0.4225352,0.3852922,25329.422,-10.0,2352581.2,539.0,84.0,0.15584415
2023-09-29,panama,322913.0,1717.0,95265.0,2148.0,178965.0,0.5542205,7.990074,188.06815,92.0,208.0,2552399.0,6015934.0,0.44230768,0.4242731,27743.467,2.2222223,2474799.0,718.0,95.0,0.13231198
2023-10-06,panama,322913.0,1717.0,95265.0,2148.0,178965.0,0.5542205,7.990074,188.06815,85.0,212.0,2376103.0,5945963.0,0.4009434,0.39961618,27954.152,-7.6086955,2444415.2,718.0,95.0,0.13231198
2023-10-13,panama,322913.0,1717.0,95265.0,2148.0,178965.0,0.5542205,7.990074,188.06815,84.0,209.0,2242040.0,5834075.0,0.40191388,0.38430086,26690.953,-1.1764706,2362547.5,718.0,95.0,0.13231198
2023-10-20,panama,322913.0,1717.0,95265.0,2148.0,178965.0,0.5542205,7.990074,188.06815,96.0,213.0,2195075.0,5178653.0,0.45070422,0.42386988,22865.365,14.285714,2341404.2,718.0,95.0,0.13231198
2023-10-27,panama,322913.0,1717.0,95265.0,2148.0,178965.0,0.5542205,7.990074,188.06815,86.0,201.0,2415799.0,5725624.0,0.4278607,0.42192763,28090.686,-10.416667,2307254.2,718.0,95.0,0.13231198
2023-11-03,panama,300265.0,1680.0,77939.0,2291.0,172028.0,0.57292056,-7.0136538,178.72917,86.0,207.0,2626583.0,6226266.0,0.41545895,0.42185524,30541.662,0.0,2369874.2,517.0,51.0,0.09864604
2023-11-10,panama,300265.0,1680.0,77939.0,2291.0,172028.0,0.57292056,-7.0136538,178.72917,80.0,197.0,2133743.0,5483833.0,0.40609136,0.389097,26671.787,-6.976744,2342800.0,517.0,51.0,0.09864604
2023-11-17,panama,300265.0,1680.0,77939.0,2291.0,172028.0,0.57292056,-7.0136538,178.72917,72.0,173.0,1670304.0,4356520.0,0.41618496,0.38340327,23198.666,-10.0,2211607.2,517.0,51.0,0.09864604
2023-11-24,panama,300265.0,1680.0,77939.0,2291.0,172028.0,0.57292056,-7.0136538,178.72917,74.0,159.0,1339234.0,3589687.0,0.4654088,0.3730782,18097.756,2.7777777,1942466.0,517.0,51.0,0.09864604
2023-12-01,panama,298364.0,1710.0,70270.0,1710.0,176502.0,0.591566,-0.6331074,174.48187,64.0,154.0,1578010.0,3943965.0,0.41558442,0.4001075,24656.406,-13.513514,1680322.8,383.0,55.0,0.14360313
2023-12-08,panama,298364.0,1710.0,70270.0,1710.0,176502.0,0.591566,-0.6331074,174.48187,75.0,167.0,1723922.0,4164078.0,0.4491018,0.41399848,22985.627,17.1875,1577867.5,383.0,55.0,0.14360313
2023-12-15,panama,298364.0,1710.0,70270.0,1710.0,176502.0,0.591566,-0.6331074,174.48187,71.0,159.0,1941873.0,4422735.0,0.4465409,0.4390661,27350.324,-5.3333335,1645759.8,383.0,55.0,0.14360313
2023-12-22,panama,298364.0,1710.0,70270.0,1710.0,176502.0,0.591566,-0.6331074,174.48187,69.0,140.0,1537594.0,3464747.0,0.49285713,0.44378248,22283.97,-2.8169014,1695349.8,383.0,55.0,0.14360313
2023-12-29,panama,294450.0,1622.0,74541.0,1207.0,167775.0,0.56979114,-1.3118205,181.53514,61.0,145.0,1743842.0,4156195.0,0.42068964,0.41957656,28587.574,-11.594203,1736807.8,523.0,47.0,0.089866154
2024-01-05,panama,294450.0,1622.0,74541.0,1207.0,167775.0,0.56979114,-1.3118205,181.53514,68.0,148.0,1803436.0,3698928.0,0.45945945,0.4875564,26521.117,11.4754095,1756686.2,523.0,47.0,0.089866154
2024-01-12,panama,294450.0,1622.0,74541.0,1207.0,167775.0,0.56979114,-1.3118205,181.53514,68.0,143.0,1805612.0,3702302.0,0.4755245,0.4876998,26553.117,0.0,1722621.0,523.0,47.0,0.089866154
2024-01-19,panama,294450.0,1622.0,74541.0,1207.0,167775.0,0.56979114,-1.3118205,181.53514,53.0,134.0,1691229.0,3907312.0,0.3955224,0.43283695,31909.98,-22.058823,1761029.8,523.0,47.0,0.089866154
2024-01-26,panama,294450.0,1622.0,74541.0,1207.0,167775.0,0.56979114,-1.3118205,181.53514,60.0,135.0,1781601.0,3664483.0,0.44444445,0.48618072,29693.35,13.207547,1770469.5,523.0,47.0,0.089866154
2024-02-02,panama,272379.0,1547.0,53409.0,1520.0,157214.0,0.57718843,-7.49567,176.06917,50.0,119.0,1269245.0,3261032.0,0.42016807,0.38921574,25384.9,-16.666666,1636921.8,593.0,151.0,0.25463745
2024-02-09,panama,272379.0,1547.0,53409.0,1520.0,157214.0,0.57718843,-7.49567,176.06917,62.0,143.0,1519677.0,3646312.0,0.43356642,0.41677096,24510.92,24.0,1565438.0,593.0,151.0,0.25463745
2024-02-16,panama,272379.0,1547.0,53409.0,1520.0,157214.0,0.57718843,-7.49567,176.06917,55.0,138.0,1545487.0,3833094.0,0.39855072,0.4031957,28099.764,-11.290322,1529002.5,593.0,151.0,0.25463745
2024-02-23,panama,272379.0,1547.0,53409.0,1520.0,157214.0,0.57718843,-7.49567,176.06917,64.0,137.0,1835134.0,4145167.0,0.46715328,0.44271654,28673.969,16.363636,1542385.8,593.0,151.0,0.25463745
2024-03-01,panama,267840.0,1544.0,45046.0,1075.0,154260.0,0.57594085,-1.666428,173.4715,61.0,142.0,1616725.0,4009337.0,0.42957747,0.40324,26503.69,-4.6875,1629255.8,516.0,81.0,0.15697674
2024-03-08,panama,267840.0,1544.0,45046.0,1075.0,154260.0,0.57594085,-1.666428,173.4715,57.0,137.0,1643028.0,3900876.0,0.4160584,0.4211946,28825.053,-6.557377,1660093.5,516.0,81.0,0.15697674
2024-03-15,panama,267840.0,1544.0,45046.0,1075.0,154260.0,0.57594085,-1.666428,173.4715,65.0,141.0,1785742.0,4039990.0,0.4609929,0.44201645,27472.953,14.035088,1720157.2,516.0,81.0,0.15697674
2024-03-22,panama,267840.0,1544.0,45046.0,1075.0,154260.0,0.57594085,-1.666428,173.4715,66.0,143.0,1768036.0,3971970.0,0.46153846,0.44512823,26788.424,1.5384616,1703382.8,516.0,81.0,0.15697674
2024-03-29,panama,258935.0,1568.0,41348.0,865.0,140580.0,0.5429162,-3.3247461,165.13712,68.0,149.0,2036893.0,4480368.0,0.45637584,0.45462626,29954.309,3.030303,1808424.8,287.0,36.0,0.12543555
2024-04-05,panama,258935.0,1568.0,41348.0,865.0,140580.0,0.5429162,-3.3247461,165.13712,72.0,149.0,2243607.0,4465295.0,0.48322147,0.5024544,31161.209,5.882353,1958569.5,287.0,36.0,0.12543555
2024-04-12,panama,258935.0,1568.0,41348.0,865.0,140580.0,0.5429162,-3.3247461,165.13712,76.0,163.0,2082754.0,4395735.0,0.46625766,0.47381246,27404.658,5.5555553,2032822.5,287.0,36.0,0.12543555
2024-04-19,panama,258935.0,1568.0,41348.0,865.0,140580.0,0.5429162,-3.3247461,165.13712,66.0,160.0,1869177.0,4716345.0,0.4125,0.39631897,28320.863,-13.157895,2058107.8,287.0,36.0,0.12543555
2024-04-26,panama,258935.0,1568.0,41348.0,865.0,140580.0,0.5429162,-3.3247461,165.13712,71.0,150.0,1716404.0,3848729.0,0.47333333,0.44596645,24174.705,7.5757575,1977985.5,287.0,36.0,0.12543555
2024-05-03,panama,275056.0,1656.0,46885.0,1221.0,151955.0,0.55245113,6.225887,166.09662,83.0,166.0,2351600.0,4777002.0,0.5,0.49227527,28332.53,16.90141,2004983.8,518.0,37.0,0.071428575
2024-05-10,panama,275056.0,1656.0,46885.0,1221.0,151955.0,0.55245113,6.225887,166.09662,71.0,168.0,1982389.0,4975151.0,0.42261904,0.39845806,27920.973,-14.457831,1979892.5,518.0,37.0,0.071428575
2024-05-17,panama,275056.0,1656.0,46885.0,1221.0,151955.0,0.55245113,6.225887,166.09662,68.0,156.0,1769116.0,4431251.0,0.43589744,0.39923623,26016.412,-4.2253523,1954877.2,518.0,37.0,0.071428575
2024-05-24,panama,275056.0,1656.0,46885.0,1221.0,151955.0,0.55245113,6.225887,166.09662,74.0,168.0,1992397.0,4593294.0,0.44047618,0.43376213,26924.283,8.823529,2023875.5,518.0,37.0,0.071428575
2024-05-31,panama,261955.0,1669.0,43725.0,971.0,150555.0,0.5747361,-4.76303,156.95326,80.0,179.0,2157352.0,5063131.0,0.44692737,0.4260905,26966.9,8.1081085,1975313.5,364.0,91.0,0.25
2024-06-07,panama,261955.0,1669.0,43725.0,971.0,150555.0,0.5747361,-4.76303,156.95326,81.0,178.0,2213412.0,5046857.0,0.4550562,0.43857238,27326.074,1.25,2033069.2,364.0,91.0,0.25
2024-06-14,panama,261955.0,1669.0,43725.0,971.0,150555.0,0.5747361,-4.76303,156.95326,84.0,184.0,2172401.0,4711536.0,0.45652175,0.46108127,25861.916,3.7037036,2133890.5,364.0,91.0,0.25
2024-06-21,panama,261955.0,1669.0,43725.0,971.0,150555.0,0.5747361,-4.76303,156.95326,79.0,196.0,2562006.0,5945072.0,0.4030612,0.43094617,32430.455,-5.952381,2276292.8,364.0,91.0,0.25
2024-06-28,panama,264232.0,1555.0,54352.0,741.0,152387.0,0.57671666,0.86923325,169.92412,74.0,187.0,2127353.0,5618610.0,0.3957219,0.3786262,28748.014,-6.329114,2268793.0,608.0,106.0,0.17434211
2024-07-05,panama,264232.0,1555.0,54352.0,741.0,152387.0,0.57671666,0.86923325,169.92412,82.0,183.0,2086131.0,5038081.0,0.44808742,0.41407254,25440.621,10.810811,2236972.8,608.0,106.0,0.17434211
2024-07-12,panama,264232.0,1555.0,54352.0,741.0,152387.0,0.57671666,0.86923325,169.92412,89.0,188.0,2440664.0,5567666.0,0.47340426,0.43836394,27423.191,8.536586,2304038.5,608.0,106.0,0.17434211
2024-07-19,panama,264232.0,1555.0,54352.0,741.0,152387.0,0.57671666,0.86923325,169.92412,83.0,197.0,2276001.0,5564353.0,0.42131978,0.40903246,27421.7,-6.741573,2232537.2,608.0,106.0,0.17434211
2024-07-26,panama,264232.0,1555.0,54352.0,741.0,152387.0,0.57671666,0.86923325,169.92412,81.0,206.0,1744899.0,5342533.0,0.39320388,0.3266052,21541.963,-2.4096386,2136923.8,608.0,106.0,0.17434211
2024-08-02,panama,252939.0,1516.0,53866.0,943.0,147014.0,0.58122313,-4.2738957,166.84631,92.0,205.0,2191177.0,5939469.0,0.44878048,0.368918,23817.14,13.580247,2163185.2,365.0,70.0,0.19178082
2024-08-09,panama,252939.0,1516.0,53866.0,943.0,147014.0,0.58122313,-4.2738957,166.84631,77.0,184.0,2021388.0,5014170.0,0.41847825,0.40313512,26251.793,-16.304348,2058366.2,365.0,70.0,0.19178082
2024-08-16,panama,252939.0,1516.0,53866.0,943.0,147014.0,0.58122313,-4.2738957,166.84631,74.0,193.0,1646429.0,5464780.0,0.3834197,0.30128002,22249.041,-3.8961039,1900973.2,365.0,70.0,0.19178082
2024-08-23,panama,252939.0,1516.0,53866.0,943.0,147014.0,0.58122313,-4.2738957,166.84631,92.0,210.0,2819864.0,6566810.0,0.43809524,0.42941153,30650.695,24.324324,2169714.5,365.0,70.0,0.19178082
2024-08-30,panama,260400.0,1529.0,51692.0,958.0,155464.0,0.59702,2.949723,170.30739,76.0,203.0,1793070.0,5937189.0,0.37438422,0.30200654,23593.025,-17.391304,2070187.8,577.0,102.0,0.17677642
2024-09-06,panama,260400.0,1529.0,51692.0,958.0,155464.0,0.59702,2.949723,170.30739,98.0,221.0,2858454.0,6554951.0,0.44343892,0.43607557,29167.898,28.947369,2279454.2,577.0,102.0,0.17677642
2024-09-13,panama,260400.0,1529.0,51692.0,958.0,155464.0,0.59702,2.949723,170.30739,89.0,209.0,2337030.0,6502461.0,0.4258373,0.359407,26258.764,-9.183674,2452104.5,577.0,102.0,0.17677642
2024-09-20,panama,260400.0,1529.0,51692.0,958.0,155464.0,0.59702,2.949723,170.30739,93.0,218.0,2020796.0,5693369.0,0.4266055,0.35493854,21728.988,4.494382,2252337.5,577.0,102.0,0.17677642
2024-09-27,panama,260400.0,1529.0,51692.0,958.0,155464.0,0.59702,2.949723,170.30739,70.0,192.0,1800182.0,5416756.0,0.36458334,0.3323358,25716.885,-24.731182,2254115.5,577.0,102.0,0.17677642
2024-10-04,panama,274160.0,1581.0,60789.0,1391.0,156702.0,0.57157135,5.2841783,173.40924,83.0,214.0,2106602.0,5812078.0,0.38785046,0.36245248,25380.746,18.571428,2066152.5,428.0,78.0,0.18224299
2024-10-11,panama,274160.0,1581.0,60789.0,1391.0,156702.0,0.57157135,5.2841783,173.40924,97.0,201.0,2375190.0,5947517.0,0.48258707,0.39935824,24486.494,16.86747,2075692.5,428.0,78.0,0.18224299
2024-10-18,panama,274160.0,1581.0,60789.0,1391.0,156702.0,0.57157135,5.2841783,173.40924,73.0,189.0,2058841.0,5661402.0,0.38624337,0.36366275,28203.3,-24.742268,2085203.8,428.0,78.0,0.18224299
2024-10-25,panama,274160.0,1581.0,60789.0,1391.0,156702.0,0.57157135,5.2841783,173.40924,77.0,193.0,1993638.0,5855736.0,0.39896372,0.340459,25891.402,5.479452,2133567.8,428.0,78.0,0.18224299
2024-11-01,panama,273668.0,1601.0,60074.0,1350.0,160441.0,0.58626145,-0.17945725,170.93567,87.0,213.0,2231085.0,6094049.0,0.4084507,0.3661088,25644.654,12.987013,2164688.5,552.0,77.0,0.13949275
2024-11-08,panama,273668.0,1601.0,60074.0,1350.0,160441.0,0.58626145,-0.17945725,170.93567,76.0,219.0,2024954.0,6973053.0,0.34703195,0.29039705,26644.13,-12.643678,2077129.5,552.0,77.0,0.13949275
2024-11-15,panama,273668.0,1601.0,60074.0,1350.0,160441.0,0.58626145,-0.17945725,170.93567,103.0,220.0,2495971.0,6260373.0,0.46818182,0.39869365,24232.729,35.526318,2186412.0,552.0,77.0,0.13949275
2024-11-22,panama,273668.0,1601.0,60074.0,1350.0,160441.0,0.58626145,-0.17945725,170.93567,95.0,232.0,2325051.0,6547547.0,0.40948275,0.3551026,24474.22,-7.76699,2269265.2,552.0,77.0,0.13949275
2024-11-29,panama,279191.0,1626.0,61712.0,929.0,160804.0,0.57596415,2.018139,171.70418,80.0,202.0,2156485.0,6199645.0,0.3960396,0.34784007,26956.062,-15.789474,2250615.2,425.0,65.0,0.15294118
2024-12-06,panama,279191.0,1626.0,61712.0,929.0,160804.0,0.57596415,2.018139,171.70418,77.0,198.0,1697508.0,5504229.0,0.3888889,0.3084007,22045.559,-3.75,2168753.8,425.0,65.0,0.15294118
2024-12-13,panama,279191.0,1626.0,61712.0,929.0,160804.0,0.57596415,2.018139,171.70418,99.0,219.0,2514714.0,6156577.0,0.4520548,0.40845975,25401.152,28.571428,2173439.5,425.0,65.0,0.15294118
2024-12-20,panama,279191.0,1626.0,61712.0,929.0,160804.0,0.57596415,2.018139,171.70418,85.0,207.0,2042762.0,5782617.0,0.41062802,0.3532591,24032.494,-14.141414,2102867.2,425.0,65.0,0.15294118
2024-12-27,panama,279191.0,1626.0,61712.0,929.0,160804.0,0.57596415,2.018139,171.70418,96.0,221.0,2579809.0,6969636.0,0.43438914,0.37014976,26873.01,12.941176,2208698.2,425.0,65.0,0.15294118
2025-01-03,panama,284681.0,1728.0,61468.0,769.0,167614.0,0.5887783,1.9663957,164.74596,93.0,213.0,2212469.0,6028841.0,0.43661973,0.36698082,23789.988,-3.125,2337438.5,576.0,62.0,0.10763889
2025-01-10,panama,284681.0,1728.0,61468.0,769.0,167614.0,0.5887783,1.9663957,164.74596,83.0,211.0,2070111.0,5946786.0,0.39336494,0.34810585,24941.096,-10.752688,2226287.8,576.0,62.0,0.10763889
2025-01-17,panama,284681.0,1728.0,61468.0,769.0,167614.0,0.5887783,1.9663957,164.74596,93.0,209.0,2553632.0,6208204.0,0.4449761,0.41133183,27458.408,12.048193,2354005.2,576.0,62.0,0.10763889
2025-01-24,panama,284681.0,1728.0,61468.0,769.0,167614.0,0.5887783,1.9663957,164.74596,85.0,207.0,2241090.0,6253428.0,0.41062802,0.35837784,26365.766,-8.602151,2269325.5,576.0,62.0,0.10763889
2025-01-31,panama,303418.0,1861.0,60595.0,845.0,174047.0,0.5736212,6.581753,163.0403,82.0,199.0,2016649.0,5745913.0,0.4120603,0.35097104,24593.281,-3.5294118,2220370.5,597.0,51.0,0.085427135
2025-02-07,panama,303418.0,1861.0,60595.0,845.0,174047.0,0.5736212,6.581753,163.0403,86.0,191.0,2098266.0,5567699.0,0.45026177,0.37686414,24398.441,4.878049,2227409.2,597.0,51.0,0.085427135
2025-02-14,panama,303418.0,1861.0,60595.0,845.0,174047.0,0.5736212,6.581753,163.0403,88.0,222.0,1937942.0,6455635.0,0.3963964,0.30019388,22022.068,2.3255813,2073486.8,597.0,51.0,0.085427135
2025-02-21,panama,303418.0,1861.0,60595.0,845.0,174047.0,0.5736212,6.581753,163.0403,86.0,214.0,2164524.0,6141803.0,0.40186915,0.35242486,25168.883,-2.2727273,2054345.2,597.0,51.0,0.085427135
2025-02-28,panama,314830.0,1920.0,59740.0,820.0,177156.0,0.56270367,3.761148,163.97395,92.0,210.0,2056465.0,5827236.0,0.43809524,0.35290572,22352.88,6.976744,2064299.2,434.0,57.0,0.1313364
2025-03-07,panama,314830.0,1920.0,59740.0,820.0,177156.0,0.56270367,3.761148,163.97395,98.0,218.0,2675519.0,6841116.0,0.44954127,0.39109394,27301.215,6.521739,2208612.5,434.0,57.0,0.1313364
2025-03-14,panama,314830.0,1920.0,59740.0,820.0,177156.0,0.56270367,3.761148,163.97395,98.0,220.0,2458256.0,6426850.0,0.44545454,0.3824978,25084.244,0.0,2338691.0,434.0,57.0,0.1313364
2025-03-21,panama,314830.0,1920.0,59740.0,820.0,177156.0,0.56270367,3.761148,163.97395,81.0,197.0,2258491.0,6033910.0,0.4111675,0.37429973,27882.605,-17.34694,2362182.8,434.0,57.0,0.1313364
2025-03-28,panama,290077.0,1961.0,54827.0,820.0,157651.0,0.54347986,-7.8623385,147.923,81.0,215.0,1900346.0,6442908.0,0.37674418,0.2949516,23461.062,0.0,2323153.0,396.0,40.0,0.1010101
2025-04-04,panama,290077.0,1961.0,54827.0,820.0,157651.0,0.54347986,-7.8623385,147.923,91.0,201.0,2454397.0,5730527.0,0.45273632,0.42830214,26971.396,12.345679,2267872.5,396.0,40.0,0.1010101
2025-04-11,panama,290077.0,1961.0,54827.0,820.0,157651.0,0.54347986,-7.8623385,147.923,95.0,217.0,2503193.0,6532704.0,0.437788,0.38317868,26349.4,4.3956046,2279106.8,396.0,40.0,0.1010101
2025-04-18,panama,290077.0,1961.0,54827.0,820.0,157651.0,0.54347986,-7.8623385,147.923,77.0,207.0,1999379.0,6098987.0,0.37198067,0.3278215,25965.96,-18.947369,2214328.8,396.0,40.0,0.1010101
2025-04-25,panama,290077.0,1961.0,54827.0,820.0,157651.0,0.54347986,-7.8623385,147.923,97.0,225.0,2353703.0,6516819.0,0.4311111,0.3611736,24264.979,25.974026,2327668.0,396.0,40.0,0.1010101
2025-05-02,panama,314701.0,2091.0,55907.0,796.0,174911.0,0.55580056,8.488781,150.50262,78.0,202.0,1904944.0,5570775.0,0.38613862,0.34195313,24422.36,-19.58763,2190304.8,546.0,59.0,0.10805861
2025-05-09,panama,314701.0,2091.0,55907.0,796.0,174911.0,0.55580056,8.488781,150.50262,92.0,213.0,2143196.0,6050272.0,0.43192488,0.35423136,23295.61,17.948717,2100305.5,546.0,59.0,0.10805861
2025-05-16,panama,314701.0,2091.0,55907.0,796.0,174911.0,0.55580056,8.488781,150.50262,98.0,228.0,2524595.0,6429196.0,0.42982456,0.39267662,25761.174,6.521739,2231609.5,546.0,59.0,0.10805861
2025-05-23,panama,314701.0,2091.0,55907.0,796.0,174911.0,0.55580056,8.488781,150.50262,79.0,190.0,1930917.0,5163180.0,0.41578948,0.37397826,24441.988,-19.387754,2125913.0,546.0,59.0,0.10805861
2025-05-30,panama,292270.0,1972.0,57243.0,715.0,164321.0,0.5622233,-7.127718,148.20995,81.0,212.0,2095124.0,6162655.0,0.38207546,0.339971,25865.729,2.5316455,2173458.0,599.0,89.0,0.14858097
2025-06-06,panama,292270.0,1972.0,57243.0,715.0,164321.0,0.5622233,-7.127718,148.20995,73.0,189.0,1877349.0,5807618.0,0.38624337,0.32325628,25717.11,-9.876543,2106996.2,599.0,89.0,0.14858097
2025-06-13,panama,292270.0,1972.0,57243.0,715.0,164321.0,0.5622233,-7.127718,148.20995,93.0,217.0,2317089.0,5984231.0,0.42857143,0.38719913,24914.936,27.39726,2055119.8,599.0,89.0,0.14858097
2025-06-20,panama,292270.0,1972.0,57243.0,715.0,164321.0,0.5622233,-7.127718,148.20995,78.0,197.0,1909981.0,5867253.0,0.39593908,0.3255324,24486.936,-16.129032,2049885.8,599.0,89.0,0.14858097
2025-06-27,panama,292270.0,1972.0,57243.0,715.0,164321.0,0.5622233,-7.127718,148.20995,77.0,200.0,2054310.0,6013524.0,0.385,0.341615,26679.352,-1.2820513,2039682.2,599.0,89.0,0.14858097
2025-07-04,panama,282999.0,1808.0,54379.0,769.0,162942.0,0.5757688,-3.172067,156.526,81.0,196.0,2034330.0,6280999.0,0.41326532,0.32388636,25115.186,5.194805,2078927.5,357.0,67.0,0.18767507
2025-07-11,panama,282999.0,1808.0,54379.0,769.0,162942.0,0.5757688,-3.172067,156.526,90.0,208.0,2650826.0,6326489.0,0.43269232,0.4190043,29453.623,11.111111,2162361.8,357.0,67.0,0.18767507
2025-07-18,panama,282999.0,1808.0,54379.0,769.0,162942.0,0.5757688,-3.172067,156.526,105.0,242.0,2734107.0,7561591.0,0.4338843,0.3615783,26039.115,16.666666,2368393.2,357.0,67.0,0.18767507
2025-07-25,panama,282999.0,1808.0,54379.0,769.0,162942.0,0.5757688,-3.172067,156.526,97.0,228.0,2298441.0,6376687.0,0.42543858,0.36044437,23695.268,-7.6190476,2429426.0,357.0,67.0,0.18767507
2025-08-01,panama,269033.0,1699.0,51725.0,377.0,161183.0,0.5991198,-4.935,158.34785,78.0,206.0,2028548.0,6011623.0,0.37864077,0.33743766,26007.025,-19.58763,2427980.5,483.0,255.0,0.5279503
2025-08-08,panama,269033.0,1699.0,51725.0,377.0,161183.0,0.5991198,-4.935,158.34785,85.0,200.0,2203104.0,5845878.0,0.425,0.37686452,25918.871,8.974359,2316050.0,483.0,255.0,0.5279503
2025-08-15,panama,269033.0,1699.0,51725.0,377.0,161183.0,0.5991198,-4.935,158.34785,86.0,211.0,2210913.0,6284424.0,0.40758294,0.35180837,25708.291,1.1764706,2185251.5,483.0,255.0,0.5279503
2025-08-22,panama,269033.0,1699.0,51725.0,377.0,161183.0,0.5991198,-4.935,158.34785,92.0,224.0,2171163.0,6826672.0,0.4107143,0.3180412,23599.598,6.976744,2153432.0,483.0,255.0,0.5279503
2025-08-29,panama,289476.0,1712.0,59500.0,688.0,173486.0,0.59931046,7.598696,169.08644,78.0,205.0,2089991.0,6005155.0,0.3804878,0.3480328,26794.756,-15.217391,2168792.8,397.0,65.0,0.16372795
2025-09-05,panama,289476.0,1712.0,59500.0,688.0,173486.0,0.59931046,7.598696,169.08644,93.0,219.0,2480099.0,6363647.0,0.42465752,0.3897292,26667.73,19.23077,2238041.5,397.0,65.0,0.16372795
2025-09-12,panama,289476.0,1712.0,59500.0,688.0,173486.0,0.59931046,7.598696,169.08644,94.0,208.0,2188164.0,5973488.0,0.45192307,0.36631262,23278.34,1.0752689,2232354.2,397.0,65.0,0.16372795
2025-09-19,panama,289476.0,1712.0,59500.0,688.0,173486.0,0.59931046,7.598696,169.08644,90.0,223.0,2230830.0,6661639.0,0.40358743,0.33487704,24787.0,-4.255319,2247271.0,397.0,65.0,0.16372795
2025-09-26,panama,289476.0,1712.0,59500.0,688.0,173486.0,0.59931046,7.598696,169.08644,88.0,220.0,2517570.0,6987444.0,0.4,0.36029914,28608.75,-2.2222223,2354165.8,397.0,65.0,0.16372795
2025-10-03,panama,292483.0,1723.0,57786.0,857.0,177806.0,0.6079191,1.0387735,169.75218,88.0,214.0,2167356.0,6485295.0,0.41121495,0.33419544,24629.045,0.0,2275980.0,648.0,123.0,0.18981482
2025-10-10,panama,292483.0,1723.0,57786.0,857.0,177806.0,0.6079191,1.0387735,169.75218,79.0,217.0,2309234.0,6579214.0,0.3640553,0.35098934,29230.81,-10.227273,2306247.5,648.0,123.0,0.18981482
2025-10-17,panama,292483.0,1723.0,57786.0,857.0,177806.0,0.6079191,1.0387735,169.75218,100.0,217.0,2526216.0,5856783.0,0.4608295,0.43133166,25262.16,26.58228,2380094.0,648.0,123.0,0.18981482
2025-10-24,panama,292483.0,1723.0,57786.0,857.0,177806.0,0.6079191,1.0387735,169.75218,82.0,222.0,2160638.0,6650727.0,0.36936936,0.32487246,26349.244,-18.0,2290861.0,648.0,123.0,0.18981482
2025-10-31,panama,279361.0,1684.0,55808.0,1216.0,166059.0,0.5944244,-4.4864144,165.89133,94.0,217.0,2547383.0,6213838.0,0.43317974,0.40995324,27099.818,14.634147,2385867.8,328.0,40.0,0.12195122
2025-11-07,panama,279361.0,1684.0,55808.0,1216.0,166059.0,0.5944244,-4.4864144,165.89133,89.0,213.0,2499169.0,6428931.0,0.41784036,0.3887379,28080.55,-5.319149,2433351.5,328.0,40.0,0.12195122
2025-11-14,panama,279361.0,1684.0,55808.0,1216.0,166059.0,0.5944244,-4.4864144,165.89133,93.0,220.0,2563469.0,6774014.0,0.4227273,0.37842688,27564.184,4.494382,2442664.8,328.0,40.0,0.12195122
2025-11-21,panama,279361.0,1684.0,55808.0,1216.0,166059.0,0.5944244,-4.4864144,165.89133,90.0,213.0,2661494.0,6714348.0,0.4225352,0.39638904,29572.156,-3.2258065,2567878.8,328.0,40.0,0.12195122
2025-11-28,panama,295472.0,1779.0,55183.0,1185.0,177891.0,0.60205704,5.76709,166.08882,96.0,203.0,2130624.0,5496163.0,0.4729064,0.38765663,22194.0,6.6666665,2463689.0,598.0,77.0,0.12876254
2025-12-05,panama,295472.0,1779.0,55183.0,1185.0,177891.0,0.60205704,5.76709,166.08882,96.0,226.0,2671288.0,6591966.0,0.42477876,0.4052339,27825.916,0.0,2506718.8,598.0,77.0,0.12876254
2025-12-12,panama,295472.0,1779.0,55183.0,1185.0,177891.0,0.60205704,5.76709,166.08882,99.0,230.0,2541627.0,6450037.0,0.4304348,0.39404842,25673.0,3.125,2501258.2,598.0,77.0,0.12876254
2025-12-19,panama,295472.0,1779.0,55183.0,1185.0,177891.0,0.60205704,5.76709,166.08882,93.0,216.0,2234796.0,6759306.0,0.43055555,0.33062506,24030.064,-6.060606,2394583.8,598.0,77.0,0.12876254
2025-12-26,panama,295472.0,1779.0,55183.0,1185.0,177891.0,0.60205704,5.76709,166.08882,104.0,223.0,2622752.0,6433856.0,0.46636772,0.40764853,25218.77,11.827957,2517615.8,598.0,77.0,0.12876254
2026-01-02,panama,287798.0,1818.0,55423.0,1180.0,172376.0,0.5989479,-2.5972004,158.30473,76.0,204.0,1814738.0,6353295.0,0.37254903,0.2856373,23878.13,-26.923077,2303478.2,388.0,71.0,0.18298969
2026-01-09,panama,287798.0,1818.0,55423.0,1180.0,172376.0,0.5989479,-2.5972004,158.30473,76.0,189.0,1768516.0,5299538.0,0.4021164,0.33371136,23269.947,0.0,2110200.5,388.0,71.0,0.18298969
2026-01-16,panama,287798.0,1818.0,55423.0,1180.0,172376.0,0.5989479,-2.5972004,158.30473,91.0,202.0,2377457.0,6130891.0,0.45049506,0.3877833,26125.9,19.736841,2145865.8,388.0,71.0,0.18298969
2026-01-23,panama,287798.0,1818.0,55423.0,1180.0,172376.0,0.5989479,-2.5972004,158.30473,95.0,226.0,2679758.0,6864626.0,0.42035398,0.39037204,28207.979,4.3956046,2160117.2,388.0,71.0,0.18298969
2026-01-30,panama,314788.0,1918.0,58876.0,858.0,186385.0,0.5920969,9.378105,164.12305,84.0,205.0,2402159.0,6248733.0,0.4097561,0.38442338,28597.13,-11.578947,2306972.5,603.0,255.0,0.42288557
2026-02-06,panama,314788.0,1918.0,58876.0,858.0,186385.0,0.5920969,9.378105,164.12305,84.0,205.0,2150584.0,6282271.0,0.4097561,0.3423259,25602.191,0.0,2402489.5,603.0,255.0,0.42288557
2026-02-13,panama,314788.0,1918.0,58876.0,858.0,186385.0,0.5920969,9.378105,164.12305,93.0,194.0,2732857.0,6467584.0,0.47938144,0.4225468,29385.559,10.714286,2491339.5,603.0,255.0,0.42288557
2026-02-20,panama,314788.0,1918.0,58876.0,858.0,186385.0,0.5920969,9.378105,164.12305,85.0,217.0,1828419.0,6228962.0,0.39170507,0.2935351,21510.812,-8.602151,2278504.8,603.0,255.0,0.42288557
2026-02-27,panama,314788.0,1918.0,58876.0,858.0,186385.0,0.5920969,9.378105,164.12305,79.0,219.0,2571459.0,7972060.0,0.3607306,0.3225589,32550.113,-7.0588236,2320829.8,603.0,255.0,0.42288557
2026-03-06,panama,314788.0,1918.0,58876.0,858.0,186385.0,0.5920969,9.378105,164.12305,98.0,226.0,2318515.0,6538385.0,0.43362832,0.35460055,23658.316,24.050632,2362812.5,603.0,255.0,0.42288557
2026-03-13,panama,314788.0,1918.0,58876.0,858.0,186385.0,0.5920969,9.378105,164.12305,102.0,236.0,2403176.0,6850532.0,0.43220338,0.35080138,23560.549,4.0816326,2280392.2,603.0,255.0,0.42288557
2026-03-20,panama,314788.0,1918.0,58876.0,858.0,186385.0,0.5920969,9.378105,164.12305,96.0,220.0,2448309.0,6447924.0,0.43636364,0.379705,25503.219,-5.882353,2435364.8,603.0,255.0,0.42288557
2026-03-27,panama,314788.0,1918.0,58876.0,858.0,186385.0,0.5920969,9.378105,164.12305,100.0,235.0,2608495.0,7550779.0,0.42553192,0.34546039,26084.95,4.1666665,2444623.8,603.0,255.0,0.42288557
2026-04-03,panama,314788.0,1918.0,58876.0,858.0,186385.0,0.5920969,9.378105,164.12305,92.0,210.0,2523231.0,6282071.0,0.43809524,0.4016559,27426.424,-8.0,2495802.8,603.0,255.0,0.42288557
2026-04-10,panama,314788.0,1918.0,58876.0,858.0,186385.0,0.5920969,9.378105,164.12305,118.0,226.0,3032902.0,6502228.0,0.5221239,0.46644044,25702.559,28.26087,2653234.2,603.0,255.0,0.42288557
2026-04-17,panama,314788.0,1918.0,58876.0,858.0,186385.0,0.5920969,9.378105,164.12305,107.0,214.0,2875704.0,6420833.0,0.5,0.44787085,26875.738,-9.322034,2760083.0,603.0,255.0,0.42288557
2026-04-24,panama,314788.0,1918.0,58876.0,858.0,186385.0,0.5920969,9.378105,164.12305,114.0,245.0,3078751.0,7336185.0,0.46530613,0.4196665,27006.588,6.542056,2877647.0,603.0,255.0,0.42288557
2026-05-01,panama,314788.0,1918.0,58876.0,858.0,186385.0,0.5920969,9.378105,164.12305,112.0,231.0,3211827.0,7373233.0,0.4848485,0.43560633,28677.027,-1.754386,3049796.0,603.0,255.0,0.42288557
2026-05-08,panama,314788.0,1918.0,58876.0,858.0,186385.0,0.5920969,9.378105,164.12305,96.0,236.0,2560737.0,7226727.0,0.40677965,0.35434258,26674.344,-14.285714,2931754.8,603.0,255.0,0.42288557
2026-05-15,panama,314788.0,1918.0,58876.0,858.0,186385.0,0.5920969,9.378105,164.12305,119.0,241.0,2935185.0,6933924.0,0.49377593,0.42330793,24665.42,23.958334,2946625.0,603.0,255.0,0.42288557
2026-05-22,panama,314788.0,1918.0,58876.0,858.0,186385.0,0.5920969,9.378105,164.12305,99.0,222.0,2416217.0,6607500.0,0.44594595,0.36567795,24406.232,-16.806723,2780991.5,603.0,255.0,0.42288557
2026-05-29,panama,314788.0,1918.0,58876.0,858.0,186385.0,0.5920969,9.378105,164.12305,32.0,67.0,838323.0,1785816.0,0.47761193,0.46943414,26197.594,-67.676765,2187615.5,603.0,255.0,0.42288557
2026-06-05,panama,314788.0,1918.0,58876.0,858.0,186385.0,0.5920969,9.378105,164.12305,,,,,,,,,,603.0,255.0,0.42288557
2026-06-12,panama,314788.0,1918.0,58876.0,858.0,186385.0,0.5920969,9.378105,164.12305,,,,,,,,,,603.0,255.0,0.42288557
2026-06-19,panama,,,,,,,,,,,,,,,,,,603.0,255.0,0.42288557
2026-06-26,panama,,,,,,,,,,,,,,,,,,603.0,255.0,0.42288557
2019-01-04,cape,103175.0,1834.0,25513.0,400.0,24270.0,0.2352314,-5.5494018,56.256817,,,,,,,,,,,,
2019-01-11,cape,103175.0,1834.0,25513.0,400.0,24270.0,0.2352314,-5.5494018,56.256817,42.0,176.0,2626205.0,8455128.0,0.23863636,0.310605,62528.69,,2626205.0,,,
2019-01-18,cape,103175.0,1834.0,25513.0,400.0,24270.0,0.2352314,-5.5494018,56.256817,95.0,364.0,6772773.0,18658224.0,0.260989,0.36299127,71292.34,126.190475,4699489.0,,,
2019-01-25,cape,103175.0,1834.0,25513.0,400.0,24270.0,0.2352314,-5.5494018,56.256817,84.0,316.0,6401341.0,18267980.0,0.2658228,0.3504132,76206.44,-11.578947,5266773.0,,,
2019-02-01,cape,118029.0,1854.0,24146.0,128.0,27968.0,0.23695871,14.396898,63.66181,83.0,299.0,5584508.0,15187582.0,0.27759197,0.36770225,67283.23,-1.1904762,5346207.0,,,
2019-02-08,cape,118029.0,1854.0,24146.0,128.0,27968.0,0.23695871,14.396898,63.66181,76.0,340.0,6048173.0,18432668.0,0.22352941,0.3281225,79581.23,-8.433735,6201699.0,,,
2019-02-15,cape,118029.0,1854.0,24146.0,128.0,27968.0,0.23695871,14.396898,63.66181,77.0,348.0,5656641.0,16865664.0,0.22126436,0.33539388,73462.87,1.3157895,5922666.0,,,
2019-02-22,cape,118029.0,1854.0,24146.0,128.0,27968.0,0.23695871,14.396898,63.66181,83.0,337.0,7134038.0,17309348.0,0.2462908,0.41214946,85952.266,7.7922077,6105840.0,,,
2019-03-01,cape,104048.0,1834.0,24630.0,248.0,26518.0,0.25486314,-11.845394,56.732826,103.0,391.0,6237441.0,18190764.0,0.2634271,0.34289053,60557.68,24.096386,6269073.0,226.0,40.0,0.17699115
2019-03-08,cape,104048.0,1834.0,24630.0,248.0,26518.0,0.25486314,-11.845394,56.732826,94.0,341.0,7330379.0,18794632.0,0.27565983,0.39002517,77982.76,-8.7378645,6589625.0,226.0,40.0,0.17699115
2019-03-15,cape,104048.0,1834.0,24630.0,248.0,26518.0,0.25486314,-11.845394,56.732826,79.0,318.0,5696789.0,17356856.0,0.24842767,0.3282155,72111.25,-15.957447,6599662.0,226.0,40.0,0.17699115
2019-03-22,cape,104048.0,1834.0,24630.0,248.0,26518.0,0.25486314,-11.845394,56.732826,80.0,292.0,6226536.0,14799215.0,0.2739726,0.4207342,77831.7,1.2658228,6372786.0,226.0,40.0,0.17699115
2019-03-29,cape,96501.0,1685.0,26751.0,462.0,26256.0,0.2720801,-7.253383,57.270622,92.0,331.0,7766980.0,19432412.0,0.2779456,0.39969203,84423.695,15.0,6755171.0,239.0,41.0,0.17154811
2019-04-05,cape,96501.0,1685.0,26751.0,462.0,26256.0,0.2720801,-7.253383,57.270622,99.0,290.0,8881332.0,17715802.0,0.3413793,0.5013226,89710.42,7.6086955,7142909.0,239.0,41.0,0.17154811
2019-04-12,cape,96501.0,1685.0,26751.0,462.0,26256.0,0.2720801,-7.253383,57.270622,76.0,282.0,7544515.0,18007008.0,0.26950353,0.41897663,99269.94,-23.232323,7604841.0,239.0,41.0,0.17154811
2019-04-19,cape,96501.0,1685.0,26751.0,462.0,26256.0,0.2720801,-7.253383,57.270622,85.0,372.0,8044555.0,19190424.0,0.22849463,0.41919628,94641.82,11.842105,8059345.5,239.0,41.0,0.17154811
2019-04-26,cape,96501.0,1685.0,26751.0,462.0,26256.0,0.2720801,-7.253383,57.270622,67.0,294.0,6120077.0,16970776.0,0.22789116,0.3606245,91344.43,-21.17647,7647620.0,239.0,41.0,0.17154811
2019-05-03,cape,121691.0,1738.0,26954.0,250.0,26612.0,0.21868503,26.103357,70.01784,83.0,313.0,6936844.0,16980720.0,0.26517573,0.40851298,83576.44,23.880596,7161498.0,327.0,54.0,0.16513762
2019-05-10,cape,121691.0,1738.0,26954.0,250.0,26612.0,0.21868503,26.103357,70.01784,70.0,305.0,4928966.0,16141006.0,0.22950819,0.3053692,70413.8,-15.662651,6507610.5,327.0,54.0,0.16513762
2019-05-17,cape,121691.0,1738.0,26954.0,250.0,26612.0,0.21868503,26.103357,70.01784,78.0,323.0,6126024.0,18218584.0,0.24148607,0.3362514,78538.766,11.428572,6027978.0,327.0,54.0,0.16513762
2019-05-24,cape,121691.0,1738.0,26954.0,250.0,26612.0,0.21868503,26.103357,70.01784,77.0,311.0,6909736.0,18689736.0,0.24758843,0.3697075,89736.83,-1.2820513,6225392.5,327.0,54.0,0.16513762
2019-05-31,cape,114217.0,1877.0,28430.0,11.0,27282.0,0.23886111,-6.141785,60.850826,75.0,322.0,6401324.0,18794076.0,0.23291926,0.3406033,85350.984,-2.5974026,6091512.5,265.0,45.0,0.16981132
2019-06-07,cape,114217.0,1877.0,28430.0,11.0,27282.0,0.23886111,-6.141785,60.850826,86.0,344.0,6782275.0,21497140.0,0.25,0.31549662,78863.664,14.666667,6554840.0,265.0,45.0,0.16981132
2019-06-14,cape,114217.0,1877.0,28430.0,11.0,27282.0,0.23886111,-6.141785,60.850826,75.0,324.0,6106764.0,19541056.0,0.23148148,0.3125094,81423.52,-12.790698,6550025.0,265.0,45.0,0.16981132
2019-06-21,cape,114217.0,1877.0,28430.0,11.0,27282.0,0.23886111,-6.141785,60.850826,78.0,351.0,6135269.0,21838198.0,0.22222222,0.28094208,78657.3,4.0,6356408.0,265.0,45.0,0.16981132
2019-06-28,cape,107700.0,1855.0,28336.0,44.0,25158.0,0.23359331,-5.705806,58.0593,84.0,355.0,7668505.0,24252832.0,0.23661971,0.3161901,91291.73,7.6923075,6673203.0,263.0,48.0,0.18250951
2019-07-05,cape,107700.0,1855.0,28336.0,44.0,25158.0,0.23359331,-5.705806,58.0593,90.0,362.0,8355607.0,22572796.0,0.24861878,0.37016267,92840.08,7.142857,7066536.0,263.0,48.0,0.18250951
2019-07-12,cape,107700.0,1855.0,28336.0,44.0,25158.0,0.23359331,-5.705806,58.0593,70.0,326.0,6237065.0,23067834.0,0.21472393,0.2703793,89100.93,-22.222221,7099111.5,263.0,48.0,0.18250951
2019-07-19,cape,107700.0,1855.0,28336.0,44.0,25158.0,0.23359331,-5.705806,58.0593,87.0,359.0,6650445.0,23511174.0,0.24233983,0.28286317,76441.9,24.285715,7227905.5,263.0,48.0,0.18250951
2019-07-26,cape,107700.0,1855.0,28336.0,44.0,25158.0,0.23359331,-5.705806,58.0593,89.0,370.0,6261282.0,22697620.0,0.24054053,0.27585632,70351.484,2.2988505,6876100.0,263.0,48.0,0.18250951
2019-08-02,cape,108142.0,1911.0,31446.0,158.0,25799.0,0.23856597,0.41039926,56.589222,78.0,337.0,6329276.0,22054804.0,0.231454,0.2869795,81144.56,-12.35955,6369517.0,254.0,38.0,0.1496063
2019-08-09,cape,108142.0,1911.0,31446.0,158.0,25799.0,0.23856597,0.41039926,56.589222,84.0,379.0,7909735.0,24397088.0,0.22163588,0.32420817,94163.516,7.6923075,6787684.5,254.0,38.0,0.1496063
2019-08-16,cape,108142.0,1911.0,31446.0,158.0,25799.0,0.23856597,0.41039926,56.589222,76.0,381.0,4382598.0,20279446.0,0.19947506,0.21611035,57665.76,-9.523809,6220723.0,254.0,38.0,0.1496063
2019-08-23,cape,108142.0,1911.0,31446.0,158.0,25799.0,0.23856597,0.41039926,56.589222,76.0,352.0,8814861.0,25373864.0,0.2159091,0.34739923,115985.016,0.0,6859117.5,254.0,38.0,0.1496063
2019-08-30,cape,111198.0,1919.0,34829.0,223.0,27592.0,0.24813396,2.8259141,57.945805,81.0,376.0,5699203.0,21262108.0,0.21542554,0.26804504,70360.53,6.5789475,6701599.0,274.0,31.0,0.11313868
2019-09-06,cape,111198.0,1919.0,34829.0,223.0,27592.0,0.24813396,2.8259141,57.945805,73.0,324.0,5739773.0,20619586.0,0.22530864,0.2783651,78627.03,-9.876543,6159109.0,274.0,31.0,0.11313868
2019-09-13,cape,111198.0,1919.0,34829.0,223.0,27592.0,0.24813396,2.8259141,57.945805,78.0,331.0,4885705.0,19947134.0,0.23564954,0.24493268,62637.242,6.849315,6284885.5,274.0,31.0,0.11313868
2019-09-20,cape,111198.0,1919.0,34829.0,223.0,27592.0,0.24813396,2.8259141,57.945805,78.0,363.0,6095178.0,22033104.0,0.21487603,0.2766373,78143.305,0.0,5604965.0,274.0,31.0,0.11313868
2019-09-27,cape,111198.0,1919.0,34829.0,223.0,27592.0,0.24813396,2.8259141,57.945805,85.0,369.0,10546923.0,24561734.0,0.2303523,0.42940465,124081.445,8.974359,6816895.0,274.0,31.0,0.11313868
2019-10-04,cape,111326.0,1927.0,32964.0,292.0,25290.0,0.22717065,0.11510999,57.771667,92.0,379.0,7464500.0,21766246.0,0.24274406,0.34293926,81135.87,8.235294,7248076.5,316.0,44.0,0.1392405
2019-10-11,cape,111326.0,1927.0,32964.0,292.0,25290.0,0.22717065,0.11510999,57.771667,92.0,405.0,6421758.0,22312904.0,0.2271605,0.28780466,69801.72,0.0,7632090.0,316.0,44.0,0.1392405
2019-10-18,cape,111326.0,1927.0,32964.0,292.0,25290.0,0.22717065,0.11510999,57.771667,85.0,348.0,5616937.0,19785482.0,0.24425288,0.28389186,66081.61,-7.6086955,7512529.5,316.0,44.0,0.1392405
2019-10-25,cape,111326.0,1927.0,32964.0,292.0,25290.0,0.22717065,0.11510999,57.771667,91.0,369.0,6801328.0,22671908.0,0.24661246,0.29998922,74739.87,7.0588236,6576131.0,316.0,44.0,0.1392405
2019-11-01,cape,113396.0,1958.0,29678.0,209.0,27690.0,0.2441885,1.859404,57.9142,84.0,329.0,6948629.0,20246796.0,0.25531915,0.34319648,82721.77,-7.6923075,6447163.0,248.0,34.0,0.13709678
2019-11-08,cape,113396.0,1958.0,29678.0,209.0,27690.0,0.2441885,1.859404,57.9142,81.0,350.0,5973057.0,18915912.0,0.23142858,0.31576893,73741.445,-3.5714285,6334988.0,248.0,34.0,0.13709678
2019-11-15,cape,113396.0,1958.0,29678.0,209.0,27690.0,0.2441885,1.859404,57.9142,84.0,336.0,6275478.0,19127640.0,0.25,0.3280843,74708.07,3.7037036,6499623.0,248.0,34.0,0.13709678
2019-11-22,cape,113396.0,1958.0,29678.0,209.0,27690.0,0.2441885,1.859404,57.9142,85.0,342.0,6279611.0,18358384.0,0.24853802,0.34205684,73877.77,1.1904762,6369194.0,248.0,34.0,0.13709678
2019-11-29,cape,115664.0,1983.0,30642.0,196.0,25960.0,0.22444321,2.0000706,58.327785,83.0,315.0,7924639.0,20933756.0,0.26349208,0.37855792,95477.58,-2.3529413,6613196.0,255.0,42.0,0.16470589
2019-12-06,cape,115664.0,1983.0,30642.0,196.0,25960.0,0.22444321,2.0000706,58.327785,93.0,327.0,6063380.0,19681546.0,0.28440368,0.30807438,65197.633,12.048193,6635777.0,255.0,42.0,0.16470589
2019-12-13,cape,115664.0,1983.0,30642.0,196.0,25960.0,0.22444321,2.0000706,58.327785,70.0,285.0,5110483.0,16137316.0,0.24561404,0.3166873,73006.9,-24.731182,6344528.0,255.0,42.0,0.16470589
2019-12-20,cape,115664.0,1983.0,30642.0,196.0,25960.0,0.22444321,2.0000706,58.327785,72.0,315.0,6253830.0,19259316.0,0.22857143,0.32471713,86858.75,2.857143,6338083.0,255.0,42.0,0.16470589
2019-12-27,cape,115664.0,1983.0,30642.0,196.0,25960.0,0.22444321,2.0000706,58.327785,72.0,274.0,7578216.0,18019748.0,0.26277372,0.42055058,105253.0,0.0,6251477.0,255.0,42.0,0.16470589
2020-01-03,cape,121875.0,1914.0,29386.0,132.0,26596.0,0.21822359,5.3698645,63.67555,69.0,278.0,3892726.0,15062550.0,0.24820144,0.2584374,56416.32,-4.1666665,5708814.0,244.0,42.0,0.17213115
2020-01-10,cape,121875.0,1914.0,29386.0,132.0,26596.0,0.21822359,5.3698645,63.67555,76.0,289.0,7202430.0,17178800.0,0.26297578,0.41926268,94768.81,10.144928,6231800.5,244.0,42.0,0.17213115
2020-01-17,cape,121875.0,1914.0,29386.0,132.0,26596.0,0.21822359,5.3698645,63.67555,65.0,252.0,4166071.0,13604898.0,0.2579365,0.30621848,64093.4,-14.473684,5709861.0,244.0,42.0,0.17213115
2020-01-24,cape,121875.0,1914.0,29386.0,132.0,26596.0,0.21822359,5.3698645,63.67555,81.0,298.0,6946842.0,16970106.0,0.27181208,0.4093576,85763.484,24.615385,5552017.0,244.0,42.0,0.17213115
2020-01-31,cape,114432.0,1814.0,27604.0,145.0,24117.0,0.21075399,-6.107077,63.08269,75.0,268.0,5620532.0,13783460.0,0.27985075,0.40777367,74940.43,-7.4074073,5983969.0,184.0,32.0,0.17391305
2020-02-07,cape,114432.0,1814.0,27604.0,145.0,24117.0,0.21075399,-6.107077,63.08269,61.0,242.0,4309119.0,11547248.0,0.2520661,0.37317282,70641.3,-18.666666,5260641.0,184.0,32.0,0.17391305
2020-02-14,cape,114432.0,1814.0,27604.0,145.0,24117.0,0.21075399,-6.107077,63.08269,82.0,343.0,5616981.0,16081120.0,0.23906706,0.3492904,68499.766,34.42623,5623368.5,184.0,32.0,0.17391305
2020-02-21,cape,114432.0,1814.0,27604.0,145.0,24117.0,0.21075399,-6.107077,63.08269,75.0,330.0,5771728.0,15081229.0,0.22727273,0.38270938,76956.375,-8.536586,5329590.0,184.0,32.0,0.17391305
2020-02-28,cape,117526.0,1844.0,26408.0,250.0,26160.0,0.22258905,2.7037892,63.734272,89.0,326.0,7516259.0,17120640.0,0.27300614,0.43901744,84452.35,18.666666,5803522.0,218.0,21.0,0.09633028
2020-03-06,cape,117526.0,1844.0,26408.0,250.0,26160.0,0.22258905,2.7037892,63.734272,77.0,282.0,6716890.0,15316339.0,0.27304965,0.4385441,87232.336,-13.483146,6405464.5,218.0,21.0,0.09633028
2020-03-13,cape,117526.0,1844.0,26408.0,250.0,26160.0,0.22258905,2.7037892,63.734272,73.0,291.0,6109545.0,15236481.0,0.2508591,0.40098137,83692.4,-5.194805,6528605.5,218.0,21.0,0.09633028
2020-03-20,cape,117526.0,1844.0,26408.0,250.0,26160.0,0.22258905,2.7037892,63.734272,77.0,296.0,6488326.0,15664655.0,0.26013514,0.41420165,84263.98,5.479452,6707755.0,218.0,21.0,0.09633028
2020-03-27,cape,117526.0,1844.0,26408.0,250.0,26160.0,0.22258905,2.7037892,63.734272,67.0,317.0,6226102.0,15700184.0,0.21135646,0.39656237,92926.9,-12.987013,6385216.0,218.0,21.0,0.09633028
2020-04-03,cape,112627.0,1812.0,29457.0,22.0,24215.0,0.21500173,-4.1684394,62.15618,61.0,292.0,4216443.0,15874419.0,0.2089041,0.26561242,69122.016,-8.955224,5760104.0,285.0,39.0,0.1368421
2020-04-10,cape,112627.0,1812.0,29457.0,22.0,24215.0,0.21500173,-4.1684394,62.15618,79.0,323.0,6370232.0,15522794.0,0.24458204,0.4103792,80635.85,29.508196,5825276.0,285.0,39.0,0.1368421
2020-04-17,cape,112627.0,1812.0,29457.0,22.0,24215.0,0.21500173,-4.1684394,62.15618,88.0,331.0,7802382.0,19780212.0,0.26586103,0.39445388,88663.43,11.3924055,6153790.0,285.0,39.0,0.1368421
2020-04-24,cape,112627.0,1812.0,29457.0,22.0,24215.0,0.21500173,-4.1684394,62.15618,97.0,397.0,9578206.0,23153540.0,0.24433249,0.41368213,98744.39,10.227273,6991816.0,285.0,39.0,0.1368421
2020-05-01,cape,121863.0,1834.0,32467.0,22.0,26262.0,0.21550429,8.2005205,66.44656,92.0,346.0,8432230.0,21612984.0,0.26589596,0.3901465,91654.67,-5.1546392,8045762.5,280.0,25.0,0.08928572
2020-05-08,cape,121863.0,1834.0,32467.0,22.0,26262.0,0.21550429,8.2005205,66.44656,91.0,369.0,9244642.0,23883772.0,0.24661246,0.38706794,101589.47,-1.0869565,8764365.0,280.0,25.0,0.08928572
2020-05-15,cape,121863.0,1834.0,32467.0,22.0,26262.0,0.21550429,8.2005205,66.44656,99.0,386.0,6971309.0,20561530.0,0.25647667,0.3390462,70417.266,8.791209,8556597.0,280.0,25.0,0.08928572
2020-05-22,cape,121863.0,1834.0,32467.0,22.0,26262.0,0.21550429,8.2005205,66.44656,81.0,348.0,8340403.0,22415348.0,0.23275863,0.37208447,102967.94,-18.181818,8247146.0,280.0,25.0,0.08928572
2020-05-29,cape,114336.0,1882.0,28906.0,292.0,29906.0,0.2615624,-6.176608,60.75239,91.0,414.0,7904405.0,23917758.0,0.21980676,0.3304827,86861.59,12.345679,8115190.0,312.0,59.0,0.18910256
2020-06-05,cape,114336.0,1882.0,28906.0,292.0,29906.0,0.2615624,-6.176608,60.75239,80.0,366.0,7120989.0,23594478.0,0.21857923,0.30180743,89012.36,-12.087913,7584276.5,312.0,59.0,0.18910256
2020-06-12,cape,114336.0,1882.0,28906.0,292.0,29906.0,0.2615624,-6.176608,60.75239,89.0,426.0,7419662.0,27267314.0,0.20892018,0.2721083,83366.99,11.25,7696365.0,312.0,59.0,0.18910256
2020-06-19,cape,114336.0,1882.0,28906.0,292.0,29906.0,0.2615624,-6.176608,60.75239,80.0,314.0,4626288.0,18295544.0,0.25477707,0.2528642,57828.6,-10.11236,6767836.0,312.0,59.0,0.18910256
2020-06-26,cape,114336.0,1882.0,28906.0,292.0,29906.0,0.2615624,-6.176608,60.75239,103.0,425.0,7365938.0,26406484.0,0.24235295,0.27894428,71513.96,28.75,6633219.0,312.0,59.0,0.18910256
2020-07-03,cape,136130.0,2117.0,37791.0,348.0,32776.0,0.24076985,19.061363,64.30326,100.0,362.0,7826191.0,22995362.0,0.2762431,0.3403378,78261.91,-2.9126213,6809520.0,278.0,32.0,0.11510792
2020-07-10,cape,136130.0,2117.0,37791.0,348.0,32776.0,0.24076985,19.061363,64.30326,83.0,382.0,6693258.0,26730602.0,0.21727748,0.25039682,80641.664,-17.0,6627919.0,278.0,32.0,0.11510792
2020-07-17,cape,136130.0,2117.0,37791.0,348.0,32776.0,0.24076985,19.061363,64.30326,100.0,409.0,6267494.0,24044770.0,0.24449877,0.26065934,62674.94,20.481928,7038220.0,278.0,32.0,0.11510792
2020-07-24,cape,136130.0,2117.0,37791.0,348.0,32776.0,0.24076985,19.061363,64.30326,91.0,404.0,7805849.0,25486400.0,0.22524753,0.30627507,85778.56,-9.0,7148198.0,278.0,32.0,0.11510792
2020-07-31,cape,129666.0,2056.0,37764.0,252.0,29902.0,0.23060787,-4.748402,63.06712,107.0,463.0,7889427.0,27333640.0,0.23110151,0.28863433,73732.96,17.582418,7164007.0,363.0,46.0,0.12672177
2020-08-07,cape,129666.0,2056.0,37764.0,252.0,29902.0,0.23060787,-4.748402,63.06712,96.0,407.0,7070292.0,22777564.0,0.23587224,0.31040597,73648.875,-10.280374,7258265.5,363.0,46.0,0.12672177
2020-08-14,cape,129666.0,2056.0,37764.0,252.0,29902.0,0.23060787,-4.748402,63.06712,93.0,424.0,6299202.0,24128424.0,0.21933962,0.26106977,67733.35,-3.125,7266192.5,363.0,46.0,0.12672177
2020-08-21,cape,129666.0,2056.0,37764.0,252.0,29902.0,0.23060787,-4.748402,63.06712,79.0,353.0,5666128.0,21863272.0,0.22379604,0.25916195,71723.14,-15.053763,6731262.0,363.0,46.0,0.12672177
2020-08-28,cape,139068.0,2335.0,39759.0,114.0,30920.0,0.22233728,7.250937,59.55803,89.0,388.0,6184039.0,24429596.0,0.22938144,0.2531372,69483.586,12.658228,6304915.0,391.0,59.0,0.15089513
2020-09-04,cape,139068.0,2335.0,39759.0,114.0,30920.0,0.22233728,7.250937,59.55803,102.0,394.0,8285225.0,25284022.0,0.25888324,0.3276862,81227.695,14.606742,6608648.5,391.0,59.0,0.15089513
2020-09-11,cape,139068.0,2335.0,39759.0,114.0,30920.0,0.22233728,7.250937,59.55803,83.0,390.0,6114831.0,24660572.0,0.21282052,0.24795984,73672.664,-18.62745,6562556.0,391.0,59.0,0.15089513
2020-09-18,cape,139068.0,2335.0,39759.0,114.0,30920.0,0.22233728,7.250937,59.55803,91.0,363.0,5366321.0,21858652.0,0.2506887,0.245501,58970.56,9.638555,6487604.0,391.0,59.0,0.15089513
2020-09-25,cape,139068.0,2335.0,39759.0,114.0,30920.0,0.22233728,7.250937,59.55803,103.0,411.0,7210347.0,27097440.0,0.25060827,0.2660896,70003.37,13.186813,6744181.0,391.0,59.0,0.15089513
2020-10-02,cape,123503.0,2115.0,33843.0,139.0,32177.0,0.2605362,-11.192367,58.393852,86.0,359.0,5428221.0,21928760.0,0.23955432,0.2475389,63118.848,-16.504854,6029930.0,256.0,35.0,0.13671875
2020-10-09,cape,123503.0,2115.0,33843.0,139.0,32177.0,0.2605362,-11.192367,58.393852,78.0,336.0,4913746.0,18666388.0,0.23214285,0.2632403,62996.742,-9.302325,5729659.0,256.0,35.0,0.13671875
2020-10-16,cape,123503.0,2115.0,33843.0,139.0,32177.0,0.2605362,-11.192367,58.393852,88.0,369.0,7193825.0,24309540.0,0.23848239,0.295926,81748.01,12.820513,6186535.0,256.0,35.0,0.13671875
2020-10-23,cape,123503.0,2115.0,33843.0,139.0,32177.0,0.2605362,-11.192367,58.393852,85.0,337.0,6246951.0,22550240.0,0.25222552,0.2770237,73493.54,-3.409091,5945686.0,256.0,35.0,0.13671875
2020-10-30,cape,114023.0,2047.0,30573.0,270.0,31199.0,0.27362025,-7.6759267,55.70249,84.0,358.0,6245699.0,20524172.0,0.23463687,0.30430943,74353.56,-1.1764706,6150055.0,299.0,44.0,0.14715719
2020-11-06,cape,114023.0,2047.0,30573.0,270.0,31199.0,0.27362025,-7.6759267,55.70249,76.0,337.0,6634382.0,21312828.0,0.22551928,0.31128588,87294.5,-9.523809,6580214.0,299.0,44.0,0.14715719
2020-11-13,cape,114023.0,2047.0,30573.0,270.0,31199.0,0.27362025,-7.6759267,55.70249,87.0,342.0,6208047.0,18892912.0,0.25438598,0.32859132,71356.86,14.473684,6333770.0,299.0,44.0,0.14715719
2020-11-20,cape,114023.0,2047.0,30573.0,270.0,31199.0,0.27362025,-7.6759267,55.70249,83.0,324.0,5849453.0,19810688.0,0.25617284,0.29526752,70475.336,-4.597701,6234395.0,299.0,44.0,0.14715719
2020-11-27,cape,114023.0,2047.0,30573.0,270.0,31199.0,0.27362025,-7.6759267,55.70249,87.0,343.0,5027945.0,17626872.0,0.25364432,0.28524318,57792.473,4.8192773,5929957.0,299.0,44.0,0.14715719
2020-12-04,cape,116536.0,1955.0,29623.0,65.0,30914.0,0.26527426,2.2039413,59.609207,72.0,326.0,5568681.0,18583664.0,0.2208589,0.29965463,77342.79,-17.241379,5663531.5,246.0,33.0,0.13414635
2020-12-11,cape,116536.0,1955.0,29623.0,65.0,30914.0,0.26527426,2.2039413,59.609207,72.0,309.0,5690295.0,18109116.0,0.23300971,0.3142227,79031.875,0.0,5534093.5,246.0,33.0,0.13414635
2020-12-18,cape,116536.0,1955.0,29623.0,65.0,30914.0,0.26527426,2.2039413,59.609207,92.0,346.0,7164830.0,20532592.0,0.26589596,0.34894913,77878.586,27.777779,5862938.0,246.0,33.0,0.13414635
2020-12-25,cape,116536.0,1955.0,29623.0,65.0,30914.0,0.26527426,2.2039413,59.609207,80.0,291.0,5002754.0,16461481.0,0.2749141,0.30390668,62534.426,-13.043478,5856640.0,246.0,33.0,0.13414635
2021-01-01,cape,123562.0,1939.0,26514.0,196.0,32334.0,0.2616824,6.0290384,63.7246,86.0,300.0,5865591.0,16871420.0,0.28666666,0.34766433,68204.55,7.5,5930867.5,263.0,28.0,0.10646388
2021-01-08,cape,123562.0,1939.0,26514.0,196.0,32334.0,0.2616824,6.0290384,63.7246,89.0,273.0,7083098.0,18727632.0,0.32600734,0.37821642,79585.37,3.488372,6279068.0,263.0,28.0,0.10646388
2021-01-15,cape,123562.0,1939.0,26514.0,196.0,32334.0,0.2616824,6.0290384,63.7246,87.0,315.0,5989949.0,17410140.0,0.2761905,0.34404945,68849.99,-2.247191,5985348.0,263.0,28.0,0.10646388
2021-01-22,cape,123562.0,1939.0,26514.0,196.0,32334.0,0.2616824,6.0290384,63.7246,77.0,319.0,5361270.0,20135240.0,0.2413793,0.26626304,69626.88,-11.494253,6074977.0,263.0,28.0,0.10646388
2021-01-29,cape,132155.0,1904.0,25312.0,414.0,33061.0,0.25016835,6.9544034,69.40914,71.0,286.0,5739378.0,16083853.0,0.24825175,0.356841,80836.31,-7.7922077,6043424.0,218.0,30.0,0.13761468
2021-02-05,cape,132155.0,1904.0,25312.0,414.0,33061.0,0.25016835,6.9544034,69.40914,65.0,273.0,7228402.0,17969472.0,0.23809524,0.4022601,111206.19,-8.450705,6079750.0,218.0,30.0,0.13761468
2021-02-12,cape,132155.0,1904.0,25312.0,414.0,33061.0,0.25016835,6.9544034,69.40914,89.0,319.0,7925365.0,18764190.0,0.27899686,0.4223665,89049.05,36.923077,6563604.0,218.0,30.0,0.13761468
2021-02-19,cape,132155.0,1904.0,25312.0,414.0,33061.0,0.25016835,6.9544034,69.40914,87.0,326.0,7847853.0,19395584.0,0.26687115,0.40462062,90205.2,-2.247191,7185249.5,218.0,30.0,0.13761468
2021-02-26,cape,132155.0,1904.0,25312.0,414.0,33061.0,0.25016835,6.9544034,69.40914,74.0,300.0,5390615.0,17153374.0,0.24666667,0.31425974,72846.15,-14.942529,7098059.0,218.0,30.0,0.13761468
2021-03-05,cape,117949.0,1858.0,28022.0,179.0,30452.0,0.2581794,-10.749498,63.4817,98.0,357.0,7351637.0,19188004.0,0.27450982,0.3831371,75016.7,32.432434,7128867.5,224.0,24.0,0.10714286
2021-03-12,cape,117949.0,1858.0,28022.0,179.0,30452.0,0.2581794,-10.749498,63.4817,84.0,353.0,7053926.0,18948420.0,0.23796034,0.37226987,83975.31,-14.285714,6911008.0,224.0,24.0,0.10714286
2021-03-19,cape,117949.0,1858.0,28022.0,179.0,30452.0,0.2581794,-10.749498,63.4817,85.0,339.0,5690894.0,15858482.0,0.25073746,0.3588549,66951.695,1.1904762,6371768.0,224.0,24.0,0.10714286
2021-03-26,cape,117949.0,1858.0,28022.0,179.0,30452.0,0.2581794,-10.749498,63.4817,75.0,331.0,5571490.0,17902758.0,0.2265861,0.3112085,74286.53,-11.764706,6416987.0,224.0,24.0,0.10714286
2021-04-02,cape,117106.0,1933.0,27296.0,149.0,28159.0,0.24045736,-0.71471566,60.582516,87.0,327.0,6502539.0,17281068.0,0.26605505,0.37628105,74741.83,16.0,6204712.0,249.0,29.0,0.11646587
2021-04-09,cape,117106.0,1933.0,27296.0,149.0,28159.0,0.24045736,-0.71471566,60.582516,85.0,340.0,4376505.0,17086232.0,0.25,0.2561422,51488.293,-2.2988505,5535357.0,249.0,29.0,0.11646587
2021-04-16,cape,117106.0,1933.0,27296.0,149.0,28159.0,0.24045736,-0.71471566,60.582516,109.0,378.0,7534845.0,22318110.0,0.2883598,0.33761126,69127.016,28.235294,5996345.0,249.0,29.0,0.11646587
2021-04-23,cape,117106.0,1933.0,27296.0,149.0,28159.0,0.24045736,-0.71471566,60.582516,98.0,351.0,6450315.0,19137620.0,0.27920228,0.33704898,65819.54,-10.091743,6216051.0,249.0,29.0,0.11646587
2021-04-30,cape,133665.0,2095.0,34057.0,244.0,29077.0,0.21753637,14.140181,63.80191,95.0,377.0,7284998.0,23439926.0,0.2519894,0.3107944,76684.19,-3.0612245,6411666.0,279.0,30.0,0.10752688
2021-05-07,cape,133665.0,2095.0,34057.0,244.0,29077.0,0.21753637,14.140181,63.80191,74.0,344.0,5016359.0,20068498.0,0.21511628,0.24996185,67788.63,-22.105263,6571629.0,279.0,30.0,0.10752688
2021-05-14,cape,133665.0,2095.0,34057.0,244.0,29077.0,0.21753637,14.140181,63.80191,93.0,322.0,6688802.0,19419284.0,0.28881988,0.3444412,71922.6,25.675676,6360118.5,279.0,30.0,0.10752688
2021-05-21,cape,133665.0,2095.0,34057.0,244.0,29077.0,0.21753637,14.140181,63.80191,98.0,367.0,8015116.0,25177688.0,0.26702997,0.31834203,81786.9,5.376344,6751319.0,279.0,30.0,0.10752688
2021-05-28,cape,131884.0,2139.0,29410.0,83.0,30850.0,0.23391768,-1.3324356,61.65685,89.0,344.0,5388185.0,19437992.0,0.25872093,0.27719864,60541.406,-9.183674,6277115.5,266.0,30.0,0.11278196
2021-06-04,cape,131884.0,2139.0,29410.0,83.0,30850.0,0.23391768,-1.3324356,61.65685,105.0,366.0,6380195.0,20712208.0,0.28688523,0.30804032,60763.76,17.977528,6618074.5,266.0,30.0,0.11278196
2021-06-11,cape,131884.0,2139.0,29410.0,83.0,30850.0,0.23391768,-1.3324356,61.65685,71.0,320.0,5229634.0,20103770.0,0.221875,0.260132,73656.82,-32.38095,6253282.5,266.0,30.0,0.11278196
2021-06-18,cape,131884.0,2139.0,29410.0,83.0,30850.0,0.23391768,-1.3324356,61.65685,93.0,379.0,6517758.0,22624408.0,0.24538259,0.28808522,70083.42,30.985916,5878943.0,266.0,30.0,0.11278196
2021-06-25,cape,131884.0,2139.0,29410.0,83.0,30850.0,0.23391768,-1.3324356,61.65685,86.0,349.0,6977573.0,23468032.0,0.24641834,0.29732245,81134.57,-7.5268817,6276290.0,266.0,30.0,0.11278196
2021-07-02,cape,129877.0,2153.0,29033.0,91.0,29551.0,0.22753066,-1.5217919,60.323734,84.0,343.0,6862998.0,22614360.0,0.24489796,0.30347964,81702.36,-2.3255813,6396991.0,295.0,34.0,0.11525424
2021-07-09,cape,129877.0,2153.0,29033.0,91.0,29551.0,0.22753066,-1.5217919,60.323734,65.0,337.0,5603903.0,20654020.0,0.19287834,0.27132264,86213.89,-22.619047,6490558.0,295.0,34.0,0.11525424
2021-07-16,cape,129877.0,2153.0,29033.0,91.0,29551.0,0.22753066,-1.5217919,60.323734,83.0,361.0,5510589.0,22398460.0,0.2299169,0.24602534,66392.64,27.692308,6238766.0,295.0,34.0,0.11525424
2021-07-23,cape,129877.0,2153.0,29033.0,91.0,29551.0,0.22753066,-1.5217919,60.323734,87.0,360.0,7215498.0,22706256.0,0.24166666,0.3177758,82936.76,4.8192773,6298247.0,295.0,34.0,0.11525424
2021-07-30,cape,134130.0,2033.0,27362.0,97.0,28183.0,0.21011706,3.2746367,65.97639,80.0,348.0,6622005.0,23600280.0,0.22988506,0.2805901,82775.06,-8.045977,6237999.0,272.0,35.0,0.12867647
2021-08-06,cape,134130.0,2033.0,27362.0,97.0,28183.0,0.21011706,3.2746367,65.97639,90.0,370.0,8029807.0,25037722.0,0.24324325,0.32070836,89220.08,12.5,6844475.0,272.0,35.0,0.12867647
2021-08-13,cape,134130.0,2033.0,27362.0,97.0,28183.0,0.21011706,3.2746367,65.97639,81.0,365.0,6004604.0,22775780.0,0.22191781,0.2636399,74130.914,-10.0,6967978.5,272.0,35.0,0.12867647
2021-08-20,cape,134130.0,2033.0,27362.0,97.0,28183.0,0.21011706,3.2746367,65.97639,67.0,293.0,4387376.0,18716064.0,0.22866894,0.23441768,65483.223,-17.28395,6260948.0,272.0,35.0,0.12867647
2021-08-27,cape,134130.0,2033.0,27362.0,97.0,28183.0,0.21011706,3.2746367,65.97639,88.0,335.0,8094846.0,24970460.0,0.26268658,0.3241769,91986.88,31.343283,6629158.0,272.0,35.0,0.12867647
2021-09-03,cape,128020.0,1989.0,32474.0,204.0,28006.0,0.2187627,-4.555282,64.364,94.0,332.0,7007092.0,21766536.0,0.28313252,0.3219204,74543.53,6.818182,6373479.5,251.0,24.0,0.09561753
2021-09-10,cape,128020.0,1989.0,32474.0,204.0,28006.0,0.2187627,-4.555282,64.364,78.0,336.0,5506883.0,21973100.0,0.23214285,0.25061932,70601.06,-17.021276,6249049.0,251.0,24.0,0.09561753
2021-09-17,cape,128020.0,1989.0,32474.0,204.0,28006.0,0.2187627,-4.555282,64.364,91.0,350.0,5410566.0,21512506.0,0.26,0.25150794,59456.77,16.666666,6504847.0,251.0,24.0,0.09561753
2021-09-24,cape,128020.0,1989.0,32474.0,204.0,28006.0,0.2187627,-4.555282,64.364,84.0,346.0,5873953.0,23167870.0,0.24277456,0.25353876,69928.016,-7.6923075,5949623.5,251.0,24.0,0.09561753
2021-10-01,cape,126088.0,1870.0,28238.0,15.0,30939.0,0.24537624,-1.5091392,67.426735,79.0,318.0,5083295.0,19993920.0,0.24842767,0.25424203,64345.508,-5.952381,5468674.0,292.0,34.0,0.11643836
2021-10-08,cape,126088.0,1870.0,28238.0,15.0,30939.0,0.24537624,-1.5091392,67.426735,88.0,331.0,6281902.0,21310032.0,0.26586103,0.29478613,71385.25,11.3924055,5662429.0,292.0,34.0,0.11643836
2021-10-15,cape,126088.0,1870.0,28238.0,15.0,30939.0,0.24537624,-1.5091392,67.426735,71.0,278.0,3738575.0,17051502.0,0.25539568,0.21925195,52655.984,-19.318182,5244431.0,292.0,34.0,0.11643836
2021-10-22,cape,126088.0,1870.0,28238.0,15.0,30939.0,0.24537624,-1.5091392,67.426735,81.0,302.0,6532559.0,23160038.0,0.26821193,0.28206167,80648.875,14.084507,5409083.0,292.0,34.0,0.11643836
2021-10-29,cape,123611.0,1916.0,27564.0,214.0,31452.0,0.25444338,-1.964501,64.51514,76.0,285.0,7760242.0,20697556.0,0.26666668,0.3749352,102108.445,-6.1728396,6078319.5,172.0,24.0,0.13953489
2021-11-05,cape,123611.0,1916.0,27564.0,214.0,31452.0,0.25444338,-1.964501,64.51514,86.0,296.0,6320922.0,19072416.0,0.29054055,0.33141693,73499.09,13.157895,6088074.5,172.0,24.0,0.13953489
2021-11-12,cape,123611.0,1916.0,27564.0,214.0,31452.0,0.25444338,-1.964501,64.51514,62.0,259.0,2731986.0,13909953.0,0.23938224,0.19640513,44064.29,-27.906977,5836427.0,172.0,24.0,0.13953489
2021-11-19,cape,123611.0,1916.0,27564.0,214.0,31452.0,0.25444338,-1.964501,64.51514,79.0,310.0,5354950.0,17197892.0,0.2548387,0.31137246,67784.18,27.419355,5542025.0,172.0,24.0,0.13953489
2021-11-26,cape,123611.0,1916.0,27564.0,214.0,31452.0,0.25444338,-1.964501,64.51514,67.0,286.0,6345101.0,17525268.0,0.23426573,0.36205444,94703.0,-15.189874,5188240.0,172.0,24.0,0.13953489
2021-12-03,cape,122902.0,1762.0,22752.0,6.0,31779.0,0.25857186,-0.5735735,69.75142,63.0,277.0,3820889.0,17235308.0,0.22743683,0.22168961,60649.03,-5.970149,4563231.5,236.0,33.0,0.13983051
2021-12-10,cape,122902.0,1762.0,22752.0,6.0,31779.0,0.25857186,-0.5735735,69.75142,91.0,325.0,6668912.0,19068994.0,0.28,0.34972543,73284.75,44.444443,5547463.0,236.0,33.0,0.13983051
2021-12-17,cape,122902.0,1762.0,22752.0,6.0,31779.0,0.25857186,-0.5735735,69.75142,79.0,295.0,4681297.0,16500606.0,0.2677966,0.28370455,59256.926,-13.186813,5379050.0,236.0,33.0,0.13983051
2021-12-24,cape,122902.0,1762.0,22752.0,6.0,31779.0,0.25857186,-0.5735735,69.75142,87.0,308.0,6048476.0,17766644.0,0.28246754,0.34044,69522.71,10.126582,5304893.5,236.0,33.0,0.13983051
2021-12-31,cape,132444.0,1774.0,22461.0,197.0,29654.0,0.2238984,7.7639093,74.6584,86.0,273.0,6967786.0,18325048.0,0.31501833,0.3802329,81020.766,-1.1494253,6091618.0,182.0,29.0,0.15934066
2022-01-07,cape,132444.0,1774.0,22461.0,197.0,29654.0,0.2238984,7.7639093,74.6584,70.0,297.0,6006576.0,17417168.0,0.23569024,0.34486526,85808.23,-18.60465,5926034.0,182.0,29.0,0.15934066
2022-01-14,cape,132444.0,1774.0,22461.0,197.0,29654.0,0.2238984,7.7639093,74.6584,73.0,286.0,5662660.0,16526821.0,0.25524476,0.34263456,77570.69,4.285714,6171374.5,182.0,29.0,0.15934066
2022-01-21,cape,132444.0,1774.0,22461.0,197.0,29654.0,0.2238984,7.7639093,74.6584,74.0,299.0,5030187.0,17709886.0,0.24749164,0.2840327,67975.5,1.369863,5916802.0,182.0,29.0,0.15934066
2022-01-28,cape,130668.0,1904.0,26779.0,72.0,32957.0,0.25221938,-1.340944,68.62815,75.0,275.0,5208357.0,15901069.0,0.27272728,0.3275476,69444.76,1.3513514,5476945.0,236.0,36.0,0.15254237
2022-02-04,cape,130668.0,1904.0,26779.0,72.0,32957.0,0.25221938,-1.340944,68.62815,73.0,297.0,5801694.0,17449404.0,0.24579124,0.33248663,79475.26,-2.6666667,5425724.5,236.0,36.0,0.15254237
2022-02-11,cape,130668.0,1904.0,26779.0,72.0,32957.0,0.25221938,-1.340944,68.62815,63.0,302.0,4947586.0,14818113.0,0.20860927,0.33388773,78533.11,-13.69863,5246956.0,236.0,36.0,0.15254237
2022-02-18,cape,130668.0,1904.0,26779.0,72.0,32957.0,0.25221938,-1.340944,68.62815,59.0,257.0,4411690.0,13682641.0,0.22957198,0.32242972,74774.41,-6.3492064,5092332.0,236.0,36.0,0.15254237
2022-02-25,cape,130668.0,1904.0,26779.0,72.0,32957.0,0.25221938,-1.340944,68.62815,86.0,345.0,6287506.0,18430636.0,0.24927536,0.34114426,73110.53,45.76271,5362119.0,236.0,36.0,0.15254237
2022-03-04,cape,132005.0,1868.0,29254.0,232.0,31637.0,0.23966517,1.0232038,70.66649,68.0,294.0,6288360.0,16560845.0,0.23129252,0.37971252,92475.88,-20.930233,5483785.5,238.0,21.0,0.0882353
2022-03-11,cape,132005.0,1868.0,29254.0,232.0,31637.0,0.23966517,1.0232038,70.66649,62.0,279.0,5321972.0,17210460.0,0.22222222,0.3092289,85838.26,-8.823529,5577382.0,238.0,21.0,0.0882353
2022-03-18,cape,132005.0,1868.0,29254.0,232.0,31637.0,0.23966517,1.0232038,70.66649,67.0,281.0,4093396.0,16301310.0,0.23843417,0.2511084,61095.46,8.064516,5497808.5,238.0,21.0,0.0882353
2022-03-25,cape,132005.0,1868.0,29254.0,232.0,31637.0,0.23966517,1.0232038,70.66649,68.0,296.0,4683756.0,15946883.0,0.22972973,0.2937098,68878.766,1.4925373,5096871.0,238.0,21.0,0.0882353
2022-04-01,cape,120970.0,1708.0,28331.0,267.0,29924.0,0.24736711,-8.359531,70.82552,63.0,275.0,5651389.0,17559172.0,0.22909091,0.32184827,89704.586,-7.352941,4937628.0,268.0,46.0,0.1716418
2022-04-08,cape,120970.0,1708.0,28331.0,267.0,29924.0,0.24736711,-8.359531,70.82552,65.0,267.0,6194366.0,18554528.0,0.2434457,0.3338466,95297.94,3.1746032,5155727.0,268.0,46.0,0.1716418
2022-04-15,cape,120970.0,1708.0,28331.0,267.0,29924.0,0.24736711,-8.359531,70.82552,64.0,272.0,4246801.0,15228047.0,0.23529412,0.2788802,66356.266,-1.5384616,5194078.0,268.0,46.0,0.1716418
2022-04-22,cape,120970.0,1708.0,28331.0,267.0,29924.0,0.24736711,-8.359531,70.82552,66.0,271.0,5456319.0,17038484.0,0.24354243,0.320235,82671.5,3.125,5387219.0,268.0,46.0,0.1716418
2022-04-29,cape,134591.0,1705.0,29743.0,185.0,35370.0,0.26279616,11.259816,78.939,80.0,304.0,6809481.0,20549336.0,0.2631579,0.33137232,85118.516,21.212122,5676742.0,250.0,28.0,0.112
2022-05-06,cape,134591.0,1705.0,29743.0,185.0,35370.0,0.26279616,11.259816,78.939,73.0,307.0,4463889.0,17322124.0,0.23778501,0.2576987,61149.164,-8.75,5244122.5,250.0,28.0,0.112
2022-05-13,cape,134591.0,1705.0,29743.0,185.0,35370.0,0.26279616,11.259816,78.939,72.0,312.0,5141319.0,17925898.0,0.23076923,0.28680956,71407.21,-1.369863,5467752.0,250.0,28.0,0.112
2022-05-20,cape,134591.0,1705.0,29743.0,185.0,35370.0,0.26279616,11.259816,78.939,70.0,330.0,4298493.0,20613638.0,0.21212122,0.20852666,61407.043,-2.7777777,5178295.5,250.0,28.0,0.112
2022-05-27,cape,134591.0,1705.0,29743.0,185.0,35370.0,0.26279616,11.259816,78.939,74.0,313.0,7194211.0,23684676.0,0.23642172,0.3037496,97219.07,5.714286,5274478.0,250.0,28.0,0.112
2022-06-03,cape,141071.0,1792.0,28617.0,102.0,35951.0,0.2548433,4.8145866,78.72266,79.0,319.0,5811324.0,19064204.0,0.24764891,0.3048291,73561.06,6.756757,5611337.0,291.0,35.0,0.12027492
2022-06-10,cape,141071.0,1792.0,28617.0,102.0,35951.0,0.2548433,4.8145866,78.72266,67.0,274.0,5526301.0,19718396.0,0.24452555,0.2802612,82482.1,-15.189874,5707582.0,291.0,35.0,0.12027492
2022-06-17,cape,141071.0,1792.0,28617.0,102.0,35951.0,0.2548433,4.8145866,78.72266,76.0,378.0,4655350.0,21494226.0,0.2010582,0.21658607,61254.605,13.432836,5796796.5,291.0,35.0,0.12027492
2022-06-24,cape,141071.0,1792.0,28617.0,102.0,35951.0,0.2548433,4.8145866,78.72266,72.0,294.0,5134452.0,18179324.0,0.24489796,0.2824336,71311.836,-5.263158,5281857.0,291.0,35.0,0.12027492
2022-07-01,cape,147612.0,1886.0,27636.0,118.0,35118.0,0.23790748,4.6366725,78.267235,63.0,332.0,3628670.0,18934876.0,0.18975903,0.1916395,57597.938,-12.5,4736193.0,231.0,28.0,0.121212125
2022-07-08,cape,147612.0,1886.0,27636.0,118.0,35118.0,0.23790748,4.6366725,78.267235,77.0,364.0,5714118.0,24436648.0,0.21153846,0.23383397,74209.33,22.222221,4783147.5,231.0,28.0,0.121212125
2022-07-15,cape,147612.0,1886.0,27636.0,118.0,35118.0,0.23790748,4.6366725,78.267235,64.0,316.0,3540428.0,20501664.0,0.20253165,0.1726898,55319.188,-16.883118,4504417.0,231.0,28.0,0.121212125
2022-07-22,cape,147612.0,1886.0,27636.0,118.0,35118.0,0.23790748,4.6366725,78.267235,63.0,308.0,3332987.0,18560630.0,0.20454545,0.17957294,52904.555,-1.5625,4054050.8,231.0,28.0,0.121212125
2022-07-29,cape,143152.0,1971.0,28535.0,125.0,34270.0,0.23939589,-3.0214345,72.62912,70.0,368.0,6032750.0,23695200.0,0.19021739,0.254598,86182.14,11.111111,4655071.0,360.0,46.0,0.12777779
2022-08-05,cape,143152.0,1971.0,28535.0,125.0,34270.0,0.23939589,-3.0214345,72.62912,64.0,310.0,3535786.0,20319296.0,0.20645161,0.17401125,55246.656,-8.571428,4110487.8,360.0,46.0,0.12777779
2022-08-12,cape,143152.0,1971.0,28535.0,125.0,34270.0,0.23939589,-3.0214345,72.62912,58.0,341.0,3279202.0,21313600.0,0.17008798,0.15385492,56537.965,-9.375,4045181.2,360.0,46.0,0.12777779
2022-08-19,cape,143152.0,1971.0,28535.0,125.0,34270.0,0.23939589,-3.0214345,72.62912,70.0,334.0,5169106.0,23896726.0,0.20958084,0.21631022,73844.375,20.689655,4504211.0,360.0,46.0,0.12777779
2022-08-26,cape,143152.0,1971.0,28535.0,125.0,34270.0,0.23939589,-3.0214345,72.62912,57.0,321.0,4730827.0,19809238.0,0.17757009,0.23881923,82996.97,-18.571428,4178730.2,360.0,46.0,0.12777779
2022-09-02,cape,128373.0,1896.0,29552.0,135.0,34639.0,0.26983088,-10.323991,67.707275,61.0,339.0,6124595.0,22805004.0,0.179941,0.26856366,100403.195,7.017544,4825932.5,209.0,27.0,0.1291866
2022-09-09,cape,128373.0,1896.0,29552.0,135.0,34639.0,0.26983088,-10.323991,67.707275,58.0,297.0,4202357.0,20115072.0,0.1952862,0.20891584,72454.43,-4.9180326,5056721.0,209.0,27.0,0.1291866
2022-09-16,cape,128373.0,1896.0,29552.0,135.0,34639.0,0.26983088,-10.323991,67.707275,79.0,390.0,5291527.0,25092254.0,0.2025641,0.21088289,66981.35,36.206898,5087326.5,209.0,27.0,0.1291866
2022-09-23,cape,128373.0,1896.0,29552.0,135.0,34639.0,0.26983088,-10.323991,67.707275,55.0,293.0,4962710.0,21333468.0,0.18771331,0.23262557,90231.09,-30.379747,5145297.0,209.0,27.0,0.1291866
2022-09-30,cape,128494.0,1849.0,28150.0,456.0,35702.0,0.27784956,0.09425658,69.49378,73.0,328.0,6318787.0,23897972.0,0.22256097,0.26440683,86558.73,32.727272,5193845.0,266.0,28.0,0.10526316
2022-10-07,cape,128494.0,1849.0,28150.0,456.0,35702.0,0.27784956,0.09425658,69.49378,71.0,318.0,5850687.0,23014154.0,0.22327045,0.25422126,82404.04,-2.739726,5605928.0,266.0,28.0,0.10526316
2022-10-14,cape,128494.0,1849.0,28150.0,456.0,35702.0,0.27784956,0.09425658,69.49378,56.0,309.0,3788073.0,22714068.0,0.18122977,0.16677211,67644.164,-21.12676,5230064.0,266.0,28.0,0.10526316
2022-10-21,cape,128494.0,1849.0,28150.0,456.0,35702.0,0.27784956,0.09425658,69.49378,66.0,309.0,6300236.0,23087190.0,0.21359223,0.2728888,95458.125,17.857143,5564446.0,266.0,28.0,0.10526316
2022-10-28,cape,132928.0,1887.0,28429.0,36.0,32980.0,0.24810423,3.4507449,70.44409,69.0,278.0,4929811.0,16974480.0,0.24820144,0.29042485,71446.54,4.5454545,5217202.0,294.0,36.0,0.12244898
2022-11-04,cape,132928.0,1887.0,28429.0,36.0,32980.0,0.24810423,3.4507449,70.44409,54.0,304.0,4631333.0,17963404.0,0.17763157,0.25782046,85765.43,-21.73913,4912363.0,294.0,36.0,0.12244898
2022-11-11,cape,132928.0,1887.0,28429.0,36.0,32980.0,0.24810423,3.4507449,70.44409,58.0,291.0,4203586.0,18177350.0,0.19931272,0.23125406,72475.62,7.4074073,5016241.5,294.0,36.0,0.12244898
2022-11-18,cape,132928.0,1887.0,28429.0,36.0,32980.0,0.24810423,3.4507449,70.44409,64.0,314.0,4770443.0,19266576.0,0.20382166,0.24760203,74538.17,10.344828,4633793.0,294.0,36.0,0.12244898
2022-11-25,cape,132928.0,1887.0,28429.0,36.0,32980.0,0.24810423,3.4507449,70.44409,57.0,262.0,5780992.0,19475720.0,0.21755725,0.2968307,101420.914,-10.9375,4846588.5,294.0,36.0,0.12244898
2022-12-02,cape,142233.0,1830.0,27477.0,79.0,31541.0,0.22175585,7.00003,77.72295,59.0,312.0,5387531.0,19285612.0,0.18910256,0.27935496,91314.086,3.508772,5035638.0,249.0,50.0,0.20080322
2022-12-09,cape,142233.0,1830.0,27477.0,79.0,31541.0,0.22175585,7.00003,77.72295,55.0,284.0,3069729.0,16069451.0,0.19366197,0.19102886,55813.254,-6.779661,4752174.0,249.0,50.0,0.20080322
2022-12-16,cape,142233.0,1830.0,27477.0,79.0,31541.0,0.22175585,7.00003,77.72295,66.0,300.0,4718557.0,17783160.0,0.22,0.2653385,71493.29,20.0,4739202.0,249.0,50.0,0.20080322
2022-12-23,cape,142233.0,1830.0,27477.0,79.0,31541.0,0.22175585,7.00003,77.72295,65.0,273.0,3185157.0,14236674.0,0.23809524,0.22372901,49002.414,-1.5151515,4090243.5,249.0,50.0,0.20080322
2022-12-30,cape,146592.0,1801.0,25237.0,127.0,31459.0,0.21460244,3.0646896,81.39478,58.0,274.0,4827938.0,18022768.0,0.21167883,0.26787996,83240.31,-10.769231,3950345.2,363.0,59.0,0.16253443
2023-01-06,cape,146592.0,1801.0,25237.0,127.0,31459.0,0.21460244,3.0646896,81.39478,65.0,275.0,4932994.0,16731655.0,0.23636363,0.29483002,75892.22,12.068966,4416161.5,363.0,59.0,0.16253443
2023-01-13,cape,146592.0,1801.0,25237.0,127.0,31459.0,0.21460244,3.0646896,81.39478,64.0,295.0,4513940.0,17349796.0,0.21694915,0.26017252,70530.31,-1.5384616,4365007.0,363.0,59.0,0.16253443
2023-01-20,cape,146592.0,1801.0,25237.0,127.0,31459.0,0.21460244,3.0646896,81.39478,68.0,316.0,5520768.0,19637518.0,0.21518987,0.28113368,81187.766,6.25,4948910.0,363.0,59.0,0.16253443
2023-01-27,cape,146592.0,1801.0,25237.0,127.0,31459.0,0.21460244,3.0646896,81.39478,51.0,275.0,3977736.0,16074403.0,0.18545455,0.24745777,77994.82,-25.0,4736359.5,363.0,59.0,0.16253443
2023-02-03,cape,142834.0,1888.0,25467.0,80.0,30908.0,0.21639106,-2.563578,75.6536,58.0,285.0,5054171.0,16877176.0,0.20350876,0.2994678,87140.88,13.725491,4766654.0,188.0,27.0,0.14361702
2023-02-10,cape,142834.0,1888.0,25467.0,80.0,30908.0,0.21639106,-2.563578,75.6536,73.0,299.0,4713031.0,14999515.0,0.24414715,0.31421223,64562.07,25.862068,4816426.5,188.0,27.0,0.14361702
2023-02-17,cape,142834.0,1888.0,25467.0,80.0,30908.0,0.21639106,-2.563578,75.6536,64.0,318.0,4644550.0,16085929.0,0.20125785,0.28873372,72571.09,-12.328767,4597372.0,188.0,27.0,0.14361702
2023-02-24,cape,142834.0,1888.0,25467.0,80.0,30908.0,0.21639106,-2.563578,75.6536,58.0,290.0,3887903.0,14775952.0,0.2,0.2631237,67032.81,-9.375,4574914.0,188.0,27.0,0.14361702
2023-03-03,cape,128905.0,1907.0,29937.0,507.0,31233.0,0.24229471,-9.75188,67.5957,51.0,273.0,4521457.0,16832696.0,0.18681319,0.26861158,88656.02,-12.068966,4441735.0,231.0,18.0,0.077922076
2023-03-10,cape,128905.0,1907.0,29937.0,507.0,31233.0,0.24229471,-9.75188,67.5957,52.0,281.0,3855257.0,16718128.0,0.18505338,0.2306034,74139.555,1.9607843,4227292.0,231.0,18.0,0.077922076
2023-03-17,cape,128905.0,1907.0,29937.0,507.0,31233.0,0.24229471,-9.75188,67.5957,56.0,301.0,3091610.0,15330269.0,0.18604651,0.20166704,55207.32,7.6923075,3839056.8,231.0,18.0,0.077922076
2023-03-24,cape,128905.0,1907.0,29937.0,507.0,31233.0,0.24229471,-9.75188,67.5957,74.0,314.0,5241707.0,19681634.0,0.2356688,0.2663248,70833.875,32.142857,4177507.8,231.0,18.0,0.077922076
2023-03-31,cape,121742.0,1712.0,29191.0,498.0,27582.0,0.22656108,-5.5568056,71.110985,55.0,305.0,3902000.0,16512825.0,0.18032786,0.23630118,70945.45,-25.675676,4022643.5,210.0,20.0,0.0952381
2023-04-07,cape,121742.0,1712.0,29191.0,498.0,27582.0,0.22656108,-5.5568056,71.110985,57.0,297.0,3796478.0,18360488.0,0.1919192,0.20677434,66604.875,3.6363637,4007948.8,210.0,20.0,0.0952381
2023-04-14,cape,121742.0,1712.0,29191.0,498.0,27582.0,0.22656108,-5.5568056,71.110985,53.0,322.0,2782256.0,17610424.0,0.16459627,0.15798914,52495.395,-7.017544,3930610.2,210.0,20.0,0.0952381
2023-04-21,cape,121742.0,1712.0,29191.0,498.0,27582.0,0.22656108,-5.5568056,71.110985,55.0,293.0,4536748.0,20214182.0,0.18771331,0.22443391,82486.33,3.7735848,3754370.5,210.0,20.0,0.0952381
2023-04-28,cape,149648.0,1884.0,35555.0,357.0,31047.0,0.20746686,22.922245,79.431,72.0,326.0,6183469.0,21023352.0,0.2208589,0.29412383,85881.516,30.90909,4324738.0,301.0,60.0,0.19933555
2023-05-05,cape,149648.0,1884.0,35555.0,357.0,31047.0,0.20746686,22.922245,79.431,70.0,325.0,6510829.0,20892078.0,0.21538462,0.31164104,93011.84,-2.7777777,5003325.5,301.0,60.0,0.19933555
2023-05-12,cape,149648.0,1884.0,35555.0,357.0,31047.0,0.20746686,22.922245,79.431,58.0,304.0,4319293.0,19079428.0,0.19078948,0.22638483,74470.57,-17.142857,5387585.0,301.0,60.0,0.19933555
2023-05-19,cape,149648.0,1884.0,35555.0,357.0,31047.0,0.20746686,22.922245,79.431,57.0,352.0,5650939.0,24211334.0,0.16193181,0.23340057,99139.28,-1.7241379,5666132.5,301.0,60.0,0.19933555
2023-05-26,cape,149648.0,1884.0,35555.0,357.0,31047.0,0.20746686,22.922245,79.431,56.0,356.0,5377139.0,22992600.0,0.15730338,0.23386389,96020.336,-1.754386,5464550.0,301.0,60.0,0.19933555
2023-06-02,cape,150155.0,1904.0,30406.0,622.0,33828.0,0.2252872,0.33879504,78.86292,70.0,336.0,4842193.0,21577264.0,0.20833333,0.22441182,69174.19,25.0,5047391.0,196.0,32.0,0.1632653
2023-06-09,cape,150155.0,1904.0,30406.0,622.0,33828.0,0.2252872,0.33879504,78.86292,74.0,385.0,7157962.0,24957428.0,0.1922078,0.28680688,96729.22,5.714286,5757058.0,196.0,32.0,0.1632653
2023-06-16,cape,150155.0,1904.0,30406.0,622.0,33828.0,0.2252872,0.33879504,78.86292,64.0,336.0,4546610.0,20920032.0,0.1904762,0.21733285,71040.78,-13.513514,5480976.0,196.0,32.0,0.1632653
2023-06-23,cape,150155.0,1904.0,30406.0,622.0,33828.0,0.2252872,0.33879504,78.86292,63.0,350.0,5088258.0,24365008.0,0.18,0.20883466,80766.0,-1.5625,5408756.0,196.0,32.0,0.1632653
2023-06-30,cape,140091.0,2122.0,29775.0,213.0,31754.0,0.22666696,-6.7024074,66.01838,62.0,382.0,4373675.0,24130584.0,0.16230367,0.18125029,70543.15,-1.5873016,5291626.0,211.0,20.0,0.09478673
2023-07-07,cape,140091.0,2122.0,29775.0,213.0,31754.0,0.22666696,-6.7024074,66.01838,57.0,337.0,3539216.0,22195176.0,0.16913946,0.1594588,62091.508,-8.064516,4386940.0,211.0,20.0,0.09478673
2023-07-14,cape,140091.0,2122.0,29775.0,213.0,31754.0,0.22666696,-6.7024074,66.01838,75.0,383.0,4750839.0,23823458.0,0.19582245,0.19941853,63344.52,31.578947,4437997.0,211.0,20.0,0.09478673
2023-07-21,cape,140091.0,2122.0,29775.0,213.0,31754.0,0.22666696,-6.7024074,66.01838,62.0,342.0,4979260.0,23401896.0,0.18128654,0.21277164,80310.65,-17.333334,4410747.5,211.0,20.0,0.09478673
2023-07-28,cape,131773.0,2041.0,36771.0,200.0,29962.0,0.22737586,-5.937569,64.56296,68.0,369.0,5296293.0,25555516.0,0.18428184,0.20724657,77886.664,9.67742,4641402.0,162.0,19.0,0.11728395
2023-08-04,cape,131773.0,2041.0,36771.0,200.0,29962.0,0.22737586,-5.937569,64.56296,76.0,400.0,6525736.0,25344174.0,0.19,0.25748464,85864.945,11.764706,5388032.0,162.0,19.0,0.11728395
2023-08-11,cape,131773.0,2041.0,36771.0,200.0,29962.0,0.22737586,-5.937569,64.56296,66.0,377.0,4613198.0,22820368.0,0.1750663,0.20215267,69896.94,-13.157895,5353622.0,162.0,19.0,0.11728395
2023-08-18,cape,131773.0,2041.0,36771.0,200.0,29962.0,0.22737586,-5.937569,64.56296,70.0,370.0,5565441.0,22763874.0,0.1891892,0.24448568,79506.3,6.060606,5500167.0,162.0,19.0,0.11728395
2023-08-25,cape,131773.0,2041.0,36771.0,200.0,29962.0,0.22737586,-5.937569,64.56296,54.0,358.0,3502245.0,23485532.0,0.15083799,0.1491235,64856.39,-22.857143,5051655.0,162.0,19.0,0.11728395
2023-09-01,cape,124826.0,2022.0,30983.0,166.0,30650.0,0.2455418,-5.271945,61.73393,64.0,364.0,5493500.0,24237824.0,0.17582418,0.2266499,85835.94,18.518518,4793596.0,158.0,18.0,0.11392405
2023-09-08,cape,124826.0,2022.0,30983.0,166.0,30650.0,0.2455418,-5.271945,61.73393,67.0,429.0,4659708.0,25167316.0,0.15617716,0.18514918,69547.88,4.6875,4805223.5,158.0,18.0,0.11392405
2023-09-15,cape,124826.0,2022.0,30983.0,166.0,30650.0,0.2455418,-5.271945,61.73393,67.0,391.0,5324631.0,25225488.0,0.1713555,0.21108139,79472.1,0.0,4745021.0,158.0,18.0,0.11392405
2023-09-22,cape,124826.0,2022.0,30983.0,166.0,30650.0,0.2455418,-5.271945,61.73393,52.0,335.0,3875513.0,21193944.0,0.15522388,0.18285947,74529.09,-22.38806,4838338.0,158.0,18.0,0.11392405
2023-09-29,cape,130180.0,2117.0,32971.0,311.0,33853.0,0.2600476,4.2891707,61.49268,65.0,442.0,5115351.0,27782016.0,0.14705883,0.18412454,78697.71,25.0,4743801.0,150.0,11.0,0.07333333
2023-10-06,cape,130180.0,2117.0,32971.0,311.0,33853.0,0.2600476,4.2891707,61.49268,65.0,393.0,5953497.0,26063440.0,0.1653944,0.2284233,91592.26,0.0,5067248.0,150.0,11.0,0.07333333
2023-10-13,cape,130180.0,2117.0,32971.0,311.0,33853.0,0.2600476,4.2891707,61.49268,62.0,374.0,5195104.0,24538148.0,0.1657754,0.2117154,83792.0,-4.6153846,5034866.0,150.0,11.0,0.07333333
2023-10-20,cape,130180.0,2117.0,32971.0,311.0,33853.0,0.2600476,4.2891707,61.49268,76.0,353.0,4923596.0,24797356.0,0.21529745,0.19855326,64784.156,22.580645,5296887.0,150.0,11.0,0.07333333
2023-10-27,cape,130180.0,2117.0,32971.0,311.0,33853.0,0.2600476,4.2891707,61.49268,75.0,369.0,6415168.0,22737432.0,0.20325203,0.28214127,85535.57,-1.3157895,5621841.0,150.0,11.0,0.07333333
2023-11-03,cape,138872.0,2072.0,36164.0,229.0,31080.0,0.2238032,6.676909,67.02316,66.0,345.0,3722544.0,19517316.0,0.19130434,0.19073032,56402.184,-12.0,5064103.0,271.0,25.0,0.09225092
2023-11-10,cape,138872.0,2072.0,36164.0,229.0,31080.0,0.2238032,6.676909,67.02316,78.0,323.0,5375608.0,20428092.0,0.24148607,0.2631478,68918.055,18.181818,5109229.0,271.0,25.0,0.09225092
2023-11-17,cape,138872.0,2072.0,36164.0,229.0,31080.0,0.2238032,6.676909,67.02316,60.0,331.0,3772223.0,20222198.0,0.18126889,0.18653873,62870.383,-23.076923,4821386.0,271.0,25.0,0.09225092
2023-11-24,cape,138872.0,2072.0,36164.0,229.0,31080.0,0.2238032,6.676909,67.02316,68.0,339.0,5331123.0,23712128.0,0.20058997,0.22482684,78398.87,13.333333,4550374.5,271.0,25.0,0.09225092
2023-12-01,cape,143234.0,2068.0,32944.0,192.0,31712.0,0.22139995,3.141022,69.26209,77.0,362.0,5018237.0,19435244.0,0.21270718,0.25820294,65171.91,13.235294,4874298.0,141.0,14.0,0.09929078
2023-12-08,cape,143234.0,2068.0,32944.0,192.0,31712.0,0.22139995,3.141022,69.26209,60.0,332.0,2885975.0,18454420.0,0.18072289,0.15638393,48099.582,-22.077923,4251889.5,141.0,14.0,0.09929078
2023-12-15,cape,143234.0,2068.0,32944.0,192.0,31712.0,0.22139995,3.141022,69.26209,62.0,318.0,5958661.0,20115600.0,0.19496855,0.2962209,96107.44,3.3333333,4798499.0,141.0,14.0,0.09929078
2023-12-22,cape,143234.0,2068.0,32944.0,192.0,31712.0,0.22139995,3.141022,69.26209,86.0,343.0,5517538.0,19909756.0,0.25072888,0.27712736,64157.418,38.70968,4845103.0,141.0,14.0,0.09929078
2023-12-29,cape,161035.0,2137.0,30402.0,1.0,31770.0,0.19728631,12.427916,75.35564,78.0,361.0,4886733.0,20812192.0,0.21606648,0.23480147,62650.42,-9.302325,4812227.0,224.0,25.0,0.11160714
2024-01-05,cape,161035.0,2137.0,30402.0,1.0,31770.0,0.19728631,12.427916,75.35564,64.0,390.0,4542364.0,23296996.0,0.16410257,0.19497639,70974.44,-17.948717,5226324.0,224.0,25.0,0.11160714
2024-01-12,cape,161035.0,2137.0,30402.0,1.0,31770.0,0.19728631,12.427916,75.35564,102.0,499.0,7972720.0,31052352.0,0.20440882,0.25675094,78163.92,59.375,5729839.0,224.0,25.0,0.11160714
2024-01-19,cape,161035.0,2137.0,30402.0,1.0,31770.0,0.19728631,12.427916,75.35564,88.0,507.0,3422966.0,26477140.0,0.17357002,0.12928005,38897.34,-13.725491,5206196.0,224.0,25.0,0.11160714
2024-01-26,cape,161035.0,2137.0,30402.0,1.0,31770.0,0.19728631,12.427916,75.35564,113.0,475.0,6548134.0,25671258.0,0.23789474,0.25507647,57948.09,28.40909,5621546.0,224.0,25.0,0.11160714
2024-02-02,cape,153454.0,2202.0,29402.0,24.0,32145.0,0.20947646,-4.707672,69.68846,118.0,501.0,6648744.0,27856880.0,0.23552895,0.23867512,56345.29,4.424779,6148141.0,321.0,42.0,0.13084112
2024-02-09,cape,153454.0,2202.0,29402.0,24.0,32145.0,0.20947646,-4.707672,69.68846,140.0,542.0,7663739.0,30088534.0,0.25830257,0.2547063,54740.992,18.644068,6070896.0,321.0,42.0,0.13084112
2024-02-16,cape,153454.0,2202.0,29402.0,24.0,32145.0,0.20947646,-4.707672,69.68846,133.0,561.0,7071381.0,27597632.0,0.23707666,0.25623143,53168.277,-5.0,6982999.5,321.0,42.0,0.13084112
2024-02-23,cape,153454.0,2202.0,29402.0,24.0,32145.0,0.20947646,-4.707672,69.68846,135.0,588.0,5688034.0,29919300.0,0.22959183,0.19011255,42133.586,1.5037594,6767974.5,321.0,42.0,0.13084112
2024-03-01,cape,153396.0,2845.0,39821.0,57.0,34992.0,0.22811547,-0.037796345,53.91775,154.0,670.0,9682157.0,36068556.0,0.22985074,0.26843762,62871.15,14.074074,7526328.0,302.0,24.0,0.0794702
2024-03-08,cape,153396.0,2845.0,39821.0,57.0,34992.0,0.22811547,-0.037796345,53.91775,127.0,597.0,7458563.0,32250964.0,0.21273032,0.23126635,58728.844,-17.532467,7475034.0,302.0,24.0,0.0794702
2024-03-15,cape,153396.0,2845.0,39821.0,57.0,34992.0,0.22811547,-0.037796345,53.91775,136.0,663.0,8094248.0,38799988.0,0.20512821,0.2086147,59516.53,7.086614,7730750.5,302.0,24.0,0.0794702
2024-03-22,cape,153396.0,2845.0,39821.0,57.0,34992.0,0.22811547,-0.037796345,53.91775,142.0,613.0,9063581.0,37080196.0,0.23164764,0.24443185,63828.035,4.4117646,8574637.0,302.0,24.0,0.0794702
2024-03-29,cape,152840.0,2991.0,38686.0,68.0,33962.0,0.22220623,-0.36246055,51.099968,121.0,545.0,7819690.0,32613752.0,0.22201835,0.23976664,64625.54,-14.788733,8109020.5,289.0,28.0,0.096885815
2024-04-05,cape,152840.0,2991.0,38686.0,68.0,33962.0,0.22220623,-0.36246055,51.099968,121.0,550.0,8040643.0,32961368.0,0.22,0.24394143,66451.59,0.0,8254540.5,289.0,28.0,0.096885815
2024-04-12,cape,152840.0,2991.0,38686.0,68.0,33962.0,0.22220623,-0.36246055,51.099968,123.0,591.0,8256990.0,36263610.0,0.20812182,0.22769357,67130.0,1.6528926,8295226.0,289.0,28.0,0.096885815
2024-04-19,cape,152840.0,2991.0,38686.0,68.0,33962.0,0.22220623,-0.36246055,51.099968,133.0,535.0,9106107.0,32411788.0,0.24859813,0.28095046,68466.97,8.130081,8305857.5,289.0,28.0,0.096885815
2024-04-26,cape,152840.0,2991.0,38686.0,68.0,33962.0,0.22220623,-0.36246055,51.099968,157.0,718.0,10865046.0,46992784.0,0.21866295,0.23120669,69204.12,18.045113,9067196.0,289.0,28.0,0.096885815
2024-05-03,cape,162969.0,3135.0,41499.0,147.0,32618.0,0.2001485,6.627192,51.98373,132.0,620.0,8575413.0,35299260.0,0.21290323,0.24293464,64965.25,-15.923567,9200889.0,305.0,26.0,0.0852459
2024-05-10,cape,162969.0,3135.0,41499.0,147.0,32618.0,0.2001485,6.627192,51.98373,130.0,605.0,7540508.0,34766452.0,0.21487603,0.21689036,58003.906,-1.5151515,9021768.0,305.0,26.0,0.0852459
2024-05-17,cape,162969.0,3135.0,41499.0,147.0,32618.0,0.2001485,6.627192,51.98373,153.0,637.0,9267146.0,37847200.0,0.24018839,0.24485686,60569.582,17.692308,9062028.0,305.0,26.0,0.0852459
2024-05-24,cape,162969.0,3135.0,41499.0,147.0,32618.0,0.2001485,6.627192,51.98373,133.0,643.0,7348578.0,37563870.0,0.20684293,0.19562887,55252.465,-13.071896,8182911.0,305.0,26.0,0.0852459
2024-05-31,cape,155365.0,3135.0,43428.0,197.0,34839.0,0.22423969,-4.665918,49.558212,154.0,640.0,8502436.0,36797420.0,0.240625,0.23106067,55210.625,15.789474,8164667.0,478.0,55.0,0.11506276
2024-06-07,cape,155365.0,3135.0,43428.0,197.0,34839.0,0.22423969,-4.665918,49.558212,136.0,640.0,8616127.0,39964850.0,0.2125,0.21559264,63353.875,-11.688312,8433572.0,478.0,55.0,0.11506276
2024-06-14,cape,155365.0,3135.0,43428.0,197.0,34839.0,0.22423969,-4.665918,49.558212,178.0,678.0,8550398.0,39127370.0,0.26253688,0.2185273,48035.945,30.882353,8254385.0,478.0,55.0,0.11506276
2024-06-21,cape,155365.0,3135.0,43428.0,197.0,34839.0,0.22423969,-4.665918,49.558212,160.0,673.0,9089606.0,41905468.0,0.23774146,0.2169074,56810.04,-10.11236,8689642.0,478.0,55.0,0.11506276
2024-06-28,cape,168487.0,3357.0,45911.0,200.0,42539.0,0.25247645,8.445918,50.189754,158.0,665.0,9369203.0,40687744.0,0.23759398,0.2302709,59298.754,-1.25,8906334.0,316.0,27.0,0.085443035
2024-07-05,cape,168487.0,3357.0,45911.0,200.0,42539.0,0.25247645,8.445918,50.189754,146.0,655.0,8966545.0,40647470.0,0.22290076,0.22059293,61414.69,-7.594937,8993938.0,316.0,27.0,0.085443035
2024-07-12,cape,168487.0,3357.0,45911.0,200.0,42539.0,0.25247645,8.445918,50.189754,125.0,637.0,7599887.0,41654284.0,0.19623233,0.1824515,60799.098,-14.383562,8756310.0,316.0,27.0,0.085443035
2024-07-19,cape,168487.0,3357.0,45911.0,200.0,42539.0,0.25247645,8.445918,50.189754,143.0,599.0,7829143.0,38770084.0,0.23873122,0.20193774,54749.25,14.4,8441194.0,316.0,27.0,0.085443035
2024-07-26,cape,168487.0,3357.0,45911.0,200.0,42539.0,0.25247645,8.445918,50.189754,150.0,716.0,8679331.0,42912240.0,0.20949721,0.2022577,57862.207,4.895105,8268726.5,316.0,27.0,0.085443035
2024-08-02,cape,146987.0,3295.0,40866.0,225.0,39541.0,0.2690102,-12.760629,44.609104,149.0,673.0,10056376.0,43468050.0,0.22139673,0.23135099,67492.45,-0.6666667,8541184.0,349.0,30.0,0.08595989
2024-08-09,cape,146987.0,3295.0,40866.0,225.0,39541.0,0.2690102,-12.760629,44.609104,139.0,658.0,8202813.0,41063260.0,0.2112462,0.19976039,59013.043,-6.7114096,8691916.0,349.0,30.0,0.08595989
2024-08-16,cape,146987.0,3295.0,40866.0,225.0,39541.0,0.2690102,-12.760629,44.609104,107.0,578.0,6620434.0,35777988.0,0.1851211,0.1850421,61873.215,-23.021584,8389738.0,349.0,30.0,0.08595989
2024-08-23,cape,146987.0,3295.0,40866.0,225.0,39541.0,0.2690102,-12.760629,44.609104,123.0,618.0,8088004.0,40507404.0,0.19902913,0.1996673,65756.13,14.953271,8241907.0,349.0,30.0,0.08595989
2024-08-30,cape,147717.0,3110.0,44649.0,419.0,39897.0,0.2700908,0.49664256,47.49743,152.0,738.0,8629906.0,41389860.0,0.20596206,0.2085029,56775.7,23.577236,7885289.0,236.0,19.0,0.08050848
2024-09-06,cape,147717.0,3110.0,44649.0,419.0,39897.0,0.2700908,0.49664256,47.49743,97.0,502.0,5748938.0,31844580.0,0.1932271,0.18053113,59267.402,-36.18421,7271820.5,236.0,19.0,0.08050848
2024-09-13,cape,147717.0,3110.0,44649.0,419.0,39897.0,0.2700908,0.49664256,47.49743,146.0,766.0,6565999.0,44557310.0,0.19060053,0.14736074,44972.598,50.515465,7258212.0,236.0,19.0,0.08050848
2024-09-20,cape,147717.0,3110.0,44649.0,419.0,39897.0,0.2700908,0.49664256,47.49743,117.0,592.0,7677881.0,36152510.0,0.19763513,0.21237476,65622.914,-19.863014,7155681.0,236.0,19.0,0.08050848
2024-09-27,cape,147717.0,3110.0,44649.0,419.0,39897.0,0.2700908,0.49664256,47.49743,122.0,622.0,7891689.0,42073070.0,0.19614148,0.187571,64685.977,4.2735043,6971127.0,236.0,19.0,0.08050848
2024-10-04,cape,154889.0,3189.0,48810.0,125.0,39341.0,0.2539948,4.85523,48.56977,146.0,642.0,9921348.0,40791376.0,0.22741432,0.24322172,67954.44,19.67213,8014229.0,289.0,32.0,0.11072665
2024-10-11,cape,154889.0,3189.0,48810.0,125.0,39341.0,0.2539948,4.85523,48.56977,133.0,569.0,9741802.0,37389896.0,0.23374341,0.26054636,73246.63,-8.90411,8808180.0,289.0,32.0,0.11072665
2024-10-18,cape,154889.0,3189.0,48810.0,125.0,39341.0,0.2539948,4.85523,48.56977,141.0,624.0,9561967.0,40884984.0,0.22596154,0.23387478,67815.37,6.0150375,9279202.0,289.0,32.0,0.11072665
2024-10-25,cape,154889.0,3189.0,48810.0,125.0,39341.0,0.2539948,4.85523,48.56977,142.0,592.0,9201616.0,37745476.0,0.23986487,0.24378063,64800.113,0.7092199,9606683.0,289.0,32.0,0.11072665
2024-11-01,cape,148886.0,2984.0,43848.0,186.0,35332.0,0.23730908,-3.8756788,49.89477,149.0,615.0,8347217.0,38619876.0,0.24227643,0.21613786,56021.59,4.9295774,9213150.0,272.0,12.0,0.04411765
2024-11-08,cape,148886.0,2984.0,43848.0,186.0,35332.0,0.23730908,-3.8756788,49.89477,127.0,600.0,8657572.0,35622384.0,0.21166667,0.24303743,68169.86,-14.7651005,8942093.0,272.0,12.0,0.04411765
2024-11-15,cape,148886.0,2984.0,43848.0,186.0,35332.0,0.23730908,-3.8756788,49.89477,106.0,575.0,6012401.0,34753004.0,0.18434782,0.17300378,56720.766,-16.535433,8054701.5,272.0,12.0,0.04411765
2024-11-22,cape,148886.0,2984.0,43848.0,186.0,35332.0,0.23730908,-3.8756788,49.89477,119.0,619.0,6691110.0,35583376.0,0.19224556,0.18804035,56227.816,12.264151,7427075.0,272.0,12.0,0.04411765
2024-11-29,cape,165777.0,3224.0,40158.0,283.0,38738.0,0.23367536,11.344922,51.419666,133.0,598.0,8158509.0,37293330.0,0.22240803,0.21876591,61342.17,11.764706,7379898.0,295.0,34.0,0.11525424
2024-12-06,cape,165777.0,3224.0,40158.0,283.0,38738.0,0.23367536,11.344922,51.419666,108.0,544.0,6732763.0,32571252.0,0.1985294,0.20670874,62340.4,-18.796993,6898696.0,295.0,34.0,0.11525424
2024-12-13,cape,165777.0,3224.0,40158.0,283.0,38738.0,0.23367536,11.344922,51.419666,126.0,585.0,8839540.0,38625908.0,0.21538462,0.22885004,70155.08,16.666666,7605480.5,295.0,34.0,0.11525424
2024-12-20,cape,165777.0,3224.0,40158.0,283.0,38738.0,0.23367536,11.344922,51.419666,123.0,535.0,7149419.0,34383508.0,0.22990654,0.20793164,58125.36,-2.3809524,7720058.0,295.0,34.0,0.11525424
2024-12-27,cape,165777.0,3224.0,40158.0,283.0,38738.0,0.23367536,11.344922,51.419666,116.0,573.0,7213324.0,34332876.0,0.20244329,0.21009961,62183.83,-5.6910567,7483761.5,295.0,34.0,0.11525424
2025-01-03,cape,173690.0,3137.0,40742.0,341.0,39115.0,0.22520007,4.7732797,55.368187,122.0,592.0,8854981.0,36902020.0,0.20608108,0.23995925,72581.81,5.172414,8014316.0,229.0,17.0,0.074235804
2025-01-10,cape,173690.0,3137.0,40742.0,341.0,39115.0,0.22520007,4.7732797,55.368187,107.0,546.0,5373360.0,34370616.0,0.1959707,0.15633586,50218.316,-12.295082,7147771.0,229.0,17.0,0.074235804
2025-01-17,cape,173690.0,3137.0,40742.0,341.0,39115.0,0.22520007,4.7732797,55.368187,115.0,561.0,7346784.0,32905398.0,0.20499109,0.22326986,63885.08,7.4766355,7197112.0,229.0,17.0,0.074235804
2025-01-24,cape,173690.0,3137.0,40742.0,341.0,39115.0,0.22520007,4.7732797,55.368187,116.0,579.0,6918387.0,37259850.0,0.20034543,0.18567942,59641.266,0.8695652,7123378.0,229.0,17.0,0.074235804
2025-01-31,cape,171926.0,3208.0,40403.0,270.0,38071.0,0.22143829,-1.0156025,53.59289,114.0,624.0,7843200.0,35089400.0,0.1826923,0.22352049,68800.0,-1.7241379,6870433.0,323.0,45.0,0.13931888
2025-02-07,cape,171926.0,3208.0,40403.0,270.0,38071.0,0.22143829,-1.0156025,53.59289,85.0,606.0,6482001.0,33965696.0,0.14026402,0.19083963,76258.836,-25.438597,7147593.0,323.0,45.0,0.13931888
2025-02-14,cape,171926.0,3208.0,40403.0,270.0,38071.0,0.22143829,-1.0156025,53.59289,102.0,594.0,6992488.0,33936384.0,0.17171717,0.20604692,68553.805,20.0,7059019.0,323.0,45.0,0.13931888
2025-02-21,cape,171926.0,3208.0,40403.0,270.0,38071.0,0.22143829,-1.0156025,53.59289,113.0,589.0,7119836.0,34603316.0,0.19185059,0.20575589,63007.4,10.784314,7109381.0,323.0,45.0,0.13931888
2025-02-28,cape,166997.0,3256.0,45552.0,111.0,37459.0,0.22430941,-2.8669312,51.289005,112.0,646.0,7034540.0,35254584.0,0.17337461,0.19953547,62808.395,-0.88495576,6907216.0,390.0,46.0,0.11794872
2025-03-07,cape,166997.0,3256.0,45552.0,111.0,37459.0,0.22430941,-2.8669312,51.289005,117.0,626.0,7497811.0,37522504.0,0.18690096,0.19982173,64083.855,4.464286,7161169.0,390.0,46.0,0.11794872
2025-03-14,cape,166997.0,3256.0,45552.0,111.0,37459.0,0.22430941,-2.8669312,51.289005,112.0,575.0,8046780.0,34884120.0,0.19478261,0.2306717,71846.25,-4.2735043,7424742.0,390.0,46.0,0.11794872
2025-03-21,cape,166997.0,3256.0,45552.0,111.0,37459.0,0.22430941,-2.8669312,51.289005,109.0,551.0,7069930.0,32079216.0,0.19782214,0.22038974,64861.742,-2.6785715,7412265.0,390.0,46.0,0.11794872
2025-03-28,cape,153969.0,2992.0,47479.0,206.0,34093.0,0.2214277,-7.8013377,51.460228,92.0,561.0,8250872.0,39166944.0,0.16399287,0.21065907,89683.39,-15.596331,7716348.0,263.0,26.0,0.09885932
2025-04-04,cape,153969.0,2992.0,47479.0,206.0,34093.0,0.2214277,-7.8013377,51.460228,108.0,580.0,8621293.0,36271896.0,0.18620689,0.23768519,79826.79,17.391304,7997219.0,263.0,26.0,0.09885932
2025-04-11,cape,153969.0,2992.0,47479.0,206.0,34093.0,0.2214277,-7.8013377,51.460228,108.0,563.0,8019667.0,36746250.0,0.19182949,0.21824451,74256.18,0.0,7990440.5,263.0,26.0,0.09885932
2025-04-18,cape,153969.0,2992.0,47479.0,206.0,34093.0,0.2214277,-7.8013377,51.460228,132.0,567.0,10515556.0,38823730.0,0.23280424,0.27085385,79663.305,22.222221,8851847.0,263.0,26.0,0.09885932
2025-04-25,cape,153969.0,2992.0,47479.0,206.0,34093.0,0.2214277,-7.8013377,51.460228,114.0,600.0,7672841.0,37707604.0,0.19,0.2034826,67305.625,-13.636364,8707339.0,263.0,26.0,0.09885932
2025-05-02,cape,167467.0,3195.0,47248.0,242.0,34112.0,0.20369387,8.7667,52.415337,117.0,596.0,7723191.0,39800916.0,0.19630873,0.19404556,66010.18,2.631579,8482814.0,379.0,47.0,0.124010555
2025-05-09,cape,167467.0,3195.0,47248.0,242.0,34112.0,0.20369387,8.7667,52.415337,101.0,547.0,7283466.0,36150370.0,0.1846435,0.20147696,72113.52,-13.675214,8298763.5,379.0,47.0,0.124010555
2025-05-16,cape,167467.0,3195.0,47248.0,242.0,34112.0,0.20369387,8.7667,52.415337,124.0,676.0,7332227.0,43983228.0,0.18343195,0.16670507,59130.863,22.772278,7502931.0,379.0,47.0,0.124010555
2025-05-23,cape,167467.0,3195.0,47248.0,242.0,34112.0,0.20369387,8.7667,52.415337,131.0,683.0,8064940.0,41063760.0,0.19180088,0.19640043,61564.426,5.645161,7600956.0,379.0,47.0,0.124010555
2025-05-30,cape,169451.0,3194.0,45127.0,258.0,38348.0,0.2263073,1.184711,53.05291,120.0,543.0,9281983.0,36110510.0,0.22099447,0.2570438,77349.86,-8.396947,7990654.0,298.0,25.0,0.08389262
2025-06-06,cape,169451.0,3194.0,45127.0,258.0,38348.0,0.2263073,1.184711,53.05291,122.0,655.0,6198945.0,42729230.0,0.18625954,0.14507504,50811.023,1.6666666,7719524.0,298.0,25.0,0.08389262
2025-06-13,cape,169451.0,3194.0,45127.0,258.0,38348.0,0.2263073,1.184711,53.05291,118.0,668.0,6969969.0,40768252.0,0.17664671,0.1709656,59067.535,-3.2786884,7628959.0,298.0,25.0,0.08389262
2025-06-20,cape,169451.0,3194.0,45127.0,258.0,38348.0,0.2263073,1.184711,53.05291,108.0,596.0,5812374.0,40939450.0,0.18120806,0.14197491,53818.277,-8.474576,7065818.0,298.0,25.0,0.08389262
2025-06-27,cape,169451.0,3194.0,45127.0,258.0,38348.0,0.2263073,1.184711,53.05291,126.0,638.0,9598246.0,42082440.0,0.19749217,0.22808199,76176.555,16.666666,7144883.5,298.0,25.0,0.08389262
2025-07-04,cape,164981.0,3467.0,47510.0,271.0,42183.0,0.255684,-2.6379306,47.586098,108.0,570.0,8034890.0,39911790.0,0.18947369,0.2013162,74397.13,-14.285714,7603870.0,433.0,37.0,0.085450344
2025-07-11,cape,164981.0,3467.0,47510.0,271.0,42183.0,0.255684,-2.6379306,47.586098,124.0,793.0,7124091.0,50640524.0,0.15636823,0.14067964,57452.348,14.814815,7642400.0,433.0,37.0,0.085450344
2025-07-18,cape,164981.0,3467.0,47510.0,271.0,42183.0,0.255684,-2.6379306,47.586098,113.0,624.0,6961864.0,42465190.0,0.18108974,0.16394283,61609.414,-8.870968,7929773.0,433.0,37.0,0.085450344
2025-07-25,cape,164981.0,3467.0,47510.0,271.0,42183.0,0.255684,-2.6379306,47.586098,118.0,644.0,7183113.0,40703400.0,0.18322982,0.17647453,60873.84,4.424779,7325989.5,433.0,37.0,0.085450344
2025-08-01,cape,159461.0,3332.0,47827.0,294.0,39439.0,0.24732693,-3.3458397,47.857445,121.0,720.0,7551337.0,43922684.0,0.16805555,0.1719234,62407.742,2.542373,7205101.0,326.0,26.0,0.0797546
2025-08-08,cape,159461.0,3332.0,47827.0,294.0,39439.0,0.24732693,-3.3458397,47.857445,132.0,607.0,7559843.0,40626350.0,0.21746293,0.18608226,57271.54,9.090909,7314039.0,326.0,26.0,0.0797546
2025-08-15,cape,159461.0,3332.0,47827.0,294.0,39439.0,0.24732693,-3.3458397,47.857445,139.0,720.0,10038804.0,44923184.0,0.19305556,0.22346598,72221.61,5.3030305,8083274.0,326.0,26.0,0.0797546
2025-08-22,cape,159461.0,3332.0,47827.0,294.0,39439.0,0.24732693,-3.3458397,47.857445,128.0,680.0,7521395.0,45259468.0,0.1882353,0.1661839,58760.9,-7.913669,8167845.0,326.0,26.0,0.0797546
2025-08-29,cape,170398.0,3549.0,53494.0,337.0,44617.0,0.26183993,6.8587303,48.012962,137.0,700.0,9898553.0,45297636.0,0.19571428,0.21852252,72252.21,7.03125,8754649.0,308.0,16.0,0.051948052
2025-09-05,cape,170398.0,3549.0,53494.0,337.0,44617.0,0.26183993,6.8587303,48.012962,126.0,717.0,7811079.0,45188480.0,0.17573221,0.17285554,61992.69,-8.029197,8817458.0,308.0,16.0,0.051948052
2025-09-12,cape,170398.0,3549.0,53494.0,337.0,44617.0,0.26183993,6.8587303,48.012962,106.0,620.0,6944062.0,39996110.0,0.17096774,0.17361842,65510.02,-15.873015,8043772.0,308.0,16.0,0.051948052
2025-09-19,cape,170398.0,3549.0,53494.0,337.0,44617.0,0.26183993,6.8587303,48.012962,130.0,653.0,8274811.0,44039624.0,0.19908117,0.18789467,63652.39,22.64151,8232126.0,308.0,16.0,0.051948052
2025-09-26,cape,170398.0,3549.0,53494.0,337.0,44617.0,0.26183993,6.8587303,48.012962,130.0,650.0,8931844.0,43316944.0,0.2,0.20619747,68706.49,0.0,7990449.0,308.0,16.0,0.051948052
2025-10-03,cape,160069.0,3460.0,48032.0,174.0,40981.0,0.25602084,-6.061691,46.26272,142.0,678.0,9932385.0,42621370.0,0.20943953,0.2330377,69946.375,9.230769,8520776.0,192.0,10.0,0.052083332
2025-10-10,cape,160069.0,3460.0,48032.0,174.0,40981.0,0.25602084,-6.061691,46.26272,130.0,666.0,8749470.0,45523530.0,0.1951952,0.19219665,67303.62,-8.450705,8972128.0,192.0,10.0,0.052083332
2025-10-17,cape,160069.0,3460.0,48032.0,174.0,40981.0,0.25602084,-6.061691,46.26272,133.0,713.0,8141765.0,43697268.0,0.18653576,0.18632206,61216.277,2.3076923,8938866.0,192.0,10.0,0.052083332
2025-10-24,cape,160069.0,3460.0,48032.0,174.0,40981.0,0.25602084,-6.061691,46.26272,119.0,627.0,9379479.0,43144724.0,0.18979266,0.21739574,78819.15,-10.526316,9050775.0,192.0,10.0,0.052083332
2025-10-31,cape,161305.0,3317.0,45682.0,352.0,37631.0,0.23329097,0.772167,48.629787,131.0,656.0,10262489.0,40916400.0,0.19969513,0.25081602,78339.61,10.084034,9133301.0,351.0,35.0,0.0997151
2025-11-07,cape,161305.0,3317.0,45682.0,352.0,37631.0,0.23329097,0.772167,48.629787,134.0,623.0,9162124.0,40189748.0,0.21508828,0.22797167,68374.06,2.2900763,9236464.0,351.0,35.0,0.0997151
2025-11-14,cape,161305.0,3317.0,45682.0,352.0,37631.0,0.23329097,0.772167,48.629787,104.0,598.0,6702218.0,37603308.0,0.17391305,0.17823479,64444.402,-22.38806,8876578.0,351.0,35.0,0.0997151
2025-11-21,cape,161305.0,3317.0,45682.0,352.0,37631.0,0.23329097,0.772167,48.629787,111.0,583.0,7584404.0,37023304.0,0.1903945,0.20485488,68327.96,6.730769,8427809.0,351.0,35.0,0.0997151
2025-11-28,cape,184737.0,3520.0,45308.0,93.0,35758.0,0.19356166,14.526518,52.4821,118.0,606.0,7788239.0,40774580.0,0.19471948,0.19100721,66002.02,6.3063064,7809246.0,277.0,126.0,0.45487365
2025-12-05,cape,184737.0,3520.0,45308.0,93.0,35758.0,0.19356166,14.526518,52.4821,135.0,645.0,6944705.0,40770944.0,0.20930232,0.17033467,51442.258,14.406779,7254891.5,277.0,126.0,0.45487365
2025-12-12,cape,184737.0,3520.0,45308.0,93.0,35758.0,0.19356166,14.526518,52.4821,121.0,606.0,7656474.0,38390250.0,0.19966997,0.19943799,63276.645,-10.37037,7493455.5,277.0,126.0,0.45487365
2025-12-19,cape,184737.0,3520.0,45308.0,93.0,35758.0,0.19356166,14.526518,52.4821,89.0,590.0,5983639.0,35381920.0,0.15084746,0.16911572,67231.9,-26.446281,7093264.0,277.0,126.0,0.45487365
2025-12-26,cape,184737.0,3520.0,45308.0,93.0,35758.0,0.19356166,14.526518,52.4821,120.0,580.0,8375552.0,39555904.0,0.20689656,0.21173961,69796.266,34.83146,7240092.5,277.0,126.0,0.45487365
2026-01-02,cape,181728.0,3408.0,43294.0,393.0,38113.0,0.20972553,-1.6288021,53.323944,119.0,578.0,8040255.0,37560540.0,0.20588236,0.21406122,67565.17,-0.8333333,7513980.0,376.0,167.0,0.44414893
2026-01-09,cape,181728.0,3408.0,43294.0,393.0,38113.0,0.20972553,-1.6288021,53.323944,107.0,604.0,6127052.0,38033590.0,0.17715232,0.16109581,57262.168,-10.084034,7131624.5,376.0,167.0,0.44414893
2026-01-16,cape,181728.0,3408.0,43294.0,393.0,38113.0,0.20972553,-1.6288021,53.323944,109.0,580.0,5555806.0,35418436.0,0.18793103,0.15686198,50970.695,1.8691589,7024666.0,376.0,167.0,0.44414893
2026-01-23,cape,181728.0,3408.0,43294.0,393.0,38113.0,0.20972553,-1.6288021,53.323944,112.0,636.0,7093352.0,37285092.0,0.17610063,0.19024633,63333.5,2.7522936,6704116.0,376.0,167.0,0.44414893
2026-01-30,cape,188450.0,3488.0,46324.0,306.0,44012.0,0.23354736,3.6989346,54.028095,123.0,604.0,8253428.0,36664460.0,0.20364238,0.22510704,67101.04,9.821428,6757409.5,298.0,112.0,0.37583894
2026-02-06,cape,188450.0,3488.0,46324.0,306.0,44012.0,0.23354736,3.6989346,54.028095,122.0,646.0,5768143.0,34918220.0,0.18885449,0.16519007,47279.86,-0.8130081,6667682.0,298.0,112.0,0.37583894
2026-02-13,cape,188450.0,3488.0,46324.0,306.0,44012.0,0.23354736,3.6989346,54.028095,78.0,536.0,3403560.0,30124552.0,0.14552239,0.11298293,43635.383,-36.065575,6129621.0,298.0,112.0,0.37583894
2026-02-20,cape,188450.0,3488.0,46324.0,306.0,44012.0,0.23354736,3.6989346,54.028095,103.0,562.0,7172574.0,35097444.0,0.18327402,0.20436172,69636.64,32.05128,6149426.0,298.0,112.0,0.37583894
2026-02-27,cape,188450.0,3488.0,46324.0,306.0,44012.0,0.23354736,3.6989346,54.028095,99.0,618.0,6290360.0,36657308.0,0.16019417,0.17159906,63538.99,-3.883495,5658659.0,298.0,112.0,0.37583894
2026-03-06,cape,188450.0,3488.0,46324.0,306.0,44012.0,0.23354736,3.6989346,54.028095,89.0,663.0,6236720.0,38268490.0,0.13423832,0.16297273,70075.51,-10.10101,5775803.5,298.0,112.0,0.37583894
2026-03-13,cape,188450.0,3488.0,46324.0,306.0,44012.0,0.23354736,3.6989346,54.028095,85.0,628.0,4220818.0,34390570.0,0.13535032,0.12273184,49656.684,-4.494382,5980118.0,298.0,112.0,0.37583894
2026-03-20,cape,188450.0,3488.0,46324.0,306.0,44012.0,0.23354736,3.6989346,54.028095,89.0,616.0,5261398.0,34814316.0,0.14448053,0.15112743,59116.832,4.7058825,5502324.0,298.0,112.0,0.37583894
2026-03-27,cape,188450.0,3488.0,46324.0,306.0,44012.0,0.23354736,3.6989346,54.028095,137.0,627.0,8219386.0,36578050.0,0.2185008,0.22470817,59995.52,53.932583,5984580.5,298.0,112.0,0.37583894
2026-04-03,cape,188450.0,3488.0,46324.0,306.0,44012.0,0.23354736,3.6989346,54.028095,146.0,608.0,6199094.0,33997430.0,0.24013157,0.18234006,42459.547,6.569343,5975174.0,298.0,112.0,0.37583894
2026-04-10,cape,188450.0,3488.0,46324.0,306.0,44012.0,0.23354736,3.6989346,54.028095,144.0,609.0,5475558.0,32914096.0,0.2364532,0.16635905,38024.707,-1.369863,6288859.0,298.0,112.0,0.37583894
2026-04-17,cape,188450.0,3488.0,46324.0,306.0,44012.0,0.23354736,3.6989346,54.028095,170.0,628.0,8649419.0,36577260.0,0.27070063,0.23646985,50878.934,18.055555,7135864.0,298.0,112.0,0.37583894
2026-04-24,cape,188450.0,3488.0,46324.0,306.0,44012.0,0.23354736,3.6989346,54.028095,173.0,662.0,8434085.0,43215344.0,0.2613293,0.19516413,48751.938,1.7647059,7189539.0,298.0,112.0,0.37583894
2026-05-01,cape,188450.0,3488.0,46324.0,306.0,44012.0,0.23354736,3.6989346,54.028095,151.0,647.0,7652896.0,39058416.0,0.23338485,0.19593461,50681.43,-12.716763,7552989.5,298.0,112.0,0.37583894
2026-05-08,cape,188450.0,3488.0,46324.0,306.0,44012.0,0.23354736,3.6989346,54.028095,150.0,599.0,8562598.0,38890772.0,0.25041735,0.22017044,57083.99,-0.66225165,8324749.5,298.0,112.0,0.37583894
2026-05-15,cape,188450.0,3488.0,46324.0,306.0,44012.0,0.23354736,3.6989346,54.028095,133.0,644.0,8082894.0,41696420.0,0.20652173,0.19385102,60773.64,-11.333333,8183118.0,298.0,112.0,0.37583894
2026-05-22,cape,188450.0,3488.0,46324.0,306.0,44012.0,0.23354736,3.6989346,54.028095,153.0,631.0,7866911.0,42119290.0,0.24247226,0.18677692,51417.72,15.037594,8041325.0,298.0,112.0,0.37583894
2026-05-29,cape,188450.0,3488.0,46324.0,306.0,44012.0,0.23354736,3.6989346,54.028095,46.0,245.0,2316986.0,12790755.0,0.18775511,0.18114537,50369.26,-69.93464,6707347.0,298.0,112.0,0.37583894
2026-06-05,cape,188450.0,3488.0,46324.0,306.0,44012.0,0.23354736,3.6989346,54.028095,,,,,,,,,,298.0,112.0,0.37583894
2026-06-12,cape,188450.0,3488.0,46324.0,306.0,44012.0,0.23354736,3.6989346,54.028095,,,,,,,,,,298.0,112.0,0.37583894
2026-06-19,cape,,,,,,,,,,,,,,,,,,298.0,112.0,0.37583894
2026-06-26,cape,,,,,,,,,,,,,,,,,,298.0,112.0,0.37583894
