week_ending_friday,brent_price,wti_price,brent_wti_spread,brent_return_pct,wti_return_pct,brent_log_return,brent_direction,brent_vol_4w,brent_vol_12w,crude_stocks_excl_spr,cushing_stocks,crude_production,crude_imports,crude_exports,refinery_crude_input,refinery_utilisation,gasoline_supplied,distillate_supplied,jet_fuel_supplied,crude_stocks_change,cushing_stocks_change,net_crude_trade,sp500,vix,dollar_index,treasury_10y,fed_funds_rate,sp500_return_pct,avail_market,avail_eia_weekly,avail_sp500,avail_dollar_index
2006-01-06,62.43,64.21,-1.779999999999994,7.0106273568735,5.1588601375695875,0.06775796463407739,1.0,0.041787592839331686,0.047446025456982226,302584.0,21635.0,5023.0,9870.0,20.0,15261.0,89.8,8950.0,4036.0,1626.0,-2943.0,-259.0,9850.0,1285.449951171875,11.0,100.0241,4.38,4.22,,1,1,1,1
2006-01-13,61.58,63.86,-2.280000000000001,-1.3615249078968494,-0.5450864351347007,-0.013708786577298484,0.0,0.045659275067544566,0.04682215134779211,305325.0,21759.0,5110.0,9846.0,20.0,14693.0,86.5,8859.0,4131.0,1574.0,2741.0,124.0,9826.0,1287.6099853515625,11.23,99.9675,4.36,4.3,0.168037205782956,1,1,1,1
2006-01-20,64.92,68.16,-3.239999999999995,5.423838908736611,6.733479486376437,0.05281860015003623,1.0,0.03541209566505643,0.047564301650906506,303016.0,21386.0,5119.0,9257.0,20.0,14679.0,86.2,8826.0,4250.0,1583.0,-2309.0,-373.0,9237.0,1261.489990234375,14.56,99.9017,4.37,4.24,-2.0285641936875654,1,1,1,1
2006-01-27,64.95,67.81,-2.8599999999999994,0.046210720887240875,-0.5134976525821511,0.0004620004702180313,1.0,0.03953551238782453,0.047500809976122084,304935.0,21118.0,4862.0,9596.0,21.0,14721.0,87.0,8879.0,4167.0,1560.0,1919.0,-268.0,9575.0,1283.719970703125,11.97,99.6433,4.52,4.42,1.7622003060539404,1,1,1,1
2006-02-03,62.54,65.41,-2.8699999999999974,-3.7105465742879207,-3.539300988054872,-0.03781139108691339,0.0,0.03832699361784637,0.03489106390686424,304523.0,21087.0,4903.0,9860.0,21.0,14518.0,85.8,8967.0,4226.0,1600.0,-412.0,-31.0,9839.0,1264.030029296875,12.96,100.118,4.54,4.51,-1.5338190458675571,1,1,1,1
2006-02-10,59.66,62.01,-2.3500000000000014,-4.605052766229623,-5.197981959944964,-0.04714457294309287,0.0,0.045429424599676485,0.03730262427302011,309376.0,21267.0,5003.0,10264.0,21.0,14602.0,86.1,9083.0,4226.0,1571.0,4853.0,180.0,10243.0,1266.989990234375,12.87,100.322,4.59,4.51,0.2341685615765421,1,1,1,1
2006-02-17,58.34,59.76,-1.4199999999999946,-2.212537713711016,-3.6284470246734424,-0.022373814647026962,0.0,0.02080010076492331,0.038467643493234484,310497.0,22439.0,4997.0,9959.0,21.0,14554.0,86.6,9046.0,4358.0,1621.0,1121.0,1172.0,9938.0,1287.239990234375,12.01,100.3404,4.54,4.48,1.5982762418078833,1,1,1,1
2006-02-24,60.13,61.46,-1.3299999999999983,3.068220774768604,2.844712182061593,0.03022092061190201,1.0,0.03454349760508439,0.038335247458854214,312135.0,22244.0,4985.0,9878.0,21.0,14466.0,85.2,8951.0,4255.0,1636.0,1638.0,-195.0,9857.0,1289.4300537109375,11.46,100.2594,4.58,4.48,0.17013637652476543,1,1,1,1
2006-03-03,62.69,63.61,-0.9200000000000017,4.2574422085481345,3.498210218027986,0.04169306023439973,1.0,0.04232170025500728,0.038429175051531435,318776.0,23528.0,5054.0,10145.0,21.0,14075.0,83.0,9057.0,4356.0,1542.0,6641.0,1284.0,10124.0,1287.22998046875,11.96,99.7024,4.68,4.51,-0.17062369811031708,1,1,1,1
2006-03-10,59.04,59.91,-0.8699999999999974,-5.82230020736959,-5.816695488130796,-0.059986764993660034,0.0,0.047340370418250836,0.04292406330386652,323612.0,24022.0,5154.0,9940.0,21.0,14388.0,85.7,9106.0,4438.0,1596.0,4836.0,494.0,9919.0,1281.4200439453125,11.85,100.9566,4.76,4.51,-0.45135186498078683,1,1,1,1
2006-03-17,63.54,62.81,0.7299999999999969,7.621951219512191,4.840594224670358,0.07345444854915299,1.0,0.05722201250800772,0.0461550050682451,322302.0,23899.0,5027.0,9331.0,21.0,14643.0,86.7,9100.0,4076.0,1634.0,-1310.0,-123.0,9310.0,1307.25,12.12,99.8614,4.68,4.6,2.0157290481551016,1,1,1,1
2006-03-24,62.78,63.9,-1.1199999999999974,-1.1960969468051585,1.7353924534309728,-0.012033077427562561,0.0,0.05891257734611704,0.045790068250905605,324332.0,25300.0,5016.0,10100.0,21.0,14728.0,87.0,9054.0,4078.0,1613.0,2030.0,1401.0,10079.0,1302.949951171875,11.19,100.7773,4.67,4.69,-0.32893852194492146,1,1,1,1
2006-03-31,66.06,66.25,-0.18999999999999773,5.224593819687806,3.6776212832550836,0.05092686854883617,1.0,0.06068189700136146,0.04395099239722841,326442.0,24943.0,5024.0,9953.0,22.0,14644.0,85.9,9063.0,4039.0,1626.0,2110.0,-357.0,9931.0,1294.8699951171875,11.39,100.56,4.86,5.0,-0.620127891130462,1,1,1,1
2006-04-07,67.11,67.02,0.09000000000000341,1.5894641235240536,1.1622641509433818,0.015769644207504183,1.0,0.037766963254145226,0.04365073007273592,329594.0,24472.0,5053.0,9539.0,22.0,14575.0,85.6,9297.0,4269.0,1639.0,3152.0,-471.0,9517.0,1295.5,12.26,100.4187,4.97,4.76,0.048653910059548444,1,1,1,1
2006-04-14,69.39,69.53,-0.14000000000000057,3.3974072418417434,3.7451507012832064,0.033409700741309487,1.0,0.0268577198729296,0.042138776241085384,328788.0,25147.0,5125.0,9665.0,22.0,14721.0,86.2,9100.0,3995.0,1636.0,-806.0,675.0,9643.0,1289.1199951171875,12.38,100.4697,5.05,4.8,-0.4924743251881525,1,1,1,1
2006-04-21,73.94,73.73,0.20999999999999375,6.557140798385941,6.040558032503962,0.06351118859702841,1.0,0.020812201807273095,0.04526178644495768,328562.0,25055.0,5127.0,9864.0,22.0,15064.0,88.2,9012.0,3899.0,1735.0,-226.0,-92.0,9842.0,1311.280029296875,11.59,99.4345,5.01,4.74,1.7190047678744547,1,1,1,1
2006-04-28,72.15,71.8,0.3500000000000085,-2.4208817960508444,-2.6176590261765997,-0.0245066682886059,0.0,0.036765196979134225,0.04411100081033446,330289.0,24999.0,5122.0,9811.0,22.0,15043.0,88.8,9099.0,4171.0,1665.0,1727.0,-56.0,9789.0,1310.6099853515625,11.59,98.1412,5.07,4.86,-0.05109846335963342,1,1,1,1
2006-05-05,71.22,70.09,1.1299999999999955,-1.2889812889812946,-2.381615598885789,-0.012973607370248266,0.0,0.04096939435232071,0.04094110165918651,330615.0,25121.0,5128.0,10007.0,21.0,15315.0,90.2,9346.0,4199.0,1795.0,326.0,122.0,9986.0,1325.760009765625,11.62,97.2585,5.12,4.83,1.1559521584141308,1,1,1,1
2006-05-12,71.3,71.87,-0.5700000000000074,0.11232799775344748,2.5395919532030353,0.0011226495706186572,1.0,0.0392406834320417,0.039541685405079206,330550.0,24429.0,5069.0,10383.0,21.0,15336.0,89.8,9327.0,4125.0,1610.0,-65.0,-692.0,10362.0,1291.239990234375,14.19,96.8788,5.19,5.01,-2.603790978531073,1,1,1,1
2006-05-19,66.93,68.44,-1.509999999999991,-6.129032258064504,-4.772505913454861,-0.0632490303076993,0.0,0.027629814549584967,0.04541047054558412,327552.0,23157.0,5093.0,9557.0,21.0,15333.0,89.7,9193.0,3940.0,1745.0,-2998.0,-1272.0,9536.0,1267.030029296875,17.18,97.933,5.05,5.0,-1.8749389052848064,1,1,1,1
2006-05-26,69.88,71.35,-1.4699999999999989,4.407590019423258,4.251899473991805,0.04313218815330478,1.0,0.0438745000409768,0.045506666177645025,329151.0,22569.0,5088.0,10842.0,21.0,15519.0,91.4,9430.0,4142.0,1661.0,1599.0,-588.0,10821.0,1280.1600341796875,14.26,97.8995,5.06,4.99,1.036282059557725,1,1,1,1
2006-06-02,68.42,72.73,-4.310000000000002,-2.0892959358900898,1.9341275402943392,-0.02111430571639712,0.0,0.04436863317227056,0.04133835652607892,330434.0,23236.0,5097.0,10881.0,21.0,15634.0,91.0,9367.0,4016.0,1505.0,1283.0,667.0,10860.0,1288.219970703125,14.32,97.5544,5.0,4.97,0.6296038236033752,1,1,1,1
2006-06-09,69.13,71.62,-2.490000000000009,1.0377082724349451,-1.5261927677712062,0.010323610407714864,1.0,0.04536664472011811,0.03659084952144758,329454.0,22527.0,5211.0,10547.0,21.0,15830.0,92.7,9413.0,4080.0,1698.0,-980.0,-709.0,10526.0,1252.300048828125,18.12,98.5471,4.98,5.0,-2.7883376047488584,1,1,1,1
2006-06-16,65.01,69.75,-4.739999999999995,-5.959785910603199,-2.61100251326446,-0.061447685740796135,0.0,0.044634821829673876,0.04139583368727788,330839.0,23642.0,5198.0,10994.0,21.0,15968.0,93.3,9429.0,4087.0,1695.0,1385.0,1115.0,10973.0,1251.5400390625,17.25,98.9127,5.13,4.94,-0.060689110915246314,1,1,1,1
2006-06-23,69.91,70.5,-0.5900000000000034,7.537301953545605,1.0752688172043001,0.07266759630751639,1.0,0.056594294227460665,0.04407734502873941,327510.0,24127.0,5162.0,10546.0,21.0,16124.0,93.8,9540.0,4091.0,1682.0,-3329.0,485.0,10525.0,1244.5,15.89,99.4216,5.23,4.98,-0.5625100949845363,1,1,1,1
2006-06-30,73.2,73.94,-0.7399999999999949,4.706050636532688,4.879432624113478,0.04598672044337211,1.0,0.0581310864871001,0.04560269875364527,325089.0,24920.0,5129.0,10539.0,22.0,15940.0,93.1,9645.0,4122.0,1763.0,-2421.0,793.0,10517.0,1270.199951171875,13.08,98.2483,5.15,5.05,2.0650824565588533,1,1,1,1
2006-07-07,74.14,73.76,0.37999999999999545,1.2841530054644723,-0.24344062753582918,0.012759776755320251,1.0,0.05805217033581462,0.04490969372964244,319159.0,25003.0,5275.0,9619.0,22.0,15496.0,90.5,9621.0,4182.0,1569.0,-5930.0,83.0,9597.0,1265.47998046875,13.97,97.7508,5.14,5.22,-0.37159273221277767,1,1,1,1
2006-07-14,76.13,76.8,-0.6700000000000017,2.684111141084422,4.121475054229928,0.026487207595534887,1.0,0.02599061918524797,0.041721948624527896,319310.0,24529.0,5265.0,10701.0,22.0,15906.0,92.9,9569.0,4160.0,1689.0,151.0,-474.0,10679.0,1236.199951171875,18.05,98.6814,5.07,5.26,-2.3137489133592815,1,1,1,1
2006-07-21,72.96,73.52,-0.5600000000000023,-4.1639301195323775,-4.270833333333335,-0.04253105955204526,0.0,0.038000765672729815,0.04308222159438091,319340.0,25361.0,5141.0,10507.0,22.0,15817.0,92.5,9573.0,4151.0,1735.0,30.0,832.0,10485.0,1240.2900390625,17.4,98.5221,5.05,5.23,0.3308597356558529,1,1,1,1
2006-07-28,73.95,73.3,0.6500000000000057,1.3569078947368585,-0.29923830250271344,0.013477843390733017,1.0,0.030708028975409727,0.042982733915400584,317566.0,25591.0,4940.0,10431.0,22.0,15516.0,90.8,9639.0,4073.0,1641.0,-1774.0,230.0,10409.0,1278.550048828125,14.33,98.0539,5.0,5.26,3.0847631248046348,1,1,1,1
2006-08-04,76.53,74.78,1.75,3.488843813387432,2.0190995907230613,0.034293631665020995,1.0,0.034720349994337846,0.04389844925218695,316380.0,24796.0,5144.0,10165.0,21.0,15608.0,91.6,9697.0,4024.0,1612.0,-1186.0,-795.0,10144.0,1279.3599853515625,14.34,97.6005,4.91,5.25,0.06334804993983756,1,1,1,1
2006-08-11,75.19,74.38,0.8100000000000023,-1.750947340912068,-0.534902380315605,-0.01766457743189426,0.0,0.03386268254683834,0.03907853861650079,314773.0,25069.0,5150.0,10022.0,21.0,15578.0,91.5,9530.0,3906.0,1798.0,-1607.0,273.0,10001.0,1266.739990234375,14.3,97.7863,4.97,5.24,-0.9864303449915734,1,1,1,1
2006-08-18,71.3,70.93,0.36999999999999034,-5.173560313871528,-4.638343640763631,-0.0531219159696853,0.0,0.038119364807642095,0.04140136006668259,314130.0,24527.0,5087.0,10197.0,21.0,15747.0,92.8,9571.0,4105.0,1760.0,-643.0,-542.0,10176.0,1302.300048828125,11.64,97.7577,4.84,5.25,2.8072105458019525,1,1,1,1
2006-08-25,72.58,72.13,0.45000000000000284,1.7952314165497807,1.691808825602692,0.017793074364673932,1.0,0.038898163659836386,0.040975581127230834,316611.0,24321.0,5099.0,11153.0,21.0,15801.0,92.9,9610.0,4236.0,1644.0,2481.0,-206.0,11132.0,1295.0899658203125,12.31,97.8827,4.79,5.25,-0.5536422281716469,1,1,1,1
2006-09-01,70.49,69.24,1.25,-2.8795811518324665,-4.006654651324004,-0.029218545999140103,0.0,0.029521689083431578,0.042076574740807726,314507.0,25076.0,5101.0,10365.0,21.0,15993.0,93.6,9622.0,4166.0,1625.0,-2104.0,755.0,10344.0,1311.010009765625,11.96,97.5084,4.73,5.25,1.2292616239389043,1,1,1,1
2006-09-08,64.3,66.3,-2.0,-8.781387430841248,-4.246100519930673,-0.09191122454221046,0.0,0.04589881534454613,0.04687338314310195,311603.0,23550.0,5076.0,10597.0,21.0,16018.0,93.0,9368.0,4049.0,1599.0,-2904.0,-1526.0,10576.0,1298.9200439453125,13.16,98.2119,4.78,5.23,-0.9221871480961319,1,1,1,1
2006-09-15,60.23,63.3,-3.0700000000000003,-6.3297045101088685,-4.524886877828049,-0.06538906418794405,0.0,0.04752762104018943,0.044027288689074635,308755.0,22258.0,5109.0,10592.0,21.0,15953.0,93.4,9229.0,4135.0,1537.0,-2848.0,-1292.0,10571.0,1319.6600341796875,11.76,98.2104,4.8,5.25,1.596710308001703,1,1,1,1
2006-09-22,58.81,59.79,-0.9799999999999969,-2.3576290884940954,-5.545023696682461,-0.023858658583764993,0.0,0.03205042645983908,0.04004022054417029,308646.0,22264.0,5106.0,11083.0,21.0,15846.0,92.4,9287.0,4141.0,1689.0,-109.0,6.0,11062.0,1314.780029296875,12.59,97.8667,4.6,5.27,-0.3697925796355528,1,1,1,1
2006-09-29,59.09,62.9,-3.809999999999995,0.4761095051861952,5.201538718849297,0.004749796885718645,1.0,0.04295405290693799,0.039540089136510484,312001.0,22564.0,5151.0,10513.0,21.0,15273.0,89.9,9081.0,4219.0,1570.0,3355.0,300.0,10492.0,1335.8499755859375,11.98,98.1054,4.64,5.34,1.6025453550835067,1,1,1,1
2006-10-06,56.9,59.68,-2.780000000000001,-3.7062108647825442,-5.119236883942769,-0.03776636422529808,0.0,0.029192949964793984,0.03710978989089131,314132.0,22746.0,5253.0,10364.0,21.0,15296.0,89.2,9242.0,4323.0,1734.0,2131.0,182.0,10343.0,1349.5899658203125,11.56,98.5619,4.7,5.22,1.0285578834066555,1,1,1,1
2006-10-13,58.97,58.69,0.28000000000000114,3.6379613356766205,-1.6588471849866004,0.03573349888012748,1.0,0.03257419332996468,0.040343747729499294,319152.0,22277.0,5132.0,10430.0,21.0,14813.0,86.3,9298.0,4525.0,1727.0,5020.0,-469.0,10409.0,1365.6199951171875,10.75,98.8002,4.81,5.21,1.187770337869365,1,1,1,1
2006-10-20,57.94,57.35,0.5899999999999963,-1.746650839409869,-2.283182825012775,-0.01762084767120842,0.0,0.03152091566517936,0.03913688240052959,315947.0,21989.0,5221.0,9494.0,21.0,14871.0,86.2,9511.0,4279.0,1763.0,-3205.0,-288.0,9473.0,1368.5999755859375,10.63,98.1629,4.79,5.25,0.2182144725036972,1,1,1,1
2006-10-27,57.99,60.75,-2.759999999999998,0.08629616845012844,5.928509154315598,0.0008625895471449566,1.0,0.031231090076416636,0.03595550482543387,317857.0,23226.0,5307.0,10093.0,21.0,15277.0,88.9,9499.0,4590.0,1622.0,1910.0,1237.0,10072.0,1377.3399658203125,10.8,97.4914,4.68,5.23,0.638608095154547,1,1,1,1
2006-11-03,56.55,59.13,-2.5800000000000054,-2.483186756337308,-2.6666666666666616,-0.025145379326219845,0.0,0.027147091462135352,0.03591719416710523,318374.0,23557.0,5329.0,9787.0,21.0,15153.0,88.1,9256.0,4364.0,1580.0,517.0,331.0,9766.0,1364.300048828125,11.16,97.7209,4.72,5.25,-0.9467464326733066,1,1,1,1
2006-11-10,59.18,59.66,-0.4799999999999969,4.650751547303278,0.8963301200743956,0.04545844440993419,1.0,0.03165880309318545,0.03966449588102481,319657.0,23742.0,5326.0,9450.0,21.0,14932.0,87.3,9110.0,4603.0,1878.0,1283.0,185.0,9429.0,1380.9000244140625,10.79,97.4638,4.59,5.23,1.2167393529155301,1,1,1,1
2006-11-17,57.01,55.9,1.1099999999999994,-3.6667793173369434,-6.302380154207166,-0.037356955928573146,0.0,0.03664963782760998,0.03863460265741018,324818.0,24859.0,5269.0,10490.0,21.0,14992.0,87.1,9149.0,4210.0,1453.0,5161.0,1117.0,10469.0,1401.199951171875,10.05,97.9855,4.61,5.2,1.4700504307997297,1,1,1,1
2006-11-24,60.72,57.28,3.4399999999999977,6.507630240308715,2.4686940966010873,0.06304644204388396,1.0,0.05013348049978852,0.04527067904173274,324458.0,24248.0,5030.0,9758.0,21.0,15161.0,88.1,9320.0,4236.0,1614.0,-360.0,-611.0,9737.0,1400.949951171875,10.73,97.0657,4.55,5.24,-0.017841850464728193,1,1,1,1
2006-12-01,64.74,63.43,1.3099999999999952,6.6205533596837896,10.73673184357542,0.06410611541072377,1.0,0.04821149923809331,0.04270067077679888,323268.0,26792.0,5368.0,10299.0,21.0,15480.0,90.5,9477.0,4275.0,1494.0,-1190.0,2544.0,10278.0,1396.7099609375,11.66,96.4585,4.43,5.27,-0.30265108548869213,1,1,1,1
2006-12-08,63.67,62.06,1.6099999999999994,-1.652764905776949,-2.1598612643859316,-0.016665754469164278,0.0,0.05298032270910081,0.037906138456544156,318973.0,26562.0,5357.0,9598.0,21.0,15311.0,89.1,9394.0,4300.0,1621.0,-4295.0,-230.0,9577.0,1409.8399658203125,12.07,96.6123,4.56,5.25,0.9400666745441821,1,1,1,1
2006-12-15,62.91,63.4,-0.490000000000002,-1.193654782472131,2.159200773445047,-0.012008360446995783,0.0,0.04502553005017535,0.03724512327596976,312650.0,25913.0,5348.0,8902.0,21.0,15543.0,90.7,9491.0,4325.0,1533.0,-6323.0,-649.0,8881.0,1427.0899658203125,10.05,96.9857,4.6,5.27,1.2235431267521912,1,1,1,1
2006-12-22,61.92,61.81,0.10999999999999943,-1.573676680972813,-2.507886435331219,-0.015861904300466544,0.0,0.039528027893635624,0.03776041944267422,304518.0,25073.0,5361.0,9129.0,21.0,15625.0,90.9,9229.0,4351.0,1781.0,-8132.0,-840.0,9108.0,1410.760009765625,11.36,97.1113,4.63,5.24,-1.1442835732714873,1,1,1,1
2006-12-29,58.96,60.85,-1.8900000000000006,-4.780361757105944,-1.5531467400097032,-0.04898398140039052,0.0,0.017189928307691494,0.03900402174466333,303219.0,26057.0,5369.0,10126.0,21.0,15529.0,91.0,9247.0,4147.0,1517.0,-1299.0,984.0,10105.0,1418.300048828125,11.56,97.0312,4.71,5.17,0.5344664585263281,1,1,1,1
2007-01-05,52.82,56.29,-3.469999999999999,-10.413839891451836,-7.493837304847995,-0.10996934101209506,0.0,0.04532373897971043,0.04921690498041544,297470.0,25461.0,5370.0,9505.0,22.0,15603.0,91.5,9201.0,3979.0,1461.0,-5749.0,-596.0,9483.0,1409.7099609375,12.14,97.7801,4.65,5.21,-0.6056608330319513,1,1,1,1
2007-01-12,49.95,52.96,-3.009999999999998,-5.433547898523283,-5.915793213714693,-0.0558674017744236,0.0,0.03899501769059384,0.05101874971750865,304238.0,24295.0,5317.0,11057.0,22.0,15101.0,87.9,9060.0,3978.0,1796.0,6768.0,-1166.0,11035.0,1430.72998046875,10.15,97.921,4.77,5.22,1.4910882460723363,1,1,1,1
2007-01-19,52.29,51.98,0.3100000000000023,4.684684684684681,-1.8504531722054463,0.04578264310547669,1.0,0.06472103000131509,0.05365725441976254,305027.0,23758.0,5241.0,9808.0,22.0,14896.0,87.4,9008.0,4107.0,1589.0,789.0,-537.0,9786.0,1430.5,10.4,97.6868,4.78,5.25,-0.016074344697425413,1,1,1,1
2007-01-26,55.29,55.38,-0.09000000000000341,5.737234652897305,6.540977298961148,0.05578691214980238,1.0,0.08039503440780965,0.05640742971062592,307711.0,22482.0,5224.0,9967.0,22.0,14784.0,87.1,9090.0,4540.0,1591.0,2684.0,-1276.0,9945.0,1422.1800537109375,11.13,98.1491,4.88,5.26,-0.5816110652962281,1,1,1,1
2007-02-02,56.93,59.01,-2.0799999999999983,2.9661783324290036,6.554712892741055,0.02923038261314884,1.0,0.05092507759542238,0.055354094690047144,307193.0,21500.0,5283.0,9547.0,22.0,14837.0,87.3,9136.0,4651.0,1526.0,-518.0,-982.0,9525.0,1448.3900146484375,10.08,97.9743,4.83,5.24,1.8429425211744066,1,1,1,1
2007-02-09,57.21,59.86,-2.6499999999999986,0.4918320744774274,1.4404338247754556,0.004906265317446866,1.0,0.022231158975845978,0.05432021525533314,306604.0,21234.0,5316.0,9584.0,22.0,14836.0,86.6,9061.0,4709.0,1764.0,-589.0,-266.0,9562.0,1438.06005859375,11.1,97.7076,4.79,5.25,-0.713202656067391,1,1,1,1
2007-02-16,56.78,59.38,-2.6000000000000014,-0.751616850201009,-0.8018710324089517,-0.007544557235612212,0.0,0.027994115993318813,0.05060143234872347,310298.0,22999.0,5323.0,9742.0,22.0,14420.0,85.2,9198.0,4734.0,1601.0,3694.0,1765.0,9720.0,1455.5400390625,10.02,97.164,4.69,5.24,1.2155250654721117,1,1,1,1
2007-02-23,60.38,60.28,0.10000000000000142,6.340260655160268,1.515661839003024,0.061473773233867615,1.0,0.030416731958923277,0.05027648493725465,311719.0,22065.0,5285.0,9522.0,22.0,14616.0,86.0,9121.0,4710.0,1532.0,1421.0,-934.0,9500.0,1451.18994140625,10.58,97.1756,4.68,5.24,-0.2988648569950625,1,1,1,1
2007-03-02,61.92,61.58,0.3400000000000034,2.5505134150380915,2.15660252156602,0.025185305002778928,1.0,0.030163128891328245,0.050902657381051854,306822.0,21728.0,5267.0,8872.0,22.0,14757.0,85.8,9191.0,4498.0,1569.0,-4897.0,-337.0,8850.0,1387.1700439453125,18.61,97.3691,4.52,5.23,-4.411545011047979,1,1,1,1
2007-03-09,60.25,60.06,0.18999999999999773,-2.697028423772607,-2.4683338746346206,-0.02734065691070727,0.0,0.038934230856542,0.051358266995113505,308002.0,22311.0,5218.0,9802.0,22.0,14592.0,85.6,9158.0,4476.0,1775.0,1180.0,583.0,9780.0,1402.8399658203125,14.09,97.4559,4.59,5.24,1.1296323722816526,1,1,1,1
2007-03-16,60.93,57.06,3.8699999999999974,1.1286307053941957,-4.995004995004992,0.01122309188963868,1.0,0.03670952384998744,0.051365566560681246,311926.0,24071.0,5235.0,10418.0,22.0,14789.0,86.3,9240.0,4462.0,1619.0,3924.0,1760.0,10396.0,1386.949951171875,16.79,97.0407,4.55,5.25,-1.1327033044104762,1,1,1,1
2007-03-23,63.1,61.07,2.030000000000001,3.561463975053347,7.027690150718535,0.034995105286764534,1.0,0.02736812446806594,0.04998703936650139,311080.0,23859.0,5218.0,9632.0,22.0,14956.0,87.0,9250.0,4348.0,1518.0,-846.0,-212.0,9610.0,1436.1099853515625,12.95,96.5662,4.62,5.24,3.544470666598376,1,1,1,1
2007-03-30,68.47,65.94,2.530000000000001,8.510301109350227,7.974455542819703,0.08167492358580397,1.0,0.04561147645055701,0.03912115224477925,315387.0,26739.0,5243.0,10245.0,22.0,14841.0,87.0,9491.0,4288.0,1590.0,4307.0,2880.0,10223.0,1420.8599853515625,14.64,96.3183,4.65,5.3,-1.0618963836719453,1,1,1,1
2007-04-06,69.15,64.26,4.890000000000001,0.9931356798598134,-2.547770700636931,0.00988236497779588,1.0,0.033533805570761285,0.03105363566349453,316219.0,26986.0,5179.0,9804.0,22.0,15072.0,88.4,9472.0,4308.0,1546.0,832.0,247.0,9782.0,1443.760009765625,13.23,96.2526,4.76,5.3,1.6117016912399196,1,1,1,1
2007-04-13,68.78,63.63,5.149999999999999,-0.5350686912509062,-0.9803921568627527,-0.005365053106647092,0.0,0.03808018986313277,0.03175905886432543,315225.0,28015.0,5125.0,9919.0,22.0,15444.0,90.4,9247.0,4428.0,1664.0,-994.0,1029.0,9897.0,1452.8499755859375,12.2,95.711,4.76,5.25,0.6296036570363261,1,1,1,1
2007-04-20,66.34,63.56,2.780000000000001,-3.5475428903751105,-0.11001100110010764,-0.0361199714852138,0.0,0.04991687259974403,0.034088542023906224,317299.0,26838.0,5128.0,10035.0,22.0,15086.0,87.8,9163.0,4260.0,1569.0,2074.0,-1177.0,10013.0,1484.3499755859375,12.07,95.1692,4.68,5.25,2.16815228890348,1,1,1,1
2007-04-27,67.28,66.45,0.8299999999999983,1.4169430208019307,4.546884833228448,0.014069982145786267,1.0,0.022746523362668476,0.0338003293980905,318468.0,27114.0,5089.0,10264.0,22.0,15132.0,88.3,9260.0,4289.0,1645.0,1169.0,276.0,10242.0,1494.0699462890625,12.45,95.0103,4.71,5.24,0.65483011843539,1,1,1,1
2007-05-04,65.14,61.89,3.25,-3.1807372175980952,-6.862302483069982,-0.03232421581660516,0.0,0.023692901301355054,0.03631786377175692,323940.0,27722.0,5131.0,10991.0,22.0,15306.0,89.0,9344.0,4134.0,1632.0,5472.0,608.0,10969.0,1505.6199951171875,12.91,94.9118,4.65,5.24,0.77305944456032,1,1,1,1
2007-05-11,65.18,62.35,2.8300000000000054,0.061406202026415,0.7432541606075205,0.0006138735613281546,1.0,0.02466647653050628,0.03601800253706698,325001.0,26458.0,5201.0,10332.0,23.0,15340.0,89.5,9404.0,4092.0,1696.0,1061.0,-1264.0,10309.0,1505.8499755859375,12.95,95.0035,4.67,5.27,0.015274801709308505,1,1,1,1
2007-05-18,69.26,64.93,4.329999999999998,6.259588830929719,4.137931034482767,0.06071486556486028,1.0,0.03858167877803066,0.03592281445138087,326970.0,27357.0,5207.0,10892.0,23.0,15691.0,91.1,9433.0,4161.0,1590.0,1969.0,899.0,10869.0,1522.75,12.76,94.6573,4.81,5.24,1.1222913761702369,1,1,1,1
2007-05-25,70.72,64.59,6.1299999999999955,2.107998844932135,-0.5236408439858398,0.020860879355112046,1.0,0.03892327222115896,0.035793784401969495,325014.0,26727.0,5148.0,10018.0,23.0,15615.0,91.1,9485.0,4335.0,1655.0,-1956.0,-630.0,9995.0,1515.72998046875,13.34,94.5022,4.86,5.29,-0.46100932728615485,1,1,1,1
2007-06-01,68.65,65.09,3.5600000000000023,-2.9270361990950122,0.7741136398823345,-0.029707286115407832,0.0,0.03792875810638771,0.03603042224463205,325227.0,26157.0,5180.0,10240.0,23.0,15380.0,89.6,9495.0,4084.0,1684.0,213.0,-570.0,10217.0,1536.3399658203125,12.78,94.132,4.95,5.23,1.3597399020364165,1,1,1,1
2007-06-08,70.04,64.78,5.260000000000005,2.0247632920611824,-0.4762636349669669,0.02004537520367107,1.0,0.037026617556316865,0.03612801212967968,325309.0,26026.0,5170.0,10141.0,23.0,15371.0,89.2,9487.0,4079.0,1592.0,82.0,-131.0,10118.0,1507.6700439453125,14.84,94.7599,5.12,5.26,-1.8661183405257575,1,1,1,1
2007-06-15,71.63,68.04,3.589999999999989,2.2701313535122614,5.032417412781731,0.022447473208708584,1.0,0.025432161379908554,0.03556693673260927,332211.0,25542.0,5093.0,10791.0,23.0,15022.0,87.6,9591.0,4086.0,1731.0,6902.0,-484.0,10768.0,1532.9100341796875,13.94,94.6228,5.16,5.26,1.6741057060685627,1,1,1,1
2007-06-22,72.04,68.85,3.190000000000012,0.5723858718414299,1.190476190476164,0.005707539681395699,1.0,0.024050684486957262,0.02763610541248724,333773.0,24085.0,5108.0,10501.0,23.0,15430.0,89.4,9575.0,4391.0,1726.0,1562.0,-1457.0,10478.0,1502.56005859375,15.75,94.4371,5.14,5.24,-1.9798928123122894,1,1,1,1
2007-06-29,72.22,70.47,1.75,0.24986118822876158,2.352941176470602,0.0024954955415563583,1.0,0.01003313632141887,0.02758110471681198,336924.0,23695.0,5122.0,10778.0,23.0,15544.0,90.0,9557.0,4010.0,1646.0,3151.0,-390.0,10755.0,1503.3499755859375,16.23,94.1393,5.03,5.31,0.052571408887769344,1,1,1,1
2007-07-06,76.58,72.8,3.780000000000001,6.037108834117966,3.306371505605221,0.058618930199836695,1.0,0.025733333571109688,0.03158090686113332,335336.0,22813.0,5198.0,10025.0,23.0,15561.0,90.2,9663.0,4036.0,1672.0,-1588.0,-882.0,10002.0,1530.43994140625,14.72,93.5759,5.19,5.22,1.8019733435492347,1,1,1,1
2007-07-13,78.12,73.89,4.230000000000004,2.010968921389411,1.497252747252742,0.019910159959329873,1.0,0.025760315482457354,0.028280871095475082,334887.0,22621.0,5201.0,10375.0,23.0,15650.0,91.0,9710.0,4109.0,1631.0,-449.0,-192.0,10352.0,1552.5,15.15,93.0133,5.11,5.25,1.441419424370216,1,1,1,1
2007-07-20,79.09,75.53,3.5600000000000023,1.2416794674859233,2.2195154960075847,0.012340338522847721,1.0,0.024575412044138635,0.02828278287956979,333784.0,21239.0,5184.0,10378.0,23.0,15822.0,91.7,9688.0,4043.0,1643.0,-1103.0,-1382.0,10355.0,1534.0999755859375,16.95,92.7179,4.96,5.25,-1.1851867577496011,1,1,1,1
2007-07-27,76.58,77.03,-0.45000000000000284,-3.173599696548246,1.985965841387527,-0.032250498482177516,0.0,0.037264492975411734,0.028271936266557753,327287.0,20747.0,5206.0,10165.0,23.0,16210.0,93.6,9662.0,4110.0,1608.0,-6497.0,-492.0,10142.0,1458.949951171875,24.17,93.5485,4.8,5.25,-4.8986393070868495,1,1,1,1
2007-08-03,75.36,75.41,-0.04999999999999716,-1.5931052494123743,-2.1030767233545467,-0.016059315781040785,0.0,0.024373614793665264,0.029351006029182572,323326.0,19268.0,5142.0,9998.0,24.0,15791.0,91.3,9575.0,4110.0,1598.0,-3961.0,-1479.0,9974.0,1433.06005859375,25.16,93.1039,4.71,5.24,-1.7745565951271636,1,1,1,1
2007-08-10,69.57,71.49,-1.9200000000000017,-7.6831210191082855,-5.198249569022684,-0.0799431903325577,0.0,0.038653405939091744,0.03559153895802753,318159.0,18436.0,5192.0,9873.0,24.0,15783.0,91.8,9572.0,4158.0,1620.0,-5167.0,-832.0,9849.0,1453.6400146484375,28.3,93.5214,4.81,4.68,1.4360846868401556,1,1,1,1
2007-08-17,69.8,71.9,-2.1000000000000085,0.33060227109387164,0.5735067841656338,0.0033005698327769053,1.0,0.035573988527070145,0.03502911122820024,320049.0,18702.0,5119.0,10815.0,24.0,15727.0,91.6,9762.0,4288.0,1641.0,1890.0,266.0,10791.0,1445.93994140625,29.99,94.319,4.68,4.91,-0.5297097744003554,1,1,1,1
2007-08-24,69.49,71.17,-1.6800000000000068,-0.4441260744985742,-1.0152990264255979,-0.004451152442090877,0.0,0.03794663428678935,0.03389378848387833,316563.0,18677.0,5161.0,9822.0,24.0,15469.0,90.3,9626.0,4199.0,1552.0,-3486.0,-25.0,9798.0,1479.3699951171875,20.72,93.6863,4.63,5.11,2.3119946239554823,1,1,1,1
2007-08-31,72.29,73.98,-1.6899999999999977,4.029356741977286,3.9482928200084366,0.039502949685970006,1.0,0.05016524058531535,0.03532235252052895,312591.0,20531.0,5021.0,10237.0,25.0,15901.0,92.1,9577.0,4215.0,1812.0,-3972.0,1854.0,10212.0,1473.989990234375,23.38,93.6674,4.54,4.96,-0.36366864953120137,1,1,1,1
2007-09-07,75.08,76.7,-1.6200000000000045,3.8594549730253114,3.6766693701000275,0.03786840470610227,1.0,0.02289690019319487,0.03637356417921976,305578.0,20017.0,5129.0,9563.0,25.0,15564.0,90.5,9393.0,4067.0,1513.0,-7013.0,-514.0,9538.0,1453.550048828125,26.23,93.2939,4.38,4.86,-1.386708291214378,1,1,1,1
2007-09-14,78.27,79.14,-0.8700000000000045,4.248801278636116,3.1812255541069145,0.04161017609843864,1.0,0.02210894802189635,0.03797527181905294,301704.0,18337.0,5039.0,9805.0,25.0,15357.0,89.6,9247.0,4030.0,1598.0,-3874.0,-1680.0,9780.0,1484.25,24.92,92.7083,4.47,5.25,2.112067018031194,1,1,1,1
2007-09-21,78.91,83.38,-4.469999999999999,0.817682381499929,5.3575941369724545,0.008143574716196804,1.0,0.015832725386833727,0.037950551436757254,303546.0,18128.0,5027.0,10442.0,25.0,15018.0,86.9,9235.0,4067.0,1592.0,1842.0,-209.0,10417.0,1525.75,19.0,91.4854,4.64,4.76,2.7960249284150196,1,1,1,1
2007-09-28,80.97,81.64,-0.6700000000000017,2.610569002661256,-2.086831374430309,0.025770753165079312,1.0,0.015070771078752113,0.03498796190509593,304684.0,18393.0,5064.0,10253.0,25.0,15154.0,87.5,9120.0,4275.0,1555.0,1138.0,265.0,10228.0,1526.75,18.0,90.9446,4.59,4.58,0.06554153694904308,1,1,1,1
2007-10-05,79.05,81.2,-2.1500000000000057,-2.3712486105965214,-0.5389514943655027,-0.023998152042541996,0.0,0.028130803687212325,0.03553806656190439,302875.0,18592.0,5059.0,9869.0,24.0,15111.0,87.8,9200.0,4467.0,1521.0,-1809.0,199.0,9845.0,1557.5899658203125,16.91,90.7393,4.65,4.77,2.0199748367651926,1,1,1,1
2007-10-12,80.82,83.73,-2.910000000000011,2.2390891840607052,3.115763546798034,0.022143895994846438,1.0,0.022655028195728056,0.03593329466922593,304659.0,18417.0,5102.0,10408.0,24.0,15123.0,87.3,9253.0,4163.0,1573.0,1784.0,-175.0,10384.0,1561.800048828125,17.73,90.5945,4.7,4.75,0.27029469245425375,1,1,1,1
2007-10-19,84.25,88.58,-4.329999999999998,4.243999010146005,5.792428042517606,0.0415641095821435,1.0,0.028201908280025386,0.03589181840440569,299371.0,18160.0,5122.0,9103.0,24.0,14940.0,87.1,9373.0,4276.0,1561.0,-5288.0,-257.0,9079.0,1500.6300048828125,22.96,90.1014,4.41,4.77,-3.916637343635032,1,1,1,1
2007-10-26,84.71,91.73,-7.02000000000001,0.5459940652818851,3.556107473470327,0.005445089210988317,1.0,0.027771360665103103,0.03511222400631261,295477.0,15050.0,5114.0,9381.0,24.0,14927.0,86.2,9355.0,4156.0,1592.0,-3894.0,-3110.0,9357.0,1535.280029296875,19.56,89.6508,4.41,4.8,2.3090318267205534,1,1,1,1
2007-11-02,92.11,95.81,-3.700000000000003,8.735686459685986,4.447836040553788,0.08374985655668464,1.0,0.033748020546844955,0.028221337239168878,294517.0,13410.0,5126.0,9656.0,25.0,14884.0,86.2,9367.0,4238.0,1618.0,-960.0,-1640.0,9631.0,1509.6500244140625,23.01,88.8924,4.31,4.28,-1.669402610190307,1,1,1,1
2007-11-09,92.32,96.36,-4.040000000000006,0.22798827488872409,0.574052812858783,0.0022772877596452623,1.0,0.03808666244103897,0.02828901438316129,297331.0,13421.0,5134.0,10487.0,25.0,15048.0,87.7,9187.0,4520.0,1641.0,2814.0,11.0,10462.0,1453.699951171875,28.5,88.4615,4.23,4.49,-3.706161847935807,1,1,1,1
2007-11-16,91.99,94.81,-2.8200000000000074,-0.3574523396880358,-1.6085512660855117,-0.0035809272707234825,0.0,0.04135406517932145,0.028212412609771913,296260.0,14564.0,4942.0,9820.0,25.0,14897.0,87.0,9222.0,4603.0,1834.0,-1071.0,1143.0,9795.0,1458.739990234375,25.49,89.3182,4.15,4.51,0.3467042190128167,1,1,1,1
2007-11-23,95.33,98.24,-2.9099999999999966,3.6308294379823858,3.617761839468403,0.035664681016420854,1.0,0.04006857024598419,0.028034132404823157,295808.0,15229.0,5117.0,10354.0,25.0,15470.0,89.4,9356.0,4330.0,1587.0,-452.0,665.0,10329.0,1440.699951171875,25.61,89.2384,4.01,4.56,-1.2366863994454191,1,1,1,1
2007-11-30,88.71,88.6,0.10999999999999943,-6.944298751704614,-9.812703583061888,-0.07197193397299133,0.0,0.04515267811703194,0.03867144632767271,287895.0,15900.0,5133.0,9374.0,25.0,15450.0,89.4,9266.0,4252.0,1520.0,-7913.0,671.0,9349.0,1481.1400146484375,22.87,89.6212,3.97,4.66,2.806973335680918,1,1,1,1
2007-12-07,88.46,88.23,0.22999999999998977,-0.28181715702851884,-0.41760722347629065,-0.0028221500923148297,0.0,0.04478345395372024,0.03789660797298792,286806.0,17315.0,5117.0,10063.0,25.0,15278.0,88.8,9348.0,4340.0,1670.0,-1089.0,1415.0,10038.0,1504.6600341796875,20.85,89.74,4.12,4.41,1.5879673291274043,1,1,1,1
2007-12-14,91.86,91.31,0.5499999999999972,3.8435451051322733,3.490876119233821,0.03771520645746678,1.0,0.051256967308808535,0.0387036933743459,279220.0,17430.0,5110.0,9111.0,25.0,15240.0,87.8,9287.0,4692.0,1610.0,-7586.0,115.0,9086.0,1467.949951171875,23.27,90.4345,4.24,4.24,-2.4397592927246303,1,1,1,1
2007-12-21,91.03,93.19,-2.1599999999999966,-0.9035488787284995,2.0589201620851982,-0.009076556380449963,0.0,0.0453143224714924,0.038937415044845186,275921.0,17496.0,5117.0,9805.0,25.0,15218.0,88.1,9446.0,4652.0,1578.0,-3299.0,66.0,9780.0,1484.4599609375,18.47,90.3672,4.18,4.28,1.1246984103541857,1,1,1,1
2007-12-28,95.92,96.03,-0.10999999999999943,5.3718554322750744,3.0475372894087416,0.05232538820206139,1.0,0.03013410461668899,0.039154967681519694,271865.0,17501.0,5078.0,10009.0,25.0,15382.0,89.4,9286.0,4340.0,1590.0,-4056.0,5.0,9984.0,1478.489990234375,20.74,89.4069,4.11,4.01,-0.402164481375078,1,1,1,1
2008-01-04,96.87,97.9,-1.0300000000000011,0.9904086738949047,1.9473081328751585,0.009855362719034658,1.0,0.027555121721517924,0.039143777389760964,265361.0,17735.0,5051.0,9806.0,25.0,15771.0,91.3,9304.0,4223.0,1539.0,-6504.0,234.0,9781.0,1411.6300048828125,23.94,89.2467,3.88,4.18,-4.522180453921343,1,1,1,1
2008-01-11,91.86,92.74,-0.8799999999999955,-5.171879838959437,-5.2706843718079766,-0.05310419454064622,0.0,0.0437321917217301,0.04270229878229469,269620.0,16521.0,5013.0,10389.0,26.0,15011.0,87.1,9116.0,4216.0,1584.0,4259.0,-1214.0,10363.0,1401.02001953125,23.68,89.5215,3.82,4.23,-0.7516123428138122,1,1,1,1
2008-01-18,89.66,90.55,-0.8900000000000006,-2.3949488351839743,-2.36144058658615,-0.024240940170353935,0.0,0.04540654669773877,0.04366270063351305,271917.0,15653.0,5042.0,10156.0,26.0,14920.0,86.5,8964.0,4347.0,1514.0,2297.0,-868.0,10130.0,1325.18994140625,27.18,89.8993,3.66,4.17,-5.412490690202343,1,1,1,1
2008-01-25,90.96,90.37,0.5899999999999892,1.4499219272808395,-0.19878520154610335,0.01439511071498717,1.0,0.03166104483928014,0.03620590298965241,275472.0,15755.0,4998.0,10056.0,26.0,14618.0,85.0,8940.0,4206.0,1521.0,3555.0,102.0,10030.0,1330.6099853515625,29.08,89.2184,3.61,3.6,0.4090012892461914,1,1,1,1
2008-02-01,91.41,89.03,2.3799999999999955,0.49472295514512155,-1.482792962266244,0.004935032223446796,1.0,0.030538596322817333,0.03623620309570405,282340.0,16455.0,5013.0,10514.0,26.0,14492.0,84.3,8916.0,4169.0,1569.0,6868.0,700.0,10488.0,1395.4200439453125,24.02,88.4824,3.62,3.12,4.870702858631137,1,1,1,1
2008-02-08,91.45,91.77,-0.3199999999999932,0.043758888524236816,3.077614287318875,0.00043749317114738913,1.0,0.016476101115005658,0.03622699099275438,283406.0,17156.0,5044.0,9737.0,26.0,14561.0,85.1,9020.0,4196.0,1547.0,1066.0,701.0,9711.0,1331.2900390625,28.01,89.2226,3.64,3.05,-4.595749155322137,1,1,1,1
2008-02-15,96.96,95.57,1.3900000000000006,6.025150355385445,4.140786749482395,0.05850614748412951,1.0,0.026602243951303305,0.03880754253925836,287610.0,16678.0,5034.0,10102.0,26.0,14464.0,83.5,9125.0,4825.0,1642.0,4204.0,-478.0,10076.0,1349.989990234375,25.02,88.9006,3.76,2.97,1.4046489212105495,1,1,1,1
2008-02-22,96.07,99.03,-2.960000000000008,-0.9179042904290391,3.6203829653657094,-0.00922142989935714,0.0,0.030472372479665208,0.031573733756499585,290841.0,16918.0,5044.0,9958.0,26.0,14624.0,84.7,9045.0,4249.0,1527.0,3231.0,240.0,9932.0,1353.1099853515625,24.06,88.7082,3.79,2.97,0.23111246303728628,1,1,1,1
2008-02-29,100.9,101.78,-0.8799999999999955,5.027584053294487,2.776936281934761,0.04905283493791627,1.0,0.034035514126619267,0.033643533546597715,287785.0,16094.0,5050.0,9437.0,26.0,14868.0,85.9,9071.0,4322.0,1524.0,-3056.0,-824.0,9411.0,1330.6300048828125,26.54,87.1654,3.53,3.01,-1.661356483368892,1,1,1,1
2008-03-07,104.66,105.12,-0.46000000000000796,3.726461843409301,3.2815877382589953,0.036587073584498336,1.0,0.03000908167653247,0.03356347012384289,294185.0,18877.0,5100.0,10548.0,26.0,14622.0,85.0,9131.0,4020.0,1755.0,6400.0,2783.0,10522.0,1293.3699951171875,27.49,87.1258,3.56,2.96,-2.800178083231064,1,1,1,1
2008-03-14,109.16,110.03,-0.8700000000000045,4.299636919549021,4.670852359208522,0.04209769489607602,1.0,0.02639775500221874,0.034046152337710106,294318.0,17481.0,5100.0,9468.0,26.0,14427.0,83.8,9071.0,4342.0,1575.0,133.0,-1396.0,9442.0,1288.1400146484375,31.16,86.4301,3.44,2.99,-0.404368470622829,1,1,1,1
2008-03-21,99.78,102.57,-2.789999999999992,-8.592891168926343,-6.779969099336547,-0.08984693340724637,0.0,0.06640922679040415,0.04338448059596005,294406.0,17192.0,5103.0,8898.0,26.0,14135.0,82.2,9116.0,4227.0,1556.0,88.0,-289.0,8872.0,1329.510009765625,26.62,87.2111,3.34,2.08,3.2116070183937584,1,1,1,1
2008-03-28,102.68,105.59,-2.9099999999999966,2.906394066947282,2.9443307009846986,0.028649593570048332,1.0,0.06305460063393854,0.043978298622406486,301723.0,17456.0,5087.0,10283.0,26.0,14207.0,82.4,9330.0,4232.0,1565.0,7317.0,264.0,10257.0,1315.219970703125,25.71,86.6369,3.47,2.09,-1.0748350112098182,1,1,1,1
2008-04-04,102.21,106.09,-3.8800000000000097,-0.4577327619789795,0.47352969031158043,-0.004587835661954929,0.0,0.05929097913878937,0.040236624301863595,298516.0,17523.0,5097.0,8912.0,26.0,14349.0,83.0,9286.0,4465.0,1534.0,-3207.0,67.0,8886.0,1370.4000244140625,22.45,86.5108,3.5,2.26,4.195499987841411,1,1,1,1
2008-04-11,107.15,110.14,-2.989999999999995,4.833186576655923,3.8175134319917037,0.04720020157860132,1.0,0.06070647303659897,0.04017296650936121,296160.0,18383.0,5096.0,8879.0,26.0,14236.0,81.4,9338.0,4068.0,1503.0,-2356.0,860.0,8853.0,1332.8299560546875,23.46,86.5029,3.49,2.37,-2.741540257592945,1,1,1,1
2008-04-18,110.67,116.56,-5.890000000000001,3.2851143257116133,5.8289449791174786,0.032323078357107876,1.0,0.021848133826141057,0.04048663296551816,298581.0,19149.0,5101.0,10041.0,26.0,14827.0,85.6,9215.0,4360.0,1764.0,2421.0,766.0,10015.0,1390.3299560546875,20.13,86.5277,3.77,2.32,4.314128725783295,1,1,1,1
2008-04-25,116.62,119.64,-3.019999999999996,5.376344086021501,2.642415923129726,0.05236798551731594,1.0,0.025719990653191544,0.041572363377016766,302429.0,19297.0,5098.0,10215.0,26.0,14748.0,85.4,9189.0,4136.0,1473.0,3848.0,148.0,10189.0,1397.8399658203125,19.59,86.8337,3.91,2.28,0.5401602499406799,1,1,1,1
2008-05-02,111.92,116.36,-4.439999999999998,-4.030183501972218,-2.7415580073554047,-0.0411364554367842,0.0,0.04339026546478561,0.04497122840465493,308082.0,20212.0,5099.0,10628.0,26.0,14649.0,85.0,9311.0,4188.0,1474.0,5653.0,915.0,10602.0,1413.9000244140625,18.18,87.2311,3.89,1.88,1.1489196894098885,1,1,1,1
2008-05-09,123.54,125.94,-2.3999999999999915,10.382416011436746,8.233069783430725,0.0987806599105274,1.0,0.058229951874578516,0.049626010795610444,308258.0,20412.0,5128.0,9933.0,26.0,15054.0,86.6,9343.0,4124.0,1503.0,176.0,200.0,9907.0,1388.280029296875,19.41,87.2528,3.77,1.97,-1.8120089592476463,1,1,1,1
2008-05-16,122.98,126.5,-3.519999999999996,-0.4532944795208049,0.4446561854851483,-0.004543249742429456,0.0,0.06173046094199488,0.049391790472195475,302941.0,20587.0,5045.0,9237.0,26.0,15083.0,87.9,9359.0,4185.0,1709.0,-5317.0,175.0,9211.0,1425.3499755859375,16.47,86.7855,3.85,1.91,2.6702066951029613,1,1,1,1
2008-05-23,129.72,131.58,-1.8600000000000136,5.480565945682225,4.015810276679854,0.05335654091379358,1.0,0.06187107218512872,0.04963238079086259,294058.0,21333.0,5128.0,8959.0,26.0,15297.0,87.9,9373.0,4078.0,1614.0,-8883.0,746.0,8933.0,1375.9300537109375,19.55,86.1922,3.85,1.99,-3.4672131561713004,1,1,1,1
2008-05-30,127.85,127.35,0.5,-1.4415664508171444,-3.2147742818057545,-0.014520579701921593,0.0,0.052943041850460094,0.050354914607913845,289256.0,21777.0,5139.0,9786.0,27.0,15480.0,89.7,9129.0,4114.0,1651.0,-4802.0,444.0,9759.0,1400.3800048828125,17.83,86.5504,4.06,1.98,1.776976315469847,1,1,1,1
2008-06-06,132.81,138.51,-5.699999999999989,3.879546343371154,8.763250883392226,0.03806183367496388,1.0,0.032753203117275004,0.05018288819623794,284679.0,21251.0,5114.0,9688.0,27.0,15319.0,88.6,9411.0,4025.0,1536.0,-4577.0,-526.0,9661.0,1360.6800537109375,23.56,86.8028,3.94,2.01,-2.8349413040353433,1,1,1,1
2008-06-13,134.29,134.84,-0.5500000000000114,1.1143739176266765,-2.6496281856905557,0.011082105180924484,1.0,0.02996758374824157,0.03766384630275034,283437.0,20638.0,5145.0,10259.0,27.0,15439.0,89.3,9251.0,4070.0,1608.0,-1242.0,-613.0,10232.0,1360.030029296875,21.22,87.7622,4.27,2.02,-0.047772024899583876,1,1,1,1
2008-06-20,134.28,134.78,-0.5,-0.007446570854119372,-0.04449718184514895,-7.446848124971665e-05,0.0,0.022240822502007655,0.03830104688203258,284240.0,20697.0,5120.0,10251.0,27.0,15258.0,88.6,9334.0,4040.0,1545.0,803.0,59.0,10224.0,1317.9300537109375,22.87,86.9036,4.16,1.99,-3.0955180899720935,1,1,1,1
2008-06-27,139.38,139.69,-0.3100000000000023,3.7980339588918666,3.6429737349755076,0.03727684389853859,1.0,0.01912383658676475,0.03752213319501664,282258.0,20870.0,5123.0,10168.0,27.0,15413.0,89.2,9357.0,4287.0,1704.0,-1982.0,173.0,10141.0,1278.3800048828125,23.44,86.643,3.99,1.99,-3.0009216890352186,1,1,1,1
2008-07-04,143.95,145.31,-1.3600000000000136,3.2788061414837033,4.02319421576347,0.032262001047812,1.0,0.017618971565261245,0.036993412935542036,276552.0,20425.0,4960.0,9547.0,27.0,15488.0,89.2,9347.0,4272.0,1634.0,-5706.0,-445.0,9520.0,1262.9000244140625,24.79,86.8781,3.99,1.92,-1.2109060224364976,1,1,1,1
2008-07-11,143.68,144.96,-1.2800000000000011,-0.18756512678012038,-0.240864358956705,-0.00187741250429529,0.0,0.020751952531036948,0.03765607536127791,279504.0,19885.0,5139.0,10791.0,27.0,15467.0,89.5,9344.0,4126.0,1731.0,2952.0,-540.0,10764.0,1239.489990234375,27.49,86.221,3.96,1.97,-1.8536727949268084,1,1,1,1
2008-07-18,129.34,128.94,0.4000000000000057,-9.980512249443208,-11.051324503311266,-0.10514400853544274,0.0,0.06617640851947282,0.05107556440375871,277946.0,19521.0,5165.0,9806.0,27.0,15112.0,87.1,9342.0,4077.0,1421.0,-1558.0,-364.0,9779.0,1260.6800537109375,24.05,86.0735,4.11,1.96,1.7095792336778493,1,1,1,1
2008-07-25,124.7,122.59,2.1099999999999994,-3.58744394618834,-4.924771211416157,-0.03653374333245595,0.0,0.058702062063203206,0.05068366425412433,277865.0,18800.0,5160.0,10005.0,27.0,15162.0,87.2,9468.0,4199.0,1424.0,-81.0,-721.0,9978.0,1257.760009765625,22.91,86.3916,4.13,2.13,-0.2316245058940236,1,1,1,1
2008-08-01,124.16,125.03,-0.8700000000000045,-0.4330392943063366,1.9903744187943495,-0.00433979625108216,0.0,0.04811134861809343,0.042093594252445556,279363.0,18707.0,5172.0,10193.0,27.0,15039.0,87.0,9484.0,4152.0,1617.0,1498.0,-93.0,10166.0,1260.31005859375,22.57,86.8257,3.97,2.04,0.20274526207906263,1,1,1,1
2008-08-08,113.03,115.42,-2.3900000000000006,-8.964239690721643,-7.686155322722543,-0.0939177862322688,0.0,0.04773929257782187,0.05018095020057287,279047.0,18468.0,5139.0,9655.0,27.0,14823.0,85.9,9446.0,4406.0,1674.0,-316.0,-239.0,9628.0,1296.3199462890625,20.66,88.8939,3.94,2.01,2.857224494065558,1,1,1,1
2008-08-15,108.8,113.46,-4.659999999999997,-3.7423692824913757,-1.6981459019234202,-0.03814193578079751,0.0,0.03720406710584852,0.04702323427432153,288437.0,18006.0,5078.0,10991.0,27.0,14811.0,85.7,9423.0,4087.0,1605.0,9390.0,-462.0,10964.0,1298.199951171875,19.58,89.7244,3.84,2.08,0.14502630220218915,1,1,1,1
2008-08-22,113.99,114.48,-0.4900000000000091,4.7702205882352855,0.8989952406134316,0.04659939082684486,1.0,0.05901886469842109,0.05023931730712123,288260.0,17289.0,4906.0,9979.0,27.0,15111.0,87.3,9411.0,4188.0,1406.0,-177.0,-717.0,9952.0,1292.199951171875,18.81,89.2381,3.87,2.02,-0.4621784182462729,1,1,1,1
2008-08-29,113.49,115.55,-2.0600000000000023,-0.4386349679796453,0.9346610761705065,-0.004395997935639605,0.0,0.059013122519051595,0.048026785831613676,286362.0,18094.0,5097.0,9830.0,26.0,15258.0,88.7,9424.0,4348.0,1493.0,-1898.0,805.0,9804.0,1282.8299560546875,20.65,90.0567,3.83,1.94,-0.725119600003854,1,1,1,1
2008-09-05,102.51,106.47,-3.9599999999999937,-9.67486122125296,-7.858070099524017,-0.10175437251773728,0.0,0.06221899812938231,0.053585972530886594,280482.0,17653.0,4084.0,8581.0,26.0,13483.0,78.3,9090.0,3895.0,1702.0,-5880.0,-441.0,8555.0,1242.31005859375,23.06,91.341,3.66,1.97,-3.158633556200652,1,1,1,1
2008-09-12,94.37,101.19,-6.819999999999993,-7.940688713296263,-4.9591434206818885,-0.08273712876206848,0.0,0.0691103860461683,0.05571162201893324,274154.0,16054.0,3988.0,8510.0,26.0,13237.0,77.4,8907.0,3728.0,1448.0,-6328.0,-1599.0,8484.0,1251.699951171875,25.66,91.4706,3.74,2.1,0.7558413065377634,1,1,1,1
2008-09-19,93.46,104.05,-10.590000000000003,-0.964289498781401,2.826366241723499,-0.00968968876096163,0.0,0.04984768390557289,0.05213728258203022,272634.0,15253.0,3932.0,7143.0,26.0,11504.0,66.7,8741.0,3732.0,1447.0,-1520.0,-801.0,7117.0,1255.0799560546875,32.07,91.0014,3.78,1.48,0.2700331560808955,1,1,1,1
2008-09-26,100.88,106.77,-5.890000000000001,7.939225337042588,2.614127823161949,0.07639815438438403,1.0,0.08095624742576667,0.05836776257398415,276912.0,14495.0,3839.0,8989.0,26.0,12452.0,72.3,8730.0,3888.0,1509.0,4278.0,-758.0,8963.0,1213.27001953125,34.74,90.6872,3.85,1.08,-3.3312568113083363,1,1,1,1
2008-10-03,88.95,93.91,-4.959999999999994,-11.825931800158596,-12.044581811370236,-0.12585727754481987,0.0,0.08866256219980231,0.06373514008299627,285104.0,14383.0,4422.0,10346.0,27.0,14024.0,80.9,8691.0,3928.0,1418.0,8192.0,-112.0,10319.0,1099.22998046875,45.14,93.5414,3.63,1.1,-9.3993947947844,1,1,1,1
2008-10-10,74.58,77.44,-2.8599999999999994,-16.15514333895447,-17.538068363326587,-0.1762020393611694,0.0,0.11397408367372562,0.07297327387879636,290715.0,14926.0,4572.0,10161.0,27.0,14115.0,82.2,8894.0,4004.0,1495.0,5611.0,543.0,10134.0,899.219970703125,69.95,97.999,3.89,0.79,-18.19546530930076,1,1,1,1
2008-10-17,66.05,71.9,-5.8500000000000085,-11.437382676320729,-7.1539256198347,-0.12146034378234041,0.0,0.11158430453609719,0.07603821085994569,293897.0,15388.0,4630.0,10400.0,27.0,14562.0,84.8,9065.0,3976.0,1364.0,3182.0,462.0,10373.0,940.5499877929688,70.33,97.7255,3.98,0.6,4.596207650673811,1,1,1,1
2008-10-24,60.57,63.34,-2.770000000000003,-8.296744890234663,-11.90542420027817,-0.08661230997547843,0.0,0.036891116652958536,0.07495737267086387,294390.0,15729.0,4675.0,10337.0,27.0,14851.0,85.3,9057.0,4037.0,1349.0,493.0,341.0,10310.0,876.77001953125,79.13,101.8442,3.76,0.95,-6.781135409015371,1,1,1,1
2008-10-31,60.0,68.1,-8.099999999999994,-0.9410599306587386,7.51499842121881,-0.0094551587707551,0.0,0.06984522648004951,0.07542798002853784,294444.0,17544.0,4776.0,9972.0,27.0,14617.0,85.3,9095.0,4030.0,1299.0,54.0,1815.0,9945.0,968.75,59.89,99.7662,4.01,0.22,10.490776192133655,1,1,1,1
2008-11-07,56.84,61.06,-4.219999999999999,-5.266666666666664,-10.337738619676939,-0.05410425899320077,0.0,0.047696899444281286,0.07528706643560637,294394.0,17985.0,4885.0,9503.0,27.0,14463.0,84.6,9002.0,3925.0,1275.0,-50.0,441.0,9476.0,930.989990234375,56.1,99.3944,3.83,0.27,-3.897807459677416,1,1,1,1
2008-11-14,50.7,57.18,-6.479999999999997,-10.802251935256857,-6.3544055027841555,-0.11431439263176237,0.0,0.04508479604548485,0.06985393618492779,295993.0,18921.0,4943.0,9871.0,27.0,14558.0,84.9,8962.0,4056.0,1239.0,1599.0,936.0,9844.0,873.2899780273438,66.31,100.9705,3.72,0.34,-6.197704896108003,1,1,1,1
2008-11-21,44.91,49.22,-4.310000000000002,-11.420118343195274,-13.920951381601965,-0.12126542349749088,0.0,0.05297384214189779,0.06838533668596228,303273.0,20509.0,5006.0,10959.0,27.0,14838.0,86.2,8844.0,4086.0,1492.0,7280.0,1588.0,10932.0,800.030029296875,72.67,103.6289,3.2,0.57,-8.38896020494293,1,1,1,1
2008-11-28,47.72,55.21,-7.490000000000002,6.256958361166776,12.16984965461194,0.06069011013006866,1.0,0.08421022227509824,0.07843442989880649,302817.0,22854.0,5118.0,9504.0,27.0,14580.0,84.3,8933.0,3892.0,1327.0,-456.0,2345.0,9477.0,896.239990234375,55.84,101.6468,2.93,0.52,12.02579370952568,1,1,1,1
2008-12-05,37.04,41.01,-3.969999999999999,-22.38055322715843,-25.719978264807107,-0.25335218745173677,0.0,0.12883571428550247,0.09574841157409404,303169.0,22774.0,5152.0,9959.0,28.0,14967.0,87.4,9015.0,3672.0,1270.0,352.0,-80.0,9931.0,876.0700073242188,59.93,103.4902,2.67,0.12,-2.250511373062214,1,1,1,1
2008-12-12,42.38,46.27,-3.8900000000000006,14.416846652267834,12.826139965861994,0.13467814306217452,1.0,0.17576645721411918,0.11267634431570275,303694.0,27511.0,4967.0,9673.0,28.0,14552.0,84.1,9175.0,4090.0,1520.0,525.0,4737.0,9645.0,879.72998046875,54.28,100.319,2.6,0.15,0.41777176640367397,1,1,1,1
2008-12-19,39.52,33.17,6.350000000000001,-6.7484662576687064,-28.31208126215691,-0.06986967996048589,0.0,0.1701018891560372,0.10341368473319841,300593.0,28684.0,4972.0,9118.0,28.0,14511.0,84.7,8867.0,4102.0,1542.0,-3101.0,1173.0,9090.0,887.8800048828125,44.93,98.1278,2.13,0.11,0.9264234020670559,1,1,1,1
2008-12-26,33.73,37.58,-3.8500000000000014,-14.6508097165992,13.29514621646064,-0.15841922380610832,0.0,0.16553764315714134,0.10519279423898392,301142.0,28143.0,4979.0,9249.0,28.0,14190.0,82.5,9106.0,4310.0,1282.0,549.0,-541.0,9221.0,872.7999877929688,43.38,98.2594,2.16,0.09,-1.6984296309087488,1,1,1,1
2009-01-02,42.94,46.17,-3.230000000000004,27.305069670916104,22.857903139968073,0.24141614337707615,1.0,0.18342734380320228,0.13548389741953337,307236.0,32182.0,4935.0,10485.0,28.0,14522.0,84.6,8990.0,4318.0,1482.0,6094.0,4039.0,10457.0,931.7999877929688,39.19,98.6008,2.46,0.08,6.75985344009824,1,1,1,1
2009-01-09,42.34,40.69,1.6500000000000057,-1.3972985561248152,-11.869179120641116,-0.01407152674391577,0.0,0.17171484295921996,0.13358011305460935,308380.0,32980.0,4917.0,9729.0,28.0,14586.0,85.2,8758.0,3654.0,1343.0,1144.0,798.0,9701.0,890.3499755859375,42.82,98.8752,2.43,0.09,-4.448380848899602,1,1,1,1
2009-01-16,43.42,35.38,8.04,2.5507794048181376,-13.049889407716876,0.025187898743426675,1.0,0.16532444359485704,0.13370834106823462,314480.0,33197.0,5052.0,9866.0,28.0,14145.0,83.3,8641.0,4082.0,1316.0,6100.0,217.0,9838.0,850.1199951171875,46.11,100.711,2.36,0.19,-4.518445731665766,1,1,1,1
2009-01-23,43.13,45.12,-1.9899999999999949,-0.6678949792722211,27.52967778405877,-0.0067013537903939805,0.0,0.12117598845205078,0.1337449343958137,320698.0,33503.0,5045.0,9708.0,28.0,14136.0,82.5,8650.0,4258.0,1441.0,6218.0,306.0,9680.0,831.9500122070312,47.27,102.1096,2.65,0.18,-2.1373433179455503,1,1,1,1
2009-01-30,44.17,41.73,2.440000000000005,2.4113146301877997,-7.51329787234043,0.023827014948683282,1.0,0.020377027774605257,0.13422741370320648,327868.0,34335.0,5235.0,10037.0,28.0,14341.0,83.5,9015.0,4220.0,1276.0,7170.0,832.0,10009.0,825.8800048828125,44.84,102.1169,2.87,0.23,-0.7296120241787052,1,1,1,1
2009-02-06,44.49,40.24,4.25,0.7244736246321049,-3.570572729451227,0.00721861920951534,1.0,0.015119681417643959,0.13109634980115345,332487.0,34916.0,5327.0,9652.0,28.0,14127.0,81.6,9006.0,4115.0,1212.0,4619.0,581.0,9624.0,868.5999755859375,43.37,101.7455,3.05,0.23,5.172660731650325,1,1,1,1
2009-02-13,43.36,37.63,5.729999999999997,-2.5398966059788752,-6.486083499005968,-0.025727087686559687,0.0,0.021024971257154662,0.12660793492519848,332349.0,34864.0,5323.0,8793.0,29.0,14143.0,82.3,8908.0,4359.0,1278.0,-138.0,-52.0,8764.0,826.8400268554688,42.93,102.2958,2.89,0.22,-4.807730820196998,1,1,1,1
2009-02-20,42.19,39.35,2.8399999999999963,-2.6983394833948404,4.570821153335092,-0.02735413099514353,0.0,0.025222839396501055,0.12512860274504983,333066.0,34506.0,5300.0,8769.0,29.0,13936.0,81.4,9010.0,3988.0,1446.0,717.0,-358.0,8740.0,770.0499877929688,49.3,104.0244,2.78,0.2,-6.86832243456773,1,1,1,1
2009-02-27,44.41,44.15,0.259999999999998,5.261910405309322,12.1982210927573,0.05128144316776367,1.0,0.036899347027839174,0.09963173622592301,332309.0,33953.0,5373.0,9028.0,29.0,14345.0,83.1,9204.0,3764.0,1287.0,-757.0,-553.0,8999.0,735.0900268554688,46.35,104.9284,3.02,0.22,-4.539959936587801,1,1,1,1
2009-03-06,43.48,45.43,-1.9500000000000028,-2.094122945282595,2.899207248018132,-0.021163607051002217,0.0,0.038105060754897384,0.09253522991551427,332824.0,33552.0,5401.0,9121.0,29.0,14116.0,82.7,8972.0,3784.0,1385.0,515.0,-401.0,9092.0,683.3800048828125,49.33,105.3937,2.83,0.2,-7.034515512862938,1,1,1,1
2009-03-13,44.97,46.22,-1.25,3.4268629254829763,1.7389390270746263,0.03369453852960729,1.0,0.03928084437087819,0.09000399668823772,334766.0,33920.0,5414.0,9180.0,29.0,14180.0,82.1,8955.0,3721.0,1624.0,1942.0,368.0,9151.0,756.5499877929688,42.36,104.1106,2.89,0.15,10.70707108597706,1,1,1,1
2009-03-20,49.27,51.55,-2.279999999999994,9.561930175672684,11.53180441367374,0.09131977577325581,1.0,0.04667551830572592,0.07493988903714151,338068.0,31709.0,5432.0,9384.0,29.0,14135.0,82.0,9100.0,3928.0,1527.0,3302.0,-2211.0,9355.0,768.5399780273438,45.89,101.0581,2.65,0.18,1.5848245889676926,1,1,1,1
2009-03-27,50.81,52.41,-1.5999999999999943,3.125634260198895,1.6682832201745823,0.030777809049768724,1.0,0.0459658779854493,0.03573486262096983,340912.0,30853.0,5480.0,9554.0,29.0,14158.0,81.7,9125.0,3653.0,1485.0,2844.0,-856.0,9525.0,815.9400024414062,41.04,101.8388,2.78,0.15,6.167541802539267,1,1,1,1
2009-04-03,50.48,52.52,-2.0400000000000063,-0.6494784491241967,0.20988360999809608,-0.006515967372682894,0.0,0.04038775412039851,0.035258212644577895,342328.0,29975.0,5469.0,9332.0,30.0,14287.0,81.8,9024.0,4065.0,1387.0,1416.0,-878.0,9302.0,842.5,39.7,100.6429,2.91,0.13,3.25514100045623,1,1,1,1
2009-04-10,52.33,52.24,0.0899999999999963,3.6648177496038103,-0.5331302361005319,0.03599260215115879,1.0,0.040335320360052725,0.03568703238723855,347999.0,29233.0,5482.0,9391.0,30.0,13987.0,80.4,8944.0,3769.0,1381.0,5671.0,-742.0,9361.0,856.5599975585938,36.53,100.7597,2.96,0.15,1.6688424401891666,1,1,1,1
2009-04-17,52.02,50.36,1.6600000000000037,-0.5923944200267428,-3.5987748851454837,-0.005941560363610856,0.0,0.022971203584134195,0.035644605753861525,351856.0,29542.0,5421.0,9855.0,30.0,14516.0,83.4,9136.0,3452.0,1433.0,3857.0,309.0,9825.0,869.5999755859375,33.94,100.5719,2.98,0.13,1.5223659830614134,1,1,1,1
2009-04-24,50.29,50.65,-0.35999999999999943,-3.3256439830834372,0.575853852263708,-0.03382200983663217,0.0,0.028813772570677968,0.038228773053770336,355909.0,29763.0,5269.0,9824.0,31.0,14334.0,82.7,9151.0,3441.0,1378.0,4053.0,221.0,9793.0,866.22998046875,36.82,100.0244,3.03,0.16,-0.387533947999108,1,1,1,1
2009-05-01,51.75,52.18,-0.4299999999999997,2.9031616623583334,3.0207305034550824,0.028618181961605177,1.0,0.0323488909008186,0.03854366751206563,356863.0,29819.0,5280.0,9920.0,31.0,14754.0,85.3,8923.0,3446.0,1435.0,954.0,56.0,9889.0,877.52001953125,35.3,100.0057,3.21,0.22,1.3033535339414648,1,1,1,1
2009-05-08,56.02,58.58,-2.559999999999995,8.251207729468613,12.265235722499046,0.07928433768648413,1.0,0.04872886865829346,0.04090048115219775,352234.0,28826.0,5306.0,8708.0,31.0,14424.0,83.7,8911.0,3625.0,1441.0,-4629.0,-993.0,8677.0,929.22998046875,32.05,98.1269,3.29,0.17,5.892738602718395,1,1,1,1
2009-05-15,56.33,56.52,-0.19000000000000483,0.5533737950731865,-3.5165585524069565,0.005518483074660118,1.0,0.0472418904112495,0.03836427479856873,350129.0,29620.0,5352.0,8791.0,30.0,14109.0,81.8,9232.0,3641.0,1490.0,-2105.0,794.0,8761.0,882.8800048828125,33.12,98.1063,3.14,0.17,-4.987998295379603,1,1,1,1
2009-05-22,58.7,61.15,-2.4499999999999957,4.207349547310502,8.191790516631281,0.04121247392742826,1.0,0.03085476828955292,0.03782169756480194,344716.0,30684.0,5364.0,8778.0,30.0,14733.0,85.1,9538.0,3636.0,1344.0,-5413.0,1064.0,8748.0,887.0,32.63,95.8788,3.45,0.17,0.4666540293586596,1,1,1,1
2009-05-29,64.98,66.31,-1.3299999999999983,10.69846678023849,8.438266557645147,0.1016398034069034,1.0,0.04238264809812106,0.04117751927359177,347582.0,29918.0,5358.0,9646.0,30.0,14725.0,86.3,9020.0,3455.0,1248.0,2866.0,-766.0,9616.0,919.1400146484376,28.92,95.268,3.47,0.19,3.623451482349216,1,1,1,1
2009-06-05,67.77,68.43,-0.6600000000000108,4.293628808864258,3.197104509123827,0.04204008890706727,1.0,0.03984498082258552,0.0412518522106851,343186.0,28976.0,5358.0,8970.0,30.0,14750.0,85.9,9141.0,3572.0,1290.0,-4396.0,-942.0,8940.0,940.0900268554688,29.62,96.0412,3.84,0.21,2.2793058590800497,1,1,1,1
2009-06-12,70.62,72.13,-1.509999999999991,4.20540061974326,5.406985240391626,0.04119377135221886,1.0,0.03008143455325818,0.03728687575131444,339312.0,28971.0,5273.0,9037.0,30.0,14677.0,85.9,9354.0,3384.0,1407.0,-3874.0,-5.0,9007.0,946.2100219726562,28.15,95.836,3.81,0.17,0.6510009618609036,1,1,1,1
2009-06-19,70.48,69.6,0.8800000000000097,-0.19824412347776432,-3.5075558020241204,-0.0019844088723162414,0.0,0.042570582600879585,0.03840734045059232,335444.0,28238.0,5257.0,9284.0,30.0,15031.0,87.1,9129.0,3383.0,1498.0,-3868.0,-733.0,9254.0,921.22998046875,27.99,96.0325,3.79,0.25,-2.6400102433736583,1,1,1,1
2009-06-26,68.1,69.16,-1.0600000000000023,-3.376844494892184,-0.632183908045969,-0.03435176847245755,0.0,0.03696137435938291,0.04136041557471363,331784.0,28601.0,5163.0,9363.0,30.0,14992.0,87.0,9053.0,3257.0,1308.0,-3660.0,363.0,9333.0,918.9000244140624,25.93,96.1935,3.52,0.18,-0.2529179579568219,1,1,1,1
2009-07-03,65.74,66.68,-0.9400000000000119,-3.465491923641706,-3.5858877964141,-0.03526964491939336,0.0,0.03602607072916836,0.04461837975525393,329083.0,30184.0,5171.0,9224.0,30.0,14966.0,86.8,9229.0,3039.0,1292.0,-2701.0,1583.0,9194.0,896.4199829101562,27.95,96.3216,3.51,0.16,-2.446407759999847,1,1,1,1
2009-07-10,58.43,59.93,-1.5,-11.11956191055673,-10.122975404919021,-0.11787811166972759,0.0,0.049487839026548075,0.059521389964306955,326270.0,30803.0,5171.0,9549.0,31.0,15105.0,87.9,9163.0,3439.0,1449.0,-2813.0,619.0,9518.0,879.1300048828125,29.02,97.0819,3.32,0.15,-1.9287809684042534,1,1,1,1
2009-07-17,63.54,63.56,-0.020000000000003126,8.745507444805757,6.057066577673953,0.08384017227502448,1.0,0.08299016044652559,0.06136593207761281,324474.0,30811.0,5176.0,9203.0,31.0,14779.0,85.8,9255.0,3455.0,1381.0,-1796.0,8.0,9172.0,940.3800048828124,24.34,95.6036,3.67,0.15,6.967115177483274,1,1,1,1
2009-07-24,68.82,66.96,1.8599999999999994,8.309726156751651,5.349276274386394,0.07982477152796422,1.0,0.09748967961351168,0.06379095622172044,329626.0,32121.0,5107.0,10024.0,31.0,14608.0,84.6,9171.0,3265.0,1333.0,5152.0,1310.0,9993.0,979.260009765625,23.09,94.7046,3.7,0.15,4.134499317396445,1,1,1,1
2009-07-31,70.08,69.26,0.8199999999999932,1.8308631211856996,3.434886499402645,0.018143046258801653,1.0,0.09416975918903281,0.06134753003248219,331296.0,33325.0,5246.0,9287.0,31.0,14434.0,84.5,9199.0,3426.0,1380.0,1670.0,1204.0,9256.0,987.47998046875,25.92,94.2526,3.52,0.18,0.8394063498102344,1,1,1,1
2009-08-07,74.21,70.97,3.239999999999995,5.893264840182644,2.4689575512561346,0.05726146535390614,1.0,0.030114575930566993,0.062152964775213475,333992.0,33606.0,5172.0,9530.0,31.0,14365.0,83.5,8951.0,3198.0,1457.0,2696.0,281.0,9499.0,1010.47998046875,24.76,94.4692,3.89,0.17,2.329161143001812,1,1,1,1
2009-08-14,71.33,67.51,3.819999999999993,-3.880878587791392,-4.875299422291102,-0.03958191569209532,0.0,0.05229145673347581,0.06433527532697615,325595.0,33264.0,5169.0,8113.0,31.0,14504.0,84.0,9205.0,3466.0,1383.0,-8397.0,-342.0,8082.0,1004.0900268554688,24.27,94.475,3.55,0.15,-0.6323681554103677,1,1,1,1
2009-08-21,73.71,73.12,0.5899999999999892,3.336604514229635,8.30988001777515,0.03282147891125067,1.0,0.04112590755806218,0.058865353589623304,325723.0,31801.0,5173.0,9225.0,31.0,14483.0,84.1,9105.0,3412.0,1497.0,128.0,-1463.0,9194.0,1026.1300048828125,25.01,94.0103,3.56,0.16,2.1950201115299217,1,1,1,1
2009-08-28,72.8,72.72,0.0799999999999983,-1.2345679012345623,-0.5470459518599591,-0.012422519998557096,0.0,0.04364507891906533,0.0583098672732642,325351.0,31212.0,5244.0,9576.0,31.0,14951.0,87.2,9478.0,3497.0,1418.0,-372.0,-589.0,9545.0,1028.9300537109375,24.76,94.4489,3.46,0.14,0.272874666445877,1,1,1,1
2009-09-04,65.84,67.95,-2.1099999999999994,-9.560439560439548,-6.559405940594054,-0.10048839883382578,0.0,0.055725238125710876,0.06453982040959373,319545.0,31269.0,5266.0,9095.0,31.0,15105.0,87.2,9283.0,3482.0,1547.0,-5806.0,57.0,9064.0,1016.4000244140624,25.26,94.5811,3.45,0.15,-1.2177727000668659,1,1,1,1
2009-09-11,68.76,69.34,-0.5799999999999983,4.434993924665864,2.0456217807211186,0.043394624145834206,1.0,0.06551323736412547,0.06609696364921466,314816.0,27591.0,5304.0,8903.0,31.0,15049.0,86.9,9001.0,3355.0,1482.0,-4729.0,-3678.0,8872.0,1042.72998046875,24.15,93.3225,3.34,0.15,2.5905111592127605,1,1,1,1
2009-09-18,70.72,71.95,-1.230000000000004,2.8504944735311177,3.7640611479665465,0.028106237814739442,1.0,0.0645409252842099,0.06578126100335889,317671.0,28072.0,5300.0,9794.0,31.0,14733.0,85.6,8790.0,3303.0,1358.0,2855.0,481.0,9763.0,1068.300048828125,23.92,93.1233,3.49,0.16,2.452223378854046,1,1,1,1
2009-09-25,64.6,65.91,-1.3100000000000023,-8.653846153846157,-8.394718554551783,-0.09051400754083186,0.0,0.07614373051627848,0.07047953726933193,320467.0,26530.0,5375.0,9533.0,31.0,14591.0,84.6,9126.0,3409.0,1442.0,2796.0,-1542.0,9502.0,1044.3800048828125,25.61,93.5535,3.34,0.13,-2.239075433119342,1,1,1,1
2009-10-02,66.5,69.8,-3.299999999999997,2.941176470588247,5.901987558792299,0.028987536873252406,1.0,0.06239990583198135,0.06046544900160139,319333.0,25124.0,5360.0,9098.0,31.0,14607.0,85.0,9269.0,3527.0,1425.0,-1134.0,-1406.0,9067.0,1025.2099609375,28.68,93.6756,3.24,0.13,-1.8355429877713436,1,1,1,1
2009-10-09,69.45,71.75,-2.299999999999997,4.4360902255639045,2.7936962750716443,0.04340512153854427,1.0,0.062402199572445534,0.05705437619327487,319667.0,25541.0,5377.0,8731.0,32.0,14097.0,80.9,9256.0,3557.0,1416.0,334.0,417.0,8699.0,1071.489990234375,23.12,92.2984,3.4,0.12,4.514200120973699,1,1,1,1
2009-10-16,74.58,78.54,-3.960000000000008,7.386609071274286,9.46341463414635,0.07126530555032186,1.0,0.07139033823520187,0.05611250119249891,320979.0,26004.0,5371.0,8699.0,32.0,14070.0,81.1,8950.0,3487.0,1313.0,1312.0,463.0,8667.0,1087.6800537109375,21.43,91.6541,3.43,0.12,1.510985975055279,1,1,1,1
2009-10-23,77.72,80.11,-2.3900000000000006,4.2102440332528746,1.9989814107461035,0.041240249758564516,1.0,0.017860071722594312,0.05693094245008462,321757.0,25519.0,5357.0,8890.0,32.0,14203.0,81.8,8858.0,3637.0,1281.0,778.0,-485.0,8858.0,1079.5999755859375,22.27,91.7331,3.51,0.11,-0.7428726947260378,1,1,1,1
2009-10-30,74.91,77.04,-2.1300000000000097,-3.6155429747812717,-3.832230682811122,-0.036825231549447855,0.0,0.046455241574807106,0.0560961760379347,317821.0,25549.0,5391.0,8126.0,32.0,13970.0,80.6,9015.0,3570.0,1482.0,-3936.0,30.0,8094.0,1036.18994140625,30.69,92.6207,3.41,0.11,-4.020936936028308,1,1,1,1
2009-11-06,75.51,77.4,-1.8900000000000006,0.8009611533840832,0.4672897196261738,0.007977704855542871,1.0,0.04636657197747054,0.05464646246618642,319609.0,26969.0,5506.0,8656.0,32.0,13825.0,79.9,8844.0,3543.0,1381.0,1788.0,1420.0,8624.0,1069.300048828125,24.19,92.3848,3.54,0.12,3.1953704720333542,1,1,1,1
2009-11-13,74.81,76.34,-1.5300000000000011,-0.927029532512258,-1.3695090439276525,-0.009313531931020724,0.0,0.03268471190073515,0.05402866108989997,318722.0,28319.0,5317.0,8579.0,32.0,13794.0,79.4,9015.0,3602.0,1399.0,-887.0,1350.0,8547.0,1093.47998046875,23.36,91.5754,3.43,0.12,2.261285938135371,1,1,1,1
2009-11-20,75.61,76.83,-1.2199999999999989,1.069375751904822,0.6418653392716633,0.010636983685864937,1.0,0.021834491651844222,0.05390871297762792,319741.0,29515.0,5433.0,8950.0,32.0,13971.0,80.3,9092.0,3661.0,1562.0,1019.0,1196.0,8918.0,1091.3800048828125,22.19,91.9906,3.36,0.11,-0.1920451790107136,1,1,1,1
2009-11-27,76.0,75.95,0.04999999999999716,0.5158047877264815,-1.1453859169595182,0.005144790716152462,1.0,0.008903718262583507,0.0429582904167232,321832.0,30889.0,5561.0,8401.0,32.0,13844.0,79.7,8943.0,3579.0,1418.0,2091.0,1374.0,8369.0,1091.489990234375,24.85,91.5272,3.21,0.12,0.010077640333383542,1,1,1,1
2009-12-04,77.74,75.41,2.3299999999999983,2.28947368421053,-0.710994075049387,0.022636585137746062,1.0,0.013253910236118898,0.04198425954778005,318037.0,33353.0,5538.0,8137.0,32.0,13921.0,81.1,9012.0,3320.0,1320.0,-3795.0,2464.0,8105.0,1105.97998046875,21.25,91.3806,3.48,0.12,1.327542200479881,1,1,1,1
2009-12-11,70.07,69.86,0.20999999999999375,-9.866220735785959,-7.359766609203023,-0.10387518304163464,0.0,0.05879607128694666,0.05277570946462087,314348.0,34135.0,5524.0,7772.0,32.0,13804.0,80.0,8963.0,3792.0,1660.0,-3689.0,782.0,7740.0,1106.4100341796875,21.59,92.2946,3.55,0.12,0.03888440284021133,1,1,1,1
2009-12-18,71.87,73.3,-1.4299999999999926,2.5688597117168754,4.924133982250201,0.02536418909790893,1.0,0.06145162341455841,0.04487147070286627,309507.0,34706.0,5524.0,7707.0,32.0,13777.0,80.0,9045.0,3988.0,1458.0,-4841.0,571.0,7675.0,1102.469970703125,21.68,93.1632,3.55,0.12,-0.35611241355776313,1,1,1,1
2009-12-25,75.15,76.83,-1.6799999999999926,4.563795742312515,4.815825375170535,0.04462718471863231,1.0,0.0680827225530805,0.04572733652454184,307969.0,34512.0,5512.0,8027.0,32.0,13879.0,80.3,9074.0,3656.0,1378.0,-1538.0,-194.0,7995.0,1126.47998046875,19.47,92.8694,3.82,0.11,2.1778379823182092,1,1,1,1
2010-01-01,77.91,79.39,-1.480000000000004,3.6726546906187485,3.3320317584277115,0.036068198143783134,1.0,0.07005879289339943,0.04528981265063813,306626.0,35670.0,5507.0,8355.0,32.0,13792.0,79.9,8741.0,3546.0,1540.0,-1343.0,1158.0,8323.0,1115.0999755859375,21.68,92.9124,3.85,0.05,-1.0102269973832123,1,1,1,1
2010-01-08,80.06,82.74,-2.6799999999999926,2.7595944037992703,4.219675022043079,0.027222039221660936,1.0,0.008867263227057675,0.04145891575672043,310325.0,34473.0,5496.0,8895.0,32.0,14005.0,81.3,8740.0,3614.0,1344.0,3699.0,-1197.0,8863.0,1144.97998046875,18.13,92.1485,3.83,0.11,2.6795808032469726,1,1,1,1
2010-01-15,76.85,77.96,-1.1099999999999994,-4.00949288033976,-5.777133188300699,-0.04092088357982285,0.0,0.03909784573221915,0.041875797656147865,309854.0,33725.0,5404.0,8540.0,33.0,13824.0,78.4,8602.0,3823.0,1236.0,-471.0,-748.0,8507.0,1136.030029296875,17.91,91.7668,3.7,0.12,-0.7816687911181619,1,1,1,1
2010-01-22,72.73,74.25,-1.519999999999996,-5.361093038386455,-4.758850692662897,-0.055101515818155415,0.0,0.04649301555899086,0.04359666485325659,305966.0,33034.0,5421.0,7867.0,33.0,13624.0,78.5,8619.0,3725.0,1430.0,-3888.0,-691.0,7834.0,1091.760009765625,27.31,92.943,3.62,0.11,-3.8969057498110415,1,1,1,1
2010-01-29,71.2,72.85,-1.6499999999999915,-2.103671112333294,-1.8855218855218903,-0.021261135748519313,0.0,0.03594441453624213,0.0437769035201488,308283.0,31997.0,5403.0,8426.0,33.0,13461.0,77.7,8613.0,3659.0,1430.0,2317.0,-1037.0,8393.0,1073.8699951171875,24.62,93.7638,3.63,0.12,-1.6386398556838544,1,1,1,1
2010-02-05,70.11,71.15,-1.0400000000000063,-1.5308988764044962,-2.333562113932719,-0.015427381199053822,0.0,0.01823630913928562,0.043868449946642914,310577.0,31322.0,5475.0,8342.0,33.0,13590.0,79.1,8766.0,3696.0,1393.0,2294.0,-675.0,8309.0,1066.18994140625,26.11,94.6218,3.59,0.13,-0.7151753700036512,1,1,1,1
2010-02-12,71.49,74.11,-2.6200000000000045,1.9683354728283975,4.160224877020369,0.01949214255988402,1.0,0.030547309859500972,0.04423581072008201,313662.0,30612.0,5482.0,8548.0,33.0,13772.0,79.8,8521.0,3787.0,1225.0,3085.0,-710.0,8515.0,1075.510009765625,22.73,93.9976,3.69,0.12,0.8741470911911131,1,1,1,1
2010-02-19,76.88,79.77,-2.8900000000000006,7.539516016226044,7.637295911482922,0.0726881848832766,1.0,0.043142093015053534,0.04957323105161779,316696.0,29902.0,5505.0,9084.0,33.0,14107.0,81.2,9064.0,3662.0,1235.0,3034.0,-710.0,9051.0,1109.1700439453125,20.02,93.9569,3.78,0.13,3.129681162802256,1,1,1,1
2010-02-26,76.36,79.72,-3.3599999999999994,-0.6763787721123737,-0.06268020559107024,-0.0067867658044900945,0.0,0.03968107660929795,0.04912924885901908,320730.0,29969.0,5510.0,9236.0,33.0,14074.0,81.9,8882.0,3829.0,1313.0,4034.0,67.0,9203.0,1104.489990234375,19.5,93.6602,3.61,0.13,-0.4219419498826871,1,1,1,1
2010-03-05,79.2,81.5,-2.299999999999997,3.7192247249869137,2.2328148519819457,0.0365172999628334,1.0,0.033304277431763105,0.037983923283241745,322200.0,30600.0,5527.0,8492.0,33.0,13925.0,80.7,8992.0,3645.0,1302.0,1470.0,631.0,8459.0,1138.699951171875,17.42,93.2623,3.69,0.17,3.097353641950207,1,1,1,1
2010-03-12,79.38,81.26,-1.8800000000000097,0.2272727272727204,-0.2944785276073558,0.0022701485345390775,1.0,0.03618636683457914,0.03773033741178517,323212.0,29919.0,5540.0,8428.0,33.0,13940.0,80.6,8849.0,3762.0,1304.0,1012.0,-681.0,8395.0,1149.989990234375,17.58,92.6616,3.71,0.17,0.9914849869696596,1,1,1,1
2010-03-19,78.37,80.58,-2.2099999999999937,-1.2723607961703132,-0.8368200836820217,-0.012805246290146018,0.0,0.022034708219139627,0.036317065176932145,330457.0,30453.0,5536.0,9397.0,33.0,14042.0,81.1,9087.0,3809.0,1339.0,7245.0,534.0,9364.0,1159.9000244140625,16.97,93.0407,3.7,0.18,0.8617496033741734,1,1,1,1
2010-03-26,77.98,79.75,-1.769999999999996,-0.4976394028327169,-1.0300322660709793,-0.004988817510321966,0.0,0.021735906187604074,0.03487485860253542,333386.0,30936.0,5489.0,9060.0,33.0,14234.0,82.6,9060.0,3646.0,1529.0,2929.0,483.0,9027.0,1166.5899658203125,17.77,93.6873,3.86,0.17,0.5767687960545942,1,1,1,1
2010-04-02,82.63,84.53,-1.9000000000000057,5.963067453193105,5.993730407523512,0.05792042715864152,1.0,0.03214252652454763,0.03803039739495381,335532.0,31164.0,5473.0,9561.0,33.0,14604.0,84.5,9076.0,3637.0,1374.0,2146.0,228.0,9528.0,1178.0999755859375,17.47,92.9057,3.96,0.2,0.9866371306846977,1,1,1,1
2010-04-09,82.77,84.6,-1.8299999999999983,0.16942998910807194,0.08281083638943532,0.0016928661842114143,1.0,0.03219364492660045,0.03549908395364025,333330.0,32257.0,5475.0,8880.0,33.0,14813.0,85.6,9325.0,3583.0,1378.0,-2202.0,1093.0,8847.0,1194.3699951171875,16.14,92.4772,3.9,0.19,1.3810389498699394,1,1,1,1
2010-04-16,84.81,82.97,1.8400000000000034,2.46466110909751,-1.9267139479905437,0.024347783476304365,1.0,0.028379511996226944,0.030015144670180665,335224.0,34111.0,5466.0,9613.0,34.0,14678.0,85.9,9152.0,3466.0,1427.0,1894.0,1854.0,9579.0,1192.1300048828125,18.36,92.5253,3.79,0.21,-0.18754575579866817,1,1,1,1
2010-04-23,86.09,84.34,1.75,1.509255983964164,1.651199228636857,0.014979800296254684,1.0,0.02399671063701621,0.028033711338615493,337187.0,34565.0,5488.0,9681.0,34.0,14956.0,89.0,9290.0,3597.0,1304.0,1963.0,454.0,9647.0,1217.280029296875,16.62,92.6622,3.84,0.2,2.1096712867767042,1,1,1,1
2010-04-30,86.19,86.07,0.12000000000000455,0.11615750958298143,2.0512212473322133,0.0011609009894444822,1.0,0.01120425324356318,0.02673127383042418,339942.0,36244.0,5522.0,9951.0,34.0,15146.0,89.6,9282.0,3895.0,1524.0,2755.0,1679.0,9917.0,1186.68994140625,22.05,92.8423,3.69,0.2,-2.5129869179152164,1,1,1,1
2010-05-07,76.48,75.1,1.3800000000000097,-11.265808098387275,-12.745439758336241,-0.11952489291616193,0.0,0.06718895802479821,0.047616069786197444,341861.0,37028.0,5533.0,9687.0,34.0,15036.0,88.4,9140.0,3890.0,1471.0,1919.0,784.0,9653.0,1110.8800048828125,40.95,95.2952,3.45,0.2,-6.3883524986822815,1,1,1,1
2010-05-14,76.43,71.61,4.820000000000007,-0.06537656903765621,-4.64713715046604,-0.0006539794883531184,0.0,0.06273325689344568,0.042675886082778725,342023.0,37945.0,5516.0,9829.0,34.0,15192.0,87.9,9092.0,4086.0,1471.0,162.0,917.0,9795.0,1135.6800537109375,31.24,95.3746,3.44,0.2,2.2324687382181407,1,1,1,1
2010-05-21,70.45,68.03,2.4200000000000017,-7.824152819573471,-4.999301773495324,-0.08147205091010355,0.0,0.06021242458554489,0.04869877852927339,344483.0,37621.0,5540.0,9928.0,34.0,15085.0,87.8,9099.0,4021.0,1387.0,2460.0,-324.0,9894.0,1087.68994140625,40.1,96.2911,3.2,0.2,-4.225671847266799,1,1,1,1
2010-05-28,73.0,74.0,-1.0,3.619588360539394,8.775540202851673,0.03555620280370195,1.0,0.0713949165036928,0.04862194703309055,342581.0,37889.0,5320.0,9455.0,34.0,15105.0,87.5,9174.0,4031.0,1468.0,-1902.0,268.0,9421.0,1089.4100341796875,32.07,96.3062,3.31,0.19,0.1581418295744763,1,1,1,1
2010-06-04,71.84,71.43,0.4099999999999966,-1.5890410958904089,-3.4729729729729653,-0.016018017154446944,0.0,0.04892045796481028,0.048598650668778665,340906.0,37416.0,5445.0,9535.0,34.0,15187.0,89.1,9194.0,3903.0,1334.0,-1675.0,-473.0,9501.0,1064.8800048828125,35.48,97.1688,3.2,0.19,-2.2516801321135094,1,1,1,1
2010-06-11,73.28,73.89,-0.6099999999999994,2.0044543429843964,3.4439311213775525,0.019846296371930534,1.0,0.05199214724941422,0.04923441718288867,342596.0,37610.0,5503.0,9699.0,34.0,15114.0,87.9,9338.0,3845.0,1284.0,1690.0,194.0,9665.0,1091.5999755859375,28.79,96.5616,3.24,0.18,2.5092001521866747,1,1,1,1
2010-06-18,77.05,77.18,-0.13000000000000966,5.144650655021832,4.452564623088384,0.050166841400249906,1.0,0.028440276636640047,0.051803767311974544,344613.0,36784.0,5501.0,10112.0,33.0,15191.0,89.4,9241.0,3784.0,1314.0,2017.0,-826.0,10079.0,1117.510009765625,23.95,95.2981,3.24,0.18,2.373583250199296,1,1,1,1
2010-06-25,76.21,78.45,-2.240000000000009,-1.0902011680726797,1.645504016584609,-0.010961874088098667,0.0,0.03068312204955543,0.048384992951033455,342606.0,35989.0,5257.0,9481.0,33.0,15093.0,88.4,9462.0,3550.0,1473.0,-2007.0,-795.0,9448.0,1076.760009765625,28.53,95.4582,3.12,0.16,-3.6464997757421846,1,1,1,1
2010-07-02,71.75,72.06,-0.3100000000000023,-5.852250360845024,-8.145315487571702,-0.060304833038295494,0.0,0.04714173723297617,0.05065924509319634,337562.0,35805.0,5414.0,9413.0,33.0,15228.0,89.8,9449.0,3949.0,1404.0,-5044.0,-184.0,9380.0,1022.5800170898438,30.12,95.6345,3.0,0.18,-5.031761226679887,1,1,1,1
2010-07-09,75.2,76.08,-0.8799999999999955,4.808362369337993,5.578684429641956,0.04696337631606378,1.0,0.05263672978498748,0.05251719783949864,332504.0,36119.0,5352.0,9281.0,33.0,15469.0,90.5,9080.0,3527.0,1580.0,-5058.0,314.0,9248.0,1077.9599609375,24.98,94.683,3.07,0.18,5.41570761428154,1,1,1,1
2010-07-16,75.55,75.96,-0.4099999999999966,0.465425531914887,-0.1577287066246158,0.004643457762954369,1.0,0.044299467018016014,0.05215335961478227,332864.0,37104.0,5460.0,9977.0,33.0,15517.0,91.5,9435.0,3358.0,1568.0,360.0,985.0,9944.0,1064.8800048828125,26.25,94.5061,2.96,0.19,-1.2133990619940915,1,1,1,1
2010-07-23,77.27,78.68,-1.4100000000000108,2.276637988087349,3.580832016850999,0.02251109322674383,1.0,0.04590875816127007,0.05295953453615722,340172.0,37170.0,5486.0,11153.0,33.0,15462.0,90.6,9632.0,3599.0,1513.0,7308.0,66.0,11120.0,1102.6600341796875,23.47,94.1431,3.02,0.19,3.5478203293931365,1,1,1,1
2010-07-30,77.5,78.85,-1.3499999999999943,0.29765756438462354,0.21606507371629835,0.0029721544138087827,1.0,0.020469353191545626,0.039948196450468904,337388.0,37836.0,5440.0,9629.0,33.0,15575.0,91.2,9477.0,3464.0,1449.0,-2784.0,666.0,9596.0,1101.5999755859375,23.5,93.2793,2.94,0.18,-0.09613648458191015,1,1,1,1
2010-08-06,81.28,80.67,0.6099999999999994,4.877419354838719,2.308180088776157,0.04762204747087054,1.0,0.020766856462936415,0.042126498579399846,334390.0,37722.0,5239.0,9441.0,33.0,15066.0,88.1,9236.0,3400.0,1593.0,-2998.0,-114.0,9408.0,1121.6400146484375,21.74,92.5915,2.86,0.18,1.8191756995855846,1,1,1,1
2010-08-13,75.14,75.39,-0.25,-7.55413385826772,-6.545184083302347,-0.07854694368434896,0.0,0.054606659858772465,0.04158483178634141,333572.0,37035.0,5352.0,9561.0,32.0,15238.0,90.0,9459.0,3674.0,1401.0,-818.0,-687.0,9529.0,1079.25,26.24,94.0457,2.68,0.19,-3.7792887285430954,1,1,1,1
2010-08-20,73.48,73.45,0.030000000000001137,-2.209209475645457,-2.5732855816421263,-0.02233977979889789,0.0,0.052640436923868474,0.04112030187127936,337680.0,36256.0,5511.0,9881.0,32.0,14890.0,87.7,9375.0,3628.0,1441.0,4108.0,-779.0,9849.0,1071.68994140625,25.49,94.2087,2.62,0.2,-0.7004918780403102,1,1,1,1
2010-08-27,75.16,75.17,-0.010000000000005116,2.286336418072943,2.3417290673927837,0.02260591419833964,1.0,0.055415355774019986,0.04121740098747633,341105.0,35753.0,5602.0,9679.0,32.0,14822.0,87.0,9386.0,3927.0,1414.0,3425.0,-503.0,9647.0,1064.5899658203125,24.45,94.3462,2.66,0.19,-0.6625027735747024,1,1,1,1
2010-09-03,75.03,74.52,0.5100000000000051,-0.17296434273549322,-0.8647066648929225,-0.001731140987627146,0.0,0.043136350807154375,0.040921663691482875,339337.0,35535.0,5603.0,8885.0,32.0,14912.0,88.2,9263.0,3932.0,1539.0,-1768.0,-218.0,8853.0,1104.510009765625,21.31,93.6952,2.72,0.19,3.74980464094008,1,1,1,1
2010-09-10,77.54,76.4,1.1400000000000006,3.3453285352525786,2.522812667740215,0.03290589868514582,1.0,0.024824421521550757,0.03934643329258406,336848.0,34954.0,5573.0,9027.0,33.0,15006.0,87.6,9019.0,3842.0,1492.0,-2489.0,-581.0,8994.0,1109.550048828125,21.99,93.6768,2.81,0.18,0.4563144759158311,1,1,1,1
2010-09-17,77.43,73.63,3.8000000000000114,-0.14186226463760443,-3.625654450261795,-0.00141962984415086,0.0,0.017449145555471203,0.03918921786745191,337818.0,34744.0,5556.0,9322.0,33.0,15047.0,87.8,8847.0,3689.0,1497.0,970.0,-210.0,9289.0,1125.5899658203125,22.01,92.9418,2.75,0.21,1.445623566879961,1,1,1,1
2010-09-24,78.73,74.63,4.1000000000000085,1.678935812992366,1.3581420616596507,0.0166499747977435,1.0,0.016599936134826805,0.03416150620538881,337343.0,34345.0,5562.0,9005.0,33.0,14666.0,85.8,9383.0,3899.0,1370.0,-475.0,-399.0,8972.0,1148.6700439453125,21.71,91.5996,2.62,0.21,2.050487195679618,1,1,1,1
2010-10-01,82.69,81.57,1.1200000000000045,5.029848850501706,9.299209433203792,0.04907439853769942,1.0,0.02166298326396957,0.03438656818310904,340186.0,35094.0,5514.0,8926.0,33.0,14151.0,83.1,8989.0,3724.0,1441.0,2843.0,749.0,8893.0,1146.239990234375,22.5,90.836,2.54,0.2,-0.21155367668430625,1,1,1,1
2010-10-08,83.88,82.66,1.2199999999999989,1.4391099286491738,1.3362755915165003,0.01428853029964389,1.0,0.021193316779324917,0.034415926193021716,339770.0,35061.0,5528.0,8128.0,33.0,13920.0,81.9,8812.0,3704.0,1430.0,-416.0,-33.0,8095.0,1165.1500244140625,20.71,90.1133,2.41,0.18,1.6497447603290194,1,1,1,1
2010-10-15,81.94,81.23,0.7099999999999937,-2.3128278493085297,-1.7299782240503214,-0.023399933914994116,0.0,0.029642200620176393,0.035283908819871736,340437.0,34010.0,5536.0,8600.0,33.0,13967.0,82.5,8891.0,3954.0,1257.0,667.0,-1051.0,8567.0,1176.18994140625,19.03,89.6815,2.59,0.2,0.9475103429482656,1,1,1,1
2010-10-22,80.75,81.15,-0.4000000000000057,-1.4522821576763434,-0.09848578111535389,-0.014629310015959043,0.0,0.03272910738672777,0.03573387559047592,345444.0,33659.0,5540.0,9463.0,33.0,14138.0,83.7,9358.0,4064.0,1354.0,5007.0,-351.0,9430.0,1183.0799560546875,18.78,90.4063,2.59,0.19,0.5857909854423582,1,1,1,1
2010-10-29,82.47,81.45,1.019999999999996,2.130030959752327,0.3696857670979714,0.021076628742498164,1.0,0.021665530680233285,0.03350088130256813,347394.0,33545.0,5593.0,8578.0,33.0,13905.0,81.8,9015.0,4106.0,1461.0,1950.0,-114.0,8545.0,1183.260009765625,21.2,90.0935,2.63,0.2,0.015219065289384659,1,1,1,1
2010-11-05,87.05,86.85,0.20000000000000284,5.553534618649203,6.6298342541436295,0.05404807536893399,1.0,0.03551044004938939,0.02577992338183944,343849.0,31799.0,5596.0,8089.0,33.0,14058.0,82.4,9056.0,4394.0,1311.0,-3545.0,-1746.0,8056.0,1225.8499755859375,18.26,89.2441,2.58,0.18,3.599375071312383,1,1,1,1
2010-11-12,86.07,84.89,1.1799999999999926,-1.1257897759908153,-2.2567645365572764,-0.011321747552814992,0.0,0.032161599933524354,0.02460500485775416,336563.0,33065.0,5597.0,7864.0,34.0,14275.0,84.0,8952.0,3780.0,1500.0,-7286.0,1266.0,7830.0,1199.2099609375,20.61,90.1701,2.76,0.19,-2.1731871908472256,1,1,1,1
2010-11-19,83.17,81.65,1.519999999999996,-3.36935052863947,-3.816703969843316,-0.03427421278078687,0.0,0.03851551930652205,0.02788416617091192,337592.0,33625.0,5581.0,9024.0,34.0,14284.0,85.5,8829.0,3804.0,1476.0,1029.0,560.0,8990.0,1199.72998046875,18.04,90.6986,2.88,0.21,0.04336350999314398,1,1,1,1
2010-11-26,84.78,83.87,0.9099999999999966,1.9357941565468328,2.7189222290263215,0.019172960043894943,1.0,0.03830106301414216,0.027843991675819166,338658.0,34535.0,5555.0,8446.0,34.0,14114.0,82.6,8867.0,3668.0,1265.0,1066.0,910.0,8412.0,1189.4000244140625,22.22,91.8152,2.87,0.2,-0.8610234155065011,1,1,1,1
2010-12-03,90.65,89.18,1.4699999999999989,6.923802783675392,6.331226898771902,0.06694627127636896,1.0,0.04374843003347549,0.031819778637954495,334524.0,34929.0,5582.0,9053.0,34.0,14903.0,87.5,9171.0,3664.0,1352.0,-4134.0,394.0,9019.0,1224.7099609375,18.01,90.8788,3.03,0.18,2.968718328455755,1,1,1,1
2010-12-10,89.54,87.81,1.730000000000004,-1.224489795918371,-1.5362188831576584,-0.012320484388040624,0.0,0.043914213462084524,0.03241936210153498,324670.0,35911.0,5604.0,7690.0,33.0,14974.0,88.0,9349.0,3771.0,1636.0,-9854.0,982.0,7657.0,1240.4000244140625,17.61,91.2831,3.32,0.16,1.2811248358388427,1,1,1,1
2010-12-17,91.11,88.02,3.0900000000000034,1.7534062988608268,0.23915271609156186,0.017382114912947444,1.0,0.032786432648021835,0.032429371738688435,319337.0,36390.0,5598.0,8741.0,33.0,14926.0,87.7,9213.0,4049.0,1397.0,-5333.0,479.0,8708.0,1243.9100341796875,16.11,91.5555,3.33,0.2,0.28297401616732554,1,1,1,1
2010-12-24,93.63,90.84,2.789999999999992,2.7658873888706026,3.2038173142467707,0.02728327722503073,1.0,0.03273850001777428,0.0307411821091197,318079.0,36635.0,5575.0,8813.0,33.0,14929.0,87.8,9399.0,3991.0,1439.0,-1258.0,245.0,8780.0,1256.77001953125,16.47,91.3013,3.41,0.19,1.0338356471288668,1,1,1,1
2010-12-31,93.23,91.38,1.8500000000000085,-0.4272134999465882,0.594451783355332,-0.004281286642195379,0.0,0.01843680357720817,0.030991509883878388,313918.0,37493.0,5598.0,8446.0,33.0,14988.0,88.0,8853.0,3735.0,1376.0,-4161.0,858.0,8413.0,1257.6400146484375,17.75,90.5146,3.3,0.13,0.06922468738648213,1,1,1,1
2011-01-07,94.25,88.07,6.180000000000007,1.0940684329078687,-3.622236813307067,0.010881268019517935,1.0,0.013244016429998368,0.029285898783523355,311526.0,37376.0,5575.0,8895.0,33.0,14728.0,86.4,8819.0,3569.0,1487.0,-2392.0,-117.0,8862.0,1271.5,17.14,91.0001,3.34,0.17,1.1020630061168157,1,1,1,1
2011-01-14,97.86,91.53,6.329999999999998,3.830238726790447,3.928693085045998,0.03758705953285732,1.0,0.018410993780009263,0.02890076384677543,314143.0,36805.0,5205.0,8999.0,33.0,14339.0,83.0,8775.0,3611.0,1450.0,2617.0,-571.0,8966.0,1293.239990234375,15.46,90.0461,3.35,0.16,1.7097908167027054,1,1,1,1
2011-01-21,96.84,88.22,8.620000000000005,-1.0423053341508282,-3.616300666448158,-0.010477753791119768,0.0,0.021410455143381957,0.02981925540560387,318979.0,37667.0,5321.0,9385.0,33.0,14127.0,81.8,8632.0,3710.0,1350.0,4836.0,862.0,9352.0,1283.3499755859375,18.47,89.7204,3.44,0.17,-0.7647470479663299,1,1,1,1
2011-01-28,97.06,88.15,8.909999999999997,0.22717885171417151,-0.0793470868283741,0.002269211907212426,1.0,0.02033805218228932,0.027014760101557032,321573.0,38334.0,5568.0,9014.0,33.0,14302.0,84.5,8549.0,3891.0,1311.0,2594.0,667.0,8981.0,1276.3399658203125,20.04,89.8189,3.36,0.17,-0.5462274437200487,1,1,1,1
2011-02-04,99.43,87.87,11.560000000000002,2.4417885843807996,-0.317640385706186,0.02412453501491213,1.0,0.021556659606035516,0.026515592080340863,323404.0,37407.0,5597.0,8909.0,33.0,14344.0,84.7,8524.0,3682.0,1465.0,1831.0,-927.0,8876.0,1310.8699951171875,15.93,89.391,3.68,0.17,2.7053943480240594,1,1,1,1
2011-02-11,99.93,84.39,15.540000000000006,0.502866338127328,-3.960396039603964,0.005016061881715783,1.0,0.01428926149141615,0.022382528206392575,324264.0,37657.0,5610.0,8266.0,33.0,13863.0,81.2,8810.0,3979.0,1428.0,860.0,250.0,8233.0,1329.1500244140625,15.69,89.8784,3.64,0.15,1.3944959732822948,1,1,1,1
2011-02-18,102.2,85.03,17.17,2.2715901130791583,0.758383694750564,0.022461736895906113,1.0,0.01142069984031495,0.022454300591329066,325086.0,37440.0,5604.0,8106.0,33.0,13535.0,79.4,9101.0,3654.0,1445.0,822.0,-217.0,8073.0,1343.010009765625,16.43,89.1974,3.59,0.15,1.0427705749524119,1,1,1,1
2011-02-25,111.47,96.52,14.950000000000003,9.070450097847349,13.512877807832524,0.08682381863192797,1.0,0.03586832053468938,0.026884778939084905,324722.0,38570.0,5591.0,8010.0,33.0,13798.0,80.9,9162.0,3697.0,1259.0,-364.0,1130.0,7977.0,1319.8800048828125,19.22,89.1664,3.42,0.15,-1.7222511161215426,1,1,1,1
2011-03-04,115.71,104.34,11.36999999999999,3.803714003767822,8.101947782842945,0.03733156448671393,1.0,0.035183122028615545,0.025719092772199612,327099.0,40263.0,5593.0,8300.0,33.0,13943.0,82.0,9192.0,4206.0,1280.0,2377.0,1693.0,8267.0,1321.1500244140625,19.06,88.4898,3.49,0.15,0.09622234798252194,1,1,1,1
2011-03-11,114.07,101.14,12.929999999999993,-1.4173364445596803,-3.0668966839179634,-0.014274765848439664,0.0,0.04187956970770425,0.027711368575839394,328844.0,40020.0,5591.0,8681.0,34.0,14182.0,83.4,8830.0,3910.0,1406.0,1745.0,-243.0,8647.0,1304.280029296875,20.08,88.691,3.4,0.13,-1.276917443548431,1,1,1,1
2011-03-18,114.13,101.06,13.069999999999993,0.052599281143161924,-0.07909827961242177,0.0005258545257021886,1.0,0.045050598953697334,0.028035076045352762,330975.0,40197.0,5570.0,8987.0,34.0,14349.0,84.1,9074.0,3771.0,1530.0,2131.0,177.0,8953.0,1279.2099609375,24.44,88.5221,3.28,0.15,-1.9221384822467935,1,1,1,1
2011-03-25,115.45,104.89,10.560000000000002,1.1565758345746247,3.789827825054415,0.011499386234995877,1.0,0.02177337580409863,0.027333039550331426,333920.0,41886.0,5568.0,9128.0,34.0,14332.0,84.1,8866.0,3637.0,1291.0,2945.0,1689.0,9094.0,1313.800048828125,17.91,88.1716,3.46,0.13,2.7040195860634775,1,1,1,1
2011-04-01,118.63,107.55,11.079999999999998,2.7544391511476807,2.535990084850792,0.027171869872507533,1.0,0.017505342439451642,0.02736194648436879,335536.0,41870.0,5638.0,8950.0,34.0,14371.0,84.4,8853.0,3672.0,1349.0,1616.0,-16.0,8916.0,1332.4100341796875,17.4,87.7993,3.46,0.11,1.416500583034841,1,1,1,1
2011-04-08,126.3,112.27,14.030000000000001,6.465480907021837,4.388656438865635,0.06265062368343355,1.0,0.027096637680084502,0.029748013978298838,337163.0,41896.0,5635.0,8571.0,34.0,14017.0,81.4,9181.0,3800.0,1360.0,1627.0,26.0,8537.0,1328.1700439453125,17.87,87.1493,3.59,0.09,-0.3182196265119952,1,1,1,1
2011-04-15,124.63,109.17,15.459999999999994,-1.3222486144101375,-2.7612006769395125,-0.013310681518159964,0.0,0.03181366860957029,0.03003265937307464,334841.0,41126.0,5625.0,8053.0,34.0,14104.0,82.5,9062.0,4112.0,1439.0,-2322.0,-770.0,8019.0,1319.6800537109375,15.32,87.005,3.43,0.12,-0.6392246439436033,1,1,1,1
2011-04-22,123.64,111.72,11.920000000000002,-0.7943512797881636,2.3358065402583117,-0.007975230574369836,0.0,0.03526033633707635,0.03075125507521297,340997.0,40388.0,5610.0,9266.0,34.0,14077.0,82.7,9148.0,3737.0,1575.0,6156.0,-738.0,9232.0,1337.3800048828125,14.69,86.3742,3.42,0.1,1.341230484017908,1,1,1,1
2011-04-29,126.59,113.39,13.200000000000003,2.3859592364930515,1.4948084496956726,0.023579400384821408,1.0,0.034963947601037534,0.030745284795729532,344418.0,40490.0,5623.0,8877.0,34.0,14059.0,82.8,8943.0,3893.0,1474.0,3421.0,102.0,8843.0,1363.6099853515625,14.75,85.5999,3.32,0.09,1.9612959946300634,1,1,1,1
2011-05-06,113.69,96.87,16.819999999999993,-10.190378386918397,-14.569185995237676,-0.10747807150772168,0.0,0.0565165267456284,0.04805080405841841,348050.0,41614.0,5609.0,8964.0,34.0,14108.0,81.7,8826.0,3769.0,1335.0,3632.0,1124.0,8930.0,1340.199951171875,18.4,86.4575,3.19,0.09,-1.7167690491538878,1,1,1,1
2011-05-13,113.08,99.21,13.870000000000005,-0.5365467499340304,2.4156085475379285,-0.005379913315625609,0.0,0.05725817442043842,0.048106053189765886,348035.0,40023.0,5618.0,8570.0,34.0,14347.0,83.2,9048.0,3620.0,1510.0,-15.0,-1591.0,8536.0,1337.77001953125,17.07,87.4176,3.18,0.09,-0.1813111273806789,1,1,1,1
2011-05-20,111.25,99.15,12.099999999999994,-1.6183233109303141,-0.0604777744178886,-0.016315611779039993,0.0,0.05661311115464985,0.041600325774879564,348651.0,40079.0,5583.0,9232.0,34.0,14841.0,86.3,9025.0,3984.0,1480.0,616.0,56.0,9198.0,1333.27001953125,17.43,87.3044,3.15,0.1,-0.3363806883321274,1,1,1,1
2011-05-27,114.85,100.58,14.269999999999996,3.2359550561797734,1.442259203227425,0.03184700808875764,1.0,0.059140494379364694,0.04117891319580903,351529.0,39920.0,5609.0,9518.0,34.0,14851.0,86.0,9431.0,3846.0,1321.0,2878.0,-159.0,9484.0,1331.0999755859375,15.98,86.9525,3.07,0.1,-0.1627610246629163,1,1,1,1
2011-06-03,115.09,100.28,14.810000000000002,0.20896821941662758,-0.2982700338039379,0.00208750184529242,1.0,0.0206259064907285,0.04095602334535344,346897.0,38904.0,5633.0,8600.0,34.0,15112.0,87.2,9163.0,3802.0,1419.0,-4632.0,-1016.0,8566.0,1300.1600341796875,17.95,86.4234,2.99,0.11,-2.3243889996039213,1,1,1,1
2011-06-10,118.71,99.3,19.409999999999997,3.1453644973499006,-0.9772636617471075,0.030969113085042913,1.0,0.02347818868717762,0.04187401317104525,343491.0,37763.0,5643.0,8638.0,35.0,14869.0,86.1,9370.0,3604.0,1258.0,-3406.0,-1141.0,8603.0,1270.97998046875,18.86,87.042,2.99,0.09,-2.2443432303584143,1,1,1,1
2011-06-17,113.74,93.02,20.72,-4.186673405778785,-6.324269889224576,-0.042768402186788956,0.0,0.035044351797500345,0.04379197895668133,341780.0,38036.0,5650.0,9149.0,35.0,15278.0,89.2,9319.0,3419.0,1517.0,-1711.0,273.0,9114.0,1271.5,21.85,87.2179,2.94,0.1,0.04091484832500214,1,1,1,1
2011-06-24,104.79,90.89,13.900000000000006,-7.8688236328468335,-2.2898301440550384,-0.0819567943918032,0.0,0.04969478103539899,0.04843916991123348,337405.0,37494.0,5593.0,8878.0,35.0,15247.0,88.1,9261.0,3552.0,1394.0,-4375.0,-542.0,8843.0,1268.449951171875,21.1,87.5014,2.88,0.08,-0.23987800457136998,1,1,1,1
2011-07-01,109.82,94.81,15.009999999999991,4.800076343162507,4.312905710199133,0.04688431436387619,1.0,0.06097550487941819,0.046452553848086844,336532.0,37034.0,5520.0,9854.0,35.0,15315.0,88.4,9309.0,3743.0,1551.0,-873.0,-460.0,9819.0,1339.6700439453125,15.87,86.3613,3.22,0.08,5.614734164926238,1,1,1,1
2011-07-08,117.4,96.2,21.200000000000003,6.90220360590057,1.4660900748866057,0.06674424554326956,1.0,0.07110602830221864,0.051650312856980414,333408.0,37649.0,5578.0,9000.0,35.0,15218.0,88.0,9016.0,3324.0,1390.0,-3124.0,615.0,8965.0,1343.800048828125,15.95,86.615,3.03,0.07,0.30828523049224454,1,1,1,1
2011-07-15,118.06,97.24,20.820000000000007,0.5621805792163537,1.08108108108107,0.0056060624185472275,1.0,0.06596430402236453,0.05172745962860403,329681.0,36672.0,5591.0,9343.0,35.0,15621.0,90.3,9028.0,3402.0,1581.0,-3727.0,-977.0,9308.0,1316.1400146484375,19.53,86.5169,2.94,0.06,-2.0583444838991327,1,1,1,1
2011-07-22,118.99,99.53,19.459999999999994,0.7877350499745805,2.354997943233239,0.007846486154518701,1.0,0.03004733207338543,0.05116540827540975,331977.0,37102.0,5377.0,9840.0,35.0,15360.0,88.3,8999.0,3458.0,1564.0,2296.0,430.0,9805.0,1345.02001953125,17.52,85.8623,2.99,0.06,2.194295786267597,1,1,1,1
2011-07-29,115.93,95.68,20.25,-2.571644676023188,-3.8681804481060955,-0.02605289528475196,0.0,0.038702508538426925,0.040689320498048784,332927.0,35953.0,5523.0,9134.0,35.0,15489.0,89.3,9215.0,3998.0,1537.0,950.0,-1149.0,9099.0,1292.280029296875,25.25,85.7282,2.82,0.11,-3.921130501295833,1,1,1,1
2011-08-05,106.92,86.89,20.03,-7.771931337876303,-9.186872909699007,-0.0809056694115918,0.0,0.041358724245548976,0.047192898474839734,327806.0,34581.0,5529.0,9100.0,35.0,15624.0,90.0,9244.0,3946.0,1592.0,-5121.0,-1372.0,9065.0,1199.3800048828125,32.0,87.1084,2.58,0.08,-7.1888462491066285,1,1,1,1
2011-08-12,108.17,85.19,22.980000000000004,1.169098391320622,-1.9564967199907968,0.011623172371480034,1.0,0.04284689409547047,0.047255156015845894,332039.0,33688.0,5561.0,9285.0,35.0,15419.0,89.1,9195.0,3553.0,1495.0,4233.0,-893.0,9250.0,1178.81005859375,36.36,87.177,2.24,0.1,-1.7150482920608945,1,1,1,1
2011-08-19,109.37,82.33,27.040000000000006,1.109364888601272,-3.3572015494776397,0.011032565704936171,1.0,0.04360640126418572,0.0462577093483277,329826.0,33662.0,5591.0,8808.0,35.0,15663.0,90.3,9009.0,3850.0,1613.0,-2213.0,-26.0,8773.0,1123.530029296875,43.05,86.8286,2.07,0.09,-4.6894772312021775,1,1,1,1
2011-08-26,112.29,85.37,26.92,2.669836335375342,3.6924571845013965,0.02634818123731298,1.0,0.0491336246869573,0.04707444620505034,335107.0,33085.0,5598.0,9607.0,35.0,15444.0,89.2,9229.0,4086.0,1462.0,5281.0,-577.0,9572.0,1176.800048828125,35.59,87.0751,2.19,0.09,4.74130803291366,1,1,1,1
2011-09-02,115.92,86.45,29.47,3.232701041944952,1.2650814103315033,0.03181548742797953,1.0,0.010493226549932903,0.04712902235833377,331146.0,32689.0,5642.0,8565.0,35.0,15450.0,89.0,8956.0,3853.0,1502.0,-3961.0,-396.0,8530.0,1173.969970703125,33.92,87.1797,2.02,0.08,-0.2404892936415326,1,1,1,1
2011-09-09,115.1,87.24,27.86,-0.7073844030365817,0.9138230190861574,-0.007098982284590026,0.0,0.017459932905159726,0.04541647181049197,324442.0,32229.0,5083.0,8542.0,35.0,15024.0,87.0,8848.0,3658.0,1454.0,-6704.0,-460.0,8507.0,1154.22998046875,38.52,88.9514,1.93,0.09,-1.6814731830450569,1,1,1,1
2011-09-16,116.26,87.96,28.30000000000001,1.0078192875760283,0.8253094910591452,0.010027746545367621,1.0,0.017553079547880688,0.03715512227934258,317106.0,31998.0,5747.0,8351.0,36.0,15307.0,88.3,8858.0,3875.0,1328.0,-7336.0,-231.0,8315.0,1216.010009765625,30.98,89.1108,2.08,0.09,5.352488701756397,1,1,1,1
2011-09-23,109.17,79.58,29.590000000000003,-6.098400137622573,-9.527057753524327,-0.06292276198102639,0.0,0.04051313924840933,0.04027499376778339,319021.0,30920.0,5756.0,9702.0,36.0,15177.0,87.8,8964.0,3818.0,1421.0,1915.0,-1078.0,9666.0,1136.4300537109375,41.25,91.6904,1.84,0.08,-6.544350409584688,1,1,1,1
2011-09-30,105.42,78.93,26.489999999999995,-3.4350096180269296,-0.8167881377230346,-0.03495392886511731,0.0,0.03203240639294652,0.035223072376734804,314342.0,30089.0,5800.0,8700.0,36.0,15104.0,87.7,8959.0,4100.0,1426.0,-4679.0,-831.0,8664.0,1131.4200439453125,42.96,91.9998,1.92,0.06,-0.44085509260030076,1,1,1,1
2011-10-07,106.56,82.7,23.86,1.0813887307911108,4.776384137843648,0.010755835365018078,1.0,0.03610843831322971,0.035447458411566546,315575.0,30621.0,5878.0,9086.0,36.0,14541.0,84.2,9010.0,4068.0,1455.0,1233.0,532.0,9050.0,1155.4599609375,36.2,91.2469,2.1,0.07,2.124756152309204,1,1,1,1
2011-10-14,114.33,86.8,27.53,7.291666666666652,4.9576783555018045,0.0703807967617994,1.0,0.05825272032037663,0.04205612259793906,310846.0,31092.0,5891.0,7921.0,36.0,14407.0,83.1,8598.0,4183.0,1402.0,-4729.0,471.0,7885.0,1224.5799560546875,28.24,90.2116,2.26,0.07,5.982032909310497,1,1,1,1
2011-10-21,111.6,87.19,24.409999999999997,-2.387824717921805,0.4493087557603692,-0.024167953606667972,0.0,0.04744768828676271,0.04196696014820576,315581.0,31511.0,5876.0,9373.0,36.0,14660.0,84.8,8501.0,4249.0,1363.0,4735.0,419.0,9337.0,1238.25,31.32,90.279,2.23,0.07,1.116304727814943,1,1,1,1
2011-10-28,110.01,93.32,16.690000000000012,-1.424731182795691,7.0306227778415,-0.014349779195866148,0.0,0.042446272104963906,0.034492131891954915,317407.0,32071.0,5818.0,8954.0,36.0,14693.0,85.3,8518.0,4374.0,1445.0,1826.0,560.0,8918.0,1285.0899658203125,24.53,88.6382,2.34,0.07,3.7827551641681723,1,1,1,1
2011-11-04,112.22,94.26,17.959999999999994,2.008908281065347,1.0072867552507692,0.019889959571481493,1.0,0.04269847510134895,0.03477504614440055,315819.0,31139.0,5846.0,8618.0,36.0,14335.0,82.6,8671.0,4362.0,1526.0,-1588.0,-932.0,8582.0,1253.22998046875,30.16,90.3154,2.06,0.08,-2.4792027172374054,1,1,1,1
2011-11-11,114.43,98.99,15.440000000000012,1.96934592764213,5.018035221727124,0.019502052006797426,1.0,0.022845536237164225,0.03503646321542602,314763.0,32029.0,5894.0,8565.0,36.0,14679.0,84.8,8625.0,4189.0,1589.0,-1056.0,890.0,8529.0,1263.8499755859375,30.04,90.8588,2.04,0.08,0.8474099153944037,1,1,1,1
2011-11-18,107.82,97.67,10.149999999999991,-5.776457222756282,-1.3334680270734367,-0.059500112306100826,0.0,0.03752902734076169,0.038591181732407456,308544.0,32016.0,5887.0,8319.0,36.0,14796.0,85.5,8592.0,4069.0,1386.0,-6219.0,-13.0,8283.0,1215.6500244140625,32.0,91.3676,2.01,0.08,-3.8137399298147634,1,1,1,1
2011-11-25,106.08,96.91,9.170000000000002,-1.6138007790762354,-0.7781304392341593,-0.01626964358597027,0.0,0.03763894313404766,0.037070347507866634,312476.0,31301.0,5864.0,9061.0,36.0,14565.0,84.6,8769.0,3240.0,1410.0,3932.0,-715.0,9025.0,1158.6700439453125,34.47,93.1455,1.97,0.07,-4.687202675475133,1,1,1,1
2011-12-02,109.59,100.97,8.620000000000005,3.308823529411775,4.189454132700443,0.03255260303774855,1.0,0.041248697602914795,0.03882454752027781,313625.0,31105.0,5861.0,9436.0,36.0,15247.0,87.7,8574.0,3920.0,1381.0,1149.0,-196.0,9400.0,1244.280029296875,27.52,91.3532,2.05,0.08,7.388642331690698,1,1,1,1
2011-12-09,107.91,99.4,8.509999999999991,-1.5329865863673797,-1.5549173021689566,-0.015448583099658672,0.0,0.037607083585489004,0.038678776711716684,311693.0,31188.0,5862.0,8322.0,36.0,14657.0,85.1,8666.0,3953.0,1406.0,-1932.0,83.0,8286.0,1255.18994140625,26.38,91.6122,2.07,0.07,0.8768052088355072,1,1,1,1
2011-12-16,104.0,93.55,10.450000000000003,-3.623389861921966,-5.885311871227373,-0.036906647234269535,0.0,0.02943824278700996,0.03583563357962025,301123.0,30198.0,5862.0,7581.0,36.0,14604.0,84.9,8879.0,4400.0,1426.0,-10570.0,-990.0,7545.0,1219.6600341796875,24.29,92.8252,1.86,0.07,-2.830639893971476,1,1,1,1
2011-12-23,109.28,99.72,9.560000000000002,5.076923076923068,6.59540352752539,0.049522496681107184,1.0,0.040381890796333884,0.037471441952232426,305022.0,29909.0,5846.0,8990.0,36.0,14585.0,84.2,8923.0,3804.0,1426.0,3899.0,-289.0,8954.0,1265.3299560546875,20.73,92.3897,2.03,0.08,3.7444796578676387,1,1,1,1
2011-12-30,108.09,98.83,9.260000000000005,-1.08894582723279,-0.8924989971921371,-0.010949182394368312,0.0,0.03708385228107765,0.037586536892975766,307231.0,29296.0,5851.0,9024.0,36.0,14756.0,85.0,8556.0,3528.0,1361.0,2209.0,-613.0,8988.0,1257.5999755859375,23.4,92.4262,1.89,0.04,-0.6109063040641294,1,1,1,1
2012-01-06,111.96,101.56,10.399999999999991,3.5803497085761693,2.7623191338662423,0.035177451219141044,1.0,0.04013536966393519,0.03275888784273451,309056.0,29105.0,5844.0,9907.0,36.0,14937.0,85.6,8179.0,3279.0,1407.0,1825.0,-191.0,9871.0,1277.81005859375,20.63,92.7183,1.98,0.07,1.6070358937782414,1,1,1,1
2012-01-13,109.88,98.69,11.189999999999998,-1.8578063594140715,-2.8259157148483705,-0.0187528034201796,0.0,0.03369119085968587,0.032457848970354655,305618.0,28273.0,5726.0,8265.0,37.0,14585.0,83.7,7996.0,3635.0,1238.0,-3438.0,-832.0,8228.0,1289.0899658203125,20.91,92.5385,1.89,0.09,0.8827530469572409,1,1,1,1
2012-01-20,108.5,98.15,10.349999999999994,-1.2559155442300685,-0.5471678994832252,-0.012638688246558866,0.0,0.024872433239223564,0.03239898616137323,309176.0,28647.0,5722.0,8853.0,37.0,14306.0,82.2,8098.0,3886.0,1517.0,3558.0,374.0,8816.0,1315.3800048828125,18.28,91.3661,2.05,0.09,2.039426243285547,1,1,1,1
2012-01-27,110.5,99.47,11.030000000000001,1.8433179723502224,1.3448802852776387,0.01826534797729319,1.0,0.025566351889244124,0.03230632857496091,313351.0,30123.0,5720.0,8880.0,37.0,14217.0,81.8,8018.0,3736.0,1207.0,4175.0,1476.0,8843.0,1316.3299560546875,18.53,90.2559,1.93,0.09,0.07221876327363486,1,1,1,1
2012-02-03,112.56,97.8,14.760000000000005,1.8642533936651606,-1.6788981602493203,0.01847089184832613,1.0,0.019824725940882717,0.032247322977684324,313642.0,30490.0,5763.0,8413.0,37.0,14397.0,82.8,8039.0,3436.0,1361.0,291.0,367.0,8376.0,1344.9000244140625,17.1,89.8491,1.97,0.11,2.170433653656678,1,1,1,1
2012-02-10,118.13,98.68,19.44999999999999,4.948471926083853,0.8997955010225045,0.048299300154294816,1.0,0.02487990878310709,0.02947878635436605,313471.0,32480.0,5819.0,8756.0,37.0,14719.0,84.0,8167.0,3811.0,1351.0,-171.0,1990.0,8719.0,1342.6400146484375,20.79,90.1024,1.96,0.12,-0.1680429566955799,1,1,1,1
2012-02-17,120.69,103.27,17.42,2.167104037924328,4.6513984596675995,0.021439561669378045,1.0,0.014526265459127516,0.028701428583798868,315104.0,32165.0,5817.0,9091.0,37.0,14889.0,85.5,8628.0,3324.0,1215.0,1633.0,-315.0,9054.0,1361.22998046875,17.78,90.23,2.01,0.09,1.3845830317503305,1,1,1,1
2012-02-24,124.89,109.39,15.5,3.4799900571712783,5.92621284012782,0.03420807524518735,1.0,0.013629774373570434,0.028819473661187086,319264.0,33813.0,5814.0,9187.0,37.0,14607.0,83.6,8363.0,3673.0,1475.0,4160.0,1648.0,9150.0,1365.739990234375,17.31,89.9104,1.98,0.09,0.33131872132818874,1,1,1,1
2012-03-02,125.93,106.68,19.25,0.8327328048682858,-2.4773745314928153,0.008292847142761297,1.0,0.017146414938362407,0.027637601302837097,320112.0,36178.0,5806.0,8712.0,37.0,14589.0,83.9,8262.0,3545.0,1540.0,848.0,2365.0,8675.0,1369.6300048828125,17.29,90.135,1.99,0.11,0.28482834772745047,1,1,1,1
2012-03-09,128.08,107.4,20.680000000000007,1.707297705074251,0.6749156355455588,0.01692887167070424,1.0,0.010804968800898096,0.022762702350600975,321862.0,38697.0,5830.0,8716.0,37.0,14463.0,82.7,8415.0,3832.0,1225.0,1750.0,2519.0,8679.0,1370.8699951171875,17.11,90.4341,2.04,0.12,0.09053468673687615,1,1,1,1
2012-03-16,125.09,107.03,18.060000000000002,-2.334478450968147,-0.34450651769087903,-0.02362159046180929,0.0,0.024241652147313008,0.023155781980520616,320700.0,38521.0,5826.0,8224.0,38.0,14363.0,82.2,8379.0,3217.0,1292.0,-1162.0,-176.0,8186.0,1404.1700439453125,14.47,90.5245,2.31,0.15,2.4291179285223397,1,1,1,1
2012-03-23,125.21,106.43,18.779999999999987,0.09593092973059214,-0.5605904886480384,0.000958849454206315,1.0,0.017441519870173193,0.022358934797925563,327802.0,39564.0,5821.0,9269.0,38.0,14451.0,84.5,8710.0,3596.0,1267.0,7102.0,1043.0,9231.0,1397.1099853515625,14.82,90.6156,2.25,0.14,-0.5027922810483365,1,1,1,1
2012-03-30,123.41,103.03,20.379999999999995,-1.4375848574395,-3.1945879921074893,-0.01448018221576413,0.0,0.017823293104088683,0.022325523255271824,336811.0,40293.0,6049.0,9774.0,38.0,14750.0,85.7,8783.0,3597.0,1536.0,9009.0,729.0,9736.0,1408.469970703125,15.5,90.4593,2.23,0.09,0.8131060167538617,1,1,1,1
2012-04-06,123.58,103.29,20.289999999999992,0.13775220808687205,0.25235368339318054,0.0013765741677413997,1.0,0.012256449057130447,0.020829420508543074,339377.0,40585.0,6040.0,8522.0,38.0,14355.0,83.8,8681.0,3932.0,1429.0,2566.0,292.0,8484.0,1398.0799560546875,16.7,90.9375,2.07,0.12,-0.7376809491543956,1,1,1,1
2012-04-13,120.62,102.84,17.78,-2.39520958083832,-0.435666569851878,-0.02424361160999274,0.0,0.012506189908610384,0.022190433163977064,343233.0,41177.0,6043.0,8718.0,39.0,14454.0,84.6,8775.0,4016.0,1407.0,3856.0,592.0,8679.0,1370.260009765625,19.55,91.0558,2.02,0.15,-1.9898680449985884,1,1,1,1
2012-04-20,118.08,103.58,14.5,-2.10578676836346,0.7195643718397537,-0.021282747170678403,0.0,0.01144421850957658,0.023555647453375027,347211.0,41751.0,6113.0,8766.0,39.0,14477.0,84.7,8496.0,3796.0,1326.0,3978.0,574.0,8727.0,1378.530029296875,17.44,90.8066,1.99,0.12,0.6035365165961926,1,1,1,1
2012-04-27,119.3,104.86,14.439999999999998,1.0331978319783275,1.23575979918904,0.01027896825170814,1.0,0.016945521783470616,0.023263372586866764,350051.0,42964.0,6121.0,8822.0,39.0,14707.0,86.0,8692.0,3550.0,1326.0,2840.0,1213.0,8783.0,1403.3599853515625,16.32,90.3269,1.96,0.13,1.801190799401886,1,1,1,1
2012-05-04,111.66,98.49,13.170000000000002,-6.4040234702430805,-6.074766355140193,-0.066182789221656,0.0,0.03138208866771124,0.02699798936551296,355340.0,44127.0,6136.0,8967.0,39.0,14742.0,86.4,8864.0,3957.0,1332.0,5289.0,1163.0,8928.0,1369.0999755859375,19.16,91.0497,1.91,0.16,-2.441284497437224,1,1,1,1
2012-05-11,112.5,96.03,16.47,0.7522837184309461,-2.4977155041120858,0.007494681762260383,1.0,0.0354997868659452,0.026054494628962813,357468.0,45127.0,6149.0,8881.0,39.0,15044.0,88.3,8971.0,3648.0,1427.0,2128.0,1000.0,8842.0,1353.3900146484375,19.89,91.7306,1.84,0.15,-1.147466307621292,1,1,1,1
2012-05-18,108.03,91.51,16.519999999999996,-3.9733333333333287,-4.706862438821203,-0.040544255315581215,0.0,0.03745063004359792,0.02449431960465662,358351.0,46795.0,6239.0,8583.0,39.0,14987.0,88.1,8633.0,3608.0,1476.0,883.0,1668.0,8544.0,1295.219970703125,25.1,93.1395,1.71,0.16,-4.298099093070595,1,1,1,1
2012-05-25,107.86,90.64,17.22,-0.15736369526982985,-0.9507157687684509,-0.0015748764198125775,0.0,0.034361431141080145,0.02390658548559432,360564.0,46849.0,6227.0,9056.0,39.0,15169.0,89.1,8931.0,3860.0,1369.0,2213.0,54.0,9017.0,1317.8199462890625,21.76,93.9488,1.75,0.15,1.7448754726711702,1,1,1,1
2012-06-01,98.63,83.17,15.459999999999994,-8.557389208232902,-8.241394527802292,-0.08945861494317887,0.0,0.044182119940634396,0.030619970378750003,358801.0,47775.0,6245.0,8957.0,39.0,15468.0,91.0,8648.0,3379.0,1379.0,-1763.0,926.0,8918.0,1278.0400390625,26.66,94.6979,1.47,0.16,-3.018614746163273,1,1,1,1
2012-06-08,97.57,84.08,13.489999999999995,-1.0747237148940547,1.0941445232655944,-0.01080540584604355,0.0,0.03957135717986929,0.030772772904780397,358610.0,47395.0,6236.0,9117.0,39.0,15620.0,92.0,9130.0,3685.0,1645.0,-191.0,-380.0,9078.0,1325.6600341796875,21.23,94.2024,1.65,0.17,3.7260174690707526,1,1,1,1
2012-06-15,97.13,84.03,13.099999999999994,-0.4509582863585049,-0.05946717411988711,-0.004519781705619407,0.0,0.042089060733703644,0.03046120274090553,361471.0,47755.0,6353.0,9445.0,39.0,15608.0,91.9,8693.0,3505.0,1533.0,2861.0,360.0,9406.0,1342.8399658203125,21.11,93.5203,1.6,0.18,1.2959530496260196,1,1,1,1
2012-06-22,89.22,79.33,9.89,-8.143724904766803,-5.593240509341902,-0.08494505771412043,0.0,0.0460305396475116,0.03544087712410806,361338.0,47416.0,6257.0,9118.0,39.0,15645.0,92.6,8846.0,3827.0,1583.0,-133.0,-339.0,9079.0,1335.02001953125,18.11,93.9205,1.69,0.17,-0.5823438747807441,1,1,1,1
2012-06-29,94.17,85.04,9.129999999999995,5.548083389374581,7.1977814193873835,0.05399642982185318,1.0,0.05695947678478979,0.04193570443857805,357068.0,47641.0,6094.0,8774.0,39.0,15631.0,92.0,9001.0,3849.0,1593.0,-4270.0,225.0,8735.0,1362.1600341796875,17.08,92.9096,1.67,0.09,2.032929413145945,1,1,1,1
2012-07-06,98.5,84.37,14.129999999999995,4.598067325050437,-0.7878645343367796,0.044954888656071286,1.0,0.06364000152702035,0.046233923469465296,352213.0,46782.0,6249.0,8626.0,39.0,15774.0,92.7,8917.0,3244.0,1458.0,-4855.0,-859.0,8587.0,1354.6800537109375,17.1,93.7087,1.57,0.17,-0.5491264081356362,1,1,1,1
2012-07-13,101.91,87.15,14.759999999999991,3.461928934010139,3.295010074671101,0.034033522662558914,1.0,0.06514994178700721,0.04845936214587685,351404.0,46282.0,6245.0,8937.0,39.0,15538.0,92.0,8628.0,3366.0,1597.0,-809.0,-500.0,8898.0,1356.780029296875,16.74,93.5515,1.52,0.19,0.15501635092249888,1,1,1,1
2012-07-20,106.98,91.56,15.420000000000002,4.974977921695611,5.060240963855422,0.048551830262501774,1.0,0.008430630032386137,0.051257269950609655,354121.0,46485.0,6364.0,9633.0,40.0,15796.0,93.0,8660.0,3482.0,1264.0,2717.0,203.0,9593.0,1362.6600341796875,16.27,93.3653,1.49,0.13,0.4333793802861141,1,1,1,1
2012-07-27,106.3,90.13,16.17,-0.6356328285660906,-1.5618173875054708,-0.006376615755201832,0.0,0.02521248416564992,0.04800501189846155,347599.0,45100.0,6320.0,8406.0,40.0,15571.0,92.2,8820.0,3746.0,1502.0,-6522.0,-1385.0,8366.0,1385.969970703125,16.7,92.9333,1.58,0.14,1.7106201061712234,1,1,1,1
2012-08-03,109.57,91.4,18.169999999999987,3.0761994355597233,1.4090757794297248,0.03029832906939955,1.0,0.02336858339612793,0.04894778455469257,343824.0,44298.0,6218.0,8627.0,40.0,15607.0,92.6,8839.0,3790.0,1685.0,-3775.0,-802.0,8587.0,1390.989990234375,15.64,92.6048,1.6,0.14,0.3622026189141314,1,1,1,1
2012-08-10,113.13,92.94,20.189999999999998,3.2490645249612093,1.6849015317286664,0.031973985521073486,1.0,0.023172860283603137,0.04825496133656066,340125.0,45197.0,6181.0,8717.0,40.0,15711.0,92.6,9308.0,3569.0,1496.0,-3699.0,899.0,8677.0,1405.8699951171875,14.74,92.5129,1.65,0.13,1.0697420533058777,1,1,1,1
2012-08-17,115.2,96.0,19.200000000000003,1.829753381066035,3.2924467398321555,0.018132148323415472,1.0,0.017698681561760455,0.04838893112279181,334713.0,45242.0,6246.0,8207.0,40.0,15438.0,91.2,9081.0,3561.0,1388.0,-5412.0,45.0,8167.0,1418.1600341796875,13.45,92.711,1.81,0.13,0.8741945631662418,1,1,1,1
2012-08-24,115.76,95.78,19.980000000000004,0.4861111111111205,-0.22916666666666918,0.00484933406143765,1.0,0.012590510493802654,0.03813978759018226,338491.0,44821.0,6258.0,9495.0,40.0,15380.0,91.2,9064.0,3563.0,1360.0,3778.0,-421.0,9455.0,1411.1300048828125,15.18,92.2785,1.68,0.13,-0.49571480844483595,1,1,1,1
2012-08-31,113.93,96.47,17.460000000000008,-1.5808569454042853,0.7204009187721905,-0.01593485761320404,0.0,0.020395214095571018,0.038462444266703796,331065.0,44915.0,5486.0,8035.0,40.0,14608.0,86.1,9177.0,3221.0,1464.0,-7426.0,94.0,7995.0,1406.5799560546875,17.47,92.1677,1.57,0.13,-0.32244008789983347,1,1,1,1
2012-09-07,113.64,96.41,17.230000000000004,-0.254542262792945,-0.062195501192086056,-0.0025486677240372205,0.0,0.014231986668321742,0.03838533600225343,332474.0,44087.0,5526.0,8565.0,40.0,14321.0,84.7,8695.0,3269.0,1553.0,1409.0,-828.0,8525.0,1437.9200439453125,14.38,91.3469,1.67,0.15,2.2281056797176735,1,1,1,1
2012-09-14,117.48,98.94,18.540000000000006,3.3790918690602023,2.624209106939124,0.033232549344432254,1.0,0.02075499828429803,0.023042768355216937,341008.0,43813.0,6277.0,9848.0,41.0,14916.0,88.9,8632.0,3685.0,1345.0,8534.0,-274.0,9807.0,1465.77001953125,14.51,90.1436,1.88,0.16,1.936823657421427,1,1,1,1
2012-09-21,111.27,92.64,18.629999999999995,-5.28600612870277,-6.367495451788963,-0.054308426160810316,0.0,0.036161610895289756,0.029945206165397597,338562.0,43730.0,6509.0,7595.0,41.0,14624.0,87.4,8770.0,3704.0,1331.0,-2446.0,-83.0,7554.0,1460.1500244140625,13.98,90.5342,1.77,0.15,-0.3834158866876547,1,1,1,1
2012-09-28,111.36,92.18,19.179999999999993,0.08088433540038853,-0.496545768566492,0.0008085164165005007,1.0,0.03619767077736635,0.028458691455848475,338080.0,43865.0,6520.0,8106.0,41.0,14846.0,88.2,8633.0,4092.0,1493.0,-482.0,135.0,8065.0,1440.6700439453125,15.73,90.8342,1.65,0.09,-1.3341081493709606,1,1,1,1
2012-10-05,112.17,89.87,22.299999999999997,0.7273706896551824,-2.505966587112174,0.007247381071022624,1.0,0.03680853956057723,0.027454341154473046,339592.0,44165.0,6598.0,8221.0,41.0,14749.0,86.7,8587.0,3822.0,1409.0,1512.0,300.0,8180.0,1460.9300537109375,14.33,90.2851,1.75,0.15,1.406290763854745,1,1,1,1
2012-10-12,115.17,91.83,23.340000000000003,2.6745119015779695,2.1809280071213966,0.02639372002368406,1.0,0.03464399308053177,0.025124846576376147,342452.0,44025.0,6606.0,8347.0,41.0,14819.0,87.4,8729.0,3879.0,1605.0,2860.0,-140.0,8306.0,1428.5899658203125,16.14,90.6833,1.69,0.16,-2.2136643577478132,1,1,1,1
2012-10-19,111.89,90.0,21.89,-2.847963879482507,-1.9928128062724593,-0.02889305186118626,0.0,0.022926667720294985,0.02692171300399261,348348.0,44065.0,6610.0,8823.0,41.0,14802.0,87.2,8493.0,3526.0,1541.0,5896.0,40.0,8782.0,1433.18994140625,17.06,90.8107,1.79,0.16,0.3219941127961201,1,1,1,1
2012-10-26,108.9,85.84,23.060000000000002,-2.6722674054875273,-4.6222222222222165,-0.02708621588071496,0.0,0.02703624791138547,0.02697472323389114,346303.0,43394.0,6669.0,7922.0,41.0,14850.0,87.7,8844.0,3543.0,1290.0,-2045.0,-671.0,7881.0,1411.93994140625,17.81,91.1411,1.78,0.16,-1.4827064707940596,1,1,1,1
2012-11-02,106.79,84.9,21.89,-1.937557392102851,-1.0950605778191957,-0.019565740755461,0.0,0.026102081110725994,0.025388662341915957,347850.0,42966.0,6677.0,8011.0,41.0,14667.0,85.4,8307.0,3589.0,1523.0,1547.0,-428.0,7970.0,1414.199951171875,17.59,91.281,1.75,0.16,0.16006415707554567,1,1,1,1
2012-11-09,108.61,86.08,22.53,1.704279426912625,1.3898704358068281,0.01689919510849078,1.0,0.02142459401563286,0.025289695757066598,348939.0,43681.0,6709.0,7870.0,42.0,14612.0,86.0,8908.0,4106.0,1456.0,1089.0,715.0,7828.0,1379.8499755859375,18.61,91.6871,1.61,0.16,-2.428933444487358,1,1,1,1
2012-11-16,106.81,86.62,20.189999999999998,-1.6573059570941906,0.627323420074366,-0.016711929190340598,0.0,0.019507355909536346,0.025299309092078854,347473.0,45150.0,6710.0,7768.0,42.0,14889.0,87.5,8898.0,4201.0,1267.0,-1466.0,1469.0,7726.0,1359.8800048828125,16.41,92.0095,1.58,0.16,-1.4472566624241123,1,1,1,1
2012-11-23,110.14,87.01,23.129999999999995,3.117685609961618,0.45024243823597043,0.030700728732731386,1.0,0.024887587068592915,0.02725873070526192,347126.0,45857.0,6818.0,8118.0,42.0,15174.0,88.6,8427.0,3837.0,1465.0,-347.0,707.0,8076.0,1409.1500244140625,15.14,91.2616,1.7,0.16,3.6231152273980216,1,1,1,1
2012-11-30,110.84,88.54,22.299999999999997,0.6355547485018986,1.7584185725778578,0.006335436160442151,1.0,0.020009563699226823,0.027387093141572838,344769.0,45631.0,6817.0,8230.0,42.0,15429.0,90.6,8354.0,3544.0,1509.0,-2357.0,-226.0,8188.0,1416.1800537109375,15.87,91.1038,1.62,0.16,0.4988843753381156,1,1,1,1
2012-12-07,107.16,85.45,21.709999999999994,-3.320101046553592,-3.4899480460808707,-0.033764675318369686,0.0,0.02802887212867574,0.0263432026060088,344909.0,46818.0,6852.0,8499.0,42.0,15367.0,90.4,8488.0,3500.0,1487.0,140.0,1187.0,8457.0,1418.0699462890625,15.9,91.0437,1.64,0.16,0.13345002093292369,1,1,1,1
2012-12-14,109.28,86.32,22.960000000000008,1.9783501306457785,1.018139262726736,0.01959035114607209,1.0,0.028141557130327496,0.022853956152917587,343945.0,46963.0,6863.0,8399.0,43.0,15594.0,91.5,8618.0,4214.0,1486.0,-964.0,145.0,8356.0,1413.5799560546875,17.0,90.7156,1.72,0.17,-0.31662685230194887,1,1,1,1
2012-12-21,109.13,88.2,20.929999999999993,-0.13726207906296084,2.1779425393883445,-0.0013735636974815096,0.0,0.02269098403427525,0.02284256303515778,343359.0,49177.0,6984.0,8025.0,43.0,15328.0,90.3,8608.0,3711.0,1453.0,-586.0,2214.0,7982.0,1430.1500244140625,17.84,90.9597,1.77,0.17,1.1722059504594373,1,1,1,1
2012-12-28,110.05,90.66,19.39,0.8430312471364498,2.7891156462585,0.008394975847472287,1.0,0.02297394478166015,0.022885723774828892,332239.0,49750.0,6985.0,7094.0,43.0,15341.0,90.4,8518.0,3256.0,1343.0,-11120.0,573.0,7051.0,1402.4300537109375,22.72,91.0419,1.73,0.17,-1.9382561430561829,1,1,1,1
2013-01-04,112.58,93.12,19.459999999999994,2.298955020445259,2.7134348113831974,0.022729272063409918,1.0,0.011017100657363147,0.02249957333337471,333131.0,50082.0,7002.0,8342.0,43.0,15257.0,89.1,8010.0,3086.0,1402.0,892.0,332.0,8299.0,1466.469970703125,13.83,91.1025,1.93,0.16,4.566353724574923,1,1,1,1
2013-01-11,110.3,93.6,16.700000000000003,-2.025226505596023,0.5154639175257714,-0.02046015377642376,0.0,0.01812936392383,0.021697067498267764,332180.0,51862.0,7041.0,8030.0,43.0,15101.0,87.9,8320.0,3446.0,1292.0,-951.0,1780.0,7987.0,1472.050048828125,13.36,90.5352,1.89,0.14,0.38051090281272515,1,1,1,1
2013-01-18,111.71,95.61,16.099999999999994,1.278331822302814,2.147435897435912,0.012702301323300245,1.0,0.018534334538030474,0.020380604208279283,334993.0,51391.0,6989.0,7730.0,44.0,14206.0,83.6,8431.0,3372.0,1357.0,2813.0,-471.0,7686.0,1485.97998046875,12.46,90.8697,1.87,0.14,0.946294703207573,1,1,1,1
2013-01-25,113.88,95.15,18.72999999999999,1.9425297645689676,-0.4811212216295324,0.019239034827079754,1.0,0.019783307971369415,0.019693402180554178,340940.0,51675.0,6993.0,8068.0,44.0,14481.0,85.0,8501.0,3721.0,1366.0,5947.0,284.0,8024.0,1502.9599609375,12.89,91.0868,1.98,0.14,1.1426789520672775,1,1,1,1
2013-02-01,115.55,97.46,18.090000000000003,1.4664559185107118,2.4277456647398665,0.014558074310552914,1.0,0.018189132451380218,0.019579930741400575,343274.0,51360.0,6997.0,7569.0,44.0,14431.0,84.2,8415.0,3624.0,1432.0,2334.0,-315.0,7525.0,1513.1700439453125,12.9,90.6923,2.04,0.14,0.6793316703822105,1,1,1,1
2013-02-08,118.9,95.71,23.190000000000012,2.8991778450887074,-1.7956084547506634,0.028579466976346425,1.0,0.0070946675035704725,0.019344034336604646,343834.0,50242.0,7064.0,7513.0,44.0,14310.0,83.8,8404.0,3942.0,1401.0,560.0,-1118.0,7469.0,1517.9300537109375,13.02,91.3056,1.99,0.14,0.3145720327118129,1,1,1,1
2013-02-15,117.4,95.95,21.450000000000003,-1.2615643397813292,0.2507574966043258,-0.012695896302740078,0.0,0.01772951604589048,0.018957846714698204,347977.0,50659.0,7118.0,7689.0,44.0,14176.0,82.9,8437.0,3808.0,1263.0,4143.0,417.0,7645.0,1519.7900390625,12.46,91.4551,2.01,0.16,0.1225343254134259,1,1,1,1
2013-02-22,113.74,93.12,20.61999999999999,-3.1175468483816138,-2.9494528400208386,-0.031671765515342586,0.0,0.02703474107478579,0.021743015748998975,349107.0,50584.0,7096.0,7958.0,44.0,14511.0,85.1,8597.0,3502.0,1289.0,1130.0,-75.0,7914.0,1515.5999755859375,14.17,92.1197,1.97,0.16,-0.2757001538940984,1,1,1,1
2013-03-01,110.14,90.71,19.430000000000007,-3.1651134165640915,-2.5880584192439993,-0.03216285804431816,0.0,0.0285230667811132,0.02150609481771954,352843.0,50841.0,7093.0,7308.0,44.0,14031.0,82.2,8364.0,3857.0,1288.0,3736.0,257.0,7264.0,1518.199951171875,15.36,92.6177,1.86,0.14,0.17154761334252644,1,1,1,1
2013-03-08,108.91,92.01,16.89999999999999,-1.1167604866533565,1.4331385734759339,-0.011230430746740428,0.0,0.01153779894044001,0.021087937864934646,355467.0,49315.0,7159.0,7535.0,44.0,13994.0,81.0,8627.0,3348.0,1434.0,2624.0,-1526.0,7491.0,1551.1800537109375,12.59,92.6252,2.06,0.15,2.1723161375157174,1,1,1,1
2013-03-15,109.32,93.49,15.829999999999998,0.3764576255623986,1.6085208129551054,0.003757507972272269,1.0,0.01738390125286766,0.02111580823095983,354153.0,49029.0,7150.0,7317.0,45.0,14514.0,83.5,8324.0,3580.0,1394.0,-1314.0,-286.0,7272.0,1560.699951171875,11.3,92.128,2.01,0.16,0.613719692834036,1,1,1,1
2013-03-22,106.51,93.41,13.100000000000009,-2.5704354189535206,-0.08557064926729696,-0.026040483604792813,0.0,0.016067096166913236,0.022204522343053857,357409.0,49468.0,7151.0,8158.0,45.0,14878.0,85.7,8399.0,4222.0,1312.0,3256.0,439.0,8113.0,1556.8900146484375,13.57,92.2051,1.93,0.15,-0.244117168106317,1,1,1,1
2013-03-29,108.46,97.24,11.219999999999999,1.830814008074344,4.100203404346425,0.0181425639578401,1.0,0.01904761713066141,0.0217615886575178,360116.0,49181.0,7151.0,7931.0,45.0,15008.0,86.3,8523.0,3881.0,1318.0,2707.0,-287.0,7886.0,1569.18994140625,12.7,92.302,1.87,0.09,0.7900318353952551,1,1,1,1
2013-04-05,103.98,92.76,11.219999999999999,-4.130555043333938,-4.607157548334007,-0.042182868457344785,0.0,0.027473084405405718,0.024112817415109223,359998.0,50070.0,7181.0,7720.0,45.0,15114.0,86.8,8477.0,3852.0,1358.0,-118.0,889.0,7675.0,1553.280029296875,13.92,92.1043,1.72,0.15,-1.0138933273506123,1,1,1,1
2013-04-12,100.58,91.23,9.349999999999994,-3.2698595883823844,-1.6494178525226388,-0.033245142211751046,0.0,0.026808522398336213,0.024701509833488833,358765.0,51148.0,7208.0,7431.0,45.0,15074.0,86.3,8383.0,3626.0,1256.0,-1233.0,1078.0,7386.0,1588.8499755859375,12.06,91.7967,1.75,0.15,2.2899892883554207,1,1,1,1
2013-04-19,98.94,88.04,10.899999999999991,-1.630542851461525,-3.4966568014907384,-0.016439824944256186,0.0,0.02661578743879638,0.023123692582849426,359712.0,51183.0,7326.0,7564.0,47.0,14488.0,83.5,8750.0,3588.0,1594.0,947.0,35.0,7517.0,1555.25,14.97,92.2166,1.73,0.15,-2.114735569892079,1,1,1,1
2013-04-26,102.39,92.63,9.760000000000005,3.486961795027299,5.213539300318026,0.03427544578716293,1.0,0.03415887907315277,0.025715886981859767,366408.0,49801.0,7312.0,8166.0,47.0,14710.0,84.4,8415.0,3665.0,1365.0,6696.0,-1382.0,8119.0,1582.239990234375,13.61,91.9012,1.7,0.13,1.7354116852194235,1,1,1,1
2013-05-03,104.6,95.25,9.349999999999994,2.1584139076081588,2.8284573032494986,0.021354500044097103,1.0,0.031609558090642635,0.02479672580628095,366779.0,49149.0,7369.0,7606.0,47.0,15180.0,87.0,8445.0,3664.0,1472.0,371.0,-652.0,7559.0,1614.4200439453125,12.85,91.5087,1.78,0.14,2.0338288698019014,1,1,1,1
2013-05-10,101.31,95.81,5.5,-3.145315487571698,0.5879265091863539,-0.031958428565236466,0.0,0.031141373942822053,0.025551209867567246,366155.0,49724.0,7321.0,7623.0,47.0,15253.0,88.0,8341.0,3577.0,1623.0,-624.0,575.0,7576.0,1633.699951171875,12.59,92.2527,1.9,0.12,1.194231160525372,1,1,1,1
2013-05-17,103.83,95.72,8.11,2.487414865265025,-0.09393591483144448,0.024569823249776527,1.0,0.029855381944948824,0.026799211539169438,365817.0,50173.0,7258.0,8130.0,48.0,15249.0,87.3,8790.0,4220.0,1445.0,-338.0,449.0,8082.0,1667.469970703125,12.45,93.1617,1.95,0.1,2.067088237777459,1,1,1,1
2013-05-24,101.24,93.84,7.3999999999999915,-2.494462101512085,-1.9640618470538995,-0.02526101063843925,0.0,0.02992911509238293,0.026293340013359076,368817.0,50508.0,7292.0,7817.0,48.0,15029.0,86.4,8956.0,3816.0,1381.0,3000.0,335.0,7769.0,1649.5999755859375,13.99,93.2768,2.01,0.09,-1.0716831745792854,1,1,1,1
2013-05-31,100.43,91.93,8.5,-0.800079020150124,-2.0353793691389566,-0.008032968271675517,0.0,0.025257978566490882,0.026262993658008212,362550.0,50024.0,7300.0,7268.0,48.0,15462.0,88.4,8822.0,3751.0,1488.0,-6267.0,-484.0,7220.0,1630.739990234375,16.3,93.6076,2.16,0.09,-1.1433065973987633,1,1,1,1
2013-06-07,104.07,96.11,7.959999999999994,3.624415015433624,4.546937887523117,0.03560278224452028,1.0,0.02824456534180281,0.02889850053335074,365179.0,49265.0,7224.0,7850.0,48.0,15237.0,87.5,8648.0,4078.0,1235.0,2629.0,-759.0,7802.0,1643.3800048828125,15.14,92.6056,2.17,0.09,0.7751091359831541,1,1,1,1
2013-06-14,105.1,97.83,7.269999999999996,0.9897184587297048,1.7896160649256032,0.009848528233137444,1.0,0.026014410570091944,0.028271880609244245,365492.0,48596.0,7129.0,8436.0,48.0,15531.0,89.3,8840.0,4015.0,1623.0,313.0,-669.0,8388.0,1626.72998046875,17.15,92.1886,2.14,0.1,-1.013157295609779,1,1,1,1
2013-06-21,100.36,93.81,6.549999999999997,-4.5099904852521355,-4.109168966574661,-0.04614855638468385,0.0,0.034349746664045104,0.03030989264259168,365510.0,49260.0,7261.0,8298.0,50.0,15704.0,90.2,8894.0,3894.0,1466.0,18.0,664.0,8248.0,1592.4300537109375,18.9,94.4243,2.52,0.1,-2.1085199860845227,1,1,1,1
2013-06-28,102.49,96.36,6.1299999999999955,2.122359505779192,2.718260313399412,0.02100151134525001,1.0,0.03574091282334661,0.029001468658294557,355163.0,49652.0,7267.0,7407.0,50.0,16090.0,92.2,9294.0,4450.0,1630.0,-10347.0,392.0,7357.0,1606.280029296875,16.86,94.3047,2.52,0.07,0.8697383947045001,1,1,1,1
2013-07-05,107.46,103.09,4.36999999999999,4.849253585715685,6.98422581984226,0.04735345245720388,1.0,0.03938365133848745,0.030213764231906748,345426.0,46965.0,7401.0,7525.0,50.0,16118.0,92.4,9299.0,3843.0,1626.0,-9737.0,-2687.0,7475.0,1631.8900146484375,14.89,95.0639,2.73,0.1,1.5943661680692722,1,1,1,1
2013-07-12,109.03,105.85,3.180000000000007,1.4610087474409061,2.6772722863517284,0.014504388417614953,1.0,0.039524502296861774,0.029481369296307538,338524.0,46083.0,7490.0,7705.0,50.0,16237.0,92.8,8729.0,3817.0,1593.0,-6902.0,-882.0,7655.0,1680.18994140625,13.84,94.0029,2.61,0.09,2.959753802293963,1,1,1,1
2013-07-19,109.34,108.0,1.3400000000000034,0.2843254150233898,2.03117619272557,0.0028392197485628437,1.0,0.01884843124493669,0.02831696725759405,335699.0,44023.0,7555.0,8032.0,52.0,16031.0,92.3,8982.0,4309.0,1575.0,-2825.0,-2060.0,7980.0,1692.0899658203125,12.54,93.4759,2.5,0.09,0.7082547110181192,1,1,1,1
2013-07-26,107.57,104.76,2.809999999999988,-1.618803731479801,-2.9999999999999916,-0.016320495022939276,0.0,0.026721236527879545,0.028484110839055967,336130.0,42119.0,7542.0,8168.0,52.0,15965.0,91.3,9147.0,3977.0,1523.0,431.0,-1904.0,8116.0,1691.6500244140625,12.72,93.1695,2.58,0.09,-0.02599988269753606,1,1,1,1
2013-08-02,109.63,106.94,2.6899999999999977,1.915032072139078,2.0809469263077363,0.01896926124253464,1.0,0.015755487124975022,0.026644969708376445,334699.0,39874.0,7560.0,7914.0,52.0,15893.0,90.9,9246.0,3874.0,1453.0,-1431.0,-2245.0,7862.0,1709.6700439453125,11.98,93.5789,2.63,0.09,1.0652333089695487,1,1,1,1
2013-08-09,108.49,106.04,2.4499999999999886,-1.0398613518197597,-0.8415934168692685,-0.010453056852089368,0.0,0.015677542473172133,0.026412073902895048,331887.0,38515.0,7571.0,7917.0,52.0,15611.0,89.4,9190.0,3611.0,1679.0,-2812.0,-1359.0,7865.0,1691.4200439453125,13.41,92.8394,2.57,0.08,-1.0674574351133503,1,1,1,1
2013-08-16,111.82,107.58,4.239999999999995,3.0694073186468884,1.4522821576763434,0.030232432764140026,1.0,0.02253665479763467,0.0257377919987068,330459.0,37425.0,7518.0,7951.0,55.0,15845.0,91.0,9200.0,3612.0,1589.0,-1428.0,-1090.0,7896.0,1655.8299560546875,14.37,93.4255,2.84,0.09,-2.104154318025553,1,1,1,1
2013-08-23,112.12,106.48,5.640000000000001,0.26828832051513096,-1.0224948875255602,0.002679290698088453,1.0,0.017899809659901116,0.025302533907818142,333445.0,36588.0,7609.0,8374.0,55.0,15774.0,91.2,9031.0,3842.0,1524.0,2986.0,-837.0,8319.0,1663.5,13.98,93.9466,2.82,0.08,0.46321446941253175,1,1,1,1
2013-08-30,115.97,107.98,7.989999999999995,3.433820906171947,1.4087152516904622,0.03376181067202424,1.0,0.021448537871155485,0.025132746267649903,331609.0,34759.0,7621.0,8255.0,55.0,15936.0,91.7,9094.0,3804.0,1404.0,-1836.0,-1829.0,8200.0,1632.969970703125,17.01,94.7541,2.78,0.07,-1.8352888065449324,1,1,1,1
2013-09-06,117.15,110.62,6.530000000000001,1.0175045270328642,2.4448972031857696,0.010123627985192894,1.0,0.015155584949881203,0.02513369386354033,330991.0,34120.0,7745.0,8017.0,55.0,15896.0,92.5,8605.0,3523.0,1642.0,-618.0,-639.0,7962.0,1655.1700439453125,15.85,94.2487,2.94,0.08,1.3594905993665307,1,1,1,1
2013-09-13,113.31,108.31,5.0,-3.277848911651726,-2.0882299764961143,-0.03332773956132946,0.0,0.027787647445387243,0.02273192525394713,326623.0,33259.0,7827.0,7578.0,55.0,16110.0,92.5,9028.0,4051.0,1403.0,-4368.0,-861.0,7523.0,1687.989990234375,14.16,93.6666,2.9,0.08,1.9828745940104087,1,1,1,1
2013-09-20,110.22,104.7,5.519999999999996,-2.727032036007415,-3.333025574739179,-0.027649056937385917,0.0,0.031856593503879635,0.024852987013408427,329258.0,32847.0,7777.0,7925.0,56.0,15591.0,90.3,8846.0,3581.0,1357.0,2635.0,-412.0,7869.0,1709.9100341796875,13.12,92.6049,2.75,0.08,1.2985885030200262,1,1,1,1
2013-09-27,109.45,102.86,6.590000000000003,-0.6986027944111739,-1.7574021012416452,-0.0070105444862173,0.0,0.01991475023561998,0.02134930551592585,334730.0,32788.0,7784.0,8363.0,56.0,15445.0,89.0,8527.0,3831.0,1531.0,5472.0,-59.0,8307.0,1691.75,15.46,92.9747,2.64,0.08,-1.0620461788447,1,1,1,1
2013-10-04,109.42,103.83,5.590000000000003,-0.02740977615349749,0.9430293602955553,-0.00027413533319210905,0.0,0.015911465160760536,0.02095539484931063,341474.0,32620.0,7809.0,8043.0,56.0,14890.0,86.0,8846.0,3826.0,1211.0,6744.0,-168.0,7987.0,1690.5,16.74,92.6469,2.66,0.08,-0.07388798581350331,1,1,1,1
2013-10-11,110.65,102.17,8.480000000000004,1.1241089380369162,-1.5987672156409505,0.011178377861378744,1.0,0.016305112656773306,0.021184367060866748,345473.0,32986.0,7428.0,8004.0,56.0,14853.0,86.2,9077.0,3731.0,1369.0,3999.0,366.0,7948.0,1703.199951171875,15.72,92.854,2.7,0.1,0.7512541361653247,1,1,1,1
2013-10-18,109.4,100.87,8.530000000000001,-1.1296882060551239,-1.2723891553293454,-0.011361176509177784,0.0,0.009820294272475516,0.020861830368765245,350719.0,33344.0,7896.0,7656.0,56.0,14855.0,85.9,8797.0,3330.0,1348.0,5246.0,358.0,7600.0,1744.5,13.04,91.9989,2.6,0.1,2.424850282534874,1,1,1,1
2013-10-25,105.7,97.4,8.299999999999997,-3.3820840950639863,-3.440071379002674,-0.03440599711168889,0.0,0.019442430057494343,0.02240935457613875,354806.0,35522.0,7853.0,7459.0,56.0,15052.0,87.3,9054.0,4156.0,1671.0,4087.0,2178.0,7403.0,1759.77001953125,13.09,92.1623,2.53,0.08,0.8753235615505783,1,1,1,1
2013-11-01,105.78,94.56,11.219999999999999,0.07568590350046644,-2.9158110882956945,0.0007565727616418444,1.0,0.0195978117369744,0.022305745327811686,355995.0,36513.0,7858.0,7224.0,56.0,15068.0,86.8,9292.0,4512.0,1233.0,1189.0,991.0,7168.0,1761.6400146484375,13.28,93.155,2.65,0.08,0.10626360810974678,1,1,1,1
2013-11-08,104.29,94.56,9.730000000000004,-1.4085838532803874,0.0,-0.014185985504712303,0.0,0.014590003389536421,0.020019451593249558,358635.0,38204.0,7981.0,7844.0,56.0,15411.0,88.7,9032.0,3790.0,1561.0,2640.0,1691.0,7788.0,1770.6099853515625,12.9,93.6619,2.77,0.08,0.5091829561395977,1,1,1,1
2013-11-15,108.25,93.8,14.450000000000003,3.79710422859334,-0.8037225042301199,0.037267886749477674,1.0,0.03025758566574586,0.023534254476325706,359010.0,39940.0,7974.0,7863.0,56.0,15447.0,88.6,8924.0,4333.0,1504.0,375.0,1736.0,7807.0,1798.1800537109375,12.19,93.2854,2.71,0.09,1.5570943678994809,1,1,1,1
2013-11-22,111.36,94.53,16.83,2.872979214780602,0.7782515991471284,0.028324829703510305,1.0,0.023893886136450944,0.022804734292682018,361963.0,40616.0,8019.0,7718.0,57.0,15551.0,89.4,8909.0,4024.0,1683.0,2953.0,676.0,7661.0,1804.760009765625,12.26,93.4198,2.75,0.09,0.3659230921346568,1,1,1,1
2013-11-29,111.07,92.55,18.519999999999996,-0.26041666666667407,-2.094573151380519,-0.0026075634070809417,0.0,0.02452137328935863,0.02241215099257809,356378.0,40598.0,8011.0,7809.0,57.0,16106.0,92.4,8873.0,3550.0,1408.0,-5585.0,-18.0,7752.0,1805.81005859375,13.7,93.6291,2.75,0.07,0.058182186132405,1,1,1,1
2013-12-06,111.5,97.48,14.019999999999996,0.38714324299991,5.326850351161538,0.0038639577211448005,1.0,0.019111253352506772,0.02054844696216387,345374.0,41223.0,8075.0,6862.0,57.0,16131.0,92.6,8348.0,3304.0,1480.0,-11004.0,625.0,6805.0,1805.0899658203125,13.79,93.4045,2.88,0.09,-0.03987644049331385,1,1,1,1
2013-12-13,108.08,96.27,11.810000000000002,-3.0672645739910354,-1.241280262617983,-0.031152897248230074,0.0,0.024453431945219203,0.020976678292472947,342433.0,40623.0,8058.0,7732.0,57.0,15931.0,91.5,9016.0,4089.0,1469.0,-2941.0,-600.0,7675.0,1775.3199462890625,15.76,93.3568,2.88,0.08,-1.6492263596247558,1,1,1,1
2013-12-20,112.15,99.11,13.040000000000006,3.7657290895632967,2.9500363560818643,0.03696556731427401,1.0,0.02796541204306447,0.023626031111101793,337702.0,40177.0,8111.0,7535.0,58.0,16233.0,92.7,9176.0,4171.0,1656.0,-4731.0,-446.0,7477.0,1818.3199462890625,13.79,93.7211,2.89,0.09,2.422098624525826,1,1,1,1
2013-12-27,112.06,99.94,12.120000000000005,-0.08024966562639735,0.8374533346786395,-0.0008028188290789003,0.0,0.027885747493488326,0.023631212350924184,330695.0,39625.0,8121.0,7495.0,58.0,16247.0,92.4,8893.0,3314.0,1470.0,-7007.0,-552.0,7437.0,1841.4000244140625,12.46,93.7018,3.02,0.08,1.2693078669737456,1,1,1,1
2014-01-03,106.57,93.66,12.909999999999997,-4.899161163662336,-6.2837702621572955,-0.05023239590427379,0.0,0.03807722264746673,0.02775027146085609,326737.0,40725.0,8145.0,7961.0,58.0,16134.0,92.3,8274.0,3022.0,1518.0,-3958.0,1100.0,7903.0,1831.3699951171875,13.76,93.853,3.01,0.08,-0.5446958381607803,1,1,1,1
2014-01-10,106.44,92.39,14.049999999999997,-0.12198554940414663,-1.355968396327134,-0.0012206001233763593,0.0,0.0357464834186803,0.02763100108395417,319079.0,40870.0,8159.0,6889.0,58.0,15731.0,90.0,8021.0,3724.0,1498.0,-7658.0,145.0,6831.0,1842.3699951171875,12.14,94.0045,2.88,0.07,0.6006432359014546,1,1,1,1
2014-01-17,108.45,93.96,14.490000000000009,1.8883878241262808,1.6993181080203312,0.018707791163395073,1.0,0.029405452769842435,0.026236905501508114,320069.0,41592.0,8052.0,7544.0,58.0,15216.0,86.5,8059.0,3779.0,1308.0,990.0,722.0,7486.0,1838.699951171875,12.44,94.5846,2.84,0.07,-0.199202329338799,1,1,1,1
2014-01-24,109.14,96.66,12.480000000000004,0.6362378976486838,2.8735632183908066,0.006342224485202479,1.0,0.030225317099823484,0.02625966165017788,326490.0,41829.0,8044.0,8048.0,61.0,15417.0,88.2,8584.0,4524.0,1464.0,6421.0,237.0,7987.0,1790.2900390625,18.14,94.8555,2.75,0.07,-2.632833708323179,1,1,1,1
2014-01-31,108.16,97.55,10.61,-0.8979292651640103,0.9207531553900195,-0.009019849463431933,0.0,0.011807088251038666,0.02600041148906682,326930.0,40276.0,8044.0,6887.0,61.0,15049.0,86.1,8452.0,3940.0,1479.0,440.0,-1553.0,6826.0,1782.5899658203125,18.41,95.1774,2.67,0.07,-0.43010199879230937,1,1,1,1
2014-02-07,110.12,99.98,10.14,1.8121301775148035,2.4910302409021146,0.017959067979752708,1.0,0.012977853686169227,0.024226310551117177,329983.0,37603.0,8132.0,7929.0,61.0,15215.0,87.1,8325.0,3675.0,1302.0,3053.0,-2673.0,7868.0,1797.02001953125,15.29,94.7457,2.71,0.06,0.8094993233229042,1,1,1,1
2014-02-14,108.63,100.31,8.319999999999993,-1.3530693788594395,0.3300660132026456,-0.013623067828747185,0.0,0.014479986688279893,0.022987060207911587,330956.0,35870.0,8148.0,7421.0,61.0,15178.0,86.8,8030.0,3623.0,1283.0,973.0,-1733.0,7360.0,1838.6300048828125,13.57,94.2711,2.75,0.06,2.315499265412546,1,1,1,1
2014-02-21,109.03,102.53,6.5,0.3682224063334294,2.2131392682683604,0.0036754612726309093,1.0,0.014174255866040097,0.023045144679311517,331024.0,34792.0,8059.0,7037.0,64.0,15299.0,88.0,8535.0,3617.0,1224.0,68.0,-1078.0,6973.0,1836.25,14.68,94.6571,2.73,0.07,-0.12944447096435718,1,1,1,1
2014-02-28,108.98,102.88,6.1000000000000085,-0.045858937906995134,0.34136350336486654,-0.0004586945633380706,0.0,0.013007362584648912,0.02298662360058176,332453.0,32132.0,8077.0,7112.0,64.0,15212.0,87.4,8411.0,3546.0,1431.0,1429.0,-2660.0,7048.0,1859.449951171875,14.0,94.3879,2.66,0.06,1.2634418609598352,1,1,1,1
2014-03-07,109.14,102.82,6.320000000000007,0.14681592952834333,-0.05832037325038675,0.0014670826031334958,1.0,0.007777795698428636,0.021061585421498594,338333.0,30791.0,8182.0,7311.0,64.0,14987.0,86.0,8949.0,3697.0,1518.0,5880.0,-1341.0,7247.0,1878.0400390625,14.11,94.2532,2.8,0.08,0.9997627459082281,1,1,1,1
2014-03-14,108.08,99.23,8.849999999999994,-0.9712296133406628,-3.4915386111651348,-0.009759768106142463,0.0,0.005907159024411166,0.01784366643592577,344183.0,29802.0,8215.0,7309.0,64.0,14951.0,85.6,8512.0,4159.0,1355.0,5850.0,-989.0,7245.0,1841.1300048828125,17.82,94.243,2.65,0.08,-1.9653486300597045,1,1,1,1
2014-03-21,107.2,99.97,7.230000000000004,-0.8142116950407119,0.7457422150559223,-0.008175445015241816,0.0,0.005562504079821864,0.017884991881884964,350802.0,28477.0,8190.0,7617.0,64.0,15092.0,86.0,9002.0,3476.0,1329.0,6619.0,-1325.0,7553.0,1866.52001953125,15.0,94.8547,2.75,0.08,1.3790451831810602,1,1,1,1
2014-03-28,106.64,101.73,4.909999999999997,-0.5223880597014952,1.7605281584475385,-0.0052375727662484104,0.0,0.004962898540181699,0.010385863954947613,348423.0,27254.0,8192.0,6831.0,67.0,15315.0,87.7,8713.0,3795.0,1592.0,-2379.0,-1223.0,6764.0,1857.6199951171875,14.41,94.3683,2.73,0.08,-0.4768244819735479,1,1,1,1
2014-04-04,106.41,101.16,5.25,-0.21567891972993358,-0.5603066941905155,-0.0021591184168130865,0.0,0.0033545288581308505,0.010399864977764264,352341.0,27599.0,8229.0,7312.0,67.0,15337.0,87.5,8996.0,3927.0,1370.0,3918.0,345.0,7245.0,1865.0899658203125,13.96,94.2191,2.74,0.08,0.40212587734629324,1,1,1,1
2014-04-11,107.34,103.68,3.6599999999999966,0.8739780095855743,2.491103202846978,0.008701809295042728,1.0,0.007367790240515249,0.009078725082441412,362354.0,26828.0,8301.0,8271.0,67.0,15613.0,88.8,8616.0,4165.0,1340.0,10013.0,-771.0,8204.0,1815.68994140625,17.03,93.6395,2.63,0.09,-2.6486671055749977,1,1,1,1
2014-04-18,109.79,104.33,5.460000000000008,2.2824669275200327,0.6269290123456672,0.022568083497958268,1.0,0.012578439222474804,0.011207270513880365,365878.0,26040.0,8360.0,7796.0,67.0,15980.0,91.0,8430.0,3834.0,1365.0,3524.0,-788.0,7729.0,1864.8499755859375,13.36,93.9629,2.73,0.1,2.707512613172991,1,1,1,1
2014-04-25,109.53,100.85,8.680000000000007,-0.23681573913836296,-3.3355698265120304,-0.002370965910985925,0.0,0.011783729040193095,0.010852865957412123,367576.0,25428.0,8352.0,7483.0,71.0,15954.0,91.0,8693.0,3909.0,1604.0,1698.0,-612.0,7412.0,1863.4000244140625,14.06,94.1623,2.68,0.09,-0.07775162564588323,1,1,1,1
2014-05-02,109.48,100.09,9.39,-0.04564959371861077,-0.7535944471988021,-0.00045660016317680924,0.0,0.011381686365134976,0.009456518975021201,366004.0,24033.0,8350.0,6885.0,71.0,15904.0,90.2,8719.0,4325.0,1333.0,-1572.0,-1395.0,6814.0,1881.1400146484375,12.91,93.8182,2.6,0.09,0.9520226468792359,1,1,1,1
2014-05-09,108.26,100.32,7.940000000000012,-1.1143587869930527,0.22979318613247646,-0.011206142803646438,0.0,0.014405058195270038,0.009172756542607555,366951.0,23441.0,8428.0,7127.0,71.0,15667.0,88.8,9191.0,4271.0,1429.0,947.0,-592.0,7056.0,1878.47998046875,12.92,93.6614,2.62,0.08,-0.14140543282126217,1,1,1,1
2014-05-16,110.9,102.31,8.590000000000003,2.438573803805655,1.983652312599693,0.024093152987489534,1.0,0.015128224356319596,0.011557663092894502,359725.0,23216.0,8434.0,6469.0,71.0,15949.0,88.7,9174.0,3791.0,1524.0,-7226.0,-225.0,6398.0,1877.8599853515625,12.44,93.6073,2.52,0.09,-0.03300514903719076,1,1,1,1
2014-05-23,110.19,105.01,5.179999999999993,-0.6402164111812492,2.639038217183076,-0.0064227458566357655,0.0,0.015689644124764812,0.011771909451985205,361382.0,21691.0,8472.0,7809.0,74.0,15851.0,89.9,9310.0,4201.0,1540.0,1657.0,-1525.0,7735.0,1900.530029296875,11.36,93.7042,2.54,0.09,1.2072275953560085,1,1,1,1
2014-05-30,109.21,103.4,5.809999999999988,-0.8893729013522145,-1.533187315493767,-0.008933514290048655,0.0,0.01658907974621647,0.012106112344803412,357951.0,21370.0,8383.0,7123.0,74.0,16057.0,90.8,9104.0,4157.0,1390.0,-3431.0,-321.0,7049.0,1923.5699462890625,11.4,93.7606,2.48,0.08,1.212289026588631,1,1,1,1
2014-06-06,109.21,103.32,5.890000000000001,0.0,-0.077369439071584,0.0,0.0,0.015082617353099898,0.011708209002357242,355221.0,21172.0,8460.0,7146.0,74.0,15547.0,87.9,8624.0,3883.0,1401.0,-2730.0,-198.0,7072.0,1949.43994140625,10.73,93.9069,2.6,0.09,1.344894952590403,1,1,1,1
2014-06-13,113.15,107.49,5.660000000000011,3.6077282300155833,4.036004645760749,0.03544173786990952,1.0,0.020626193066957985,0.014963696814331734,354642.0,21419.0,8477.0,7234.0,74.0,15397.0,87.1,9258.0,3811.0,1575.0,-579.0,247.0,7160.0,1936.1600341796875,12.18,93.9168,2.6,0.1,-0.6812165352979682,1,1,1,1
2014-06-20,114.55,107.95,6.599999999999994,1.237295625276169,0.42794678574751277,0.012297036819958019,1.0,0.01924127089259656,0.014781232152160281,356384.0,21835.0,8446.0,7341.0,273.0,15672.0,88.5,8813.0,3646.0,1692.0,1742.0,416.0,7068.0,1962.8699951171875,10.85,93.7591,2.63,0.1,1.3795327073165442,1,1,1,1
2014-06-27,112.62,106.46,6.160000000000011,-1.6848537756438131,-1.3802686428902367,-0.016992089073031968,0.0,0.022058447510734654,0.01608488150138433,353229.0,20476.0,8442.0,7265.0,273.0,16218.0,91.4,9168.0,3778.0,1663.0,-3155.0,-1359.0,6992.0,1960.9599609375,11.26,93.3983,2.54,0.1,-0.09730823663507415,1,1,1,1
2014-07-04,108.98,104.76,4.219999999999999,-3.2321079737169245,-1.5968438850272326,-0.03285494067152017,0.0,0.03041052959388602,0.019302891269784413,350822.0,20923.0,8514.0,7285.0,273.0,16252.0,91.6,8935.0,3966.0,1799.0,-2407.0,447.0,7012.0,1985.43994140625,10.32,93.3149,2.65,0.09,1.2483671750771697,1,1,1,1
2014-07-11,105.77,101.48,4.289999999999992,-2.9454945861626003,-3.130966017563952,-0.029897453814990798,0.0,0.020623316568418405,0.01996897660240476,343297.0,20273.0,8592.0,7427.0,273.0,16626.0,93.8,9057.0,3733.0,1512.0,-7525.0,-650.0,7154.0,1967.5699462890625,12.08,93.4171,2.53,0.09,-0.900052161967213,1,1,1,1
2014-07-18,106.03,103.83,2.200000000000003,0.24581639406260347,2.315727236893972,0.002455147597745483,1.0,0.01606915625857296,0.020033676158493555,339328.0,18823.0,8565.0,7407.0,273.0,16598.0,93.8,8792.0,3917.0,1514.0,-3969.0,-1450.0,7134.0,1978.219970703125,12.06,93.6608,2.5,0.09,0.541278058965533,1,1,1,1
2014-07-25,106.89,105.23,1.6599999999999966,0.8110912006036086,1.34835789270924,0.008078195348147589,1.0,0.02131417779325735,0.020270904140783842,335631.0,17899.0,8443.0,7744.0,295.0,16551.0,93.5,9006.0,3833.0,1871.0,-3697.0,-924.0,7449.0,1978.3399658203125,12.69,93.8294,2.48,0.09,0.006065812647970681,1,1,1,1
2014-08-01,103.45,97.86,5.590000000000003,-3.2182617644307188,-7.003706167442747,-0.03271186409430229,0.0,0.021269947460019797,0.022033318902430373,334167.0,17982.0,8453.0,7563.0,295.0,16393.0,92.4,9359.0,4034.0,1704.0,-1464.0,83.0,7268.0,1925.1500244140625,17.03,94.4754,2.52,0.09,-2.688614814703749,1,1,1,1
2014-08-08,103.36,97.61,5.75,-0.08699855002416435,-0.2554669936644216,-0.0008703641572602987,0.0,0.018342080921944028,0.020269540689698468,335568.0,18400.0,8556.0,7846.0,295.0,16214.0,91.6,8922.0,4030.0,1538.0,1401.0,418.0,7551.0,1931.5899658203125,15.77,94.6027,2.44,0.09,0.33451634026340216,1,1,1,1
2014-08-15,101.13,97.3,3.8299999999999983,-2.1575077399380804,-0.317590410818569,-0.021811222120212668,0.0,0.01872722525507287,0.020788010304546852,331094.0,20155.0,8577.0,7459.0,295.0,16418.0,93.4,8775.0,4002.0,1442.0,-4474.0,1755.0,7164.0,1955.06005859375,13.15,94.2941,2.34,0.09,1.2150659916826623,1,1,1,1
2014-08-22,100.09,93.61,6.480000000000004,-1.0283793137545683,-3.792394655704001,-0.010337036683151538,0.0,0.013823688508462115,0.020802900533271447,329024.0,20663.0,8631.0,7633.0,385.0,16542.0,93.5,9100.0,3645.0,1692.0,-2070.0,508.0,7248.0,1988.4000244140625,11.47,94.8012,2.4,0.09,1.705316707472071,1,1,1,1
2014-08-29,101.12,97.86,3.260000000000005,1.0290738335497984,4.5401132357654195,0.010238149167619764,1.0,0.013643355810947182,0.021331264725867882,328119.0,20278.0,8630.0,7675.0,385.0,16428.0,93.3,9480.0,3947.0,1607.0,-905.0,-385.0,7290.0,2003.3699951171875,11.98,94.7251,2.35,0.07,0.7528651438000411,1,1,1,1
2014-09-05,99.51,93.32,6.190000000000012,-1.5921677215189889,-4.63928060494585,-0.016049788771476566,0.0,0.013961383455588025,0.016855744134075656,327428.0,20356.0,8590.0,7621.0,385.0,16332.0,93.9,8611.0,3403.0,1417.0,-691.0,78.0,7236.0,2007.7099609375,12.09,95.2203,2.46,0.09,0.21663326449383735,1,1,1,1
2014-09-12,96.31,92.18,4.1299999999999955,-3.2157572103306276,-1.2216030861551541,-0.032685986054297886,0.0,0.017714752498230495,0.01626695710737555,331101.0,19999.0,8838.0,8114.0,385.0,16304.0,93.0,8707.0,3830.0,1582.0,3673.0,-357.0,7729.0,1985.5400390625,13.31,96.0748,2.62,0.09,-1.1042392729200712,1,1,1,1
2014-09-19,96.75,92.43,4.319999999999993,0.4568580625064822,0.27120850509871897,0.004558176337118184,1.0,0.01969428443987138,0.01712797075671164,326828.0,20190.0,8867.0,6870.0,385.0,16214.0,93.4,8781.0,3750.0,1399.0,-4273.0,191.0,6485.0,2010.4000244140625,12.11,96.3417,2.59,0.09,1.252051576018598,1,1,1,1
2014-09-26,95.08,95.55,-0.46999999999999886,-1.7260981912144757,3.3755274261603185,-0.017411689417898068,0.0,0.015292734741779446,0.016016553386651897,325465.0,20505.0,8837.0,7284.0,420.0,15689.0,89.8,8660.0,4117.0,1381.0,-1363.0,315.0,6864.0,1982.8499755859375,14.85,97.208,2.54,0.09,-1.3703764670493612,1,1,1,1
2014-10-03,90.8,89.76,1.039999999999992,-4.5014724442574705,-6.059654631083189,-0.0460593568847456,0.0,0.021727051762328156,0.01824114238515715,330380.0,18929.0,8875.0,7712.0,420.0,15554.0,89.3,8645.0,3498.0,1442.0,4915.0,-1576.0,7292.0,1967.9000244140625,14.55,97.9846,2.45,0.09,-0.753962798797081,1,1,1,1
2014-10-10,88.66,85.87,2.789999999999992,-2.3568281938326052,-4.3337789661319075,-0.023850456290340206,0.0,0.0208311503808255,0.017827992442151643,339303.0,19645.0,8951.0,7740.0,420.0,15321.0,88.1,9043.0,3710.0,1484.0,8923.0,716.0,7320.0,1906.1300048828125,21.24,97.4144,2.31,0.09,-3.1388799616302587,1,1,1,1
2014-10-17,85.27,82.8,2.469999999999999,-3.8235957590796343,-3.5751717712821818,-0.038986136562949296,0.0,0.013228623852562202,0.017484744186698466,346414.0,20598.0,8934.0,7477.0,420.0,15208.0,86.7,8836.0,3309.0,1440.0,7111.0,953.0,7057.0,1886.760009765625,21.99,97.3067,2.22,0.09,-1.016194859089814,1,1,1,1
2014-10-24,86.0,81.27,4.730000000000004,0.8561041397912472,-1.8478260869565277,0.008524603499549475,1.0,0.024250735689127608,0.01852974069159609,348475.0,21374.0,8970.0,7101.0,411.0,15129.0,86.6,8867.0,3926.0,1691.0,2061.0,776.0,6690.0,1964.5799560546875,16.11,97.4772,2.29,0.09,4.124528073855527,1,1,1,1
2014-10-31,84.17,80.53,3.6400000000000006,-2.127906976744187,-0.9105450965915973,-0.021508733030023014,0.0,0.01989021606255024,0.018009537564413456,348935.0,20823.0,8972.0,6675.0,411.0,15485.0,88.4,9162.0,3480.0,1510.0,460.0,-551.0,6264.0,2018.050048828125,14.03,98.1163,2.35,0.07,2.721706113749489,1,1,1,1
2014-11-07,83.2,78.71,4.490000000000009,-1.152429606748251,-2.2600273190115594,-0.011591215396321856,0.0,0.019828885475129635,0.01800891353624928,346150.0,22527.0,9063.0,6877.0,411.0,15752.0,90.1,9005.0,3967.0,1563.0,-2785.0,1704.0,6466.0,2031.9200439453125,13.12,99.0236,2.32,0.09,0.6872968846952876,1,1,1,1
2014-11-14,77.51,75.91,1.6000000000000085,-6.838942307692308,-3.557362469825942,-0.07084038753374287,0.0,0.03372422838964543,0.023752540934123496,348758.0,23245.0,9004.0,7638.0,411.0,15913.0,91.2,9194.0,3794.0,1486.0,2608.0,718.0,7227.0,2039.8199462890625,13.31,99.0917,2.32,0.09,0.38879001992671025,1,1,1,1
2014-11-21,79.2,76.52,2.680000000000007,2.180363824022713,0.8035831906204605,0.021569338526960184,1.0,0.03822884354694395,0.025295632980785108,350704.0,24579.0,9077.0,7473.0,374.0,15957.0,91.5,9254.0,4120.0,1584.0,1946.0,1334.0,7099.0,2063.5,12.9,99.2894,2.31,0.1,1.1608894085979093,1,1,1,1
2014-11-28,71.89,65.94,5.950000000000003,-9.229797979797983,-13.82645060115002,-0.09683912582460003,0.0,0.05409355265131099,0.033473153322100276,347015.0,23885.0,9083.0,7303.0,374.0,16356.0,93.4,9425.0,3574.0,1519.0,-3689.0,-694.0,6929.0,2067.56005859375,13.33,100.0719,2.18,0.08,0.19675592894354832,1,1,1,1
2014-12-05,68.0,65.89,2.1099999999999994,-5.411044651550978,-0.07582650894751852,-0.05562946781967344,0.0,0.05092913375973308,0.03446227777424676,348313.0,24905.0,9118.0,7668.0,374.0,16627.0,95.4,8549.0,3466.0,1487.0,1298.0,1020.0,7294.0,2075.3701171875,11.82,101.0989,2.31,0.12,0.3777427679204637,1,1,1,1
2014-12-12,61.67,57.81,3.8599999999999994,-9.308823529411757,-12.262862346334803,-0.09771011617270518,0.0,0.056033906363149456,0.03788307110394684,347466.0,27825.0,9137.0,7104.0,374.0,16301.0,93.5,9373.0,4240.0,1519.0,-847.0,2920.0,6730.0,2002.3299560546875,21.08,101.3735,2.1,0.12,-3.5193800145776,1,1,1,1
2014-12-19,58.87,56.91,1.9600000000000009,-4.540295119182758,-1.5568240788790932,-0.04646596596323157,0.0,0.026952370697003434,0.03740599001579113,354733.0,28798.0,9127.0,8292.0,388.0,16341.0,93.5,9518.0,4304.0,1746.0,7267.0,973.0,7904.0,2070.64990234375,16.49,102.0483,2.17,0.13,3.4120223833477237,1,1,1,1
2014-12-26,58.72,54.59,4.1299999999999955,-0.25479870901987667,-4.076612194693363,-0.002551238733909874,0.0,0.03903174700238036,0.038840924520578524,352979.0,30793.0,9121.0,7061.0,388.0,16377.0,94.4,9614.0,4235.0,1480.0,-1754.0,1995.0,6673.0,2088.77001953125,14.5,102.3028,2.25,0.13,0.8750932336263118,1,1,1,1
2015-01-02,55.38,52.72,2.6600000000000037,-5.688010899182561,-3.4255358124198665,-0.058561866563444344,0.0,0.03918520643727942,0.03911913135176093,348806.0,32098.0,9132.0,6856.0,388.0,16420.0,93.9,8809.0,2865.0,1527.0,-4173.0,1305.0,6468.0,2058.199951171875,17.79,102.9027,2.12,0.12,-1.4635440030987934,1,1,1,1
2015-01-09,47.64,48.35,-0.7100000000000009,-13.976164680390035,-8.289074355083459,-0.15054577325571647,0.0,0.062187908882109295,0.050623870048858426,354195.0,33874.0,9192.0,7492.0,388.0,15893.0,91.0,8875.0,3943.0,1553.0,5389.0,1776.0,7104.0,2044.81005859375,17.55,103.1213,1.98,0.12,-0.6505632540949824,1,1,1,1
2015-01-16,47.38,48.49,-1.1099999999999994,-0.5457598656591012,0.2895553257497463,-0.005472545756459864,0.0,0.06914589836237309,0.0493350496190358,364266.0,36783.0,9186.0,7218.0,388.0,14909.0,85.5,8851.0,4524.0,1674.0,10071.0,2909.0,6830.0,2019.4200439453125,20.95,103.2189,1.83,0.13,-1.2416808368938992,1,1,1,1
2015-01-23,46.69,45.26,1.4299999999999997,-1.456310679611661,-6.661167250979593,-0.014670189747793855,0.0,0.06633187177209135,0.049727962698915246,373140.0,38868.0,9213.0,7422.0,502.0,15256.0,88.0,9022.0,4567.0,1484.0,8874.0,2085.0,6920.0,2051.820068359375,16.66,104.3676,1.81,0.12,1.604422245446413,1,1,1,1
2015-01-30,47.52,47.79,-0.269999999999996,1.7776825872777957,5.5899248784798905,0.017620666071543892,1.0,0.076075050281366,0.052376025673310816,379473.0,41384.0,9177.0,7387.0,502.0,15544.0,89.9,8442.0,3684.0,1294.0,6333.0,2516.0,6885.0,1994.989990234375,20.97,105.5884,1.68,0.06,-2.7697398520154404,1,1,1,1
2015-02-06,55.88,51.66,4.220000000000006,17.59259259259258,8.097928436911484,0.1620558593343715,1.0,0.08257318998238751,0.07899375700431643,383800.0,42598.0,9226.0,7286.0,502.0,15564.0,90.0,8282.0,4300.0,1450.0,4327.0,1214.0,6784.0,2055.469970703125,17.29,105.1283,1.95,0.11,3.0315931791539796,1,1,1,1
2015-02-13,60.33,52.66,7.670000000000002,7.963493199713656,1.9357336430507077,0.07662295806390915,1.0,0.07759446434498286,0.08355492349793515,391516.0,46261.0,9280.0,7105.0,502.0,15442.0,88.7,8809.0,4250.0,1528.0,7716.0,3663.0,6603.0,2096.989990234375,14.69,104.8452,2.02,0.12,2.019976945566704,1,1,1,1
2015-02-20,60.99,49.95,11.04,1.0939830929885597,-5.146221040638044,0.010880423855694555,1.0,0.07003754950865367,0.0805973203012754,399943.0,48680.0,9285.0,7279.0,478.0,15243.0,87.4,8915.0,4282.0,1410.0,8427.0,2419.0,6801.0,2110.300048828125,14.3,105.3387,2.13,0.12,0.6347220852619406,1,1,1,1
2015-02-27,61.89,49.84,12.049999999999997,1.4756517461878893,-0.22022022022022414,0.014648699442905087,1.0,0.07074529026465705,0.07982339092012836,410246.0,49216.0,9324.0,7368.0,478.0,15113.0,86.6,8630.0,4053.0,1528.0,10303.0,536.0,6890.0,2104.5,13.34,105.5981,2.0,0.06,-0.2748447469043902,1,1,1,1
2015-03-06,59.15,49.61,9.54,-4.4272095653578925,-0.4614767255216812,-0.04528202532687436,0.0,0.04981953004074256,0.07579057483749393,415425.0,51538.0,9366.0,6793.0,478.0,15300.0,87.8,8515.0,3758.0,1563.0,5179.0,2322.0,6315.0,2071.260009765625,15.2,107.4337,2.24,0.12,-1.5794720947671648,1,1,1,1
2015-03-13,54.8,44.88,9.919999999999995,-7.3541842772612,-9.534368070953425,-0.07638639647042593,0.0,0.04437574496326183,0.07779896281291933,425047.0,54403.0,9419.0,7496.0,478.0,15436.0,88.1,9260.0,3774.0,1463.0,9622.0,2865.0,7018.0,2053.39990234375,16.0,108.9174,2.13,0.11,-0.8622822503050243,1,1,1,1
2015-03-20,53.88,46.0,7.880000000000003,-1.6788321167883091,2.4955436720142554,-0.016930842411806493,0.0,0.03892576514819677,0.07785223905915656,433217.0,56314.0,9422.0,7392.0,503.0,15530.0,89.0,8619.0,3966.0,1512.0,8170.0,1911.0,6889.0,2108.10009765625,13.02,107.1671,1.93,0.12,2.663884187881038,1,1,1,1
2015-03-27,56.44,48.83,7.609999999999999,4.75129918337045,6.152173913043479,0.04641877544244999,1.0,0.052288905434059,0.07744943932219535,437983.0,58943.0,9386.0,7348.0,503.0,15728.0,89.4,9435.0,3820.0,1597.0,4766.0,2629.0,6845.0,2061.02001953125,15.07,106.8916,1.95,0.12,-2.233294243349393,1,1,1,1
2015-04-03,55.73,49.13,6.599999999999994,-1.257973068745577,0.614376407945949,-0.012659525403168332,0.0,0.05016543557326544,0.06139196687214074,449662.0,60175.0,9404.0,8217.0,503.0,15929.0,90.1,8610.0,4215.0,1522.0,11679.0,1232.0,7714.0,2066.9599609375,14.67,105.8861,1.85,0.12,0.2882039645399015,1,1,1,1
2015-04-10,56.82,51.63,5.189999999999998,1.9558586039835069,5.088540606554037,0.019369774844597037,1.0,0.02971661037054033,0.06112812034223279,450956.0,61462.0,9384.0,7148.0,503.0,16212.0,92.3,8914.0,3807.0,1602.0,1294.0,1287.0,6645.0,2102.06005859375,12.58,107.4526,1.96,0.12,1.698150826314504,1,1,1,1
2015-04-17,61.31,55.71,5.600000000000001,7.9021471312918035,7.902382335851255,0.07605458534855473,1.0,0.03786974667158344,0.06269625065133604,456271.0,62200.0,9366.0,7765.0,503.0,15982.0,91.2,9185.0,3855.0,1636.0,5315.0,738.0,7262.0,2081.179931640625,13.89,106.329,1.87,0.13,-0.9933173349525259,1,1,1,1
2015-04-24,62.96,55.98,6.980000000000004,2.6912412330778013,0.4846526655896577,0.026556642334551222,1.0,0.0366842864880736,0.06268348975250199,458181.0,61686.0,9373.0,7446.0,467.0,16100.0,91.3,8920.0,3993.0,1597.0,1910.0,-514.0,6979.0,2117.68994140625,12.29,105.905,1.93,0.13,1.754293764347592,1,1,1,1
2015-05-01,64.13,59.1,5.029999999999994,1.8583227445997386,5.573419078242248,0.018412669051623694,1.0,0.027544957244959315,0.04503992106255675,454079.0,61674.0,9369.0,6541.0,467.0,16347.0,93.0,8785.0,3879.0,1505.0,-4102.0,-12.0,6074.0,2108.2900390625,12.7,105.6382,2.12,0.13,-0.4438752888209829,1,1,1,1
2015-05-08,63.82,59.41,4.410000000000004,-0.4833931077498743,0.5245346869712231,-0.004845652310674016,0.0,0.03404759322469321,0.04020812900218159,451888.0,60684.0,9374.0,6881.0,467.0,15968.0,91.2,9201.0,4524.0,1511.0,-2191.0,-990.0,6414.0,2116.10009765625,12.86,104.8424,2.16,0.13,0.37044516878821376,1,1,1,1
2015-05-15,64.69,59.73,4.960000000000001,1.3632090253838935,0.5386298602928719,0.013540009205796623,1.0,0.013305969912632092,0.040252680188319616,449214.0,60443.0,9262.0,7199.0,467.0,16213.0,92.4,9261.0,4161.0,1662.0,-2674.0,-241.0,6732.0,2122.72998046875,12.38,104.0202,2.14,0.13,0.3133066729614109,1,1,1,1
2015-05-22,64.7,58.88,5.82,0.015458339774321317,-1.4230704838439578,0.0001545714509609512,1.0,0.010955421738092403,0.04015115737240404,446412.0,60010.0,9566.0,6696.0,441.0,16450.0,93.6,9734.0,3955.0,1440.0,-2802.0,-433.0,6255.0,2126.06005859375,12.13,105.8487,2.21,0.13,0.1568771419653059,1,1,1,1
2015-05-29,63.16,60.25,2.9099999999999966,-2.3802163833075873,2.326766304347827,-0.02409001211941368,0.0,0.015589442081202873,0.038220510365640684,444464.0,59027.0,9586.0,7373.0,441.0,16407.0,93.2,8978.0,3523.0,1729.0,-1948.0,-983.0,6932.0,2107.389892578125,13.84,106.7388,2.12,0.08,-0.8781579777183746,1,1,1,1
2015-06-05,60.36,59.11,1.25,-4.433185560481312,-1.8921161825726118,-0.045344555487793134,0.0,0.026096465926867728,0.032850164211578825,438447.0,58003.0,9610.0,6623.0,441.0,16576.0,94.6,9600.0,4115.0,1535.0,-6017.0,-1024.0,6182.0,2092.830078125,14.21,107.1336,2.41,0.13,-0.6908932468738804,1,1,1,1
2015-06-12,63.19,59.96,3.229999999999997,4.68853545394301,1.4379969548299787,0.04581942688571576,1.0,0.03915057083936165,0.03349957824456334,435771.0,58115.0,9589.0,7067.0,441.0,16282.0,93.1,9176.0,4117.0,1494.0,-2676.0,112.0,6626.0,2094.110107421875,13.78,105.9015,2.39,0.13,0.06116260035893273,1,1,1,1
2015-06-19,59.41,59.62,-0.21000000000000085,-5.98195917075487,-0.5670446964643139,-0.06168349841771385,0.0,0.04733485957773807,0.03801007790514407,430837.0,56245.0,9604.0,6765.0,571.0,16532.0,94.0,9655.0,3608.0,1748.0,-4934.0,-1870.0,6194.0,2109.989990234375,13.96,105.4496,2.26,0.13,0.7583117409260876,1,1,1,1
2015-06-26,60.14,59.41,0.730000000000004,1.2287493687931361,-0.35223079503522436,0.012212615192732978,1.0,0.05003131767761596,0.03767946921427209,433223.0,56368.0,9595.0,7513.0,571.0,16531.0,95.0,9731.0,3904.0,1543.0,2386.0,123.0,6942.0,2101.489990234375,14.02,106.4116,2.49,0.13,-0.402845512980643,1,1,1,1
2015-07-03,59.06,56.93,2.1300000000000026,-1.7958097771865633,-4.174381417269812,-0.018121301244606387,0.0,0.04569204942739164,0.03805390122495169,433714.0,56667.0,9604.0,7316.0,571.0,16596.0,94.7,9532.0,3794.0,1509.0,491.0,299.0,6745.0,2076.780029296875,16.79,106.9106,2.4,0.13,-1.1758305322569829,1,1,1,1
2015-07-10,57.72,52.74,4.979999999999997,-2.268879105993915,-7.359915685930085,-0.022950142410106594,0.0,0.030329382360666388,0.030884956137965384,429368.0,57105.0,9562.0,7354.0,571.0,16825.0,95.3,9404.0,3465.0,1553.0,-4346.0,438.0,6783.0,2076.6201171875,16.83,107.213,2.42,0.13,-0.007700002268851147,1,1,1,1
2015-07-17,56.38,50.88,5.5,-2.3215523215523115,-3.526734926052333,-0.02348924821970353,0.0,0.0170382223656765,0.029583734586305446,431836.0,57918.0,9558.0,7941.0,571.0,16870.0,95.5,9749.0,4004.0,1713.0,2468.0,813.0,7370.0,2126.639892578125,11.95,108.5374,2.34,0.13,2.408710913307055,1,1,1,1
2015-07-24,54.29,47.98,6.310000000000002,-3.7069882937211807,-5.699685534591204,-0.037774437768606804,0.0,0.008477889602559418,0.029260998945481505,427633.0,57706.0,9413.0,7545.0,571.0,16762.0,95.1,9339.0,3628.0,1711.0,-4203.0,-212.0,6974.0,2079.64990234375,13.74,109.0174,2.27,0.13,-2.209588487377101,1,1,1,1
2015-07-31,53.29,47.11,6.18,-1.841959845275376,-1.8132555231346381,-0.01859135160866886,0.0,0.008342143267174727,0.0291439541312553,423226.0,57164.0,9465.0,7180.0,576.0,17075.0,96.1,9687.0,3780.0,1730.0,-4407.0,-542.0,6604.0,2103.840087890625,12.12,108.7819,2.2,0.08,1.1631854726900315,1,1,1,1
2015-08-07,47.54,43.87,3.6700000000000017,-10.790016888722088,-6.877520696242845,-0.11417723437664302,0.0,0.044529396632583505,0.03931063598023636,421822.0,57113.0,9395.0,7573.0,576.0,17029.0,96.1,9686.0,3545.0,1485.0,-1404.0,-51.0,6997.0,2077.570068359375,13.39,109.4376,2.18,0.14,-1.2486699765089648,1,1,1,1
2015-08-14,47.79,42.45,5.339999999999996,0.5258729490954961,-3.2368361066788087,0.005244950658018959,1.0,0.051657957174640896,0.03964071525711556,424442.0,57439.0,9348.0,8038.0,576.0,16775.0,95.1,9705.0,3895.0,1772.0,2620.0,326.0,7462.0,2091.5400390625,12.83,109.9174,2.2,0.14,0.6724187509187907,1,1,1,1
2015-08-21,43.84,40.45,3.3900000000000006,-8.265327474367012,-4.7114252061248525,-0.08626976995030665,0.0,0.05605103889662217,0.04336493636456414,418990.0,57695.0,9337.0,7199.0,477.0,16658.0,94.5,9189.0,3601.0,1680.0,-5452.0,256.0,6722.0,1970.8900146484375,28.03,110.1443,2.05,0.15,-5.76847787566821,1,1,1,1
2015-08-28,47.97,45.29,2.6799999999999997,9.420620437956195,11.965389369592083,0.09002917287421237,1.0,0.09281943370389016,0.055140887893918515,423657.0,57307.0,9218.0,7855.0,477.0,16389.0,92.8,9438.0,3761.0,1488.0,4667.0,-388.0,7378.0,1988.8699951171875,26.05,110.6714,2.19,0.14,0.9122772115701894,1,1,1,1
2015-09-04,48.59,46.02,2.5700000000000003,1.2924744632061724,1.6118348421285233,0.012841932903839089,1.0,0.07215916404149209,0.052360458789728975,426062.0,56410.0,9135.0,7459.0,477.0,16110.0,90.9,9017.0,3565.0,1680.0,2405.0,-897.0,6982.0,1921.219970703125,27.8,111.1018,2.13,0.14,-3.40143018800364,1,1,1,1
2015-09-11,46.87,44.75,2.1199999999999974,-3.539823008849574,-2.7596697088222544,-0.03603993648319704,0.0,0.07509339216214411,0.05109696611287687,423958.0,54504.0,9117.0,7189.0,477.0,16513.0,93.1,8983.0,3482.0,1802.0,-2104.0,-1906.0,6712.0,1961.050048828125,23.2,110.6109,2.2,0.14,2.0731659431180605,1,1,1,1
2015-09-18,47.28,44.71,2.5700000000000003,0.8747599743972767,-0.08938547486033732,0.008709561163228078,1.0,0.05233959685539314,0.05090737146164354,422033.0,54042.0,9136.0,7176.0,477.0,16203.0,90.9,9215.0,4322.0,1375.0,-1925.0,-462.0,6699.0,1958.030029296875,22.28,109.8165,2.13,0.14,-0.1540001252418155,1,1,1,1
2015-09-25,47.28,45.55,1.730000000000004,0.0,1.8787743234175647,0.0,0.0,0.022264845063943453,0.05123745595355241,425988.0,52974.0,9096.0,7554.0,526.0,15962.0,89.8,9021.0,3762.0,1605.0,3955.0,-1068.0,7028.0,1931.3399658203125,23.62,111.3725,2.17,0.13,-1.3631079747100094,1,1,1,1
2015-10-02,46.55,45.54,1.009999999999998,-1.5439932318105032,-0.02195389681668436,-0.015560369374766809,0.0,0.019638012266442406,0.05122402429017162,429028.0,53072.0,9172.0,7068.0,526.0,15559.0,87.5,8958.0,4191.0,1420.0,3040.0,98.0,6542.0,1951.3599853515625,20.94,110.7006,1.99,0.13,1.036587026911473,1,1,1,1
2015-10-09,52.08,49.67,2.4099999999999966,11.879699248120312,9.0689503732982,0.11225399417723783,1.0,0.058142018244262884,0.06341957794545842,436590.0,54197.0,9096.0,7315.0,526.0,15267.0,86.0,9137.0,3618.0,1620.0,7562.0,1125.0,6789.0,2014.8900146484375,17.08,109.0782,2.12,0.13,3.255679616973861,1,1,1,1
2015-10-16,48.96,47.3,1.6600000000000037,-5.990783410138246,-4.771491846184828,-0.06177735969624312,0.0,0.07383481582248182,0.06485411691065442,444618.0,54119.0,9096.0,7471.0,526.0,15345.0,86.4,9157.0,3819.0,1491.0,8028.0,-78.0,6945.0,2033.1099853515625,15.05,108.9956,2.04,0.13,0.9042662661814749,1,1,1,1
2015-10-23,46.3,43.91,2.3900000000000006,-5.433006535947715,-7.1670190274841445,-0.05586167711188228,0.0,0.08097402026492218,0.06625286033619429,447994.0,53334.0,9112.0,7032.0,504.0,15616.0,87.6,9343.0,4261.0,1644.0,3376.0,-785.0,6528.0,2075.14990234375,14.46,110.4329,2.09,0.12,2.067764031217334,1,1,1,1
2015-10-30,48.0,46.6,1.3999999999999986,3.6717062634989306,6.1261671601002154,0.03605904981570264,1.0,0.08287130533534581,0.05892018065166727,450841.0,53122.0,9160.0,6943.0,504.0,15637.0,88.7,9184.0,4006.0,1542.0,2847.0,-212.0,6439.0,2079.360107421875,15.07,110.2079,2.16,0.07,0.20288679258158027,1,1,1,1
2015-11-06,46.09,44.32,1.7700000000000031,-3.979166666666656,-4.892703862660952,-0.040605004175473906,0.0,0.04529053455862512,0.06008109844407288,454822.0,55359.0,9185.0,7377.0,504.0,15939.0,89.5,9388.0,3813.0,1776.0,3981.0,2237.0,6873.0,2099.199951171875,14.33,111.7603,2.34,0.12,0.9541321716803886,1,1,1,1
2015-11-13,41.98,40.69,1.2899999999999991,-8.917335647645919,-8.190433212996396,-0.09340269233993007,0.0,0.054403453983625505,0.06100775851006292,455074.0,56854.0,9182.0,6968.0,504.0,16076.0,90.3,9054.0,4157.0,1519.0,252.0,1495.0,6464.0,2023.0400390625,20.08,112.0264,2.28,0.12,-3.6280446780145414,1,1,1,1
2015-11-20,42.49,39.39,3.1000000000000014,1.2148642210576543,-3.194888178913735,0.012075439734233348,1.0,0.05766382083591872,0.053862045319765135,456035.0,58598.0,9165.0,7333.0,445.0,16380.0,92.0,8921.0,3700.0,1560.0,961.0,1744.0,6888.0,2089.169921875,15.47,111.7799,2.26,0.12,3.2688370736915884,1,1,1,1
2015-11-27,43.07,40.57,2.5,1.365027065191815,2.9956841838030046,0.013557944939299064,1.0,0.05087964736968429,0.0538901705602463,457212.0,59026.0,9202.0,7747.0,445.0,16803.0,94.5,9281.0,3646.0,1545.0,1177.0,428.0,7302.0,2090.110107421875,15.12,112.2824,2.22,0.12,0.04500282801465083,1,1,1,1
2015-12-04,41.44,40.0,1.4399999999999977,-3.7845368005572366,-1.4049790485580527,-0.03858010111479163,0.0,0.05071019643391993,0.05400640641348204,453553.0,59449.0,9164.0,8021.0,445.0,16652.0,93.1,9420.0,3268.0,1786.0,-3659.0,423.0,7576.0,2091.68994140625,14.81,111.5463,2.28,0.13,0.07558616068910062,1,1,1,1
2015-12-11,36.99,35.65,1.3400000000000034,-10.738416988416976,-10.875000000000002,-0.11359899210686486,0.0,0.05977551125527517,0.06116733422021675,458354.0,60056.0,9176.0,8312.0,445.0,16611.0,91.9,9220.0,3521.0,1613.0,4801.0,607.0,7867.0,2012.3699951171875,24.39,112.7147,2.13,0.14,-3.792146470606228,1,1,1,1
2015-12-18,36.76,34.72,2.039999999999999,-0.6217896728845762,-2.608695652173909,-0.00623730835687645,0.0,0.05588644433510909,0.06100401275477225,452477.0,62101.0,9179.0,7326.0,500.0,16468.0,91.3,9185.0,3995.0,1506.0,-5877.0,2045.0,6826.0,2005.550048828125,20.7,113.2837,2.19,0.37,-0.3389012112887002,1,1,1,1
2015-12-25,37.22,37.62,-0.3999999999999986,1.2513601741022784,8.35253456221199,0.012435953726618333,1.0,0.05555519592138698,0.061760487336238734,455106.0,62993.0,9202.0,7892.0,500.0,16682.0,92.6,9395.0,3633.0,1396.0,2629.0,892.0,7392.0,2060.989990234375,15.74,113.0496,2.25,0.36,2.764325998179129,1,1,1,1
2016-01-01,36.61,37.13,-0.5200000000000031,-1.6389038151531365,-1.302498670919705,-0.01652482408195979,0.0,0.05636782707842577,0.04616881788417631,450956.0,63910.0,9219.0,7510.0,500.0,16617.0,92.5,8159.0,3034.0,1700.0,-4150.0,917.0,7010.0,2043.93994140625,18.21,113.3429,2.27,0.2,-0.8272747033665206,1,1,1,1
2016-01-08,31.67,33.2,-1.5300000000000011,-13.493580988800868,-10.584433072986798,-0.14495156658159636,0.0,0.07176301015645269,0.05655186818116746,451190.0,64007.0,9227.0,8188.0,500.0,16423.0,91.2,8500.0,2832.0,1488.0,234.0,97.0,7688.0,1922.030029296875,27.01,115.0095,2.13,0.36,-5.964456667229657,1,1,1,1
2016-01-15,28.8,29.45,-0.6499999999999986,-9.062203978528583,-11.295180722891573,-0.09499447340864825,0.0,0.07205176385032992,0.05886332303969554,455169.0,64198.0,9235.0,7779.0,500.0,16190.0,90.6,9079.0,3678.0,1454.0,3979.0,191.0,7279.0,1880.3299560546875,27.02,115.7404,2.03,0.36,-2.1695848975597065,1,1,1,1
2016-01-22,30.46,32.07,-1.6099999999999994,5.7638888888888795,8.896434634974536,0.05603896032511542,1.0,0.08832724099993985,0.06142372061849421,463552.0,63427.0,9221.0,7609.0,399.0,15639.0,87.4,8941.0,4005.0,1894.0,8383.0,-771.0,7210.0,1906.9000244140625,22.34,115.9833,2.07,0.38,1.4130535055200788,1,1,1,1
2016-01-29,33.14,33.66,-0.519999999999996,8.798424162836515,4.957904583723094,0.08432666453140118,1.0,0.11226040157954971,0.07079593634252801,471344.0,64174.0,9214.0,8256.0,399.0,15615.0,86.6,8341.0,3524.0,1340.0,7792.0,747.0,7857.0,1940.239990234375,20.2,115.5731,1.94,0.29,1.7483856202978876,1,1,1,1
2016-02-05,32.35,30.86,1.490000000000002,-2.3838261919130965,-8.318478906714189,-0.02412699105150729,0.0,0.08112661814094611,0.0676886735777167,470676.0,64697.0,9186.0,7124.0,399.0,15510.0,86.1,9122.0,3162.0,1616.0,-668.0,523.0,6725.0,1880.050048828125,23.38,114.2935,1.86,0.38,-3.1021905387579984,1,1,1,1
2016-02-12,31.8,29.32,2.4800000000000004,-1.7001545595054068,-4.990278677900195,-0.017147731160778393,0.0,0.05376726407942871,0.06688336201806248,472823.0,64733.0,9135.0,7919.0,399.0,15848.0,88.3,9203.0,3482.0,1537.0,2147.0,36.0,7520.0,1864.780029296875,25.4,114.2992,1.74,0.38,-0.8122134589325536,1,1,1,1
2016-02-19,31.66,29.59,2.0700000000000003,-0.4402515723270439,0.9208731241473478,-0.00441223533326506,0.0,0.05044255417073085,0.06615958496491803,476325.0,65066.0,9102.0,7802.0,399.0,15685.0,87.3,9576.0,3704.0,1490.0,3502.0,333.0,7403.0,1917.780029296875,20.53,113.9558,1.76,0.38,2.842158279654239,1,1,1,1
2016-02-26,35.76,31.65,4.109999999999999,12.950094756790897,6.961811422777964,0.12177589585244725,1.0,0.06898698278007807,0.07837650187981826,486699.0,66256.0,9077.0,8292.0,387.0,15852.0,88.3,9121.0,3364.0,1634.0,10374.0,1190.0,7905.0,1948.050048828125,19.81,114.3708,1.76,0.37,1.5783885048770818,1,1,1,1
2016-03-04,37.61,35.91,1.7000000000000028,5.17337807606264,13.45971563981041,0.05044002217693164,1.0,0.06327920463896372,0.07323626053158086,490843.0,66946.0,9078.0,8048.0,387.0,15911.0,89.1,9411.0,3706.0,1581.0,4144.0,690.0,7661.0,1999.989990234375,16.86,112.6387,1.88,0.36,2.666252924943846,1,1,1,1
2016-03-11,39.41,38.51,0.8999999999999986,4.7859611805370905,7.240323029796714,0.04674961872466729,1.0,0.05186610817535913,0.07432417244147978,492160.0,67491.0,9068.0,7693.0,387.0,15996.0,89.0,9458.0,3870.0,1364.0,1317.0,545.0,7306.0,2022.18994140625,16.5,111.741,1.98,0.36,1.1100031140292677,1,1,1,1
2016-03-18,39.26,39.47,-0.21000000000000085,-0.38061405734585163,2.492858997662939,-0.003813402358597316,0.0,0.05164308053875312,0.07434031821068578,501517.0,66233.0,9038.0,8384.0,387.0,15820.0,88.4,9503.0,3373.0,1576.0,9357.0,-1258.0,7997.0,2049.580078125,14.02,110.4002,1.88,0.37,1.3544789318703954,1,1,1,1
2016-03-25,38.33,38.14,0.18999999999999773,-2.368823229750383,-3.3696478337978175,-0.023973309455851296,0.0,0.03703508539415333,0.07456210360963016,503816.0,65961.0,9022.0,7748.0,387.0,16234.0,90.4,9244.0,3848.0,1496.0,2299.0,-272.0,7361.0,2035.93994140625,14.74,111.7698,1.91,0.37,-0.6655088456572145,1,1,1,1
2016-04-01,36.42,35.36,1.0600000000000023,-4.983042003652482,-7.288935500786575,-0.05111480509300173,0.0,0.04134842042618996,0.061277712397774964,498598.0,66318.0,9008.0,7254.0,339.0,16433.0,91.4,9224.0,3609.0,1468.0,-5218.0,357.0,6915.0,2072.780029296875,13.1,110.2977,1.79,0.37,1.8094879490982985,1,1,1,1
2016-04-08,40.71,39.74,0.9699999999999989,11.779242174629312,12.386877828054299,0.11135568821542546,1.0,0.07150467558749644,0.05746630175208288,505232.0,64551.0,8977.0,7940.0,339.0,15941.0,89.2,9633.0,3853.0,1696.0,6634.0,-1767.0,7601.0,2047.5999755859375,15.36,110.4213,1.72,0.37,-1.2147962328389994,1,1,1,1
2016-04-15,41.32,40.4,0.9200000000000017,1.4984033407025255,1.6607951685958744,0.014872881736550287,1.0,0.07107483903213649,0.05692126677898801,507312.0,64303.0,8953.0,8187.0,339.0,16104.0,89.4,9444.0,4276.0,1571.0,2080.0,-248.0,7848.0,2080.72998046875,13.62,110.1933,1.76,0.37,1.6179920530294156,1,1,1,1
2016-04-22,43.97,42.76,1.2100000000000009,6.4133591481122965,5.841584158415847,0.062160938941280976,1.0,0.06925053901830112,0.055168252586405835,509311.0,66049.0,8938.0,7550.0,390.0,15847.0,88.1,9315.0,4122.0,1590.0,1999.0,1746.0,7160.0,2091.580078125,13.22,110.2331,1.89,0.37,0.5214563041863629,1,1,1,1
2016-04-29,45.64,45.98,-0.3399999999999963,3.798044120991584,7.530402245088874,0.03727694180115613,1.0,0.04140655297146184,0.053153570148414084,512095.0,66292.0,8825.0,7660.0,390.0,15986.0,89.7,9502.0,3946.0,1786.0,2784.0,243.0,7270.0,2065.300048828125,15.7,108.8274,1.83,0.3,-1.256467757162505,1,1,1,1
2016-05-06,44.6,44.58,0.020000000000003126,-2.2787028921998242,-3.0448020878642845,-0.0230506659678565,0.0,0.036166223786908924,0.053641325391269166,508487.0,67812.0,8802.0,7655.0,390.0,16179.0,89.1,9658.0,4014.0,1431.0,-3608.0,1520.0,7265.0,2057.139892578125,14.72,110.3801,1.79,0.37,-0.39510754161993233,1,1,1,1
2016-05-13,47.05,46.22,0.8299999999999983,5.493273542600896,3.6787797218483576,0.05347700700537025,1.0,0.03842090219006012,0.053042601144527655,509797.0,68273.0,8791.0,7677.0,390.0,16371.0,90.5,9755.0,4326.0,1706.0,1310.0,461.0,7287.0,2046.6099853515625,15.04,111.2521,1.71,0.37,-0.5118712278417648,1,1,1,1
2016-05-20,48.54,47.67,0.8699999999999974,3.16684378320935,3.137170056252714,0.03117733426706666,1.0,0.033208311871470254,0.04511522103665846,505571.0,67624.0,8767.0,7315.0,390.0,16279.0,89.7,9516.0,4088.0,1534.0,-4226.0,-649.0,6925.0,2052.320068359375,15.2,112.1822,1.85,0.37,0.2790020105775781,1,1,1,1
2016-05-27,49.09,49.36,-0.269999999999996,1.1330861145447235,3.5452066289070716,0.01126714777150598,1.0,0.032468236050910426,0.04455744398618574,504205.0,66920.0,8735.0,7839.0,489.0,16206.0,89.8,9716.0,3827.0,1775.0,-1366.0,-704.0,7350.0,2099.06005859375,13.12,112.0822,1.85,0.37,2.277422072461577,1,1,1,1
2016-06-03,48.5,48.69,-0.18999999999999773,-1.201874108779799,-1.3573743922204229,-0.01209155012652368,0.0,0.027976811760786625,0.04484679331334588,501844.0,65557.0,8745.0,7705.0,489.0,16417.0,90.9,9568.0,3576.0,1367.0,-2361.0,-1363.0,7216.0,2099.1298828125,13.47,111.4451,1.71,0.37,0.003326451687946097,1,1,1,1
2016-06-10,49.7,49.09,0.6099999999999994,2.4742268041237248,0.8215239268843932,0.02444113515914566,1.0,0.019078364855551196,0.04437704135010238,500911.0,66461.0,8716.0,7622.0,489.0,16317.0,90.2,9762.0,3817.0,1853.0,-933.0,904.0,7133.0,2096.070068359375,17.03,111.1027,1.64,0.37,-0.14576584699110828,1,1,1,1
2016-06-17,46.57,48.0,-1.4299999999999997,-6.297786720321941,-2.220411489101659,-0.06504837610829729,0.0,0.039465889317402365,0.04935286325060501,499994.0,65181.0,8677.0,8439.0,489.0,16505.0,91.3,9815.0,3902.0,1677.0,-917.0,-1280.0,7950.0,2071.219970703125,19.41,111.5332,1.62,0.38,-1.1855566295882691,1,1,1,1
2016-06-24,46.69,46.7,-0.010000000000005116,0.2576766158471022,-2.7083333333333237,0.0025734519885597163,1.0,0.03809353032184614,0.044928283614445286,495941.0,64230.0,8622.0,7555.0,598.0,16695.0,93.0,9709.0,3998.0,1878.0,-4053.0,-951.0,6957.0,2037.4100341796875,25.76,112.1355,1.57,0.4,-1.6323682178460253,1,1,1,1
2016-07-01,47.65,49.02,-1.3700000000000045,2.056114799742992,4.967880085653098,0.020352621117365525,1.0,0.04151849483304006,0.034766461612921684,493718.0,64148.0,8428.0,8363.0,598.0,16687.0,92.5,9755.0,3933.0,1624.0,-2223.0,-82.0,7765.0,2102.949951171875,14.77,111.6509,1.46,0.41,3.216825081485153,1,1,1,1
2016-07-08,44.53,45.37,-0.8399999999999963,-6.547743966421815,-7.44594043247655,-0.06771951076659999,0.0,0.04554034548714015,0.04184260783212847,491172.0,63916.0,8485.0,7841.0,598.0,16544.0,92.3,9671.0,3206.0,1627.0,-2546.0,-232.0,7243.0,2129.89990234375,13.2,112.3963,1.37,0.4,1.2815307923451646,1,1,1,1
2016-07-15,46.25,45.93,0.3200000000000003,3.862564563215809,1.234295790169715,0.03789834462482319,1.0,0.046300406507433355,0.0394099993090937,488830.0,64105.0,8494.0,8134.0,598.0,16863.0,93.2,9785.0,3920.0,1729.0,-2342.0,189.0,7536.0,2161.739990234375,12.67,112.2833,1.6,0.4,1.4949100591810982,1,1,1,1
2016-07-22,44.24,43.41,0.8300000000000054,-4.345945945945939,-5.4866100587851125,-0.04443210674435477,0.0,0.05061072974045414,0.04022816488755409,490501.0,65215.0,8515.0,8437.0,677.0,16586.0,92.4,9797.0,3856.0,1777.0,1671.0,1110.0,7760.0,2175.030029296875,12.02,112.989,1.57,0.4,0.6147843460609259,1,1,1,1
2016-07-29,40.76,41.54,-0.7800000000000011,-7.866184448462943,-4.307763188205483,-0.08192814885955545,0.0,0.053573909148759875,0.04611018751312603,491914.0,64092.0,8460.0,8738.0,677.0,16852.0,93.3,9752.0,3605.0,1766.0,1413.0,-1123.0,8061.0,2173.60009765625,11.87,111.874,1.46,0.3,-0.06574307579041427,1,1,1,1
2016-08-05,42.47,41.83,0.6400000000000006,4.195289499509336,0.6981222917669783,0.04109673597065586,1.0,0.06123940715787528,0.04473990563432622,492969.0,65255.0,8445.0,8404.0,677.0,16597.0,92.2,9769.0,3937.0,1688.0,1055.0,1163.0,7727.0,2182.8701171875,11.39,112.3589,1.59,0.4,0.42648229272925775,1,1,1,1
2016-08-12,45.12,44.47,0.6499999999999986,6.2396986107840835,6.311259861343532,0.06052766286462367,1.0,0.06803432396487091,0.04780548769002505,490461.0,64531.0,8597.0,8193.0,677.0,16865.0,93.5,9762.0,3488.0,1870.0,-2508.0,-724.0,7516.0,2184.050048828125,11.55,111.1787,1.51,0.4,0.054054138692660736,1,1,1,1
2016-08-19,49.39,48.48,0.9100000000000037,9.463652482269502,9.017315043849772,0.09042236736273,1.0,0.07573955000129524,0.05529262564222756,492962.0,64906.0,8548.0,8642.0,677.0,16679.0,92.5,9659.0,3790.0,1659.0,2501.0,375.0,7965.0,2183.8701171875,11.34,110.8163,1.58,0.4,-0.008238439440599876,1,1,1,1
2016-08-26,49.66,47.64,2.019999999999996,0.5466693662684596,-1.732673267326723,0.0054518055274869245,1.0,0.035623236442349486,0.05516098252475971,495238.0,63867.0,8488.0,8917.0,698.0,16615.0,92.8,9511.0,3838.0,1846.0,2276.0,-1039.0,8219.0,2169.0400390625,13.65,111.2035,1.62,0.4,-0.6790732657718235,1,1,1,1
2016-09-02,45.96,44.39,1.5700000000000003,-7.450664518727335,-6.821998320738876,-0.0774283270994655,0.0,0.07372350765965643,0.059087274326164244,480725.0,63433.0,8458.0,7069.0,501.0,16930.0,93.7,9595.0,3688.0,1646.0,-14513.0,-434.0,6568.0,2179.97998046875,11.98,112.0009,1.6,0.4,0.5043678866794243,1,1,1,1
2016-09-09,48.37,45.88,2.489999999999995,5.24369016536117,3.356611849515656,0.051108333854336774,1.0,0.07211954971493031,0.058134114992959326,480166.0,62188.0,8493.0,8062.0,418.0,16730.0,92.9,9406.0,3276.0,1679.0,-559.0,-1245.0,7644.0,2127.81005859375,17.5,111.9879,1.67,0.4,-2.393137659171629,1,1,1,1
2016-09-16,45.26,43.04,2.219999999999999,-6.429605127144922,-6.19006102877071,-0.06645614662950049,0.0,0.06095617112003928,0.06151447658228478,473966.0,62714.0,8512.0,8309.0,588.0,16587.0,92.0,9650.0,3431.0,1690.0,-6200.0,526.0,7721.0,2139.159912109375,15.37,113.1765,1.7,0.4,0.533405388783903,1,1,1,1
2016-09-23,46.71,44.36,2.3500000000000014,3.2037118868758263,3.066914498141271,0.03153463430862531,1.0,0.06603138070041867,0.061976605030249925,472084.0,62083.0,8497.0,7835.0,507.0,16334.0,90.1,8880.0,3772.0,1506.0,-1882.0,-631.0,7328.0,2164.68994140625,12.29,112.7166,1.62,0.4,1.1934605333782766,1,1,1,1
2016-09-30,48.24,47.72,0.5200000000000031,3.2755298651252485,7.5743913435527555,0.032230277904913424,1.0,0.05315277135925693,0.058933215764871524,469108.0,62652.0,8467.0,7710.0,440.0,16032.0,88.3,9390.0,3875.0,1709.0,-2976.0,569.0,7270.0,2168.27001953125,13.29,112.2795,1.6,0.29,0.1653852617190088,1,1,1,1
2016-10-07,50.49,49.76,0.730000000000004,4.664179104477606,4.2749371332774455,0.04558674445189427,1.0,0.05185810278718899,0.0593439583532775,473958.0,61334.0,8450.0,7861.0,481.0,15552.0,85.5,9264.0,4266.0,1664.0,4850.0,-1318.0,7380.0,2153.739990234375,13.48,113.2915,1.73,0.4,-0.6701208413155246,1,1,1,1
2016-10-14,48.87,50.35,-1.480000000000004,-3.208556149732633,1.185691318327975,-0.03261158558876101,0.0,0.03513133042327943,0.0584991182000103,468711.0,59699.0,8464.0,6907.0,439.0,15370.0,85.0,8798.0,3987.0,1654.0,-5247.0,-1635.0,6468.0,2132.97998046875,16.12,113.7119,1.8,0.41,-0.9639051073832672,1,1,1,1
2016-10-21,50.28,50.61,-0.3299999999999983,2.8852056476365906,0.5163853028798293,0.028443672439983258,1.0,0.03480159133455604,0.0512518822922442,468158.0,58362.0,8504.0,7016.0,415.0,15552.0,85.6,9118.0,4166.0,1547.0,-553.0,-1337.0,6601.0,2141.159912109375,13.34,113.9015,1.74,0.41,0.3834978159910962,1,1,1,1
2016-10-28,47.78,48.72,-0.9399999999999977,-4.9721559268098625,-3.734439834024894,-0.051000241824383175,0.0,0.04665041298659559,0.054206277508190674,482578.0,58451.0,8522.0,8995.0,404.0,15448.0,85.2,9183.0,3863.0,1789.0,14420.0,89.0,8591.0,2126.409912109375,16.19,114.0931,1.86,0.41,-0.688878953719485,1,1,1,1
2016-11-04,43.06,44.07,-1.009999999999998,-9.878610297195479,-9.54433497536945,-0.10401264996144649,0.0,0.05464302904527029,0.06064138996021787,485010.0,58479.0,8692.0,7442.0,410.0,15817.0,87.1,9213.0,4043.0,1794.0,2432.0,28.0,7032.0,2085.179931640625,22.51,113.5828,1.79,0.41,-1.9389479062317916,1,1,1,1
2016-11-11,41.61,43.39,-1.7800000000000011,-3.3673943334881606,-1.5429997730882716,-0.034253968941367105,0.0,0.054577188261339456,0.053242068720833625,490284.0,59170.0,8681.0,8423.0,481.0,16126.0,89.2,9359.0,3944.0,1545.0,5274.0,691.0,7942.0,2164.449951171875,14.17,115.9375,2.15,0.41,3.8015913316833183,1,1,1,1
2016-11-18,44.41,45.69,-1.2800000000000011,6.7291516462388845,5.300760543904115,0.06512414630916098,1.0,0.07066656789248987,0.05784093436458368,489029.0,59083.0,8690.0,7578.0,469.0,16397.0,90.8,9024.0,4121.0,1919.0,-1255.0,-87.0,7109.0,2181.89990234375,12.85,117.5936,2.34,0.41,0.8062071919208602,1,1,1,1
2016-11-25,46.32,46.72,-0.3999999999999986,4.300833145687921,2.2543226088859836,0.04210916396072903,1.0,0.07695352558748376,0.0552800045296129,488145.0,61502.0,8699.0,7548.0,474.0,16283.0,89.8,9080.0,3841.0,1547.0,-884.0,2419.0,7074.0,2213.35009765625,12.34,118.02,2.36,0.41,1.441413296673999,1,1,1,1
2016-12-02,52.35,51.7,0.6499999999999986,13.018134715025909,10.659246575342474,0.12237810405180607,1.0,0.06486637031913461,0.06428844503630167,485756.0,65285.0,8697.0,8303.0,499.0,16417.0,90.4,8757.0,3704.0,1632.0,-2389.0,3783.0,7804.0,2191.949951171875,14.12,117.3116,2.4,0.41,-0.9668667648663365,1,1,1,1
2016-12-09,52.19,51.51,0.6799999999999997,-0.3056351480420272,-0.36750483558994906,-0.0030610316612240188,0.0,0.05218185322252897,0.060215989957200025,483193.0,66508.0,8796.0,7360.0,485.0,16474.0,90.5,8874.0,4030.0,1628.0,-2563.0,1223.0,6875.0,2259.530029296875,11.75,117.2834,2.47,0.41,3.0831031561131095,1,1,1,1
2016-12-16,54.15,51.93,2.219999999999999,3.7555087181452507,0.8153756552125913,0.036867067791677866,1.0,0.05256131031531158,0.060393694481998134,485449.0,66263.0,8786.0,8471.0,557.0,16658.0,91.5,9269.0,4549.0,1673.0,2256.0,-245.0,7914.0,2258.070068359375,12.2,118.3584,2.6,0.66,-0.06461347796091754,1,1,1,1
2016-12-23,53.93,52.01,1.9200000000000017,-0.406278855032316,0.15405353360291585,-0.004071064097863955,0.0,0.05937712112036215,0.060214442567835896,486063.0,66435.0,8766.0,8167.0,627.0,16557.0,91.0,9278.0,3967.0,1703.0,614.0,172.0,7540.0,2263.7900390625,11.44,118.7856,2.55,0.66,0.253312365425451,1,1,1,1
2016-12-30,54.96,53.75,1.2100000000000009,1.9098831819024609,3.345510478754088,0.018918738564958203,1.0,0.019589512036102902,0.05923730808352612,479012.0,67509.0,8770.0,7183.0,686.0,16689.0,92.0,8465.0,2792.0,1457.0,-7051.0,1074.0,6497.0,2238.830078125,14.04,118.3466,2.45,0.55,-1.1025740243930326,1,1,1,1
2017-01-06,55.9,53.98,1.9200000000000017,1.7103347889374065,0.42790697674417455,0.01695873224695955,1.0,0.016755695485277597,0.057932653558956757,483109.0,66930.0,8946.0,9052.0,727.0,17107.0,93.6,8470.0,3198.0,1689.0,4097.0,-579.0,8325.0,2276.97998046875,11.32,118.3495,2.42,0.66,1.7040106221772877,1,1,1,1
2017-01-13,54.37,52.36,2.009999999999998,-2.737030411449015,-3.001111522786215,-0.02775184900322417,0.0,0.02181854024098448,0.05867852558456799,485456.0,65656.0,8944.0,8378.0,704.0,16468.0,90.7,8069.0,4095.0,1705.0,2347.0,-1274.0,7674.0,2274.639892578125,11.23,117.9884,2.4,0.66,-0.10277156192401993,1,1,1,1
2017-01-20,55.04,52.33,2.710000000000001,1.2322972227331253,-0.057295645530941464,0.012247662467258929,1.0,0.02207502321082797,0.05581308105540616,488296.0,65372.0,8961.0,7810.0,599.0,16047.0,88.3,8039.0,3645.0,1460.0,2840.0,-284.0,7211.0,2271.31005859375,11.54,118.3182,2.48,0.66,-0.14638950082779267,1,1,1,1
2017-01-27,54.8,53.18,1.6199999999999974,-0.43604651162790775,1.6243072807185177,-0.004369999671118379,0.0,0.020205122185648152,0.04294822614987046,494762.0,64127.0,8915.0,8290.0,549.0,15947.0,88.2,8310.0,3809.0,1709.0,6466.0,-1245.0,7741.0,2294.68994140625,10.58,117.0735,2.49,0.66,1.0293567240650336,1,1,1,1
2017-02-03,55.92,53.81,2.1099999999999994,2.0437956204379715,1.1846558856713152,0.020231903971585117,1.0,0.021201927616382194,0.03941535174089932,508592.0,65270.0,8978.0,9372.0,567.0,15893.0,87.7,8941.0,3910.0,1834.0,13830.0,1143.0,8805.0,2297.419921875,10.97,115.6259,2.49,0.66,0.11896947031881933,1,1,1,1
2017-02-10,55.2,53.84,1.3599999999999994,-1.2875536480686622,0.055751719011332135,-0.012959144642505117,0.0,0.01515462172160922,0.038558850893154945,518119.0,64568.0,8977.0,8491.0,1026.0,15458.0,85.4,8433.0,3853.0,1173.0,9527.0,-702.0,7465.0,2316.10009765625,10.85,116.148,2.41,0.66,0.8130936623029106,1,1,1,1
2017-02-17,54.48,53.41,1.0700000000000003,-1.3043478260869712,-0.7986627043090722,-0.013129291441792848,0.0,0.015733182248446647,0.038732105200056,518683.0,63040.0,9001.0,7286.0,1211.0,15271.0,84.3,8663.0,4292.0,1415.0,564.0,-1528.0,6075.0,2351.159912109375,11.49,116.4035,2.42,0.66,1.5137434901282276,1,1,1,1
2017-02-24,54.69,53.99,0.6999999999999957,0.38546255506608507,1.0859389627410732,0.003847215517424492,1.0,0.01595242291823668,0.018027770839371373,520184.0,63535.0,9032.0,7589.0,721.0,15664.0,86.0,8686.0,3813.0,1562.0,1501.0,495.0,6868.0,2367.340087890625,11.47,115.8143,2.31,0.66,0.6881784474937591,1,1,1,1
2017-03-03,54.12,53.33,0.7899999999999991,-1.042238069116841,-1.222448601592896,-0.010477074056094077,0.0,0.008108969743119608,0.01840175643845882,528393.0,64402.0,9088.0,8150.0,897.0,15492.0,85.9,9268.0,4091.0,1610.0,8209.0,867.0,7253.0,2383.1201171875,10.96,116.6438,2.49,0.66,0.6665721320562534,1,1,1,1
2017-03-10,50.63,48.05,2.5800000000000054,-6.44863266814485,-9.900618788674297,-0.06665951732076933,0.0,0.030948307313355343,0.024388137637182793,528156.0,66532.0,9109.0,7405.0,717.0,15472.0,85.1,9254.0,4409.0,1820.0,-237.0,2130.0,6688.0,2372.60009765625,11.66,116.616,2.58,0.66,-0.44143891259940116,1,1,1,1
2017-03-17,50.58,48.34,2.239999999999995,-0.09875567845152311,0.6035379812695307,-0.0009880447399988365,0.0,0.032607534032971355,0.024421937356939857,533110.0,67951.0,9129.0,8307.0,550.0,15801.0,87.4,9200.0,4012.0,1580.0,4954.0,1419.0,7757.0,2378.25,11.28,115.2783,2.5,0.91,0.23813125310629957,1,1,1,1
2017-03-24,49.97,47.3,2.6700000000000017,-1.2060102807433748,-2.151427389325622,-0.012133415885705425,0.0,0.029803955866372425,0.023233577033024658,533977.0,67731.0,9147.0,8224.0,1010.0,16226.0,89.3,9524.0,4222.0,1733.0,867.0,-220.0,7214.0,2343.97998046875,12.96,114.6372,2.4,0.91,-1.440976328445287,1,1,1,1
2017-03-31,52.2,50.54,1.6600000000000037,4.462677606563936,6.8498942917547545,0.04365966953247937,1.0,0.04535661207292816,0.026833705097420148,535543.0,69144.0,9199.0,7850.0,575.0,16429.0,90.8,9245.0,4098.0,1649.0,1566.0,1413.0,7275.0,2362.719970703125,12.37,114.7938,2.4,0.82,0.7994944662721659,1,1,1,1
2017-04-07,54.24,52.25,1.990000000000002,3.9080459770114873,3.383458646616533,0.03833614874354703,1.0,0.027917161819690086,0.02862033080926082,533377.0,69420.0,9235.0,7878.0,689.0,16697.0,91.0,9275.0,4635.0,1497.0,-2166.0,276.0,7189.0,2355.5400390625,12.87,115.0547,2.38,0.91,-0.3038841559581118,1,1,1,1
2017-04-14,55.05,53.19,1.8599999999999994,1.4933628318583914,1.7990430622009557,0.014823219536548684,1.0,0.025494189026597863,0.02873160138762132,532343.0,68642.0,9252.0,7810.0,565.0,16938.0,92.9,9223.0,4177.0,1807.0,-1034.0,-778.0,7245.0,2328.949951171875,15.96,114.5368,2.24,0.91,-1.1288319217536147,1,1,1,1
2017-04-21,49.93,49.64,0.28999999999999915,-9.300635785649403,-6.674186877232557,-0.09761983865617098,0.0,0.06614385197018309,0.04030484500553264,528702.0,67439.0,9265.0,8912.0,1152.0,17285.0,94.1,9206.0,3667.0,1431.0,-3641.0,-1203.0,7760.0,2348.68994140625,14.63,114.8128,2.24,0.91,0.8475918610634903,1,1,1,1
2017-04-28,49.46,49.31,0.14999999999999858,-0.9413178449829696,-0.6647864625302091,-0.009457762419247702,0.0,0.05939044914857727,0.039330096807618786,527772.0,66711.0,9293.0,8264.0,538.0,17177.0,93.3,9156.0,4256.0,1899.0,-930.0,-728.0,7726.0,2384.199951171875,10.82,114.7877,2.29,0.83,1.5119070908254484,1,1,1,1
2017-05-05,47.45,46.23,1.220000000000006,-4.063890012131011,-6.246197525856834,-0.04148773703733323,0.0,0.048608311226341544,0.04035885220706169,522525.0,66273.0,9314.0,7620.0,693.0,16759.0,91.5,9408.0,4139.0,1670.0,-5247.0,-438.0,6927.0,2399.2900390625,10.57,114.7725,2.36,0.91,0.6329204009591471,1,1,1,1
2017-05-12,49.08,47.83,1.25,3.4351949420442507,3.4609560891196267,0.033775094786773756,1.0,0.05533796626446428,0.04251728659823273,520772.0,66308.0,9305.0,8590.0,1086.0,17122.0,93.4,9452.0,4215.0,1910.0,-1753.0,35.0,7504.0,2390.89990234375,10.4,114.7479,2.33,0.91,-0.34969247494681666,1,1,1,1
2017-05-19,52.78,50.32,2.460000000000001,7.538712306438478,5.205937696006702,0.07268071123246742,1.0,0.04987843847428998,0.04857539619470826,516340.0,65567.0,9320.0,8294.0,625.0,17281.0,93.5,9704.0,4359.0,1647.0,-4432.0,-741.0,7669.0,2381.72998046875,12.04,113.7001,2.23,0.91,-0.38353432805827703,1,1,1,1
2017-05-26,50.84,49.58,1.2600000000000051,-3.675634710117459,-1.4705882352941235,-0.03744888475392461,0.0,0.05584970227244157,0.04956858013343025,509912.0,64820.0,9342.0,7985.0,1303.0,17510.0,95.0,9822.0,4025.0,1603.0,-6428.0,-747.0,6682.0,2415.820068359375,9.81,113.4839,2.25,0.91,1.4313162352650677,1,1,1,1
2017-06-02,48.46,47.68,0.7800000000000011,-4.68135326514556,-3.8321903993545736,-0.047944730932873686,0.0,0.057773855220884726,0.04771936306775367,513207.0,63376.0,9318.0,8341.0,557.0,17227.0,94.1,9317.0,3505.0,1557.0,3295.0,-1444.0,7784.0,2439.070068359375,9.75,113.1908,2.15,0.91,0.9624061122974981,1,1,1,1
2017-06-09,46.64,45.82,0.8200000000000003,-3.755674783326457,-3.901006711409394,-0.03828017334614276,0.0,0.05715155335980281,0.04873373863968409,511546.0,62220.0,9330.0,8025.0,722.0,17256.0,94.4,9269.0,4045.0,1897.0,-1661.0,-1156.0,7303.0,2431.77001953125,10.7,112.9562,2.21,0.91,-0.29929639672202635,1,1,1,1
2017-06-16,45.7,44.73,0.970000000000006,-2.0154373927958824,-2.378873854212138,-0.020360244142077915,0.0,0.01146846005803958,0.04887389492927317,509095.0,61140.0,9350.0,7876.0,517.0,17152.0,94.0,9816.0,4158.0,2030.0,-2451.0,-1080.0,7359.0,2433.14990234375,10.38,112.6155,2.16,1.16,0.056743968443440096,1,1,1,1
2017-06-23,44.14,42.86,1.2800000000000011,-3.413566739606133,-4.180639391906993,-0.034731897071568735,0.0,0.01143512534048241,0.04660883663275362,509213.0,60843.0,9250.0,8016.0,528.0,16890.0,92.5,9538.0,4029.0,1568.0,118.0,-297.0,7488.0,2438.300048828125,10.02,112.8665,2.15,1.16,0.21166581144114183,1,1,1,1
2017-06-30,47.08,46.02,1.0599999999999952,6.660625283189847,7.3728418105459825,0.0644818815634856,1.0,0.048426799252117694,0.049779833153248354,502914.0,59509.0,9338.0,7742.0,768.0,17141.0,93.6,9705.0,4322.0,1973.0,-6299.0,-1334.0,6974.0,2423.409912109375,11.18,111.9896,2.31,1.06,-0.6106769643016818,1,1,1,1
2017-07-07,46.47,44.25,2.219999999999999,-1.2956669498725537,-3.8461538461538547,-0.013041339295188976,0.0,0.044517787653102894,0.049070014564620956,495350.0,57561.0,9397.0,7610.0,918.0,17244.0,94.5,9786.0,3858.0,1966.0,-7564.0,-1948.0,6692.0,2425.179931640625,11.19,112.3137,2.39,1.16,0.07303838786849592,1,1,1,1
2017-07-14,47.89,46.53,1.3599999999999994,3.0557348827200403,5.1525423728813635,0.030099771257631098,1.0,0.044319046025346025,0.042757485653439294,490623.0,57538.0,9429.0,7996.0,728.0,17119.0,94.0,9592.0,4334.0,1735.0,-4727.0,-23.0,7268.0,2459.27001953125,9.51,110.9075,2.33,1.16,1.4056725212781673,1,1,1,1
2017-07-21,47.47,45.78,1.6899999999999977,-0.8770098141574478,-1.6118633139909688,-0.008808781791291364,0.0,0.03646510441445506,0.04274964190545189,483415.0,55839.0,9410.0,8044.0,1030.0,17285.0,94.3,9821.0,4376.0,1804.0,-7208.0,-1699.0,7014.0,2472.5400390625,9.36,110.191,2.24,1.16,0.5395918067500061,1,1,1,1
2017-07-28,52.0,49.72,2.280000000000001,9.542869180535085,8.606378331148967,0.09114578601820078,1.0,0.04827476401488438,0.04873956491778933,481888.0,55800.0,9430.0,8253.0,702.0,17408.0,95.4,9842.0,4140.0,1791.0,-1527.0,-39.0,7551.0,2472.10009765625,10.29,109.92,2.3,1.16,-0.017793095331097852,1,1,1,1
2017-08-04,52.48,49.57,2.9099999999999966,0.9230769230769154,-0.3016894609814913,0.00918842605440617,1.0,0.04350249010609964,0.04805254122818017,475437.0,56369.0,9423.0,7762.0,707.0,17574.0,96.3,9797.0,4510.0,1765.0,-6451.0,569.0,7055.0,2476.830078125,10.03,110.2808,2.27,1.16,0.19133450434447585,1,1,1,1
2017-08-11,51.47,48.81,2.6599999999999966,-1.924542682926822,-1.5331853943917673,-0.01943303097117037,0.0,0.05015938031924717,0.043501198330231854,466492.0,57047.0,9502.0,8126.0,877.0,17565.0,96.1,9522.0,4222.0,1798.0,-8945.0,678.0,7249.0,2441.320068359375,15.51,110.0422,2.19,1.16,-1.433687764019187,1,1,1,1
2017-08-18,50.96,48.59,2.3699999999999974,-0.9908684670681955,-0.45072730997746113,-0.009958102400755255,0.0,0.05036717805112297,0.042173686713059794,463165.0,56544.0,9528.0,8790.0,936.0,17461.0,95.4,9629.0,4077.0,1722.0,-3327.0,-503.0,7854.0,2425.550048828125,14.26,110.041,2.19,1.16,-0.6459628024869324,1,1,1,1
2017-08-25,51.87,47.65,4.219999999999999,1.7857142857142794,-1.934554435068958,0.017699577099400857,1.0,0.017058158202485987,0.039536524863748486,457773.0,57233.0,9530.0,7905.0,902.0,17725.0,96.6,9846.0,3910.0,2011.0,-5392.0,689.0,7003.0,2443.050048828125,11.28,109.3415,2.17,1.16,0.721485834046387,1,1,1,1
2017-09-01,53.15,47.32,5.829999999999998,2.4677077308656203,-0.692549842602308,0.024377516424648058,1.0,0.021166887949788573,0.0372779374992884,462353.0,58030.0,8781.0,7083.0,153.0,14472.0,79.7,9163.0,4063.0,1612.0,4580.0,797.0,6930.0,2476.550048828125,10.13,109.0504,2.16,1.16,1.3712367462987096,1,1,1,1
2017-09-08,54.55,47.44,7.109999999999999,2.6340545625587852,0.2535925612848544,0.025999607491122786,1.0,0.016715649886878407,0.03612965071692546,468241.0,59053.0,9353.0,6480.0,774.0,14078.0,77.7,9619.0,4057.0,1464.0,5888.0,1023.0,5706.0,2461.429931640625,12.12,107.808,2.06,1.16,-0.6105314606766998,1,1,1,1
2017-09-15,56.18,49.9,6.280000000000001,2.9880843263061507,5.185497470489042,0.02944310939701788,1.0,0.004929038495876205,0.03272875761036235,472832.0,59756.0,9510.0,7368.0,928.0,15172.0,83.2,9441.0,4264.0,1817.0,4591.0,703.0,6440.0,2500.22998046875,10.17,108.3147,2.2,1.16,1.5763214840839979,1,1,1,1
2017-09-22,58.16,50.33,7.829999999999998,3.524385902456384,0.8617234468937918,0.034637011549166256,1.0,0.004536773133733515,0.03007597426599074,470986.0,60937.0,9547.0,7427.0,1491.0,16174.0,88.6,9522.0,3746.0,1787.0,-1846.0,1181.0,5936.0,2502.219970703125,9.59,108.7542,2.26,1.16,0.07959228750635816,1,1,1,1
2017-09-29,57.02,51.67,5.350000000000001,-1.9601100412654615,2.6624279753626245,-0.019795749740737858,0.0,0.02516287703580598,0.03075729543856809,464963.0,62462.0,9561.0,7214.0,1984.0,16029.0,88.1,9241.0,4007.0,1475.0,-6023.0,1525.0,5230.0,2519.360107421875,9.51,110.0867,2.33,1.06,0.6849971992643589,1,1,1,1
2017-10-06,55.5,49.34,6.159999999999997,-2.6657313223430457,-4.509386491194112,-0.02701906273213719,0.0,0.032217997038784134,0.03289927167969798,462216.0,63784.0,9480.0,7617.0,1270.0,16258.0,89.2,9480.0,3648.0,1792.0,-2747.0,1322.0,6347.0,2549.330078125,9.65,110.7841,2.37,1.16,1.1895866182383141,1,1,1,1
2017-10-13,56.86,51.43,5.43,2.4504504504504476,4.23591406566679,0.02420908547046487,1.0,0.030938195891880953,0.03235044032613629,456485.0,63986.0,8406.0,7483.0,1798.0,15439.0,84.5,9136.0,3477.0,1641.0,-5731.0,202.0,5685.0,2553.169921875,9.61,110.2669,2.28,1.16,0.15062167833614915,1,1,1,1
2017-10-20,57.89,51.63,6.259999999999998,1.8114667604643087,0.3888780867198127,0.01795255186805963,1.0,0.025979879310118772,0.02191344256884371,457341.0,63749.0,9507.0,8123.0,1924.0,16025.0,87.8,9314.0,4101.0,1859.0,856.0,-237.0,6199.0,2575.2099609375,9.97,111.0375,2.39,1.16,0.8632421553170344,1,1,1,1
2017-10-27,60.15,53.92,6.229999999999997,3.903955778200041,4.435405771838075,0.038296784329774694,1.0,0.028231814842709556,0.02349707536700637,454906.0,63839.0,9553.0,7571.0,2133.0,16015.0,88.1,9461.0,3534.0,1628.0,-2435.0,90.0,5438.0,2581.070068359375,9.8,112.1495,2.42,1.16,0.22755843254589347,1,1,1,1
2017-11-03,61.42,55.63,5.789999999999999,2.1113881961762226,3.1713649851632164,0.020894072591988392,1.0,0.009009215174416343,0.02148953807964708,457143.0,64559.0,9620.0,7377.0,869.0,16305.0,89.6,9496.0,4486.0,1835.0,2237.0,720.0,6508.0,2587.840087890625,9.14,111.9383,2.34,1.16,0.2622950695621018,1,1,1,1
2017-11-10,64.35,56.75,7.599999999999994,4.770433083686076,2.013302175085374,0.046601419029459176,1.0,0.01377191260754103,0.02178349771387221,458997.0,63055.0,9645.0,7898.0,1129.0,16639.0,91.0,9172.0,4029.0,1794.0,1854.0,-1504.0,6769.0,2582.300048828125,11.29,111.5626,2.4,1.16,-0.2140796523101951,1,1,1,1
2017-11-17,61.34,56.21,5.130000000000003,-4.677544677544665,-0.951541850220261,-0.04790477535603006,0.0,0.04294191827597644,0.0292225494716739,457142.0,61228.0,9658.0,7873.0,1591.0,16838.0,91.3,9595.0,4057.0,1630.0,-1855.0,-1827.0,6282.0,2578.85009765625,11.43,111.0016,2.35,1.16,-0.13359993442437768,1,1,1,1
2017-11-24,63.58,58.94,4.640000000000001,3.651776980762955,4.856787048567868,0.035866796796551116,1.0,0.042507509927230194,0.029777333719322,453713.0,58314.0,9682.0,7329.0,1412.0,17003.0,92.6,8724.0,3882.0,1514.0,-3429.0,-2914.0,5917.0,2602.419921875,9.67,110.0253,2.34,1.16,0.9139664317895368,1,1,1,1
2017-12-01,64.57,58.35,6.219999999999992,1.5570934256055269,-1.001017984390895,0.015450951155718885,1.0,0.04229404575552078,0.02957591868976315,448103.0,55561.0,9707.0,7202.0,1358.0,17195.0,93.8,8895.0,3737.0,1947.0,-5610.0,-2753.0,5844.0,2642.219970703125,11.43,110.1413,2.37,1.16,1.529347684959692,1,1,1,1
2017-12-08,63.86,57.15,6.710000000000001,-1.0995818491559506,-2.0565552699228884,-0.011056719351739623,0.0,0.03618319514489565,0.029968187885317438,442986.0,52244.0,9780.0,7363.0,1086.0,16952.0,93.4,9091.0,4380.0,1598.0,-5117.0,-3317.0,6277.0,2651.5,9.58,111.2273,2.38,1.16,0.3512209202780836,1,1,1,1
2017-12-15,63.81,57.29,6.520000000000003,-0.07829627309740017,0.24496937882765302,-0.0007832694063804402,0.0,0.02048088694449693,0.02912632431842419,436491.0,52998.0,9789.0,7834.0,1858.0,17063.0,94.1,9426.0,3926.0,2108.0,-6495.0,754.0,5976.0,2675.81005859375,9.42,111.1286,2.35,1.41,0.9168417346313351,1,1,1,1
2017-12-22,64.61,58.25,6.359999999999999,1.2537219871493477,1.6756851108395976,0.012459279689818562,1.0,0.012278258910293481,0.027814365669827788,431882.0,51414.0,9754.0,7993.0,1210.0,17398.0,95.7,9485.0,4326.0,1807.0,-4609.0,-1584.0,6783.0,2683.340087890625,9.9,111.0997,2.48,1.42,0.28141120378448736,1,1,1,1
2017-12-29,66.73,60.46,6.270000000000003,3.2812258164370833,3.793991416309006,0.03228542934544108,1.0,0.01870621107248882,0.025750687677674442,424463.0,48973.0,9782.0,7966.0,1475.0,17608.0,96.7,8650.0,3588.0,1898.0,-7419.0,-2441.0,6491.0,2673.610107421875,11.04,110.0783,2.4,1.33,-0.36260705501548474,1,1,1,1
2018-01-05,68.01,61.49,6.520000000000003,1.9181777311554127,1.7036056897122176,0.01900012627203224,1.0,0.01376179751523568,0.02563151143340655,419515.0,46578.0,9492.0,7658.0,1015.0,17323.0,95.3,8814.0,3655.0,1585.0,-4948.0,-2395.0,6643.0,2743.14990234375,9.22,109.3496,2.47,1.42,2.600969929341379,1,1,1,1
2018-01-12,69.64,64.22,5.420000000000002,2.3967063667107658,4.439746300211422,0.023684361712440857,1.0,0.008338070592343184,0.02574627314425864,412654.0,42394.0,9750.0,7950.0,1249.0,16875.0,93.0,8668.0,4738.0,1833.0,-6861.0,-4184.0,6701.0,2786.239990234375,10.16,108.901,2.55,1.42,1.5708251252988026,1,1,1,1
2018-01-19,68.56,63.38,5.18,-1.5508328546812167,-1.3080037371535291,-0.015629840610463932,0.0,0.021041890578394087,0.026090358321214438,411583.0,39244.0,9878.0,8041.0,1411.0,16483.0,90.9,8697.0,3847.0,1631.0,-1071.0,-3150.0,6630.0,2810.300048828125,11.27,107.9455,2.64,1.42,0.8635314502009495,1,1,1,1
2018-01-26,70.08,66.27,3.8100000000000023,2.2170361726954413,4.559798043546848,0.021928172338611572,1.0,0.018683872644159324,0.02612802929707277,418359.0,37020.0,9919.0,8430.0,1765.0,16013.0,88.1,9044.0,4470.0,1622.0,6776.0,-2224.0,6665.0,2872.8701171875,11.08,106.6911,2.66,1.42,2.226455085657708,1,1,1,1
2018-02-02,67.45,65.5,1.9500000000000028,-3.7528538812785284,-1.161913384638591,-0.038250863974371004,0.0,0.03017793665985142,0.027079378681907906,420254.0,36309.0,10251.0,7892.0,1287.0,16797.0,92.5,9110.0,3778.0,1584.0,1895.0,-711.0,6605.0,2762.1298828125,17.31,107.1151,2.84,1.42,-3.8546899044434757,1,1,1,1
2018-02-09,63.04,59.2,3.8399999999999963,-6.538176426982956,-9.618320610687014,-0.06761713710414126,0.0,0.037779239100027825,0.030845104455847157,422095.0,32667.0,10271.0,7888.0,1322.0,16162.0,89.8,9059.0,4082.0,1580.0,1841.0,-3642.0,6566.0,2619.550048828125,29.06,108.2582,2.83,1.42,-5.161952552325133,1,1,1,1
2018-02-16,64.3,61.89,2.4099999999999966,1.9987309644670104,4.543918918918921,0.01979018569395007,1.0,0.04426777549236858,0.02957664905831825,420479.0,30003.0,10270.0,7021.0,2044.0,15833.0,88.1,9002.0,4224.0,1758.0,-1616.0,-2664.0,4977.0,2732.219970703125,19.46,107.0359,2.87,1.42,4.301117358891604,1,1,1,1
2018-02-23,67.04,63.52,3.520000000000003,4.2612752721617575,2.633704960413641,0.041729824930254046,1.0,0.05058507520050722,0.03164912514718935,423498.0,28785.0,10283.0,7282.0,1445.0,15882.0,87.8,8860.0,3921.0,1622.0,3019.0,-1218.0,5837.0,2747.300048828125,16.49,107.6804,2.88,1.42,0.551934993766956,1,1,1,1
2018-03-02,64.26,61.19,3.0700000000000074,-4.146778042959431,-3.668136020151147,-0.04235210248611524,0.0,0.05135489462817897,0.034117409007210664,425906.0,28180.0,10369.0,8003.0,1498.0,15935.0,88.0,9276.0,3926.0,1853.0,2408.0,-605.0,6505.0,2691.25,19.59,108.5358,2.86,1.42,-2.0401866498722443,1,1,1,1
2018-03-09,65.19,62.02,3.1699999999999946,1.4472455648926186,1.3564307893446648,0.01436872924873551,1.0,0.03583301174394326,0.034344405285008116,430928.0,28518.0,10381.0,7585.0,1487.0,16367.0,90.0,9642.0,3832.0,1891.0,5022.0,338.0,6098.0,2786.570068359375,14.64,107.923,2.9,1.42,3.5418511234324157,1,1,1,1
2018-03-16,64.68,62.29,2.3900000000000077,-0.7823285780027445,0.4353434376007659,-0.007854048227541696,0.0,0.035564707332028496,0.03427087855546553,428306.0,29423.0,10407.0,7077.0,1573.0,16777.0,91.7,9324.0,3917.0,1524.0,-2622.0,905.0,5504.0,2752.010009765625,15.8,108.4332,2.85,1.43,-1.2402364823396517,1,1,1,1
2018-03-23,69.03,65.8,3.230000000000004,6.725417439703141,5.634933376143847,0.06508915800647798,1.0,0.04503528063676497,0.0381600456547726,429949.0,31227.0,10433.0,8148.0,1578.0,16795.0,92.3,9208.0,4375.0,1812.0,1643.0,1804.0,6570.0,2588.260009765625,24.87,107.7495,2.82,1.68,-5.950196380788086,1,1,1,1
2018-03-30,69.02,64.87,4.1499999999999915,-0.014486455164430811,-1.4133738601823542,-0.00014487504552694299,0.0,0.03280330292925154,0.037820963707498975,425332.0,34893.0,10460.0,7898.0,2175.0,16936.0,93.0,9203.0,3887.0,1807.0,-4617.0,3666.0,5723.0,2640.8701171875,19.97,107.4784,2.74,1.67,2.032643831121095,1,1,1,1
2018-04-06,66.51,62.03,4.480000000000004,-3.636627064618936,-4.377986742716211,-0.03704400537352741,0.0,0.043089445956669845,0.038598003842558244,428638.0,36022.0,10525.0,8650.0,1205.0,17019.0,93.5,9273.0,4170.0,1593.0,3306.0,1129.0,7445.0,2604.469970703125,21.49,107.7886,2.77,1.69,-1.3783391408563772,1,1,1,1
2018-04-13,73.18,67.35,5.8300000000000125,10.028567132761989,8.576495244236648,0.09556984729473095,1.0,0.060363497773128535,0.0477674361328113,427567.0,34907.0,10540.0,7930.0,1749.0,16949.0,92.4,9857.0,4356.0,1827.0,-1071.0,-1115.0,6181.0,2656.300048828125,17.41,107.2368,2.82,1.69,1.9900432221534592,1,1,1,1
2018-04-20,74.62,68.26,6.359999999999999,1.9677507515714732,1.351150705270987,0.019486408201951088,1.0,0.055886083879244985,0.04769593568922746,429737.0,35366.0,10586.0,8469.0,2331.0,16621.0,90.8,9083.0,3749.0,1553.0,2170.0,459.0,6138.0,2670.139892578125,16.88,108.1787,2.96,1.7,0.5210195947594753,1,1,1,1
2018-04-27,75.33,68.11,7.219999999999999,0.9514875368533904,-0.2197480222678072,0.009469894044591547,1.0,0.054960505992437875,0.04568812780902985,435955.0,35782.0,10619.0,8549.0,2148.0,16561.0,91.1,9090.0,4485.0,1773.0,6218.0,416.0,6401.0,2669.909912109375,15.41,109.1735,2.96,1.7,-0.00861304942820773,1,1,1,1
2018-05-04,74.75,69.71,5.040000000000006,-0.7699455728129578,2.349141095287033,-0.007729249566807542,0.0,0.04565215236883393,0.039367020334065944,433758.0,37170.0,10703.0,7323.0,1877.0,16486.0,90.4,9775.0,4307.0,1550.0,-2197.0,1388.0,5446.0,2663.419921875,14.77,110.25,2.95,1.7,-0.24307899697063595,1,1,1,1
2018-05-11,77.37,70.69,6.680000000000007,3.5050167224080386,1.4058241285324957,0.03444989629056741,1.0,0.017710213526524667,0.039781601301165204,432354.0,37223.0,10723.0,7601.0,2566.0,16635.0,91.1,9531.0,4222.0,1650.0,-1404.0,53.0,5035.0,2727.719970703125,12.65,110.2847,2.97,1.7,2.414191179544045,1,1,1,1
2018-05-18,78.38,71.23,7.1499999999999915,1.3054155357373531,0.763898712689226,0.012969684210122174,1.0,0.017322878177325696,0.03890921796518762,438132.0,36100.0,10725.0,8159.0,1748.0,16628.0,91.8,9689.0,3637.0,1818.0,5778.0,-1123.0,6411.0,2712.969970703125,13.42,111.7171,3.06,1.7,-0.540744657018366,1,1,1,1
2018-05-25,76.6,67.92,8.679999999999993,-2.270987496810417,-4.646918433244418,-0.022971716024939852,0.0,0.02498380193791736,0.036743715046927874,434512.0,35544.0,10769.0,7631.0,2179.0,17155.0,93.9,9689.0,4319.0,1848.0,-3620.0,-556.0,5452.0,2721.330078125,13.22,111.5843,2.93,1.7,0.308153334248229,1,1,1,1
2018-06-01,74.54,65.81,8.730000000000004,-2.6892950391644743,-3.1065959952885747,-0.02726118269543309,0.0,0.029574207186748122,0.038685421952592364,436584.0,34589.0,10800.0,8346.0,1714.0,17369.0,95.4,8976.0,3502.0,1685.0,2072.0,-955.0,6632.0,2734.6201171875,13.46,111.8265,2.89,1.7,0.48836556687223975,1,1,1,1
2018-06-08,75.11,65.77,9.340000000000003,0.7646900992755556,-0.060781036316681636,0.007617811646808042,1.0,0.02063494692786047,0.03824913818255183,432441.0,33902.0,10900.0,8099.0,2030.0,17505.0,95.7,9879.0,4404.0,1435.0,-4143.0,-687.0,6069.0,2779.030029296875,12.18,112.1066,2.93,1.7,1.6239883496158125,1,1,1,1
2018-06-15,72.02,65.01,7.009999999999991,-4.113966182931705,-1.1555420404439576,-0.04200984747719128,0.0,0.020843746236361115,0.03733621369361865,426527.0,32606.0,10900.0,8242.0,2374.0,17701.0,96.7,9326.0,3825.0,1970.0,-5914.0,-1296.0,5868.0,2779.659912109375,11.98,113.3379,2.93,1.9,0.02266556337497949,1,1,1,1
2018-06-22,73.67,69.02,4.650000000000006,2.2910302693696316,6.168281802799558,0.022651802473993163,1.0,0.02999364912280523,0.037710127076274864,416636.0,29893.0,10900.0,8356.0,3000.0,17816.0,97.5,9731.0,3612.0,1702.0,-9891.0,-2713.0,5356.0,2754.8798828125,13.77,113.3047,2.9,1.92,-0.891477018066944,1,1,1,1
2018-06-29,77.44,74.13,3.3100000000000023,5.117415501561018,7.40365111561867,0.04990778227359938,1.0,0.03856837555366676,0.037155938270525636,417881.0,27780.0,10900.0,9055.0,2336.0,17653.0,97.1,9869.0,4126.0,1968.0,1245.0,-2113.0,6719.0,2718.3701171875,16.09,113.2586,2.85,1.91,-1.325276134643183,1,1,1,1
2018-07-06,74.98,73.78,1.2000000000000028,-3.176652892561971,-0.47214353163360645,-0.03228203166055548,0.0,0.04400794446845651,0.028563636296851533,405248.0,25718.0,10900.0,7431.0,2027.0,17652.0,96.7,9275.0,3805.0,1906.0,-12633.0,-2062.0,5404.0,2759.820068359375,13.37,112.6428,2.82,1.91,1.5248089621717975,1,1,1,1
2018-07-13,74.11,71.03,3.0799999999999983,-1.1603094158442295,-3.7272973705611223,-0.01167093534449851,0.0,0.03641266511381012,0.02824643203248956,411084.0,24858.0,11000.0,9066.0,1461.0,17239.0,94.3,9708.0,4141.0,1724.0,5836.0,-860.0,7605.0,2801.31005859375,12.18,113.0705,2.83,1.91,1.5033585236243097,1,1,1,1
2018-07-20,71.99,70.31,1.6799999999999926,-2.860612602887602,-1.013656201604951,-0.02902325548205599,0.0,0.038203133190543415,0.029172941190428882,404937.0,23731.0,11000.0,7770.0,2683.0,17285.0,93.8,9846.0,4167.0,1877.0,-6147.0,-1127.0,5087.0,2801.830078125,12.86,113.3213,2.89,1.91,0.018563440689289834,1,1,1,1
2018-07-27,74.84,68.66,6.180000000000007,3.958883178219219,-2.34675010667047,0.03882528092467754,1.0,0.03284570187612193,0.031594879543477186,408740.0,22393.0,10900.0,7749.0,1310.0,17480.0,96.1,9878.0,3611.0,1668.0,3803.0,-1338.0,6439.0,2818.820068359375,13.03,112.8125,2.96,1.91,0.6063890300494146,1,1,1,1
2018-08-03,72.48,68.49,3.990000000000009,-3.1533939070016004,-0.24759685406350318,-0.032041839671164946,0.0,0.032787992135503666,0.030844758260191157,407389.0,21803.0,10800.0,7931.0,1850.0,17598.0,96.6,9346.0,4002.0,1986.0,-1351.0,-590.0,6081.0,2840.35009765625,11.64,113.012,2.95,1.91,0.7637958001840861,1,1,1,1
2018-08-10,71.0,67.61,3.3900000000000006,-2.041942604856517,-1.284859103518754,-0.020630784693408517,0.0,0.03337957709565107,0.030545203122203858,414194.0,23446.0,10900.0,9014.0,1592.0,17981.0,98.1,9512.0,3959.0,1871.0,6805.0,1643.0,7422.0,2833.280029296875,13.16,114.3005,2.87,1.91,-0.2489153842411551,1,1,1,1
2018-08-17,70.14,65.93,4.209999999999994,-1.2112676056338034,-2.484839520780935,-0.012186632329283383,0.0,0.03129847301600161,0.030229394301517058,408358.0,24218.0,11000.0,7518.0,1155.0,17892.0,98.1,9453.0,4065.0,1813.0,-5836.0,772.0,6363.0,2850.1298828125,12.64,114.5339,2.87,1.92,0.5947119007437607,1,1,1,1
2018-08-24,74.41,69.71,4.700000000000003,6.0878243512973995,5.733353556802645,0.059097096697137766,1.0,0.041170333130307435,0.034964757611371064,405792.0,24276.0,11000.0,7485.0,1779.0,17566.0,96.3,9899.0,4437.0,2006.0,-2566.0,58.0,5706.0,2874.68994140625,11.99,113.5985,2.82,1.92,0.8617171709211391,1,1,1,1
2018-08-31,76.94,69.84,7.099999999999994,3.4000806343233547,0.1864868741930925,0.033435555914979306,1.0,0.03782886544071137,0.036256343746021866,401490.0,24825.0,11000.0,7714.0,1508.0,17647.0,96.6,9734.0,4290.0,1820.0,-4302.0,549.0,6206.0,2901.52001953125,12.86,114.2755,2.86,1.91,0.9333207640429997,1,1,1,1
2018-09-07,75.55,67.73,7.819999999999993,-1.806602547439562,-3.021191294387171,-0.018231208605400475,0.0,0.03708877527719395,0.03422489453441715,396194.0,23583.0,10900.0,7591.0,1828.0,17857.0,97.6,9649.0,3288.0,1572.0,-5296.0,-1242.0,5763.0,2871.679931640625,14.88,114.5816,2.94,1.92,-1.0284295021147472,1,1,1,1
2018-09-14,77.87,68.98,8.89,3.070814030443425,1.845563265908745,0.030246080870146238,1.0,0.03227516781842274,0.034668727337755945,394137.0,22333.0,11000.0,8024.0,2367.0,17415.0,95.4,9534.0,4152.0,1851.0,-2057.0,-1250.0,5657.0,2904.97998046875,12.07,114.0657,2.99,1.92,1.1596016833637979,1,1,1,1
2018-09-21,78.9,70.8,8.100000000000009,1.322717349428526,2.6384459263554483,0.013140458262933755,1.0,0.02366141320368486,0.031809261787779305,395989.0,22794.0,11100.0,7802.0,2640.0,16514.0,90.4,8987.0,4291.0,1703.0,1852.0,461.0,5162.0,2929.669921875,11.68,113.5099,3.07,1.92,0.8499177816112091,1,1,1,1
2018-09-28,82.72,73.16,9.560000000000002,4.8415716096324335,3.3333333333333437,0.04728018290829032,1.0,0.027949739490349512,0.03240120667086084,403964.0,24493.0,11100.0,7965.0,1723.0,16591.0,90.4,9102.0,3877.0,1848.0,7975.0,1699.0,6242.0,2913.97998046875,12.12,113.8077,3.05,2.18,-0.5355532133192842,1,1,1,1
2018-10-05,85.12,74.26,10.86,2.9013539651837617,1.5035538545653537,0.028600614833215344,1.0,0.013961058994618821,0.03224265278391483,409951.0,26852.0,11200.0,7397.0,2576.0,16239.0,88.8,9078.0,4629.0,1583.0,5987.0,2359.0,4821.0,2885.570068359375,14.82,114.561,3.23,2.18,-0.9749522062538318,1,1,1,1
2018-10-12,80.71,71.41,9.299999999999997,-5.180921052631593,-3.8378669539456123,-0.05319954225705344,0.0,0.04372442113376816,0.03558948423464315,416441.0,28628.0,10900.0,7615.0,1782.0,16316.0,88.8,9182.0,3793.0,1639.0,6490.0,1776.0,5833.0,2767.1298828125,21.31,114.3691,3.15,2.18,-4.10456799665293,1,1,1,1
2018-10-19,80.38,69.16,11.219999999999999,-0.40887126750093206,-3.1508192129953816,-0.004097094315225941,0.0,0.04402289397300856,0.0345181177676895,422787.0,29999.0,10900.0,7678.0,2180.0,16268.0,89.2,9324.0,4006.0,1765.0,6346.0,1371.0,5498.0,2767.780029296875,19.89,114.8567,3.2,2.19,0.023495336753542873,1,1,1,1
2018-10-26,77.4,67.58,9.820000000000007,-3.7073898979845588,-2.284557547715438,-0.03777860842537347,0.0,0.03645763197516096,0.0351265065531561,426004.0,31877.0,11200.0,7344.0,2485.0,16417.0,89.4,9262.0,4426.0,1677.0,3217.0,1878.0,4859.0,2658.68994140625,24.16,115.473,3.08,2.2,-3.941429114160422,1,1,1,1
2018-11-02,71.11,63.12,7.990000000000002,-8.126614987080117,-6.599585676235575,-0.084758806700255,0.0,0.03353199719907012,0.04336971970182925,431787.0,34296.0,11600.0,7539.0,2405.0,16408.0,90.0,9099.0,4318.0,1749.0,5783.0,2419.0,5134.0,2723.06005859375,19.51,115.643,3.22,2.19,2.4211216277988834,1,1,1,1
2018-11-09,69.01,60.19,8.820000000000007,-2.953171143299105,-4.641951837769332,-0.029976552262916015,0.0,0.0336397694859946,0.04412642455503182,442057.0,35463.0,11700.0,7452.0,2050.0,16432.0,90.1,9192.0,4633.0,1898.0,10270.0,1167.0,5402.0,2781.010009765625,17.36,116.4778,3.19,2.19,2.128118731314421,1,1,1,1
2018-11-16,65.29,56.49,8.800000000000004,-5.390523112592371,-6.147200531649766,-0.05541253643396828,0.0,0.024304071671654538,0.04220508184227809,446908.0,35347.0,11700.0,7554.0,1969.0,16855.0,92.7,9185.0,4270.0,1725.0,4851.0,-116.0,5585.0,2736.27001953125,18.14,115.9258,3.08,2.2,-1.6087676807084006,1,1,1,1
2018-11-23,57.69,54.41,3.280000000000001,-11.640373717261465,-3.682067622588081,-0.12375503692974424,0.0,0.04030621933302442,0.050728129492455275,450485.0,36524.0,11700.0,8162.0,2442.0,17553.0,95.6,9188.0,3569.0,1682.0,3577.0,1177.0,5720.0,2632.56005859375,21.52,116.4713,3.05,2.2,-3.790194688288351,1,1,1,1
2018-11-30,57.71,50.78,6.93,0.03466805338880885,-6.6715677265208555,0.00034662045407706627,1.0,0.05286924956679561,0.05120130730609006,443162.0,38253.0,11700.0,7219.0,3203.0,17487.0,95.5,8877.0,4037.0,1835.0,-7323.0,1729.0,4016.0,2760.169921875,18.07,116.413,3.01,2.2,4.847367598117258,1,1,1,1
2018-12-07,61.71,52.76,8.950000000000003,6.931207762952685,3.899172902717596,0.06701552361010034,1.0,0.08114173896088663,0.055556384366272506,441954.0,39401.0,11600.0,7393.0,2274.0,17436.0,95.1,9036.0,4469.0,1650.0,-1208.0,1148.0,5119.0,2633.080078125,23.23,116.0847,2.85,2.19,-4.604421008387305,1,1,1,1
2018-12-14,58.56,51.26,7.300000000000004,-5.104521147301888,-2.8430629264594387,-0.05239412267991929,0.0,0.08081460288737519,0.05528907838830941,441457.0,40492.0,11600.0,7423.0,2325.0,17408.0,95.4,9243.0,4886.0,1585.0,-497.0,1091.0,5098.0,2599.949951171875,21.63,116.79,2.89,2.19,-1.2582270941306373,1,1,1,1
2018-12-21,51.93,45.38,6.549999999999997,-11.321721311475418,-11.470932500975406,-0.12015521179682864,0.0,0.07938835621401859,0.056545860627279385,441411.0,41291.0,11700.0,7656.0,2969.0,17350.0,95.1,9348.0,4242.0,1618.0,-46.0,799.0,4687.0,2416.6201171875,30.11,116.2227,2.79,2.4,-7.0512831949608445,1,1,1,1
2018-12-28,50.57,45.15,5.420000000000002,-2.618910071249758,-0.5068312031732081,-0.026538142764335904,0.0,0.07749628422378119,0.052679351819124205,441418.0,41932.0,11700.0,7392.0,2237.0,17760.0,97.2,8623.0,3203.0,1631.0,7.0,641.0,5155.0,2485.739990234375,28.34,115.7232,2.72,2.4,2.8601877703194,1,1,1,1
2019-01-04,55.64,47.76,7.880000000000003,10.025706940874034,5.780730897009967,0.0955438519633505,1.0,0.09006478982525154,0.06598175345980944,439738.0,42262.0,11700.0,7846.0,2065.0,17566.0,96.1,8735.0,2955.0,1808.0,-1680.0,330.0,5781.0,2531.93994140625,21.38,114.9821,2.67,2.4,1.8585995057157634,1,1,1,1
2019-01-11,59.24,51.44,7.800000000000004,6.470165348670021,7.705192629815749,0.06269462234435587,1.0,0.09689765875177546,0.07107756359100839,437055.0,41519.0,11900.0,7527.0,2966.0,17223.0,94.6,8565.0,4449.0,1661.0,-2683.0,-743.0,4561.0,2596.260009765625,18.19,114.0404,2.71,2.4,2.5403473165975354,1,1,1,1
2019-01-18,62.04,53.6,8.439999999999998,4.726536124240366,4.199066874028001,0.04618234890873992,1.0,0.05159380999628415,0.07383071847931728,445025.0,41329.0,11900.0,8191.0,2035.0,17049.0,92.9,8868.0,4668.0,1507.0,7970.0,-190.0,6156.0,2670.7099609375,17.8,114.558,2.79,2.4,2.867584559783598,1,1,1,1
2019-01-25,61.49,53.53,7.960000000000001,-0.886524822695034,-0.130597014925371,-0.008904778342959722,0.0,0.0436452242374775,0.07082183651365094,445944.0,41184.0,11900.0,7083.0,1944.0,16463.0,90.1,9564.0,4122.0,1633.0,919.0,-145.0,5139.0,2664.760009765625,17.42,114.0197,2.76,2.4,-0.22278537388561448,1,1,1,1
2019-02-01,61.86,55.29,6.57,0.6017238575378059,3.2878759574070493,0.005999207291545171,1.0,0.0335222621149884,0.07075831672292929,447207.0,42625.0,11900.0,7146.0,2870.0,16633.0,90.7,9073.0,4673.0,1838.0,1263.0,1441.0,4276.0,2706.530029296875,16.14,113.7548,2.7,2.4,1.5674964866694951,1,1,1,1
2019-02-08,61.37,52.75,8.619999999999997,-0.7921112188813528,-4.593959124615665,-0.007952650855918005,0.0,0.02581595814430823,0.06924547931880162,450840.0,41609.0,11900.0,6210.0,2364.0,15768.0,85.9,8648.0,3767.0,1518.0,3633.0,-1016.0,3846.0,2707.8798828125,15.72,114.5003,2.63,2.4,0.04987395303261977,1,1,1,1
2019-02-15,65.65,55.58,10.070000000000007,6.974091575688468,5.364928909952593,0.06741648434779976,1.0,0.0361653762612173,0.060977825174817264,454512.0,45022.0,12000.0,7522.0,3607.0,15711.0,85.9,8800.0,4216.0,1410.0,3672.0,3413.0,3915.0,2775.60009765625,14.91,114.9923,2.66,2.4,2.5008574151898166,1,1,1,1
2019-02-22,66.91,57.01,9.899999999999999,1.919268849961897,2.572867938107226,0.019010832045920165,1.0,0.032770263161191394,0.06092576637024033,445865.0,46650.0,12100.0,5917.0,3359.0,15890.0,87.1,8981.0,4076.0,1943.0,-8647.0,1628.0,2558.0,2792.669921875,13.51,114.2716,2.65,2.4,0.6149958069667116,1,1,1,1
2019-03-01,63.71,55.76,7.950000000000003,-4.782543715438647,-2.192597789861428,-0.049006896666328736,0.0,0.04883382476259,0.06066342900146237,452934.0,47523.0,12100.0,7001.0,2803.0,15990.0,87.5,9062.0,4145.0,1697.0,7069.0,873.0,4198.0,2803.68994140625,13.57,114.537,2.76,2.4,0.3946051570552722,1,1,1,1
2019-03-08,65.66,55.77,9.889999999999993,3.0607439962329286,0.017934002869446353,0.03014837594504977,1.0,0.048564764499678115,0.058494589204196944,449072.0,46851.0,12000.0,6746.0,2546.0,16020.0,87.6,9140.0,3953.0,1953.0,-3862.0,-672.0,4200.0,2743.070068359375,16.05,115.3599,2.62,2.4,-2.162146111508667,1,1,1,1
2019-03-15,66.11,58.51,7.600000000000001,0.6853487663722291,4.913035682266442,0.006830109272040229,1.0,0.035149556997622074,0.04208368019335734,439483.0,46383.0,12100.0,6932.0,3392.0,16198.0,88.9,9409.0,4706.0,1794.0,-9589.0,-468.0,3540.0,2822.47998046875,12.88,114.5815,2.59,2.4,2.8949283150054628,1,1,1,1
2019-03-22,66.29,58.87,7.420000000000009,0.2722734835879592,0.6152794394120642,0.0027190349078134233,1.0,0.03338152140325893,0.03992715876460496,442283.0,46924.0,12100.0,6540.0,2886.0,15831.0,86.6,9124.0,4216.0,1656.0,2800.0,541.0,3654.0,2800.7099609375,16.48,114.6856,2.44,2.41,-0.7713081999481397,1,1,1,1
2019-03-29,67.93,60.19,7.740000000000009,2.473977975561925,2.242228639374888,0.024438706949910384,1.0,0.013314836426052013,0.03274009062832533,449521.0,47125.0,12200.0,6763.0,2723.0,15849.0,86.4,9131.0,4156.0,1889.0,7238.0,201.0,4040.0,2834.39990234375,13.71,115.1371,2.41,2.43,1.2029071869681385,1,1,1,1
2019-04-05,69.93,63.1,6.830000000000005,2.9442072721919565,4.834690147865106,0.029016978512564837,1.0,0.012921259527299157,0.02973841683233281,456550.0,45992.0,12200.0,6599.0,2349.0,16100.0,87.5,9806.0,3779.0,1445.0,7029.0,-1133.0,4250.0,2892.739990234375,12.82,114.9726,2.5,2.41,2.058287111934476,1,1,1,1
2019-04-12,71.57,63.86,7.709999999999994,2.345202345202324,1.204437400950864,0.02318125003473047,1.0,0.011685552813257515,0.028162762352605203,455154.0,44449.0,12100.0,5992.0,2401.0,16078.0,87.7,9420.0,3353.0,1674.0,-1396.0,-1543.0,3591.0,2907.409912109375,12.01,114.3531,2.56,2.41,0.5071289477977414,1,1,1,1
2019-04-19,70.71,64.02,6.689999999999998,-1.2016207908341459,0.25054807391167166,-0.012088986134356668,0.0,0.01898367664226637,0.028390766797706874,460633.0,44912.0,12200.0,7149.0,2681.0,16583.0,90.1,9409.0,3796.0,1820.0,5479.0,463.0,4468.0,2905.030029296875,12.09,114.6977,2.57,2.44,-0.08185577144068645,1,1,1,1
2019-04-26,71.03,63.29,7.740000000000002,0.45255267996040516,-1.1402686660418548,0.004515317393569194,1.0,0.01869090008187177,0.028420797639365298,470567.0,45177.0,12300.0,7414.0,2611.0,16446.0,89.2,9228.0,4215.0,1920.0,9934.0,265.0,4803.0,2939.8798828125,12.73,115.4767,2.51,2.44,1.199638322639296,1,1,1,1
2019-05-03,71.95,61.98,9.970000000000006,1.2952273687174554,-2.069837257070628,0.012869110323658346,1.0,0.014908448826594272,0.027751668244187035,466604.0,45998.0,12200.0,6693.0,2322.0,16405.0,88.9,9871.0,3896.0,1738.0,-3963.0,821.0,4371.0,2945.639892578125,12.87,115.2646,2.54,2.4,0.19592670432897474,1,1,1,1
2019-05-10,71.63,61.65,9.979999999999997,-0.44475330090341103,-0.5324298160697016,-0.004457452707017027,0.0,0.010829573794939509,0.022200258035939887,472035.0,47803.0,12100.0,7612.0,3347.0,16676.0,90.5,9148.0,4094.0,1766.0,5431.0,1805.0,4265.0,2881.39990234375,16.04,115.5334,2.47,2.38,-2.1808500895250327,1,1,1,1
2019-05-17,73.94,62.77,11.169999999999995,3.2249057657406155,1.8167072181670907,0.03173997288212604,1.0,0.015432787568208848,0.023098466787477803,476775.0,49069.0,12200.0,6943.0,2922.0,16578.0,89.9,9429.0,3787.0,1538.0,4740.0,1266.0,4021.0,2859.530029296875,15.96,116.448,2.39,2.39,-0.7590016585023784,1,1,1,1
2019-05-24,67.98,58.4,9.580000000000005,-8.060589667297801,-6.961924486219539,-0.08404040924051583,0.0,0.05090560848003795,0.031638737209202066,476493.0,49053.0,12300.0,6862.0,3317.0,16767.0,91.2,9394.0,4282.0,2026.0,-282.0,-16.0,3545.0,2826.06005859375,15.85,116.0806,2.32,2.38,-1.1704710340585178,1,1,1,1
2019-05-31,66.78,53.49,13.29,-1.7652250661959412,-8.407534246575333,-0.017809909752461498,0.0,0.048363860056734126,0.03125588460495904,483264.0,50844.0,12400.0,7927.0,3298.0,16938.0,91.8,9441.0,3387.0,1810.0,6771.0,1791.0,4629.0,2752.06005859375,18.71,116.7273,2.14,2.4,-2.618486460504399,1,1,1,1
2019-06-07,64.1,53.95,10.149999999999991,-4.0131775980832725,0.8599738268835422,-0.04095927058888426,0.0,0.04823883655997248,0.03346863160525695,485470.0,52940.0,12300.0,7611.0,3122.0,17064.0,93.2,9877.0,4368.0,1780.0,2206.0,2096.0,4489.0,2873.340087890625,16.3,115.7368,2.09,2.37,4.406881634656146,1,1,1,1
2019-06-14,63.13,52.47,10.660000000000004,-1.513260530421201,-2.7432808155699817,-0.015248271547089938,0.0,0.03185688327968658,0.03361195432577668,482364.0,53582.0,12200.0,7467.0,3422.0,17264.0,93.9,9928.0,4061.0,1673.0,-3106.0,642.0,4045.0,2886.97998046875,15.28,115.9057,2.09,2.36,0.4747051222933507,1,1,1,1
2019-06-21,65.99,57.35,8.639999999999993,4.530334230951993,9.300552696779118,0.0443071230157959,1.0,0.036376777194820506,0.03557592587488392,469576.0,51836.0,12100.0,6656.0,3770.0,17337.0,94.2,9466.0,3968.0,1915.0,-12788.0,-1746.0,2886.0,2950.4599609375,15.4,114.8377,2.07,2.38,2.1988368779212397,1,1,1,1
2019-06-28,67.52,58.2,9.319999999999993,2.3185331110774365,1.482127288578905,0.022920634892371426,1.0,0.038158821597969926,0.035126971074044416,468491.0,52488.0,12200.0,7585.0,2990.0,17290.0,94.2,9492.0,3828.0,1862.0,-1085.0,652.0,4595.0,2941.760009765625,15.08,114.5821,2.0,2.4,-0.2948676235928538,1,1,1,1
2019-07-05,64.23,57.06,7.170000000000002,-4.872630331753546,-1.9587628865979423,-0.049953459018000475,0.0,0.04169455723930243,0.03650369313081233,458992.0,52178.0,12300.0,7302.0,3048.0,17438.0,94.7,9754.0,3551.0,1803.0,-9499.0,-310.0,4254.0,2990.409912109375,13.28,115.1132,2.04,2.42,1.6537685665128699,1,1,1,1
2019-07-12,66.65,59.99,6.660000000000004,3.7677097929316616,5.134945671223279,0.03698465535501665,1.0,0.04326538618207964,0.03880459067283651,455876.0,50827.0,12000.0,6832.0,2534.0,17267.0,94.4,9214.0,3565.0,1876.0,-3116.0,-1351.0,4298.0,3013.77001953125,12.39,114.7685,2.12,2.38,0.7811674020768988,1,1,1,1
2019-07-19,61.04,55.42,5.619999999999997,-8.417104276069033,-7.617936322720453,-0.08792565964851627,0.0,0.059440475683674845,0.045378354037461315,445041.0,50398.0,11300.0,7028.0,3292.0,17034.0,93.1,9673.0,4264.0,1837.0,-10835.0,-429.0,3736.0,2976.610107421875,14.45,114.8695,2.05,2.41,-1.23300423949253,1,1,1,1
2019-07-26,62.46,56.04,6.420000000000002,2.326343381389262,1.1187297004691343,0.02299696487873104,1.0,0.05945864039350359,0.04598586266455209,436545.0,48865.0,12200.0,6663.0,2574.0,16991.0,93.0,9559.0,3885.0,1893.0,-8496.0,-1533.0,4089.0,3025.860107421875,12.16,115.5449,2.08,2.4,1.654566712556682,1,1,1,1
2019-08-02,61.12,55.67,5.449999999999996,-2.1453730387448022,-0.6602426837972852,-0.02168720699666752,0.0,0.056220300432666445,0.04600518275323972,438930.0,47361.0,12300.0,7148.0,1865.0,17777.0,96.4,9651.0,3886.0,1811.0,2385.0,-1504.0,5283.0,2932.050048828125,17.61,116.1864,1.86,2.14,-3.1002774504892416,1,1,1,1
2019-08-09,57.37,54.41,2.960000000000001,-6.13547120418848,-2.263337524699127,-0.06331762624448535,0.0,0.048714210977089945,0.0457424318020297,440510.0,44821.0,12300.0,7714.0,2683.0,17302.0,94.8,9932.0,3859.0,2017.0,1580.0,-2540.0,5031.0,2918.64990234375,17.97,116.4419,1.74,2.12,-0.45702311560918973,1,1,1,1
2019-08-16,59.0,54.83,4.170000000000002,2.8412062053338127,0.7719169270354653,0.0280159252919399,1.0,0.042834355976338626,0.04309662331083779,437778.0,42336.0,12300.0,7218.0,2803.0,17702.0,95.9,9626.0,3758.0,1909.0,-2732.0,-2485.0,4415.0,2888.679931640625,18.47,117.0786,1.55,2.13,-1.0268436333887965,1,1,1,1
2019-08-23,58.64,54.08,4.560000000000002,-0.6101694915254252,-1.3678643078606556,-0.006120386327323413,0.0,0.0378862868035885,0.043080694398049145,427751.0,40356.0,12500.0,5928.0,3019.0,17408.0,95.2,9900.0,4048.0,1850.0,-10027.0,-1980.0,2909.0,2847.110107421875,19.87,117.3009,1.52,2.12,-1.4390595428528608,1,1,1,1
2019-08-30,61.04,55.07,5.969999999999999,4.092769440654842,1.8306213017751594,0.040112329397805506,1.0,0.04633228929981857,0.044267162655264786,422980.0,40126.0,12400.0,6904.0,3061.0,17381.0,94.8,9471.0,4134.0,1879.0,-4771.0,-230.0,3843.0,2926.4599609375,18.98,118.1575,1.5,2.13,2.787031429124398,1,1,1,1
2019-09-06,61.28,56.45,4.829999999999998,0.3931847968545288,2.5059015798075235,0.003924138456134365,1.0,0.021291560537136798,0.04417317047292168,416068.0,39328.0,12400.0,6725.0,3295.0,17495.0,95.1,9807.0,3804.0,1515.0,-6912.0,-798.0,3430.0,2978.7099609375,15.0,117.1292,1.55,2.12,1.7854336193706688,1,1,1,1
2019-09-13,61.25,54.76,6.490000000000002,-0.0489556135770286,-2.9937998228520946,-0.0004896760074995447,0.0,0.020911821108395776,0.04168255152650846,417126.0,38681.0,12400.0,7050.0,3175.0,16707.0,91.2,8939.0,3859.0,1905.0,1058.0,-647.0,3875.0,3007.389892578125,13.74,116.7677,1.9,2.14,0.9628306218709026,1,1,1,1
2019-09-20,65.23,57.92,7.310000000000002,6.497959183673485,5.770635500365229,0.06295563638316841,1.0,0.030289480916880895,0.045640532152863234,419538.0,40937.0,12500.0,6378.0,2983.0,16513.0,89.8,9346.0,3897.0,1500.0,2412.0,2256.0,3395.0,2992.070068359375,15.32,117.1819,1.74,1.9,-0.5094059887797542,1,1,1,1
2019-09-27,62.48,55.95,6.529999999999994,-4.215851602023624,-3.4012430939226457,-0.04307298027657426,0.0,0.04358291111242827,0.04503452833368337,422642.0,40736.0,12400.0,6291.0,2867.0,16017.0,86.4,9137.0,3960.0,1763.0,3104.0,-201.0,3424.0,2961.7900390625,17.22,117.7218,1.69,1.83,-1.0120093649236717,1,1,1,1
2019-10-04,59.13,52.84,6.289999999999999,-5.361715749039686,-5.558534405719396,-0.05510809569869193,0.0,0.053344613617094305,0.045574598326951155,425569.0,41677.0,12600.0,6224.0,3401.0,15656.0,85.7,9460.0,4036.0,1770.0,2927.0,941.0,2823.0,2952.010009765625,17.04,117.5288,1.52,1.82,-0.3302067049955615,1,1,1,1
2019-10-11,60.59,54.76,5.830000000000005,2.4691358024691468,3.6336109008326956,0.024391453124159263,1.0,0.056039257560104735,0.03919796165958531,434850.0,42953.0,12600.0,6295.0,3248.0,15436.0,83.1,9354.0,4366.0,1613.0,9281.0,1276.0,3047.0,2970.27001953125,15.58,116.8239,1.76,1.82,0.6185619190049785,1,1,1,1
2019-10-18,59.96,53.75,6.210000000000001,-1.0397755405182396,-1.8444119795471114,-0.010452189722500753,0.0,0.03569409078322751,0.03855006377958815,433151.0,44459.0,12600.0,5857.0,3683.0,15865.0,85.2,9590.0,4076.0,2088.0,-1699.0,1506.0,2174.0,2986.199951171875,14.25,116.1344,1.76,1.85,0.5363125754856091,1,1,1,1
2019-10-25,62.06,56.52,5.539999999999999,3.502334889926617,5.153488372093018,0.034423985785837184,1.0,0.04047522297985948,0.03952156675383434,438853.0,46031.0,12600.0,6697.0,3327.0,15998.0,87.7,9784.0,4263.0,1830.0,5702.0,1572.0,3370.0,3022.550048828125,12.65,116.0774,1.8,1.83,1.2172693808391921,1,1,1,1
2019-11-01,60.17,56.04,4.130000000000003,-3.0454398968739915,-0.8492569002123251,-0.030927769787973746,0.0,0.030384919568056886,0.03562313442518881,446782.0,47745.0,12600.0,6077.0,2371.0,15761.0,86.0,9145.0,4296.0,1811.0,7929.0,1714.0,3706.0,3066.909912109375,12.3,115.7312,1.73,1.57,1.4676303970036386,1,1,1,1
2019-11-08,62.0,57.02,4.979999999999997,3.041382748878174,1.7487508922198414,0.029960495812831132,1.0,0.03170759799407029,0.0357466654469584,449001.0,46516.0,12800.0,5750.0,2633.0,15916.0,87.8,9321.0,4534.0,1750.0,2219.0,-1229.0,3117.0,3093.080078125,12.07,116.3436,1.94,1.55,0.8533072951472986,1,1,1,1
2019-11-15,63.32,57.54,5.780000000000001,2.1290322580645116,0.9119607155384069,0.0210668499677198,1.0,0.030220172738880797,0.03589895996292895,450380.0,44221.0,12800.0,5972.0,3027.0,16435.0,89.5,9192.0,4323.0,1656.0,1379.0,-2295.0,2945.0,3120.4599609375,12.05,116.4401,1.84,1.55,0.8851979942626542,1,1,1,1
2019-11-22,64.83,57.68,7.149999999999999,2.384712571067582,0.24330900243310083,0.02356722417409279,1.0,0.028146563538284004,0.03478691718961671,451952.0,44124.0,12900.0,6190.0,3480.0,16334.0,89.3,9204.0,4393.0,1876.0,1572.0,-97.0,2710.0,3110.2900390625,12.34,116.9137,1.77,1.55,-0.3259109875566102,1,1,1,1
2019-11-29,64.5,58.12,6.380000000000003,-0.509023600185099,0.7628294036061023,-0.005103235385177487,0.0,0.015444946838369712,0.034910160211797985,447096.0,43822.0,12900.0,5989.0,3135.0,16798.0,91.9,9032.0,3556.0,1956.0,-4856.0,-302.0,2854.0,3140.97998046875,12.62,117.1204,1.78,1.56,0.986722814297436,1,1,1,1
2019-12-06,66.5,59.2,7.299999999999997,3.100775193798455,1.8582243633860962,0.030536723860081702,1.0,0.015603364013099884,0.03566654272778533,447918.0,40429.0,12800.0,6887.0,3400.0,16597.0,90.6,8882.0,3731.0,1580.0,822.0,-3393.0,3487.0,3145.909912109375,13.62,116.5381,1.84,1.55,0.15695520733274293,1,1,1,1
2019-12-13,67.44,60.11,7.329999999999998,1.4135338345864668,1.5371621621621534,0.014036366031791567,1.0,0.015465551181058485,0.03118538765212733,446833.0,40164.0,12800.0,6579.0,3633.0,16562.0,90.6,9411.0,4120.0,2056.0,-1085.0,-265.0,2946.0,3168.800048828125,12.63,115.6967,1.82,1.55,0.7276157728052013,1,1,1,1
2019-12-20,68.66,60.43,8.229999999999997,1.8090154211150677,0.5323573448677399,0.017928474335946003,1.0,0.014757396342337638,0.02782267449840365,441359.0,37771.0,12900.0,6809.0,3397.0,16980.0,93.3,9303.0,4214.0,1539.0,-5474.0,-2393.0,3412.0,3221.219970703125,12.51,115.7598,1.92,1.55,1.6542514853338908,1,1,1,1
2019-12-27,68.91,61.76,7.149999999999999,0.3641130206816223,2.2008935958960807,0.0036345173395706046,1.0,0.011115389669575714,0.019726369887875565,429896.0,36322.0,12900.0,6352.0,4462.0,17283.0,94.5,8961.0,3055.0,1972.0,-11463.0,-1449.0,1890.0,3240.02001953125,13.43,115.22,1.88,1.55,0.5836313259917292,1,1,1,1
2020-01-03,69.08,63.0,6.079999999999998,0.24669859236685632,2.0077720207253957,0.002463947909361288,1.0,0.0076491112853675535,0.019565432632835722,431060.0,35501.0,12900.0,6730.0,3064.0,16897.0,93.0,8133.0,3373.0,1611.0,1164.0,-821.0,3666.0,3234.85009765625,14.02,114.9867,1.8,1.55,-0.1595645040411764,1,1,1,1
2020-01-10,66.77,59.02,7.749999999999993,-3.343949044585992,-6.317460317460311,-0.034011375408700466,0.0,0.022155227864004794,0.022817551687229782,428511.0,35843.0,13000.0,6552.0,3481.0,16973.0,92.2,8558.0,3185.0,1727.0,-2549.0,342.0,3071.0,3265.35009765625,12.56,115.0677,1.83,1.54,0.9428566727743615,1,1,1,1
2020-01-17,64.05,58.55,5.5,-4.073685787030101,-0.7963402236530137,-0.041589849527034164,0.0,0.023791536278294712,0.025500665746211095,428106.0,34882.0,13000.0,6432.0,3414.0,16857.0,90.5,8662.0,4389.0,1551.0,-405.0,-961.0,3018.0,3329.6201171875,12.1,115.0656,1.84,1.55,1.9682428410166652,1,1,1,1
2020-01-24,59.34,54.09,5.25,-7.353629976580789,-7.617421007685731,-0.07638041348006742,0.0,0.03234008297229142,0.033162822915208605,431654.0,35640.0,13000.0,6660.0,3509.0,15924.0,87.2,8793.0,3901.0,1670.0,3548.0,758.0,3151.0,3295.469970703125,14.56,115.5556,1.7,1.55,-1.025646929152424,1,1,1,1
2020-01-31,57.77,51.58,6.190000000000005,-2.6457701381867205,-4.640414124607151,-0.02681400506950158,0.0,0.02196570918344692,0.03235992619620912,435009.0,36708.0,12900.0,6615.0,3413.0,15972.0,87.4,8933.0,4211.0,1657.0,3355.0,1068.0,3202.0,3225.52001953125,18.84,115.7345,1.51,1.59,-2.122609272538767,1,1,1,1
2020-02-07,54.53,50.34,4.189999999999998,-5.608447290981477,-2.4040325707638477,-0.05771860085520396,0.0,0.021309293107420496,0.03432635193270037,442468.0,38376.0,13000.0,6978.0,2970.0,16020.0,88.0,8722.0,3820.0,1664.0,7459.0,1668.0,4008.0,3327.7099609375,15.47,116.5086,1.59,1.58,3.168169497862894,1,1,1,1
2020-02-14,57.37,52.03,5.339999999999996,5.208142306986963,3.3571712355979333,0.05077050967580933,1.0,0.056063050387721,0.03765807254286536,442883.0,38243.0,13000.0,6547.0,3564.0,16210.0,89.4,8918.0,3728.0,1383.0,415.0,-133.0,2983.0,3380.159912109375,13.68,116.4223,1.59,1.58,1.576157531382294,1,1,1,1
2020-02-21,58.6,53.36,5.240000000000002,2.1439776886874817,2.556217566788388,0.02121317796918738,1.0,0.048437941352297335,0.03873201789744541,443335.0,39149.0,13000.0,6217.0,3657.0,16008.0,87.9,9035.0,4119.0,1450.0,452.0,906.0,2560.0,3337.75,17.08,117.0473,1.46,1.58,-1.254671767375326,1,1,1,1
2020-02-28,51.31,44.83,6.480000000000004,-12.44027303754266,-15.985757121439281,-0.13284903162909348,0.0,0.08264866941528569,0.05079493470907101,444119.0,37178.0,13100.0,6238.0,4154.0,15696.0,86.9,9186.0,3919.0,1707.0,784.0,-1971.0,2084.0,2954.219970703125,40.11,117.6568,1.13,1.58,-11.490675733559286,1,1,1,1
2020-03-06,45.6,41.14,4.460000000000001,-11.128435002923409,-8.231095248717368,-0.11797794843353306,0.0,0.09416134076320404,0.056363482892160664,451783.0,37882.0,13000.0,6412.0,3410.0,15701.0,86.4,9449.0,4398.0,1565.0,7664.0,704.0,3002.0,2972.3701171875,41.94,116.7106,0.74,1.09,0.6143803326891462,1,1,1,1
2020-03-13,32.25,31.72,0.5300000000000011,-29.276315789473685,-22.897423432182794,-0.3463896732785589,0.0,0.15172174672164118,0.10435408431051664,453737.0,38445.0,13100.0,6539.0,4378.0,15820.0,86.4,9696.0,4013.0,1735.0,1954.0,563.0,2161.0,2711.02001953125,57.83,120.4388,0.94,1.1,-8.792649883842296,1,1,1,1
2020-03-20,25.55,19.48,6.07,-20.77519379844961,-38.587641866330394,-0.23288072659206802,0.0,0.10570633070041514,0.11263741138791959,455360.0,39303.0,13000.0,6117.0,3850.0,15838.0,87.3,8837.0,3795.0,1465.0,1623.0,858.0,2267.0,2304.919921875,66.04,124.9362,0.92,0.15,-14.979605267779128,1,1,1,1
2020-03-27,22.39,15.48,6.91,-12.367906066536206,-20.533880903490765,-0.13202288603905,0.0,0.1059014987295017,0.11005658226943862,469193.0,42824.0,13000.0,6047.0,3155.0,14898.0,82.3,6659.0,3907.0,1335.0,13833.0,3521.0,2892.0,2541.469970703125,65.54,122.4007,0.72,0.1,10.262831544954354,1,1,1,1
2020-04-03,24.33,28.36,-4.030000000000001,8.66458240285841,83.20413436692506,0.08309572618476772,1.0,0.1824793478810205,0.1205412237986209,484370.0,49241.0,12400.0,5874.0,2833.0,13634.0,75.6,5065.0,3807.0,755.0,15177.0,6417.0,3041.0,2488.64990234375,46.8,124.4152,0.62,0.05,-2.0783274627778403,1,1,1,1
2020-04-10,20.23,22.9,-2.669999999999998,-16.851623510069867,-19.252468265162204,-0.1845435056157771,0.0,0.13934821516820461,0.12299396495329039,503618.0,54965.0,12300.0,5680.0,3436.0,12665.0,69.1,5081.0,2757.0,463.0,19248.0,5724.0,2244.0,2789.820068359375,41.67,122.1592,0.73,0.05,12.101749054054988,1,1,1,1
2020-04-17,19.75,18.31,1.4400000000000013,-2.372713791398917,-20.04366812227074,-0.02401315983252327,0.0,0.11887444270495906,0.12467253840450687,518640.0,59741.0,12200.0,4937.0,2890.0,12456.0,67.6,5311.0,3128.0,612.0,15022.0,4776.0,2047.0,2874.56005859375,38.15,122.871,0.65,0.05,3.037471527122837,1,1,1,1
2020-04-24,15.87,15.99,-0.120000000000001,-19.645569620253166,-12.670671764063346,-0.2187229568088132,0.0,0.1411405095127803,0.1278635082558814,527631.0,63378.0,12100.0,5302.0,3302.0,12761.0,69.6,5860.0,3164.0,800.0,8991.0,3637.0,2000.0,2836.739990234375,35.93,124.1615,0.6,0.05,-1.3156819683175058,1,1,1,1
2020-05-01,18.49,19.72,-1.2300000000000004,16.509136735979823,23.327079424640385,0.15279951086071566,1.0,0.17027969812098548,0.14816939914228644,532221.0,65446.0,11900.0,5712.0,3546.0,12976.0,70.5,6664.0,3129.0,515.0,4590.0,2068.0,2166.0,2830.7099609375,37.19,123.1492,0.64,0.05,-0.2125689812120135,1,1,1,1
2020-05-08,24.23,24.73,-0.5,31.0438074634938,25.405679513184598,0.270361489429401,1.0,0.213479979159773,0.17775807386000855,531476.0,62444.0,11600.0,5391.0,3525.0,12383.0,67.9,7398.0,3818.0,352.0,-745.0,-3002.0,1866.0,2929.800048828125,27.98,122.5379,0.69,0.05,3.500538354618543,1,1,1,1
2020-05-15,30.95,29.44,1.509999999999998,27.734213784564577,19.04569348968863,0.24478146430217065,1.0,0.22638549794804738,0.19885963469183726,526494.0,56857.0,11500.0,5197.0,3239.0,12903.0,69.4,6790.0,3668.0,634.0,-4982.0,-5587.0,1958.0,2863.699951171875,31.89,123.5991,0.64,0.05,-2.2561299936727397,1,1,1,1
2020-05-22,33.8,33.49,0.30999999999999517,9.20840064620354,13.756793478260864,0.08808780335836787,1.0,0.08411303969022958,0.20103048277465743,534422.0,53462.0,11400.0,7200.0,3176.0,12991.0,71.3,7253.0,3266.0,860.0,7928.0,-3395.0,4024.0,2955.449951171875,28.16,122.3211,0.66,0.05,3.2038971108846237,1,1,1,1
2020-05-29,34.15,35.57,-1.4200000000000017,1.0355029585798814,6.210809196775147,0.01030178352782597,1.0,0.12486438440368415,0.19961015480647026,532345.0,51723.0,11200.0,6179.0,2794.0,13307.0,71.8,7549.0,2718.0,385.0,-2077.0,-1739.0,3385.0,3044.31005859375,27.51,120.9458,0.65,0.05,3.006652418073963,1,1,1,1
2020-06-05,41.0,39.49,1.509999999999998,20.058565153733543,11.020522912566765,0.18280948068750885,1.0,0.10334243942898683,0.17936371573759127,538065.0,49444.0,11100.0,6864.0,2439.0,13484.0,73.1,7900.0,3302.0,713.0,5720.0,-2279.0,4425.0,3193.929931640625,24.52,118.8138,0.91,0.07,4.914738320576606,1,1,1,1
2020-06-12,38.54,36.24,2.299999999999997,-6.000000000000005,-8.229931628260323,-0.06187540371808753,0.0,0.10502022388903143,0.1635407222533273,539280.0,46836.0,10500.0,6642.0,2462.0,13600.0,73.8,7870.0,3555.0,788.0,1215.0,-2608.0,4180.0,3041.31005859375,36.09,119.6645,0.71,0.08,-4.778435229118472,1,1,1,1
2020-06-19,42.33,39.72,2.6099999999999994,9.833938764919559,9.60264900662251,0.09379939154661195,1.0,0.10566000228290567,0.15546084810039806,540722.0,45845.0,11000.0,6540.0,3157.0,13840.0,74.6,8608.0,3466.0,805.0,1442.0,-991.0,3383.0,3097.739990234375,35.12,120.2186,0.7,0.09,1.8554481638980658,1,1,1,1
2020-06-26,40.97,38.53,2.4399999999999977,-3.2128514056224855,-2.9959718026183246,-0.03265596297405257,0.0,0.11376079447784683,0.1570120116769419,533527.0,45582.0,11000.0,5969.0,3092.0,14033.0,75.5,8561.0,3778.0,588.0,-7195.0,-263.0,2877.0,3009.050048828125,34.73,120.533,0.64,0.08,-2.8630531189139496,1,1,1,1
2020-07-03,42.92,40.57,2.3500000000000014,4.759580180619971,5.294575655333511,0.04649782620371806,1.0,0.07148828090079899,0.13973051938233239,539181.0,47788.0,11000.0,7394.0,2387.0,14347.0,77.5,8766.0,3019.0,924.0,5654.0,2206.0,5007.0,3130.010009765625,27.68,119.8555,0.68,0.09,4.019872018566395,1,1,1,1
2020-07-10,43.27,40.56,2.710000000000001,0.8154706430568481,-0.024648755237854925,0.00812163647429568,1.0,0.053982975233851926,0.1382177450394117,531688.0,48737.0,11000.0,5567.0,2543.0,14309.0,78.1,8648.0,3692.0,1269.0,-7493.0,949.0,3024.0,3185.0400390625,27.29,119.3509,0.65,0.09,1.7581422783052192,1,1,1,1
2020-07-17,43.53,40.55,2.980000000000004,0.6008782066096563,-0.024654832347148492,0.00599080132741271,1.0,0.032326200428655236,0.10819161037131794,536580.0,50112.0,11100.0,5941.0,2993.0,14206.0,77.9,8550.0,3223.0,1078.0,4892.0,1375.0,2948.0,3224.72998046875,25.68,119.124,0.64,0.09,1.2461363411284676,1,1,1,1
2020-07-24,43.29,41.23,2.0600000000000023,-0.5513439007581056,1.676942046855734,-0.005528694110317052,0.0,0.022627197088711935,0.10870293569166373,525969.0,51421.0,11100.0,5146.0,3211.0,14595.0,79.5,8809.0,3635.0,1023.0,-10611.0,1309.0,1935.0,3215.6298828125,25.84,118.1329,0.59,0.09,-0.28219719825742784,1,1,1,1
2020-07-31,43.13,40.1,3.030000000000001,-0.3696003696003647,-2.7407227746786167,-0.003702850794137379,0.0,0.006835506888435769,0.09019982237005286,518596.0,51953.0,11000.0,6010.0,2819.0,14637.0,79.6,8617.0,3700.0,1010.0,-7373.0,532.0,3191.0,3271.1201171875,24.46,117.2082,0.55,0.1,1.7256412086351869,1,1,1,1
2020-08-07,44.07,41.16,2.9100000000000037,2.1794574542082,2.6433915211969916,0.021560468194143787,1.0,0.012397822044652786,0.0656043425840331,514084.0,53289.0,10700.0,5621.0,3143.0,14658.0,81.0,8883.0,3862.0,987.0,-4512.0,1336.0,2478.0,3351.280029296875,22.21,117.6239,0.57,0.1,2.4505340445369006,1,1,1,1
2020-08-14,44.86,42.05,2.8100000000000023,1.7926026775584303,2.1622934888241074,0.017767250238166638,1.0,0.014122813896796517,0.06297857788772276,512452.0,52682.0,10700.0,5730.0,2137.0,14487.0,80.9,8630.0,3253.0,980.0,-1632.0,-607.0,3593.0,3372.85009765625,22.05,116.9395,0.71,0.1,0.6436367051040115,1,1,1,1
2020-08-21,43.94,42.32,1.6199999999999974,-2.0508247882300545,0.642092746730083,-0.020721462135598164,0.0,0.01973230171506762,0.06419860456471334,507763.0,52403.0,10800.0,5916.0,3363.0,14712.0,82.0,9161.0,3958.0,1142.0,-4689.0,-279.0,2553.0,3397.159912109375,22.54,117.0572,0.64,0.09,0.7207499221509206,1,1,1,1
2020-08-28,45.22,42.96,2.259999999999998,2.9130632680928636,1.512287334593565,0.02871439989335973,1.0,0.02217065326420122,0.03958432105564728,498401.0,52513.0,9700.0,4900.0,3002.0,13868.0,76.7,8786.0,3918.0,940.0,-9362.0,110.0,1898.0,3508.010009765625,22.96,115.9374,0.74,0.09,3.263022657871306,1,1,1,1
2020-09-04,41.1,39.69,1.4100000000000037,-9.111012826183096,-7.611731843575431,-0.09553134534763477,0.0,0.056210334991821244,0.045715436902140964,500434.0,54351.0,10000.0,5423.0,2944.0,12779.0,71.8,8390.0,3713.0,864.0,2033.0,1838.0,2479.0,3426.9599609375,30.75,116.0347,0.72,0.09,-2.3104280946319222,1,1,1,1
2020-09-11,38.8,37.33,1.4699999999999989,-5.596107055961086,-5.946082136558328,-0.057587874872961325,0.0,0.0530128524203174,0.039565554702894,496045.0,54277.0,10900.0,5008.0,2595.0,13488.0,75.8,8478.0,2809.0,947.0,-4389.0,-74.0,2413.0,3340.969970703125,26.87,116.0866,0.67,0.09,-2.5092207441738235,1,1,1,1
2020-09-18,42.16,41.09,1.0699999999999932,8.65979381443298,10.072327886418453,0.08305165760387904,1.0,0.08111139429100876,0.04633324435477734,494406.0,54281.0,10700.0,5168.0,3022.0,13370.0,74.8,8515.0,3959.0,935.0,-1639.0,4.0,2146.0,3319.469970703125,25.83,115.2395,0.7,0.09,-0.6435256883040807,1,1,1,1
2020-09-25,40.91,40.06,0.8499999999999943,-2.9648956356736256,-2.506692625943052,-0.030097372291799703,0.0,0.07689338371977386,0.04495945314071475,492426.0,56066.0,10700.0,5122.0,3512.0,13670.0,75.8,8529.0,3655.0,858.0,-1980.0,1785.0,1610.0,3298.4599609375,26.38,117.8679,0.66,0.09,-0.6329326654873957,1,1,1,1
2020-10-02,38.0,36.9,1.1000000000000014,-7.113175262771931,-7.888167748377439,-0.07378837221492135,0.0,0.07077432640429092,0.04898956775504592,492927.0,56536.0,11000.0,5732.0,2659.0,13853.0,77.1,8896.0,3868.0,907.0,501.0,470.0,3073.0,3348.419921875,27.63,116.7321,0.7,0.09,1.5146450625188157,1,1,1,1
2020-10-09,41.63,40.44,1.1900000000000048,9.552631578947368,9.59349593495935,0.0912349014804983,1.0,0.08232636697641832,0.057149948838972495,489109.0,59442.0,10500.0,5286.0,2135.0,13577.0,75.1,8576.0,4175.0,1172.0,-3818.0,2906.0,3151.0,3477.139892578125,25.0,115.2757,0.79,0.09,3.844200360361194,1,1,1,1
2020-10-16,41.34,40.7,0.6400000000000006,-0.6966130194571152,0.6429277942631151,-0.0069905069532617955,0.0,0.06982550744860264,0.05715571438078575,488107.0,60417.0,9900.0,5118.0,3036.0,13026.0,72.9,8289.0,3588.0,975.0,-1002.0,975.0,2082.0,3483.81005859375,27.41,115.7679,0.76,0.09,0.19182909579975593,1,1,1,1
2020-10-23,40.71,39.73,0.980000000000004,-1.523947750362853,-2.3832923832924013,-0.015356791738734821,0.0,0.06842812525322144,0.057252082770214124,492427.0,59995.0,11100.0,5664.0,3460.0,13388.0,74.6,8545.0,4240.0,1014.0,4320.0,-422.0,2204.0,3465.389892578125,27.55,115.0126,0.85,0.09,-0.5287362314769894,1,1,1,1
2020-10-30,36.33,35.64,0.6899999999999977,-10.75902726602801,-10.294487792600037,-0.11382991628177697,0.0,0.08378703647404938,0.06446820201844673,484429.0,60931.0,10500.0,5029.0,2265.0,13552.0,75.3,8336.0,3762.0,910.0,-7998.0,936.0,2764.0,3269.9599609375,38.02,116.1354,0.88,0.09,-5.639478895554584,1,1,1,1
2020-11-06,38.08,36.97,1.1099999999999994,4.816955684007707,3.731762065095401,0.047045363690053986,1.0,0.06700520526322425,0.0663915637033992,488706.0,60413.0,10500.0,5499.0,2765.0,13447.0,74.5,8762.0,4054.0,1329.0,4277.0,-518.0,2734.0,3509.43994140625,24.86,113.9919,0.83,0.09,7.323636476579076,1,1,1,1
2020-11-13,41.51,39.93,1.5799999999999983,9.007352941176471,8.006491750067624,0.08624515214178284,1.0,0.0872551108269573,0.07227649354509154,489475.0,61613.0,10900.0,5254.0,2748.0,13841.0,77.4,8258.0,4225.0,987.0,769.0,1200.0,2506.0,3585.14990234375,23.1,114.2397,0.89,0.09,2.1573231684131056,1,1,1,1
2020-11-20,43.79,41.99,1.7999999999999972,5.49265237292218,5.159028299524171,0.053471118748359525,1.0,0.08969976590477846,0.07365837220836548,488721.0,59892.0,11000.0,5228.0,2831.0,14263.0,78.7,8129.0,4175.0,1169.0,-754.0,-1721.0,2397.0,3557.5400390625,23.7,113.489,0.83,0.08,-0.7701174018748924,1,1,1,1
2020-11-27,46.88,45.58,1.3000000000000043,7.05640557204843,8.549654679685625,0.06818566445545035,1.0,0.017420357523390117,0.06996581572007875,488042.0,59575.0,11100.0,5399.0,3456.0,14012.0,78.2,7973.0,3789.0,1134.0,-679.0,-317.0,1943.0,3638.35009765625,20.84,113.1823,0.84,0.08,2.271515083637543,1,1,1,1
2020-12-04,49.1,46.23,2.8700000000000045,4.735494880546076,1.4260640631855948,0.04626788953171773,1.0,0.017671203293967562,0.06707884038168832,503231.0,58211.0,11100.0,6479.0,1834.0,14436.0,79.9,7600.0,3389.0,1309.0,15189.0,-1364.0,4645.0,3699.1201171875,20.79,111.7778,0.97,0.09,1.6702631110292687,1,1,1,1
2020-12-11,50.01,46.59,3.4199999999999946,1.8533604887983612,0.7787151200519205,0.01836395063033734,1.0,0.02090083621148356,0.06404867482762296,500096.0,58409.0,11000.0,5424.0,2627.0,14183.0,79.1,7975.0,4002.0,1149.0,-3135.0,198.0,2797.0,3663.4599609375,23.31,112.1417,0.9,0.09,-0.964017256003924,1,1,1,1
2020-12-18,52.17,49.04,3.1300000000000026,4.319136172765448,5.2586391929598575,0.04228463160348903,1.0,0.02041272204825341,0.06289256208745703,499534.0,58383.0,11000.0,5564.0,3099.0,14014.0,78.0,8022.0,4174.0,1196.0,-562.0,-26.0,2465.0,3709.409912109375,21.57,111.6071,0.95,0.09,1.2542774224865827,1,1,1,1
2020-12-25,50.88,48.18,2.700000000000003,-2.4726854514088514,-1.753670473083191,-0.025037698002434605,0.0,0.03274545911185712,0.05761852959717757,493469.0,58410.0,11000.0,5326.0,3625.0,14287.0,79.4,8128.0,3594.0,1217.0,-6065.0,27.0,1701.0,3703.06005859375,21.53,111.9807,0.94,0.09,-0.1711823084015518,1,1,1,1
2021-01-01,51.22,48.35,2.8699999999999974,0.6682389937106903,0.35284350352844385,0.006660161739512465,1.0,0.027986654536196323,0.05373136316905047,485459.0,59202.0,11000.0,5369.0,3632.0,14376.0,80.7,7441.0,2941.0,917.0,-8010.0,792.0,1737.0,3756.070068359375,22.75,111.3169,0.93,0.09,1.4315190390337795,1,1,1,1
2021-01-08,55.51,52.14,3.3699999999999974,8.375634517766507,7.838676318510851,0.08043310393069082,1.0,0.045486258208511605,0.05602008227601058,482211.0,57227.0,11000.0,6239.0,3011.0,14650.0,82.0,7532.0,3609.0,1468.0,-3248.0,-1975.0,3228.0,3824.679931640625,21.56,111.2847,1.13,0.09,1.8266396002356355,1,1,1,1
2021-01-15,54.8,52.25,2.549999999999997,-1.2790488200324246,0.21097046413502962,-0.012872990748100051,0.0,0.047264189073295645,0.0558635553662628,486563.0,52500.0,11000.0,6045.0,2251.0,14760.0,82.5,8112.0,3821.0,1087.0,4352.0,-4727.0,3794.0,3768.25,24.34,111.5106,1.11,0.09,-1.4754157903199783,1,1,1,1
2021-01-22,55.22,52.28,2.9399999999999977,0.7664233576642365,0.05741626794257826,0.007635012548038551,1.0,0.04108031664932407,0.03590742606875092,476653.0,50219.0,10900.0,5064.0,3355.0,14721.0,81.7,7833.0,4300.0,1240.0,-9910.0,-2281.0,1709.0,3841.469970703125,21.91,111.5516,1.1,0.08,1.9430762476779773,1,1,1,1
2021-01-29,55.25,52.16,3.0900000000000034,0.05432814197754432,-0.2295332823259444,0.0005431338958538254,1.0,0.04187169098150246,0.036969933510796325,475659.0,48702.0,10900.0,6507.0,3483.0,14641.0,82.3,7770.0,4198.0,750.0,-994.0,-1517.0,3024.0,3714.239990234375,33.09,111.9511,1.11,0.07,-3.312012886709159,1,1,1,1
2021-02-05,59.48,56.8,2.6799999999999997,7.656108597285072,8.895705521472387,0.07377178119409217,1.0,0.03861637044857562,0.035418717741932525,469014.0,48044.0,11000.0,5857.0,2617.0,14793.0,83.0,7857.0,4308.0,1264.0,-6645.0,-658.0,3240.0,3886.830078125,20.87,112.2379,1.19,0.08,4.6467134149760225,1,1,1,1
2021-02-12,62.47,59.5,2.969999999999999,5.026899798251527,4.753521126760574,0.04904631991352435,1.0,0.03471983770364428,0.0351740627004157,461757.0,45016.0,10800.0,5898.0,3862.0,14819.0,83.1,8407.0,4454.0,1175.0,-7257.0,-3028.0,2036.0,3934.830078125,19.97,111.4889,1.2,0.08,1.2349395017328568,1,1,1,1
2021-02-19,62.84,59.12,3.720000000000006,0.5922842964623198,-0.6386554621848783,0.005905371881942048,1.0,0.035145040879118045,0.03352007213403148,463042.0,47823.0,9700.0,4599.0,2314.0,12230.0,68.6,7207.0,3932.0,979.0,1285.0,2807.0,2285.0,3906.7099609375,22.05,111.7058,1.34,0.07,-0.7146462904161655,1,1,1,1
2021-02-26,65.86,61.55,4.310000000000002,4.8058561425843305,4.110284167794309,0.046939463560797715,1.0,0.028116644149415452,0.03356040737471534,484605.0,48308.0,10000.0,6292.0,2351.0,9903.0,56.0,8148.0,3788.0,1285.0,21563.0,485.0,3941.0,3811.14990234375,27.95,112.8306,1.44,0.07,-2.446049477674006,1,1,1,1
2021-03-05,69.95,66.08,3.8700000000000045,6.21014272699667,7.359870024370441,0.06024942416327206,1.0,0.023814067157685755,0.03501398323516303,498403.0,48834.0,10900.0,5655.0,2633.0,12310.0,69.0,8726.0,4487.0,849.0,13798.0,526.0,3022.0,3841.93994140625,24.66,113.7487,1.56,0.07,0.8078936764876365,1,1,1,1
2021-03-12,68.87,65.59,3.280000000000001,-1.5439599714081487,-0.741525423728806,-0.015560031554883306,0.0,0.03527068159275193,0.03679932950438183,500799.0,48210.0,10900.0,5323.0,2520.0,13433.0,76.1,8442.0,4028.0,1010.0,2396.0,-624.0,2803.0,3943.340087890625,20.69,113.0269,1.64,0.07,2.6392954609087305,1,1,1,1
2021-03-19,64.0,61.43,2.5700000000000003,-7.071293741832441,-6.342430248513498,-0.07333758619693505,0.0,0.06156346276611277,0.04440392150729674,502711.0,46275.0,11000.0,5622.0,2481.0,14389.0,81.6,8616.0,3592.0,1037.0,1912.0,-1935.0,3141.0,3913.10009765625,20.95,112.9756,1.74,0.07,-0.766862344113739,1,1,1,1
2021-03-26,63.77,60.93,2.8400000000000034,-0.3593749999999951,-0.8139345596614,-0.0036002230324915494,0.0,0.05478284632811725,0.0447629441045357,501835.0,47057.0,11100.0,6145.0,3174.0,14941.0,83.9,8891.0,4113.0,1361.0,-876.0,782.0,2971.0,3974.5400390625,18.86,113.7406,1.67,0.07,1.57010911739901,1,1,1,1
2021-04-02,63.85,61.41,2.440000000000005,0.12545083895247888,0.7877892663712416,0.0012537221513679736,1.0,0.03441742417256462,0.04038748247846667,498313.0,46322.0,10900.0,6264.0,3434.0,15044.0,84.0,8781.0,3664.0,1261.0,-3522.0,-735.0,2830.0,4019.8701171875,17.33,113.7315,1.72,0.07,1.140511296388702,1,1,1,1
2021-04-09,61.89,59.29,2.6000000000000014,-3.069694596711048,-3.452206481029141,-0.031177966727278218,0.0,0.03420587643316535,0.04172213292880409,492423.0,46668.0,11000.0,5852.0,2579.0,15051.0,85.0,8944.0,4128.0,1358.0,-5890.0,346.0,3273.0,4128.7998046875,16.69,113.2028,1.67,0.07,2.709781269654865,1,1,1,1
2021-04-16,65.98,63.16,2.8200000000000074,6.608498949749553,6.527238994771456,0.0639930500491652,1.0,0.04020624271582411,0.044494534117597274,493017.0,45350.0,11000.0,5405.0,2548.0,14765.0,85.0,9104.0,3854.0,1176.0,594.0,-1318.0,2857.0,4185.47021484375,16.25,112.4814,1.59,0.07,1.3725637676089475,1,1,1,1
2021-04-23,65.75,62.18,3.5700000000000003,-0.34859048196423936,-1.5516149461684559,-0.0034919947425615105,0.0,0.04019621280561106,0.044627415155498416,493107.0,46072.0,10900.0,6616.0,2541.0,15018.0,85.4,8877.0,4330.0,1185.0,90.0,722.0,4075.0,4180.169921875,17.33,112.0889,1.58,0.07,-0.12663554383812725,1,1,1,1
2021-04-30,67.73,63.5,4.230000000000004,3.011406844106479,2.1228690897394653,0.0296695421689385,1.0,0.04118907299672412,0.04096838171258801,485117.0,46326.0,10900.0,5451.0,4122.0,15243.0,86.5,8864.0,4125.0,1084.0,-7990.0,254.0,1329.0,4181.169921875,18.61,112.0839,1.65,0.05,0.023922472499671166,1,1,1,1
2021-05-07,68.73,64.96,3.7700000000000102,1.4764506127270094,2.299212598425182,0.01465657190670161,1.0,0.028607792960860013,0.039216979001822506,484691.0,45905.0,11000.0,5488.0,1796.0,15020.0,86.1,8800.0,3968.0,1282.0,-426.0,-421.0,3692.0,4232.60009765625,16.69,111.0249,1.6,0.06,1.23004270915128,1,1,1,1
2021-05-14,69.24,65.32,3.9200000000000017,0.7420340462679809,0.5541871921182162,0.007392945174494417,1.0,0.01391023676351849,0.0392122506737538,486011.0,45763.0,11000.0,6411.0,3306.0,15116.0,86.3,9224.0,4058.0,1186.0,1320.0,-142.0,3105.0,4173.85009765625,18.81,111.1353,1.63,0.06,-1.3880356906983082,1,1,1,1
2021-05-21,66.72,63.61,3.1099999999999994,-3.6395147313691423,-2.6178812002449425,-0.037073972257517095,0.0,0.028697341611024798,0.039143812601712166,484349.0,44755.0,11000.0,6273.0,3433.0,15239.0,87.0,9479.0,4461.0,1399.0,-1662.0,-1008.0,2840.0,4155.85986328125,20.15,111.0576,1.63,0.06,-0.4310225320526495,1,1,1,1
2021-05-28,69.36,66.31,3.049999999999997,3.9568345323740983,4.244615626473824,0.038805574421795073,1.0,0.03166721414662222,0.036604203949773505,479270.0,45539.0,10800.0,5631.0,2544.0,15597.0,88.7,9146.0,3813.0,1441.0,-5079.0,784.0,3087.0,4204.10986328125,16.76,110.7576,1.58,0.05,1.1610112368395376,1,1,1,1
2021-06-04,71.3,69.57,1.730000000000004,2.797001153402534,4.916302216860191,0.027585994947963807,1.0,0.03346181307118191,0.03712778495799726,474029.0,45704.0,11000.0,6638.0,2931.0,15925.0,91.3,8480.0,3413.0,1032.0,-5241.0,165.0,3707.0,4229.89013671875,16.42,110.7521,1.56,0.06,0.6132159785514846,1,1,1,1
2021-06-11,72.05,71.0,1.0499999999999972,1.051893408134652,2.0554836854966396,0.010463995025280937,1.0,0.03344244092998045,0.028324021777799878,466674.0,43554.0,11200.0,6746.0,3884.0,16337.0,92.6,9360.0,4336.0,1258.0,-7355.0,-2150.0,2862.0,4247.43994140625,15.65,111.0933,1.47,0.06,0.41489977565030145,1,1,1,1
2021-06-18,73.1,71.64,1.4599999999999937,1.4573213046495503,0.901408450704233,0.014468044310201739,1.0,0.012918705363264782,0.028021306954690003,459060.0,41721.0,11100.0,6943.0,3651.0,16112.0,92.2,9440.0,3947.0,1584.0,-7614.0,-1833.0,3292.0,4166.4501953125,20.7,113.0408,1.45,0.1,-1.9067896712139487,1,1,1,1
2021-06-25,76.45,74.21,2.240000000000009,4.582763337893314,3.587381351200447,0.04480856561933865,1.0,0.015486525390625382,0.029378528676749626,452342.0,40261.0,11100.0,6406.0,3717.0,16299.0,92.9,9173.0,4170.0,1435.0,-6718.0,-1460.0,2689.0,4280.7001953125,15.62,111.9655,1.54,0.1,2.742142462870145,1,1,1,1
2021-07-02,77.51,75.37,2.1400000000000006,1.386527141922822,1.5631316534159945,0.013770027918348707,1.0,0.01604923953615176,0.02557355469996907,445476.0,39647.0,11300.0,5875.0,2628.0,16115.0,92.2,10043.0,3840.0,1371.0,-6866.0,-614.0,3247.0,4352.33984375,15.07,112.5425,1.44,0.1,1.6735497738418426,1,1,1,1
2021-07-09,77.14,74.56,2.5799999999999983,-0.4773577602889989,-1.0746981557648971,-0.004785007513338353,0.0,0.020532326388864333,0.02196565316357721,437580.0,38058.0,11400.0,6221.0,4025.0,16093.0,91.8,9283.0,3164.0,1557.0,-7896.0,-1589.0,2196.0,4369.5498046875,16.18,112.8375,1.37,0.1,0.39541859219043296,1,1,1,1
2021-07-16,74.46,71.76,2.6999999999999886,-3.474202748249944,-3.7553648068669454,-0.03535988433551098,0.0,0.03359408975484512,0.025745056031346455,439687.0,36711.0,11400.0,7097.0,2463.0,16007.0,91.4,9295.0,3925.0,1406.0,2107.0,-1347.0,4634.0,4327.16015625,18.45,113.0428,1.31,0.1,-0.970114779147857,1,1,1,1
2021-07-23,74.86,72.24,2.6200000000000045,0.537201181842617,0.6688963210702115,0.005357634031712234,1.0,0.021456192892019096,0.025034758364961555,435598.0,35443.0,11200.0,6507.0,2489.0,15875.0,91.1,9325.0,4356.0,1653.0,-4089.0,-1268.0,4018.0,4411.7900390625,17.2,113.4398,1.3,0.1,1.955783464364358,1,1,1,1
2021-07-30,77.72,73.93,3.789999999999992,3.820464867753137,2.3394241417497463,0.03749292203295641,1.0,0.030032266022831048,0.026389781096327482,439225.0,34900.0,11200.0,6432.0,1904.0,15920.0,91.3,9775.0,3618.0,1643.0,3627.0,-543.0,4528.0,4395.259765625,18.24,112.6714,1.24,0.07,-0.3746840464106227,1,1,1,1
2021-08-06,71.02,68.26,2.759999999999991,-8.62068965517242,-7.669417016096314,-0.09015109699429757,0.0,0.05508713908657076,0.03924138675702647,438777.0,34575.0,11300.0,6396.0,2663.0,16197.0,91.8,9430.0,3734.0,1276.0,-448.0,-325.0,3733.0,4436.52001953125,16.15,113.3088,1.31,0.1,0.9387443770432657,1,1,1,1
2021-08-13,70.9,68.36,2.5400000000000063,-0.1689664883131381,0.14649868151186407,-0.0016910939768598886,0.0,0.05466399930605822,0.03731087592316998,435544.0,33595.0,11400.0,6350.0,3431.0,16006.0,92.2,9333.0,4323.0,1672.0,-3233.0,-980.0,2919.0,4468.0,15.45,113.0615,1.29,0.1,0.7095647113089409,1,1,1,1
2021-08-20,65.51,62.25,3.260000000000005,-7.60225669957687,-8.937975424224687,-0.07906763079429685,0.0,0.06147485189503241,0.042741152014431454,432564.0,33665.0,11400.0,6157.0,2812.0,16072.0,92.4,9572.0,4104.0,1399.0,-2980.0,70.0,3345.0,4441.669921875,18.56,114.5009,1.26,0.09,-0.5893034495299876,1,1,1,1
2021-08-27,72.26,68.84,3.4200000000000017,10.303770416730273,10.586345381526119,0.09806792297570921,1.0,0.0869340790282744,0.05152939453747005,425395.0,34501.0,11500.0,6340.0,3040.0,15938.0,91.3,9578.0,4390.0,1797.0,-7169.0,836.0,3300.0,4509.3701171875,16.39,113.3404,1.31,0.08,1.5242059068612868,1,1,1,1
2021-09-03,73.07,69.34,3.7299999999999898,1.1209521173539905,0.7263219058686765,0.011147160083632196,1.0,0.07255730069217733,0.05154103906621953,423867.0,36419.0,10000.0,5810.0,2342.0,14302.0,81.9,9608.0,3685.0,1622.0,-1528.0,1918.0,3468.0,4535.43017578125,16.41,112.5476,1.33,0.08,0.5779090630512185,1,1,1,1
2021-09-10,72.44,69.82,2.6200000000000045,-0.8621869440262664,0.6922411306605092,-0.008659252787913718,0.0,0.07292190780502952,0.05143092195016477,417445.0,35316.0,10100.0,5761.0,2624.0,14387.0,82.1,8892.0,3795.0,1376.0,-6422.0,-1103.0,3137.0,4458.580078125,20.95,112.9425,1.35,0.08,-1.6944389986780495,1,1,1,1
2021-09-17,74.64,72.09,2.549999999999997,3.036996134732206,3.2512174162131258,0.02991792352387589,1.0,0.04638890454324101,0.05040096051200671,413964.0,33840.0,10600.0,6465.0,2809.0,15347.0,87.5,8896.0,4424.0,1487.0,-3481.0,-1476.0,3656.0,4432.990234375,20.81,113.5989,1.37,0.08,-0.5739460389093565,1,1,1,1
2021-09-24,77.42,74.18,3.239999999999995,3.724544480171499,2.8991538354834256,0.036568588610413746,1.0,0.020348775751762378,0.05146773232688859,418542.0,33971.0,11100.0,6552.0,3020.0,15415.0,88.1,9399.0,3973.0,1427.0,4578.0,131.0,3532.0,4455.47998046875,17.75,113.7597,1.47,0.08,0.507326768269345,1,1,1,1
2021-10-01,79.4,76.01,3.3900000000000006,2.5574786876776168,2.466972229711506,0.02525322310358813,1.0,0.020161515451250056,0.05194722528548177,420887.0,35519.0,11300.0,7035.0,2114.0,15744.0,89.6,9427.0,4365.0,1694.0,2345.0,1548.0,4921.0,4357.0400390625,21.15,114.3798,1.48,0.08,-2.209412719567272,1,1,1,1
2021-10-08,82.17,79.55,2.6200000000000045,3.488664987405543,4.657281936587276,0.03429190369000646,1.0,0.005000341789325236,0.051230116298696296,426975.0,33551.0,11400.0,5994.0,2514.0,15061.0,86.7,9186.0,3932.0,1334.0,6088.0,-1968.0,3480.0,4391.33984375,18.77,114.5986,1.61,0.08,0.7872272088387922,1,1,1,1
2021-10-15,84.67,82.39,2.280000000000001,3.042472921991002,3.5700817096165904,0.02997107571108943,1.0,0.004994775617491804,0.051596919060223706,426544.0,31231.0,11300.0,5825.0,3060.0,14990.0,84.7,9634.0,4278.0,1414.0,-431.0,-2320.0,2765.0,4471.3701171875,16.3,114.0905,1.59,0.08,1.822456841991027,1,1,1,1
2021-10-22,85.43,84.53,0.9000000000000057,0.8976024565962026,2.5974025974025983,0.008935979509341498,1.0,0.01108405775644643,0.05088036626352243,430812.0,27332.0,11300.0,6254.0,2787.0,15048.0,85.1,9323.0,3869.0,1452.0,4268.0,-3899.0,3467.0,4544.89990234375,15.43,113.67,1.66,0.08,1.6444575874765777,1,1,1,1
2021-10-29,83.1,83.5,-0.4000000000000057,-2.7273791408170545,-1.2185023068733036,-0.027652625302124888,0.0,0.028284874211997862,0.04243030396318377,434102.0,26416.0,11500.0,6172.0,2925.0,15023.0,86.3,9504.0,3686.0,1682.0,3290.0,-916.0,3247.0,4605.3798828125,16.26,114.1349,1.55,0.07,1.3307219469797626,1,1,1,1
2021-11-05,82.43,81.25,1.1800000000000068,-0.8062575210589507,-2.6946107784431184,-0.008095253536266212,0.0,0.02453448475197103,0.042672705224837536,435104.0,26382.0,11500.0,6108.0,3053.0,15366.0,86.7,9259.0,4280.0,1591.0,1002.0,-34.0,3055.0,4697.52978515625,16.48,114.0732,1.45,0.08,2.000918592788792,1,1,1,1
2021-11-12,82.9,80.87,2.030000000000001,0.5701807594322483,-0.4676923076923023,0.005685613816113168,1.0,0.01664130168466301,0.03174354361840716,433003.0,26598.0,11400.0,6191.0,3626.0,15397.0,87.9,9241.0,4350.0,1385.0,-2101.0,216.0,2565.0,4682.85009765625,16.29,114.5144,1.58,0.08,-0.3124980185625681,1,1,1,1
2021-11-19,80.24,76.11,4.1299999999999955,-3.208685162846814,-5.88598986026957,-0.03261291848756931,0.0,0.017739643134898436,0.0238081101765748,434020.0,27385.0,11500.0,6436.0,2605.0,15640.0,88.6,9334.0,4391.0,1510.0,1017.0,787.0,3831.0,4697.9599609375,17.91,115.2187,1.54,0.08,0.32266382579302366,1,1,1,1
2021-11-26,72.37,78.32,-5.949999999999989,-9.808075772681946,2.903692024701088,-0.10323029477564367,0.0,0.04844066028491432,0.040084008420055973,433111.0,28544.0,11600.0,6604.0,2704.0,15631.0,88.8,8796.0,4209.0,1727.0,-909.0,1159.0,3900.0,4594.6201171875,28.62,116.5103,1.48,0.08,-2.1996748505574315,1,1,1,1
2021-12-03,70.71,66.39,4.319999999999993,-2.293768135967955,-15.232379979570986,-0.023204843261887015,0.0,0.046227255519520005,0.04056030289972038,432870.0,30917.0,11700.0,6499.0,2270.0,15785.0,89.8,8963.0,3578.0,1220.0,-241.0,2373.0,4229.0,4538.43017578125,30.67,116.2377,1.35,0.08,-1.2229507548633944,1,1,1,1
2021-12-10,74.98,71.71,3.2700000000000102,6.038749823221634,8.013255008284359,0.058634405691616764,1.0,0.0662717364968751,0.04336567444716996,428286.0,32211.0,11700.0,6471.0,3645.0,15670.0,89.8,9472.0,4896.0,1606.0,-4584.0,1294.0,2826.0,4712.02001953125,18.69,115.5732,1.48,0.08,3.824887395565546,1,1,1,1
2021-12-17,72.97,70.93,2.039999999999992,-2.6807148572952855,-1.087714405243323,-0.027173013530237298,0.0,0.06612191165809206,0.0424234176126546,423571.0,33674.0,11600.0,6194.0,2879.0,15818.0,89.6,8986.0,3822.0,1460.0,-4715.0,1463.0,3315.0,4620.64013671875,21.57,115.791,1.41,0.08,-1.9392931785886303,1,1,1,1
2021-12-24,75.24,73.89,1.3499999999999943,3.110867479786217,4.173128436486673,0.030634606655300933,1.0,0.04193319916152536,0.042798304931896486,419995.0,34729.0,11800.0,6759.0,2929.0,15703.0,89.7,9724.0,4051.0,1590.0,-3576.0,1055.0,3830.0,4725.7900390625,17.96,115.5337,1.5,0.08,2.2756566023862668,1,1,1,1
2021-12-31,77.24,75.33,1.9099999999999966,2.658160552897404,1.948842874543244,0.026234453127484143,1.0,0.035835385983603606,0.04219357610841362,417851.0,37306.0,11800.0,5884.0,2554.0,15867.0,89.8,8172.0,3739.0,1468.0,-2144.0,2577.0,3330.0,4766.18017578125,17.22,115.283,1.52,0.07,0.8546748032581375,1,1,1,1
2022-01-07,82.28,79.0,3.280000000000001,6.525116519937857,4.871896986592339,0.06321060722444273,1.0,0.037428899800140726,0.045658107271092804,413298.0,34838.0,11700.0,6069.0,1955.0,15573.0,88.4,7906.0,3749.0,1606.0,-4553.0,-2468.0,4114.0,4677.02978515625,18.76,115.0451,1.76,0.08,-1.8704788181950538,1,1,1,1
2022-01-14,87.17,83.82,3.3500000000000085,5.94312105007293,6.101265822784807,0.057732170238728335,1.0,0.01871761768836839,0.04882146101210641,413813.0,33524.0,11700.0,6745.0,2610.0,15453.0,88.1,8224.0,4556.0,1513.0,515.0,-1314.0,4135.0,4662.85009765625,19.19,114.3825,1.78,0.08,-0.3031771904682512,1,1,1,1
2022-01-21,89.75,85.16,4.590000000000003,2.959733853389923,1.5986638033882228,0.029167792344903538,1.0,0.01908925709043425,0.0484720981006191,416190.0,31701.0,11600.0,6236.0,2796.0,15497.0,87.7,8505.0,4754.0,1278.0,2377.0,-1823.0,3440.0,4397.93994140625,28.85,114.6125,1.75,0.08,-5.681292572179308,1,1,1,1
2022-01-28,91.47,87.67,3.799999999999997,1.9164345403899663,2.9473931423203537,0.018983022299884793,1.0,0.021537091022050713,0.048365349358116566,415143.0,30528.0,11500.0,7085.0,2376.0,15248.0,86.7,8226.0,4669.0,1466.0,-1047.0,-1173.0,4709.0,4431.85009765625,27.66,116.0393,1.78,0.08,0.7710463694771796,1,1,1,1
2022-02-04,96.86,92.27,4.590000000000003,5.892642396414116,5.246948785217276,0.05725558730680989,1.0,0.019738056052204425,0.050327222370033654,410387.0,27727.0,11600.0,6389.0,3100.0,15577.0,88.2,9126.0,4296.0,1404.0,-4756.0,-2801.0,3289.0,4500.52978515625,23.22,115.1362,1.93,0.08,1.5496843527338822,1,1,1,1
2022-02-11,97.5,93.1,4.400000000000006,0.6607474705760952,0.8995339763736787,0.006585741028718476,1.0,0.021580311137140776,0.04833226778152879,411508.0,25827.0,11600.0,5790.0,2271.0,14902.0,85.3,8570.0,4321.0,1506.0,1121.0,-1900.0,3519.0,4418.64013671875,27.36,114.8413,1.92,0.08,-1.8195557489162795,1,1,1,1
2022-02-18,96.18,91.26,4.920000000000002,-1.35384615384615,-1.9763694951664745,-0.013630942154284866,0.0,0.02983733700185789,0.03253941741835631,416022.0,23778.0,11600.0,6828.0,2686.0,15246.0,87.4,8657.0,4233.0,1476.0,4514.0,-2049.0,4142.0,4348.8701171875,27.75,114.7982,1.92,0.08,-1.5789930243801376,1,1,1,1
2022-02-25,98.56,91.68,6.8799999999999955,2.4745269286754024,0.460223537146609,0.02444406393569308,1.0,0.03006419452818234,0.029010974977611872,413425.0,22806.0,11600.0,5767.0,3796.0,15398.0,87.7,8743.0,4450.0,1470.0,-2597.0,-972.0,1971.0,4384.64990234375,27.59,115.2577,1.97,0.08,0.8227374971453427,1,1,1,1
2022-03-04,123.86,115.77,8.090000000000003,25.66964285714286,26.276178010471195,0.22848639572470525,1.0,0.11242453731382707,0.06482227624328919,411562.0,22221.0,11600.0,6319.0,2422.0,15377.0,89.3,8962.0,4587.0,1353.0,-1863.0,-585.0,3897.0,4328.8701171875,31.98,116.6503,1.74,0.08,-1.2721605236129307,1,1,1,1
2022-03-11,118.11,109.31,8.799999999999997,-4.642338123688039,-5.580029368575623,-0.04753550188615907,0.0,0.12390266663106803,0.06702192773822957,415907.0,24007.0,11600.0,6395.0,2936.0,15601.0,90.4,8944.0,3704.0,1446.0,4345.0,1786.0,3459.0,4204.31005859375,30.75,117.0192,2.0,0.08,-2.8774265621690165,1,1,1,1
2022-03-18,114.32,104.69,9.629999999999995,-3.2088730844128444,-4.226511755557594,-0.03261486000214397,0.0,0.12736255045990238,0.0702461183916245,413399.0,25242.0,11600.0,6486.0,3844.0,15878.0,91.1,8637.0,4516.0,1737.0,-2508.0,1235.0,2642.0,4463.1201171875,23.87,116.1378,2.14,0.33,6.155827115194179,1,1,1,1
2022-03-25,122.67,116.2,6.469999999999999,7.304058782365308,10.994364313688031,0.07049628942304882,1.0,0.12718387798830352,0.07091094631217149,409950.0,24233.0,11700.0,6259.0,2988.0,15913.0,92.1,8499.0,3804.0,1385.0,-3449.0,-1009.0,3271.0,4543.06005859375,20.81,115.7921,2.48,0.33,1.791122338348039,1,1,1,1
2022-04-01,106.13,99.32,6.810000000000002,-13.483329257357147,-14.526678141135985,-0.14483306527092962,0.0,0.08813460863784896,0.08776293490628378,412371.0,25887.0,11800.0,6300.0,3693.0,15948.0,92.5,8562.0,3647.0,1450.0,2421.0,1654.0,2607.0,4545.85986328125,19.63,115.4814,2.39,0.33,0.0616281680495101,1,1,1,1
2022-04-08,101.26,98.35,2.910000000000011,-4.588711957033819,-0.9766411598872371,-0.04697329123196794,0.0,0.08811610145335737,0.08899818229195389,421753.0,26337.0,11800.0,5995.0,2180.0,15523.0,90.0,8736.0,3484.0,1603.0,9382.0,450.0,3815.0,4488.27978515625,21.16,116.4176,2.72,0.33,-1.2666487717779784,1,1,1,1
2022-04-15,110.83,106.84,3.989999999999995,9.450918427809585,8.632435180477893,0.09030602924579843,1.0,0.10964746544417404,0.09174749598579224,413733.0,26152.0,11900.0,5837.0,4270.0,15717.0,91.0,8868.0,3822.0,1525.0,-8020.0,-185.0,1567.0,4392.58984375,22.7,116.7017,2.83,0.33,-2.1319959090500107,1,1,1,1
2022-04-22,105.15,102.86,2.2900000000000063,-5.124966164395916,-3.7251965555971545,-0.052609593638852835,0.0,0.09689958413444588,0.0939493246173619,414424.0,27450.0,11900.0,5934.0,3721.0,15684.0,90.3,8739.0,3834.0,1592.0,691.0,1298.0,2213.0,4271.77978515625,28.21,118.0186,2.9,0.33,-2.75031502806129,1,1,1,1
2022-04-29,108.36,104.59,3.769999999999996,3.0527817403708912,1.6818977250631972,0.0300711150681855,1.0,0.0681312703662278,0.09307240549399505,415727.0,28829.0,11900.0,6332.0,3574.0,15466.0,88.4,8856.0,3956.0,1440.0,1303.0,1379.0,2758.0,4131.93017578125,33.4,119.4933,2.89,0.33,-3.2738019375660454,1,1,1,1
2022-05-06,113.86,109.72,4.140000000000001,5.075673680324844,4.9048666220479875,0.04951060630604147,1.0,0.06011094973186082,0.09377872488645626,424214.0,28242.0,11800.0,6269.0,2879.0,15696.0,90.0,8702.0,3777.0,1441.0,8487.0,-587.0,3390.0,4123.33984375,30.19,119.8577,3.12,0.83,-0.20790119062517043,1,1,1,1
2022-05-13,112.12,110.52,1.6000000000000085,-1.5281925171262922,0.7291286912139983,-0.01539989722634826,0.0,0.04592391949708642,0.09382564473600398,420820.0,25839.0,11900.0,6568.0,3520.0,15935.0,91.8,9027.0,3816.0,1625.0,-3394.0,-2403.0,3048.0,4023.889892578125,28.87,120.8442,2.93,0.83,-2.411878596973216,1,1,1,1
2022-05-20,113.63,112.63,1.0,1.3467713164466488,1.909156713716964,0.01337782963333004,1.0,0.027494364785358355,0.09375492617308367,419801.0,24778.0,11900.0,6486.0,4341.0,16269.0,93.2,8798.0,3867.0,1532.0,-1019.0,-1061.0,2145.0,3901.360107421875,29.43,119.3677,2.78,0.83,-3.045058101173459,1,1,1,1
2022-05-27,121.19,114.96,6.230000000000004,6.653172577664357,2.0687205895409733,0.06441200605047838,1.0,0.03599026183533078,0.06760860710364563,414733.0,25034.0,11900.0,6218.0,3990.0,16033.0,92.6,8977.0,3969.0,1716.0,-5068.0,256.0,2228.0,4158.240234375,25.72,118.2834,2.74,0.83,6.584373651241293,1,1,1,1
2022-06-03,125.68,118.97,6.710000000000008,3.704926149022203,3.488169798190688,0.03637943196696975,1.0,0.033909908190464015,0.06678457528609927,416758.0,23441.0,11900.0,6154.0,2232.0,16387.0,94.2,9199.0,3650.0,1522.0,2025.0,-1593.0,3922.0,4108.5400390625,24.79,118.2153,2.96,0.83,-1.1952218369117418,1,1,1,1
2022-06-10,127.44,120.73,6.709999999999994,1.4003819223424419,1.4793645456837812,0.013906671654427218,1.0,0.024109955610777275,0.06573335488299117,418714.0,22615.0,12000.0,6985.0,3725.0,16320.0,93.7,9093.0,3619.0,1518.0,1956.0,-826.0,3260.0,3900.860107421875,27.75,119.9981,3.15,0.83,-5.054835286161996,1,1,1,1
2022-06-17,119.22,109.56,9.659999999999997,-6.450094161958564,-9.252050028990311,-0.06667513981001255,0.0,0.05637608231122662,0.06600363113927904,418328.0,22043.0,12000.0,6226.0,3572.0,16263.0,94.0,8505.0,3862.0,1695.0,-386.0,-572.0,2654.0,3674.840087890625,31.13,121.2369,3.25,1.58,-5.794107281653571,1,1,1,1
2022-06-24,117.36,109.07,8.290000000000006,-1.5601409159537005,-0.4472435195326807,-0.015724391957054218,0.0,0.0445416332997582,0.04900526723925767,415566.0,21261.0,12100.0,5998.0,3380.0,16666.0,95.0,8922.0,3568.0,1480.0,-2762.0,-782.0,2618.0,3911.739990234375,27.23,120.4853,3.13,1.58,6.446536357442745,1,1,1,1
2022-07-01,119.21,110.3,8.909999999999997,1.5763462849352372,1.1277161455945706,0.015640509895183893,1.0,0.038438301672992704,0.04580440245725108,423800.0,21330.0,12100.0,6839.0,2612.0,16438.0,94.5,9413.0,4382.0,1801.0,8234.0,69.0,4227.0,3825.330078125,26.7,121.5058,2.88,1.58,-2.2089891538061512,1,1,1,1
2022-07-08,113.95,106.78,7.170000000000002,-4.412381511618147,-3.1912964641885755,-0.045126888038216885,0.0,0.035797011680660844,0.041685939930594794,427054.0,21646.0,12000.0,6675.0,3024.0,16640.0,94.9,8062.0,3368.0,1364.0,3254.0,316.0,3651.0,3899.3798828125,24.64,122.4662,3.09,1.58,1.935775558583841,1,1,1,1
2022-07-15,112.26,99.59,12.670000000000002,-1.4831066257130265,-6.733470687394638,-0.01494214617763996,0.0,0.02481258064255085,0.03846824731004342,426609.0,22789.0,11900.0,6519.0,3759.0,16319.0,93.7,8521.0,3697.0,1644.0,-445.0,1143.0,2760.0,3863.159912109375,24.23,123.4765,2.93,1.58,-0.9288648911272679,1,1,1,1
2022-07-22,106.77,97.71,9.060000000000002,-4.8904329235702875,-1.887739732904925,-0.05014062132384229,0.0,0.030455324580695668,0.040705395397852846,422086.0,23540.0,12100.0,6164.0,4548.0,16027.0,92.2,9245.0,3750.0,1771.0,-4523.0,751.0,1616.0,3961.6298828125,23.03,122.451,2.77,1.58,2.548948864230627,1,1,1,1
2022-07-29,111.51,101.31,10.200000000000003,4.4394492835066135,3.6843721215842784,0.04343728478705956,1.0,0.042995914530099016,0.040049608434863535,426553.0,24466.0,12100.0,7342.0,3512.0,15853.0,91.0,8541.0,3877.0,1440.0,4467.0,926.0,3830.0,4130.2900390625,21.33,121.7678,2.67,2.32,4.257342589769197,1,1,1,1
2022-08-05,100.31,91.77,8.540000000000006,-10.043942247332083,-9.416641989931895,-0.10584888208187673,0.0,0.06262169465152646,0.050103863981206094,432010.0,25189.0,12200.0,6171.0,2110.0,16581.0,94.3,9123.0,3724.0,1782.0,5457.0,723.0,4061.0,4145.18994140625,21.15,122.321,2.83,2.33,0.36074711952025496,1,1,1,1
2022-08-12,103.7,94.86,8.840000000000003,3.379523477220614,3.367113435763325,0.033236724340087835,1.0,0.07103240666787591,0.05123529923800607,424954.0,25381.0,12100.0,6132.0,5000.0,16423.0,93.5,9348.0,3925.0,1604.0,-7056.0,192.0,1132.0,4280.14990234375,19.53,121.018,2.84,2.33,3.255820911591689,1,1,1,1
2022-08-19,96.45,93.55,2.9000000000000057,-6.991321118611382,-1.3809825005270948,-0.07247737588374359,0.0,0.0749780823174965,0.04892647672896839,421672.0,25807.0,12000.0,6171.0,4177.0,16255.0,93.8,8434.0,3888.0,1603.0,-3282.0,426.0,1994.0,4228.47998046875,20.6,123.0501,2.98,2.33,-1.207198884476135,1,1,1,1
2022-08-26,101.13,93.63,7.5,4.852255054432342,0.085515766969535,0.047382078562340904,1.0,0.07620150998720843,0.050147080082360115,418346.0,25284.0,12100.0,5956.0,3967.0,16238.0,92.7,8591.0,3566.0,1824.0,-3326.0,-523.0,1989.0,4057.659912109375,25.56,123.0656,3.04,2.33,-4.039751143398784,1,1,1,1
2022-09-02,93.09,87.29,5.799999999999997,-7.9501631563334225,-6.7713339741535705,-0.08284005078568042,0.0,0.06848409582947847,0.0522639697744362,427191.0,24783.0,12100.0,6779.0,3433.0,15929.0,90.9,8727.0,3624.0,1432.0,8845.0,-501.0,3346.0,3924.260009765625,25.47,123.7743,3.2,2.33,-3.2876067791103303,1,1,1,1
2022-09-09,91.68,87.27,4.410000000000011,-1.5146632291330953,-0.022912131973895633,-0.015262514161969071,0.0,0.05999728165976517,0.050726644069836055,429633.0,24648.0,12100.0,5792.0,3515.0,16022.0,91.5,8494.0,3132.0,1486.0,2442.0,-135.0,2277.0,4067.360107421875,22.79,123.7874,3.33,2.33,3.646549853988823,1,1,1,1
2022-09-16,89.43,85.57,3.8600000000000136,-2.45418848167539,-1.9479775409648292,-0.02484805660833964,0.0,0.05332371100574223,0.05069421347929319,430774.0,24991.0,12100.0,6947.0,3540.0,16355.0,93.6,8322.0,3409.0,1242.0,1141.0,343.0,3407.0,3873.330078125,26.3,124.8794,3.45,2.33,-4.770416785639919,1,1,1,1
2022-09-23,84.29,79.07,5.220000000000013,-5.747512020574752,-7.596120135561524,-0.05919296234869898,0.0,0.031212069097989865,0.050155771734000744,430559.0,25683.0,12000.0,6449.0,4646.0,15751.0,90.6,8825.0,4178.0,1902.0,-215.0,692.0,1803.0,3693.22998046875,29.92,127.2853,3.69,3.08,-4.649748253405573,1,1,1,1
2022-09-30,88.9,79.91,8.990000000000009,5.469213429825603,1.062349816618191,0.05324890851046811,1.0,0.047114633936700324,0.055059776288363796,429203.0,25956.0,12000.0,5947.0,4551.0,15961.0,91.3,9465.0,4105.0,1473.0,-1356.0,273.0,1396.0,3585.6201171875,31.62,127.5148,3.83,3.08,-2.9137059931369835,1,1,1,1
2022-10-07,98.88,93.07,5.810000000000002,11.226096737907753,16.468527092979592,0.10639485118952167,1.0,0.07493908576094958,0.06622094308121255,439082.0,25647.0,11900.0,6063.0,2872.0,15683.0,89.9,8276.0,4370.0,1525.0,9879.0,-309.0,3191.0,3639.659912109375,31.36,127.3111,3.89,3.08,1.5071254944950097,1,1,1,1
2022-10-14,92.22,86.1,6.1200000000000045,-6.735436893203883,-7.488986784140971,-0.06972996693082115,0.0,0.08618863680237221,0.0675137729060961,437357.0,26230.0,12000.0,5908.0,4138.0,15550.0,89.5,8678.0,4072.0,1411.0,-1725.0,583.0,1770.0,3583.070068359375,32.02,128.3325,4.0,3.08,-1.554811304257353,1,1,1,1
2022-10-21,91.82,85.47,6.349999999999994,-0.4337453914552203,-0.7317073170731603,-0.004346887957483551,0.0,0.07573209478268757,0.06530647705810633,439945.0,26897.0,12000.0,6180.0,5129.0,15436.0,88.9,8930.0,3878.0,1682.0,2588.0,667.0,1051.0,3752.75,29.69,127.6735,4.21,3.08,4.735601827577951,1,1,1,1
2022-10-28,94.64,87.85,6.790000000000006,3.0712263123502614,2.7846027846027743,0.030250080849055453,1.0,0.07334258518426272,0.05991568154326574,436830.0,28164.0,11900.0,6205.0,3925.0,15842.0,90.6,8660.0,4257.0,1308.0,-3115.0,1267.0,2280.0,3901.06005859375,25.75,127.2135,4.02,3.08,3.9520367355605934,1,1,1,1
2022-11-04,99.53,92.58,6.950000000000003,5.166948436179197,5.38417757541263,0.05037888658784077,1.0,0.05267362016411638,0.06109893542351446,440755.0,27241.0,12100.0,6454.0,3521.0,16089.0,92.1,9011.0,4161.0,1547.0,3925.0,-923.0,2933.0,3770.550048828125,24.55,127.1468,4.17,3.83,-3.345501166487319,1,1,1,1
2022-11-11,96.37,89.14,7.230000000000004,-3.174922134029934,-3.7157053359256786,-0.032264156394776054,0.0,0.036645038044347766,0.05799075536400936,435355.0,25617.0,12100.0,5559.0,3862.0,16152.0,92.9,8742.0,3863.0,1649.0,-5400.0,-1624.0,1697.0,3992.929931640625,22.52,124.7044,3.82,3.83,5.897810132015491,1,1,1,1
2022-11-18,88.93,80.07,8.860000000000014,-7.720244889488425,-10.175005609154153,-0.08034540645164731,0.0,0.05970418776564133,0.06017046798823434,431665.0,24730.0,12100.0,7063.0,4242.0,16410.0,93.9,8327.0,3846.0,1514.0,-3690.0,-887.0,2821.0,3965.340087890625,23.12,123.8524,3.82,3.83,-0.6909673904210933,1,1,1,1
2022-11-25,83.4,76.45,6.950000000000003,-6.218374002024063,-4.521044086424364,-0.0642012340468476,0.0,0.058194884674529795,0.05835243285830731,419084.0,24315.0,12100.0,6037.0,4948.0,16638.0,95.2,8317.0,3656.0,1731.0,-12581.0,-415.0,1089.0,4026.1201171875,20.5,123.3386,3.68,3.83,1.5327822569994876,1,1,1,1
2022-12-02,86.54,79.86,6.680000000000007,3.7649880095923294,4.460431654676245,0.036958425432037686,1.0,0.051943598702399736,0.059785581628094,413898.0,23942.0,12200.0,6012.0,3430.0,16585.0,95.5,8358.0,3550.0,1386.0,-5186.0,-373.0,2582.0,4071.699951171875,19.06,122.0102,3.51,3.83,1.1321031826595274,1,1,1,1
2022-12-09,76.37,71.05,5.320000000000007,-11.751791079269703,-11.031805659904837,-0.125016785896446,0.0,0.06842522229673727,0.06910456412266296,424129.0,24368.0,12100.0,6867.0,4316.0,16126.0,92.2,8255.0,3768.0,1763.0,10231.0,426.0,2551.0,3934.3798828125,22.83,122.4201,3.57,3.83,-3.372548812685794,1,1,1,1
2022-12-16,80.2,74.19,6.010000000000005,5.015058268953765,4.419422941590434,0.048933565972175935,1.0,0.08335135922660962,0.06960353857107732,418234.0,25221.0,12100.0,5819.0,4360.0,15976.0,90.9,8714.0,4015.0,1712.0,-5895.0,853.0,1459.0,3852.360107421875,22.62,122.6505,3.48,4.33,-2.084693848424035,1,1,1,1
2022-12-23,82.45,79.57,2.8800000000000097,2.8054862842892714,7.251651165925321,0.027668534133139046,1.0,0.08189902757007027,0.06806059478388118,418952.0,25026.0,12000.0,6252.0,3465.0,16149.0,92.0,9327.0,3880.0,1520.0,718.0,-195.0,2787.0,3844.820068359375,20.87,121.9743,3.75,4.33,-0.19572518799511052,1,1,1,1
2022-12-30,82.82,80.16,2.6599999999999966,0.4487568223165539,0.7414854844790764,0.004477529111813271,1.0,0.07815938469646312,0.05839510825022127,420646.0,25270.0,12100.0,5712.0,4207.0,13820.0,79.6,7514.0,2799.0,1439.0,1694.0,244.0,1505.0,3839.5,21.67,121.4256,3.88,4.33,-0.1383697615177426,1,1,1,1
2023-01-06,76.41,73.77,2.6400000000000006,-7.739676406665053,-7.971556886227549,-0.08055600045794582,0.0,0.05677232480058177,0.05939644386404568,439607.0,27781.0,12200.0,6350.0,2137.0,14651.0,84.1,7558.0,3821.0,1406.0,18961.0,2511.0,4213.0,3895.080078125,21.13,121.0852,3.55,4.33,1.4475863556452584,1,1,1,1
2023-01-13,83.43,79.9,3.530000000000001,9.187279151943484,8.309610952961922,0.08789437925450803,1.0,0.06978665553314899,0.0665350240276935,448015.0,31427.0,12200.0,6861.0,3872.0,14853.0,85.3,8054.0,4024.0,1497.0,8408.0,3646.0,2989.0,3999.090087890625,18.35,119.1673,3.49,4.33,2.67029194983055,1,1,1,1
2023-01-20,86.96,81.27,5.689999999999998,4.231091933357289,1.714643304130159,0.04144028589897068,1.0,0.07128108943223757,0.06719477126343182,448548.0,35694.0,12200.0,5905.0,4707.0,14981.0,86.1,8142.0,3878.0,1412.0,533.0,4267.0,1198.0,3972.610107421875,19.85,119.3486,3.48,4.33,-0.6621501363255677,1,1,1,1
2023-01-27,85.36,79.73,5.6299999999999955,-1.839926402943881,-1.8949181739879362,-0.018570635819456064,0.0,0.07314079042572304,0.06474047559764715,452688.0,38009.0,12200.0,7283.0,3492.0,14961.0,85.7,8491.0,3692.0,1584.0,4140.0,2315.0,3791.0,4070.56005859375,18.51,118.9223,3.52,4.33,2.4656321290850824,1,1,1,1
2023-02-03,78.85,73.4,5.449999999999989,-7.626522961574511,-7.939295121033485,-0.07933029358445057,0.0,0.07264953144851007,0.0673981325077408,455111.0,39052.0,12300.0,7058.0,2900.0,15410.0,87.9,8428.0,3762.0,1541.0,2423.0,1043.0,4158.0,4136.47998046875,18.33,119.5095,3.53,4.58,1.619431255800552,1,1,1,1
2023-02-10,85.46,79.74,5.719999999999999,8.38300570703867,8.63760217983649,0.0805011168068314,1.0,0.0699795327419017,0.06955415276822366,471394.0,39711.0,12300.0,6232.0,3146.0,15027.0,86.5,8274.0,3894.0,1440.0,16283.0,659.0,3086.0,4090.4599609375,20.53,120.1419,3.74,4.58,-1.1125406081630485,1,1,1,1
2023-02-17,81.97,76.31,5.659999999999997,-4.083781886262572,-4.301479809380481,-0.04169510355093954,0.0,0.06827401453840104,0.0680503486038077,479041.0,40411.0,12300.0,6326.0,4597.0,15010.0,85.9,8910.0,3771.0,1323.0,7647.0,700.0,1729.0,4079.090087890625,20.02,120.5526,3.82,4.58,-0.27796074660193515,1,1,1,1
2023-02-24,82.31,76.19,6.1200000000000045,0.41478589727950155,-0.15725330887171873,0.004139280319613421,1.0,0.0687952845588934,0.06701844977471334,480207.0,40718.0,12300.0,6208.0,5629.0,14979.0,85.8,9112.0,3835.0,1513.0,1166.0,307.0,579.0,3970.0400390625,21.67,121.5681,3.95,4.58,-2.6733915279747333,1,1,1,1
2023-03-03,85.74,79.62,6.11999999999999,4.167172883003278,4.501903136894625,0.04082685418527841,1.0,0.05211664464253013,0.05603327701389182,478513.0,39828.0,12200.0,6271.0,3362.0,14967.0,86.0,8562.0,3514.0,1651.0,-1694.0,-890.0,2909.0,4045.639892578125,18.49,120.7742,3.97,4.57,1.904259220858573,1,1,1,1
2023-03-10,82.3,76.55,5.75,-4.0121296944250044,-3.8558151218286985,-0.04094835348680689,0.0,0.03976732251201204,0.05631059838851739,480063.0,37912.0,12200.0,6216.0,5027.0,15398.0,88.2,8594.0,3736.0,1640.0,1550.0,-1916.0,1189.0,3861.590087890625,24.8,121.2421,3.7,4.57,-4.549337300760414,1,1,1,1
2023-03-17,71.03,66.61,4.420000000000002,-13.693803159173745,-12.984977139124753,-0.14726878467330543,0.0,0.08148336383296526,0.07006855616642707,481180.0,36849.0,12300.0,6172.0,4932.0,15376.0,88.6,8960.0,3974.0,1604.0,1117.0,-1063.0,1240.0,3916.639892578125,25.51,121.5643,3.39,4.58,1.4255734926430508,1,1,1,1
2023-03-24,73.63,69.22,4.409999999999997,3.6604251724623227,3.918330580993845,0.03595022837090671,1.0,0.08797611804114336,0.07133626981371854,473691.0,35217.0,12200.0,5325.0,4584.0,15813.0,90.3,9145.0,3713.0,1446.0,-7489.0,-1632.0,741.0,3970.989990234375,21.74,120.4598,3.38,4.83,1.387671553855152,1,1,1,1
2023-03-31,79.19,75.68,3.509999999999991,7.551269862827659,9.33256284310895,0.07279747684169571,1.0,0.0972589438108748,0.07124483393179525,469952.0,34247.0,12200.0,7144.0,5239.0,15615.0,89.6,9295.0,4240.0,1693.0,-3739.0,-970.0,1905.0,4109.31005859375,18.7,119.3602,3.48,4.83,3.483264090303373,1,1,1,1
2023-04-07,86.56,80.7,5.859999999999999,9.306730647809069,6.633192389006326,0.0889877868758503,1.0,0.10887621498337784,0.07136390878252964,470549.0,33838.0,12300.0,6193.0,2727.0,15585.0,89.3,8936.0,3763.0,1524.0,597.0,-409.0,3466.0,4105.02001953125,18.4,119.3547,3.39,4.83,-0.1043980376591036,1,1,1,1
2023-04-14,87.31,82.58,4.730000000000004,0.8664510166358497,2.3296158612143625,0.008627188724544795,1.0,0.036234224819022345,0.07038188386542332,465968.0,32750.0,12300.0,6294.0,4571.0,15844.0,91.0,8519.0,3765.0,1624.0,-4581.0,-1088.0,1723.0,4137.64013671875,17.07,118.8567,3.52,4.83,0.794639661494867,1,1,1,1
2023-04-21,83.36,77.86,5.5,-4.524109494903216,-5.715669653669164,-0.04629642581765948,0.0,0.062142012788179275,0.07150505209685243,460914.0,33069.0,12200.0,6376.0,4819.0,15833.0,91.3,9511.0,3728.0,1532.0,-5054.0,319.0,1557.0,4133.52001953125,16.77,119.3117,3.57,4.83,-0.09957649895496745,1,1,1,1
2023-04-28,81.32,76.78,4.539999999999992,-2.4472168905950165,-1.3871050603647572,-0.024776589244910975,0.0,0.05936995339719076,0.0677769345733065,459633.0,33610.0,12300.0,6396.0,4737.0,15735.0,90.7,8618.0,3872.0,1539.0,-1281.0,541.0,1659.0,4169.47998046875,15.78,119.2248,3.44,4.83,0.8699597623232913,1,1,1,1
2023-05-05,75.85,71.32,4.530000000000001,-6.726512543039842,-7.1112268820005315,-0.06963428296560463,0.0,0.03326314952570935,0.06591507721077682,462584.0,34007.0,12300.0,5553.0,2876.0,15745.0,91.0,9303.0,4035.0,1917.0,2951.0,397.0,2677.0,4136.25,17.19,118.5548,3.44,5.08,-0.7969814131357,1,1,1,1
2023-05-12,74.54,70.02,4.52000000000001,-1.7270929466051244,-1.8227706113292164,-0.017421811743428724,0.0,0.0235123192345942,0.06522081816349069,467624.0,35468.0,12200.0,6860.0,4310.0,15990.0,92.0,8908.0,3736.0,1377.0,5040.0,1461.0,2550.0,4124.080078125,17.03,119.3671,3.46,5.08,-0.29422597461469246,1,1,1,1
2023-05-19,75.42,71.57,3.8500000000000085,1.1805741883552434,2.2136532419308796,0.01173659777909868,1.0,0.03366141893283836,0.06538516889393609,455168.0,37230.0,12300.0,5850.0,4549.0,16069.0,91.7,9437.0,4198.0,1430.0,-12456.0,1762.0,1301.0,4191.97998046875,16.81,119.7751,3.7,5.08,1.6464254102122267,1,1,1,1
2023-05-26,76.33,72.35,3.980000000000004,1.206576504905854,1.0898421126170232,0.011993553980167887,1.0,0.03843393548433276,0.06397091318277653,459657.0,38858.0,12200.0,7217.0,4915.0,16165.0,93.1,9098.0,3646.0,1780.0,4489.0,1628.0,2302.0,4205.4501953125,17.95,120.6304,3.8,5.08,0.32133299554173433,1,1,1,1
2023-06-02,76.0,71.76,4.239999999999995,-0.4323332896633003,-0.8154803040773873,-0.0043327055240478885,0.0,0.014176378747453613,0.06321304763230158,459205.0,40579.0,12400.0,6400.0,2475.0,16647.0,95.8,9218.0,3814.0,1492.0,-452.0,1721.0,3925.0,4282.3701171875,14.6,120.0049,3.69,5.08,1.8290532119661584,1,1,1,1
2023-06-09,74.74,70.16,4.579999999999998,-1.6578947368421137,-2.2296544035674604,-0.016717916228993327,0.0,0.013881152142835657,0.045585762924960284,467124.0,42133.0,12400.0,6381.0,3270.0,16586.0,93.7,9193.0,3574.0,1543.0,7919.0,1554.0,3111.0,4298.85986328125,13.83,119.4322,3.75,5.08,0.3850612077542559,1,1,1,1
2023-06-16,76.76,71.81,4.950000000000003,2.7027027027027195,2.351767388825543,0.02666824708216149,1.0,0.018936414572124548,0.04507472471449712,463293.0,42035.0,12200.0,6161.0,4543.0,16470.0,93.1,9375.0,3978.0,1834.0,-3831.0,-98.0,1618.0,4409.58984375,13.54,118.4184,3.77,5.08,2.5757987929439397,1,1,1,1
2023-06-23,73.56,68.91,4.650000000000006,-4.168837936425229,-4.038434758390208,-0.042582271403378905,0.0,0.028758245401131546,0.04106979305758008,453690.0,43244.0,12200.0,6580.0,5338.0,16254.0,92.2,9306.0,3314.0,1942.0,-9603.0,1209.0,1242.0,4348.330078125,13.44,119.152,3.74,5.07,-1.3892395391790768,1,1,1,1
2023-06-30,74.51,70.66,3.8500000000000085,1.291462751495387,2.539544333188215,0.012831944829515884,1.0,0.03093316889585596,0.029202218691019338,452182.0,42844.0,12400.0,7038.0,3901.0,16030.0,91.1,9599.0,3811.0,1691.0,-1508.0,-400.0,3137.0,4450.3798828125,13.59,119.3606,3.81,5.08,2.346873463007748,1,1,1,1
2023-07-07,78.77,73.91,4.859999999999999,5.717353375385836,4.5994905179733925,0.05559886914959665,1.0,0.0411939922809745,0.03488546687577022,458128.0,41239.0,12300.0,5880.0,2144.0,16659.0,93.7,8756.0,2969.0,1538.0,5946.0,-1605.0,3736.0,4398.9501953125,14.83,119.0761,4.06,5.08,-1.155624662483823,1,1,1,1
2023-07-14,79.9,75.44,4.460000000000008,1.4345563031611164,2.0700852388039426,0.014243639056996172,1.0,0.04029134891950829,0.03327522148166815,457420.0,38348.0,12300.0,7174.0,3814.0,16585.0,94.3,8855.0,3669.0,1571.0,-708.0,-2891.0,3360.0,4505.419921875,13.34,117.0463,3.83,5.08,2.4203439874348476,1,1,1,1
2023-07-21,81.06,77.06,4.0,1.4518147684605687,2.147401908801694,0.014413768427933437,1.0,0.020896573450679856,0.032921985869859546,456820.0,35739.0,12200.0,6367.0,4591.0,16478.0,93.4,8939.0,3718.0,1812.0,-600.0,-2609.0,1776.0,4536.33984375,13.6,117.9418,3.84,5.08,0.6862827974119634,1,1,1,1
2023-07-28,84.49,80.55,3.9399999999999977,4.23143350604489,4.528938489488699,0.041443562964590806,1.0,0.020569627423161388,0.026666558782886526,439771.0,34480.0,12200.0,6668.0,5283.0,16517.0,92.7,8838.0,3826.0,1731.0,-17049.0,-1259.0,1385.0,4582.22998046875,13.33,117.788,3.96,5.33,1.0116115260186298,1,1,1,1
2023-08-04,87.38,82.76,4.61999999999999,3.4205231388330093,2.743637492240847,0.03363323935853649,1.0,0.013774434092466451,0.026137198614349787,445622.0,34639.0,12600.0,6682.0,2360.0,16579.0,93.8,9302.0,3762.0,1811.0,5851.0,159.0,4322.0,4478.02978515625,17.1,118.821,4.05,5.33,-2.274006231826897,1,1,1,1
2023-08-11,87.93,83.17,4.760000000000005,0.6294346532387474,0.49540840985982104,0.006274619867621133,1.0,0.01636203269938916,0.02621328751514417,439662.0,33802.0,12700.0,7158.0,4599.0,16746.0,94.7,8851.0,3648.0,1549.0,-5960.0,-837.0,2559.0,4464.0498046875,14.84,119.6268,4.16,5.33,-0.3121904306016665,1,1,1,1
2023-08-18,85.92,81.25,4.670000000000002,-2.2859092459911357,-2.3085247084285165,-0.023124412630356264,0.0,0.02929890131241643,0.028195537904501085,433528.0,30669.0,12800.0,6933.0,4258.0,16776.0,94.5,8910.0,3836.0,1698.0,-6134.0,-3133.0,2675.0,4369.7099609375,17.3,120.4321,4.26,5.33,-2.1133241759744292,1,1,1,1
2023-08-25,85.42,80.47,4.950000000000003,-0.5819366852886421,-0.9600000000000053,-0.005836365347234134,0.0,0.023870537050454523,0.028267607833330613,422944.0,29165.0,12800.0,6617.0,4528.0,16603.0,93.3,9068.0,3702.0,1807.0,-10584.0,-1504.0,2089.0,4405.7099609375,15.68,120.5137,4.25,5.33,0.8238533065539233,1,1,1,1
2023-09-01,89.98,85.52,4.460000000000008,5.338328260360581,6.2756306698148245,0.052007157999705886,1.0,0.032135062361960794,0.029361244843262076,416637.0,27415.0,12800.0,6770.0,4932.0,16623.0,93.1,9321.0,3866.0,1617.0,-6307.0,-1750.0,1838.0,4515.77001953125,13.09,120.759,4.18,5.33,2.498123107730188,1,1,1,1
2023-09-08,91.85,87.51,4.339999999999989,2.078239608801935,2.3269410664172208,0.020569388248108222,1.0,0.032767168658189016,0.02920202968457393,420592.0,24965.0,12900.0,7582.0,3090.0,16800.0,93.7,8307.0,3578.0,1792.0,3955.0,-2450.0,4492.0,4457.490234375,13.84,121.9475,4.26,5.33,-1.2905835528422172,1,1,1,1
2023-09-15,95.55,90.83,4.719999999999999,4.028307022319,3.7938521311849938,0.0394928590251474,1.0,0.025167628663218415,0.023568801608305944,418456.0,22901.0,12900.0,6517.0,5067.0,16304.0,91.9,8410.0,4166.0,1621.0,-2136.0,-2064.0,1450.0,4450.31982421875,13.79,121.199,4.33,5.33,-0.16086204970128248,1,1,1,1
2023-09-22,93.99,90.0,3.989999999999995,-1.6326530612244872,-0.9137950016514296,-0.016461277054071962,0.0,0.029851159815317465,0.025975708094155028,416287.0,21958.0,12900.0,7229.0,4012.0,16065.0,89.5,8619.0,3972.0,1632.0,-2169.0,-943.0,3217.0,4320.06005859375,17.2,121.5306,4.44,5.33,-2.9269753808731536,1,1,1,1
2023-09-29,95.86,90.77,5.090000000000003,1.9895733588679798,0.8555555555555427,0.019700400099275317,1.0,0.023381610880884342,0.023357287116848032,414063.0,22090.0,12900.0,6215.0,4956.0,15602.0,87.3,8014.0,3815.0,1708.0,-2224.0,132.0,1259.0,4288.0498046875,17.52,122.3077,4.59,5.33,-0.7409677984122731,1,1,1,1
2023-10-06,87.86,82.83,5.030000000000001,-8.345503859795533,-8.747383496750027,-0.0871441551838517,0.0,0.05573675873497929,0.03796387879587198,424239.0,21771.0,13200.0,6329.0,3067.0,15203.0,85.7,8581.0,3670.0,1492.0,10176.0,-319.0,3262.0,4308.5,17.45,123.3563,4.78,5.33,0.47691132901825917,1,1,1,1
2023-10-13,94.33,87.67,6.659999999999997,7.363988162986579,5.843293492695878,0.0710546341141284,1.0,0.06648473768661774,0.04213717137057837,419748.0,21013.0,13200.0,5942.0,5301.0,15396.0,86.1,8943.0,4416.0,1469.0,-4491.0,-758.0,641.0,4327.77978515625,19.32,123.5954,4.63,5.33,0.44748253815132255,1,1,1,1
2023-10-20,93.72,89.12,4.599999999999994,-0.6466659599279168,1.6539295083837224,-0.006487659022166963,0.0,0.06600755343059299,0.041423712215089885,421120.0,21226.0,13200.0,6013.0,4833.0,15189.0,85.6,8864.0,4069.0,1726.0,1372.0,213.0,1180.0,4224.16015625,21.71,123.612,4.93,5.33,-2.3942906998561386,1,1,1,1
2023-10-27,90.73,86.04,4.689999999999998,-3.190354246692273,-3.4560143626570894,-0.03242355045805734,0.0,0.06577732908694536,0.04218258385300266,421893.0,21498.0,13200.0,6425.0,4897.0,15251.0,85.4,8697.0,3682.0,1712.0,773.0,272.0,1528.0,4117.3701171875,21.27,123.62,4.84,5.33,-2.5280774192355193,1,1,1,1
2023-11-03,87.55,81.19,6.359999999999999,-3.504904662184516,-5.636913063691318,-0.03567800444967682,0.0,0.049705580038460206,0.043612976795456324,435762.0,23085.0,13200.0,6394.0,4525.0,15235.0,85.2,9492.0,4298.0,1821.0,13869.0,1587.0,1869.0,4358.33984375,14.91,121.7564,4.57,5.33,5.852515554931514,1,1,1,1
2023-11-10,83.66,76.34,7.319999999999993,-4.443175328383786,-5.973642074147056,-0.045449092717808545,0.0,0.016629467906548238,0.04512230199542602,439354.0,25010.0,13200.0,6373.0,4889.0,15399.0,86.1,8949.0,4109.0,1793.0,3592.0,1925.0,1484.0,4415.240234375,14.17,122.1281,4.61,5.33,1.3055519455784648,1,1,1,1
2023-11-17,81.22,76.47,4.75,-2.9165670571360214,0.17029080429655785,-0.029599443755900578,0.0,0.006903297755881546,0.045811551065570666,448054.0,25868.0,13200.0,6529.0,4786.0,15504.0,87.0,8480.0,4110.0,1510.0,8700.0,858.0,1743.0,4514.02001953125,13.8,120.8477,4.44,5.33,2.2372459914456355,1,1,1,1
2023-11-24,79.82,74.83,4.989999999999995,-1.7237133710908736,-2.1446318817837096,-0.017387422637563994,0.0,0.01174297878443323,0.042317873288275326,449664.0,27722.0,13200.0,5833.0,4755.0,16022.0,89.8,8206.0,3014.0,1672.0,1610.0,1854.0,1078.0,4559.33984375,12.46,120.2105,4.47,5.33,1.0039792473817144,1,1,1,1
2023-12-01,78.72,73.7,5.019999999999996,-1.3781007266349232,-1.510089536282233,-0.013876846876589792,0.0,0.014271571573013746,0.041210724511594854,445031.0,29551.0,13100.0,7508.0,4339.0,16201.0,90.5,8466.0,3756.0,1417.0,-4633.0,1829.0,3169.0,4594.6298828125,12.63,119.9424,4.22,5.33,0.7740164206200939,1,1,1,1
2023-12-08,75.94,70.87,5.069999999999993,-3.531504065040647,-3.839891451831745,-0.035953697940341686,0.0,0.010332505876873036,0.0381390642386918,440773.0,30779.0,13100.0,6517.0,3771.0,16097.0,90.2,8859.0,3770.0,1871.0,-4258.0,1228.0,2746.0,4604.3701171875,12.35,120.7607,4.23,5.33,0.21199170822086,1,1,1,1
2023-12-15,76.84,71.05,5.790000000000006,1.1851461680274067,0.25398617186396244,0.011781783096699798,1.0,0.01964752333585292,0.03917687390557042,443682.0,32465.0,13300.0,6750.0,4121.0,16500.0,92.4,8754.0,3823.0,1365.0,2909.0,1686.0,2629.0,4719.18994140625,12.28,119.7382,3.91,5.33,2.4937140433203497,1,1,1,1
2023-12-22,80.23,73.29,6.939999999999998,4.4117647058823595,3.152709359605921,0.04317217186520878,1.0,0.03406523045785328,0.04167082920182582,436568.0,33973.0,13300.0,6276.0,3915.0,16558.0,93.3,9168.0,3977.0,1898.0,-7114.0,1508.0,2361.0,4754.6298828125,13.03,119.0625,3.9,5.33,0.7509751005209564,1,1,1,1
2023-12-29,77.69,71.89,5.799999999999997,-3.1658980431260253,-1.9102196752626588,-0.03217096080323534,0.0,0.03780175962200371,0.03557432540286662,431065.0,34679.0,13200.0,6895.0,5292.0,16679.0,93.5,7954.0,2658.0,1434.0,-5503.0,706.0,1603.0,4769.830078125,12.45,118.4208,3.88,5.33,0.31969250366779,1,1,1,1
2024-01-05,78.31,74.0,4.310000000000002,0.7980435062427738,2.9350396439004056,0.007948759800517036,1.0,0.030901403217946224,0.025777998656619682,432403.0,34173.0,13200.0,6241.0,3322.0,16518.0,92.9,8325.0,3432.0,1598.0,1338.0,-506.0,2919.0,4697.240234375,13.35,119.388,4.05,5.33,-1.5218538723822839,1,1,1,1
2024-01-12,79.89,72.94,6.950000000000003,2.017622270463537,-1.43243243243244,0.019975379731104196,1.0,0.03152887560434035,0.027681675397959994,429911.0,32074.0,13300.0,7420.0,5029.0,16653.0,92.6,8269.0,3645.0,1298.0,-2492.0,-2099.0,2391.0,4783.830078125,12.7,119.534,3.96,5.33,1.8434195278394405,1,1,1,1
2024-01-19,80.71,73.69,7.019999999999996,1.026411315558895,1.0282423910063176,0.010211794842330424,1.0,0.023040217181039185,0.027740801698287722,420678.0,30066.0,12300.0,5580.0,4434.0,15276.0,85.5,7880.0,3784.0,1516.0,-9233.0,-2008.0,1146.0,4839.81005859375,13.3,120.6442,4.15,5.33,1.1701916571980497,1,1,1,1
2024-01-26,83.34,78.45,4.890000000000001,3.2585801015983185,6.459492468448924,0.03206614265802647,1.0,0.010994452112070589,0.028855834342168006,421912.0,28094.0,13000.0,5605.0,3894.0,14848.0,82.9,8144.0,3757.0,1590.0,1234.0,-1972.0,1711.0,4890.97021484375,13.26,120.6173,4.15,5.33,1.0570695054273438,1,1,1,1
2024-02-02,79.54,72.72,6.820000000000007,-4.559635229181658,-7.304015296367117,-0.04666858621476275,0.0,0.03487487172419665,0.029016370792529927,427432.0,28061.0,13300.0,6907.0,3596.0,14840.0,82.4,8807.0,3817.0,1604.0,5520.0,-33.0,3311.0,4958.60986328125,13.85,120.902,4.03,5.33,1.3829495062599007,1,1,1,1
2024-02-09,83.58,77.26,6.319999999999993,5.07920543122955,6.2431243124312585,0.04954421724022457,1.0,0.04185448391926495,0.03159993001470935,439450.0,28771.0,13300.0,6470.0,4347.0,14542.0,80.6,8168.0,3514.0,1354.0,12018.0,710.0,2123.0,5026.60986328125,12.93,121.039,4.17,5.33,1.3713520900997533,1,1,1,1
2024-02-16,84.88,79.65,5.22999999999999,1.5553960277578271,3.093450685995336,0.015434237285958267,1.0,0.04189114451566482,0.03115000233127033,442964.0,29512.0,13300.0,6654.0,4965.0,14574.0,80.6,8200.0,3940.0,1425.0,3514.0,741.0,1689.0,5005.56982421875,14.24,121.1505,4.3,5.33,-0.41857314641016163,1,1,1,1
2024-02-23,84.18,77.6,6.5800000000000125,-0.8246936852026265,-2.5737602008788607,-0.008281130963302998,0.0,0.04047318173252708,0.030880454439258215,447163.0,30970.0,13300.0,6385.0,4728.0,14674.0,81.5,8467.0,3536.0,1604.0,4199.0,1458.0,1657.0,5088.7998046875,13.75,121.0369,4.26,5.33,1.6627473672638393,1,1,1,1
2024-03-01,84.82,80.9,3.9199999999999875,0.7602755999049471,4.252577319587636,0.007574000704019899,1.0,0.024400047667210066,0.027977166763492194,448530.0,31671.0,13200.0,7222.0,4637.0,15268.0,84.9,9013.0,4074.0,1639.0,1367.0,701.0,2585.0,5137.080078125,13.11,121.0111,4.19,5.33,0.9487556062438784,1,1,1,1
2024-03-08,84.29,78.96,5.3300000000000125,-0.6248526290968948,-2.3980222496909898,-0.006268130037053695,0.0,0.01133665409969999,0.0283098969960468,446994.0,31451.0,13100.0,5491.0,3147.0,15658.0,86.8,9044.0,3375.0,1583.0,-1536.0,-220.0,2344.0,5123.68994140625,14.74,119.975,4.09,5.33,-0.2606565697850116,1,1,1,1
2024-03-15,85.39,81.94,3.450000000000003,1.3050183888954736,3.7740628166160084,0.012965763910123924,1.0,0.010398262214485312,0.02612916321615633,445042.0,31433.0,13100.0,6278.0,4881.0,15785.0,87.8,8809.0,3786.0,1569.0,-1952.0,-18.0,1397.0,5117.08984375,14.41,120.4003,4.31,5.33,-0.12881532121825634,1,1,1,1
2024-03-22,84.87,81.1,3.7700000000000102,-0.6089706054573041,-1.025140346595077,-0.006108323937929177,0.0,0.009753934006025826,0.023712380476080524,448207.0,33540.0,13100.0,6702.0,4181.0,15932.0,88.7,8715.0,4028.0,1575.0,3165.0,2107.0,2521.0,5234.18017578125,13.06,121.1842,4.22,5.33,2.2882211492585736,1,1,1,1
2024-03-29,86.17,83.96,2.210000000000008,1.531754447979261,3.52651048088779,0.015201415270089925,1.0,0.011739653385741133,0.023820760623400192,451417.0,33163.0,13100.0,6618.0,4022.0,15897.0,88.6,9236.0,3495.0,1735.0,3210.0,-377.0,2596.0,5254.35009765625,13.01,121.0191,4.2,5.33,0.38535016368612673,1,1,1,1
2024-04-05,92.81,87.69,5.1200000000000045,7.7056980387606,4.442591710338251,0.07423230335562608,1.0,0.03477999298814899,0.030515122299932886,457258.0,32993.0,13100.0,6434.0,2708.0,15782.0,88.3,8612.0,2985.0,1608.0,5841.0,-170.0,3726.0,5204.33984375,16.03,120.9646,4.39,5.33,-0.951787623145961,1,1,1,1
2024-04-12,93.12,86.46,6.660000000000011,0.33401573106346394,-1.4026684912760934,0.003334591375826262,1.0,0.03611306648353815,0.030626216798815813,459993.0,33026.0,13100.0,6461.0,4726.0,15913.0,88.1,8662.0,3666.0,1418.0,2735.0,33.0,1735.0,5123.41015625,17.31,122.2885,4.5,5.33,-1.555042328705536,1,1,1,1
2024-04-19,87.96,83.79,4.1699999999999875,-5.541237113402076,-3.08813324080498,-0.0570068182965674,0.0,0.05379805959138823,0.035676946325601415,453625.0,32367.0,13100.0,6497.0,5179.0,15871.0,88.5,8423.0,3552.0,1762.0,-6368.0,-659.0,1318.0,4967.22998046875,18.71,123.1075,4.62,5.33,-3.0483637073390857,1,1,1,1
2024-04-26,89.95,85.38,4.570000000000007,2.262391996362001,1.8976011457214392,0.022371794709981855,1.0,0.05419422632829968,0.03205930075084019,460890.0,33456.0,13100.0,6772.0,3918.0,15641.0,87.5,8618.0,3678.0,1712.0,7265.0,1089.0,2854.0,5099.9599609375,15.03,122.9471,4.67,5.33,2.672112646095459,1,1,1,1
2024-05-03,83.6,79.65,3.9499999999999886,-7.05947748749306,-6.711173576950092,-0.07321044030588626,0.0,0.04615384412202736,0.03750338908801382,459528.0,35336.0,13100.0,6969.0,4468.0,15948.0,88.5,8797.0,3489.0,1490.0,-1362.0,1880.0,2501.0,5127.7900390625,13.49,122.1375,4.5,5.33,0.5456920904901352,1,1,1,1
2024-05-10,83.39,79.81,3.5799999999999983,-0.251196172248791,0.2008788449466392,-0.002515121991761826,0.0,0.04498705076678812,0.03718934813314909,457020.0,34995.0,13100.0,6744.0,4135.0,16255.0,90.4,8875.0,3831.0,1636.0,-2508.0,-341.0,2609.0,5222.68017578125,12.55,122.014,4.5,5.33,1.8505074504980845,1,1,1,1
2024-05-17,82.24,81.66,0.5799999999999983,-1.3790622376783856,2.318005262498435,-0.013886596392039078,0.0,0.040534399092150786,0.037317580791401975,458845.0,36320.0,13100.0,6663.0,4730.0,16482.0,91.7,9315.0,3883.0,1651.0,1825.0,1325.0,1933.0,5303.27001953125,11.99,121.2354,4.42,5.33,1.5430744567456633,1,1,1,1
2024-05-24,78.92,78.48,0.4399999999999977,-4.036964980544743,-3.894195444526072,-0.04120712055244034,0.0,0.03150945782161515,0.03881356581704176,454689.0,34554.0,13100.0,6769.0,4225.0,17083.0,94.3,9148.0,3795.0,1850.0,-4156.0,-1766.0,2544.0,5304.72021484375,11.93,121.6172,4.46,5.33,0.027345304070114373,1,1,1,1
2024-05-31,79.41,77.97,1.4399999999999977,0.6208819057273107,-0.6498470948012258,0.006189623752704915,1.0,0.02061162861015972,0.038972256579763526,455922.0,35408.0,13100.0,7058.0,4501.0,17144.0,95.4,8946.0,3367.0,1731.0,1233.0,854.0,2557.0,5277.509765625,12.92,122.098,4.51,5.33,-0.5129478674975041,1,1,1,1
2024-06-07,78.12,76.53,1.5900000000000034,-1.6244805440120746,-1.8468641785302053,-0.01637819889864126,0.0,0.019424870396801356,0.03866394790679516,459652.0,33815.0,13200.0,8304.0,3188.0,17047.0,95.0,9040.0,3649.0,1696.0,3730.0,-1593.0,5116.0,5346.990234375,12.22,123.549,4.43,5.33,1.3165388949644363,1,1,1,1
2024-06-14,81.49,79.41,2.0799999999999983,4.313876088069635,3.7632301058408313,0.04223420732365022,1.0,0.03543693307146179,0.04124485555100273,457105.0,34122.0,13200.0,7054.0,4418.0,16765.0,93.5,9386.0,3977.0,1705.0,-2547.0,307.0,2636.0,5431.60009765625,12.66,124.1694,4.2,5.33,1.5823829775731824,1,1,1,1
2024-06-21,86.42,81.71,4.710000000000008,6.049822064056953,2.896360659866515,0.05873881717165882,1.0,0.03405916269977308,0.044791052264230705,460696.0,33896.0,13200.0,6611.0,3910.0,16532.0,92.2,8969.0,3536.0,1683.0,3591.0,-226.0,2701.0,5464.6201171875,13.2,124.1086,4.25,5.33,0.6079243489500952,1,1,1,1
2024-06-28,87.26,82.83,4.430000000000007,0.9719972228650731,1.370701260555629,0.009673037191676392,1.0,0.03353695707716602,0.03853640744320478,448539.0,34241.0,13200.0,6547.0,4401.0,16792.0,93.5,9424.0,3715.0,1834.0,-12157.0,345.0,2146.0,5460.47998046875,12.44,124.2103,4.36,5.33,-0.075762571413307,1,1,1,1
2024-07-05,88.66,84.44,4.219999999999999,1.6044006417602397,1.9437401907521412,0.015916661621443753,1.0,0.022922724851510208,0.03895677830586433,445096.0,33539.0,13300.0,6760.0,3999.0,17109.0,95.4,9398.0,3466.0,1837.0,-3443.0,-702.0,2761.0,5567.18994140625,12.48,123.4762,4.28,5.33,1.95422309612312,1,1,1,1
2024-07-12,87.35,83.49,3.8599999999999994,-1.4775547033611613,-1.1250592136428317,-0.01488579273684196,0.0,0.030622270113924138,0.035499613959675894,440226.0,32664.0,13300.0,7037.0,3964.0,16928.0,93.7,8783.0,3585.0,1434.0,-4870.0,-875.0,3073.0,5615.35009765625,12.46,122.4404,4.18,5.33,0.8650711895386687,1,1,1,1
2024-07-19,85.19,81.43,3.759999999999991,-2.472810532341152,-2.467361360641984,-0.025038980525316418,0.0,0.01952836865493843,0.03535096385424205,436485.0,30956.0,13300.0,6871.0,4186.0,16407.0,91.6,9456.0,3861.0,1758.0,-3741.0,-1708.0,2685.0,5505.0,16.52,123.147,4.25,5.33,-1.965150805152971,1,1,1,1
2024-07-26,81.35,78.58,2.769999999999996,-4.507571311186764,-3.499938597568475,-0.04612322238970236,0.0,0.02581748844427827,0.031186378096834947,433049.0,29850.0,13300.0,6953.0,4919.0,16150.0,90.1,9250.0,3725.0,1704.0,-3436.0,-1106.0,2034.0,5459.10009765625,16.39,123.672,4.2,5.33,-0.8337856919845565,1,1,1,1
2024-08-02,78.35,74.99,3.3599999999999994,-3.6877688998156133,-4.5685925171799475,-0.03757486486301699,0.0,0.013749019040947776,0.03281100675210996,429321.0,30429.0,13400.0,6224.0,3638.0,16402.0,90.5,8967.0,3469.0,1947.0,-3728.0,579.0,2586.0,5346.56005859375,23.39,123.4681,3.8,5.33,-2.0615126495082348,1,1,1,1
2024-08-09,81.07,78.28,2.789999999999992,3.471601786853862,4.387251633551159,0.034127010197585954,1.0,0.03623607921587574,0.03453689860113083,430678.0,28764.0,13300.0,6285.0,3756.0,16467.0,91.5,9045.0,3549.0,1601.0,1357.0,-1665.0,2529.0,5344.16015625,20.37,122.9276,3.94,5.33,-0.044886849066483325,1,1,1,1
2024-08-16,81.56,78.05,3.510000000000005,0.6044159368447044,-0.29381706693919485,0.00602596670663867,1.0,0.037710047529554896,0.03217274663046921,426029.0,28204.0,13400.0,6652.0,4045.0,16689.0,92.3,9193.0,3576.0,1755.0,-4649.0,-560.0,2607.0,5554.25,14.8,122.3972,3.89,5.33,3.931204110795594,1,1,1,1
2024-08-23,80.34,75.82,4.52000000000001,-1.4958312898479598,-2.857142857142858,-0.015071316775118236,0.0,0.03055574205423413,0.03254884720713655,425183.0,27536.0,13300.0,6560.0,3671.0,16864.0,93.3,9307.0,3822.0,1740.0,-846.0,-668.0,2889.0,5634.60986328125,15.86,121.4597,3.81,5.33,1.446817541184675,1,1,1,1
2024-08-30,80.2,74.52,5.680000000000007,-0.17425939756037234,-1.7145871801635404,-0.0017441140586673676,0.0,0.02077652007125439,0.0321109637641364,418310.0,26394.0,13300.0,5792.0,3756.0,16900.0,93.3,8938.0,3997.0,1763.0,-6873.0,-1142.0,2036.0,5648.39990234375,15.0,122.3262,3.91,5.33,0.24473813444236825,1,1,1,1
2024-09-06,72.82,68.58,4.239999999999995,-9.201995012468844,-7.971014492753625,-0.0965328721251816,0.0,0.04727780745764779,0.04031711691981313,419143.0,24690.0,13300.0,6867.0,3305.0,16759.0,92.8,8478.0,3558.0,1497.0,833.0,-1704.0,3562.0,5408.419921875,22.38,122.4991,3.72,5.33,-4.248636509769299,1,1,1,1
2024-09-13,73.68,69.59,4.090000000000003,1.1809942323537603,1.4727325750947928,0.01174074919976413,1.0,0.0486675914425662,0.03503577985374329,417513.0,22711.0,13200.0,6322.0,4589.0,16477.0,92.1,8776.0,3798.0,1737.0,-1630.0,-1979.0,1733.0,5626.02001953125,16.56,121.6551,3.66,5.33,4.023358038012925,1,1,1,1
2024-09-20,75.96,72.72,3.239999999999995,3.0944625407165915,4.497772668486855,0.03047549399703352,1.0,0.05657601533823371,0.03674809449197391,413042.0,22827.0,13200.0,6456.0,3897.0,16353.0,90.9,9205.0,4022.0,1678.0,-4471.0,116.0,2559.0,5702.5498046875,16.15,121.4052,3.73,4.83,1.3602828445432147,1,1,1,1
2024-09-27,71.63,68.72,2.9099999999999966,-5.700368615060558,-5.500550055005505,-0.05869290531772527,0.0,0.05954624184580255,0.03796857575745235,416931.0,23667.0,13300.0,6628.0,3878.0,15691.0,87.6,8521.0,3638.0,1927.0,3889.0,840.0,2750.0,5738.169921875,16.96,121.1111,3.75,4.83,0.6246349160899944,1,1,1,1
2024-10-04,79.32,74.93,4.389999999999986,10.735725254781503,9.036670547147851,0.10197632302523525,1.0,0.06603807112777091,0.05139119916640789,422741.0,24914.0,13400.0,6239.0,3794.0,15590.0,86.7,9654.0,4031.0,1707.0,5810.0,1247.0,2445.0,5751.06982421875,19.21,122.2197,3.98,4.83,0.2248086501337898,1,1,1,1
2024-10-11,80.27,76.11,4.159999999999997,1.1976802824004151,1.5748031496062964,0.011905648491890373,1.0,0.06603010317106904,0.051386626528462084,420550.0,25022.0,13500.0,5529.0,4123.0,15755.0,87.7,8620.0,4212.0,1647.0,-2191.0,108.0,1406.0,5815.02978515625,20.46,122.9805,4.08,4.83,1.1121402259480995,1,1,1,1
2024-10-18,72.75,69.78,2.969999999999999,-9.368381711722929,-8.31690973590855,-0.09836704609188351,0.0,0.08793134315729666,0.0570882338860618,426024.0,24676.0,13500.0,6431.0,4112.0,16084.0,89.5,8838.0,4131.0,1573.0,5474.0,-346.0,2319.0,5864.669921875,18.03,123.9185,4.08,4.83,0.8536523208438895,1,1,1,1
2024-10-25,75.62,72.02,3.6000000000000085,3.9450171821305835,3.2100888506735314,0.0386918924111849,1.0,0.08362507288282432,0.057895237238949536,425509.0,25357.0,13500.0,5975.0,4261.0,16053.0,89.1,9159.0,3881.0,1629.0,-515.0,681.0,1714.0,5808.1201171875,20.33,124.6105,4.25,4.83,-0.9642453103212434,1,1,1,1
2024-11-01,73.63,69.81,3.819999999999993,-2.6315789473684292,-3.068592057761721,-0.02666824708216141,0.0,0.05955622951704402,0.0570084749577208,427658.0,25879.0,13500.0,6240.0,2850.0,16334.0,90.5,8828.0,3406.0,1780.0,2149.0,522.0,3390.0,5728.7998046875,21.88,124.8076,4.37,4.83,-1.3656796157722972,1,1,1,1
2024-11-08,74.04,70.69,3.3500000000000085,0.5568382452804777,1.2605643890559959,0.005552936324671497,1.0,0.05854739963889057,0.056998041074669006,429747.0,25191.0,13400.0,6509.0,3440.0,16509.0,91.4,9383.0,4098.0,1741.0,2089.0,-688.0,3069.0,5995.5400390625,14.94,125.5811,4.3,4.58,4.656127696358747,1,1,1,1
2024-11-15,73.45,67.33,6.1200000000000045,-0.796866558616971,-4.753147545621728,-0.008000585085410516,0.0,0.027569170443085152,0.05695551542145311,430292.0,25051.0,13201.0,7684.0,4378.0,16228.0,90.2,8419.0,3775.0,1598.0,545.0,-140.0,3306.0,5870.6201171875,16.14,126.8848,4.43,4.58,-2.083547454626511,1,1,1,1
2024-11-22,76.1,71.68,4.4199999999999875,3.6078965282505093,6.460715877023637,0.03544336224775383,1.0,0.026155066976395774,0.058291514652473196,428448.0,24142.0,13493.0,6083.0,4663.0,16295.0,90.5,8506.0,3718.0,1897.0,-1844.0,-909.0,1420.0,5969.33984375,15.24,127.4712,4.41,4.58,1.6815894163118683,1,1,1,1
2024-11-29,74.16,68.26,5.8999999999999915,-2.5492772667542685,-4.77120535714286,-0.025823343610040416,0.0,0.025852535296364748,0.051280796280629634,423375.0,24192.0,13513.0,7290.0,4235.0,16910.0,93.3,8738.0,3398.0,1610.0,-5073.0,50.0,3055.0,6032.3798828125,13.51,126.5798,4.18,4.58,1.0560638313883874,1,1,1,1
2024-12-06,73.78,68.58,5.200000000000003,-0.512405609492983,0.4687957808379606,-0.005137229089070089,0.0,0.02588682912016905,0.051206374588444806,421950.0,22894.0,13631.0,5984.0,3099.0,16659.0,92.4,8810.0,3450.0,1841.0,-1425.0,-1298.0,2885.0,6090.27001953125,12.77,126.688,4.15,4.58,0.9596566834872311,1,1,1,1
2024-12-13,74.89,71.54,3.3499999999999943,1.5044727568446659,4.3161271507728305,0.014932678092746073,1.0,0.02631990947571403,0.05056106279838788,421016.0,23002.0,13604.0,6649.0,4895.0,16611.0,91.8,8927.0,4498.0,1711.0,-934.0,108.0,1754.0,6051.08984375,13.81,127.3096,4.4,4.58,-0.6433241162641545,1,1,1,1
2024-12-20,73.19,69.71,3.480000000000004,-2.2699959941247183,-2.5580095051719542,-0.02296157064813999,0.0,0.018827375453124826,0.04784548825487919,416779.0,22682.0,13585.0,6471.0,3722.0,16816.0,92.5,9008.0,4253.0,1817.0,-4237.0,-320.0,2749.0,5930.85009765625,18.36,127.893,4.52,4.33,-1.9870758689518042,1,1,1,1
2024-12-27,73.77,71.28,2.489999999999995,0.792457986063666,2.252187634485736,0.007893345283075101,1.0,0.016652968518987364,0.036237138425928545,415601.0,22540.0,13573.0,6926.0,3854.0,16857.0,92.7,8168.0,3232.0,1598.0,-1178.0,-142.0,3072.0,5970.83984375,15.95,128.45,4.62,4.33,0.6742666807504127,1,1,1,1
2025-01-03,76.72,74.64,2.0799999999999983,3.9989155483258765,4.7138047138047146,0.039210285678971876,1.0,0.02561419664332236,0.038267135597041195,414642.0,20038.0,13563.0,6428.0,3078.0,16902.0,93.3,8481.0,3178.0,1722.0,-959.0,-2502.0,3350.0,5942.47021484375,16.13,129.4535,4.6,4.33,-0.4751363233422845,1,1,1,1
2025-01-10,79.76,77.27,2.490000000000009,3.9624608967674835,3.523579849946401,0.03885969507840028,1.0,0.029691501227186695,0.025949929172490806,412680.0,20803.0,13481.0,6124.0,4078.0,16647.0,91.7,8325.0,3839.0,1488.0,-1962.0,765.0,2046.0,5827.0400390625,19.54,129.8664,4.77,4.33,-1.9424611585417084,1,1,1,1
2025-01-17,83.02,78.56,4.459999999999994,4.0872617853560556,1.6694706872007359,0.040059416971309686,1.0,0.01574961643342471,0.026101129209647304,411663.0,20655.0,13477.0,6745.0,4515.0,15522.0,85.9,8086.0,4108.0,1558.0,-1017.0,-148.0,2230.0,5996.66015625,15.97,129.4859,4.61,4.33,2.9109138782370536,1,1,1,1
2025-01-24,78.71,74.97,3.739999999999995,-5.191520115634784,-4.569755600814673,-0.05331133047053389,0.0,0.046346635219333986,0.030121384960398317,415126.0,20981.0,13240.0,6448.0,3686.0,15189.0,83.5,8302.0,4506.0,1504.0,3463.0,326.0,2762.0,6101.240234375,14.85,127.4611,4.63,4.33,1.7439720677851378,1,1,1,1
2025-01-31,77.11,72.84,4.269999999999996,-2.032778554186243,-2.8411364545818274,-0.020537238309489416,0.0,0.046087891762458304,0.031049238036672325,423790.0,20947.0,13478.0,6915.0,4331.0,15349.0,84.5,8328.0,4599.0,1738.0,8664.0,-34.0,2584.0,6040.52978515625,16.43,128.4828,4.58,4.33,-0.995050954996024,1,1,1,1
2025-02-07,74.68,71.32,3.3600000000000136,-3.151342238360777,-2.0867655134541585,-0.032020655171347334,0.0,0.04004673389060391,0.03258622901458528,427860.0,21819.0,13494.0,6309.0,3909.0,15431.0,85.0,8576.0,3685.0,1531.0,4070.0,872.0,2400.0,6025.990234375,16.54,128.4292,4.49,4.33,-0.2406999269663257,1,1,1,1
2025-02-14,75.19,71.05,4.140000000000001,0.682913765399018,-0.37857543466067733,0.00680592471641349,1.0,0.025047519963317222,0.03086848636734857,432493.0,23291.0,13497.0,5820.0,4381.0,15416.0,84.9,8239.0,4364.0,1460.0,4633.0,1472.0,1439.0,6114.6298828125,14.77,127.1491,4.47,4.33,1.4709557266100237,1,1,1,1
2025-02-21,74.88,70.72,4.159999999999997,-0.412288868200561,-0.4644616467276541,-0.004131411220598949,0.0,0.017208542309171838,0.02990287639157074,430161.0,24573.0,13502.0,5919.0,4188.0,15733.0,86.5,8454.0,4097.0,1531.0,-2332.0,1282.0,1731.0,6013.1298828125,18.21,127.1408,4.42,4.33,-1.6599532914543969,1,1,1,1
2025-02-28,74.76,69.97,4.790000000000006,-0.16025641025639858,-1.0605203619909465,-0.0016038495819744047,0.0,0.016850404261155423,0.02985640349810097,433775.0,25697.0,13508.0,5813.0,4136.0,15387.0,85.9,8877.0,3991.0,1579.0,3614.0,1124.0,1677.0,5954.5,19.63,128.2805,4.24,4.33,-0.9750310396601236,1,1,1,1
2025-03-07,72.49,67.29,5.199999999999989,-3.0363830925628776,-3.830212948406453,-0.03083436127457579,0.0,0.016281379123264283,0.03083582011933409,435223.0,24469.0,13575.0,5470.0,3290.0,15708.0,86.5,9182.0,3898.0,1775.0,1448.0,-1228.0,2180.0,5770.2001953125,23.37,125.9814,4.32,4.33,-3.095134850743131,1,1,1,1
2025-03-14,71.94,67.43,4.509999999999991,-0.7587253414264028,0.20805468866103016,-0.00761618304530851,0.0,0.013420241279077549,0.030232101070236123,436968.0,23460.0,13573.0,5385.0,4644.0,15663.0,86.9,8817.0,4010.0,1845.0,1745.0,-1009.0,741.0,5638.93994140625,21.77,125.6942,4.31,4.33,-2.274795491721082,1,1,1,1
2025-03-21,72.64,68.52,4.1200000000000045,0.9730330831248413,1.6164911760343958,0.009683296025560126,1.0,0.017073388047269464,0.030286679747243916,433627.0,22705.0,13574.0,6195.0,4609.0,15750.0,87.0,8643.0,3636.0,1414.0,-3341.0,-755.0,1586.0,5667.56005859375,19.28,126.2679,4.25,4.33,0.5075442811040665,1,1,1,1
2025-03-28,74.69,69.74,4.950000000000003,2.8221365638766427,1.7805020431990615,0.02783048007593736,1.0,0.025012307229926208,0.02905657944506555,439792.0,25078.0,13580.0,6466.0,3881.0,15558.0,86.0,8495.0,3679.0,1701.0,6165.0,2373.0,2585.0,5580.93994140625,21.65,126.4187,4.27,4.33,-1.5283493477260546,1,1,1,1
2025-04-04,68.36,62.42,5.939999999999998,-8.47503012451466,-10.496128477201028,-0.08855835612158515,0.0,0.051344000770811284,0.03528741013492415,442345.0,25759.0,13458.0,6189.0,3244.0,15627.0,86.7,8425.0,4006.0,1866.0,2553.0,681.0,2945.0,5074.080078125,45.31,125.8129,4.01,4.33,-9.081980250687572,1,1,1,1
2025-04-11,66.83,61.91,4.920000000000002,-2.2381509654768927,-0.8170458186478768,-0.02263577672441143,0.0,0.05120567653282022,0.03113847975094457,442860.0,25105.0,13462.0,6001.0,5100.0,15564.0,86.3,8462.0,3858.0,1934.0,515.0,-654.0,901.0,5363.35986328125,37.56,124.0163,4.48,4.33,5.701127705953479,1,1,1,1
2025-04-18,69.33,65.07,4.260000000000005,3.740834954361816,5.104183492166037,0.036725631431420304,1.0,0.057545611456109806,0.03268590453654592,443104.0,25019.0,13460.0,5589.0,3549.0,15889.0,88.1,9414.0,3903.0,1925.0,244.0,-86.0,2040.0,5282.7001953125,29.65,122.9865,4.34,4.33,-1.5039018455756392,1,1,1,1
2025-04-25,66.99,63.85,3.1399999999999935,-3.375162267416709,-1.8749039495927322,-0.03433435843422292,0.0,0.05139087280241404,0.03330501832433445,440408.0,25701.0,13465.0,5498.0,4121.0,16078.0,88.6,9098.0,3550.0,1548.0,-2696.0,682.0,1377.0,5525.2099609375,24.84,122.8858,4.29,4.33,4.590640328977713,1,1,1,1
2025-05-02,61.57,59.67,1.8999999999999986,-8.09075981489774,-6.546593578700078,-0.08436861559705738,0.0,0.04973960754140517,0.03912495072016412,438376.0,24961.0,13367.0,6056.0,4006.0,16071.0,89.0,8717.0,3521.0,2022.0,-2032.0,-740.0,2050.0,5686.669921875,22.68,122.4962,4.33,4.33,2.922241183212959,1,1,1,1
2025-05-09,64.26,62.37,1.8900000000000077,4.36901088192303,4.524886877828038,0.04276261476459379,1.0,0.06079987931072652,0.04228667514340424,441830.0,23892.0,13387.0,5841.0,3369.0,16401.0,90.2,8794.0,3777.0,1525.0,3454.0,-1069.0,2472.0,5659.91015625,21.9,122.5191,4.37,4.33,-0.4705700522912859,1,1,1,1
2025-05-16,65.2,63.84,1.3599999999999994,1.4628073451602885,2.3569023569023573,0.01452211524489489,1.0,0.05595651390399701,0.042983052719663246,443158.0,23435.0,13392.0,6089.0,3507.0,16490.0,90.7,8644.0,3412.0,1651.0,1328.0,-457.0,2582.0,5958.3798828125,17.24,123.0737,4.43,4.33,5.2734004307985805,1,1,1,1
2025-05-23,65.41,62.89,2.519999999999996,0.32208588957054474,-1.488095238095244,0.003215683040514031,1.0,0.054849838026698745,0.043106629093994604,440363.0,23510.0,13401.0,6351.0,4301.0,16328.0,90.2,9452.0,3893.0,1779.0,-2795.0,75.0,2050.0,5802.81982421875,22.29,121.3837,4.51,4.33,-2.6107777894873285,1,1,1,1
2025-05-30,64.32,61.46,2.8599999999999923,-1.6664118636294245,-2.2738114167594192,-0.016804527102410545,0.0,0.02486586139708705,0.04271219052825259,436059.0,24086.0,13408.0,6346.0,3907.0,16998.0,93.4,8263.0,3151.0,1760.0,-4304.0,576.0,2439.0,5911.68994140625,18.57,121.7674,4.41,4.33,1.8761588414845765,1,1,1,1
2025-06-06,68.02,65.3,2.719999999999999,5.752487562189068,6.247966156849971,0.05593115470833859,1.0,0.030678591415724467,0.046775951911766867,432415.0,23683.0,13428.0,6176.0,3286.0,17226.0,94.3,9170.0,3376.0,1829.0,-3644.0,-403.0,2890.0,6000.35986328125,16.77,121.161,4.51,4.33,1.4999081946761805,1,1,1,1
2025-06-13,76.0,73.84,2.1599999999999966,11.73184357541901,13.078101071975512,0.11093156070728181,1.0,0.0573109008437737,0.057501909025422085,420942.0,22688.0,13431.0,5504.0,4361.0,16862.0,93.2,9299.0,3746.0,1814.0,-11473.0,-995.0,1143.0,5976.97021484375,20.82,120.3245,4.41,4.33,-0.3898040945949144,1,1,1,1
2025-06-20,78.73,75.72,3.010000000000005,3.5921052631578965,2.5460455037919827,0.03529093691004477,1.0,0.052831092587065726,0.05782514187619415,415106.0,22224.0,13435.0,5944.0,4270.0,16987.0,94.7,9688.0,3794.0,1706.0,-5836.0,-464.0,1674.0,5967.83984375,20.62,121.0408,4.38,4.33,-0.1527591867711675,1,1,1,1
2025-06-27,69.37,66.66,2.710000000000008,-11.888733646640414,-11.965134706814585,-0.1265697797991659,0.0,0.1020967419784359,0.06408223865099111,418951.0,20731.0,13433.0,6919.0,2305.0,17105.0,94.9,8640.0,4043.0,1734.0,3845.0,-1493.0,4614.0,6173.06982421875,16.32,119.659,4.29,4.33,3.4389324419234146,1,1,1,1
2025-07-04,71.03,68.13,2.9000000000000057,2.3929652587573846,2.205220522052209,0.02364782561250864,1.0,0.09943449424655271,0.06390835475418344,426021.0,21195.0,13385.0,6013.0,2757.0,17006.0,94.7,9159.0,3668.0,1925.0,7070.0,464.0,3256.0,6279.35009765625,17.48,119.2382,4.35,4.33,1.721676191325927,1,1,1,1
2025-07-11,72.06,69.63,2.430000000000007,1.4500915106293144,2.2016732716864773,0.014396782310228605,1.0,0.0759898577451222,0.06322458374273049,422162.0,21408.0,13375.0,6379.0,3518.0,16849.0,93.9,8489.0,3423.0,1627.0,-3859.0,213.0,2861.0,6259.75,16.4,119.9214,4.43,4.33,-0.31213576805608767,1,1,1,1
2025-07-18,71.06,68.53,2.530000000000001,-1.387732445184564,-1.5797788309636518,-0.013974514727066104,0.0,0.06917402397552697,0.062392940248651704,418993.0,21863.0,13273.0,5976.0,3855.0,16936.0,95.5,8967.0,3343.0,1682.0,-3169.0,455.0,2121.0,6296.7900390625,16.41,120.356,4.44,4.33,0.5917175456288115,1,1,1,1
2025-07-25,69.23,66.38,2.8500000000000085,-2.5752884886011795,-3.137312126076175,-0.02609029590294695,0.0,0.02339128965023341,0.05683180212721711,426691.0,22553.0,13314.0,6136.0,2698.0,16911.0,95.4,9152.0,3605.0,2093.0,7698.0,690.0,3438.0,6388.64013671875,14.93,119.9857,4.4,4.33,1.458681281834906,1,1,1,1
2025-08-01,70.55,68.39,2.1599999999999966,1.90668785208723,3.028020488098826,0.018887383608888808,1.0,0.021821219924375024,0.055983423449738064,423662.0,23006.0,13284.0,5962.0,3318.0,17124.0,96.9,9040.0,3720.0,1705.0,-3029.0,453.0,2644.0,6238.009765625,20.38,121.2122,4.23,4.33,-2.3577845655760266,1,1,1,1
2025-08-08,67.17,64.94,2.230000000000004,-4.790928419560592,-5.04459716332798,-0.04909495902004982,0.0,0.028334236081402734,0.05825327338194854,426698.0,23051.0,13327.0,6920.0,3577.0,17180.0,96.4,9000.0,3701.0,1829.0,3036.0,45.0,3343.0,6389.4501953125,15.15,120.3329,4.27,4.33,2.4277042739179855,1,1,1,1
2025-08-15,67.3,63.78,3.519999999999996,0.19353878219443565,-1.786264243917457,0.0019335173719090062,1.0,0.030070026857388826,0.058252978405464846,420684.0,23470.0,13382.0,6497.0,4372.0,17208.0,96.6,8842.0,3967.0,1899.0,-6014.0,419.0,2125.0,6449.7998046875,15.09,120.3377,4.33,4.33,0.9445195991867106,1,1,1,1
2025-08-22,68.29,64.08,4.210000000000008,1.4710252600297347,0.470366886171214,0.014603106322315935,1.0,0.03129064681469664,0.05801806265601148,418292.0,22632.0,13439.0,6234.0,3810.0,16880.0,94.6,9240.0,4141.0,1729.0,-2392.0,-838.0,2424.0,6466.91015625,14.22,120.2774,4.26,4.33,0.26528500233549135,1,1,1,1
2025-08-29,67.83,64.36,3.469999999999999,-0.6735978913457452,0.43695380774033676,-0.006758768015009859,0.0,0.027607526124657188,0.055794032367974054,420707.0,24222.0,13423.0,6742.0,3884.0,16869.0,94.3,9117.0,3768.0,1704.0,2415.0,1590.0,2858.0,6460.259765625,15.36,120.2082,4.23,4.33,-0.10283722000641315,1,1,1,1
2025-09-05,64.92,62.22,2.700000000000003,-4.290137107474568,-3.3250466128029843,-0.04384883231159769,0.0,0.02513418907708852,0.04450847779350507,424646.0,23857.0,13495.0,6271.0,2745.0,16818.0,94.9,8508.0,3377.0,1755.0,3939.0,-365.0,3526.0,6481.5,15.18,120.1282,4.1,4.33,0.3287829769325956,1,1,1,1
2025-09-12,67.87,63.02,4.850000000000001,4.5440542205791745,1.2857602057216422,0.04443836806927653,1.0,0.037142238997115794,0.045480899379606046,415361.0,23561.0,13482.0,5692.0,5277.0,16424.0,93.3,8810.0,3621.0,1623.0,-9285.0,-296.0,415.0,6584.2900390625,14.76,120.0611,4.06,4.33,1.5858989286816394,1,1,1,1
2025-09-19,67.05,63.02,4.029999999999994,-1.2081921320171052,0.0,-0.012155500987979599,0.0,0.03654666806049756,0.027995157828568738,414754.0,23738.0,13501.0,6495.0,4484.0,16476.0,93.0,8959.0,3738.0,1499.0,-607.0,177.0,2011.0,6664.35986328125,15.45,119.7858,4.14,4.08,1.2160737717160197,1,1,1,1
2025-09-26,71.15,66.5,4.650000000000006,6.114839671886663,5.522056490003169,0.05935171480817395,1.0,0.04829424203432817,0.03258640236986081,416546.0,23467.0,13505.0,5833.0,3751.0,16168.0,91.4,8518.0,3617.0,1740.0,1792.0,-271.0,2082.0,6643.7001953125,15.29,120.4349,4.2,4.09,-0.31000228667991125,1,1,1,1
2025-10-03,66.13,61.65,4.479999999999997,-7.055516514406202,-7.293233082706774,-0.07316782284929056,0.0,0.060314248771864705,0.03839098414273843,420261.0,22704.0,13629.0,6403.0,3590.0,16297.0,92.4,8919.0,4346.0,1698.0,3715.0,-763.0,2813.0,6715.7900390625,16.65,120.0881,4.13,4.09,1.0850857448513995,1,1,1,1
2025-10-10,64.41,59.75,4.659999999999997,-2.6009375472553997,-3.081914030819133,-0.02635360112777159,0.0,0.05487544363786129,0.0387554341027675,423785.0,22001.0,13636.0,5525.0,4466.0,15130.0,85.7,8455.0,4233.0,1691.0,3524.0,-703.0,1059.0,6552.509765625,21.66,121.1163,4.05,4.1,-2.4312891333376663,1,1,1,1
2025-10-17,61.23,58.3,2.9299999999999997,-4.937121564974378,-2.4267782426778295,-0.050631635068936184,0.0,0.057945405582848865,0.04039869692677239,422824.0,21231.0,13629.0,5918.0,4203.0,15730.0,88.6,8454.0,3847.0,1719.0,-961.0,-770.0,1715.0,6664.009765625,20.78,120.7028,4.02,4.11,1.7016380591287072,1,1,1,1
2025-10-24,65.8,62.27,3.529999999999994,7.463661603788996,6.8096054888507895,0.07198257284140844,1.0,0.0639412220380663,0.046347589624747866,415966.0,22565.0,13644.0,5051.0,4361.0,15219.0,86.6,8924.0,3580.0,1948.0,-6858.0,1334.0,690.0,6791.68994140625,16.37,120.9345,4.02,4.11,1.915966216614251,1,1,1,1
2025-10-31,65.44,61.75,3.6899999999999977,-0.547112462006083,-0.8350730688935326,-0.005486146036779942,0.0,0.05304765019221003,0.04430985683271483,421168.0,22865.0,13651.0,5924.0,4367.0,15256.0,86.0,8874.0,3710.0,1681.0,5202.0,300.0,1557.0,6840.2001953125,17.44,121.3859,4.11,3.86,0.7142589594749005,1,1,1,1
2025-11-07,63.72,60.54,3.1799999999999997,-2.6283618581907087,-1.9595141700404883,-0.026635207252643837,0.0,0.05308981341007188,0.04483346784376573,427581.0,22519.0,13862.0,5222.0,2816.0,15973.0,89.4,9028.0,4018.0,1636.0,6413.0,-346.0,2406.0,6728.7998046875,19.08,121.388,4.11,3.87,-1.6286130148842948,1,1,1,1
2025-11-14,63.45,60.87,2.5800000000000054,-0.4237288135593209,0.5450941526263575,-0.004246290881451097,0.0,0.0432895216605391,0.04442960384285823,424155.0,21821.0,13834.0,5950.0,4158.0,16232.0,90.0,8528.0,3882.0,1669.0,-3426.0,-698.0,1792.0,6734.10986328125,19.83,120.9666,4.14,3.88,0.07891538978541668,1,1,1,1
2025-11-21,62.78,58.86,3.9200000000000017,-1.055949566587866,-3.302119270576631,-0.01061564274658919,0.0,0.01030206465567322,0.04444854440217534,426929.0,21753.0,13814.0,6436.0,3598.0,16443.0,92.3,8726.0,3362.0,1698.0,2774.0,-68.0,2838.0,6602.990234375,23.43,121.8653,4.06,3.88,-1.9470966700617653,1,1,1,1
2025-11-28,64.07,58.58,5.489999999999995,2.054794520547931,-0.47570506286103154,0.020339684237122565,1.0,0.01951025699919683,0.04338802661869422,427503.0,21296.0,13815.0,5981.0,3613.0,16876.0,94.1,8326.0,3430.0,1717.0,574.0,-457.0,2368.0,6849.08984375,16.35,121.0527,4.02,3.89,3.727093341647114,1,1,1,1
2025-12-05,64.42,60.23,4.190000000000005,0.5462775089745797,2.8166609764424644,0.005447908252122776,1.0,0.013469258962226643,0.04106569759004127,425691.0,21604.0,13853.0,6589.0,4009.0,16860.0,94.5,8456.0,4158.0,1804.0,-1812.0,308.0,2580.0,6870.39990234375,15.41,120.6863,4.14,3.89,0.3111370865312324,1,1,1,1
2025-12-12,62.11,57.61,4.5,-3.585842905929837,-4.34999169848912,-0.03651713733184117,0.0,0.02432879905736347,0.04207652128911677,424417.0,20862.0,13843.0,6525.0,4664.0,16988.0,94.8,9078.0,3786.0,1693.0,-1274.0,-742.0,1861.0,6827.41015625,15.74,120.1442,4.19,3.64,-0.6257240729041769,1,1,1,1
2025-12-19,61.35,56.8,4.550000000000004,-1.2236354854290754,-1.4060059017531712,-0.012311835414291147,0.0,0.02446588623869878,0.03663290318748974,424822.0,21569.0,13825.0,6086.0,3616.0,16776.0,94.6,8942.0,4156.0,1546.0,405.0,707.0,2470.0,6834.5,14.91,120.1652,4.16,3.64,0.10384382346664278,1,1,1,1
2025-12-26,63.7,56.6,7.100000000000001,3.830480847595763,-0.35211267605632646,0.03758939142119723,1.0,0.03119475806752903,0.03375641077473808,422888.0,22112.0,13827.0,4953.0,3440.0,16847.0,94.7,8563.0,3379.0,1774.0,-1934.0,543.0,1513.0,6929.93994140625,13.6,119.4723,4.14,3.64,1.3964436521508583,1,1,1,1
