week_ending_friday,ntl_anomaly_rotterdam,ntl_anomaly_fujairah,ntl_anomaly_ras_tanura,ntl_anomaly_jurong,ntl_anomaly_us_gulf,ntl_anomaly_ningbo,ntl_anomaly_jamnagar,ntl_anomaly_basra,ntl_anomaly_ulsan,ntl_anomaly_kharg,ntl_anomaly_yanbu,ntl_valid_obs_count_rotterdam,ntl_valid_obs_count_fujairah,ntl_valid_obs_count_ras_tanura,ntl_valid_obs_count_jurong,ntl_valid_obs_count_us_gulf,ntl_valid_obs_count_ningbo,ntl_valid_obs_count_jamnagar,ntl_valid_obs_count_basra,ntl_valid_obs_count_ulsan,ntl_valid_obs_count_kharg,ntl_valid_obs_count_yanbu,s2_clear_obs_count_rotterdam,s2_clear_obs_count_fujairah,s2_clear_obs_count_ras_tanura,s2_clear_obs_count_jurong,s2_clear_obs_count_us_gulf,s2_clear_obs_count_ningbo,s2_clear_obs_count_jamnagar,s2_clear_obs_count_basra,s2_clear_obs_count_ulsan,s2_clear_obs_count_kharg,s2_clear_obs_count_yanbu,s2_cloud_fraction_rotterdam,s2_cloud_fraction_fujairah,s2_cloud_fraction_ras_tanura,s2_cloud_fraction_jurong,s2_cloud_fraction_us_gulf,s2_cloud_fraction_ningbo,s2_cloud_fraction_jamnagar,s2_cloud_fraction_basra,s2_cloud_fraction_ulsan,s2_cloud_fraction_kharg,s2_cloud_fraction_yanbu
2014-01-03,,,,,,,,,,,,10.707287886676042,13.08697091457011,11.355136079337354,6.10720768416276,8.097148174503253,11.550388105389748,17.84738792058906,10.321482163002884,11.061395759717314,7.995830720658286,12.789094425195398,,,,,,,,,,,,,,,,,,,,,,
2014-01-10,,,,,,,,,,,,10.707287886676042,13.08697091457011,11.355136079337354,6.10720768416276,8.097148174503253,11.550388105389748,17.84738792058906,10.321482163002884,11.061395759717314,7.995830720658286,12.789094425195398,,,,,,,,,,,,,,,,,,,,,,
2014-01-17,,,,,,,,,,,,10.707287886676042,13.08697091457011,11.355136079337354,6.10720768416276,8.097148174503253,11.550388105389748,17.84738792058906,10.321482163002884,11.061395759717314,7.995830720658286,12.789094425195398,,,,,,,,,,,,,,,,,,,,,,
2014-01-24,,,,,,,,,,,,10.707287886676042,13.08697091457011,11.355136079337354,6.10720768416276,8.097148174503253,11.550388105389748,17.84738792058906,10.321482163002884,11.061395759717314,7.995830720658286,12.789094425195398,,,,,,,,,,,,,,,,,,,,,,
2014-01-31,,,,,,,,,,,,10.707287886676042,13.08697091457011,11.355136079337354,6.10720768416276,8.097148174503253,11.550388105389748,17.84738792058906,10.321482163002884,11.061395759717314,7.995830720658286,12.789094425195398,,,,,,,,,,,,,,,,,,,,,,
2014-02-07,,,,,,,,,,,,14.080392872961236,12.23988630656134,12.08203076576323,5.512315333030805,6.278778258251685,3.3032469662184325,11.263840991704724,9.795726130625749,6.235629468321147,8.865725003575237,13.133839052409837,,,,,,,,,,,,,,,,,,,,,,
2014-02-14,,,,,,,,,,,,14.080392872961236,12.23988630656134,12.08203076576323,5.512315333030805,6.278778258251685,3.3032469662184325,11.263840991704724,9.795726130625749,6.235629468321147,8.865725003575237,13.133839052409837,,,,,,,,,,,,,,,,,,,,,,
2014-02-21,,,,,,,,,,,,14.080392872961236,12.23988630656134,12.08203076576323,5.512315333030805,6.278778258251685,3.3032469662184325,11.263840991704724,9.795726130625749,6.235629468321147,8.865725003575237,13.133839052409837,,,,,,,,,,,,,,,,,,,,,,
2014-02-28,,,,,,,,,,,,14.080392872961236,12.23988630656134,12.08203076576323,5.512315333030805,6.278778258251685,3.3032469662184325,11.263840991704724,9.795726130625749,6.235629468321147,8.865725003575237,13.133839052409837,,,,,,,,,,,,,,,,,,,,,,
2014-03-07,,,,,,,,,,,,21.698926903561176,13.14756175517099,11.74935482053305,9.394393183078709,8.416870107832938,6.196884224335848,14.35053360052194,7.192597947403588,8.180705070260501,9.779457223633989,10.411474220989255,,,,,,,,,,,,,,,,,,,,,,
2014-03-14,,,,,,,,,,,,21.698926903561176,13.14756175517099,11.74935482053305,9.394393183078709,8.416870107832938,6.196884224335848,14.35053360052194,7.192597947403588,8.180705070260501,9.779457223633989,10.411474220989255,,,,,,,,,,,,,,,,,,,,,,
2014-03-21,,,,,,,,,,,,21.698926903561176,13.14756175517099,11.74935482053305,9.394393183078709,8.416870107832938,6.196884224335848,14.35053360052194,7.192597947403588,8.180705070260501,9.779457223633989,10.411474220989255,,,,,,,,,,,,,,,,,,,,,,
2014-03-28,,,,,,,,,,,,21.698926903561176,13.14756175517099,11.74935482053305,9.394393183078709,8.416870107832938,6.196884224335848,14.35053360052194,7.192597947403588,8.180705070260501,9.779457223633989,10.411474220989255,,,,,,,,,,,,,,,,,,,,,,
2014-04-04,,,,,,,,,,,,6.1436985694637665,13.996484178804616,6.7646588155744665,2.203083245096557,8.106223657561992,5.835027877992785,13.271833348867554,8.00906910261887,10.245377598816663,8.648790468961419,15.612422732034108,,,,,,,,,,,,,,,,,,,,,,
2014-04-11,,,,,,,,,,,,6.1436985694637665,13.996484178804616,6.7646588155744665,2.203083245096557,8.106223657561992,5.835027877992785,13.271833348867554,8.00906910261887,10.245377598816663,8.648790468961419,15.612422732034108,,,,,,,,,,,,,,,,,,,,,,
2014-04-18,,,,,,,,,,,,6.1436985694637665,13.996484178804616,6.7646588155744665,2.203083245096557,8.106223657561992,5.835027877992785,13.271833348867554,8.00906910261887,10.245377598816663,8.648790468961419,15.612422732034108,,,,,,,,,,,,,,,,,,,,,,
2014-04-25,,,,,,,,,,,,6.1436985694637665,13.996484178804616,6.7646588155744665,2.203083245096557,8.106223657561992,5.835027877992785,13.271833348867554,8.00906910261887,10.245377598816663,8.648790468961419,15.612422732034108,,,,,,,,,,,,,,,,,,,,,,
2014-05-02,,,,,,,,,,,,6.33864312744283,18.73003515821195,8.535707443511582,4.734760248071395,9.288138376484756,4.217120367333551,16.025782924783297,6.9094294570586765,17.310255567425436,10.925580013860928,8.364566666282961,,,,,,,,,,,,,,,,,,,,,,
2014-05-09,,,,,,,,,,,,6.33864312744283,18.73003515821195,8.535707443511582,4.734760248071395,9.288138376484756,4.217120367333551,16.025782924783297,6.9094294570586765,17.310255567425436,10.925580013860928,8.364566666282961,,,,,,,,,,,,,,,,,,,,,,
2014-05-16,,,,,,,,,,,,6.33864312744283,18.73003515821195,8.535707443511582,4.734760248071395,9.288138376484756,4.217120367333551,16.025782924783297,6.9094294570586765,17.310255567425436,10.925580013860928,8.364566666282961,,,,,,,,,,,,,,,,,,,,,,
2014-05-23,,,,,,,,,,,,6.33864312744283,18.73003515821195,8.535707443511582,4.734760248071395,9.288138376484756,4.217120367333551,16.025782924783297,6.9094294570586765,17.310255567425436,10.925580013860928,8.364566666282961,,,,,,,,,,,,,,,,,,,,,,
2014-05-30,,,,,,,,,,,,6.33864312744283,18.73003515821195,8.535707443511582,4.734760248071395,9.288138376484756,4.217120367333551,16.025782924783297,6.9094294570586765,17.310255567425436,10.925580013860928,8.364566666282961,,,,,,,,,,,,,,,,,,,,,,
2014-06-06,,,,,,,,,,,,7.480702136091319,15.912800785352267,15.59910970868316,7.909796803307617,9.402517926542233,4.350716081775446,13.181284369465928,3.0,8.074543923083247,12.1281585866253,13.256328203239216,,,,,,,,,,,,,,,,,,,,,,
2014-06-13,,,,,,,,,,,,7.480702136091319,15.912800785352267,15.59910970868316,7.909796803307617,9.402517926542233,4.350716081775446,13.181284369465928,3.0,8.074543923083247,12.1281585866253,13.256328203239216,,,,,,,,,,,,,,,,,,,,,,
2014-06-20,,,,,,,,,,,,7.480702136091319,15.912800785352267,15.59910970868316,7.909796803307617,9.402517926542233,4.350716081775446,13.181284369465928,3.0,8.074543923083247,12.1281585866253,13.256328203239216,,,,,,,,,,,,,,,,,,,,,,
2014-06-27,,,,,,,,,,,,7.480702136091319,15.912800785352267,15.59910970868316,7.909796803307617,9.402517926542233,4.350716081775446,13.181284369465928,3.0,8.074543923083247,12.1281585866253,13.256328203239216,,,,,,,,,,,,,,,,,,,,,,
2014-07-04,,,,,,,,,,,,6.6224425570932395,13.985537190082644,14.37535358088691,5.271189431755157,15.978750889484928,7.670307204547941,5.266124522322677,7.492699810512715,6.4576074451475085,13.788246812536434,17.796403945990118,,,,,,,,,,,,,,,,,,,,,,
2014-07-11,,,,,,,,,,,,6.6224425570932395,13.985537190082644,14.37535358088691,5.271189431755157,15.978750889484928,7.670307204547941,5.266124522322677,7.492699810512715,6.4576074451475085,13.788246812536434,17.796403945990118,,,,,,,,,,,,,,,,,,,,,,
2014-07-18,,,,,,,,,,,,6.6224425570932395,13.985537190082644,14.37535358088691,5.271189431755157,15.978750889484928,7.670307204547941,5.266124522322677,7.492699810512715,6.4576074451475085,13.788246812536434,17.796403945990118,,,,,,,,,,,,,,,,,,,,,,
2014-07-25,,,,,,,,,,,,6.6224425570932395,13.985537190082644,14.37535358088691,5.271189431755157,15.978750889484928,7.670307204547941,5.266124522322677,7.492699810512715,6.4576074451475085,13.788246812536434,17.796403945990118,,,,,,,,,,,,,,,,,,,,,,
2014-08-01,,,,,,,,,,,,15.836914206677903,15.433747317474086,18.54375387389418,2.1793223415519596,13.403382779571958,8.108833497321527,4.614828968216981,13.47386061183584,4.897043717643193,16.900289319384395,10.139168671508983,,,,,,,,,,,,,,,,,,,,,,
2014-08-08,,,,,,,,,,,,15.836914206677903,15.433747317474086,18.54375387389418,2.1793223415519596,13.403382779571958,8.108833497321527,4.614828968216981,13.47386061183584,4.897043717643193,16.900289319384395,10.139168671508983,,,,,,,,,,,,,,,,,,,,,,
2014-08-15,,,,,,,,,,,,15.836914206677903,15.433747317474086,18.54375387389418,2.1793223415519596,13.403382779571958,8.108833497321527,4.614828968216981,13.47386061183584,4.897043717643193,16.900289319384395,10.139168671508983,,,,,,,,,,,,,,,,,,,,,,
2014-08-22,,,,,,,,,,,,15.836914206677903,15.433747317474086,18.54375387389418,2.1793223415519596,13.403382779571958,8.108833497321527,4.614828968216981,13.47386061183584,4.897043717643193,16.900289319384395,10.139168671508983,,,,,,,,,,,,,,,,,,,,,,
2014-08-29,,,,,,,,,,,,15.836914206677903,15.433747317474086,18.54375387389418,2.1793223415519596,13.403382779571958,8.108833497321527,4.614828968216981,13.47386061183584,4.897043717643193,16.900289319384395,10.139168671508983,,,,,,,,,,,,,,,,,,,,,,
2014-09-05,,,,,,,,,,,,12.22436340748914,17.79551162047395,18.15832535076351,6.421053295013362,12.818150966117468,8.590827593746578,12.522427532854875,14.64374199060232,9.54255690689457,16.69604963532557,14.950065037468486,,,,,,,,,,,,,,,,,,,,,,
2014-09-12,,,,,,,,,,,,12.22436340748914,17.79551162047395,18.15832535076351,6.421053295013362,12.818150966117468,8.590827593746578,12.522427532854875,14.64374199060232,9.54255690689457,16.69604963532557,14.950065037468486,,,,,,,,,,,,,,,,,,,,,,
2014-09-19,,,,,,,,,,,,12.22436340748914,17.79551162047395,18.15832535076351,6.421053295013362,12.818150966117468,8.590827593746578,12.522427532854875,14.64374199060232,9.54255690689457,16.69604963532557,14.950065037468486,,,,,,,,,,,,,,,,,,,,,,
2014-09-26,,,,,,,,,,,,12.22436340748914,17.79551162047395,18.15832535076351,6.421053295013362,12.818150966117468,8.590827593746578,12.522427532854875,14.64374199060232,9.54255690689457,16.69604963532557,14.950065037468486,,,,,,,,,,,,,,,,,,,,,,
2014-10-03,,,,,,,,,,,,11.388855648714385,17.948118807360387,19.0266298529329,6.709095951192458,13.696414691554,12.618738384169678,15.315814614595952,12.30604935431933,9.93068452625524,15.39730261927549,17.751568381430356,,,,,,,,,,,,,,,,,,,,,,
2014-10-10,,,,,,,,,,,,11.388855648714385,17.948118807360387,19.0266298529329,6.709095951192458,13.696414691554,12.618738384169678,15.315814614595952,12.30604935431933,9.93068452625524,15.39730261927549,17.751568381430356,,,,,,,,,,,,,,,,,,,,,,
2014-10-17,,,,,,,,,,,,11.388855648714385,17.948118807360387,19.0266298529329,6.709095951192458,13.696414691554,12.618738384169678,15.315814614595952,12.30604935431933,9.93068452625524,15.39730261927549,17.751568381430356,,,,,,,,,,,,,,,,,,,,,,
2014-10-24,,,,,,,,,,,,11.388855648714385,17.948118807360387,19.0266298529329,6.709095951192458,13.696414691554,12.618738384169678,15.315814614595952,12.30604935431933,9.93068452625524,15.39730261927549,17.751568381430356,,,,,,,,,,,,,,,,,,,,,,
2014-10-31,,,,,,,,,,,,11.388855648714385,17.948118807360387,19.0266298529329,6.709095951192458,13.696414691554,12.618738384169678,15.315814614595952,12.30604935431933,9.93068452625524,15.39730261927549,17.751568381430356,,,,,,,,,,,,,,,,,,,,,,
2014-11-07,,,,,,,,,,,,8.824341650284008,14.264508469932874,9.988245900715617,3.8077824837392233,14.631966719579614,6.696906089428228,16.457611764705874,11.783002269766444,10.288181033774343,11.086619803526832,15.000782751833126,,,,,,,,,,,,,,,,,,,,,,
2014-11-14,,,,,,,,,,,,8.824341650284008,14.264508469932874,9.988245900715617,3.8077824837392233,14.631966719579614,6.696906089428228,16.457611764705874,11.783002269766444,10.288181033774343,11.086619803526832,15.000782751833126,,,,,,,,,,,,,,,,,,,,,,
2014-11-21,,,,,,,,,,,,8.824341650284008,14.264508469932874,9.988245900715617,3.8077824837392233,14.631966719579614,6.696906089428228,16.457611764705874,11.783002269766444,10.288181033774343,11.086619803526832,15.000782751833126,,,,,,,,,,,,,,,,,,,,,,
2014-11-28,,,,,,,,,,,,8.824341650284008,14.264508469932874,9.988245900715617,3.8077824837392233,14.631966719579614,6.696906089428228,16.457611764705874,11.783002269766444,10.288181033774343,11.086619803526832,15.000782751833126,,,,,,,,,,,,,,,,,,,,,,
2014-12-05,1.1398201605950797,1.4634590253684714,0.5431087070228043,-0.6721803519344788,-0.4051994507334675,0.10863266447151983,0.042011991976316596,1.3196037365696829,1.978601434861641,-0.5436937102162538,-0.3414661691974883,7.602946547209249,15.367026619789057,15.131041866230916,0.8614556547168859,6.851934971810169,10.800754345687114,12.546416255009788,10.941773732461476,16.7844214808119,12.117135848101825,12.122040219630955,,,,,,,,,,,,,,,,,,,,,,
2014-12-12,1.1398201605950797,1.4634590253684714,0.5431087070228043,-0.6721803519344788,-0.4051994507334675,0.10863266447151983,0.042011991976316596,1.3196037365696829,1.978601434861641,-0.5436937102162538,-0.3414661691974883,7.602946547209249,15.367026619789057,15.131041866230916,0.8614556547168859,6.851934971810169,10.800754345687114,12.546416255009788,10.941773732461476,16.7844214808119,12.117135848101825,12.122040219630955,,,,,,,,,,,,,,,,,,,,,,
2014-12-19,1.1398201605950797,1.4634590253684714,0.5431087070228043,-0.6721803519344788,-0.4051994507334675,0.10863266447151983,0.042011991976316596,1.3196037365696829,1.978601434861641,-0.5436937102162538,-0.3414661691974883,7.602946547209249,15.367026619789057,15.131041866230916,0.8614556547168859,6.851934971810169,10.800754345687114,12.546416255009788,10.941773732461476,16.7844214808119,12.117135848101825,12.122040219630955,,,,,,,,,,,,,,,,,,,,,,
2014-12-26,1.1398201605950797,1.4634590253684714,0.5431087070228043,-0.6721803519344788,-0.4051994507334675,0.10863266447151983,0.042011991976316596,1.3196037365696829,1.978601434861641,-0.5436937102162538,-0.3414661691974883,7.602946547209249,15.367026619789057,15.131041866230916,0.8614556547168859,6.851934971810169,10.800754345687114,12.546416255009788,10.941773732461476,16.7844214808119,12.117135848101825,12.122040219630955,,,,,,,,,,,,,,,,,,,,,,
2015-01-02,1.180221675159968,0.7726146191506855,2.020354375814687,-0.04208983586314701,0.09941817924083961,0.11001861233485417,0.04172883441952111,-0.029875434600291295,1.2809327835417652,-0.45725258967066407,1.4797354742039635,10.891392694241334,12.204043194374686,14.622651715782949,8.060303534513185,9.841939898188189,7.591330490871325,12.293130767079878,12.79848629229236,8.10547292300107,11.218012606844658,15.300139283782068,,,,,,,,,,,,,,,,,,,,,,
2015-01-09,1.180221675159968,0.7726146191506855,2.020354375814687,-0.04208983586314701,0.09941817924083961,0.11001861233485417,0.04172883441952111,-0.029875434600291295,1.2809327835417652,-0.45725258967066407,1.4797354742039635,10.891392694241334,12.204043194374686,14.622651715782949,8.060303534513185,9.841939898188189,7.591330490871325,12.293130767079878,12.79848629229236,8.10547292300107,11.218012606844658,15.300139283782068,,,,,,,,,,,,,,,,,,,,,,
2015-01-16,1.180221675159968,0.7726146191506855,2.020354375814687,-0.04208983586314701,0.09941817924083961,0.11001861233485417,0.04172883441952111,-0.029875434600291295,1.2809327835417652,-0.45725258967066407,1.4797354742039635,10.891392694241334,12.204043194374686,14.622651715782949,8.060303534513185,9.841939898188189,7.591330490871325,12.293130767079878,12.79848629229236,8.10547292300107,11.218012606844658,15.300139283782068,,,,,,,,,,,,,,,,,,,,,,
2015-01-23,1.180221675159968,0.7726146191506855,2.020354375814687,-0.04208983586314701,0.09941817924083961,0.11001861233485417,0.04172883441952111,-0.029875434600291295,1.2809327835417652,-0.45725258967066407,1.4797354742039635,10.891392694241334,12.204043194374686,14.622651715782949,8.060303534513185,9.841939898188189,7.591330490871325,12.293130767079878,12.79848629229236,8.10547292300107,11.218012606844658,15.300139283782068,,,,,,,,,,,,,,,,,,,,,,
2015-01-30,1.180221675159968,0.7726146191506855,2.020354375814687,-0.04208983586314701,0.09941817924083961,0.11001861233485417,0.04172883441952111,-0.029875434600291295,1.2809327835417652,-0.45725258967066407,1.4797354742039635,10.891392694241334,12.204043194374686,14.622651715782949,8.060303534513185,9.841939898188189,7.591330490871325,12.293130767079878,12.79848629229236,8.10547292300107,11.218012606844658,15.300139283782068,,,,,,,,,,,,,,,,,,,,,,
2015-02-06,0.9206266130675952,0.11447316681297587,0.19349432666487865,0.38152056450249483,-0.5839824780269923,0.2893984050371677,-0.3886104370580863,-0.25277580563672836,0.410417446809454,-0.5179821232375076,-0.4336385859560151,11.657347330468632,10.85057759919639,9.830461486448415,8.964037210709426,7.632295144780773,4.735607302940855,13.453420635660349,6.26358448613895,8.755629057441043,8.256702199047334,13.404498520829256,,,,,,,,,,,,,,,,,,,,,,
2015-02-13,0.9206266130675952,0.11447316681297587,0.19349432666487865,0.38152056450249483,-0.5839824780269923,0.2893984050371677,-0.3886104370580863,-0.25277580563672836,0.410417446809454,-0.5179821232375076,-0.4336385859560151,11.657347330468632,10.85057759919639,9.830461486448415,8.964037210709426,7.632295144780773,4.735607302940855,13.453420635660349,6.26358448613895,8.755629057441043,8.256702199047334,13.404498520829256,,,,,,,,,,,,,,,,,,,,,,
2015-02-20,0.9206266130675952,0.11447316681297587,0.19349432666487865,0.38152056450249483,-0.5839824780269923,0.2893984050371677,-0.3886104370580863,-0.25277580563672836,0.410417446809454,-0.5179821232375076,-0.4336385859560151,11.657347330468632,10.85057759919639,9.830461486448415,8.964037210709426,7.632295144780773,4.735607302940855,13.453420635660349,6.26358448613895,8.755629057441043,8.256702199047334,13.404498520829256,,,,,,,,,,,,,,,,,,,,,,
2015-02-27,0.9206266130675952,0.11447316681297587,0.19349432666487865,0.38152056450249483,-0.5839824780269923,0.2893984050371677,-0.3886104370580863,-0.25277580563672836,0.410417446809454,-0.5179821232375076,-0.4336385859560151,11.657347330468632,10.85057759919639,9.830461486448415,8.964037210709426,7.632295144780773,4.735607302940855,13.453420635660349,6.26358448613895,8.755629057441043,8.256702199047334,13.404498520829256,,,,,,,,,,,,,,,,,,,,,,
2015-03-06,0.4103186654675329,-0.06795505204429371,2.9348091119279167,-0.6130937148598592,-0.30389530298630746,0.28790028147033436,0.8011465522193383,-0.23451211450214451,0.45256485981241695,-0.6288395296973465,1.2594648749814075,13.286340360392558,6.646271859732431,4.231780019158169,5.689721675994556,8.67848267557064,5.8664261506504864,10.521087706216791,10.08706557574563,13.42326814035665,5.659164163998988,13.971406535977795,,,,,,,,,,,,,,,,,,,,,,
2015-03-13,0.4103186654675329,-0.06795505204429371,2.9348091119279167,-0.6130937148598592,-0.30389530298630746,0.28790028147033436,0.8011465522193383,-0.23451211450214451,0.45256485981241695,-0.6288395296973465,1.2594648749814075,13.286340360392558,6.646271859732431,4.231780019158169,5.689721675994556,8.67848267557064,5.8664261506504864,10.521087706216791,10.08706557574563,13.42326814035665,5.659164163998988,13.971406535977795,,,,,,,,,,,,,,,,,,,,,,
2015-03-20,0.4103186654675329,-0.06795505204429371,2.9348091119279167,-0.6130937148598592,-0.30389530298630746,0.28790028147033436,0.8011465522193383,-0.23451211450214451,0.45256485981241695,-0.6288395296973465,1.2594648749814075,13.286340360392558,6.646271859732431,4.231780019158169,5.689721675994556,8.67848267557064,5.8664261506504864,10.521087706216791,10.08706557574563,13.42326814035665,5.659164163998988,13.971406535977795,,,,,,,,,,,,,,,,,,,,,,
2015-03-27,0.4103186654675329,-0.06795505204429371,2.9348091119279167,-0.6130937148598592,-0.30389530298630746,0.28790028147033436,0.8011465522193383,-0.23451211450214451,0.45256485981241695,-0.6288395296973465,1.2594648749814075,13.286340360392558,6.646271859732431,4.231780019158169,5.689721675994556,8.67848267557064,5.8664261506504864,10.521087706216791,10.08706557574563,13.42326814035665,5.659164163998988,13.971406535977795,,,,,,,,,,,,,,,,,,,,,,
2015-04-03,-1.0724898527619786,-0.09392812501616105,0.01162149027001775,0.03449281178211398,-0.7129322962322618,-0.24237568622270178,0.8792015232629157,1.1725073891838265,0.18699589863467522,-0.3965428056330573,-0.39623688041477156,14.067400713325512,16.91075749965755,8.29339043218572,6.653468965864972,4.110296130056379,4.19900513829671,14.99259017615808,7.02099694410673,9.390829156052266,9.197573237406903,14.236195365648708,,,,,,,,,,,,,,,,,,,,,,
2015-04-10,-1.0724898527619786,-0.09392812501616105,0.01162149027001775,0.03449281178211398,-0.7129322962322618,-0.24237568622270178,0.8792015232629157,1.1725073891838265,0.18699589863467522,-0.3965428056330573,-0.39623688041477156,14.067400713325512,16.91075749965755,8.29339043218572,6.653468965864972,4.110296130056379,4.19900513829671,14.99259017615808,7.02099694410673,9.390829156052266,9.197573237406903,14.236195365648708,,,,,,,,,,,,,,,,,,,,,,
2015-04-17,-1.0724898527619786,-0.09392812501616105,0.01162149027001775,0.03449281178211398,-0.7129322962322618,-0.24237568622270178,0.8792015232629157,1.1725073891838265,0.18699589863467522,-0.3965428056330573,-0.39623688041477156,14.067400713325512,16.91075749965755,8.29339043218572,6.653468965864972,4.110296130056379,4.19900513829671,14.99259017615808,7.02099694410673,9.390829156052266,9.197573237406903,14.236195365648708,,,,,,,,,,,,,,,,,,,,,,
2015-04-24,-1.0724898527619786,-0.09392812501616105,0.01162149027001775,0.03449281178211398,-0.7129322962322618,-0.24237568622270178,0.8792015232629157,1.1725073891838265,0.18699589863467522,-0.3965428056330573,-0.39623688041477156,14.067400713325512,16.91075749965755,8.29339043218572,6.653468965864972,4.110296130056379,4.19900513829671,14.99259017615808,7.02099694410673,9.390829156052266,9.197573237406903,14.236195365648708,,,,,,,,,,,,,,,,,,,,,,
2015-05-01,-1.1111257918111321,-0.35496095575360104,-0.5238496583001271,-0.37310631495588864,-1.0855462581369255,-0.4558872202052228,0.3819461592057648,0.7054153459756669,0.028892125878996495,-0.2104063887365927,-0.8701090273792138,7.672453047174284,15.542258344367832,4.461666760579255,6.159443856199266,7.204795007936941,5.929933311468243,13.67563379625314,1.6408109681334602,12.198085298709838,8.295204778720175,8.97954485283114,,,,,,,,,,,,,,,,,,,,,,
2015-05-08,-1.1111257918111321,-0.35496095575360104,-0.5238496583001271,-0.37310631495588864,-1.0855462581369255,-0.4558872202052228,0.3819461592057648,0.7054153459756669,0.028892125878996495,-0.2104063887365927,-0.8701090273792138,7.672453047174284,15.542258344367832,4.461666760579255,6.159443856199266,7.204795007936941,5.929933311468243,13.67563379625314,1.6408109681334602,12.198085298709838,8.295204778720175,8.97954485283114,,,,,,,,,,,,,,,,,,,,,,
2015-05-15,-1.1111257918111321,-0.35496095575360104,-0.5238496583001271,-0.37310631495588864,-1.0855462581369255,-0.4558872202052228,0.3819461592057648,0.7054153459756669,0.028892125878996495,-0.2104063887365927,-0.8701090273792138,7.672453047174284,15.542258344367832,4.461666760579255,6.159443856199266,7.204795007936941,5.929933311468243,13.67563379625314,1.6408109681334602,12.198085298709838,8.295204778720175,8.97954485283114,,,,,,,,,,,,,,,,,,,,,,
2015-05-22,-1.1111257918111321,-0.35496095575360104,-0.5238496583001271,-0.37310631495588864,-1.0855462581369255,-0.4558872202052228,0.3819461592057648,0.7054153459756669,0.028892125878996495,-0.2104063887365927,-0.8701090273792138,7.672453047174284,15.542258344367832,4.461666760579255,6.159443856199266,7.204795007936941,5.929933311468243,13.67563379625314,1.6408109681334602,12.198085298709838,8.295204778720175,8.97954485283114,,,,,,,,,,,,,,,,,,,,,,
2015-05-29,-1.1111257918111321,-0.35496095575360104,-0.5238496583001271,-0.37310631495588864,-1.0855462581369255,-0.4558872202052228,0.3819461592057648,0.7054153459756669,0.028892125878996495,-0.2104063887365927,-0.8701090273792138,7.672453047174284,15.542258344367832,4.461666760579255,6.159443856199266,7.204795007936941,5.929933311468243,13.67563379625314,1.6408109681334602,12.198085298709838,8.295204778720175,8.97954485283114,,,,,,,,,,,,,,,,,,,,,,
2015-06-05,-1.0719886741369165,-1.5635926961497004,-0.4463976456419243,0.5434378383868063,-0.6569126614330103,-0.14609394412357737,-0.3826571215857859,2.355086916240898,-1.0430542746449412,-0.5182274971596147,1.3406563161847564,3.8259112772256447,13.064757317017488,7.910790556150334,6.969482680381182,8.909310854452897,1.5564775336175802,7.45880324354553,1.7950252271547964,6.558190894896869,9.137663223435966,15.71228114604076,,,,,,,,,,,,,,,,,,,,,,
2015-06-12,-1.0719886741369165,-1.5635926961497004,-0.4463976456419243,0.5434378383868063,-0.6569126614330103,-0.14609394412357737,-0.3826571215857859,2.355086916240898,-1.0430542746449412,-0.5182274971596147,1.3406563161847564,3.8259112772256447,13.064757317017488,7.910790556150334,6.969482680381182,8.909310854452897,1.5564775336175802,7.45880324354553,1.7950252271547964,6.558190894896869,9.137663223435966,15.71228114604076,,,,,,,,,,,,,,,,,,,,,,
2015-06-19,-1.0719886741369165,-1.5635926961497004,-0.4463976456419243,0.5434378383868063,-0.6569126614330103,-0.14609394412357737,-0.3826571215857859,2.355086916240898,-1.0430542746449412,-0.5182274971596147,1.3406563161847564,3.8259112772256447,13.064757317017488,7.910790556150334,6.969482680381182,8.909310854452897,1.5564775336175802,7.45880324354553,1.7950252271547964,6.558190894896869,9.137663223435966,15.71228114604076,,,,,,,,,,,,,,,,,,,,,,
2015-06-26,-1.0719886741369165,-1.5635926961497004,-0.4463976456419243,0.5434378383868063,-0.6569126614330103,-0.14609394412357737,-0.3826571215857859,2.355086916240898,-1.0430542746449412,-0.5182274971596147,1.3406563161847564,3.8259112772256447,13.064757317017488,7.910790556150334,6.969482680381182,8.909310854452897,1.5564775336175802,7.45880324354553,1.7950252271547964,6.558190894896869,9.137663223435966,15.71228114604076,,,,,,,,,,,,,,,,,,,,,,
2015-07-03,-1.1129318283204368,-1.3539298556731463,-0.4038164377731491,-0.36260408044166903,-0.08012765435797636,-0.31212399835592075,-2.650869972743603,0.14002200195069578,-0.6586248519993337,-0.5084602666753658,0.6283312828951777,4.159977621160437,11.543399844755951,9.166146390939312,4.973982756012705,17.604554162789434,10.11380780583798,1.021507130207848,2.744350359846204,7.94231243323198,8.285260112427528,18.17149171779494,,,,,,,,,,,,,,,,,,,,,,
2015-07-10,-1.1129318283204368,-1.3539298556731463,-0.4038164377731491,-0.36260408044166903,-0.08012765435797636,-0.31212399835592075,-2.650869972743603,0.14002200195069578,-0.6586248519993337,-0.5084602666753658,0.6283312828951777,4.159977621160437,11.543399844755951,9.166146390939312,4.973982756012705,17.604554162789434,10.11380780583798,1.021507130207848,2.744350359846204,7.94231243323198,8.285260112427528,18.17149171779494,,,,,,,,,,,,,,,,,,,,,,
2015-07-17,-1.1129318283204368,-1.3539298556731463,-0.4038164377731491,-0.36260408044166903,-0.08012765435797636,-0.31212399835592075,-2.650869972743603,0.14002200195069578,-0.6586248519993337,-0.5084602666753658,0.6283312828951777,4.159977621160437,11.543399844755951,9.166146390939312,4.973982756012705,17.604554162789434,10.11380780583798,1.021507130207848,2.744350359846204,7.94231243323198,8.285260112427528,18.17149171779494,,,,,,,,,,,,,,,,,,,,,,
2015-07-24,-1.1129318283204368,-1.3539298556731463,-0.4038164377731491,-0.36260408044166903,-0.08012765435797636,-0.31212399835592075,-2.650869972743603,0.14002200195069578,-0.6586248519993337,-0.5084602666753658,0.6283312828951777,4.159977621160437,11.543399844755951,9.166146390939312,4.973982756012705,17.604554162789434,10.11380780583798,1.021507130207848,2.744350359846204,7.94231243323198,8.285260112427528,18.17149171779494,,,,,,,,,,,,,,,,,,,,,,
2015-07-31,-1.1129318283204368,-1.3539298556731463,-0.4038164377731491,-0.36260408044166903,-0.08012765435797636,-0.31212399835592075,-2.650869972743603,0.14002200195069578,-0.6586248519993337,-0.5084602666753658,0.6283312828951777,4.159977621160437,11.543399844755951,9.166146390939312,4.973982756012705,17.604554162789434,10.11380780583798,1.021507130207848,2.744350359846204,7.94231243323198,8.285260112427528,18.17149171779494,,,,,,,,,,,,,,,,,,,,,,
2015-08-07,-0.7334849059582246,-1.701030913002548,-0.3092315088118531,-0.49688554972131704,-0.08306311269973314,-1.436265471909218,-0.8354163039037767,-1.6858569996591755,-1.4123106676445165,-0.4935606697676422,-0.7623862231663192,10.111148236500815,16.243048262636403,18.0625570518961,6.862930469419654,10.493776342438014,3.9795233409861166,4.408390809954332,10.842068368766364,5.1801709261237585,17.25780227275227,10.253369861752214,,,,,,,,,,,,,,,,,,,,,,
2015-08-14,-0.7334849059582246,-1.701030913002548,-0.3092315088118531,-0.49688554972131704,-0.08306311269973314,-1.436265471909218,-0.8354163039037767,-1.6858569996591755,-1.4123106676445165,-0.4935606697676422,-0.7623862231663192,10.111148236500815,16.243048262636403,18.0625570518961,6.862930469419654,10.493776342438014,3.9795233409861166,4.408390809954332,10.842068368766364,5.1801709261237585,17.25780227275227,10.253369861752214,,,,,,,,,,,,,,,,,,,,,,
2015-08-21,-0.7334849059582246,-1.701030913002548,-0.3092315088118531,-0.49688554972131704,-0.08306311269973314,-1.436265471909218,-0.8354163039037767,-1.6858569996591755,-1.4123106676445165,-0.4935606697676422,-0.7623862231663192,10.111148236500815,16.243048262636403,18.0625570518961,6.862930469419654,10.493776342438014,3.9795233409861166,4.408390809954332,10.842068368766364,5.1801709261237585,17.25780227275227,10.253369861752214,,,,,,,,,,,,,,,,,,,,,,
2015-08-28,-0.7334849059582246,-1.701030913002548,-0.3092315088118531,-0.49688554972131704,-0.08306311269973314,-1.436265471909218,-0.8354163039037767,-1.6858569996591755,-1.4123106676445165,-0.4935606697676422,-0.7623862231663192,10.111148236500815,16.243048262636403,18.0625570518961,6.862930469419654,10.493776342438014,3.9795233409861166,4.408390809954332,10.842068368766364,5.1801709261237585,17.25780227275227,10.253369861752214,,,,,,,,,,,,,,,,,,,,,,
2015-09-04,-0.44013841141871257,-0.3263891223359292,-0.7730951892449842,-0.7890263206803316,-0.17739403904117657,0.6262042960949811,-0.05385952205972602,-0.6226486710374769,-0.0017570163077219613,-0.43420399811428817,-1.3196563207622891,15.55528272711025,16.81225743116753,16.21485321462782,6.517017092724248,14.55437079205211,10.566327757734784,9.37970686923292,13.320441625866668,9.501828416468076,16.256548188728647,11.666593763309654,,,,,,,,,,,,,,,,,,,,,,
2015-09-11,-0.44013841141871257,-0.3263891223359292,-0.7730951892449842,-0.7890263206803316,-0.17739403904117657,0.6262042960949811,-0.05385952205972602,-0.6226486710374769,-0.0017570163077219613,-0.43420399811428817,-1.3196563207622891,15.55528272711025,16.81225743116753,16.21485321462782,6.517017092724248,14.55437079205211,10.566327757734784,9.37970686923292,13.320441625866668,9.501828416468076,16.256548188728647,11.666593763309654,,,,,,,,,,,,,,,,,,,,,,
2015-09-18,-0.44013841141871257,-0.3263891223359292,-0.7730951892449842,-0.7890263206803316,-0.17739403904117657,0.6262042960949811,-0.05385952205972602,-0.6226486710374769,-0.0017570163077219613,-0.43420399811428817,-1.3196563207622891,15.55528272711025,16.81225743116753,16.21485321462782,6.517017092724248,14.55437079205211,10.566327757734784,9.37970686923292,13.320441625866668,9.501828416468076,16.256548188728647,11.666593763309654,,,,,,,,,,,,,,,,,,,,,,
2015-09-25,-0.44013841141871257,-0.3263891223359292,-0.7730951892449842,-0.7890263206803316,-0.17739403904117657,0.6262042960949811,-0.05385952205972602,-0.6226486710374769,-0.0017570163077219613,-0.43420399811428817,-1.3196563207622891,15.55528272711025,16.81225743116753,16.21485321462782,6.517017092724248,14.55437079205211,10.566327757734784,9.37970686923292,13.320441625866668,9.501828416468076,16.256548188728647,11.666593763309654,,,,,,,,,,,,,,,,,,,,,,
2015-10-02,-0.31392630988848785,-0.6748674916777988,-0.4652197937345444,-0.5015945768871807,0.022965798431739883,0.2841260564443892,0.16157904836590414,-0.08473698888202873,0.8411593408605136,-0.3211439556197027,-1.257987717107353,7.709976455595877,17.07576138075887,15.74494844199019,8.029471083547621,13.665444195084577,10.418322947414458,15.755452511883684,16.71414801914588,17.147886021858827,13.371912918165515,14.517525583322776,,,,,,,,,,,,,,,,,,,,,,
2015-10-09,-0.31392630988848785,-0.6748674916777988,-0.4652197937345444,-0.5015945768871807,0.022965798431739883,0.2841260564443892,0.16157904836590414,-0.08473698888202873,0.8411593408605136,-0.3211439556197027,-1.257987717107353,7.709976455595877,17.07576138075887,15.74494844199019,8.029471083547621,13.665444195084577,10.418322947414458,15.755452511883684,16.71414801914588,17.147886021858827,13.371912918165515,14.517525583322776,,,,,,,,,,,,,,,,,,,,,,
2015-10-16,-0.31392630988848785,-0.6748674916777988,-0.4652197937345444,-0.5015945768871807,0.022965798431739883,0.2841260564443892,0.16157904836590414,-0.08473698888202873,0.8411593408605136,-0.3211439556197027,-1.257987717107353,7.709976455595877,17.07576138075887,15.74494844199019,8.029471083547621,13.665444195084577,10.418322947414458,15.755452511883684,16.71414801914588,17.147886021858827,13.371912918165515,14.517525583322776,,,,,,,,,,,,,,,,,,,,,,
2015-10-23,-0.31392630988848785,-0.6748674916777988,-0.4652197937345444,-0.5015945768871807,0.022965798431739883,0.2841260564443892,0.16157904836590414,-0.08473698888202873,0.8411593408605136,-0.3211439556197027,-1.257987717107353,7.709976455595877,17.07576138075887,15.74494844199019,8.029471083547621,13.665444195084577,10.418322947414458,15.755452511883684,16.71414801914588,17.147886021858827,13.371912918165515,14.517525583322776,,,,,,,,,,,,,,,,,,,,,,
2015-10-30,-0.31392630988848785,-0.6748674916777988,-0.4652197937345444,-0.5015945768871807,0.022965798431739883,0.2841260564443892,0.16157904836590414,-0.08473698888202873,0.8411593408605136,-0.3211439556197027,-1.257987717107353,7.709976455595877,17.07576138075887,15.74494844199019,8.029471083547621,13.665444195084577,10.418322947414458,15.755452511883684,16.71414801914588,17.147886021858827,13.371912918165515,14.517525583322776,,,,,,,,,,,,,,,,,,,,,,
2015-11-06,1.3511973290187271,0.43411642010885176,-0.6408458623117222,0.1221496174480069,0.07778448384883752,-1.1055454917937952,-0.2825549727328722,-0.16546505542164097,-2.062736713087081,-0.19241727684131915,0.29393801529946206,7.501076204610973,16.423108533856897,12.215732236434334,4.075984470327233,11.027478241830428,2.797922816223899,15.439661198620552,12.868454199936474,4.372288191305778,13.81797080404387,16.373717956096826,,,,,,,,,,,,,,,,,,,,,,
2015-11-13,1.3511973290187271,0.43411642010885176,-0.6408458623117222,0.1221496174480069,0.07778448384883752,-1.1055454917937952,-0.2825549727328722,-0.16546505542164097,-2.062736713087081,-0.19241727684131915,0.29393801529946206,7.501076204610973,16.423108533856897,12.215732236434334,4.075984470327233,11.027478241830428,2.797922816223899,15.439661198620552,12.868454199936474,4.372288191305778,13.81797080404387,16.373717956096826,,,,,,,,,,,,,,,,,,,,,,
2015-11-20,1.3511973290187271,0.43411642010885176,-0.6408458623117222,0.1221496174480069,0.07778448384883752,-1.1055454917937952,-0.2825549727328722,-0.16546505542164097,-2.062736713087081,-0.19241727684131915,0.29393801529946206,7.501076204610973,16.423108533856897,12.215732236434334,4.075984470327233,11.027478241830428,2.797922816223899,15.439661198620552,12.868454199936474,4.372288191305778,13.81797080404387,16.373717956096826,,,,,,,,,,,,,,,,,,,,,,
2015-11-27,1.3511973290187271,0.43411642010885176,-0.6408458623117222,0.1221496174480069,0.07778448384883752,-1.1055454917937952,-0.2825549727328722,-0.16546505542164097,-2.062736713087081,-0.19241727684131915,0.29393801529946206,7.501076204610973,16.423108533856897,12.215732236434334,4.075984470327233,11.027478241830428,2.797922816223899,15.439661198620552,12.868454199936474,4.372288191305778,13.81797080404387,16.373717956096826,,,,,,,,,,,,,,,,,,,,,,
2015-12-04,2.2701766315467107,1.6902852183267116,0.13884723906866134,0.3259128554951133,-0.2894334369948787,0.5340139143623861,-0.5608894789347613,-0.5924617108084419,0.6546938395130047,0.36969158917591227,1.1611014618263042,7.018260511449733,13.832199442947804,14.26726770721812,4.587127514748148,11.99247906289343,3.5387886738821477,15.25627970919936,12.224317900524651,9.719810584271512,12.853888210510105,14.372210007712402,,,,,,,,,,,,,,,,,,,,,,
2015-12-11,2.2701766315467107,1.6902852183267116,0.13884723906866134,0.3259128554951133,-0.2894334369948787,0.5340139143623861,-0.5608894789347613,-0.5924617108084419,0.6546938395130047,0.36969158917591227,1.1611014618263042,7.018260511449733,13.832199442947804,14.26726770721812,4.587127514748148,11.99247906289343,3.5387886738821477,15.25627970919936,12.224317900524651,9.719810584271512,12.853888210510105,14.372210007712402,,,,,,,,,,,,,,,,,,,,,,
2015-12-18,2.2701766315467107,1.6902852183267116,0.13884723906866134,0.3259128554951133,-0.2894334369948787,0.5340139143623861,-0.5608894789347613,-0.5924617108084419,0.6546938395130047,0.36969158917591227,1.1611014618263042,7.018260511449733,13.832199442947804,14.26726770721812,4.587127514748148,11.99247906289343,3.5387886738821477,15.25627970919936,12.224317900524651,9.719810584271512,12.853888210510105,14.372210007712402,,,,,,,,,,,,,,,,,,,,,,
2015-12-25,2.2701766315467107,1.6902852183267116,0.13884723906866134,0.3259128554951133,-0.2894334369948787,0.5340139143623861,-0.5608894789347613,-0.5924617108084419,0.6546938395130047,0.36969158917591227,1.1611014618263042,7.018260511449733,13.832199442947804,14.26726770721812,4.587127514748148,11.99247906289343,3.5387886738821477,15.25627970919936,12.224317900524651,9.719810584271512,12.853888210510105,14.372210007712402,,,,,,,,,,,,,,,,,,,,,,
2016-01-01,0.9884178761452005,1.384937708128845,0.6373854200699759,0.26764986821262604,-0.04308694443078817,-0.7041142728461856,-1.2814408404308812,-0.22783701069679,1.7995814506803283,-0.11856159384290216,0.5781722384149317,8.972671396268638,16.0,15.264822223474386,7.589056118590229,10.06502818982977,2.7990270033890896,14.860242822253642,16.0,10.335452789875916,15.9394519432802,15.082211964591984,,,,,,,,,,,,,,,,,,,,,,
2016-01-08,0.9884178761452005,1.384937708128845,0.6373854200699759,0.26764986821262604,-0.04308694443078817,-0.7041142728461856,-1.2814408404308812,-0.22783701069679,1.7995814506803283,-0.11856159384290216,0.5781722384149317,8.972671396268638,16.0,15.264822223474386,7.589056118590229,10.06502818982977,2.7990270033890896,14.860242822253642,16.0,10.335452789875916,15.9394519432802,15.082211964591984,,,,,,,,,,,,,,,,,,,,,,
2016-01-15,0.9884178761452005,1.384937708128845,0.6373854200699759,0.26764986821262604,-0.04308694443078817,-0.7041142728461856,-1.2814408404308812,-0.22783701069679,1.7995814506803283,-0.11856159384290216,0.5781722384149317,8.972671396268638,16.0,15.264822223474386,7.589056118590229,10.06502818982977,2.7990270033890896,14.860242822253642,16.0,10.335452789875916,15.9394519432802,15.082211964591984,,,,,,,,,,,,,,,,,,,,,,
2016-01-22,0.9884178761452005,1.384937708128845,0.6373854200699759,0.26764986821262604,-0.04308694443078817,-0.7041142728461856,-1.2814408404308812,-0.22783701069679,1.7995814506803283,-0.11856159384290216,0.5781722384149317,8.972671396268638,16.0,15.264822223474386,7.589056118590229,10.06502818982977,2.7990270033890896,14.860242822253642,16.0,10.335452789875916,15.9394519432802,15.082211964591984,,,,,,,,,,,,,,,,,,,,,,
2016-01-29,0.9884178761452005,1.384937708128845,0.6373854200699759,0.26764986821262604,-0.04308694443078817,-0.7041142728461856,-1.2814408404308812,-0.22783701069679,1.7995814506803283,-0.11856159384290216,0.5781722384149317,8.972671396268638,16.0,15.264822223474386,7.589056118590229,10.06502818982977,2.7990270033890896,14.860242822253642,16.0,10.335452789875916,15.9394519432802,15.082211964591984,,,,,,,,,,,,,,,,,,,,,,
2016-02-05,1.0165012375482816,1.765070197392248,-0.08208207928559769,0.40862147996585957,0.39830832761306617,-0.18622164930321358,-0.3179719283719752,-0.7094792533646648,0.570042096537018,-0.20148568719991725,0.9495854140635759,8.093672538521908,11.753687046253594,12.295283709922805,1.263954016033883,12.512748371558386,7.677959986880944,12.096304408612172,11.357467112893072,9.52325581395349,10.591509631145282,13.654829463699889,,,,,,,,,,,,,,,,,,,,,,
2016-02-12,1.0165012375482816,1.765070197392248,-0.08208207928559769,0.40862147996585957,0.39830832761306617,-0.18622164930321358,-0.3179719283719752,-0.7094792533646648,0.570042096537018,-0.20148568719991725,0.9495854140635759,8.093672538521908,11.753687046253594,12.295283709922805,1.263954016033883,12.512748371558386,7.677959986880944,12.096304408612172,11.357467112893072,9.52325581395349,10.591509631145282,13.654829463699889,,,,,,,,,,,,,,,,,,,,,,
2016-02-19,1.0165012375482816,1.765070197392248,-0.08208207928559769,0.40862147996585957,0.39830832761306617,-0.18622164930321358,-0.3179719283719752,-0.7094792533646648,0.570042096537018,-0.20148568719991725,0.9495854140635759,8.093672538521908,11.753687046253594,12.295283709922805,1.263954016033883,12.512748371558386,7.677959986880944,12.096304408612172,11.357467112893072,9.52325581395349,10.591509631145282,13.654829463699889,,,,,,,,,,,,,,,,,,,,,,
2016-02-26,1.0165012375482816,1.765070197392248,-0.08208207928559769,0.40862147996585957,0.39830832761306617,-0.18622164930321358,-0.3179719283719752,-0.7094792533646648,0.570042096537018,-0.20148568719991725,0.9495854140635759,8.093672538521908,11.753687046253594,12.295283709922805,1.263954016033883,12.512748371558386,7.677959986880944,12.096304408612172,11.357467112893072,9.52325581395349,10.591509631145282,13.654829463699889,,,,,,,,,,,,,,,,,,,,,,
2016-03-04,0.16951088634710393,0.0228437647786462,0.21340561535874772,-0.4359446166143544,-0.6364071943669198,0.6180605241312409,-0.2101969052996468,-0.1235223126237512,0.8448953381807711,-0.2761883256747293,1.147399121321962,15.53269408592542,10.880473494360992,6.088702315884376,7.691146069681845,9.28490886200668,3.7739477424292134,13.85773371236834,6.166485941795638,7.331611060892436,6.763176132800895,9.798855800996858,,,,,,,,,,,,,,,,,,,,,,
2016-03-11,0.16951088634710393,0.0228437647786462,0.21340561535874772,-0.4359446166143544,-0.6364071943669198,0.6180605241312409,-0.2101969052996468,-0.1235223126237512,0.8448953381807711,-0.2761883256747293,1.147399121321962,15.53269408592542,10.880473494360992,6.088702315884376,7.691146069681845,9.28490886200668,3.7739477424292134,13.85773371236834,6.166485941795638,7.331611060892436,6.763176132800895,9.798855800996858,,,,,,,,,,,,,,,,,,,,,,
2016-03-18,0.16951088634710393,0.0228437647786462,0.21340561535874772,-0.4359446166143544,-0.6364071943669198,0.6180605241312409,-0.2101969052996468,-0.1235223126237512,0.8448953381807711,-0.2761883256747293,1.147399121321962,15.53269408592542,10.880473494360992,6.088702315884376,7.691146069681845,9.28490886200668,3.7739477424292134,13.85773371236834,6.166485941795638,7.331611060892436,6.763176132800895,9.798855800996858,,,,,,,,,,,,,,,,,,,,,,
2016-03-25,0.16951088634710393,0.0228437647786462,0.21340561535874772,-0.4359446166143544,-0.6364071943669198,0.6180605241312409,-0.2101969052996468,-0.1235223126237512,0.8448953381807711,-0.2761883256747293,1.147399121321962,15.53269408592542,10.880473494360992,6.088702315884376,7.691146069681845,9.28490886200668,3.7739477424292134,13.85773371236834,6.166485941795638,7.331611060892436,6.763176132800895,9.798855800996858,,,,,,,,,,,,,,,,,,,,,,
2016-04-01,0.23866005969639636,0.7430617958180534,1.325118702139183,-0.5023203918124628,-0.6012940734006794,-1.837798972452849,0.5627637276512771,-0.2014289504449826,0.3397646344326759,-0.1870356107519511,0.8023983415913729,9.810308252974131,8.539210538331583,9.977506057361811,6.542870468411235,7.793705183644423,2.8968842243358486,11.36100754963184,10.0,5.409205768756677,11.108830291629534,12.13105337676839,,,,,,,,,,,,,,,,,,,,,,
2016-04-08,0.23866005969639636,0.7430617958180534,1.325118702139183,-0.5023203918124628,-0.6012940734006794,-1.837798972452849,0.5627637276512771,-0.2014289504449826,0.3397646344326759,-0.1870356107519511,0.8023983415913729,9.810308252974131,8.539210538331583,9.977506057361811,6.542870468411235,7.793705183644423,2.8968842243358486,11.36100754963184,10.0,5.409205768756677,11.108830291629534,12.13105337676839,,,,,,,,,,,,,,,,,,,,,,
2016-04-15,0.23866005969639636,0.7430617958180534,1.325118702139183,-0.5023203918124628,-0.6012940734006794,-1.837798972452849,0.5627637276512771,-0.2014289504449826,0.3397646344326759,-0.1870356107519511,0.8023983415913729,9.810308252974131,8.539210538331583,9.977506057361811,6.542870468411235,7.793705183644423,2.8968842243358486,11.36100754963184,10.0,5.409205768756677,11.108830291629534,12.13105337676839,,,,,,,,,,,,,,,,,,,,,,
2016-04-22,0.23866005969639636,0.7430617958180534,1.325118702139183,-0.5023203918124628,-0.6012940734006794,-1.837798972452849,0.5627637276512771,-0.2014289504449826,0.3397646344326759,-0.1870356107519511,0.8023983415913729,9.810308252974131,8.539210538331583,9.977506057361811,6.542870468411235,7.793705183644423,2.8968842243358486,11.36100754963184,10.0,5.409205768756677,11.108830291629534,12.13105337676839,,,,,,,,,,,,,,,,,,,,,,
2016-04-29,0.23866005969639636,0.7430617958180534,1.325118702139183,-0.5023203918124628,-0.6012940734006794,-1.837798972452849,0.5627637276512771,-0.2014289504449826,0.3397646344326759,-0.1870356107519511,0.8023983415913729,9.810308252974131,8.539210538331583,9.977506057361811,6.542870468411235,7.793705183644423,2.8968842243358486,11.36100754963184,10.0,5.409205768756677,11.108830291629534,12.13105337676839,,,,,,,,,,,,,,,,,,,,,,
2016-05-06,-0.9994082009364671,0.49428760732990096,0.8178682763491891,-0.39800302624551814,-0.37817937931568907,0.2620578066638372,-0.24844665746113398,-1.2720829064820534,1.2219195675222427,-0.3647881294270732,-0.14083458983620142,9.905659204463332,15.51409752979316,9.272192483236603,4.477713911158171,8.473173134818545,7.390608942822785,13.88042921055084,2.938641168030319,8.750123264031558,8.5004235283764,15.730802435739523,,,,,,,,,,,,,,,,,,,,,,
2016-05-13,-0.9994082009364671,0.49428760732990096,0.8178682763491891,-0.39800302624551814,-0.37817937931568907,0.2620578066638372,-0.24844665746113398,-1.2720829064820534,1.2219195675222427,-0.3647881294270732,-0.14083458983620142,9.905659204463332,15.51409752979316,9.272192483236603,4.477713911158171,8.473173134818545,7.390608942822785,13.88042921055084,2.938641168030319,8.750123264031558,8.5004235283764,15.730802435739523,,,,,,,,,,,,,,,,,,,,,,
2016-05-20,-0.9994082009364671,0.49428760732990096,0.8178682763491891,-0.39800302624551814,-0.37817937931568907,0.2620578066638372,-0.24844665746113398,-1.2720829064820534,1.2219195675222427,-0.3647881294270732,-0.14083458983620142,9.905659204463332,15.51409752979316,9.272192483236603,4.477713911158171,8.473173134818545,7.390608942822785,13.88042921055084,2.938641168030319,8.750123264031558,8.5004235283764,15.730802435739523,,,,,,,,,,,,,,,,,,,,,,
2016-05-27,-0.9994082009364671,0.49428760732990096,0.8178682763491891,-0.39800302624551814,-0.37817937931568907,0.2620578066638372,-0.24844665746113398,-1.2720829064820534,1.2219195675222427,-0.3647881294270732,-0.14083458983620142,9.905659204463332,15.51409752979316,9.272192483236603,4.477713911158171,8.473173134818545,7.390608942822785,13.88042921055084,2.938641168030319,8.750123264031558,8.5004235283764,15.730802435739523,,,,,,,,,,,,,,,,,,,,,,
2016-06-03,-1.149246246986894,1.795173220895838,0.45793197665761703,1.073303018916883,-0.42315029439071544,-0.5152820915321089,0.25226998645531173,-0.10092950335005832,2.2451542861998535,-0.2965209471163422,1.0740359259575623,1.487983029379997,17.004349116478693,11.78296050036626,5.315887661977513,8.786600251792656,4.3776101454028655,12.283484015285673,4.073867788727715,4.886330018900487,11.348041318768356,15.107743487619858,,,,,,,,,,,,,,,,,,,,,,
2016-06-10,-1.149246246986894,1.795173220895838,0.45793197665761703,1.073303018916883,-0.42315029439071544,-0.5152820915321089,0.25226998645531173,-0.10092950335005832,2.2451542861998535,-0.2965209471163422,1.0740359259575623,1.487983029379997,17.004349116478693,11.78296050036626,5.315887661977513,8.786600251792656,4.3776101454028655,12.283484015285673,4.073867788727715,4.886330018900487,11.348041318768356,15.107743487619858,,,,,,,,,,,,,,,,,,,,,,
2016-06-17,-1.149246246986894,1.795173220895838,0.45793197665761703,1.073303018916883,-0.42315029439071544,-0.5152820915321089,0.25226998645531173,-0.10092950335005832,2.2451542861998535,-0.2965209471163422,1.0740359259575623,1.487983029379997,17.004349116478693,11.78296050036626,5.315887661977513,8.786600251792656,4.3776101454028655,12.283484015285673,4.073867788727715,4.886330018900487,11.348041318768356,15.107743487619858,,,,,,,,,,,,,,,,,,,,,,
2016-06-24,-1.149246246986894,1.795173220895838,0.45793197665761703,1.073303018916883,-0.42315029439071544,-0.5152820915321089,0.25226998645531173,-0.10092950335005832,2.2451542861998535,-0.2965209471163422,1.0740359259575623,1.487983029379997,17.004349116478693,11.78296050036626,5.315887661977513,8.786600251792656,4.3776101454028655,12.283484015285673,4.073867788727715,4.886330018900487,11.348041318768356,15.107743487619858,,,,,,,,,,,,,,,,,,,,,,
2016-07-01,-0.929108170971102,-0.4842812835408977,-0.5317682006613575,0.9900518472195198,-0.323886378218879,-0.45742609543181045,-0.23827684544339772,2.3818935532475805,-1.2634331437992594,-0.21007378798048923,0.3602908600090782,5.321967783795545,13.544153235012098,6.213343100242296,7.296021781878686,14.460758662214683,7.794938231114023,2.53697921521111,3.938078001191869,4.670042731530941,10.58974951321738,18.27657615139341,,,,,,,,,,,,,,,,,,,,,,
2016-07-08,-0.929108170971102,-0.4842812835408977,-0.5317682006613575,0.9900518472195198,-0.323886378218879,-0.45742609543181045,-0.23827684544339772,2.3818935532475805,-1.2634331437992594,-0.21007378798048923,0.3602908600090782,5.321967783795545,13.544153235012098,6.213343100242296,7.296021781878686,14.460758662214683,7.794938231114023,2.53697921521111,3.938078001191869,4.670042731530941,10.58974951321738,18.27657615139341,,,,,,,,,,,,,,,,,,,,,,
2016-07-15,-0.929108170971102,-0.4842812835408977,-0.5317682006613575,0.9900518472195198,-0.323886378218879,-0.45742609543181045,-0.23827684544339772,2.3818935532475805,-1.2634331437992594,-0.21007378798048923,0.3602908600090782,5.321967783795545,13.544153235012098,6.213343100242296,7.296021781878686,14.460758662214683,7.794938231114023,2.53697921521111,3.938078001191869,4.670042731530941,10.58974951321738,18.27657615139341,,,,,,,,,,,,,,,,,,,,,,
2016-07-22,-0.929108170971102,-0.4842812835408977,-0.5317682006613575,0.9900518472195198,-0.323886378218879,-0.45742609543181045,-0.23827684544339772,2.3818935532475805,-1.2634331437992594,-0.21007378798048923,0.3602908600090782,5.321967783795545,13.544153235012098,6.213343100242296,7.296021781878686,14.460758662214683,7.794938231114023,2.53697921521111,3.938078001191869,4.670042731530941,10.58974951321738,18.27657615139341,,,,,,,,,,,,,,,,,,,,,,
2016-07-29,-0.929108170971102,-0.4842812835408977,-0.5317682006613575,0.9900518472195198,-0.323886378218879,-0.45742609543181045,-0.23827684544339772,2.3818935532475805,-1.2634331437992594,-0.21007378798048923,0.3602908600090782,5.321967783795545,13.544153235012098,6.213343100242296,7.296021781878686,14.460758662214683,7.794938231114023,2.53697921521111,3.938078001191869,4.670042731530941,10.58974951321738,18.27657615139341,,,,,,,,,,,,,,,,,,,,,,
2016-08-05,-0.7836454669021088,-0.07783192979446195,-0.17455632722455436,-1.037214591268326,-0.11219831129747516,-0.8268778794857389,-1.8582879136628483,-1.5649566663837968,0.01807506575085509,-0.37473328000846656,-1.5466416338806588,13.85253277179023,12.785203871969312,19.019270862681022,0.8148036101447083,11.909442224533358,10.388072592106704,4.381128250535932,4.9443996242471115,12.816881009121545,16.391637239695054,10.535667008161338,,,,,,,,,,,,,,,,,,,,,,
2016-08-12,-0.7836454669021088,-0.07783192979446195,-0.17455632722455436,-1.037214591268326,-0.11219831129747516,-0.8268778794857389,-1.8582879136628483,-1.5649566663837968,0.01807506575085509,-0.37473328000846656,-1.5466416338806588,13.85253277179023,12.785203871969312,19.019270862681022,0.8148036101447083,11.909442224533358,10.388072592106704,4.381128250535932,4.9443996242471115,12.816881009121545,16.391637239695054,10.535667008161338,,,,,,,,,,,,,,,,,,,,,,
2016-08-19,-0.7836454669021088,-0.07783192979446195,-0.17455632722455436,-1.037214591268326,-0.11219831129747516,-0.8268778794857389,-1.8582879136628483,-1.5649566663837968,0.01807506575085509,-0.37473328000846656,-1.5466416338806588,13.85253277179023,12.785203871969312,19.019270862681022,0.8148036101447083,11.909442224533358,10.388072592106704,4.381128250535932,4.9443996242471115,12.816881009121545,16.391637239695054,10.535667008161338,,,,,,,,,,,,,,,,,,,,,,
2016-08-26,-0.7836454669021088,-0.07783192979446195,-0.17455632722455436,-1.037214591268326,-0.11219831129747516,-0.8268778794857389,-1.8582879136628483,-1.5649566663837968,0.01807506575085509,-0.37473328000846656,-1.5466416338806588,13.85253277179023,12.785203871969312,19.019270862681022,0.8148036101447083,11.909442224533358,10.388072592106704,4.381128250535932,4.9443996242471115,12.816881009121545,16.391637239695054,10.535667008161338,,,,,,,,,,,,,,,,,,,,,,
2016-09-02,-0.6998885046358903,-1.221976529724581,0.8736387743689766,0.3278822124786888,-0.17873322189253554,-0.019598791562001297,0.8695961340604876,0.1379710347070181,-2.640735366530211,-0.21699841077951354,-1.3335181841436163,13.247021982547611,16.97093740011871,17.727762438722042,5.833106438763679,15.831714926925404,6.222378922050946,15.843683008668089,15.096496128106557,4.607753307584847,20.441591586636303,14.732805359547845,,,,,,,,,,,,,,,,,,,,,,
2016-09-09,-0.6998885046358903,-1.221976529724581,0.8736387743689766,0.3278822124786888,-0.17873322189253554,-0.019598791562001297,0.8695961340604876,0.1379710347070181,-2.640735366530211,-0.21699841077951354,-1.3335181841436163,13.247021982547611,16.97093740011871,17.727762438722042,5.833106438763679,15.831714926925404,6.222378922050946,15.843683008668089,15.096496128106557,4.607753307584847,20.441591586636303,14.732805359547845,,,,,,,,,,,,,,,,,,,,,,
2016-09-16,-0.6998885046358903,-1.221976529724581,0.8736387743689766,0.3278822124786888,-0.17873322189253554,-0.019598791562001297,0.8695961340604876,0.1379710347070181,-2.640735366530211,-0.21699841077951354,-1.3335181841436163,13.247021982547611,16.97093740011871,17.727762438722042,5.833106438763679,15.831714926925404,6.222378922050946,15.843683008668089,15.096496128106557,4.607753307584847,20.441591586636303,14.732805359547845,,,,,,,,,,,,,,,,,,,,,,
2016-09-23,-0.6998885046358903,-1.221976529724581,0.8736387743689766,0.3278822124786888,-0.17873322189253554,-0.019598791562001297,0.8695961340604876,0.1379710347070181,-2.640735366530211,-0.21699841077951354,-1.3335181841436163,13.247021982547611,16.97093740011871,17.727762438722042,5.833106438763679,15.831714926925404,6.222378922050946,15.843683008668089,15.096496128106557,4.607753307584847,20.441591586636303,14.732805359547845,,,,,,,,,,,,,,,,,,,,,,
2016-09-30,-0.6998885046358903,-1.221976529724581,0.8736387743689766,0.3278822124786888,-0.17873322189253554,-0.019598791562001297,0.8695961340604876,0.1379710347070181,-2.640735366530211,-0.21699841077951354,-1.3335181841436163,13.247021982547611,16.97093740011871,17.727762438722042,5.833106438763679,15.831714926925404,6.222378922050946,15.843683008668089,15.096496128106557,4.607753307584847,20.441591586636303,14.732805359547845,,,,,,,,,,,,,,,,,,,,,,
2016-10-07,-0.1950030976995833,0.3110982644611995,0.6742546907238375,-0.714985379051339,-0.016660991905045573,0.0014671120523210932,-0.4257082307944948,-0.20422402819299543,0.29849735815776046,0.14514910850577828,-1.540596826325935,16.786274311734125,16.09489292726359,19.64302699047727,1.7650380678666864,17.80259455908918,2.407707445063955,12.162934569857397,14.530892999923331,7.91582093845016,19.24142217528574,20.366972477064213,,,,,,,,,,,,,,,,,,,,,,
2016-10-14,-0.1950030976995833,0.3110982644611995,0.6742546907238375,-0.714985379051339,-0.016660991905045573,0.0014671120523210932,-0.4257082307944948,-0.20422402819299543,0.29849735815776046,0.14514910850577828,-1.540596826325935,16.786274311734125,16.09489292726359,19.64302699047727,1.7650380678666864,17.80259455908918,2.407707445063955,12.162934569857397,14.530892999923331,7.91582093845016,19.24142217528574,20.366972477064213,,,,,,,,,,,,,,,,,,,,,,
2016-10-21,-0.1950030976995833,0.3110982644611995,0.6742546907238375,-0.714985379051339,-0.016660991905045573,0.0014671120523210932,-0.4257082307944948,-0.20422402819299543,0.29849735815776046,0.14514910850577828,-1.540596826325935,16.786274311734125,16.09489292726359,19.64302699047727,1.7650380678666864,17.80259455908918,2.407707445063955,12.162934569857397,14.530892999923331,7.91582093845016,19.24142217528574,20.366972477064213,,,,,,,,,,,,,,,,,,,,,,
2016-10-28,-0.1950030976995833,0.3110982644611995,0.6742546907238375,-0.714985379051339,-0.016660991905045573,0.0014671120523210932,-0.4257082307944948,-0.20422402819299543,0.29849735815776046,0.14514910850577828,-1.540596826325935,16.786274311734125,16.09489292726359,19.64302699047727,1.7650380678666864,17.80259455908918,2.407707445063955,12.162934569857397,14.530892999923331,7.91582093845016,19.24142217528574,20.366972477064213,,,,,,,,,,,,,,,,,,,,,,
2016-11-04,0.7374186469829768,0.5770638849865064,0.7302890066458004,-1.0274236289152987,-0.9416551063487051,-0.8725890769424396,-0.8625828394296096,0.69551785466121,0.9763750287363238,-0.3928306091832311,0.1284531944952163,15.272027227588136,15.002887995981911,9.909911534343834,1.1461327081127417,7.341759264327548,4.962392041106374,19.89397893559511,13.13660609645232,12.700930643438252,9.21591146606822,19.032679889033417,,,,,,,,,,,,,,,,,,,,,,
2016-11-11,0.7374186469829768,0.5770638849865064,0.7302890066458004,-1.0274236289152987,-0.9416551063487051,-0.8725890769424396,-0.8625828394296096,0.69551785466121,0.9763750287363238,-0.3928306091832311,0.1284531944952163,15.272027227588136,15.002887995981911,9.909911534343834,1.1461327081127417,7.341759264327548,4.962392041106374,19.89397893559511,13.13660609645232,12.700930643438252,9.21591146606822,19.032679889033417,,,,,,,,,,,,,,,,,,,,,,
2016-11-18,0.7374186469829768,0.5770638849865064,0.7302890066458004,-1.0274236289152987,-0.9416551063487051,-0.8725890769424396,-0.8625828394296096,0.69551785466121,0.9763750287363238,-0.3928306091832311,0.1284531944952163,15.272027227588136,15.002887995981911,9.909911534343834,1.1461327081127417,7.341759264327548,4.962392041106374,19.89397893559511,13.13660609645232,12.700930643438252,9.21591146606822,19.032679889033417,,,,,,,,,,,,,,,,,,,,,,
2016-11-25,0.7374186469829768,0.5770638849865064,0.7302890066458004,-1.0274236289152987,-0.9416551063487051,-0.8725890769424396,-0.8625828394296096,0.69551785466121,0.9763750287363238,-0.3928306091832311,0.1284531944952163,15.272027227588136,15.002887995981911,9.909911534343834,1.1461327081127417,7.341759264327548,4.962392041106374,19.89397893559511,13.13660609645232,12.700930643438252,9.21591146606822,19.032679889033417,,,,,,,,,,,,,,,,,,,,,,
2016-12-02,1.5925324482645957,1.8700368674618235,0.16044357614344953,-0.6936106486733687,-2.3622394483828133,0.2919409089394802,-1.429241947802842,-0.5252560838556057,0.8579055600241916,-0.5553867367451911,0.34333695300614986,12.06110666469816,18.919775352723622,16.504242970642927,1.324434024101245,7.6788329957852115,8.266874385044275,17.607414937371473,10.384089639536032,15.517277508423046,10.69966887781481,16.081532812266182,,,,,,,,,,,,,,,,,,,,,,
2016-12-09,1.5925324482645957,1.8700368674618235,0.16044357614344953,-0.6936106486733687,-2.3622394483828133,0.2919409089394802,-1.429241947802842,-0.5252560838556057,0.8579055600241916,-0.5553867367451911,0.34333695300614986,12.06110666469816,18.919775352723622,16.504242970642927,1.324434024101245,7.6788329957852115,8.266874385044275,17.607414937371473,10.384089639536032,15.517277508423046,10.69966887781481,16.081532812266182,,,,,,,,,,,,,,,,,,,,,,
2016-12-16,1.5925324482645957,1.8700368674618235,0.16044357614344953,-0.6936106486733687,-2.3622394483828133,0.2919409089394802,-1.429241947802842,-0.5252560838556057,0.8579055600241916,-0.5553867367451911,0.34333695300614986,12.06110666469816,18.919775352723622,16.504242970642927,1.324434024101245,7.6788329957852115,8.266874385044275,17.607414937371473,10.384089639536032,15.517277508423046,10.69966887781481,16.081532812266182,,,,,,,,,,,,,,,,,,,,,,
2016-12-23,1.5925324482645957,1.8700368674618235,0.16044357614344953,-0.6936106486733687,-2.3622394483828133,0.2919409089394802,-1.429241947802842,-0.5252560838556057,0.8579055600241916,-0.5553867367451911,0.34333695300614986,12.06110666469816,18.919775352723622,16.504242970642927,1.324434024101245,7.6788329957852115,8.266874385044275,17.607414937371473,10.384089639536032,15.517277508423046,10.69966887781481,16.081532812266182,,,,,,,,,,,,,,,,,,,,,,
2016-12-30,1.5925324482645957,1.8700368674618235,0.16044357614344953,-0.6936106486733687,-2.3622394483828133,0.2919409089394802,-1.429241947802842,-0.5252560838556057,0.8579055600241916,-0.5553867367451911,0.34333695300614986,12.06110666469816,18.919775352723622,16.504242970642927,1.324434024101245,7.6788329957852115,8.266874385044275,17.607414937371473,10.384089639536032,15.517277508423046,10.69966887781481,16.081532812266182,,,,,,,,,,,,,,,,,,,,,,
2017-01-06,1.1475833805128401,0.4414783937618586,2.118501249139293,-2.90054952191718,0.2895640464285717,0.08397043076192642,-0.3953467089398659,0.6050732288370523,1.0995600168813857,-0.4294389370427583,0.29777799243269154,14.43714887367612,15.91832564723072,14.17426043838395,0.136313215348157,9.0593573813564,7.056827375095659,18.495456240096928,15.012442633544728,13.603326074451484,15.176979857650464,18.098718819426058,,,,,,,,,,,,,,,,,,,,,,
2017-01-13,1.1475833805128401,0.4414783937618586,2.118501249139293,-2.90054952191718,0.2895640464285717,0.08397043076192642,-0.3953467089398659,0.6050732288370523,1.0995600168813857,-0.4294389370427583,0.29777799243269154,14.43714887367612,15.91832564723072,14.17426043838395,0.136313215348157,9.0593573813564,7.056827375095659,18.495456240096928,15.012442633544728,13.603326074451484,15.176979857650464,18.098718819426058,,,,,,,,,,,,,,,,,,,,,,
2017-01-20,1.1475833805128401,0.4414783937618586,2.118501249139293,-2.90054952191718,0.2895640464285717,0.08397043076192642,-0.3953467089398659,0.6050732288370523,1.0995600168813857,-0.4294389370427583,0.29777799243269154,14.43714887367612,15.91832564723072,14.17426043838395,0.136313215348157,9.0593573813564,7.056827375095659,18.495456240096928,15.012442633544728,13.603326074451484,15.176979857650464,18.098718819426058,,,,,,,,,,,,,,,,,,,,,,
2017-01-27,1.1475833805128401,0.4414783937618586,2.118501249139293,-2.90054952191718,0.2895640464285717,0.08397043076192642,-0.3953467089398659,0.6050732288370523,1.0995600168813857,-0.4294389370427583,0.29777799243269154,14.43714887367612,15.91832564723072,14.17426043838395,0.136313215348157,9.0593573813564,7.056827375095659,18.495456240096928,15.012442633544728,13.603326074451484,15.176979857650464,18.098718819426058,,,,,,,,,,,,,,,,,,,,,,
2017-02-03,1.8596686324280074,0.5685336533897085,2.9924092555016806,-0.13641961835483454,-0.5834640160375799,0.7734627521916211,0.7326394541552066,0.9888294265356943,1.3303477737698555,-0.23331854644978808,-0.28088236164991237,7.607655428034158,9.985103419935166,9.131864540485717,3.3924267634750165,10.829284580436806,2.0983163878867392,13.454818715630523,14.891576030405597,9.919642123428387,11.490918891565732,12.171169408216596,,,,,,,,,,,,,,,,,,,,,,
2017-02-10,1.8596686324280074,0.5685336533897085,2.9924092555016806,-0.13641961835483454,-0.5834640160375799,0.7734627521916211,0.7326394541552066,0.9888294265356943,1.3303477737698555,-0.23331854644978808,-0.28088236164991237,7.607655428034158,9.985103419935166,9.131864540485717,3.3924267634750165,10.829284580436806,2.0983163878867392,13.454818715630523,14.891576030405597,9.919642123428387,11.490918891565732,12.171169408216596,,,,,,,,,,,,,,,,,,,,,,
2017-02-17,1.8596686324280074,0.5685336533897085,2.9924092555016806,-0.13641961835483454,-0.5834640160375799,0.7734627521916211,0.7326394541552066,0.9888294265356943,1.3303477737698555,-0.23331854644978808,-0.28088236164991237,7.607655428034158,9.985103419935166,9.131864540485717,3.3924267634750165,10.829284580436806,2.0983163878867392,13.454818715630523,14.891576030405597,9.919642123428387,11.490918891565732,12.171169408216596,,,,,,,,,,,,,,,,,,,,,,
2017-02-24,1.8596686324280074,0.5685336533897085,2.9924092555016806,-0.13641961835483454,-0.5834640160375799,0.7734627521916211,0.7326394541552066,0.9888294265356943,1.3303477737698555,-0.23331854644978808,-0.28088236164991237,7.607655428034158,9.985103419935166,9.131864540485717,3.3924267634750165,10.829284580436806,2.0983163878867392,13.454818715630523,14.891576030405597,9.919642123428387,11.490918891565732,12.171169408216596,,,,,,,,,,,,,,,,,,,,,,
2017-03-03,1.7630525959337169,0.4235876349719737,0.27237573573524043,0.354964407239243,0.5767026048830618,0.7567725699627448,0.43614669783711807,0.4258825902577489,0.2664968594298394,-0.2401587235573155,-0.5911093426981595,13.667689773336557,11.306995114378338,7.245213275483181,2.0262315333030805,10.884602331818932,5.972209467585004,15.74473389877901,10.924018883010769,7.293481387131239,9.856748402142944,15.930404153189132,,,,,,,,,,,,,,,,,,,,,,
2017-03-10,1.7630525959337169,0.4235876349719737,0.27237573573524043,0.354964407239243,0.5767026048830618,0.7567725699627448,0.43614669783711807,0.4258825902577489,0.2664968594298394,-0.2401587235573155,-0.5911093426981595,13.667689773336557,11.306995114378338,7.245213275483181,2.0262315333030805,10.884602331818932,5.972209467585004,15.74473389877901,10.924018883010769,7.293481387131239,9.856748402142944,15.930404153189132,,,,,,,,,,,,,,,,,,,,,,
2017-03-17,1.7630525959337169,0.4235876349719737,0.27237573573524043,0.354964407239243,0.5767026048830618,0.7567725699627448,0.43614669783711807,0.4258825902577489,0.2664968594298394,-0.2401587235573155,-0.5911093426981595,13.667689773336557,11.306995114378338,7.245213275483181,2.0262315333030805,10.884602331818932,5.972209467585004,15.74473389877901,10.924018883010769,7.293481387131239,9.856748402142944,15.930404153189132,,,,,,,,,,,,,,,,,,,,,,
2017-03-24,1.7630525959337169,0.4235876349719737,0.27237573573524043,0.354964407239243,0.5767026048830618,0.7567725699627448,0.43614669783711807,0.4258825902577489,0.2664968594298394,-0.2401587235573155,-0.5911093426981595,13.667689773336557,11.306995114378338,7.245213275483181,2.0262315333030805,10.884602331818932,5.972209467585004,15.74473389877901,10.924018883010769,7.293481387131239,9.856748402142944,15.930404153189132,,,,,,,,,,,,,,,,,,,,,,
2017-03-31,1.7630525959337169,0.4235876349719737,0.27237573573524043,0.354964407239243,0.5767026048830618,0.7567725699627448,0.43614669783711807,0.4258825902577489,0.2664968594298394,-0.2401587235573155,-0.5911093426981595,13.667689773336557,11.306995114378338,7.245213275483181,2.0262315333030805,10.884602331818932,5.972209467585004,15.74473389877901,10.924018883010769,7.293481387131239,9.856748402142944,15.930404153189132,,,,,,,,,,,,,,,,,,,,,,
2017-04-07,0.03328432596387401,-0.02812918423535632,0.14552770885989558,-0.341870452824078,-0.1951128574296821,1.966177055226496,1.4228404139045279,-0.7087212064369128,0.8788817145531734,0.2174635451119808,-1.7168014331862482,16.792910259299262,12.975971416830278,10.721214853214631,2.735743457873242,9.532541463681648,9.872034546845962,15.04138316711716,4.81842079321789,12.269979045114637,8.883568199069334,13.189621631577127,30.0,30.0,30.0,30.0,30.0,30.0,30.0,30.0,30.0,30.0,30.0,0.09290390632003571,0.11359636527564308,0.09925813149246826,,0.06587751613814698,,0.06708586041306949,0.05197669276711182,0.19157700112052517,,0.08787342656963391
2017-04-14,0.03328432596387401,-0.02812918423535632,0.14552770885989558,-0.341870452824078,-0.1951128574296821,1.966177055226496,1.4228404139045279,-0.7087212064369128,0.8788817145531734,0.2174635451119808,-1.7168014331862482,16.792910259299262,12.975971416830278,10.721214853214631,2.735743457873242,9.532541463681648,9.872034546845962,15.04138316711716,4.81842079321789,12.269979045114637,8.883568199069334,13.189621631577127,30.0,30.0,30.0,30.0,30.0,30.0,30.0,30.0,30.0,30.0,30.0,0.09290390632003571,0.11359636527564308,0.09925813149246826,,0.06587751613814698,,0.06708586041306949,0.05197669276711182,0.19157700112052517,,0.08787342656963391
2017-04-21,0.03328432596387401,-0.02812918423535632,0.14552770885989558,-0.341870452824078,-0.1951128574296821,1.966177055226496,1.4228404139045279,-0.7087212064369128,0.8788817145531734,0.2174635451119808,-1.7168014331862482,16.792910259299262,12.975971416830278,10.721214853214631,2.735743457873242,9.532541463681648,9.872034546845962,15.04138316711716,4.81842079321789,12.269979045114637,8.883568199069334,13.189621631577127,30.0,30.0,30.0,30.0,30.0,30.0,30.0,30.0,30.0,30.0,30.0,0.09290390632003571,0.11359636527564308,0.09925813149246826,,0.06587751613814698,,0.06708586041306949,0.05197669276711182,0.19157700112052517,,0.08787342656963391
2017-04-28,0.03328432596387401,-0.02812918423535632,0.14552770885989558,-0.341870452824078,-0.1951128574296821,1.966177055226496,1.4228404139045279,-0.7087212064369128,0.8788817145531734,0.2174635451119808,-1.7168014331862482,16.792910259299262,12.975971416830278,10.721214853214631,2.735743457873242,9.532541463681648,9.872034546845962,15.04138316711716,4.81842079321789,12.269979045114637,8.883568199069334,13.189621631577127,30.0,30.0,30.0,30.0,30.0,30.0,30.0,30.0,30.0,30.0,30.0,0.09290390632003571,0.11359636527564308,0.09925813149246826,,0.06587751613814698,,0.06708586041306949,0.05197669276711182,0.19157700112052517,,0.08787342656963391
2017-05-05,-0.9770682395989868,0.2956392143827952,0.8612188715301401,5.303497306957449,-0.6962321795440682,0.4667102194863633,1.3358892613100952,3.477333107643424,1.195270796442625,-0.1385349766427894,-0.6350183910947926,9.070454492474331,13.727306972284367,7.682639319321576,3.026899611758181,9.795850894958678,8.265212638023398,13.764598285021902,4.459117843568933,11.694551729805246,9.271949220597785,8.751418737697557,24.0,24.0,24.0,24.0,24.0,24.0,24.0,24.0,24.0,24.0,24.0,0.06719381471382073,0.11359636527564308,0.04910396316441803,,0.09372334175574631,,0.06751933531360749,0.05197669276711182,0.19157700112052517,,0.05430499511623912
2017-05-12,-0.9770682395989868,0.2956392143827952,0.8612188715301401,5.303497306957449,-0.6962321795440682,0.4667102194863633,1.3358892613100952,3.477333107643424,1.195270796442625,-0.1385349766427894,-0.6350183910947926,9.070454492474331,13.727306972284367,7.682639319321576,3.026899611758181,9.795850894958678,8.265212638023398,13.764598285021902,4.459117843568933,11.694551729805246,9.271949220597785,8.751418737697557,24.0,24.0,24.0,24.0,24.0,24.0,24.0,24.0,24.0,24.0,24.0,0.06719381471382073,0.11359636527564308,0.04910396316441803,,0.09372334175574631,,0.06751933531360749,0.05197669276711182,0.19157700112052517,,0.05430499511623912
2017-05-19,-0.9770682395989868,0.2956392143827952,0.8612188715301401,5.303497306957449,-0.6962321795440682,0.4667102194863633,1.3358892613100952,3.477333107643424,1.195270796442625,-0.1385349766427894,-0.6350183910947926,9.070454492474331,13.727306972284367,7.682639319321576,3.026899611758181,9.795850894958678,8.265212638023398,13.764598285021902,4.459117843568933,11.694551729805246,9.271949220597785,8.751418737697557,24.0,24.0,24.0,24.0,24.0,24.0,24.0,24.0,24.0,24.0,24.0,0.06719381471382073,0.11359636527564308,0.04910396316441803,,0.09372334175574631,,0.06751933531360749,0.05197669276711182,0.19157700112052517,,0.05430499511623912
2017-05-26,-0.9770682395989868,0.2956392143827952,0.8612188715301401,5.303497306957449,-0.6962321795440682,0.4667102194863633,1.3358892613100952,3.477333107643424,1.195270796442625,-0.1385349766427894,-0.6350183910947926,9.070454492474331,13.727306972284367,7.682639319321576,3.026899611758181,9.795850894958678,8.265212638023398,13.764598285021902,4.459117843568933,11.694551729805246,9.271949220597785,8.751418737697557,24.0,24.0,24.0,24.0,24.0,24.0,24.0,24.0,24.0,24.0,24.0,0.06719381471382073,0.11359636527564308,0.04910396316441803,,0.09372334175574631,,0.06751933531360749,0.05197669276711182,0.19157700112052517,,0.05430499511623912
2017-06-02,-0.9967471027879099,0.906814067246664,0.42192668299789643,-0.049828821663931884,-0.28400220887854205,0.3391156051361104,0.4963774103336765,0.045736033732030806,6.209560722553881,-0.06928079391989458,0.69935038104778,2.9281390596225134,13.39790420528743,11.613568490449092,3.3947335249331916,7.868476654441949,2.02884005684924,7.118009600149127,4.5787467551670895,4.557050702604981,11.780821315028104,13.733357890253592,31.0,31.0,31.0,31.0,31.0,31.0,31.0,31.0,31.0,31.0,31.0,0.1178234746429971,0.11359636527564308,0.050807919370069926,,0.18337551714374814,,0.06751933531360749,0.05732967312451758,0.19157700112052517,,0.052043363704275196
2017-06-09,-0.9967471027879099,0.906814067246664,0.42192668299789643,-0.049828821663931884,-0.28400220887854205,0.3391156051361104,0.4963774103336765,0.045736033732030806,6.209560722553881,-0.06928079391989458,0.69935038104778,2.9281390596225134,13.39790420528743,11.613568490449092,3.3947335249331916,7.868476654441949,2.02884005684924,7.118009600149127,4.5787467551670895,4.557050702604981,11.780821315028104,13.733357890253592,31.0,31.0,31.0,31.0,31.0,31.0,31.0,31.0,31.0,31.0,31.0,0.1178234746429971,0.11359636527564308,0.050807919370069926,,0.18337551714374814,,0.06751933531360749,0.05732967312451758,0.19157700112052517,,0.052043363704275196
2017-06-16,-0.9967471027879099,0.906814067246664,0.42192668299789643,-0.049828821663931884,-0.28400220887854205,0.3391156051361104,0.4963774103336765,0.045736033732030806,6.209560722553881,-0.06928079391989458,0.69935038104778,2.9281390596225134,13.39790420528743,11.613568490449092,3.3947335249331916,7.868476654441949,2.02884005684924,7.118009600149127,4.5787467551670895,4.557050702604981,11.780821315028104,13.733357890253592,31.0,31.0,31.0,31.0,31.0,31.0,31.0,31.0,31.0,31.0,31.0,0.1178234746429971,0.11359636527564308,0.050807919370069926,,0.18337551714374814,,0.06751933531360749,0.05732967312451758,0.19157700112052517,,0.052043363704275196
2017-06-23,-0.9967471027879099,0.906814067246664,0.42192668299789643,-0.049828821663931884,-0.28400220887854205,0.3391156051361104,0.4963774103336765,0.045736033732030806,6.209560722553881,-0.06928079391989458,0.69935038104778,2.9281390596225134,13.39790420528743,11.613568490449092,3.3947335249331916,7.868476654441949,2.02884005684924,7.118009600149127,4.5787467551670895,4.557050702604981,11.780821315028104,13.733357890253592,31.0,31.0,31.0,31.0,31.0,31.0,31.0,31.0,31.0,31.0,31.0,0.1178234746429971,0.11359636527564308,0.050807919370069926,,0.18337551714374814,,0.06751933531360749,0.05732967312451758,0.19157700112052517,,0.052043363704275196
2017-06-30,-0.9967471027879099,0.906814067246664,0.42192668299789643,-0.049828821663931884,-0.28400220887854205,0.3391156051361104,0.4963774103336765,0.045736033732030806,6.209560722553881,-0.06928079391989458,0.69935038104778,2.9281390596225134,13.39790420528743,11.613568490449092,3.3947335249331916,7.868476654441949,2.02884005684924,7.118009600149127,4.5787467551670895,4.557050702604981,11.780821315028104,13.733357890253592,31.0,31.0,31.0,31.0,31.0,31.0,31.0,31.0,31.0,31.0,31.0,0.1178234746429971,0.11359636527564308,0.050807919370069926,,0.18337551714374814,,0.06751933531360749,0.05732967312451758,0.19157700112052517,,0.052043363704275196
2017-07-07,-0.9536902751185059,-1.772862937713295,0.6674010307462812,-0.08898544260962456,0.08163022280122545,0.9112641157527368,-0.9493673622666966,-0.11916102566924844,-0.26070735575906456,-0.05289344390652363,-2.5190452076984,7.225117139238343,15.132322724989724,14.55555305121992,9.059622850804214,13.59067272428704,12.108713239313436,1.1213649920775468,2.5502908027470186,7.207340373079137,11.804340890839685,7.508270694001586,50.0,50.0,50.0,50.0,50.0,50.0,50.0,50.0,50.0,50.0,50.0,0.08322245117550357,0.11359636527564308,0.03573284014945797,,0.1500179062856531,,0.06751933531360749,0.06214045372683006,0.19157700112052517,,0.06396361792151053
2017-07-14,-0.9536902751185059,-1.772862937713295,0.6674010307462812,-0.08898544260962456,0.08163022280122545,0.9112641157527368,-0.9493673622666966,-0.11916102566924844,-0.26070735575906456,-0.05289344390652363,-2.5190452076984,7.225117139238343,15.132322724989724,14.55555305121992,9.059622850804214,13.59067272428704,12.108713239313436,1.1213649920775468,2.5502908027470186,7.207340373079137,11.804340890839685,7.508270694001586,50.0,50.0,50.0,50.0,50.0,50.0,50.0,50.0,50.0,50.0,50.0,0.08322245117550357,0.11359636527564308,0.03573284014945797,,0.1500179062856531,,0.06751933531360749,0.06214045372683006,0.19157700112052517,,0.06396361792151053
2017-07-21,-0.9536902751185059,-1.772862937713295,0.6674010307462812,-0.08898544260962456,0.08163022280122545,0.9112641157527368,-0.9493673622666966,-0.11916102566924844,-0.26070735575906456,-0.05289344390652363,-2.5190452076984,7.225117139238343,15.132322724989724,14.55555305121992,9.059622850804214,13.59067272428704,12.108713239313436,1.1213649920775468,2.5502908027470186,7.207340373079137,11.804340890839685,7.508270694001586,50.0,50.0,50.0,50.0,50.0,50.0,50.0,50.0,50.0,50.0,50.0,0.08322245117550357,0.11359636527564308,0.03573284014945797,,0.1500179062856531,,0.06751933531360749,0.06214045372683006,0.19157700112052517,,0.06396361792151053
2017-07-28,-0.9536902751185059,-1.772862937713295,0.6674010307462812,-0.08898544260962456,0.08163022280122545,0.9112641157527368,-0.9493673622666966,-0.11916102566924844,-0.26070735575906456,-0.05289344390652363,-2.5190452076984,7.225117139238343,15.132322724989724,14.55555305121992,9.059622850804214,13.59067272428704,12.108713239313436,1.1213649920775468,2.5502908027470186,7.207340373079137,11.804340890839685,7.508270694001586,50.0,50.0,50.0,50.0,50.0,50.0,50.0,50.0,50.0,50.0,50.0,0.08322245117550357,0.11359636527564308,0.03573284014945797,,0.1500179062856531,,0.06751933531360749,0.06214045372683006,0.19157700112052517,,0.06396361792151053
2017-08-04,-0.81424797291974,-0.0836822614677269,1.3465850300486353,-0.22114988011487585,-0.1722062938400824,0.479769052170752,2.598923169930594,0.11949752340654642,-0.10595549782478288,-0.4463103899075875,-2.9280037113032593,9.258017141569471,12.94196612026848,16.07187693694709,3.103211818686028,9.903826153593522,15.479873182464194,6.538691863174572,11.555581112608026,8.121117183006001,12.63732770095596,8.278406409356185,37.0,37.0,37.0,37.0,37.0,37.0,37.0,37.0,37.0,37.0,37.0,0.20901229754450945,0.11359636527564308,0.019876282758542238,,0.1331145572938992,,0.06751933531360749,0.022724268412298455,0.19157700112052517,0.04442394014589404,0.060146028157535766
2017-08-11,-0.81424797291974,-0.0836822614677269,1.3465850300486353,-0.22114988011487585,-0.1722062938400824,0.479769052170752,2.598923169930594,0.11949752340654642,-0.10595549782478288,-0.4463103899075875,-2.9280037113032593,9.258017141569471,12.94196612026848,16.07187693694709,3.103211818686028,9.903826153593522,15.479873182464194,6.538691863174572,11.555581112608026,8.121117183006001,12.63732770095596,8.278406409356185,37.0,37.0,37.0,37.0,37.0,37.0,37.0,37.0,37.0,37.0,37.0,0.20901229754450945,0.11359636527564308,0.019876282758542238,,0.1331145572938992,,0.06751933531360749,0.022724268412298455,0.19157700112052517,0.04442394014589404,0.060146028157535766
2017-08-18,-0.81424797291974,-0.0836822614677269,1.3465850300486353,-0.22114988011487585,-0.1722062938400824,0.479769052170752,2.598923169930594,0.11949752340654642,-0.10595549782478288,-0.4463103899075875,-2.9280037113032593,9.258017141569471,12.94196612026848,16.07187693694709,3.103211818686028,9.903826153593522,15.479873182464194,6.538691863174572,11.555581112608026,8.121117183006001,12.63732770095596,8.278406409356185,37.0,37.0,37.0,37.0,37.0,37.0,37.0,37.0,37.0,37.0,37.0,0.20901229754450945,0.11359636527564308,0.019876282758542238,,0.1331145572938992,,0.06751933531360749,0.022724268412298455,0.19157700112052517,0.04442394014589404,0.060146028157535766
2017-08-25,-0.81424797291974,-0.0836822614677269,1.3465850300486353,-0.22114988011487585,-0.1722062938400824,0.479769052170752,2.598923169930594,0.11949752340654642,-0.10595549782478288,-0.4463103899075875,-2.9280037113032593,9.258017141569471,12.94196612026848,16.07187693694709,3.103211818686028,9.903826153593522,15.479873182464194,6.538691863174572,11.555581112608026,8.121117183006001,12.63732770095596,8.278406409356185,37.0,37.0,37.0,37.0,37.0,37.0,37.0,37.0,37.0,37.0,37.0,0.20901229754450945,0.11359636527564308,0.019876282758542238,,0.1331145572938992,,0.06751933531360749,0.022724268412298455,0.19157700112052517,0.04442394014589404,0.060146028157535766
2017-09-01,-0.6962464330374869,0.4077585900425443,0.58984368746475,-0.3791346469859188,0.9794274013078559,-0.7989694599513794,1.581651381480407,-0.4550164741457308,-0.10805983415697407,-0.5746791676754687,-1.2936140818856527,16.121109928278923,15.5851673439569,16.90192145151293,2.134586295567993,15.90165854726586,3.3125724281185103,10.537841364526052,13.961281065510033,10.492840414167146,16.95625006875461,12.0196033289975,66.0,66.0,66.0,66.0,66.0,66.0,66.0,66.0,66.0,66.0,66.0,0.13897223085329138,0.09555862656084749,0.0196809196405115,,0.11649099339448175,0.24477344573234983,0.06751933531360749,0.029299707042356373,0.19157700112052517,0.039377718969993716,0.05621054712398367
2017-09-08,-0.6962464330374869,0.4077585900425443,0.58984368746475,-0.3791346469859188,0.9794274013078559,-0.7989694599513794,1.581651381480407,-0.4550164741457308,-0.10805983415697407,-0.5746791676754687,-1.2936140818856527,16.121109928278923,15.5851673439569,16.90192145151293,2.134586295567993,15.90165854726586,3.3125724281185103,10.537841364526052,13.961281065510033,10.492840414167146,16.95625006875461,12.0196033289975,66.0,66.0,66.0,66.0,66.0,66.0,66.0,66.0,66.0,66.0,66.0,0.13897223085329138,0.09555862656084749,0.0196809196405115,,0.11649099339448175,0.24477344573234983,0.06751933531360749,0.029299707042356373,0.19157700112052517,0.039377718969993716,0.05621054712398367
2017-09-15,-0.6962464330374869,0.4077585900425443,0.58984368746475,-0.3791346469859188,0.9794274013078559,-0.7989694599513794,1.581651381480407,-0.4550164741457308,-0.10805983415697407,-0.5746791676754687,-1.2936140818856527,16.121109928278923,15.5851673439569,16.90192145151293,2.134586295567993,15.90165854726586,3.3125724281185103,10.537841364526052,13.961281065510033,10.492840414167146,16.95625006875461,12.0196033289975,66.0,66.0,66.0,66.0,66.0,66.0,66.0,66.0,66.0,66.0,66.0,0.13897223085329138,0.09555862656084749,0.0196809196405115,,0.11649099339448175,0.24477344573234983,0.06751933531360749,0.029299707042356373,0.19157700112052517,0.039377718969993716,0.05621054712398367
2017-09-22,-0.6962464330374869,0.4077585900425443,0.58984368746475,-0.3791346469859188,0.9794274013078559,-0.7989694599513794,1.581651381480407,-0.4550164741457308,-0.10805983415697407,-0.5746791676754687,-1.2936140818856527,16.121109928278923,15.5851673439569,16.90192145151293,2.134586295567993,15.90165854726586,3.3125724281185103,10.537841364526052,13.961281065510033,10.492840414167146,16.95625006875461,12.0196033289975,66.0,66.0,66.0,66.0,66.0,66.0,66.0,66.0,66.0,66.0,66.0,0.13897223085329138,0.09555862656084749,0.0196809196405115,,0.11649099339448175,0.24477344573234983,0.06751933531360749,0.029299707042356373,0.19157700112052517,0.039377718969993716,0.05621054712398367
2017-09-29,-0.6962464330374869,0.4077585900425443,0.58984368746475,-0.3791346469859188,0.9794274013078559,-0.7989694599513794,1.581651381480407,-0.4550164741457308,-0.10805983415697407,-0.5746791676754687,-1.2936140818856527,16.121109928278923,15.5851673439569,16.90192145151293,2.134586295567993,15.90165854726586,3.3125724281185103,10.537841364526052,13.961281065510033,10.492840414167146,16.95625006875461,12.0196033289975,66.0,66.0,66.0,66.0,66.0,66.0,66.0,66.0,66.0,66.0,66.0,0.13897223085329138,0.09555862656084749,0.0196809196405115,,0.11649099339448175,0.24477344573234983,0.06751933531360749,0.029299707042356373,0.19157700112052517,0.039377718969993716,0.05621054712398367
2017-10-06,-0.10555506467737744,1.21141511373925,-0.1725825127501393,-0.5801028213854535,1.5087172425650026,1.214235026569942,0.7826676782038918,1.6435972538531594,-0.29209353204103317,-0.4121241178808613,-0.2557741654003301,8.835367891027484,18.0,16.92842733983209,1.3998008369888568,15.439772291860528,9.62823876680879,16.513549725044264,16.55025794367956,9.03162749609664,18.884250244766395,18.158380624589903,93.0,93.0,93.0,93.0,93.0,93.0,93.0,93.0,93.0,93.0,93.0,0.16112526513557868,0.07225645027195478,0.02281277192491028,,0.07782899015800636,0.1256687151418764,0.0444718927815357,0.03908261022539446,0.19157700112052517,0.025583260728454526,0.04391978736493279
2017-10-13,-0.10555506467737744,1.21141511373925,-0.1725825127501393,-0.5801028213854535,1.5087172425650026,1.214235026569942,0.7826676782038918,1.6435972538531594,-0.29209353204103317,-0.4121241178808613,-0.2557741654003301,8.835367891027484,18.0,16.92842733983209,1.3998008369888568,15.439772291860528,9.62823876680879,16.513549725044264,16.55025794367956,9.03162749609664,18.884250244766395,18.158380624589903,93.0,93.0,93.0,93.0,93.0,93.0,93.0,93.0,93.0,93.0,93.0,0.16112526513557868,0.07225645027195478,0.02281277192491028,,0.07782899015800636,0.1256687151418764,0.0444718927815357,0.03908261022539446,0.19157700112052517,0.025583260728454526,0.04391978736493279
2017-10-20,-0.10555506467737744,1.21141511373925,-0.1725825127501393,-0.5801028213854535,1.5087172425650026,1.214235026569942,0.7826676782038918,1.6435972538531594,-0.29209353204103317,-0.4121241178808613,-0.2557741654003301,8.835367891027484,18.0,16.92842733983209,1.3998008369888568,15.439772291860528,9.62823876680879,16.513549725044264,16.55025794367956,9.03162749609664,18.884250244766395,18.158380624589903,93.0,93.0,93.0,93.0,93.0,93.0,93.0,93.0,93.0,93.0,93.0,0.16112526513557868,0.07225645027195478,0.02281277192491028,,0.07782899015800636,0.1256687151418764,0.0444718927815357,0.03908261022539446,0.19157700112052517,0.025583260728454526,0.04391978736493279
2017-10-27,-0.10555506467737744,1.21141511373925,-0.1725825127501393,-0.5801028213854535,1.5087172425650026,1.214235026569942,0.7826676782038918,1.6435972538531594,-0.29209353204103317,-0.4121241178808613,-0.2557741654003301,8.835367891027484,18.0,16.92842733983209,1.3998008369888568,15.439772291860528,9.62823876680879,16.513549725044264,16.55025794367956,9.03162749609664,18.884250244766395,18.158380624589903,93.0,93.0,93.0,93.0,93.0,93.0,93.0,93.0,93.0,93.0,93.0,0.16112526513557868,0.07225645027195478,0.02281277192491028,,0.07782899015800636,0.1256687151418764,0.0444718927815357,0.03908261022539446,0.19157700112052517,0.025583260728454526,0.04391978736493279
2017-11-03,1.5137729835788145,1.06595397476675,0.01803084070625221,-0.35782429403775884,0.10417447573851159,2.30788100044515,0.2572757080420054,0.7689555699690742,0.0802559299561884,-0.12643773496040314,-0.1593846114484913,8.491262151010549,14.857917446691928,12.689964501042432,2.99192003226945,15.341803054354376,3.508428993112497,17.246539752073815,12.290474156343445,12.396006245377606,11.670494923159849,14.113625637424738,51.0,51.0,51.0,51.0,51.0,51.0,51.0,51.0,51.0,51.0,51.0,0.13927292475295944,0.07924195796489135,0.01528739904525799,,0.08968638368762026,0.1256687151418764,0.03158807364964336,0.013469646733323517,0.08242499822737319,0.044895444431123935,0.041564243247902095
2017-11-10,1.5137729835788145,1.06595397476675,0.01803084070625221,-0.35782429403775884,0.10417447573851159,2.30788100044515,0.2572757080420054,0.7689555699690742,0.0802559299561884,-0.12643773496040314,-0.1593846114484913,8.491262151010549,14.857917446691928,12.689964501042432,2.99192003226945,15.341803054354376,3.508428993112497,17.246539752073815,12.290474156343445,12.396006245377606,11.670494923159849,14.113625637424738,51.0,51.0,51.0,51.0,51.0,51.0,51.0,51.0,51.0,51.0,51.0,0.13927292475295944,0.07924195796489135,0.01528739904525799,,0.08968638368762026,0.1256687151418764,0.03158807364964336,0.013469646733323517,0.08242499822737319,0.044895444431123935,0.041564243247902095
2017-11-17,1.5137729835788145,1.06595397476675,0.01803084070625221,-0.35782429403775884,0.10417447573851159,2.30788100044515,0.2572757080420054,0.7689555699690742,0.0802559299561884,-0.12643773496040314,-0.1593846114484913,8.491262151010549,14.857917446691928,12.689964501042432,2.99192003226945,15.341803054354376,3.508428993112497,17.246539752073815,12.290474156343445,12.396006245377606,11.670494923159849,14.113625637424738,51.0,51.0,51.0,51.0,51.0,51.0,51.0,51.0,51.0,51.0,51.0,0.13927292475295944,0.07924195796489135,0.01528739904525799,,0.08968638368762026,0.1256687151418764,0.03158807364964336,0.013469646733323517,0.08242499822737319,0.044895444431123935,0.041564243247902095
2017-11-24,1.5137729835788145,1.06595397476675,0.01803084070625221,-0.35782429403775884,0.10417447573851159,2.30788100044515,0.2572757080420054,0.7689555699690742,0.0802559299561884,-0.12643773496040314,-0.1593846114484913,8.491262151010549,14.857917446691928,12.689964501042432,2.99192003226945,15.341803054354376,3.508428993112497,17.246539752073815,12.290474156343445,12.396006245377606,11.670494923159849,14.113625637424738,51.0,51.0,51.0,51.0,51.0,51.0,51.0,51.0,51.0,51.0,51.0,0.13927292475295944,0.07924195796489135,0.01528739904525799,,0.08968638368762026,0.1256687151418764,0.03158807364964336,0.013469646733323517,0.08242499822737319,0.044895444431123935,0.041564243247902095
2017-12-01,1.1683901742219787,1.4315258886475832,0.07955138500141348,-0.2441385977240203,-0.7379911210456559,1.2906878016281842,-0.47612961652239927,0.0819528777724814,0.12419443236670281,-0.4215133367941261,1.2723974014322104,6.809368030895231,14.353191635085157,14.195232997126274,5.2752861392628425,7.262860583502109,11.51583032688313,12.710981918165716,14.422918104250872,17.518479332730713,12.473570729238858,17.352871433011398,28.0,28.0,28.0,28.0,28.0,28.0,28.0,28.0,28.0,28.0,28.0,0.07986374559143322,0.07596389156894404,0.009615867939714265,,0.0847709051505149,0.1256687151418764,0.03639089935459254,0.03065732139268042,0.08242499822737319,0.028741765301780246,0.03305423891611712
2017-12-08,1.1683901742219787,1.4315258886475832,0.07955138500141348,-0.2441385977240203,-0.7379911210456559,1.2906878016281842,-0.47612961652239927,0.0819528777724814,0.12419443236670281,-0.4215133367941261,1.2723974014322104,6.809368030895231,14.353191635085157,14.195232997126274,5.2752861392628425,7.262860583502109,11.51583032688313,12.710981918165716,14.422918104250872,17.518479332730713,12.473570729238858,17.352871433011398,28.0,28.0,28.0,28.0,28.0,28.0,28.0,28.0,28.0,28.0,28.0,0.07986374559143322,0.07596389156894404,0.009615867939714265,,0.0847709051505149,0.1256687151418764,0.03639089935459254,0.03065732139268042,0.08242499822737319,0.028741765301780246,0.03305423891611712
2017-12-15,1.1683901742219787,1.4315258886475832,0.07955138500141348,-0.2441385977240203,-0.7379911210456559,1.2906878016281842,-0.47612961652239927,0.0819528777724814,0.12419443236670281,-0.4215133367941261,1.2723974014322104,6.809368030895231,14.353191635085157,14.195232997126274,5.2752861392628425,7.262860583502109,11.51583032688313,12.710981918165716,14.422918104250872,17.518479332730713,12.473570729238858,17.352871433011398,28.0,28.0,28.0,28.0,28.0,28.0,28.0,28.0,28.0,28.0,28.0,0.07986374559143322,0.07596389156894404,0.009615867939714265,,0.0847709051505149,0.1256687151418764,0.03639089935459254,0.03065732139268042,0.08242499822737319,0.028741765301780246,0.03305423891611712
2017-12-22,1.1683901742219787,1.4315258886475832,0.07955138500141348,-0.2441385977240203,-0.7379911210456559,1.2906878016281842,-0.47612961652239927,0.0819528777724814,0.12419443236670281,-0.4215133367941261,1.2723974014322104,6.809368030895231,14.353191635085157,14.195232997126274,5.2752861392628425,7.262860583502109,11.51583032688313,12.710981918165716,14.422918104250872,17.518479332730713,12.473570729238858,17.352871433011398,28.0,28.0,28.0,28.0,28.0,28.0,28.0,28.0,28.0,28.0,28.0,0.07986374559143322,0.07596389156894404,0.009615867939714265,,0.0847709051505149,0.1256687151418764,0.03639089935459254,0.03065732139268042,0.08242499822737319,0.028741765301780246,0.03305423891611712
2017-12-29,1.1683901742219787,1.4315258886475832,0.07955138500141348,-0.2441385977240203,-0.7379911210456559,1.2906878016281842,-0.47612961652239927,0.0819528777724814,0.12419443236670281,-0.4215133367941261,1.2723974014322104,6.809368030895231,14.353191635085157,14.195232997126274,5.2752861392628425,7.262860583502109,11.51583032688313,12.710981918165716,14.422918104250872,17.518479332730713,12.473570729238858,17.352871433011398,28.0,28.0,28.0,28.0,28.0,28.0,28.0,28.0,28.0,28.0,28.0,0.07986374559143322,0.07596389156894404,0.009615867939714265,,0.0847709051505149,0.1256687151418764,0.03639089935459254,0.03065732139268042,0.08242499822737319,0.028741765301780246,0.03305423891611712
2018-01-05,1.3689477729791337,2.135009097311236,0.00210570383629021,-1.5191191893932452,2.8001777018837775,1.0149659635091397,-0.8562530518662851,-0.5742076296556127,0.343707353938971,-0.4183500520514525,1.5997743835885319,12.910445789592284,16.599413268800507,18.040649123795585,0.294534361922049,12.24185231813455,5.6750847272329725,15.675354180259104,16.0,13.967930807790289,16.56606492635007,16.871720787816688,52.0,52.0,52.0,52.0,52.0,52.0,52.0,52.0,52.0,52.0,52.0,0.12592937092693876,0.07596389156894404,0.01640070211232529,,0.05079750100394873,0.1256687151418764,0.02240184352233391,0.005979627439203137,0.11348535265875222,0.042234406021764724,0.02615769602855702
2018-01-12,1.3689477729791337,2.135009097311236,0.00210570383629021,-1.5191191893932452,2.8001777018837775,1.0149659635091397,-0.8562530518662851,-0.5742076296556127,0.343707353938971,-0.4183500520514525,1.5997743835885319,12.910445789592284,16.599413268800507,18.040649123795585,0.294534361922049,12.24185231813455,5.6750847272329725,15.675354180259104,16.0,13.967930807790289,16.56606492635007,16.871720787816688,52.0,52.0,52.0,52.0,52.0,52.0,52.0,52.0,52.0,52.0,52.0,0.12592937092693876,0.07596389156894404,0.01640070211232529,,0.05079750100394873,0.1256687151418764,0.02240184352233391,0.005979627439203137,0.11348535265875222,0.042234406021764724,0.02615769602855702
2018-01-19,1.3689477729791337,2.135009097311236,0.00210570383629021,-1.5191191893932452,2.8001777018837775,1.0149659635091397,-0.8562530518662851,-0.5742076296556127,0.343707353938971,-0.4183500520514525,1.5997743835885319,12.910445789592284,16.599413268800507,18.040649123795585,0.294534361922049,12.24185231813455,5.6750847272329725,15.675354180259104,16.0,13.967930807790289,16.56606492635007,16.871720787816688,52.0,52.0,52.0,52.0,52.0,52.0,52.0,52.0,52.0,52.0,52.0,0.12592937092693876,0.07596389156894404,0.01640070211232529,,0.05079750100394873,0.1256687151418764,0.02240184352233391,0.005979627439203137,0.11348535265875222,0.042234406021764724,0.02615769602855702
2018-01-26,1.3689477729791337,2.135009097311236,0.00210570383629021,-1.5191191893932452,2.8001777018837775,1.0149659635091397,-0.8562530518662851,-0.5742076296556127,0.343707353938971,-0.4183500520514525,1.5997743835885319,12.910445789592284,16.599413268800507,18.040649123795585,0.294534361922049,12.24185231813455,5.6750847272329725,15.675354180259104,16.0,13.967930807790289,16.56606492635007,16.871720787816688,52.0,52.0,52.0,52.0,52.0,52.0,52.0,52.0,52.0,52.0,52.0,0.12592937092693876,0.07596389156894404,0.01640070211232529,,0.05079750100394873,0.1256687151418764,0.02240184352233391,0.005979627439203137,0.11348535265875222,0.042234406021764724,0.02615769602855702
2018-02-02,0.9168867150972714,0.4527934804456748,0.14601096548009362,-0.1264273286913507,-2.5607182697184867,-1.3348325454540295,0.03089038447213042,0.210939198902663,0.1706500469995371,-0.20832019090547013,0.6535661147144238,15.237643073049814,11.475400666636231,7.0612159801656595,8.206196742802401,3.0254639005966397,5.22517765387559,12.063892254636963,4.552601890491681,12.483698331826782,6.1777719107180165,10.189402921506108,22.0,22.0,22.0,22.0,22.0,22.0,22.0,22.0,22.0,22.0,22.0,0.120128030363717,0.07596389156894404,0.04755885088217611,,0.10684184486583898,0.1256687151418764,0.02240184352233391,0.005256110415593361,0.11348535265875222,0.04263819830223643,0.028351801638962466
2018-02-09,0.9168867150972714,0.4527934804456748,0.14601096548009362,-0.1264273286913507,-2.5607182697184867,-1.3348325454540295,0.03089038447213042,0.210939198902663,0.1706500469995371,-0.20832019090547013,0.6535661147144238,15.237643073049814,11.475400666636231,7.0612159801656595,8.206196742802401,3.0254639005966397,5.22517765387559,12.063892254636963,4.552601890491681,12.483698331826782,6.1777719107180165,10.189402921506108,22.0,22.0,22.0,22.0,22.0,22.0,22.0,22.0,22.0,22.0,22.0,0.120128030363717,0.07596389156894404,0.04755885088217611,,0.10684184486583898,0.1256687151418764,0.02240184352233391,0.005256110415593361,0.11348535265875222,0.04263819830223643,0.028351801638962466
2018-02-16,0.9168867150972714,0.4527934804456748,0.14601096548009362,-0.1264273286913507,-2.5607182697184867,-1.3348325454540295,0.03089038447213042,0.210939198902663,0.1706500469995371,-0.20832019090547013,0.6535661147144238,15.237643073049814,11.475400666636231,7.0612159801656595,8.206196742802401,3.0254639005966397,5.22517765387559,12.063892254636963,4.552601890491681,12.483698331826782,6.1777719107180165,10.189402921506108,22.0,22.0,22.0,22.0,22.0,22.0,22.0,22.0,22.0,22.0,22.0,0.120128030363717,0.07596389156894404,0.04755885088217611,,0.10684184486583898,0.1256687151418764,0.02240184352233391,0.005256110415593361,0.11348535265875222,0.04263819830223643,0.028351801638962466
2018-02-23,0.9168867150972714,0.4527934804456748,0.14601096548009362,-0.1264273286913507,-2.5607182697184867,-1.3348325454540295,0.03089038447213042,0.210939198902663,0.1706500469995371,-0.20832019090547013,0.6535661147144238,15.237643073049814,11.475400666636231,7.0612159801656595,8.206196742802401,3.0254639005966397,5.22517765387559,12.063892254636963,4.552601890491681,12.483698331826782,6.1777719107180165,10.189402921506108,22.0,22.0,22.0,22.0,22.0,22.0,22.0,22.0,22.0,22.0,22.0,0.120128030363717,0.07596389156894404,0.04755885088217611,,0.10684184486583898,0.1256687151418764,0.02240184352233391,0.005256110415593361,0.11348535265875222,0.04263819830223643,0.028351801638962466
2018-03-02,0.8508289132516326,1.2894939545634332,2.0173234939606655,-0.01619562839610999,-0.024074155892893995,1.1451487943055638,-0.2234220728988049,-0.9855387430884919,0.15201848990335529,0.11766339179092088,0.5054406292127545,11.607251365653145,16.69599561663851,16.036051163576943,4.385720768416276,10.451781706716297,4.651951459494917,15.56480100661757,11.33688211261898,9.019968773112009,13.836892071768808,17.70014849262716,43.0,43.0,43.0,43.0,43.0,43.0,43.0,43.0,43.0,43.0,43.0,0.0932813776613342,0.05285509613386306,0.03133462988732929,,0.05546458887758691,0.1256687151418764,0.024726346789404875,0.005256110415593361,0.12639674729445632,0.04263819830223643,0.024965977512753944
2018-03-09,0.8508289132516326,1.2894939545634332,2.0173234939606655,-0.01619562839610999,-0.024074155892893995,1.1451487943055638,-0.2234220728988049,-0.9855387430884919,0.15201848990335529,0.11766339179092088,0.5054406292127545,11.607251365653145,16.69599561663851,16.036051163576943,4.385720768416276,10.451781706716297,4.651951459494917,15.56480100661757,11.33688211261898,9.019968773112009,13.836892071768808,17.70014849262716,43.0,43.0,43.0,43.0,43.0,43.0,43.0,43.0,43.0,43.0,43.0,0.0932813776613342,0.05285509613386306,0.03133462988732929,,0.05546458887758691,0.1256687151418764,0.024726346789404875,0.005256110415593361,0.12639674729445632,0.04263819830223643,0.024965977512753944
2018-03-16,0.8508289132516326,1.2894939545634332,2.0173234939606655,-0.01619562839610999,-0.024074155892893995,1.1451487943055638,-0.2234220728988049,-0.9855387430884919,0.15201848990335529,0.11766339179092088,0.5054406292127545,11.607251365653145,16.69599561663851,16.036051163576943,4.385720768416276,10.451781706716297,4.651951459494917,15.56480100661757,11.33688211261898,9.019968773112009,13.836892071768808,17.70014849262716,43.0,43.0,43.0,43.0,43.0,43.0,43.0,43.0,43.0,43.0,43.0,0.0932813776613342,0.05285509613386306,0.03133462988732929,,0.05546458887758691,0.1256687151418764,0.024726346789404875,0.005256110415593361,0.12639674729445632,0.04263819830223643,0.024965977512753944
2018-03-23,0.8508289132516326,1.2894939545634332,2.0173234939606655,-0.01619562839610999,-0.024074155892893995,1.1451487943055638,-0.2234220728988049,-0.9855387430884919,0.15201848990335529,0.11766339179092088,0.5054406292127545,11.607251365653145,16.69599561663851,16.036051163576943,4.385720768416276,10.451781706716297,4.651951459494917,15.56480100661757,11.33688211261898,9.019968773112009,13.836892071768808,17.70014849262716,43.0,43.0,43.0,43.0,43.0,43.0,43.0,43.0,43.0,43.0,43.0,0.0932813776613342,0.05285509613386306,0.03133462988732929,,0.05546458887758691,0.1256687151418764,0.024726346789404875,0.005256110415593361,0.12639674729445632,0.04263819830223643,0.024965977512753944
2018-03-30,0.8508289132516326,1.2894939545634332,2.0173234939606655,-0.01619562839610999,-0.024074155892893995,1.1451487943055638,-0.2234220728988049,-0.9855387430884919,0.15201848990335529,0.11766339179092088,0.5054406292127545,11.607251365653145,16.69599561663851,16.036051163576943,4.385720768416276,10.451781706716297,4.651951459494917,15.56480100661757,11.33688211261898,9.019968773112009,13.836892071768808,17.70014849262716,43.0,43.0,43.0,43.0,43.0,43.0,43.0,43.0,43.0,43.0,43.0,0.0932813776613342,0.05285509613386306,0.03133462988732929,,0.05546458887758691,0.1256687151418764,0.024726346789404875,0.005256110415593361,0.12639674729445632,0.04263819830223643,0.024965977512753944
2018-04-06,-0.2171959726697575,-0.20608929526404288,-0.3587916634783185,-0.11906544259747379,-0.16296038179272637,1.9272005546694155,0.11028089213183392,-1.5059454564558445,0.20287416495707344,2.084268107135803,0.03610724876762504,15.125904283838285,12.42706954020364,4.95123682875979,1.9464150657994252,9.563785647818714,6.5894610254728345,14.489514400223692,8.018663950317091,7.231561755279812,7.259353376676235,15.523108445662052,48.0,48.0,48.0,48.0,48.0,48.0,48.0,48.0,48.0,48.0,48.0,0.09686859333279392,0.10395759373386061,0.08040557468930563,,0.10682141002997572,0.12309838261160706,0.069110602114391,0.1230919459705077,0.12639674729445632,0.04263819830223643,0.03870293279673938
2018-04-13,-0.2171959726697575,-0.20608929526404288,-0.3587916634783185,-0.11906544259747379,-0.16296038179272637,1.9272005546694155,0.11028089213183392,-1.5059454564558445,0.20287416495707344,2.084268107135803,0.03610724876762504,15.125904283838285,12.42706954020364,4.95123682875979,1.9464150657994252,9.563785647818714,6.5894610254728345,14.489514400223692,8.018663950317091,7.231561755279812,7.259353376676235,15.523108445662052,48.0,48.0,48.0,48.0,48.0,48.0,48.0,48.0,48.0,48.0,48.0,0.09686859333279392,0.10395759373386061,0.08040557468930563,,0.10682141002997572,0.12309838261160706,0.069110602114391,0.1230919459705077,0.12639674729445632,0.04263819830223643,0.03870293279673938
2018-04-20,-0.2171959726697575,-0.20608929526404288,-0.3587916634783185,-0.11906544259747379,-0.16296038179272637,1.9272005546694155,0.11028089213183392,-1.5059454564558445,0.20287416495707344,2.084268107135803,0.03610724876762504,15.125904283838285,12.42706954020364,4.95123682875979,1.9464150657994252,9.563785647818714,6.5894610254728345,14.489514400223692,8.018663950317091,7.231561755279812,7.259353376676235,15.523108445662052,48.0,48.0,48.0,48.0,48.0,48.0,48.0,48.0,48.0,48.0,48.0,0.09686859333279392,0.10395759373386061,0.08040557468930563,,0.10682141002997572,0.12309838261160706,0.069110602114391,0.1230919459705077,0.12639674729445632,0.04263819830223643,0.03870293279673938
2018-04-27,-0.2171959726697575,-0.20608929526404288,-0.3587916634783185,-0.11906544259747379,-0.16296038179272637,1.9272005546694155,0.11028089213183392,-1.5059454564558445,0.20287416495707344,2.084268107135803,0.03610724876762504,15.125904283838285,12.42706954020364,4.95123682875979,1.9464150657994252,9.563785647818714,6.5894610254728345,14.489514400223692,8.018663950317091,7.231561755279812,7.259353376676235,15.523108445662052,48.0,48.0,48.0,48.0,48.0,48.0,48.0,48.0,48.0,48.0,48.0,0.09686859333279392,0.10395759373386061,0.08040557468930563,,0.10682141002997572,0.12309838261160706,0.069110602114391,0.1230919459705077,0.12639674729445632,0.04263819830223643,0.03870293279673938
2018-05-04,-1.0601089496253875,0.9727803007511495,0.8151654715138938,-0.1880249820294788,-0.16616244964792673,-0.005683516851802558,0.20660366985405312,-0.35494987557746704,0.31203605394302303,0.3263531988783084,0.9936518404619132,10.258631005571395,14.12769964841788,8.5326534062095,3.482831644229314,14.33832174722206,5.562337378375425,14.07777984900736,8.073768606446952,6.669446955378422,9.224140017381162,14.810861832790396,57.0,57.0,57.0,57.0,57.0,57.0,57.0,57.0,57.0,57.0,57.0,0.0953848595757145,0.10395759373386061,0.02956589580630784,,0.11158065960029308,0.12309838261160706,0.07613354500929036,0.06323938455474525,0.12639674729445632,0.04263819830223643,0.059392218364947326
2018-05-11,-1.0601089496253875,0.9727803007511495,0.8151654715138938,-0.1880249820294788,-0.16616244964792673,-0.005683516851802558,0.20660366985405312,-0.35494987557746704,0.31203605394302303,0.3263531988783084,0.9936518404619132,10.258631005571395,14.12769964841788,8.5326534062095,3.482831644229314,14.33832174722206,5.562337378375425,14.07777984900736,8.073768606446952,6.669446955378422,9.224140017381162,14.810861832790396,57.0,57.0,57.0,57.0,57.0,57.0,57.0,57.0,57.0,57.0,57.0,0.0953848595757145,0.10395759373386061,0.02956589580630784,,0.11158065960029308,0.12309838261160706,0.07613354500929036,0.06323938455474525,0.12639674729445632,0.04263819830223643,0.059392218364947326
2018-05-18,-1.0601089496253875,0.9727803007511495,0.8151654715138938,-0.1880249820294788,-0.16616244964792673,-0.005683516851802558,0.20660366985405312,-0.35494987557746704,0.31203605394302303,0.3263531988783084,0.9936518404619132,10.258631005571395,14.12769964841788,8.5326534062095,3.482831644229314,14.33832174722206,5.562337378375425,14.07777984900736,8.073768606446952,6.669446955378422,9.224140017381162,14.810861832790396,57.0,57.0,57.0,57.0,57.0,57.0,57.0,57.0,57.0,57.0,57.0,0.0953848595757145,0.10395759373386061,0.02956589580630784,,0.11158065960029308,0.12309838261160706,0.07613354500929036,0.06323938455474525,0.12639674729445632,0.04263819830223643,0.059392218364947326
2018-05-25,-1.0601089496253875,0.9727803007511495,0.8151654715138938,-0.1880249820294788,-0.16616244964792673,-0.005683516851802558,0.20660366985405312,-0.35494987557746704,0.31203605394302303,0.3263531988783084,0.9936518404619132,10.258631005571395,14.12769964841788,8.5326534062095,3.482831644229314,14.33832174722206,5.562337378375425,14.07777984900736,8.073768606446952,6.669446955378422,9.224140017381162,14.810861832790396,57.0,57.0,57.0,57.0,57.0,57.0,57.0,57.0,57.0,57.0,57.0,0.0953848595757145,0.10395759373386061,0.02956589580630784,,0.11158065960029308,0.12309838261160706,0.07613354500929036,0.06323938455474525,0.12639674729445632,0.04263819830223643,0.059392218364947326
2018-06-01,-0.9783131292345095,1.7714941197094451,1.058064014218037,-1.5471200438844555,-0.5270835330414338,1.4487518977743483,-0.22979115667424752,-1.6722702733483412,0.5673214487677968,-0.15968536161230404,2.1539174034256146,4.2055434250503145,15.656065933062417,5.131842001465037,0.2286214894367972,9.366336416881056,6.318716519077292,7.430410569484573,1.0,5.503245952830966,6.967327810963332,11.930807040162072,57.0,57.0,57.0,57.0,57.0,57.0,57.0,57.0,57.0,57.0,57.0,0.10370797848524055,0.10395759373386061,0.06407363237530611,,0.15442164462166463,0.12309838261160706,0.07613354500929036,0.035896208933640004,0.12639674729445632,0.04263819830223643,0.04677271448517859
2018-06-08,-0.9783131292345095,1.7714941197094451,1.058064014218037,-1.5471200438844555,-0.5270835330414338,1.4487518977743483,-0.22979115667424752,-1.6722702733483412,0.5673214487677968,-0.15968536161230404,2.1539174034256146,4.2055434250503145,15.656065933062417,5.131842001465037,0.2286214894367972,9.366336416881056,6.318716519077292,7.430410569484573,1.0,5.503245952830966,6.967327810963332,11.930807040162072,57.0,57.0,57.0,57.0,57.0,57.0,57.0,57.0,57.0,57.0,57.0,0.10370797848524055,0.10395759373386061,0.06407363237530611,,0.15442164462166463,0.12309838261160706,0.07613354500929036,0.035896208933640004,0.12639674729445632,0.04263819830223643,0.04677271448517859
2018-06-15,-0.9783131292345095,1.7714941197094451,1.058064014218037,-1.5471200438844555,-0.5270835330414338,1.4487518977743483,-0.22979115667424752,-1.6722702733483412,0.5673214487677968,-0.15968536161230404,2.1539174034256146,4.2055434250503145,15.656065933062417,5.131842001465037,0.2286214894367972,9.366336416881056,6.318716519077292,7.430410569484573,1.0,5.503245952830966,6.967327810963332,11.930807040162072,57.0,57.0,57.0,57.0,57.0,57.0,57.0,57.0,57.0,57.0,57.0,0.10370797848524055,0.10395759373386061,0.06407363237530611,,0.15442164462166463,0.12309838261160706,0.07613354500929036,0.035896208933640004,0.12639674729445632,0.04263819830223643,0.04677271448517859
2018-06-22,-0.9783131292345095,1.7714941197094451,1.058064014218037,-1.5471200438844555,-0.5270835330414338,1.4487518977743483,-0.22979115667424752,-1.6722702733483412,0.5673214487677968,-0.15968536161230404,2.1539174034256146,4.2055434250503145,15.656065933062417,5.131842001465037,0.2286214894367972,9.366336416881056,6.318716519077292,7.430410569484573,1.0,5.503245952830966,6.967327810963332,11.930807040162072,57.0,57.0,57.0,57.0,57.0,57.0,57.0,57.0,57.0,57.0,57.0,0.10370797848524055,0.10395759373386061,0.06407363237530611,,0.15442164462166463,0.12309838261160706,0.07613354500929036,0.035896208933640004,0.12639674729445632,0.04263819830223643,0.04677271448517859
2018-06-29,-0.9783131292345095,1.7714941197094451,1.058064014218037,-1.5471200438844555,-0.5270835330414338,1.4487518977743483,-0.22979115667424752,-1.6722702733483412,0.5673214487677968,-0.15968536161230404,2.1539174034256146,4.2055434250503145,15.656065933062417,5.131842001465037,0.2286214894367972,9.366336416881056,6.318716519077292,7.430410569484573,1.0,5.503245952830966,6.967327810963332,11.930807040162072,57.0,57.0,57.0,57.0,57.0,57.0,57.0,57.0,57.0,57.0,57.0,0.10370797848524055,0.10395759373386061,0.06407363237530611,,0.15442164462166463,0.12309838261160706,0.07613354500929036,0.035896208933640004,0.12639674729445632,0.04263819830223643,0.04677271448517859
2018-07-06,-1.0281392010923602,-0.7760113221538208,1.4765157883788358,-0.19239634605215214,-0.2620334223914589,1.1791878782084497,-2.8732955673685363,-4.2109911923626955,0.5026432891281225,0.006039680957332055,0.07888617182130479,11.472784067509496,12.20984201634628,5.26531808192934,3.6505823627287857,8.176473808090211,10.185667431944903,0.5261324447758412,0.0139651036703578,8.384152354343009,6.282905954698964,13.787839720051108,48.0,48.0,48.0,48.0,48.0,48.0,48.0,48.0,48.0,48.0,48.0,0.058655002138825685,0.10395759373386061,0.0689325563875195,,0.1328587101087852,0.12309838261160706,0.07613354500929036,0.13578318893426322,0.12639674729445632,0.04263819830223643,0.04677271448517859
2018-07-13,-1.0281392010923602,-0.7760113221538208,1.4765157883788358,-0.19239634605215214,-0.2620334223914589,1.1791878782084497,-2.8732955673685363,-4.2109911923626955,0.5026432891281225,0.006039680957332055,0.07888617182130479,11.472784067509496,12.20984201634628,5.26531808192934,3.6505823627287857,8.176473808090211,10.185667431944903,0.5261324447758412,0.0139651036703578,8.384152354343009,6.282905954698964,13.787839720051108,48.0,48.0,48.0,48.0,48.0,48.0,48.0,48.0,48.0,48.0,48.0,0.058655002138825685,0.10395759373386061,0.0689325563875195,,0.1328587101087852,0.12309838261160706,0.07613354500929036,0.13578318893426322,0.12639674729445632,0.04263819830223643,0.04677271448517859
2018-07-20,-1.0281392010923602,-0.7760113221538208,1.4765157883788358,-0.19239634605215214,-0.2620334223914589,1.1791878782084497,-2.8732955673685363,-4.2109911923626955,0.5026432891281225,0.006039680957332055,0.07888617182130479,11.472784067509496,12.20984201634628,5.26531808192934,3.6505823627287857,8.176473808090211,10.185667431944903,0.5261324447758412,0.0139651036703578,8.384152354343009,6.282905954698964,13.787839720051108,48.0,48.0,48.0,48.0,48.0,48.0,48.0,48.0,48.0,48.0,48.0,0.058655002138825685,0.10395759373386061,0.0689325563875195,,0.1328587101087852,0.12309838261160706,0.07613354500929036,0.13578318893426322,0.12639674729445632,0.04263819830223643,0.04677271448517859
2018-07-27,-1.0281392010923602,-0.7760113221538208,1.4765157883788358,-0.19239634605215214,-0.2620334223914589,1.1791878782084497,-2.8732955673685363,-4.2109911923626955,0.5026432891281225,0.006039680957332055,0.07888617182130479,11.472784067509496,12.20984201634628,5.26531808192934,3.6505823627287857,8.176473808090211,10.185667431944903,0.5261324447758412,0.0139651036703578,8.384152354343009,6.282905954698964,13.787839720051108,48.0,48.0,48.0,48.0,48.0,48.0,48.0,48.0,48.0,48.0,48.0,0.058655002138825685,0.10395759373386061,0.0689325563875195,,0.1328587101087852,0.12309838261160706,0.07613354500929036,0.13578318893426322,0.12639674729445632,0.04263819830223643,0.04677271448517859
2018-08-03,-0.9089035766116587,-2.2401654945689797,0.7534604192456396,-0.04887213081495465,-0.19704822393409926,1.847289612755718,-1.8836947123600059,-0.5958813896097023,-0.00016076817155209584,-0.37265808216402874,0.687108350557913,12.364106827877194,11.62499429249806,8.687721868484815,6.0768290223365105,11.793420548470088,11.175194052694875,0.7869675645446921,5.738419916976088,8.991145533733258,9.933379536428935,11.96706686772645,43.0,43.0,43.0,43.0,43.0,43.0,43.0,43.0,43.0,43.0,43.0,0.09650603179802308,0.10395759373386061,0.0689325563875195,,0.16053731235780827,0.12309838261160706,0.07613354500929036,0.13578318893426322,0.12639674729445632,0.02990715594847564,0.04677271448517859
2018-08-10,-0.9089035766116587,-2.2401654945689797,0.7534604192456396,-0.04887213081495465,-0.19704822393409926,1.847289612755718,-1.8836947123600059,-0.5958813896097023,-0.00016076817155209584,-0.37265808216402874,0.687108350557913,12.364106827877194,11.62499429249806,8.687721868484815,6.0768290223365105,11.793420548470088,11.175194052694875,0.7869675645446921,5.738419916976088,8.991145533733258,9.933379536428935,11.96706686772645,43.0,43.0,43.0,43.0,43.0,43.0,43.0,43.0,43.0,43.0,43.0,0.09650603179802308,0.10395759373386061,0.0689325563875195,,0.16053731235780827,0.12309838261160706,0.07613354500929036,0.13578318893426322,0.12639674729445632,0.02990715594847564,0.04677271448517859
2018-08-17,-0.9089035766116587,-2.2401654945689797,0.7534604192456396,-0.04887213081495465,-0.19704822393409926,1.847289612755718,-1.8836947123600059,-0.5958813896097023,-0.00016076817155209584,-0.37265808216402874,0.687108350557913,12.364106827877194,11.62499429249806,8.687721868484815,6.0768290223365105,11.793420548470088,11.175194052694875,0.7869675645446921,5.738419916976088,8.991145533733258,9.933379536428935,11.96706686772645,43.0,43.0,43.0,43.0,43.0,43.0,43.0,43.0,43.0,43.0,43.0,0.09650603179802308,0.10395759373386061,0.0689325563875195,,0.16053731235780827,0.12309838261160706,0.07613354500929036,0.13578318893426322,0.12639674729445632,0.02990715594847564,0.04677271448517859
2018-08-24,-0.9089035766116587,-2.2401654945689797,0.7534604192456396,-0.04887213081495465,-0.19704822393409926,1.847289612755718,-1.8836947123600059,-0.5958813896097023,-0.00016076817155209584,-0.37265808216402874,0.687108350557913,12.364106827877194,11.62499429249806,8.687721868484815,6.0768290223365105,11.793420548470088,11.175194052694875,0.7869675645446921,5.738419916976088,8.991145533733258,9.933379536428935,11.96706686772645,43.0,43.0,43.0,43.0,43.0,43.0,43.0,43.0,43.0,43.0,43.0,0.09650603179802308,0.10395759373386061,0.0689325563875195,,0.16053731235780827,0.12309838261160706,0.07613354500929036,0.13578318893426322,0.12639674729445632,0.02990715594847564,0.04677271448517859
2018-08-31,-0.9089035766116587,-2.2401654945689797,0.7534604192456396,-0.04887213081495465,-0.19704822393409926,1.847289612755718,-1.8836947123600059,-0.5958813896097023,-0.00016076817155209584,-0.37265808216402874,0.687108350557913,12.364106827877194,11.62499429249806,8.687721868484815,6.0768290223365105,11.793420548470088,11.175194052694875,0.7869675645446921,5.738419916976088,8.991145533733258,9.933379536428935,11.96706686772645,43.0,43.0,43.0,43.0,43.0,43.0,43.0,43.0,43.0,43.0,43.0,0.09650603179802308,0.10395759373386061,0.0689325563875195,,0.16053731235780827,0.12309838261160706,0.07613354500929036,0.13578318893426322,0.12639674729445632,0.02990715594847564,0.04677271448517859
2018-09-07,-0.6524580433160864,-1.691431176866454,1.5534079118661144,0.27208274970464214,-0.4108931798081754,0.5971848876237714,0.5596629823566913,-0.1368570191274848,-0.04182622382584545,-0.4304652347652637,-1.7419367037088571,9.693681863038393,14.776813844116708,16.99908716966248,3.673309635456056,5.5430729651321915,7.119514594949163,13.889155559698017,13.764816701168698,4.599278905415401,16.83629803196814,9.24721144659445,38.0,38.0,38.0,38.0,38.0,38.0,38.0,38.0,38.0,38.0,38.0,0.08978008810577999,0.07118809936121834,0.020216698096681775,,0.09443011493685985,0.12309838261160706,0.046961507595758206,0.0608802523557805,0.12639674729445632,0.07431429991494444,0.07053062634324186
2018-09-14,-0.6524580433160864,-1.691431176866454,1.5534079118661144,0.27208274970464214,-0.4108931798081754,0.5971848876237714,0.5596629823566913,-0.1368570191274848,-0.04182622382584545,-0.4304652347652637,-1.7419367037088571,9.693681863038393,14.776813844116708,16.99908716966248,3.673309635456056,5.5430729651321915,7.119514594949163,13.889155559698017,13.764816701168698,4.599278905415401,16.83629803196814,9.24721144659445,38.0,38.0,38.0,38.0,38.0,38.0,38.0,38.0,38.0,38.0,38.0,0.08978008810577999,0.07118809936121834,0.020216698096681775,,0.09443011493685985,0.12309838261160706,0.046961507595758206,0.0608802523557805,0.12639674729445632,0.07431429991494444,0.07053062634324186
2018-09-21,-0.6524580433160864,-1.691431176866454,1.5534079118661144,0.27208274970464214,-0.4108931798081754,0.5971848876237714,0.5596629823566913,-0.1368570191274848,-0.04182622382584545,-0.4304652347652637,-1.7419367037088571,9.693681863038393,14.776813844116708,16.99908716966248,3.673309635456056,5.5430729651321915,7.119514594949163,13.889155559698017,13.764816701168698,4.599278905415401,16.83629803196814,9.24721144659445,38.0,38.0,38.0,38.0,38.0,38.0,38.0,38.0,38.0,38.0,38.0,0.08978008810577999,0.07118809936121834,0.020216698096681775,,0.09443011493685985,0.12309838261160706,0.046961507595758206,0.0608802523557805,0.12639674729445632,0.07431429991494444,0.07053062634324186
2018-09-28,-0.6524580433160864,-1.691431176866454,1.5534079118661144,0.27208274970464214,-0.4108931798081754,0.5971848876237714,0.5596629823566913,-0.1368570191274848,-0.04182622382584545,-0.4304652347652637,-1.7419367037088571,9.693681863038393,14.776813844116708,16.99908716966248,3.673309635456056,5.5430729651321915,7.119514594949163,13.889155559698017,13.764816701168698,4.599278905415401,16.83629803196814,9.24721144659445,38.0,38.0,38.0,38.0,38.0,38.0,38.0,38.0,38.0,38.0,38.0,0.08978008810577999,0.07118809936121834,0.020216698096681775,,0.09443011493685985,0.12309838261160706,0.046961507595758206,0.0608802523557805,0.12639674729445632,0.07431429991494444,0.07053062634324186
2018-10-05,-0.40972618882474376,0.4410025117604737,0.777041360137899,-0.3642017352863086,-0.2613385407904313,3.177428473701269,-0.1416914264154657,-0.0645215971414748,0.28998835430068093,-0.5711307226221649,-0.16839841129883532,16.903405779646132,15.409707319300486,17.009500197216436,1.5236096404981594,11.139350812852378,8.749819612987867,12.097888899245037,13.742461582273636,9.17844522968198,17.658856143361604,16.17130754089302,72.0,72.0,72.0,72.0,72.0,72.0,72.0,72.0,72.0,72.0,72.0,0.12439503423526183,0.08314939299347238,0.021351270279582592,,0.08932728980600388,0.12309838261160706,0.02626483418404338,0.03528860293080549,0.12639674729445632,0.032859608599766894,0.047603206028388405
2018-10-12,-0.40972618882474376,0.4410025117604737,0.777041360137899,-0.3642017352863086,-0.2613385407904313,3.177428473701269,-0.1416914264154657,-0.0645215971414748,0.28998835430068093,-0.5711307226221649,-0.16839841129883532,16.903405779646132,15.409707319300486,17.009500197216436,1.5236096404981594,11.139350812852378,8.749819612987867,12.097888899245037,13.742461582273636,9.17844522968198,17.658856143361604,16.17130754089302,72.0,72.0,72.0,72.0,72.0,72.0,72.0,72.0,72.0,72.0,72.0,0.12439503423526183,0.08314939299347238,0.021351270279582592,,0.08932728980600388,0.12309838261160706,0.02626483418404338,0.03528860293080549,0.12639674729445632,0.032859608599766894,0.047603206028388405
2018-10-19,-0.40972618882474376,0.4410025117604737,0.777041360137899,-0.3642017352863086,-0.2613385407904313,3.177428473701269,-0.1416914264154657,-0.0645215971414748,0.28998835430068093,-0.5711307226221649,-0.16839841129883532,16.903405779646132,15.409707319300486,17.009500197216436,1.5236096404981594,11.139350812852378,8.749819612987867,12.097888899245037,13.742461582273636,9.17844522968198,17.658856143361604,16.17130754089302,72.0,72.0,72.0,72.0,72.0,72.0,72.0,72.0,72.0,72.0,72.0,0.12439503423526183,0.08314939299347238,0.021351270279582592,,0.08932728980600388,0.12309838261160706,0.02626483418404338,0.03528860293080549,0.12639674729445632,0.032859608599766894,0.047603206028388405
2018-10-26,-0.40972618882474376,0.4410025117604737,0.777041360137899,-0.3642017352863086,-0.2613385407904313,3.177428473701269,-0.1416914264154657,-0.0645215971414748,0.28998835430068093,-0.5711307226221649,-0.16839841129883532,16.903405779646132,15.409707319300486,17.009500197216436,1.5236096404981594,11.139350812852378,8.749819612987867,12.097888899245037,13.742461582273636,9.17844522968198,17.658856143361604,16.17130754089302,72.0,72.0,72.0,72.0,72.0,72.0,72.0,72.0,72.0,72.0,72.0,0.12439503423526183,0.08314939299347238,0.021351270279582592,,0.08932728980600388,0.12309838261160706,0.02626483418404338,0.03528860293080549,0.12639674729445632,0.032859608599766894,0.047603206028388405
2018-11-02,0.9729800762835131,0.4021414462847712,1.7053998714079763,-0.38282864860095656,-0.9741737437473413,3.2594580005109757,-0.2640298551628597,-0.40942703678595005,0.4150579563571812,-1.244497998113379,1.2443267166657201,11.12994490764843,12.517248070864342,7.873871640277231,0.8990445217566685,6.706278395095514,6.621482453263366,16.343205331344944,6.661003954041121,14.155302407757423,5.432251960881378,15.0164147663831,44.0,44.0,44.0,44.0,44.0,44.0,44.0,44.0,44.0,44.0,44.0,0.14392187397558096,0.09454939010242605,0.013800708126742696,,0.057140690172885096,0.12309838261160706,0.02159675276062539,0.000377132402754485,0.07390886074200384,0.030775651096542133,0.03716290515996701
2018-11-09,0.9729800762835131,0.4021414462847712,1.7053998714079763,-0.38282864860095656,-0.9741737437473413,3.2594580005109757,-0.2640298551628597,-0.40942703678595005,0.4150579563571812,-1.244497998113379,1.2443267166657201,11.12994490764843,12.517248070864342,7.873871640277231,0.8990445217566685,6.706278395095514,6.621482453263366,16.343205331344944,6.661003954041121,14.155302407757423,5.432251960881378,15.0164147663831,44.0,44.0,44.0,44.0,44.0,44.0,44.0,44.0,44.0,44.0,44.0,0.14392187397558096,0.09454939010242605,0.013800708126742696,,0.057140690172885096,0.12309838261160706,0.02159675276062539,0.000377132402754485,0.07390886074200384,0.030775651096542133,0.03716290515996701
2018-11-16,0.9729800762835131,0.4021414462847712,1.7053998714079763,-0.38282864860095656,-0.9741737437473413,3.2594580005109757,-0.2640298551628597,-0.40942703678595005,0.4150579563571812,-1.244497998113379,1.2443267166657201,11.12994490764843,12.517248070864342,7.873871640277231,0.8990445217566685,6.706278395095514,6.621482453263366,16.343205331344944,6.661003954041121,14.155302407757423,5.432251960881378,15.0164147663831,44.0,44.0,44.0,44.0,44.0,44.0,44.0,44.0,44.0,44.0,44.0,0.14392187397558096,0.09454939010242605,0.013800708126742696,,0.057140690172885096,0.12309838261160706,0.02159675276062539,0.000377132402754485,0.07390886074200384,0.030775651096542133,0.03716290515996701
2018-11-23,0.9729800762835131,0.4021414462847712,1.7053998714079763,-0.38282864860095656,-0.9741737437473413,3.2594580005109757,-0.2640298551628597,-0.40942703678595005,0.4150579563571812,-1.244497998113379,1.2443267166657201,11.12994490764843,12.517248070864342,7.873871640277231,0.8990445217566685,6.706278395095514,6.621482453263366,16.343205331344944,6.661003954041121,14.155302407757423,5.432251960881378,15.0164147663831,44.0,44.0,44.0,44.0,44.0,44.0,44.0,44.0,44.0,44.0,44.0,0.14392187397558096,0.09454939010242605,0.013800708126742696,,0.057140690172885096,0.12309838261160706,0.02159675276062539,0.000377132402754485,0.07390886074200384,0.030775651096542133,0.03716290515996701
2018-11-30,0.9729800762835131,0.4021414462847712,1.7053998714079763,-0.38282864860095656,-0.9741737437473413,3.2594580005109757,-0.2640298551628597,-0.40942703678595005,0.4150579563571812,-1.244497998113379,1.2443267166657201,11.12994490764843,12.517248070864342,7.873871640277231,0.8990445217566685,6.706278395095514,6.621482453263366,16.343205331344944,6.661003954041121,14.155302407757423,5.432251960881378,15.0164147663831,44.0,44.0,44.0,44.0,44.0,44.0,44.0,44.0,44.0,44.0,44.0,0.14392187397558096,0.09454939010242605,0.013800708126742696,,0.057140690172885096,0.12309838261160706,0.02159675276062539,0.000377132402754485,0.07390886074200384,0.030775651096542133,0.03716290515996701
2018-12-07,1.1743105973313333,1.3300561167174083,0.8037202355938455,-0.04849566415354995,-0.6315918191894113,1.6539473296895366,-1.0880802697901173,0.10680656725813444,0.600170568789705,-0.8457126431536859,1.5676912822243105,11.460638884787832,14.925277384594308,13.390894235645458,0.978054253012656,10.06384585910559,4.536952006122227,14.321884611799792,14.584551857084962,10.903843783384003,14.54866176033794,15.40166680096232,73.0,73.0,73.0,73.0,73.0,73.0,73.0,73.0,73.0,73.0,73.0,0.16473114496173075,0.100173743943123,0.025661470473394062,,0.06789538131421712,0.25255478292683103,0.026170132850026354,0.01953718113328455,0.15213527745397948,0.05261853497488077,0.03787111118992888
2018-12-14,1.1743105973313333,1.3300561167174083,0.8037202355938455,-0.04849566415354995,-0.6315918191894113,1.6539473296895366,-1.0880802697901173,0.10680656725813444,0.600170568789705,-0.8457126431536859,1.5676912822243105,11.460638884787832,14.925277384594308,13.390894235645458,0.978054253012656,10.06384585910559,4.536952006122227,14.321884611799792,14.584551857084962,10.903843783384003,14.54866176033794,15.40166680096232,73.0,73.0,73.0,73.0,73.0,73.0,73.0,73.0,73.0,73.0,73.0,0.16473114496173075,0.100173743943123,0.025661470473394062,,0.06789538131421712,0.25255478292683103,0.026170132850026354,0.01953718113328455,0.15213527745397948,0.05261853497488077,0.03787111118992888
2018-12-21,1.1743105973313333,1.3300561167174083,0.8037202355938455,-0.04849566415354995,-0.6315918191894113,1.6539473296895366,-1.0880802697901173,0.10680656725813444,0.600170568789705,-0.8457126431536859,1.5676912822243105,11.460638884787832,14.925277384594308,13.390894235645458,0.978054253012656,10.06384585910559,4.536952006122227,14.321884611799792,14.584551857084962,10.903843783384003,14.54866176033794,15.40166680096232,73.0,73.0,73.0,73.0,73.0,73.0,73.0,73.0,73.0,73.0,73.0,0.16473114496173075,0.100173743943123,0.025661470473394062,,0.06789538131421712,0.25255478292683103,0.026170132850026354,0.01953718113328455,0.15213527745397948,0.05261853497488077,0.03787111118992888
2018-12-28,1.1743105973313333,1.3300561167174083,0.8037202355938455,-0.04849566415354995,-0.6315918191894113,1.6539473296895366,-1.0880802697901173,0.10680656725813444,0.600170568789705,-0.8457126431536859,1.5676912822243105,11.460638884787832,14.925277384594308,13.390894235645458,0.978054253012656,10.06384585910559,4.536952006122227,14.321884611799792,14.584551857084962,10.903843783384003,14.54866176033794,15.40166680096232,73.0,73.0,73.0,73.0,73.0,73.0,73.0,73.0,73.0,73.0,73.0,0.16473114496173075,0.100173743943123,0.025661470473394062,,0.06789538131421712,0.25255478292683103,0.026170132850026354,0.01953718113328455,0.15213527745397948,0.05261853497488077,0.03787111118992888
2019-01-04,1.5466832594847766,1.1132552926719395,0.032543619093648384,-0.12409321006111132,1.7884436212718893,-1.058258117873102,-0.7753375068203577,-0.3471697439557196,0.6578956311673338,-1.1064808004696982,2.3137406426024976,11.593769668901963,13.005250901785304,10.900839578520316,4.98314677557606,10.515485248234716,3.0871433256805507,17.189067014633235,7.960262434418781,13.574297395020144,7.342221928869231,8.358465806407056,68.0,68.0,68.0,68.0,68.0,68.0,68.0,68.0,68.0,68.0,68.0,0.1658447779431283,0.11809782729519729,0.045598464870944884,0.06986154389133462,0.08133979334811384,0.19188537360914024,0.027698326009600475,0.01953718113328455,0.14099138665818692,0.10831722616136184,0.07258184758357306
2019-01-11,1.5466832594847766,1.1132552926719395,0.032543619093648384,-0.12409321006111132,1.7884436212718893,-1.058258117873102,-0.7753375068203577,-0.3471697439557196,0.6578956311673338,-1.1064808004696982,2.3137406426024976,11.593769668901963,13.005250901785304,10.900839578520316,4.98314677557606,10.515485248234716,3.0871433256805507,17.189067014633235,7.960262434418781,13.574297395020144,7.342221928869231,8.358465806407056,68.0,68.0,68.0,68.0,68.0,68.0,68.0,68.0,68.0,68.0,68.0,0.1658447779431283,0.11809782729519729,0.045598464870944884,0.06986154389133462,0.08133979334811384,0.19188537360914024,0.027698326009600475,0.01953718113328455,0.14099138665818692,0.10831722616136184,0.07258184758357306
2019-01-18,1.5466832594847766,1.1132552926719395,0.032543619093648384,-0.12409321006111132,1.7884436212718893,-1.058258117873102,-0.7753375068203577,-0.3471697439557196,0.6578956311673338,-1.1064808004696982,2.3137406426024976,11.593769668901963,13.005250901785304,10.900839578520316,4.98314677557606,10.515485248234716,3.0871433256805507,17.189067014633235,7.960262434418781,13.574297395020144,7.342221928869231,8.358465806407056,68.0,68.0,68.0,68.0,68.0,68.0,68.0,68.0,68.0,68.0,68.0,0.1658447779431283,0.11809782729519729,0.045598464870944884,0.06986154389133462,0.08133979334811384,0.19188537360914024,0.027698326009600475,0.01953718113328455,0.14099138665818692,0.10831722616136184,0.07258184758357306
2019-01-25,1.5466832594847766,1.1132552926719395,0.032543619093648384,-0.12409321006111132,1.7884436212718893,-1.058258117873102,-0.7753375068203577,-0.3471697439557196,0.6578956311673338,-1.1064808004696982,2.3137406426024976,11.593769668901963,13.005250901785304,10.900839578520316,4.98314677557606,10.515485248234716,3.0871433256805507,17.189067014633235,7.960262434418781,13.574297395020144,7.342221928869231,8.358465806407056,68.0,68.0,68.0,68.0,68.0,68.0,68.0,68.0,68.0,68.0,68.0,0.1658447779431283,0.11809782729519729,0.045598464870944884,0.06986154389133462,0.08133979334811384,0.19188537360914024,0.027698326009600475,0.01953718113328455,0.14099138665818692,0.10831722616136184,0.07258184758357306
2019-02-01,1.4678627954722467,0.761558339777385,0.12475343533289536,0.09375759589677496,-2.2456505545742758,-2.296867951821125,0.1779778616211969,0.4094387580903667,0.3921020984043404,-0.9160736798459115,2.0929088860008007,11.104504518505284,9.696520706817042,9.492409984786162,8.773029798820149,4.216114729870272,4.482365802995518,14.743778544132718,8.286322960821037,6.785613033116937,8.040713727819764,12.451958606241297,56.0,56.0,56.0,56.0,56.0,56.0,56.0,56.0,56.0,56.0,56.0,0.08866377857967052,0.05165304278004518,0.03060617689026988,0.08448088823922252,0.06735920185441296,0.19188537360914024,0.02619330655075927,0.024057213075607424,0.07959253550812702,0.04829341141556053,0.04373232722756471
2019-02-08,1.4678627954722467,0.761558339777385,0.12475343533289536,0.09375759589677496,-2.2456505545742758,-2.296867951821125,0.1779778616211969,0.4094387580903667,0.3921020984043404,-0.9160736798459115,2.0929088860008007,11.104504518505284,9.696520706817042,9.492409984786162,8.773029798820149,4.216114729870272,4.482365802995518,14.743778544132718,8.286322960821037,6.785613033116937,8.040713727819764,12.451958606241297,56.0,56.0,56.0,56.0,56.0,56.0,56.0,56.0,56.0,56.0,56.0,0.08866377857967052,0.05165304278004518,0.03060617689026988,0.08448088823922252,0.06735920185441296,0.19188537360914024,0.02619330655075927,0.024057213075607424,0.07959253550812702,0.04829341141556053,0.04373232722756471
2019-02-15,1.4678627954722467,0.761558339777385,0.12475343533289536,0.09375759589677496,-2.2456505545742758,-2.296867951821125,0.1779778616211969,0.4094387580903667,0.3921020984043404,-0.9160736798459115,2.0929088860008007,11.104504518505284,9.696520706817042,9.492409984786162,8.773029798820149,4.216114729870272,4.482365802995518,14.743778544132718,8.286322960821037,6.785613033116937,8.040713727819764,12.451958606241297,56.0,56.0,56.0,56.0,56.0,56.0,56.0,56.0,56.0,56.0,56.0,0.08866377857967052,0.05165304278004518,0.03060617689026988,0.08448088823922252,0.06735920185441296,0.19188537360914024,0.02619330655075927,0.024057213075607424,0.07959253550812702,0.04829341141556053,0.04373232722756471
2019-02-22,1.4678627954722467,0.761558339777385,0.12475343533289536,0.09375759589677496,-2.2456505545742758,-2.296867951821125,0.1779778616211969,0.4094387580903667,0.3921020984043404,-0.9160736798459115,2.0929088860008007,11.104504518505284,9.696520706817042,9.492409984786162,8.773029798820149,4.216114729870272,4.482365802995518,14.743778544132718,8.286322960821037,6.785613033116937,8.040713727819764,12.451958606241297,56.0,56.0,56.0,56.0,56.0,56.0,56.0,56.0,56.0,56.0,56.0,0.08866377857967052,0.05165304278004518,0.03060617689026988,0.08448088823922252,0.06735920185441296,0.19188537360914024,0.02619330655075927,0.024057213075607424,0.07959253550812702,0.04829341141556053,0.04373232722756471
2019-03-01,0.31649822051086496,0.8210351223520167,1.5603148110689864,0.20538364148456176,-1.486093194223093,2.1506253440093355,0.16655021530512534,0.4928807444583534,0.4040813952427113,-1.090313593152449,3.061236709674424,7.864879985702408,17.512750559335192,14.309314250295822,7.815043109968234,4.901034539383655,5.91152290368427,15.680562028148012,16.76958126595034,11.335689045936398,16.12996270750139,18.61801710542975,71.0,71.0,71.0,71.0,71.0,71.0,71.0,71.0,71.0,71.0,71.0,0.1251506362931027,0.04576089831556514,0.0733034131199081,0.09352080548212344,0.08925162180549479,0.1448703380505928,0.03262303300872235,0.000766001722567045,0.10081621783542548,0.03196325511620735,0.025161952097419102
2019-03-08,0.31649822051086496,0.8210351223520167,1.5603148110689864,0.20538364148456176,-1.486093194223093,2.1506253440093355,0.16655021530512534,0.4928807444583534,0.4040813952427113,-1.090313593152449,3.061236709674424,7.864879985702408,17.512750559335192,14.309314250295822,7.815043109968234,4.901034539383655,5.91152290368427,15.680562028148012,16.76958126595034,11.335689045936398,16.12996270750139,18.61801710542975,71.0,71.0,71.0,71.0,71.0,71.0,71.0,71.0,71.0,71.0,71.0,0.1251506362931027,0.04576089831556514,0.0733034131199081,0.09352080548212344,0.08925162180549479,0.1448703380505928,0.03262303300872235,0.000766001722567045,0.10081621783542548,0.03196325511620735,0.025161952097419102
2019-03-15,0.31649822051086496,0.8210351223520167,1.5603148110689864,0.20538364148456176,-1.486093194223093,2.1506253440093355,0.16655021530512534,0.4928807444583534,0.4040813952427113,-1.090313593152449,3.061236709674424,7.864879985702408,17.512750559335192,14.309314250295822,7.815043109968234,4.901034539383655,5.91152290368427,15.680562028148012,16.76958126595034,11.335689045936398,16.12996270750139,18.61801710542975,71.0,71.0,71.0,71.0,71.0,71.0,71.0,71.0,71.0,71.0,71.0,0.1251506362931027,0.04576089831556514,0.0733034131199081,0.09352080548212344,0.08925162180549479,0.1448703380505928,0.03262303300872235,0.000766001722567045,0.10081621783542548,0.03196325511620735,0.025161952097419102
2019-03-22,0.31649822051086496,0.8210351223520167,1.5603148110689864,0.20538364148456176,-1.486093194223093,2.1506253440093355,0.16655021530512534,0.4928807444583534,0.4040813952427113,-1.090313593152449,3.061236709674424,7.864879985702408,17.512750559335192,14.309314250295822,7.815043109968234,4.901034539383655,5.91152290368427,15.680562028148012,16.76958126595034,11.335689045936398,16.12996270750139,18.61801710542975,71.0,71.0,71.0,71.0,71.0,71.0,71.0,71.0,71.0,71.0,71.0,0.1251506362931027,0.04576089831556514,0.0733034131199081,0.09352080548212344,0.08925162180549479,0.1448703380505928,0.03262303300872235,0.000766001722567045,0.10081621783542548,0.03196325511620735,0.025161952097419102
2019-03-29,0.31649822051086496,0.8210351223520167,1.5603148110689864,0.20538364148456176,-1.486093194223093,2.1506253440093355,0.16655021530512534,0.4928807444583534,0.4040813952427113,-1.090313593152449,3.061236709674424,7.864879985702408,17.512750559335192,14.309314250295822,7.815043109968234,4.901034539383655,5.91152290368427,15.680562028148012,16.76958126595034,11.335689045936398,16.12996270750139,18.61801710542975,71.0,71.0,71.0,71.0,71.0,71.0,71.0,71.0,71.0,71.0,71.0,0.1251506362931027,0.04576089831556514,0.0733034131199081,0.09352080548212344,0.08925162180549479,0.1448703380505928,0.03262303300872235,0.000766001722567045,0.10081621783542548,0.03196325511620735,0.025161952097419102
2019-04-05,-0.4843199302767893,0.010856185500278462,1.8355305378651228,-0.1508247800333218,-0.2692182797244895,1.5873329898453847,0.3925422065393524,2.1902648190116234,0.23740950870736982,-0.6598017745703706,2.3545274438555617,17.349156519779623,6.662241450162091,9.088138840367389,5.867430545051178,8.649657890415458,6.592205094566524,15.194542827849755,13.482590170757623,11.363402909031151,12.533139720361262,17.39915739067374,82.0,82.0,82.0,82.0,82.0,82.0,82.0,82.0,82.0,82.0,82.0,0.08643795223434493,0.10752602686722708,0.08912272320943478,0.0881062681783783,0.06692484699800244,0.10251396987979854,0.04807013840032317,0.03643733192279144,0.10234885847092125,0.09840675779858472,0.0431742357111842
2019-04-12,-0.4843199302767893,0.010856185500278462,1.8355305378651228,-0.1508247800333218,-0.2692182797244895,1.5873329898453847,0.3925422065393524,2.1902648190116234,0.23740950870736982,-0.6598017745703706,2.3545274438555617,17.349156519779623,6.662241450162091,9.088138840367389,5.867430545051178,8.649657890415458,6.592205094566524,15.194542827849755,13.482590170757623,11.363402909031151,12.533139720361262,17.39915739067374,82.0,82.0,82.0,82.0,82.0,82.0,82.0,82.0,82.0,82.0,82.0,0.08643795223434493,0.10752602686722708,0.08912272320943478,0.0881062681783783,0.06692484699800244,0.10251396987979854,0.04807013840032317,0.03643733192279144,0.10234885847092125,0.09840675779858472,0.0431742357111842
2019-04-19,-0.4843199302767893,0.010856185500278462,1.8355305378651228,-0.1508247800333218,-0.2692182797244895,1.5873329898453847,0.3925422065393524,2.1902648190116234,0.23740950870736982,-0.6598017745703706,2.3545274438555617,17.349156519779623,6.662241450162091,9.088138840367389,5.867430545051178,8.649657890415458,6.592205094566524,15.194542827849755,13.482590170757623,11.363402909031151,12.533139720361262,17.39915739067374,82.0,82.0,82.0,82.0,82.0,82.0,82.0,82.0,82.0,82.0,82.0,0.08643795223434493,0.10752602686722708,0.08912272320943478,0.0881062681783783,0.06692484699800244,0.10251396987979854,0.04807013840032317,0.03643733192279144,0.10234885847092125,0.09840675779858472,0.0431742357111842
2019-04-26,-0.4843199302767893,0.010856185500278462,1.8355305378651228,-0.1508247800333218,-0.2692182797244895,1.5873329898453847,0.3925422065393524,2.1902648190116234,0.23740950870736982,-0.6598017745703706,2.3545274438555617,17.349156519779623,6.662241450162091,9.088138840367389,5.867430545051178,8.649657890415458,6.592205094566524,15.194542827849755,13.482590170757623,11.363402909031151,12.533139720361262,17.39915739067374,82.0,82.0,82.0,82.0,82.0,82.0,82.0,82.0,82.0,82.0,82.0,0.08643795223434493,0.10752602686722708,0.08912272320943478,0.0881062681783783,0.06692484699800244,0.10251396987979854,0.04807013840032317,0.03643733192279144,0.10234885847092125,0.09840675779858472,0.0431742357111842
2019-05-03,-1.096072605066821,1.8655107778696498,0.4728989582475726,-0.2525084214571718,-0.24245919065225816,2.0700104272462845,0.48313429594829954,-0.8461685440975191,0.8739304366199819,-0.888461731427591,2.362332505446581,8.889745362995653,16.693370165745854,6.696207809770666,9.551429435788837,5.920991844107505,5.831682518858644,14.976838475160784,3.1085554058642497,12.361975100665637,8.400921861764736,13.460292611052918,90.0,90.0,90.0,90.0,90.0,90.0,90.0,90.0,90.0,90.0,90.0,0.09613566780415177,0.10985146137057424,0.05509621953281454,0.07162878554450743,0.12670037226490233,0.19991238691231397,0.07446167283337321,0.022039548975270228,0.1252570885658498,0.15835438520848738,0.08003158709273556
2019-05-10,-1.096072605066821,1.8655107778696498,0.4728989582475726,-0.2525084214571718,-0.24245919065225816,2.0700104272462845,0.48313429594829954,-0.8461685440975191,0.8739304366199819,-0.888461731427591,2.362332505446581,8.889745362995653,16.693370165745854,6.696207809770666,9.551429435788837,5.920991844107505,5.831682518858644,14.976838475160784,3.1085554058642497,12.361975100665637,8.400921861764736,13.460292611052918,90.0,90.0,90.0,90.0,90.0,90.0,90.0,90.0,90.0,90.0,90.0,0.09613566780415177,0.10985146137057424,0.05509621953281454,0.07162878554450743,0.12670037226490233,0.19991238691231397,0.07446167283337321,0.022039548975270228,0.1252570885658498,0.15835438520848738,0.08003158709273556
2019-05-17,-1.096072605066821,1.8655107778696498,0.4728989582475726,-0.2525084214571718,-0.24245919065225816,2.0700104272462845,0.48313429594829954,-0.8461685440975191,0.8739304366199819,-0.888461731427591,2.362332505446581,8.889745362995653,16.693370165745854,6.696207809770666,9.551429435788837,5.920991844107505,5.831682518858644,14.976838475160784,3.1085554058642497,12.361975100665637,8.400921861764736,13.460292611052918,90.0,90.0,90.0,90.0,90.0,90.0,90.0,90.0,90.0,90.0,90.0,0.09613566780415177,0.10985146137057424,0.05509621953281454,0.07162878554450743,0.12670037226490233,0.19991238691231397,0.07446167283337321,0.022039548975270228,0.1252570885658498,0.15835438520848738,0.08003158709273556
2019-05-24,-1.096072605066821,1.8655107778696498,0.4728989582475726,-0.2525084214571718,-0.24245919065225816,2.0700104272462845,0.48313429594829954,-0.8461685440975191,0.8739304366199819,-0.888461731427591,2.362332505446581,8.889745362995653,16.693370165745854,6.696207809770666,9.551429435788837,5.920991844107505,5.831682518858644,14.976838475160784,3.1085554058642497,12.361975100665637,8.400921861764736,13.460292611052918,90.0,90.0,90.0,90.0,90.0,90.0,90.0,90.0,90.0,90.0,90.0,0.09613566780415177,0.10985146137057424,0.05509621953281454,0.07162878554450743,0.12670037226490233,0.19991238691231397,0.07446167283337321,0.022039548975270228,0.1252570885658498,0.15835438520848738,0.08003158709273556
2019-05-31,-1.096072605066821,1.8655107778696498,0.4728989582475726,-0.2525084214571718,-0.24245919065225816,2.0700104272462845,0.48313429594829954,-0.8461685440975191,0.8739304366199819,-0.888461731427591,2.362332505446581,8.889745362995653,16.693370165745854,6.696207809770666,9.551429435788837,5.920991844107505,5.831682518858644,14.976838475160784,3.1085554058642497,12.361975100665637,8.400921861764736,13.460292611052918,90.0,90.0,90.0,90.0,90.0,90.0,90.0,90.0,90.0,90.0,90.0,0.09613566780415177,0.10985146137057424,0.05509621953281454,0.07162878554450743,0.12670037226490233,0.19991238691231397,0.07446167283337321,0.022039548975270228,0.1252570885658498,0.15835438520848738,0.08003158709273556
2019-06-07,-0.6856668443766426,1.3799612841745852,0.7073068681195157,-0.06985425616330465,0.5186941366628611,1.34853330497924,0.6409973211638851,-0.7747606153962321,0.5355819989529427,-0.7873870791972402,2.002917689246916,4.4457585105639,12.690493584767818,10.057621006367274,3.675490344375536,11.923006185341292,3.5724390510549915,9.705075030291727,4.587147723414279,6.447869586654615,13.062803207814916,10.690214450980164,99.0,99.0,99.0,99.0,99.0,99.0,99.0,99.0,99.0,99.0,99.0,0.11313747209962166,0.13074416158807972,0.03904140257737125,0.08251432166039115,0.12446007561102831,0.18123612216182838,0.09040759961471907,0.016068640987042096,0.1354345247194006,0.16131508807740044,0.04879357934888602
2019-06-14,-0.6856668443766426,1.3799612841745852,0.7073068681195157,-0.06985425616330465,0.5186941366628611,1.34853330497924,0.6409973211638851,-0.7747606153962321,0.5355819989529427,-0.7873870791972402,2.002917689246916,4.4457585105639,12.690493584767818,10.057621006367274,3.675490344375536,11.923006185341292,3.5724390510549915,9.705075030291727,4.587147723414279,6.447869586654615,13.062803207814916,10.690214450980164,99.0,99.0,99.0,99.0,99.0,99.0,99.0,99.0,99.0,99.0,99.0,0.11313747209962166,0.13074416158807972,0.03904140257737125,0.08251432166039115,0.12446007561102831,0.18123612216182838,0.09040759961471907,0.016068640987042096,0.1354345247194006,0.16131508807740044,0.04879357934888602
2019-06-21,-0.6856668443766426,1.3799612841745852,0.7073068681195157,-0.06985425616330465,0.5186941366628611,1.34853330497924,0.6409973211638851,-0.7747606153962321,0.5355819989529427,-0.7873870791972402,2.002917689246916,4.4457585105639,12.690493584767818,10.057621006367274,3.675490344375536,11.923006185341292,3.5724390510549915,9.705075030291727,4.587147723414279,6.447869586654615,13.062803207814916,10.690214450980164,99.0,99.0,99.0,99.0,99.0,99.0,99.0,99.0,99.0,99.0,99.0,0.11313747209962166,0.13074416158807972,0.03904140257737125,0.08251432166039115,0.12446007561102831,0.18123612216182838,0.09040759961471907,0.016068640987042096,0.1354345247194006,0.16131508807740044,0.04879357934888602
2019-06-28,-0.6856668443766426,1.3799612841745852,0.7073068681195157,-0.06985425616330465,0.5186941366628611,1.34853330497924,0.6409973211638851,-0.7747606153962321,0.5355819989529427,-0.7873870791972402,2.002917689246916,4.4457585105639,12.690493584767818,10.057621006367274,3.675490344375536,11.923006185341292,3.5724390510549915,9.705075030291727,4.587147723414279,6.447869586654615,13.062803207814916,10.690214450980164,99.0,99.0,99.0,99.0,99.0,99.0,99.0,99.0,99.0,99.0,99.0,0.11313747209962166,0.13074416158807972,0.03904140257737125,0.08251432166039115,0.12446007561102831,0.18123612216182838,0.09040759961471907,0.016068640987042096,0.1354345247194006,0.16131508807740044,0.04879357934888602
2019-07-05,-0.9631187405986393,-0.6753767321393818,0.9844449713626613,0.2387324398618471,0.05594653297073354,1.9072176879144196,-0.32653363044826855,0.21286012538766122,0.20288258874913628,-1.2078892228450322,1.4953725995095781,10.986207486032647,14.301698552577504,12.335865216656336,8.786454394191498,13.058799058514424,5.134568711052805,5.2169004567061235,12.719985980131217,7.863906237159999,16.48588055399712,15.199866471746114,98.0,98.0,98.0,98.0,98.0,98.0,98.0,98.0,98.0,98.0,98.0,0.10697763405532326,0.1481367367888752,0.12140984482001399,0.09852418372551604,0.12123693455748129,0.09509625336632231,0.0815103393151197,0.046048433667511046,0.1373286541197377,0.16020301909459658,0.06368352887871892
2019-07-12,-0.9631187405986393,-0.6753767321393818,0.9844449713626613,0.2387324398618471,0.05594653297073354,1.9072176879144196,-0.32653363044826855,0.21286012538766122,0.20288258874913628,-1.2078892228450322,1.4953725995095781,10.986207486032647,14.301698552577504,12.335865216656336,8.786454394191498,13.058799058514424,5.134568711052805,5.2169004567061235,12.719985980131217,7.863906237159999,16.48588055399712,15.199866471746114,98.0,98.0,98.0,98.0,98.0,98.0,98.0,98.0,98.0,98.0,98.0,0.10697763405532326,0.1481367367888752,0.12140984482001399,0.09852418372551604,0.12123693455748129,0.09509625336632231,0.0815103393151197,0.046048433667511046,0.1373286541197377,0.16020301909459658,0.06368352887871892
2019-07-19,-0.9631187405986393,-0.6753767321393818,0.9844449713626613,0.2387324398618471,0.05594653297073354,1.9072176879144196,-0.32653363044826855,0.21286012538766122,0.20288258874913628,-1.2078892228450322,1.4953725995095781,10.986207486032647,14.301698552577504,12.335865216656336,8.786454394191498,13.058799058514424,5.134568711052805,5.2169004567061235,12.719985980131217,7.863906237159999,16.48588055399712,15.199866471746114,98.0,98.0,98.0,98.0,98.0,98.0,98.0,98.0,98.0,98.0,98.0,0.10697763405532326,0.1481367367888752,0.12140984482001399,0.09852418372551604,0.12123693455748129,0.09509625336632231,0.0815103393151197,0.046048433667511046,0.1373286541197377,0.16020301909459658,0.06368352887871892
2019-07-26,-0.9631187405986393,-0.6753767321393818,0.9844449713626613,0.2387324398618471,0.05594653297073354,1.9072176879144196,-0.32653363044826855,0.21286012538766122,0.20288258874913628,-1.2078892228450322,1.4953725995095781,10.986207486032647,14.301698552577504,12.335865216656336,8.786454394191498,13.058799058514424,5.134568711052805,5.2169004567061235,12.719985980131217,7.863906237159999,16.48588055399712,15.199866471746114,98.0,98.0,98.0,98.0,98.0,98.0,98.0,98.0,98.0,98.0,98.0,0.10697763405532326,0.1481367367888752,0.12140984482001399,0.09852418372551604,0.12123693455748129,0.09509625336632231,0.0815103393151197,0.046048433667511046,0.1373286541197377,0.16020301909459658,0.06368352887871892
2019-08-02,-0.8239563795632636,-0.1986624679097344,1.0373198813560829,0.06766427720649133,0.16809711941676606,1.7276215777420527,-2.9237641006302337,-0.34403612741088907,0.2816021372926822,-1.3146925937448695,1.2316889708457601,14.61273728951847,14.03699602757865,10.37504930410774,6.739109060656481,13.590836936887628,9.13131081228818,0.7135334141112873,12.845376181557306,10.25174624044704,14.258385311815887,14.345665511724008,107.0,107.0,107.0,107.0,107.0,107.0,107.0,107.0,107.0,107.0,107.0,0.09843019438517818,0.12243643733032114,0.059535046670239365,0.09603301276719961,0.1723842603924915,0.23211277997959137,0.04622695909847213,0.034995716797811036,0.10392337716193265,0.06676805540644948,0.0771548489759894
2019-08-09,-0.8239563795632636,-0.1986624679097344,1.0373198813560829,0.06766427720649133,0.16809711941676606,1.7276215777420527,-2.9237641006302337,-0.34403612741088907,0.2816021372926822,-1.3146925937448695,1.2316889708457601,14.61273728951847,14.03699602757865,10.37504930410774,6.739109060656481,13.590836936887628,9.13131081228818,0.7135334141112873,12.845376181557306,10.25174624044704,14.258385311815887,14.345665511724008,107.0,107.0,107.0,107.0,107.0,107.0,107.0,107.0,107.0,107.0,107.0,0.09843019438517818,0.12243643733032114,0.059535046670239365,0.09603301276719961,0.1723842603924915,0.23211277997959137,0.04622695909847213,0.034995716797811036,0.10392337716193265,0.06676805540644948,0.0771548489759894
2019-08-16,-0.8239563795632636,-0.1986624679097344,1.0373198813560829,0.06766427720649133,0.16809711941676606,1.7276215777420527,-2.9237641006302337,-0.34403612741088907,0.2816021372926822,-1.3146925937448695,1.2316889708457601,14.61273728951847,14.03699602757865,10.37504930410774,6.739109060656481,13.590836936887628,9.13131081228818,0.7135334141112873,12.845376181557306,10.25174624044704,14.258385311815887,14.345665511724008,107.0,107.0,107.0,107.0,107.0,107.0,107.0,107.0,107.0,107.0,107.0,0.09843019438517818,0.12243643733032114,0.059535046670239365,0.09603301276719961,0.1723842603924915,0.23211277997959137,0.04622695909847213,0.034995716797811036,0.10392337716193265,0.06676805540644948,0.0771548489759894
2019-08-23,-0.8239563795632636,-0.1986624679097344,1.0373198813560829,0.06766427720649133,0.16809711941676606,1.7276215777420527,-2.9237641006302337,-0.34403612741088907,0.2816021372926822,-1.3146925937448695,1.2316889708457601,14.61273728951847,14.03699602757865,10.37504930410774,6.739109060656481,13.590836936887628,9.13131081228818,0.7135334141112873,12.845376181557306,10.25174624044704,14.258385311815887,14.345665511724008,107.0,107.0,107.0,107.0,107.0,107.0,107.0,107.0,107.0,107.0,107.0,0.09843019438517818,0.12243643733032114,0.059535046670239365,0.09603301276719961,0.1723842603924915,0.23211277997959137,0.04622695909847213,0.034995716797811036,0.10392337716193265,0.06676805540644948,0.0771548489759894
2019-08-30,-0.8239563795632636,-0.1986624679097344,1.0373198813560829,0.06766427720649133,0.16809711941676606,1.7276215777420527,-2.9237641006302337,-0.34403612741088907,0.2816021372926822,-1.3146925937448695,1.2316889708457601,14.61273728951847,14.03699602757865,10.37504930410774,6.739109060656481,13.590836936887628,9.13131081228818,0.7135334141112873,12.845376181557306,10.25174624044704,14.258385311815887,14.345665511724008,107.0,107.0,107.0,107.0,107.0,107.0,107.0,107.0,107.0,107.0,107.0,0.09843019438517818,0.12243643733032114,0.059535046670239365,0.09603301276719961,0.1723842603924915,0.23211277997959137,0.04622695909847213,0.034995716797811036,0.10392337716193265,0.06676805540644948,0.0771548489759894
2019-09-06,-0.7427204595310217,0.08182961284376007,0.8091635586551901,-0.05311336900677187,0.2729306950887092,1.8376004888485136,0.20173783426579248,0.8393332581439064,-0.39016689634290785,-1.2524219161461798,0.26638772419777595,13.022666345488878,14.423040043833604,14.400811404744465,6.39416628850905,15.23779079314686,7.739379031376409,2.4152763538074375,18.0,2.4329135508258695,15.899299253049954,7.835576070816018,109.0,109.0,109.0,109.0,109.0,109.0,109.0,109.0,109.0,109.0,109.0,0.12635784435988834,0.10083891961845155,0.026534381852577615,0.1250389432508415,0.10037886661089088,0.17957174930768935,0.04498455291887031,0.017637565105908498,0.09996224101428153,0.029728332011970577,0.0669652868036991
2019-09-13,-0.7427204595310217,0.08182961284376007,0.8091635586551901,-0.05311336900677187,0.2729306950887092,1.8376004888485136,0.20173783426579248,0.8393332581439064,-0.39016689634290785,-1.2524219161461798,0.26638772419777595,13.022666345488878,14.423040043833604,14.400811404744465,6.39416628850905,15.23779079314686,7.739379031376409,2.4152763538074375,18.0,2.4329135508258695,15.899299253049954,7.835576070816018,109.0,109.0,109.0,109.0,109.0,109.0,109.0,109.0,109.0,109.0,109.0,0.12635784435988834,0.10083891961845155,0.026534381852577615,0.1250389432508415,0.10037886661089088,0.17957174930768935,0.04498455291887031,0.017637565105908498,0.09996224101428153,0.029728332011970577,0.0669652868036991
2019-09-20,-0.7427204595310217,0.08182961284376007,0.8091635586551901,-0.05311336900677187,0.2729306950887092,1.8376004888485136,0.20173783426579248,0.8393332581439064,-0.39016689634290785,-1.2524219161461798,0.26638772419777595,13.022666345488878,14.423040043833604,14.400811404744465,6.39416628850905,15.23779079314686,7.739379031376409,2.4152763538074375,18.0,2.4329135508258695,15.899299253049954,7.835576070816018,109.0,109.0,109.0,109.0,109.0,109.0,109.0,109.0,109.0,109.0,109.0,0.12635784435988834,0.10083891961845155,0.026534381852577615,0.1250389432508415,0.10037886661089088,0.17957174930768935,0.04498455291887031,0.017637565105908498,0.09996224101428153,0.029728332011970577,0.0669652868036991
2019-09-27,-0.7427204595310217,0.08182961284376007,0.8091635586551901,-0.05311336900677187,0.2729306950887092,1.8376004888485136,0.20173783426579248,0.8393332581439064,-0.39016689634290785,-1.2524219161461798,0.26638772419777595,13.022666345488878,14.423040043833604,14.400811404744465,6.39416628850905,15.23779079314686,7.739379031376409,2.4152763538074375,18.0,2.4329135508258695,15.899299253049954,7.835576070816018,109.0,109.0,109.0,109.0,109.0,109.0,109.0,109.0,109.0,109.0,109.0,0.12635784435988834,0.10083891961845155,0.026534381852577615,0.1250389432508415,0.10037886661089088,0.17957174930768935,0.04498455291887031,0.017637565105908498,0.09996224101428153,0.029728332011970577,0.0669652868036991
2019-10-04,-0.17796954717233632,0.2715332444385283,1.3328036653664856,-0.3470512639712805,0.5281914917882661,1.3899230584459081,0.12955504880276006,0.11804024518797553,0.9877344664939235,-1.2585008787299354,1.649618339494965,9.24075901564188,16.96881420939683,19.52620724629516,2.364884283769475,14.725578849417044,8.916038045260743,10.981918165719074,14.452633654256896,8.548247596351386,14.512711351660554,13.160982123329456,88.0,88.0,88.0,88.0,88.0,88.0,88.0,88.0,88.0,88.0,88.0,0.15629545358513336,0.134145250242963,0.020177473371826914,0.08609468574101006,0.11179293836381009,0.1774079486890581,0.026955619319565652,0.010245442939016094,0.12531958627758558,0.03164133111601509,0.04816134363888069
2019-10-11,-0.17796954717233632,0.2715332444385283,1.3328036653664856,-0.3470512639712805,0.5281914917882661,1.3899230584459081,0.12955504880276006,0.11804024518797553,0.9877344664939235,-1.2585008787299354,1.649618339494965,9.24075901564188,16.96881420939683,19.52620724629516,2.364884283769475,14.725578849417044,8.916038045260743,10.981918165719074,14.452633654256896,8.548247596351386,14.512711351660554,13.160982123329456,88.0,88.0,88.0,88.0,88.0,88.0,88.0,88.0,88.0,88.0,88.0,0.15629545358513336,0.134145250242963,0.020177473371826914,0.08609468574101006,0.11179293836381009,0.1774079486890581,0.026955619319565652,0.010245442939016094,0.12531958627758558,0.03164133111601509,0.04816134363888069
2019-10-18,-0.17796954717233632,0.2715332444385283,1.3328036653664856,-0.3470512639712805,0.5281914917882661,1.3899230584459081,0.12955504880276006,0.11804024518797553,0.9877344664939235,-1.2585008787299354,1.649618339494965,9.24075901564188,16.96881420939683,19.52620724629516,2.364884283769475,14.725578849417044,8.916038045260743,10.981918165719074,14.452633654256896,8.548247596351386,14.512711351660554,13.160982123329456,88.0,88.0,88.0,88.0,88.0,88.0,88.0,88.0,88.0,88.0,88.0,0.15629545358513336,0.134145250242963,0.020177473371826914,0.08609468574101006,0.11179293836381009,0.1774079486890581,0.026955619319565652,0.010245442939016094,0.12531958627758558,0.03164133111601509,0.04816134363888069
2019-10-25,-0.17796954717233632,0.2715332444385283,1.3328036653664856,-0.3470512639712805,0.5281914917882661,1.3899230584459081,0.12955504880276006,0.11804024518797553,0.9877344664939235,-1.2585008787299354,1.649618339494965,9.24075901564188,16.96881420939683,19.52620724629516,2.364884283769475,14.725578849417044,8.916038045260743,10.981918165719074,14.452633654256896,8.548247596351386,14.512711351660554,13.160982123329456,88.0,88.0,88.0,88.0,88.0,88.0,88.0,88.0,88.0,88.0,88.0,0.15629545358513336,0.134145250242963,0.020177473371826914,0.08609468574101006,0.11179293836381009,0.1774079486890581,0.026955619319565652,0.010245442939016094,0.12531958627758558,0.03164133111601509,0.04816134363888069
2019-11-01,1.4065140761684536,1.5215784656191373,1.2758778005732179,0.622815486633297,-0.682721449925706,1.850418857062847,-0.4746065862374772,1.0116818445222546,0.5160336138932736,-1.1517710476252718,2.041621540077155,7.181206437024546,16.769005981462033,15.491305572772855,8.174519739827561,6.335070337730581,6.917349950803543,14.360436666977348,13.583653709241071,7.637018243076671,15.14825693321452,18.589308530843866,87.0,87.0,87.0,87.0,87.0,87.0,87.0,87.0,87.0,87.0,87.0,0.13930786450202437,0.0910249929165082,0.018300685477832816,0.1010581722432006,0.05839328010078626,0.19442754283720542,0.017589647191972917,0.012405892917784824,0.09464373894073161,0.052892783523309346,0.04487360286160813
2019-11-08,1.4065140761684536,1.5215784656191373,1.2758778005732179,0.622815486633297,-0.682721449925706,1.850418857062847,-0.4746065862374772,1.0116818445222546,0.5160336138932736,-1.1517710476252718,2.041621540077155,7.181206437024546,16.769005981462033,15.491305572772855,8.174519739827561,6.335070337730581,6.917349950803543,14.360436666977348,13.583653709241071,7.637018243076671,15.14825693321452,18.589308530843866,87.0,87.0,87.0,87.0,87.0,87.0,87.0,87.0,87.0,87.0,87.0,0.13930786450202437,0.0910249929165082,0.018300685477832816,0.1010581722432006,0.05839328010078626,0.19442754283720542,0.017589647191972917,0.012405892917784824,0.09464373894073161,0.052892783523309346,0.04487360286160813
2019-11-15,1.4065140761684536,1.5215784656191373,1.2758778005732179,0.622815486633297,-0.682721449925706,1.850418857062847,-0.4746065862374772,1.0116818445222546,0.5160336138932736,-1.1517710476252718,2.041621540077155,7.181206437024546,16.769005981462033,15.491305572772855,8.174519739827561,6.335070337730581,6.917349950803543,14.360436666977348,13.583653709241071,7.637018243076671,15.14825693321452,18.589308530843866,87.0,87.0,87.0,87.0,87.0,87.0,87.0,87.0,87.0,87.0,87.0,0.13930786450202437,0.0910249929165082,0.018300685477832816,0.1010581722432006,0.05839328010078626,0.19442754283720542,0.017589647191972917,0.012405892917784824,0.09464373894073161,0.052892783523309346,0.04487360286160813
2019-11-22,1.4065140761684536,1.5215784656191373,1.2758778005732179,0.622815486633297,-0.682721449925706,1.850418857062847,-0.4746065862374772,1.0116818445222546,0.5160336138932736,-1.1517710476252718,2.041621540077155,7.181206437024546,16.769005981462033,15.491305572772855,8.174519739827561,6.335070337730581,6.917349950803543,14.360436666977348,13.583653709241071,7.637018243076671,15.14825693321452,18.589308530843866,87.0,87.0,87.0,87.0,87.0,87.0,87.0,87.0,87.0,87.0,87.0,0.13930786450202437,0.0910249929165082,0.018300685477832816,0.1010581722432006,0.05839328010078626,0.19442754283720542,0.017589647191972917,0.012405892917784824,0.09464373894073161,0.052892783523309346,0.04487360286160813
2019-11-29,1.4065140761684536,1.5215784656191373,1.2758778005732179,0.622815486633297,-0.682721449925706,1.850418857062847,-0.4746065862374772,1.0116818445222546,0.5160336138932736,-1.1517710476252718,2.041621540077155,7.181206437024546,16.769005981462033,15.491305572772855,8.174519739827561,6.335070337730581,6.917349950803543,14.360436666977348,13.583653709241071,7.637018243076671,15.14825693321452,18.589308530843866,87.0,87.0,87.0,87.0,87.0,87.0,87.0,87.0,87.0,87.0,87.0,0.13930786450202437,0.0910249929165082,0.018300685477832816,0.1010581722432006,0.05839328010078626,0.19442754283720542,0.017589647191972917,0.012405892917784824,0.09464373894073161,0.052892783523309346,0.04487360286160813
2019-12-06,1.3743883001188189,1.902826949617067,2.7259713401722543,-0.17037512666644433,0.03648313411990456,2.006803030973177,-0.9001920761311467,0.46267350698043885,0.61457004076826,-1.3333903740300084,2.39887575401216,18.31643523734779,16.58415140861148,18.685028455513613,5.351371451621035,13.464513657014615,6.734765496884222,13.754334047907532,16.668506774444413,14.628050784781005,19.297481931289393,17.273744431526477,104.0,104.0,104.0,104.0,104.0,104.0,104.0,104.0,104.0,104.0,104.0,0.16663478759071673,0.10819585413295821,0.016767587077906397,0.06479793851435268,0.05121336116630846,0.22798030244687056,0.03408324728551934,0.010532202714695802,0.14437299983448867,0.0412738569638082,0.043867215648675656
2019-12-13,1.3743883001188189,1.902826949617067,2.7259713401722543,-0.17037512666644433,0.03648313411990456,2.006803030973177,-0.9001920761311467,0.46267350698043885,0.61457004076826,-1.3333903740300084,2.39887575401216,18.31643523734779,16.58415140861148,18.685028455513613,5.351371451621035,13.464513657014615,6.734765496884222,13.754334047907532,16.668506774444413,14.628050784781005,19.297481931289393,17.273744431526477,104.0,104.0,104.0,104.0,104.0,104.0,104.0,104.0,104.0,104.0,104.0,0.16663478759071673,0.10819585413295821,0.016767587077906397,0.06479793851435268,0.05121336116630846,0.22798030244687056,0.03408324728551934,0.010532202714695802,0.14437299983448867,0.0412738569638082,0.043867215648675656
2019-12-20,1.3743883001188189,1.902826949617067,2.7259713401722543,-0.17037512666644433,0.03648313411990456,2.006803030973177,-0.9001920761311467,0.46267350698043885,0.61457004076826,-1.3333903740300084,2.39887575401216,18.31643523734779,16.58415140861148,18.685028455513613,5.351371451621035,13.464513657014615,6.734765496884222,13.754334047907532,16.668506774444413,14.628050784781005,19.297481931289393,17.273744431526477,104.0,104.0,104.0,104.0,104.0,104.0,104.0,104.0,104.0,104.0,104.0,0.16663478759071673,0.10819585413295821,0.016767587077906397,0.06479793851435268,0.05121336116630846,0.22798030244687056,0.03408324728551934,0.010532202714695802,0.14437299983448867,0.0412738569638082,0.043867215648675656
2019-12-27,1.3743883001188189,1.902826949617067,2.7259713401722543,-0.17037512666644433,0.03648313411990456,2.006803030973177,-0.9001920761311467,0.46267350698043885,0.61457004076826,-1.3333903740300084,2.39887575401216,18.31643523734779,16.58415140861148,18.685028455513613,5.351371451621035,13.464513657014615,6.734765496884222,13.754334047907532,16.668506774444413,14.628050784781005,19.297481931289393,17.273744431526477,104.0,104.0,104.0,104.0,104.0,104.0,104.0,104.0,104.0,104.0,104.0,0.16663478759071673,0.10819585413295821,0.016767587077906397,0.06479793851435268,0.05121336116630846,0.22798030244687056,0.03408324728551934,0.010532202714695802,0.14437299983448867,0.0412738569638082,0.043867215648675656
2020-01-03,1.473127919931175,1.3947780740918874,1.617656436725965,-0.20438877798395458,-0.8115021355179147,0.8025889108976534,-0.5923143062947578,-0.2767328739980493,0.3895377477578107,-1.290408157893376,2.333705690337038,7.561553464446394,15.918896397424778,17.010852538457208,10.505357232894667,9.331183972850186,6.961659560511641,15.918037561748536,15.76147602931029,8.735691100336922,14.538475077830215,16.172769445051976,81.0,81.0,81.0,81.0,81.0,81.0,81.0,81.0,81.0,81.0,81.0,0.1731726211580476,0.12457668045143681,0.019022756691410788,0.0795173750654481,0.05598686703669514,0.1919220582644218,0.02081802513132659,0.000379607685942285,0.09119489760873872,0.03733524317930851,0.026655749803150833
2020-01-10,1.473127919931175,1.3947780740918874,1.617656436725965,-0.20438877798395458,-0.8115021355179147,0.8025889108976534,-0.5923143062947578,-0.2767328739980493,0.3895377477578107,-1.290408157893376,2.333705690337038,7.561553464446394,15.918896397424778,17.010852538457208,10.505357232894667,9.331183972850186,6.961659560511641,15.918037561748536,15.76147602931029,8.735691100336922,14.538475077830215,16.172769445051976,81.0,81.0,81.0,81.0,81.0,81.0,81.0,81.0,81.0,81.0,81.0,0.1731726211580476,0.12457668045143681,0.019022756691410788,0.0795173750654481,0.05598686703669514,0.1919220582644218,0.02081802513132659,0.000379607685942285,0.09119489760873872,0.03733524317930851,0.026655749803150833
2020-01-17,1.473127919931175,1.3947780740918874,1.617656436725965,-0.20438877798395458,-0.8115021355179147,0.8025889108976534,-0.5923143062947578,-0.2767328739980493,0.3895377477578107,-1.290408157893376,2.333705690337038,7.561553464446394,15.918896397424778,17.010852538457208,10.505357232894667,9.331183972850186,6.961659560511641,15.918037561748536,15.76147602931029,8.735691100336922,14.538475077830215,16.172769445051976,81.0,81.0,81.0,81.0,81.0,81.0,81.0,81.0,81.0,81.0,81.0,0.1731726211580476,0.12457668045143681,0.019022756691410788,0.0795173750654481,0.05598686703669514,0.1919220582644218,0.02081802513132659,0.000379607685942285,0.09119489760873872,0.03733524317930851,0.026655749803150833
2020-01-24,1.473127919931175,1.3947780740918874,1.617656436725965,-0.20438877798395458,-0.8115021355179147,0.8025889108976534,-0.5923143062947578,-0.2767328739980493,0.3895377477578107,-1.290408157893376,2.333705690337038,7.561553464446394,15.918896397424778,17.010852538457208,10.505357232894667,9.331183972850186,6.961659560511641,15.918037561748536,15.76147602931029,8.735691100336922,14.538475077830215,16.172769445051976,81.0,81.0,81.0,81.0,81.0,81.0,81.0,81.0,81.0,81.0,81.0,0.1731726211580476,0.12457668045143681,0.019022756691410788,0.0795173750654481,0.05598686703669514,0.1919220582644218,0.02081802513132659,0.000379607685942285,0.09119489760873872,0.03733524317930851,0.026655749803150833
2020-01-31,1.473127919931175,1.3947780740918874,1.617656436725965,-0.20438877798395458,-0.8115021355179147,0.8025889108976534,-0.5923143062947578,-0.2767328739980493,0.3895377477578107,-1.290408157893376,2.333705690337038,7.561553464446394,15.918896397424778,17.010852538457208,10.505357232894667,9.331183972850186,6.961659560511641,15.918037561748536,15.76147602931029,8.735691100336922,14.538475077830215,16.172769445051976,81.0,81.0,81.0,81.0,81.0,81.0,81.0,81.0,81.0,81.0,81.0,0.1731726211580476,0.12457668045143681,0.019022756691410788,0.0795173750654481,0.05598686703669514,0.1919220582644218,0.02081802513132659,0.000379607685942285,0.09119489760873872,0.03733524317930851,0.026655749803150833
2020-02-07,1.280802011898358,1.2645097383969615,2.5811250242704022,-0.07407813506220971,-0.1472717534534217,1.1427498345266465,0.17020474212782513,0.1992806159834318,0.3729326297091052,-1.1160893145908644,2.5193709886338276,8.232351409944599,12.05946075521666,11.152239815180032,9.96111279181163,9.308960534238327,7.645282606319014,14.118533880137935,11.083045816493062,13.48890623716,11.673619132481877,12.97012880872077,94.0,94.0,94.0,94.0,94.0,94.0,94.0,94.0,94.0,94.0,94.0,0.13435821874265225,0.11504065778285774,0.031857382691114065,0.09410343622059436,0.04484491098224069,0.10970995860025166,0.02406721679712909,0.010704365421453923,0.06853086020217601,0.0505069206610703,0.025930964422344802
2020-02-14,1.280802011898358,1.2645097383969615,2.5811250242704022,-0.07407813506220971,-0.1472717534534217,1.1427498345266465,0.17020474212782513,0.1992806159834318,0.3729326297091052,-1.1160893145908644,2.5193709886338276,8.232351409944599,12.05946075521666,11.152239815180032,9.96111279181163,9.308960534238327,7.645282606319014,14.118533880137935,11.083045816493062,13.48890623716,11.673619132481877,12.97012880872077,94.0,94.0,94.0,94.0,94.0,94.0,94.0,94.0,94.0,94.0,94.0,0.13435821874265225,0.11504065778285774,0.031857382691114065,0.09410343622059436,0.04484491098224069,0.10970995860025166,0.02406721679712909,0.010704365421453923,0.06853086020217601,0.0505069206610703,0.025930964422344802
2020-02-21,1.280802011898358,1.2645097383969615,2.5811250242704022,-0.07407813506220971,-0.1472717534534217,1.1427498345266465,0.17020474212782513,0.1992806159834318,0.3729326297091052,-1.1160893145908644,2.5193709886338276,8.232351409944599,12.05946075521666,11.152239815180032,9.96111279181163,9.308960534238327,7.645282606319014,14.118533880137935,11.083045816493062,13.48890623716,11.673619132481877,12.97012880872077,94.0,94.0,94.0,94.0,94.0,94.0,94.0,94.0,94.0,94.0,94.0,0.13435821874265225,0.11504065778285774,0.031857382691114065,0.09410343622059436,0.04484491098224069,0.10970995860025166,0.02406721679712909,0.010704365421453923,0.06853086020217601,0.0505069206610703,0.025930964422344802
2020-02-28,1.280802011898358,1.2645097383969615,2.5811250242704022,-0.07407813506220971,-0.1472717534534217,1.1427498345266465,0.17020474212782513,0.1992806159834318,0.3729326297091052,-1.1160893145908644,2.5193709886338276,8.232351409944599,12.05946075521666,11.152239815180032,9.96111279181163,9.308960534238327,7.645282606319014,14.118533880137935,11.083045816493062,13.48890623716,11.673619132481877,12.97012880872077,94.0,94.0,94.0,94.0,94.0,94.0,94.0,94.0,94.0,94.0,94.0,0.13435821874265225,0.11504065778285774,0.031857382691114065,0.09410343622059436,0.04484491098224069,0.10970995860025166,0.02406721679712909,0.010704365421453923,0.06853086020217601,0.0505069206610703,0.025930964422344802
2020-03-06,-0.0998926024639286,0.36962111497990735,1.2344733613374856,-0.22238293476013937,-0.9412069990719557,2.2701549750021246,0.5438387191427706,1.47902311825522,0.48978514409639357,-1.2800513008877237,2.0310479551106413,17.799476272990752,13.973859641112272,15.30253000507128,8.951784903947964,5.314281022497127,4.073729091505413,14.35266567247646,15.441516336433049,11.751099104281376,14.7230564447818,20.08510123974077,82.0,82.0,82.0,82.0,82.0,82.0,82.0,82.0,82.0,82.0,82.0,0.09271746497484039,0.10448465024575987,0.05073771028845249,0.09176415852693345,0.14509888284986674,0.11935459587390795,0.05490560665340806,0.02020779032234242,0.06555032983748289,0.040282414879155064,0.03168952933158529
2020-03-13,-0.0998926024639286,0.36962111497990735,1.2344733613374856,-0.22238293476013937,-0.9412069990719557,2.2701549750021246,0.5438387191427706,1.47902311825522,0.48978514409639357,-1.2800513008877237,2.0310479551106413,17.799476272990752,13.973859641112272,15.30253000507128,8.951784903947964,5.314281022497127,4.073729091505413,14.35266567247646,15.441516336433049,11.751099104281376,14.7230564447818,20.08510123974077,82.0,82.0,82.0,82.0,82.0,82.0,82.0,82.0,82.0,82.0,82.0,0.09271746497484039,0.10448465024575987,0.05073771028845249,0.09176415852693345,0.14509888284986674,0.11935459587390795,0.05490560665340806,0.02020779032234242,0.06555032983748289,0.040282414879155064,0.03168952933158529
2020-03-20,-0.0998926024639286,0.36962111497990735,1.2344733613374856,-0.22238293476013937,-0.9412069990719557,2.2701549750021246,0.5438387191427706,1.47902311825522,0.48978514409639357,-1.2800513008877237,2.0310479551106413,17.799476272990752,13.973859641112272,15.30253000507128,8.951784903947964,5.314281022497127,4.073729091505413,14.35266567247646,15.441516336433049,11.751099104281376,14.7230564447818,20.08510123974077,82.0,82.0,82.0,82.0,82.0,82.0,82.0,82.0,82.0,82.0,82.0,0.09271746497484039,0.10448465024575987,0.05073771028845249,0.09176415852693345,0.14509888284986674,0.11935459587390795,0.05490560665340806,0.02020779032234242,0.06555032983748289,0.040282414879155064,0.03168952933158529
2020-03-27,-0.0998926024639286,0.36962111497990735,1.2344733613374856,-0.22238293476013937,-0.9412069990719557,2.2701549750021246,0.5438387191427706,1.47902311825522,0.48978514409639357,-1.2800513008877237,2.0310479551106413,17.799476272990752,13.973859641112272,15.30253000507128,8.951784903947964,5.314281022497127,4.073729091505413,14.35266567247646,15.441516336433049,11.751099104281376,14.7230564447818,20.08510123974077,82.0,82.0,82.0,82.0,82.0,82.0,82.0,82.0,82.0,82.0,82.0,0.09271746497484039,0.10448465024575987,0.05073771028845249,0.09176415852693345,0.14509888284986674,0.11935459587390795,0.05490560665340806,0.02020779032234242,0.06555032983748289,0.040282414879155064,0.03168952933158529
2020-04-03,-1.0628422452407016,1.2690199293156583,0.10650510039533166,0.10324985625664565,-1.0013842394133525,1.4203424162282636,0.7147617369279233,-0.38769978799749977,0.2930507500700248,-1.3179771217533318,1.2944127448776195,18.217191300226105,7.923268343911235,9.658995886628729,4.375775223112993,8.480420384257483,5.392762654422215,17.050971665579265,9.917414210451376,13.122770975429374,9.288263313642013,17.764391698226138,98.0,98.0,98.0,98.0,98.0,98.0,98.0,98.0,98.0,98.0,98.0,0.07904829025846509,0.10143313357347411,0.07384063890473187,0.07890737313372104,0.06999394930069892,0.16628590045932237,0.04541409286716408,0.03375810961831969,0.09698371427491354,0.061144000062687075,0.03399594462983773
2020-04-10,-1.0628422452407016,1.2690199293156583,0.10650510039533166,0.10324985625664565,-1.0013842394133525,1.4203424162282636,0.7147617369279233,-0.38769978799749977,0.2930507500700248,-1.3179771217533318,1.2944127448776195,18.217191300226105,7.923268343911235,9.658995886628729,4.375775223112993,8.480420384257483,5.392762654422215,17.050971665579265,9.917414210451376,13.122770975429374,9.288263313642013,17.764391698226138,98.0,98.0,98.0,98.0,98.0,98.0,98.0,98.0,98.0,98.0,98.0,0.07904829025846509,0.10143313357347411,0.07384063890473187,0.07890737313372104,0.06999394930069892,0.16628590045932237,0.04541409286716408,0.03375810961831969,0.09698371427491354,0.061144000062687075,0.03399594462983773
2020-04-17,-1.0628422452407016,1.2690199293156583,0.10650510039533166,0.10324985625664565,-1.0013842394133525,1.4203424162282636,0.7147617369279233,-0.38769978799749977,0.2930507500700248,-1.3179771217533318,1.2944127448776195,18.217191300226105,7.923268343911235,9.658995886628729,4.375775223112993,8.480420384257483,5.392762654422215,17.050971665579265,9.917414210451376,13.122770975429374,9.288263313642013,17.764391698226138,98.0,98.0,98.0,98.0,98.0,98.0,98.0,98.0,98.0,98.0,98.0,0.07904829025846509,0.10143313357347411,0.07384063890473187,0.07890737313372104,0.06999394930069892,0.16628590045932237,0.04541409286716408,0.03375810961831969,0.09698371427491354,0.061144000062687075,0.03399594462983773
2020-04-24,-1.0628422452407016,1.2690199293156583,0.10650510039533166,0.10324985625664565,-1.0013842394133525,1.4203424162282636,0.7147617369279233,-0.38769978799749977,0.2930507500700248,-1.3179771217533318,1.2944127448776195,18.217191300226105,7.923268343911235,9.658995886628729,4.375775223112993,8.480420384257483,5.392762654422215,17.050971665579265,9.917414210451376,13.122770975429374,9.288263313642013,17.764391698226138,98.0,98.0,98.0,98.0,98.0,98.0,98.0,98.0,98.0,98.0,98.0,0.07904829025846509,0.10143313357347411,0.07384063890473187,0.07890737313372104,0.06999394930069892,0.16628590045932237,0.04541409286716408,0.03375810961831969,0.09698371427491354,0.061144000062687075,0.03399594462983773
2020-05-01,-1.1050826699962915,0.3302497083231479,0.8697751250314208,-0.08850661376731787,-0.5671991846140803,1.092012814700975,0.13208657544914387,-0.18995340747415368,0.3221564908167552,-1.1036364169363004,0.5517290453729595,8.78682601229282,14.67278891374823,14.736135684904497,3.296589018302828,10.965329246264169,3.795583251339239,14.605881256407867,10.713720851268908,5.688070096145948,13.700735949308603,14.102816755493643,103.0,103.0,103.0,103.0,103.0,103.0,103.0,103.0,103.0,103.0,103.0,0.07398976905909416,0.10174072410836024,0.0722566982235222,0.07988301385643613,0.0892910939608957,0.2511082915984284,0.051560337821109276,0.08856931804521352,0.12710406724696716,0.15921775228379698,0.04115570402200979
2020-05-08,-1.1050826699962915,0.3302497083231479,0.8697751250314208,-0.08850661376731787,-0.5671991846140803,1.092012814700975,0.13208657544914387,-0.18995340747415368,0.3221564908167552,-1.1036364169363004,0.5517290453729595,8.78682601229282,14.67278891374823,14.736135684904497,3.296589018302828,10.965329246264169,3.795583251339239,14.605881256407867,10.713720851268908,5.688070096145948,13.700735949308603,14.102816755493643,103.0,103.0,103.0,103.0,103.0,103.0,103.0,103.0,103.0,103.0,103.0,0.07398976905909416,0.10174072410836024,0.0722566982235222,0.07988301385643613,0.0892910939608957,0.2511082915984284,0.051560337821109276,0.08856931804521352,0.12710406724696716,0.15921775228379698,0.04115570402200979
2020-05-15,-1.1050826699962915,0.3302497083231479,0.8697751250314208,-0.08850661376731787,-0.5671991846140803,1.092012814700975,0.13208657544914387,-0.18995340747415368,0.3221564908167552,-1.1036364169363004,0.5517290453729595,8.78682601229282,14.67278891374823,14.736135684904497,3.296589018302828,10.965329246264169,3.795583251339239,14.605881256407867,10.713720851268908,5.688070096145948,13.700735949308603,14.102816755493643,103.0,103.0,103.0,103.0,103.0,103.0,103.0,103.0,103.0,103.0,103.0,0.07398976905909416,0.10174072410836024,0.0722566982235222,0.07988301385643613,0.0892910939608957,0.2511082915984284,0.051560337821109276,0.08856931804521352,0.12710406724696716,0.15921775228379698,0.04115570402200979
2020-05-22,-1.1050826699962915,0.3302497083231479,0.8697751250314208,-0.08850661376731787,-0.5671991846140803,1.092012814700975,0.13208657544914387,-0.18995340747415368,0.3221564908167552,-1.1036364169363004,0.5517290453729595,8.78682601229282,14.67278891374823,14.736135684904497,3.296589018302828,10.965329246264169,3.795583251339239,14.605881256407867,10.713720851268908,5.688070096145948,13.700735949308603,14.102816755493643,103.0,103.0,103.0,103.0,103.0,103.0,103.0,103.0,103.0,103.0,103.0,0.07398976905909416,0.10174072410836024,0.0722566982235222,0.07988301385643613,0.0892910939608957,0.2511082915984284,0.051560337821109276,0.08856931804521352,0.12710406724696716,0.15921775228379698,0.04115570402200979
2020-05-29,-1.1050826699962915,0.3302497083231479,0.8697751250314208,-0.08850661376731787,-0.5671991846140803,1.092012814700975,0.13208657544914387,-0.18995340747415368,0.3221564908167552,-1.1036364169363004,0.5517290453729595,8.78682601229282,14.67278891374823,14.736135684904497,3.296589018302828,10.965329246264169,3.795583251339239,14.605881256407867,10.713720851268908,5.688070096145948,13.700735949308603,14.102816755493643,103.0,103.0,103.0,103.0,103.0,103.0,103.0,103.0,103.0,103.0,103.0,0.07398976905909416,0.10174072410836024,0.0722566982235222,0.07988301385643613,0.0892910939608957,0.2511082915984284,0.051560337821109276,0.08856931804521352,0.12710406724696716,0.15921775228379698,0.04115570402200979
2020-06-05,-1.0353327654503388,-0.4723180816303467,0.9114271215024995,-0.2547736175013057,-0.08664449957328405,-0.603684359272444,2.272866396698996,-0.11037781623240034,0.06561077998144128,-1.0075991177265908,1.1145560840250246,4.4668707699719485,13.527498744349572,17.900377528596383,1.2573488630061012,9.673950407794626,2.8676615283699576,6.974438437878646,19.36103352720184,4.241196893746405,19.74873216505506,17.188689236011193,94.0,94.0,94.0,94.0,94.0,94.0,94.0,94.0,94.0,94.0,94.0,0.08783852826230978,0.13145917951158823,0.0591099735695575,0.08960060281361715,0.12580356391172157,0.11018286880278301,0.07075741905849245,0.06355407139365506,0.11324659282491506,0.12354227353538684,0.057016439822091945
2020-06-12,-1.0353327654503388,-0.4723180816303467,0.9114271215024995,-0.2547736175013057,-0.08664449957328405,-0.603684359272444,2.272866396698996,-0.11037781623240034,0.06561077998144128,-1.0075991177265908,1.1145560840250246,4.4668707699719485,13.527498744349572,17.900377528596383,1.2573488630061012,9.673950407794626,2.8676615283699576,6.974438437878646,19.36103352720184,4.241196893746405,19.74873216505506,17.188689236011193,94.0,94.0,94.0,94.0,94.0,94.0,94.0,94.0,94.0,94.0,94.0,0.08783852826230978,0.13145917951158823,0.0591099735695575,0.08960060281361715,0.12580356391172157,0.11018286880278301,0.07075741905849245,0.06355407139365506,0.11324659282491506,0.12354227353538684,0.057016439822091945
2020-06-19,-1.0353327654503388,-0.4723180816303467,0.9114271215024995,-0.2547736175013057,-0.08664449957328405,-0.603684359272444,2.272866396698996,-0.11037781623240034,0.06561077998144128,-1.0075991177265908,1.1145560840250246,4.4668707699719485,13.527498744349572,17.900377528596383,1.2573488630061012,9.673950407794626,2.8676615283699576,6.974438437878646,19.36103352720184,4.241196893746405,19.74873216505506,17.188689236011193,94.0,94.0,94.0,94.0,94.0,94.0,94.0,94.0,94.0,94.0,94.0,0.08783852826230978,0.13145917951158823,0.0591099735695575,0.08960060281361715,0.12580356391172157,0.11018286880278301,0.07075741905849245,0.06355407139365506,0.11324659282491506,0.12354227353538684,0.057016439822091945
2020-06-26,-1.0353327654503388,-0.4723180816303467,0.9114271215024995,-0.2547736175013057,-0.08664449957328405,-0.603684359272444,2.272866396698996,-0.11037781623240034,0.06561077998144128,-1.0075991177265908,1.1145560840250246,4.4668707699719485,13.527498744349572,17.900377528596383,1.2573488630061012,9.673950407794626,2.8676615283699576,6.974438437878646,19.36103352720184,4.241196893746405,19.74873216505506,17.188689236011193,94.0,94.0,94.0,94.0,94.0,94.0,94.0,94.0,94.0,94.0,94.0,0.08783852826230978,0.13145917951158823,0.0591099735695575,0.08960060281361715,0.12580356391172157,0.11018286880278301,0.07075741905849245,0.06355407139365506,0.11324659282491506,0.12354227353538684,0.057016439822091945
2020-07-03,-1.0498885247520433,0.246589021071783,-0.6705143198640399,-0.48227496664063346,-0.24695467654536193,-1.33737213722295,-1.1810339066296733,-0.9634128143243913,-0.014749560449357322,-1.0603570204003876,0.7591485272495253,10.216600747515404,8.207832975663209,9.902349692905846,3.600867241466242,13.65458426843286,1.289974855143763,3.4791103551123115,12.41598484101688,3.772516229764156,11.172689570201204,8.317244713547362,87.0,87.0,87.0,87.0,87.0,87.0,87.0,87.0,87.0,87.0,87.0,0.12202793438029456,0.15406135203497612,0.047228380451737335,0.10811727109962913,0.1670907645098638,0.10763230208880849,0.13728656021767152,0.030880398246132413,0.2025806808893339,0.15181065128676324,0.055808024713292916
2020-07-10,-1.0498885247520433,0.246589021071783,-0.6705143198640399,-0.48227496664063346,-0.24695467654536193,-1.33737213722295,-1.1810339066296733,-0.9634128143243913,-0.014749560449357322,-1.0603570204003876,0.7591485272495253,10.216600747515404,8.207832975663209,9.902349692905846,3.600867241466242,13.65458426843286,1.289974855143763,3.4791103551123115,12.41598484101688,3.772516229764156,11.172689570201204,8.317244713547362,87.0,87.0,87.0,87.0,87.0,87.0,87.0,87.0,87.0,87.0,87.0,0.12202793438029456,0.15406135203497612,0.047228380451737335,0.10811727109962913,0.1670907645098638,0.10763230208880849,0.13728656021767152,0.030880398246132413,0.2025806808893339,0.15181065128676324,0.055808024713292916
2020-07-17,-1.0498885247520433,0.246589021071783,-0.6705143198640399,-0.48227496664063346,-0.24695467654536193,-1.33737213722295,-1.1810339066296733,-0.9634128143243913,-0.014749560449357322,-1.0603570204003876,0.7591485272495253,10.216600747515404,8.207832975663209,9.902349692905846,3.600867241466242,13.65458426843286,1.289974855143763,3.4791103551123115,12.41598484101688,3.772516229764156,11.172689570201204,8.317244713547362,87.0,87.0,87.0,87.0,87.0,87.0,87.0,87.0,87.0,87.0,87.0,0.12202793438029456,0.15406135203497612,0.047228380451737335,0.10811727109962913,0.1670907645098638,0.10763230208880849,0.13728656021767152,0.030880398246132413,0.2025806808893339,0.15181065128676324,0.055808024713292916
2020-07-24,-1.0498885247520433,0.246589021071783,-0.6705143198640399,-0.48227496664063346,-0.24695467654536193,-1.33737213722295,-1.1810339066296733,-0.9634128143243913,-0.014749560449357322,-1.0603570204003876,0.7591485272495253,10.216600747515404,8.207832975663209,9.902349692905846,3.600867241466242,13.65458426843286,1.289974855143763,3.4791103551123115,12.41598484101688,3.772516229764156,11.172689570201204,8.317244713547362,87.0,87.0,87.0,87.0,87.0,87.0,87.0,87.0,87.0,87.0,87.0,0.12202793438029456,0.15406135203497612,0.047228380451737335,0.10811727109962913,0.1670907645098638,0.10763230208880849,0.13728656021767152,0.030880398246132413,0.2025806808893339,0.15181065128676324,0.055808024713292916
2020-07-31,-1.0498885247520433,0.246589021071783,-0.6705143198640399,-0.48227496664063346,-0.24695467654536193,-1.33737213722295,-1.1810339066296733,-0.9634128143243913,-0.014749560449357322,-1.0603570204003876,0.7591485272495253,10.216600747515404,8.207832975663209,9.902349692905846,3.600867241466242,13.65458426843286,1.289974855143763,3.4791103551123115,12.41598484101688,3.772516229764156,11.172689570201204,8.317244713547362,87.0,87.0,87.0,87.0,87.0,87.0,87.0,87.0,87.0,87.0,87.0,0.12202793438029456,0.15406135203497612,0.047228380451737335,0.10811727109962913,0.1670907645098638,0.10763230208880849,0.13728656021767152,0.030880398246132413,0.2025806808893339,0.15181065128676324,0.055808024713292916
2020-08-07,-0.7943572777359412,-2.421713882484186,0.4546905284993133,-0.3470519020830009,0.13372148496801328,2.111048109699392,0.6473771799037322,-0.5467957321021321,0.12471594451104552,-0.9890790644018478,0.7838884119395162,10.560147016543242,10.640644262819054,14.700388798106715,3.5977537437604,12.404422792708964,12.865660872417184,1.08157796625967,15.489194843317016,6.954248500287619,16.983168872314447,15.43888204620538,111.0,111.0,111.0,111.0,111.0,111.0,111.0,111.0,111.0,111.0,111.0,0.1367931894930805,0.1042405484200344,0.0908363307826659,0.08885805415125125,0.1337814511102354,0.11005556111503802,0.01053973334232725,0.03493882596999321,0.2025806808893339,0.06646306523609831,0.05968051966212455
2020-08-14,-0.7943572777359412,-2.421713882484186,0.4546905284993133,-0.3470519020830009,0.13372148496801328,2.111048109699392,0.6473771799037322,-0.5467957321021321,0.12471594451104552,-0.9890790644018478,0.7838884119395162,10.560147016543242,10.640644262819054,14.700388798106715,3.5977537437604,12.404422792708964,12.865660872417184,1.08157796625967,15.489194843317016,6.954248500287619,16.983168872314447,15.43888204620538,111.0,111.0,111.0,111.0,111.0,111.0,111.0,111.0,111.0,111.0,111.0,0.1367931894930805,0.1042405484200344,0.0908363307826659,0.08885805415125125,0.1337814511102354,0.11005556111503802,0.01053973334232725,0.03493882596999321,0.2025806808893339,0.06646306523609831,0.05968051966212455
2020-08-21,-0.7943572777359412,-2.421713882484186,0.4546905284993133,-0.3470519020830009,0.13372148496801328,2.111048109699392,0.6473771799037322,-0.5467957321021321,0.12471594451104552,-0.9890790644018478,0.7838884119395162,10.560147016543242,10.640644262819054,14.700388798106715,3.5977537437604,12.404422792708964,12.865660872417184,1.08157796625967,15.489194843317016,6.954248500287619,16.983168872314447,15.43888204620538,111.0,111.0,111.0,111.0,111.0,111.0,111.0,111.0,111.0,111.0,111.0,0.1367931894930805,0.1042405484200344,0.0908363307826659,0.08885805415125125,0.1337814511102354,0.11005556111503802,0.01053973334232725,0.03493882596999321,0.2025806808893339,0.06646306523609831,0.05968051966212455
2020-08-28,-0.7943572777359412,-2.421713882484186,0.4546905284993133,-0.3470519020830009,0.13372148496801328,2.111048109699392,0.6473771799037322,-0.5467957321021321,0.12471594451104552,-0.9890790644018478,0.7838884119395162,10.560147016543242,10.640644262819054,14.700388798106715,3.5977537437604,12.404422792708964,12.865660872417184,1.08157796625967,15.489194843317016,6.954248500287619,16.983168872314447,15.43888204620538,111.0,111.0,111.0,111.0,111.0,111.0,111.0,111.0,111.0,111.0,111.0,0.1367931894930805,0.1042405484200344,0.0908363307826659,0.08885805415125125,0.1337814511102354,0.11005556111503802,0.01053973334232725,0.03493882596999321,0.2025806808893339,0.06646306523609831,0.05968051966212455
2020-09-04,-0.8302937468287885,1.1574442255175752,-0.31742523972056,-2.137996020515648,-1.3992891540789507,-1.3000157690812664,-1.2025495869301845,-0.9405698535889592,-0.3085409510334074,-0.7881712774488707,0.12262340095939177,18.414847738416228,15.574676955390162,14.0,0.0,8.03516339153758,1.2078386356182362,2.1419983223040355,15.0,4.980719451064181,13.952311804890924,14.213932982629812,89.0,89.0,89.0,89.0,89.0,89.0,89.0,89.0,89.0,89.0,89.0,0.11256258154635723,0.06599302177576065,0.02526339992570221,0.08958328648587548,0.10596668364917164,0.17822543260979434,0.03342769047015124,0.030174272416740328,0.2025806808893339,0.04169314297321713,0.04796465190390665
2020-09-11,-0.8302937468287885,1.1574442255175752,-0.31742523972056,-2.137996020515648,-1.3992891540789507,-1.3000157690812664,-1.2025495869301845,-0.9405698535889592,-0.3085409510334074,-0.7881712774488707,0.12262340095939177,18.414847738416228,15.574676955390162,14.0,0.0,8.03516339153758,1.2078386356182362,2.1419983223040355,15.0,4.980719451064181,13.952311804890924,14.213932982629812,89.0,89.0,89.0,89.0,89.0,89.0,89.0,89.0,89.0,89.0,89.0,0.11256258154635723,0.06599302177576065,0.02526339992570221,0.08958328648587548,0.10596668364917164,0.17822543260979434,0.03342769047015124,0.030174272416740328,0.2025806808893339,0.04169314297321713,0.04796465190390665
2020-09-18,-0.8302937468287885,1.1574442255175752,-0.31742523972056,-2.137996020515648,-1.3992891540789507,-1.3000157690812664,-1.2025495869301845,-0.9405698535889592,-0.3085409510334074,-0.7881712774488707,0.12262340095939177,18.414847738416228,15.574676955390162,14.0,0.0,8.03516339153758,1.2078386356182362,2.1419983223040355,15.0,4.980719451064181,13.952311804890924,14.213932982629812,89.0,89.0,89.0,89.0,89.0,89.0,89.0,89.0,89.0,89.0,89.0,0.11256258154635723,0.06599302177576065,0.02526339992570221,0.08958328648587548,0.10596668364917164,0.17822543260979434,0.03342769047015124,0.030174272416740328,0.2025806808893339,0.04169314297321713,0.04796465190390665
2020-09-25,-0.8302937468287885,1.1574442255175752,-0.31742523972056,-2.137996020515648,-1.3992891540789507,-1.3000157690812664,-1.2025495869301845,-0.9405698535889592,-0.3085409510334074,-0.7881712774488707,0.12262340095939177,18.414847738416228,15.574676955390162,14.0,0.0,8.03516339153758,1.2078386356182362,2.1419983223040355,15.0,4.980719451064181,13.952311804890924,14.213932982629812,89.0,89.0,89.0,89.0,89.0,89.0,89.0,89.0,89.0,89.0,89.0,0.11256258154635723,0.06599302177576065,0.02526339992570221,0.08958328648587548,0.10596668364917164,0.17822543260979434,0.03342769047015124,0.030174272416740328,0.2025806808893339,0.04169314297321713,0.04796465190390665
2020-10-02,-0.4110901561585532,1.9349696669844785,-0.09564731624981189,-1.9588773818003815,0.549314125066723,3.041377015283405,0.2917516186034004,-0.11072593999244396,0.4816453172367341,-0.5483100407649473,1.074525412881275,10.110347882169192,15.0,15.977156702541274,0.124249987394746,12.773725983907166,6.575522029080574,8.507654487836705,16.0,12.027087270934343,15.882182106201116,14.267919837003436,101.0,101.0,101.0,101.0,101.0,101.0,101.0,101.0,101.0,101.0,101.0,0.1843134324298909,0.05149510136409823,0.015376285673855634,0.07976296522969234,0.10236903409014672,0.23840254547969114,0.016902600382338616,0.015912566660465963,0.08039447324841455,0.030770116909721534,0.03290293519267981
2020-10-09,-0.4110901561585532,1.9349696669844785,-0.09564731624981189,-1.9588773818003815,0.549314125066723,3.041377015283405,0.2917516186034004,-0.11072593999244396,0.4816453172367341,-0.5483100407649473,1.074525412881275,10.110347882169192,15.0,15.977156702541274,0.124249987394746,12.773725983907166,6.575522029080574,8.507654487836705,16.0,12.027087270934343,15.882182106201116,14.267919837003436,101.0,101.0,101.0,101.0,101.0,101.0,101.0,101.0,101.0,101.0,101.0,0.1843134324298909,0.05149510136409823,0.015376285673855634,0.07976296522969234,0.10236903409014672,0.23840254547969114,0.016902600382338616,0.015912566660465963,0.08039447324841455,0.030770116909721534,0.03290293519267981
2020-10-16,-0.4110901561585532,1.9349696669844785,-0.09564731624981189,-1.9588773818003815,0.549314125066723,3.041377015283405,0.2917516186034004,-0.11072593999244396,0.4816453172367341,-0.5483100407649473,1.074525412881275,10.110347882169192,15.0,15.977156702541274,0.124249987394746,12.773725983907166,6.575522029080574,8.507654487836705,16.0,12.027087270934343,15.882182106201116,14.267919837003436,101.0,101.0,101.0,101.0,101.0,101.0,101.0,101.0,101.0,101.0,101.0,0.1843134324298909,0.05149510136409823,0.015376285673855634,0.07976296522969234,0.10236903409014672,0.23840254547969114,0.016902600382338616,0.015912566660465963,0.08039447324841455,0.030770116909721534,0.03290293519267981
2020-10-23,-0.4110901561585532,1.9349696669844785,-0.09564731624981189,-1.9588773818003815,0.549314125066723,3.041377015283405,0.2917516186034004,-0.11072593999244396,0.4816453172367341,-0.5483100407649473,1.074525412881275,10.110347882169192,15.0,15.977156702541274,0.124249987394746,12.773725983907166,6.575522029080574,8.507654487836705,16.0,12.027087270934343,15.882182106201116,14.267919837003436,101.0,101.0,101.0,101.0,101.0,101.0,101.0,101.0,101.0,101.0,101.0,0.1843134324298909,0.05149510136409823,0.015376285673855634,0.07976296522969234,0.10236903409014672,0.23840254547969114,0.016902600382338616,0.015912566660465963,0.08039447324841455,0.030770116909721534,0.03290293519267981
2020-10-30,-0.4110901561585532,1.9349696669844785,-0.09564731624981189,-1.9588773818003815,0.549314125066723,3.041377015283405,0.2917516186034004,-0.11072593999244396,0.4816453172367341,-0.5483100407649473,1.074525412881275,10.110347882169192,15.0,15.977156702541274,0.124249987394746,12.773725983907166,6.575522029080574,8.507654487836705,16.0,12.027087270934343,15.882182106201116,14.267919837003436,101.0,101.0,101.0,101.0,101.0,101.0,101.0,101.0,101.0,101.0,101.0,0.1843134324298909,0.05149510136409823,0.015376285673855634,0.07976296522969234,0.10236903409014672,0.23840254547969114,0.016902600382338616,0.015912566660465963,0.08039447324841455,0.030770116909721534,0.03290293519267981
2020-11-06,0.5278639467398669,1.2193042738609052,-0.23044183014663228,-0.35428033665582315,-0.4342977753963823,1.4945144075448773,-0.3799911967343656,-0.35564614729392935,0.3251813614339793,0.6113777394781609,0.7656303303532382,9.464741672041214,14.916853111730056,14.28337183749366,1.1849821005395047,15.838819858777166,9.93140920520389,11.60169866716376,7.900984676721545,10.942548689292472,7.761680032562181,14.85185270452269,92.0,92.0,92.0,92.0,92.0,92.0,92.0,92.0,92.0,92.0,92.0,0.10908795693931277,0.0927421337280612,0.015493656898751372,0.06746302413320752,0.05904101587441561,0.25216469541810516,0.03227569925750601,0.016877049288903517,0.069360277904086,0.03377546524321144,0.04089405779386202
2020-11-13,0.5278639467398669,1.2193042738609052,-0.23044183014663228,-0.35428033665582315,-0.4342977753963823,1.4945144075448773,-0.3799911967343656,-0.35564614729392935,0.3251813614339793,0.6113777394781609,0.7656303303532382,9.464741672041214,14.916853111730056,14.28337183749366,1.1849821005395047,15.838819858777166,9.93140920520389,11.60169866716376,7.900984676721545,10.942548689292472,7.761680032562181,14.85185270452269,92.0,92.0,92.0,92.0,92.0,92.0,92.0,92.0,92.0,92.0,92.0,0.10908795693931277,0.0927421337280612,0.015493656898751372,0.06746302413320752,0.05904101587441561,0.25216469541810516,0.03227569925750601,0.016877049288903517,0.069360277904086,0.03377546524321144,0.04089405779386202
2020-11-20,0.5278639467398669,1.2193042738609052,-0.23044183014663228,-0.35428033665582315,-0.4342977753963823,1.4945144075448773,-0.3799911967343656,-0.35564614729392935,0.3251813614339793,0.6113777394781609,0.7656303303532382,9.464741672041214,14.916853111730056,14.28337183749366,1.1849821005395047,15.838819858777166,9.93140920520389,11.60169866716376,7.900984676721545,10.942548689292472,7.761680032562181,14.85185270452269,92.0,92.0,92.0,92.0,92.0,92.0,92.0,92.0,92.0,92.0,92.0,0.10908795693931277,0.0927421337280612,0.015493656898751372,0.06746302413320752,0.05904101587441561,0.25216469541810516,0.03227569925750601,0.016877049288903517,0.069360277904086,0.03377546524321144,0.04089405779386202
2020-11-27,0.5278639467398669,1.2193042738609052,-0.23044183014663228,-0.35428033665582315,-0.4342977753963823,1.4945144075448773,-0.3799911967343656,-0.35564614729392935,0.3251813614339793,0.6113777394781609,0.7656303303532382,9.464741672041214,14.916853111730056,14.28337183749366,1.1849821005395047,15.838819858777166,9.93140920520389,11.60169866716376,7.900984676721545,10.942548689292472,7.761680032562181,14.85185270452269,92.0,92.0,92.0,92.0,92.0,92.0,92.0,92.0,92.0,92.0,92.0,0.10908795693931277,0.0927421337280612,0.015493656898751372,0.06746302413320752,0.05904101587441561,0.25216469541810516,0.03227569925750601,0.016877049288903517,0.069360277904086,0.03377546524321144,0.04089405779386202
2020-12-04,0.7687689022709886,1.859803746746282,-0.10212714789579215,-1.2151061667002163,-1.1257655467997603,3.3985744936156372,0.15972055831275794,-1.002805403062462,0.5460275806522268,0.8941000754964687,1.0594904743973816,7.638760460941934,11.848191863385235,14.077692004282412,0.6988604850501687,10.028868575182004,3.017623264458294,14.705284742287256,13.11473291054667,6.92316542033035,10.562599694179507,13.115214163203758,90.0,90.0,90.0,90.0,90.0,90.0,90.0,90.0,90.0,90.0,90.0,0.13386794403222477,0.0903112401983514,0.024468050906691442,0.07581641757149613,0.04970160241552672,0.18945858145146796,0.0285745679397708,0.010828954893891225,0.0719030798325084,0.043407306749597155,0.06031265072535466
2020-12-11,0.7687689022709886,1.859803746746282,-0.10212714789579215,-1.2151061667002163,-1.1257655467997603,3.3985744936156372,0.15972055831275794,-1.002805403062462,0.5460275806522268,0.8941000754964687,1.0594904743973816,7.638760460941934,11.848191863385235,14.077692004282412,0.6988604850501687,10.028868575182004,3.017623264458294,14.705284742287256,13.11473291054667,6.92316542033035,10.562599694179507,13.115214163203758,90.0,90.0,90.0,90.0,90.0,90.0,90.0,90.0,90.0,90.0,90.0,0.13386794403222477,0.0903112401983514,0.024468050906691442,0.07581641757149613,0.04970160241552672,0.18945858145146796,0.0285745679397708,0.010828954893891225,0.0719030798325084,0.043407306749597155,0.06031265072535466
2020-12-18,0.7687689022709886,1.859803746746282,-0.10212714789579215,-1.2151061667002163,-1.1257655467997603,3.3985744936156372,0.15972055831275794,-1.002805403062462,0.5460275806522268,0.8941000754964687,1.0594904743973816,7.638760460941934,11.848191863385235,14.077692004282412,0.6988604850501687,10.028868575182004,3.017623264458294,14.705284742287256,13.11473291054667,6.92316542033035,10.562599694179507,13.115214163203758,90.0,90.0,90.0,90.0,90.0,90.0,90.0,90.0,90.0,90.0,90.0,0.13386794403222477,0.0903112401983514,0.024468050906691442,0.07581641757149613,0.04970160241552672,0.18945858145146796,0.0285745679397708,0.010828954893891225,0.0719030798325084,0.043407306749597155,0.06031265072535466
2020-12-25,0.7687689022709886,1.859803746746282,-0.10212714789579215,-1.2151061667002163,-1.1257655467997603,3.3985744936156372,0.15972055831275794,-1.002805403062462,0.5460275806522268,0.8941000754964687,1.0594904743973816,7.638760460941934,11.848191863385235,14.077692004282412,0.6988604850501687,10.028868575182004,3.017623264458294,14.705284742287256,13.11473291054667,6.92316542033035,10.562599694179507,13.115214163203758,90.0,90.0,90.0,90.0,90.0,90.0,90.0,90.0,90.0,90.0,90.0,0.13386794403222477,0.0903112401983514,0.024468050906691442,0.07581641757149613,0.04970160241552672,0.18945858145146796,0.0285745679397708,0.010828954893891225,0.0719030798325084,0.043407306749597155,0.06031265072535466
2021-01-01,0.1437143169735395,2.507038217941029,-0.16697262113386727,-1.7619237663902763,1.4864834798045345,2.553480913006942,-0.036206792177485035,-0.776843267802004,0.7060469409502497,0.9351225181203425,1.5466996059902285,5.048394240556985,15.991267522030958,14.442463514960275,0.0731987092220037,8.941124308938642,9.260752159177873,15.948713766427444,10.782505832484476,9.13355657819049,12.094045301035166,15.926904792052763,102.0,102.0,102.0,102.0,102.0,102.0,102.0,102.0,102.0,102.0,102.0,0.15064597788455678,0.06050004165989534,0.030668786921536594,0.09222635659457737,0.053079555974104894,0.11576446379133513,0.02679303969014362,0.020719453453529862,0.06548693335302123,0.03925842786521336,0.08176343921420381
2021-01-08,0.1437143169735395,2.507038217941029,-0.16697262113386727,-1.7619237663902763,1.4864834798045345,2.553480913006942,-0.036206792177485035,-0.776843267802004,0.7060469409502497,0.9351225181203425,1.5466996059902285,5.048394240556985,15.991267522030958,14.442463514960275,0.0731987092220037,8.941124308938642,9.260752159177873,15.948713766427444,10.782505832484476,9.13355657819049,12.094045301035166,15.926904792052763,102.0,102.0,102.0,102.0,102.0,102.0,102.0,102.0,102.0,102.0,102.0,0.15064597788455678,0.06050004165989534,0.030668786921536594,0.09222635659457737,0.053079555974104894,0.11576446379133513,0.02679303969014362,0.020719453453529862,0.06548693335302123,0.03925842786521336,0.08176343921420381
2021-01-15,0.1437143169735395,2.507038217941029,-0.16697262113386727,-1.7619237663902763,1.4864834798045345,2.553480913006942,-0.036206792177485035,-0.776843267802004,0.7060469409502497,0.9351225181203425,1.5466996059902285,5.048394240556985,15.991267522030958,14.442463514960275,0.0731987092220037,8.941124308938642,9.260752159177873,15.948713766427444,10.782505832484476,9.13355657819049,12.094045301035166,15.926904792052763,102.0,102.0,102.0,102.0,102.0,102.0,102.0,102.0,102.0,102.0,102.0,0.15064597788455678,0.06050004165989534,0.030668786921536594,0.09222635659457737,0.053079555974104894,0.11576446379133513,0.02679303969014362,0.020719453453529862,0.06548693335302123,0.03925842786521336,0.08176343921420381
2021-01-22,0.1437143169735395,2.507038217941029,-0.16697262113386727,-1.7619237663902763,1.4864834798045345,2.553480913006942,-0.036206792177485035,-0.776843267802004,0.7060469409502497,0.9351225181203425,1.5466996059902285,5.048394240556985,15.991267522030958,14.442463514960275,0.0731987092220037,8.941124308938642,9.260752159177873,15.948713766427444,10.782505832484476,9.13355657819049,12.094045301035166,15.926904792052763,102.0,102.0,102.0,102.0,102.0,102.0,102.0,102.0,102.0,102.0,102.0,0.15064597788455678,0.06050004165989534,0.030668786921536594,0.09222635659457737,0.053079555974104894,0.11576446379133513,0.02679303969014362,0.020719453453529862,0.06548693335302123,0.03925842786521336,0.08176343921420381
2021-01-29,0.1437143169735395,2.507038217941029,-0.16697262113386727,-1.7619237663902763,1.4864834798045345,2.553480913006942,-0.036206792177485035,-0.776843267802004,0.7060469409502497,0.9351225181203425,1.5466996059902285,5.048394240556985,15.991267522030958,14.442463514960275,0.0731987092220037,8.941124308938642,9.260752159177873,15.948713766427444,10.782505832484476,9.13355657819049,12.094045301035166,15.926904792052763,102.0,102.0,102.0,102.0,102.0,102.0,102.0,102.0,102.0,102.0,102.0,0.15064597788455678,0.06050004165989534,0.030668786921536594,0.09222635659457737,0.053079555974104894,0.11576446379133513,0.02679303969014362,0.020719453453529862,0.06548693335302123,0.03925842786521336,0.08176343921420381
2021-02-05,0.41900487149872667,1.4139602186105127,-0.5260658929471912,-0.006771310501750111,-0.4247454577195124,0.785311324088779,0.38650218559510385,-0.5897578536061965,0.5607992893347367,0.7652802872777875,1.4443821150933105,8.57216787237845,12.747979544313043,14.867233898687102,7.176259264861592,7.951141277574033,7.906493932436865,14.918270575076894,13.802210319937794,12.637583203221311,13.60930882369119,13.20000460442254,84.0,84.0,84.0,84.0,84.0,84.0,84.0,84.0,84.0,84.0,84.0,0.1040748236878409,0.07153927646473662,0.030595238539596323,0.16541790005672158,0.040450274183470636,0.09566354646226136,0.022789617955437644,0.004606687199648456,0.06001651370745024,0.03349580838766546,0.03272457024529493
2021-02-12,0.41900487149872667,1.4139602186105127,-0.5260658929471912,-0.006771310501750111,-0.4247454577195124,0.785311324088779,0.38650218559510385,-0.5897578536061965,0.5607992893347367,0.7652802872777875,1.4443821150933105,8.57216787237845,12.747979544313043,14.867233898687102,7.176259264861592,7.951141277574033,7.906493932436865,14.918270575076894,13.802210319937794,12.637583203221311,13.60930882369119,13.20000460442254,84.0,84.0,84.0,84.0,84.0,84.0,84.0,84.0,84.0,84.0,84.0,0.1040748236878409,0.07153927646473662,0.030595238539596323,0.16541790005672158,0.040450274183470636,0.09566354646226136,0.022789617955437644,0.004606687199648456,0.06001651370745024,0.03349580838766546,0.03272457024529493
2021-02-19,0.41900487149872667,1.4139602186105127,-0.5260658929471912,-0.006771310501750111,-0.4247454577195124,0.785311324088779,0.38650218559510385,-0.5897578536061965,0.5607992893347367,0.7652802872777875,1.4443821150933105,8.57216787237845,12.747979544313043,14.867233898687102,7.176259264861592,7.951141277574033,7.906493932436865,14.918270575076894,13.802210319937794,12.637583203221311,13.60930882369119,13.20000460442254,84.0,84.0,84.0,84.0,84.0,84.0,84.0,84.0,84.0,84.0,84.0,0.1040748236878409,0.07153927646473662,0.030595238539596323,0.16541790005672158,0.040450274183470636,0.09566354646226136,0.022789617955437644,0.004606687199648456,0.06001651370745024,0.03349580838766546,0.03272457024529493
2021-02-26,0.41900487149872667,1.4139602186105127,-0.5260658929471912,-0.006771310501750111,-0.4247454577195124,0.785311324088779,0.38650218559510385,-0.5897578536061965,0.5607992893347367,0.7652802872777875,1.4443821150933105,8.57216787237845,12.747979544313043,14.867233898687102,7.176259264861592,7.951141277574033,7.906493932436865,14.918270575076894,13.802210319937794,12.637583203221311,13.60930882369119,13.20000460442254,84.0,84.0,84.0,84.0,84.0,84.0,84.0,84.0,84.0,84.0,84.0,0.1040748236878409,0.07153927646473662,0.030595238539596323,0.16541790005672158,0.040450274183470636,0.09566354646226136,0.022789617955437644,0.004606687199648456,0.06001651370745024,0.03349580838766546,0.03272457024529493
2021-03-05,-0.2757838767427606,1.1776263627101413,-0.4824704228722924,-0.40857861364750564,2.8074121630976663,1.399349283746934,0.5603223972972092,-0.985190877839321,0.4184705362019661,1.710150607399622,1.1081682021223562,7.001639560815278,16.442365645404315,10.865149039274243,2.592509958150557,12.19261043297389,3.760784956816444,16.35272392580855,14.986199191666945,9.091266743364292,12.666336644555184,18.36335800536414,92.0,92.0,92.0,92.0,92.0,92.0,92.0,92.0,92.0,92.0,92.0,0.12036577230114096,0.11674747174651684,0.0864733781418498,0.10607336810936013,0.05570041169731587,0.23057509068347548,0.048584258034902676,0.07791920471923232,0.08837362360216272,0.043934636383067945,0.057850484470574746
2021-03-12,-0.2757838767427606,1.1776263627101413,-0.4824704228722924,-0.40857861364750564,2.8074121630976663,1.399349283746934,0.5603223972972092,-0.985190877839321,0.4184705362019661,1.710150607399622,1.1081682021223562,7.001639560815278,16.442365645404315,10.865149039274243,2.592509958150557,12.19261043297389,3.760784956816444,16.35272392580855,14.986199191666945,9.091266743364292,12.666336644555184,18.36335800536414,92.0,92.0,92.0,92.0,92.0,92.0,92.0,92.0,92.0,92.0,92.0,0.12036577230114096,0.11674747174651684,0.0864733781418498,0.10607336810936013,0.05570041169731587,0.23057509068347548,0.048584258034902676,0.07791920471923232,0.08837362360216272,0.043934636383067945,0.057850484470574746
2021-03-19,-0.2757838767427606,1.1776263627101413,-0.4824704228722924,-0.40857861364750564,2.8074121630976663,1.399349283746934,0.5603223972972092,-0.985190877839321,0.4184705362019661,1.710150607399622,1.1081682021223562,7.001639560815278,16.442365645404315,10.865149039274243,2.592509958150557,12.19261043297389,3.760784956816444,16.35272392580855,14.986199191666945,9.091266743364292,12.666336644555184,18.36335800536414,92.0,92.0,92.0,92.0,92.0,92.0,92.0,92.0,92.0,92.0,92.0,0.12036577230114096,0.11674747174651684,0.0864733781418498,0.10607336810936013,0.05570041169731587,0.23057509068347548,0.048584258034902676,0.07791920471923232,0.08837362360216272,0.043934636383067945,0.057850484470574746
2021-03-26,-0.2757838767427606,1.1776263627101413,-0.4824704228722924,-0.40857861364750564,2.8074121630976663,1.399349283746934,0.5603223972972092,-0.985190877839321,0.4184705362019661,1.710150607399622,1.1081682021223562,7.001639560815278,16.442365645404315,10.865149039274243,2.592509958150557,12.19261043297389,3.760784956816444,16.35272392580855,14.986199191666945,9.091266743364292,12.666336644555184,18.36335800536414,92.0,92.0,92.0,92.0,92.0,92.0,92.0,92.0,92.0,92.0,92.0,0.12036577230114096,0.11674747174651684,0.0864733781418498,0.10607336810936013,0.05570041169731587,0.23057509068347548,0.048584258034902676,0.07791920471923232,0.08837362360216272,0.043934636383067945,0.057850484470574746
2021-04-02,-0.9724603039068477,1.8137647432738675,0.8672862505404558,-0.31664393214699804,-1.2786000247363618,2.443440314210347,0.8847022414980178,-0.1394714908034848,0.5580542875415816,0.4474948655313325,1.1565594305053872,14.221154219732233,11.893555088808736,9.553614695441484,4.994340241012454,13.268038754173736,6.5734776429430415,16.381967098518032,15.777007415196236,12.540964746486983,10.409084408655382,15.808927975320293,88.0,88.0,88.0,88.0,88.0,88.0,88.0,88.0,88.0,88.0,88.0,0.1297724314763765,0.0824723194193843,0.06235444573019113,0.07698301724193585,0.07251590265405074,0.10616351277891198,0.06645291749172508,0.08784373999314146,0.08463555420653374,0.08571288088197412,0.0755281282651789
2021-04-09,-0.9724603039068477,1.8137647432738675,0.8672862505404558,-0.31664393214699804,-1.2786000247363618,2.443440314210347,0.8847022414980178,-0.1394714908034848,0.5580542875415816,0.4474948655313325,1.1565594305053872,14.221154219732233,11.893555088808736,9.553614695441484,4.994340241012454,13.268038754173736,6.5734776429430415,16.381967098518032,15.777007415196236,12.540964746486983,10.409084408655382,15.808927975320293,88.0,88.0,88.0,88.0,88.0,88.0,88.0,88.0,88.0,88.0,88.0,0.1297724314763765,0.0824723194193843,0.06235444573019113,0.07698301724193585,0.07251590265405074,0.10616351277891198,0.06645291749172508,0.08784373999314146,0.08463555420653374,0.08571288088197412,0.0755281282651789
2021-04-16,-0.9724603039068477,1.8137647432738675,0.8672862505404558,-0.31664393214699804,-1.2786000247363618,2.443440314210347,0.8847022414980178,-0.1394714908034848,0.5580542875415816,0.4474948655313325,1.1565594305053872,14.221154219732233,11.893555088808736,9.553614695441484,4.994340241012454,13.268038754173736,6.5734776429430415,16.381967098518032,15.777007415196236,12.540964746486983,10.409084408655382,15.808927975320293,88.0,88.0,88.0,88.0,88.0,88.0,88.0,88.0,88.0,88.0,88.0,0.1297724314763765,0.0824723194193843,0.06235444573019113,0.07698301724193585,0.07251590265405074,0.10616351277891198,0.06645291749172508,0.08784373999314146,0.08463555420653374,0.08571288088197412,0.0755281282651789
2021-04-23,-0.9724603039068477,1.8137647432738675,0.8672862505404558,-0.31664393214699804,-1.2786000247363618,2.443440314210347,0.8847022414980178,-0.1394714908034848,0.5580542875415816,0.4474948655313325,1.1565594305053872,14.221154219732233,11.893555088808736,9.553614695441484,4.994340241012454,13.268038754173736,6.5734776429430415,16.381967098518032,15.777007415196236,12.540964746486983,10.409084408655382,15.808927975320293,88.0,88.0,88.0,88.0,88.0,88.0,88.0,88.0,88.0,88.0,88.0,0.1297724314763765,0.0824723194193843,0.06235444573019113,0.07698301724193585,0.07251590265405074,0.10616351277891198,0.06645291749172508,0.08784373999314146,0.08463555420653374,0.08571288088197412,0.0755281282651789
2021-04-30,-0.9724603039068477,1.8137647432738675,0.8672862505404558,-0.31664393214699804,-1.2786000247363618,2.443440314210347,0.8847022414980178,-0.1394714908034848,0.5580542875415816,0.4474948655313325,1.1565594305053872,14.221154219732233,11.893555088808736,9.553614695441484,4.994340241012454,13.268038754173736,6.5734776429430415,16.381967098518032,15.777007415196236,12.540964746486983,10.409084408655382,15.808927975320293,88.0,88.0,88.0,88.0,88.0,88.0,88.0,88.0,88.0,88.0,88.0,0.1297724314763765,0.0824723194193843,0.06235444573019113,0.07698301724193585,0.07251590265405074,0.10616351277891198,0.06645291749172508,0.08784373999314146,0.08463555420653374,0.08571288088197412,0.0755281282651789
2021-05-07,-0.9878420524611271,2.391817385718934,-0.008733099294571814,-0.7209835204773107,0.04863264202646815,2.126636186886692,1.3689043017857094,-0.2373372181339987,0.2942900369247441,1.4953561166305553,2.0086492836643,7.24636149596326,15.833888863522214,19.885174959148035,1.041395653708466,7.868268651814549,2.859440253635073,9.401878087426596,17.85041457190112,6.147886021858824,18.98597406026204,18.6170156435256,73.0,73.0,73.0,73.0,73.0,73.0,73.0,73.0,73.0,73.0,73.0,0.10233357300566145,0.15749995056240904,0.059383156146165614,0.07423479589522954,0.08089765728915989,0.13312950932745052,0.06872122912870332,0.038514639498346374,0.09036957032341164,0.17969066125916716,0.056889245253066205
2021-05-14,-0.9878420524611271,2.391817385718934,-0.008733099294571814,-0.7209835204773107,0.04863264202646815,2.126636186886692,1.3689043017857094,-0.2373372181339987,0.2942900369247441,1.4953561166305553,2.0086492836643,7.24636149596326,15.833888863522214,19.885174959148035,1.041395653708466,7.868268651814549,2.859440253635073,9.401878087426596,17.85041457190112,6.147886021858824,18.98597406026204,18.6170156435256,73.0,73.0,73.0,73.0,73.0,73.0,73.0,73.0,73.0,73.0,73.0,0.10233357300566145,0.15749995056240904,0.059383156146165614,0.07423479589522954,0.08089765728915989,0.13312950932745052,0.06872122912870332,0.038514639498346374,0.09036957032341164,0.17969066125916716,0.056889245253066205
2021-05-21,-0.9878420524611271,2.391817385718934,-0.008733099294571814,-0.7209835204773107,0.04863264202646815,2.126636186886692,1.3689043017857094,-0.2373372181339987,0.2942900369247441,1.4953561166305553,2.0086492836643,7.24636149596326,15.833888863522214,19.885174959148035,1.041395653708466,7.868268651814549,2.859440253635073,9.401878087426596,17.85041457190112,6.147886021858824,18.98597406026204,18.6170156435256,73.0,73.0,73.0,73.0,73.0,73.0,73.0,73.0,73.0,73.0,73.0,0.10233357300566145,0.15749995056240904,0.059383156146165614,0.07423479589522954,0.08089765728915989,0.13312950932745052,0.06872122912870332,0.038514639498346374,0.09036957032341164,0.17969066125916716,0.056889245253066205
2021-05-28,-0.9878420524611271,2.391817385718934,-0.008733099294571814,-0.7209835204773107,0.04863264202646815,2.126636186886692,1.3689043017857094,-0.2373372181339987,0.2942900369247441,1.4953561166305553,2.0086492836643,7.24636149596326,15.833888863522214,19.885174959148035,1.041395653708466,7.868268651814549,2.859440253635073,9.401878087426596,17.85041457190112,6.147886021858824,18.98597406026204,18.6170156435256,73.0,73.0,73.0,73.0,73.0,73.0,73.0,73.0,73.0,73.0,73.0,0.10233357300566145,0.15749995056240904,0.059383156146165614,0.07423479589522954,0.08089765728915989,0.13312950932745052,0.06872122912870332,0.038514639498346374,0.09036957032341164,0.17969066125916716,0.056889245253066205
2021-06-04,-0.9543678003659023,0.7931816255623074,2.776153981729155,-0.20833374668593313,-0.25042089776660725,0.7328968521996786,0.6940943757591296,-0.2736571736601141,-0.03639257472919501,0.1288153781208638,0.5195808733353051,7.115390891501483,17.66546048125657,18.794049698540608,3.546374728987043,12.750331162077837,3.671837761014541,13.081286699599207,19.0,6.448434546799243,19.59440282498927,14.239706237841444,96.0,96.0,96.0,96.0,96.0,96.0,96.0,96.0,96.0,96.0,96.0,0.09770134865415976,0.18013313455227628,0.08753853409395901,0.0632042770144495,0.17072077142638553,0.2236083328818762,0.0712584633884629,0.1310540032254712,0.20780881062927803,0.17201332769782446,0.06828553335523944
2021-06-11,-0.9543678003659023,0.7931816255623074,2.776153981729155,-0.20833374668593313,-0.25042089776660725,0.7328968521996786,0.6940943757591296,-0.2736571736601141,-0.03639257472919501,0.1288153781208638,0.5195808733353051,7.115390891501483,17.66546048125657,18.794049698540608,3.546374728987043,12.750331162077837,3.671837761014541,13.081286699599207,19.0,6.448434546799243,19.59440282498927,14.239706237841444,96.0,96.0,96.0,96.0,96.0,96.0,96.0,96.0,96.0,96.0,96.0,0.09770134865415976,0.18013313455227628,0.08753853409395901,0.0632042770144495,0.17072077142638553,0.2236083328818762,0.0712584633884629,0.1310540032254712,0.20780881062927803,0.17201332769782446,0.06828553335523944
2021-06-18,-0.9543678003659023,0.7931816255623074,2.776153981729155,-0.20833374668593313,-0.25042089776660725,0.7328968521996786,0.6940943757591296,-0.2736571736601141,-0.03639257472919501,0.1288153781208638,0.5195808733353051,7.115390891501483,17.66546048125657,18.794049698540608,3.546374728987043,12.750331162077837,3.671837761014541,13.081286699599207,19.0,6.448434546799243,19.59440282498927,14.239706237841444,96.0,96.0,96.0,96.0,96.0,96.0,96.0,96.0,96.0,96.0,96.0,0.09770134865415976,0.18013313455227628,0.08753853409395901,0.0632042770144495,0.17072077142638553,0.2236083328818762,0.0712584633884629,0.1310540032254712,0.20780881062927803,0.17201332769782446,0.06828553335523944
2021-06-25,-0.9543678003659023,0.7931816255623074,2.776153981729155,-0.20833374668593313,-0.25042089776660725,0.7328968521996786,0.6940943757591296,-0.2736571736601141,-0.03639257472919501,0.1288153781208638,0.5195808733353051,7.115390891501483,17.66546048125657,18.794049698540608,3.546374728987043,12.750331162077837,3.671837761014541,13.081286699599207,19.0,6.448434546799243,19.59440282498927,14.239706237841444,96.0,96.0,96.0,96.0,96.0,96.0,96.0,96.0,96.0,96.0,96.0,0.09770134865415976,0.18013313455227628,0.08753853409395901,0.0632042770144495,0.17072077142638553,0.2236083328818762,0.0712584633884629,0.1310540032254712,0.20780881062927803,0.17201332769782446,0.06828553335523944
2021-07-02,-0.9971784159951914,-1.6631419551184563,0.21426989769077204,-0.3214020121949742,-0.43988122894707504,1.011978513933937,0.8607237364406085,-0.6014165196171433,-0.1020739197515909,-0.652896948073754,0.6855286579288795,10.241326257061376,7.228345737637551,16.546807911196254,1.244327635758584,9.175138212272156,5.309500382639117,2.9479797744430978,16.938115422950965,3.715629879201251,15.58838542182326,14.398052329262256,85.0,85.0,85.0,85.0,85.0,85.0,85.0,85.0,85.0,85.0,85.0,0.08382893528266516,0.1439875095286014,0.041392869472388044,0.08123121962149474,0.1340705708227001,0.12571420877472325,0.1910625061006656,0.04579589583166776,0.09892909397455521,0.1185064078308604,0.05797650182171899
2021-07-09,-0.9971784159951914,-1.6631419551184563,0.21426989769077204,-0.3214020121949742,-0.43988122894707504,1.011978513933937,0.8607237364406085,-0.6014165196171433,-0.1020739197515909,-0.652896948073754,0.6855286579288795,10.241326257061376,7.228345737637551,16.546807911196254,1.244327635758584,9.175138212272156,5.309500382639117,2.9479797744430978,16.938115422950965,3.715629879201251,15.58838542182326,14.398052329262256,85.0,85.0,85.0,85.0,85.0,85.0,85.0,85.0,85.0,85.0,85.0,0.08382893528266516,0.1439875095286014,0.041392869472388044,0.08123121962149474,0.1340705708227001,0.12571420877472325,0.1910625061006656,0.04579589583166776,0.09892909397455521,0.1185064078308604,0.05797650182171899
2021-07-16,-0.9971784159951914,-1.6631419551184563,0.21426989769077204,-0.3214020121949742,-0.43988122894707504,1.011978513933937,0.8607237364406085,-0.6014165196171433,-0.1020739197515909,-0.652896948073754,0.6855286579288795,10.241326257061376,7.228345737637551,16.546807911196254,1.244327635758584,9.175138212272156,5.309500382639117,2.9479797744430978,16.938115422950965,3.715629879201251,15.58838542182326,14.398052329262256,85.0,85.0,85.0,85.0,85.0,85.0,85.0,85.0,85.0,85.0,85.0,0.08382893528266516,0.1439875095286014,0.041392869472388044,0.08123121962149474,0.1340705708227001,0.12571420877472325,0.1910625061006656,0.04579589583166776,0.09892909397455521,0.1185064078308604,0.05797650182171899
2021-07-23,-0.9971784159951914,-1.6631419551184563,0.21426989769077204,-0.3214020121949742,-0.43988122894707504,1.011978513933937,0.8607237364406085,-0.6014165196171433,-0.1020739197515909,-0.652896948073754,0.6855286579288795,10.241326257061376,7.228345737637551,16.546807911196254,1.244327635758584,9.175138212272156,5.309500382639117,2.9479797744430978,16.938115422950965,3.715629879201251,15.58838542182326,14.398052329262256,85.0,85.0,85.0,85.0,85.0,85.0,85.0,85.0,85.0,85.0,85.0,0.08382893528266516,0.1439875095286014,0.041392869472388044,0.08123121962149474,0.1340705708227001,0.12571420877472325,0.1910625061006656,0.04579589583166776,0.09892909397455521,0.1185064078308604,0.05797650182171899
2021-07-30,-0.9971784159951914,-1.6631419551184563,0.21426989769077204,-0.3214020121949742,-0.43988122894707504,1.011978513933937,0.8607237364406085,-0.6014165196171433,-0.1020739197515909,-0.652896948073754,0.6855286579288795,10.241326257061376,7.228345737637551,16.546807911196254,1.244327635758584,9.175138212272156,5.309500382639117,2.9479797744430978,16.938115422950965,3.715629879201251,15.58838542182326,14.398052329262256,85.0,85.0,85.0,85.0,85.0,85.0,85.0,85.0,85.0,85.0,85.0,0.08382893528266516,0.1439875095286014,0.041392869472388044,0.08123121962149474,0.1340705708227001,0.12571420877472325,0.1910625061006656,0.04579589583166776,0.09892909397455521,0.1185064078308604,0.05797650182171899
2021-08-06,-0.9768500796648394,-1.073549398407946,-0.42149808799674454,-0.32060803986701575,-0.44545216856968506,2.171579920218114,0.8324211913930315,-0.3734403200784507,0.2708777095416067,0.05866799546342455,0.4059424155919032,10.178152657875716,11.939979909593172,14.0401194568096,2.258533756869864,9.81742843067492,3.4579862249918007,5.199028334420729,14.917677082991055,4.6040142986276615,13.119115980770712,12.628284967711492,108.0,108.0,108.0,108.0,108.0,108.0,108.0,108.0,108.0,108.0,108.0,0.14923058585773397,0.12968075240712326,0.06315742995929156,0.07574734670701426,0.15563940556438435,0.11800176869932369,0.14016855622512658,0.029793906593848365,0.09642381732584245,0.0641527177596188,0.04730937152864462
2021-08-13,-0.9768500796648394,-1.073549398407946,-0.42149808799674454,-0.32060803986701575,-0.44545216856968506,2.171579920218114,0.8324211913930315,-0.3734403200784507,0.2708777095416067,0.05866799546342455,0.4059424155919032,10.178152657875716,11.939979909593172,14.0401194568096,2.258533756869864,9.81742843067492,3.4579862249918007,5.199028334420729,14.917677082991055,4.6040142986276615,13.119115980770712,12.628284967711492,108.0,108.0,108.0,108.0,108.0,108.0,108.0,108.0,108.0,108.0,108.0,0.14923058585773397,0.12968075240712326,0.06315742995929156,0.07574734670701426,0.15563940556438435,0.11800176869932369,0.14016855622512658,0.029793906593848365,0.09642381732584245,0.0641527177596188,0.04730937152864462
2021-08-20,-0.9768500796648394,-1.073549398407946,-0.42149808799674454,-0.32060803986701575,-0.44545216856968506,2.171579920218114,0.8324211913930315,-0.3734403200784507,0.2708777095416067,0.05866799546342455,0.4059424155919032,10.178152657875716,11.939979909593172,14.0401194568096,2.258533756869864,9.81742843067492,3.4579862249918007,5.199028334420729,14.917677082991055,4.6040142986276615,13.119115980770712,12.628284967711492,108.0,108.0,108.0,108.0,108.0,108.0,108.0,108.0,108.0,108.0,108.0,0.14923058585773397,0.12968075240712326,0.06315742995929156,0.07574734670701426,0.15563940556438435,0.11800176869932369,0.14016855622512658,0.029793906593848365,0.09642381732584245,0.0641527177596188,0.04730937152864462
2021-08-27,-0.9768500796648394,-1.073549398407946,-0.42149808799674454,-0.32060803986701575,-0.44545216856968506,2.171579920218114,0.8324211913930315,-0.3734403200784507,0.2708777095416067,0.05866799546342455,0.4059424155919032,10.178152657875716,11.939979909593172,14.0401194568096,2.258533756869864,9.81742843067492,3.4579862249918007,5.199028334420729,14.917677082991055,4.6040142986276615,13.119115980770712,12.628284967711492,108.0,108.0,108.0,108.0,108.0,108.0,108.0,108.0,108.0,108.0,108.0,0.14923058585773397,0.12968075240712326,0.06315742995929156,0.07574734670701426,0.15563940556438435,0.11800176869932369,0.14016855622512658,0.029793906593848365,0.09642381732584245,0.0641527177596188,0.04730937152864462
2021-09-03,-0.8870820275226436,0.439575064795454,-1.0184158704202781,-0.5796287199908519,-0.4241497626235386,1.8912322167666826,0.7363825619826975,0.3779632915797,0.43219272577671025,-0.5507819408941494,-0.3381779979079523,16.082964885425003,11.64131774804804,12.060303149828142,2.47026420612111,9.475669166347368,4.310232863233846,2.7926763910895698,17.315775638287388,4.783137480483195,16.60425948538552,9.813532397868146,96.0,96.0,96.0,96.0,96.0,96.0,96.0,96.0,96.0,96.0,96.0,0.11561267052402052,0.10379713221503747,0.0315659181847741,0.07019082691968374,0.11744672378396098,0.09904972576369545,0.05570378389551583,0.019104492997798418,0.07627032409309036,0.03304445379313646,0.07287496050898536
2021-09-10,-0.8870820275226436,0.439575064795454,-1.0184158704202781,-0.5796287199908519,-0.4241497626235386,1.8912322167666826,0.7363825619826975,0.3779632915797,0.43219272577671025,-0.5507819408941494,-0.3381779979079523,16.082964885425003,11.64131774804804,12.060303149828142,2.47026420612111,9.475669166347368,4.310232863233846,2.7926763910895698,17.315775638287388,4.783137480483195,16.60425948538552,9.813532397868146,96.0,96.0,96.0,96.0,96.0,96.0,96.0,96.0,96.0,96.0,96.0,0.11561267052402052,0.10379713221503747,0.0315659181847741,0.07019082691968374,0.11744672378396098,0.09904972576369545,0.05570378389551583,0.019104492997798418,0.07627032409309036,0.03304445379313646,0.07287496050898536
2021-09-17,-0.8870820275226436,0.439575064795454,-1.0184158704202781,-0.5796287199908519,-0.4241497626235386,1.8912322167666826,0.7363825619826975,0.3779632915797,0.43219272577671025,-0.5507819408941494,-0.3381779979079523,16.082964885425003,11.64131774804804,12.060303149828142,2.47026420612111,9.475669166347368,4.310232863233846,2.7926763910895698,17.315775638287388,4.783137480483195,16.60425948538552,9.813532397868146,96.0,96.0,96.0,96.0,96.0,96.0,96.0,96.0,96.0,96.0,96.0,0.11561267052402052,0.10379713221503747,0.0315659181847741,0.07019082691968374,0.11744672378396098,0.09904972576369545,0.05570378389551583,0.019104492997798418,0.07627032409309036,0.03304445379313646,0.07287496050898536
2021-09-24,-0.8870820275226436,0.439575064795454,-1.0184158704202781,-0.5796287199908519,-0.4241497626235386,1.8912322167666826,0.7363825619826975,0.3779632915797,0.43219272577671025,-0.5507819408941494,-0.3381779979079523,16.082964885425003,11.64131774804804,12.060303149828142,2.47026420612111,9.475669166347368,4.310232863233846,2.7926763910895698,17.315775638287388,4.783137480483195,16.60425948538552,9.813532397868146,96.0,96.0,96.0,96.0,96.0,96.0,96.0,96.0,96.0,96.0,96.0,0.11561267052402052,0.10379713221503747,0.0315659181847741,0.07019082691968374,0.11744672378396098,0.09904972576369545,0.05570378389551583,0.019104492997798418,0.07627032409309036,0.03304445379313646,0.07287496050898536
2021-10-01,-0.6928716941002884,0.521325702858887,-0.788142538101315,-0.6606266478065461,-0.07786963510064641,1.1959262729623967,0.09533480811633845,-0.18718066530351266,0.4277051706961487,-1.05743195999075,0.2190960632836389,10.067960184314606,12.776368658965342,14.678638643150965,0.9902813492663745,10.233357052931195,9.465715535148137,11.662328735203651,16.0,11.61164639658148,16.95231180489093,15.50794838442323,103.0,103.0,103.0,103.0,103.0,103.0,103.0,103.0,103.0,103.0,103.0,0.11517214930158665,0.07616197144387932,0.023557020112060022,0.06781380438697188,0.05986648001907774,0.07649360961461038,0.03901245703091932,0.022926687561250398,0.10257619987253572,0.03739236875967042,0.05535328262291252
2021-10-08,-0.6928716941002884,0.521325702858887,-0.788142538101315,-0.6606266478065461,-0.07786963510064641,1.1959262729623967,0.09533480811633845,-0.18718066530351266,0.4277051706961487,-1.05743195999075,0.2190960632836389,10.067960184314606,12.776368658965342,14.678638643150965,0.9902813492663745,10.233357052931195,9.465715535148137,11.662328735203651,16.0,11.61164639658148,16.95231180489093,15.50794838442323,103.0,103.0,103.0,103.0,103.0,103.0,103.0,103.0,103.0,103.0,103.0,0.11517214930158665,0.07616197144387932,0.023557020112060022,0.06781380438697188,0.05986648001907774,0.07649360961461038,0.03901245703091932,0.022926687561250398,0.10257619987253572,0.03739236875967042,0.05535328262291252
2021-10-15,-0.6928716941002884,0.521325702858887,-0.788142538101315,-0.6606266478065461,-0.07786963510064641,1.1959262729623967,0.09533480811633845,-0.18718066530351266,0.4277051706961487,-1.05743195999075,0.2190960632836389,10.067960184314606,12.776368658965342,14.678638643150965,0.9902813492663745,10.233357052931195,9.465715535148137,11.662328735203651,16.0,11.61164639658148,16.95231180489093,15.50794838442323,103.0,103.0,103.0,103.0,103.0,103.0,103.0,103.0,103.0,103.0,103.0,0.11517214930158665,0.07616197144387932,0.023557020112060022,0.06781380438697188,0.05986648001907774,0.07649360961461038,0.03901245703091932,0.022926687561250398,0.10257619987253572,0.03739236875967042,0.05535328262291252
2021-10-22,-0.6928716941002884,0.521325702858887,-0.788142538101315,-0.6606266478065461,-0.07786963510064641,1.1959262729623967,0.09533480811633845,-0.18718066530351266,0.4277051706961487,-1.05743195999075,0.2190960632836389,10.067960184314606,12.776368658965342,14.678638643150965,0.9902813492663745,10.233357052931195,9.465715535148137,11.662328735203651,16.0,11.61164639658148,16.95231180489093,15.50794838442323,103.0,103.0,103.0,103.0,103.0,103.0,103.0,103.0,103.0,103.0,103.0,0.11517214930158665,0.07616197144387932,0.023557020112060022,0.06781380438697188,0.05986648001907774,0.07649360961461038,0.03901245703091932,0.022926687561250398,0.10257619987253572,0.03739236875967042,0.05535328262291252
2021-10-29,-0.6928716941002884,0.521325702858887,-0.788142538101315,-0.6606266478065461,-0.07786963510064641,1.1959262729623967,0.09533480811633845,-0.18718066530351266,0.4277051706961487,-1.05743195999075,0.2190960632836389,10.067960184314606,12.776368658965342,14.678638643150965,0.9902813492663745,10.233357052931195,9.465715535148137,11.662328735203651,16.0,11.61164639658148,16.95231180489093,15.50794838442323,103.0,103.0,103.0,103.0,103.0,103.0,103.0,103.0,103.0,103.0,103.0,0.11517214930158665,0.07616197144387932,0.023557020112060022,0.06781380438697188,0.05986648001907774,0.07649360961461038,0.03901245703091932,0.022926687561250398,0.10257619987253572,0.03739236875967042,0.05535328262291252
2021-11-05,-0.6909645185372199,1.0547844441909031,-0.007866554369427906,-1.8342497925110555,-0.2672870598822322,1.9038790398905168,0.39284856313574973,0.44543442828057117,0.7673932082408846,-0.7947871260526368,0.9274636238032005,6.276751649273859,15.91750376695128,14.725711387840194,0.1682801391620027,13.067524221358587,5.362632557122555,9.625069903998506,14.281328382567178,10.774899334374233,12.4202941597087,12.577314010106702,101.0,101.0,101.0,101.0,101.0,101.0,101.0,101.0,101.0,101.0,101.0,0.14726201286514232,0.10937817748430945,0.02240224179226806,0.074197996845014,0.07922907481112389,0.16005355416807243,0.030540940260541157,0.01627671043978627,0.12782588361043776,0.042799295748896585,0.04462304539966928
2021-11-12,-0.6909645185372199,1.0547844441909031,-0.007866554369427906,-1.8342497925110555,-0.2672870598822322,1.9038790398905168,0.39284856313574973,0.44543442828057117,0.7673932082408846,-0.7947871260526368,0.9274636238032005,6.276751649273859,15.91750376695128,14.725711387840194,0.1682801391620027,13.067524221358587,5.362632557122555,9.625069903998506,14.281328382567178,10.774899334374233,12.4202941597087,12.577314010106702,101.0,101.0,101.0,101.0,101.0,101.0,101.0,101.0,101.0,101.0,101.0,0.14726201286514232,0.10937817748430945,0.02240224179226806,0.074197996845014,0.07922907481112389,0.16005355416807243,0.030540940260541157,0.01627671043978627,0.12782588361043776,0.042799295748896585,0.04462304539966928
2021-11-19,-0.6909645185372199,1.0547844441909031,-0.007866554369427906,-1.8342497925110555,-0.2672870598822322,1.9038790398905168,0.39284856313574973,0.44543442828057117,0.7673932082408846,-0.7947871260526368,0.9274636238032005,6.276751649273859,15.91750376695128,14.725711387840194,0.1682801391620027,13.067524221358587,5.362632557122555,9.625069903998506,14.281328382567178,10.774899334374233,12.4202941597087,12.577314010106702,101.0,101.0,101.0,101.0,101.0,101.0,101.0,101.0,101.0,101.0,101.0,0.14726201286514232,0.10937817748430945,0.02240224179226806,0.074197996845014,0.07922907481112389,0.16005355416807243,0.030540940260541157,0.01627671043978627,0.12782588361043776,0.042799295748896585,0.04462304539966928
2021-11-26,-0.6909645185372199,1.0547844441909031,-0.007866554369427906,-1.8342497925110555,-0.2672870598822322,1.9038790398905168,0.39284856313574973,0.44543442828057117,0.7673932082408846,-0.7947871260526368,0.9274636238032005,6.276751649273859,15.91750376695128,14.725711387840194,0.1682801391620027,13.067524221358587,5.362632557122555,9.625069903998506,14.281328382567178,10.774899334374233,12.4202941597087,12.577314010106702,101.0,101.0,101.0,101.0,101.0,101.0,101.0,101.0,101.0,101.0,101.0,0.14726201286514232,0.10937817748430945,0.02240224179226806,0.074197996845014,0.07922907481112389,0.16005355416807243,0.030540940260541157,0.01627671043978627,0.12782588361043776,0.042799295748896585,0.04462304539966928
2021-12-03,-0.7683611601295413,1.887688533260852,-0.03880468807312399,-1.8824152173294806,-0.6745973289361232,2.7867882688423893,0.5180406990869875,1.0475483294596126,1.196398118028559,-1.1556263681431282,1.3698359775857654,6.475682438050246,14.815853157390071,13.141916943708797,0.0265844804114354,8.110361815096612,11.122389854597138,14.4672732780315,7.2947129760457425,12.894855781083084,9.394134407005266,14.348474209478198,75.0,75.0,75.0,75.0,75.0,75.0,75.0,75.0,75.0,75.0,75.0,0.1641662517569087,0.08125704693132929,0.021871435444500004,0.07391325828230871,0.06454523433190769,0.20688812718597405,0.024834280027348162,0.0149516166118256,0.11226761558450456,0.04375843996735316,0.03643316284057508
2021-12-10,-0.7683611601295413,1.887688533260852,-0.03880468807312399,-1.8824152173294806,-0.6745973289361232,2.7867882688423893,0.5180406990869875,1.0475483294596126,1.196398118028559,-1.1556263681431282,1.3698359775857654,6.475682438050246,14.815853157390071,13.141916943708797,0.0265844804114354,8.110361815096612,11.122389854597138,14.4672732780315,7.2947129760457425,12.894855781083084,9.394134407005266,14.348474209478198,75.0,75.0,75.0,75.0,75.0,75.0,75.0,75.0,75.0,75.0,75.0,0.1641662517569087,0.08125704693132929,0.021871435444500004,0.07391325828230871,0.06454523433190769,0.20688812718597405,0.024834280027348162,0.0149516166118256,0.11226761558450456,0.04375843996735316,0.03643316284057508
2021-12-17,-0.7683611601295413,1.887688533260852,-0.03880468807312399,-1.8824152173294806,-0.6745973289361232,2.7867882688423893,0.5180406990869875,1.0475483294596126,1.196398118028559,-1.1556263681431282,1.3698359775857654,6.475682438050246,14.815853157390071,13.141916943708797,0.0265844804114354,8.110361815096612,11.122389854597138,14.4672732780315,7.2947129760457425,12.894855781083084,9.394134407005266,14.348474209478198,75.0,75.0,75.0,75.0,75.0,75.0,75.0,75.0,75.0,75.0,75.0,0.1641662517569087,0.08125704693132929,0.021871435444500004,0.07391325828230871,0.06454523433190769,0.20688812718597405,0.024834280027348162,0.0149516166118256,0.11226761558450456,0.04375843996735316,0.03643316284057508
2021-12-24,-0.7683611601295413,1.887688533260852,-0.03880468807312399,-1.8824152173294806,-0.6745973289361232,2.7867882688423893,0.5180406990869875,1.0475483294596126,1.196398118028559,-1.1556263681431282,1.3698359775857654,6.475682438050246,14.815853157390071,13.141916943708797,0.0265844804114354,8.110361815096612,11.122389854597138,14.4672732780315,7.2947129760457425,12.894855781083084,9.394134407005266,14.348474209478198,75.0,75.0,75.0,75.0,75.0,75.0,75.0,75.0,75.0,75.0,75.0,0.1641662517569087,0.08125704693132929,0.021871435444500004,0.07391325828230871,0.06454523433190769,0.20688812718597405,0.024834280027348162,0.0149516166118256,0.11226761558450456,0.04375843996735316,0.03643316284057508
2021-12-31,-0.7683611601295413,1.887688533260852,-0.03880468807312399,-1.8824152173294806,-0.6745973289361232,2.7867882688423893,0.5180406990869875,1.0475483294596126,1.196398118028559,-1.1556263681431282,1.3698359775857654,6.475682438050246,14.815853157390071,13.141916943708797,0.0265844804114354,8.110361815096612,11.122389854597138,14.4672732780315,7.2947129760457425,12.894855781083084,9.394134407005266,14.348474209478198,75.0,75.0,75.0,75.0,75.0,75.0,75.0,75.0,75.0,75.0,75.0,0.1641662517569087,0.08125704693132929,0.021871435444500004,0.07391325828230871,0.06454523433190769,0.20688812718597405,0.024834280027348162,0.0149516166118256,0.11226761558450456,0.04375843996735316,0.03643316284057508
2022-01-07,-0.1574384987850066,0.9124836720252384,-0.1180990379746485,-0.03495028743677844,1.0871867617056572,2.04234911730104,-0.14596219150918208,1.015870985357923,1.0700382623570703,-1.1379519170697854,1.7014132745291084,10.688483445098026,13.541082598968083,11.321992449428071,1.4423561740533453,11.244589194810889,4.588969060894282,15.530920868673688,8.988488373366634,8.984170843947739,9.628923137850236,10.939106511804583,82.0,82.0,82.0,82.0,82.0,82.0,82.0,82.0,82.0,82.0,82.0,0.1821464855228238,0.08934178341112226,0.0300544552590523,0.08391250571468428,0.075565628278211,0.24426880182847296,0.017709834954524457,0.01570999234823425,0.11732959770400737,0.04335870910117775,0.024207340075004028
2022-01-14,-0.1574384987850066,0.9124836720252384,-0.1180990379746485,-0.03495028743677844,1.0871867617056572,2.04234911730104,-0.14596219150918208,1.015870985357923,1.0700382623570703,-1.1379519170697854,1.7014132745291084,10.688483445098026,13.541082598968083,11.321992449428071,1.4423561740533453,11.244589194810889,4.588969060894282,15.530920868673688,8.988488373366634,8.984170843947739,9.628923137850236,10.939106511804583,82.0,82.0,82.0,82.0,82.0,82.0,82.0,82.0,82.0,82.0,82.0,0.1821464855228238,0.08934178341112226,0.0300544552590523,0.08391250571468428,0.075565628278211,0.24426880182847296,0.017709834954524457,0.01570999234823425,0.11732959770400737,0.04335870910117775,0.024207340075004028
2022-01-21,-0.1574384987850066,0.9124836720252384,-0.1180990379746485,-0.03495028743677844,1.0871867617056572,2.04234911730104,-0.14596219150918208,1.015870985357923,1.0700382623570703,-1.1379519170697854,1.7014132745291084,10.688483445098026,13.541082598968083,11.321992449428071,1.4423561740533453,11.244589194810889,4.588969060894282,15.530920868673688,8.988488373366634,8.984170843947739,9.628923137850236,10.939106511804583,82.0,82.0,82.0,82.0,82.0,82.0,82.0,82.0,82.0,82.0,82.0,0.1821464855228238,0.08934178341112226,0.0300544552590523,0.08391250571468428,0.075565628278211,0.24426880182847296,0.017709834954524457,0.01570999234823425,0.11732959770400737,0.04335870910117775,0.024207340075004028
2022-01-28,-0.1574384987850066,0.9124836720252384,-0.1180990379746485,-0.03495028743677844,1.0871867617056572,2.04234911730104,-0.14596219150918208,1.015870985357923,1.0700382623570703,-1.1379519170697854,1.7014132745291084,10.688483445098026,13.541082598968083,11.321992449428071,1.4423561740533453,11.244589194810889,4.588969060894282,15.530920868673688,8.988488373366634,8.984170843947739,9.628923137850236,10.939106511804583,82.0,82.0,82.0,82.0,82.0,82.0,82.0,82.0,82.0,82.0,82.0,0.1821464855228238,0.08934178341112226,0.0300544552590523,0.08391250571468428,0.075565628278211,0.24426880182847296,0.017709834954524457,0.01570999234823425,0.11732959770400737,0.04335870910117775,0.024207340075004028
2022-02-04,-0.6909747748929458,2.074350456075215,-0.08271219113103825,-0.48983105239503094,8.377251519168743,2.4886683463967616,-0.10269188412607905,0.5922396882977711,1.179824931864355,0.04027757300152159,1.4326036309870105,11.196871624719297,14.982535044061915,12.336428692173325,2.017117934755206,7.277814877661616,5.565136110200067,14.734248299002696,11.352216344100157,10.048576300435538,11.90754980583699,13.178881815984242,81.0,81.0,81.0,81.0,81.0,81.0,81.0,81.0,81.0,81.0,81.0,0.09748350274112129,0.09630393665485401,0.03368861631722544,0.08391250571468428,0.05515467987797152,0.1894199350232052,0.03445607482411448,0.07484581629707719,0.19788340652716785,0.07115809735924741,0.030960562730754707
2022-02-11,-0.6909747748929458,2.074350456075215,-0.08271219113103825,-0.48983105239503094,8.377251519168743,2.4886683463967616,-0.10269188412607905,0.5922396882977711,1.179824931864355,0.04027757300152159,1.4326036309870105,11.196871624719297,14.982535044061915,12.336428692173325,2.017117934755206,7.277814877661616,5.565136110200067,14.734248299002696,11.352216344100157,10.048576300435538,11.90754980583699,13.178881815984242,81.0,81.0,81.0,81.0,81.0,81.0,81.0,81.0,81.0,81.0,81.0,0.09748350274112129,0.09630393665485401,0.03368861631722544,0.08391250571468428,0.05515467987797152,0.1894199350232052,0.03445607482411448,0.07484581629707719,0.19788340652716785,0.07115809735924741,0.030960562730754707
2022-02-18,-0.6909747748929458,2.074350456075215,-0.08271219113103825,-0.48983105239503094,8.377251519168743,2.4886683463967616,-0.10269188412607905,0.5922396882977711,1.179824931864355,0.04027757300152159,1.4326036309870105,11.196871624719297,14.982535044061915,12.336428692173325,2.017117934755206,7.277814877661616,5.565136110200067,14.734248299002696,11.352216344100157,10.048576300435538,11.90754980583699,13.178881815984242,81.0,81.0,81.0,81.0,81.0,81.0,81.0,81.0,81.0,81.0,81.0,0.09748350274112129,0.09630393665485401,0.03368861631722544,0.08391250571468428,0.05515467987797152,0.1894199350232052,0.03445607482411448,0.07484581629707719,0.19788340652716785,0.07115809735924741,0.030960562730754707
2022-02-25,-0.6909747748929458,2.074350456075215,-0.08271219113103825,-0.48983105239503094,8.377251519168743,2.4886683463967616,-0.10269188412607905,0.5922396882977711,1.179824931864355,0.04027757300152159,1.4326036309870105,11.196871624719297,14.982535044061915,12.336428692173325,2.017117934755206,7.277814877661616,5.565136110200067,14.734248299002696,11.352216344100157,10.048576300435538,11.90754980583699,13.178881815984242,81.0,81.0,81.0,81.0,81.0,81.0,81.0,81.0,81.0,81.0,81.0,0.09748350274112129,0.09630393665485401,0.03368861631722544,0.08391250571468428,0.05515467987797152,0.1894199350232052,0.03445607482411448,0.07484581629707719,0.19788340652716785,0.07115809735924741,0.030960562730754707
2022-03-04,-1.0643849405806032,1.313602380150412,1.6281534004158484,-0.16749862404529473,0.6036163734459506,1.3107627946976297,1.0684586529715139,1.6912366812280586,0.8318864717633007,0.06638336834004972,0.5922690399024864,17.65414591314213,14.520455686954929,12.053180819293406,3.73915948167196,10.047096173846413,5.902580080900842,15.887384658402462,11.927096682329491,11.437751664064429,14.56948615557242,17.15706836416378,94.0,94.0,94.0,94.0,94.0,94.0,94.0,94.0,94.0,94.0,94.0,0.09115239407725341,0.07506464336016033,0.10021573816708973,0.13623872338573492,0.05859017686622133,0.11010992873003753,0.037408193561402216,0.11010443904700884,0.08132821671846063,0.08470133811791981,0.05034877983047054
2022-03-11,-1.0643849405806032,1.313602380150412,1.6281534004158484,-0.16749862404529473,0.6036163734459506,1.3107627946976297,1.0684586529715139,1.6912366812280586,0.8318864717633007,0.06638336834004972,0.5922690399024864,17.65414591314213,14.520455686954929,12.053180819293406,3.73915948167196,10.047096173846413,5.902580080900842,15.887384658402462,11.927096682329491,11.437751664064429,14.56948615557242,17.15706836416378,94.0,94.0,94.0,94.0,94.0,94.0,94.0,94.0,94.0,94.0,94.0,0.09115239407725341,0.07506464336016033,0.10021573816708973,0.13623872338573492,0.05859017686622133,0.11010992873003753,0.037408193561402216,0.11010443904700884,0.08132821671846063,0.08470133811791981,0.05034877983047054
2022-03-18,-1.0643849405806032,1.313602380150412,1.6281534004158484,-0.16749862404529473,0.6036163734459506,1.3107627946976297,1.0684586529715139,1.6912366812280586,0.8318864717633007,0.06638336834004972,0.5922690399024864,17.65414591314213,14.520455686954929,12.053180819293406,3.73915948167196,10.047096173846413,5.902580080900842,15.887384658402462,11.927096682329491,11.437751664064429,14.56948615557242,17.15706836416378,94.0,94.0,94.0,94.0,94.0,94.0,94.0,94.0,94.0,94.0,94.0,0.09115239407725341,0.07506464336016033,0.10021573816708973,0.13623872338573492,0.05859017686622133,0.11010992873003753,0.037408193561402216,0.11010443904700884,0.08132821671846063,0.08470133811791981,0.05034877983047054
2022-03-25,-1.0643849405806032,1.313602380150412,1.6281534004158484,-0.16749862404529473,0.6036163734459506,1.3107627946976297,1.0684586529715139,1.6912366812280586,0.8318864717633007,0.06638336834004972,0.5922690399024864,17.65414591314213,14.520455686954929,12.053180819293406,3.73915948167196,10.047096173846413,5.902580080900842,15.887384658402462,11.927096682329491,11.437751664064429,14.56948615557242,17.15706836416378,94.0,94.0,94.0,94.0,94.0,94.0,94.0,94.0,94.0,94.0,94.0,0.09115239407725341,0.07506464336016033,0.10021573816708973,0.13623872338573492,0.05859017686622133,0.11010992873003753,0.037408193561402216,0.11010443904700884,0.08132821671846063,0.08470133811791981,0.05034877983047054
2022-04-01,-1.0998854210351905,2.828863259594939,0.042860143537736727,-0.4150886466097096,0.21049161052167012,1.7152885886590534,0.4397987966209614,0.5379302312927104,0.7891595598584387,-0.16927891299610381,1.6939997598264016,10.698732642801088,13.268423816264091,11.422606637741591,2.26079009731256,13.15048442717171,6.75690390291899,15.203956566315592,9.736075970163968,8.739368477278331,12.509686148971978,17.335409160498656,90.0,90.0,90.0,90.0,90.0,90.0,90.0,90.0,90.0,90.0,90.0,0.10986438986998716,0.06857588118008322,0.09682927309681925,0.05604164092971721,0.09140397904041754,0.26217195243146113,0.06695021877637462,0.12264764322870607,0.12511250444103988,0.10435659141778113,0.033568884559904255
2022-04-08,-1.0998854210351905,2.828863259594939,0.042860143537736727,-0.4150886466097096,0.21049161052167012,1.7152885886590534,0.4397987966209614,0.5379302312927104,0.7891595598584387,-0.16927891299610381,1.6939997598264016,10.698732642801088,13.268423816264091,11.422606637741591,2.26079009731256,13.15048442717171,6.75690390291899,15.203956566315592,9.736075970163968,8.739368477278331,12.509686148971978,17.335409160498656,90.0,90.0,90.0,90.0,90.0,90.0,90.0,90.0,90.0,90.0,90.0,0.10986438986998716,0.06857588118008322,0.09682927309681925,0.05604164092971721,0.09140397904041754,0.26217195243146113,0.06695021877637462,0.12264764322870607,0.12511250444103988,0.10435659141778113,0.033568884559904255
2022-04-15,-1.0998854210351905,2.828863259594939,0.042860143537736727,-0.4150886466097096,0.21049161052167012,1.7152885886590534,0.4397987966209614,0.5379302312927104,0.7891595598584387,-0.16927891299610381,1.6939997598264016,10.698732642801088,13.268423816264091,11.422606637741591,2.26079009731256,13.15048442717171,6.75690390291899,15.203956566315592,9.736075970163968,8.739368477278331,12.509686148971978,17.335409160498656,90.0,90.0,90.0,90.0,90.0,90.0,90.0,90.0,90.0,90.0,90.0,0.10986438986998716,0.06857588118008322,0.09682927309681925,0.05604164092971721,0.09140397904041754,0.26217195243146113,0.06695021877637462,0.12264764322870607,0.12511250444103988,0.10435659141778113,0.033568884559904255
2022-04-22,-1.0998854210351905,2.828863259594939,0.042860143537736727,-0.4150886466097096,0.21049161052167012,1.7152885886590534,0.4397987966209614,0.5379302312927104,0.7891595598584387,-0.16927891299610381,1.6939997598264016,10.698732642801088,13.268423816264091,11.422606637741591,2.26079009731256,13.15048442717171,6.75690390291899,15.203956566315592,9.736075970163968,8.739368477278331,12.509686148971978,17.335409160498656,90.0,90.0,90.0,90.0,90.0,90.0,90.0,90.0,90.0,90.0,90.0,0.10986438986998716,0.06857588118008322,0.09682927309681925,0.05604164092971721,0.09140397904041754,0.26217195243146113,0.06695021877637462,0.12264764322870607,0.12511250444103988,0.10435659141778113,0.033568884559904255
2022-04-29,-1.0998854210351905,2.828863259594939,0.042860143537736727,-0.4150886466097096,0.21049161052167012,1.7152885886590534,0.4397987966209614,0.5379302312927104,0.7891595598584387,-0.16927891299610381,1.6939997598264016,10.698732642801088,13.268423816264091,11.422606637741591,2.26079009731256,13.15048442717171,6.75690390291899,15.203956566315592,9.736075970163968,8.739368477278331,12.509686148971978,17.335409160498656,90.0,90.0,90.0,90.0,90.0,90.0,90.0,90.0,90.0,90.0,90.0,0.10986438986998716,0.06857588118008322,0.09682927309681925,0.05604164092971721,0.09140397904041754,0.26217195243146113,0.06695021877637462,0.12264764322870607,0.12511250444103988,0.10435659141778113,0.033568884559904255
2022-05-06,-1.0743726895633547,1.5668240903774837,2.408815587599703,-0.07070710923005237,-0.16776870498932753,2.655611453414604,1.1216745550292269,1.0402500138868909,0.851061988450642,-0.9625168470151485,1.08477813809358,13.502451570792513,20.0,18.70864934918579,2.683166943982252,14.22293502654771,4.886574833278674,16.03243545530804,15.324351854894363,11.086223190073138,17.63189333685356,19.380889344215113,103.0,103.0,103.0,103.0,103.0,103.0,103.0,103.0,103.0,103.0,103.0,0.08846310401909696,0.1365817459221676,0.17633356710591058,0.07781412669690975,0.13923488915792945,0.13547501529717842,0.13709536526951036,0.08895328436157605,0.11250698991848862,0.193932417730342,0.04349075766140923
2022-05-13,-1.0743726895633547,1.5668240903774837,2.408815587599703,-0.07070710923005237,-0.16776870498932753,2.655611453414604,1.1216745550292269,1.0402500138868909,0.851061988450642,-0.9625168470151485,1.08477813809358,13.502451570792513,20.0,18.70864934918579,2.683166943982252,14.22293502654771,4.886574833278674,16.03243545530804,15.324351854894363,11.086223190073138,17.63189333685356,19.380889344215113,103.0,103.0,103.0,103.0,103.0,103.0,103.0,103.0,103.0,103.0,103.0,0.08846310401909696,0.1365817459221676,0.17633356710591058,0.07781412669690975,0.13923488915792945,0.13547501529717842,0.13709536526951036,0.08895328436157605,0.11250698991848862,0.193932417730342,0.04349075766140923
2022-05-20,-1.0743726895633547,1.5668240903774837,2.408815587599703,-0.07070710923005237,-0.16776870498932753,2.655611453414604,1.1216745550292269,1.0402500138868909,0.851061988450642,-0.9625168470151485,1.08477813809358,13.502451570792513,20.0,18.70864934918579,2.683166943982252,14.22293502654771,4.886574833278674,16.03243545530804,15.324351854894363,11.086223190073138,17.63189333685356,19.380889344215113,103.0,103.0,103.0,103.0,103.0,103.0,103.0,103.0,103.0,103.0,103.0,0.08846310401909696,0.1365817459221676,0.17633356710591058,0.07781412669690975,0.13923488915792945,0.13547501529717842,0.13709536526951036,0.08895328436157605,0.11250698991848862,0.193932417730342,0.04349075766140923
2022-05-27,-1.0743726895633547,1.5668240903774837,2.408815587599703,-0.07070710923005237,-0.16776870498932753,2.655611453414604,1.1216745550292269,1.0402500138868909,0.851061988450642,-0.9625168470151485,1.08477813809358,13.502451570792513,20.0,18.70864934918579,2.683166943982252,14.22293502654771,4.886574833278674,16.03243545530804,15.324351854894363,11.086223190073138,17.63189333685356,19.380889344215113,103.0,103.0,103.0,103.0,103.0,103.0,103.0,103.0,103.0,103.0,103.0,0.08846310401909696,0.1365817459221676,0.17633356710591058,0.07781412669690975,0.13923488915792945,0.13547501529717842,0.13709536526951036,0.08895328436157605,0.11250698991848862,0.193932417730342,0.04349075766140923
2022-06-03,-1.0672553088827685,0.26585886368580697,1.561051100087302,-0.20423056641521511,0.07913354101910969,1.199385049683159,1.1564617367749943,0.8190236271845273,0.5308966718360674,-0.9866542227431134,0.48432025434211384,3.52409998989844,11.71701063878362,16.00805769989294,3.490117480966066,11.623942197164595,6.036962938668415,8.90994034858794,15.235468077415964,9.255937217519929,17.0,14.796634167117505,102.0,102.0,102.0,102.0,102.0,102.0,102.0,102.0,102.0,102.0,102.0,0.0898678611763739,0.16979340301165408,0.07794593917042673,0.09364550677755408,0.16170924786391155,0.10848858637916171,0.09170570257401817,0.09001173736867535,0.15201177235729588,0.19657962504582457,0.0746284975604658
2022-06-10,-1.0672553088827685,0.26585886368580697,1.561051100087302,-0.20423056641521511,0.07913354101910969,1.199385049683159,1.1564617367749943,0.8190236271845273,0.5308966718360674,-0.9866542227431134,0.48432025434211384,3.52409998989844,11.71701063878362,16.00805769989294,3.490117480966066,11.623942197164595,6.036962938668415,8.90994034858794,15.235468077415964,9.255937217519929,17.0,14.796634167117505,102.0,102.0,102.0,102.0,102.0,102.0,102.0,102.0,102.0,102.0,102.0,0.0898678611763739,0.16979340301165408,0.07794593917042673,0.09364550677755408,0.16170924786391155,0.10848858637916171,0.09170570257401817,0.09001173736867535,0.15201177235729588,0.19657962504582457,0.0746284975604658
2022-06-17,-1.0672553088827685,0.26585886368580697,1.561051100087302,-0.20423056641521511,0.07913354101910969,1.199385049683159,1.1564617367749943,0.8190236271845273,0.5308966718360674,-0.9866542227431134,0.48432025434211384,3.52409998989844,11.71701063878362,16.00805769989294,3.490117480966066,11.623942197164595,6.036962938668415,8.90994034858794,15.235468077415964,9.255937217519929,17.0,14.796634167117505,102.0,102.0,102.0,102.0,102.0,102.0,102.0,102.0,102.0,102.0,102.0,0.0898678611763739,0.16979340301165408,0.07794593917042673,0.09364550677755408,0.16170924786391155,0.10848858637916171,0.09170570257401817,0.09001173736867535,0.15201177235729588,0.19657962504582457,0.0746284975604658
2022-06-24,-1.0672553088827685,0.26585886368580697,1.561051100087302,-0.20423056641521511,0.07913354101910969,1.199385049683159,1.1564617367749943,0.8190236271845273,0.5308966718360674,-0.9866542227431134,0.48432025434211384,3.52409998989844,11.71701063878362,16.00805769989294,3.490117480966066,11.623942197164595,6.036962938668415,8.90994034858794,15.235468077415964,9.255937217519929,17.0,14.796634167117505,102.0,102.0,102.0,102.0,102.0,102.0,102.0,102.0,102.0,102.0,102.0,0.0898678611763739,0.16979340301165408,0.07794593917042673,0.09364550677755408,0.16170924786391155,0.10848858637916171,0.09170570257401817,0.09001173736867535,0.15201177235729588,0.19657962504582457,0.0746284975604658
2022-07-01,-1.0997154557739905,-3.932688858130462,1.029472519165454,-1.956738685646127,-2.0535969788912194,-3.5085831294868504,-4.714950477893573,0.8232625005711067,0.6754055931004611,-1.2791993645344024,1.612793348466288,0.9560970682166086,1.521220492214968,1.9743956725080296,0.0,0.6102797087963218,0.202831529463212,0.0,2.0,0.7849556249486401,2.0,1.982388083754446,100.0,100.0,100.0,100.0,100.0,100.0,100.0,100.0,100.0,100.0,100.0,0.08412057676478478,0.20418039617993028,0.13425447717400504,0.09075345856098654,0.16746583766890066,0.17427625862868734,0.09170570257401817,0.06301709524766211,0.12604667144466705,0.15977600586599053,0.062444501785861035
2022-07-08,-1.0997154557739905,-3.932688858130462,1.029472519165454,-1.956738685646127,-2.0535969788912194,-3.5085831294868504,-4.714950477893573,0.8232625005711067,0.6754055931004611,-1.2791993645344024,1.612793348466288,0.9560970682166086,1.521220492214968,1.9743956725080296,0.0,0.6102797087963218,0.202831529463212,0.0,2.0,0.7849556249486401,2.0,1.982388083754446,100.0,100.0,100.0,100.0,100.0,100.0,100.0,100.0,100.0,100.0,100.0,0.08412057676478478,0.20418039617993028,0.13425447717400504,0.09075345856098654,0.16746583766890066,0.17427625862868734,0.09170570257401817,0.06301709524766211,0.12604667144466705,0.15977600586599053,0.062444501785861035
2022-07-15,-1.0997154557739905,-3.932688858130462,1.029472519165454,-1.956738685646127,-2.0535969788912194,-3.5085831294868504,-4.714950477893573,0.8232625005711067,0.6754055931004611,-1.2791993645344024,1.612793348466288,0.9560970682166086,1.521220492214968,1.9743956725080296,0.0,0.6102797087963218,0.202831529463212,0.0,2.0,0.7849556249486401,2.0,1.982388083754446,100.0,100.0,100.0,100.0,100.0,100.0,100.0,100.0,100.0,100.0,100.0,0.08412057676478478,0.20418039617993028,0.13425447717400504,0.09075345856098654,0.16746583766890066,0.17427625862868734,0.09170570257401817,0.06301709524766211,0.12604667144466705,0.15977600586599053,0.062444501785861035
2022-07-22,-1.0997154557739905,-3.932688858130462,1.029472519165454,-1.956738685646127,-2.0535969788912194,-3.5085831294868504,-4.714950477893573,0.8232625005711067,0.6754055931004611,-1.2791993645344024,1.612793348466288,0.9560970682166086,1.521220492214968,1.9743956725080296,0.0,0.6102797087963218,0.202831529463212,0.0,2.0,0.7849556249486401,2.0,1.982388083754446,100.0,100.0,100.0,100.0,100.0,100.0,100.0,100.0,100.0,100.0,100.0,0.08412057676478478,0.20418039617993028,0.13425447717400504,0.09075345856098654,0.16746583766890066,0.17427625862868734,0.09170570257401817,0.06301709524766211,0.12604667144466705,0.15977600586599053,0.062444501785861035
2022-07-29,-1.0997154557739905,-3.932688858130462,1.029472519165454,-1.956738685646127,-2.0535969788912194,-3.5085831294868504,-4.714950477893573,0.8232625005711067,0.6754055931004611,-1.2791993645344024,1.612793348466288,0.9560970682166086,1.521220492214968,1.9743956725080296,0.0,0.6102797087963218,0.202831529463212,0.0,2.0,0.7849556249486401,2.0,1.982388083754446,100.0,100.0,100.0,100.0,100.0,100.0,100.0,100.0,100.0,100.0,100.0,0.08412057676478478,0.20418039617993028,0.13425447717400504,0.09075345856098654,0.16746583766890066,0.17427625862868734,0.09170570257401817,0.06301709524766211,0.12604667144466705,0.15977600586599053,0.062444501785861035
2022-08-05,-1.141472152545146,-0.02127039846413785,1.9298675780804637,-0.49501970041682813,-0.40756419357120366,1.4011029416053773,0.03959216017078986,0.7863353462290659,0.5234653405885101,-0.946127380409609,-0.2757124825100368,35.84846106625843,33.20761609058946,40.34462162619035,2.045504966470025,17.286353932891792,31.942516672132925,10.736019200298257,37.22097722866626,12.266353028186373,37.1630199223348,21.287097256915267,99.0,99.0,99.0,99.0,99.0,99.0,99.0,99.0,99.0,99.0,99.0,0.0807958317587071,0.12953938670669926,0.08243162657724827,0.1059905495784434,0.1351714041145021,0.07298918195332127,0.04491530852455629,0.027609678657478712,0.10543184913522768,0.057240957491698975,0.0596855179528724
2022-08-12,-1.141472152545146,-0.02127039846413785,1.9298675780804637,-0.49501970041682813,-0.40756419357120366,1.4011029416053773,0.03959216017078986,0.7863353462290659,0.5234653405885101,-0.946127380409609,-0.2757124825100368,35.84846106625843,33.20761609058946,40.34462162619035,2.045504966470025,17.286353932891792,31.942516672132925,10.736019200298257,37.22097722866626,12.266353028186373,37.1630199223348,21.287097256915267,99.0,99.0,99.0,99.0,99.0,99.0,99.0,99.0,99.0,99.0,99.0,0.0807958317587071,0.12953938670669926,0.08243162657724827,0.1059905495784434,0.1351714041145021,0.07298918195332127,0.04491530852455629,0.027609678657478712,0.10543184913522768,0.057240957491698975,0.0596855179528724
2022-08-19,-1.141472152545146,-0.02127039846413785,1.9298675780804637,-0.49501970041682813,-0.40756419357120366,1.4011029416053773,0.03959216017078986,0.7863353462290659,0.5234653405885101,-0.946127380409609,-0.2757124825100368,35.84846106625843,33.20761609058946,40.34462162619035,2.045504966470025,17.286353932891792,31.942516672132925,10.736019200298257,37.22097722866626,12.266353028186373,37.1630199223348,21.287097256915267,99.0,99.0,99.0,99.0,99.0,99.0,99.0,99.0,99.0,99.0,99.0,0.0807958317587071,0.12953938670669926,0.08243162657724827,0.1059905495784434,0.1351714041145021,0.07298918195332127,0.04491530852455629,0.027609678657478712,0.10543184913522768,0.057240957491698975,0.0596855179528724
2022-08-26,-1.141472152545146,-0.02127039846413785,1.9298675780804637,-0.49501970041682813,-0.40756419357120366,1.4011029416053773,0.03959216017078986,0.7863353462290659,0.5234653405885101,-0.946127380409609,-0.2757124825100368,35.84846106625843,33.20761609058946,40.34462162619035,2.045504966470025,17.286353932891792,31.942516672132925,10.736019200298257,37.22097722866626,12.266353028186373,37.1630199223348,21.287097256915267,99.0,99.0,99.0,99.0,99.0,99.0,99.0,99.0,99.0,99.0,99.0,0.0807958317587071,0.12953938670669926,0.08243162657724827,0.1059905495784434,0.1351714041145021,0.07298918195332127,0.04491530852455629,0.027609678657478712,0.10543184913522768,0.057240957491698975,0.0596855179528724
2022-09-02,-1.1114909811577893,0.6584116945713874,1.9794261002102014,-0.8004542438702829,0.019854985766296938,1.677037382776217,1.018185949981326,1.2625467681113993,0.9678837015241598,-1.075734459315196,0.5882505729764326,10.521085062901626,17.68153280672115,16.63091226686201,0.5035168658296777,9.902818982976632,10.13822018148027,12.965024699412805,17.964161710423994,6.61074246035007,17.969142932576478,15.03520081037836,105.0,105.0,105.0,105.0,105.0,105.0,105.0,105.0,105.0,105.0,105.0,0.11659341655573444,0.14416605837961957,0.02770991528275724,0.1059905495784434,0.11345757603301868,0.17254886043079337,0.04122716142845092,0.032445988874712575,0.09101578406741517,0.05181036622357796,0.06570971253604285
2022-09-09,-1.1114909811577893,0.6584116945713874,1.9794261002102014,-0.8004542438702829,0.019854985766296938,1.677037382776217,1.018185949981326,1.2625467681113993,0.9678837015241598,-1.075734459315196,0.5882505729764326,10.521085062901626,17.68153280672115,16.63091226686201,0.5035168658296777,9.902818982976632,10.13822018148027,12.965024699412805,17.964161710423994,6.61074246035007,17.969142932576478,15.03520081037836,105.0,105.0,105.0,105.0,105.0,105.0,105.0,105.0,105.0,105.0,105.0,0.11659341655573444,0.14416605837961957,0.02770991528275724,0.1059905495784434,0.11345757603301868,0.17254886043079337,0.04122716142845092,0.032445988874712575,0.09101578406741517,0.05181036622357796,0.06570971253604285
2022-09-16,-1.1114909811577893,0.6584116945713874,1.9794261002102014,-0.8004542438702829,0.019854985766296938,1.677037382776217,1.018185949981326,1.2625467681113993,0.9678837015241598,-1.075734459315196,0.5882505729764326,10.521085062901626,17.68153280672115,16.63091226686201,0.5035168658296777,9.902818982976632,10.13822018148027,12.965024699412805,17.964161710423994,6.61074246035007,17.969142932576478,15.03520081037836,105.0,105.0,105.0,105.0,105.0,105.0,105.0,105.0,105.0,105.0,105.0,0.11659341655573444,0.14416605837961957,0.02770991528275724,0.1059905495784434,0.11345757603301868,0.17254886043079337,0.04122716142845092,0.032445988874712575,0.09101578406741517,0.05181036622357796,0.06570971253604285
2022-09-23,-1.1114909811577893,0.6584116945713874,1.9794261002102014,-0.8004542438702829,0.019854985766296938,1.677037382776217,1.018185949981326,1.2625467681113993,0.9678837015241598,-1.075734459315196,0.5882505729764326,10.521085062901626,17.68153280672115,16.63091226686201,0.5035168658296777,9.902818982976632,10.13822018148027,12.965024699412805,17.964161710423994,6.61074246035007,17.969142932576478,15.03520081037836,105.0,105.0,105.0,105.0,105.0,105.0,105.0,105.0,105.0,105.0,105.0,0.11659341655573444,0.14416605837961957,0.02770991528275724,0.1059905495784434,0.11345757603301868,0.17254886043079337,0.04122716142845092,0.032445988874712575,0.09101578406741517,0.05181036622357796,0.06570971253604285
2022-09-30,-1.1114909811577893,0.6584116945713874,1.9794261002102014,-0.8004542438702829,0.019854985766296938,1.677037382776217,1.018185949981326,1.2625467681113993,0.9678837015241598,-1.075734459315196,0.5882505729764326,10.521085062901626,17.68153280672115,16.63091226686201,0.5035168658296777,9.902818982976632,10.13822018148027,12.965024699412805,17.964161710423994,6.61074246035007,17.969142932576478,15.03520081037836,105.0,105.0,105.0,105.0,105.0,105.0,105.0,105.0,105.0,105.0,105.0,0.11659341655573444,0.14416605837961957,0.02770991528275724,0.1059905495784434,0.11345757603301868,0.17254886043079337,0.04122716142845092,0.032445988874712575,0.09101578406741517,0.05181036622357796,0.06570971253604285
2022-10-07,-0.9327994267708126,0.8714115568418215,1.7694153465758073,-1.5408102499352012,0.26921286872642464,1.865913113386313,0.5465268794255811,1.2671724243646445,0.8112944517156206,-0.945854717866678,0.6306574168971393,9.925007576169644,18.737386420711385,17.79092804417649,0.1215146473049967,14.984476435491825,6.850606756313547,13.548594929629958,18.303442534967537,8.213760374722659,18.802811788389825,15.414593717265427,100.0,100.0,100.0,100.0,100.0,100.0,100.0,100.0,100.0,100.0,100.0,0.11659341655573444,0.07550284527350676,0.01805855005316263,0.1059905495784434,0.08613187779466645,0.06897510198276395,0.03886530741673976,0.021986694635209535,0.05936423093026375,0.04031442264034239,0.05284825592489637
2022-10-14,-0.9327994267708126,0.8714115568418215,1.7694153465758073,-1.5408102499352012,0.26921286872642464,1.865913113386313,0.5465268794255811,1.2671724243646445,0.8112944517156206,-0.945854717866678,0.6306574168971393,9.925007576169644,18.737386420711385,17.79092804417649,0.1215146473049967,14.984476435491825,6.850606756313547,13.548594929629958,18.303442534967537,8.213760374722659,18.802811788389825,15.414593717265427,100.0,100.0,100.0,100.0,100.0,100.0,100.0,100.0,100.0,100.0,100.0,0.11659341655573444,0.07550284527350676,0.01805855005316263,0.1059905495784434,0.08613187779466645,0.06897510198276395,0.03886530741673976,0.021986694635209535,0.05936423093026375,0.04031442264034239,0.05284825592489637
2022-10-21,-0.9327994267708126,0.8714115568418215,1.7694153465758073,-1.5408102499352012,0.26921286872642464,1.865913113386313,0.5465268794255811,1.2671724243646445,0.8112944517156206,-0.945854717866678,0.6306574168971393,9.925007576169644,18.737386420711385,17.79092804417649,0.1215146473049967,14.984476435491825,6.850606756313547,13.548594929629958,18.303442534967537,8.213760374722659,18.802811788389825,15.414593717265427,100.0,100.0,100.0,100.0,100.0,100.0,100.0,100.0,100.0,100.0,100.0,0.11659341655573444,0.07550284527350676,0.01805855005316263,0.1059905495784434,0.08613187779466645,0.06897510198276395,0.03886530741673976,0.021986694635209535,0.05936423093026375,0.04031442264034239,0.05284825592489637
2022-10-28,-0.9327994267708126,0.8714115568418215,1.7694153465758073,-1.5408102499352012,0.26921286872642464,1.865913113386313,0.5465268794255811,1.2671724243646445,0.8112944517156206,-0.945854717866678,0.6306574168971393,9.925007576169644,18.737386420711385,17.79092804417649,0.1215146473049967,14.984476435491825,6.850606756313547,13.548594929629958,18.303442534967537,8.213760374722659,18.802811788389825,15.414593717265427,100.0,100.0,100.0,100.0,100.0,100.0,100.0,100.0,100.0,100.0,100.0,0.11659341655573444,0.07550284527350676,0.01805855005316263,0.1059905495784434,0.08613187779466645,0.06897510198276395,0.03886530741673976,0.021986694635209535,0.05936423093026375,0.04031442264034239,0.05284825592489637
2022-11-04,-0.7863550686319449,1.4275781307495348,1.538024442480573,-0.5287546445271776,-0.24488776064055331,3.1146540991173786,0.5199422394471852,2.0296602513002244,0.8650487065914344,-0.972531520342328,1.0706161472331084,9.116525374340483,13.011871604036344,12.658173212373924,1.1265567488529218,10.844830039958406,5.343762982398602,15.492799888153602,8.000109530224869,9.237231900731372,8.769270541126255,10.872480517537092,70.0,70.0,70.0,70.0,70.0,70.0,70.0,70.0,70.0,70.0,70.0,0.17694073115567835,0.11000050152482013,0.01680540976280241,0.05612186093767841,0.04963923154862449,0.19101447765190505,0.03606980582981707,0.08321880890833355,0.10200863965659757,0.05064745450324525,0.04950778024758074
2022-11-11,-0.7863550686319449,1.4275781307495348,1.538024442480573,-0.5287546445271776,-0.24488776064055331,3.1146540991173786,0.5199422394471852,2.0296602513002244,0.8650487065914344,-0.972531520342328,1.0706161472331084,9.116525374340483,13.011871604036344,12.658173212373924,1.1265567488529218,10.844830039958406,5.343762982398602,15.492799888153602,8.000109530224869,9.237231900731372,8.769270541126255,10.872480517537092,70.0,70.0,70.0,70.0,70.0,70.0,70.0,70.0,70.0,70.0,70.0,0.17694073115567835,0.11000050152482013,0.01680540976280241,0.05612186093767841,0.04963923154862449,0.19101447765190505,0.03606980582981707,0.08321880890833355,0.10200863965659757,0.05064745450324525,0.04950778024758074
2022-11-18,-0.7863550686319449,1.4275781307495348,1.538024442480573,-0.5287546445271776,-0.24488776064055331,3.1146540991173786,0.5199422394471852,2.0296602513002244,0.8650487065914344,-0.972531520342328,1.0706161472331084,9.116525374340483,13.011871604036344,12.658173212373924,1.1265567488529218,10.844830039958406,5.343762982398602,15.492799888153602,8.000109530224869,9.237231900731372,8.769270541126255,10.872480517537092,70.0,70.0,70.0,70.0,70.0,70.0,70.0,70.0,70.0,70.0,70.0,0.17694073115567835,0.11000050152482013,0.01680540976280241,0.05612186093767841,0.04963923154862449,0.19101447765190505,0.03606980582981707,0.08321880890833355,0.10200863965659757,0.05064745450324525,0.04950778024758074
2022-11-25,-0.7863550686319449,1.4275781307495348,1.538024442480573,-0.5287546445271776,-0.24488776064055331,3.1146540991173786,0.5199422394471852,2.0296602513002244,0.8650487065914344,-0.972531520342328,1.0706161472331084,9.116525374340483,13.011871604036344,12.658173212373924,1.1265567488529218,10.844830039958406,5.343762982398602,15.492799888153602,8.000109530224869,9.237231900731372,8.769270541126255,10.872480517537092,70.0,70.0,70.0,70.0,70.0,70.0,70.0,70.0,70.0,70.0,70.0,0.17694073115567835,0.11000050152482013,0.01680540976280241,0.05612186093767841,0.04963923154862449,0.19101447765190505,0.03606980582981707,0.08321880890833355,0.10200863965659757,0.05064745450324525,0.04950778024758074
2022-12-02,-0.6706366321764509,0.9223207066833249,3.3243245073169616,-0.947988129144346,0.3382510984206063,1.8851861754619645,0.6743642699911612,0.8390746634230873,1.153718786205189,-0.8788013711971241,1.467808622033609,11.73036606497634,11.623236381900371,11.97651434045191,0.6977260122018856,13.236674147462912,8.137509565977917,13.657680119302816,12.458296366882443,13.23195209137974,12.77631101283786,13.06625764046366,92.0,92.0,92.0,92.0,92.0,92.0,92.0,92.0,92.0,92.0,92.0,0.14959499285760455,0.12587001514400065,0.024967337998191962,0.08152814138452748,0.059667888756750775,0.2187245026364484,0.023013140784378824,0.019532371860794834,0.09010704499872206,0.05836710605271489,0.062165198261978645
2022-12-09,-0.6706366321764509,0.9223207066833249,3.3243245073169616,-0.947988129144346,0.3382510984206063,1.8851861754619645,0.6743642699911612,0.8390746634230873,1.153718786205189,-0.8788013711971241,1.467808622033609,11.73036606497634,11.623236381900371,11.97651434045191,0.6977260122018856,13.236674147462912,8.137509565977917,13.657680119302816,12.458296366882443,13.23195209137974,12.77631101283786,13.06625764046366,92.0,92.0,92.0,92.0,92.0,92.0,92.0,92.0,92.0,92.0,92.0,0.14959499285760455,0.12587001514400065,0.024967337998191962,0.08152814138452748,0.059667888756750775,0.2187245026364484,0.023013140784378824,0.019532371860794834,0.09010704499872206,0.05836710605271489,0.062165198261978645
2022-12-16,-0.6706366321764509,0.9223207066833249,3.3243245073169616,-0.947988129144346,0.3382510984206063,1.8851861754619645,0.6743642699911612,0.8390746634230873,1.153718786205189,-0.8788013711971241,1.467808622033609,11.73036606497634,11.623236381900371,11.97651434045191,0.6977260122018856,13.236674147462912,8.137509565977917,13.657680119302816,12.458296366882443,13.23195209137974,12.77631101283786,13.06625764046366,92.0,92.0,92.0,92.0,92.0,92.0,92.0,92.0,92.0,92.0,92.0,0.14959499285760455,0.12587001514400065,0.024967337998191962,0.08152814138452748,0.059667888756750775,0.2187245026364484,0.023013140784378824,0.019532371860794834,0.09010704499872206,0.05836710605271489,0.062165198261978645
2022-12-23,-0.6706366321764509,0.9223207066833249,3.3243245073169616,-0.947988129144346,0.3382510984206063,1.8851861754619645,0.6743642699911612,0.8390746634230873,1.153718786205189,-0.8788013711971241,1.467808622033609,11.73036606497634,11.623236381900371,11.97651434045191,0.6977260122018856,13.236674147462912,8.137509565977917,13.657680119302816,12.458296366882443,13.23195209137974,12.77631101283786,13.06625764046366,92.0,92.0,92.0,92.0,92.0,92.0,92.0,92.0,92.0,92.0,92.0,0.14959499285760455,0.12587001514400065,0.024967337998191962,0.08152814138452748,0.059667888756750775,0.2187245026364484,0.023013140784378824,0.019532371860794834,0.09010704499872206,0.05836710605271489,0.062165198261978645
2022-12-30,-0.6706366321764509,0.9223207066833249,3.3243245073169616,-0.947988129144346,0.3382510984206063,1.8851861754619645,0.6743642699911612,0.8390746634230873,1.153718786205189,-0.8788013711971241,1.467808622033609,11.73036606497634,11.623236381900371,11.97651434045191,0.6977260122018856,13.236674147462912,8.137509565977917,13.657680119302816,12.458296366882443,13.23195209137974,12.77631101283786,13.06625764046366,92.0,92.0,92.0,92.0,92.0,92.0,92.0,92.0,92.0,92.0,92.0,0.14959499285760455,0.12587001514400065,0.024967337998191962,0.08152814138452748,0.059667888756750775,0.2187245026364484,0.023013140784378824,0.019532371860794834,0.09010704499872206,0.05836710605271489,0.062165198261978645
2023-01-06,-0.8456008519596032,0.8362424450099979,3.1278596944663724,-1.8799407297046364,-0.004443065585673773,2.106762493661056,0.39561294345001285,1.5958411700183035,1.108298828962902,-1.035634040483746,1.6493447262137182,6.469186358232386,7.007339847495548,10.958697244604725,0.0,7.504220263834913,6.276331037498635,14.324692422406557,8.957217494167521,8.746805407182189,6.617493372055928,14.120670403922963,69.0,69.0,69.0,69.0,69.0,69.0,69.0,69.0,69.0,69.0,69.0,0.18346748423158712,0.12293393882650683,0.01671197261148766,0.08152814138452748,0.05055541408354461,0.1462488079345228,0.022024819574350006,0.019606456783071907,0.07661802309765148,0.03278772815176319,0.048425096426610026
2023-01-13,-0.8456008519596032,0.8362424450099979,3.1278596944663724,-1.8799407297046364,-0.004443065585673773,2.106762493661056,0.39561294345001285,1.5958411700183035,1.108298828962902,-1.035634040483746,1.6493447262137182,6.469186358232386,7.007339847495548,10.958697244604725,0.0,7.504220263834913,6.276331037498635,14.324692422406557,8.957217494167521,8.746805407182189,6.617493372055928,14.120670403922963,69.0,69.0,69.0,69.0,69.0,69.0,69.0,69.0,69.0,69.0,69.0,0.18346748423158712,0.12293393882650683,0.01671197261148766,0.08152814138452748,0.05055541408354461,0.1462488079345228,0.022024819574350006,0.019606456783071907,0.07661802309765148,0.03278772815176319,0.048425096426610026
2023-01-20,-0.8456008519596032,0.8362424450099979,3.1278596944663724,-1.8799407297046364,-0.004443065585673773,2.106762493661056,0.39561294345001285,1.5958411700183035,1.108298828962902,-1.035634040483746,1.6493447262137182,6.469186358232386,7.007339847495548,10.958697244604725,0.0,7.504220263834913,6.276331037498635,14.324692422406557,8.957217494167521,8.746805407182189,6.617493372055928,14.120670403922963,69.0,69.0,69.0,69.0,69.0,69.0,69.0,69.0,69.0,69.0,69.0,0.18346748423158712,0.12293393882650683,0.01671197261148766,0.08152814138452748,0.05055541408354461,0.1462488079345228,0.022024819574350006,0.019606456783071907,0.07661802309765148,0.03278772815176319,0.048425096426610026
2023-01-27,-0.8456008519596032,0.8362424450099979,3.1278596944663724,-1.8799407297046364,-0.004443065585673773,2.106762493661056,0.39561294345001285,1.5958411700183035,1.108298828962902,-1.035634040483746,1.6493447262137182,6.469186358232386,7.007339847495548,10.958697244604725,0.0,7.504220263834913,6.276331037498635,14.324692422406557,8.957217494167521,8.746805407182189,6.617493372055928,14.120670403922963,69.0,69.0,69.0,69.0,69.0,69.0,69.0,69.0,69.0,69.0,69.0,0.18346748423158712,0.12293393882650683,0.01671197261148766,0.08152814138452748,0.05055541408354461,0.1462488079345228,0.022024819574350006,0.019606456783071907,0.07661802309765148,0.03278772815176319,0.048425096426610026
2023-02-03,-0.8369433467715706,1.2555700500124407,1.1315425516944522,0.08772631476731456,-0.7506411883740971,1.8658710742752902,0.6638925193603813,0.39556055291997605,1.2402559803083688,-1.0706992777112765,1.4893435224414346,8.354417101163234,12.01390347472718,9.35901279089424,3.1880577824837393,7.003678362252994,4.786782551656279,11.916336564451482,8.38415535767095,8.964582134933028,7.6064376313212945,12.491971038182175,58.0,58.0,58.0,58.0,58.0,58.0,58.0,58.0,58.0,58.0,58.0,0.12233011429416232,0.0967066453429352,0.057241104439403404,0.09001931131768202,0.08987321280749304,0.1462488079345228,0.014226255725770456,0.1037236614660708,0.06644600723365225,0.06352898673425114,0.03244549725053065
2023-02-10,-0.8369433467715706,1.2555700500124407,1.1315425516944522,0.08772631476731456,-0.7506411883740971,1.8658710742752902,0.6638925193603813,0.39556055291997605,1.2402559803083688,-1.0706992777112765,1.4893435224414346,8.354417101163234,12.01390347472718,9.35901279089424,3.1880577824837393,7.003678362252994,4.786782551656279,11.916336564451482,8.38415535767095,8.964582134933028,7.6064376313212945,12.491971038182175,58.0,58.0,58.0,58.0,58.0,58.0,58.0,58.0,58.0,58.0,58.0,0.12233011429416232,0.0967066453429352,0.057241104439403404,0.09001931131768202,0.08987321280749304,0.1462488079345228,0.014226255725770456,0.1037236614660708,0.06644600723365225,0.06352898673425114,0.03244549725053065
2023-02-17,-0.8369433467715706,1.2555700500124407,1.1315425516944522,0.08772631476731456,-0.7506411883740971,1.8658710742752902,0.6638925193603813,0.39556055291997605,1.2402559803083688,-1.0706992777112765,1.4893435224414346,8.354417101163234,12.01390347472718,9.35901279089424,3.1880577824837393,7.003678362252994,4.786782551656279,11.916336564451482,8.38415535767095,8.964582134933028,7.6064376313212945,12.491971038182175,58.0,58.0,58.0,58.0,58.0,58.0,58.0,58.0,58.0,58.0,58.0,0.12233011429416232,0.0967066453429352,0.057241104439403404,0.09001931131768202,0.08987321280749304,0.1462488079345228,0.014226255725770456,0.1037236614660708,0.06644600723365225,0.06352898673425114,0.03244549725053065
2023-02-24,-0.8369433467715706,1.2555700500124407,1.1315425516944522,0.08772631476731456,-0.7506411883740971,1.8658710742752902,0.6638925193603813,0.39556055291997605,1.2402559803083688,-1.0706992777112765,1.4893435224414346,8.354417101163234,12.01390347472718,9.35901279089424,3.1880577824837393,7.003678362252994,4.786782551656279,11.916336564451482,8.38415535767095,8.964582134933028,7.6064376313212945,12.491971038182175,58.0,58.0,58.0,58.0,58.0,58.0,58.0,58.0,58.0,58.0,58.0,0.12233011429416232,0.0967066453429352,0.057241104439403404,0.09001931131768202,0.08987321280749304,0.1462488079345228,0.014226255725770456,0.1037236614660708,0.06644600723365225,0.06352898673425114,0.03244549725053065
2023-03-03,-0.9656209020355293,2.227760396768483,1.5287012098971904,1.0836516951351198,-0.3663890784827789,-0.32240569585743467,1.3480044899451704,1.1655825509649236,0.752426709183142,-1.0201968881791676,2.7030100098847365,2.3076624214215236,14.545728505547688,12.56720572491126,3.312282559370744,8.510307077563088,5.120258008090086,14.551391089570316,15.448504364779469,8.150443750513602,14.469676468323376,14.906392089602054,72.0,72.0,72.0,72.0,72.0,72.0,72.0,72.0,72.0,72.0,72.0,0.10580290242415716,0.09684978018440785,0.03856219553095059,0.09465856306062102,0.08797096443820053,0.20904194931921297,0.03169920585652115,0.009575812915279064,0.10209302344160594,0.0449004708180684,0.026909574802298164
2023-03-10,-0.9656209020355293,2.227760396768483,1.5287012098971904,1.0836516951351198,-0.3663890784827789,-0.32240569585743467,1.3480044899451704,1.1655825509649236,0.752426709183142,-1.0201968881791676,2.7030100098847365,2.3076624214215236,14.545728505547688,12.56720572491126,3.312282559370744,8.510307077563088,5.120258008090086,14.551391089570316,15.448504364779469,8.150443750513602,14.469676468323376,14.906392089602054,72.0,72.0,72.0,72.0,72.0,72.0,72.0,72.0,72.0,72.0,72.0,0.10580290242415716,0.09684978018440785,0.03856219553095059,0.09465856306062102,0.08797096443820053,0.20904194931921297,0.03169920585652115,0.009575812915279064,0.10209302344160594,0.0449004708180684,0.026909574802298164
2023-03-17,-0.9656209020355293,2.227760396768483,1.5287012098971904,1.0836516951351198,-0.3663890784827789,-0.32240569585743467,1.3480044899451704,1.1655825509649236,0.752426709183142,-1.0201968881791676,2.7030100098847365,2.3076624214215236,14.545728505547688,12.56720572491126,3.312282559370744,8.510307077563088,5.120258008090086,14.551391089570316,15.448504364779469,8.150443750513602,14.469676468323376,14.906392089602054,72.0,72.0,72.0,72.0,72.0,72.0,72.0,72.0,72.0,72.0,72.0,0.10580290242415716,0.09684978018440785,0.03856219553095059,0.09465856306062102,0.08797096443820053,0.20904194931921297,0.03169920585652115,0.009575812915279064,0.10209302344160594,0.0449004708180684,0.026909574802298164
2023-03-24,-0.9656209020355293,2.227760396768483,1.5287012098971904,1.0836516951351198,-0.3663890784827789,-0.32240569585743467,1.3480044899451704,1.1655825509649236,0.752426709183142,-1.0201968881791676,2.7030100098847365,2.3076624214215236,14.545728505547688,12.56720572491126,3.312282559370744,8.510307077563088,5.120258008090086,14.551391089570316,15.448504364779469,8.150443750513602,14.469676468323376,14.906392089602054,72.0,72.0,72.0,72.0,72.0,72.0,72.0,72.0,72.0,72.0,72.0,0.10580290242415716,0.09684978018440785,0.03856219553095059,0.09465856306062102,0.08797096443820053,0.20904194931921297,0.03169920585652115,0.009575812915279064,0.10209302344160594,0.0449004708180684,0.026909574802298164
2023-03-31,-0.9656209020355293,2.227760396768483,1.5287012098971904,1.0836516951351198,-0.3663890784827789,-0.32240569585743467,1.3480044899451704,1.1655825509649236,0.752426709183142,-1.0201968881791676,2.7030100098847365,2.3076624214215236,14.545728505547688,12.56720572491126,3.312282559370744,8.510307077563088,5.120258008090086,14.551391089570316,15.448504364779469,8.150443750513602,14.469676468323376,14.906392089602054,72.0,72.0,72.0,72.0,72.0,72.0,72.0,72.0,72.0,72.0,72.0,0.10580290242415716,0.09684978018440785,0.03856219553095059,0.09465856306062102,0.08797096443820053,0.20904194931921297,0.03169920585652115,0.009575812915279064,0.10209302344160594,0.0449004708180684,0.026909574802298164
2023-04-07,-1.014064194893143,3.3160641308682215,1.9106135713065413,-0.08619010943518182,-0.21092170424006892,1.826551949579108,1.5220861844558722,1.4077274462085512,1.8495786922848603,-0.8692044251372164,2.178383268633525,10.341774610895692,10.810887630701798,7.410390488533271,3.0229163515353195,8.8738956702611,3.084552312233519,15.130231149221736,13.297768869319492,8.87108636699811,14.039074617999402,15.88746791293037,71.0,71.0,71.0,71.0,71.0,71.0,71.0,71.0,71.0,71.0,71.0,0.08716717371557492,0.10640538331603729,0.07689967876502117,0.11149078931870555,0.10308206878843987,0.10592341266804689,0.03243617792320788,0.06652700293010204,0.09529703314111428,0.0790790832776303,0.03657313112470392
2023-04-14,-1.014064194893143,3.3160641308682215,1.9106135713065413,-0.08619010943518182,-0.21092170424006892,1.826551949579108,1.5220861844558722,1.4077274462085512,1.8495786922848603,-0.8692044251372164,2.178383268633525,10.341774610895692,10.810887630701798,7.410390488533271,3.0229163515353195,8.8738956702611,3.084552312233519,15.130231149221736,13.297768869319492,8.87108636699811,14.039074617999402,15.88746791293037,71.0,71.0,71.0,71.0,71.0,71.0,71.0,71.0,71.0,71.0,71.0,0.08716717371557492,0.10640538331603729,0.07689967876502117,0.11149078931870555,0.10308206878843987,0.10592341266804689,0.03243617792320788,0.06652700293010204,0.09529703314111428,0.0790790832776303,0.03657313112470392
2023-04-21,-1.014064194893143,3.3160641308682215,1.9106135713065413,-0.08619010943518182,-0.21092170424006892,1.826551949579108,1.5220861844558722,1.4077274462085512,1.8495786922848603,-0.8692044251372164,2.178383268633525,10.341774610895692,10.810887630701798,7.410390488533271,3.0229163515353195,8.8738956702611,3.084552312233519,15.130231149221736,13.297768869319492,8.87108636699811,14.039074617999402,15.88746791293037,71.0,71.0,71.0,71.0,71.0,71.0,71.0,71.0,71.0,71.0,71.0,0.08716717371557492,0.10640538331603729,0.07689967876502117,0.11149078931870555,0.10308206878843987,0.10592341266804689,0.03243617792320788,0.06652700293010204,0.09529703314111428,0.0790790832776303,0.03657313112470392
2023-04-28,-1.014064194893143,3.3160641308682215,1.9106135713065413,-0.08619010943518182,-0.21092170424006892,1.826551949579108,1.5220861844558722,1.4077274462085512,1.8495786922848603,-0.8692044251372164,2.178383268633525,10.341774610895692,10.810887630701798,7.410390488533271,3.0229163515353195,8.8738956702611,3.084552312233519,15.130231149221736,13.297768869319492,8.87108636699811,14.039074617999402,15.88746791293037,71.0,71.0,71.0,71.0,71.0,71.0,71.0,71.0,71.0,71.0,71.0,0.08716717371557492,0.10640538331603729,0.07689967876502117,0.11149078931870555,0.10308206878843987,0.10592341266804689,0.03243617792320788,0.06652700293010204,0.09529703314111428,0.0790790832776303,0.03657313112470392
2023-05-05,-1.0109880817864845,1.1482753958665233,2.3404739784071955,-0.04858752851316955,-0.011800894645621266,1.8714091329639555,1.1270073072911027,1.7855008646278754,0.868255244077913,-1.0431573205732052,0.9236792940377194,10.72917718912451,14.29715538103282,10.785789147461546,6.442356174053346,9.1717444851935,3.62868700120258,17.0,11.936045301701014,7.358852411866218,14.9233248627658,15.35328583104071,104.0,104.0,104.0,104.0,104.0,104.0,104.0,104.0,104.0,104.0,104.0,0.1289521273860162,0.09740571978879028,0.0883038541413245,0.09379752397884049,0.1298933921146643,0.11158900459724191,0.06816976688082335,0.04926568251484766,0.12974822405882266,0.1577557659999926,0.05050265791378574
2023-05-12,-1.0109880817864845,1.1482753958665233,2.3404739784071955,-0.04858752851316955,-0.011800894645621266,1.8714091329639555,1.1270073072911027,1.7855008646278754,0.868255244077913,-1.0431573205732052,0.9236792940377194,10.72917718912451,14.29715538103282,10.785789147461546,6.442356174053346,9.1717444851935,3.62868700120258,17.0,11.936045301701014,7.358852411866218,14.9233248627658,15.35328583104071,104.0,104.0,104.0,104.0,104.0,104.0,104.0,104.0,104.0,104.0,104.0,0.1289521273860162,0.09740571978879028,0.0883038541413245,0.09379752397884049,0.1298933921146643,0.11158900459724191,0.06816976688082335,0.04926568251484766,0.12974822405882266,0.1577557659999926,0.05050265791378574
2023-05-19,-1.0109880817864845,1.1482753958665233,2.3404739784071955,-0.04858752851316955,-0.011800894645621266,1.8714091329639555,1.1270073072911027,1.7855008646278754,0.868255244077913,-1.0431573205732052,0.9236792940377194,10.72917718912451,14.29715538103282,10.785789147461546,6.442356174053346,9.1717444851935,3.62868700120258,17.0,11.936045301701014,7.358852411866218,14.9233248627658,15.35328583104071,104.0,104.0,104.0,104.0,104.0,104.0,104.0,104.0,104.0,104.0,104.0,0.1289521273860162,0.09740571978879028,0.0883038541413245,0.09379752397884049,0.1298933921146643,0.11158900459724191,0.06816976688082335,0.04926568251484766,0.12974822405882266,0.1577557659999926,0.05050265791378574
2023-05-26,-1.0109880817864845,1.1482753958665233,2.3404739784071955,-0.04858752851316955,-0.011800894645621266,1.8714091329639555,1.1270073072911027,1.7855008646278754,0.868255244077913,-1.0431573205732052,0.9236792940377194,10.72917718912451,14.29715538103282,10.785789147461546,6.442356174053346,9.1717444851935,3.62868700120258,17.0,11.936045301701014,7.358852411866218,14.9233248627658,15.35328583104071,104.0,104.0,104.0,104.0,104.0,104.0,104.0,104.0,104.0,104.0,104.0,0.1289521273860162,0.09740571978879028,0.0883038541413245,0.09379752397884049,0.1298933921146643,0.11158900459724191,0.06816976688082335,0.04926568251484766,0.12974822405882266,0.1577557659999926,0.05050265791378574
2023-06-02,-0.957781082377781,-0.29103887652998345,1.6305476447854017,-0.1982454824607049,0.17366397295082756,1.9511063215705406,0.8173548880221986,1.9872089589363118,0.5234566495718238,-0.9069704385586846,1.530572506576876,4.357346553425596,15.935128532943702,20.0,5.079980335803964,14.875844326454647,2.2391275828140373,6.513782738372634,20.0,5.492419262059331,20.0,18.0,113.0,113.0,113.0,113.0,113.0,113.0,113.0,113.0,113.0,113.0,113.0,0.09219407873223112,0.15774093964517674,0.05805428499868655,0.09848807684602477,0.1554949871468607,0.16119972167617364,0.0778341248874192,0.03480910674033858,0.11679524149738403,0.17604465244619266,0.06588077311753932
2023-06-09,-0.957781082377781,-0.29103887652998345,1.6305476447854017,-0.1982454824607049,0.17366397295082756,1.9511063215705406,0.8173548880221986,1.9872089589363118,0.5234566495718238,-0.9069704385586846,1.530572506576876,4.357346553425596,15.935128532943702,20.0,5.079980335803964,14.875844326454647,2.2391275828140373,6.513782738372634,20.0,5.492419262059331,20.0,18.0,113.0,113.0,113.0,113.0,113.0,113.0,113.0,113.0,113.0,113.0,113.0,0.09219407873223112,0.15774093964517674,0.05805428499868655,0.09848807684602477,0.1554949871468607,0.16119972167617364,0.0778341248874192,0.03480910674033858,0.11679524149738403,0.17604465244619266,0.06588077311753932
2023-06-16,-0.957781082377781,-0.29103887652998345,1.6305476447854017,-0.1982454824607049,0.17366397295082756,1.9511063215705406,0.8173548880221986,1.9872089589363118,0.5234566495718238,-0.9069704385586846,1.530572506576876,4.357346553425596,15.935128532943702,20.0,5.079980335803964,14.875844326454647,2.2391275828140373,6.513782738372634,20.0,5.492419262059331,20.0,18.0,113.0,113.0,113.0,113.0,113.0,113.0,113.0,113.0,113.0,113.0,113.0,0.09219407873223112,0.15774093964517674,0.05805428499868655,0.09848807684602477,0.1554949871468607,0.16119972167617364,0.0778341248874192,0.03480910674033858,0.11679524149738403,0.17604465244619266,0.06588077311753932
2023-06-23,-0.957781082377781,-0.29103887652998345,1.6305476447854017,-0.1982454824607049,0.17366397295082756,1.9511063215705406,0.8173548880221986,1.9872089589363118,0.5234566495718238,-0.9069704385586846,1.530572506576876,4.357346553425596,15.935128532943702,20.0,5.079980335803964,14.875844326454647,2.2391275828140373,6.513782738372634,20.0,5.492419262059331,20.0,18.0,113.0,113.0,113.0,113.0,113.0,113.0,113.0,113.0,113.0,113.0,113.0,0.09219407873223112,0.15774093964517674,0.05805428499868655,0.09848807684602477,0.1554949871468607,0.16119972167617364,0.0778341248874192,0.03480910674033858,0.11679524149738403,0.17604465244619266,0.06588077311753932
2023-06-30,-0.957781082377781,-0.29103887652998345,1.6305476447854017,-0.1982454824607049,0.17366397295082756,1.9511063215705406,0.8173548880221986,1.9872089589363118,0.5234566495718238,-0.9069704385586846,1.530572506576876,4.357346553425596,15.935128532943702,20.0,5.079980335803964,14.875844326454647,2.2391275828140373,6.513782738372634,20.0,5.492419262059331,20.0,18.0,113.0,113.0,113.0,113.0,113.0,113.0,113.0,113.0,113.0,113.0,113.0,0.09219407873223112,0.15774093964517674,0.05805428499868655,0.09848807684602477,0.1554949871468607,0.16119972167617364,0.0778341248874192,0.03480910674033858,0.11679524149738403,0.17604465244619266,0.06588077311753932
2023-07-07,-0.932750349527817,-1.1733865979359903,3.316668933419508,0.03191309757646785,0.08765001800826831,1.994046778481399,0.018960994905319065,1.8752250066849387,-0.3949306290594571,-1.0551868872922499,1.4345805170006547,5.539337803920961,7.514999315099766,13.674018143911647,3.1340316643977215,13.106475450216218,4.145457527058053,1.6941234038587012,15.85527771388515,4.3859191387953,15.115771756707693,14.74284300070217,95.0,95.0,95.0,95.0,95.0,95.0,95.0,95.0,95.0,95.0,95.0,0.09376786959821422,0.18014634274834385,0.04985187146351097,0.07401728756072024,0.15944408891303968,0.16119972167617364,0.0778341248874192,0.04177499106819358,0.11679524149738403,0.2040656009563668,0.06122006545208869
2023-07-14,-0.932750349527817,-1.1733865979359903,3.316668933419508,0.03191309757646785,0.08765001800826831,1.994046778481399,0.018960994905319065,1.8752250066849387,-0.3949306290594571,-1.0551868872922499,1.4345805170006547,5.539337803920961,7.514999315099766,13.674018143911647,3.1340316643977215,13.106475450216218,4.145457527058053,1.6941234038587012,15.85527771388515,4.3859191387953,15.115771756707693,14.74284300070217,95.0,95.0,95.0,95.0,95.0,95.0,95.0,95.0,95.0,95.0,95.0,0.09376786959821422,0.18014634274834385,0.04985187146351097,0.07401728756072024,0.15944408891303968,0.16119972167617364,0.0778341248874192,0.04177499106819358,0.11679524149738403,0.2040656009563668,0.06122006545208869
2023-07-21,-0.932750349527817,-1.1733865979359903,3.316668933419508,0.03191309757646785,0.08765001800826831,1.994046778481399,0.018960994905319065,1.8752250066849387,-0.3949306290594571,-1.0551868872922499,1.4345805170006547,5.539337803920961,7.514999315099766,13.674018143911647,3.1340316643977215,13.106475450216218,4.145457527058053,1.6941234038587012,15.85527771388515,4.3859191387953,15.115771756707693,14.74284300070217,95.0,95.0,95.0,95.0,95.0,95.0,95.0,95.0,95.0,95.0,95.0,0.09376786959821422,0.18014634274834385,0.04985187146351097,0.07401728756072024,0.15944408891303968,0.16119972167617364,0.0778341248874192,0.04177499106819358,0.11679524149738403,0.2040656009563668,0.06122006545208869
2023-07-28,-0.932750349527817,-1.1733865979359903,3.316668933419508,0.03191309757646785,0.08765001800826831,1.994046778481399,0.018960994905319065,1.8752250066849387,-0.3949306290594571,-1.0551868872922499,1.4345805170006547,5.539337803920961,7.514999315099766,13.674018143911647,3.1340316643977215,13.106475450216218,4.145457527058053,1.6941234038587012,15.85527771388515,4.3859191387953,15.115771756707693,14.74284300070217,95.0,95.0,95.0,95.0,95.0,95.0,95.0,95.0,95.0,95.0,95.0,0.09376786959821422,0.18014634274834385,0.04985187146351097,0.07401728756072024,0.15944408891303968,0.16119972167617364,0.0778341248874192,0.04177499106819358,0.11679524149738403,0.2040656009563668,0.06122006545208869
2023-08-04,-0.8845303110125871,0.2166058249624726,2.2464004193740625,-0.22027276999018405,0.22026348997929768,1.782101017709773,0.2227983199212209,1.8678722645932118,0.5334617483663381,-1.0283191662624898,-0.12338704005690841,14.16997039466016,17.990925071914525,17.40086775229616,4.1613724600413455,16.23028080354699,9.774833278670604,4.617974648149873,16.565953624902797,9.84348549593229,17.28345599155143,14.14634005962727,108.0,108.0,108.0,108.0,108.0,108.0,108.0,108.0,108.0,108.0,108.0,0.09447114472415788,0.15772121009094683,0.059844235124390924,0.07611912483164111,0.10689588822475343,0.16040685788315875,0.10558155334373995,0.05136240512578371,0.13927735085517445,0.06023921188104107,0.08111670323053626
2023-08-11,-0.8845303110125871,0.2166058249624726,2.2464004193740625,-0.22027276999018405,0.22026348997929768,1.782101017709773,0.2227983199212209,1.8678722645932118,0.5334617483663381,-1.0283191662624898,-0.12338704005690841,14.16997039466016,17.990925071914525,17.40086775229616,4.1613724600413455,16.23028080354699,9.774833278670604,4.617974648149873,16.565953624902797,9.84348549593229,17.28345599155143,14.14634005962727,108.0,108.0,108.0,108.0,108.0,108.0,108.0,108.0,108.0,108.0,108.0,0.09447114472415788,0.15772121009094683,0.059844235124390924,0.07611912483164111,0.10689588822475343,0.16040685788315875,0.10558155334373995,0.05136240512578371,0.13927735085517445,0.06023921188104107,0.08111670323053626
2023-08-18,-0.8845303110125871,0.2166058249624726,2.2464004193740625,-0.22027276999018405,0.22026348997929768,1.782101017709773,0.2227983199212209,1.8678722645932118,0.5334617483663381,-1.0283191662624898,-0.12338704005690841,14.16997039466016,17.990925071914525,17.40086775229616,4.1613724600413455,16.23028080354699,9.774833278670604,4.617974648149873,16.565953624902797,9.84348549593229,17.28345599155143,14.14634005962727,108.0,108.0,108.0,108.0,108.0,108.0,108.0,108.0,108.0,108.0,108.0,0.09447114472415788,0.15772121009094683,0.059844235124390924,0.07611912483164111,0.10689588822475343,0.16040685788315875,0.10558155334373995,0.05136240512578371,0.13927735085517445,0.06023921188104107,0.08111670323053626
2023-08-25,-0.8845303110125871,0.2166058249624726,2.2464004193740625,-0.22027276999018405,0.22026348997929768,1.782101017709773,0.2227983199212209,1.8678722645932118,0.5334617483663381,-1.0283191662624898,-0.12338704005690841,14.16997039466016,17.990925071914525,17.40086775229616,4.1613724600413455,16.23028080354699,9.774833278670604,4.617974648149873,16.565953624902797,9.84348549593229,17.28345599155143,14.14634005962727,108.0,108.0,108.0,108.0,108.0,108.0,108.0,108.0,108.0,108.0,108.0,0.09447114472415788,0.15772121009094683,0.059844235124390924,0.07611912483164111,0.10689588822475343,0.16040685788315875,0.10558155334373995,0.05136240512578371,0.13927735085517445,0.06023921188104107,0.08111670323053626
2023-09-01,-0.86896444471995,-0.5524079075923871,1.6889144497286273,0.26559857245676566,0.8317089743988936,1.4822438093908767,0.5279326174688539,1.1092735773674338,0.4221234148949039,-1.0783626375954385,0.38438808063294305,8.46519235700465,16.031551070727367,17.474649236490674,6.691940200675643,13.72817340850621,10.747589373565106,6.986531829620653,18.0,5.963298134604327,18.0,12.667871490566688,110.0,110.0,110.0,110.0,110.0,110.0,110.0,110.0,110.0,110.0,110.0,0.06478372981266949,0.13233776368326278,0.03201206068982863,0.07893264686610527,0.10327382332513832,0.18655410348085114,0.05815486157070004,0.026106235871771025,0.1109331167884431,0.035993849537292046,0.06919998322762443
2023-09-08,-0.86896444471995,-0.5524079075923871,1.6889144497286273,0.26559857245676566,0.8317089743988936,1.4822438093908767,0.5279326174688539,1.1092735773674338,0.4221234148949039,-1.0783626375954385,0.38438808063294305,8.46519235700465,16.031551070727367,17.474649236490674,6.691940200675643,13.72817340850621,10.747589373565106,6.986531829620653,18.0,5.963298134604327,18.0,12.667871490566688,110.0,110.0,110.0,110.0,110.0,110.0,110.0,110.0,110.0,110.0,110.0,0.06478372981266949,0.13233776368326278,0.03201206068982863,0.07893264686610527,0.10327382332513832,0.18655410348085114,0.05815486157070004,0.026106235871771025,0.1109331167884431,0.035993849537292046,0.06919998322762443
2023-09-15,-0.86896444471995,-0.5524079075923871,1.6889144497286273,0.26559857245676566,0.8317089743988936,1.4822438093908767,0.5279326174688539,1.1092735773674338,0.4221234148949039,-1.0783626375954385,0.38438808063294305,8.46519235700465,16.031551070727367,17.474649236490674,6.691940200675643,13.72817340850621,10.747589373565106,6.986531829620653,18.0,5.963298134604327,18.0,12.667871490566688,110.0,110.0,110.0,110.0,110.0,110.0,110.0,110.0,110.0,110.0,110.0,0.06478372981266949,0.13233776368326278,0.03201206068982863,0.07893264686610527,0.10327382332513832,0.18655410348085114,0.05815486157070004,0.026106235871771025,0.1109331167884431,0.035993849537292046,0.06919998322762443
2023-09-22,-0.86896444471995,-0.5524079075923871,1.6889144497286273,0.26559857245676566,0.8317089743988936,1.4822438093908767,0.5279326174688539,1.1092735773674338,0.4221234148949039,-1.0783626375954385,0.38438808063294305,8.46519235700465,16.031551070727367,17.474649236490674,6.691940200675643,13.72817340850621,10.747589373565106,6.986531829620653,18.0,5.963298134604327,18.0,12.667871490566688,110.0,110.0,110.0,110.0,110.0,110.0,110.0,110.0,110.0,110.0,110.0,0.06478372981266949,0.13233776368326278,0.03201206068982863,0.07893264686610527,0.10327382332513832,0.18655410348085114,0.05815486157070004,0.026106235871771025,0.1109331167884431,0.035993849537292046,0.06919998322762443
2023-09-29,-0.86896444471995,-0.5524079075923871,1.6889144497286273,0.26559857245676566,0.8317089743988936,1.4822438093908767,0.5279326174688539,1.1092735773674338,0.4221234148949039,-1.0783626375954385,0.38438808063294305,8.46519235700465,16.031551070727367,17.474649236490674,6.691940200675643,13.72817340850621,10.747589373565106,6.986531829620653,18.0,5.963298134604327,18.0,12.667871490566688,110.0,110.0,110.0,110.0,110.0,110.0,110.0,110.0,110.0,110.0,110.0,0.06478372981266949,0.13233776368326278,0.03201206068982863,0.07893264686610527,0.10327382332513832,0.18655410348085114,0.05815486157070004,0.026106235871771025,0.1109331167884431,0.035993849537292046,0.06919998322762443
2023-10-06,-0.6847154591679768,0.5769229387516108,1.370892386213333,-0.25766795634436634,0.5164114941547465,1.8605594917992057,0.9894363501328719,1.4546759160546245,0.889568173543502,-0.9894526575120768,0.8559131954544127,4.105343724988927,17.0,16.266670423170112,3.5519210406897583,11.661557830204169,12.039794468131628,16.0,12.867304132575384,14.445322130002474,14.487321650550582,17.665131859150705,106.0,106.0,106.0,106.0,106.0,106.0,106.0,106.0,106.0,106.0,106.0,0.1294374516112684,0.12174605702810017,0.015164205333955056,0.1162708682780091,0.09234467225330237,0.1879281951775552,0.025921164668472826,0.02039873775153061,0.07410844390812038,0.03934181027826236,0.05037072306256978
2023-10-13,-0.6847154591679768,0.5769229387516108,1.370892386213333,-0.25766795634436634,0.5164114941547465,1.8605594917992057,0.9894363501328719,1.4546759160546245,0.889568173543502,-0.9894526575120768,0.8559131954544127,4.105343724988927,17.0,16.266670423170112,3.5519210406897583,11.661557830204169,12.039794468131628,16.0,12.867304132575384,14.445322130002474,14.487321650550582,17.665131859150705,106.0,106.0,106.0,106.0,106.0,106.0,106.0,106.0,106.0,106.0,106.0,0.1294374516112684,0.12174605702810017,0.015164205333955056,0.1162708682780091,0.09234467225330237,0.1879281951775552,0.025921164668472826,0.02039873775153061,0.07410844390812038,0.03934181027826236,0.05037072306256978
2023-10-20,-0.6847154591679768,0.5769229387516108,1.370892386213333,-0.25766795634436634,0.5164114941547465,1.8605594917992057,0.9894363501328719,1.4546759160546245,0.889568173543502,-0.9894526575120768,0.8559131954544127,4.105343724988927,17.0,16.266670423170112,3.5519210406897583,11.661557830204169,12.039794468131628,16.0,12.867304132575384,14.445322130002474,14.487321650550582,17.665131859150705,106.0,106.0,106.0,106.0,106.0,106.0,106.0,106.0,106.0,106.0,106.0,0.1294374516112684,0.12174605702810017,0.015164205333955056,0.1162708682780091,0.09234467225330237,0.1879281951775552,0.025921164668472826,0.02039873775153061,0.07410844390812038,0.03934181027826236,0.05037072306256978
2023-10-27,-0.6847154591679768,0.5769229387516108,1.370892386213333,-0.25766795634436634,0.5164114941547465,1.8605594917992057,0.9894363501328719,1.4546759160546245,0.889568173543502,-0.9894526575120768,0.8559131954544127,4.105343724988927,17.0,16.266670423170112,3.5519210406897583,11.661557830204169,12.039794468131628,16.0,12.867304132575384,14.445322130002474,14.487321650550582,17.665131859150705,106.0,106.0,106.0,106.0,106.0,106.0,106.0,106.0,106.0,106.0,106.0,0.1294374516112684,0.12174605702810017,0.015164205333955056,0.1162708682780091,0.09234467225330237,0.1879281951775552,0.025921164668472826,0.02039873775153061,0.07410844390812038,0.03934181027826236,0.05037072306256978
2023-11-03,-0.48076768470705805,1.2089980602660775,2.888583201702514,-0.7018155858171292,-0.10639353969178757,1.9143597969417216,0.556173076928983,1.2464247571575366,1.0448787486553808,-0.6907844325056474,1.4164991332307855,4.004600094799251,14.139833797543488,12.344914633459178,1.6653935360258152,5.881974930209642,6.280747786159398,12.764318669027864,11.542514156781564,11.494483934587889,15.02180346083187,15.242353780806454,82.0,82.0,82.0,82.0,82.0,82.0,82.0,82.0,82.0,82.0,82.0,0.1487259359683549,0.1274507709749108,0.017877407179494723,0.09595795970624131,0.07359813397589236,0.08242614118335188,0.04167924826438457,0.010568845384993997,0.07383741136207339,0.048540934951393264,0.06273712700669044
2023-11-10,-0.48076768470705805,1.2089980602660775,2.888583201702514,-0.7018155858171292,-0.10639353969178757,1.9143597969417216,0.556173076928983,1.2464247571575366,1.0448787486553808,-0.6907844325056474,1.4164991332307855,4.004600094799251,14.139833797543488,12.344914633459178,1.6653935360258152,5.881974930209642,6.280747786159398,12.764318669027864,11.542514156781564,11.494483934587889,15.02180346083187,15.242353780806454,82.0,82.0,82.0,82.0,82.0,82.0,82.0,82.0,82.0,82.0,82.0,0.1487259359683549,0.1274507709749108,0.017877407179494723,0.09595795970624131,0.07359813397589236,0.08242614118335188,0.04167924826438457,0.010568845384993997,0.07383741136207339,0.048540934951393264,0.06273712700669044
2023-11-17,-0.48076768470705805,1.2089980602660775,2.888583201702514,-0.7018155858171292,-0.10639353969178757,1.9143597969417216,0.556173076928983,1.2464247571575366,1.0448787486553808,-0.6907844325056474,1.4164991332307855,4.004600094799251,14.139833797543488,12.344914633459178,1.6653935360258152,5.881974930209642,6.280747786159398,12.764318669027864,11.542514156781564,11.494483934587889,15.02180346083187,15.242353780806454,82.0,82.0,82.0,82.0,82.0,82.0,82.0,82.0,82.0,82.0,82.0,0.1487259359683549,0.1274507709749108,0.017877407179494723,0.09595795970624131,0.07359813397589236,0.08242614118335188,0.04167924826438457,0.010568845384993997,0.07383741136207339,0.048540934951393264,0.06273712700669044
2023-11-24,-0.48076768470705805,1.2089980602660775,2.888583201702514,-0.7018155858171292,-0.10639353969178757,1.9143597969417216,0.556173076928983,1.2464247571575366,1.0448787486553808,-0.6907844325056474,1.4164991332307855,4.004600094799251,14.139833797543488,12.344914633459178,1.6653935360258152,5.881974930209642,6.280747786159398,12.764318669027864,11.542514156781564,11.494483934587889,15.02180346083187,15.242353780806454,82.0,82.0,82.0,82.0,82.0,82.0,82.0,82.0,82.0,82.0,82.0,0.1487259359683549,0.1274507709749108,0.017877407179494723,0.09595795970624131,0.07359813397589236,0.08242614118335188,0.04167924826438457,0.010568845384993997,0.07383741136207339,0.048540934951393264,0.06273712700669044
2023-12-01,-0.3020315551592616,1.9332493960246222,1.9331653740346963,-1.4831042701721544,0.7878794444075657,2.163817008361612,-0.12116222791986428,0.5421198986559543,0.6268251326790152,-0.7810046388897581,1.6163474941741451,1.609465938318324,13.451600383544127,11.637843015720971,0.2160162355669843,8.26906781980404,4.134896687438505,12.16093065523348,7.845222839242491,5.046573259922755,11.68359680098566,13.924936401413552,86.0,86.0,86.0,86.0,86.0,86.0,86.0,86.0,86.0,86.0,86.0,0.14015959222240276,0.1256577126353709,0.016129099873267595,0.07886133595099008,0.04949893059726676,0.12614073236728987,0.04130186268697379,0.006687241266820514,0.11839522302080915,0.0345004193937988,0.046161526955899895
2023-12-08,-0.3020315551592616,1.9332493960246222,1.9331653740346963,-1.4831042701721544,0.7878794444075657,2.163817008361612,-0.12116222791986428,0.5421198986559543,0.6268251326790152,-0.7810046388897581,1.6163474941741451,1.609465938318324,13.451600383544127,11.637843015720971,0.2160162355669843,8.26906781980404,4.134896687438505,12.16093065523348,7.845222839242491,5.046573259922755,11.68359680098566,13.924936401413552,86.0,86.0,86.0,86.0,86.0,86.0,86.0,86.0,86.0,86.0,86.0,0.14015959222240276,0.1256577126353709,0.016129099873267595,0.07886133595099008,0.04949893059726676,0.12614073236728987,0.04130186268697379,0.006687241266820514,0.11839522302080915,0.0345004193937988,0.046161526955899895
2023-12-15,-0.3020315551592616,1.9332493960246222,1.9331653740346963,-1.4831042701721544,0.7878794444075657,2.163817008361612,-0.12116222791986428,0.5421198986559543,0.6268251326790152,-0.7810046388897581,1.6163474941741451,1.609465938318324,13.451600383544127,11.637843015720971,0.2160162355669843,8.26906781980404,4.134896687438505,12.16093065523348,7.845222839242491,5.046573259922755,11.68359680098566,13.924936401413552,86.0,86.0,86.0,86.0,86.0,86.0,86.0,86.0,86.0,86.0,86.0,0.14015959222240276,0.1256577126353709,0.016129099873267595,0.07886133595099008,0.04949893059726676,0.12614073236728987,0.04130186268697379,0.006687241266820514,0.11839522302080915,0.0345004193937988,0.046161526955899895
2023-12-22,-0.3020315551592616,1.9332493960246222,1.9331653740346963,-1.4831042701721544,0.7878794444075657,2.163817008361612,-0.12116222791986428,0.5421198986559543,0.6268251326790152,-0.7810046388897581,1.6163474941741451,1.609465938318324,13.451600383544127,11.637843015720971,0.2160162355669843,8.26906781980404,4.134896687438505,12.16093065523348,7.845222839242491,5.046573259922755,11.68359680098566,13.924936401413552,86.0,86.0,86.0,86.0,86.0,86.0,86.0,86.0,86.0,86.0,86.0,0.14015959222240276,0.1256577126353709,0.016129099873267595,0.07886133595099008,0.04949893059726676,0.12614073236728987,0.04130186268697379,0.006687241266820514,0.11839522302080915,0.0345004193937988,0.046161526955899895
2023-12-29,-0.3020315551592616,1.9332493960246222,1.9331653740346963,-1.4831042701721544,0.7878794444075657,2.163817008361612,-0.12116222791986428,0.5421198986559543,0.6268251326790152,-0.7810046388897581,1.6163474941741451,1.609465938318324,13.451600383544127,11.637843015720971,0.2160162355669843,8.26906781980404,4.134896687438505,12.16093065523348,7.845222839242491,5.046573259922755,11.68359680098566,13.924936401413552,86.0,86.0,86.0,86.0,86.0,86.0,86.0,86.0,86.0,86.0,86.0,0.14015959222240276,0.1256577126353709,0.016129099873267595,0.07886133595099008,0.04949893059726676,0.12614073236728987,0.04130186268697379,0.006687241266820514,0.11839522302080915,0.0345004193937988,0.046161526955899895
2024-01-05,-0.986756259249245,1.7019429958896064,1.0085899002932892,-1.889268371488831,0.2321683528106118,0.5573100685675887,-0.03483078078427706,1.0906967371507716,1.3126888159868326,-0.8278055501168456,1.89654204737977,1.994809352490034,15.293993424957764,10.997689750380347,0.0,9.335376867918333,5.868907838635618,14.98216282971386,11.47302818212686,6.947900402662506,9.39960177331881,12.069158426668825,80.0,80.0,80.0,80.0,80.0,80.0,80.0,80.0,80.0,80.0,80.0,0.1155693511007974,0.13047145852941666,0.02579561382353971,0.0938362497550249,0.07592450502326117,0.22325668349507716,0.02812103142249046,0.000334233531165552,0.07278181060437808,0.02952748086770018,0.0371346060128779
2024-01-12,-0.986756259249245,1.7019429958896064,1.0085899002932892,-1.889268371488831,0.2321683528106118,0.5573100685675887,-0.03483078078427706,1.0906967371507716,1.3126888159868326,-0.8278055501168456,1.89654204737977,1.994809352490034,15.293993424957764,10.997689750380347,0.0,9.335376867918333,5.868907838635618,14.98216282971386,11.47302818212686,6.947900402662506,9.39960177331881,12.069158426668825,80.0,80.0,80.0,80.0,80.0,80.0,80.0,80.0,80.0,80.0,80.0,0.1155693511007974,0.13047145852941666,0.02579561382353971,0.0938362497550249,0.07592450502326117,0.22325668349507716,0.02812103142249046,0.000334233531165552,0.07278181060437808,0.02952748086770018,0.0371346060128779
2024-01-19,-0.986756259249245,1.7019429958896064,1.0085899002932892,-1.889268371488831,0.2321683528106118,0.5573100685675887,-0.03483078078427706,1.0906967371507716,1.3126888159868326,-0.8278055501168456,1.89654204737977,1.994809352490034,15.293993424957764,10.997689750380347,0.0,9.335376867918333,5.868907838635618,14.98216282971386,11.47302818212686,6.947900402662506,9.39960177331881,12.069158426668825,80.0,80.0,80.0,80.0,80.0,80.0,80.0,80.0,80.0,80.0,80.0,0.1155693511007974,0.13047145852941666,0.02579561382353971,0.0938362497550249,0.07592450502326117,0.22325668349507716,0.02812103142249046,0.000334233531165552,0.07278181060437808,0.02952748086770018,0.0371346060128779
2024-01-26,-0.986756259249245,1.7019429958896064,1.0085899002932892,-1.889268371488831,0.2321683528106118,0.5573100685675887,-0.03483078078427706,1.0906967371507716,1.3126888159868326,-0.8278055501168456,1.89654204737977,1.994809352490034,15.293993424957764,10.997689750380347,0.0,9.335376867918333,5.868907838635618,14.98216282971386,11.47302818212686,6.947900402662506,9.39960177331881,12.069158426668825,80.0,80.0,80.0,80.0,80.0,80.0,80.0,80.0,80.0,80.0,80.0,0.1155693511007974,0.13047145852941666,0.02579561382353971,0.0938362497550249,0.07592450502326117,0.22325668349507716,0.02812103142249046,0.000334233531165552,0.07278181060437808,0.02952748086770018,0.0371346060128779
2024-02-02,-0.4831298772951924,-0.17137439259248866,1.927688055675516,-0.2079200851279166,0.4279367501900633,1.4877565847230065,-0.10071598854606932,0.6525564983561282,1.2190915950294245,-0.9257235843514657,1.787943556838387,0.9464928162370913,9.82732523629058,10.053778103341411,3.1325442444410836,5.38626087908479,5.488881600524763,12.658087892627451,11.68770742286334,7.1020831621332885,12.179587032331156,14.296743522153012,76.0,76.0,76.0,76.0,76.0,76.0,76.0,76.0,76.0,76.0,76.0,0.07607347104599733,0.0915353423730657,0.02202718726699379,0.08434643422032183,0.05936551873993124,0.1386858044914447,0.025803164202232987,0.018926403351879912,0.11228736758477767,0.04998810433907179,0.04375129117420275
2024-02-09,-0.4831298772951924,-0.17137439259248866,1.927688055675516,-0.2079200851279166,0.4279367501900633,1.4877565847230065,-0.10071598854606932,0.6525564983561282,1.2190915950294245,-0.9257235843514657,1.787943556838387,0.9464928162370913,9.82732523629058,10.053778103341411,3.1325442444410836,5.38626087908479,5.488881600524763,12.658087892627451,11.68770742286334,7.1020831621332885,12.179587032331156,14.296743522153012,76.0,76.0,76.0,76.0,76.0,76.0,76.0,76.0,76.0,76.0,76.0,0.07607347104599733,0.0915353423730657,0.02202718726699379,0.08434643422032183,0.05936551873993124,0.1386858044914447,0.025803164202232987,0.018926403351879912,0.11228736758477767,0.04998810433907179,0.04375129117420275
2024-02-16,-0.4831298772951924,-0.17137439259248866,1.927688055675516,-0.2079200851279166,0.4279367501900633,1.4877565847230065,-0.10071598854606932,0.6525564983561282,1.2190915950294245,-0.9257235843514657,1.787943556838387,0.9464928162370913,9.82732523629058,10.053778103341411,3.1325442444410836,5.38626087908479,5.488881600524763,12.658087892627451,11.68770742286334,7.1020831621332885,12.179587032331156,14.296743522153012,76.0,76.0,76.0,76.0,76.0,76.0,76.0,76.0,76.0,76.0,76.0,0.07607347104599733,0.0915353423730657,0.02202718726699379,0.08434643422032183,0.05936551873993124,0.1386858044914447,0.025803164202232987,0.018926403351879912,0.11228736758477767,0.04998810433907179,0.04375129117420275
2024-02-23,-0.4831298772951924,-0.17137439259248866,1.927688055675516,-0.2079200851279166,0.4279367501900633,1.4877565847230065,-0.10071598854606932,0.6525564983561282,1.2190915950294245,-0.9257235843514657,1.787943556838387,0.9464928162370913,9.82732523629058,10.053778103341411,3.1325442444410836,5.38626087908479,5.488881600524763,12.658087892627451,11.68770742286334,7.1020831621332885,12.179587032331156,14.296743522153012,76.0,76.0,76.0,76.0,76.0,76.0,76.0,76.0,76.0,76.0,76.0,0.07607347104599733,0.0915353423730657,0.02202718726699379,0.08434643422032183,0.05936551873993124,0.1386858044914447,0.025803164202232987,0.018926403351879912,0.11228736758477767,0.04998810433907179,0.04375129117420275
2024-03-01,-0.8737310308909264,1.4846321349694565,2.2000769988897493,0.07871227263127588,-0.17164008483964327,1.3855533591386962,0.7007920999097982,-0.19015462834507066,1.0021184703862789,-0.8352529342944418,1.5513945760301733,4.924533579914989,8.83802109492717,11.959666422493948,3.5604169817980127,4.6001204225737595,7.362337378375424,14.75801565849566,9.58581145467092,9.538807625934751,11.206285821150017,7.623024414950557,82.0,82.0,82.0,82.0,82.0,82.0,82.0,82.0,82.0,82.0,82.0,0.0781895513686329,0.12485609442106682,0.06577457190722195,0.09581605388297425,0.0797527321390467,0.10137149261315924,0.03161127875484291,0.021243456184492856,0.08389247330332955,0.03417610679699772,0.03329946224016075
2024-03-08,-0.8737310308909264,1.4846321349694565,2.2000769988897493,0.07871227263127588,-0.17164008483964327,1.3855533591386962,0.7007920999097982,-0.19015462834507066,1.0021184703862789,-0.8352529342944418,1.5513945760301733,4.924533579914989,8.83802109492717,11.959666422493948,3.5604169817980127,4.6001204225737595,7.362337378375424,14.75801565849566,9.58581145467092,9.538807625934751,11.206285821150017,7.623024414950557,82.0,82.0,82.0,82.0,82.0,82.0,82.0,82.0,82.0,82.0,82.0,0.0781895513686329,0.12485609442106682,0.06577457190722195,0.09581605388297425,0.0797527321390467,0.10137149261315924,0.03161127875484291,0.021243456184492856,0.08389247330332955,0.03417610679699772,0.03329946224016075
2024-03-15,-0.8737310308909264,1.4846321349694565,2.2000769988897493,0.07871227263127588,-0.17164008483964327,1.3855533591386962,0.7007920999097982,-0.19015462834507066,1.0021184703862789,-0.8352529342944418,1.5513945760301733,4.924533579914989,8.83802109492717,11.959666422493948,3.5604169817980127,4.6001204225737595,7.362337378375424,14.75801565849566,9.58581145467092,9.538807625934751,11.206285821150017,7.623024414950557,82.0,82.0,82.0,82.0,82.0,82.0,82.0,82.0,82.0,82.0,82.0,0.0781895513686329,0.12485609442106682,0.06577457190722195,0.09581605388297425,0.0797527321390467,0.10137149261315924,0.03161127875484291,0.021243456184492856,0.08389247330332955,0.03417610679699772,0.03329946224016075
2024-03-22,-0.8737310308909264,1.4846321349694565,2.2000769988897493,0.07871227263127588,-0.17164008483964327,1.3855533591386962,0.7007920999097982,-0.19015462834507066,1.0021184703862789,-0.8352529342944418,1.5513945760301733,4.924533579914989,8.83802109492717,11.959666422493948,3.5604169817980127,4.6001204225737595,7.362337378375424,14.75801565849566,9.58581145467092,9.538807625934751,11.206285821150017,7.623024414950557,82.0,82.0,82.0,82.0,82.0,82.0,82.0,82.0,82.0,82.0,82.0,0.0781895513686329,0.12485609442106682,0.06577457190722195,0.09581605388297425,0.0797527321390467,0.10137149261315924,0.03161127875484291,0.021243456184492856,0.08389247330332955,0.03417610679699772,0.03329946224016075
2024-03-29,-0.8737310308909264,1.4846321349694565,2.2000769988897493,0.07871227263127588,-0.17164008483964327,1.3855533591386962,0.7007920999097982,-0.19015462834507066,1.0021184703862789,-0.8352529342944418,1.5513945760301733,4.924533579914989,8.83802109492717,11.959666422493948,3.5604169817980127,4.6001204225737595,7.362337378375424,14.75801565849566,9.58581145467092,9.538807625934751,11.206285821150017,7.623024414950557,82.0,82.0,82.0,82.0,82.0,82.0,82.0,82.0,82.0,82.0,82.0,0.0781895513686329,0.12485609442106682,0.06577457190722195,0.09581605388297425,0.0797527321390467,0.10137149261315924,0.03161127875484291,0.021243456184492856,0.08389247330332955,0.03417610679699772,0.03329946224016075
2024-04-05,-0.8126147594044424,2.9918720250416726,1.9216204891819375,-0.21093470609420387,0.008225712450116883,1.1754018033304965,0.8139640805717173,1.4596052324205027,1.4373281849880477,-0.8582489299428863,3.1543013645105273,3.5552205636670218,9.037635267795988,10.7257113878402,2.4869031412292646,8.990607039246814,1.4577019787908607,9.0,14.70142060701651,5.803003533568906,12.65073759941916,13.96925396843668,79.0,79.0,79.0,79.0,79.0,79.0,79.0,79.0,79.0,79.0,79.0,0.07187248605395799,0.12640911283042516,0.03864650829919513,0.08766637554670063,0.10493930424203007,0.13752173650387692,0.03496435080500178,0.02798176681512098,0.10391755086483402,0.0521402875460989,0.04843315689873247
2024-04-12,-0.8126147594044424,2.9918720250416726,1.9216204891819375,-0.21093470609420387,0.008225712450116883,1.1754018033304965,0.8139640805717173,1.4596052324205027,1.4373281849880477,-0.8582489299428863,3.1543013645105273,3.5552205636670218,9.037635267795988,10.7257113878402,2.4869031412292646,8.990607039246814,1.4577019787908607,9.0,14.70142060701651,5.803003533568906,12.65073759941916,13.96925396843668,79.0,79.0,79.0,79.0,79.0,79.0,79.0,79.0,79.0,79.0,79.0,0.07187248605395799,0.12640911283042516,0.03864650829919513,0.08766637554670063,0.10493930424203007,0.13752173650387692,0.03496435080500178,0.02798176681512098,0.10391755086483402,0.0521402875460989,0.04843315689873247
2024-04-19,-0.8126147594044424,2.9918720250416726,1.9216204891819375,-0.21093470609420387,0.008225712450116883,1.1754018033304965,0.8139640805717173,1.4596052324205027,1.4373281849880477,-0.8582489299428863,3.1543013645105273,3.5552205636670218,9.037635267795988,10.7257113878402,2.4869031412292646,8.990607039246814,1.4577019787908607,9.0,14.70142060701651,5.803003533568906,12.65073759941916,13.96925396843668,79.0,79.0,79.0,79.0,79.0,79.0,79.0,79.0,79.0,79.0,79.0,0.07187248605395799,0.12640911283042516,0.03864650829919513,0.08766637554670063,0.10493930424203007,0.13752173650387692,0.03496435080500178,0.02798176681512098,0.10391755086483402,0.0521402875460989,0.04843315689873247
2024-04-26,-0.8126147594044424,2.9918720250416726,1.9216204891819375,-0.21093470609420387,0.008225712450116883,1.1754018033304965,0.8139640805717173,1.4596052324205027,1.4373281849880477,-0.8582489299428863,3.1543013645105273,3.5552205636670218,9.037635267795988,10.7257113878402,2.4869031412292646,8.990607039246814,1.4577019787908607,9.0,14.70142060701651,5.803003533568906,12.65073759941916,13.96925396843668,79.0,79.0,79.0,79.0,79.0,79.0,79.0,79.0,79.0,79.0,79.0,0.07187248605395799,0.12640911283042516,0.03864650829919513,0.08766637554670063,0.10493930424203007,0.13752173650387692,0.03496435080500178,0.02798176681512098,0.10391755086483402,0.0521402875460989,0.04843315689873247
2024-05-03,-0.9102417157584436,1.0612103632128635,2.223764821520629,-0.1353136259510808,-0.14756442486982616,1.4109123054124262,0.7078061179161916,1.7839186456508302,1.4722707921053582,-0.7485424151249742,1.673368117435524,4.513244698623859,15.77229350257979,14.0925339493999,2.82546765491857,8.901187804477535,6.392478408221276,12.619477584117808,12.265063144174642,14.57769742789055,14.73596030934072,15.997260368584024,84.0,84.0,84.0,84.0,84.0,84.0,84.0,84.0,84.0,84.0,84.0,0.08967209360991449,0.12645048382054078,0.0518479043426497,0.08524510067889875,0.13591398839206778,0.13520611429736937,0.0861525055322183,0.08169271542526253,0.085267487780557,0.10902580974567869,0.055545288974913155
2024-05-10,-0.9102417157584436,1.0612103632128635,2.223764821520629,-0.1353136259510808,-0.14756442486982616,1.4109123054124262,0.7078061179161916,1.7839186456508302,1.4722707921053582,-0.7485424151249742,1.673368117435524,4.513244698623859,15.77229350257979,14.0925339493999,2.82546765491857,8.901187804477535,6.392478408221276,12.619477584117808,12.265063144174642,14.57769742789055,14.73596030934072,15.997260368584024,84.0,84.0,84.0,84.0,84.0,84.0,84.0,84.0,84.0,84.0,84.0,0.08967209360991449,0.12645048382054078,0.0518479043426497,0.08524510067889875,0.13591398839206778,0.13520611429736937,0.0861525055322183,0.08169271542526253,0.085267487780557,0.10902580974567869,0.055545288974913155
2024-05-17,-0.9102417157584436,1.0612103632128635,2.223764821520629,-0.1353136259510808,-0.14756442486982616,1.4109123054124262,0.7078061179161916,1.7839186456508302,1.4722707921053582,-0.7485424151249742,1.673368117435524,4.513244698623859,15.77229350257979,14.0925339493999,2.82546765491857,8.901187804477535,6.392478408221276,12.619477584117808,12.265063144174642,14.57769742789055,14.73596030934072,15.997260368584024,84.0,84.0,84.0,84.0,84.0,84.0,84.0,84.0,84.0,84.0,84.0,0.08967209360991449,0.12645048382054078,0.0518479043426497,0.08524510067889875,0.13591398839206778,0.13520611429736937,0.0861525055322183,0.08169271542526253,0.085267487780557,0.10902580974567869,0.055545288974913155
2024-05-24,-0.9102417157584436,1.0612103632128635,2.223764821520629,-0.1353136259510808,-0.14756442486982616,1.4109123054124262,0.7078061179161916,1.7839186456508302,1.4722707921053582,-0.7485424151249742,1.673368117435524,4.513244698623859,15.77229350257979,14.0925339493999,2.82546765491857,8.901187804477535,6.392478408221276,12.619477584117808,12.265063144174642,14.57769742789055,14.73596030934072,15.997260368584024,84.0,84.0,84.0,84.0,84.0,84.0,84.0,84.0,84.0,84.0,84.0,0.08967209360991449,0.12645048382054078,0.0518479043426497,0.08524510067889875,0.13591398839206778,0.13520611429736937,0.0861525055322183,0.08169271542526253,0.085267487780557,0.10902580974567869,0.055545288974913155
2024-05-31,-0.9102417157584436,1.0612103632128635,2.223764821520629,-0.1353136259510808,-0.14756442486982616,1.4109123054124262,0.7078061179161916,1.7839186456508302,1.4722707921053582,-0.7485424151249742,1.673368117435524,4.513244698623859,15.77229350257979,14.0925339493999,2.82546765491857,8.901187804477535,6.392478408221276,12.619477584117808,12.265063144174642,14.57769742789055,14.73596030934072,15.997260368584024,84.0,84.0,84.0,84.0,84.0,84.0,84.0,84.0,84.0,84.0,84.0,0.08967209360991449,0.12645048382054078,0.0518479043426497,0.08524510067889875,0.13591398839206778,0.13520611429736937,0.0861525055322183,0.08169271542526253,0.085267487780557,0.10902580974567869,0.055545288974913155
2024-06-07,-0.9251440367109827,0.9943146145946764,1.4416217816678683,-0.14661960386137024,-0.07489156309760463,1.8761209166203452,1.023292174414979,1.6037516705985408,1.2700251497293977,-0.8053465801220704,0.5101913665672715,2.430512926110979,14.839025615268708,13.950898743449605,1.885405637069531,14.156264710712136,3.0679676396632787,12.934593158728676,14.877172805835777,7.2324451475059615,14.473460721868362,13.59125389937034,103.0,103.0,103.0,103.0,103.0,103.0,103.0,103.0,103.0,103.0,103.0,0.09420960686841941,0.171837093560026,0.06461783206611574,0.08509204644164427,0.1311643469934004,0.13355010486297447,0.08683629504177454,0.06402672911949008,0.15558544318218265,0.1895604414641373,0.0745515960736796
2024-06-14,-0.9251440367109827,0.9943146145946764,1.4416217816678683,-0.14661960386137024,-0.07489156309760463,1.8761209166203452,1.023292174414979,1.6037516705985408,1.2700251497293977,-0.8053465801220704,0.5101913665672715,2.430512926110979,14.839025615268708,13.950898743449605,1.885405637069531,14.156264710712136,3.0679676396632787,12.934593158728676,14.877172805835777,7.2324451475059615,14.473460721868362,13.59125389937034,103.0,103.0,103.0,103.0,103.0,103.0,103.0,103.0,103.0,103.0,103.0,0.09420960686841941,0.171837093560026,0.06461783206611574,0.08509204644164427,0.1311643469934004,0.13355010486297447,0.08683629504177454,0.06402672911949008,0.15558544318218265,0.1895604414641373,0.0745515960736796
2024-06-21,-0.9251440367109827,0.9943146145946764,1.4416217816678683,-0.14661960386137024,-0.07489156309760463,1.8761209166203452,1.023292174414979,1.6037516705985408,1.2700251497293977,-0.8053465801220704,0.5101913665672715,2.430512926110979,14.839025615268708,13.950898743449605,1.885405637069531,14.156264710712136,3.0679676396632787,12.934593158728676,14.877172805835777,7.2324451475059615,14.473460721868362,13.59125389937034,103.0,103.0,103.0,103.0,103.0,103.0,103.0,103.0,103.0,103.0,103.0,0.09420960686841941,0.171837093560026,0.06461783206611574,0.08509204644164427,0.1311643469934004,0.13355010486297447,0.08683629504177454,0.06402672911949008,0.15558544318218265,0.1895604414641373,0.0745515960736796
2024-06-28,-0.9251440367109827,0.9943146145946764,1.4416217816678683,-0.14661960386137024,-0.07489156309760463,1.8761209166203452,1.023292174414979,1.6037516705985408,1.2700251497293977,-0.8053465801220704,0.5101913665672715,2.430512926110979,14.839025615268708,13.950898743449605,1.885405637069531,14.156264710712136,3.0679676396632787,12.934593158728676,14.877172805835777,7.2324451475059615,14.473460721868362,13.59125389937034,103.0,103.0,103.0,103.0,103.0,103.0,103.0,103.0,103.0,103.0,103.0,0.09420960686841941,0.171837093560026,0.06461783206611574,0.08509204644164427,0.1311643469934004,0.13355010486297447,0.08683629504177454,0.06402672911949008,0.15558544318218265,0.1895604414641373,0.0745515960736796
2024-07-05,-0.941600822096407,0.21100121382597178,0.6699777561643269,-0.22656542478289646,-0.6748419159222648,1.56856844045423,-0.2572754412814283,0.7662353439473979,1.4174425781640727,-0.8802611279617273,0.6759252591710622,2.618821536524909,4.786196977306974,10.590511072293909,0.9913401905914389,6.952914773660295,7.234951350169456,1.2834141112871658,12.177723742866847,5.262408579176599,11.0,11.654081245035858,95.0,95.0,95.0,95.0,95.0,95.0,95.0,95.0,95.0,95.0,95.0,0.08414610506480064,0.16109905923746312,0.05216313556279467,0.09110557220723058,0.16907654985818327,0.09276604307839106,0.08683629504177454,0.05364356737092804,0.14534261393303413,0.16011430104722485,0.06449006735295225
2024-07-12,-0.941600822096407,0.21100121382597178,0.6699777561643269,-0.22656542478289646,-0.6748419159222648,1.56856844045423,-0.2572754412814283,0.7662353439473979,1.4174425781640727,-0.8802611279617273,0.6759252591710622,2.618821536524909,4.786196977306974,10.590511072293909,0.9913401905914389,6.952914773660295,7.234951350169456,1.2834141112871658,12.177723742866847,5.262408579176599,11.0,11.654081245035858,95.0,95.0,95.0,95.0,95.0,95.0,95.0,95.0,95.0,95.0,95.0,0.08414610506480064,0.16109905923746312,0.05216313556279467,0.09110557220723058,0.16907654985818327,0.09276604307839106,0.08683629504177454,0.05364356737092804,0.14534261393303413,0.16011430104722485,0.06449006735295225
2024-07-19,-0.941600822096407,0.21100121382597178,0.6699777561643269,-0.22656542478289646,-0.6748419159222648,1.56856844045423,-0.2572754412814283,0.7662353439473979,1.4174425781640727,-0.8802611279617273,0.6759252591710622,2.618821536524909,4.786196977306974,10.590511072293909,0.9913401905914389,6.952914773660295,7.234951350169456,1.2834141112871658,12.177723742866847,5.262408579176599,11.0,11.654081245035858,95.0,95.0,95.0,95.0,95.0,95.0,95.0,95.0,95.0,95.0,95.0,0.08414610506480064,0.16109905923746312,0.05216313556279467,0.09110557220723058,0.16907654985818327,0.09276604307839106,0.08683629504177454,0.05364356737092804,0.14534261393303413,0.16011430104722485,0.06449006735295225
2024-07-26,-0.941600822096407,0.21100121382597178,0.6699777561643269,-0.22656542478289646,-0.6748419159222648,1.56856844045423,-0.2572754412814283,0.7662353439473979,1.4174425781640727,-0.8802611279617273,0.6759252591710622,2.618821536524909,4.786196977306974,10.590511072293909,0.9913401905914389,6.952914773660295,7.234951350169456,1.2834141112871658,12.177723742866847,5.262408579176599,11.0,11.654081245035858,95.0,95.0,95.0,95.0,95.0,95.0,95.0,95.0,95.0,95.0,95.0,0.08414610506480064,0.16109905923746312,0.05216313556279467,0.09110557220723058,0.16907654985818327,0.09276604307839106,0.08683629504177454,0.05364356737092804,0.14534261393303413,0.16011430104722485,0.06449006735295225
2024-08-02,-0.8759100849411258,-1.7102666428896394,1.1966271737747427,0.021301321626198536,0.03767062024406586,1.6144671294076312,-3.834943645983821,0.5105216965289584,1.0551258193310107,-0.7831790515317301,0.3636969069053625,13.953626071348094,10.890587187799648,14.834383276046657,4.444133514848988,18.775083474738626,16.38772275062862,0.2180538726815173,16.01675812440443,17.20622072479251,16.97282817948803,9.645436441702255,109.0,109.0,109.0,109.0,109.0,109.0,109.0,109.0,109.0,109.0,109.0,0.08243012051494518,0.15701538311686972,0.0655389977651715,0.09150177956320643,0.17649704589395912,0.1342351601248382,0.056548966412482124,0.034499473062405986,0.07820029535289912,0.07851442106240544,0.0660527713324574
2024-08-09,-0.8759100849411258,-1.7102666428896394,1.1966271737747427,0.021301321626198536,0.03767062024406586,1.6144671294076312,-3.834943645983821,0.5105216965289584,1.0551258193310107,-0.7831790515317301,0.3636969069053625,13.953626071348094,10.890587187799648,14.834383276046657,4.444133514848988,18.775083474738626,16.38772275062862,0.2180538726815173,16.01675812440443,17.20622072479251,16.97282817948803,9.645436441702255,109.0,109.0,109.0,109.0,109.0,109.0,109.0,109.0,109.0,109.0,109.0,0.08243012051494518,0.15701538311686972,0.0655389977651715,0.09150177956320643,0.17649704589395912,0.1342351601248382,0.056548966412482124,0.034499473062405986,0.07820029535289912,0.07851442106240544,0.0660527713324574
2024-08-16,-0.8759100849411258,-1.7102666428896394,1.1966271737747427,0.021301321626198536,0.03767062024406586,1.6144671294076312,-3.834943645983821,0.5105216965289584,1.0551258193310107,-0.7831790515317301,0.3636969069053625,13.953626071348094,10.890587187799648,14.834383276046657,4.444133514848988,18.775083474738626,16.38772275062862,0.2180538726815173,16.01675812440443,17.20622072479251,16.97282817948803,9.645436441702255,109.0,109.0,109.0,109.0,109.0,109.0,109.0,109.0,109.0,109.0,109.0,0.08243012051494518,0.15701538311686972,0.0655389977651715,0.09150177956320643,0.17649704589395912,0.1342351601248382,0.056548966412482124,0.034499473062405986,0.07820029535289912,0.07851442106240544,0.0660527713324574
2024-08-23,-0.8759100849411258,-1.7102666428896394,1.1966271737747427,0.021301321626198536,0.03767062024406586,1.6144671294076312,-3.834943645983821,0.5105216965289584,1.0551258193310107,-0.7831790515317301,0.3636969069053625,13.953626071348094,10.890587187799648,14.834383276046657,4.444133514848988,18.775083474738626,16.38772275062862,0.2180538726815173,16.01675812440443,17.20622072479251,16.97282817948803,9.645436441702255,109.0,109.0,109.0,109.0,109.0,109.0,109.0,109.0,109.0,109.0,109.0,0.08243012051494518,0.15701538311686972,0.0655389977651715,0.09150177956320643,0.17649704589395912,0.1342351601248382,0.056548966412482124,0.034499473062405986,0.07820029535289912,0.07851442106240544,0.0660527713324574
2024-08-30,-0.8759100849411258,-1.7102666428896394,1.1966271737747427,0.021301321626198536,0.03767062024406586,1.6144671294076312,-3.834943645983821,0.5105216965289584,1.0551258193310107,-0.7831790515317301,0.3636969069053625,13.953626071348094,10.890587187799648,14.834383276046657,4.444133514848988,18.775083474738626,16.38772275062862,0.2180538726815173,16.01675812440443,17.20622072479251,16.97282817948803,9.645436441702255,109.0,109.0,109.0,109.0,109.0,109.0,109.0,109.0,109.0,109.0,109.0,0.08243012051494518,0.15701538311686972,0.0655389977651715,0.09150177956320643,0.17649704589395912,0.1342351601248382,0.056548966412482124,0.034499473062405986,0.07820029535289912,0.07851442106240544,0.0660527713324574
2024-09-06,-0.8380818778681532,0.5126345544838977,1.2263134083399552,-0.17841029639184178,-0.2953713340543345,1.2842895989154424,1.4179462353756889,2.143980119556144,0.5581057057271362,-0.8990897234948573,0.8137203725919333,10.775729837675708,13.805876443997985,15.0,1.4969495285635053,9.916043571076692,11.112670821034223,9.895178954236178,15.982540882156432,10.168008875010274,16.0,10.392584577486677,101.0,101.0,101.0,101.0,101.0,101.0,101.0,101.0,101.0,101.0,101.0,0.11520880304015836,0.1005915787519586,0.023313490394892156,0.10035280477308724,0.09777678388042389,0.1907842885220486,0.07297460343748695,0.01430727833723449,0.08113330222278732,0.033425767189570244,0.05759223722990575
2024-09-13,-0.8380818778681532,0.5126345544838977,1.2263134083399552,-0.17841029639184178,-0.2953713340543345,1.2842895989154424,1.4179462353756889,2.143980119556144,0.5581057057271362,-0.8990897234948573,0.8137203725919333,10.775729837675708,13.805876443997985,15.0,1.4969495285635053,9.916043571076692,11.112670821034223,9.895178954236178,15.982540882156432,10.168008875010274,16.0,10.392584577486677,101.0,101.0,101.0,101.0,101.0,101.0,101.0,101.0,101.0,101.0,101.0,0.11520880304015836,0.1005915787519586,0.023313490394892156,0.10035280477308724,0.09777678388042389,0.1907842885220486,0.07297460343748695,0.01430727833723449,0.08113330222278732,0.033425767189570244,0.05759223722990575
2024-09-20,-0.8380818778681532,0.5126345544838977,1.2263134083399552,-0.17841029639184178,-0.2953713340543345,1.2842895989154424,1.4179462353756889,2.143980119556144,0.5581057057271362,-0.8990897234948573,0.8137203725919333,10.775729837675708,13.805876443997985,15.0,1.4969495285635053,9.916043571076692,11.112670821034223,9.895178954236178,15.982540882156432,10.168008875010274,16.0,10.392584577486677,101.0,101.0,101.0,101.0,101.0,101.0,101.0,101.0,101.0,101.0,101.0,0.11520880304015836,0.1005915787519586,0.023313490394892156,0.10035280477308724,0.09777678388042389,0.1907842885220486,0.07297460343748695,0.01430727833723449,0.08113330222278732,0.033425767189570244,0.05759223722990575
2024-09-27,-0.8380818778681532,0.5126345544838977,1.2263134083399552,-0.17841029639184178,-0.2953713340543345,1.2842895989154424,1.4179462353756889,2.143980119556144,0.5581057057271362,-0.8990897234948573,0.8137203725919333,10.775729837675708,13.805876443997985,15.0,1.4969495285635053,9.916043571076692,11.112670821034223,9.895178954236178,15.982540882156432,10.168008875010274,16.0,10.392584577486677,101.0,101.0,101.0,101.0,101.0,101.0,101.0,101.0,101.0,101.0,101.0,0.11520880304015836,0.1005915787519586,0.023313490394892156,0.10035280477308724,0.09777678388042389,0.1907842885220486,0.07297460343748695,0.01430727833723449,0.08113330222278732,0.033425767189570244,0.05759223722990575
2024-10-04,-0.7419802943398157,0.917151276053037,0.8206715319001886,-0.13224718710504701,1.7679545124105185,1.2228293898425822,0.5009816574058653,0.7535332100547161,0.9665272357256756,-0.9002304556537478,1.130376241271958,8.283659561903132,19.697650792201273,16.867898799797153,3.665998588211566,20.53649351360228,4.759527714004592,13.12285627737906,16.00675801487421,8.50031843208152,16.399975798378495,19.015551437155377,107.0,107.0,107.0,107.0,107.0,107.0,107.0,107.0,107.0,107.0,107.0,0.13075475576866,0.10846822090630717,0.014679813399352476,0.12912686122682548,0.08068589211130543,0.2228324659851136,0.02680164886767486,0.025289979936791315,0.124534073282347,0.040333123740573386,0.04245942120331883
2024-10-11,-0.7419802943398157,0.917151276053037,0.8206715319001886,-0.13224718710504701,1.7679545124105185,1.2228293898425822,0.5009816574058653,0.7535332100547161,0.9665272357256756,-0.9002304556537478,1.130376241271958,8.283659561903132,19.697650792201273,16.867898799797153,3.665998588211566,20.53649351360228,4.759527714004592,13.12285627737906,16.00675801487421,8.50031843208152,16.399975798378495,19.015551437155377,107.0,107.0,107.0,107.0,107.0,107.0,107.0,107.0,107.0,107.0,107.0,0.13075475576866,0.10846822090630717,0.014679813399352476,0.12912686122682548,0.08068589211130543,0.2228324659851136,0.02680164886767486,0.025289979936791315,0.124534073282347,0.040333123740573386,0.04245942120331883
2024-10-18,-0.7419802943398157,0.917151276053037,0.8206715319001886,-0.13224718710504701,1.7679545124105185,1.2228293898425822,0.5009816574058653,0.7535332100547161,0.9665272357256756,-0.9002304556537478,1.130376241271958,8.283659561903132,19.697650792201273,16.867898799797153,3.665998588211566,20.53649351360228,4.759527714004592,13.12285627737906,16.00675801487421,8.50031843208152,16.399975798378495,19.015551437155377,107.0,107.0,107.0,107.0,107.0,107.0,107.0,107.0,107.0,107.0,107.0,0.13075475576866,0.10846822090630717,0.014679813399352476,0.12912686122682548,0.08068589211130543,0.2228324659851136,0.02680164886767486,0.025289979936791315,0.124534073282347,0.040333123740573386,0.04245942120331883
2024-10-25,-0.7419802943398157,0.917151276053037,0.8206715319001886,-0.13224718710504701,1.7679545124105185,1.2228293898425822,0.5009816574058653,0.7535332100547161,0.9665272357256756,-0.9002304556537478,1.130376241271958,8.283659561903132,19.697650792201273,16.867898799797153,3.665998588211566,20.53649351360228,4.759527714004592,13.12285627737906,16.00675801487421,8.50031843208152,16.399975798378495,19.015551437155377,107.0,107.0,107.0,107.0,107.0,107.0,107.0,107.0,107.0,107.0,107.0,0.13075475576866,0.10846822090630717,0.014679813399352476,0.12912686122682548,0.08068589211130543,0.2228324659851136,0.02680164886767486,0.025289979936791315,0.124534073282347,0.040333123740573386,0.04245942120331883
2024-11-01,-0.7594226602525784,1.7657517449018152,0.9369151150519598,-0.11778645235546416,-0.8458539100872363,1.6723478215741858,0.39897344571200527,0.8796422250852814,1.1443305780085125,-0.5946693112969517,0.3981636625335481,6.161057710986615,12.100143829048896,9.188876993294642,1.366951545404124,7.274059882861676,6.013151853066583,13.0,11.079825627882016,8.457648533158025,8.06553139060317,11.29373913644055,82.0,82.0,82.0,82.0,82.0,82.0,82.0,82.0,82.0,82.0,82.0,0.12342689502398231,0.0946050924619516,0.01540058994533859,0.07742169707738861,0.07897348477193303,0.1306947378311879,0.030897417449259917,0.02020707801369007,0.10768226396307869,0.04610307524097333,0.056099878620320724
2024-11-08,-0.7594226602525784,1.7657517449018152,0.9369151150519598,-0.11778645235546416,-0.8458539100872363,1.6723478215741858,0.39897344571200527,0.8796422250852814,1.1443305780085125,-0.5946693112969517,0.3981636625335481,6.161057710986615,12.100143829048896,9.188876993294642,1.366951545404124,7.274059882861676,6.013151853066583,13.0,11.079825627882016,8.457648533158025,8.06553139060317,11.29373913644055,82.0,82.0,82.0,82.0,82.0,82.0,82.0,82.0,82.0,82.0,82.0,0.12342689502398231,0.0946050924619516,0.01540058994533859,0.07742169707738861,0.07897348477193303,0.1306947378311879,0.030897417449259917,0.02020707801369007,0.10768226396307869,0.04610307524097333,0.056099878620320724
2024-11-15,-0.7594226602525784,1.7657517449018152,0.9369151150519598,-0.11778645235546416,-0.8458539100872363,1.6723478215741858,0.39897344571200527,0.8796422250852814,1.1443305780085125,-0.5946693112969517,0.3981636625335481,6.161057710986615,12.100143829048896,9.188876993294642,1.366951545404124,7.274059882861676,6.013151853066583,13.0,11.079825627882016,8.457648533158025,8.06553139060317,11.29373913644055,82.0,82.0,82.0,82.0,82.0,82.0,82.0,82.0,82.0,82.0,82.0,0.12342689502398231,0.0946050924619516,0.01540058994533859,0.07742169707738861,0.07897348477193303,0.1306947378311879,0.030897417449259917,0.02020707801369007,0.10768226396307869,0.04610307524097333,0.056099878620320724
2024-11-22,-0.7594226602525784,1.7657517449018152,0.9369151150519598,-0.11778645235546416,-0.8458539100872363,1.6723478215741858,0.39897344571200527,0.8796422250852814,1.1443305780085125,-0.5946693112969517,0.3981636625335481,6.161057710986615,12.100143829048896,9.188876993294642,1.366951545404124,7.274059882861676,6.013151853066583,13.0,11.079825627882016,8.457648533158025,8.06553139060317,11.29373913644055,82.0,82.0,82.0,82.0,82.0,82.0,82.0,82.0,82.0,82.0,82.0,0.12342689502398231,0.0946050924619516,0.01540058994533859,0.07742169707738861,0.07897348477193303,0.1306947378311879,0.030897417449259917,0.02020707801369007,0.10768226396307869,0.04610307524097333,0.056099878620320724
2024-11-29,-0.7594226602525784,1.7657517449018152,0.9369151150519598,-0.11778645235546416,-0.8458539100872363,1.6723478215741858,0.39897344571200527,0.8796422250852814,1.1443305780085125,-0.5946693112969517,0.3981636625335481,6.161057710986615,12.100143829048896,9.188876993294642,1.366951545404124,7.274059882861676,6.013151853066583,13.0,11.079825627882016,8.457648533158025,8.06553139060317,11.29373913644055,82.0,82.0,82.0,82.0,82.0,82.0,82.0,82.0,82.0,82.0,82.0,0.12342689502398231,0.0946050924619516,0.01540058994533859,0.07742169707738861,0.07897348477193303,0.1306947378311879,0.030897417449259917,0.02020707801369007,0.10768226396307869,0.04610307524097333,0.056099878620320724
2024-12-06,-1.0491613279461218,2.5381786432541875,1.6979740690574092,-0.20408653397348728,0.21473946560916635,1.3978173941896206,-0.2721522299578574,1.2241866882225276,1.155693567161204,-0.8304226957739713,1.0781471224850152,1.7089662996433377,12.789404593397562,15.182250521214854,1.002848787374578,10.020351414965244,8.378145840166173,14.803581414856929,12.748693852068484,9.553095981592575,13.598957130127724,11.48684861809768,97.0,97.0,97.0,97.0,97.0,97.0,97.0,97.0,97.0,97.0,97.0,0.12342689502398231,0.11415773066382665,0.0217277205730641,0.07742169707738861,0.057285153645575376,0.19691115619924632,0.02954429705663913,0.0047355104756882545,0.06993802682688526,0.055581704160958256,0.03733763216404188
2024-12-13,-1.0491613279461218,2.5381786432541875,1.6979740690574092,-0.20408653397348728,0.21473946560916635,1.3978173941896206,-0.2721522299578574,1.2241866882225276,1.155693567161204,-0.8304226957739713,1.0781471224850152,1.7089662996433377,12.789404593397562,15.182250521214854,1.002848787374578,10.020351414965244,8.378145840166173,14.803581414856929,12.748693852068484,9.553095981592575,13.598957130127724,11.48684861809768,97.0,97.0,97.0,97.0,97.0,97.0,97.0,97.0,97.0,97.0,97.0,0.12342689502398231,0.11415773066382665,0.0217277205730641,0.07742169707738861,0.057285153645575376,0.19691115619924632,0.02954429705663913,0.0047355104756882545,0.06993802682688526,0.055581704160958256,0.03733763216404188
2024-12-20,-1.0491613279461218,2.5381786432541875,1.6979740690574092,-0.20408653397348728,0.21473946560916635,1.3978173941896206,-0.2721522299578574,1.2241866882225276,1.155693567161204,-0.8304226957739713,1.0781471224850152,1.7089662996433377,12.789404593397562,15.182250521214854,1.002848787374578,10.020351414965244,8.378145840166173,14.803581414856929,12.748693852068484,9.553095981592575,13.598957130127724,11.48684861809768,97.0,97.0,97.0,97.0,97.0,97.0,97.0,97.0,97.0,97.0,97.0,0.12342689502398231,0.11415773066382665,0.0217277205730641,0.07742169707738861,0.057285153645575376,0.19691115619924632,0.02954429705663913,0.0047355104756882545,0.06993802682688526,0.055581704160958256,0.03733763216404188
2024-12-27,-1.0491613279461218,2.5381786432541875,1.6979740690574092,-0.20408653397348728,0.21473946560916635,1.3978173941896206,-0.2721522299578574,1.2241866882225276,1.155693567161204,-0.8304226957739713,1.0781471224850152,1.7089662996433377,12.789404593397562,15.182250521214854,1.002848787374578,10.020351414965244,8.378145840166173,14.803581414856929,12.748693852068484,9.553095981592575,13.598957130127724,11.48684861809768,97.0,97.0,97.0,97.0,97.0,97.0,97.0,97.0,97.0,97.0,97.0,0.12342689502398231,0.11415773066382665,0.0217277205730641,0.07742169707738861,0.057285153645575376,0.19691115619924632,0.02954429705663913,0.0047355104756882545,0.06993802682688526,0.055581704160958256,0.03733763216404188
2025-01-03,-0.3763819272879661,2.273059621541397,1.0412260022910718,-0.6641534063392993,-0.07760389722128011,1.859852926971294,-0.1985751671521312,0.5628055963621629,1.1458938170275632,-0.7295306586806279,1.2615508882323097,2.907617352925178,15.432936852198528,14.903059672057244,1.0745348661322038,7.713689857135039,7.2856674319448995,18.182484388107,14.885562821060478,6.865251869504479,13.438357369943784,15.615830004719532,83.0,83.0,83.0,83.0,83.0,83.0,83.0,83.0,83.0,83.0,83.0,0.09924145525265192,0.07678752611921508,0.012144542300518625,0.07790814469565001,0.068248677699731,0.16377934611585637,0.02476402571938221,0.011327389606228016,0.06518122078409978,0.032706579997458095,0.03179537180517658
2025-01-10,-0.3763819272879661,2.273059621541397,1.0412260022910718,-0.6641534063392993,-0.07760389722128011,1.859852926971294,-0.1985751671521312,0.5628055963621629,1.1458938170275632,-0.7295306586806279,1.2615508882323097,2.907617352925178,15.432936852198528,14.903059672057244,1.0745348661322038,7.713689857135039,7.2856674319448995,18.182484388107,14.885562821060478,6.865251869504479,13.438357369943784,15.615830004719532,83.0,83.0,83.0,83.0,83.0,83.0,83.0,83.0,83.0,83.0,83.0,0.09924145525265192,0.07678752611921508,0.012144542300518625,0.07790814469565001,0.068248677699731,0.16377934611585637,0.02476402571938221,0.011327389606228016,0.06518122078409978,0.032706579997458095,0.03179537180517658
2025-01-17,-0.3763819272879661,2.273059621541397,1.0412260022910718,-0.6641534063392993,-0.07760389722128011,1.859852926971294,-0.1985751671521312,0.5628055963621629,1.1458938170275632,-0.7295306586806279,1.2615508882323097,2.907617352925178,15.432936852198528,14.903059672057244,1.0745348661322038,7.713689857135039,7.2856674319448995,18.182484388107,14.885562821060478,6.865251869504479,13.438357369943784,15.615830004719532,83.0,83.0,83.0,83.0,83.0,83.0,83.0,83.0,83.0,83.0,83.0,0.09924145525265192,0.07678752611921508,0.012144542300518625,0.07790814469565001,0.068248677699731,0.16377934611585637,0.02476402571938221,0.011327389606228016,0.06518122078409978,0.032706579997458095,0.03179537180517658
2025-01-24,-0.3763819272879661,2.273059621541397,1.0412260022910718,-0.6641534063392993,-0.07760389722128011,1.859852926971294,-0.1985751671521312,0.5628055963621629,1.1458938170275632,-0.7295306586806279,1.2615508882323097,2.907617352925178,15.432936852198528,14.903059672057244,1.0745348661322038,7.713689857135039,7.2856674319448995,18.182484388107,14.885562821060478,6.865251869504479,13.438357369943784,15.615830004719532,83.0,83.0,83.0,83.0,83.0,83.0,83.0,83.0,83.0,83.0,83.0,0.09924145525265192,0.07678752611921508,0.012144542300518625,0.07790814469565001,0.068248677699731,0.16377934611585637,0.02476402571938221,0.011327389606228016,0.06518122078409978,0.032706579997458095,0.03179537180517658
2025-01-31,-0.3763819272879661,2.273059621541397,1.0412260022910718,-0.6641534063392993,-0.07760389722128011,1.859852926971294,-0.1985751671521312,0.5628055963621629,1.1458938170275632,-0.7295306586806279,1.2615508882323097,2.907617352925178,15.432936852198528,14.903059672057244,1.0745348661322038,7.713689857135039,7.2856674319448995,18.182484388107,14.885562821060478,6.865251869504479,13.438357369943784,15.615830004719532,83.0,83.0,83.0,83.0,83.0,83.0,83.0,83.0,83.0,83.0,83.0,0.09924145525265192,0.07678752611921508,0.012144542300518625,0.07790814469565001,0.068248677699731,0.16377934611585637,0.02476402571938221,0.011327389606228016,0.06518122078409978,0.032706579997458095,0.03179537180517658
2025-02-07,-1.1882731436906564,1.3283491920729562,0.30645421589696414,-1.8496938557643707,-0.48727011599268144,-0.9973545735225502,0.09412231289461218,0.26019721121633266,1.1946782049468858,-0.8653878587463286,1.5832264574121921,0.2814061370859331,3.0145427149445236,4.185214402434215,0.1464226289517471,3.5412009414855756,1.724401443096098,4.812482524000373,6.893295654935982,4.443288273481798,6.065751405344159,3.254935365418484,79.0,79.0,79.0,79.0,79.0,79.0,79.0,79.0,79.0,79.0,79.0,0.13424733278265225,0.08107439009804665,0.028043055402105294,0.09291933893627718,0.06394216658707275,0.1632453130209287,0.022975754931694067,0.015889926760262074,0.052744624483370556,0.05480994873441107,0.028054609399792617
2025-02-14,-1.1882731436906564,1.3283491920729562,0.30645421589696414,-1.8496938557643707,-0.48727011599268144,-0.9973545735225502,0.09412231289461218,0.26019721121633266,1.1946782049468858,-0.8653878587463286,1.5832264574121921,0.2814061370859331,3.0145427149445236,4.185214402434215,0.1464226289517471,3.5412009414855756,1.724401443096098,4.812482524000373,6.893295654935982,4.443288273481798,6.065751405344159,3.254935365418484,79.0,79.0,79.0,79.0,79.0,79.0,79.0,79.0,79.0,79.0,79.0,0.13424733278265225,0.08107439009804665,0.028043055402105294,0.09291933893627718,0.06394216658707275,0.1632453130209287,0.022975754931694067,0.015889926760262074,0.052744624483370556,0.05480994873441107,0.028054609399792617
2025-02-21,-1.1882731436906564,1.3283491920729562,0.30645421589696414,-1.8496938557643707,-0.48727011599268144,-0.9973545735225502,0.09412231289461218,0.26019721121633266,1.1946782049468858,-0.8653878587463286,1.5832264574121921,0.2814061370859331,3.0145427149445236,4.185214402434215,0.1464226289517471,3.5412009414855756,1.724401443096098,4.812482524000373,6.893295654935982,4.443288273481798,6.065751405344159,3.254935365418484,79.0,79.0,79.0,79.0,79.0,79.0,79.0,79.0,79.0,79.0,79.0,0.13424733278265225,0.08107439009804665,0.028043055402105294,0.09291933893627718,0.06394216658707275,0.1632453130209287,0.022975754931694067,0.015889926760262074,0.052744624483370556,0.05480994873441107,0.028054609399792617
2025-02-28,-1.1882731436906564,1.3283491920729562,0.30645421589696414,-1.8496938557643707,-0.48727011599268144,-0.9973545735225502,0.09412231289461218,0.26019721121633266,1.1946782049468858,-0.8653878587463286,1.5832264574121921,0.2814061370859331,3.0145427149445236,4.185214402434215,0.1464226289517471,3.5412009414855756,1.724401443096098,4.812482524000373,6.893295654935982,4.443288273481798,6.065751405344159,3.254935365418484,79.0,79.0,79.0,79.0,79.0,79.0,79.0,79.0,79.0,79.0,79.0,0.13424733278265225,0.08107439009804665,0.028043055402105294,0.09291933893627718,0.06394216658707275,0.1632453130209287,0.022975754931694067,0.015889926760262074,0.052744624483370556,0.05480994873441107,0.028054609399792617
2025-03-07,-0.7940343068785568,2.532032063725694,-0.11354368704734849,-0.10186643361814528,-0.6907739387658953,1.05015652768485,0.2709163960207864,-0.3807963752475886,0.7811025470035914,-0.7942302152001315,1.4191671288550896,12.189878237355565,14.076788731108168,9.422561559700238,2.156292542731811,8.112124363676172,3.1357384934951353,13.979634635101116,7.664947042136277,6.822612786588876,10.842282432923003,13.698847743257394,108.0,108.0,108.0,108.0,108.0,108.0,108.0,108.0,108.0,108.0,108.0,0.09174709695279953,0.05663119767824666,0.023499498943939646,0.09120302794841376,0.055032271280098986,0.14351657600972825,0.024129883990968333,0.013998988945773236,0.1017380463441488,0.05527270076046035,0.04047007618409789
2025-03-14,-0.7940343068785568,2.532032063725694,-0.11354368704734849,-0.10186643361814528,-0.6907739387658953,1.05015652768485,0.2709163960207864,-0.3807963752475886,0.7811025470035914,-0.7942302152001315,1.4191671288550896,12.189878237355565,14.076788731108168,9.422561559700238,2.156292542731811,8.112124363676172,3.1357384934951353,13.979634635101116,7.664947042136277,6.822612786588876,10.842282432923003,13.698847743257394,108.0,108.0,108.0,108.0,108.0,108.0,108.0,108.0,108.0,108.0,108.0,0.09174709695279953,0.05663119767824666,0.023499498943939646,0.09120302794841376,0.055032271280098986,0.14351657600972825,0.024129883990968333,0.013998988945773236,0.1017380463441488,0.05527270076046035,0.04047007618409789
2025-03-21,-0.7940343068785568,2.532032063725694,-0.11354368704734849,-0.10186643361814528,-0.6907739387658953,1.05015652768485,0.2709163960207864,-0.3807963752475886,0.7811025470035914,-0.7942302152001315,1.4191671288550896,12.189878237355565,14.076788731108168,9.422561559700238,2.156292542731811,8.112124363676172,3.1357384934951353,13.979634635101116,7.664947042136277,6.822612786588876,10.842282432923003,13.698847743257394,108.0,108.0,108.0,108.0,108.0,108.0,108.0,108.0,108.0,108.0,108.0,0.09174709695279953,0.05663119767824666,0.023499498943939646,0.09120302794841376,0.055032271280098986,0.14351657600972825,0.024129883990968333,0.013998988945773236,0.1017380463441488,0.05527270076046035,0.04047007618409789
2025-03-28,-0.7940343068785568,2.532032063725694,-0.11354368704734849,-0.10186643361814528,-0.6907739387658953,1.05015652768485,0.2709163960207864,-0.3807963752475886,0.7811025470035914,-0.7942302152001315,1.4191671288550896,12.189878237355565,14.076788731108168,9.422561559700238,2.156292542731811,8.112124363676172,3.1357384934951353,13.979634635101116,7.664947042136277,6.822612786588876,10.842282432923003,13.698847743257394,108.0,108.0,108.0,108.0,108.0,108.0,108.0,108.0,108.0,108.0,108.0,0.09174709695279953,0.05663119767824666,0.023499498943939646,0.09120302794841376,0.055032271280098986,0.14351657600972825,0.024129883990968333,0.013998988945773236,0.1017380463441488,0.05527270076046035,0.04047007618409789
2025-04-04,-0.7139494687061397,2.1687146303114853,1.4001894071967946,-0.39801014691374853,-0.3247999695345776,2.158276461590327,1.4245788195068891,0.29133438831026864,1.1136591381081478,-0.7309454241477585,0.8265941633191227,14.010233656842258,13.759953883384314,12.337003437200655,0.8349089900670598,12.924637363840384,5.376473160599104,15.0,5.611770117964054,9.716965239543102,9.011660781272344,13.16856790947705,120.0,120.0,120.0,120.0,120.0,120.0,120.0,120.0,120.0,120.0,120.0,0.08060849013100696,0.06674852861164496,0.05844566784742509,0.09438412719324456,0.09373724483017315,0.14749310489250256,0.06889544489487127,0.08325322679210126,0.11629502236266481,0.079018419047193,0.033122902747790235
2025-04-11,-0.7139494687061397,2.1687146303114853,1.4001894071967946,-0.39801014691374853,-0.3247999695345776,2.158276461590327,1.4245788195068891,0.29133438831026864,1.1136591381081478,-0.7309454241477585,0.8265941633191227,14.010233656842258,13.759953883384314,12.337003437200655,0.8349089900670598,12.924637363840384,5.376473160599104,15.0,5.611770117964054,9.716965239543102,9.011660781272344,13.16856790947705,120.0,120.0,120.0,120.0,120.0,120.0,120.0,120.0,120.0,120.0,120.0,0.08060849013100696,0.06674852861164496,0.05844566784742509,0.09438412719324456,0.09373724483017315,0.14749310489250256,0.06889544489487127,0.08325322679210126,0.11629502236266481,0.079018419047193,0.033122902747790235
2025-04-18,-0.7139494687061397,2.1687146303114853,1.4001894071967946,-0.39801014691374853,-0.3247999695345776,2.158276461590327,1.4245788195068891,0.29133438831026864,1.1136591381081478,-0.7309454241477585,0.8265941633191227,14.010233656842258,13.759953883384314,12.337003437200655,0.8349089900670598,12.924637363840384,5.376473160599104,15.0,5.611770117964054,9.716965239543102,9.011660781272344,13.16856790947705,120.0,120.0,120.0,120.0,120.0,120.0,120.0,120.0,120.0,120.0,120.0,0.08060849013100696,0.06674852861164496,0.05844566784742509,0.09438412719324456,0.09373724483017315,0.14749310489250256,0.06889544489487127,0.08325322679210126,0.11629502236266481,0.079018419047193,0.033122902747790235
2025-04-25,-0.7139494687061397,2.1687146303114853,1.4001894071967946,-0.39801014691374853,-0.3247999695345776,2.158276461590327,1.4245788195068891,0.29133438831026864,1.1136591381081478,-0.7309454241477585,0.8265941633191227,14.010233656842258,13.759953883384314,12.337003437200655,0.8349089900670598,12.924637363840384,5.376473160599104,15.0,5.611770117964054,9.716965239543102,9.011660781272344,13.16856790947705,120.0,120.0,120.0,120.0,120.0,120.0,120.0,120.0,120.0,120.0,120.0,0.08060849013100696,0.06674852861164496,0.05844566784742509,0.09438412719324456,0.09373724483017315,0.14749310489250256,0.06889544489487127,0.08325322679210126,0.11629502236266481,0.079018419047193,0.033122902747790235
2025-05-02,-0.8554775663587393,1.6645535534301532,0.5927555602985242,-0.039134203644105005,-0.42204557951782745,1.6889292446089545,0.8356190455197329,0.6205983154115665,0.782798044387315,-0.8158693840578694,1.4274482069121954,8.447662266012914,16.0,15.85446554347214,1.710759844703272,6.816049044830041,3.1777959986880946,10.313426227980235,11.86007513773426,12.992706878132967,14.8368920717688,15.928781094241016,128.0,128.0,128.0,128.0,128.0,128.0,128.0,128.0,128.0,128.0,128.0,0.08803244278827486,0.16735226964248823,0.08890609435758436,0.06901076209757159,0.13003964721726938,0.24055681956276329,0.10730440623200112,0.098740838514184,0.1349178998568665,0.17655047330309906,0.054164645937643925
2025-05-09,-0.8554775663587393,1.6645535534301532,0.5927555602985242,-0.039134203644105005,-0.42204557951782745,1.6889292446089545,0.8356190455197329,0.6205983154115665,0.782798044387315,-0.8158693840578694,1.4274482069121954,8.447662266012914,16.0,15.85446554347214,1.710759844703272,6.816049044830041,3.1777959986880946,10.313426227980235,11.86007513773426,12.992706878132967,14.8368920717688,15.928781094241016,128.0,128.0,128.0,128.0,128.0,128.0,128.0,128.0,128.0,128.0,128.0,0.08803244278827486,0.16735226964248823,0.08890609435758436,0.06901076209757159,0.13003964721726938,0.24055681956276329,0.10730440623200112,0.098740838514184,0.1349178998568665,0.17655047330309906,0.054164645937643925
2025-05-16,-0.8554775663587393,1.6645535534301532,0.5927555602985242,-0.039134203644105005,-0.42204557951782745,1.6889292446089545,0.8356190455197329,0.6205983154115665,0.782798044387315,-0.8158693840578694,1.4274482069121954,8.447662266012914,16.0,15.85446554347214,1.710759844703272,6.816049044830041,3.1777959986880946,10.313426227980235,11.86007513773426,12.992706878132967,14.8368920717688,15.928781094241016,128.0,128.0,128.0,128.0,128.0,128.0,128.0,128.0,128.0,128.0,128.0,0.08803244278827486,0.16735226964248823,0.08890609435758436,0.06901076209757159,0.13003964721726938,0.24055681956276329,0.10730440623200112,0.098740838514184,0.1349178998568665,0.17655047330309906,0.054164645937643925
2025-05-23,-0.8554775663587393,1.6645535534301532,0.5927555602985242,-0.039134203644105005,-0.42204557951782745,1.6889292446089545,0.8356190455197329,0.6205983154115665,0.782798044387315,-0.8158693840578694,1.4274482069121954,8.447662266012914,16.0,15.85446554347214,1.710759844703272,6.816049044830041,3.1777959986880946,10.313426227980235,11.86007513773426,12.992706878132967,14.8368920717688,15.928781094241016,128.0,128.0,128.0,128.0,128.0,128.0,128.0,128.0,128.0,128.0,128.0,0.08803244278827486,0.16735226964248823,0.08890609435758436,0.06901076209757159,0.13003964721726938,0.24055681956276329,0.10730440623200112,0.098740838514184,0.1349178998568665,0.17655047330309906,0.054164645937643925
2025-05-30,-0.8554775663587393,1.6645535534301532,0.5927555602985242,-0.039134203644105005,-0.42204557951782745,1.6889292446089545,0.8356190455197329,0.6205983154115665,0.782798044387315,-0.8158693840578694,1.4274482069121954,8.447662266012914,16.0,15.85446554347214,1.710759844703272,6.816049044830041,3.1777959986880946,10.313426227980235,11.86007513773426,12.992706878132967,14.8368920717688,15.928781094241016,128.0,128.0,128.0,128.0,128.0,128.0,128.0,128.0,128.0,128.0,128.0,0.08803244278827486,0.16735226964248823,0.08890609435758436,0.06901076209757159,0.13003964721726938,0.24055681956276329,0.10730440623200112,0.098740838514184,0.1349178998568665,0.17655047330309906,0.054164645937643925
2025-06-06,-0.8400249601140947,1.0540293521474073,1.7569134255874266,0.057931839955565084,0.28098285244154464,1.8402719020488862,1.0504553885483676,1.0734422831458206,1.03238912794054,0.8545406108690956,0.897678077374397,3.088676151772046,13.515478745262769,16.719118724291434,5.328946704986639,12.461229405003012,7.453635071608177,4.011883679746481,18.0,8.078580820116692,17.0,17.888354264270827,116.0,116.0,116.0,116.0,116.0,116.0,116.0,116.0,116.0,116.0,116.0,0.08674892491171071,0.14648110174128015,0.07788404425610217,0.06392370756302307,0.16283629508201736,0.08867835907276214,0.10343990795939575,0.1418308916335671,0.1023592343424359,0.18563597916194316,0.06804178704890464
2025-06-13,-0.8400249601140947,1.0540293521474073,1.7569134255874266,0.057931839955565084,0.28098285244154464,1.8402719020488862,1.0504553885483676,1.0734422831458206,1.03238912794054,0.8545406108690956,0.897678077374397,3.088676151772046,13.515478745262769,16.719118724291434,5.328946704986639,12.461229405003012,7.453635071608177,4.011883679746481,18.0,8.078580820116692,17.0,17.888354264270827,116.0,116.0,116.0,116.0,116.0,116.0,116.0,116.0,116.0,116.0,116.0,0.08674892491171071,0.14648110174128015,0.07788404425610217,0.06392370756302307,0.16283629508201736,0.08867835907276214,0.10343990795939575,0.1418308916335671,0.1023592343424359,0.18563597916194316,0.06804178704890464
2025-06-20,-0.8400249601140947,1.0540293521474073,1.7569134255874266,0.057931839955565084,0.28098285244154464,1.8402719020488862,1.0504553885483676,1.0734422831458206,1.03238912794054,0.8545406108690956,0.897678077374397,3.088676151772046,13.515478745262769,16.719118724291434,5.328946704986639,12.461229405003012,7.453635071608177,4.011883679746481,18.0,8.078580820116692,17.0,17.888354264270827,116.0,116.0,116.0,116.0,116.0,116.0,116.0,116.0,116.0,116.0,116.0,0.08674892491171071,0.14648110174128015,0.07788404425610217,0.06392370756302307,0.16283629508201736,0.08867835907276214,0.10343990795939575,0.1418308916335671,0.1023592343424359,0.18563597916194316,0.06804178704890464
2025-06-27,-0.8400249601140947,1.0540293521474073,1.7569134255874266,0.057931839955565084,0.28098285244154464,1.8402719020488862,1.0504553885483676,1.0734422831458206,1.03238912794054,0.8545406108690956,0.897678077374397,3.088676151772046,13.515478745262769,16.719118724291434,5.328946704986639,12.461229405003012,7.453635071608177,4.011883679746481,18.0,8.078580820116692,17.0,17.888354264270827,116.0,116.0,116.0,116.0,116.0,116.0,116.0,116.0,116.0,116.0,116.0,0.08674892491171071,0.14648110174128015,0.07788404425610217,0.06392370756302307,0.16283629508201736,0.08867835907276214,0.10343990795939575,0.1418308916335671,0.1023592343424359,0.18563597916194316,0.06804178704890464
2025-07-04,-0.7721612122700462,-1.372727796123537,2.245485856548893,0.028929669392468632,-0.12026732058795572,1.2528753215914226,-1.3729258237020885,0.6421302057679118,0.9861756787424089,-0.4063514963464647,0.43468780946685104,6.7185394699012395,13.1938267659011,16.65005916492928,6.669931427418949,9.296644589194813,7.050464633213074,0.5538260788517104,18.04979244022389,15.526994822910678,15.26992508498069,19.0,127.0,127.0,127.0,127.0,127.0,127.0,127.0,127.0,127.0,127.0,127.0,0.11297600463744008,0.22014819755271428,0.09480135329945907,0.08429672523770092,0.1278761592895963,0.12503189579543844,0.10343990795939575,0.10011703535478013,0.08163934365248778,0.17520243029455174,0.054759282419391854
2025-07-11,-0.7721612122700462,-1.372727796123537,2.245485856548893,0.028929669392468632,-0.12026732058795572,1.2528753215914226,-1.3729258237020885,0.6421302057679118,0.9861756787424089,-0.4063514963464647,0.43468780946685104,6.7185394699012395,13.1938267659011,16.65005916492928,6.669931427418949,9.296644589194813,7.050464633213074,0.5538260788517104,18.04979244022389,15.526994822910678,15.26992508498069,19.0,127.0,127.0,127.0,127.0,127.0,127.0,127.0,127.0,127.0,127.0,127.0,0.11297600463744008,0.22014819755271428,0.09480135329945907,0.08429672523770092,0.1278761592895963,0.12503189579543844,0.10343990795939575,0.10011703535478013,0.08163934365248778,0.17520243029455174,0.054759282419391854
2025-07-18,-0.7721612122700462,-1.372727796123537,2.245485856548893,0.028929669392468632,-0.12026732058795572,1.2528753215914226,-1.3729258237020885,0.6421302057679118,0.9861756787424089,-0.4063514963464647,0.43468780946685104,6.7185394699012395,13.1938267659011,16.65005916492928,6.669931427418949,9.296644589194813,7.050464633213074,0.5538260788517104,18.04979244022389,15.526994822910678,15.26992508498069,19.0,127.0,127.0,127.0,127.0,127.0,127.0,127.0,127.0,127.0,127.0,127.0,0.11297600463744008,0.22014819755271428,0.09480135329945907,0.08429672523770092,0.1278761592895963,0.12503189579543844,0.10343990795939575,0.10011703535478013,0.08163934365248778,0.17520243029455174,0.054759282419391854
2025-07-25,-0.7721612122700462,-1.372727796123537,2.245485856548893,0.028929669392468632,-0.12026732058795572,1.2528753215914226,-1.3729258237020885,0.6421302057679118,0.9861756787424089,-0.4063514963464647,0.43468780946685104,6.7185394699012395,13.1938267659011,16.65005916492928,6.669931427418949,9.296644589194813,7.050464633213074,0.5538260788517104,18.04979244022389,15.526994822910678,15.26992508498069,19.0,127.0,127.0,127.0,127.0,127.0,127.0,127.0,127.0,127.0,127.0,127.0,0.11297600463744008,0.22014819755271428,0.09480135329945907,0.08429672523770092,0.1278761592895963,0.12503189579543844,0.10343990795939575,0.10011703535478013,0.08163934365248778,0.17520243029455174,0.054759282419391854
2025-08-01,-0.7405163909797912,-0.8471637085695672,2.1644497558578726,0.23742926650738733,0.11065351850082744,1.551670745008598,-0.3856882379511302,1.160529931707009,0.7905799815571779,-0.6871096814943317,-0.04663146614539097,9.310148959150846,12.87578192776586,16.09256775793092,2.172591135985478,11.077606875034215,14.35132830436208,2.662689905862615,19.87799428252227,14.025012326403155,19.53632993410559,15.590574747044531,142.0,142.0,142.0,142.0,142.0,142.0,142.0,142.0,142.0,142.0,142.0,0.09921165644130121,0.11548861260633143,0.11590373843473233,0.07692824603872996,0.16602462556823894,0.12430860817744963,0.049647321859675235,0.08958983205365528,0.1071258191388118,0.09698803527602068,0.06088247079158344
2025-08-08,-0.7405163909797912,-0.8471637085695672,2.1644497558578726,0.23742926650738733,0.11065351850082744,1.551670745008598,-0.3856882379511302,1.160529931707009,0.7905799815571779,-0.6871096814943317,-0.04663146614539097,9.310148959150846,12.87578192776586,16.09256775793092,2.172591135985478,11.077606875034215,14.35132830436208,2.662689905862615,19.87799428252227,14.025012326403155,19.53632993410559,15.590574747044531,142.0,142.0,142.0,142.0,142.0,142.0,142.0,142.0,142.0,142.0,142.0,0.09921165644130121,0.11548861260633143,0.11590373843473233,0.07692824603872996,0.16602462556823894,0.12430860817744963,0.049647321859675235,0.08958983205365528,0.1071258191388118,0.09698803527602068,0.06088247079158344
2025-08-15,-0.7405163909797912,-0.8471637085695672,2.1644497558578726,0.23742926650738733,0.11065351850082744,1.551670745008598,-0.3856882379511302,1.160529931707009,0.7905799815571779,-0.6871096814943317,-0.04663146614539097,9.310148959150846,12.87578192776586,16.09256775793092,2.172591135985478,11.077606875034215,14.35132830436208,2.662689905862615,19.87799428252227,14.025012326403155,19.53632993410559,15.590574747044531,142.0,142.0,142.0,142.0,142.0,142.0,142.0,142.0,142.0,142.0,142.0,0.09921165644130121,0.11548861260633143,0.11590373843473233,0.07692824603872996,0.16602462556823894,0.12430860817744963,0.049647321859675235,0.08958983205365528,0.1071258191388118,0.09698803527602068,0.06088247079158344
2025-08-22,-0.7405163909797912,-0.8471637085695672,2.1644497558578726,0.23742926650738733,0.11065351850082744,1.551670745008598,-0.3856882379511302,1.160529931707009,0.7905799815571779,-0.6871096814943317,-0.04663146614539097,9.310148959150846,12.87578192776586,16.09256775793092,2.172591135985478,11.077606875034215,14.35132830436208,2.662689905862615,19.87799428252227,14.025012326403155,19.53632993410559,15.590574747044531,142.0,142.0,142.0,142.0,142.0,142.0,142.0,142.0,142.0,142.0,142.0,0.09921165644130121,0.11548861260633143,0.11590373843473233,0.07692824603872996,0.16602462556823894,0.12430860817744963,0.049647321859675235,0.08958983205365528,0.1071258191388118,0.09698803527602068,0.06088247079158344
2025-08-29,-0.7405163909797912,-0.8471637085695672,2.1644497558578726,0.23742926650738733,0.11065351850082744,1.551670745008598,-0.3856882379511302,1.160529931707009,0.7905799815571779,-0.6871096814943317,-0.04663146614539097,9.310148959150846,12.87578192776586,16.09256775793092,2.172591135985478,11.077606875034215,14.35132830436208,2.662689905862615,19.87799428252227,14.025012326403155,19.53632993410559,15.590574747044531,142.0,142.0,142.0,142.0,142.0,142.0,142.0,142.0,142.0,142.0,142.0,0.09921165644130121,0.11548861260633143,0.11590373843473233,0.07692824603872996,0.16602462556823894,0.12430860817744963,0.049647321859675235,0.08958983205365528,0.1071258191388118,0.09698803527602068,0.06088247079158344
2025-09-05,-0.576038192011343,0.8314564539244278,-0.042558456705736165,0.32544972603446637,0.5392381059102762,1.2778378605729714,1.2259446403272067,0.9928570800912689,0.7038063937109165,-0.6520277413980232,-0.00031197400414661916,8.56629342699292,14.988356696041278,15.0,2.665696062118691,12.377075920959008,8.54328195036624,7.529348028707242,15.352380639437463,7.874373407839594,14.98897726147651,12.872526561762566,123.0,123.0,123.0,123.0,123.0,123.0,123.0,123.0,123.0,123.0,123.0,0.10383815497389817,0.15529743147476371,0.02729135258544943,0.07136646776711561,0.11581203553604372,0.08078336989449239,0.06264576132695328,0.042148096507697436,0.08656196350071405,0.03750199619389607,0.055245588969245
2025-09-12,-0.576038192011343,0.8314564539244278,-0.042558456705736165,0.32544972603446637,0.5392381059102762,1.2778378605729714,1.2259446403272067,0.9928570800912689,0.7038063937109165,-0.6520277413980232,-0.00031197400414661916,8.56629342699292,14.988356696041278,15.0,2.665696062118691,12.377075920959008,8.54328195036624,7.529348028707242,15.352380639437463,7.874373407839594,14.98897726147651,12.872526561762566,123.0,123.0,123.0,123.0,123.0,123.0,123.0,123.0,123.0,123.0,123.0,0.10383815497389817,0.15529743147476371,0.02729135258544943,0.07136646776711561,0.11581203553604372,0.08078336989449239,0.06264576132695328,0.042148096507697436,0.08656196350071405,0.03750199619389607,0.055245588969245
2025-09-19,-0.576038192011343,0.8314564539244278,-0.042558456705736165,0.32544972603446637,0.5392381059102762,1.2778378605729714,1.2259446403272067,0.9928570800912689,0.7038063937109165,-0.6520277413980232,-0.00031197400414661916,8.56629342699292,14.988356696041278,15.0,2.665696062118691,12.377075920959008,8.54328195036624,7.529348028707242,15.352380639437463,7.874373407839594,14.98897726147651,12.872526561762566,123.0,123.0,123.0,123.0,123.0,123.0,123.0,123.0,123.0,123.0,123.0,0.10383815497389817,0.15529743147476371,0.02729135258544943,0.07136646776711561,0.11581203553604372,0.08078336989449239,0.06264576132695328,0.042148096507697436,0.08656196350071405,0.03750199619389607,0.055245588969245
2025-09-26,-0.576038192011343,0.8314564539244278,-0.042558456705736165,0.32544972603446637,0.5392381059102762,1.2778378605729714,1.2259446403272067,0.9928570800912689,0.7038063937109165,-0.6520277413980232,-0.00031197400414661916,8.56629342699292,14.988356696041278,15.0,2.665696062118691,12.377075920959008,8.54328195036624,7.529348028707242,15.352380639437463,7.874373407839594,14.98897726147651,12.872526561762566,123.0,123.0,123.0,123.0,123.0,123.0,123.0,123.0,123.0,123.0,123.0,0.10383815497389817,0.15529743147476371,0.02729135258544943,0.07136646776711561,0.11581203553604372,0.08078336989449239,0.06264576132695328,0.042148096507697436,0.08656196350071405,0.03750199619389607,0.055245588969245
2025-10-03,-0.7027984092138317,1.4790750163053283,0.16729087452445382,0.21344046162925204,0.5582828102685229,0.16314900264476184,1.0055405814103318,1.6014447063895605,0.8463944479772821,-0.6635538545940677,0.12444853602966384,4.8175269828195795,17.800031962010863,21.96030878458331,1.4488100640346897,19.41029065630303,8.165966983710504,11.0,21.0,9.428928013805574,22.0,17.651617878972747,145.0,145.0,145.0,145.0,145.0,145.0,145.0,145.0,145.0,145.0,145.0,0.09416911896386264,0.1133468555425368,0.023089758370824914,0.08666703897582308,0.08832729248058024,0.08681960379423526,0.035292756445147073,0.012587710461629369,0.1581163127895559,0.03325307572953626,0.04040943704296416
2025-10-10,-0.7027984092138317,1.4790750163053283,0.16729087452445382,0.21344046162925204,0.5582828102685229,0.16314900264476184,1.0055405814103318,1.6014447063895605,0.8463944479772821,-0.6635538545940677,0.12444853602966384,4.8175269828195795,17.800031962010863,21.96030878458331,1.4488100640346897,19.41029065630303,8.165966983710504,11.0,21.0,9.428928013805574,22.0,17.651617878972747,145.0,145.0,145.0,145.0,145.0,145.0,145.0,145.0,145.0,145.0,145.0,0.09416911896386264,0.1133468555425368,0.023089758370824914,0.08666703897582308,0.08832729248058024,0.08681960379423526,0.035292756445147073,0.012587710461629369,0.1581163127895559,0.03325307572953626,0.04040943704296416
2025-10-17,-0.7027984092138317,1.4790750163053283,0.16729087452445382,0.21344046162925204,0.5582828102685229,0.16314900264476184,1.0055405814103318,1.6014447063895605,0.8463944479772821,-0.6635538545940677,0.12444853602966384,4.8175269828195795,17.800031962010863,21.96030878458331,1.4488100640346897,19.41029065630303,8.165966983710504,11.0,21.0,9.428928013805574,22.0,17.651617878972747,145.0,145.0,145.0,145.0,145.0,145.0,145.0,145.0,145.0,145.0,145.0,0.09416911896386264,0.1133468555425368,0.023089758370824914,0.08666703897582308,0.08832729248058024,0.08681960379423526,0.035292756445147073,0.012587710461629369,0.1581163127895559,0.03325307572953626,0.04040943704296416
2025-10-24,-0.7027984092138317,1.4790750163053283,0.16729087452445382,0.21344046162925204,0.5582828102685229,0.16314900264476184,1.0055405814103318,1.6014447063895605,0.8463944479772821,-0.6635538545940677,0.12444853602966384,4.8175269828195795,17.800031962010863,21.96030878458331,1.4488100640346897,19.41029065630303,8.165966983710504,11.0,21.0,9.428928013805574,22.0,17.651617878972747,145.0,145.0,145.0,145.0,145.0,145.0,145.0,145.0,145.0,145.0,145.0,0.09416911896386264,0.1133468555425368,0.023089758370824914,0.08666703897582308,0.08832729248058024,0.08681960379423526,0.035292756445147073,0.012587710461629369,0.1581163127895559,0.03325307572953626,0.04040943704296416
2025-10-31,-0.7027984092138317,1.4790750163053283,0.16729087452445382,0.21344046162925204,0.5582828102685229,0.16314900264476184,1.0055405814103318,1.6014447063895605,0.8463944479772821,-0.6635538545940677,0.12444853602966384,4.8175269828195795,17.800031962010863,21.96030878458331,1.4488100640346897,19.41029065630303,8.165966983710504,11.0,21.0,9.428928013805574,22.0,17.651617878972747,145.0,145.0,145.0,145.0,145.0,145.0,145.0,145.0,145.0,145.0,145.0,0.09416911896386264,0.1133468555425368,0.023089758370824914,0.08666703897582308,0.08832729248058024,0.08681960379423526,0.035292756445147073,0.012587710461629369,0.1581163127895559,0.03325307572953626,0.04040943704296416
2025-11-07,-0.7707160296206601,1.7182481949994766,-0.70951207648333,-1.9495904345504875,-0.4877813733473045,1.403289643482898,-0.5570182030043999,0.16435588670592186,0.7669693625079392,-0.5850580025779328,-0.444433592478746,1.5393144926297464,16.70515044975115,15.576920042824142,0.0,11.341868739394606,9.115677271236471,17.0,13.035904007710934,13.747421727339963,16.09589342485947,15.72665845544646,113.0,113.0,113.0,113.0,113.0,113.0,113.0,113.0,113.0,113.0,113.0,0.06784814082496546,0.05405502628069602,0.017779330214470618,0.08666703897582308,0.06852909613138207,0.2035847024861049,0.03402410116688934,0.016856738363084035,0.11686858565860726,0.03822759120768906,0.06198837361106307
2025-11-14,-0.7707160296206601,1.7182481949994766,-0.70951207648333,-1.9495904345504875,-0.4877813733473045,1.403289643482898,-0.5570182030043999,0.16435588670592186,0.7669693625079392,-0.5850580025779328,-0.444433592478746,1.5393144926297464,16.70515044975115,15.576920042824142,0.0,11.341868739394606,9.115677271236471,17.0,13.035904007710934,13.747421727339963,16.09589342485947,15.72665845544646,113.0,113.0,113.0,113.0,113.0,113.0,113.0,113.0,113.0,113.0,113.0,0.06784814082496546,0.05405502628069602,0.017779330214470618,0.08666703897582308,0.06852909613138207,0.2035847024861049,0.03402410116688934,0.016856738363084035,0.11686858565860726,0.03822759120768906,0.06198837361106307
2025-11-21,-0.7707160296206601,1.7182481949994766,-0.70951207648333,-1.9495904345504875,-0.4877813733473045,1.403289643482898,-0.5570182030043999,0.16435588670592186,0.7669693625079392,-0.5850580025779328,-0.444433592478746,1.5393144926297464,16.70515044975115,15.576920042824142,0.0,11.341868739394606,9.115677271236471,17.0,13.035904007710934,13.747421727339963,16.09589342485947,15.72665845544646,113.0,113.0,113.0,113.0,113.0,113.0,113.0,113.0,113.0,113.0,113.0,0.06784814082496546,0.05405502628069602,0.017779330214470618,0.08666703897582308,0.06852909613138207,0.2035847024861049,0.03402410116688934,0.016856738363084035,0.11686858565860726,0.03822759120768906,0.06198837361106307
2025-11-28,-0.7707160296206601,1.7182481949994766,-0.70951207648333,-1.9495904345504875,-0.4877813733473045,1.403289643482898,-0.5570182030043999,0.16435588670592186,0.7669693625079392,-0.5850580025779328,-0.444433592478746,1.5393144926297464,16.70515044975115,15.576920042824142,0.0,11.341868739394606,9.115677271236471,17.0,13.035904007710934,13.747421727339963,16.09589342485947,15.72665845544646,113.0,113.0,113.0,113.0,113.0,113.0,113.0,113.0,113.0,113.0,113.0,0.06784814082496546,0.05405502628069602,0.017779330214470618,0.08666703897582308,0.06852909613138207,0.2035847024861049,0.03402410116688934,0.016856738363084035,0.11686858565860726,0.03822759120768906,0.06198837361106307
2025-12-05,-0.7943928696354632,1.5486913616209395,-0.45471987795858276,-0.21425688526396877,-0.4627081048445633,1.4105075953046782,-0.33441675325447057,0.8994012737134461,1.6505087652663843,-0.5589738888460769,1.6246088322640797,2.575097324640813,12.130713209442488,13.45534456527864,0.9911511117833912,11.854288685751817,8.085831420137747,17.0,10.921642077131189,7.491032541704333,9.466805275953488,15.463320018878132,97.0,97.0,97.0,97.0,97.0,97.0,97.0,97.0,97.0,97.0,97.0,0.1408598324455208,0.08247317740063542,0.035727071472792686,0.07699446099780399,0.07735819589296378,0.1662238056584107,0.016249513836491158,0.07424017551208233,0.10948878244497395,0.06028810018778156,0.04055207975279613
2025-12-12,-0.7943928696354632,1.5486913616209395,-0.45471987795858276,-0.21425688526396877,-0.4627081048445633,1.4105075953046782,-0.33441675325447057,0.8994012737134461,1.6505087652663843,-0.5589738888460769,1.6246088322640797,2.575097324640813,12.130713209442488,13.45534456527864,0.9911511117833912,11.854288685751817,8.085831420137747,17.0,10.921642077131189,7.491032541704333,9.466805275953488,15.463320018878132,97.0,97.0,97.0,97.0,97.0,97.0,97.0,97.0,97.0,97.0,97.0,0.1408598324455208,0.08247317740063542,0.035727071472792686,0.07699446099780399,0.07735819589296378,0.1662238056584107,0.016249513836491158,0.07424017551208233,0.10948878244497395,0.06028810018778156,0.04055207975279613
2025-12-19,-0.7943928696354632,1.5486913616209395,-0.45471987795858276,-0.21425688526396877,-0.4627081048445633,1.4105075953046782,-0.33441675325447057,0.8994012737134461,1.6505087652663843,-0.5589738888460769,1.6246088322640797,2.575097324640813,12.130713209442488,13.45534456527864,0.9911511117833912,11.854288685751817,8.085831420137747,17.0,10.921642077131189,7.491032541704333,9.466805275953488,15.463320018878132,97.0,97.0,97.0,97.0,97.0,97.0,97.0,97.0,97.0,97.0,97.0,0.1408598324455208,0.08247317740063542,0.035727071472792686,0.07699446099780399,0.07735819589296378,0.1662238056584107,0.016249513836491158,0.07424017551208233,0.10948878244497395,0.06028810018778156,0.04055207975279613
2025-12-26,-0.7943928696354632,1.5486913616209395,-0.45471987795858276,-0.21425688526396877,-0.4627081048445633,1.4105075953046782,-0.33441675325447057,0.8994012737134461,1.6505087652663843,-0.5589738888460769,1.6246088322640797,2.575097324640813,12.130713209442488,13.45534456527864,0.9911511117833912,11.854288685751817,8.085831420137747,17.0,10.921642077131189,7.491032541704333,9.466805275953488,15.463320018878132,97.0,97.0,97.0,97.0,97.0,97.0,97.0,97.0,97.0,97.0,97.0,0.1408598324455208,0.08247317740063542,0.035727071472792686,0.07699446099780399,0.07735819589296378,0.1662238056584107,0.016249513836491158,0.07424017551208233,0.10948878244497395,0.06028810018778156,0.04055207975279613
