week_ending_friday,gfw_cape_total_hours,gfw_cape_total_vessels,gfw_cape_cargo_hours,gfw_cape_bunker_hours,gfw_cape_other_hours,gfw_cape_nontanker_hours,gfw_cape_other_share,gfw_cape_total_hours_mom_pct,gfw_hormuz_total_hours,gfw_hormuz_total_vessels,gfw_hormuz_cargo_hours,gfw_hormuz_bunker_hours,gfw_hormuz_other_hours,gfw_hormuz_nontanker_hours,gfw_hormuz_other_share,gfw_hormuz_total_hours_mom_pct,gfw_malacca_total_hours,gfw_malacca_total_vessels,gfw_malacca_cargo_hours,gfw_malacca_bunker_hours,gfw_malacca_other_hours,gfw_malacca_nontanker_hours,gfw_malacca_other_share,gfw_malacca_total_hours_mom_pct,gfw_mandeb_total_hours,gfw_mandeb_total_vessels,gfw_mandeb_cargo_hours,gfw_mandeb_bunker_hours,gfw_mandeb_other_hours,gfw_mandeb_nontanker_hours,gfw_mandeb_other_share,gfw_mandeb_total_hours_mom_pct,gfw_panama_total_hours,gfw_panama_total_vessels,gfw_panama_cargo_hours,gfw_panama_bunker_hours,gfw_panama_other_hours,gfw_panama_nontanker_hours,gfw_panama_other_share,gfw_panama_total_hours_mom_pct,gfw_suez_total_hours,gfw_suez_total_vessels,gfw_suez_cargo_hours,gfw_suez_bunker_hours,gfw_suez_other_hours,gfw_suez_nontanker_hours,gfw_suez_other_share,gfw_suez_total_hours_mom_pct,gfw_all_total_hours_sum,pw_cape_n_tanker,pw_cape_n_total,pw_cape_capacity_tanker,pw_cape_capacity,pw_cape_tanker_share,pw_cape_tanker_cap_share,pw_cape_n_tanker_wow_pct,pw_cape_capacity_tanker_4w_ma,pw_hormuz_n_tanker,pw_hormuz_n_total,pw_hormuz_capacity_tanker,pw_hormuz_capacity,pw_hormuz_tanker_share,pw_hormuz_tanker_cap_share,pw_hormuz_n_tanker_wow_pct,pw_hormuz_capacity_tanker_4w_ma,pw_malacca_n_tanker,pw_malacca_n_total,pw_malacca_capacity_tanker,pw_malacca_capacity,pw_malacca_tanker_share,pw_malacca_tanker_cap_share,pw_malacca_n_tanker_wow_pct,pw_malacca_capacity_tanker_4w_ma,pw_mandeb_n_tanker,pw_mandeb_n_total,pw_mandeb_capacity_tanker,pw_mandeb_capacity,pw_mandeb_tanker_share,pw_mandeb_tanker_cap_share,pw_mandeb_n_tanker_wow_pct,pw_mandeb_capacity_tanker_4w_ma,pw_panama_n_tanker,pw_panama_n_total,pw_panama_capacity_tanker,pw_panama_capacity,pw_panama_tanker_share,pw_panama_tanker_cap_share,pw_panama_n_tanker_wow_pct,pw_panama_capacity_tanker_4w_ma,pw_suez_n_tanker,pw_suez_n_total,pw_suez_capacity_tanker,pw_suez_capacity,pw_suez_tanker_share,pw_suez_tanker_cap_share,pw_suez_n_tanker_wow_pct,pw_suez_capacity_tanker_4w_ma,pw_all_n_tanker_sum,pw_all_n_total_sum,pw_all_tanker_share
2012-01-06,14223.0,1333.0,7588.0,29.0,5340.0,7617.0,0.3754482176755959,,9267.0,1797.0,2404.0,12.0,6466.0,2416.0,0.6977446854429696,,154180.0,6816.0,48077.0,4337.0,93929.0,52414.0,0.6092165001945777,,5155.0,1330.0,2864.0,2.0,2234.0,2866.0,0.4333656644034918,,32231.0,1486.0,12852.0,368.0,14450.0,13220.0,0.4483261456361888,,5955.0,1329.0,2951.0,2.0,2905.0,2953.0,0.4878253568429891,,221011.0,,,,,,,,,,,,,,,,,,,,,,,,,,,,,,,,,,,,,,,,,,,,,,,,,,,
2012-01-13,14223.0,1333.0,7588.0,29.0,5340.0,7617.0,0.3754482176755959,,9267.0,1797.0,2404.0,12.0,6466.0,2416.0,0.6977446854429696,,154180.0,6816.0,48077.0,4337.0,93929.0,52414.0,0.6092165001945777,,5155.0,1330.0,2864.0,2.0,2234.0,2866.0,0.4333656644034918,,32231.0,1486.0,12852.0,368.0,14450.0,13220.0,0.4483261456361888,,5955.0,1329.0,2951.0,2.0,2905.0,2953.0,0.4878253568429891,,221011.0,,,,,,,,,,,,,,,,,,,,,,,,,,,,,,,,,,,,,,,,,,,,,,,,,,,
2012-01-20,14223.0,1333.0,7588.0,29.0,5340.0,7617.0,0.3754482176755959,,9267.0,1797.0,2404.0,12.0,6466.0,2416.0,0.6977446854429696,,154180.0,6816.0,48077.0,4337.0,93929.0,52414.0,0.6092165001945777,,5155.0,1330.0,2864.0,2.0,2234.0,2866.0,0.4333656644034918,,32231.0,1486.0,12852.0,368.0,14450.0,13220.0,0.4483261456361888,,5955.0,1329.0,2951.0,2.0,2905.0,2953.0,0.4878253568429891,,221011.0,,,,,,,,,,,,,,,,,,,,,,,,,,,,,,,,,,,,,,,,,,,,,,,,,,,
2012-01-27,14223.0,1333.0,7588.0,29.0,5340.0,7617.0,0.3754482176755959,,9267.0,1797.0,2404.0,12.0,6466.0,2416.0,0.6977446854429696,,154180.0,6816.0,48077.0,4337.0,93929.0,52414.0,0.6092165001945777,,5155.0,1330.0,2864.0,2.0,2234.0,2866.0,0.4333656644034918,,32231.0,1486.0,12852.0,368.0,14450.0,13220.0,0.4483261456361888,,5955.0,1329.0,2951.0,2.0,2905.0,2953.0,0.4878253568429891,,221011.0,,,,,,,,,,,,,,,,,,,,,,,,,,,,,,,,,,,,,,,,,,,,,,,,,,,
2012-02-03,13769.0,1196.0,7705.0,40.0,4966.0,7745.0,0.36066526254629966,-3.192012936792521,8806.0,1688.0,2148.0,8.0,6078.0,2156.0,0.6902112196229844,-4.974641199956831,96818.0,5885.0,35847.0,2172.0,55042.0,38019.0,0.5685099878121836,-37.20456609158127,4367.0,1153.0,2189.0,3.0,2130.0,2192.0,0.48774902679184795,-15.28612997090204,25663.0,1304.0,9861.0,299.0,11888.0,10160.0,0.46323500759848807,-20.377897055629667,5314.0,1237.0,2538.0,2.0,2668.0,2540.0,0.5020700037636432,-10.764063811922753,154737.0,,,,,,,,,,,,,,,,,,,,,,,,,,,,,,,,,,,,,,,,,,,,,,,,,,,
2012-02-10,13769.0,1196.0,7705.0,40.0,4966.0,7745.0,0.36066526254629966,-3.192012936792521,8806.0,1688.0,2148.0,8.0,6078.0,2156.0,0.6902112196229844,-4.974641199956831,96818.0,5885.0,35847.0,2172.0,55042.0,38019.0,0.5685099878121836,-37.20456609158127,4367.0,1153.0,2189.0,3.0,2130.0,2192.0,0.48774902679184795,-15.28612997090204,25663.0,1304.0,9861.0,299.0,11888.0,10160.0,0.46323500759848807,-20.377897055629667,5314.0,1237.0,2538.0,2.0,2668.0,2540.0,0.5020700037636432,-10.764063811922753,154737.0,,,,,,,,,,,,,,,,,,,,,,,,,,,,,,,,,,,,,,,,,,,,,,,,,,,
2012-02-17,13769.0,1196.0,7705.0,40.0,4966.0,7745.0,0.36066526254629966,-3.192012936792521,8806.0,1688.0,2148.0,8.0,6078.0,2156.0,0.6902112196229844,-4.974641199956831,96818.0,5885.0,35847.0,2172.0,55042.0,38019.0,0.5685099878121836,-37.20456609158127,4367.0,1153.0,2189.0,3.0,2130.0,2192.0,0.48774902679184795,-15.28612997090204,25663.0,1304.0,9861.0,299.0,11888.0,10160.0,0.46323500759848807,-20.377897055629667,5314.0,1237.0,2538.0,2.0,2668.0,2540.0,0.5020700037636432,-10.764063811922753,154737.0,,,,,,,,,,,,,,,,,,,,,,,,,,,,,,,,,,,,,,,,,,,,,,,,,,,
2012-02-24,13769.0,1196.0,7705.0,40.0,4966.0,7745.0,0.36066526254629966,-3.192012936792521,8806.0,1688.0,2148.0,8.0,6078.0,2156.0,0.6902112196229844,-4.974641199956831,96818.0,5885.0,35847.0,2172.0,55042.0,38019.0,0.5685099878121836,-37.20456609158127,4367.0,1153.0,2189.0,3.0,2130.0,2192.0,0.48774902679184795,-15.28612997090204,25663.0,1304.0,9861.0,299.0,11888.0,10160.0,0.46323500759848807,-20.377897055629667,5314.0,1237.0,2538.0,2.0,2668.0,2540.0,0.5020700037636432,-10.764063811922753,154737.0,,,,,,,,,,,,,,,,,,,,,,,,,,,,,,,,,,,,,,,,,,,,,,,,,,,
2012-03-02,14999.0,1220.0,8724.0,33.0,5646.0,8757.0,0.37642509500633375,8.933110610792362,5582.0,1576.0,1569.0,16.0,3673.0,1585.0,0.6580078824793981,-36.611401317283665,78518.0,5662.0,30672.0,1909.0,43063.0,32581.0,0.5484474897475738,-18.901443946373607,3311.0,1162.0,1725.0,0.0,1540.0,1725.0,0.46511627906976744,-24.18136020151134,16500.0,1292.0,5764.0,177.0,8317.0,5941.0,0.5040606060606061,-35.70510072867552,3771.0,1149.0,1717.0,10.0,1977.0,1727.0,0.5242641209228321,-29.036507339104254,122681.0,,,,,,,,,,,,,,,,,,,,,,,,,,,,,,,,,,,,,,,,,,,,,,,,,,,
2012-03-09,14999.0,1220.0,8724.0,33.0,5646.0,8757.0,0.37642509500633375,8.933110610792362,5582.0,1576.0,1569.0,16.0,3673.0,1585.0,0.6580078824793981,-36.611401317283665,78518.0,5662.0,30672.0,1909.0,43063.0,32581.0,0.5484474897475738,-18.901443946373607,3311.0,1162.0,1725.0,0.0,1540.0,1725.0,0.46511627906976744,-24.18136020151134,16500.0,1292.0,5764.0,177.0,8317.0,5941.0,0.5040606060606061,-35.70510072867552,3771.0,1149.0,1717.0,10.0,1977.0,1727.0,0.5242641209228321,-29.036507339104254,122681.0,,,,,,,,,,,,,,,,,,,,,,,,,,,,,,,,,,,,,,,,,,,,,,,,,,,
2012-03-16,14999.0,1220.0,8724.0,33.0,5646.0,8757.0,0.37642509500633375,8.933110610792362,5582.0,1576.0,1569.0,16.0,3673.0,1585.0,0.6580078824793981,-36.611401317283665,78518.0,5662.0,30672.0,1909.0,43063.0,32581.0,0.5484474897475738,-18.901443946373607,3311.0,1162.0,1725.0,0.0,1540.0,1725.0,0.46511627906976744,-24.18136020151134,16500.0,1292.0,5764.0,177.0,8317.0,5941.0,0.5040606060606061,-35.70510072867552,3771.0,1149.0,1717.0,10.0,1977.0,1727.0,0.5242641209228321,-29.036507339104254,122681.0,,,,,,,,,,,,,,,,,,,,,,,,,,,,,,,,,,,,,,,,,,,,,,,,,,,
2012-03-23,14999.0,1220.0,8724.0,33.0,5646.0,8757.0,0.37642509500633375,8.933110610792362,5582.0,1576.0,1569.0,16.0,3673.0,1585.0,0.6580078824793981,-36.611401317283665,78518.0,5662.0,30672.0,1909.0,43063.0,32581.0,0.5484474897475738,-18.901443946373607,3311.0,1162.0,1725.0,0.0,1540.0,1725.0,0.46511627906976744,-24.18136020151134,16500.0,1292.0,5764.0,177.0,8317.0,5941.0,0.5040606060606061,-35.70510072867552,3771.0,1149.0,1717.0,10.0,1977.0,1727.0,0.5242641209228321,-29.036507339104254,122681.0,,,,,,,,,,,,,,,,,,,,,,,,,,,,,,,,,,,,,,,,,,,,,,,,,,,
2012-03-30,14999.0,1220.0,8724.0,33.0,5646.0,8757.0,0.37642509500633375,8.933110610792362,5582.0,1576.0,1569.0,16.0,3673.0,1585.0,0.6580078824793981,-36.611401317283665,78518.0,5662.0,30672.0,1909.0,43063.0,32581.0,0.5484474897475738,-18.901443946373607,3311.0,1162.0,1725.0,0.0,1540.0,1725.0,0.46511627906976744,-24.18136020151134,16500.0,1292.0,5764.0,177.0,8317.0,5941.0,0.5040606060606061,-35.70510072867552,3771.0,1149.0,1717.0,10.0,1977.0,1727.0,0.5242641209228321,-29.036507339104254,122681.0,,,,,,,,,,,,,,,,,,,,,,,,,,,,,,,,,,,,,,,,,,,,,,,,,,,
2012-04-06,18485.0,1199.0,10500.0,16.0,6132.0,10516.0,0.3317284284555045,23.241549436629107,8410.0,1738.0,2328.0,48.0,5738.0,2376.0,0.6822829964328181,50.662844858473655,123076.0,6199.0,44913.0,3062.0,69952.0,47975.0,0.5683642627319705,56.748770982449884,5161.0,1283.0,2721.0,9.0,2319.0,2730.0,0.44933152489827555,55.8743581999396,36571.0,1318.0,13387.0,257.0,18991.0,13644.0,0.5192912416942386,121.64242424242424,5136.0,1238.0,2536.0,49.0,2448.0,2585.0,0.4766355140186916,36.19729514717582,196839.0,,,,,,,,,,,,,,,,,,,,,,,,,,,,,,,,,,,,,,,,,,,,,,,,,,,
2012-04-13,18485.0,1199.0,10500.0,16.0,6132.0,10516.0,0.3317284284555045,23.241549436629107,8410.0,1738.0,2328.0,48.0,5738.0,2376.0,0.6822829964328181,50.662844858473655,123076.0,6199.0,44913.0,3062.0,69952.0,47975.0,0.5683642627319705,56.748770982449884,5161.0,1283.0,2721.0,9.0,2319.0,2730.0,0.44933152489827555,55.8743581999396,36571.0,1318.0,13387.0,257.0,18991.0,13644.0,0.5192912416942386,121.64242424242424,5136.0,1238.0,2536.0,49.0,2448.0,2585.0,0.4766355140186916,36.19729514717582,196839.0,,,,,,,,,,,,,,,,,,,,,,,,,,,,,,,,,,,,,,,,,,,,,,,,,,,
2012-04-20,18485.0,1199.0,10500.0,16.0,6132.0,10516.0,0.3317284284555045,23.241549436629107,8410.0,1738.0,2328.0,48.0,5738.0,2376.0,0.6822829964328181,50.662844858473655,123076.0,6199.0,44913.0,3062.0,69952.0,47975.0,0.5683642627319705,56.748770982449884,5161.0,1283.0,2721.0,9.0,2319.0,2730.0,0.44933152489827555,55.8743581999396,36571.0,1318.0,13387.0,257.0,18991.0,13644.0,0.5192912416942386,121.64242424242424,5136.0,1238.0,2536.0,49.0,2448.0,2585.0,0.4766355140186916,36.19729514717582,196839.0,,,,,,,,,,,,,,,,,,,,,,,,,,,,,,,,,,,,,,,,,,,,,,,,,,,
2012-04-27,18485.0,1199.0,10500.0,16.0,6132.0,10516.0,0.3317284284555045,23.241549436629107,8410.0,1738.0,2328.0,48.0,5738.0,2376.0,0.6822829964328181,50.662844858473655,123076.0,6199.0,44913.0,3062.0,69952.0,47975.0,0.5683642627319705,56.748770982449884,5161.0,1283.0,2721.0,9.0,2319.0,2730.0,0.44933152489827555,55.8743581999396,36571.0,1318.0,13387.0,257.0,18991.0,13644.0,0.5192912416942386,121.64242424242424,5136.0,1238.0,2536.0,49.0,2448.0,2585.0,0.4766355140186916,36.19729514717582,196839.0,,,,,,,,,,,,,,,,,,,,,,,,,,,,,,,,,,,,,,,,,,,,,,,,,,,
2012-05-04,18074.0,1413.0,9996.0,7.0,5606.0,10003.0,0.31016930397255726,-2.223424398160667,8914.0,1771.0,2382.0,13.0,6336.0,2395.0,0.7107920125645053,5.992865636147449,131093.0,6013.0,48376.0,2949.0,73660.0,51325.0,0.561891176493024,6.513861353960149,5356.0,1313.0,2906.0,11.0,2379.0,2917.0,0.4441747572815534,3.7783375314861534,35180.0,1307.0,12868.0,324.0,18614.0,13192.0,0.5291074474133031,-3.8035601979710676,5163.0,1238.0,2667.0,23.0,2376.0,2690.0,0.4601975595583963,0.5257009345794428,203780.0,,,,,,,,,,,,,,,,,,,,,,,,,,,,,,,,,,,,,,,,,,,,,,,,,,,
2012-05-11,18074.0,1413.0,9996.0,7.0,5606.0,10003.0,0.31016930397255726,-2.223424398160667,8914.0,1771.0,2382.0,13.0,6336.0,2395.0,0.7107920125645053,5.992865636147449,131093.0,6013.0,48376.0,2949.0,73660.0,51325.0,0.561891176493024,6.513861353960149,5356.0,1313.0,2906.0,11.0,2379.0,2917.0,0.4441747572815534,3.7783375314861534,35180.0,1307.0,12868.0,324.0,18614.0,13192.0,0.5291074474133031,-3.8035601979710676,5163.0,1238.0,2667.0,23.0,2376.0,2690.0,0.4601975595583963,0.5257009345794428,203780.0,,,,,,,,,,,,,,,,,,,,,,,,,,,,,,,,,,,,,,,,,,,,,,,,,,,
2012-05-18,18074.0,1413.0,9996.0,7.0,5606.0,10003.0,0.31016930397255726,-2.223424398160667,8914.0,1771.0,2382.0,13.0,6336.0,2395.0,0.7107920125645053,5.992865636147449,131093.0,6013.0,48376.0,2949.0,73660.0,51325.0,0.561891176493024,6.513861353960149,5356.0,1313.0,2906.0,11.0,2379.0,2917.0,0.4441747572815534,3.7783375314861534,35180.0,1307.0,12868.0,324.0,18614.0,13192.0,0.5291074474133031,-3.8035601979710676,5163.0,1238.0,2667.0,23.0,2376.0,2690.0,0.4601975595583963,0.5257009345794428,203780.0,,,,,,,,,,,,,,,,,,,,,,,,,,,,,,,,,,,,,,,,,,,,,,,,,,,
2012-05-25,18074.0,1413.0,9996.0,7.0,5606.0,10003.0,0.31016930397255726,-2.223424398160667,8914.0,1771.0,2382.0,13.0,6336.0,2395.0,0.7107920125645053,5.992865636147449,131093.0,6013.0,48376.0,2949.0,73660.0,51325.0,0.561891176493024,6.513861353960149,5356.0,1313.0,2906.0,11.0,2379.0,2917.0,0.4441747572815534,3.7783375314861534,35180.0,1307.0,12868.0,324.0,18614.0,13192.0,0.5291074474133031,-3.8035601979710676,5163.0,1238.0,2667.0,23.0,2376.0,2690.0,0.4601975595583963,0.5257009345794428,203780.0,,,,,,,,,,,,,,,,,,,,,,,,,,,,,,,,,,,,,,,,,,,,,,,,,,,
2012-06-01,19752.0,1388.0,11049.0,20.0,6479.0,11069.0,0.3280174159578777,9.28405444284608,8737.0,1711.0,2377.0,8.0,6010.0,2385.0,0.6878791347144328,-1.9856405654027354,124410.0,5965.0,50158.0,2687.0,66488.0,52845.0,0.5344264930471827,-5.097907592319961,4728.0,1224.0,2656.0,3.0,2033.0,2659.0,0.4299915397631134,-11.725168035847645,36320.0,1275.0,14353.0,436.0,18457.0,14789.0,0.5081773127753304,3.240477544059117,5132.0,1194.0,3037.0,28.0,2014.0,3065.0,0.39243959469992207,-0.6004261088514484,199079.0,,,,,,,,,,,,,,,,,,,,,,,,,,,,,,,,,,,,,,,,,,,,,,,,,,,
2012-06-08,19752.0,1388.0,11049.0,20.0,6479.0,11069.0,0.3280174159578777,9.28405444284608,8737.0,1711.0,2377.0,8.0,6010.0,2385.0,0.6878791347144328,-1.9856405654027354,124410.0,5965.0,50158.0,2687.0,66488.0,52845.0,0.5344264930471827,-5.097907592319961,4728.0,1224.0,2656.0,3.0,2033.0,2659.0,0.4299915397631134,-11.725168035847645,36320.0,1275.0,14353.0,436.0,18457.0,14789.0,0.5081773127753304,3.240477544059117,5132.0,1194.0,3037.0,28.0,2014.0,3065.0,0.39243959469992207,-0.6004261088514484,199079.0,,,,,,,,,,,,,,,,,,,,,,,,,,,,,,,,,,,,,,,,,,,,,,,,,,,
2012-06-15,19752.0,1388.0,11049.0,20.0,6479.0,11069.0,0.3280174159578777,9.28405444284608,8737.0,1711.0,2377.0,8.0,6010.0,2385.0,0.6878791347144328,-1.9856405654027354,124410.0,5965.0,50158.0,2687.0,66488.0,52845.0,0.5344264930471827,-5.097907592319961,4728.0,1224.0,2656.0,3.0,2033.0,2659.0,0.4299915397631134,-11.725168035847645,36320.0,1275.0,14353.0,436.0,18457.0,14789.0,0.5081773127753304,3.240477544059117,5132.0,1194.0,3037.0,28.0,2014.0,3065.0,0.39243959469992207,-0.6004261088514484,199079.0,,,,,,,,,,,,,,,,,,,,,,,,,,,,,,,,,,,,,,,,,,,,,,,,,,,
2012-06-22,19752.0,1388.0,11049.0,20.0,6479.0,11069.0,0.3280174159578777,9.28405444284608,8737.0,1711.0,2377.0,8.0,6010.0,2385.0,0.6878791347144328,-1.9856405654027354,124410.0,5965.0,50158.0,2687.0,66488.0,52845.0,0.5344264930471827,-5.097907592319961,4728.0,1224.0,2656.0,3.0,2033.0,2659.0,0.4299915397631134,-11.725168035847645,36320.0,1275.0,14353.0,436.0,18457.0,14789.0,0.5081773127753304,3.240477544059117,5132.0,1194.0,3037.0,28.0,2014.0,3065.0,0.39243959469992207,-0.6004261088514484,199079.0,,,,,,,,,,,,,,,,,,,,,,,,,,,,,,,,,,,,,,,,,,,,,,,,,,,
2012-06-29,19752.0,1388.0,11049.0,20.0,6479.0,11069.0,0.3280174159578777,9.28405444284608,8737.0,1711.0,2377.0,8.0,6010.0,2385.0,0.6878791347144328,-1.9856405654027354,124410.0,5965.0,50158.0,2687.0,66488.0,52845.0,0.5344264930471827,-5.097907592319961,4728.0,1224.0,2656.0,3.0,2033.0,2659.0,0.4299915397631134,-11.725168035847645,36320.0,1275.0,14353.0,436.0,18457.0,14789.0,0.5081773127753304,3.240477544059117,5132.0,1194.0,3037.0,28.0,2014.0,3065.0,0.39243959469992207,-0.6004261088514484,199079.0,,,,,,,,,,,,,,,,,,,,,,,,,,,,,,,,,,,,,,,,,,,,,,,,,,,
2012-07-06,22313.0,1474.0,13420.0,9.0,7578.0,13429.0,0.33962264150943394,12.96577561765897,10137.0,1748.0,2802.0,18.0,6922.0,2820.0,0.6828450231824011,16.023806798672304,151972.0,6171.0,58557.0,2937.0,83428.0,61494.0,0.5489695470218198,22.154167671409052,5074.0,1306.0,2785.0,1.0,2252.0,2786.0,0.44383129680725264,7.318104906937384,37176.0,1316.0,14123.0,238.0,19801.0,14361.0,0.5326285775769314,2.3568281938326052,6425.0,1289.0,3871.0,28.0,2486.0,3899.0,0.3869260700389105,25.194855806703043,233097.0,,,,,,,,,,,,,,,,,,,,,,,,,,,,,,,,,,,,,,,,,,,,,,,,,,,
2012-07-13,22313.0,1474.0,13420.0,9.0,7578.0,13429.0,0.33962264150943394,12.96577561765897,10137.0,1748.0,2802.0,18.0,6922.0,2820.0,0.6828450231824011,16.023806798672304,151972.0,6171.0,58557.0,2937.0,83428.0,61494.0,0.5489695470218198,22.154167671409052,5074.0,1306.0,2785.0,1.0,2252.0,2786.0,0.44383129680725264,7.318104906937384,37176.0,1316.0,14123.0,238.0,19801.0,14361.0,0.5326285775769314,2.3568281938326052,6425.0,1289.0,3871.0,28.0,2486.0,3899.0,0.3869260700389105,25.194855806703043,233097.0,,,,,,,,,,,,,,,,,,,,,,,,,,,,,,,,,,,,,,,,,,,,,,,,,,,
2012-07-20,22313.0,1474.0,13420.0,9.0,7578.0,13429.0,0.33962264150943394,12.96577561765897,10137.0,1748.0,2802.0,18.0,6922.0,2820.0,0.6828450231824011,16.023806798672304,151972.0,6171.0,58557.0,2937.0,83428.0,61494.0,0.5489695470218198,22.154167671409052,5074.0,1306.0,2785.0,1.0,2252.0,2786.0,0.44383129680725264,7.318104906937384,37176.0,1316.0,14123.0,238.0,19801.0,14361.0,0.5326285775769314,2.3568281938326052,6425.0,1289.0,3871.0,28.0,2486.0,3899.0,0.3869260700389105,25.194855806703043,233097.0,,,,,,,,,,,,,,,,,,,,,,,,,,,,,,,,,,,,,,,,,,,,,,,,,,,
2012-07-27,22313.0,1474.0,13420.0,9.0,7578.0,13429.0,0.33962264150943394,12.96577561765897,10137.0,1748.0,2802.0,18.0,6922.0,2820.0,0.6828450231824011,16.023806798672304,151972.0,6171.0,58557.0,2937.0,83428.0,61494.0,0.5489695470218198,22.154167671409052,5074.0,1306.0,2785.0,1.0,2252.0,2786.0,0.44383129680725264,7.318104906937384,37176.0,1316.0,14123.0,238.0,19801.0,14361.0,0.5326285775769314,2.3568281938326052,6425.0,1289.0,3871.0,28.0,2486.0,3899.0,0.3869260700389105,25.194855806703043,233097.0,,,,,,,,,,,,,,,,,,,,,,,,,,,,,,,,,,,,,,,,,,,,,,,,,,,
2012-08-03,24529.0,1443.0,14273.0,65.0,7252.0,14338.0,0.295650046883281,9.931430108008787,10623.0,1834.0,3017.0,9.0,7195.0,3026.0,0.6773039630989363,4.794317845516427,174319.0,6336.0,66110.0,4087.0,96750.0,70197.0,0.5550169516805397,14.704682441502381,5245.0,1342.0,2983.0,11.0,2225.0,2994.0,0.4242135367016206,3.3701221915648505,40097.0,1293.0,14525.0,232.0,22015.0,14757.0,0.54904356934434,7.857219711641927,6204.0,1348.0,3477.0,38.0,2603.0,3515.0,0.41956802063185045,-3.439688715953304,261017.0,,,,,,,,,,,,,,,,,,,,,,,,,,,,,,,,,,,,,,,,,,,,,,,,,,,
2012-08-10,24529.0,1443.0,14273.0,65.0,7252.0,14338.0,0.295650046883281,9.931430108008787,10623.0,1834.0,3017.0,9.0,7195.0,3026.0,0.6773039630989363,4.794317845516427,174319.0,6336.0,66110.0,4087.0,96750.0,70197.0,0.5550169516805397,14.704682441502381,5245.0,1342.0,2983.0,11.0,2225.0,2994.0,0.4242135367016206,3.3701221915648505,40097.0,1293.0,14525.0,232.0,22015.0,14757.0,0.54904356934434,7.857219711641927,6204.0,1348.0,3477.0,38.0,2603.0,3515.0,0.41956802063185045,-3.439688715953304,261017.0,,,,,,,,,,,,,,,,,,,,,,,,,,,,,,,,,,,,,,,,,,,,,,,,,,,
2012-08-17,24529.0,1443.0,14273.0,65.0,7252.0,14338.0,0.295650046883281,9.931430108008787,10623.0,1834.0,3017.0,9.0,7195.0,3026.0,0.6773039630989363,4.794317845516427,174319.0,6336.0,66110.0,4087.0,96750.0,70197.0,0.5550169516805397,14.704682441502381,5245.0,1342.0,2983.0,11.0,2225.0,2994.0,0.4242135367016206,3.3701221915648505,40097.0,1293.0,14525.0,232.0,22015.0,14757.0,0.54904356934434,7.857219711641927,6204.0,1348.0,3477.0,38.0,2603.0,3515.0,0.41956802063185045,-3.439688715953304,261017.0,,,,,,,,,,,,,,,,,,,,,,,,,,,,,,,,,,,,,,,,,,,,,,,,,,,
2012-08-24,24529.0,1443.0,14273.0,65.0,7252.0,14338.0,0.295650046883281,9.931430108008787,10623.0,1834.0,3017.0,9.0,7195.0,3026.0,0.6773039630989363,4.794317845516427,174319.0,6336.0,66110.0,4087.0,96750.0,70197.0,0.5550169516805397,14.704682441502381,5245.0,1342.0,2983.0,11.0,2225.0,2994.0,0.4242135367016206,3.3701221915648505,40097.0,1293.0,14525.0,232.0,22015.0,14757.0,0.54904356934434,7.857219711641927,6204.0,1348.0,3477.0,38.0,2603.0,3515.0,0.41956802063185045,-3.439688715953304,261017.0,,,,,,,,,,,,,,,,,,,,,,,,,,,,,,,,,,,,,,,,,,,,,,,,,,,
2012-08-31,24529.0,1443.0,14273.0,65.0,7252.0,14338.0,0.295650046883281,9.931430108008787,10623.0,1834.0,3017.0,9.0,7195.0,3026.0,0.6773039630989363,4.794317845516427,174319.0,6336.0,66110.0,4087.0,96750.0,70197.0,0.5550169516805397,14.704682441502381,5245.0,1342.0,2983.0,11.0,2225.0,2994.0,0.4242135367016206,3.3701221915648505,40097.0,1293.0,14525.0,232.0,22015.0,14757.0,0.54904356934434,7.857219711641927,6204.0,1348.0,3477.0,38.0,2603.0,3515.0,0.41956802063185045,-3.439688715953304,261017.0,,,,,,,,,,,,,,,,,,,,,,,,,,,,,,,,,,,,,,,,,,,,,,,,,,,
2012-09-07,29128.0,1340.0,14942.0,5.0,11473.0,14947.0,0.3938821752265861,18.749235598679114,10913.0,1828.0,3349.0,54.0,6999.0,3403.0,0.6413451846421699,2.729925633060337,128854.0,5949.0,49875.0,3565.0,70486.0,53440.0,0.5470222111847517,-26.0814942719956,5267.0,1288.0,3051.0,10.0,2187.0,3061.0,0.4152268843744067,0.41944709246901635,35834.0,1278.0,12693.0,381.0,19760.0,13074.0,0.5514316012725344,-10.631718083647158,6753.0,1340.0,3688.0,30.0,2964.0,3718.0,0.4389160373167481,8.849129593810435,216749.0,,,,,,,,,,,,,,,,,,,,,,,,,,,,,,,,,,,,,,,,,,,,,,,,,,,
2012-09-14,29128.0,1340.0,14942.0,5.0,11473.0,14947.0,0.3938821752265861,18.749235598679114,10913.0,1828.0,3349.0,54.0,6999.0,3403.0,0.6413451846421699,2.729925633060337,128854.0,5949.0,49875.0,3565.0,70486.0,53440.0,0.5470222111847517,-26.0814942719956,5267.0,1288.0,3051.0,10.0,2187.0,3061.0,0.4152268843744067,0.41944709246901635,35834.0,1278.0,12693.0,381.0,19760.0,13074.0,0.5514316012725344,-10.631718083647158,6753.0,1340.0,3688.0,30.0,2964.0,3718.0,0.4389160373167481,8.849129593810435,216749.0,,,,,,,,,,,,,,,,,,,,,,,,,,,,,,,,,,,,,,,,,,,,,,,,,,,
2012-09-21,29128.0,1340.0,14942.0,5.0,11473.0,14947.0,0.3938821752265861,18.749235598679114,10913.0,1828.0,3349.0,54.0,6999.0,3403.0,0.6413451846421699,2.729925633060337,128854.0,5949.0,49875.0,3565.0,70486.0,53440.0,0.5470222111847517,-26.0814942719956,5267.0,1288.0,3051.0,10.0,2187.0,3061.0,0.4152268843744067,0.41944709246901635,35834.0,1278.0,12693.0,381.0,19760.0,13074.0,0.5514316012725344,-10.631718083647158,6753.0,1340.0,3688.0,30.0,2964.0,3718.0,0.4389160373167481,8.849129593810435,216749.0,,,,,,,,,,,,,,,,,,,,,,,,,,,,,,,,,,,,,,,,,,,,,,,,,,,
2012-09-28,29128.0,1340.0,14942.0,5.0,11473.0,14947.0,0.3938821752265861,18.749235598679114,10913.0,1828.0,3349.0,54.0,6999.0,3403.0,0.6413451846421699,2.729925633060337,128854.0,5949.0,49875.0,3565.0,70486.0,53440.0,0.5470222111847517,-26.0814942719956,5267.0,1288.0,3051.0,10.0,2187.0,3061.0,0.4152268843744067,0.41944709246901635,35834.0,1278.0,12693.0,381.0,19760.0,13074.0,0.5514316012725344,-10.631718083647158,6753.0,1340.0,3688.0,30.0,2964.0,3718.0,0.4389160373167481,8.849129593810435,216749.0,,,,,,,,,,,,,,,,,,,,,,,,,,,,,,,,,,,,,,,,,,,,,,,,,,,
2012-10-05,30479.0,1321.0,14866.0,8.0,11991.0,14874.0,0.39341841923947635,4.6381488602032395,45034.0,2175.0,19635.0,150.0,23766.0,19785.0,0.5277346005240485,312.6637954732887,323392.0,6748.0,90207.0,14510.0,200806.0,104717.0,0.6209368197110627,150.97552268458875,6151.0,1358.0,3477.0,12.0,2589.0,3489.0,0.4209071695659242,16.78374786405923,60841.0,1358.0,20267.0,716.0,34311.0,20983.0,0.5639453657895169,69.78567840598315,38344.0,1469.0,18329.0,164.0,18730.0,18493.0,0.4884727727936574,467.806900636754,504241.0,,,,,,,,,,,,,,,,,,,,,,,,,,,,,,,,,,,,,,,,,,,,,,,,,,,
2012-10-12,30479.0,1321.0,14866.0,8.0,11991.0,14874.0,0.39341841923947635,4.6381488602032395,45034.0,2175.0,19635.0,150.0,23766.0,19785.0,0.5277346005240485,312.6637954732887,323392.0,6748.0,90207.0,14510.0,200806.0,104717.0,0.6209368197110627,150.97552268458875,6151.0,1358.0,3477.0,12.0,2589.0,3489.0,0.4209071695659242,16.78374786405923,60841.0,1358.0,20267.0,716.0,34311.0,20983.0,0.5639453657895169,69.78567840598315,38344.0,1469.0,18329.0,164.0,18730.0,18493.0,0.4884727727936574,467.806900636754,504241.0,,,,,,,,,,,,,,,,,,,,,,,,,,,,,,,,,,,,,,,,,,,,,,,,,,,
2012-10-19,30479.0,1321.0,14866.0,8.0,11991.0,14874.0,0.39341841923947635,4.6381488602032395,45034.0,2175.0,19635.0,150.0,23766.0,19785.0,0.5277346005240485,312.6637954732887,323392.0,6748.0,90207.0,14510.0,200806.0,104717.0,0.6209368197110627,150.97552268458875,6151.0,1358.0,3477.0,12.0,2589.0,3489.0,0.4209071695659242,16.78374786405923,60841.0,1358.0,20267.0,716.0,34311.0,20983.0,0.5639453657895169,69.78567840598315,38344.0,1469.0,18329.0,164.0,18730.0,18493.0,0.4884727727936574,467.806900636754,504241.0,,,,,,,,,,,,,,,,,,,,,,,,,,,,,,,,,,,,,,,,,,,,,,,,,,,
2012-10-26,30479.0,1321.0,14866.0,8.0,11991.0,14874.0,0.39341841923947635,4.6381488602032395,45034.0,2175.0,19635.0,150.0,23766.0,19785.0,0.5277346005240485,312.6637954732887,323392.0,6748.0,90207.0,14510.0,200806.0,104717.0,0.6209368197110627,150.97552268458875,6151.0,1358.0,3477.0,12.0,2589.0,3489.0,0.4209071695659242,16.78374786405923,60841.0,1358.0,20267.0,716.0,34311.0,20983.0,0.5639453657895169,69.78567840598315,38344.0,1469.0,18329.0,164.0,18730.0,18493.0,0.4884727727936574,467.806900636754,504241.0,,,,,,,,,,,,,,,,,,,,,,,,,,,,,,,,,,,,,,,,,,,,,,,,,,,
2012-11-02,38801.0,1255.0,16403.0,86.0,16948.0,16489.0,0.4367928661632432,27.304045408313925,58800.0,2006.0,28731.0,236.0,27900.0,28967.0,0.4744897959183674,30.568015277346007,502532.0,6633.0,128638.0,24069.0,317805.0,152707.0,0.6324074884783456,55.394072828022956,5303.0,1255.0,2856.0,12.0,2303.0,2868.0,0.43428248161418065,-13.786376198992034,121943.0,1349.0,41730.0,1219.0,65442.0,42949.0,0.5366605709224802,100.42898703177134,61752.0,1489.0,27642.0,365.0,31810.0,28007.0,0.5151250161938075,61.047360734404336,789131.0,,,,,,,,,,,,,,,,,,,,,,,,,,,,,,,,,,,,,,,,,,,,,,,,,,,
2012-11-09,38801.0,1255.0,16403.0,86.0,16948.0,16489.0,0.4367928661632432,27.304045408313925,58800.0,2006.0,28731.0,236.0,27900.0,28967.0,0.4744897959183674,30.568015277346007,502532.0,6633.0,128638.0,24069.0,317805.0,152707.0,0.6324074884783456,55.394072828022956,5303.0,1255.0,2856.0,12.0,2303.0,2868.0,0.43428248161418065,-13.786376198992034,121943.0,1349.0,41730.0,1219.0,65442.0,42949.0,0.5366605709224802,100.42898703177134,61752.0,1489.0,27642.0,365.0,31810.0,28007.0,0.5151250161938075,61.047360734404336,789131.0,,,,,,,,,,,,,,,,,,,,,,,,,,,,,,,,,,,,,,,,,,,,,,,,,,,
2012-11-16,38801.0,1255.0,16403.0,86.0,16948.0,16489.0,0.4367928661632432,27.304045408313925,58800.0,2006.0,28731.0,236.0,27900.0,28967.0,0.4744897959183674,30.568015277346007,502532.0,6633.0,128638.0,24069.0,317805.0,152707.0,0.6324074884783456,55.394072828022956,5303.0,1255.0,2856.0,12.0,2303.0,2868.0,0.43428248161418065,-13.786376198992034,121943.0,1349.0,41730.0,1219.0,65442.0,42949.0,0.5366605709224802,100.42898703177134,61752.0,1489.0,27642.0,365.0,31810.0,28007.0,0.5151250161938075,61.047360734404336,789131.0,,,,,,,,,,,,,,,,,,,,,,,,,,,,,,,,,,,,,,,,,,,,,,,,,,,
2012-11-23,38801.0,1255.0,16403.0,86.0,16948.0,16489.0,0.4367928661632432,27.304045408313925,58800.0,2006.0,28731.0,236.0,27900.0,28967.0,0.4744897959183674,30.568015277346007,502532.0,6633.0,128638.0,24069.0,317805.0,152707.0,0.6324074884783456,55.394072828022956,5303.0,1255.0,2856.0,12.0,2303.0,2868.0,0.43428248161418065,-13.786376198992034,121943.0,1349.0,41730.0,1219.0,65442.0,42949.0,0.5366605709224802,100.42898703177134,61752.0,1489.0,27642.0,365.0,31810.0,28007.0,0.5151250161938075,61.047360734404336,789131.0,,,,,,,,,,,,,,,,,,,,,,,,,,,,,,,,,,,,,,,,,,,,,,,,,,,
2012-11-30,38801.0,1255.0,16403.0,86.0,16948.0,16489.0,0.4367928661632432,27.304045408313925,58800.0,2006.0,28731.0,236.0,27900.0,28967.0,0.4744897959183674,30.568015277346007,502532.0,6633.0,128638.0,24069.0,317805.0,152707.0,0.6324074884783456,55.394072828022956,5303.0,1255.0,2856.0,12.0,2303.0,2868.0,0.43428248161418065,-13.786376198992034,121943.0,1349.0,41730.0,1219.0,65442.0,42949.0,0.5366605709224802,100.42898703177134,61752.0,1489.0,27642.0,365.0,31810.0,28007.0,0.5151250161938075,61.047360734404336,789131.0,,,,,,,,,,,,,,,,,,,,,,,,,,,,,,,,,,,,,,,,,,,,,,,,,,,
2012-12-07,45704.0,1343.0,21408.0,62.0,18424.0,21470.0,0.40311570103273237,17.79077858818072,23196.0,1886.0,8221.0,69.0,14019.0,8290.0,0.6043714433523021,-60.55102040816327,562322.0,6723.0,144213.0,25675.0,356401.0,169888.0,0.6338023410074655,11.897749795037926,5061.0,1275.0,2811.0,29.0,2149.0,2840.0,0.42461964038727523,-4.563454648312271,159278.0,1374.0,51403.0,1838.0,88144.0,53241.0,0.5533972048870528,30.616763569864602,62102.0,1509.0,28852.0,521.0,30316.0,29373.0,0.4881646323789894,0.5667832620805724,857663.0,,,,,,,,,,,,,,,,,,,,,,,,,,,,,,,,,,,,,,,,,,,,,,,,,,,
2012-12-14,45704.0,1343.0,21408.0,62.0,18424.0,21470.0,0.40311570103273237,17.79077858818072,23196.0,1886.0,8221.0,69.0,14019.0,8290.0,0.6043714433523021,-60.55102040816327,562322.0,6723.0,144213.0,25675.0,356401.0,169888.0,0.6338023410074655,11.897749795037926,5061.0,1275.0,2811.0,29.0,2149.0,2840.0,0.42461964038727523,-4.563454648312271,159278.0,1374.0,51403.0,1838.0,88144.0,53241.0,0.5533972048870528,30.616763569864602,62102.0,1509.0,28852.0,521.0,30316.0,29373.0,0.4881646323789894,0.5667832620805724,857663.0,,,,,,,,,,,,,,,,,,,,,,,,,,,,,,,,,,,,,,,,,,,,,,,,,,,
2012-12-21,45704.0,1343.0,21408.0,62.0,18424.0,21470.0,0.40311570103273237,17.79077858818072,23196.0,1886.0,8221.0,69.0,14019.0,8290.0,0.6043714433523021,-60.55102040816327,562322.0,6723.0,144213.0,25675.0,356401.0,169888.0,0.6338023410074655,11.897749795037926,5061.0,1275.0,2811.0,29.0,2149.0,2840.0,0.42461964038727523,-4.563454648312271,159278.0,1374.0,51403.0,1838.0,88144.0,53241.0,0.5533972048870528,30.616763569864602,62102.0,1509.0,28852.0,521.0,30316.0,29373.0,0.4881646323789894,0.5667832620805724,857663.0,,,,,,,,,,,,,,,,,,,,,,,,,,,,,,,,,,,,,,,,,,,,,,,,,,,
2012-12-28,45704.0,1343.0,21408.0,62.0,18424.0,21470.0,0.40311570103273237,17.79077858818072,23196.0,1886.0,8221.0,69.0,14019.0,8290.0,0.6043714433523021,-60.55102040816327,562322.0,6723.0,144213.0,25675.0,356401.0,169888.0,0.6338023410074655,11.897749795037926,5061.0,1275.0,2811.0,29.0,2149.0,2840.0,0.42461964038727523,-4.563454648312271,159278.0,1374.0,51403.0,1838.0,88144.0,53241.0,0.5533972048870528,30.616763569864602,62102.0,1509.0,28852.0,521.0,30316.0,29373.0,0.4881646323789894,0.5667832620805724,857663.0,,,,,,,,,,,,,,,,,,,,,,,,,,,,,,,,,,,,,,,,,,,,,,,,,,,
2013-01-04,42038.0,1330.0,18542.0,335.0,15735.0,18877.0,0.3743042009610352,-8.02117976544723,17169.0,1966.0,5451.0,99.0,10873.0,5550.0,0.6332925621760149,-25.982928091050184,474717.0,6841.0,136343.0,17953.0,290114.0,154296.0,0.611130420861271,-15.57915215837189,5081.0,1206.0,2889.0,4.0,2125.0,2893.0,0.41822475890572725,0.39517881841533153,167031.0,1386.0,55539.0,1859.0,87688.0,57398.0,0.5249803928612055,4.867589999874444,61186.0,1429.0,29253.0,430.0,28890.0,29683.0,0.47216683555061617,-1.4749927538565633,767222.0,,,,,,,,,,,,,,,,,,,,,,,,,,,,,,,,,,,,,,,,,,,,,,,,,,,
2013-01-11,42038.0,1330.0,18542.0,335.0,15735.0,18877.0,0.3743042009610352,-8.02117976544723,17169.0,1966.0,5451.0,99.0,10873.0,5550.0,0.6332925621760149,-25.982928091050184,474717.0,6841.0,136343.0,17953.0,290114.0,154296.0,0.611130420861271,-15.57915215837189,5081.0,1206.0,2889.0,4.0,2125.0,2893.0,0.41822475890572725,0.39517881841533153,167031.0,1386.0,55539.0,1859.0,87688.0,57398.0,0.5249803928612055,4.867589999874444,61186.0,1429.0,29253.0,430.0,28890.0,29683.0,0.47216683555061617,-1.4749927538565633,767222.0,,,,,,,,,,,,,,,,,,,,,,,,,,,,,,,,,,,,,,,,,,,,,,,,,,,
2013-01-18,42038.0,1330.0,18542.0,335.0,15735.0,18877.0,0.3743042009610352,-8.02117976544723,17169.0,1966.0,5451.0,99.0,10873.0,5550.0,0.6332925621760149,-25.982928091050184,474717.0,6841.0,136343.0,17953.0,290114.0,154296.0,0.611130420861271,-15.57915215837189,5081.0,1206.0,2889.0,4.0,2125.0,2893.0,0.41822475890572725,0.39517881841533153,167031.0,1386.0,55539.0,1859.0,87688.0,57398.0,0.5249803928612055,4.867589999874444,61186.0,1429.0,29253.0,430.0,28890.0,29683.0,0.47216683555061617,-1.4749927538565633,767222.0,,,,,,,,,,,,,,,,,,,,,,,,,,,,,,,,,,,,,,,,,,,,,,,,,,,
2013-01-25,42038.0,1330.0,18542.0,335.0,15735.0,18877.0,0.3743042009610352,-8.02117976544723,17169.0,1966.0,5451.0,99.0,10873.0,5550.0,0.6332925621760149,-25.982928091050184,474717.0,6841.0,136343.0,17953.0,290114.0,154296.0,0.611130420861271,-15.57915215837189,5081.0,1206.0,2889.0,4.0,2125.0,2893.0,0.41822475890572725,0.39517881841533153,167031.0,1386.0,55539.0,1859.0,87688.0,57398.0,0.5249803928612055,4.867589999874444,61186.0,1429.0,29253.0,430.0,28890.0,29683.0,0.47216683555061617,-1.4749927538565633,767222.0,,,,,,,,,,,,,,,,,,,,,,,,,,,,,,,,,,,,,,,,,,,,,,,,,,,
2013-02-01,44070.0,1321.0,21760.0,209.0,15452.0,21969.0,0.35062400726117543,4.833721870688423,22293.0,1916.0,8760.0,56.0,12722.0,8816.0,0.5706724083793119,29.844487157085453,425860.0,6702.0,117499.0,12432.0,270761.0,129931.0,0.6357981496266378,-10.291815966144036,4861.0,1144.0,2490.0,10.0,2324.0,2500.0,0.47809092779263523,-4.329856327494586,157768.0,1371.0,51519.0,1868.0,83450.0,53387.0,0.5289412301607423,-5.54567714975065,35621.0,1330.0,18238.0,400.0,15134.0,18638.0,0.4248617388619073,-41.78243389010557,690473.0,,,,,,,,,,,,,,,,,,,,,,,,,,,,,,,,,,,,,,,,,,,,,,,,,,,
2013-02-08,44070.0,1321.0,21760.0,209.0,15452.0,21969.0,0.35062400726117543,4.833721870688423,22293.0,1916.0,8760.0,56.0,12722.0,8816.0,0.5706724083793119,29.844487157085453,425860.0,6702.0,117499.0,12432.0,270761.0,129931.0,0.6357981496266378,-10.291815966144036,4861.0,1144.0,2490.0,10.0,2324.0,2500.0,0.47809092779263523,-4.329856327494586,157768.0,1371.0,51519.0,1868.0,83450.0,53387.0,0.5289412301607423,-5.54567714975065,35621.0,1330.0,18238.0,400.0,15134.0,18638.0,0.4248617388619073,-41.78243389010557,690473.0,,,,,,,,,,,,,,,,,,,,,,,,,,,,,,,,,,,,,,,,,,,,,,,,,,,
2013-02-15,44070.0,1321.0,21760.0,209.0,15452.0,21969.0,0.35062400726117543,4.833721870688423,22293.0,1916.0,8760.0,56.0,12722.0,8816.0,0.5706724083793119,29.844487157085453,425860.0,6702.0,117499.0,12432.0,270761.0,129931.0,0.6357981496266378,-10.291815966144036,4861.0,1144.0,2490.0,10.0,2324.0,2500.0,0.47809092779263523,-4.329856327494586,157768.0,1371.0,51519.0,1868.0,83450.0,53387.0,0.5289412301607423,-5.54567714975065,35621.0,1330.0,18238.0,400.0,15134.0,18638.0,0.4248617388619073,-41.78243389010557,690473.0,,,,,,,,,,,,,,,,,,,,,,,,,,,,,,,,,,,,,,,,,,,,,,,,,,,
2013-02-22,44070.0,1321.0,21760.0,209.0,15452.0,21969.0,0.35062400726117543,4.833721870688423,22293.0,1916.0,8760.0,56.0,12722.0,8816.0,0.5706724083793119,29.844487157085453,425860.0,6702.0,117499.0,12432.0,270761.0,129931.0,0.6357981496266378,-10.291815966144036,4861.0,1144.0,2490.0,10.0,2324.0,2500.0,0.47809092779263523,-4.329856327494586,157768.0,1371.0,51519.0,1868.0,83450.0,53387.0,0.5289412301607423,-5.54567714975065,35621.0,1330.0,18238.0,400.0,15134.0,18638.0,0.4248617388619073,-41.78243389010557,690473.0,,,,,,,,,,,,,,,,,,,,,,,,,,,,,,,,,,,,,,,,,,,,,,,,,,,
2013-03-01,50253.0,1324.0,21716.0,18.0,18740.0,21734.0,0.3729130599168209,14.029952348536412,44191.0,2115.0,14700.0,118.0,27828.0,14818.0,0.629720983910751,98.22814336338762,418511.0,6961.0,119034.0,13041.0,259762.0,132075.0,0.6206814157811862,-1.725684497252622,5387.0,1251.0,2733.0,4.0,2595.0,2737.0,0.48171524039354,10.820818761571683,171511.0,1413.0,49117.0,1617.0,92377.0,50734.0,0.5386068532047508,8.710891942599265,46891.0,1510.0,23526.0,325.0,20749.0,23851.0,0.44249429528054424,31.638640128014384,736744.0,,,,,,,,,,,,,,,,,,,,,,,,,,,,,,,,,,,,,,,,,,,,,,,,,,,
2013-03-08,50253.0,1324.0,21716.0,18.0,18740.0,21734.0,0.3729130599168209,14.029952348536412,44191.0,2115.0,14700.0,118.0,27828.0,14818.0,0.629720983910751,98.22814336338762,418511.0,6961.0,119034.0,13041.0,259762.0,132075.0,0.6206814157811862,-1.725684497252622,5387.0,1251.0,2733.0,4.0,2595.0,2737.0,0.48171524039354,10.820818761571683,171511.0,1413.0,49117.0,1617.0,92377.0,50734.0,0.5386068532047508,8.710891942599265,46891.0,1510.0,23526.0,325.0,20749.0,23851.0,0.44249429528054424,31.638640128014384,736744.0,,,,,,,,,,,,,,,,,,,,,,,,,,,,,,,,,,,,,,,,,,,,,,,,,,,
2013-03-15,50253.0,1324.0,21716.0,18.0,18740.0,21734.0,0.3729130599168209,14.029952348536412,44191.0,2115.0,14700.0,118.0,27828.0,14818.0,0.629720983910751,98.22814336338762,418511.0,6961.0,119034.0,13041.0,259762.0,132075.0,0.6206814157811862,-1.725684497252622,5387.0,1251.0,2733.0,4.0,2595.0,2737.0,0.48171524039354,10.820818761571683,171511.0,1413.0,49117.0,1617.0,92377.0,50734.0,0.5386068532047508,8.710891942599265,46891.0,1510.0,23526.0,325.0,20749.0,23851.0,0.44249429528054424,31.638640128014384,736744.0,,,,,,,,,,,,,,,,,,,,,,,,,,,,,,,,,,,,,,,,,,,,,,,,,,,
2013-03-22,50253.0,1324.0,21716.0,18.0,18740.0,21734.0,0.3729130599168209,14.029952348536412,44191.0,2115.0,14700.0,118.0,27828.0,14818.0,0.629720983910751,98.22814336338762,418511.0,6961.0,119034.0,13041.0,259762.0,132075.0,0.6206814157811862,-1.725684497252622,5387.0,1251.0,2733.0,4.0,2595.0,2737.0,0.48171524039354,10.820818761571683,171511.0,1413.0,49117.0,1617.0,92377.0,50734.0,0.5386068532047508,8.710891942599265,46891.0,1510.0,23526.0,325.0,20749.0,23851.0,0.44249429528054424,31.638640128014384,736744.0,,,,,,,,,,,,,,,,,,,,,,,,,,,,,,,,,,,,,,,,,,,,,,,,,,,
2013-03-29,50253.0,1324.0,21716.0,18.0,18740.0,21734.0,0.3729130599168209,14.029952348536412,44191.0,2115.0,14700.0,118.0,27828.0,14818.0,0.629720983910751,98.22814336338762,418511.0,6961.0,119034.0,13041.0,259762.0,132075.0,0.6206814157811862,-1.725684497252622,5387.0,1251.0,2733.0,4.0,2595.0,2737.0,0.48171524039354,10.820818761571683,171511.0,1413.0,49117.0,1617.0,92377.0,50734.0,0.5386068532047508,8.710891942599265,46891.0,1510.0,23526.0,325.0,20749.0,23851.0,0.44249429528054424,31.638640128014384,736744.0,,,,,,,,,,,,,,,,,,,,,,,,,,,,,,,,,,,,,,,,,,,,,,,,,,,
2013-04-05,46460.0,1365.0,19873.0,0.0,16441.0,19873.0,0.35387430047352564,-7.547808091059238,52780.0,2127.0,18258.0,153.0,33162.0,18411.0,0.6283061765820387,19.436084270552833,451893.0,6943.0,127242.0,15026.0,283018.0,142268.0,0.6262942776276685,7.976373380866941,5238.0,1262.0,2831.0,10.0,2317.0,2841.0,0.44234440626193205,-2.7659179506218656,162481.0,1340.0,47970.0,1936.0,86925.0,49906.0,0.5349856290889397,-5.264968427681027,66821.0,1476.0,28414.0,307.0,35363.0,28721.0,0.5292198560332829,42.50282570216033,785673.0,,,,,,,,,,,,,,,,,,,,,,,,,,,,,,,,,,,,,,,,,,,,,,,,,,,
2013-04-12,46460.0,1365.0,19873.0,0.0,16441.0,19873.0,0.35387430047352564,-7.547808091059238,52780.0,2127.0,18258.0,153.0,33162.0,18411.0,0.6283061765820387,19.436084270552833,451893.0,6943.0,127242.0,15026.0,283018.0,142268.0,0.6262942776276685,7.976373380866941,5238.0,1262.0,2831.0,10.0,2317.0,2841.0,0.44234440626193205,-2.7659179506218656,162481.0,1340.0,47970.0,1936.0,86925.0,49906.0,0.5349856290889397,-5.264968427681027,66821.0,1476.0,28414.0,307.0,35363.0,28721.0,0.5292198560332829,42.50282570216033,785673.0,,,,,,,,,,,,,,,,,,,,,,,,,,,,,,,,,,,,,,,,,,,,,,,,,,,
2013-04-19,46460.0,1365.0,19873.0,0.0,16441.0,19873.0,0.35387430047352564,-7.547808091059238,52780.0,2127.0,18258.0,153.0,33162.0,18411.0,0.6283061765820387,19.436084270552833,451893.0,6943.0,127242.0,15026.0,283018.0,142268.0,0.6262942776276685,7.976373380866941,5238.0,1262.0,2831.0,10.0,2317.0,2841.0,0.44234440626193205,-2.7659179506218656,162481.0,1340.0,47970.0,1936.0,86925.0,49906.0,0.5349856290889397,-5.264968427681027,66821.0,1476.0,28414.0,307.0,35363.0,28721.0,0.5292198560332829,42.50282570216033,785673.0,,,,,,,,,,,,,,,,,,,,,,,,,,,,,,,,,,,,,,,,,,,,,,,,,,,
2013-04-26,46460.0,1365.0,19873.0,0.0,16441.0,19873.0,0.35387430047352564,-7.547808091059238,52780.0,2127.0,18258.0,153.0,33162.0,18411.0,0.6283061765820387,19.436084270552833,451893.0,6943.0,127242.0,15026.0,283018.0,142268.0,0.6262942776276685,7.976373380866941,5238.0,1262.0,2831.0,10.0,2317.0,2841.0,0.44234440626193205,-2.7659179506218656,162481.0,1340.0,47970.0,1936.0,86925.0,49906.0,0.5349856290889397,-5.264968427681027,66821.0,1476.0,28414.0,307.0,35363.0,28721.0,0.5292198560332829,42.50282570216033,785673.0,,,,,,,,,,,,,,,,,,,,,,,,,,,,,,,,,,,,,,,,,,,,,,,,,,,
2013-05-03,49350.0,1481.0,19828.0,20.0,17178.0,19848.0,0.34808510638297874,6.22040464916056,67819.0,2182.0,26545.0,261.0,39755.0,26806.0,0.5861926598740765,28.493747631678666,475160.0,7349.0,132728.0,13829.0,299794.0,146557.0,0.6309327384459972,5.148785221280261,5662.0,1279.0,3042.0,19.0,2574.0,3061.0,0.4546096785588131,8.094692630775114,171781.0,1337.0,51529.0,1615.0,96105.0,53144.0,0.5594623386754065,5.723746161089593,60621.0,1616.0,28979.0,419.0,29947.0,29398.0,0.49400372808102805,-9.278520225677555,830393.0,,,,,,,,,,,,,,,,,,,,,,,,,,,,,,,,,,,,,,,,,,,,,,,,,,,
2013-05-10,49350.0,1481.0,19828.0,20.0,17178.0,19848.0,0.34808510638297874,6.22040464916056,67819.0,2182.0,26545.0,261.0,39755.0,26806.0,0.5861926598740765,28.493747631678666,475160.0,7349.0,132728.0,13829.0,299794.0,146557.0,0.6309327384459972,5.148785221280261,5662.0,1279.0,3042.0,19.0,2574.0,3061.0,0.4546096785588131,8.094692630775114,171781.0,1337.0,51529.0,1615.0,96105.0,53144.0,0.5594623386754065,5.723746161089593,60621.0,1616.0,28979.0,419.0,29947.0,29398.0,0.49400372808102805,-9.278520225677555,830393.0,,,,,,,,,,,,,,,,,,,,,,,,,,,,,,,,,,,,,,,,,,,,,,,,,,,
2013-05-17,49350.0,1481.0,19828.0,20.0,17178.0,19848.0,0.34808510638297874,6.22040464916056,67819.0,2182.0,26545.0,261.0,39755.0,26806.0,0.5861926598740765,28.493747631678666,475160.0,7349.0,132728.0,13829.0,299794.0,146557.0,0.6309327384459972,5.148785221280261,5662.0,1279.0,3042.0,19.0,2574.0,3061.0,0.4546096785588131,8.094692630775114,171781.0,1337.0,51529.0,1615.0,96105.0,53144.0,0.5594623386754065,5.723746161089593,60621.0,1616.0,28979.0,419.0,29947.0,29398.0,0.49400372808102805,-9.278520225677555,830393.0,,,,,,,,,,,,,,,,,,,,,,,,,,,,,,,,,,,,,,,,,,,,,,,,,,,
2013-05-24,49350.0,1481.0,19828.0,20.0,17178.0,19848.0,0.34808510638297874,6.22040464916056,67819.0,2182.0,26545.0,261.0,39755.0,26806.0,0.5861926598740765,28.493747631678666,475160.0,7349.0,132728.0,13829.0,299794.0,146557.0,0.6309327384459972,5.148785221280261,5662.0,1279.0,3042.0,19.0,2574.0,3061.0,0.4546096785588131,8.094692630775114,171781.0,1337.0,51529.0,1615.0,96105.0,53144.0,0.5594623386754065,5.723746161089593,60621.0,1616.0,28979.0,419.0,29947.0,29398.0,0.49400372808102805,-9.278520225677555,830393.0,,,,,,,,,,,,,,,,,,,,,,,,,,,,,,,,,,,,,,,,,,,,,,,,,,,
2013-05-31,49350.0,1481.0,19828.0,20.0,17178.0,19848.0,0.34808510638297874,6.22040464916056,67819.0,2182.0,26545.0,261.0,39755.0,26806.0,0.5861926598740765,28.493747631678666,475160.0,7349.0,132728.0,13829.0,299794.0,146557.0,0.6309327384459972,5.148785221280261,5662.0,1279.0,3042.0,19.0,2574.0,3061.0,0.4546096785588131,8.094692630775114,171781.0,1337.0,51529.0,1615.0,96105.0,53144.0,0.5594623386754065,5.723746161089593,60621.0,1616.0,28979.0,419.0,29947.0,29398.0,0.49400372808102805,-9.278520225677555,830393.0,,,,,,,,,,,,,,,,,,,,,,,,,,,,,,,,,,,,,,,,,,,,,,,,,,,
2013-06-07,51537.0,1495.0,22578.0,57.0,17079.0,22635.0,0.33139297980091975,4.431610942249242,84036.0,2182.0,32489.0,279.0,49021.0,32768.0,0.5833333333333334,23.912178003214436,718851.0,7349.0,165781.0,20238.0,486947.0,186019.0,0.6773962893562088,51.28609310548027,5200.0,1203.0,2804.0,10.0,2341.0,2814.0,0.45019230769230767,-8.159660897209465,159880.0,1212.0,47155.0,1747.0,89228.0,48902.0,0.5580935701776333,-6.92800717192239,82262.0,1582.0,35778.0,523.0,42795.0,36301.0,0.5202280518343828,35.69885023341746,1101766.0,,,,,,,,,,,,,,,,,,,,,,,,,,,,,,,,,,,,,,,,,,,,,,,,,,,
2013-06-14,51537.0,1495.0,22578.0,57.0,17079.0,22635.0,0.33139297980091975,4.431610942249242,84036.0,2182.0,32489.0,279.0,49021.0,32768.0,0.5833333333333334,23.912178003214436,718851.0,7349.0,165781.0,20238.0,486947.0,186019.0,0.6773962893562088,51.28609310548027,5200.0,1203.0,2804.0,10.0,2341.0,2814.0,0.45019230769230767,-8.159660897209465,159880.0,1212.0,47155.0,1747.0,89228.0,48902.0,0.5580935701776333,-6.92800717192239,82262.0,1582.0,35778.0,523.0,42795.0,36301.0,0.5202280518343828,35.69885023341746,1101766.0,,,,,,,,,,,,,,,,,,,,,,,,,,,,,,,,,,,,,,,,,,,,,,,,,,,
2013-06-21,51537.0,1495.0,22578.0,57.0,17079.0,22635.0,0.33139297980091975,4.431610942249242,84036.0,2182.0,32489.0,279.0,49021.0,32768.0,0.5833333333333334,23.912178003214436,718851.0,7349.0,165781.0,20238.0,486947.0,186019.0,0.6773962893562088,51.28609310548027,5200.0,1203.0,2804.0,10.0,2341.0,2814.0,0.45019230769230767,-8.159660897209465,159880.0,1212.0,47155.0,1747.0,89228.0,48902.0,0.5580935701776333,-6.92800717192239,82262.0,1582.0,35778.0,523.0,42795.0,36301.0,0.5202280518343828,35.69885023341746,1101766.0,,,,,,,,,,,,,,,,,,,,,,,,,,,,,,,,,,,,,,,,,,,,,,,,,,,
2013-06-28,51537.0,1495.0,22578.0,57.0,17079.0,22635.0,0.33139297980091975,4.431610942249242,84036.0,2182.0,32489.0,279.0,49021.0,32768.0,0.5833333333333334,23.912178003214436,718851.0,7349.0,165781.0,20238.0,486947.0,186019.0,0.6773962893562088,51.28609310548027,5200.0,1203.0,2804.0,10.0,2341.0,2814.0,0.45019230769230767,-8.159660897209465,159880.0,1212.0,47155.0,1747.0,89228.0,48902.0,0.5580935701776333,-6.92800717192239,82262.0,1582.0,35778.0,523.0,42795.0,36301.0,0.5202280518343828,35.69885023341746,1101766.0,,,,,,,,,,,,,,,,,,,,,,,,,,,,,,,,,,,,,,,,,,,,,,,,,,,
2013-07-05,50998.0,1430.0,22985.0,73.0,16093.0,23058.0,0.3155613945644927,-1.0458505539709284,42705.0,2125.0,15111.0,93.0,26609.0,15204.0,0.6230886313078093,-49.182493217192636,711894.0,7452.0,164268.0,18250.0,486079.0,182518.0,0.6827968770631583,-0.9677944386249693,4750.0,1195.0,2610.0,3.0,2109.0,2613.0,0.444,-8.653846153846157,163575.0,1266.0,51051.0,2414.0,88735.0,53465.0,0.5424728717713587,2.311108331248435,77326.0,1532.0,36096.0,769.0,38755.0,36865.0,0.501189767995241,-6.000340375872215,1051248.0,,,,,,,,,,,,,,,,,,,,,,,,,,,,,,,,,,,,,,,,,,,,,,,,,,,
2013-07-12,50998.0,1430.0,22985.0,73.0,16093.0,23058.0,0.3155613945644927,-1.0458505539709284,42705.0,2125.0,15111.0,93.0,26609.0,15204.0,0.6230886313078093,-49.182493217192636,711894.0,7452.0,164268.0,18250.0,486079.0,182518.0,0.6827968770631583,-0.9677944386249693,4750.0,1195.0,2610.0,3.0,2109.0,2613.0,0.444,-8.653846153846157,163575.0,1266.0,51051.0,2414.0,88735.0,53465.0,0.5424728717713587,2.311108331248435,77326.0,1532.0,36096.0,769.0,38755.0,36865.0,0.501189767995241,-6.000340375872215,1051248.0,,,,,,,,,,,,,,,,,,,,,,,,,,,,,,,,,,,,,,,,,,,,,,,,,,,
2013-07-19,50998.0,1430.0,22985.0,73.0,16093.0,23058.0,0.3155613945644927,-1.0458505539709284,42705.0,2125.0,15111.0,93.0,26609.0,15204.0,0.6230886313078093,-49.182493217192636,711894.0,7452.0,164268.0,18250.0,486079.0,182518.0,0.6827968770631583,-0.9677944386249693,4750.0,1195.0,2610.0,3.0,2109.0,2613.0,0.444,-8.653846153846157,163575.0,1266.0,51051.0,2414.0,88735.0,53465.0,0.5424728717713587,2.311108331248435,77326.0,1532.0,36096.0,769.0,38755.0,36865.0,0.501189767995241,-6.000340375872215,1051248.0,,,,,,,,,,,,,,,,,,,,,,,,,,,,,,,,,,,,,,,,,,,,,,,,,,,
2013-07-26,50998.0,1430.0,22985.0,73.0,16093.0,23058.0,0.3155613945644927,-1.0458505539709284,42705.0,2125.0,15111.0,93.0,26609.0,15204.0,0.6230886313078093,-49.182493217192636,711894.0,7452.0,164268.0,18250.0,486079.0,182518.0,0.6827968770631583,-0.9677944386249693,4750.0,1195.0,2610.0,3.0,2109.0,2613.0,0.444,-8.653846153846157,163575.0,1266.0,51051.0,2414.0,88735.0,53465.0,0.5424728717713587,2.311108331248435,77326.0,1532.0,36096.0,769.0,38755.0,36865.0,0.501189767995241,-6.000340375872215,1051248.0,,,,,,,,,,,,,,,,,,,,,,,,,,,,,,,,,,,,,,,,,,,,,,,,,,,
2013-08-02,51748.0,1452.0,26488.0,22.0,16591.0,26510.0,0.32061142459611963,1.470645907682644,30198.0,2059.0,10496.0,107.0,18956.0,10603.0,0.6277236903106166,-29.286968739023532,725517.0,7294.0,170594.0,17761.0,493269.0,188355.0,0.6798862052853345,1.913627590624456,5521.0,1323.0,2916.0,13.0,2559.0,2929.0,0.4635029885890237,16.23157894736842,160664.0,1301.0,51261.0,2063.0,88717.0,53324.0,0.5521896628989693,-1.7796117988690185,70179.0,1657.0,36051.0,362.0,32485.0,36413.0,0.46288775844625885,-9.242686806507516,1043827.0,,,,,,,,,,,,,,,,,,,,,,,,,,,,,,,,,,,,,,,,,,,,,,,,,,,
2013-08-09,51748.0,1452.0,26488.0,22.0,16591.0,26510.0,0.32061142459611963,1.470645907682644,30198.0,2059.0,10496.0,107.0,18956.0,10603.0,0.6277236903106166,-29.286968739023532,725517.0,7294.0,170594.0,17761.0,493269.0,188355.0,0.6798862052853345,1.913627590624456,5521.0,1323.0,2916.0,13.0,2559.0,2929.0,0.4635029885890237,16.23157894736842,160664.0,1301.0,51261.0,2063.0,88717.0,53324.0,0.5521896628989693,-1.7796117988690185,70179.0,1657.0,36051.0,362.0,32485.0,36413.0,0.46288775844625885,-9.242686806507516,1043827.0,,,,,,,,,,,,,,,,,,,,,,,,,,,,,,,,,,,,,,,,,,,,,,,,,,,
2013-08-16,51748.0,1452.0,26488.0,22.0,16591.0,26510.0,0.32061142459611963,1.470645907682644,30198.0,2059.0,10496.0,107.0,18956.0,10603.0,0.6277236903106166,-29.286968739023532,725517.0,7294.0,170594.0,17761.0,493269.0,188355.0,0.6798862052853345,1.913627590624456,5521.0,1323.0,2916.0,13.0,2559.0,2929.0,0.4635029885890237,16.23157894736842,160664.0,1301.0,51261.0,2063.0,88717.0,53324.0,0.5521896628989693,-1.7796117988690185,70179.0,1657.0,36051.0,362.0,32485.0,36413.0,0.46288775844625885,-9.242686806507516,1043827.0,,,,,,,,,,,,,,,,,,,,,,,,,,,,,,,,,,,,,,,,,,,,,,,,,,,
2013-08-23,51748.0,1452.0,26488.0,22.0,16591.0,26510.0,0.32061142459611963,1.470645907682644,30198.0,2059.0,10496.0,107.0,18956.0,10603.0,0.6277236903106166,-29.286968739023532,725517.0,7294.0,170594.0,17761.0,493269.0,188355.0,0.6798862052853345,1.913627590624456,5521.0,1323.0,2916.0,13.0,2559.0,2929.0,0.4635029885890237,16.23157894736842,160664.0,1301.0,51261.0,2063.0,88717.0,53324.0,0.5521896628989693,-1.7796117988690185,70179.0,1657.0,36051.0,362.0,32485.0,36413.0,0.46288775844625885,-9.242686806507516,1043827.0,,,,,,,,,,,,,,,,,,,,,,,,,,,,,,,,,,,,,,,,,,,,,,,,,,,
2013-08-30,51748.0,1452.0,26488.0,22.0,16591.0,26510.0,0.32061142459611963,1.470645907682644,30198.0,2059.0,10496.0,107.0,18956.0,10603.0,0.6277236903106166,-29.286968739023532,725517.0,7294.0,170594.0,17761.0,493269.0,188355.0,0.6798862052853345,1.913627590624456,5521.0,1323.0,2916.0,13.0,2559.0,2929.0,0.4635029885890237,16.23157894736842,160664.0,1301.0,51261.0,2063.0,88717.0,53324.0,0.5521896628989693,-1.7796117988690185,70179.0,1657.0,36051.0,362.0,32485.0,36413.0,0.46288775844625885,-9.242686806507516,1043827.0,,,,,,,,,,,,,,,,,,,,,,,,,,,,,,,,,,,,,,,,,,,,,,,,,,,
2013-09-06,52135.0,1474.0,23396.0,69.0,18129.0,23465.0,0.34773185000479523,0.7478549895648223,44099.0,2131.0,15263.0,165.0,27670.0,15428.0,0.6274518696569084,46.03284985760647,695848.0,7374.0,165757.0,16707.0,475559.0,182464.0,0.6834236787344362,-4.089359725547437,5695.0,1349.0,3233.0,11.0,2422.0,3244.0,0.4252853380158033,3.1516029704763637,162335.0,1348.0,57871.0,2129.0,84187.0,60000.0,0.5186004250469708,1.0400587561619323,78856.0,1561.0,35173.0,235.0,42315.0,35408.0,0.5366110378411282,12.364097522050766,1038968.0,,,,,,,,,,,,,,,,,,,,,,,,,,,,,,,,,,,,,,,,,,,,,,,,,,,
2013-09-13,52135.0,1474.0,23396.0,69.0,18129.0,23465.0,0.34773185000479523,0.7478549895648223,44099.0,2131.0,15263.0,165.0,27670.0,15428.0,0.6274518696569084,46.03284985760647,695848.0,7374.0,165757.0,16707.0,475559.0,182464.0,0.6834236787344362,-4.089359725547437,5695.0,1349.0,3233.0,11.0,2422.0,3244.0,0.4252853380158033,3.1516029704763637,162335.0,1348.0,57871.0,2129.0,84187.0,60000.0,0.5186004250469708,1.0400587561619323,78856.0,1561.0,35173.0,235.0,42315.0,35408.0,0.5366110378411282,12.364097522050766,1038968.0,,,,,,,,,,,,,,,,,,,,,,,,,,,,,,,,,,,,,,,,,,,,,,,,,,,
2013-09-20,52135.0,1474.0,23396.0,69.0,18129.0,23465.0,0.34773185000479523,0.7478549895648223,44099.0,2131.0,15263.0,165.0,27670.0,15428.0,0.6274518696569084,46.03284985760647,695848.0,7374.0,165757.0,16707.0,475559.0,182464.0,0.6834236787344362,-4.089359725547437,5695.0,1349.0,3233.0,11.0,2422.0,3244.0,0.4252853380158033,3.1516029704763637,162335.0,1348.0,57871.0,2129.0,84187.0,60000.0,0.5186004250469708,1.0400587561619323,78856.0,1561.0,35173.0,235.0,42315.0,35408.0,0.5366110378411282,12.364097522050766,1038968.0,,,,,,,,,,,,,,,,,,,,,,,,,,,,,,,,,,,,,,,,,,,,,,,,,,,
2013-09-27,52135.0,1474.0,23396.0,69.0,18129.0,23465.0,0.34773185000479523,0.7478549895648223,44099.0,2131.0,15263.0,165.0,27670.0,15428.0,0.6274518696569084,46.03284985760647,695848.0,7374.0,165757.0,16707.0,475559.0,182464.0,0.6834236787344362,-4.089359725547437,5695.0,1349.0,3233.0,11.0,2422.0,3244.0,0.4252853380158033,3.1516029704763637,162335.0,1348.0,57871.0,2129.0,84187.0,60000.0,0.5186004250469708,1.0400587561619323,78856.0,1561.0,35173.0,235.0,42315.0,35408.0,0.5366110378411282,12.364097522050766,1038968.0,,,,,,,,,,,,,,,,,,,,,,,,,,,,,,,,,,,,,,,,,,,,,,,,,,,
2013-10-04,53568.0,1427.0,20463.0,61.0,21133.0,20524.0,0.39450791517323774,2.7486333557111386,55719.0,2171.0,21536.0,193.0,32445.0,21729.0,0.5822968825714747,26.349803850427445,764093.0,7666.0,167369.0,20101.0,529347.0,187470.0,0.692778235110124,9.807457950586906,6612.0,1435.0,3661.0,3.0,2883.0,3664.0,0.4360254083484574,16.101843722563647,169761.0,1377.0,62134.0,2212.0,85664.0,64346.0,0.5046153121152679,4.574491021652749,80422.0,1628.0,35259.0,227.0,43108.0,35486.0,0.5360224814105593,1.9858983463528546,1130175.0,,,,,,,,,,,,,,,,,,,,,,,,,,,,,,,,,,,,,,,,,,,,,,,,,,,
2013-10-11,53568.0,1427.0,20463.0,61.0,21133.0,20524.0,0.39450791517323774,2.7486333557111386,55719.0,2171.0,21536.0,193.0,32445.0,21729.0,0.5822968825714747,26.349803850427445,764093.0,7666.0,167369.0,20101.0,529347.0,187470.0,0.692778235110124,9.807457950586906,6612.0,1435.0,3661.0,3.0,2883.0,3664.0,0.4360254083484574,16.101843722563647,169761.0,1377.0,62134.0,2212.0,85664.0,64346.0,0.5046153121152679,4.574491021652749,80422.0,1628.0,35259.0,227.0,43108.0,35486.0,0.5360224814105593,1.9858983463528546,1130175.0,,,,,,,,,,,,,,,,,,,,,,,,,,,,,,,,,,,,,,,,,,,,,,,,,,,
2013-10-18,53568.0,1427.0,20463.0,61.0,21133.0,20524.0,0.39450791517323774,2.7486333557111386,55719.0,2171.0,21536.0,193.0,32445.0,21729.0,0.5822968825714747,26.349803850427445,764093.0,7666.0,167369.0,20101.0,529347.0,187470.0,0.692778235110124,9.807457950586906,6612.0,1435.0,3661.0,3.0,2883.0,3664.0,0.4360254083484574,16.101843722563647,169761.0,1377.0,62134.0,2212.0,85664.0,64346.0,0.5046153121152679,4.574491021652749,80422.0,1628.0,35259.0,227.0,43108.0,35486.0,0.5360224814105593,1.9858983463528546,1130175.0,,,,,,,,,,,,,,,,,,,,,,,,,,,,,,,,,,,,,,,,,,,,,,,,,,,
2013-10-25,53568.0,1427.0,20463.0,61.0,21133.0,20524.0,0.39450791517323774,2.7486333557111386,55719.0,2171.0,21536.0,193.0,32445.0,21729.0,0.5822968825714747,26.349803850427445,764093.0,7666.0,167369.0,20101.0,529347.0,187470.0,0.692778235110124,9.807457950586906,6612.0,1435.0,3661.0,3.0,2883.0,3664.0,0.4360254083484574,16.101843722563647,169761.0,1377.0,62134.0,2212.0,85664.0,64346.0,0.5046153121152679,4.574491021652749,80422.0,1628.0,35259.0,227.0,43108.0,35486.0,0.5360224814105593,1.9858983463528546,1130175.0,,,,,,,,,,,,,,,,,,,,,,,,,,,,,,,,,,,,,,,,,,,,,,,,,,,
2013-11-01,51849.0,1302.0,18400.0,30.0,22130.0,18430.0,0.4268163320411194,-3.2090053763440873,16417.0,1901.0,5607.0,109.0,10065.0,5716.0,0.6130839982944509,-70.53608284427216,638337.0,7280.0,127622.0,16182.0,453443.0,143804.0,0.7103504888483669,-16.458206003719443,5249.0,1322.0,3211.0,0.0,1966.0,3211.0,0.37454753286340253,-20.614035087719294,192459.0,1467.0,76482.0,2515.0,91742.0,78997.0,0.4766833455437262,13.370562143248454,72174.0,1600.0,32689.0,262.0,37258.0,32951.0,0.5162246792473744,-10.255900126830964,976485.0,,,,,,,,,,,,,,,,,,,,,,,,,,,,,,,,,,,,,,,,,,,,,,,,,,,
2013-11-08,51849.0,1302.0,18400.0,30.0,22130.0,18430.0,0.4268163320411194,-3.2090053763440873,16417.0,1901.0,5607.0,109.0,10065.0,5716.0,0.6130839982944509,-70.53608284427216,638337.0,7280.0,127622.0,16182.0,453443.0,143804.0,0.7103504888483669,-16.458206003719443,5249.0,1322.0,3211.0,0.0,1966.0,3211.0,0.37454753286340253,-20.614035087719294,192459.0,1467.0,76482.0,2515.0,91742.0,78997.0,0.4766833455437262,13.370562143248454,72174.0,1600.0,32689.0,262.0,37258.0,32951.0,0.5162246792473744,-10.255900126830964,976485.0,,,,,,,,,,,,,,,,,,,,,,,,,,,,,,,,,,,,,,,,,,,,,,,,,,,
2013-11-15,51849.0,1302.0,18400.0,30.0,22130.0,18430.0,0.4268163320411194,-3.2090053763440873,16417.0,1901.0,5607.0,109.0,10065.0,5716.0,0.6130839982944509,-70.53608284427216,638337.0,7280.0,127622.0,16182.0,453443.0,143804.0,0.7103504888483669,-16.458206003719443,5249.0,1322.0,3211.0,0.0,1966.0,3211.0,0.37454753286340253,-20.614035087719294,192459.0,1467.0,76482.0,2515.0,91742.0,78997.0,0.4766833455437262,13.370562143248454,72174.0,1600.0,32689.0,262.0,37258.0,32951.0,0.5162246792473744,-10.255900126830964,976485.0,,,,,,,,,,,,,,,,,,,,,,,,,,,,,,,,,,,,,,,,,,,,,,,,,,,
2013-11-22,51849.0,1302.0,18400.0,30.0,22130.0,18430.0,0.4268163320411194,-3.2090053763440873,16417.0,1901.0,5607.0,109.0,10065.0,5716.0,0.6130839982944509,-70.53608284427216,638337.0,7280.0,127622.0,16182.0,453443.0,143804.0,0.7103504888483669,-16.458206003719443,5249.0,1322.0,3211.0,0.0,1966.0,3211.0,0.37454753286340253,-20.614035087719294,192459.0,1467.0,76482.0,2515.0,91742.0,78997.0,0.4766833455437262,13.370562143248454,72174.0,1600.0,32689.0,262.0,37258.0,32951.0,0.5162246792473744,-10.255900126830964,976485.0,,,,,,,,,,,,,,,,,,,,,,,,,,,,,,,,,,,,,,,,,,,,,,,,,,,
2013-11-29,51849.0,1302.0,18400.0,30.0,22130.0,18430.0,0.4268163320411194,-3.2090053763440873,16417.0,1901.0,5607.0,109.0,10065.0,5716.0,0.6130839982944509,-70.53608284427216,638337.0,7280.0,127622.0,16182.0,453443.0,143804.0,0.7103504888483669,-16.458206003719443,5249.0,1322.0,3211.0,0.0,1966.0,3211.0,0.37454753286340253,-20.614035087719294,192459.0,1467.0,76482.0,2515.0,91742.0,78997.0,0.4766833455437262,13.370562143248454,72174.0,1600.0,32689.0,262.0,37258.0,32951.0,0.5162246792473744,-10.255900126830964,976485.0,,,,,,,,,,,,,,,,,,,,,,,,,,,,,,,,,,,,,,,,,,,,,,,,,,,
2013-12-06,59139.0,1346.0,21524.0,0.0,26457.0,21524.0,0.44736975599857964,14.060059017531668,15631.0,1871.0,5166.0,30.0,9704.0,5196.0,0.6208176060392809,-4.787720046293476,691769.0,7293.0,139634.0,15578.0,494882.0,155212.0,0.7153862055107991,8.37050022166974,4432.0,1278.0,2615.0,10.0,1762.0,2625.0,0.39756317689530685,-15.564869498952183,186463.0,1489.0,60520.0,3249.0,96553.0,63769.0,0.5178131854577047,-3.115468749188144,51708.0,1489.0,23722.0,610.0,26043.0,24332.0,0.503655140403806,-28.35647185967246,1009142.0,,,,,,,,,,,,,,,,,,,,,,,,,,,,,,,,,,,,,,,,,,,,,,,,,,,
2013-12-13,59139.0,1346.0,21524.0,0.0,26457.0,21524.0,0.44736975599857964,14.060059017531668,15631.0,1871.0,5166.0,30.0,9704.0,5196.0,0.6208176060392809,-4.787720046293476,691769.0,7293.0,139634.0,15578.0,494882.0,155212.0,0.7153862055107991,8.37050022166974,4432.0,1278.0,2615.0,10.0,1762.0,2625.0,0.39756317689530685,-15.564869498952183,186463.0,1489.0,60520.0,3249.0,96553.0,63769.0,0.5178131854577047,-3.115468749188144,51708.0,1489.0,23722.0,610.0,26043.0,24332.0,0.503655140403806,-28.35647185967246,1009142.0,,,,,,,,,,,,,,,,,,,,,,,,,,,,,,,,,,,,,,,,,,,,,,,,,,,
2013-12-20,59139.0,1346.0,21524.0,0.0,26457.0,21524.0,0.44736975599857964,14.060059017531668,15631.0,1871.0,5166.0,30.0,9704.0,5196.0,0.6208176060392809,-4.787720046293476,691769.0,7293.0,139634.0,15578.0,494882.0,155212.0,0.7153862055107991,8.37050022166974,4432.0,1278.0,2615.0,10.0,1762.0,2625.0,0.39756317689530685,-15.564869498952183,186463.0,1489.0,60520.0,3249.0,96553.0,63769.0,0.5178131854577047,-3.115468749188144,51708.0,1489.0,23722.0,610.0,26043.0,24332.0,0.503655140403806,-28.35647185967246,1009142.0,,,,,,,,,,,,,,,,,,,,,,,,,,,,,,,,,,,,,,,,,,,,,,,,,,,
2013-12-27,59139.0,1346.0,21524.0,0.0,26457.0,21524.0,0.44736975599857964,14.060059017531668,15631.0,1871.0,5166.0,30.0,9704.0,5196.0,0.6208176060392809,-4.787720046293476,691769.0,7293.0,139634.0,15578.0,494882.0,155212.0,0.7153862055107991,8.37050022166974,4432.0,1278.0,2615.0,10.0,1762.0,2625.0,0.39756317689530685,-15.564869498952183,186463.0,1489.0,60520.0,3249.0,96553.0,63769.0,0.5178131854577047,-3.115468749188144,51708.0,1489.0,23722.0,610.0,26043.0,24332.0,0.503655140403806,-28.35647185967246,1009142.0,,,,,,,,,,,,,,,,,,,,,,,,,,,,,,,,,,,,,,,,,,,,,,,,,,,
2014-01-03,54865.0,1446.0,18672.0,26.0,21818.0,18698.0,0.397667000820195,-7.227041377094645,12094.0,1863.0,3988.0,46.0,7492.0,4034.0,0.6194807342483877,-22.628110805450707,806450.0,7807.0,164337.0,20476.0,567984.0,184813.0,0.7043015686031372,16.577932807049756,4814.0,1309.0,2723.0,12.0,2037.0,2735.0,0.42314083921894474,8.61913357400721,184056.0,1493.0,59472.0,2989.0,90243.0,62461.0,0.4903018646498892,-1.2908727200570569,65754.0,1499.0,29803.0,850.0,33161.0,30653.0,0.504319128874289,27.164075191459737,1128033.0,,,,,,,,,,,,,,,,,,,,,,,,,,,,,,,,,,,,,,,,,,,,,,,,,,,
2014-01-10,54865.0,1446.0,18672.0,26.0,21818.0,18698.0,0.397667000820195,-7.227041377094645,12094.0,1863.0,3988.0,46.0,7492.0,4034.0,0.6194807342483877,-22.628110805450707,806450.0,7807.0,164337.0,20476.0,567984.0,184813.0,0.7043015686031372,16.577932807049756,4814.0,1309.0,2723.0,12.0,2037.0,2735.0,0.42314083921894474,8.61913357400721,184056.0,1493.0,59472.0,2989.0,90243.0,62461.0,0.4903018646498892,-1.2908727200570569,65754.0,1499.0,29803.0,850.0,33161.0,30653.0,0.504319128874289,27.164075191459737,1128033.0,,,,,,,,,,,,,,,,,,,,,,,,,,,,,,,,,,,,,,,,,,,,,,,,,,,
2014-01-17,54865.0,1446.0,18672.0,26.0,21818.0,18698.0,0.397667000820195,-7.227041377094645,12094.0,1863.0,3988.0,46.0,7492.0,4034.0,0.6194807342483877,-22.628110805450707,806450.0,7807.0,164337.0,20476.0,567984.0,184813.0,0.7043015686031372,16.577932807049756,4814.0,1309.0,2723.0,12.0,2037.0,2735.0,0.42314083921894474,8.61913357400721,184056.0,1493.0,59472.0,2989.0,90243.0,62461.0,0.4903018646498892,-1.2908727200570569,65754.0,1499.0,29803.0,850.0,33161.0,30653.0,0.504319128874289,27.164075191459737,1128033.0,,,,,,,,,,,,,,,,,,,,,,,,,,,,,,,,,,,,,,,,,,,,,,,,,,,
2014-01-24,54865.0,1446.0,18672.0,26.0,21818.0,18698.0,0.397667000820195,-7.227041377094645,12094.0,1863.0,3988.0,46.0,7492.0,4034.0,0.6194807342483877,-22.628110805450707,806450.0,7807.0,164337.0,20476.0,567984.0,184813.0,0.7043015686031372,16.577932807049756,4814.0,1309.0,2723.0,12.0,2037.0,2735.0,0.42314083921894474,8.61913357400721,184056.0,1493.0,59472.0,2989.0,90243.0,62461.0,0.4903018646498892,-1.2908727200570569,65754.0,1499.0,29803.0,850.0,33161.0,30653.0,0.504319128874289,27.164075191459737,1128033.0,,,,,,,,,,,,,,,,,,,,,,,,,,,,,,,,,,,,,,,,,,,,,,,,,,,
2014-01-31,54865.0,1446.0,18672.0,26.0,21818.0,18698.0,0.397667000820195,-7.227041377094645,12094.0,1863.0,3988.0,46.0,7492.0,4034.0,0.6194807342483877,-22.628110805450707,806450.0,7807.0,164337.0,20476.0,567984.0,184813.0,0.7043015686031372,16.577932807049756,4814.0,1309.0,2723.0,12.0,2037.0,2735.0,0.42314083921894474,8.61913357400721,184056.0,1493.0,59472.0,2989.0,90243.0,62461.0,0.4903018646498892,-1.2908727200570569,65754.0,1499.0,29803.0,850.0,33161.0,30653.0,0.504319128874289,27.164075191459737,1128033.0,,,,,,,,,,,,,,,,,,,,,,,,,,,,,,,,,,,,,,,,,,,,,,,,,,,
2014-02-07,54554.0,1456.0,22325.0,8.0,18402.0,22333.0,0.3373171536459288,-0.5668458944682375,15254.0,1853.0,5438.0,74.0,9002.0,5512.0,0.5901402910711945,26.128658839093767,733399.0,7125.0,149715.0,18270.0,517281.0,167985.0,0.7053200236160672,-9.058342116684237,4403.0,1161.0,2486.0,12.0,1859.0,2498.0,0.42221212809448105,-8.537598670544245,169709.0,1455.0,58141.0,2215.0,82515.0,60356.0,0.4862146379979848,-7.794910244708131,61557.0,1380.0,29635.0,566.0,29465.0,30201.0,0.4786620530565167,-6.382881649785565,1038876.0,,,,,,,,,,,,,,,,,,,,,,,,,,,,,,,,,,,,,,,,,,,,,,,,,,,
2014-02-14,54554.0,1456.0,22325.0,8.0,18402.0,22333.0,0.3373171536459288,-0.5668458944682375,15254.0,1853.0,5438.0,74.0,9002.0,5512.0,0.5901402910711945,26.128658839093767,733399.0,7125.0,149715.0,18270.0,517281.0,167985.0,0.7053200236160672,-9.058342116684237,4403.0,1161.0,2486.0,12.0,1859.0,2498.0,0.42221212809448105,-8.537598670544245,169709.0,1455.0,58141.0,2215.0,82515.0,60356.0,0.4862146379979848,-7.794910244708131,61557.0,1380.0,29635.0,566.0,29465.0,30201.0,0.4786620530565167,-6.382881649785565,1038876.0,,,,,,,,,,,,,,,,,,,,,,,,,,,,,,,,,,,,,,,,,,,,,,,,,,,
2014-02-21,54554.0,1456.0,22325.0,8.0,18402.0,22333.0,0.3373171536459288,-0.5668458944682375,15254.0,1853.0,5438.0,74.0,9002.0,5512.0,0.5901402910711945,26.128658839093767,733399.0,7125.0,149715.0,18270.0,517281.0,167985.0,0.7053200236160672,-9.058342116684237,4403.0,1161.0,2486.0,12.0,1859.0,2498.0,0.42221212809448105,-8.537598670544245,169709.0,1455.0,58141.0,2215.0,82515.0,60356.0,0.4862146379979848,-7.794910244708131,61557.0,1380.0,29635.0,566.0,29465.0,30201.0,0.4786620530565167,-6.382881649785565,1038876.0,,,,,,,,,,,,,,,,,,,,,,,,,,,,,,,,,,,,,,,,,,,,,,,,,,,
2014-02-28,54554.0,1456.0,22325.0,8.0,18402.0,22333.0,0.3373171536459288,-0.5668458944682375,15254.0,1853.0,5438.0,74.0,9002.0,5512.0,0.5901402910711945,26.128658839093767,733399.0,7125.0,149715.0,18270.0,517281.0,167985.0,0.7053200236160672,-9.058342116684237,4403.0,1161.0,2486.0,12.0,1859.0,2498.0,0.42221212809448105,-8.537598670544245,169709.0,1455.0,58141.0,2215.0,82515.0,60356.0,0.4862146379979848,-7.794910244708131,61557.0,1380.0,29635.0,566.0,29465.0,30201.0,0.4786620530565167,-6.382881649785565,1038876.0,,,,,,,,,,,,,,,,,,,,,,,,,,,,,,,,,,,,,,,,,,,,,,,,,,,
2014-03-07,51001.0,1362.0,20275.0,39.0,17462.0,20314.0,0.34238544342267796,-6.512812992631156,24890.0,2096.0,8812.0,164.0,14495.0,8976.0,0.5823623945359582,63.17031598269307,820799.0,7567.0,168843.0,19649.0,573297.0,188492.0,0.6984621082628024,11.917114694729602,5390.0,1327.0,2917.0,39.0,2364.0,2956.0,0.4385899814471243,22.416534181240056,189524.0,1535.0,71333.0,2772.0,87906.0,74105.0,0.4638251619847618,11.675868692880176,80774.0,1509.0,40258.0,155.0,37697.0,40413.0,0.46669720454601726,31.21822051107104,1172378.0,,,,,,,,,,,,,,,,,,,,,,,,,,,,,,,,,,,,,,,,,,,,,,,,,,,
2014-03-14,51001.0,1362.0,20275.0,39.0,17462.0,20314.0,0.34238544342267796,-6.512812992631156,24890.0,2096.0,8812.0,164.0,14495.0,8976.0,0.5823623945359582,63.17031598269307,820799.0,7567.0,168843.0,19649.0,573297.0,188492.0,0.6984621082628024,11.917114694729602,5390.0,1327.0,2917.0,39.0,2364.0,2956.0,0.4385899814471243,22.416534181240056,189524.0,1535.0,71333.0,2772.0,87906.0,74105.0,0.4638251619847618,11.675868692880176,80774.0,1509.0,40258.0,155.0,37697.0,40413.0,0.46669720454601726,31.21822051107104,1172378.0,,,,,,,,,,,,,,,,,,,,,,,,,,,,,,,,,,,,,,,,,,,,,,,,,,,
2014-03-21,51001.0,1362.0,20275.0,39.0,17462.0,20314.0,0.34238544342267796,-6.512812992631156,24890.0,2096.0,8812.0,164.0,14495.0,8976.0,0.5823623945359582,63.17031598269307,820799.0,7567.0,168843.0,19649.0,573297.0,188492.0,0.6984621082628024,11.917114694729602,5390.0,1327.0,2917.0,39.0,2364.0,2956.0,0.4385899814471243,22.416534181240056,189524.0,1535.0,71333.0,2772.0,87906.0,74105.0,0.4638251619847618,11.675868692880176,80774.0,1509.0,40258.0,155.0,37697.0,40413.0,0.46669720454601726,31.21822051107104,1172378.0,,,,,,,,,,,,,,,,,,,,,,,,,,,,,,,,,,,,,,,,,,,,,,,,,,,
2014-03-28,51001.0,1362.0,20275.0,39.0,17462.0,20314.0,0.34238544342267796,-6.512812992631156,24890.0,2096.0,8812.0,164.0,14495.0,8976.0,0.5823623945359582,63.17031598269307,820799.0,7567.0,168843.0,19649.0,573297.0,188492.0,0.6984621082628024,11.917114694729602,5390.0,1327.0,2917.0,39.0,2364.0,2956.0,0.4385899814471243,22.416534181240056,189524.0,1535.0,71333.0,2772.0,87906.0,74105.0,0.4638251619847618,11.675868692880176,80774.0,1509.0,40258.0,155.0,37697.0,40413.0,0.46669720454601726,31.21822051107104,1172378.0,,,,,,,,,,,,,,,,,,,,,,,,,,,,,,,,,,,,,,,,,,,,,,,,,,,
2014-04-04,47506.0,1348.0,18557.0,137.0,18320.0,18694.0,0.3856354986738517,-6.852806807709655,44466.0,2227.0,15649.0,403.0,27317.0,16052.0,0.614334547744344,78.65006026516674,770669.0,7434.0,173013.0,19637.0,533588.0,192650.0,0.6923698760427629,-6.107463581217809,4599.0,1316.0,2613.0,12.0,1868.0,2625.0,0.40617525549032396,-14.675324675324674,163189.0,1419.0,51122.0,2575.0,85934.0,53697.0,0.5265918658733125,-13.895337793630357,77378.0,1514.0,40293.0,101.0,34512.0,40394.0,0.44601824808084983,-4.2043231732983415,1107807.0,,,,,,,,,,,,,,,,,,,,,,,,,,,,,,,,,,,,,,,,,,,,,,,,,,,
2014-04-11,47506.0,1348.0,18557.0,137.0,18320.0,18694.0,0.3856354986738517,-6.852806807709655,44466.0,2227.0,15649.0,403.0,27317.0,16052.0,0.614334547744344,78.65006026516674,770669.0,7434.0,173013.0,19637.0,533588.0,192650.0,0.6923698760427629,-6.107463581217809,4599.0,1316.0,2613.0,12.0,1868.0,2625.0,0.40617525549032396,-14.675324675324674,163189.0,1419.0,51122.0,2575.0,85934.0,53697.0,0.5265918658733125,-13.895337793630357,77378.0,1514.0,40293.0,101.0,34512.0,40394.0,0.44601824808084983,-4.2043231732983415,1107807.0,,,,,,,,,,,,,,,,,,,,,,,,,,,,,,,,,,,,,,,,,,,,,,,,,,,
2014-04-18,47506.0,1348.0,18557.0,137.0,18320.0,18694.0,0.3856354986738517,-6.852806807709655,44466.0,2227.0,15649.0,403.0,27317.0,16052.0,0.614334547744344,78.65006026516674,770669.0,7434.0,173013.0,19637.0,533588.0,192650.0,0.6923698760427629,-6.107463581217809,4599.0,1316.0,2613.0,12.0,1868.0,2625.0,0.40617525549032396,-14.675324675324674,163189.0,1419.0,51122.0,2575.0,85934.0,53697.0,0.5265918658733125,-13.895337793630357,77378.0,1514.0,40293.0,101.0,34512.0,40394.0,0.44601824808084983,-4.2043231732983415,1107807.0,,,,,,,,,,,,,,,,,,,,,,,,,,,,,,,,,,,,,,,,,,,,,,,,,,,
2014-04-25,47506.0,1348.0,18557.0,137.0,18320.0,18694.0,0.3856354986738517,-6.852806807709655,44466.0,2227.0,15649.0,403.0,27317.0,16052.0,0.614334547744344,78.65006026516674,770669.0,7434.0,173013.0,19637.0,533588.0,192650.0,0.6923698760427629,-6.107463581217809,4599.0,1316.0,2613.0,12.0,1868.0,2625.0,0.40617525549032396,-14.675324675324674,163189.0,1419.0,51122.0,2575.0,85934.0,53697.0,0.5265918658733125,-13.895337793630357,77378.0,1514.0,40293.0,101.0,34512.0,40394.0,0.44601824808084983,-4.2043231732983415,1107807.0,,,,,,,,,,,,,,,,,,,,,,,,,,,,,,,,,,,,,,,,,,,,,,,,,,,
2014-05-02,54194.0,1427.0,21275.0,192.0,19013.0,21467.0,0.3508321954459903,14.078221698311788,58473.0,2338.0,19540.0,738.0,36759.0,20278.0,0.6286491201067159,31.50047227094859,674540.0,7742.0,171111.0,17688.0,444101.0,188799.0,0.6583760785127643,-12.4734483935386,5434.0,1362.0,3093.0,13.0,2279.0,3106.0,0.4193963930806036,18.15612089584693,166309.0,1362.0,52222.0,2967.0,91496.0,55189.0,0.550156636141159,1.9118935712578722,66486.0,1548.0,35667.0,255.0,29551.0,35922.0,0.4444695123785459,-14.076352451601226,1025436.0,,,,,,,,,,,,,,,,,,,,,,,,,,,,,,,,,,,,,,,,,,,,,,,,,,,
2014-05-09,54194.0,1427.0,21275.0,192.0,19013.0,21467.0,0.3508321954459903,14.078221698311788,58473.0,2338.0,19540.0,738.0,36759.0,20278.0,0.6286491201067159,31.50047227094859,674540.0,7742.0,171111.0,17688.0,444101.0,188799.0,0.6583760785127643,-12.4734483935386,5434.0,1362.0,3093.0,13.0,2279.0,3106.0,0.4193963930806036,18.15612089584693,166309.0,1362.0,52222.0,2967.0,91496.0,55189.0,0.550156636141159,1.9118935712578722,66486.0,1548.0,35667.0,255.0,29551.0,35922.0,0.4444695123785459,-14.076352451601226,1025436.0,,,,,,,,,,,,,,,,,,,,,,,,,,,,,,,,,,,,,,,,,,,,,,,,,,,
2014-05-16,54194.0,1427.0,21275.0,192.0,19013.0,21467.0,0.3508321954459903,14.078221698311788,58473.0,2338.0,19540.0,738.0,36759.0,20278.0,0.6286491201067159,31.50047227094859,674540.0,7742.0,171111.0,17688.0,444101.0,188799.0,0.6583760785127643,-12.4734483935386,5434.0,1362.0,3093.0,13.0,2279.0,3106.0,0.4193963930806036,18.15612089584693,166309.0,1362.0,52222.0,2967.0,91496.0,55189.0,0.550156636141159,1.9118935712578722,66486.0,1548.0,35667.0,255.0,29551.0,35922.0,0.4444695123785459,-14.076352451601226,1025436.0,,,,,,,,,,,,,,,,,,,,,,,,,,,,,,,,,,,,,,,,,,,,,,,,,,,
2014-05-23,54194.0,1427.0,21275.0,192.0,19013.0,21467.0,0.3508321954459903,14.078221698311788,58473.0,2338.0,19540.0,738.0,36759.0,20278.0,0.6286491201067159,31.50047227094859,674540.0,7742.0,171111.0,17688.0,444101.0,188799.0,0.6583760785127643,-12.4734483935386,5434.0,1362.0,3093.0,13.0,2279.0,3106.0,0.4193963930806036,18.15612089584693,166309.0,1362.0,52222.0,2967.0,91496.0,55189.0,0.550156636141159,1.9118935712578722,66486.0,1548.0,35667.0,255.0,29551.0,35922.0,0.4444695123785459,-14.076352451601226,1025436.0,,,,,,,,,,,,,,,,,,,,,,,,,,,,,,,,,,,,,,,,,,,,,,,,,,,
2014-05-30,54194.0,1427.0,21275.0,192.0,19013.0,21467.0,0.3508321954459903,14.078221698311788,58473.0,2338.0,19540.0,738.0,36759.0,20278.0,0.6286491201067159,31.50047227094859,674540.0,7742.0,171111.0,17688.0,444101.0,188799.0,0.6583760785127643,-12.4734483935386,5434.0,1362.0,3093.0,13.0,2279.0,3106.0,0.4193963930806036,18.15612089584693,166309.0,1362.0,52222.0,2967.0,91496.0,55189.0,0.550156636141159,1.9118935712578722,66486.0,1548.0,35667.0,255.0,29551.0,35922.0,0.4444695123785459,-14.076352451601226,1025436.0,,,,,,,,,,,,,,,,,,,,,,,,,,,,,,,,,,,,,,,,,,,,,,,,,,,
2014-06-06,54549.0,1514.0,22747.0,152.0,17264.0,22899.0,0.3164860950704871,0.6550540650256398,72138.0,2392.0,25601.0,569.0,44348.0,26170.0,0.6147661426709917,23.369760402236928,974108.0,7827.0,200243.0,30946.0,672531.0,231189.0,0.6904070185236134,44.410709520562165,4750.0,1272.0,2882.0,5.0,1840.0,2887.0,0.3873684210526316,-12.587412587412583,168243.0,1235.0,50073.0,2949.0,94142.0,53022.0,0.5595596845039615,1.16289557390159,67814.0,1448.0,33630.0,182.0,32912.0,33812.0,0.4853275134927891,1.9974129892007308,1341602.0,,,,,,,,,,,,,,,,,,,,,,,,,,,,,,,,,,,,,,,,,,,,,,,,,,,
2014-06-13,54549.0,1514.0,22747.0,152.0,17264.0,22899.0,0.3164860950704871,0.6550540650256398,72138.0,2392.0,25601.0,569.0,44348.0,26170.0,0.6147661426709917,23.369760402236928,974108.0,7827.0,200243.0,30946.0,672531.0,231189.0,0.6904070185236134,44.410709520562165,4750.0,1272.0,2882.0,5.0,1840.0,2887.0,0.3873684210526316,-12.587412587412583,168243.0,1235.0,50073.0,2949.0,94142.0,53022.0,0.5595596845039615,1.16289557390159,67814.0,1448.0,33630.0,182.0,32912.0,33812.0,0.4853275134927891,1.9974129892007308,1341602.0,,,,,,,,,,,,,,,,,,,,,,,,,,,,,,,,,,,,,,,,,,,,,,,,,,,
2014-06-20,54549.0,1514.0,22747.0,152.0,17264.0,22899.0,0.3164860950704871,0.6550540650256398,72138.0,2392.0,25601.0,569.0,44348.0,26170.0,0.6147661426709917,23.369760402236928,974108.0,7827.0,200243.0,30946.0,672531.0,231189.0,0.6904070185236134,44.410709520562165,4750.0,1272.0,2882.0,5.0,1840.0,2887.0,0.3873684210526316,-12.587412587412583,168243.0,1235.0,50073.0,2949.0,94142.0,53022.0,0.5595596845039615,1.16289557390159,67814.0,1448.0,33630.0,182.0,32912.0,33812.0,0.4853275134927891,1.9974129892007308,1341602.0,,,,,,,,,,,,,,,,,,,,,,,,,,,,,,,,,,,,,,,,,,,,,,,,,,,
2014-06-27,54549.0,1514.0,22747.0,152.0,17264.0,22899.0,0.3164860950704871,0.6550540650256398,72138.0,2392.0,25601.0,569.0,44348.0,26170.0,0.6147661426709917,23.369760402236928,974108.0,7827.0,200243.0,30946.0,672531.0,231189.0,0.6904070185236134,44.410709520562165,4750.0,1272.0,2882.0,5.0,1840.0,2887.0,0.3873684210526316,-12.587412587412583,168243.0,1235.0,50073.0,2949.0,94142.0,53022.0,0.5595596845039615,1.16289557390159,67814.0,1448.0,33630.0,182.0,32912.0,33812.0,0.4853275134927891,1.9974129892007308,1341602.0,,,,,,,,,,,,,,,,,,,,,,,,,,,,,,,,,,,,,,,,,,,,,,,,,,,
2014-07-04,47616.0,1509.0,20989.0,129.0,13710.0,21118.0,0.2879284274193548,-12.709673871198369,43470.0,2193.0,16601.0,237.0,25777.0,16838.0,0.5929836668967103,-39.74049738002162,643652.0,7547.0,169873.0,24501.0,408547.0,194374.0,0.6347327437808008,-33.923959150320094,4887.0,1349.0,2854.0,14.0,1993.0,2868.0,0.40781665643544096,2.8842105263158,172948.0,1307.0,52391.0,3231.0,96349.0,55622.0,0.557098087286352,2.7965502279440946,80191.0,1541.0,43136.0,389.0,35414.0,43525.0,0.44162063074409846,18.251393517562754,992764.0,,,,,,,,,,,,,,,,,,,,,,,,,,,,,,,,,,,,,,,,,,,,,,,,,,,
2014-07-11,47616.0,1509.0,20989.0,129.0,13710.0,21118.0,0.2879284274193548,-12.709673871198369,43470.0,2193.0,16601.0,237.0,25777.0,16838.0,0.5929836668967103,-39.74049738002162,643652.0,7547.0,169873.0,24501.0,408547.0,194374.0,0.6347327437808008,-33.923959150320094,4887.0,1349.0,2854.0,14.0,1993.0,2868.0,0.40781665643544096,2.8842105263158,172948.0,1307.0,52391.0,3231.0,96349.0,55622.0,0.557098087286352,2.7965502279440946,80191.0,1541.0,43136.0,389.0,35414.0,43525.0,0.44162063074409846,18.251393517562754,992764.0,,,,,,,,,,,,,,,,,,,,,,,,,,,,,,,,,,,,,,,,,,,,,,,,,,,
2014-07-18,47616.0,1509.0,20989.0,129.0,13710.0,21118.0,0.2879284274193548,-12.709673871198369,43470.0,2193.0,16601.0,237.0,25777.0,16838.0,0.5929836668967103,-39.74049738002162,643652.0,7547.0,169873.0,24501.0,408547.0,194374.0,0.6347327437808008,-33.923959150320094,4887.0,1349.0,2854.0,14.0,1993.0,2868.0,0.40781665643544096,2.8842105263158,172948.0,1307.0,52391.0,3231.0,96349.0,55622.0,0.557098087286352,2.7965502279440946,80191.0,1541.0,43136.0,389.0,35414.0,43525.0,0.44162063074409846,18.251393517562754,992764.0,,,,,,,,,,,,,,,,,,,,,,,,,,,,,,,,,,,,,,,,,,,,,,,,,,,
2014-07-25,47616.0,1509.0,20989.0,129.0,13710.0,21118.0,0.2879284274193548,-12.709673871198369,43470.0,2193.0,16601.0,237.0,25777.0,16838.0,0.5929836668967103,-39.74049738002162,643652.0,7547.0,169873.0,24501.0,408547.0,194374.0,0.6347327437808008,-33.923959150320094,4887.0,1349.0,2854.0,14.0,1993.0,2868.0,0.40781665643544096,2.8842105263158,172948.0,1307.0,52391.0,3231.0,96349.0,55622.0,0.557098087286352,2.7965502279440946,80191.0,1541.0,43136.0,389.0,35414.0,43525.0,0.44162063074409846,18.251393517562754,992764.0,,,,,,,,,,,,,,,,,,,,,,,,,,,,,,,,,,,,,,,,,,,,,,,,,,,
2014-08-01,48738.0,1492.0,20629.0,55.0,14401.0,20684.0,0.2954778612171201,2.3563508064516236,41255.0,2247.0,15917.0,248.0,24257.0,16165.0,0.5879772148830444,-5.095468138946401,749571.0,7652.0,177624.0,33409.0,481291.0,211033.0,0.6420886080171191,16.45594203078682,6744.0,1444.0,3883.0,3.0,2770.0,3886.0,0.41073546856465004,37.9987722529159,180333.0,1349.0,54661.0,2885.0,99382.0,57546.0,0.5511026822600411,4.270069616300853,78027.0,1667.0,39042.0,350.0,37399.0,39392.0,0.47930844451279686,-2.6985571946976594,1104668.0,,,,,,,,,,,,,,,,,,,,,,,,,,,,,,,,,,,,,,,,,,,,,,,,,,,
2014-08-08,48738.0,1492.0,20629.0,55.0,14401.0,20684.0,0.2954778612171201,2.3563508064516236,41255.0,2247.0,15917.0,248.0,24257.0,16165.0,0.5879772148830444,-5.095468138946401,749571.0,7652.0,177624.0,33409.0,481291.0,211033.0,0.6420886080171191,16.45594203078682,6744.0,1444.0,3883.0,3.0,2770.0,3886.0,0.41073546856465004,37.9987722529159,180333.0,1349.0,54661.0,2885.0,99382.0,57546.0,0.5511026822600411,4.270069616300853,78027.0,1667.0,39042.0,350.0,37399.0,39392.0,0.47930844451279686,-2.6985571946976594,1104668.0,,,,,,,,,,,,,,,,,,,,,,,,,,,,,,,,,,,,,,,,,,,,,,,,,,,
2014-08-15,48738.0,1492.0,20629.0,55.0,14401.0,20684.0,0.2954778612171201,2.3563508064516236,41255.0,2247.0,15917.0,248.0,24257.0,16165.0,0.5879772148830444,-5.095468138946401,749571.0,7652.0,177624.0,33409.0,481291.0,211033.0,0.6420886080171191,16.45594203078682,6744.0,1444.0,3883.0,3.0,2770.0,3886.0,0.41073546856465004,37.9987722529159,180333.0,1349.0,54661.0,2885.0,99382.0,57546.0,0.5511026822600411,4.270069616300853,78027.0,1667.0,39042.0,350.0,37399.0,39392.0,0.47930844451279686,-2.6985571946976594,1104668.0,,,,,,,,,,,,,,,,,,,,,,,,,,,,,,,,,,,,,,,,,,,,,,,,,,,
2014-08-22,48738.0,1492.0,20629.0,55.0,14401.0,20684.0,0.2954778612171201,2.3563508064516236,41255.0,2247.0,15917.0,248.0,24257.0,16165.0,0.5879772148830444,-5.095468138946401,749571.0,7652.0,177624.0,33409.0,481291.0,211033.0,0.6420886080171191,16.45594203078682,6744.0,1444.0,3883.0,3.0,2770.0,3886.0,0.41073546856465004,37.9987722529159,180333.0,1349.0,54661.0,2885.0,99382.0,57546.0,0.5511026822600411,4.270069616300853,78027.0,1667.0,39042.0,350.0,37399.0,39392.0,0.47930844451279686,-2.6985571946976594,1104668.0,,,,,,,,,,,,,,,,,,,,,,,,,,,,,,,,,,,,,,,,,,,,,,,,,,,
2014-08-29,48738.0,1492.0,20629.0,55.0,14401.0,20684.0,0.2954778612171201,2.3563508064516236,41255.0,2247.0,15917.0,248.0,24257.0,16165.0,0.5879772148830444,-5.095468138946401,749571.0,7652.0,177624.0,33409.0,481291.0,211033.0,0.6420886080171191,16.45594203078682,6744.0,1444.0,3883.0,3.0,2770.0,3886.0,0.41073546856465004,37.9987722529159,180333.0,1349.0,54661.0,2885.0,99382.0,57546.0,0.5511026822600411,4.270069616300853,78027.0,1667.0,39042.0,350.0,37399.0,39392.0,0.47930844451279686,-2.6985571946976594,1104668.0,,,,,,,,,,,,,,,,,,,,,,,,,,,,,,,,,,,,,,,,,,,,,,,,,,,
2014-09-05,48331.0,1508.0,21986.0,69.0,14606.0,22055.0,0.30220769278516896,-0.8350773523739141,76785.0,2192.0,31009.0,701.0,43630.0,31710.0,0.5682099368366217,86.12289419464307,1062923.0,7884.0,227890.0,40633.0,716175.0,268523.0,0.67377881558683,41.80417865685839,7368.0,1422.0,4433.0,0.0,2789.0,4433.0,0.378528773072747,9.2526690391459,198471.0,1386.0,60617.0,2997.0,105862.0,63614.0,0.5333877493437328,10.05805925704113,45765.0,1543.0,27443.0,211.0,17367.0,27654.0,0.3794821370042609,-41.34722596024453,1439643.0,,,,,,,,,,,,,,,,,,,,,,,,,,,,,,,,,,,,,,,,,,,,,,,,,,,
2014-09-12,48331.0,1508.0,21986.0,69.0,14606.0,22055.0,0.30220769278516896,-0.8350773523739141,76785.0,2192.0,31009.0,701.0,43630.0,31710.0,0.5682099368366217,86.12289419464307,1062923.0,7884.0,227890.0,40633.0,716175.0,268523.0,0.67377881558683,41.80417865685839,7368.0,1422.0,4433.0,0.0,2789.0,4433.0,0.378528773072747,9.2526690391459,198471.0,1386.0,60617.0,2997.0,105862.0,63614.0,0.5333877493437328,10.05805925704113,45765.0,1543.0,27443.0,211.0,17367.0,27654.0,0.3794821370042609,-41.34722596024453,1439643.0,,,,,,,,,,,,,,,,,,,,,,,,,,,,,,,,,,,,,,,,,,,,,,,,,,,
2014-09-19,48331.0,1508.0,21986.0,69.0,14606.0,22055.0,0.30220769278516896,-0.8350773523739141,76785.0,2192.0,31009.0,701.0,43630.0,31710.0,0.5682099368366217,86.12289419464307,1062923.0,7884.0,227890.0,40633.0,716175.0,268523.0,0.67377881558683,41.80417865685839,7368.0,1422.0,4433.0,0.0,2789.0,4433.0,0.378528773072747,9.2526690391459,198471.0,1386.0,60617.0,2997.0,105862.0,63614.0,0.5333877493437328,10.05805925704113,45765.0,1543.0,27443.0,211.0,17367.0,27654.0,0.3794821370042609,-41.34722596024453,1439643.0,,,,,,,,,,,,,,,,,,,,,,,,,,,,,,,,,,,,,,,,,,,,,,,,,,,
2014-09-26,48331.0,1508.0,21986.0,69.0,14606.0,22055.0,0.30220769278516896,-0.8350773523739141,76785.0,2192.0,31009.0,701.0,43630.0,31710.0,0.5682099368366217,86.12289419464307,1062923.0,7884.0,227890.0,40633.0,716175.0,268523.0,0.67377881558683,41.80417865685839,7368.0,1422.0,4433.0,0.0,2789.0,4433.0,0.378528773072747,9.2526690391459,198471.0,1386.0,60617.0,2997.0,105862.0,63614.0,0.5333877493437328,10.05805925704113,45765.0,1543.0,27443.0,211.0,17367.0,27654.0,0.3794821370042609,-41.34722596024453,1439643.0,,,,,,,,,,,,,,,,,,,,,,,,,,,,,,,,,,,,,,,,,,,,,,,,,,,
2014-10-03,47206.0,1434.0,21152.0,79.0,16380.0,21231.0,0.3469897894335466,-2.327698578552073,29755.0,2067.0,9680.0,299.0,18982.0,9979.0,0.637943202823055,-61.24894185062186,989668.0,7996.0,226279.0,40404.0,652842.0,266683.0,0.6596575821386566,-6.891844470389675,6742.0,1421.0,4112.0,18.0,2470.0,4130.0,0.3663601305250667,-8.496199782844737,202372.0,1479.0,64436.0,2547.0,106419.0,66983.0,0.525858320320993,1.9655264497080216,69180.0,1682.0,39141.0,297.0,28899.0,39438.0,0.41773633998265397,51.16355293346444,1344923.0,,,,,,,,,,,,,,,,,,,,,,,,,,,,,,,,,,,,,,,,,,,,,,,,,,,
2014-10-10,47206.0,1434.0,21152.0,79.0,16380.0,21231.0,0.3469897894335466,-2.327698578552073,29755.0,2067.0,9680.0,299.0,18982.0,9979.0,0.637943202823055,-61.24894185062186,989668.0,7996.0,226279.0,40404.0,652842.0,266683.0,0.6596575821386566,-6.891844470389675,6742.0,1421.0,4112.0,18.0,2470.0,4130.0,0.3663601305250667,-8.496199782844737,202372.0,1479.0,64436.0,2547.0,106419.0,66983.0,0.525858320320993,1.9655264497080216,69180.0,1682.0,39141.0,297.0,28899.0,39438.0,0.41773633998265397,51.16355293346444,1344923.0,,,,,,,,,,,,,,,,,,,,,,,,,,,,,,,,,,,,,,,,,,,,,,,,,,,
2014-10-17,47206.0,1434.0,21152.0,79.0,16380.0,21231.0,0.3469897894335466,-2.327698578552073,29755.0,2067.0,9680.0,299.0,18982.0,9979.0,0.637943202823055,-61.24894185062186,989668.0,7996.0,226279.0,40404.0,652842.0,266683.0,0.6596575821386566,-6.891844470389675,6742.0,1421.0,4112.0,18.0,2470.0,4130.0,0.3663601305250667,-8.496199782844737,202372.0,1479.0,64436.0,2547.0,106419.0,66983.0,0.525858320320993,1.9655264497080216,69180.0,1682.0,39141.0,297.0,28899.0,39438.0,0.41773633998265397,51.16355293346444,1344923.0,,,,,,,,,,,,,,,,,,,,,,,,,,,,,,,,,,,,,,,,,,,,,,,,,,,
2014-10-24,47206.0,1434.0,21152.0,79.0,16380.0,21231.0,0.3469897894335466,-2.327698578552073,29755.0,2067.0,9680.0,299.0,18982.0,9979.0,0.637943202823055,-61.24894185062186,989668.0,7996.0,226279.0,40404.0,652842.0,266683.0,0.6596575821386566,-6.891844470389675,6742.0,1421.0,4112.0,18.0,2470.0,4130.0,0.3663601305250667,-8.496199782844737,202372.0,1479.0,64436.0,2547.0,106419.0,66983.0,0.525858320320993,1.9655264497080216,69180.0,1682.0,39141.0,297.0,28899.0,39438.0,0.41773633998265397,51.16355293346444,1344923.0,,,,,,,,,,,,,,,,,,,,,,,,,,,,,,,,,,,,,,,,,,,,,,,,,,,
2014-10-31,47206.0,1434.0,21152.0,79.0,16380.0,21231.0,0.3469897894335466,-2.327698578552073,29755.0,2067.0,9680.0,299.0,18982.0,9979.0,0.637943202823055,-61.24894185062186,989668.0,7996.0,226279.0,40404.0,652842.0,266683.0,0.6596575821386566,-6.891844470389675,6742.0,1421.0,4112.0,18.0,2470.0,4130.0,0.3663601305250667,-8.496199782844737,202372.0,1479.0,64436.0,2547.0,106419.0,66983.0,0.525858320320993,1.9655264497080216,69180.0,1682.0,39141.0,297.0,28899.0,39438.0,0.41773633998265397,51.16355293346444,1344923.0,,,,,,,,,,,,,,,,,,,,,,,,,,,,,,,,,,,,,,,,,,,,,,,,,,,
2014-11-07,46707.0,1368.0,18396.0,98.0,15232.0,18494.0,0.32611814074978057,-1.0570690166504249,22194.0,2016.0,7196.0,189.0,14144.0,7385.0,0.6372893574840047,-25.410855318433878,1017578.0,8063.0,226447.0,38110.0,685095.0,264557.0,0.6732604281932196,2.82013766232716,6098.0,1405.0,3609.0,16.0,2288.0,3625.0,0.37520498524106266,-9.552061702758829,191794.0,1418.0,62566.0,2556.0,100724.0,65122.0,0.525167627767292,-5.227007688810703,76360.0,1615.0,41051.0,275.0,33341.0,41326.0,0.43662912519643793,10.378722174038746,1360731.0,,,,,,,,,,,,,,,,,,,,,,,,,,,,,,,,,,,,,,,,,,,,,,,,,,,
2014-11-14,46707.0,1368.0,18396.0,98.0,15232.0,18494.0,0.32611814074978057,-1.0570690166504249,22194.0,2016.0,7196.0,189.0,14144.0,7385.0,0.6372893574840047,-25.410855318433878,1017578.0,8063.0,226447.0,38110.0,685095.0,264557.0,0.6732604281932196,2.82013766232716,6098.0,1405.0,3609.0,16.0,2288.0,3625.0,0.37520498524106266,-9.552061702758829,191794.0,1418.0,62566.0,2556.0,100724.0,65122.0,0.525167627767292,-5.227007688810703,76360.0,1615.0,41051.0,275.0,33341.0,41326.0,0.43662912519643793,10.378722174038746,1360731.0,,,,,,,,,,,,,,,,,,,,,,,,,,,,,,,,,,,,,,,,,,,,,,,,,,,
2014-11-21,46707.0,1368.0,18396.0,98.0,15232.0,18494.0,0.32611814074978057,-1.0570690166504249,22194.0,2016.0,7196.0,189.0,14144.0,7385.0,0.6372893574840047,-25.410855318433878,1017578.0,8063.0,226447.0,38110.0,685095.0,264557.0,0.6732604281932196,2.82013766232716,6098.0,1405.0,3609.0,16.0,2288.0,3625.0,0.37520498524106266,-9.552061702758829,191794.0,1418.0,62566.0,2556.0,100724.0,65122.0,0.525167627767292,-5.227007688810703,76360.0,1615.0,41051.0,275.0,33341.0,41326.0,0.43662912519643793,10.378722174038746,1360731.0,,,,,,,,,,,,,,,,,,,,,,,,,,,,,,,,,,,,,,,,,,,,,,,,,,,
2014-11-28,46707.0,1368.0,18396.0,98.0,15232.0,18494.0,0.32611814074978057,-1.0570690166504249,22194.0,2016.0,7196.0,189.0,14144.0,7385.0,0.6372893574840047,-25.410855318433878,1017578.0,8063.0,226447.0,38110.0,685095.0,264557.0,0.6732604281932196,2.82013766232716,6098.0,1405.0,3609.0,16.0,2288.0,3625.0,0.37520498524106266,-9.552061702758829,191794.0,1418.0,62566.0,2556.0,100724.0,65122.0,0.525167627767292,-5.227007688810703,76360.0,1615.0,41051.0,275.0,33341.0,41326.0,0.43662912519643793,10.378722174038746,1360731.0,,,,,,,,,,,,,,,,,,,,,,,,,,,,,,,,,,,,,,,,,,,,,,,,,,,
2014-12-05,53656.0,1508.0,21662.0,86.0,17991.0,21748.0,0.3353026688534367,14.877855567687925,17803.0,1978.0,6710.0,67.0,10562.0,6777.0,0.5932707970566758,-19.784626475624044,1112790.0,8295.0,236204.0,42491.0,737799.0,278695.0,0.6630172808885774,9.356727444972268,6017.0,1360.0,3532.0,19.0,2364.0,3551.0,0.3928868206747549,-1.3283043620859303,199259.0,1456.0,60436.0,2723.0,108669.0,63159.0,0.5453655794719435,3.8921968361888215,94432.0,1621.0,47769.0,474.0,45269.0,48243.0,0.4793819891562182,23.666841278156102,1483957.0,,,,,,,,,,,,,,,,,,,,,,,,,,,,,,,,,,,,,,,,,,,,,,,,,,,
2014-12-12,53656.0,1508.0,21662.0,86.0,17991.0,21748.0,0.3353026688534367,14.877855567687925,17803.0,1978.0,6710.0,67.0,10562.0,6777.0,0.5932707970566758,-19.784626475624044,1112790.0,8295.0,236204.0,42491.0,737799.0,278695.0,0.6630172808885774,9.356727444972268,6017.0,1360.0,3532.0,19.0,2364.0,3551.0,0.3928868206747549,-1.3283043620859303,199259.0,1456.0,60436.0,2723.0,108669.0,63159.0,0.5453655794719435,3.8921968361888215,94432.0,1621.0,47769.0,474.0,45269.0,48243.0,0.4793819891562182,23.666841278156102,1483957.0,,,,,,,,,,,,,,,,,,,,,,,,,,,,,,,,,,,,,,,,,,,,,,,,,,,
2014-12-19,53656.0,1508.0,21662.0,86.0,17991.0,21748.0,0.3353026688534367,14.877855567687925,17803.0,1978.0,6710.0,67.0,10562.0,6777.0,0.5932707970566758,-19.784626475624044,1112790.0,8295.0,236204.0,42491.0,737799.0,278695.0,0.6630172808885774,9.356727444972268,6017.0,1360.0,3532.0,19.0,2364.0,3551.0,0.3928868206747549,-1.3283043620859303,199259.0,1456.0,60436.0,2723.0,108669.0,63159.0,0.5453655794719435,3.8921968361888215,94432.0,1621.0,47769.0,474.0,45269.0,48243.0,0.4793819891562182,23.666841278156102,1483957.0,,,,,,,,,,,,,,,,,,,,,,,,,,,,,,,,,,,,,,,,,,,,,,,,,,,
2014-12-26,53656.0,1508.0,21662.0,86.0,17991.0,21748.0,0.3353026688534367,14.877855567687925,17803.0,1978.0,6710.0,67.0,10562.0,6777.0,0.5932707970566758,-19.784626475624044,1112790.0,8295.0,236204.0,42491.0,737799.0,278695.0,0.6630172808885774,9.356727444972268,6017.0,1360.0,3532.0,19.0,2364.0,3551.0,0.3928868206747549,-1.3283043620859303,199259.0,1456.0,60436.0,2723.0,108669.0,63159.0,0.5453655794719435,3.8921968361888215,94432.0,1621.0,47769.0,474.0,45269.0,48243.0,0.4793819891562182,23.666841278156102,1483957.0,,,,,,,,,,,,,,,,,,,,,,,,,,,,,,,,,,,,,,,,,,,,,,,,,,,
2015-01-02,57507.0,1498.0,21514.0,177.0,21897.0,21691.0,0.3807710365694611,7.1772029223199585,18548.0,1969.0,7017.0,78.0,10998.0,7095.0,0.5929480267414277,4.184687973936985,1260874.0,8672.0,262388.0,45488.0,838067.0,307876.0,0.6646714897761394,13.30745243936413,5764.0,1352.0,3529.0,3.0,2111.0,3532.0,0.3662387231089521,-4.20475319926874,199890.0,1521.0,57875.0,2388.0,105266.0,60263.0,0.5266196408024414,0.31667327448194893,81119.0,1532.0,44882.0,481.0,34732.0,45363.0,0.4281610966604618,-14.097975262622843,1623702.0,,,,,,,,,,,,,,,,,,,,,,,,,,,,,,,,,,,,,,,,,,,,,,,,,,,
2015-01-09,57507.0,1498.0,21514.0,177.0,21897.0,21691.0,0.3807710365694611,7.1772029223199585,18548.0,1969.0,7017.0,78.0,10998.0,7095.0,0.5929480267414277,4.184687973936985,1260874.0,8672.0,262388.0,45488.0,838067.0,307876.0,0.6646714897761394,13.30745243936413,5764.0,1352.0,3529.0,3.0,2111.0,3532.0,0.3662387231089521,-4.20475319926874,199890.0,1521.0,57875.0,2388.0,105266.0,60263.0,0.5266196408024414,0.31667327448194893,81119.0,1532.0,44882.0,481.0,34732.0,45363.0,0.4281610966604618,-14.097975262622843,1623702.0,,,,,,,,,,,,,,,,,,,,,,,,,,,,,,,,,,,,,,,,,,,,,,,,,,,
2015-01-16,57507.0,1498.0,21514.0,177.0,21897.0,21691.0,0.3807710365694611,7.1772029223199585,18548.0,1969.0,7017.0,78.0,10998.0,7095.0,0.5929480267414277,4.184687973936985,1260874.0,8672.0,262388.0,45488.0,838067.0,307876.0,0.6646714897761394,13.30745243936413,5764.0,1352.0,3529.0,3.0,2111.0,3532.0,0.3662387231089521,-4.20475319926874,199890.0,1521.0,57875.0,2388.0,105266.0,60263.0,0.5266196408024414,0.31667327448194893,81119.0,1532.0,44882.0,481.0,34732.0,45363.0,0.4281610966604618,-14.097975262622843,1623702.0,,,,,,,,,,,,,,,,,,,,,,,,,,,,,,,,,,,,,,,,,,,,,,,,,,,
2015-01-23,57507.0,1498.0,21514.0,177.0,21897.0,21691.0,0.3807710365694611,7.1772029223199585,18548.0,1969.0,7017.0,78.0,10998.0,7095.0,0.5929480267414277,4.184687973936985,1260874.0,8672.0,262388.0,45488.0,838067.0,307876.0,0.6646714897761394,13.30745243936413,5764.0,1352.0,3529.0,3.0,2111.0,3532.0,0.3662387231089521,-4.20475319926874,199890.0,1521.0,57875.0,2388.0,105266.0,60263.0,0.5266196408024414,0.31667327448194893,81119.0,1532.0,44882.0,481.0,34732.0,45363.0,0.4281610966604618,-14.097975262622843,1623702.0,,,,,,,,,,,,,,,,,,,,,,,,,,,,,,,,,,,,,,,,,,,,,,,,,,,
2015-01-30,57507.0,1498.0,21514.0,177.0,21897.0,21691.0,0.3807710365694611,7.1772029223199585,18548.0,1969.0,7017.0,78.0,10998.0,7095.0,0.5929480267414277,4.184687973936985,1260874.0,8672.0,262388.0,45488.0,838067.0,307876.0,0.6646714897761394,13.30745243936413,5764.0,1352.0,3529.0,3.0,2111.0,3532.0,0.3662387231089521,-4.20475319926874,199890.0,1521.0,57875.0,2388.0,105266.0,60263.0,0.5266196408024414,0.31667327448194893,81119.0,1532.0,44882.0,481.0,34732.0,45363.0,0.4281610966604618,-14.097975262622843,1623702.0,,,,,,,,,,,,,,,,,,,,,,,,,,,,,,,,,,,,,,,,,,,,,,,,,,,
2015-02-06,45070.0,1398.0,17580.0,81.0,17406.0,17661.0,0.3861992456179277,-21.62693237345019,23092.0,1959.0,7843.0,72.0,14272.0,7915.0,0.6180495409665685,24.498598231615265,1039923.0,7951.0,218998.0,39177.0,688024.0,258175.0,0.6616105230868055,-17.52363836513403,4268.0,1118.0,2477.0,9.0,1704.0,2486.0,0.3992502343017807,-25.954198473282442,196073.0,1497.0,56695.0,2535.0,103035.0,59230.0,0.5254930561576555,-1.9095502526389474,65420.0,1387.0,34639.0,503.0,29419.0,35142.0,0.44969428309385506,-19.35304922397959,1373846.0,,,,,,,,,,,,,,,,,,,,,,,,,,,,,,,,,,,,,,,,,,,,,,,,,,,
2015-02-13,45070.0,1398.0,17580.0,81.0,17406.0,17661.0,0.3861992456179277,-21.62693237345019,23092.0,1959.0,7843.0,72.0,14272.0,7915.0,0.6180495409665685,24.498598231615265,1039923.0,7951.0,218998.0,39177.0,688024.0,258175.0,0.6616105230868055,-17.52363836513403,4268.0,1118.0,2477.0,9.0,1704.0,2486.0,0.3992502343017807,-25.954198473282442,196073.0,1497.0,56695.0,2535.0,103035.0,59230.0,0.5254930561576555,-1.9095502526389474,65420.0,1387.0,34639.0,503.0,29419.0,35142.0,0.44969428309385506,-19.35304922397959,1373846.0,,,,,,,,,,,,,,,,,,,,,,,,,,,,,,,,,,,,,,,,,,,,,,,,,,,
2015-02-20,45070.0,1398.0,17580.0,81.0,17406.0,17661.0,0.3861992456179277,-21.62693237345019,23092.0,1959.0,7843.0,72.0,14272.0,7915.0,0.6180495409665685,24.498598231615265,1039923.0,7951.0,218998.0,39177.0,688024.0,258175.0,0.6616105230868055,-17.52363836513403,4268.0,1118.0,2477.0,9.0,1704.0,2486.0,0.3992502343017807,-25.954198473282442,196073.0,1497.0,56695.0,2535.0,103035.0,59230.0,0.5254930561576555,-1.9095502526389474,65420.0,1387.0,34639.0,503.0,29419.0,35142.0,0.44969428309385506,-19.35304922397959,1373846.0,,,,,,,,,,,,,,,,,,,,,,,,,,,,,,,,,,,,,,,,,,,,,,,,,,,
2015-02-27,45070.0,1398.0,17580.0,81.0,17406.0,17661.0,0.3861992456179277,-21.62693237345019,23092.0,1959.0,7843.0,72.0,14272.0,7915.0,0.6180495409665685,24.498598231615265,1039923.0,7951.0,218998.0,39177.0,688024.0,258175.0,0.6616105230868055,-17.52363836513403,4268.0,1118.0,2477.0,9.0,1704.0,2486.0,0.3992502343017807,-25.954198473282442,196073.0,1497.0,56695.0,2535.0,103035.0,59230.0,0.5254930561576555,-1.9095502526389474,65420.0,1387.0,34639.0,503.0,29419.0,35142.0,0.44969428309385506,-19.35304922397959,1373846.0,,,,,,,,,,,,,,,,,,,,,,,,,,,,,,,,,,,,,,,,,,,,,,,,,,,
2015-03-06,67578.0,1479.0,24545.0,47.0,23539.0,24592.0,0.3483234188641274,49.940093188373645,27059.0,2139.0,9429.0,70.0,16647.0,9499.0,0.6152112051443143,17.179109648363067,1005008.0,8407.0,234410.0,41117.0,647300.0,275527.0,0.6440744750290545,-3.357460119643474,6141.0,1296.0,3454.0,5.0,2500.0,3459.0,0.4070998208760788,43.884723523898785,223370.0,1569.0,70382.0,3609.0,113909.0,73991.0,0.5099565742937726,13.921855635401092,70132.0,1479.0,37451.0,250.0,31655.0,37701.0,0.45136314378600356,7.2026903087740735,1399288.0,,,,,,,,,,,,,,,,,,,,,,,,,,,,,,,,,,,,,,,,,,,,,,,,,,,
2015-03-13,67578.0,1479.0,24545.0,47.0,23539.0,24592.0,0.3483234188641274,49.940093188373645,27059.0,2139.0,9429.0,70.0,16647.0,9499.0,0.6152112051443143,17.179109648363067,1005008.0,8407.0,234410.0,41117.0,647300.0,275527.0,0.6440744750290545,-3.357460119643474,6141.0,1296.0,3454.0,5.0,2500.0,3459.0,0.4070998208760788,43.884723523898785,223370.0,1569.0,70382.0,3609.0,113909.0,73991.0,0.5099565742937726,13.921855635401092,70132.0,1479.0,37451.0,250.0,31655.0,37701.0,0.45136314378600356,7.2026903087740735,1399288.0,,,,,,,,,,,,,,,,,,,,,,,,,,,,,,,,,,,,,,,,,,,,,,,,,,,
2015-03-20,67578.0,1479.0,24545.0,47.0,23539.0,24592.0,0.3483234188641274,49.940093188373645,27059.0,2139.0,9429.0,70.0,16647.0,9499.0,0.6152112051443143,17.179109648363067,1005008.0,8407.0,234410.0,41117.0,647300.0,275527.0,0.6440744750290545,-3.357460119643474,6141.0,1296.0,3454.0,5.0,2500.0,3459.0,0.4070998208760788,43.884723523898785,223370.0,1569.0,70382.0,3609.0,113909.0,73991.0,0.5099565742937726,13.921855635401092,70132.0,1479.0,37451.0,250.0,31655.0,37701.0,0.45136314378600356,7.2026903087740735,1399288.0,,,,,,,,,,,,,,,,,,,,,,,,,,,,,,,,,,,,,,,,,,,,,,,,,,,
2015-03-27,67578.0,1479.0,24545.0,47.0,23539.0,24592.0,0.3483234188641274,49.940093188373645,27059.0,2139.0,9429.0,70.0,16647.0,9499.0,0.6152112051443143,17.179109648363067,1005008.0,8407.0,234410.0,41117.0,647300.0,275527.0,0.6440744750290545,-3.357460119643474,6141.0,1296.0,3454.0,5.0,2500.0,3459.0,0.4070998208760788,43.884723523898785,223370.0,1569.0,70382.0,3609.0,113909.0,73991.0,0.5099565742937726,13.921855635401092,70132.0,1479.0,37451.0,250.0,31655.0,37701.0,0.45136314378600356,7.2026903087740735,1399288.0,,,,,,,,,,,,,,,,,,,,,,,,,,,,,,,,,,,,,,,,,,,,,,,,,,,
2015-04-03,59513.0,1498.0,22534.0,69.0,21118.0,22603.0,0.3548468401861778,-11.93435733522744,50592.0,2159.0,19439.0,169.0,30206.0,19608.0,0.59705091714105,86.96921541816032,1103909.0,8556.0,242388.0,45059.0,728029.0,287447.0,0.6595009190069109,9.840817187524875,5374.0,1218.0,3279.0,0.0,1942.0,3279.0,0.3613695571269073,-12.489822504478099,191795.0,1501.0,61047.0,3056.0,99703.0,64103.0,0.5198414974321541,-14.135738908537409,68080.0,1479.0,35232.0,121.0,31389.0,35353.0,0.46106051703877793,-2.925911138995041,1479263.0,,,,,,,,,,,,,,,,,,,,,,,,,,,,,,,,,,,,,,,,,,,,,,,,,,,
2015-04-10,59513.0,1498.0,22534.0,69.0,21118.0,22603.0,0.3548468401861778,-11.93435733522744,50592.0,2159.0,19439.0,169.0,30206.0,19608.0,0.59705091714105,86.96921541816032,1103909.0,8556.0,242388.0,45059.0,728029.0,287447.0,0.6595009190069109,9.840817187524875,5374.0,1218.0,3279.0,0.0,1942.0,3279.0,0.3613695571269073,-12.489822504478099,191795.0,1501.0,61047.0,3056.0,99703.0,64103.0,0.5198414974321541,-14.135738908537409,68080.0,1479.0,35232.0,121.0,31389.0,35353.0,0.46106051703877793,-2.925911138995041,1479263.0,,,,,,,,,,,,,,,,,,,,,,,,,,,,,,,,,,,,,,,,,,,,,,,,,,,
2015-04-17,59513.0,1498.0,22534.0,69.0,21118.0,22603.0,0.3548468401861778,-11.93435733522744,50592.0,2159.0,19439.0,169.0,30206.0,19608.0,0.59705091714105,86.96921541816032,1103909.0,8556.0,242388.0,45059.0,728029.0,287447.0,0.6595009190069109,9.840817187524875,5374.0,1218.0,3279.0,0.0,1942.0,3279.0,0.3613695571269073,-12.489822504478099,191795.0,1501.0,61047.0,3056.0,99703.0,64103.0,0.5198414974321541,-14.135738908537409,68080.0,1479.0,35232.0,121.0,31389.0,35353.0,0.46106051703877793,-2.925911138995041,1479263.0,,,,,,,,,,,,,,,,,,,,,,,,,,,,,,,,,,,,,,,,,,,,,,,,,,,
2015-04-24,59513.0,1498.0,22534.0,69.0,21118.0,22603.0,0.3548468401861778,-11.93435733522744,50592.0,2159.0,19439.0,169.0,30206.0,19608.0,0.59705091714105,86.96921541816032,1103909.0,8556.0,242388.0,45059.0,728029.0,287447.0,0.6595009190069109,9.840817187524875,5374.0,1218.0,3279.0,0.0,1942.0,3279.0,0.3613695571269073,-12.489822504478099,191795.0,1501.0,61047.0,3056.0,99703.0,64103.0,0.5198414974321541,-14.135738908537409,68080.0,1479.0,35232.0,121.0,31389.0,35353.0,0.46106051703877793,-2.925911138995041,1479263.0,,,,,,,,,,,,,,,,,,,,,,,,,,,,,,,,,,,,,,,,,,,,,,,,,,,
2015-05-01,69674.0,1653.0,22432.0,65.0,26635.0,22497.0,0.3822803341275081,17.073580562230095,43588.0,2225.0,15673.0,207.0,26697.0,15880.0,0.6124850876387997,-13.844086021505376,1134714.0,8580.0,236017.0,45989.0,757432.0,282006.0,0.6675091697114868,2.7905379881856263,5946.0,1305.0,3371.0,7.0,2312.0,3378.0,0.3888328287924655,10.643840714551533,183115.0,1452.0,54159.0,2550.0,100656.0,56709.0,0.5496873549408842,-4.525665424020442,70403.0,1611.0,35692.0,240.0,33390.0,35932.0,0.4742695623766033,3.412162162162158,1507440.0,,,,,,,,,,,,,,,,,,,,,,,,,,,,,,,,,,,,,,,,,,,,,,,,,,,
2015-05-08,69674.0,1653.0,22432.0,65.0,26635.0,22497.0,0.3822803341275081,17.073580562230095,43588.0,2225.0,15673.0,207.0,26697.0,15880.0,0.6124850876387997,-13.844086021505376,1134714.0,8580.0,236017.0,45989.0,757432.0,282006.0,0.6675091697114868,2.7905379881856263,5946.0,1305.0,3371.0,7.0,2312.0,3378.0,0.3888328287924655,10.643840714551533,183115.0,1452.0,54159.0,2550.0,100656.0,56709.0,0.5496873549408842,-4.525665424020442,70403.0,1611.0,35692.0,240.0,33390.0,35932.0,0.4742695623766033,3.412162162162158,1507440.0,,,,,,,,,,,,,,,,,,,,,,,,,,,,,,,,,,,,,,,,,,,,,,,,,,,
2015-05-15,69674.0,1653.0,22432.0,65.0,26635.0,22497.0,0.3822803341275081,17.073580562230095,43588.0,2225.0,15673.0,207.0,26697.0,15880.0,0.6124850876387997,-13.844086021505376,1134714.0,8580.0,236017.0,45989.0,757432.0,282006.0,0.6675091697114868,2.7905379881856263,5946.0,1305.0,3371.0,7.0,2312.0,3378.0,0.3888328287924655,10.643840714551533,183115.0,1452.0,54159.0,2550.0,100656.0,56709.0,0.5496873549408842,-4.525665424020442,70403.0,1611.0,35692.0,240.0,33390.0,35932.0,0.4742695623766033,3.412162162162158,1507440.0,,,,,,,,,,,,,,,,,,,,,,,,,,,,,,,,,,,,,,,,,,,,,,,,,,,
2015-05-22,69674.0,1653.0,22432.0,65.0,26635.0,22497.0,0.3822803341275081,17.073580562230095,43588.0,2225.0,15673.0,207.0,26697.0,15880.0,0.6124850876387997,-13.844086021505376,1134714.0,8580.0,236017.0,45989.0,757432.0,282006.0,0.6675091697114868,2.7905379881856263,5946.0,1305.0,3371.0,7.0,2312.0,3378.0,0.3888328287924655,10.643840714551533,183115.0,1452.0,54159.0,2550.0,100656.0,56709.0,0.5496873549408842,-4.525665424020442,70403.0,1611.0,35692.0,240.0,33390.0,35932.0,0.4742695623766033,3.412162162162158,1507440.0,,,,,,,,,,,,,,,,,,,,,,,,,,,,,,,,,,,,,,,,,,,,,,,,,,,
2015-05-29,69674.0,1653.0,22432.0,65.0,26635.0,22497.0,0.3822803341275081,17.073580562230095,43588.0,2225.0,15673.0,207.0,26697.0,15880.0,0.6124850876387997,-13.844086021505376,1134714.0,8580.0,236017.0,45989.0,757432.0,282006.0,0.6675091697114868,2.7905379881856263,5946.0,1305.0,3371.0,7.0,2312.0,3378.0,0.3888328287924655,10.643840714551533,183115.0,1452.0,54159.0,2550.0,100656.0,56709.0,0.5496873549408842,-4.525665424020442,70403.0,1611.0,35692.0,240.0,33390.0,35932.0,0.4742695623766033,3.412162162162158,1507440.0,,,,,,,,,,,,,,,,,,,,,,,,,,,,,,,,,,,,,,,,,,,,,,,,,,,
2015-06-05,68759.0,1681.0,23223.0,25.0,23700.0,23248.0,0.34468215070027197,-1.313258891408564,45819.0,2172.0,19164.0,212.0,25756.0,19376.0,0.5621248826905869,5.118381205836475,1231662.0,8348.0,232876.0,45355.0,848407.0,278231.0,0.6888310266940119,8.543826902638019,5844.0,1337.0,3376.0,11.0,2328.0,3387.0,0.39835728952772076,-1.7154389505549927,172838.0,1360.0,47357.0,3092.0,101855.0,50449.0,0.5893090639789861,-5.612320126696336,73493.0,1558.0,36014.0,126.0,35043.0,36140.0,0.47682092172043594,4.389017513458238,1598415.0,,,,,,,,,,,,,,,,,,,,,,,,,,,,,,,,,,,,,,,,,,,,,,,,,,,
2015-06-12,68759.0,1681.0,23223.0,25.0,23700.0,23248.0,0.34468215070027197,-1.313258891408564,45819.0,2172.0,19164.0,212.0,25756.0,19376.0,0.5621248826905869,5.118381205836475,1231662.0,8348.0,232876.0,45355.0,848407.0,278231.0,0.6888310266940119,8.543826902638019,5844.0,1337.0,3376.0,11.0,2328.0,3387.0,0.39835728952772076,-1.7154389505549927,172838.0,1360.0,47357.0,3092.0,101855.0,50449.0,0.5893090639789861,-5.612320126696336,73493.0,1558.0,36014.0,126.0,35043.0,36140.0,0.47682092172043594,4.389017513458238,1598415.0,,,,,,,,,,,,,,,,,,,,,,,,,,,,,,,,,,,,,,,,,,,,,,,,,,,
2015-06-19,68759.0,1681.0,23223.0,25.0,23700.0,23248.0,0.34468215070027197,-1.313258891408564,45819.0,2172.0,19164.0,212.0,25756.0,19376.0,0.5621248826905869,5.118381205836475,1231662.0,8348.0,232876.0,45355.0,848407.0,278231.0,0.6888310266940119,8.543826902638019,5844.0,1337.0,3376.0,11.0,2328.0,3387.0,0.39835728952772076,-1.7154389505549927,172838.0,1360.0,47357.0,3092.0,101855.0,50449.0,0.5893090639789861,-5.612320126696336,73493.0,1558.0,36014.0,126.0,35043.0,36140.0,0.47682092172043594,4.389017513458238,1598415.0,,,,,,,,,,,,,,,,,,,,,,,,,,,,,,,,,,,,,,,,,,,,,,,,,,,
2015-06-26,68759.0,1681.0,23223.0,25.0,23700.0,23248.0,0.34468215070027197,-1.313258891408564,45819.0,2172.0,19164.0,212.0,25756.0,19376.0,0.5621248826905869,5.118381205836475,1231662.0,8348.0,232876.0,45355.0,848407.0,278231.0,0.6888310266940119,8.543826902638019,5844.0,1337.0,3376.0,11.0,2328.0,3387.0,0.39835728952772076,-1.7154389505549927,172838.0,1360.0,47357.0,3092.0,101855.0,50449.0,0.5893090639789861,-5.612320126696336,73493.0,1558.0,36014.0,126.0,35043.0,36140.0,0.47682092172043594,4.389017513458238,1598415.0,,,,,,,,,,,,,,,,,,,,,,,,,,,,,,,,,,,,,,,,,,,,,,,,,,,
2015-07-03,73522.0,1704.0,23499.0,261.0,22944.0,23760.0,0.31206985664154946,6.927093180529087,47771.0,2257.0,19161.0,101.0,28072.0,19262.0,0.5876368508090682,4.260241384578456,1188421.0,8711.0,235238.0,47348.0,797627.0,282586.0,0.6711653530188376,-3.510784614610174,6000.0,1400.0,3483.0,3.0,2357.0,3486.0,0.3928333333333333,2.6694045174537884,177388.0,1409.0,49834.0,3229.0,101580.0,53063.0,0.5726430198209574,2.632522940557047,87456.0,1624.0,40259.0,397.0,44737.0,40656.0,0.5115372301500183,18.999088348550195,1580558.0,,,,,,,,,,,,,,,,,,,,,,,,,,,,,,,,,,,,,,,,,,,,,,,,,,,
2015-07-10,73522.0,1704.0,23499.0,261.0,22944.0,23760.0,0.31206985664154946,6.927093180529087,47771.0,2257.0,19161.0,101.0,28072.0,19262.0,0.5876368508090682,4.260241384578456,1188421.0,8711.0,235238.0,47348.0,797627.0,282586.0,0.6711653530188376,-3.510784614610174,6000.0,1400.0,3483.0,3.0,2357.0,3486.0,0.3928333333333333,2.6694045174537884,177388.0,1409.0,49834.0,3229.0,101580.0,53063.0,0.5726430198209574,2.632522940557047,87456.0,1624.0,40259.0,397.0,44737.0,40656.0,0.5115372301500183,18.999088348550195,1580558.0,,,,,,,,,,,,,,,,,,,,,,,,,,,,,,,,,,,,,,,,,,,,,,,,,,,
2015-07-17,73522.0,1704.0,23499.0,261.0,22944.0,23760.0,0.31206985664154946,6.927093180529087,47771.0,2257.0,19161.0,101.0,28072.0,19262.0,0.5876368508090682,4.260241384578456,1188421.0,8711.0,235238.0,47348.0,797627.0,282586.0,0.6711653530188376,-3.510784614610174,6000.0,1400.0,3483.0,3.0,2357.0,3486.0,0.3928333333333333,2.6694045174537884,177388.0,1409.0,49834.0,3229.0,101580.0,53063.0,0.5726430198209574,2.632522940557047,87456.0,1624.0,40259.0,397.0,44737.0,40656.0,0.5115372301500183,18.999088348550195,1580558.0,,,,,,,,,,,,,,,,,,,,,,,,,,,,,,,,,,,,,,,,,,,,,,,,,,,
2015-07-24,73522.0,1704.0,23499.0,261.0,22944.0,23760.0,0.31206985664154946,6.927093180529087,47771.0,2257.0,19161.0,101.0,28072.0,19262.0,0.5876368508090682,4.260241384578456,1188421.0,8711.0,235238.0,47348.0,797627.0,282586.0,0.6711653530188376,-3.510784614610174,6000.0,1400.0,3483.0,3.0,2357.0,3486.0,0.3928333333333333,2.6694045174537884,177388.0,1409.0,49834.0,3229.0,101580.0,53063.0,0.5726430198209574,2.632522940557047,87456.0,1624.0,40259.0,397.0,44737.0,40656.0,0.5115372301500183,18.999088348550195,1580558.0,,,,,,,,,,,,,,,,,,,,,,,,,,,,,,,,,,,,,,,,,,,,,,,,,,,
2015-07-31,73522.0,1704.0,23499.0,261.0,22944.0,23760.0,0.31206985664154946,6.927093180529087,47771.0,2257.0,19161.0,101.0,28072.0,19262.0,0.5876368508090682,4.260241384578456,1188421.0,8711.0,235238.0,47348.0,797627.0,282586.0,0.6711653530188376,-3.510784614610174,6000.0,1400.0,3483.0,3.0,2357.0,3486.0,0.3928333333333333,2.6694045174537884,177388.0,1409.0,49834.0,3229.0,101580.0,53063.0,0.5726430198209574,2.632522940557047,87456.0,1624.0,40259.0,397.0,44737.0,40656.0,0.5115372301500183,18.999088348550195,1580558.0,,,,,,,,,,,,,,,,,,,,,,,,,,,,,,,,,,,,,,,,,,,,,,,,,,,
2015-08-07,77511.0,1789.0,24873.0,67.0,26405.0,24940.0,0.3406613254892854,5.42558689915944,71340.0,2346.0,27142.0,238.0,42997.0,27380.0,0.6027053546397533,49.33746415189131,1240187.0,8916.0,266434.0,50170.0,808323.0,316604.0,0.6517750952074163,4.355863789010805,6033.0,1417.0,3572.0,14.0,2363.0,3586.0,0.39167909829272335,0.550000000000006,199056.0,1450.0,57574.0,2368.0,114496.0,59942.0,0.5751949200225063,12.215031456468317,80300.0,1705.0,39150.0,133.0,38748.0,39283.0,0.4825404732254047,-8.182400292718627,1674427.0,,,,,,,,,,,,,,,,,,,,,,,,,,,,,,,,,,,,,,,,,,,,,,,,,,,
2015-08-14,77511.0,1789.0,24873.0,67.0,26405.0,24940.0,0.3406613254892854,5.42558689915944,71340.0,2346.0,27142.0,238.0,42997.0,27380.0,0.6027053546397533,49.33746415189131,1240187.0,8916.0,266434.0,50170.0,808323.0,316604.0,0.6517750952074163,4.355863789010805,6033.0,1417.0,3572.0,14.0,2363.0,3586.0,0.39167909829272335,0.550000000000006,199056.0,1450.0,57574.0,2368.0,114496.0,59942.0,0.5751949200225063,12.215031456468317,80300.0,1705.0,39150.0,133.0,38748.0,39283.0,0.4825404732254047,-8.182400292718627,1674427.0,,,,,,,,,,,,,,,,,,,,,,,,,,,,,,,,,,,,,,,,,,,,,,,,,,,
2015-08-21,77511.0,1789.0,24873.0,67.0,26405.0,24940.0,0.3406613254892854,5.42558689915944,71340.0,2346.0,27142.0,238.0,42997.0,27380.0,0.6027053546397533,49.33746415189131,1240187.0,8916.0,266434.0,50170.0,808323.0,316604.0,0.6517750952074163,4.355863789010805,6033.0,1417.0,3572.0,14.0,2363.0,3586.0,0.39167909829272335,0.550000000000006,199056.0,1450.0,57574.0,2368.0,114496.0,59942.0,0.5751949200225063,12.215031456468317,80300.0,1705.0,39150.0,133.0,38748.0,39283.0,0.4825404732254047,-8.182400292718627,1674427.0,,,,,,,,,,,,,,,,,,,,,,,,,,,,,,,,,,,,,,,,,,,,,,,,,,,
2015-08-28,77511.0,1789.0,24873.0,67.0,26405.0,24940.0,0.3406613254892854,5.42558689915944,71340.0,2346.0,27142.0,238.0,42997.0,27380.0,0.6027053546397533,49.33746415189131,1240187.0,8916.0,266434.0,50170.0,808323.0,316604.0,0.6517750952074163,4.355863789010805,6033.0,1417.0,3572.0,14.0,2363.0,3586.0,0.39167909829272335,0.550000000000006,199056.0,1450.0,57574.0,2368.0,114496.0,59942.0,0.5751949200225063,12.215031456468317,80300.0,1705.0,39150.0,133.0,38748.0,39283.0,0.4825404732254047,-8.182400292718627,1674427.0,,,,,,,,,,,,,,,,,,,,,,,,,,,,,,,,,,,,,,,,,,,,,,,,,,,
2015-09-04,68209.0,1746.0,25853.0,44.0,22389.0,25897.0,0.3282411411983756,-12.000877294835577,84367.0,2356.0,30009.0,262.0,52758.0,30271.0,0.6253392914291133,18.260442949257083,1285135.0,8472.0,238599.0,49496.0,873651.0,288095.0,0.6798126266890249,3.62429214303972,5848.0,1347.0,3184.0,0.0,2579.0,3184.0,0.44100547195622436,-3.0664677606497603,214801.0,1462.0,68752.0,1999.0,118392.0,70751.0,0.5511706183863203,7.909834418455097,61190.0,1591.0,32281.0,193.0,27361.0,32474.0,0.44714822683445005,-23.798256537982564,1719550.0,,,,,,,,,,,,,,,,,,,,,,,,,,,,,,,,,,,,,,,,,,,,,,,,,,,
2015-09-11,68209.0,1746.0,25853.0,44.0,22389.0,25897.0,0.3282411411983756,-12.000877294835577,84367.0,2356.0,30009.0,262.0,52758.0,30271.0,0.6253392914291133,18.260442949257083,1285135.0,8472.0,238599.0,49496.0,873651.0,288095.0,0.6798126266890249,3.62429214303972,5848.0,1347.0,3184.0,0.0,2579.0,3184.0,0.44100547195622436,-3.0664677606497603,214801.0,1462.0,68752.0,1999.0,118392.0,70751.0,0.5511706183863203,7.909834418455097,61190.0,1591.0,32281.0,193.0,27361.0,32474.0,0.44714822683445005,-23.798256537982564,1719550.0,,,,,,,,,,,,,,,,,,,,,,,,,,,,,,,,,,,,,,,,,,,,,,,,,,,
2015-09-18,68209.0,1746.0,25853.0,44.0,22389.0,25897.0,0.3282411411983756,-12.000877294835577,84367.0,2356.0,30009.0,262.0,52758.0,30271.0,0.6253392914291133,18.260442949257083,1285135.0,8472.0,238599.0,49496.0,873651.0,288095.0,0.6798126266890249,3.62429214303972,5848.0,1347.0,3184.0,0.0,2579.0,3184.0,0.44100547195622436,-3.0664677606497603,214801.0,1462.0,68752.0,1999.0,118392.0,70751.0,0.5511706183863203,7.909834418455097,61190.0,1591.0,32281.0,193.0,27361.0,32474.0,0.44714822683445005,-23.798256537982564,1719550.0,,,,,,,,,,,,,,,,,,,,,,,,,,,,,,,,,,,,,,,,,,,,,,,,,,,
2015-09-25,68209.0,1746.0,25853.0,44.0,22389.0,25897.0,0.3282411411983756,-12.000877294835577,84367.0,2356.0,30009.0,262.0,52758.0,30271.0,0.6253392914291133,18.260442949257083,1285135.0,8472.0,238599.0,49496.0,873651.0,288095.0,0.6798126266890249,3.62429214303972,5848.0,1347.0,3184.0,0.0,2579.0,3184.0,0.44100547195622436,-3.0664677606497603,214801.0,1462.0,68752.0,1999.0,118392.0,70751.0,0.5511706183863203,7.909834418455097,61190.0,1591.0,32281.0,193.0,27361.0,32474.0,0.44714822683445005,-23.798256537982564,1719550.0,,,,,,,,,,,,,,,,,,,,,,,,,,,,,,,,,,,,,,,,,,,,,,,,,,,
2015-10-02,70492.0,1696.0,23798.0,212.0,22789.0,24010.0,0.3232849117630369,3.34706563649958,68375.0,2329.0,24477.0,152.0,42654.0,24629.0,0.6238244972577697,-18.955278722723335,1337162.0,8811.0,242008.0,50202.0,908828.0,292210.0,0.6796693295202825,4.048368459344731,5606.0,1332.0,3067.0,10.0,2423.0,3077.0,0.4322154834106315,-4.138166894664841,236809.0,1499.0,90118.0,2497.0,120316.0,92615.0,0.508071906050868,10.245762356786049,43111.0,1561.0,22198.0,51.0,20117.0,22249.0,0.46663264596042775,-29.54567739826769,1761555.0,,,,,,,,,,,,,,,,,,,,,,,,,,,,,,,,,,,,,,,,,,,,,,,,,,,
2015-10-09,70492.0,1696.0,23798.0,212.0,22789.0,24010.0,0.3232849117630369,3.34706563649958,68375.0,2329.0,24477.0,152.0,42654.0,24629.0,0.6238244972577697,-18.955278722723335,1337162.0,8811.0,242008.0,50202.0,908828.0,292210.0,0.6796693295202825,4.048368459344731,5606.0,1332.0,3067.0,10.0,2423.0,3077.0,0.4322154834106315,-4.138166894664841,236809.0,1499.0,90118.0,2497.0,120316.0,92615.0,0.508071906050868,10.245762356786049,43111.0,1561.0,22198.0,51.0,20117.0,22249.0,0.46663264596042775,-29.54567739826769,1761555.0,,,,,,,,,,,,,,,,,,,,,,,,,,,,,,,,,,,,,,,,,,,,,,,,,,,
2015-10-16,70492.0,1696.0,23798.0,212.0,22789.0,24010.0,0.3232849117630369,3.34706563649958,68375.0,2329.0,24477.0,152.0,42654.0,24629.0,0.6238244972577697,-18.955278722723335,1337162.0,8811.0,242008.0,50202.0,908828.0,292210.0,0.6796693295202825,4.048368459344731,5606.0,1332.0,3067.0,10.0,2423.0,3077.0,0.4322154834106315,-4.138166894664841,236809.0,1499.0,90118.0,2497.0,120316.0,92615.0,0.508071906050868,10.245762356786049,43111.0,1561.0,22198.0,51.0,20117.0,22249.0,0.46663264596042775,-29.54567739826769,1761555.0,,,,,,,,,,,,,,,,,,,,,,,,,,,,,,,,,,,,,,,,,,,,,,,,,,,
2015-10-23,70492.0,1696.0,23798.0,212.0,22789.0,24010.0,0.3232849117630369,3.34706563649958,68375.0,2329.0,24477.0,152.0,42654.0,24629.0,0.6238244972577697,-18.955278722723335,1337162.0,8811.0,242008.0,50202.0,908828.0,292210.0,0.6796693295202825,4.048368459344731,5606.0,1332.0,3067.0,10.0,2423.0,3077.0,0.4322154834106315,-4.138166894664841,236809.0,1499.0,90118.0,2497.0,120316.0,92615.0,0.508071906050868,10.245762356786049,43111.0,1561.0,22198.0,51.0,20117.0,22249.0,0.46663264596042775,-29.54567739826769,1761555.0,,,,,,,,,,,,,,,,,,,,,,,,,,,,,,,,,,,,,,,,,,,,,,,,,,,
2015-10-30,70492.0,1696.0,23798.0,212.0,22789.0,24010.0,0.3232849117630369,3.34706563649958,68375.0,2329.0,24477.0,152.0,42654.0,24629.0,0.6238244972577697,-18.955278722723335,1337162.0,8811.0,242008.0,50202.0,908828.0,292210.0,0.6796693295202825,4.048368459344731,5606.0,1332.0,3067.0,10.0,2423.0,3077.0,0.4322154834106315,-4.138166894664841,236809.0,1499.0,90118.0,2497.0,120316.0,92615.0,0.508071906050868,10.245762356786049,43111.0,1561.0,22198.0,51.0,20117.0,22249.0,0.46663264596042775,-29.54567739826769,1761555.0,,,,,,,,,,,,,,,,,,,,,,,,,,,,,,,,,,,,,,,,,,,,,,,,,,,
2015-11-06,80920.0,1669.0,22786.0,141.0,27785.0,22927.0,0.34336381611468114,14.793168019065984,35278.0,2146.0,13534.0,92.0,21069.0,13626.0,0.597227733998526,-48.40511882998172,1285054.0,8829.0,226138.0,52304.0,876767.0,278442.0,0.6822802777159559,-3.8969100228693265,5958.0,1369.0,3100.0,8.0,2695.0,3108.0,0.45233299765021817,6.2789867998573,211611.0,1447.0,66628.0,3066.0,113847.0,69694.0,0.5380013326339368,-10.640642880971585,31964.0,1460.0,16483.0,70.0,14784.0,16553.0,0.4625203353772995,-25.856509939458604,1650785.0,,,,,,,,,,,,,,,,,,,,,,,,,,,,,,,,,,,,,,,,,,,,,,,,,,,
2015-11-13,80920.0,1669.0,22786.0,141.0,27785.0,22927.0,0.34336381611468114,14.793168019065984,35278.0,2146.0,13534.0,92.0,21069.0,13626.0,0.597227733998526,-48.40511882998172,1285054.0,8829.0,226138.0,52304.0,876767.0,278442.0,0.6822802777159559,-3.8969100228693265,5958.0,1369.0,3100.0,8.0,2695.0,3108.0,0.45233299765021817,6.2789867998573,211611.0,1447.0,66628.0,3066.0,113847.0,69694.0,0.5380013326339368,-10.640642880971585,31964.0,1460.0,16483.0,70.0,14784.0,16553.0,0.4625203353772995,-25.856509939458604,1650785.0,,,,,,,,,,,,,,,,,,,,,,,,,,,,,,,,,,,,,,,,,,,,,,,,,,,
2015-11-20,80920.0,1669.0,22786.0,141.0,27785.0,22927.0,0.34336381611468114,14.793168019065984,35278.0,2146.0,13534.0,92.0,21069.0,13626.0,0.597227733998526,-48.40511882998172,1285054.0,8829.0,226138.0,52304.0,876767.0,278442.0,0.6822802777159559,-3.8969100228693265,5958.0,1369.0,3100.0,8.0,2695.0,3108.0,0.45233299765021817,6.2789867998573,211611.0,1447.0,66628.0,3066.0,113847.0,69694.0,0.5380013326339368,-10.640642880971585,31964.0,1460.0,16483.0,70.0,14784.0,16553.0,0.4625203353772995,-25.856509939458604,1650785.0,,,,,,,,,,,,,,,,,,,,,,,,,,,,,,,,,,,,,,,,,,,,,,,,,,,
2015-11-27,80920.0,1669.0,22786.0,141.0,27785.0,22927.0,0.34336381611468114,14.793168019065984,35278.0,2146.0,13534.0,92.0,21069.0,13626.0,0.597227733998526,-48.40511882998172,1285054.0,8829.0,226138.0,52304.0,876767.0,278442.0,0.6822802777159559,-3.8969100228693265,5958.0,1369.0,3100.0,8.0,2695.0,3108.0,0.45233299765021817,6.2789867998573,211611.0,1447.0,66628.0,3066.0,113847.0,69694.0,0.5380013326339368,-10.640642880971585,31964.0,1460.0,16483.0,70.0,14784.0,16553.0,0.4625203353772995,-25.856509939458604,1650785.0,,,,,,,,,,,,,,,,,,,,,,,,,,,,,,,,,,,,,,,,,,,,,,,,,,,
2015-12-04,84213.0,1666.0,21332.0,45.0,30072.0,21377.0,0.3570945103487585,4.069451309935745,26279.0,2129.0,8339.0,68.0,17397.0,8407.0,0.6620114920659081,-25.508815692499574,1325165.0,8719.0,241030.0,55008.0,903840.0,296038.0,0.6820584606445235,3.121347429757826,5943.0,1348.0,3286.0,15.0,2551.0,3301.0,0.4292444893151607,-0.2517623363544774,190496.0,1449.0,50801.0,3489.0,103766.0,54290.0,0.5447148496556358,-9.97821474308992,23593.0,1400.0,10974.0,4.0,12334.0,10978.0,0.5227821811554274,-26.18883744212239,1655689.0,,,,,,,,,,,,,,,,,,,,,,,,,,,,,,,,,,,,,,,,,,,,,,,,,,,
2015-12-11,84213.0,1666.0,21332.0,45.0,30072.0,21377.0,0.3570945103487585,4.069451309935745,26279.0,2129.0,8339.0,68.0,17397.0,8407.0,0.6620114920659081,-25.508815692499574,1325165.0,8719.0,241030.0,55008.0,903840.0,296038.0,0.6820584606445235,3.121347429757826,5943.0,1348.0,3286.0,15.0,2551.0,3301.0,0.4292444893151607,-0.2517623363544774,190496.0,1449.0,50801.0,3489.0,103766.0,54290.0,0.5447148496556358,-9.97821474308992,23593.0,1400.0,10974.0,4.0,12334.0,10978.0,0.5227821811554274,-26.18883744212239,1655689.0,,,,,,,,,,,,,,,,,,,,,,,,,,,,,,,,,,,,,,,,,,,,,,,,,,,
2015-12-18,84213.0,1666.0,21332.0,45.0,30072.0,21377.0,0.3570945103487585,4.069451309935745,26279.0,2129.0,8339.0,68.0,17397.0,8407.0,0.6620114920659081,-25.508815692499574,1325165.0,8719.0,241030.0,55008.0,903840.0,296038.0,0.6820584606445235,3.121347429757826,5943.0,1348.0,3286.0,15.0,2551.0,3301.0,0.4292444893151607,-0.2517623363544774,190496.0,1449.0,50801.0,3489.0,103766.0,54290.0,0.5447148496556358,-9.97821474308992,23593.0,1400.0,10974.0,4.0,12334.0,10978.0,0.5227821811554274,-26.18883744212239,1655689.0,,,,,,,,,,,,,,,,,,,,,,,,,,,,,,,,,,,,,,,,,,,,,,,,,,,
2015-12-25,84213.0,1666.0,21332.0,45.0,30072.0,21377.0,0.3570945103487585,4.069451309935745,26279.0,2129.0,8339.0,68.0,17397.0,8407.0,0.6620114920659081,-25.508815692499574,1325165.0,8719.0,241030.0,55008.0,903840.0,296038.0,0.6820584606445235,3.121347429757826,5943.0,1348.0,3286.0,15.0,2551.0,3301.0,0.4292444893151607,-0.2517623363544774,190496.0,1449.0,50801.0,3489.0,103766.0,54290.0,0.5447148496556358,-9.97821474308992,23593.0,1400.0,10974.0,4.0,12334.0,10978.0,0.5227821811554274,-26.18883744212239,1655689.0,,,,,,,,,,,,,,,,,,,,,,,,,,,,,,,,,,,,,,,,,,,,,,,,,,,
2016-01-01,84646.0,1751.0,27115.0,108.0,27827.0,27223.0,0.3287455993195189,0.5141723961858524,29415.0,2196.0,10172.0,42.0,18567.0,10214.0,0.6312085670576236,11.933483009246926,1342670.0,9021.0,245902.0,54183.0,917619.0,300085.0,0.6834285416371856,1.3209675776224117,6967.0,1379.0,4029.0,4.0,2863.0,4033.0,0.410937275728434,17.23035503954231,187358.0,1552.0,49862.0,2958.0,100916.0,52820.0,0.5386265865348691,-1.6472786830169617,40362.0,1476.0,18844.0,69.0,20016.0,18913.0,0.4959119964322878,71.07616665960244,1691418.0,,,,,,,,,,,,,,,,,,,,,,,,,,,,,,,,,,,,,,,,,,,,,,,,,,,
2016-01-08,84646.0,1751.0,27115.0,108.0,27827.0,27223.0,0.3287455993195189,0.5141723961858524,29415.0,2196.0,10172.0,42.0,18567.0,10214.0,0.6312085670576236,11.933483009246926,1342670.0,9021.0,245902.0,54183.0,917619.0,300085.0,0.6834285416371856,1.3209675776224117,6967.0,1379.0,4029.0,4.0,2863.0,4033.0,0.410937275728434,17.23035503954231,187358.0,1552.0,49862.0,2958.0,100916.0,52820.0,0.5386265865348691,-1.6472786830169617,40362.0,1476.0,18844.0,69.0,20016.0,18913.0,0.4959119964322878,71.07616665960244,1691418.0,,,,,,,,,,,,,,,,,,,,,,,,,,,,,,,,,,,,,,,,,,,,,,,,,,,
2016-01-15,84646.0,1751.0,27115.0,108.0,27827.0,27223.0,0.3287455993195189,0.5141723961858524,29415.0,2196.0,10172.0,42.0,18567.0,10214.0,0.6312085670576236,11.933483009246926,1342670.0,9021.0,245902.0,54183.0,917619.0,300085.0,0.6834285416371856,1.3209675776224117,6967.0,1379.0,4029.0,4.0,2863.0,4033.0,0.410937275728434,17.23035503954231,187358.0,1552.0,49862.0,2958.0,100916.0,52820.0,0.5386265865348691,-1.6472786830169617,40362.0,1476.0,18844.0,69.0,20016.0,18913.0,0.4959119964322878,71.07616665960244,1691418.0,,,,,,,,,,,,,,,,,,,,,,,,,,,,,,,,,,,,,,,,,,,,,,,,,,,
2016-01-22,84646.0,1751.0,27115.0,108.0,27827.0,27223.0,0.3287455993195189,0.5141723961858524,29415.0,2196.0,10172.0,42.0,18567.0,10214.0,0.6312085670576236,11.933483009246926,1342670.0,9021.0,245902.0,54183.0,917619.0,300085.0,0.6834285416371856,1.3209675776224117,6967.0,1379.0,4029.0,4.0,2863.0,4033.0,0.410937275728434,17.23035503954231,187358.0,1552.0,49862.0,2958.0,100916.0,52820.0,0.5386265865348691,-1.6472786830169617,40362.0,1476.0,18844.0,69.0,20016.0,18913.0,0.4959119964322878,71.07616665960244,1691418.0,,,,,,,,,,,,,,,,,,,,,,,,,,,,,,,,,,,,,,,,,,,,,,,,,,,
2016-01-29,84646.0,1751.0,27115.0,108.0,27827.0,27223.0,0.3287455993195189,0.5141723961858524,29415.0,2196.0,10172.0,42.0,18567.0,10214.0,0.6312085670576236,11.933483009246926,1342670.0,9021.0,245902.0,54183.0,917619.0,300085.0,0.6834285416371856,1.3209675776224117,6967.0,1379.0,4029.0,4.0,2863.0,4033.0,0.410937275728434,17.23035503954231,187358.0,1552.0,49862.0,2958.0,100916.0,52820.0,0.5386265865348691,-1.6472786830169617,40362.0,1476.0,18844.0,69.0,20016.0,18913.0,0.4959119964322878,71.07616665960244,1691418.0,,,,,,,,,,,,,,,,,,,,,,,,,,,,,,,,,,,,,,,,,,,,,,,,,,,
2016-02-05,88923.0,1760.0,25651.0,129.0,27338.0,25780.0,0.3074345220021817,5.0528081657727375,55346.0,2295.0,21114.0,124.0,32389.0,21238.0,0.5852094098941206,88.15570287268399,1321571.0,9075.0,234014.0,52994.0,910783.0,287008.0,0.6891669081721679,-1.5714211235821174,7527.0,1300.0,4327.0,19.0,3127.0,4346.0,0.41543775740666933,8.037892923783541,194254.0,1537.0,54457.0,2806.0,100446.0,57263.0,0.5170858772534929,3.680654148741991,59877.0,1432.0,27944.0,76.0,30086.0,28020.0,0.5024633832690348,48.34993310539617,1727498.0,,,,,,,,,,,,,,,,,,,,,,,,,,,,,,,,,,,,,,,,,,,,,,,,,,,
2016-02-12,88923.0,1760.0,25651.0,129.0,27338.0,25780.0,0.3074345220021817,5.0528081657727375,55346.0,2295.0,21114.0,124.0,32389.0,21238.0,0.5852094098941206,88.15570287268399,1321571.0,9075.0,234014.0,52994.0,910783.0,287008.0,0.6891669081721679,-1.5714211235821174,7527.0,1300.0,4327.0,19.0,3127.0,4346.0,0.41543775740666933,8.037892923783541,194254.0,1537.0,54457.0,2806.0,100446.0,57263.0,0.5170858772534929,3.680654148741991,59877.0,1432.0,27944.0,76.0,30086.0,28020.0,0.5024633832690348,48.34993310539617,1727498.0,,,,,,,,,,,,,,,,,,,,,,,,,,,,,,,,,,,,,,,,,,,,,,,,,,,
2016-02-19,88923.0,1760.0,25651.0,129.0,27338.0,25780.0,0.3074345220021817,5.0528081657727375,55346.0,2295.0,21114.0,124.0,32389.0,21238.0,0.5852094098941206,88.15570287268399,1321571.0,9075.0,234014.0,52994.0,910783.0,287008.0,0.6891669081721679,-1.5714211235821174,7527.0,1300.0,4327.0,19.0,3127.0,4346.0,0.41543775740666933,8.037892923783541,194254.0,1537.0,54457.0,2806.0,100446.0,57263.0,0.5170858772534929,3.680654148741991,59877.0,1432.0,27944.0,76.0,30086.0,28020.0,0.5024633832690348,48.34993310539617,1727498.0,,,,,,,,,,,,,,,,,,,,,,,,,,,,,,,,,,,,,,,,,,,,,,,,,,,
2016-02-26,88923.0,1760.0,25651.0,129.0,27338.0,25780.0,0.3074345220021817,5.0528081657727375,55346.0,2295.0,21114.0,124.0,32389.0,21238.0,0.5852094098941206,88.15570287268399,1321571.0,9075.0,234014.0,52994.0,910783.0,287008.0,0.6891669081721679,-1.5714211235821174,7527.0,1300.0,4327.0,19.0,3127.0,4346.0,0.41543775740666933,8.037892923783541,194254.0,1537.0,54457.0,2806.0,100446.0,57263.0,0.5170858772534929,3.680654148741991,59877.0,1432.0,27944.0,76.0,30086.0,28020.0,0.5024633832690348,48.34993310539617,1727498.0,,,,,,,,,,,,,,,,,,,,,,,,,,,,,,,,,,,,,,,,,,,,,,,,,,,
2016-03-04,94003.0,1761.0,24933.0,209.0,30206.0,25142.0,0.3213301703137134,5.712807710041279,61531.0,2393.0,22436.0,108.0,37473.0,22544.0,0.6090100924737124,11.175152675893463,1438337.0,9275.0,261660.0,56828.0,982906.0,318488.0,0.6833628002338812,8.835393633788868,8842.0,1436.0,4884.0,14.0,3673.0,4898.0,0.41540375480660485,17.4704397502325,205261.0,1578.0,52949.0,2887.0,112254.0,55836.0,0.5468842108340113,5.666292585995647,61750.0,1546.0,28931.0,119.0,31155.0,29050.0,0.5045344129554656,3.128079229086289,1869724.0,,,,,,,,,,,,,,,,,,,,,,,,,,,,,,,,,,,,,,,,,,,,,,,,,,,
2016-03-11,94003.0,1761.0,24933.0,209.0,30206.0,25142.0,0.3213301703137134,5.712807710041279,61531.0,2393.0,22436.0,108.0,37473.0,22544.0,0.6090100924737124,11.175152675893463,1438337.0,9275.0,261660.0,56828.0,982906.0,318488.0,0.6833628002338812,8.835393633788868,8842.0,1436.0,4884.0,14.0,3673.0,4898.0,0.41540375480660485,17.4704397502325,205261.0,1578.0,52949.0,2887.0,112254.0,55836.0,0.5468842108340113,5.666292585995647,61750.0,1546.0,28931.0,119.0,31155.0,29050.0,0.5045344129554656,3.128079229086289,1869724.0,,,,,,,,,,,,,,,,,,,,,,,,,,,,,,,,,,,,,,,,,,,,,,,,,,,
2016-03-18,94003.0,1761.0,24933.0,209.0,30206.0,25142.0,0.3213301703137134,5.712807710041279,61531.0,2393.0,22436.0,108.0,37473.0,22544.0,0.6090100924737124,11.175152675893463,1438337.0,9275.0,261660.0,56828.0,982906.0,318488.0,0.6833628002338812,8.835393633788868,8842.0,1436.0,4884.0,14.0,3673.0,4898.0,0.41540375480660485,17.4704397502325,205261.0,1578.0,52949.0,2887.0,112254.0,55836.0,0.5468842108340113,5.666292585995647,61750.0,1546.0,28931.0,119.0,31155.0,29050.0,0.5045344129554656,3.128079229086289,1869724.0,,,,,,,,,,,,,,,,,,,,,,,,,,,,,,,,,,,,,,,,,,,,,,,,,,,
2016-03-25,94003.0,1761.0,24933.0,209.0,30206.0,25142.0,0.3213301703137134,5.712807710041279,61531.0,2393.0,22436.0,108.0,37473.0,22544.0,0.6090100924737124,11.175152675893463,1438337.0,9275.0,261660.0,56828.0,982906.0,318488.0,0.6833628002338812,8.835393633788868,8842.0,1436.0,4884.0,14.0,3673.0,4898.0,0.41540375480660485,17.4704397502325,205261.0,1578.0,52949.0,2887.0,112254.0,55836.0,0.5468842108340113,5.666292585995647,61750.0,1546.0,28931.0,119.0,31155.0,29050.0,0.5045344129554656,3.128079229086289,1869724.0,,,,,,,,,,,,,,,,,,,,,,,,,,,,,,,,,,,,,,,,,,,,,,,,,,,
2016-04-01,95657.0,1911.0,24959.0,128.0,26899.0,25087.0,0.2812026302309293,1.759518313245323,70178.0,2406.0,22470.0,85.0,46343.0,22555.0,0.6603636467268945,14.053078935820974,1456889.0,9549.0,252289.0,55284.0,996670.0,307573.0,0.6841083981003357,1.2898228996403471,8821.0,1363.0,4807.0,18.0,3848.0,4825.0,0.43623171975966446,-0.23750282741461515,180214.0,1478.0,41444.0,2738.0,105938.0,44182.0,0.5878455613881275,-12.202512898212515,71141.0,1510.0,34843.0,106.0,34329.0,34949.0,0.4825487412322008,15.208097165991896,1882900.0,,,,,,,,,,,,,,,,,,,,,,,,,,,,,,,,,,,,,,,,,,,,,,,,,,,
2016-04-08,95657.0,1911.0,24959.0,128.0,26899.0,25087.0,0.2812026302309293,1.759518313245323,70178.0,2406.0,22470.0,85.0,46343.0,22555.0,0.6603636467268945,14.053078935820974,1456889.0,9549.0,252289.0,55284.0,996670.0,307573.0,0.6841083981003357,1.2898228996403471,8821.0,1363.0,4807.0,18.0,3848.0,4825.0,0.43623171975966446,-0.23750282741461515,180214.0,1478.0,41444.0,2738.0,105938.0,44182.0,0.5878455613881275,-12.202512898212515,71141.0,1510.0,34843.0,106.0,34329.0,34949.0,0.4825487412322008,15.208097165991896,1882900.0,,,,,,,,,,,,,,,,,,,,,,,,,,,,,,,,,,,,,,,,,,,,,,,,,,,
2016-04-15,95657.0,1911.0,24959.0,128.0,26899.0,25087.0,0.2812026302309293,1.759518313245323,70178.0,2406.0,22470.0,85.0,46343.0,22555.0,0.6603636467268945,14.053078935820974,1456889.0,9549.0,252289.0,55284.0,996670.0,307573.0,0.6841083981003357,1.2898228996403471,8821.0,1363.0,4807.0,18.0,3848.0,4825.0,0.43623171975966446,-0.23750282741461515,180214.0,1478.0,41444.0,2738.0,105938.0,44182.0,0.5878455613881275,-12.202512898212515,71141.0,1510.0,34843.0,106.0,34329.0,34949.0,0.4825487412322008,15.208097165991896,1882900.0,,,,,,,,,,,,,,,,,,,,,,,,,,,,,,,,,,,,,,,,,,,,,,,,,,,
2016-04-22,95657.0,1911.0,24959.0,128.0,26899.0,25087.0,0.2812026302309293,1.759518313245323,70178.0,2406.0,22470.0,85.0,46343.0,22555.0,0.6603636467268945,14.053078935820974,1456889.0,9549.0,252289.0,55284.0,996670.0,307573.0,0.6841083981003357,1.2898228996403471,8821.0,1363.0,4807.0,18.0,3848.0,4825.0,0.43623171975966446,-0.23750282741461515,180214.0,1478.0,41444.0,2738.0,105938.0,44182.0,0.5878455613881275,-12.202512898212515,71141.0,1510.0,34843.0,106.0,34329.0,34949.0,0.4825487412322008,15.208097165991896,1882900.0,,,,,,,,,,,,,,,,,,,,,,,,,,,,,,,,,,,,,,,,,,,,,,,,,,,
2016-04-29,95657.0,1911.0,24959.0,128.0,26899.0,25087.0,0.2812026302309293,1.759518313245323,70178.0,2406.0,22470.0,85.0,46343.0,22555.0,0.6603636467268945,14.053078935820974,1456889.0,9549.0,252289.0,55284.0,996670.0,307573.0,0.6841083981003357,1.2898228996403471,8821.0,1363.0,4807.0,18.0,3848.0,4825.0,0.43623171975966446,-0.23750282741461515,180214.0,1478.0,41444.0,2738.0,105938.0,44182.0,0.5878455613881275,-12.202512898212515,71141.0,1510.0,34843.0,106.0,34329.0,34949.0,0.4825487412322008,15.208097165991896,1882900.0,,,,,,,,,,,,,,,,,,,,,,,,,,,,,,,,,,,,,,,,,,,,,,,,,,,
2016-05-06,102956.0,2074.0,26811.0,155.0,25469.0,26966.0,0.2473775204941917,7.630387739527689,84420.0,2511.0,25421.0,154.0,57457.0,25575.0,0.6806088604596068,20.294109265011826,1507076.0,9699.0,255652.0,56373.0,1029780.0,312025.0,0.6832966618803564,3.444806021598068,8813.0,1405.0,4896.0,0.0,3781.0,4896.0,0.4290253035288778,-0.09069266523069608,186018.0,1443.0,47962.0,2991.0,110531.0,50953.0,0.5941951854121644,3.220615490472434,66024.0,1533.0,31606.0,104.0,33124.0,31710.0,0.501696352841391,-7.192758043884684,1955307.0,,,,,,,,,,,,,,,,,,,,,,,,,,,,,,,,,,,,,,,,,,,,,,,,,,,
2016-05-13,102956.0,2074.0,26811.0,155.0,25469.0,26966.0,0.2473775204941917,7.630387739527689,84420.0,2511.0,25421.0,154.0,57457.0,25575.0,0.6806088604596068,20.294109265011826,1507076.0,9699.0,255652.0,56373.0,1029780.0,312025.0,0.6832966618803564,3.444806021598068,8813.0,1405.0,4896.0,0.0,3781.0,4896.0,0.4290253035288778,-0.09069266523069608,186018.0,1443.0,47962.0,2991.0,110531.0,50953.0,0.5941951854121644,3.220615490472434,66024.0,1533.0,31606.0,104.0,33124.0,31710.0,0.501696352841391,-7.192758043884684,1955307.0,,,,,,,,,,,,,,,,,,,,,,,,,,,,,,,,,,,,,,,,,,,,,,,,,,,
2016-05-20,102956.0,2074.0,26811.0,155.0,25469.0,26966.0,0.2473775204941917,7.630387739527689,84420.0,2511.0,25421.0,154.0,57457.0,25575.0,0.6806088604596068,20.294109265011826,1507076.0,9699.0,255652.0,56373.0,1029780.0,312025.0,0.6832966618803564,3.444806021598068,8813.0,1405.0,4896.0,0.0,3781.0,4896.0,0.4290253035288778,-0.09069266523069608,186018.0,1443.0,47962.0,2991.0,110531.0,50953.0,0.5941951854121644,3.220615490472434,66024.0,1533.0,31606.0,104.0,33124.0,31710.0,0.501696352841391,-7.192758043884684,1955307.0,,,,,,,,,,,,,,,,,,,,,,,,,,,,,,,,,,,,,,,,,,,,,,,,,,,
2016-05-27,102956.0,2074.0,26811.0,155.0,25469.0,26966.0,0.2473775204941917,7.630387739527689,84420.0,2511.0,25421.0,154.0,57457.0,25575.0,0.6806088604596068,20.294109265011826,1507076.0,9699.0,255652.0,56373.0,1029780.0,312025.0,0.6832966618803564,3.444806021598068,8813.0,1405.0,4896.0,0.0,3781.0,4896.0,0.4290253035288778,-0.09069266523069608,186018.0,1443.0,47962.0,2991.0,110531.0,50953.0,0.5941951854121644,3.220615490472434,66024.0,1533.0,31606.0,104.0,33124.0,31710.0,0.501696352841391,-7.192758043884684,1955307.0,,,,,,,,,,,,,,,,,,,,,,,,,,,,,,,,,,,,,,,,,,,,,,,,,,,
2016-06-03,93278.0,1850.0,26983.0,194.0,24249.0,27177.0,0.2599648362958039,-9.400132095263992,78298.0,2471.0,24197.0,337.0,52888.0,24534.0,0.6754706378196123,-7.251836057806205,1433949.0,9514.0,236010.0,51744.0,984430.0,287754.0,0.6865167450167335,-4.852243682468571,8667.0,1341.0,4585.0,30.0,3995.0,4615.0,0.46094380985346717,-1.6566435946896663,170067.0,1307.0,43284.0,3004.0,103843.0,46288.0,0.6106005280271893,-8.574976615166275,64358.0,1462.0,30432.0,156.0,33398.0,30588.0,0.518940924205227,-2.523324851569131,1848617.0,,,,,,,,,,,,,,,,,,,,,,,,,,,,,,,,,,,,,,,,,,,,,,,,,,,
2016-06-10,93278.0,1850.0,26983.0,194.0,24249.0,27177.0,0.2599648362958039,-9.400132095263992,78298.0,2471.0,24197.0,337.0,52888.0,24534.0,0.6754706378196123,-7.251836057806205,1433949.0,9514.0,236010.0,51744.0,984430.0,287754.0,0.6865167450167335,-4.852243682468571,8667.0,1341.0,4585.0,30.0,3995.0,4615.0,0.46094380985346717,-1.6566435946896663,170067.0,1307.0,43284.0,3004.0,103843.0,46288.0,0.6106005280271893,-8.574976615166275,64358.0,1462.0,30432.0,156.0,33398.0,30588.0,0.518940924205227,-2.523324851569131,1848617.0,,,,,,,,,,,,,,,,,,,,,,,,,,,,,,,,,,,,,,,,,,,,,,,,,,,
2016-06-17,93278.0,1850.0,26983.0,194.0,24249.0,27177.0,0.2599648362958039,-9.400132095263992,78298.0,2471.0,24197.0,337.0,52888.0,24534.0,0.6754706378196123,-7.251836057806205,1433949.0,9514.0,236010.0,51744.0,984430.0,287754.0,0.6865167450167335,-4.852243682468571,8667.0,1341.0,4585.0,30.0,3995.0,4615.0,0.46094380985346717,-1.6566435946896663,170067.0,1307.0,43284.0,3004.0,103843.0,46288.0,0.6106005280271893,-8.574976615166275,64358.0,1462.0,30432.0,156.0,33398.0,30588.0,0.518940924205227,-2.523324851569131,1848617.0,,,,,,,,,,,,,,,,,,,,,,,,,,,,,,,,,,,,,,,,,,,,,,,,,,,
2016-06-24,93278.0,1850.0,26983.0,194.0,24249.0,27177.0,0.2599648362958039,-9.400132095263992,78298.0,2471.0,24197.0,337.0,52888.0,24534.0,0.6754706378196123,-7.251836057806205,1433949.0,9514.0,236010.0,51744.0,984430.0,287754.0,0.6865167450167335,-4.852243682468571,8667.0,1341.0,4585.0,30.0,3995.0,4615.0,0.46094380985346717,-1.6566435946896663,170067.0,1307.0,43284.0,3004.0,103843.0,46288.0,0.6106005280271893,-8.574976615166275,64358.0,1462.0,30432.0,156.0,33398.0,30588.0,0.518940924205227,-2.523324851569131,1848617.0,,,,,,,,,,,,,,,,,,,,,,,,,,,,,,,,,,,,,,,,,,,,,,,,,,,
2016-07-01,93688.0,1866.0,26860.0,197.0,25345.0,27057.0,0.270525574246435,0.4395463024507329,100851.0,2431.0,31774.0,319.0,66345.0,32093.0,0.657851682184609,28.804056297734306,1513223.0,9750.0,246621.0,53959.0,1048223.0,300580.0,0.6927088737086339,5.528369558471047,9350.0,1400.0,4958.0,16.0,4299.0,4974.0,0.4597860962566845,7.880466135917841,194928.0,1393.0,49989.0,2684.0,117135.0,52673.0,0.6009141836985964,14.618356294872026,68018.0,1519.0,35253.0,151.0,32130.0,35404.0,0.4723749595695257,5.6869386867211436,1980058.0,,,,,,,,,,,,,,,,,,,,,,,,,,,,,,,,,,,,,,,,,,,,,,,,,,,
2016-07-08,93688.0,1866.0,26860.0,197.0,25345.0,27057.0,0.270525574246435,0.4395463024507329,100851.0,2431.0,31774.0,319.0,66345.0,32093.0,0.657851682184609,28.804056297734306,1513223.0,9750.0,246621.0,53959.0,1048223.0,300580.0,0.6927088737086339,5.528369558471047,9350.0,1400.0,4958.0,16.0,4299.0,4974.0,0.4597860962566845,7.880466135917841,194928.0,1393.0,49989.0,2684.0,117135.0,52673.0,0.6009141836985964,14.618356294872026,68018.0,1519.0,35253.0,151.0,32130.0,35404.0,0.4723749595695257,5.6869386867211436,1980058.0,,,,,,,,,,,,,,,,,,,,,,,,,,,,,,,,,,,,,,,,,,,,,,,,,,,
2016-07-15,93688.0,1866.0,26860.0,197.0,25345.0,27057.0,0.270525574246435,0.4395463024507329,100851.0,2431.0,31774.0,319.0,66345.0,32093.0,0.657851682184609,28.804056297734306,1513223.0,9750.0,246621.0,53959.0,1048223.0,300580.0,0.6927088737086339,5.528369558471047,9350.0,1400.0,4958.0,16.0,4299.0,4974.0,0.4597860962566845,7.880466135917841,194928.0,1393.0,49989.0,2684.0,117135.0,52673.0,0.6009141836985964,14.618356294872026,68018.0,1519.0,35253.0,151.0,32130.0,35404.0,0.4723749595695257,5.6869386867211436,1980058.0,,,,,,,,,,,,,,,,,,,,,,,,,,,,,,,,,,,,,,,,,,,,,,,,,,,
2016-07-22,93688.0,1866.0,26860.0,197.0,25345.0,27057.0,0.270525574246435,0.4395463024507329,100851.0,2431.0,31774.0,319.0,66345.0,32093.0,0.657851682184609,28.804056297734306,1513223.0,9750.0,246621.0,53959.0,1048223.0,300580.0,0.6927088737086339,5.528369558471047,9350.0,1400.0,4958.0,16.0,4299.0,4974.0,0.4597860962566845,7.880466135917841,194928.0,1393.0,49989.0,2684.0,117135.0,52673.0,0.6009141836985964,14.618356294872026,68018.0,1519.0,35253.0,151.0,32130.0,35404.0,0.4723749595695257,5.6869386867211436,1980058.0,,,,,,,,,,,,,,,,,,,,,,,,,,,,,,,,,,,,,,,,,,,,,,,,,,,
2016-07-29,93688.0,1866.0,26860.0,197.0,25345.0,27057.0,0.270525574246435,0.4395463024507329,100851.0,2431.0,31774.0,319.0,66345.0,32093.0,0.657851682184609,28.804056297734306,1513223.0,9750.0,246621.0,53959.0,1048223.0,300580.0,0.6927088737086339,5.528369558471047,9350.0,1400.0,4958.0,16.0,4299.0,4974.0,0.4597860962566845,7.880466135917841,194928.0,1393.0,49989.0,2684.0,117135.0,52673.0,0.6009141836985964,14.618356294872026,68018.0,1519.0,35253.0,151.0,32130.0,35404.0,0.4723749595695257,5.6869386867211436,1980058.0,,,,,,,,,,,,,,,,,,,,,,,,,,,,,,,,,,,,,,,,,,,,,,,,,,,
2016-08-05,99177.0,1866.0,28061.0,193.0,25450.0,28254.0,0.25661191606924993,5.858807958329781,117869.0,2529.0,35528.0,471.0,78490.0,35999.0,0.6659087631183772,16.874398865653294,1527027.0,9396.0,249933.0,54564.0,1048683.0,304497.0,0.6867481714468703,0.9122250983496727,10588.0,1450.0,5640.0,21.0,4894.0,5661.0,0.46222138269739327,13.240641711229939,208918.0,1369.0,59625.0,3705.0,119010.0,63330.0,0.56964933610316,7.177008946893215,70204.0,1583.0,35102.0,167.0,34747.0,35269.0,0.49494330807361403,3.21385515598811,2033783.0,,,,,,,,,,,,,,,,,,,,,,,,,,,,,,,,,,,,,,,,,,,,,,,,,,,
2016-08-12,99177.0,1866.0,28061.0,193.0,25450.0,28254.0,0.25661191606924993,5.858807958329781,117869.0,2529.0,35528.0,471.0,78490.0,35999.0,0.6659087631183772,16.874398865653294,1527027.0,9396.0,249933.0,54564.0,1048683.0,304497.0,0.6867481714468703,0.9122250983496727,10588.0,1450.0,5640.0,21.0,4894.0,5661.0,0.46222138269739327,13.240641711229939,208918.0,1369.0,59625.0,3705.0,119010.0,63330.0,0.56964933610316,7.177008946893215,70204.0,1583.0,35102.0,167.0,34747.0,35269.0,0.49494330807361403,3.21385515598811,2033783.0,,,,,,,,,,,,,,,,,,,,,,,,,,,,,,,,,,,,,,,,,,,,,,,,,,,
2016-08-19,99177.0,1866.0,28061.0,193.0,25450.0,28254.0,0.25661191606924993,5.858807958329781,117869.0,2529.0,35528.0,471.0,78490.0,35999.0,0.6659087631183772,16.874398865653294,1527027.0,9396.0,249933.0,54564.0,1048683.0,304497.0,0.6867481714468703,0.9122250983496727,10588.0,1450.0,5640.0,21.0,4894.0,5661.0,0.46222138269739327,13.240641711229939,208918.0,1369.0,59625.0,3705.0,119010.0,63330.0,0.56964933610316,7.177008946893215,70204.0,1583.0,35102.0,167.0,34747.0,35269.0,0.49494330807361403,3.21385515598811,2033783.0,,,,,,,,,,,,,,,,,,,,,,,,,,,,,,,,,,,,,,,,,,,,,,,,,,,
2016-08-26,99177.0,1866.0,28061.0,193.0,25450.0,28254.0,0.25661191606924993,5.858807958329781,117869.0,2529.0,35528.0,471.0,78490.0,35999.0,0.6659087631183772,16.874398865653294,1527027.0,9396.0,249933.0,54564.0,1048683.0,304497.0,0.6867481714468703,0.9122250983496727,10588.0,1450.0,5640.0,21.0,4894.0,5661.0,0.46222138269739327,13.240641711229939,208918.0,1369.0,59625.0,3705.0,119010.0,63330.0,0.56964933610316,7.177008946893215,70204.0,1583.0,35102.0,167.0,34747.0,35269.0,0.49494330807361403,3.21385515598811,2033783.0,,,,,,,,,,,,,,,,,,,,,,,,,,,,,,,,,,,,,,,,,,,,,,,,,,,
2016-09-02,94894.0,1752.0,26398.0,55.0,26239.0,26453.0,0.27650852530191583,-4.31854159734616,89327.0,2482.0,26906.0,330.0,59894.0,27236.0,0.6705027595239961,-24.21501836784905,1500185.0,9234.0,238942.0,52224.0,1030732.0,291166.0,0.6870699280422081,-1.757794721376893,10983.0,1399.0,5253.0,19.0,5611.0,5272.0,0.510880451607029,3.730638458632418,210820.0,1410.0,55600.0,3172.0,122755.0,58772.0,0.5822739778009677,0.9104050392977125,55713.0,1524.0,27755.0,180.0,27302.0,27935.0,0.49004720621757936,-20.641274001481403,1961922.0,,,,,,,,,,,,,,,,,,,,,,,,,,,,,,,,,,,,,,,,,,,,,,,,,,,
2016-09-09,94894.0,1752.0,26398.0,55.0,26239.0,26453.0,0.27650852530191583,-4.31854159734616,89327.0,2482.0,26906.0,330.0,59894.0,27236.0,0.6705027595239961,-24.21501836784905,1500185.0,9234.0,238942.0,52224.0,1030732.0,291166.0,0.6870699280422081,-1.757794721376893,10983.0,1399.0,5253.0,19.0,5611.0,5272.0,0.510880451607029,3.730638458632418,210820.0,1410.0,55600.0,3172.0,122755.0,58772.0,0.5822739778009677,0.9104050392977125,55713.0,1524.0,27755.0,180.0,27302.0,27935.0,0.49004720621757936,-20.641274001481403,1961922.0,,,,,,,,,,,,,,,,,,,,,,,,,,,,,,,,,,,,,,,,,,,,,,,,,,,
2016-09-16,94894.0,1752.0,26398.0,55.0,26239.0,26453.0,0.27650852530191583,-4.31854159734616,89327.0,2482.0,26906.0,330.0,59894.0,27236.0,0.6705027595239961,-24.21501836784905,1500185.0,9234.0,238942.0,52224.0,1030732.0,291166.0,0.6870699280422081,-1.757794721376893,10983.0,1399.0,5253.0,19.0,5611.0,5272.0,0.510880451607029,3.730638458632418,210820.0,1410.0,55600.0,3172.0,122755.0,58772.0,0.5822739778009677,0.9104050392977125,55713.0,1524.0,27755.0,180.0,27302.0,27935.0,0.49004720621757936,-20.641274001481403,1961922.0,,,,,,,,,,,,,,,,,,,,,,,,,,,,,,,,,,,,,,,,,,,,,,,,,,,
2016-09-23,94894.0,1752.0,26398.0,55.0,26239.0,26453.0,0.27650852530191583,-4.31854159734616,89327.0,2482.0,26906.0,330.0,59894.0,27236.0,0.6705027595239961,-24.21501836784905,1500185.0,9234.0,238942.0,52224.0,1030732.0,291166.0,0.6870699280422081,-1.757794721376893,10983.0,1399.0,5253.0,19.0,5611.0,5272.0,0.510880451607029,3.730638458632418,210820.0,1410.0,55600.0,3172.0,122755.0,58772.0,0.5822739778009677,0.9104050392977125,55713.0,1524.0,27755.0,180.0,27302.0,27935.0,0.49004720621757936,-20.641274001481403,1961922.0,,,,,,,,,,,,,,,,,,,,,,,,,,,,,,,,,,,,,,,,,,,,,,,,,,,
2016-09-30,94894.0,1752.0,26398.0,55.0,26239.0,26453.0,0.27650852530191583,-4.31854159734616,89327.0,2482.0,26906.0,330.0,59894.0,27236.0,0.6705027595239961,-24.21501836784905,1500185.0,9234.0,238942.0,52224.0,1030732.0,291166.0,0.6870699280422081,-1.757794721376893,10983.0,1399.0,5253.0,19.0,5611.0,5272.0,0.510880451607029,3.730638458632418,210820.0,1410.0,55600.0,3172.0,122755.0,58772.0,0.5822739778009677,0.9104050392977125,55713.0,1524.0,27755.0,180.0,27302.0,27935.0,0.49004720621757936,-20.641274001481403,1961922.0,,,,,,,,,,,,,,,,,,,,,,,,,,,,,,,,,,,,,,,,,,,,,,,,,,,
2016-10-07,108934.0,1824.0,25859.0,567.0,29227.0,26426.0,0.26830007160298897,14.795455982464635,109795.0,2529.0,31801.0,490.0,73645.0,32291.0,0.6707500341545608,22.91356476765143,1144513.0,9241.0,232416.0,45680.0,737753.0,278096.0,0.6445999302760214,-23.70854261307772,9958.0,1398.0,5129.0,5.0,4694.0,5134.0,0.4713797951395863,-9.332604934899392,203501.0,1424.0,55402.0,2897.0,120673.0,58299.0,0.5929848010574886,-3.47168200360497,65411.0,1546.0,33965.0,220.0,30446.0,34185.0,0.465456880341227,17.407068368244396,1642112.0,,,,,,,,,,,,,,,,,,,,,,,,,,,,,,,,,,,,,,,,,,,,,,,,,,,
2016-10-14,108934.0,1824.0,25859.0,567.0,29227.0,26426.0,0.26830007160298897,14.795455982464635,109795.0,2529.0,31801.0,490.0,73645.0,32291.0,0.6707500341545608,22.91356476765143,1144513.0,9241.0,232416.0,45680.0,737753.0,278096.0,0.6445999302760214,-23.70854261307772,9958.0,1398.0,5129.0,5.0,4694.0,5134.0,0.4713797951395863,-9.332604934899392,203501.0,1424.0,55402.0,2897.0,120673.0,58299.0,0.5929848010574886,-3.47168200360497,65411.0,1546.0,33965.0,220.0,30446.0,34185.0,0.465456880341227,17.407068368244396,1642112.0,,,,,,,,,,,,,,,,,,,,,,,,,,,,,,,,,,,,,,,,,,,,,,,,,,,
2016-10-21,108934.0,1824.0,25859.0,567.0,29227.0,26426.0,0.26830007160298897,14.795455982464635,109795.0,2529.0,31801.0,490.0,73645.0,32291.0,0.6707500341545608,22.91356476765143,1144513.0,9241.0,232416.0,45680.0,737753.0,278096.0,0.6445999302760214,-23.70854261307772,9958.0,1398.0,5129.0,5.0,4694.0,5134.0,0.4713797951395863,-9.332604934899392,203501.0,1424.0,55402.0,2897.0,120673.0,58299.0,0.5929848010574886,-3.47168200360497,65411.0,1546.0,33965.0,220.0,30446.0,34185.0,0.465456880341227,17.407068368244396,1642112.0,,,,,,,,,,,,,,,,,,,,,,,,,,,,,,,,,,,,,,,,,,,,,,,,,,,
2016-10-28,108934.0,1824.0,25859.0,567.0,29227.0,26426.0,0.26830007160298897,14.795455982464635,109795.0,2529.0,31801.0,490.0,73645.0,32291.0,0.6707500341545608,22.91356476765143,1144513.0,9241.0,232416.0,45680.0,737753.0,278096.0,0.6445999302760214,-23.70854261307772,9958.0,1398.0,5129.0,5.0,4694.0,5134.0,0.4713797951395863,-9.332604934899392,203501.0,1424.0,55402.0,2897.0,120673.0,58299.0,0.5929848010574886,-3.47168200360497,65411.0,1546.0,33965.0,220.0,30446.0,34185.0,0.465456880341227,17.407068368244396,1642112.0,,,,,,,,,,,,,,,,,,,,,,,,,,,,,,,,,,,,,,,,,,,,,,,,,,,
2016-11-04,104552.0,1661.0,27186.0,249.0,27568.0,27435.0,0.26367740454510674,-4.022619200616884,85009.0,2455.0,22541.0,274.0,59540.0,22815.0,0.700396428613441,-22.574798488091442,1093392.0,9059.0,223796.0,45389.0,702717.0,269185.0,0.642694477369507,-4.466615931841755,9716.0,1393.0,5189.0,15.0,4295.0,5204.0,0.44205434335117333,-2.430206868849172,198847.0,1440.0,54995.0,1956.0,118299.0,56951.0,0.5949247411326296,-2.2869666488125384,58965.0,1508.0,29744.0,246.0,27727.0,29990.0,0.4702281014160943,-9.854611609668096,1550481.0,,,,,,,,,,,,,,,,,,,,,,,,,,,,,,,,,,,,,,,,,,,,,,,,,,,
2016-11-11,104552.0,1661.0,27186.0,249.0,27568.0,27435.0,0.26367740454510674,-4.022619200616884,85009.0,2455.0,22541.0,274.0,59540.0,22815.0,0.700396428613441,-22.574798488091442,1093392.0,9059.0,223796.0,45389.0,702717.0,269185.0,0.642694477369507,-4.466615931841755,9716.0,1393.0,5189.0,15.0,4295.0,5204.0,0.44205434335117333,-2.430206868849172,198847.0,1440.0,54995.0,1956.0,118299.0,56951.0,0.5949247411326296,-2.2869666488125384,58965.0,1508.0,29744.0,246.0,27727.0,29990.0,0.4702281014160943,-9.854611609668096,1550481.0,,,,,,,,,,,,,,,,,,,,,,,,,,,,,,,,,,,,,,,,,,,,,,,,,,,
2016-11-18,104552.0,1661.0,27186.0,249.0,27568.0,27435.0,0.26367740454510674,-4.022619200616884,85009.0,2455.0,22541.0,274.0,59540.0,22815.0,0.700396428613441,-22.574798488091442,1093392.0,9059.0,223796.0,45389.0,702717.0,269185.0,0.642694477369507,-4.466615931841755,9716.0,1393.0,5189.0,15.0,4295.0,5204.0,0.44205434335117333,-2.430206868849172,198847.0,1440.0,54995.0,1956.0,118299.0,56951.0,0.5949247411326296,-2.2869666488125384,58965.0,1508.0,29744.0,246.0,27727.0,29990.0,0.4702281014160943,-9.854611609668096,1550481.0,,,,,,,,,,,,,,,,,,,,,,,,,,,,,,,,,,,,,,,,,,,,,,,,,,,
2016-11-25,104552.0,1661.0,27186.0,249.0,27568.0,27435.0,0.26367740454510674,-4.022619200616884,85009.0,2455.0,22541.0,274.0,59540.0,22815.0,0.700396428613441,-22.574798488091442,1093392.0,9059.0,223796.0,45389.0,702717.0,269185.0,0.642694477369507,-4.466615931841755,9716.0,1393.0,5189.0,15.0,4295.0,5204.0,0.44205434335117333,-2.430206868849172,198847.0,1440.0,54995.0,1956.0,118299.0,56951.0,0.5949247411326296,-2.2869666488125384,58965.0,1508.0,29744.0,246.0,27727.0,29990.0,0.4702281014160943,-9.854611609668096,1550481.0,,,,,,,,,,,,,,,,,,,,,,,,,,,,,,,,,,,,,,,,,,,,,,,,,,,
2016-12-02,100563.0,1787.0,27676.0,241.0,24714.0,27917.0,0.24575639151576623,-3.8153263447853747,91117.0,2523.0,26096.0,783.0,59339.0,26879.0,0.6512396150004939,7.1851215753626185,1216010.0,9199.0,232405.0,51022.0,809010.0,283427.0,0.6652988051085106,11.214459224139194,10212.0,1401.0,5221.0,23.0,4781.0,5244.0,0.468174696435566,5.104981473857562,204811.0,1514.0,52534.0,2917.0,122473.0,55451.0,0.597980577215091,2.99929091210831,56301.0,1541.0,27552.0,314.0,26937.0,27866.0,0.47844620877071453,-4.517934367845333,1679014.0,,,,,,,,,,,,,,,,,,,,,,,,,,,,,,,,,,,,,,,,,,,,,,,,,,,
2016-12-09,100563.0,1787.0,27676.0,241.0,24714.0,27917.0,0.24575639151576623,-3.8153263447853747,91117.0,2523.0,26096.0,783.0,59339.0,26879.0,0.6512396150004939,7.1851215753626185,1216010.0,9199.0,232405.0,51022.0,809010.0,283427.0,0.6652988051085106,11.214459224139194,10212.0,1401.0,5221.0,23.0,4781.0,5244.0,0.468174696435566,5.104981473857562,204811.0,1514.0,52534.0,2917.0,122473.0,55451.0,0.597980577215091,2.99929091210831,56301.0,1541.0,27552.0,314.0,26937.0,27866.0,0.47844620877071453,-4.517934367845333,1679014.0,,,,,,,,,,,,,,,,,,,,,,,,,,,,,,,,,,,,,,,,,,,,,,,,,,,
2016-12-16,100563.0,1787.0,27676.0,241.0,24714.0,27917.0,0.24575639151576623,-3.8153263447853747,91117.0,2523.0,26096.0,783.0,59339.0,26879.0,0.6512396150004939,7.1851215753626185,1216010.0,9199.0,232405.0,51022.0,809010.0,283427.0,0.6652988051085106,11.214459224139194,10212.0,1401.0,5221.0,23.0,4781.0,5244.0,0.468174696435566,5.104981473857562,204811.0,1514.0,52534.0,2917.0,122473.0,55451.0,0.597980577215091,2.99929091210831,56301.0,1541.0,27552.0,314.0,26937.0,27866.0,0.47844620877071453,-4.517934367845333,1679014.0,,,,,,,,,,,,,,,,,,,,,,,,,,,,,,,,,,,,,,,,,,,,,,,,,,,
2016-12-23,100563.0,1787.0,27676.0,241.0,24714.0,27917.0,0.24575639151576623,-3.8153263447853747,91117.0,2523.0,26096.0,783.0,59339.0,26879.0,0.6512396150004939,7.1851215753626185,1216010.0,9199.0,232405.0,51022.0,809010.0,283427.0,0.6652988051085106,11.214459224139194,10212.0,1401.0,5221.0,23.0,4781.0,5244.0,0.468174696435566,5.104981473857562,204811.0,1514.0,52534.0,2917.0,122473.0,55451.0,0.597980577215091,2.99929091210831,56301.0,1541.0,27552.0,314.0,26937.0,27866.0,0.47844620877071453,-4.517934367845333,1679014.0,,,,,,,,,,,,,,,,,,,,,,,,,,,,,,,,,,,,,,,,,,,,,,,,,,,
2016-12-30,100563.0,1787.0,27676.0,241.0,24714.0,27917.0,0.24575639151576623,-3.8153263447853747,91117.0,2523.0,26096.0,783.0,59339.0,26879.0,0.6512396150004939,7.1851215753626185,1216010.0,9199.0,232405.0,51022.0,809010.0,283427.0,0.6652988051085106,11.214459224139194,10212.0,1401.0,5221.0,23.0,4781.0,5244.0,0.468174696435566,5.104981473857562,204811.0,1514.0,52534.0,2917.0,122473.0,55451.0,0.597980577215091,2.99929091210831,56301.0,1541.0,27552.0,314.0,26937.0,27866.0,0.47844620877071453,-4.517934367845333,1679014.0,,,,,,,,,,,,,,,,,,,,,,,,,,,,,,,,,,,,,,,,,,,,,,,,,,,
2017-01-06,100438.0,1843.0,28841.0,189.0,26791.0,29030.0,0.2667416714789223,-0.1243001899306928,52212.0,2376.0,14947.0,279.0,33844.0,15226.0,0.6482034781276335,-42.6978500170111,1244095.0,9448.0,241308.0,51143.0,831707.0,292451.0,0.668523705987083,2.3096027170829148,12446.0,1407.0,6043.0,5.0,6306.0,6048.0,0.5066688092559859,21.876224050137093,229628.0,1613.0,67622.0,2358.0,129008.0,69980.0,0.5618130193182016,12.11702496447944,84260.0,1511.0,41871.0,21.0,40648.0,41892.0,0.48241158319487304,49.659863945578245,1723079.0,,,,,,,,,,,,,,,,,,,,,,,,,,,,,,,,,,,,,,,,,,,,,,,,,,,
2017-01-13,100438.0,1843.0,28841.0,189.0,26791.0,29030.0,0.2667416714789223,-0.1243001899306928,52212.0,2376.0,14947.0,279.0,33844.0,15226.0,0.6482034781276335,-42.6978500170111,1244095.0,9448.0,241308.0,51143.0,831707.0,292451.0,0.668523705987083,2.3096027170829148,12446.0,1407.0,6043.0,5.0,6306.0,6048.0,0.5066688092559859,21.876224050137093,229628.0,1613.0,67622.0,2358.0,129008.0,69980.0,0.5618130193182016,12.11702496447944,84260.0,1511.0,41871.0,21.0,40648.0,41892.0,0.48241158319487304,49.659863945578245,1723079.0,,,,,,,,,,,,,,,,,,,,,,,,,,,,,,,,,,,,,,,,,,,,,,,,,,,
2017-01-20,100438.0,1843.0,28841.0,189.0,26791.0,29030.0,0.2667416714789223,-0.1243001899306928,52212.0,2376.0,14947.0,279.0,33844.0,15226.0,0.6482034781276335,-42.6978500170111,1244095.0,9448.0,241308.0,51143.0,831707.0,292451.0,0.668523705987083,2.3096027170829148,12446.0,1407.0,6043.0,5.0,6306.0,6048.0,0.5066688092559859,21.876224050137093,229628.0,1613.0,67622.0,2358.0,129008.0,69980.0,0.5618130193182016,12.11702496447944,84260.0,1511.0,41871.0,21.0,40648.0,41892.0,0.48241158319487304,49.659863945578245,1723079.0,,,,,,,,,,,,,,,,,,,,,,,,,,,,,,,,,,,,,,,,,,,,,,,,,,,
2017-01-27,100438.0,1843.0,28841.0,189.0,26791.0,29030.0,0.2667416714789223,-0.1243001899306928,52212.0,2376.0,14947.0,279.0,33844.0,15226.0,0.6482034781276335,-42.6978500170111,1244095.0,9448.0,241308.0,51143.0,831707.0,292451.0,0.668523705987083,2.3096027170829148,12446.0,1407.0,6043.0,5.0,6306.0,6048.0,0.5066688092559859,21.876224050137093,229628.0,1613.0,67622.0,2358.0,129008.0,69980.0,0.5618130193182016,12.11702496447944,84260.0,1511.0,41871.0,21.0,40648.0,41892.0,0.48241158319487304,49.659863945578245,1723079.0,,,,,,,,,,,,,,,,,,,,,,,,,,,,,,,,,,,,,,,,,,,,,,,,,,,
2017-02-03,90879.0,1656.0,26254.0,46.0,25605.0,26300.0,0.28174825867362097,-9.517314163961842,56913.0,2299.0,13185.0,773.0,41045.0,13958.0,0.7211884806634689,9.003677315559644,1320157.0,9188.0,210795.0,49074.0,902062.0,259869.0,0.6832990318575746,6.1138417886093865,12478.0,1339.0,5476.0,3.0,6922.0,5479.0,0.5547363359512743,0.2571107183030774,199324.0,1564.0,54196.0,2630.0,111498.0,56826.0,0.5593807067889467,-13.196996881913359,75314.0,1448.0,35844.0,70.0,37889.0,35914.0,0.5030804365722177,-10.617137431758838,1755065.0,,,,,,,,,,,,,,,,,,,,,,,,,,,,,,,,,,,,,,,,,,,,,,,,,,,
2017-02-10,90879.0,1656.0,26254.0,46.0,25605.0,26300.0,0.28174825867362097,-9.517314163961842,56913.0,2299.0,13185.0,773.0,41045.0,13958.0,0.7211884806634689,9.003677315559644,1320157.0,9188.0,210795.0,49074.0,902062.0,259869.0,0.6832990318575746,6.1138417886093865,12478.0,1339.0,5476.0,3.0,6922.0,5479.0,0.5547363359512743,0.2571107183030774,199324.0,1564.0,54196.0,2630.0,111498.0,56826.0,0.5593807067889467,-13.196996881913359,75314.0,1448.0,35844.0,70.0,37889.0,35914.0,0.5030804365722177,-10.617137431758838,1755065.0,,,,,,,,,,,,,,,,,,,,,,,,,,,,,,,,,,,,,,,,,,,,,,,,,,,
2017-02-17,90879.0,1656.0,26254.0,46.0,25605.0,26300.0,0.28174825867362097,-9.517314163961842,56913.0,2299.0,13185.0,773.0,41045.0,13958.0,0.7211884806634689,9.003677315559644,1320157.0,9188.0,210795.0,49074.0,902062.0,259869.0,0.6832990318575746,6.1138417886093865,12478.0,1339.0,5476.0,3.0,6922.0,5479.0,0.5547363359512743,0.2571107183030774,199324.0,1564.0,54196.0,2630.0,111498.0,56826.0,0.5593807067889467,-13.196996881913359,75314.0,1448.0,35844.0,70.0,37889.0,35914.0,0.5030804365722177,-10.617137431758838,1755065.0,,,,,,,,,,,,,,,,,,,,,,,,,,,,,,,,,,,,,,,,,,,,,,,,,,,
2017-02-24,90879.0,1656.0,26254.0,46.0,25605.0,26300.0,0.28174825867362097,-9.517314163961842,56913.0,2299.0,13185.0,773.0,41045.0,13958.0,0.7211884806634689,9.003677315559644,1320157.0,9188.0,210795.0,49074.0,902062.0,259869.0,0.6832990318575746,6.1138417886093865,12478.0,1339.0,5476.0,3.0,6922.0,5479.0,0.5547363359512743,0.2571107183030774,199324.0,1564.0,54196.0,2630.0,111498.0,56826.0,0.5593807067889467,-13.196996881913359,75314.0,1448.0,35844.0,70.0,37889.0,35914.0,0.5030804365722177,-10.617137431758838,1755065.0,,,,,,,,,,,,,,,,,,,,,,,,,,,,,,,,,,,,,,,,,,,,,,,,,,,
2017-03-03,102980.0,1756.0,24917.0,37.0,31770.0,24954.0,0.30850650611769276,13.315507432960306,99951.0,2511.0,25205.0,979.0,70963.0,26184.0,0.7099778891656912,75.62068420220336,1605195.0,9924.0,239973.0,57801.0,1107507.0,297774.0,0.6899516881126592,21.59121983218664,13508.0,1447.0,5923.0,19.0,7330.0,5942.0,0.5426413976902577,8.254527969225833,218985.0,1686.0,53253.0,2400.0,122842.0,55653.0,0.56096079640158,9.863839778451155,89078.0,1646.0,40523.0,194.0,46026.0,40717.0,0.5166932351422349,18.275486629311956,2129697.0,,,,,,,,,,,,,,,,,,,,,,,,,,,,,,,,,,,,,,,,,,,,,,,,,,,
2017-03-10,102980.0,1756.0,24917.0,37.0,31770.0,24954.0,0.30850650611769276,13.315507432960306,99951.0,2511.0,25205.0,979.0,70963.0,26184.0,0.7099778891656912,75.62068420220336,1605195.0,9924.0,239973.0,57801.0,1107507.0,297774.0,0.6899516881126592,21.59121983218664,13508.0,1447.0,5923.0,19.0,7330.0,5942.0,0.5426413976902577,8.254527969225833,218985.0,1686.0,53253.0,2400.0,122842.0,55653.0,0.56096079640158,9.863839778451155,89078.0,1646.0,40523.0,194.0,46026.0,40717.0,0.5166932351422349,18.275486629311956,2129697.0,,,,,,,,,,,,,,,,,,,,,,,,,,,,,,,,,,,,,,,,,,,,,,,,,,,
2017-03-17,102980.0,1756.0,24917.0,37.0,31770.0,24954.0,0.30850650611769276,13.315507432960306,99951.0,2511.0,25205.0,979.0,70963.0,26184.0,0.7099778891656912,75.62068420220336,1605195.0,9924.0,239973.0,57801.0,1107507.0,297774.0,0.6899516881126592,21.59121983218664,13508.0,1447.0,5923.0,19.0,7330.0,5942.0,0.5426413976902577,8.254527969225833,218985.0,1686.0,53253.0,2400.0,122842.0,55653.0,0.56096079640158,9.863839778451155,89078.0,1646.0,40523.0,194.0,46026.0,40717.0,0.5166932351422349,18.275486629311956,2129697.0,,,,,,,,,,,,,,,,,,,,,,,,,,,,,,,,,,,,,,,,,,,,,,,,,,,
2017-03-24,102980.0,1756.0,24917.0,37.0,31770.0,24954.0,0.30850650611769276,13.315507432960306,99951.0,2511.0,25205.0,979.0,70963.0,26184.0,0.7099778891656912,75.62068420220336,1605195.0,9924.0,239973.0,57801.0,1107507.0,297774.0,0.6899516881126592,21.59121983218664,13508.0,1447.0,5923.0,19.0,7330.0,5942.0,0.5426413976902577,8.254527969225833,218985.0,1686.0,53253.0,2400.0,122842.0,55653.0,0.56096079640158,9.863839778451155,89078.0,1646.0,40523.0,194.0,46026.0,40717.0,0.5166932351422349,18.275486629311956,2129697.0,,,,,,,,,,,,,,,,,,,,,,,,,,,,,,,,,,,,,,,,,,,,,,,,,,,
2017-03-31,102980.0,1756.0,24917.0,37.0,31770.0,24954.0,0.30850650611769276,13.315507432960306,99951.0,2511.0,25205.0,979.0,70963.0,26184.0,0.7099778891656912,75.62068420220336,1605195.0,9924.0,239973.0,57801.0,1107507.0,297774.0,0.6899516881126592,21.59121983218664,13508.0,1447.0,5923.0,19.0,7330.0,5942.0,0.5426413976902577,8.254527969225833,218985.0,1686.0,53253.0,2400.0,122842.0,55653.0,0.56096079640158,9.863839778451155,89078.0,1646.0,40523.0,194.0,46026.0,40717.0,0.5166932351422349,18.275486629311956,2129697.0,,,,,,,,,,,,,,,,,,,,,,,,,,,,,,,,,,,,,,,,,,,,,,,,,,,
2017-04-07,96267.0,1861.0,25299.0,132.0,30763.0,25431.0,0.3195591428007521,-6.518741503204506,119441.0,2484.0,29488.0,1010.0,83368.0,30498.0,0.6979847790959554,19.49955478184311,1573464.0,9895.0,242042.0,54680.0,1074950.0,296722.0,0.6831741940076164,-1.976769177576554,13625.0,1437.0,6038.0,60.0,7016.0,6098.0,0.5149357798165137,0.8661533905833574,215082.0,1623.0,48204.0,2948.0,127805.0,51152.0,0.5942152295403613,-1.7823138571135044,102414.0,1627.0,40839.0,823.0,57716.0,41662.0,0.5635557638604097,14.971148880756191,2120293.0,,,,,,,,,,,,,,,,,,,,,,,,,,,,,,,,,,,,,,,,,,,,,,,,,,,
2017-04-14,96267.0,1861.0,25299.0,132.0,30763.0,25431.0,0.3195591428007521,-6.518741503204506,119441.0,2484.0,29488.0,1010.0,83368.0,30498.0,0.6979847790959554,19.49955478184311,1573464.0,9895.0,242042.0,54680.0,1074950.0,296722.0,0.6831741940076164,-1.976769177576554,13625.0,1437.0,6038.0,60.0,7016.0,6098.0,0.5149357798165137,0.8661533905833574,215082.0,1623.0,48204.0,2948.0,127805.0,51152.0,0.5942152295403613,-1.7823138571135044,102414.0,1627.0,40839.0,823.0,57716.0,41662.0,0.5635557638604097,14.971148880756191,2120293.0,,,,,,,,,,,,,,,,,,,,,,,,,,,,,,,,,,,,,,,,,,,,,,,,,,,
2017-04-21,96267.0,1861.0,25299.0,132.0,30763.0,25431.0,0.3195591428007521,-6.518741503204506,119441.0,2484.0,29488.0,1010.0,83368.0,30498.0,0.6979847790959554,19.49955478184311,1573464.0,9895.0,242042.0,54680.0,1074950.0,296722.0,0.6831741940076164,-1.976769177576554,13625.0,1437.0,6038.0,60.0,7016.0,6098.0,0.5149357798165137,0.8661533905833574,215082.0,1623.0,48204.0,2948.0,127805.0,51152.0,0.5942152295403613,-1.7823138571135044,102414.0,1627.0,40839.0,823.0,57716.0,41662.0,0.5635557638604097,14.971148880756191,2120293.0,,,,,,,,,,,,,,,,,,,,,,,,,,,,,,,,,,,,,,,,,,,,,,,,,,,
2017-04-28,96267.0,1861.0,25299.0,132.0,30763.0,25431.0,0.3195591428007521,-6.518741503204506,119441.0,2484.0,29488.0,1010.0,83368.0,30498.0,0.6979847790959554,19.49955478184311,1573464.0,9895.0,242042.0,54680.0,1074950.0,296722.0,0.6831741940076164,-1.976769177576554,13625.0,1437.0,6038.0,60.0,7016.0,6098.0,0.5149357798165137,0.8661533905833574,215082.0,1623.0,48204.0,2948.0,127805.0,51152.0,0.5942152295403613,-1.7823138571135044,102414.0,1627.0,40839.0,823.0,57716.0,41662.0,0.5635557638604097,14.971148880756191,2120293.0,,,,,,,,,,,,,,,,,,,,,,,,,,,,,,,,,,,,,,,,,,,,,,,,,,,
2017-05-05,98959.0,2075.0,28186.0,164.0,25088.0,28350.0,0.2535191341868855,2.79638920917864,150435.0,2580.0,40738.0,1396.0,100529.0,42134.0,0.6682553926945193,25.949213419177664,1593838.0,9962.0,236827.0,56324.0,1095909.0,293151.0,0.6875912106500158,1.2948500887214554,14774.0,1484.0,6478.0,177.0,7926.0,6655.0,0.5364830106944632,8.433027522935777,213706.0,1549.0,43757.0,2426.0,128768.0,46183.0,0.6025474249670107,-0.6397560000371949,86793.0,1632.0,36412.0,792.0,48037.0,37204.0,0.5534662933646722,-15.252797469096024,2158505.0,,,,,,,,,,,,,,,,,,,,,,,,,,,,,,,,,,,,,,,,,,,,,,,,,,,
2017-05-12,98959.0,2075.0,28186.0,164.0,25088.0,28350.0,0.2535191341868855,2.79638920917864,150435.0,2580.0,40738.0,1396.0,100529.0,42134.0,0.6682553926945193,25.949213419177664,1593838.0,9962.0,236827.0,56324.0,1095909.0,293151.0,0.6875912106500158,1.2948500887214554,14774.0,1484.0,6478.0,177.0,7926.0,6655.0,0.5364830106944632,8.433027522935777,213706.0,1549.0,43757.0,2426.0,128768.0,46183.0,0.6025474249670107,-0.6397560000371949,86793.0,1632.0,36412.0,792.0,48037.0,37204.0,0.5534662933646722,-15.252797469096024,2158505.0,,,,,,,,,,,,,,,,,,,,,,,,,,,,,,,,,,,,,,,,,,,,,,,,,,,
2017-05-19,98959.0,2075.0,28186.0,164.0,25088.0,28350.0,0.2535191341868855,2.79638920917864,150435.0,2580.0,40738.0,1396.0,100529.0,42134.0,0.6682553926945193,25.949213419177664,1593838.0,9962.0,236827.0,56324.0,1095909.0,293151.0,0.6875912106500158,1.2948500887214554,14774.0,1484.0,6478.0,177.0,7926.0,6655.0,0.5364830106944632,8.433027522935777,213706.0,1549.0,43757.0,2426.0,128768.0,46183.0,0.6025474249670107,-0.6397560000371949,86793.0,1632.0,36412.0,792.0,48037.0,37204.0,0.5534662933646722,-15.252797469096024,2158505.0,,,,,,,,,,,,,,,,,,,,,,,,,,,,,,,,,,,,,,,,,,,,,,,,,,,
2017-05-26,98959.0,2075.0,28186.0,164.0,25088.0,28350.0,0.2535191341868855,2.79638920917864,150435.0,2580.0,40738.0,1396.0,100529.0,42134.0,0.6682553926945193,25.949213419177664,1593838.0,9962.0,236827.0,56324.0,1095909.0,293151.0,0.6875912106500158,1.2948500887214554,14774.0,1484.0,6478.0,177.0,7926.0,6655.0,0.5364830106944632,8.433027522935777,213706.0,1549.0,43757.0,2426.0,128768.0,46183.0,0.6025474249670107,-0.6397560000371949,86793.0,1632.0,36412.0,792.0,48037.0,37204.0,0.5534662933646722,-15.252797469096024,2158505.0,,,,,,,,,,,,,,,,,,,,,,,,,,,,,,,,,,,,,,,,,,,,,,,,,,,
2017-06-02,88800.0,1893.0,30665.0,249.0,24780.0,30914.0,0.27905405405405403,-10.265867682575614,150409.0,2486.0,37647.0,1455.0,103097.0,39102.0,0.6854443550585404,-0.01728321201848182,1547140.0,9994.0,230448.0,54969.0,1061381.0,285417.0,0.686027767364298,-2.929908811309556,13124.0,1400.0,5915.0,0.0,7162.0,5915.0,0.5457177689728742,-11.168268579937724,195617.0,1388.0,40790.0,2359.0,119264.0,43149.0,0.6096811626801352,-8.464432444573388,98604.0,1546.0,40050.0,719.0,57037.0,40769.0,0.5784450935053345,13.608240295876396,2093694.0,,,,,,,,,,,,,,,,,,,,,,,,,,,,,,,,,,,,,,,,,,,,,,,,,,,
2017-06-09,88800.0,1893.0,30665.0,249.0,24780.0,30914.0,0.27905405405405403,-10.265867682575614,150409.0,2486.0,37647.0,1455.0,103097.0,39102.0,0.6854443550585404,-0.01728321201848182,1547140.0,9994.0,230448.0,54969.0,1061381.0,285417.0,0.686027767364298,-2.929908811309556,13124.0,1400.0,5915.0,0.0,7162.0,5915.0,0.5457177689728742,-11.168268579937724,195617.0,1388.0,40790.0,2359.0,119264.0,43149.0,0.6096811626801352,-8.464432444573388,98604.0,1546.0,40050.0,719.0,57037.0,40769.0,0.5784450935053345,13.608240295876396,2093694.0,,,,,,,,,,,,,,,,,,,,,,,,,,,,,,,,,,,,,,,,,,,,,,,,,,,
2017-06-16,88800.0,1893.0,30665.0,249.0,24780.0,30914.0,0.27905405405405403,-10.265867682575614,150409.0,2486.0,37647.0,1455.0,103097.0,39102.0,0.6854443550585404,-0.01728321201848182,1547140.0,9994.0,230448.0,54969.0,1061381.0,285417.0,0.686027767364298,-2.929908811309556,13124.0,1400.0,5915.0,0.0,7162.0,5915.0,0.5457177689728742,-11.168268579937724,195617.0,1388.0,40790.0,2359.0,119264.0,43149.0,0.6096811626801352,-8.464432444573388,98604.0,1546.0,40050.0,719.0,57037.0,40769.0,0.5784450935053345,13.608240295876396,2093694.0,,,,,,,,,,,,,,,,,,,,,,,,,,,,,,,,,,,,,,,,,,,,,,,,,,,
2017-06-23,88800.0,1893.0,30665.0,249.0,24780.0,30914.0,0.27905405405405403,-10.265867682575614,150409.0,2486.0,37647.0,1455.0,103097.0,39102.0,0.6854443550585404,-0.01728321201848182,1547140.0,9994.0,230448.0,54969.0,1061381.0,285417.0,0.686027767364298,-2.929908811309556,13124.0,1400.0,5915.0,0.0,7162.0,5915.0,0.5457177689728742,-11.168268579937724,195617.0,1388.0,40790.0,2359.0,119264.0,43149.0,0.6096811626801352,-8.464432444573388,98604.0,1546.0,40050.0,719.0,57037.0,40769.0,0.5784450935053345,13.608240295876396,2093694.0,,,,,,,,,,,,,,,,,,,,,,,,,,,,,,,,,,,,,,,,,,,,,,,,,,,
2017-06-30,88800.0,1893.0,30665.0,249.0,24780.0,30914.0,0.27905405405405403,-10.265867682575614,150409.0,2486.0,37647.0,1455.0,103097.0,39102.0,0.6854443550585404,-0.01728321201848182,1547140.0,9994.0,230448.0,54969.0,1061381.0,285417.0,0.686027767364298,-2.929908811309556,13124.0,1400.0,5915.0,0.0,7162.0,5915.0,0.5457177689728742,-11.168268579937724,195617.0,1388.0,40790.0,2359.0,119264.0,43149.0,0.6096811626801352,-8.464432444573388,98604.0,1546.0,40050.0,719.0,57037.0,40769.0,0.5784450935053345,13.608240295876396,2093694.0,,,,,,,,,,,,,,,,,,,,,,,,,,,,,,,,,,,,,,,,,,,,,,,,,,,
2017-07-07,88822.0,2001.0,30642.0,425.0,21632.0,31067.0,0.2435432663078967,0.02477477477478285,135121.0,2486.0,34209.0,1012.0,94916.0,35221.0,0.7024518764662784,-10.164285381858795,1506463.0,9665.0,220141.0,57632.0,1029151.0,277773.0,0.6831571701395919,-2.629173830422582,14412.0,1467.0,6689.0,6.0,7610.0,6695.0,0.5280321953927283,9.81408107284365,212185.0,1472.0,49897.0,2422.0,131956.0,52319.0,0.6218912741239956,8.469611536829614,97015.0,1587.0,38294.0,847.0,57382.0,39141.0,0.5914755450188115,-1.6114964910145635,2054018.0,,,,,,,,,,,,,,,,,,,,,,,,,,,,,,,,,,,,,,,,,,,,,,,,,,,
2017-07-14,88822.0,2001.0,30642.0,425.0,21632.0,31067.0,0.2435432663078967,0.02477477477478285,135121.0,2486.0,34209.0,1012.0,94916.0,35221.0,0.7024518764662784,-10.164285381858795,1506463.0,9665.0,220141.0,57632.0,1029151.0,277773.0,0.6831571701395919,-2.629173830422582,14412.0,1467.0,6689.0,6.0,7610.0,6695.0,0.5280321953927283,9.81408107284365,212185.0,1472.0,49897.0,2422.0,131956.0,52319.0,0.6218912741239956,8.469611536829614,97015.0,1587.0,38294.0,847.0,57382.0,39141.0,0.5914755450188115,-1.6114964910145635,2054018.0,,,,,,,,,,,,,,,,,,,,,,,,,,,,,,,,,,,,,,,,,,,,,,,,,,,
2017-07-21,88822.0,2001.0,30642.0,425.0,21632.0,31067.0,0.2435432663078967,0.02477477477478285,135121.0,2486.0,34209.0,1012.0,94916.0,35221.0,0.7024518764662784,-10.164285381858795,1506463.0,9665.0,220141.0,57632.0,1029151.0,277773.0,0.6831571701395919,-2.629173830422582,14412.0,1467.0,6689.0,6.0,7610.0,6695.0,0.5280321953927283,9.81408107284365,212185.0,1472.0,49897.0,2422.0,131956.0,52319.0,0.6218912741239956,8.469611536829614,97015.0,1587.0,38294.0,847.0,57382.0,39141.0,0.5914755450188115,-1.6114964910145635,2054018.0,,,,,,,,,,,,,,,,,,,,,,,,,,,,,,,,,,,,,,,,,,,,,,,,,,,
2017-07-28,88822.0,2001.0,30642.0,425.0,21632.0,31067.0,0.2435432663078967,0.02477477477478285,135121.0,2486.0,34209.0,1012.0,94916.0,35221.0,0.7024518764662784,-10.164285381858795,1506463.0,9665.0,220141.0,57632.0,1029151.0,277773.0,0.6831571701395919,-2.629173830422582,14412.0,1467.0,6689.0,6.0,7610.0,6695.0,0.5280321953927283,9.81408107284365,212185.0,1472.0,49897.0,2422.0,131956.0,52319.0,0.6218912741239956,8.469611536829614,97015.0,1587.0,38294.0,847.0,57382.0,39141.0,0.5914755450188115,-1.6114964910145635,2054018.0,,,,,,,,,,,,,,,,,,,,,,,,,,,,,,,,,,,,,,,,,,,,,,,,,,,
2017-08-04,93283.0,2016.0,27827.0,255.0,22842.0,28082.0,0.24486776797487217,5.0224043592803636,141577.0,2476.0,34801.0,575.0,98404.0,35376.0,0.6950564004040204,4.777939772500206,1471962.0,9718.0,220569.0,55911.0,999880.0,276480.0,0.6792838402078315,-2.29019896273589,15109.0,1473.0,7343.0,10.0,7685.0,7353.0,0.508637236084453,4.836247571468211,208040.0,1459.0,48639.0,2703.0,131631.0,51342.0,0.6327196692943665,-1.9534839880293142,100912.0,1643.0,41681.0,322.0,58192.0,42003.0,0.5766608530204534,4.016904602381066,2030883.0,,,,,,,,,,,,,,,,,,,,,,,,,,,,,,,,,,,,,,,,,,,,,,,,,,,
2017-08-11,93283.0,2016.0,27827.0,255.0,22842.0,28082.0,0.24486776797487217,5.0224043592803636,141577.0,2476.0,34801.0,575.0,98404.0,35376.0,0.6950564004040204,4.777939772500206,1471962.0,9718.0,220569.0,55911.0,999880.0,276480.0,0.6792838402078315,-2.29019896273589,15109.0,1473.0,7343.0,10.0,7685.0,7353.0,0.508637236084453,4.836247571468211,208040.0,1459.0,48639.0,2703.0,131631.0,51342.0,0.6327196692943665,-1.9534839880293142,100912.0,1643.0,41681.0,322.0,58192.0,42003.0,0.5766608530204534,4.016904602381066,2030883.0,,,,,,,,,,,,,,,,,,,,,,,,,,,,,,,,,,,,,,,,,,,,,,,,,,,
2017-08-18,93283.0,2016.0,27827.0,255.0,22842.0,28082.0,0.24486776797487217,5.0224043592803636,141577.0,2476.0,34801.0,575.0,98404.0,35376.0,0.6950564004040204,4.777939772500206,1471962.0,9718.0,220569.0,55911.0,999880.0,276480.0,0.6792838402078315,-2.29019896273589,15109.0,1473.0,7343.0,10.0,7685.0,7353.0,0.508637236084453,4.836247571468211,208040.0,1459.0,48639.0,2703.0,131631.0,51342.0,0.6327196692943665,-1.9534839880293142,100912.0,1643.0,41681.0,322.0,58192.0,42003.0,0.5766608530204534,4.016904602381066,2030883.0,,,,,,,,,,,,,,,,,,,,,,,,,,,,,,,,,,,,,,,,,,,,,,,,,,,
2017-08-25,93283.0,2016.0,27827.0,255.0,22842.0,28082.0,0.24486776797487217,5.0224043592803636,141577.0,2476.0,34801.0,575.0,98404.0,35376.0,0.6950564004040204,4.777939772500206,1471962.0,9718.0,220569.0,55911.0,999880.0,276480.0,0.6792838402078315,-2.29019896273589,15109.0,1473.0,7343.0,10.0,7685.0,7353.0,0.508637236084453,4.836247571468211,208040.0,1459.0,48639.0,2703.0,131631.0,51342.0,0.6327196692943665,-1.9534839880293142,100912.0,1643.0,41681.0,322.0,58192.0,42003.0,0.5766608530204534,4.016904602381066,2030883.0,,,,,,,,,,,,,,,,,,,,,,,,,,,,,,,,,,,,,,,,,,,,,,,,,,,
2017-09-01,87279.0,1874.0,28547.0,407.0,23231.0,28954.0,0.26616941074026973,-6.436328162687732,154635.0,2511.0,40586.0,1180.0,104909.0,41766.0,0.6784298509393087,9.22324953912006,1444434.0,9781.0,207330.0,52987.0,984331.0,260317.0,0.6814648505919966,-1.8701569741610191,14155.0,1481.0,6704.0,14.0,7378.0,6718.0,0.5212292476156835,-6.3141174134621725,195386.0,1449.0,42507.0,2513.0,120870.0,45020.0,0.6186216003193679,-6.082484137665833,89707.0,1594.0,39585.0,144.0,48523.0,39729.0,0.5409053919983948,-11.103733946408756,1985596.0,,,,,,,,,,,,,,,,,,,,,,,,,,,,,,,,,,,,,,,,,,,,,,,,,,,
2017-09-08,87279.0,1874.0,28547.0,407.0,23231.0,28954.0,0.26616941074026973,-6.436328162687732,154635.0,2511.0,40586.0,1180.0,104909.0,41766.0,0.6784298509393087,9.22324953912006,1444434.0,9781.0,207330.0,52987.0,984331.0,260317.0,0.6814648505919966,-1.8701569741610191,14155.0,1481.0,6704.0,14.0,7378.0,6718.0,0.5212292476156835,-6.3141174134621725,195386.0,1449.0,42507.0,2513.0,120870.0,45020.0,0.6186216003193679,-6.082484137665833,89707.0,1594.0,39585.0,144.0,48523.0,39729.0,0.5409053919983948,-11.103733946408756,1985596.0,,,,,,,,,,,,,,,,,,,,,,,,,,,,,,,,,,,,,,,,,,,,,,,,,,,
2017-09-15,87279.0,1874.0,28547.0,407.0,23231.0,28954.0,0.26616941074026973,-6.436328162687732,154635.0,2511.0,40586.0,1180.0,104909.0,41766.0,0.6784298509393087,9.22324953912006,1444434.0,9781.0,207330.0,52987.0,984331.0,260317.0,0.6814648505919966,-1.8701569741610191,14155.0,1481.0,6704.0,14.0,7378.0,6718.0,0.5212292476156835,-6.3141174134621725,195386.0,1449.0,42507.0,2513.0,120870.0,45020.0,0.6186216003193679,-6.082484137665833,89707.0,1594.0,39585.0,144.0,48523.0,39729.0,0.5409053919983948,-11.103733946408756,1985596.0,,,,,,,,,,,,,,,,,,,,,,,,,,,,,,,,,,,,,,,,,,,,,,,,,,,
2017-09-22,87279.0,1874.0,28547.0,407.0,23231.0,28954.0,0.26616941074026973,-6.436328162687732,154635.0,2511.0,40586.0,1180.0,104909.0,41766.0,0.6784298509393087,9.22324953912006,1444434.0,9781.0,207330.0,52987.0,984331.0,260317.0,0.6814648505919966,-1.8701569741610191,14155.0,1481.0,6704.0,14.0,7378.0,6718.0,0.5212292476156835,-6.3141174134621725,195386.0,1449.0,42507.0,2513.0,120870.0,45020.0,0.6186216003193679,-6.082484137665833,89707.0,1594.0,39585.0,144.0,48523.0,39729.0,0.5409053919983948,-11.103733946408756,1985596.0,,,,,,,,,,,,,,,,,,,,,,,,,,,,,,,,,,,,,,,,,,,,,,,,,,,
2017-09-29,87279.0,1874.0,28547.0,407.0,23231.0,28954.0,0.26616941074026973,-6.436328162687732,154635.0,2511.0,40586.0,1180.0,104909.0,41766.0,0.6784298509393087,9.22324953912006,1444434.0,9781.0,207330.0,52987.0,984331.0,260317.0,0.6814648505919966,-1.8701569741610191,14155.0,1481.0,6704.0,14.0,7378.0,6718.0,0.5212292476156835,-6.3141174134621725,195386.0,1449.0,42507.0,2513.0,120870.0,45020.0,0.6186216003193679,-6.082484137665833,89707.0,1594.0,39585.0,144.0,48523.0,39729.0,0.5409053919983948,-11.103733946408756,1985596.0,,,,,,,,,,,,,,,,,,,,,,,,,,,,,,,,,,,,,,,,,,,,,,,,,,,
2017-10-06,94597.0,1898.0,29082.0,168.0,26097.0,29250.0,0.2758755563072825,8.384605689799374,150890.0,2470.0,43546.0,1114.0,96487.0,44660.0,0.6394525813506527,-2.4218320561321782,1544463.0,10221.0,217404.0,53047.0,1055167.0,270451.0,0.6831934465247792,6.925134689435453,13678.0,1542.0,7271.0,21.0,6219.0,7292.0,0.4546717356338646,-3.369833980925463,224229.0,1528.0,51846.0,3196.0,139257.0,55042.0,0.6210481249080182,14.762060741301841,94652.0,1680.0,44719.0,114.0,47910.0,44833.0,0.5061699699953514,5.512390337431872,2122509.0,,,,,,,,,,,,,,,,,,,,,,,,,,,,,,,,,,,,,,,,,,,,,,,,,,,
2017-10-13,94597.0,1898.0,29082.0,168.0,26097.0,29250.0,0.2758755563072825,8.384605689799374,150890.0,2470.0,43546.0,1114.0,96487.0,44660.0,0.6394525813506527,-2.4218320561321782,1544463.0,10221.0,217404.0,53047.0,1055167.0,270451.0,0.6831934465247792,6.925134689435453,13678.0,1542.0,7271.0,21.0,6219.0,7292.0,0.4546717356338646,-3.369833980925463,224229.0,1528.0,51846.0,3196.0,139257.0,55042.0,0.6210481249080182,14.762060741301841,94652.0,1680.0,44719.0,114.0,47910.0,44833.0,0.5061699699953514,5.512390337431872,2122509.0,,,,,,,,,,,,,,,,,,,,,,,,,,,,,,,,,,,,,,,,,,,,,,,,,,,
2017-10-20,94597.0,1898.0,29082.0,168.0,26097.0,29250.0,0.2758755563072825,8.384605689799374,150890.0,2470.0,43546.0,1114.0,96487.0,44660.0,0.6394525813506527,-2.4218320561321782,1544463.0,10221.0,217404.0,53047.0,1055167.0,270451.0,0.6831934465247792,6.925134689435453,13678.0,1542.0,7271.0,21.0,6219.0,7292.0,0.4546717356338646,-3.369833980925463,224229.0,1528.0,51846.0,3196.0,139257.0,55042.0,0.6210481249080182,14.762060741301841,94652.0,1680.0,44719.0,114.0,47910.0,44833.0,0.5061699699953514,5.512390337431872,2122509.0,,,,,,,,,,,,,,,,,,,,,,,,,,,,,,,,,,,,,,,,,,,,,,,,,,,
2017-10-27,94597.0,1898.0,29082.0,168.0,26097.0,29250.0,0.2758755563072825,8.384605689799374,150890.0,2470.0,43546.0,1114.0,96487.0,44660.0,0.6394525813506527,-2.4218320561321782,1544463.0,10221.0,217404.0,53047.0,1055167.0,270451.0,0.6831934465247792,6.925134689435453,13678.0,1542.0,7271.0,21.0,6219.0,7292.0,0.4546717356338646,-3.369833980925463,224229.0,1528.0,51846.0,3196.0,139257.0,55042.0,0.6210481249080182,14.762060741301841,94652.0,1680.0,44719.0,114.0,47910.0,44833.0,0.5061699699953514,5.512390337431872,2122509.0,,,,,,,,,,,,,,,,,,,,,,,,,,,,,,,,,,,,,,,,,,,,,,,,,,,
2017-11-03,98326.0,1805.0,24488.0,254.0,25920.0,24742.0,0.2636128796045807,3.941985475226484,76287.0,2348.0,17062.0,457.0,54752.0,17519.0,0.7177107501933488,-49.44197759957585,1532173.0,9856.0,227213.0,56609.0,1031818.0,283822.0,0.6734343967685111,-0.7957458352838453,11921.0,1523.0,6785.0,31.0,4935.0,6816.0,0.41397533763945976,-12.84544524053224,197754.0,1469.0,41599.0,2629.0,123262.0,44228.0,0.6233097687025294,-11.807125750906444,86039.0,1674.0,35496.0,255.0,48797.0,35751.0,0.5671497809133068,-9.099649241431774,2002500.0,,,,,,,,,,,,,,,,,,,,,,,,,,,,,,,,,,,,,,,,,,,,,,,,,,,
2017-11-10,98326.0,1805.0,24488.0,254.0,25920.0,24742.0,0.2636128796045807,3.941985475226484,76287.0,2348.0,17062.0,457.0,54752.0,17519.0,0.7177107501933488,-49.44197759957585,1532173.0,9856.0,227213.0,56609.0,1031818.0,283822.0,0.6734343967685111,-0.7957458352838453,11921.0,1523.0,6785.0,31.0,4935.0,6816.0,0.41397533763945976,-12.84544524053224,197754.0,1469.0,41599.0,2629.0,123262.0,44228.0,0.6233097687025294,-11.807125750906444,86039.0,1674.0,35496.0,255.0,48797.0,35751.0,0.5671497809133068,-9.099649241431774,2002500.0,,,,,,,,,,,,,,,,,,,,,,,,,,,,,,,,,,,,,,,,,,,,,,,,,,,
2017-11-17,98326.0,1805.0,24488.0,254.0,25920.0,24742.0,0.2636128796045807,3.941985475226484,76287.0,2348.0,17062.0,457.0,54752.0,17519.0,0.7177107501933488,-49.44197759957585,1532173.0,9856.0,227213.0,56609.0,1031818.0,283822.0,0.6734343967685111,-0.7957458352838453,11921.0,1523.0,6785.0,31.0,4935.0,6816.0,0.41397533763945976,-12.84544524053224,197754.0,1469.0,41599.0,2629.0,123262.0,44228.0,0.6233097687025294,-11.807125750906444,86039.0,1674.0,35496.0,255.0,48797.0,35751.0,0.5671497809133068,-9.099649241431774,2002500.0,,,,,,,,,,,,,,,,,,,,,,,,,,,,,,,,,,,,,,,,,,,,,,,,,,,
2017-11-24,98326.0,1805.0,24488.0,254.0,25920.0,24742.0,0.2636128796045807,3.941985475226484,76287.0,2348.0,17062.0,457.0,54752.0,17519.0,0.7177107501933488,-49.44197759957585,1532173.0,9856.0,227213.0,56609.0,1031818.0,283822.0,0.6734343967685111,-0.7957458352838453,11921.0,1523.0,6785.0,31.0,4935.0,6816.0,0.41397533763945976,-12.84544524053224,197754.0,1469.0,41599.0,2629.0,123262.0,44228.0,0.6233097687025294,-11.807125750906444,86039.0,1674.0,35496.0,255.0,48797.0,35751.0,0.5671497809133068,-9.099649241431774,2002500.0,,,,,,,,,,,,,,,,,,,,,,,,,,,,,,,,,,,,,,,,,,,,,,,,,,,
2017-12-01,118583.0,1919.0,32570.0,124.0,28401.0,32694.0,0.23950313282679642,20.601875394097192,65518.0,2422.0,16712.0,710.0,44323.0,17422.0,0.676501114197625,-14.116428749328191,1633525.0,10043.0,239280.0,58703.0,1107613.0,297983.0,0.678050840972743,6.6149188113874935,12008.0,1496.0,6692.0,7.0,5121.0,6699.0,0.42646568954030645,0.7298045465984337,211600.0,1526.0,43520.0,2501.0,129617.0,46021.0,0.6125567107750473,7.001628285647832,85598.0,1643.0,38334.0,234.0,45757.0,38568.0,0.5345568821701442,-0.5125582584641797,2126832.0,,,,,,,,,,,,,,,,,,,,,,,,,,,,,,,,,,,,,,,,,,,,,,,,,,,
2017-12-08,118583.0,1919.0,32570.0,124.0,28401.0,32694.0,0.23950313282679642,20.601875394097192,65518.0,2422.0,16712.0,710.0,44323.0,17422.0,0.676501114197625,-14.116428749328191,1633525.0,10043.0,239280.0,58703.0,1107613.0,297983.0,0.678050840972743,6.6149188113874935,12008.0,1496.0,6692.0,7.0,5121.0,6699.0,0.42646568954030645,0.7298045465984337,211600.0,1526.0,43520.0,2501.0,129617.0,46021.0,0.6125567107750473,7.001628285647832,85598.0,1643.0,38334.0,234.0,45757.0,38568.0,0.5345568821701442,-0.5125582584641797,2126832.0,,,,,,,,,,,,,,,,,,,,,,,,,,,,,,,,,,,,,,,,,,,,,,,,,,,
2017-12-15,118583.0,1919.0,32570.0,124.0,28401.0,32694.0,0.23950313282679642,20.601875394097192,65518.0,2422.0,16712.0,710.0,44323.0,17422.0,0.676501114197625,-14.116428749328191,1633525.0,10043.0,239280.0,58703.0,1107613.0,297983.0,0.678050840972743,6.6149188113874935,12008.0,1496.0,6692.0,7.0,5121.0,6699.0,0.42646568954030645,0.7298045465984337,211600.0,1526.0,43520.0,2501.0,129617.0,46021.0,0.6125567107750473,7.001628285647832,85598.0,1643.0,38334.0,234.0,45757.0,38568.0,0.5345568821701442,-0.5125582584641797,2126832.0,,,,,,,,,,,,,,,,,,,,,,,,,,,,,,,,,,,,,,,,,,,,,,,,,,,
2017-12-22,118583.0,1919.0,32570.0,124.0,28401.0,32694.0,0.23950313282679642,20.601875394097192,65518.0,2422.0,16712.0,710.0,44323.0,17422.0,0.676501114197625,-14.116428749328191,1633525.0,10043.0,239280.0,58703.0,1107613.0,297983.0,0.678050840972743,6.6149188113874935,12008.0,1496.0,6692.0,7.0,5121.0,6699.0,0.42646568954030645,0.7298045465984337,211600.0,1526.0,43520.0,2501.0,129617.0,46021.0,0.6125567107750473,7.001628285647832,85598.0,1643.0,38334.0,234.0,45757.0,38568.0,0.5345568821701442,-0.5125582584641797,2126832.0,,,,,,,,,,,,,,,,,,,,,,,,,,,,,,,,,,,,,,,,,,,,,,,,,,,
2017-12-29,118583.0,1919.0,32570.0,124.0,28401.0,32694.0,0.23950313282679642,20.601875394097192,65518.0,2422.0,16712.0,710.0,44323.0,17422.0,0.676501114197625,-14.116428749328191,1633525.0,10043.0,239280.0,58703.0,1107613.0,297983.0,0.678050840972743,6.6149188113874935,12008.0,1496.0,6692.0,7.0,5121.0,6699.0,0.42646568954030645,0.7298045465984337,211600.0,1526.0,43520.0,2501.0,129617.0,46021.0,0.6125567107750473,7.001628285647832,85598.0,1643.0,38334.0,234.0,45757.0,38568.0,0.5345568821701442,-0.5125582584641797,2126832.0,,,,,,,,,,,,,,,,,,,,,,,,,,,,,,,,,,,,,,,,,,,,,,,,,,,
2018-01-05,102192.0,1790.0,29400.0,88.0,23816.0,29488.0,0.233051510881478,-13.822386008112463,77480.0,2428.0,18987.0,334.0,52496.0,19321.0,0.6775425916365514,18.25757807014867,1700464.0,10061.0,250012.0,59482.0,1155887.0,309494.0,0.6797479981934342,4.097825255199639,11564.0,1488.0,6764.0,57.0,4663.0,6821.0,0.40323417502594255,-3.697534976682215,220438.0,1607.0,40403.0,2762.0,136594.0,43165.0,0.6196481550367904,4.176748582230627,81329.0,1576.0,35207.0,203.0,45035.0,35410.0,0.5537385188555128,-4.987266057618167,2193467.0,,,,,,,,,,,,,,,,,,,,,,,,,,,,,,,,,,,,,,,,,,,,,,,,,,,
2018-01-12,102192.0,1790.0,29400.0,88.0,23816.0,29488.0,0.233051510881478,-13.822386008112463,77480.0,2428.0,18987.0,334.0,52496.0,19321.0,0.6775425916365514,18.25757807014867,1700464.0,10061.0,250012.0,59482.0,1155887.0,309494.0,0.6797479981934342,4.097825255199639,11564.0,1488.0,6764.0,57.0,4663.0,6821.0,0.40323417502594255,-3.697534976682215,220438.0,1607.0,40403.0,2762.0,136594.0,43165.0,0.6196481550367904,4.176748582230627,81329.0,1576.0,35207.0,203.0,45035.0,35410.0,0.5537385188555128,-4.987266057618167,2193467.0,,,,,,,,,,,,,,,,,,,,,,,,,,,,,,,,,,,,,,,,,,,,,,,,,,,
2018-01-19,102192.0,1790.0,29400.0,88.0,23816.0,29488.0,0.233051510881478,-13.822386008112463,77480.0,2428.0,18987.0,334.0,52496.0,19321.0,0.6775425916365514,18.25757807014867,1700464.0,10061.0,250012.0,59482.0,1155887.0,309494.0,0.6797479981934342,4.097825255199639,11564.0,1488.0,6764.0,57.0,4663.0,6821.0,0.40323417502594255,-3.697534976682215,220438.0,1607.0,40403.0,2762.0,136594.0,43165.0,0.6196481550367904,4.176748582230627,81329.0,1576.0,35207.0,203.0,45035.0,35410.0,0.5537385188555128,-4.987266057618167,2193467.0,,,,,,,,,,,,,,,,,,,,,,,,,,,,,,,,,,,,,,,,,,,,,,,,,,,
2018-01-26,102192.0,1790.0,29400.0,88.0,23816.0,29488.0,0.233051510881478,-13.822386008112463,77480.0,2428.0,18987.0,334.0,52496.0,19321.0,0.6775425916365514,18.25757807014867,1700464.0,10061.0,250012.0,59482.0,1155887.0,309494.0,0.6797479981934342,4.097825255199639,11564.0,1488.0,6764.0,57.0,4663.0,6821.0,0.40323417502594255,-3.697534976682215,220438.0,1607.0,40403.0,2762.0,136594.0,43165.0,0.6196481550367904,4.176748582230627,81329.0,1576.0,35207.0,203.0,45035.0,35410.0,0.5537385188555128,-4.987266057618167,2193467.0,,,,,,,,,,,,,,,,,,,,,,,,,,,,,,,,,,,,,,,,,,,,,,,,,,,
2018-02-02,99555.0,1730.0,27812.0,764.0,24496.0,28576.0,0.24605494450303853,-2.5804368248003806,88056.0,2325.0,22352.0,602.0,59174.0,22954.0,0.6720041791587171,13.649974186886936,1541520.0,9697.0,219718.0,54215.0,1054115.0,273933.0,0.6838153251336343,-9.347095851485243,10687.0,1366.0,6467.0,26.0,4123.0,6493.0,0.38579582670534296,-7.583881010031135,199019.0,1540.0,38867.0,2906.0,123426.0,41773.0,0.6201719433822901,-9.71656429472233,74674.0,1487.0,33640.0,131.0,39958.0,33771.0,0.5350992313254949,-8.18281301872641,2013511.0,,,,,,,,,,,,,,,,,,,,,,,,,,,,,,,,,,,,,,,,,,,,,,,,,,,
2018-02-09,99555.0,1730.0,27812.0,764.0,24496.0,28576.0,0.24605494450303853,-2.5804368248003806,88056.0,2325.0,22352.0,602.0,59174.0,22954.0,0.6720041791587171,13.649974186886936,1541520.0,9697.0,219718.0,54215.0,1054115.0,273933.0,0.6838153251336343,-9.347095851485243,10687.0,1366.0,6467.0,26.0,4123.0,6493.0,0.38579582670534296,-7.583881010031135,199019.0,1540.0,38867.0,2906.0,123426.0,41773.0,0.6201719433822901,-9.71656429472233,74674.0,1487.0,33640.0,131.0,39958.0,33771.0,0.5350992313254949,-8.18281301872641,2013511.0,,,,,,,,,,,,,,,,,,,,,,,,,,,,,,,,,,,,,,,,,,,,,,,,,,,
2018-02-16,99555.0,1730.0,27812.0,764.0,24496.0,28576.0,0.24605494450303853,-2.5804368248003806,88056.0,2325.0,22352.0,602.0,59174.0,22954.0,0.6720041791587171,13.649974186886936,1541520.0,9697.0,219718.0,54215.0,1054115.0,273933.0,0.6838153251336343,-9.347095851485243,10687.0,1366.0,6467.0,26.0,4123.0,6493.0,0.38579582670534296,-7.583881010031135,199019.0,1540.0,38867.0,2906.0,123426.0,41773.0,0.6201719433822901,-9.71656429472233,74674.0,1487.0,33640.0,131.0,39958.0,33771.0,0.5350992313254949,-8.18281301872641,2013511.0,,,,,,,,,,,,,,,,,,,,,,,,,,,,,,,,,,,,,,,,,,,,,,,,,,,
2018-02-23,99555.0,1730.0,27812.0,764.0,24496.0,28576.0,0.24605494450303853,-2.5804368248003806,88056.0,2325.0,22352.0,602.0,59174.0,22954.0,0.6720041791587171,13.649974186886936,1541520.0,9697.0,219718.0,54215.0,1054115.0,273933.0,0.6838153251336343,-9.347095851485243,10687.0,1366.0,6467.0,26.0,4123.0,6493.0,0.38579582670534296,-7.583881010031135,199019.0,1540.0,38867.0,2906.0,123426.0,41773.0,0.6201719433822901,-9.71656429472233,74674.0,1487.0,33640.0,131.0,39958.0,33771.0,0.5350992313254949,-8.18281301872641,2013511.0,,,,,,,,,,,,,,,,,,,,,,,,,,,,,,,,,,,,,,,,,,,,,,,,,,,
2018-03-02,118913.0,1808.0,28111.0,761.0,31863.0,28872.0,0.2679522003481537,19.44452815026869,123669.0,2581.0,31889.0,563.0,82891.0,32452.0,0.6702649815232596,40.44358135731807,1726042.0,10138.0,236032.0,62461.0,1190364.0,298493.0,0.6896494986796382,11.9701333748508,12361.0,1493.0,7179.0,31.0,4913.0,7210.0,0.397459752447213,15.663890708337224,222515.0,1689.0,42372.0,3260.0,134338.0,45632.0,0.6037255915331551,11.805907978635211,92576.0,1597.0,41138.0,165.0,49214.0,41303.0,0.531606463878327,23.97353831320139,2296076.0,,,,,,,,,,,,,,,,,,,,,,,,,,,,,,,,,,,,,,,,,,,,,,,,,,,
2018-03-09,118913.0,1808.0,28111.0,761.0,31863.0,28872.0,0.2679522003481537,19.44452815026869,123669.0,2581.0,31889.0,563.0,82891.0,32452.0,0.6702649815232596,40.44358135731807,1726042.0,10138.0,236032.0,62461.0,1190364.0,298493.0,0.6896494986796382,11.9701333748508,12361.0,1493.0,7179.0,31.0,4913.0,7210.0,0.397459752447213,15.663890708337224,222515.0,1689.0,42372.0,3260.0,134338.0,45632.0,0.6037255915331551,11.805907978635211,92576.0,1597.0,41138.0,165.0,49214.0,41303.0,0.531606463878327,23.97353831320139,2296076.0,,,,,,,,,,,,,,,,,,,,,,,,,,,,,,,,,,,,,,,,,,,,,,,,,,,
2018-03-16,118913.0,1808.0,28111.0,761.0,31863.0,28872.0,0.2679522003481537,19.44452815026869,123669.0,2581.0,31889.0,563.0,82891.0,32452.0,0.6702649815232596,40.44358135731807,1726042.0,10138.0,236032.0,62461.0,1190364.0,298493.0,0.6896494986796382,11.9701333748508,12361.0,1493.0,7179.0,31.0,4913.0,7210.0,0.397459752447213,15.663890708337224,222515.0,1689.0,42372.0,3260.0,134338.0,45632.0,0.6037255915331551,11.805907978635211,92576.0,1597.0,41138.0,165.0,49214.0,41303.0,0.531606463878327,23.97353831320139,2296076.0,,,,,,,,,,,,,,,,,,,,,,,,,,,,,,,,,,,,,,,,,,,,,,,,,,,
2018-03-23,118913.0,1808.0,28111.0,761.0,31863.0,28872.0,0.2679522003481537,19.44452815026869,123669.0,2581.0,31889.0,563.0,82891.0,32452.0,0.6702649815232596,40.44358135731807,1726042.0,10138.0,236032.0,62461.0,1190364.0,298493.0,0.6896494986796382,11.9701333748508,12361.0,1493.0,7179.0,31.0,4913.0,7210.0,0.397459752447213,15.663890708337224,222515.0,1689.0,42372.0,3260.0,134338.0,45632.0,0.6037255915331551,11.805907978635211,92576.0,1597.0,41138.0,165.0,49214.0,41303.0,0.531606463878327,23.97353831320139,2296076.0,,,,,,,,,,,,,,,,,,,,,,,,,,,,,,,,,,,,,,,,,,,,,,,,,,,
2018-03-30,118913.0,1808.0,28111.0,761.0,31863.0,28872.0,0.2679522003481537,19.44452815026869,123669.0,2581.0,31889.0,563.0,82891.0,32452.0,0.6702649815232596,40.44358135731807,1726042.0,10138.0,236032.0,62461.0,1190364.0,298493.0,0.6896494986796382,11.9701333748508,12361.0,1493.0,7179.0,31.0,4913.0,7210.0,0.397459752447213,15.663890708337224,222515.0,1689.0,42372.0,3260.0,134338.0,45632.0,0.6037255915331551,11.805907978635211,92576.0,1597.0,41138.0,165.0,49214.0,41303.0,0.531606463878327,23.97353831320139,2296076.0,,,,,,,,,,,,,,,,,,,,,,,,,,,,,,,,,,,,,,,,,,,,,,,,,,,
2018-04-06,108099.0,1749.0,24481.0,875.0,29525.0,25356.0,0.27312926114025105,-9.094043544440055,120633.0,2516.0,31092.0,488.0,82444.0,31580.0,0.6834282493181799,-2.4549402032845724,1680358.0,10116.0,233060.0,61260.0,1154587.0,294320.0,0.6871077472776634,-2.6467490362343415,12107.0,1494.0,7291.0,45.0,4510.0,7336.0,0.37251177005038405,-2.0548499312353363,215742.0,1613.0,42995.0,2487.0,130515.0,45482.0,0.604958700670245,-3.043839741141041,90005.0,1654.0,38715.0,180.0,48814.0,38895.0,0.5423476473529248,-2.7771776702385065,2226944.0,,,,,,,,,,,,,,,,,,,,,,,,,,,,,,,,,,,,,,,,,,,,,,,,,,,
2018-04-13,108099.0,1749.0,24481.0,875.0,29525.0,25356.0,0.27312926114025105,-9.094043544440055,120633.0,2516.0,31092.0,488.0,82444.0,31580.0,0.6834282493181799,-2.4549402032845724,1680358.0,10116.0,233060.0,61260.0,1154587.0,294320.0,0.6871077472776634,-2.6467490362343415,12107.0,1494.0,7291.0,45.0,4510.0,7336.0,0.37251177005038405,-2.0548499312353363,215742.0,1613.0,42995.0,2487.0,130515.0,45482.0,0.604958700670245,-3.043839741141041,90005.0,1654.0,38715.0,180.0,48814.0,38895.0,0.5423476473529248,-2.7771776702385065,2226944.0,,,,,,,,,,,,,,,,,,,,,,,,,,,,,,,,,,,,,,,,,,,,,,,,,,,
2018-04-20,108099.0,1749.0,24481.0,875.0,29525.0,25356.0,0.27312926114025105,-9.094043544440055,120633.0,2516.0,31092.0,488.0,82444.0,31580.0,0.6834282493181799,-2.4549402032845724,1680358.0,10116.0,233060.0,61260.0,1154587.0,294320.0,0.6871077472776634,-2.6467490362343415,12107.0,1494.0,7291.0,45.0,4510.0,7336.0,0.37251177005038405,-2.0548499312353363,215742.0,1613.0,42995.0,2487.0,130515.0,45482.0,0.604958700670245,-3.043839741141041,90005.0,1654.0,38715.0,180.0,48814.0,38895.0,0.5423476473529248,-2.7771776702385065,2226944.0,,,,,,,,,,,,,,,,,,,,,,,,,,,,,,,,,,,,,,,,,,,,,,,,,,,
2018-04-27,108099.0,1749.0,24481.0,875.0,29525.0,25356.0,0.27312926114025105,-9.094043544440055,120633.0,2516.0,31092.0,488.0,82444.0,31580.0,0.6834282493181799,-2.4549402032845724,1680358.0,10116.0,233060.0,61260.0,1154587.0,294320.0,0.6871077472776634,-2.6467490362343415,12107.0,1494.0,7291.0,45.0,4510.0,7336.0,0.37251177005038405,-2.0548499312353363,215742.0,1613.0,42995.0,2487.0,130515.0,45482.0,0.604958700670245,-3.043839741141041,90005.0,1654.0,38715.0,180.0,48814.0,38895.0,0.5423476473529248,-2.7771776702385065,2226944.0,,,,,,,,,,,,,,,,,,,,,,,,,,,,,,,,,,,,,,,,,,,,,,,,,,,
2018-05-04,112624.0,1965.0,29446.0,277.0,28510.0,29723.0,0.2531432021593976,4.18597766861859,127612.0,2607.0,33793.0,618.0,86252.0,34411.0,0.6758925492900354,5.785315792527745,1797695.0,10586.0,236373.0,65081.0,1215821.0,301454.0,0.676322179235076,6.982857224472405,11501.0,1478.0,7133.0,11.0,4237.0,7144.0,0.36840274758716635,-5.005368794912036,218025.0,1636.0,46018.0,2902.0,132230.0,48920.0,0.606490081412682,1.058208415607531,102557.0,1708.0,44346.0,213.0,56214.0,44559.0,0.5481244576186901,13.945891894894725,2370014.0,,,,,,,,,,,,,,,,,,,,,,,,,,,,,,,,,,,,,,,,,,,,,,,,,,,
2018-05-11,112624.0,1965.0,29446.0,277.0,28510.0,29723.0,0.2531432021593976,4.18597766861859,127612.0,2607.0,33793.0,618.0,86252.0,34411.0,0.6758925492900354,5.785315792527745,1797695.0,10586.0,236373.0,65081.0,1215821.0,301454.0,0.676322179235076,6.982857224472405,11501.0,1478.0,7133.0,11.0,4237.0,7144.0,0.36840274758716635,-5.005368794912036,218025.0,1636.0,46018.0,2902.0,132230.0,48920.0,0.606490081412682,1.058208415607531,102557.0,1708.0,44346.0,213.0,56214.0,44559.0,0.5481244576186901,13.945891894894725,2370014.0,,,,,,,,,,,,,,,,,,,,,,,,,,,,,,,,,,,,,,,,,,,,,,,,,,,
2018-05-18,112624.0,1965.0,29446.0,277.0,28510.0,29723.0,0.2531432021593976,4.18597766861859,127612.0,2607.0,33793.0,618.0,86252.0,34411.0,0.6758925492900354,5.785315792527745,1797695.0,10586.0,236373.0,65081.0,1215821.0,301454.0,0.676322179235076,6.982857224472405,11501.0,1478.0,7133.0,11.0,4237.0,7144.0,0.36840274758716635,-5.005368794912036,218025.0,1636.0,46018.0,2902.0,132230.0,48920.0,0.606490081412682,1.058208415607531,102557.0,1708.0,44346.0,213.0,56214.0,44559.0,0.5481244576186901,13.945891894894725,2370014.0,,,,,,,,,,,,,,,,,,,,,,,,,,,,,,,,,,,,,,,,,,,,,,,,,,,
2018-05-25,112624.0,1965.0,29446.0,277.0,28510.0,29723.0,0.2531432021593976,4.18597766861859,127612.0,2607.0,33793.0,618.0,86252.0,34411.0,0.6758925492900354,5.785315792527745,1797695.0,10586.0,236373.0,65081.0,1215821.0,301454.0,0.676322179235076,6.982857224472405,11501.0,1478.0,7133.0,11.0,4237.0,7144.0,0.36840274758716635,-5.005368794912036,218025.0,1636.0,46018.0,2902.0,132230.0,48920.0,0.606490081412682,1.058208415607531,102557.0,1708.0,44346.0,213.0,56214.0,44559.0,0.5481244576186901,13.945891894894725,2370014.0,,,,,,,,,,,,,,,,,,,,,,,,,,,,,,,,,,,,,,,,,,,,,,,,,,,
2018-06-01,101311.0,1782.0,26866.0,279.0,28930.0,27145.0,0.2855563561706034,-10.044928256854668,134663.0,2452.0,37411.0,909.0,87655.0,38320.0,0.6509211884482003,5.5253424442842425,1725564.0,10163.0,218074.0,63173.0,1174640.0,281247.0,0.6807281561275038,-4.012415899248756,9442.0,1343.0,5628.0,12.0,3722.0,5640.0,0.39419614488455834,-17.902791061646816,198718.0,1418.0,37378.0,2708.0,131642.0,40086.0,0.6624563451725561,-8.855406490081407,97822.0,1614.0,37711.0,221.0,59323.0,37932.0,0.6064382245302693,-4.616944723422101,2267520.0,,,,,,,,,,,,,,,,,,,,,,,,,,,,,,,,,,,,,,,,,,,,,,,,,,,
2018-06-08,101311.0,1782.0,26866.0,279.0,28930.0,27145.0,0.2855563561706034,-10.044928256854668,134663.0,2452.0,37411.0,909.0,87655.0,38320.0,0.6509211884482003,5.5253424442842425,1725564.0,10163.0,218074.0,63173.0,1174640.0,281247.0,0.6807281561275038,-4.012415899248756,9442.0,1343.0,5628.0,12.0,3722.0,5640.0,0.39419614488455834,-17.902791061646816,198718.0,1418.0,37378.0,2708.0,131642.0,40086.0,0.6624563451725561,-8.855406490081407,97822.0,1614.0,37711.0,221.0,59323.0,37932.0,0.6064382245302693,-4.616944723422101,2267520.0,,,,,,,,,,,,,,,,,,,,,,,,,,,,,,,,,,,,,,,,,,,,,,,,,,,
2018-06-15,101311.0,1782.0,26866.0,279.0,28930.0,27145.0,0.2855563561706034,-10.044928256854668,134663.0,2452.0,37411.0,909.0,87655.0,38320.0,0.6509211884482003,5.5253424442842425,1725564.0,10163.0,218074.0,63173.0,1174640.0,281247.0,0.6807281561275038,-4.012415899248756,9442.0,1343.0,5628.0,12.0,3722.0,5640.0,0.39419614488455834,-17.902791061646816,198718.0,1418.0,37378.0,2708.0,131642.0,40086.0,0.6624563451725561,-8.855406490081407,97822.0,1614.0,37711.0,221.0,59323.0,37932.0,0.6064382245302693,-4.616944723422101,2267520.0,,,,,,,,,,,,,,,,,,,,,,,,,,,,,,,,,,,,,,,,,,,,,,,,,,,
2018-06-22,101311.0,1782.0,26866.0,279.0,28930.0,27145.0,0.2855563561706034,-10.044928256854668,134663.0,2452.0,37411.0,909.0,87655.0,38320.0,0.6509211884482003,5.5253424442842425,1725564.0,10163.0,218074.0,63173.0,1174640.0,281247.0,0.6807281561275038,-4.012415899248756,9442.0,1343.0,5628.0,12.0,3722.0,5640.0,0.39419614488455834,-17.902791061646816,198718.0,1418.0,37378.0,2708.0,131642.0,40086.0,0.6624563451725561,-8.855406490081407,97822.0,1614.0,37711.0,221.0,59323.0,37932.0,0.6064382245302693,-4.616944723422101,2267520.0,,,,,,,,,,,,,,,,,,,,,,,,,,,,,,,,,,,,,,,,,,,,,,,,,,,
2018-06-29,101311.0,1782.0,26866.0,279.0,28930.0,27145.0,0.2855563561706034,-10.044928256854668,134663.0,2452.0,37411.0,909.0,87655.0,38320.0,0.6509211884482003,5.5253424442842425,1725564.0,10163.0,218074.0,63173.0,1174640.0,281247.0,0.6807281561275038,-4.012415899248756,9442.0,1343.0,5628.0,12.0,3722.0,5640.0,0.39419614488455834,-17.902791061646816,198718.0,1418.0,37378.0,2708.0,131642.0,40086.0,0.6624563451725561,-8.855406490081407,97822.0,1614.0,37711.0,221.0,59323.0,37932.0,0.6064382245302693,-4.616944723422101,2267520.0,,,,,,,,,,,,,,,,,,,,,,,,,,,,,,,,,,,,,,,,,,,,,,,,,,,
2018-07-06,108980.0,1924.0,27371.0,143.0,26893.0,27514.0,0.2467700495503762,7.56976044062343,133119.0,2369.0,34426.0,1126.0,87223.0,35552.0,0.6552257754340102,-1.1465658718430416,1791754.0,10040.0,225760.0,67265.0,1217472.0,293025.0,0.679486134815382,3.8358472939862054,9284.0,1321.0,5358.0,0.0,3854.0,5358.0,0.4151227919000431,-1.673374285109086,204013.0,1439.0,46640.0,2588.0,132878.0,49228.0,0.6513212393327876,2.6645799575277573,98446.0,1566.0,38734.0,200.0,58065.0,38934.0,0.5898157365459237,0.6378933164318923,2345596.0,,,,,,,,,,,,,,,,,,,,,,,,,,,,,,,,,,,,,,,,,,,,,,,,,,,
2018-07-13,108980.0,1924.0,27371.0,143.0,26893.0,27514.0,0.2467700495503762,7.56976044062343,133119.0,2369.0,34426.0,1126.0,87223.0,35552.0,0.6552257754340102,-1.1465658718430416,1791754.0,10040.0,225760.0,67265.0,1217472.0,293025.0,0.679486134815382,3.8358472939862054,9284.0,1321.0,5358.0,0.0,3854.0,5358.0,0.4151227919000431,-1.673374285109086,204013.0,1439.0,46640.0,2588.0,132878.0,49228.0,0.6513212393327876,2.6645799575277573,98446.0,1566.0,38734.0,200.0,58065.0,38934.0,0.5898157365459237,0.6378933164318923,2345596.0,,,,,,,,,,,,,,,,,,,,,,,,,,,,,,,,,,,,,,,,,,,,,,,,,,,
2018-07-20,108980.0,1924.0,27371.0,143.0,26893.0,27514.0,0.2467700495503762,7.56976044062343,133119.0,2369.0,34426.0,1126.0,87223.0,35552.0,0.6552257754340102,-1.1465658718430416,1791754.0,10040.0,225760.0,67265.0,1217472.0,293025.0,0.679486134815382,3.8358472939862054,9284.0,1321.0,5358.0,0.0,3854.0,5358.0,0.4151227919000431,-1.673374285109086,204013.0,1439.0,46640.0,2588.0,132878.0,49228.0,0.6513212393327876,2.6645799575277573,98446.0,1566.0,38734.0,200.0,58065.0,38934.0,0.5898157365459237,0.6378933164318923,2345596.0,,,,,,,,,,,,,,,,,,,,,,,,,,,,,,,,,,,,,,,,,,,,,,,,,,,
2018-07-27,108980.0,1924.0,27371.0,143.0,26893.0,27514.0,0.2467700495503762,7.56976044062343,133119.0,2369.0,34426.0,1126.0,87223.0,35552.0,0.6552257754340102,-1.1465658718430416,1791754.0,10040.0,225760.0,67265.0,1217472.0,293025.0,0.679486134815382,3.8358472939862054,9284.0,1321.0,5358.0,0.0,3854.0,5358.0,0.4151227919000431,-1.673374285109086,204013.0,1439.0,46640.0,2588.0,132878.0,49228.0,0.6513212393327876,2.6645799575277573,98446.0,1566.0,38734.0,200.0,58065.0,38934.0,0.5898157365459237,0.6378933164318923,2345596.0,,,,,,,,,,,,,,,,,,,,,,,,,,,,,,,,,,,,,,,,,,,,,,,,,,,
2018-08-03,106227.0,1889.0,28722.0,188.0,26557.0,28910.0,0.2500023534506293,-2.526151587447234,127439.0,2462.0,33679.0,1492.0,86637.0,35171.0,0.679831134895911,-4.266858975803601,1786199.0,10233.0,225280.0,65661.0,1217577.0,290941.0,0.6816580907278529,-0.3100313993996906,9860.0,1334.0,6188.0,25.0,3603.0,6213.0,0.3654158215010142,6.204222317966401,206504.0,1436.0,45732.0,2942.0,134762.0,48674.0,0.6525878433347538,1.2210006225093606,100216.0,1607.0,39626.0,272.0,59272.0,39898.0,0.5914424842340544,1.7979399874042512,2336445.0,,,,,,,,,,,,,,,,,,,,,,,,,,,,,,,,,,,,,,,,,,,,,,,,,,,
2018-08-10,106227.0,1889.0,28722.0,188.0,26557.0,28910.0,0.2500023534506293,-2.526151587447234,127439.0,2462.0,33679.0,1492.0,86637.0,35171.0,0.679831134895911,-4.266858975803601,1786199.0,10233.0,225280.0,65661.0,1217577.0,290941.0,0.6816580907278529,-0.3100313993996906,9860.0,1334.0,6188.0,25.0,3603.0,6213.0,0.3654158215010142,6.204222317966401,206504.0,1436.0,45732.0,2942.0,134762.0,48674.0,0.6525878433347538,1.2210006225093606,100216.0,1607.0,39626.0,272.0,59272.0,39898.0,0.5914424842340544,1.7979399874042512,2336445.0,,,,,,,,,,,,,,,,,,,,,,,,,,,,,,,,,,,,,,,,,,,,,,,,,,,
2018-08-17,106227.0,1889.0,28722.0,188.0,26557.0,28910.0,0.2500023534506293,-2.526151587447234,127439.0,2462.0,33679.0,1492.0,86637.0,35171.0,0.679831134895911,-4.266858975803601,1786199.0,10233.0,225280.0,65661.0,1217577.0,290941.0,0.6816580907278529,-0.3100313993996906,9860.0,1334.0,6188.0,25.0,3603.0,6213.0,0.3654158215010142,6.204222317966401,206504.0,1436.0,45732.0,2942.0,134762.0,48674.0,0.6525878433347538,1.2210006225093606,100216.0,1607.0,39626.0,272.0,59272.0,39898.0,0.5914424842340544,1.7979399874042512,2336445.0,,,,,,,,,,,,,,,,,,,,,,,,,,,,,,,,,,,,,,,,,,,,,,,,,,,
2018-08-24,106227.0,1889.0,28722.0,188.0,26557.0,28910.0,0.2500023534506293,-2.526151587447234,127439.0,2462.0,33679.0,1492.0,86637.0,35171.0,0.679831134895911,-4.266858975803601,1786199.0,10233.0,225280.0,65661.0,1217577.0,290941.0,0.6816580907278529,-0.3100313993996906,9860.0,1334.0,6188.0,25.0,3603.0,6213.0,0.3654158215010142,6.204222317966401,206504.0,1436.0,45732.0,2942.0,134762.0,48674.0,0.6525878433347538,1.2210006225093606,100216.0,1607.0,39626.0,272.0,59272.0,39898.0,0.5914424842340544,1.7979399874042512,2336445.0,,,,,,,,,,,,,,,,,,,,,,,,,,,,,,,,,,,,,,,,,,,,,,,,,,,
2018-08-31,106227.0,1889.0,28722.0,188.0,26557.0,28910.0,0.2500023534506293,-2.526151587447234,127439.0,2462.0,33679.0,1492.0,86637.0,35171.0,0.679831134895911,-4.266858975803601,1786199.0,10233.0,225280.0,65661.0,1217577.0,290941.0,0.6816580907278529,-0.3100313993996906,9860.0,1334.0,6188.0,25.0,3603.0,6213.0,0.3654158215010142,6.204222317966401,206504.0,1436.0,45732.0,2942.0,134762.0,48674.0,0.6525878433347538,1.2210006225093606,100216.0,1607.0,39626.0,272.0,59272.0,39898.0,0.5914424842340544,1.7979399874042512,2336445.0,,,,,,,,,,,,,,,,,,,,,,,,,,,,,,,,,,,,,,,,,,,,,,,,,,,
2018-09-07,106653.0,1791.0,25400.0,127.0,26666.0,25527.0,0.25002578455364594,0.4010279872348921,122188.0,2408.0,33416.0,1501.0,83238.0,34917.0,0.6812289259174387,-4.120402702469416,1778189.0,10708.0,234383.0,63439.0,1213599.0,297822.0,0.6824915686690223,-0.4484382759143868,10630.0,1368.0,6330.0,0.0,4112.0,6330.0,0.38682972718720604,7.809330628803246,201135.0,1435.0,46572.0,2359.0,128271.0,48931.0,0.6377358490566037,-2.5999496377794085,93586.0,1588.0,39596.0,216.0,52033.0,39812.0,0.5559912807471203,-6.615710066256886,2312381.0,,,,,,,,,,,,,,,,,,,,,,,,,,,,,,,,,,,,,,,,,,,,,,,,,,,
2018-09-14,106653.0,1791.0,25400.0,127.0,26666.0,25527.0,0.25002578455364594,0.4010279872348921,122188.0,2408.0,33416.0,1501.0,83238.0,34917.0,0.6812289259174387,-4.120402702469416,1778189.0,10708.0,234383.0,63439.0,1213599.0,297822.0,0.6824915686690223,-0.4484382759143868,10630.0,1368.0,6330.0,0.0,4112.0,6330.0,0.38682972718720604,7.809330628803246,201135.0,1435.0,46572.0,2359.0,128271.0,48931.0,0.6377358490566037,-2.5999496377794085,93586.0,1588.0,39596.0,216.0,52033.0,39812.0,0.5559912807471203,-6.615710066256886,2312381.0,,,,,,,,,,,,,,,,,,,,,,,,,,,,,,,,,,,,,,,,,,,,,,,,,,,
2018-09-21,106653.0,1791.0,25400.0,127.0,26666.0,25527.0,0.25002578455364594,0.4010279872348921,122188.0,2408.0,33416.0,1501.0,83238.0,34917.0,0.6812289259174387,-4.120402702469416,1778189.0,10708.0,234383.0,63439.0,1213599.0,297822.0,0.6824915686690223,-0.4484382759143868,10630.0,1368.0,6330.0,0.0,4112.0,6330.0,0.38682972718720604,7.809330628803246,201135.0,1435.0,46572.0,2359.0,128271.0,48931.0,0.6377358490566037,-2.5999496377794085,93586.0,1588.0,39596.0,216.0,52033.0,39812.0,0.5559912807471203,-6.615710066256886,2312381.0,,,,,,,,,,,,,,,,,,,,,,,,,,,,,,,,,,,,,,,,,,,,,,,,,,,
2018-09-28,106653.0,1791.0,25400.0,127.0,26666.0,25527.0,0.25002578455364594,0.4010279872348921,122188.0,2408.0,33416.0,1501.0,83238.0,34917.0,0.6812289259174387,-4.120402702469416,1778189.0,10708.0,234383.0,63439.0,1213599.0,297822.0,0.6824915686690223,-0.4484382759143868,10630.0,1368.0,6330.0,0.0,4112.0,6330.0,0.38682972718720604,7.809330628803246,201135.0,1435.0,46572.0,2359.0,128271.0,48931.0,0.6377358490566037,-2.5999496377794085,93586.0,1588.0,39596.0,216.0,52033.0,39812.0,0.5559912807471203,-6.615710066256886,2312381.0,,,,,,,,,,,,,,,,,,,,,,,,,,,,,,,,,,,,,,,,,,,,,,,,,,,
2018-10-05,109237.0,1836.0,25234.0,153.0,27109.0,25387.0,0.24816682992026512,2.4228104225853864,98349.0,2440.0,26796.0,963.0,65201.0,27759.0,0.6629553935474687,-19.510099191409957,1685456.0,10140.0,236283.0,63502.0,1135123.0,299785.0,0.6734812418716359,-5.215024949541358,13055.0,1550.0,7701.0,9.0,5130.0,7710.0,0.39295289161240904,22.812793979303848,203346.0,1461.0,44251.0,1261.0,131638.0,45512.0,0.6473596726761284,1.0992616899097696,95228.0,1704.0,41590.0,358.0,51248.0,41948.0,0.5381610450707776,1.754535934862056,2204671.0,,,,,,,,,,,,,,,,,,,,,,,,,,,,,,,,,,,,,,,,,,,,,,,,,,,
2018-10-12,109237.0,1836.0,25234.0,153.0,27109.0,25387.0,0.24816682992026512,2.4228104225853864,98349.0,2440.0,26796.0,963.0,65201.0,27759.0,0.6629553935474687,-19.510099191409957,1685456.0,10140.0,236283.0,63502.0,1135123.0,299785.0,0.6734812418716359,-5.215024949541358,13055.0,1550.0,7701.0,9.0,5130.0,7710.0,0.39295289161240904,22.812793979303848,203346.0,1461.0,44251.0,1261.0,131638.0,45512.0,0.6473596726761284,1.0992616899097696,95228.0,1704.0,41590.0,358.0,51248.0,41948.0,0.5381610450707776,1.754535934862056,2204671.0,,,,,,,,,,,,,,,,,,,,,,,,,,,,,,,,,,,,,,,,,,,,,,,,,,,
2018-10-19,109237.0,1836.0,25234.0,153.0,27109.0,25387.0,0.24816682992026512,2.4228104225853864,98349.0,2440.0,26796.0,963.0,65201.0,27759.0,0.6629553935474687,-19.510099191409957,1685456.0,10140.0,236283.0,63502.0,1135123.0,299785.0,0.6734812418716359,-5.215024949541358,13055.0,1550.0,7701.0,9.0,5130.0,7710.0,0.39295289161240904,22.812793979303848,203346.0,1461.0,44251.0,1261.0,131638.0,45512.0,0.6473596726761284,1.0992616899097696,95228.0,1704.0,41590.0,358.0,51248.0,41948.0,0.5381610450707776,1.754535934862056,2204671.0,,,,,,,,,,,,,,,,,,,,,,,,,,,,,,,,,,,,,,,,,,,,,,,,,,,
2018-10-26,109237.0,1836.0,25234.0,153.0,27109.0,25387.0,0.24816682992026512,2.4228104225853864,98349.0,2440.0,26796.0,963.0,65201.0,27759.0,0.6629553935474687,-19.510099191409957,1685456.0,10140.0,236283.0,63502.0,1135123.0,299785.0,0.6734812418716359,-5.215024949541358,13055.0,1550.0,7701.0,9.0,5130.0,7710.0,0.39295289161240904,22.812793979303848,203346.0,1461.0,44251.0,1261.0,131638.0,45512.0,0.6473596726761284,1.0992616899097696,95228.0,1704.0,41590.0,358.0,51248.0,41948.0,0.5381610450707776,1.754535934862056,2204671.0,,,,,,,,,,,,,,,,,,,,,,,,,,,,,,,,,,,,,,,,,,,,,,,,,,,
2018-11-02,103175.0,1834.0,25513.0,400.0,24270.0,25913.0,0.23523140295614248,-5.549401759477101,69217.0,2293.0,19799.0,536.0,45408.0,20335.0,0.6560238091798257,-29.621043426979433,1528529.0,9983.0,228912.0,59232.0,1021069.0,288144.0,0.66800760731396,-9.310655395335154,12989.0,1486.0,7590.0,0.0,5002.0,7590.0,0.38509508045269075,-0.5055534278054385,187337.0,1411.0,39635.0,1836.0,121596.0,41471.0,0.6490762636318507,-7.87278825253509,95377.0,1640.0,39370.0,344.0,52376.0,39714.0,0.5491470689998637,0.15646658545804826,1996624.0,,,,,,,,,,,,,,,,,,,,,,,,,,,,,,,,,,,,,,,,,,,,,,,,,,,
2018-11-09,103175.0,1834.0,25513.0,400.0,24270.0,25913.0,0.23523140295614248,-5.549401759477101,69217.0,2293.0,19799.0,536.0,45408.0,20335.0,0.6560238091798257,-29.621043426979433,1528529.0,9983.0,228912.0,59232.0,1021069.0,288144.0,0.66800760731396,-9.310655395335154,12989.0,1486.0,7590.0,0.0,5002.0,7590.0,0.38509508045269075,-0.5055534278054385,187337.0,1411.0,39635.0,1836.0,121596.0,41471.0,0.6490762636318507,-7.87278825253509,95377.0,1640.0,39370.0,344.0,52376.0,39714.0,0.5491470689998637,0.15646658545804826,1996624.0,,,,,,,,,,,,,,,,,,,,,,,,,,,,,,,,,,,,,,,,,,,,,,,,,,,
2018-11-16,103175.0,1834.0,25513.0,400.0,24270.0,25913.0,0.23523140295614248,-5.549401759477101,69217.0,2293.0,19799.0,536.0,45408.0,20335.0,0.6560238091798257,-29.621043426979433,1528529.0,9983.0,228912.0,59232.0,1021069.0,288144.0,0.66800760731396,-9.310655395335154,12989.0,1486.0,7590.0,0.0,5002.0,7590.0,0.38509508045269075,-0.5055534278054385,187337.0,1411.0,39635.0,1836.0,121596.0,41471.0,0.6490762636318507,-7.87278825253509,95377.0,1640.0,39370.0,344.0,52376.0,39714.0,0.5491470689998637,0.15646658545804826,1996624.0,,,,,,,,,,,,,,,,,,,,,,,,,,,,,,,,,,,,,,,,,,,,,,,,,,,
2018-11-23,103175.0,1834.0,25513.0,400.0,24270.0,25913.0,0.23523140295614248,-5.549401759477101,69217.0,2293.0,19799.0,536.0,45408.0,20335.0,0.6560238091798257,-29.621043426979433,1528529.0,9983.0,228912.0,59232.0,1021069.0,288144.0,0.66800760731396,-9.310655395335154,12989.0,1486.0,7590.0,0.0,5002.0,7590.0,0.38509508045269075,-0.5055534278054385,187337.0,1411.0,39635.0,1836.0,121596.0,41471.0,0.6490762636318507,-7.87278825253509,95377.0,1640.0,39370.0,344.0,52376.0,39714.0,0.5491470689998637,0.15646658545804826,1996624.0,,,,,,,,,,,,,,,,,,,,,,,,,,,,,,,,,,,,,,,,,,,,,,,,,,,
2018-11-30,103175.0,1834.0,25513.0,400.0,24270.0,25913.0,0.23523140295614248,-5.549401759477101,69217.0,2293.0,19799.0,536.0,45408.0,20335.0,0.6560238091798257,-29.621043426979433,1528529.0,9983.0,228912.0,59232.0,1021069.0,288144.0,0.66800760731396,-9.310655395335154,12989.0,1486.0,7590.0,0.0,5002.0,7590.0,0.38509508045269075,-0.5055534278054385,187337.0,1411.0,39635.0,1836.0,121596.0,41471.0,0.6490762636318507,-7.87278825253509,95377.0,1640.0,39370.0,344.0,52376.0,39714.0,0.5491470689998637,0.15646658545804826,1996624.0,,,,,,,,,,,,,,,,,,,,,,,,,,,,,,,,,,,,,,,,,,,,,,,,,,,
2018-12-07,118029.0,1854.0,24146.0,128.0,27968.0,24274.0,0.23695871353650375,14.396898473467413,57062.0,2347.0,16782.0,424.0,36513.0,17206.0,0.6398829343521082,-17.560714853287486,1549905.0,9753.0,232454.0,60545.0,1055339.0,292999.0,0.6809056038918514,1.3984687238514981,12452.0,1420.0,7537.0,0.0,4692.0,7537.0,0.37680693864439446,-4.134267457079066,204127.0,1503.0,42239.0,2104.0,124406.0,44343.0,0.609453918393941,8.962458030180898,99831.0,1638.0,42282.0,621.0,54165.0,42903.0,0.542566938125432,4.669888966941715,2041406.0,,,,,,,,,,,,,,,,,,,,,,,,,,,,,,,,,,,,,,,,,,,,,,,,,,,
2018-12-14,118029.0,1854.0,24146.0,128.0,27968.0,24274.0,0.23695871353650375,14.396898473467413,57062.0,2347.0,16782.0,424.0,36513.0,17206.0,0.6398829343521082,-17.560714853287486,1549905.0,9753.0,232454.0,60545.0,1055339.0,292999.0,0.6809056038918514,1.3984687238514981,12452.0,1420.0,7537.0,0.0,4692.0,7537.0,0.37680693864439446,-4.134267457079066,204127.0,1503.0,42239.0,2104.0,124406.0,44343.0,0.609453918393941,8.962458030180898,99831.0,1638.0,42282.0,621.0,54165.0,42903.0,0.542566938125432,4.669888966941715,2041406.0,,,,,,,,,,,,,,,,,,,,,,,,,,,,,,,,,,,,,,,,,,,,,,,,,,,
2018-12-21,118029.0,1854.0,24146.0,128.0,27968.0,24274.0,0.23695871353650375,14.396898473467413,57062.0,2347.0,16782.0,424.0,36513.0,17206.0,0.6398829343521082,-17.560714853287486,1549905.0,9753.0,232454.0,60545.0,1055339.0,292999.0,0.6809056038918514,1.3984687238514981,12452.0,1420.0,7537.0,0.0,4692.0,7537.0,0.37680693864439446,-4.134267457079066,204127.0,1503.0,42239.0,2104.0,124406.0,44343.0,0.609453918393941,8.962458030180898,99831.0,1638.0,42282.0,621.0,54165.0,42903.0,0.542566938125432,4.669888966941715,2041406.0,,,,,,,,,,,,,,,,,,,,,,,,,,,,,,,,,,,,,,,,,,,,,,,,,,,
2018-12-28,118029.0,1854.0,24146.0,128.0,27968.0,24274.0,0.23695871353650375,14.396898473467413,57062.0,2347.0,16782.0,424.0,36513.0,17206.0,0.6398829343521082,-17.560714853287486,1549905.0,9753.0,232454.0,60545.0,1055339.0,292999.0,0.6809056038918514,1.3984687238514981,12452.0,1420.0,7537.0,0.0,4692.0,7537.0,0.37680693864439446,-4.134267457079066,204127.0,1503.0,42239.0,2104.0,124406.0,44343.0,0.609453918393941,8.962458030180898,99831.0,1638.0,42282.0,621.0,54165.0,42903.0,0.542566938125432,4.669888966941715,2041406.0,,,,,,,,,,,,,,,,,,,,,,,,,,,,,,,,,,,,,,,,,,,,,,,,,,,
2019-01-04,104048.0,1834.0,24630.0,248.0,26518.0,24878.0,0.2548631400891896,-11.84539392861077,54582.0,2304.0,15626.0,326.0,35891.0,15952.0,0.6575611007291782,-4.34614980196979,1545455.0,9840.0,228698.0,60824.0,1064456.0,289522.0,0.6887654444807516,-0.2871143715259983,12364.0,1461.0,7477.0,0.0,4670.0,7477.0,0.37770947913296665,-0.7067137809187329,209970.0,1647.0,44660.0,1799.0,124877.0,46459.0,0.5947373434300138,2.8624336809927042,102496.0,1634.0,44865.0,354.0,55372.0,45219.0,0.5402357165157665,2.669511474391717,2028915.0,42.0,176.0,2626205.0,8455128.0,0.23863636363636365,0.31060499616327514,,2626205.0,168.0,261.0,7920645.0,10446144.0,0.6436781609195402,0.7582362448765784,,7920645.0,271.0,661.0,14198331.0,30038077.0,0.40998487140695916,0.4726777616290151,,14198331.0,75.0,214.0,4381631.0,10869827.0,0.35046728971962615,0.4031003437313216,,4381631.0,46.0,122.0,1002263.0,3042066.0,0.3770491803278688,0.32946786821850677,,1002263.0,65.0,216.0,3361722.0,10005443.0,0.30092592592592593,0.33598932101257284,,3361722.0,667.0,1650.0,0.40424242424242424
2019-01-11,104048.0,1834.0,24630.0,248.0,26518.0,24878.0,0.2548631400891896,-11.84539392861077,54582.0,2304.0,15626.0,326.0,35891.0,15952.0,0.6575611007291782,-4.34614980196979,1545455.0,9840.0,228698.0,60824.0,1064456.0,289522.0,0.6887654444807516,-0.2871143715259983,12364.0,1461.0,7477.0,0.0,4670.0,7477.0,0.37770947913296665,-0.7067137809187329,209970.0,1647.0,44660.0,1799.0,124877.0,46459.0,0.5947373434300138,2.8624336809927042,102496.0,1634.0,44865.0,354.0,55372.0,45219.0,0.5402357165157665,2.669511474391717,2028915.0,95.0,364.0,6772773.0,18658225.0,0.260989010989011,0.3629912813249921,126.19047619047619,4699489.0,261.0,437.0,9883514.0,14901179.0,0.597254004576659,0.6632706042924523,55.35714285714286,8902079.5,467.0,1176.0,20038968.0,44832425.0,0.397108843537415,0.4469748848071457,72.32472324723247,17118649.5,121.0,380.0,6374180.0,18292852.0,0.31842105263157894,0.3484519527080851,61.33333333333333,5377905.5,80.0,207.0,1971085.0,5641702.0,0.3864734299516908,0.3493777232473463,73.91304347826086,1486674.0,113.0,349.0,5422193.0,16582121.0,0.3237822349570201,0.3269903168599481,73.84615384615385,4391957.5,1137.0,2913.0,0.3903192584963955
2019-01-18,104048.0,1834.0,24630.0,248.0,26518.0,24878.0,0.2548631400891896,-11.84539392861077,54582.0,2304.0,15626.0,326.0,35891.0,15952.0,0.6575611007291782,-4.34614980196979,1545455.0,9840.0,228698.0,60824.0,1064456.0,289522.0,0.6887654444807516,-0.2871143715259983,12364.0,1461.0,7477.0,0.0,4670.0,7477.0,0.37770947913296665,-0.7067137809187329,209970.0,1647.0,44660.0,1799.0,124877.0,46459.0,0.5947373434300138,2.8624336809927042,102496.0,1634.0,44865.0,354.0,55372.0,45219.0,0.5402357165157665,2.669511474391717,2028915.0,84.0,316.0,6401341.0,18267979.0,0.26582278481012656,0.35041320115377844,-11.578947368421055,5266773.0,243.0,408.0,12647587.0,17046465.0,0.5955882352941176,0.741947788001794,-6.896551724137934,10150582.0,502.0,1205.0,21962539.0,48313049.0,0.416597510373444,0.4545881382895126,7.494646680942174,18733279.333333332,116.0,342.0,5063228.0,14429957.0,0.3391812865497076,0.35088309687963726,-4.1322314049586755,5273013.0,80.0,211.0,2213648.0,5583520.0,0.3791469194312796,0.3964610138407313,0.0,1728998.6666666667,98.0,310.0,5157039.0,14141259.0,0.3161290322580645,0.3646803300894213,-13.27433628318584,4646984.666666667,1123.0,2792.0,0.40222063037249284
2019-01-25,104048.0,1834.0,24630.0,248.0,26518.0,24878.0,0.2548631400891896,-11.84539392861077,54582.0,2304.0,15626.0,326.0,35891.0,15952.0,0.6575611007291782,-4.34614980196979,1545455.0,9840.0,228698.0,60824.0,1064456.0,289522.0,0.6887654444807516,-0.2871143715259983,12364.0,1461.0,7477.0,0.0,4670.0,7477.0,0.37770947913296665,-0.7067137809187329,209970.0,1647.0,44660.0,1799.0,124877.0,46459.0,0.5947373434300138,2.8624336809927042,102496.0,1634.0,44865.0,354.0,55372.0,45219.0,0.5402357165157665,2.669511474391717,2028915.0,83.0,299.0,5584508.0,15187582.0,0.27759197324414714,0.3677022451631866,-1.1904761904761862,5346206.75,269.0,420.0,11233121.0,15269826.0,0.6404761904761904,0.7356417158911961,10.699588477366252,10421216.75,456.0,1208.0,17724587.0,43923093.0,0.37748344370860926,0.40353685930086935,-9.16334661354582,18481106.25,109.0,319.0,4301956.0,13337586.0,0.34169278996865204,0.3225438246471288,-6.034482758620685,5030248.75,85.0,221.0,2102999.0,6365446.0,0.38461538461538464,0.33037732155767247,6.25,1822498.75,122.0,372.0,5367003.0,16472555.0,0.3279569892473118,0.32581484778772934,24.489795918367353,4826989.25,1124.0,2839.0,0.39591405424445225
2019-02-01,96501.0,1685.0,26751.0,462.0,26256.0,27213.0,0.2720800820716884,-7.253383053975093,41588.0,2212.0,11143.0,279.0,28100.0,11422.0,0.6756756756756757,-23.806383056685355,1417866.0,9128.0,212777.0,54670.0,979853.0,267447.0,0.6910758844629887,-8.255756395365765,11199.0,1319.0,6774.0,6.0,4298.0,6780.0,0.3837842664523618,-9.42251698479456,204381.0,1616.0,44836.0,2288.0,113172.0,47124.0,0.5537305326816093,-2.6618088298328346,90085.0,1504.0,36876.0,346.0,50828.0,37222.0,0.5642226785813399,-12.108765220106154,1861620.0,76.0,340.0,6048173.0,18432668.0,0.2235294117647059,0.3281224942585631,-8.433734939759042,6201698.75,278.0,450.0,14515404.0,19588896.0,0.6177777777777778,0.7410016368456905,3.3457249070631967,12069906.5,477.0,1196.0,22192435.0,46587823.0,0.3988294314381271,0.4763569871036902,4.6052631578947345,20479632.25,117.0,375.0,5346503.0,17364648.0,0.312,0.3078958467801939,7.339449541284404,5271466.75,88.0,224.0,2216330.0,5717329.0,0.39285714285714285,0.3876512966107076,3.529411764705892,2126015.5,110.0,339.0,4745209.0,14864300.0,0.32448377581120946,0.3192352818498012,-9.836065573770492,5172861.0,1146.0,2924.0,0.39192886456908343
2019-02-08,96501.0,1685.0,26751.0,462.0,26256.0,27213.0,0.2720800820716884,-7.253383053975093,41588.0,2212.0,11143.0,279.0,28100.0,11422.0,0.6756756756756757,-23.806383056685355,1417866.0,9128.0,212777.0,54670.0,979853.0,267447.0,0.6910758844629887,-8.255756395365765,11199.0,1319.0,6774.0,6.0,4298.0,6780.0,0.3837842664523618,-9.42251698479456,204381.0,1616.0,44836.0,2288.0,113172.0,47124.0,0.5537305326816093,-2.6618088298328346,90085.0,1504.0,36876.0,346.0,50828.0,37222.0,0.5642226785813399,-12.108765220106154,1861620.0,77.0,348.0,5656641.0,16865665.0,0.22126436781609196,0.3353938904869746,1.3157894736842035,5922665.75,246.0,413.0,9263260.0,13301189.0,0.5956416464891041,0.6964234550760838,-11.51079136690647,11914843.0,458.0,1171.0,21163473.0,46905032.0,0.39111870196413323,0.4511983490385424,-3.983228511530401,20760758.5,119.0,358.0,6423231.0,17258873.0,0.3324022346368715,0.37216978188552635,1.7094017094017033,5283729.5,86.0,223.0,2272342.0,6356806.0,0.38565022421524664,0.35746599786119004,-2.2727272727272707,2201329.75,115.0,365.0,7052394.0,19366228.0,0.3150684931506849,0.3641594016139849,4.545454545454541,5580411.25,1101.0,2878.0,0.3825573314801946
2019-02-15,96501.0,1685.0,26751.0,462.0,26256.0,27213.0,0.2720800820716884,-7.253383053975093,41588.0,2212.0,11143.0,279.0,28100.0,11422.0,0.6756756756756757,-23.806383056685355,1417866.0,9128.0,212777.0,54670.0,979853.0,267447.0,0.6910758844629887,-8.255756395365765,11199.0,1319.0,6774.0,6.0,4298.0,6780.0,0.3837842664523618,-9.42251698479456,204381.0,1616.0,44836.0,2288.0,113172.0,47124.0,0.5537305326816093,-2.6618088298328346,90085.0,1504.0,36876.0,346.0,50828.0,37222.0,0.5642226785813399,-12.108765220106154,1861620.0,83.0,337.0,7134038.0,17309347.0,0.24629080118694363,0.4121494589021758,7.792207792207795,6105840.0,258.0,420.0,9548166.0,14484630.0,0.6142857142857143,0.6591929514250623,4.878048780487809,11139987.75,524.0,1271.0,22788899.0,48603284.0,0.41227380015735643,0.46887570395448996,14.41048034934498,20967348.5,116.0,376.0,5616443.0,18020353.0,0.30851063829787234,0.311672196432556,-2.5210084033613467,5422033.25,66.0,196.0,1256099.0,5028416.0,0.336734693877551,0.24980013586783592,-23.25581395348837,1961942.5,100.0,351.0,5263931.0,16506836.0,0.2849002849002849,0.3188940024605563,-13.043478260869568,5607134.25,1147.0,2951.0,0.38868180277871905
2019-02-22,96501.0,1685.0,26751.0,462.0,26256.0,27213.0,0.2720800820716884,-7.253383053975093,41588.0,2212.0,11143.0,279.0,28100.0,11422.0,0.6756756756756757,-23.806383056685355,1417866.0,9128.0,212777.0,54670.0,979853.0,267447.0,0.6910758844629887,-8.255756395365765,11199.0,1319.0,6774.0,6.0,4298.0,6780.0,0.3837842664523618,-9.42251698479456,204381.0,1616.0,44836.0,2288.0,113172.0,47124.0,0.5537305326816093,-2.6618088298328346,90085.0,1504.0,36876.0,346.0,50828.0,37222.0,0.5642226785813399,-12.108765220106154,1861620.0,103.0,391.0,6237441.0,18190765.0,0.26342710997442453,0.3428905271438557,24.096385542168687,6269073.25,296.0,501.0,10512293.0,15694994.0,0.590818363273453,0.6697863662770435,14.72868217054264,10959780.75,486.0,1210.0,22311188.0,46321147.0,0.40165289256198344,0.4816631159845848,-7.25190839694656,22113998.75,119.0,378.0,6003174.0,16721682.0,0.3148148148148148,0.35900539192169784,2.586206896551735,5847337.75,86.0,209.0,1929571.0,5710789.0,0.41148325358851673,0.3378816832490222,30.303030303030297,1918585.5,118.0,351.0,5779120.0,16349971.0,0.33618233618233617,0.3534636238804338,17.999999999999993,5710163.5,1208.0,3040.0,0.3973684210526316
2019-03-01,121691.0,1738.0,26954.0,250.0,26612.0,27204.0,0.21868503011726423,26.103356441902157,58904.0,2484.0,16101.0,488.0,39970.0,16589.0,0.6785617275567024,41.63701067615659,1596096.0,9624.0,221693.0,60543.0,1094039.0,282236.0,0.6854468653514576,12.570299308961497,12953.0,1470.0,7299.0,11.0,5314.0,7310.0,0.41025245116961323,15.662112688632913,217309.0,1686.0,39888.0,2600.0,131142.0,42488.0,0.6034816781633526,6.325441210288618,101101.0,1706.0,40182.0,526.0,58426.0,40708.0,0.5778973501745779,12.228450907476262,2108054.0,94.0,341.0,7330379.0,18794631.0,0.2756598240469208,0.3900251619731188,-8.737864077669899,6589624.75,293.0,488.0,12770307.0,18042102.0,0.6004098360655737,0.7078059419018915,-1.0135135135135087,10523506.5,478.0,1167.0,20979650.0,43540116.0,0.40959725792630675,0.48184644248536224,-1.6460905349794275,21810802.5,116.0,350.0,5655770.0,16736973.0,0.3314285714285714,0.3379207219847938,-2.5210084033613467,5924654.5,84.0,218.0,1718178.0,5815190.0,0.3853211009174312,0.29546377676395785,-2.3255813953488413,1794047.5,104.0,346.0,5483485.0,16226804.0,0.30057803468208094,0.3379276042281647,-11.864406779661019,5894732.5,1169.0,2910.0,0.40171821305841926
2019-03-08,121691.0,1738.0,26954.0,250.0,26612.0,27204.0,0.21868503011726423,26.103356441902157,58904.0,2484.0,16101.0,488.0,39970.0,16589.0,0.6785617275567024,41.63701067615659,1596096.0,9624.0,221693.0,60543.0,1094039.0,282236.0,0.6854468653514576,12.570299308961497,12953.0,1470.0,7299.0,11.0,5314.0,7310.0,0.41025245116961323,15.662112688632913,217309.0,1686.0,39888.0,2600.0,131142.0,42488.0,0.6034816781633526,6.325441210288618,101101.0,1706.0,40182.0,526.0,58426.0,40708.0,0.5778973501745779,12.228450907476262,2108054.0,79.0,318.0,5696789.0,17356855.0,0.24842767295597484,0.32821550908848407,-15.957446808510634,6599661.75,310.0,491.0,10333776.0,15328604.0,0.6313645621181263,0.6741498443041519,5.802047781569963,10791135.5,447.0,1186.0,21829446.0,47060309.0,0.3768971332209106,0.46386108514502106,-6.485355648535562,21977295.75,114.0,331.0,5983661.0,15610210.0,0.34441087613293053,0.3833171366688853,-1.7241379310344862,5814762.0,89.0,209.0,2260452.0,5736703.0,0.4258373205741627,0.3940332975229849,5.952380952380953,1791075.0,126.0,355.0,6372098.0,17439289.0,0.35492957746478876,0.36538748798761234,21.153846153846146,5724658.5,1165.0,2890.0,0.4031141868512111
2019-03-15,121691.0,1738.0,26954.0,250.0,26612.0,27204.0,0.21868503011726423,26.103356441902157,58904.0,2484.0,16101.0,488.0,39970.0,16589.0,0.6785617275567024,41.63701067615659,1596096.0,9624.0,221693.0,60543.0,1094039.0,282236.0,0.6854468653514576,12.570299308961497,12953.0,1470.0,7299.0,11.0,5314.0,7310.0,0.41025245116961323,15.662112688632913,217309.0,1686.0,39888.0,2600.0,131142.0,42488.0,0.6034816781633526,6.325441210288618,101101.0,1706.0,40182.0,526.0,58426.0,40708.0,0.5778973501745779,12.228450907476262,2108054.0,80.0,292.0,6226536.0,14799215.0,0.273972602739726,0.4207342078617008,1.2658227848101333,6372786.25,261.0,426.0,12565512.0,17113890.0,0.6126760563380281,0.7342288632216287,-15.806451612903228,11545472.0,451.0,1163.0,19911960.0,43054117.0,0.38779019776440243,0.4624867814615731,0.8948545861297452,21258061.0,153.0,388.0,7192666.0,17470449.0,0.3943298969072165,0.4117047020371371,34.210526315789465,6208817.75,96.0,223.0,1950289.0,5205895.0,0.4304932735426009,0.3746308751905292,7.86516853932584,1964622.5,136.0,369.0,6785537.0,16501210.0,0.3685636856368564,0.4112145109358647,7.9365079365079305,6105060.0,1177.0,2861.0,0.41139461726668997
2019-03-22,121691.0,1738.0,26954.0,250.0,26612.0,27204.0,0.21868503011726423,26.103356441902157,58904.0,2484.0,16101.0,488.0,39970.0,16589.0,0.6785617275567024,41.63701067615659,1596096.0,9624.0,221693.0,60543.0,1094039.0,282236.0,0.6854468653514576,12.570299308961497,12953.0,1470.0,7299.0,11.0,5314.0,7310.0,0.41025245116961323,15.662112688632913,217309.0,1686.0,39888.0,2600.0,131142.0,42488.0,0.6034816781633526,6.325441210288618,101101.0,1706.0,40182.0,526.0,58426.0,40708.0,0.5778973501745779,12.228450907476262,2108054.0,92.0,331.0,7766980.0,19432411.0,0.27794561933534745,0.39969204027230587,14.999999999999991,6755171.0,298.0,476.0,11017538.0,15915164.0,0.6260504201680672,0.6922666960893397,14.176245210727977,11671783.25,451.0,1115.0,21915529.0,46481115.0,0.4044843049327354,0.47149318599607604,0.0,21159146.25,124.0,363.0,5439628.0,16472031.0,0.3415977961432507,0.3302342012348083,-18.954248366013072,6067931.25,84.0,210.0,1652403.0,5152602.0,0.4,0.32069292369175806,-12.5,1895330.5,104.0,323.0,4919858.0,15146901.0,0.3219814241486068,0.32480954354953534,-23.529411764705888,5890244.5,1153.0,2818.0,0.4091554293825408
2019-03-29,121691.0,1738.0,26954.0,250.0,26612.0,27204.0,0.21868503011726423,26.103356441902157,58904.0,2484.0,16101.0,488.0,39970.0,16589.0,0.6785617275567024,41.63701067615659,1596096.0,9624.0,221693.0,60543.0,1094039.0,282236.0,0.6854468653514576,12.570299308961497,12953.0,1470.0,7299.0,11.0,5314.0,7310.0,0.41025245116961323,15.662112688632913,217309.0,1686.0,39888.0,2600.0,131142.0,42488.0,0.6034816781633526,6.325441210288618,101101.0,1706.0,40182.0,526.0,58426.0,40708.0,0.5778973501745779,12.228450907476262,2108054.0,99.0,290.0,8881332.0,17715802.0,0.3413793103448276,0.5013226045312541,7.608695652173902,7142909.25,269.0,461.0,10026011.0,15432407.0,0.5835140997830802,0.649672536500625,-9.731543624161077,10985709.25,457.0,1191.0,19993605.0,44831919.0,0.38371116708648195,0.44596808358794543,1.3303769401330268,20912635.0,118.0,363.0,5704883.0,16952279.0,0.325068870523416,0.3365260210736267,-4.8387096774193505,6080209.5,73.0,202.0,1349885.0,5018513.0,0.3613861386138614,0.26898107068767185,-13.095238095238093,1803257.25,117.0,357.0,5545329.0,17011366.0,0.3277310924369748,0.32597787855484384,12.5,5905705.5,1133.0,2864.0,0.3956005586592179
2019-04-05,114217.0,1877.0,28430.0,11.0,27282.0,28441.0,0.23886111524554138,-6.141785341561823,75234.0,2500.0,23518.0,380.0,47879.0,23898.0,0.6364010952494883,27.723074833627592,1563136.0,9798.0,222193.0,58146.0,1066807.0,280339.0,0.6824786838765149,-2.0650386944143673,13514.0,1535.0,8121.0,35.0,5011.0,8156.0,0.37080065117655764,4.331043001621238,205194.0,1621.0,39947.0,2944.0,123868.0,42891.0,0.6036628751328011,-5.575010699050664,97945.0,1719.0,35707.0,562.0,57083.0,36269.0,0.5828066772168053,-3.1216308444031227,2069240.0,76.0,282.0,7544515.0,18007007.0,0.2695035460992908,0.4189766239331167,-23.23232323232324,7604840.75,311.0,512.0,13022514.0,18316019.0,0.607421875,0.7109904177321502,15.61338289962826,11657893.75,431.0,1171.0,20027756.0,44953425.0,0.36806148590947907,0.44552236008713464,-5.689277899343548,20462212.5,107.0,348.0,5526656.0,16478271.0,0.3074712643678161,0.33539052731928004,-9.322033898305083,5965958.25,86.0,195.0,2301338.0,5677480.0,0.441025641025641,0.40534497699683664,17.808219178082197,1813478.75,116.0,364.0,6201725.0,18173760.0,0.31868131868131866,0.34124611527829135,-0.8547008547008517,5863112.25,1127.0,2872.0,0.39240947075208915
2019-04-12,114217.0,1877.0,28430.0,11.0,27282.0,28441.0,0.23886111524554138,-6.141785341561823,75234.0,2500.0,23518.0,380.0,47879.0,23898.0,0.6364010952494883,27.723074833627592,1563136.0,9798.0,222193.0,58146.0,1066807.0,280339.0,0.6824786838765149,-2.0650386944143673,13514.0,1535.0,8121.0,35.0,5011.0,8156.0,0.37080065117655764,4.331043001621238,205194.0,1621.0,39947.0,2944.0,123868.0,42891.0,0.6036628751328011,-5.575010699050664,97945.0,1719.0,35707.0,562.0,57083.0,36269.0,0.5828066772168053,-3.1216308444031227,2069240.0,85.0,372.0,8044555.0,19190425.0,0.22849462365591397,0.4191962919007786,11.842105263157897,8059345.5,326.0,513.0,12652523.0,17908078.0,0.6354775828460039,0.7065260158013607,4.8231511254019255,11679646.5,455.0,1253.0,21743762.0,51060117.0,0.36312849162011174,0.4258463019189713,5.568445475638062,20920163.0,130.0,394.0,7816511.0,19895757.0,0.3299492385786802,0.3928732643849641,21.495327102803728,6121919.5,77.0,204.0,1383934.0,5012338.0,0.37745098039215685,0.2761054821123396,-10.465116279069765,1671890.0,105.0,358.0,6422931.0,17899354.0,0.29329608938547486,0.35883591106137125,-9.482758620689658,5772460.75,1178.0,3094.0,0.38073691014867483
2019-04-19,114217.0,1877.0,28430.0,11.0,27282.0,28441.0,0.23886111524554138,-6.141785341561823,75234.0,2500.0,23518.0,380.0,47879.0,23898.0,0.6364010952494883,27.723074833627592,1563136.0,9798.0,222193.0,58146.0,1066807.0,280339.0,0.6824786838765149,-2.0650386944143673,13514.0,1535.0,8121.0,35.0,5011.0,8156.0,0.37080065117655764,4.331043001621238,205194.0,1621.0,39947.0,2944.0,123868.0,42891.0,0.6036628751328011,-5.575010699050664,97945.0,1719.0,35707.0,562.0,57083.0,36269.0,0.5828066772168053,-3.1216308444031227,2069240.0,67.0,294.0,6120077.0,16970775.0,0.22789115646258504,0.36062448532845437,-21.176470588235297,7647619.75,342.0,559.0,15908929.0,22062341.0,0.6118067978533095,0.7210897973157064,4.907975460122693,12902494.25,458.0,1165.0,20766770.0,45934810.0,0.3931330472103004,0.45209221503256464,0.659340659340657,20632973.25,118.0,375.0,6772746.0,18582724.0,0.31466666666666665,0.36446465006960227,-9.230769230769232,6455199.0,82.0,202.0,1940979.0,5435891.0,0.40594059405940597,0.3570673142636598,6.493506493506485,1744034.0,105.0,360.0,6191153.0,17919870.0,0.2916666666666667,0.3454909550125085,0.0,6090284.5,1172.0,2955.0,0.39661590524534684
2019-04-26,114217.0,1877.0,28430.0,11.0,27282.0,28441.0,0.23886111524554138,-6.141785341561823,75234.0,2500.0,23518.0,380.0,47879.0,23898.0,0.6364010952494883,27.723074833627592,1563136.0,9798.0,222193.0,58146.0,1066807.0,280339.0,0.6824786838765149,-2.0650386944143673,13514.0,1535.0,8121.0,35.0,5011.0,8156.0,0.37080065117655764,4.331043001621238,205194.0,1621.0,39947.0,2944.0,123868.0,42891.0,0.6036628751328011,-5.575010699050664,97945.0,1719.0,35707.0,562.0,57083.0,36269.0,0.5828066772168053,-3.1216308444031227,2069240.0,83.0,313.0,6936844.0,16980719.0,0.26517571884984026,0.40851297286057203,23.880597014925375,7161497.75,312.0,537.0,15119312.0,22180163.0,0.5810055865921788,0.6816591924955646,-8.771929824561408,14175819.5,468.0,1234.0,21506192.0,47928646.0,0.37925445705024313,0.4487126967868026,2.183406113537112,21011120.0,128.0,394.0,5964480.0,17744535.0,0.3248730964467005,0.3361305325836941,8.47457627118644,6520098.25,88.0,223.0,2199791.0,6058479.0,0.39461883408071746,0.3630929479164655,7.317073170731714,1956510.5,109.0,343.0,5613896.0,15949215.0,0.3177842565597668,0.35198572468927153,3.809523809523818,6107426.25,1188.0,3044.0,0.3902759526938239
2019-05-03,107700.0,1855.0,28336.0,44.0,25158.0,28380.0,0.2335933147632312,-5.705805615626391,114836.0,2660.0,35844.0,564.0,72877.0,36408.0,0.6346180640217354,52.6384347502459,1615326.0,10033.0,231484.0,60541.0,1098490.0,292025.0,0.6800422948680328,3.3388009744513614,12089.0,1501.0,7259.0,49.0,4605.0,7308.0,0.3809248076764,-10.544620393665827,202521.0,1535.0,44585.0,2446.0,122759.0,47031.0,0.6061544234918848,-1.3026696687037598,103016.0,1736.0,40412.0,138.0,59466.0,40550.0,0.5772501359012192,5.177395477053448,2155488.0,70.0,305.0,4928966.0,16141006.0,0.22950819672131148,0.3053691944603701,-15.662650602409634,6507610.5,367.0,626.0,18381582.0,25392772.0,0.5862619808306709,0.7238903259557483,17.62820512820513,15515586.5,483.0,1166.0,24191261.0,48816478.0,0.4142367066895369,0.4955552303466055,3.205128205128216,22051996.25,117.0,367.0,6062266.0,17944838.0,0.3188010899182561,0.33782784776323976,-8.59375,6654000.75,83.0,210.0,1929558.0,5633165.0,0.3952380952380952,0.3425353242804001,-5.681818181818176,1863565.5,113.0,371.0,6220747.0,18030880.0,0.3045822102425876,0.3450051800023072,3.669724770642202,6112181.75,1233.0,3045.0,0.40492610837438425
2019-05-10,107700.0,1855.0,28336.0,44.0,25158.0,28380.0,0.2335933147632312,-5.705805615626391,114836.0,2660.0,35844.0,564.0,72877.0,36408.0,0.6346180640217354,52.6384347502459,1615326.0,10033.0,231484.0,60541.0,1098490.0,292025.0,0.6800422948680328,3.3388009744513614,12089.0,1501.0,7259.0,49.0,4605.0,7308.0,0.3809248076764,-10.544620393665827,202521.0,1535.0,44585.0,2446.0,122759.0,47031.0,0.6061544234918848,-1.3026696687037598,103016.0,1736.0,40412.0,138.0,59466.0,40550.0,0.5772501359012192,5.177395477053448,2155488.0,78.0,323.0,6126024.0,18218583.0,0.24148606811145512,0.3362513978172726,11.428571428571432,6027977.75,365.0,613.0,18856222.0,25872896.0,0.5954323001631321,0.7288021410513922,-0.544959128065392,17066511.25,437.0,1137.0,18894455.0,43314166.0,0.3843447669305189,0.4362188342723718,-9.523809523809524,21339669.5,118.0,358.0,6656738.0,18387324.0,0.329608938547486,0.3620286453863542,0.8547008547008517,6364057.5,87.0,217.0,2434541.0,6263572.0,0.4009216589861751,0.38868252811654436,4.819277108433728,2126217.25,102.0,352.0,5939566.0,16750069.0,0.2897727272727273,0.3545994944856645,-9.734513274336287,5991340.5,1187.0,3000.0,0.39566666666666667
2019-05-17,107700.0,1855.0,28336.0,44.0,25158.0,28380.0,0.2335933147632312,-5.705805615626391,114836.0,2660.0,35844.0,564.0,72877.0,36408.0,0.6346180640217354,52.6384347502459,1615326.0,10033.0,231484.0,60541.0,1098490.0,292025.0,0.6800422948680328,3.3388009744513614,12089.0,1501.0,7259.0,49.0,4605.0,7308.0,0.3809248076764,-10.544620393665827,202521.0,1535.0,44585.0,2446.0,122759.0,47031.0,0.6061544234918848,-1.3026696687037598,103016.0,1736.0,40412.0,138.0,59466.0,40550.0,0.5772501359012192,5.177395477053448,2155488.0,77.0,311.0,6909736.0,18689737.0,0.24758842443729903,0.3697075031071866,-1.2820512820512775,6225392.5,363.0,588.0,18986044.0,25021461.0,0.6173469387755102,0.7587903839827739,-0.5479452054794498,17835790.0,516.0,1224.0,19629503.0,44716423.0,0.4215686274509804,0.4389774870856732,18.077803203661325,21055352.75,116.0,359.0,5121897.0,16576897.0,0.3231197771587744,0.3089780312925875,-1.6949152542372836,5951345.25,89.0,226.0,2338865.0,6608457.0,0.3938053097345133,0.353919984649972,2.298850574712641,2225688.75,121.0,364.0,6399545.0,17578119.0,0.3324175824175824,0.36406312871132573,18.627450980392158,6043438.5,1282.0,3072.0,0.4173177083333333
2019-05-24,107700.0,1855.0,28336.0,44.0,25158.0,28380.0,0.2335933147632312,-5.705805615626391,114836.0,2660.0,35844.0,564.0,72877.0,36408.0,0.6346180640217354,52.6384347502459,1615326.0,10033.0,231484.0,60541.0,1098490.0,292025.0,0.6800422948680328,3.3388009744513614,12089.0,1501.0,7259.0,49.0,4605.0,7308.0,0.3809248076764,-10.544620393665827,202521.0,1535.0,44585.0,2446.0,122759.0,47031.0,0.6061544234918848,-1.3026696687037598,103016.0,1736.0,40412.0,138.0,59466.0,40550.0,0.5772501359012192,5.177395477053448,2155488.0,75.0,322.0,6401324.0,18794075.0,0.2329192546583851,0.34060330183847837,-2.5974025974025983,6091512.5,341.0,541.0,18378623.0,23613835.0,0.6303142329020333,0.7782989505940056,-6.060606060606055,18650617.75,468.0,1171.0,19588846.0,43845291.0,0.3996584116140051,0.44677194638758355,-9.302325581395355,20576016.25,136.0,378.0,6316522.0,17961511.0,0.35978835978835977,0.35166985672864604,17.24137931034482,6039355.75,75.0,207.0,2242311.0,5975213.0,0.36231884057971014,0.3752687979491275,-15.73033707865169,2236318.75,117.0,360.0,6158650.0,18064286.0,0.325,0.3409296110568666,-3.3057851239669422,6179627.0,1212.0,2979.0,0.4068479355488419
2019-05-31,107700.0,1855.0,28336.0,44.0,25158.0,28380.0,0.2335933147632312,-5.705805615626391,114836.0,2660.0,35844.0,564.0,72877.0,36408.0,0.6346180640217354,52.6384347502459,1615326.0,10033.0,231484.0,60541.0,1098490.0,292025.0,0.6800422948680328,3.3388009744513614,12089.0,1501.0,7259.0,49.0,4605.0,7308.0,0.3809248076764,-10.544620393665827,202521.0,1535.0,44585.0,2446.0,122759.0,47031.0,0.6061544234918848,-1.3026696687037598,103016.0,1736.0,40412.0,138.0,59466.0,40550.0,0.5772501359012192,5.177395477053448,2155488.0,86.0,344.0,6782275.0,21497140.0,0.25,0.3154966195503216,14.666666666666671,6554839.75,374.0,613.0,17503826.0,25235227.0,0.6101141924959217,0.6936266513473408,9.677419354838701,18431178.75,476.0,1194.0,20855109.0,45876277.0,0.39865996649916247,0.4545946263250612,1.7094017094017033,19741978.25,110.0,344.0,4608490.0,15960366.0,0.31976744186046513,0.2887458846495124,-19.11764705882353,5675911.75,88.0,205.0,2090889.0,5261442.0,0.4292682926829268,0.39739846984914023,17.333333333333336,2276651.5,107.0,369.0,4207462.0,15607214.0,0.2899728997289973,0.2695844370430238,-8.54700854700855,5676305.75,1241.0,3069.0,0.4043662430759205
2019-06-07,108142.0,1911.0,31446.0,158.0,25799.0,31604.0,0.23856595957167429,0.41039925719590364,127206.0,2517.0,43172.0,582.0,75728.0,43754.0,0.5953178309199252,10.771883381517998,1553148.0,9549.0,226004.0,58640.0,1055233.0,284644.0,0.6794156126782509,-3.849253958643639,11403.0,1444.0,6914.0,36.0,4341.0,6950.0,0.3806892922915022,-5.674580196873191,192586.0,1456.0,41175.0,2004.0,119805.0,43179.0,0.6220857175495623,-4.905664103969465,98941.0,1616.0,42113.0,350.0,54736.0,42463.0,0.5532185848131714,-3.9556962025316444,2091426.0,75.0,324.0,6106764.0,19541057.0,0.23148148148148148,0.31250940008004685,-12.790697674418606,6550024.75,374.0,617.0,19113112.0,26639195.0,0.6061588330632091,0.7174808397926439,0.0,18495401.25,461.0,1097.0,17510325.0,40064147.0,0.4202370100273473,0.4370572272510881,-3.1512605042016806,19395945.75,115.0,342.0,5800499.0,16508163.0,0.3362573099415205,0.35137156084538296,4.545454545454541,5461852.0,93.0,219.0,2917434.0,6239923.0,0.4246575342465753,0.46754326936406104,5.681818181818188,2397374.75,117.0,355.0,5926992.0,16671027.0,0.3295774647887324,0.35552650715519807,9.345794392523366,5673162.25,1235.0,2954.0,0.4180771834800271
2019-06-14,108142.0,1911.0,31446.0,158.0,25799.0,31604.0,0.23856595957167429,0.41039925719590364,127206.0,2517.0,43172.0,582.0,75728.0,43754.0,0.5953178309199252,10.771883381517998,1553148.0,9549.0,226004.0,58640.0,1055233.0,284644.0,0.6794156126782509,-3.849253958643639,11403.0,1444.0,6914.0,36.0,4341.0,6950.0,0.3806892922915022,-5.674580196873191,192586.0,1456.0,41175.0,2004.0,119805.0,43179.0,0.6220857175495623,-4.905664103969465,98941.0,1616.0,42113.0,350.0,54736.0,42463.0,0.5532185848131714,-3.9556962025316444,2091426.0,78.0,351.0,6135269.0,21838198.0,0.2222222222222222,0.2809420905516105,4.0000000000000036,6356408.0,340.0,572.0,17723305.0,23154729.0,0.5944055944055944,0.7654291699980595,-9.090909090909093,18179716.5,461.0,1139.0,17228587.0,41970204.0,0.4047410008779631,0.4104956697375119,0.0,18795716.75,114.0,350.0,6108310.0,17667741.0,0.32571428571428573,0.34573237178425925,-0.8695652173912993,5708455.25,80.0,203.0,1744061.0,5117831.0,0.39408866995073893,0.34078128019467624,-13.978494623655912,2248673.75,117.0,347.0,6770615.0,18227194.0,0.3371757925072046,0.3714567914293336,0.0,5765929.75,1190.0,2962.0,0.40175557056043215
2019-06-21,108142.0,1911.0,31446.0,158.0,25799.0,31604.0,0.23856595957167429,0.41039925719590364,127206.0,2517.0,43172.0,582.0,75728.0,43754.0,0.5953178309199252,10.771883381517998,1553148.0,9549.0,226004.0,58640.0,1055233.0,284644.0,0.6794156126782509,-3.849253958643639,11403.0,1444.0,6914.0,36.0,4341.0,6950.0,0.3806892922915022,-5.674580196873191,192586.0,1456.0,41175.0,2004.0,119805.0,43179.0,0.6220857175495623,-4.905664103969465,98941.0,1616.0,42113.0,350.0,54736.0,42463.0,0.5532185848131714,-3.9556962025316444,2091426.0,84.0,355.0,7668505.0,24252832.0,0.23661971830985915,0.31619008452291264,7.692307692307687,6673203.25,348.0,555.0,18672908.0,25824728.0,0.6270270270270271,0.7230631044787771,2.35294117647058,18253287.75,450.0,1122.0,19177950.0,42522663.0,0.40106951871657753,0.4510053850578455,-2.386117136659438,18692992.75,119.0,335.0,5760708.0,16371788.0,0.35522388059701493,0.35186798167677225,4.385964912280693,5569501.75,84.0,210.0,2101389.0,5791355.0,0.4,0.3628492813857897,5.000000000000004,2213443.25,91.0,332.0,4688093.0,16202767.0,0.2740963855421687,0.2893390369681919,-22.22222222222222,5398290.5,1176.0,2909.0,0.4042626332072877
2019-06-28,108142.0,1911.0,31446.0,158.0,25799.0,31604.0,0.23856595957167429,0.41039925719590364,127206.0,2517.0,43172.0,582.0,75728.0,43754.0,0.5953178309199252,10.771883381517998,1553148.0,9549.0,226004.0,58640.0,1055233.0,284644.0,0.6794156126782509,-3.849253958643639,11403.0,1444.0,6914.0,36.0,4341.0,6950.0,0.3806892922915022,-5.674580196873191,192586.0,1456.0,41175.0,2004.0,119805.0,43179.0,0.6220857175495623,-4.905664103969465,98941.0,1616.0,42113.0,350.0,54736.0,42463.0,0.5532185848131714,-3.9556962025316444,2091426.0,90.0,362.0,8355607.0,22572797.0,0.24861878453038674,0.37016267855507673,7.14285714285714,7066536.25,382.0,608.0,18472523.0,25557878.0,0.6282894736842105,0.7227721722437207,9.770114942528728,18495462.0,460.0,1174.0,18071957.0,45175891.0,0.39182282793867124,0.4000354304024684,2.2222222222222143,17997204.75,122.0,399.0,7305215.0,19456631.0,0.3057644110275689,0.37546145578851753,2.5210084033613356,6243683.0,86.0,211.0,2112172.0,5541734.0,0.4075829383886256,0.38113918856444573,2.3809523809523725,2218764.0,110.0,356.0,5749527.0,16479181.0,0.3089887640449438,0.34889640449971393,20.879120879120872,5783806.75,1250.0,3110.0,0.40192926045016075
2019-07-05,111198.0,1919.0,34829.0,223.0,27592.0,35052.0,0.2481339592438713,2.825914075937197,103877.0,2501.0,35489.0,677.0,62366.0,36166.0,0.6003831454508698,-18.33954373221389,1635048.0,9810.0,229015.0,62805.0,1109284.0,291820.0,0.6784412445383866,5.273161347147859,13026.0,1532.0,8279.0,31.0,4635.0,8310.0,0.3558268079226163,14.233096553538548,210319.0,1473.0,47723.0,1876.0,129452.0,49599.0,0.6155031166941646,9.20783442202444,107482.0,1678.0,45783.0,538.0,59598.0,46321.0,0.554492845313634,8.632417299198503,2180950.0,70.0,326.0,6237065.0,23067834.0,0.2147239263803681,0.27037930826101836,-22.22222222222222,7099111.5,385.0,644.0,19755937.0,27208295.0,0.5978260869565217,0.7260997794973922,0.7853403141361293,18656168.25,454.0,1173.0,18044361.0,42680204.0,0.38704177323103156,0.4227805705895876,-1.30434782608696,18130713.75,105.0,341.0,4569190.0,15286569.0,0.30791788856304986,0.29890225857744795,-13.934426229508201,5935855.75,79.0,205.0,2035556.0,5325328.0,0.3853658536585366,0.38224049297996293,-8.139534883720934,1998294.5,95.0,327.0,5075746.0,16136598.0,0.290519877675841,0.3145487047517699,-13.636363636363635,5570995.25,1188.0,3016.0,0.39389920424403185
2019-07-12,111198.0,1919.0,34829.0,223.0,27592.0,35052.0,0.2481339592438713,2.825914075937197,103877.0,2501.0,35489.0,677.0,62366.0,36166.0,0.6003831454508698,-18.33954373221389,1635048.0,9810.0,229015.0,62805.0,1109284.0,291820.0,0.6784412445383866,5.273161347147859,13026.0,1532.0,8279.0,31.0,4635.0,8310.0,0.3558268079226163,14.233096553538548,210319.0,1473.0,47723.0,1876.0,129452.0,49599.0,0.6155031166941646,9.20783442202444,107482.0,1678.0,45783.0,538.0,59598.0,46321.0,0.554492845313634,8.632417299198503,2180950.0,87.0,359.0,6650445.0,23511174.0,0.24233983286908078,0.28286316115052357,24.28571428571429,7227905.5,358.0,622.0,16081919.0,22105148.0,0.5755627009646302,0.7275191733617888,-7.012987012987015,18245821.75,440.0,1119.0,17250219.0,41326304.0,0.3932082216264522,0.41741499554375827,-3.083700440528636,18136121.75,118.0,335.0,5447837.0,16079944.0,0.3522388059701492,0.33879701322342914,12.380952380952381,5770737.5,84.0,211.0,2061801.0,5609494.0,0.3981042654028436,0.3675556119678531,6.329113924050622,2077729.5,120.0,366.0,6326400.0,17849735.0,0.32786885245901637,0.35442542984531705,26.315789473684205,5459941.5,1207.0,3012.0,0.40073041168658696
2019-07-19,111198.0,1919.0,34829.0,223.0,27592.0,35052.0,0.2481339592438713,2.825914075937197,103877.0,2501.0,35489.0,677.0,62366.0,36166.0,0.6003831454508698,-18.33954373221389,1635048.0,9810.0,229015.0,62805.0,1109284.0,291820.0,0.6784412445383866,5.273161347147859,13026.0,1532.0,8279.0,31.0,4635.0,8310.0,0.3558268079226163,14.233096553538548,210319.0,1473.0,47723.0,1876.0,129452.0,49599.0,0.6155031166941646,9.20783442202444,107482.0,1678.0,45783.0,538.0,59598.0,46321.0,0.554492845313634,8.632417299198503,2180950.0,89.0,370.0,6261282.0,22697621.0,0.24054054054054055,0.27585631110855185,2.298850574712641,6876099.75,335.0,571.0,15851015.0,22290881.0,0.5866900175131349,0.7110986326650796,-6.424581005586594,17540348.5,436.0,1159.0,19148249.0,44944997.0,0.37618636755823986,0.4260373852066338,-0.9090909090909038,18128696.5,121.0,400.0,5981392.0,19626207.0,0.3025,0.3047655616798498,2.5423728813559254,5825908.5,74.0,207.0,1638164.0,5274880.0,0.357487922705314,0.3105594819218636,-11.904761904761907,1961923.25,101.0,366.0,4634415.0,17035987.0,0.27595628415300544,0.27203677720580555,-15.833333333333332,5446522.0,1156.0,3073.0,0.3761796290270094
2019-07-26,111198.0,1919.0,34829.0,223.0,27592.0,35052.0,0.2481339592438713,2.825914075937197,103877.0,2501.0,35489.0,677.0,62366.0,36166.0,0.6003831454508698,-18.33954373221389,1635048.0,9810.0,229015.0,62805.0,1109284.0,291820.0,0.6784412445383866,5.273161347147859,13026.0,1532.0,8279.0,31.0,4635.0,8310.0,0.3558268079226163,14.233096553538548,210319.0,1473.0,47723.0,1876.0,129452.0,49599.0,0.6155031166941646,9.20783442202444,107482.0,1678.0,45783.0,538.0,59598.0,46321.0,0.554492845313634,8.632417299198503,2180950.0,78.0,337.0,6329276.0,22054803.0,0.2314540059347181,0.2869794846954652,-12.35955056179775,6369517.0,343.0,566.0,18801118.0,25034518.0,0.6060070671378092,0.7510077885262261,2.3880597014925398,17622497.25,464.0,1192.0,20747376.0,45816862.0,0.38926174496644295,0.45283275838489334,6.422018348623859,18797551.25,99.0,343.0,4524043.0,15499082.0,0.2886297376093295,0.2918910294170971,-18.181818181818176,5130615.5,83.0,216.0,2406574.0,5853311.0,0.38425925925925924,0.41114746850116113,12.162162162162172,2035523.75,96.0,366.0,5531470.0,17673118.0,0.26229508196721313,0.3129877817824789,-4.950495049504955,5392007.75,1163.0,3020.0,0.3850993377483444
2019-08-02,111326.0,1927.0,32964.0,292.0,25290.0,33256.0,0.22717065195911107,0.11510998399251182,85556.0,2391.0,27185.0,747.0,53087.0,27932.0,0.6204941792510169,-17.63720554116889,1607786.0,10019.0,226472.0,62202.0,1088942.0,288674.0,0.6772928735540675,-1.6673516618472384,13038.0,1591.0,8356.0,8.0,4532.0,8364.0,0.34759932504985425,0.09212344541686956,235702.0,1605.0,61559.0,3183.0,135645.0,64742.0,0.5754936317892932,12.068809760411558,109355.0,1793.0,51198.0,1010.0,54945.0,52208.0,0.5024461615838325,1.7426173684896185,2162763.0,84.0,379.0,7909735.0,24397088.0,0.22163588390501318,0.32420815959675187,7.692307692307687,6787684.5,336.0,566.0,16014407.0,22585516.0,0.5936395759717314,0.7090565032917556,-2.0408163265306145,16687114.75,478.0,1176.0,22265854.0,46630380.0,0.4064625850340136,0.47749673067214976,3.0172413793103425,19852924.5,121.0,412.0,5709198.0,17744077.0,0.2936893203883495,0.32175232332456627,22.222222222222232,5415617.5,71.0,220.0,2102781.0,6333873.0,0.32272727272727275,0.3319897636090904,-14.457831325301207,2052330.0,121.0,396.0,6142420.0,18873399.0,0.3055555555555556,0.32545383054742816,26.041666666666675,5658676.25,1211.0,3149.0,0.38456652905684346
2019-08-09,111326.0,1927.0,32964.0,292.0,25290.0,33256.0,0.22717065195911107,0.11510998399251182,85556.0,2391.0,27185.0,747.0,53087.0,27932.0,0.6204941792510169,-17.63720554116889,1607786.0,10019.0,226472.0,62202.0,1088942.0,288674.0,0.6772928735540675,-1.6673516618472384,13038.0,1591.0,8356.0,8.0,4532.0,8364.0,0.34759932504985425,0.09212344541686956,235702.0,1605.0,61559.0,3183.0,135645.0,64742.0,0.5754936317892932,12.068809760411558,109355.0,1793.0,51198.0,1010.0,54945.0,52208.0,0.5024461615838325,1.7426173684896185,2162763.0,76.0,381.0,4382598.0,20279446.0,0.1994750656167979,0.21611034147579772,-9.523809523809524,6220722.75,378.0,620.0,17871427.0,24250106.0,0.6096774193548387,0.7369628404923261,12.5,17134491.75,395.0,1072.0,16666907.0,40479686.0,0.36847014925373134,0.41173508608737724,-17.364016736401677,19707096.5,117.0,390.0,5437589.0,17709219.0,0.3,0.30704849265232986,-3.3057851239669422,5413055.5,73.0,226.0,2138698.0,5817965.0,0.3230088495575221,0.3676024176838465,2.8169014084507005,2071554.25,109.0,384.0,5243333.0,17048784.0,0.2838541666666667,0.30754879644202193,-9.917355371900827,5387909.5,1148.0,3073.0,0.3735763097949886
2019-08-16,111326.0,1927.0,32964.0,292.0,25290.0,33256.0,0.22717065195911107,0.11510998399251182,85556.0,2391.0,27185.0,747.0,53087.0,27932.0,0.6204941792510169,-17.63720554116889,1607786.0,10019.0,226472.0,62202.0,1088942.0,288674.0,0.6772928735540675,-1.6673516618472384,13038.0,1591.0,8356.0,8.0,4532.0,8364.0,0.34759932504985425,0.09212344541686956,235702.0,1605.0,61559.0,3183.0,135645.0,64742.0,0.5754936317892932,12.068809760411558,109355.0,1793.0,51198.0,1010.0,54945.0,52208.0,0.5024461615838325,1.7426173684896185,2162763.0,76.0,352.0,8814861.0,25373865.0,0.2159090909090909,0.3473992235711824,0.0,6859117.5,335.0,541.0,18394775.0,24724480.0,0.6192236598890942,0.743990369059329,-11.375661375661373,17770431.75,434.0,1106.0,19224266.0,44486081.0,0.3924050632911392,0.432141145451765,9.873417721518996,19726100.75,104.0,357.0,5306712.0,17169883.0,0.2913165266106443,0.3090709470763429,-11.111111111111116,5244385.5,102.0,258.0,2398272.0,6590352.0,0.3953488372093023,0.3639065106082346,39.726027397260275,2261581.25,117.0,388.0,5593706.0,17045693.0,0.3015463917525773,0.32815949460077687,7.339449541284404,5627732.25,1168.0,3002.0,0.38907395069953365
2019-08-23,111326.0,1927.0,32964.0,292.0,25290.0,33256.0,0.22717065195911107,0.11510998399251182,85556.0,2391.0,27185.0,747.0,53087.0,27932.0,0.6204941792510169,-17.63720554116889,1607786.0,10019.0,226472.0,62202.0,1088942.0,288674.0,0.6772928735540675,-1.6673516618472384,13038.0,1591.0,8356.0,8.0,4532.0,8364.0,0.34759932504985425,0.09212344541686956,235702.0,1605.0,61559.0,3183.0,135645.0,64742.0,0.5754936317892932,12.068809760411558,109355.0,1793.0,51198.0,1010.0,54945.0,52208.0,0.5024461615838325,1.7426173684896185,2162763.0,81.0,376.0,5699203.0,21262109.0,0.2154255319148936,0.2680450467072669,6.578947368421062,6701599.25,351.0,558.0,17886528.0,23962003.0,0.6290322580645161,0.746453791863727,4.7761194029850795,17541784.25,468.0,1198.0,20908707.0,47074149.0,0.39065108514190316,0.4441653740782441,7.834101382488479,19766433.5,124.0,401.0,5495829.0,17937165.0,0.3092269326683292,0.3063934016328667,19.23076923076923,5487332.0,76.0,228.0,2180370.0,6103025.0,0.3333333333333333,0.3572605388311534,-25.49019607843137,2205030.25,100.0,360.0,5085624.0,16947112.0,0.2777777777777778,0.3000879441877767,-14.529914529914533,5516270.75,1200.0,3121.0,0.3844921499519385
2019-08-30,111326.0,1927.0,32964.0,292.0,25290.0,33256.0,0.22717065195911107,0.11510998399251182,85556.0,2391.0,27185.0,747.0,53087.0,27932.0,0.6204941792510169,-17.63720554116889,1607786.0,10019.0,226472.0,62202.0,1088942.0,288674.0,0.6772928735540675,-1.6673516618472384,13038.0,1591.0,8356.0,8.0,4532.0,8364.0,0.34759932504985425,0.09212344541686956,235702.0,1605.0,61559.0,3183.0,135645.0,64742.0,0.5754936317892932,12.068809760411558,109355.0,1793.0,51198.0,1010.0,54945.0,52208.0,0.5024461615838325,1.7426173684896185,2162763.0,73.0,324.0,5739773.0,20619586.0,0.22530864197530864,0.27836509423613065,-9.876543209876543,6159108.75,365.0,599.0,18580923.0,25263327.0,0.6093489148580968,0.7354899455641769,3.9886039886039892,18183413.25,492.0,1237.0,18732172.0,46491831.0,0.39773645917542444,0.40291319135183123,5.128205128205132,18883013.0,105.0,366.0,5381022.0,18057041.0,0.28688524590163933,0.29800131704856847,-15.322580645161288,5405288.0,86.0,226.0,2322804.0,6433433.0,0.3805309734513274,0.36105202308005696,13.157894736842103,2260036.0,113.0,399.0,6077315.0,18669678.0,0.2832080200501253,0.32551793341052804,12.99999999999999,5499994.5,1234.0,3151.0,0.39162170739447794
2019-09-06,113396.0,1958.0,29678.0,209.0,27690.0,29887.0,0.24418850753112983,1.8594039128325912,113547.0,2434.0,38907.0,481.0,68122.0,39388.0,0.5999453970602482,32.71658329047642,1621940.0,10274.0,230125.0,61415.0,1089406.0,291540.0,0.6716684957520007,0.8803410404121026,12285.0,1503.0,7657.0,0.0,4546.0,7657.0,0.37004477004477004,-5.775425678785084,211528.0,1504.0,47183.0,2389.0,124496.0,49572.0,0.5885556522068001,-10.25617092769684,92693.0,1680.0,42639.0,1477.0,47396.0,44116.0,0.511322322073943,-15.236614695258567,2165389.0,78.0,331.0,4885705.0,19947134.0,0.23564954682779457,0.24493268055450973,6.849315068493156,6284885.5,328.0,557.0,19498234.0,26307155.0,0.5888689407540395,0.7411760792833737,-10.136986301369866,18590115.0,447.0,1203.0,17457989.0,45802321.0,0.371571072319202,0.38115948316243625,-9.14634146341463,19080783.5,127.0,376.0,5913447.0,17582520.0,0.3377659574468085,0.33632533902990014,20.952380952380945,5524252.5,90.0,227.0,1985893.0,5582132.0,0.3964757709251101,0.3557588749244912,4.651162790697683,2221834.75,114.0,365.0,5548063.0,17880890.0,0.31232876712328766,0.3102789066987158,0.8849557522123908,5576177.0,1184.0,3059.0,0.38705459300424977
2019-09-13,113396.0,1958.0,29678.0,209.0,27690.0,29887.0,0.24418850753112983,1.8594039128325912,113547.0,2434.0,38907.0,481.0,68122.0,39388.0,0.5999453970602482,32.71658329047642,1621940.0,10274.0,230125.0,61415.0,1089406.0,291540.0,0.6716684957520007,0.8803410404121026,12285.0,1503.0,7657.0,0.0,4546.0,7657.0,0.37004477004477004,-5.775425678785084,211528.0,1504.0,47183.0,2389.0,124496.0,49572.0,0.5885556522068001,-10.25617092769684,92693.0,1680.0,42639.0,1477.0,47396.0,44116.0,0.511322322073943,-15.236614695258567,2165389.0,78.0,363.0,6095178.0,22033103.0,0.21487603305785125,0.2766372943475097,0.0,5604964.75,328.0,547.0,16152429.0,22044591.0,0.5996343692870201,0.7327162023554894,0.0,18029528.5,485.0,1261.0,19701442.0,47841989.0,0.38461538461538464,0.4118023186703212,8.501118568232657,19200077.5,113.0,374.0,6250649.0,18755804.0,0.30213903743315507,0.33326478566314727,-11.023622047244096,5760236.75,91.0,223.0,2115195.0,6227692.0,0.4080717488789238,0.3396434826898954,1.1111111111111072,2151065.5,118.0,377.0,6263912.0,17683809.0,0.3129973474801061,0.3542173521552964,3.5087719298245723,5743728.5,1213.0,3145.0,0.38569157392686804
2019-09-20,113396.0,1958.0,29678.0,209.0,27690.0,29887.0,0.24418850753112983,1.8594039128325912,113547.0,2434.0,38907.0,481.0,68122.0,39388.0,0.5999453970602482,32.71658329047642,1621940.0,10274.0,230125.0,61415.0,1089406.0,291540.0,0.6716684957520007,0.8803410404121026,12285.0,1503.0,7657.0,0.0,4546.0,7657.0,0.37004477004477004,-5.775425678785084,211528.0,1504.0,47183.0,2389.0,124496.0,49572.0,0.5885556522068001,-10.25617092769684,92693.0,1680.0,42639.0,1477.0,47396.0,44116.0,0.511322322073943,-15.236614695258567,2165389.0,85.0,369.0,10546923.0,24561734.0,0.23035230352303523,0.42940465848217396,8.974358974358964,6816894.75,361.0,592.0,17091506.0,23253090.0,0.6097972972972973,0.7350208509922768,10.060975609756095,17830773.0,479.0,1233.0,19449008.0,47145967.0,0.3884833738848337,0.4125275020872941,-1.2371134020618513,18835152.75,123.0,369.0,5451810.0,17187777.0,0.3333333333333333,0.3171911062146082,8.849557522123884,5749232.0,84.0,230.0,1714514.0,5468936.0,0.3652173913043478,0.31350046882976873,-7.692307692307687,2034601.5,105.0,353.0,4642779.0,16232308.0,0.29745042492917845,0.2860208788546891,-11.016949152542377,5633017.25,1237.0,3146.0,0.3931977113795296
2019-09-27,113396.0,1958.0,29678.0,209.0,27690.0,29887.0,0.24418850753112983,1.8594039128325912,113547.0,2434.0,38907.0,481.0,68122.0,39388.0,0.5999453970602482,32.71658329047642,1621940.0,10274.0,230125.0,61415.0,1089406.0,291540.0,0.6716684957520007,0.8803410404121026,12285.0,1503.0,7657.0,0.0,4546.0,7657.0,0.37004477004477004,-5.775425678785084,211528.0,1504.0,47183.0,2389.0,124496.0,49572.0,0.5885556522068001,-10.25617092769684,92693.0,1680.0,42639.0,1477.0,47396.0,44116.0,0.511322322073943,-15.236614695258567,2165389.0,92.0,379.0,7464500.0,21766246.0,0.24274406332453827,0.34293924639094864,8.23529411764705,7248076.5,326.0,544.0,16428035.0,22022856.0,0.5992647058823529,0.7459538853634606,-9.695290858725759,17292551.0,453.0,1150.0,21069770.0,46873596.0,0.3939130434782609,0.44950189014728037,-5.427974947807934,19419552.25,118.0,371.0,5019177.0,16438103.0,0.31805929919137466,0.30533796995918566,-4.0650406504065035,5658770.75,69.0,204.0,1381838.0,4807635.0,0.3382352941176471,0.28742573011470296,-17.85714285714286,1799360.0,114.0,378.0,5511480.0,17685355.0,0.30158730158730157,0.31164090288263935,8.571428571428562,5491558.5,1172.0,3026.0,0.38730998017184404
2019-10-04,115664.0,1983.0,30642.0,196.0,25960.0,30838.0,0.22444321482916033,2.00007054922573,95785.0,2388.0,32783.0,540.0,56723.0,33323.0,0.5921908440778828,-15.642861546320031,1758620.0,10544.0,241979.0,62316.0,1196686.0,304295.0,0.6804687766544222,8.42694550969827,13274.0,1572.0,8074.0,51.0,4967.0,8125.0,0.37419014615036916,8.050468050468051,224322.0,1602.0,52628.0,1754.0,136263.0,54382.0,0.6074437638751438,6.048371846753153,94743.0,1823.0,41330.0,1735.0,47301.0,43065.0,0.49925588170102275,2.211601739074154,2302408.0,92.0,405.0,6421758.0,22312904.0,0.2271604938271605,0.28780467123418807,0.0,7632089.75,341.0,543.0,16543026.0,22374256.0,0.6279926335174953,0.7393777026596996,4.601226993865026,16553749.0,417.0,1135.0,20267722.0,47288913.0,0.3674008810572687,0.4285935267744471,-7.947019867549665,20121985.5,124.0,382.0,6017454.0,17815858.0,0.32460732984293195,0.3377583049887353,5.084745762711873,5684772.5,92.0,220.0,2357756.0,5638727.0,0.41818181818181815,0.41813622117190635,33.33333333333333,1892325.75,112.0,385.0,4999856.0,16400722.0,0.2909090909090909,0.30485584719989767,-1.7543859649122862,5354506.75,1178.0,3070.0,0.38371335504885995
2019-10-11,115664.0,1983.0,30642.0,196.0,25960.0,30838.0,0.22444321482916033,2.00007054922573,95785.0,2388.0,32783.0,540.0,56723.0,33323.0,0.5921908440778828,-15.642861546320031,1758620.0,10544.0,241979.0,62316.0,1196686.0,304295.0,0.6804687766544222,8.42694550969827,13274.0,1572.0,8074.0,51.0,4967.0,8125.0,0.37419014615036916,8.050468050468051,224322.0,1602.0,52628.0,1754.0,136263.0,54382.0,0.6074437638751438,6.048371846753153,94743.0,1823.0,41330.0,1735.0,47301.0,43065.0,0.49925588170102275,2.211601739074154,2302408.0,85.0,348.0,5616937.0,19785482.0,0.2442528735632184,0.2838918455461434,-7.608695652173914,7512529.5,317.0,505.0,15651271.0,20663316.0,0.6277227722772277,0.7574423679142303,-7.03812316715543,16428459.5,478.0,1191.0,20288568.0,46054991.0,0.40134340890008396,0.44052919259065754,14.62829736211031,20268767.0,117.0,358.0,5403383.0,16446042.0,0.3268156424581006,0.3285521829507671,-5.645161290322576,5472956.0,107.0,247.0,3006842.0,6840868.0,0.4331983805668016,0.4395410056150769,16.30434782608696,2115237.5,129.0,405.0,6099925.0,18712899.0,0.31851851851851853,0.32597434528984526,15.17857142857142,5313510.0,1233.0,3054.0,0.4037328094302554
2019-10-18,115664.0,1983.0,30642.0,196.0,25960.0,30838.0,0.22444321482916033,2.00007054922573,95785.0,2388.0,32783.0,540.0,56723.0,33323.0,0.5921908440778828,-15.642861546320031,1758620.0,10544.0,241979.0,62316.0,1196686.0,304295.0,0.6804687766544222,8.42694550969827,13274.0,1572.0,8074.0,51.0,4967.0,8125.0,0.37419014615036916,8.050468050468051,224322.0,1602.0,52628.0,1754.0,136263.0,54382.0,0.6074437638751438,6.048371846753153,94743.0,1823.0,41330.0,1735.0,47301.0,43065.0,0.49925588170102275,2.211601739074154,2302408.0,91.0,369.0,6801328.0,22671908.0,0.24661246612466126,0.299989220139743,7.058823529411762,6576130.75,347.0,567.0,19085499.0,24598605.0,0.6119929453262787,0.7758772906024549,9.46372239747635,16926957.75,501.0,1224.0,21463168.0,47088807.0,0.40931372549019607,0.4558019063850991,4.811715481171541,20772307.0,126.0,384.0,6114712.0,18442717.0,0.328125,0.3315515821231763,7.692307692307687,5638681.5,86.0,231.0,2383511.0,6028917.0,0.3722943722943723,0.39534646106423427,-19.626168224299068,2282486.75,112.0,385.0,5359812.0,16824332.0,0.2909090909090909,0.3185750257424782,-13.178294573643413,5492768.25,1263.0,3160.0,0.3996835443037975
2019-10-25,115664.0,1983.0,30642.0,196.0,25960.0,30838.0,0.22444321482916033,2.00007054922573,95785.0,2388.0,32783.0,540.0,56723.0,33323.0,0.5921908440778828,-15.642861546320031,1758620.0,10544.0,241979.0,62316.0,1196686.0,304295.0,0.6804687766544222,8.42694550969827,13274.0,1572.0,8074.0,51.0,4967.0,8125.0,0.37419014615036916,8.050468050468051,224322.0,1602.0,52628.0,1754.0,136263.0,54382.0,0.6074437638751438,6.048371846753153,94743.0,1823.0,41330.0,1735.0,47301.0,43065.0,0.49925588170102275,2.211601739074154,2302408.0,84.0,329.0,6948629.0,20246796.0,0.2553191489361702,0.34319647414830473,-7.692307692307687,6447163.0,336.0,563.0,16214549.0,21763672.0,0.5968028419182948,0.7450281827441619,-3.170028818443804,16873586.25,474.0,1167.0,22426726.0,49232936.0,0.40616966580976865,0.4555228231767449,-5.389221556886225,21111546.0,133.0,383.0,6107988.0,17889074.0,0.3472584856396867,0.34143678985284537,5.555555555555558,5910884.25,98.0,222.0,2217250.0,5580777.0,0.44144144144144143,0.39730130768529187,13.953488372093027,2491339.75,137.0,402.0,5848578.0,17968663.0,0.3407960199004975,0.3254876559263202,22.32142857142858,5577042.75,1262.0,3066.0,0.4116112198303979
2019-11-01,121875.0,1914.0,29386.0,132.0,26596.0,29518.0,0.21822358974358974,5.369864434914917,39973.0,2224.0,12831.0,302.0,24509.0,13133.0,0.6131388687363971,-58.267996032781745,1714145.0,10484.0,243332.0,61721.0,1158703.0,305053.0,0.6759655688404423,-2.528971579988859,12409.0,1510.0,7311.0,23.0,4780.0,7334.0,0.38520428721089534,-6.516498417959927,231335.0,1685.0,58328.0,1937.0,135941.0,60265.0,0.5876369766788424,3.1263095015201303,93876.0,1705.0,38846.0,1614.0,50987.0,40460.0,0.5431313647790703,-0.9151071846996595,2213613.0,81.0,350.0,5973057.0,18915912.0,0.23142857142857143,0.3157689145519391,-3.57142857142857,6334987.75,328.0,528.0,17562367.0,23449160.0,0.6212121212121212,0.7489550585180876,-2.3809523809523836,17128421.5,476.0,1199.0,21830642.0,48364463.0,0.3969974979149291,0.45137773989137436,0.42194092827003704,21502276.0,130.0,392.0,6520709.0,19096705.0,0.33163265306122447,0.34145728281397236,-2.2556390977443663,6036698.0,89.0,240.0,2215980.0,6015099.0,0.37083333333333335,0.368402914066751,-9.183673469387754,2455895.75,127.0,396.0,5595146.0,18701392.0,0.3207070707070707,0.2991833976850493,-7.299270072992703,5725865.25,1231.0,3105.0,0.3964573268921095
2019-11-08,121875.0,1914.0,29386.0,132.0,26596.0,29518.0,0.21822358974358974,5.369864434914917,39973.0,2224.0,12831.0,302.0,24509.0,13133.0,0.6131388687363971,-58.267996032781745,1714145.0,10484.0,243332.0,61721.0,1158703.0,305053.0,0.6759655688404423,-2.528971579988859,12409.0,1510.0,7311.0,23.0,4780.0,7334.0,0.38520428721089534,-6.516498417959927,231335.0,1685.0,58328.0,1937.0,135941.0,60265.0,0.5876369766788424,3.1263095015201303,93876.0,1705.0,38846.0,1614.0,50987.0,40460.0,0.5431313647790703,-0.9151071846996595,2213613.0,84.0,336.0,6275478.0,19127639.0,0.25,0.32808429728310956,3.703703703703698,6499623.0,293.0,488.0,15449228.0,21335065.0,0.6004098360655737,0.7241237840147194,-10.67073170731707,17077910.75,507.0,1249.0,18095844.0,47077224.0,0.40592473979183347,0.3843863860791792,6.512605042016806,20954095.0,124.0,378.0,5817042.0,18078404.0,0.328042328042328,0.32176745248087163,-4.61538461538461,6140112.75,105.0,233.0,3070089.0,6350191.0,0.45064377682403434,0.48346404068791,17.97752808988764,2471707.5,114.0,360.0,4917696.0,16124074.0,0.31666666666666665,0.3049909098655836,-10.236220472440948,5430308.0,1227.0,3044.0,0.4030880420499343
2019-11-15,121875.0,1914.0,29386.0,132.0,26596.0,29518.0,0.21822358974358974,5.369864434914917,39973.0,2224.0,12831.0,302.0,24509.0,13133.0,0.6131388687363971,-58.267996032781745,1714145.0,10484.0,243332.0,61721.0,1158703.0,305053.0,0.6759655688404423,-2.528971579988859,12409.0,1510.0,7311.0,23.0,4780.0,7334.0,0.38520428721089534,-6.516498417959927,231335.0,1685.0,58328.0,1937.0,135941.0,60265.0,0.5876369766788424,3.1263095015201303,93876.0,1705.0,38846.0,1614.0,50987.0,40460.0,0.5431313647790703,-0.9151071846996595,2213613.0,85.0,342.0,6279611.0,18358385.0,0.24853801169590642,0.3420568312517686,1.1904761904761862,6369193.75,278.0,435.0,10719037.0,15722368.0,0.639080459770115,0.6817698835188185,-5.119453924914675,14986295.25,520.0,1229.0,20775609.0,47340334.0,0.4231082180634662,0.43885640942034754,2.564102564102555,20782205.25,123.0,378.0,6145444.0,18405425.0,0.3253968253968254,0.3338930777202917,-0.8064516129032251,6147795.75,95.0,238.0,2516839.0,6054514.0,0.39915966386554624,0.4156962887524911,-9.523809523809524,2505039.5,120.0,381.0,6088001.0,17151422.0,0.31496062992125984,0.35495604970829825,5.263157894736836,5612355.25,1221.0,3003.0,0.4065934065934066
2019-11-22,121875.0,1914.0,29386.0,132.0,26596.0,29518.0,0.21822358974358974,5.369864434914917,39973.0,2224.0,12831.0,302.0,24509.0,13133.0,0.6131388687363971,-58.267996032781745,1714145.0,10484.0,243332.0,61721.0,1158703.0,305053.0,0.6759655688404423,-2.528971579988859,12409.0,1510.0,7311.0,23.0,4780.0,7334.0,0.38520428721089534,-6.516498417959927,231335.0,1685.0,58328.0,1937.0,135941.0,60265.0,0.5876369766788424,3.1263095015201303,93876.0,1705.0,38846.0,1614.0,50987.0,40460.0,0.5431313647790703,-0.9151071846996595,2213613.0,83.0,315.0,7924639.0,20933755.0,0.2634920634920635,0.37855793191426956,-2.352941176470591,6613196.25,231.0,392.0,7216350.0,11739823.0,0.5892857142857143,0.6146898466867856,-16.90647482014388,12736745.5,494.0,1214.0,23601326.0,49671590.0,0.40691927512355847,0.47514738304129184,-5.000000000000004,21075855.25,154.0,403.0,6722406.0,17855480.0,0.38213399503722084,0.37648979472968525,25.203252032520318,6301400.25,107.0,232.0,3273790.0,6761549.0,0.46120689655172414,0.48417751612833093,12.631578947368416,2769174.5,115.0,381.0,5641021.0,18041174.0,0.30183727034120733,0.31267482925445983,-4.1666666666666625,5560466.0,1184.0,2937.0,0.4031324480762683
2019-11-29,121875.0,1914.0,29386.0,132.0,26596.0,29518.0,0.21822358974358974,5.369864434914917,39973.0,2224.0,12831.0,302.0,24509.0,13133.0,0.6131388687363971,-58.267996032781745,1714145.0,10484.0,243332.0,61721.0,1158703.0,305053.0,0.6759655688404423,-2.528971579988859,12409.0,1510.0,7311.0,23.0,4780.0,7334.0,0.38520428721089534,-6.516498417959927,231335.0,1685.0,58328.0,1937.0,135941.0,60265.0,0.5876369766788424,3.1263095015201303,93876.0,1705.0,38846.0,1614.0,50987.0,40460.0,0.5431313647790703,-0.9151071846996595,2213613.0,93.0,327.0,6063380.0,19681546.0,0.28440366972477066,0.3080743758645789,12.04819277108433,6635777.0,280.0,437.0,8474047.0,12496544.0,0.6407322654462243,0.6781112441967956,21.212121212121215,10464665.5,470.0,1182.0,18566969.0,44299490.0,0.3976311336717428,0.41912376417877495,-4.858299595141702,20259937.0,117.0,349.0,5442610.0,16463711.0,0.335243553008596,0.33058221199339566,-24.02597402597403,6031875.5,99.0,252.0,1980199.0,6775591.0,0.39285714285714285,0.29225480109410384,-7.476635514018692,2710229.25,133.0,371.0,6748656.0,17243937.0,0.3584905660377358,0.39136399071743305,15.652173913043477,5848843.5,1192.0,2918.0,0.40849897189856066
2019-12-06,114432.0,1814.0,27604.0,145.0,24117.0,27749.0,0.21075398489932887,-6.107076923076926,42159.0,2305.0,10907.0,320.0,28217.0,11227.0,0.6692995564410921,5.468691366672496,1779946.0,10490.0,269753.0,62341.0,1206633.0,332094.0,0.677904273500432,3.838706760513255,13152.0,1566.0,7736.0,39.0,5180.0,7775.0,0.3938564476885645,5.9875896526714545,235087.0,1723.0,59994.0,1900.0,133973.0,61894.0,0.5698868929375083,1.6218903322022138,100530.0,1764.0,42757.0,1598.0,54579.0,44355.0,0.5429125634139063,7.088073629042557,2285306.0,70.0,285.0,5110483.0,16137316.0,0.24561403508771928,0.3166872979372778,-24.731182795698924,6344528.25,249.0,398.0,8857967.0,12739677.0,0.6256281407035176,0.695305461826073,-11.071428571428577,8816850.25,448.0,1128.0,17651642.0,43441474.0,0.3971631205673759,0.4063315623222177,-4.680851063829783,20148886.5,136.0,359.0,7352312.0,17859079.0,0.3788300835654596,0.41168483548339757,16.23931623931625,6415693.0,101.0,233.0,2236691.0,6387587.0,0.4334763948497854,0.35016211912260453,2.020202020202011,2501879.75,120.0,384.0,5388694.0,17207167.0,0.3125,0.313165671025335,-9.774436090225569,5966593.0,1124.0,2787.0,0.4033010405453893
2019-12-13,114432.0,1814.0,27604.0,145.0,24117.0,27749.0,0.21075398489932887,-6.107076923076926,42159.0,2305.0,10907.0,320.0,28217.0,11227.0,0.6692995564410921,5.468691366672496,1779946.0,10490.0,269753.0,62341.0,1206633.0,332094.0,0.677904273500432,3.838706760513255,13152.0,1566.0,7736.0,39.0,5180.0,7775.0,0.3938564476885645,5.9875896526714545,235087.0,1723.0,59994.0,1900.0,133973.0,61894.0,0.5698868929375083,1.6218903322022138,100530.0,1764.0,42757.0,1598.0,54579.0,44355.0,0.5429125634139063,7.088073629042557,2285306.0,72.0,315.0,6253830.0,19259316.0,0.22857142857142856,0.3247171394871967,2.857142857142847,6338083.0,270.0,415.0,10610211.0,15035389.0,0.6506024096385542,0.7056825067844936,8.43373493975903,8789643.75,491.0,1184.0,21390903.0,43958916.0,0.41469594594594594,0.4866112485576305,9.59821428571428,20302710.0,118.0,354.0,4945710.0,16352399.0,0.3333333333333333,0.30244553108079125,-13.235294117647056,6115759.5,88.0,229.0,2202771.0,5696459.0,0.38427947598253276,0.38669127610678844,-12.871287128712872,2423362.75,131.0,393.0,5109148.0,16012338.0,0.3333333333333333,0.3190757027487179,9.166666666666657,5721879.75,1170.0,2890.0,0.40484429065743943
2019-12-20,114432.0,1814.0,27604.0,145.0,24117.0,27749.0,0.21075398489932887,-6.107076923076926,42159.0,2305.0,10907.0,320.0,28217.0,11227.0,0.6692995564410921,5.468691366672496,1779946.0,10490.0,269753.0,62341.0,1206633.0,332094.0,0.677904273500432,3.838706760513255,13152.0,1566.0,7736.0,39.0,5180.0,7775.0,0.3938564476885645,5.9875896526714545,235087.0,1723.0,59994.0,1900.0,133973.0,61894.0,0.5698868929375083,1.6218903322022138,100530.0,1764.0,42757.0,1598.0,54579.0,44355.0,0.5429125634139063,7.088073629042557,2285306.0,72.0,274.0,7578216.0,18019749.0,0.26277372262773724,0.4205505859154864,0.0,6251477.25,281.0,443.0,10783005.0,14594450.0,0.6343115124153499,0.738842847794881,4.074074074074074,9681307.5,506.0,1216.0,20575553.0,47132855.0,0.4161184210526316,0.43654374427350096,3.054989816700604,19546266.75,138.0,413.0,6219503.0,17963806.0,0.3341404358353511,0.3462241242195557,16.94915254237288,5990033.75,98.0,230.0,2498617.0,6733639.0,0.4260869565217391,0.37106488779692526,11.363636363636353,2229569.5,123.0,379.0,5765861.0,16695636.0,0.3245382585751979,0.34535138403831994,-6.106870229007633,5753089.75,1218.0,2955.0,0.4121827411167513
2019-12-27,114432.0,1814.0,27604.0,145.0,24117.0,27749.0,0.21075398489932887,-6.107076923076926,42159.0,2305.0,10907.0,320.0,28217.0,11227.0,0.6692995564410921,5.468691366672496,1779946.0,10490.0,269753.0,62341.0,1206633.0,332094.0,0.677904273500432,3.838706760513255,13152.0,1566.0,7736.0,39.0,5180.0,7775.0,0.3938564476885645,5.9875896526714545,235087.0,1723.0,59994.0,1900.0,133973.0,61894.0,0.5698868929375083,1.6218903322022138,100530.0,1764.0,42757.0,1598.0,54579.0,44355.0,0.5429125634139063,7.088073629042557,2285306.0,69.0,278.0,3892726.0,15062550.0,0.24820143884892087,0.2584373827804721,-4.1666666666666625,5708813.75,287.0,485.0,8587662.0,14378363.0,0.5917525773195876,0.5972628455687201,2.1352313167259718,9709711.25,485.0,1241.0,18000199.0,47470314.0,0.39081385979049155,0.37918853875708514,-4.150197628458496,19404574.25,142.0,396.0,6790587.0,18444447.0,0.35858585858585856,0.36816430441096987,2.898550724637672,6327028.0,92.0,227.0,2686813.0,6203457.0,0.4052863436123348,0.43311543869813235,-6.122448979591832,2406223.0,107.0,340.0,5761441.0,16135344.0,0.31470588235294117,0.3570696106633983,-13.008130081300816,5506286.0,1182.0,2967.0,0.39838220424671383
2020-01-03,117526.0,1844.0,26408.0,250.0,26160.0,26658.0,0.22258904412640607,2.703789149888136,45355.0,2286.0,12348.0,476.0,29674.0,12824.0,0.6542608312203726,7.58082497212933,1712764.0,10456.0,264748.0,61089.0,1170426.0,325837.0,0.6833550915362537,-3.774384166710676,13407.0,1584.0,8221.0,9.0,4980.0,8230.0,0.3714477511747595,1.9388686131386779,242341.0,1766.0,60745.0,1963.0,132458.0,62708.0,0.5465769308536319,3.0856661576352584,104028.0,1732.0,45530.0,1414.0,55240.0,46944.0,0.5310108816857,3.479558340793787,2235421.0,76.0,289.0,7202430.0,17178801.0,0.2629757785467128,0.4192626714751513,10.144927536231885,6231800.5,305.0,494.0,14183766.0,19234831.0,0.6174089068825911,0.7374000842534046,6.271777003484313,11041161.0,520.0,1247.0,23192059.0,50334668.0,0.4170008019246191,0.46075716641262043,7.216494845360821,20789678.5,127.0,359.0,6221373.0,17822632.0,0.35376044568245124,0.34907150638581325,-10.563380281690138,6044293.25,86.0,205.0,2466563.0,5628781.0,0.4195121951219512,0.4382055368649091,-6.521739130434778,2463691.0,137.0,399.0,6726545.0,18917708.0,0.3433583959899749,0.35556870842916066,28.037383177570096,5840748.75,1251.0,2993.0,0.4179752756431674
2020-01-10,117526.0,1844.0,26408.0,250.0,26160.0,26658.0,0.22258904412640607,2.703789149888136,45355.0,2286.0,12348.0,476.0,29674.0,12824.0,0.6542608312203726,7.58082497212933,1712764.0,10456.0,264748.0,61089.0,1170426.0,325837.0,0.6833550915362537,-3.774384166710676,13407.0,1584.0,8221.0,9.0,4980.0,8230.0,0.3714477511747595,1.9388686131386779,242341.0,1766.0,60745.0,1963.0,132458.0,62708.0,0.5465769308536319,3.0856661576352584,104028.0,1732.0,45530.0,1414.0,55240.0,46944.0,0.5310108816857,3.479558340793787,2235421.0,65.0,252.0,4166071.0,13604898.0,0.25793650793650796,0.3062184663199974,-14.473684210526317,5709860.75,268.0,448.0,8339521.0,13490292.0,0.5982142857142857,0.6181868413226341,-12.131147540983612,10473488.5,474.0,1198.0,19515629.0,45732032.0,0.39565943238731216,0.4267387244021871,-8.846153846153848,20320860.0,122.0,385.0,5403181.0,18211304.0,0.3168831168831169,0.296693800729481,-3.937007874015752,6158661.0,95.0,219.0,2070473.0,5897034.0,0.4337899543378995,0.35110413133110646,10.465116279069765,2430616.5,111.0,408.0,4321903.0,18857721.0,0.27205882352941174,0.22918479915998333,-18.97810218978102,5643937.5,1135.0,2910.0,0.3900343642611684
2020-01-17,117526.0,1844.0,26408.0,250.0,26160.0,26658.0,0.22258904412640607,2.703789149888136,45355.0,2286.0,12348.0,476.0,29674.0,12824.0,0.6542608312203726,7.58082497212933,1712764.0,10456.0,264748.0,61089.0,1170426.0,325837.0,0.6833550915362537,-3.774384166710676,13407.0,1584.0,8221.0,9.0,4980.0,8230.0,0.3714477511747595,1.9388686131386779,242341.0,1766.0,60745.0,1963.0,132458.0,62708.0,0.5465769308536319,3.0856661576352584,104028.0,1732.0,45530.0,1414.0,55240.0,46944.0,0.5310108816857,3.479558340793787,2235421.0,81.0,298.0,6946842.0,16970106.0,0.27181208053691275,0.40935760801965526,24.615384615384617,5552017.25,261.0,463.0,6092439.0,11410366.0,0.5637149028077754,0.5339389639210521,-2.6119402985074647,9300847.0,527.0,1245.0,20481164.0,44881298.0,0.42329317269076305,0.45634072347907584,11.181434599156127,20297262.75,107.0,368.0,4898511.0,17691758.0,0.2907608695652174,0.2768809634407163,-12.295081967213118,5828413.0,87.0,229.0,1998876.0,6017353.0,0.3799126637554585,0.33218526484984345,-8.421052631578952,2305681.25,126.0,380.0,6949365.0,18585475.0,0.33157894736842103,0.37391376868226395,13.513513513513509,5939813.5,1189.0,2983.0,0.3985920214549112
2020-01-24,117526.0,1844.0,26408.0,250.0,26160.0,26658.0,0.22258904412640607,2.703789149888136,45355.0,2286.0,12348.0,476.0,29674.0,12824.0,0.6542608312203726,7.58082497212933,1712764.0,10456.0,264748.0,61089.0,1170426.0,325837.0,0.6833550915362537,-3.774384166710676,13407.0,1584.0,8221.0,9.0,4980.0,8230.0,0.3714477511747595,1.9388686131386779,242341.0,1766.0,60745.0,1963.0,132458.0,62708.0,0.5465769308536319,3.0856661576352584,104028.0,1732.0,45530.0,1414.0,55240.0,46944.0,0.5310108816857,3.479558340793787,2235421.0,75.0,268.0,5620532.0,13783460.0,0.2798507462686567,0.4077736649578553,-7.4074074074074066,5983968.75,285.0,476.0,10375668.0,15766785.0,0.5987394957983193,0.6580712554905772,9.195402298850585,9747848.5,501.0,1207.0,17785859.0,43491124.0,0.4150787075393538,0.4089537672100634,-4.933586337760909,20243677.75,121.0,359.0,5564795.0,16735176.0,0.3370473537604457,0.3325208530821546,13.08411214953271,5521965.0,96.0,222.0,2157097.0,5916426.0,0.43243243243243246,0.36459460491857754,10.344827586206895,2173252.25,103.0,330.0,5330758.0,15815887.0,0.31212121212121213,0.3370508400825069,-18.253968253968257,5832142.75,1181.0,2862.0,0.41264849755415794
2020-01-31,117526.0,1844.0,26408.0,250.0,26160.0,26658.0,0.22258904412640607,2.703789149888136,45355.0,2286.0,12348.0,476.0,29674.0,12824.0,0.6542608312203726,7.58082497212933,1712764.0,10456.0,264748.0,61089.0,1170426.0,325837.0,0.6833550915362537,-3.774384166710676,13407.0,1584.0,8221.0,9.0,4980.0,8230.0,0.3714477511747595,1.9388686131386779,242341.0,1766.0,60745.0,1963.0,132458.0,62708.0,0.5465769308536319,3.0856661576352584,104028.0,1732.0,45530.0,1414.0,55240.0,46944.0,0.5310108816857,3.479558340793787,2235421.0,61.0,242.0,4309119.0,11547248.0,0.25206611570247933,0.3731728113919438,-18.666666666666664,5260641.0,281.0,470.0,10263379.0,15914899.0,0.597872340425532,0.6448912431049673,-1.403508771929829,8767751.75,510.0,1268.0,23283063.0,49366389.0,0.4022082018927445,0.47163795998933605,1.7964071856287456,20266428.75,122.0,353.0,5891639.0,16985921.0,0.34560906515580736,0.34685425653398483,0.8264462809917328,5439531.5,87.0,212.0,1634539.0,5208974.0,0.41037735849056606,0.3137928889643143,-9.375,1965246.25,120.0,378.0,4831037.0,16745500.0,0.31746031746031744,0.28849762622794184,16.50485436893203,5358265.75,1181.0,2923.0,0.4040369483407458
2020-02-07,112627.0,1812.0,29457.0,22.0,24215.0,29479.0,0.21500173137879905,-4.168439324064465,66598.0,2401.0,20489.0,511.0,41902.0,21000.0,0.6291780533949969,46.83717340976739,1630347.0,9929.0,246988.0,57522.0,1117563.0,304510.0,0.6854755460033968,-4.811929722950737,12855.0,1520.0,7880.0,15.0,4799.0,7895.0,0.373317775184753,-4.117252181696129,251009.0,1777.0,62099.0,2376.0,134694.0,64475.0,0.5366102410670534,3.5767781762062523,93572.0,1678.0,39866.0,1423.0,50674.0,41289.0,0.541550891292267,-10.051140077671395,2167008.0,82.0,343.0,5616981.0,16081120.0,0.239067055393586,0.3492904101206881,34.42622950819671,5623368.5,296.0,469.0,12605315.0,17841953.0,0.6311300639658849,0.7064986103258988,5.3380782918149405,9834200.25,491.0,1155.0,21423181.0,44639296.0,0.4251082251082251,0.4799175372299778,-3.7254901960784292,20743316.75,114.0,368.0,6355848.0,17563276.0,0.30978260869565216,0.3618828286932347,-6.5573770491803245,5677698.25,95.0,223.0,2884575.0,6709356.0,0.4260089686098655,0.4299332156469265,9.195402298850585,2168771.75,104.0,361.0,5231597.0,17211086.0,0.2880886426592798,0.30396669913798585,-13.33333333333333,5585689.25,1182.0,2919.0,0.40493319630010277
2020-02-14,112627.0,1812.0,29457.0,22.0,24215.0,29479.0,0.21500173137879905,-4.168439324064465,66598.0,2401.0,20489.0,511.0,41902.0,21000.0,0.6291780533949969,46.83717340976739,1630347.0,9929.0,246988.0,57522.0,1117563.0,304510.0,0.6854755460033968,-4.811929722950737,12855.0,1520.0,7880.0,15.0,4799.0,7895.0,0.373317775184753,-4.117252181696129,251009.0,1777.0,62099.0,2376.0,134694.0,64475.0,0.5366102410670534,3.5767781762062523,93572.0,1678.0,39866.0,1423.0,50674.0,41289.0,0.541550891292267,-10.051140077671395,2167008.0,75.0,330.0,5771728.0,15081229.0,0.22727272727272727,0.38270939324639924,-8.536585365853655,5329590.0,258.0,424.0,10208444.0,14885038.0,0.6084905660377359,0.6858191426854268,-12.83783783783784,10863201.5,484.0,1197.0,21503431.0,44794171.0,0.404344193817878,0.4800497591528148,-1.4256619144602856,20998883.5,119.0,378.0,4731210.0,16908606.0,0.3148148148148148,0.2798107661861658,4.385964912280693,5635873.0,94.0,227.0,2307414.0,6602593.0,0.41409691629955947,0.3494708821216149,-1.0526315789473717,2245906.25,118.0,382.0,6112280.0,18060118.0,0.3089005235602094,0.3384407565886336,13.461538461538458,5376418.0,1148.0,2938.0,0.3907420013614704
2020-02-21,112627.0,1812.0,29457.0,22.0,24215.0,29479.0,0.21500173137879905,-4.168439324064465,66598.0,2401.0,20489.0,511.0,41902.0,21000.0,0.6291780533949969,46.83717340976739,1630347.0,9929.0,246988.0,57522.0,1117563.0,304510.0,0.6854755460033968,-4.811929722950737,12855.0,1520.0,7880.0,15.0,4799.0,7895.0,0.373317775184753,-4.117252181696129,251009.0,1777.0,62099.0,2376.0,134694.0,64475.0,0.5366102410670534,3.5767781762062523,93572.0,1678.0,39866.0,1423.0,50674.0,41289.0,0.541550891292267,-10.051140077671395,2167008.0,89.0,326.0,7516259.0,17120639.0,0.27300613496932513,0.4390174338703129,18.666666666666675,5803521.75,299.0,516.0,14888177.0,20280333.0,0.5794573643410853,0.7341189614588676,15.891472868217061,11991328.75,494.0,1120.0,21099469.0,41454532.0,0.44107142857142856,0.5089785840544527,2.066115702479343,21827286.0,132.0,371.0,6394592.0,17386893.0,0.3557951482479784,0.36778232890718315,10.924369747899165,5843322.25,90.0,207.0,2076510.0,5310158.0,0.43478260869565216,0.3910448615653244,-4.255319148936165,2225759.5,133.0,383.0,7428690.0,18431129.0,0.3472584856396867,0.4030512726594231,12.711864406779672,5900901.0,1237.0,2923.0,0.4231953472459802
2020-02-28,112627.0,1812.0,29457.0,22.0,24215.0,29479.0,0.21500173137879905,-4.168439324064465,66598.0,2401.0,20489.0,511.0,41902.0,21000.0,0.6291780533949969,46.83717340976739,1630347.0,9929.0,246988.0,57522.0,1117563.0,304510.0,0.6854755460033968,-4.811929722950737,12855.0,1520.0,7880.0,15.0,4799.0,7895.0,0.373317775184753,-4.117252181696129,251009.0,1777.0,62099.0,2376.0,134694.0,64475.0,0.5366102410670534,3.5767781762062523,93572.0,1678.0,39866.0,1423.0,50674.0,41289.0,0.541550891292267,-10.051140077671395,2167008.0,77.0,282.0,6716890.0,15316339.0,0.2730496453900709,0.4385440933371872,-13.48314606741573,6405464.5,280.0,456.0,14196840.0,18850973.0,0.6140350877192983,0.7531091365946999,-6.35451505016722,12974694.0,408.0,1001.0,19776420.0,38123654.0,0.4075924075924076,0.518744084709194,-17.40890688259109,20950625.25,117.0,364.0,5709985.0,16560147.0,0.32142857142857145,0.3448027967384589,-11.363636363636365,5797908.75,84.0,208.0,1888229.0,5184755.0,0.40384615384615385,0.3641886646524281,-6.666666666666665,2289182.0,107.0,370.0,5486939.0,17639816.0,0.2891891891891892,0.31105420827518837,-19.548872180451127,6064876.5,1073.0,2681.0,0.4002237970906378
2020-03-06,121863.0,1834.0,32467.0,22.0,26262.0,32489.0,0.2155042958075872,8.200520301526272,77983.0,2433.0,25259.0,517.0,48762.0,25776.0,0.6252901273354449,17.09510796120004,1708042.0,10259.0,259487.0,62321.0,1172970.0,321808.0,0.6867336985858662,4.765549910540523,13792.0,1611.0,8550.0,17.0,4936.0,8567.0,0.35788863109048724,7.28899260987943,278068.0,1763.0,66569.0,2227.0,153939.0,68796.0,0.5536019966339168,10.780091550502169,103174.0,1801.0,43093.0,1539.0,54354.0,44632.0,0.5268187721712835,10.261616722951317,2302922.0,73.0,291.0,6109545.0,15236481.0,0.2508591065292096,0.4009813683356413,-5.1948051948051965,6528605.5,295.0,475.0,15628358.0,20103867.0,0.6210526315789474,0.7773806899936216,5.35714285714286,13730454.75,462.0,1086.0,21273117.0,42834831.0,0.425414364640884,0.49663128121131145,13.235294117647056,20913109.25,138.0,373.0,7576481.0,18182985.0,0.3699731903485255,0.41667971457931685,17.948717948717952,6103067.0,95.0,218.0,2168975.0,5377509.0,0.43577981651376146,0.4033419562849639,13.095238095238093,2110282.0,101.0,353.0,3764489.0,15025139.0,0.28611898016997167,0.2505460348819402,-5.607476635514019,5698099.5,1164.0,2796.0,0.41630901287553645
2020-03-13,121863.0,1834.0,32467.0,22.0,26262.0,32489.0,0.2155042958075872,8.200520301526272,77983.0,2433.0,25259.0,517.0,48762.0,25776.0,0.6252901273354449,17.09510796120004,1708042.0,10259.0,259487.0,62321.0,1172970.0,321808.0,0.6867336985858662,4.765549910540523,13792.0,1611.0,8550.0,17.0,4936.0,8567.0,0.35788863109048724,7.28899260987943,278068.0,1763.0,66569.0,2227.0,153939.0,68796.0,0.5536019966339168,10.780091550502169,103174.0,1801.0,43093.0,1539.0,54354.0,44632.0,0.5268187721712835,10.261616722951317,2302922.0,77.0,296.0,6488326.0,15664655.0,0.26013513513513514,0.41420165333995546,5.47945205479452,6707755.0,294.0,452.0,16500334.0,20840028.0,0.6504424778761062,0.7917616041590732,-0.3389830508474523,15303427.25,502.0,1167.0,22143321.0,44136795.0,0.4301628106255356,0.50169752923836,8.658008658008654,21073081.75,105.0,355.0,5458343.0,16952273.0,0.29577464788732394,0.32198295768360974,-23.913043478260864,6284850.25,95.0,228.0,2183721.0,5917094.0,0.4166666666666667,0.36905295065449356,0.0,2079358.75,119.0,357.0,6847491.0,18176184.0,0.3333333333333333,0.37672874570371867,17.821782178217816,5881902.25,1192.0,2855.0,0.41751313485113833
2020-03-20,121863.0,1834.0,32467.0,22.0,26262.0,32489.0,0.2155042958075872,8.200520301526272,77983.0,2433.0,25259.0,517.0,48762.0,25776.0,0.6252901273354449,17.09510796120004,1708042.0,10259.0,259487.0,62321.0,1172970.0,321808.0,0.6867336985858662,4.765549910540523,13792.0,1611.0,8550.0,17.0,4936.0,8567.0,0.35788863109048724,7.28899260987943,278068.0,1763.0,66569.0,2227.0,153939.0,68796.0,0.5536019966339168,10.780091550502169,103174.0,1801.0,43093.0,1539.0,54354.0,44632.0,0.5268187721712835,10.261616722951317,2302922.0,67.0,317.0,6226102.0,15700184.0,0.2113564668769716,0.3965623587596171,-12.987012987012992,6385215.75,276.0,458.0,13004218.0,17912253.0,0.6026200873362445,0.7259956634154285,-6.122448979591832,14832437.5,431.0,1088.0,20997094.0,43344014.0,0.3961397058823529,0.48442892252664926,-14.143426294820715,21047488.0,128.0,389.0,5369772.0,18603053.0,0.32904884318766064,0.2886500403992828,21.904761904761916,6028645.25,99.0,217.0,2815574.0,6134489.0,0.45622119815668205,0.45897449649025374,4.210526315789465,2264124.75,120.0,413.0,5980836.0,19795148.0,0.29055690072639223,0.3021364629352607,0.8403361344537785,5519938.75,1121.0,2882.0,0.3889659958362248
2020-03-27,121863.0,1834.0,32467.0,22.0,26262.0,32489.0,0.2155042958075872,8.200520301526272,77983.0,2433.0,25259.0,517.0,48762.0,25776.0,0.6252901273354449,17.09510796120004,1708042.0,10259.0,259487.0,62321.0,1172970.0,321808.0,0.6867336985858662,4.765549910540523,13792.0,1611.0,8550.0,17.0,4936.0,8567.0,0.35788863109048724,7.28899260987943,278068.0,1763.0,66569.0,2227.0,153939.0,68796.0,0.5536019966339168,10.780091550502169,103174.0,1801.0,43093.0,1539.0,54354.0,44632.0,0.5268187721712835,10.261616722951317,2302922.0,61.0,292.0,4216443.0,15874419.0,0.2089041095890411,0.26561242965805554,-8.955223880597018,5760104.0,270.0,441.0,10025228.0,15435529.0,0.6122448979591837,0.649490406192104,-2.1739130434782594,13789534.5,445.0,1113.0,19727792.0,43942908.0,0.3998203054806828,0.4489414310040655,3.2482598607888713,21035331.0,117.0,363.0,5841765.0,18105318.0,0.32231404958677684,0.32265464765656143,-8.59375,6061590.25,96.0,209.0,2877682.0,6061108.0,0.45933014354066987,0.4747782088687415,-3.0303030303030276,2511488.0,97.0,377.0,4135525.0,16431667.0,0.2572944297082228,0.2516801855831183,-19.166666666666664,5182085.25,1086.0,2795.0,0.3885509838998211
2020-04-03,114336.0,1882.0,28906.0,292.0,29906.0,29198.0,0.26156241253848306,-6.176608158341745,99277.0,2390.0,32343.0,669.0,61561.0,33012.0,0.620093274373722,27.305951297077556,1495020.0,9329.0,221846.0,60033.0,1050248.0,281879.0,0.7024976254498267,-12.471707370193474,14232.0,1657.0,8504.0,12.0,5432.0,8516.0,0.38167509836987074,3.190255220417626,247931.0,1514.0,62185.0,2590.0,140065.0,64775.0,0.5649354054152164,-10.837996461297239,102156.0,1853.0,42663.0,1510.0,53847.0,44173.0,0.5271056031951133,-0.9866826913757287,2072952.0,79.0,323.0,6370232.0,15522794.0,0.24458204334365324,0.4103792139482106,29.508196721311485,5825275.75,303.0,494.0,16775703.0,22268866.0,0.6133603238866396,0.7533254275273829,12.222222222222223,14076370.75,480.0,1146.0,21149825.0,45308221.0,0.418848167539267,0.4667988398838259,7.86516853932584,21004508.0,115.0,381.0,5655916.0,17404677.0,0.30183727034120733,0.32496529524793827,-1.7094017094017144,5581449.0,90.0,205.0,2396881.0,5659297.0,0.43902439024390244,0.4235298129785378,-6.25,2568464.5,117.0,369.0,5825709.0,16982561.0,0.3170731707317073,0.3430406638904462,20.618556701030922,5697390.25,1184.0,2918.0,0.40575736806031526
2020-04-10,114336.0,1882.0,28906.0,292.0,29906.0,29198.0,0.26156241253848306,-6.176608158341745,99277.0,2390.0,32343.0,669.0,61561.0,33012.0,0.620093274373722,27.305951297077556,1495020.0,9329.0,221846.0,60033.0,1050248.0,281879.0,0.7024976254498267,-12.471707370193474,14232.0,1657.0,8504.0,12.0,5432.0,8516.0,0.38167509836987074,3.190255220417626,247931.0,1514.0,62185.0,2590.0,140065.0,64775.0,0.5649354054152164,-10.837996461297239,102156.0,1853.0,42663.0,1510.0,53847.0,44173.0,0.5271056031951133,-0.9866826913757287,2072952.0,88.0,331.0,7802382.0,19780213.0,0.26586102719033233,0.39445389187669516,11.392405063291132,6153789.75,343.0,575.0,19377461.0,25625932.0,0.5965217391304348,0.756166097685735,13.201320132013205,14795652.5,429.0,1105.0,20061506.0,45451005.0,0.38823529411764707,0.4413875116732842,-10.624999999999996,20484054.25,147.0,416.0,7127163.0,19271707.0,0.35336538461538464,0.36982520541641695,27.826086956521735,5998654.0,87.0,199.0,2977134.0,6168439.0,0.4371859296482412,0.48263977320680324,-3.3333333333333326,2766817.75,140.0,417.0,6129261.0,19516466.0,0.33573141486810554,0.3140558849127706,19.658119658119656,5517832.75,1234.0,3043.0,0.4055208675649031
2020-04-17,114336.0,1882.0,28906.0,292.0,29906.0,29198.0,0.26156241253848306,-6.176608158341745,99277.0,2390.0,32343.0,669.0,61561.0,33012.0,0.620093274373722,27.305951297077556,1495020.0,9329.0,221846.0,60033.0,1050248.0,281879.0,0.7024976254498267,-12.471707370193474,14232.0,1657.0,8504.0,12.0,5432.0,8516.0,0.38167509836987074,3.190255220417626,247931.0,1514.0,62185.0,2590.0,140065.0,64775.0,0.5649354054152164,-10.837996461297239,102156.0,1853.0,42663.0,1510.0,53847.0,44173.0,0.5271056031951133,-0.9866826913757287,2072952.0,97.0,397.0,9578206.0,23153540.0,0.24433249370277077,0.4136821410462504,10.22727272727273,6991815.75,313.0,496.0,17667059.0,23508530.0,0.6310483870967742,0.7515169600140885,-8.74635568513119,15961362.75,456.0,1115.0,21559817.0,44906065.0,0.40896860986547084,0.48010924582236275,6.2937062937062915,20624735.0,129.0,380.0,6677282.0,18651661.0,0.3394736842105263,0.35799932241959576,-12.244897959183676,6325531.5,85.0,213.0,2447285.0,5828055.0,0.39906103286384975,0.41991453409413604,-2.298850574712641,2674745.5,139.0,403.0,7310880.0,19131103.0,0.34491315136476425,0.3821462881674935,-0.7142857142857117,5850343.75,1219.0,3004.0,0.40579227696404796
2020-04-24,114336.0,1882.0,28906.0,292.0,29906.0,29198.0,0.26156241253848306,-6.176608158341745,99277.0,2390.0,32343.0,669.0,61561.0,33012.0,0.620093274373722,27.305951297077556,1495020.0,9329.0,221846.0,60033.0,1050248.0,281879.0,0.7024976254498267,-12.471707370193474,14232.0,1657.0,8504.0,12.0,5432.0,8516.0,0.38167509836987074,3.190255220417626,247931.0,1514.0,62185.0,2590.0,140065.0,64775.0,0.5649354054152164,-10.837996461297239,102156.0,1853.0,42663.0,1510.0,53847.0,44173.0,0.5271056031951133,-0.9866826913757287,2072952.0,92.0,346.0,8432230.0,21612985.0,0.2658959537572254,0.3901464790726501,-5.154639175257736,8045762.5,336.0,521.0,18239754.0,23939095.0,0.6449136276391555,0.7619232890800592,7.348242811501593,18014994.25,422.0,1025.0,18828877.0,38130639.0,0.4117073170731707,0.4937991466652316,-7.4561403508771935,20400006.25,147.0,395.0,6500905.0,18150545.0,0.3721518987341772,0.3581658291803359,13.953488372093027,6490316.5,78.0,207.0,2221879.0,6216691.0,0.37681159420289856,0.35740541069195814,-8.235294117647063,2510794.75,148.0,409.0,6670134.0,18300278.0,0.36185819070904646,0.3644826597716166,6.474820143884896,6483996.0,1223.0,2903.0,0.4212883224250775
2020-05-01,136130.0,2117.0,37791.0,348.0,32776.0,38139.0,0.24076985234702122,19.061363000279876,124484.0,2423.0,42919.0,919.0,73502.0,43838.0,0.590453391600527,25.390573848927755,1447789.0,9156.0,223136.0,64333.0,1015332.0,287469.0,0.7012983245486739,-3.1592219502080243,13606.0,1565.0,8007.0,47.0,5399.0,8054.0,0.396810230780538,-4.39853850477796,217550.0,1392.0,47263.0,1614.0,129673.0,48877.0,0.596060675706734,-12.253812552686028,100589.0,1726.0,39240.0,1314.0,56416.0,40554.0,0.560856554891688,-1.5339285015074977,2040148.0,91.0,369.0,9244642.0,23883771.0,0.24661246612466126,0.38706793830840197,-1.0869565217391353,8764365.0,320.0,526.0,18212185.0,22879788.0,0.6083650190114068,0.795994482116705,-4.761904761904767,18374114.75,437.0,1048.0,24190472.0,44746593.0,0.4169847328244275,0.5406103655757657,3.5545023696682554,21160168.0,152.0,394.0,9157263.0,21355422.0,0.38578680203045684,0.42880271811065124,3.401360544217691,7365653.25,68.0,198.0,1438091.0,5227483.0,0.3434343434343434,0.2751019945928088,-12.82051282051282,2271097.25,149.0,395.0,8056114.0,19026623.0,0.37721518987341773,0.4234127096542566,0.6756756756756799,7041597.25,1217.0,2930.0,0.415358361774744
2020-05-08,136130.0,2117.0,37791.0,348.0,32776.0,38139.0,0.24076985234702122,19.061363000279876,124484.0,2423.0,42919.0,919.0,73502.0,43838.0,0.590453391600527,25.390573848927755,1447789.0,9156.0,223136.0,64333.0,1015332.0,287469.0,0.7012983245486739,-3.1592219502080243,13606.0,1565.0,8007.0,47.0,5399.0,8054.0,0.396810230780538,-4.39853850477796,217550.0,1392.0,47263.0,1614.0,129673.0,48877.0,0.596060675706734,-12.253812552686028,100589.0,1726.0,39240.0,1314.0,56416.0,40554.0,0.560856554891688,-1.5339285015074977,2040148.0,99.0,386.0,6971309.0,20561530.0,0.25647668393782386,0.3390462188368278,8.791208791208781,8556596.75,353.0,570.0,20163734.0,26801071.0,0.6192982456140351,0.7523480684783082,10.312499999999991,18570683.0,448.0,1112.0,19942726.0,44202189.0,0.4028776978417266,0.45117055175706344,2.517162471395884,21130473.0,156.0,396.0,8129023.0,19644293.0,0.3939393939393939,0.41381092208307013,2.6315789473684292,7616118.25,77.0,204.0,2177859.0,6353678.0,0.37745098039215685,0.3427713837559914,13.235294117647056,2071278.5,149.0,398.0,7940510.0,20128574.0,0.3743718592964824,0.39448944570042566,0.0,7494409.5,1282.0,3066.0,0.4181343770384866
2020-05-15,136130.0,2117.0,37791.0,348.0,32776.0,38139.0,0.24076985234702122,19.061363000279876,124484.0,2423.0,42919.0,919.0,73502.0,43838.0,0.590453391600527,25.390573848927755,1447789.0,9156.0,223136.0,64333.0,1015332.0,287469.0,0.7012983245486739,-3.1592219502080243,13606.0,1565.0,8007.0,47.0,5399.0,8054.0,0.396810230780538,-4.39853850477796,217550.0,1392.0,47263.0,1614.0,129673.0,48877.0,0.596060675706734,-12.253812552686028,100589.0,1726.0,39240.0,1314.0,56416.0,40554.0,0.560856554891688,-1.5339285015074977,2040148.0,81.0,348.0,8340403.0,22415349.0,0.23275862068965517,0.37208445873405765,-18.181818181818176,8247146.0,359.0,590.0,18024394.0,24520627.0,0.6084745762711864,0.7350706815123447,1.6997167138810276,18660016.75,445.0,1068.0,23412604.0,45241652.0,0.4166666666666667,0.5175010850620574,-0.6696428571428603,21593669.75,144.0,376.0,7620606.0,19049461.0,0.3829787234042553,0.4000431298292377,-7.692307692307687,7851949.25,70.0,187.0,1574244.0,5288330.0,0.37433155080213903,0.2976826332698602,-9.090909090909093,1853018.25,130.0,350.0,6481074.0,17228213.0,0.37142857142857144,0.3761895676585842,-12.751677852348998,7286958.0,1229.0,2919.0,0.421034600890716
2020-05-22,136130.0,2117.0,37791.0,348.0,32776.0,38139.0,0.24076985234702122,19.061363000279876,124484.0,2423.0,42919.0,919.0,73502.0,43838.0,0.590453391600527,25.390573848927755,1447789.0,9156.0,223136.0,64333.0,1015332.0,287469.0,0.7012983245486739,-3.1592219502080243,13606.0,1565.0,8007.0,47.0,5399.0,8054.0,0.396810230780538,-4.39853850477796,217550.0,1392.0,47263.0,1614.0,129673.0,48877.0,0.596060675706734,-12.253812552686028,100589.0,1726.0,39240.0,1314.0,56416.0,40554.0,0.560856554891688,-1.5339285015074977,2040148.0,91.0,414.0,7904405.0,23917758.0,0.21980676328502416,0.33048268989091706,12.34567901234569,8115189.75,342.0,556.0,20010724.0,26346056.0,0.6151079136690647,0.7595339507363076,-4.73537604456824,19102759.25,455.0,1075.0,22720493.0,46416964.0,0.4232558139534884,0.4894868393374457,2.2471910112359605,22566573.75,137.0,359.0,5908738.0,16520461.0,0.3816155988857939,0.35766181101120603,-4.861111111111116,7703907.5,74.0,171.0,1912832.0,4828217.0,0.4327485380116959,0.39617771943555974,5.714285714285716,1775756.5,142.0,376.0,6504065.0,16985088.0,0.3776595744680851,0.3829279542148972,9.23076923076922,7245440.75,1241.0,2951.0,0.42053541172483905
2020-05-29,136130.0,2117.0,37791.0,348.0,32776.0,38139.0,0.24076985234702122,19.061363000279876,124484.0,2423.0,42919.0,919.0,73502.0,43838.0,0.590453391600527,25.390573848927755,1447789.0,9156.0,223136.0,64333.0,1015332.0,287469.0,0.7012983245486739,-3.1592219502080243,13606.0,1565.0,8007.0,47.0,5399.0,8054.0,0.396810230780538,-4.39853850477796,217550.0,1392.0,47263.0,1614.0,129673.0,48877.0,0.596060675706734,-12.253812552686028,100589.0,1726.0,39240.0,1314.0,56416.0,40554.0,0.560856554891688,-1.5339285015074977,2040148.0,80.0,366.0,7120989.0,23594478.0,0.2185792349726776,0.3018074398594451,-12.08791208791209,7584276.5,327.0,533.0,15040220.0,20919197.0,0.6135084427767354,0.7189673676288817,-4.385964912280704,18309768.0,475.0,1088.0,23851419.0,46361597.0,0.4365808823529412,0.5144649999869504,4.395604395604402,22481810.5,130.0,362.0,6040434.0,16900285.0,0.35911602209944754,0.3574161027461963,-5.109489051094895,6924700.25,65.0,176.0,1524166.0,4849457.0,0.3693181818181818,0.3142962191437103,-12.16216216216216,1797275.25,115.0,326.0,5154526.0,15407637.0,0.35276073619631904,0.3345435773181832,-19.01408450704225,6520043.75,1192.0,2851.0,0.41809891266222377
2020-06-05,129666.0,2056.0,37764.0,252.0,29902.0,38016.0,0.23060786944920025,-4.748402262543161,126435.0,2446.0,42769.0,1104.0,72601.0,43873.0,0.5742160003163681,1.5672696892773397,1479680.0,9733.0,232567.0,62897.0,1024373.0,295464.0,0.6922936040224914,2.2027381061743068,11975.0,1370.0,7230.0,24.0,4563.0,7254.0,0.3810438413361169,-11.98735851830075,207446.0,1335.0,45190.0,1766.0,121993.0,46956.0,0.5880711124822845,-4.644449551827168,91631.0,1496.0,36637.0,1475.0,51689.0,38112.0,0.5640994859818184,-8.905546332103908,2046833.0,89.0,426.0,7419662.0,27267314.0,0.20892018779342722,0.272108283199438,11.250000000000004,7696364.75,352.0,586.0,18879485.0,25520064.0,0.6006825938566553,0.7397898767025035,7.645259938837912,17988705.75,494.0,1149.0,22696988.0,44316243.0,0.4299390774586597,0.5121595709275265,4.0000000000000036,23170376.0,115.0,318.0,4714048.0,14216131.0,0.36163522012578614,0.33159852001926543,-11.538461538461542,6070956.5,73.0,185.0,1778476.0,5302899.0,0.3945945945945946,0.33537806396086367,12.307692307692308,1697429.5,138.0,365.0,6417682.0,16655142.0,0.3780821917808219,0.3853273661671573,19.999999999999996,6139336.75,1261.0,3029.0,0.41630901287553645
2020-06-12,129666.0,2056.0,37764.0,252.0,29902.0,38016.0,0.23060786944920025,-4.748402262543161,126435.0,2446.0,42769.0,1104.0,72601.0,43873.0,0.5742160003163681,1.5672696892773397,1479680.0,9733.0,232567.0,62897.0,1024373.0,295464.0,0.6922936040224914,2.2027381061743068,11975.0,1370.0,7230.0,24.0,4563.0,7254.0,0.3810438413361169,-11.98735851830075,207446.0,1335.0,45190.0,1766.0,121993.0,46956.0,0.5880711124822845,-4.644449551827168,91631.0,1496.0,36637.0,1475.0,51689.0,38112.0,0.5640994859818184,-8.905546332103908,2046833.0,80.0,314.0,4626288.0,18295543.0,0.25477707006369427,0.2528642085124229,-10.1123595505618,6767836.0,344.0,557.0,17713068.0,23405835.0,0.6175942549371634,0.7567800080620922,-2.2727272727272707,17910874.25,479.0,1114.0,19502730.0,44116986.0,0.42998204667863554,0.44206850395446323,-3.0364372469635637,22192907.5,124.0,342.0,5424043.0,16382623.0,0.36257309941520466,0.3310851381979552,7.826086956521738,5521815.75,70.0,173.0,1623759.0,4387297.0,0.4046242774566474,0.37010464529754883,-4.109589041095896,1709808.25,88.0,316.0,3246176.0,15124632.0,0.27848101265822783,0.2146284286454044,-36.23188405797102,5330612.25,1185.0,2816.0,0.4208096590909091
2020-06-19,129666.0,2056.0,37764.0,252.0,29902.0,38016.0,0.23060786944920025,-4.748402262543161,126435.0,2446.0,42769.0,1104.0,72601.0,43873.0,0.5742160003163681,1.5672696892773397,1479680.0,9733.0,232567.0,62897.0,1024373.0,295464.0,0.6922936040224914,2.2027381061743068,11975.0,1370.0,7230.0,24.0,4563.0,7254.0,0.3810438413361169,-11.98735851830075,207446.0,1335.0,45190.0,1766.0,121993.0,46956.0,0.5880711124822845,-4.644449551827168,91631.0,1496.0,36637.0,1475.0,51689.0,38112.0,0.5640994859818184,-8.905546332103908,2046833.0,103.0,425.0,7365938.0,26406484.0,0.24235294117647058,0.27894429262146375,28.750000000000007,6633219.25,354.0,596.0,17210701.0,23871975.0,0.5939597315436241,0.7209584041538247,2.9069767441860517,17210868.5,459.0,1075.0,19580774.0,43348139.0,0.42697674418604653,0.4517096800856895,-4.175365344467641,21407977.75,103.0,304.0,4908299.0,15773701.0,0.33881578947368424,0.311169775565037,-16.935483870967737,5271706.0,73.0,178.0,1834777.0,5005271.0,0.4101123595505618,0.3665689629992062,4.285714285714293,1690294.5,106.0,297.0,4624944.0,13565439.0,0.3569023569023569,0.3409358149043315,20.45454545454546,4860832.0,1198.0,2875.0,0.416695652173913
2020-06-26,129666.0,2056.0,37764.0,252.0,29902.0,38016.0,0.23060786944920025,-4.748402262543161,126435.0,2446.0,42769.0,1104.0,72601.0,43873.0,0.5742160003163681,1.5672696892773397,1479680.0,9733.0,232567.0,62897.0,1024373.0,295464.0,0.6922936040224914,2.2027381061743068,11975.0,1370.0,7230.0,24.0,4563.0,7254.0,0.3810438413361169,-11.98735851830075,207446.0,1335.0,45190.0,1766.0,121993.0,46956.0,0.5880711124822845,-4.644449551827168,91631.0,1496.0,36637.0,1475.0,51689.0,38112.0,0.5640994859818184,-8.905546332103908,2046833.0,100.0,362.0,7826191.0,22995362.0,0.27624309392265195,0.34033780377103867,-2.9126213592232997,6809519.75,398.0,612.0,18433494.0,24230233.0,0.6503267973856209,0.7607642072612344,12.429378531073443,18059187.0,425.0,1070.0,19159148.0,42226345.0,0.397196261682243,0.453724990879509,-7.4074074074074066,20234910.0,129.0,360.0,4838663.0,14521455.0,0.35833333333333334,0.33320786381254497,25.242718446601952,4971263.25,65.0,181.0,1662709.0,4853180.0,0.35911602209944754,0.3426019640730408,-10.95890410958904,1724930.25,106.0,307.0,4039987.0,13615594.0,0.34527687296416937,0.2967176459580096,0.0,4582197.25,1223.0,2892.0,0.42289073305670816
2020-07-03,139068.0,2335.0,39759.0,114.0,30920.0,39873.0,0.22233727385164093,7.250937022812454,92120.0,2452.0,26996.0,892.0,59201.0,27888.0,0.6426508901432914,-27.14042788784751,1578804.0,10128.0,256571.0,62721.0,1069104.0,319292.0,0.6771606861903061,6.699016003460212,13089.0,1487.0,8099.0,36.0,4851.0,8135.0,0.3706165482466193,9.30271398747391,212999.0,1395.0,51369.0,2769.0,126354.0,54138.0,0.5932140526481345,2.676841202047764,92606.0,1570.0,39645.0,1334.0,50087.0,40979.0,0.5408612832861801,1.0640503759644648,2128686.0,83.0,382.0,6693258.0,26730602.0,0.21727748691099477,0.2503968298207425,-17.000000000000004,6627918.75,341.0,572.0,13726060.0,20605989.0,0.5961538461538461,0.666119932413824,-14.321608040201006,16770830.75,458.0,1071.0,20710688.0,43272544.0,0.4276377217553688,0.47861036319010963,7.76470588235294,19738335.0,114.0,347.0,4361338.0,15927142.0,0.3285302593659942,0.27383054662286554,-11.627906976744185,4883085.75,82.0,177.0,2132988.0,5025865.0,0.4632768361581921,0.42440216758707205,26.15384615384615,1813558.25,106.0,351.0,4949705.0,15894294.0,0.301994301994302,0.3114139577385444,0.0,4215203.0,1184.0,2900.0,0.40827586206896554
2020-07-10,139068.0,2335.0,39759.0,114.0,30920.0,39873.0,0.22233727385164093,7.250937022812454,92120.0,2452.0,26996.0,892.0,59201.0,27888.0,0.6426508901432914,-27.14042788784751,1578804.0,10128.0,256571.0,62721.0,1069104.0,319292.0,0.6771606861903061,6.699016003460212,13089.0,1487.0,8099.0,36.0,4851.0,8135.0,0.3706165482466193,9.30271398747391,212999.0,1395.0,51369.0,2769.0,126354.0,54138.0,0.5932140526481345,2.676841202047764,92606.0,1570.0,39645.0,1334.0,50087.0,40979.0,0.5408612832861801,1.0640503759644648,2128686.0,100.0,409.0,6267494.0,24044770.0,0.24449877750611246,0.2606593450467607,20.481927710843383,7038220.25,348.0,568.0,17982912.0,24262203.0,0.6126760563380281,0.7411904022070873,2.052785923753664,16838291.75,421.0,1086.0,17732492.0,42120606.0,0.3876611418047882,0.420993278206871,-8.078602620087338,19295775.5,134.0,362.0,5628412.0,15973293.0,0.3701657458563536,0.35236391143642076,17.543859649122815,4934178.0,80.0,190.0,2120058.0,5570364.0,0.42105263157894735,0.38059595387303236,-2.4390243902439046,1937633.0,90.0,296.0,3673263.0,14600641.0,0.30405405405405406,0.2515823106670454,-15.094339622641506,4321974.75,1173.0,2911.0,0.4029543112332532
2020-07-17,139068.0,2335.0,39759.0,114.0,30920.0,39873.0,0.22233727385164093,7.250937022812454,92120.0,2452.0,26996.0,892.0,59201.0,27888.0,0.6426508901432914,-27.14042788784751,1578804.0,10128.0,256571.0,62721.0,1069104.0,319292.0,0.6771606861903061,6.699016003460212,13089.0,1487.0,8099.0,36.0,4851.0,8135.0,0.3706165482466193,9.30271398747391,212999.0,1395.0,51369.0,2769.0,126354.0,54138.0,0.5932140526481345,2.676841202047764,92606.0,1570.0,39645.0,1334.0,50087.0,40979.0,0.5408612832861801,1.0640503759644648,2128686.0,91.0,404.0,7805849.0,25486401.0,0.22524752475247525,0.3062750601781711,-8.999999999999996,7148198.0,368.0,568.0,19287484.0,24759398.0,0.647887323943662,0.778996484486416,5.747126436781613,17357487.5,464.0,1174.0,20920442.0,46044706.0,0.39522998296422485,0.45435064782474666,10.213776722090252,19630692.5,115.0,365.0,4350406.0,15812566.0,0.3150684931506849,0.2751233417776723,-14.179104477611936,4794704.75,75.0,194.0,1854348.0,5527713.0,0.3865979381443299,0.3354638708630495,-6.25,1942525.75,84.0,323.0,3491262.0,14697415.0,0.26006191950464397,0.23754258827147495,-6.666666666666665,4038554.25,1197.0,3028.0,0.39531043593130777
2020-07-24,139068.0,2335.0,39759.0,114.0,30920.0,39873.0,0.22233727385164093,7.250937022812454,92120.0,2452.0,26996.0,892.0,59201.0,27888.0,0.6426508901432914,-27.14042788784751,1578804.0,10128.0,256571.0,62721.0,1069104.0,319292.0,0.6771606861903061,6.699016003460212,13089.0,1487.0,8099.0,36.0,4851.0,8135.0,0.3706165482466193,9.30271398747391,212999.0,1395.0,51369.0,2769.0,126354.0,54138.0,0.5932140526481345,2.676841202047764,92606.0,1570.0,39645.0,1334.0,50087.0,40979.0,0.5408612832861801,1.0640503759644648,2128686.0,107.0,463.0,7889427.0,27333640.0,0.23110151187904968,0.28863433483429213,17.582417582417587,7164007.0,354.0,563.0,15748888.0,21240763.0,0.6287744227353463,0.7414464348573542,-3.804347826086951,16686336.0,484.0,1163.0,22021518.0,48570327.0,0.41616509028374893,0.4533944768376791,4.31034482758621,20346285.0,112.0,355.0,4842359.0,16520099.0,0.3154929577464789,0.29311924825632096,-2.608695652173909,4795628.75,86.0,204.0,2341021.0,5711057.0,0.4215686274509804,0.4099102845585327,14.666666666666671,2112103.75,88.0,321.0,3222956.0,14259084.0,0.27414330218068533,0.22602826380712815,4.761904761904767,3834296.5,1231.0,3069.0,0.40110785272075594
2020-07-31,139068.0,2335.0,39759.0,114.0,30920.0,39873.0,0.22233727385164093,7.250937022812454,92120.0,2452.0,26996.0,892.0,59201.0,27888.0,0.6426508901432914,-27.14042788784751,1578804.0,10128.0,256571.0,62721.0,1069104.0,319292.0,0.6771606861903061,6.699016003460212,13089.0,1487.0,8099.0,36.0,4851.0,8135.0,0.3706165482466193,9.30271398747391,212999.0,1395.0,51369.0,2769.0,126354.0,54138.0,0.5932140526481345,2.676841202047764,92606.0,1570.0,39645.0,1334.0,50087.0,40979.0,0.5408612832861801,1.0640503759644648,2128686.0,96.0,407.0,7070292.0,22777565.0,0.23587223587223588,0.31040596306058177,-10.280373831775702,7258265.5,398.0,622.0,17790002.0,23918251.0,0.639871382636656,0.7437835651110108,12.429378531073443,17702321.5,432.0,1127.0,20317560.0,50055654.0,0.38331854480922806,0.40589940149418485,-10.743801652892559,20248003.0,119.0,396.0,4468590.0,17253966.0,0.3005050505050505,0.2589891506683159,6.25,4822441.75,77.0,203.0,1516143.0,5274836.0,0.3793103448275862,0.2874294101276324,-10.465116279069765,1957892.5,96.0,355.0,3878530.0,16682322.0,0.2704225352112676,0.2324934142860928,9.090909090909083,3566502.75,1218.0,3110.0,0.3916398713826367
2020-08-07,123503.0,2115.0,33843.0,139.0,32177.0,33982.0,0.2605361813073367,-11.19236632438807,93943.0,2367.0,28145.0,876.0,60359.0,29021.0,0.6425066263585366,1.9789405123751713,1505548.0,9917.0,228676.0,62238.0,1026542.0,290914.0,0.6818394365373937,-4.6399679757588626,13333.0,1556.0,8601.0,20.0,4554.0,8621.0,0.3415585389634741,1.8641607456642895,227615.0,1478.0,56968.0,3293.0,132416.0,60261.0,0.5817542780572458,6.862004046967352,103586.0,1666.0,48029.0,1346.0,52513.0,49375.0,0.5069507462398394,11.856683152279546,2067528.0,93.0,424.0,6299202.0,24128423.0,0.21933962264150944,0.26106977650383534,-3.125,7266192.5,395.0,628.0,20495454.0,27232997.0,0.6289808917197452,0.7525963447945153,-0.7537688442211032,18330457.0,429.0,1051.0,20607377.0,45960523.0,0.4081826831588963,0.4483712467762823,-0.694444444444442,20966724.25,120.0,350.0,4228253.0,15554183.0,0.34285714285714286,0.2718402503043715,0.8403361344537785,4472402.0,79.0,206.0,1830049.0,5367209.0,0.38349514563106796,0.3409684623796092,2.5974025974025983,1885390.25,87.0,346.0,3720938.0,15253888.0,0.2514450867052023,0.2439337433184248,-9.375,3578421.5,1203.0,3005.0,0.40033277870216305
2020-08-14,123503.0,2115.0,33843.0,139.0,32177.0,33982.0,0.2605361813073367,-11.19236632438807,93943.0,2367.0,28145.0,876.0,60359.0,29021.0,0.6425066263585366,1.9789405123751713,1505548.0,9917.0,228676.0,62238.0,1026542.0,290914.0,0.6818394365373937,-4.6399679757588626,13333.0,1556.0,8601.0,20.0,4554.0,8621.0,0.3415585389634741,1.8641607456642895,227615.0,1478.0,56968.0,3293.0,132416.0,60261.0,0.5817542780572458,6.862004046967352,103586.0,1666.0,48029.0,1346.0,52513.0,49375.0,0.5069507462398394,11.856683152279546,2067528.0,79.0,353.0,5666128.0,21863271.0,0.2237960339943343,0.25916195248185875,-15.053763440860212,6731262.25,388.0,604.0,16655718.0,23141455.0,0.6423841059602649,0.7197351246928942,-1.7721518987341756,17672515.5,417.0,1076.0,19383041.0,44916412.0,0.387546468401487,0.4315358270380101,-2.7972027972028024,20582374.0,106.0,359.0,4521657.0,16827397.0,0.29526462395543174,0.26870804795298997,-11.66666666666667,4515214.75,81.0,191.0,1885226.0,4686983.0,0.42408376963350786,0.40222590950297876,2.5316455696202445,1893109.75,81.0,329.0,3331554.0,14853972.0,0.24620060790273557,0.22428707957709898,-6.896551724137934,3538494.5,1152.0,2912.0,0.3956043956043956
2020-08-21,123503.0,2115.0,33843.0,139.0,32177.0,33982.0,0.2605361813073367,-11.19236632438807,93943.0,2367.0,28145.0,876.0,60359.0,29021.0,0.6425066263585366,1.9789405123751713,1505548.0,9917.0,228676.0,62238.0,1026542.0,290914.0,0.6818394365373937,-4.6399679757588626,13333.0,1556.0,8601.0,20.0,4554.0,8621.0,0.3415585389634741,1.8641607456642895,227615.0,1478.0,56968.0,3293.0,132416.0,60261.0,0.5817542780572458,6.862004046967352,103586.0,1666.0,48029.0,1346.0,52513.0,49375.0,0.5069507462398394,11.856683152279546,2067528.0,89.0,388.0,6184039.0,24429595.0,0.22938144329896906,0.25313718872539637,12.658227848101266,6304915.25,377.0,617.0,18061887.0,24771927.0,0.6110210696920584,0.7291272495676255,-2.8350515463917536,18250765.25,433.0,1109.0,18779077.0,44147474.0,0.3904418394950406,0.42537149464089385,3.83693045563549,19771763.75,118.0,375.0,4074657.0,15890515.0,0.31466666666666665,0.2564207012799774,11.32075471698113,4323289.25,88.0,228.0,2242966.0,6461587.0,0.38596491228070173,0.3471230829206509,8.64197530864197,1868596.0,93.0,364.0,5158283.0,18454185.0,0.2554945054945055,0.27951833147874044,14.814814814814813,4022326.25,1198.0,3081.0,0.38883479389808506
2020-08-28,123503.0,2115.0,33843.0,139.0,32177.0,33982.0,0.2605361813073367,-11.19236632438807,93943.0,2367.0,28145.0,876.0,60359.0,29021.0,0.6425066263585366,1.9789405123751713,1505548.0,9917.0,228676.0,62238.0,1026542.0,290914.0,0.6818394365373937,-4.6399679757588626,13333.0,1556.0,8601.0,20.0,4554.0,8621.0,0.3415585389634741,1.8641607456642895,227615.0,1478.0,56968.0,3293.0,132416.0,60261.0,0.5817542780572458,6.862004046967352,103586.0,1666.0,48029.0,1346.0,52513.0,49375.0,0.5069507462398394,11.856683152279546,2067528.0,102.0,394.0,8285225.0,25284022.0,0.25888324873096447,0.32768619644453717,14.606741573033698,6608648.5,331.0,530.0,15306488.0,21779862.0,0.6245283018867924,0.7027816797002663,-12.20159151193634,17629886.75,471.0,1151.0,18563402.0,44692793.0,0.4092093831450912,0.41535560330722676,8.775981524249431,19333224.25,101.0,387.0,4712378.0,17963996.0,0.26098191214470284,0.26232348303796105,-14.406779661016945,4384236.25,86.0,223.0,2291773.0,6218209.0,0.38565022421524664,0.36855837428429955,-2.2727272727272707,2062503.5,98.0,367.0,3604555.0,16227791.0,0.2670299727520436,0.22212234554906457,5.376344086021501,3953832.5,1189.0,3052.0,0.38958060288335516
2020-09-04,114023.0,2047.0,30573.0,270.0,31199.0,30843.0,0.2736202345140893,-7.675926900561125,113918.0,2430.0,34013.0,707.0,73503.0,34720.0,0.6452272687371619,21.26289345667054,1530366.0,10121.0,234890.0,58489.0,1045357.0,293379.0,0.6830764666752921,1.6484363168759897,13112.0,1530.0,8554.0,9.0,4449.0,8563.0,0.3393075045759609,-1.6575414385359588,231816.0,1507.0,59826.0,3091.0,131873.0,62917.0,0.5688692756323981,1.845660435384322,96726.0,1679.0,45195.0,902.0,48710.0,46097.0,0.5035874532183694,-6.622516556291391,2099961.0,83.0,390.0,6114831.0,24660571.0,0.2128205128205128,0.2479598302894122,-18.627450980392158,6562555.75,346.0,587.0,17147191.0,24358811.0,0.5894378194207837,0.7039420355944302,4.53172205438066,16792821.0,445.0,1118.0,17618507.0,43846192.0,0.39803220035778175,0.40182524858715213,-5.520169851380041,18586006.75,124.0,389.0,4504638.0,17028995.0,0.31876606683804626,0.2645275308378445,22.77227722772277,4453332.5,67.0,189.0,1538997.0,4903825.0,0.3544973544973545,0.3138360361554501,-22.093023255813947,1989740.5,103.0,389.0,4276909.0,17144959.0,0.2647814910025707,0.24945577297676827,5.102040816326525,4092825.25,1168.0,3062.0,0.3814500326583932
2020-09-11,114023.0,2047.0,30573.0,270.0,31199.0,30843.0,0.2736202345140893,-7.675926900561125,113918.0,2430.0,34013.0,707.0,73503.0,34720.0,0.6452272687371619,21.26289345667054,1530366.0,10121.0,234890.0,58489.0,1045357.0,293379.0,0.6830764666752921,1.6484363168759897,13112.0,1530.0,8554.0,9.0,4449.0,8563.0,0.3393075045759609,-1.6575414385359588,231816.0,1507.0,59826.0,3091.0,131873.0,62917.0,0.5688692756323981,1.845660435384322,96726.0,1679.0,45195.0,902.0,48710.0,46097.0,0.5035874532183694,-6.622516556291391,2099961.0,91.0,363.0,5366321.0,21858653.0,0.25068870523415976,0.24550099221576005,9.63855421686748,6487604.0,366.0,619.0,15543214.0,22951629.0,0.5912762520193862,0.6772161575110855,5.780346820809257,16514695.0,411.0,1084.0,15922819.0,42608880.0,0.37915129151291516,0.37369719645294597,-7.640449438202246,17720951.25,128.0,393.0,4691274.0,16892426.0,0.3256997455470738,0.2777146396852649,3.2258064516129004,4495736.75,76.0,188.0,1732263.0,4948972.0,0.40425531914893614,0.3500248132339403,13.432835820895516,1951499.75,94.0,366.0,3719491.0,16635584.0,0.2568306010928962,0.2235864397667073,-8.737864077669899,4189809.5,1166.0,3013.0,0.3869897112512446
2020-09-18,114023.0,2047.0,30573.0,270.0,31199.0,30843.0,0.2736202345140893,-7.675926900561125,113918.0,2430.0,34013.0,707.0,73503.0,34720.0,0.6452272687371619,21.26289345667054,1530366.0,10121.0,234890.0,58489.0,1045357.0,293379.0,0.6830764666752921,1.6484363168759897,13112.0,1530.0,8554.0,9.0,4449.0,8563.0,0.3393075045759609,-1.6575414385359588,231816.0,1507.0,59826.0,3091.0,131873.0,62917.0,0.5688692756323981,1.845660435384322,96726.0,1679.0,45195.0,902.0,48710.0,46097.0,0.5035874532183694,-6.622516556291391,2099961.0,103.0,411.0,7210347.0,27097440.0,0.25060827250608275,0.26608960108408763,13.186813186813184,6744181.0,366.0,607.0,17878895.0,23749390.0,0.6029654036243822,0.7528149144041173,0.0,16468947.0,431.0,1090.0,18678217.0,44638858.0,0.39541284403669724,0.4184295440532999,4.8661800486617945,17695736.25,113.0,388.0,4638740.0,18097892.0,0.2912371134020619,0.2563138292570207,-11.71875,4636757.5,83.0,218.0,1922989.0,5791243.0,0.38073394495412843,0.3320511675990802,9.210526315789469,1871505.5,84.0,370.0,2901457.0,15820584.0,0.22702702702702704,0.18339759139106368,-10.63829787234043,3625603.0,1180.0,3084.0,0.38261997405966275
2020-09-25,114023.0,2047.0,30573.0,270.0,31199.0,30843.0,0.2736202345140893,-7.675926900561125,113918.0,2430.0,34013.0,707.0,73503.0,34720.0,0.6452272687371619,21.26289345667054,1530366.0,10121.0,234890.0,58489.0,1045357.0,293379.0,0.6830764666752921,1.6484363168759897,13112.0,1530.0,8554.0,9.0,4449.0,8563.0,0.3393075045759609,-1.6575414385359588,231816.0,1507.0,59826.0,3091.0,131873.0,62917.0,0.5688692756323981,1.845660435384322,96726.0,1679.0,45195.0,902.0,48710.0,46097.0,0.5035874532183694,-6.622516556291391,2099961.0,86.0,359.0,5428221.0,21928760.0,0.2395543175487465,0.24753889412807656,-16.504854368932044,6029930.0,381.0,667.0,16709798.0,24521623.0,0.5712143928035982,0.6814311597564321,4.098360655737698,16819774.5,478.0,1185.0,17982149.0,44000868.0,0.40337552742616034,0.40867714246000786,10.904872389791187,17550423.0,107.0,370.0,3731633.0,16274018.0,0.2891891891891892,0.22930004132968268,-5.309734513274334,4391571.25,80.0,211.0,2126107.0,6034339.0,0.3791469194312796,0.35233469647628346,-3.6144578313253017,1830089.0,91.0,352.0,3725217.0,15832350.0,0.2585227272727273,0.23529147599693034,8.333333333333325,3655768.5,1223.0,3144.0,0.3889949109414758
2020-10-02,116536.0,1955.0,29623.0,65.0,30914.0,29688.0,0.2652742500171621,2.2039413100865657,130631.0,2598.0,36710.0,828.0,88238.0,37538.0,0.6754751934839357,14.671079197317361,1669273.0,10135.0,248838.0,61248.0,1140327.0,310086.0,0.6831279245515862,9.076717595660133,13454.0,1597.0,8805.0,11.0,4503.0,8816.0,0.3346960011892374,2.6082977425259335,263482.0,1633.0,68917.0,2859.0,153237.0,71776.0,0.5815843207505637,13.65997170169444,89385.0,1767.0,42110.0,1197.0,44114.0,43307.0,0.49352799686748333,-7.589479560821289,2282761.0,78.0,336.0,4913746.0,18666389.0,0.23214285714285715,0.26324030855673264,-9.302325581395355,5729658.75,355.0,629.0,15779794.0,23594145.0,0.5643879173290938,0.6688012640424139,-6.824146981627299,16477925.25,454.0,1083.0,18134938.0,44582361.0,0.41920590951061865,0.4067738359572298,-5.020920502092052,17679530.75,110.0,384.0,4201732.0,17283319.0,0.2864583333333333,0.24310909264592062,2.8037383177569986,4315844.75,73.0,215.0,1897085.0,6209481.0,0.3395348837209302,0.30551426117577296,-8.750000000000002,1919611.0,88.0,344.0,3551006.0,16188447.0,0.2558139534883721,0.21935433337119983,-3.296703296703296,3474292.75,1158.0,2991.0,0.38716148445336007
2020-10-09,116536.0,1955.0,29623.0,65.0,30914.0,29688.0,0.2652742500171621,2.2039413100865657,130631.0,2598.0,36710.0,828.0,88238.0,37538.0,0.6754751934839357,14.671079197317361,1669273.0,10135.0,248838.0,61248.0,1140327.0,310086.0,0.6831279245515862,9.076717595660133,13454.0,1597.0,8805.0,11.0,4503.0,8816.0,0.3346960011892374,2.6082977425259335,263482.0,1633.0,68917.0,2859.0,153237.0,71776.0,0.5815843207505637,13.65997170169444,89385.0,1767.0,42110.0,1197.0,44114.0,43307.0,0.49352799686748333,-7.589479560821289,2282761.0,88.0,369.0,7193825.0,24309541.0,0.23848238482384823,0.2959259905400929,12.82051282051282,6186534.75,412.0,666.0,19312861.0,26269628.0,0.6186186186186187,0.7351783207588627,16.056338028169016,17420337.0,408.0,1121.0,17026679.0,43441364.0,0.3639607493309545,0.3919462335482836,-10.132158590308372,17955495.75,109.0,395.0,3288505.0,15600326.0,0.2759493670886076,0.21079719744318165,-0.9090909090909038,3965152.5,75.0,207.0,1598423.0,5745099.0,0.36231884057971014,0.2782237521059254,2.7397260273972712,1886151.0,103.0,386.0,3975916.0,16851090.0,0.266839378238342,0.23594414367260516,17.04545454545454,3538399.0,1195.0,3144.0,0.380089058524173
2020-10-16,116536.0,1955.0,29623.0,65.0,30914.0,29688.0,0.2652742500171621,2.2039413100865657,130631.0,2598.0,36710.0,828.0,88238.0,37538.0,0.6754751934839357,14.671079197317361,1669273.0,10135.0,248838.0,61248.0,1140327.0,310086.0,0.6831279245515862,9.076717595660133,13454.0,1597.0,8805.0,11.0,4503.0,8816.0,0.3346960011892374,2.6082977425259335,263482.0,1633.0,68917.0,2859.0,153237.0,71776.0,0.5815843207505637,13.65997170169444,89385.0,1767.0,42110.0,1197.0,44114.0,43307.0,0.49352799686748333,-7.589479560821289,2282761.0,85.0,337.0,6246951.0,22550241.0,0.2522255192878338,0.27702369123239085,-3.409090909090906,5945685.75,332.0,549.0,14220288.0,20482849.0,0.604735883424408,0.694253421484482,-19.417475728155342,16505685.25,430.0,1117.0,19427528.0,46056504.0,0.38495971351835273,0.42181942424461916,5.392156862745101,18142823.5,112.0,384.0,4179505.0,16653173.0,0.2916666666666667,0.2509734931595318,2.752293577981657,3850343.75,82.0,232.0,1538032.0,6438036.0,0.35344827586206895,0.23889770110014918,9.333333333333327,1789911.75,91.0,356.0,3478712.0,14828041.0,0.2556179775280899,0.23460361351846815,-11.650485436893199,3682712.75,1132.0,2975.0,0.3805042016806723
2020-10-23,116536.0,1955.0,29623.0,65.0,30914.0,29688.0,0.2652742500171621,2.2039413100865657,130631.0,2598.0,36710.0,828.0,88238.0,37538.0,0.6754751934839357,14.671079197317361,1669273.0,10135.0,248838.0,61248.0,1140327.0,310086.0,0.6831279245515862,9.076717595660133,13454.0,1597.0,8805.0,11.0,4503.0,8816.0,0.3346960011892374,2.6082977425259335,263482.0,1633.0,68917.0,2859.0,153237.0,71776.0,0.5815843207505637,13.65997170169444,89385.0,1767.0,42110.0,1197.0,44114.0,43307.0,0.49352799686748333,-7.589479560821289,2282761.0,84.0,358.0,6245699.0,20524171.0,0.2346368715083799,0.30430944080518524,-1.17647058823529,6150055.25,371.0,615.0,17330790.0,24653668.0,0.6032520325203252,0.7029700408069095,11.74698795180722,16660933.25,409.0,1054.0,15198697.0,40508663.0,0.38804554079696396,0.37519621420237936,-4.88372093023256,17446960.5,113.0,366.0,4105738.0,16177421.0,0.3087431693989071,0.2537943470717613,0.8928571428571397,3943870.0,96.0,252.0,2605458.0,7438117.0,0.38095238095238093,0.35028462176650355,17.07317073170731,1909749.5,81.0,357.0,4098049.0,17292733.0,0.226890756302521,0.23698099080116486,-10.989010989010994,3775920.75,1154.0,3002.0,0.3844103930712858
2020-10-30,116536.0,1955.0,29623.0,65.0,30914.0,29688.0,0.2652742500171621,2.2039413100865657,130631.0,2598.0,36710.0,828.0,88238.0,37538.0,0.6754751934839357,14.671079197317361,1669273.0,10135.0,248838.0,61248.0,1140327.0,310086.0,0.6831279245515862,9.076717595660133,13454.0,1597.0,8805.0,11.0,4503.0,8816.0,0.3346960011892374,2.6082977425259335,263482.0,1633.0,68917.0,2859.0,153237.0,71776.0,0.5815843207505637,13.65997170169444,89385.0,1767.0,42110.0,1197.0,44114.0,43307.0,0.49352799686748333,-7.589479560821289,2282761.0,76.0,337.0,6634382.0,21312827.0,0.22551928783382788,0.31128587493343796,-9.523809523809524,6580214.25,379.0,622.0,14796040.0,21336079.0,0.6093247588424437,0.6934751225846136,2.156334231805923,16414994.75,447.0,1110.0,20435630.0,45534961.0,0.4027027027027027,0.4487898869618006,9.290953545232284,18022133.5,113.0,383.0,5029453.0,17611871.0,0.2950391644908616,0.28557176009295093,0.0,4150800.25,91.0,235.0,2371647.0,7093760.0,0.3872340425531915,0.33432862121075424,-5.2083333333333375,2028390.0,98.0,387.0,4456656.0,17861219.0,0.2532299741602067,0.24951578052987314,20.98765432098766,4002333.25,1204.0,3074.0,0.3916720884840599
2020-11-06,123562.0,1939.0,26514.0,196.0,32334.0,26710.0,0.26168239426360856,6.029038237111273,82994.0,2447.0,23067.0,509.0,56290.0,23576.0,0.6782418006120925,-36.46684171444756,1623741.0,10090.0,247029.0,58357.0,1104391.0,305386.0,0.6801521917596464,-2.7276544939024316,13804.0,1578.0,8885.0,7.0,4621.0,8892.0,0.33475804114749347,2.6014568158168494,252709.0,1644.0,62714.0,2618.0,144737.0,65332.0,0.5727417701783474,-4.088704351720418,94345.0,1775.0,42676.0,1003.0,47721.0,43679.0,0.5058137686151889,5.549029479219114,2191155.0,87.0,342.0,6208047.0,18892913.0,0.2543859649122807,0.3285913082858107,14.473684210526304,6333769.75,349.0,592.0,18407204.0,25062501.0,0.589527027027027,0.7344520006203691,-7.9155672823219,16188580.5,474.0,1125.0,17797767.0,42948445.0,0.42133333333333334,0.41439840254984783,6.040268456375841,18214905.5,109.0,391.0,4364037.0,17184926.0,0.27877237851662406,0.25394563817149984,-3.539823008849563,4419683.25,82.0,217.0,1823171.0,6217998.0,0.3778801843317972,0.2932086822800522,-9.890109890109889,2084577.0,91.0,364.0,4371208.0,16491411.0,0.25,0.26505967257744045,-7.14285714285714,4101156.25,1192.0,3031.0,0.3932695480039591
2020-11-13,123562.0,1939.0,26514.0,196.0,32334.0,26710.0,0.26168239426360856,6.029038237111273,82994.0,2447.0,23067.0,509.0,56290.0,23576.0,0.6782418006120925,-36.46684171444756,1623741.0,10090.0,247029.0,58357.0,1104391.0,305386.0,0.6801521917596464,-2.7276544939024316,13804.0,1578.0,8885.0,7.0,4621.0,8892.0,0.33475804114749347,2.6014568158168494,252709.0,1644.0,62714.0,2618.0,144737.0,65332.0,0.5727417701783474,-4.088704351720418,94345.0,1775.0,42676.0,1003.0,47721.0,43679.0,0.5058137686151889,5.549029479219114,2191155.0,83.0,324.0,5849453.0,19810688.0,0.25617283950617287,0.2952675343733645,-4.597701149425292,6234395.25,349.0,545.0,16118786.0,21970854.0,0.6403669724770642,0.7336440358667897,0.0,16663205.0,457.0,1116.0,18216440.0,43455742.0,0.40949820788530467,0.41919523546508536,-3.5864978902953593,17912133.5,115.0,366.0,4320559.0,16321048.0,0.31420765027322406,0.2647231354261074,5.504587155963292,4454946.75,81.0,217.0,1984067.0,6471088.0,0.37327188940092165,0.30660485531953824,-1.2195121951219523,2196085.75,100.0,386.0,4237988.0,16961213.0,0.25906735751295334,0.24986349738075928,9.8901098901099,4290975.25,1185.0,2954.0,0.4011509817197021
2020-11-20,123562.0,1939.0,26514.0,196.0,32334.0,26710.0,0.26168239426360856,6.029038237111273,82994.0,2447.0,23067.0,509.0,56290.0,23576.0,0.6782418006120925,-36.46684171444756,1623741.0,10090.0,247029.0,58357.0,1104391.0,305386.0,0.6801521917596464,-2.7276544939024316,13804.0,1578.0,8885.0,7.0,4621.0,8892.0,0.33475804114749347,2.6014568158168494,252709.0,1644.0,62714.0,2618.0,144737.0,65332.0,0.5727417701783474,-4.088704351720418,94345.0,1775.0,42676.0,1003.0,47721.0,43679.0,0.5058137686151889,5.549029479219114,2191155.0,87.0,343.0,5027945.0,17626871.0,0.2536443148688047,0.28524319489261596,4.819277108433728,5929956.75,266.0,447.0,7680632.0,13050277.0,0.5950782997762863,0.5885416838278605,-23.782234957020055,14250665.5,484.0,1168.0,19513643.0,46528395.0,0.4143835616438356,0.41939213678013176,5.908096280087527,18990870.0,122.0,405.0,4717657.0,18245090.0,0.3012345679012346,0.2585713197358851,6.08695652173914,4607926.5,95.0,224.0,2344891.0,6829775.0,0.42410714285714285,0.3433335651613706,17.28395061728396,2130944.0,112.0,395.0,4943313.0,17978989.0,0.28354430379746837,0.2749494423740957,12.00000000000001,4502291.25,1166.0,2982.0,0.39101274312541917
2020-11-27,123562.0,1939.0,26514.0,196.0,32334.0,26710.0,0.26168239426360856,6.029038237111273,82994.0,2447.0,23067.0,509.0,56290.0,23576.0,0.6782418006120925,-36.46684171444756,1623741.0,10090.0,247029.0,58357.0,1104391.0,305386.0,0.6801521917596464,-2.7276544939024316,13804.0,1578.0,8885.0,7.0,4621.0,8892.0,0.33475804114749347,2.6014568158168494,252709.0,1644.0,62714.0,2618.0,144737.0,65332.0,0.5727417701783474,-4.088704351720418,94345.0,1775.0,42676.0,1003.0,47721.0,43679.0,0.5058137686151889,5.549029479219114,2191155.0,72.0,326.0,5568681.0,18583664.0,0.22085889570552147,0.299654632154348,-17.24137931034483,5663531.5,284.0,466.0,8540018.0,14541409.0,0.6094420600858369,0.5872895810852993,6.766917293233088,12686660.0,463.0,1121.0,17359036.0,43112367.0,0.4130240856378234,0.40264632187789645,-4.338842975206614,18221721.5,118.0,381.0,4100579.0,17632308.0,0.30971128608923887,0.2325605360341936,-3.2786885245901676,4375708.0,84.0,232.0,1758590.0,6234236.0,0.3620689655172414,0.28208588831093334,-11.578947368421055,1977679.75,92.0,375.0,3622974.0,16929031.0,0.24533333333333332,0.21400953191000713,-17.85714285714286,4293870.75,1113.0,2901.0,0.38366080661840746
2020-12-04,132155.0,1904.0,25312.0,414.0,33061.0,25726.0,0.2501683629071923,6.954403457373637,70238.0,2371.0,18436.0,633.0,48370.0,19069.0,0.688658560892964,-15.36978576764585,1674314.0,10346.0,257216.0,62220.0,1129192.0,319436.0,0.6744206881146547,3.114597709856426,14249.0,1597.0,8922.0,0.0,5033.0,8922.0,0.35321776966804685,3.2237032744132144,265368.0,1680.0,73259.0,2599.0,149339.0,75858.0,0.5627619004552169,5.0093190191089265,104002.0,1761.0,47150.0,1050.0,53733.0,48200.0,0.5166535258937328,10.235836557316237,2260326.0,72.0,309.0,5690295.0,18109116.0,0.23300970873786409,0.3142226821011031,0.0,5534093.5,335.0,527.0,12670896.0,18437688.0,0.635673624288425,0.6872280298918172,17.957746478873247,11252583.0,464.0,1098.0,15896277.0,40447682.0,0.4225865209471767,0.3930083558311203,0.21598272138227959,17746349.0,130.0,407.0,4028457.0,16664989.0,0.3194103194103194,0.2417317527182286,10.169491525423723,4291813.0,97.0,233.0,2574303.0,6977286.0,0.41630901287553645,0.36895477697202034,15.476190476190466,2165462.75,104.0,369.0,4392544.0,17438844.0,0.28184281842818426,0.25188275094381257,13.043478260869556,4299204.75,1202.0,2943.0,0.4084267753992525
2020-12-11,132155.0,1904.0,25312.0,414.0,33061.0,25726.0,0.2501683629071923,6.954403457373637,70238.0,2371.0,18436.0,633.0,48370.0,19069.0,0.688658560892964,-15.36978576764585,1674314.0,10346.0,257216.0,62220.0,1129192.0,319436.0,0.6744206881146547,3.114597709856426,14249.0,1597.0,8922.0,0.0,5033.0,8922.0,0.35321776966804685,3.2237032744132144,265368.0,1680.0,73259.0,2599.0,149339.0,75858.0,0.5627619004552169,5.0093190191089265,104002.0,1761.0,47150.0,1050.0,53733.0,48200.0,0.5166535258937328,10.235836557316237,2260326.0,92.0,346.0,7164830.0,20532592.0,0.2658959537572254,0.34894912439695874,27.777777777777768,5862937.75,285.0,444.0,12063474.0,16931205.0,0.6418918918918919,0.7124994352144457,-14.925373134328357,10238755.0,432.0,1083.0,16350389.0,41239370.0,0.3988919667590028,0.3964752371338359,-6.896551724137934,17279836.25,123.0,377.0,4801407.0,17501752.0,0.32625994694960214,0.274338649067819,-5.384615384615388,4412025.0,80.0,234.0,2035983.0,7275041.0,0.3418803418803419,0.27985862897542435,-17.525773195876294,2178441.75,121.0,370.0,6032290.0,18783046.0,0.327027027027027,0.32115611067555283,16.346153846153854,4747780.25,1133.0,2854.0,0.39698668535388926
2020-12-18,132155.0,1904.0,25312.0,414.0,33061.0,25726.0,0.2501683629071923,6.954403457373637,70238.0,2371.0,18436.0,633.0,48370.0,19069.0,0.688658560892964,-15.36978576764585,1674314.0,10346.0,257216.0,62220.0,1129192.0,319436.0,0.6744206881146547,3.114597709856426,14249.0,1597.0,8922.0,0.0,5033.0,8922.0,0.35321776966804685,3.2237032744132144,265368.0,1680.0,73259.0,2599.0,149339.0,75858.0,0.5627619004552169,5.0093190191089265,104002.0,1761.0,47150.0,1050.0,53733.0,48200.0,0.5166535258937328,10.235836557316237,2260326.0,80.0,291.0,5002754.0,16461481.0,0.27491408934707906,0.3039066776555524,-13.043478260869568,5856640.0,270.0,447.0,8452309.0,13539912.0,0.6040268456375839,0.6242513983842731,-5.263157894736848,10431674.25,447.0,1105.0,20510919.0,45385866.0,0.40452488687782806,0.4519230502288972,3.472222222222232,17529155.25,114.0,379.0,5504382.0,18855310.0,0.3007915567282322,0.29192741991513266,-7.317073170731703,4608706.25,96.0,235.0,2124755.0,6784601.0,0.4085106382978723,0.31317316965286535,19.999999999999996,2123407.75,85.0,347.0,3010860.0,15553285.0,0.24495677233429394,0.19358354199771946,-29.75206611570248,4264667.0,1092.0,2804.0,0.38944365192582026
2020-12-25,132155.0,1904.0,25312.0,414.0,33061.0,25726.0,0.2501683629071923,6.954403457373637,70238.0,2371.0,18436.0,633.0,48370.0,19069.0,0.688658560892964,-15.36978576764585,1674314.0,10346.0,257216.0,62220.0,1129192.0,319436.0,0.6744206881146547,3.114597709856426,14249.0,1597.0,8922.0,0.0,5033.0,8922.0,0.35321776966804685,3.2237032744132144,265368.0,1680.0,73259.0,2599.0,149339.0,75858.0,0.5627619004552169,5.0093190191089265,104002.0,1761.0,47150.0,1050.0,53733.0,48200.0,0.5166535258937328,10.235836557316237,2260326.0,86.0,300.0,5865591.0,16871420.0,0.2866666666666667,0.347664334122439,7.499999999999996,5930867.5,283.0,464.0,11083060.0,15669673.0,0.6099137931034483,0.7072936365679106,4.814814814814805,11067434.75,502.0,1205.0,17771314.0,43484128.0,0.416597510373444,0.40868507240158986,12.304250559284124,17632224.75,129.0,412.0,4719985.0,17687793.0,0.3131067961165049,0.2668498551515161,13.157894736842103,4763557.75,77.0,225.0,1927527.0,6793599.0,0.3422222222222222,0.2837269317779869,-19.791666666666664,2165642.0,117.0,379.0,4531048.0,16950664.0,0.3087071240105541,0.2673079945422787,37.64705882352941,4491685.5,1194.0,2985.0,0.4
2021-01-01,117949.0,1858.0,28022.0,179.0,30452.0,28201.0,0.25817938261451984,-10.749498694714543,87043.0,2428.0,23455.0,940.0,59774.0,24395.0,0.6867180588904335,23.925795153620545,1711387.0,10468.0,269906.0,62824.0,1160487.0,332730.0,0.6780973561210878,2.214220271705303,14758.0,1670.0,9061.0,8.0,5522.0,9069.0,0.3741699417265212,3.572180503895006,265365.0,1618.0,72386.0,2821.0,152511.0,75207.0,0.5747216098581199,-0.0011305055620858262,104178.0,1771.0,43569.0,730.0,57352.0,44299.0,0.5505193034997792,0.1692275148554856,2300680.0,89.0,273.0,7083098.0,18727632.0,0.326007326007326,0.3782164237315214,3.488372093023262,6279068.25,308.0,486.0,8720835.0,13442285.0,0.6337448559670782,0.6487613527015682,8.833922261484094,10079919.5,465.0,1115.0,17617596.0,42341634.0,0.4170403587443946,0.4160821001853637,-7.370517928286857,18062554.5,106.0,358.0,4103444.0,16503274.0,0.29608938547486036,0.248644238712876,-17.829457364341085,4782304.5,104.0,225.0,2762402.0,7495456.0,0.4622222222222222,0.3685435549218086,35.064935064935064,2212666.75,106.0,356.0,4156976.0,17182436.0,0.29775280898876405,0.24193170281559612,-9.401709401709402,4432793.5,1178.0,2813.0,0.41876999644507645
2021-01-08,117949.0,1858.0,28022.0,179.0,30452.0,28201.0,0.25817938261451984,-10.749498694714543,87043.0,2428.0,23455.0,940.0,59774.0,24395.0,0.6867180588904335,23.925795153620545,1711387.0,10468.0,269906.0,62824.0,1160487.0,332730.0,0.6780973561210878,2.214220271705303,14758.0,1670.0,9061.0,8.0,5522.0,9069.0,0.3741699417265212,3.572180503895006,265365.0,1618.0,72386.0,2821.0,152511.0,75207.0,0.5747216098581199,-0.0011305055620858262,104178.0,1771.0,43569.0,730.0,57352.0,44299.0,0.5505193034997792,0.1692275148554856,2300680.0,87.0,315.0,5989949.0,17410140.0,0.2761904761904762,0.34404944474886473,-2.2471910112359605,5985348.0,311.0,495.0,10971571.0,15396083.0,0.6282828282828283,0.712620930921196,0.9740259740259827,9806943.75,454.0,1149.0,16904581.0,42952303.0,0.3951261966927763,0.39356634730389195,-2.3655913978494647,18201102.5,138.0,407.0,5244143.0,18419425.0,0.33906633906633904,0.28470720448656783,30.188679245283012,4892988.5,95.0,216.0,2496312.0,6380132.0,0.4398148148148148,0.3912633782498544,-8.653846153846157,2327749.0,110.0,368.0,5628953.0,18259093.0,0.29891304347826086,0.3082821802813535,3.7735849056603765,4331959.25,1195.0,2950.0,0.40508474576271186
2021-01-15,117949.0,1858.0,28022.0,179.0,30452.0,28201.0,0.25817938261451984,-10.749498694714543,87043.0,2428.0,23455.0,940.0,59774.0,24395.0,0.6867180588904335,23.925795153620545,1711387.0,10468.0,269906.0,62824.0,1160487.0,332730.0,0.6780973561210878,2.214220271705303,14758.0,1670.0,9061.0,8.0,5522.0,9069.0,0.3741699417265212,3.572180503895006,265365.0,1618.0,72386.0,2821.0,152511.0,75207.0,0.5747216098581199,-0.0011305055620858262,104178.0,1771.0,43569.0,730.0,57352.0,44299.0,0.5505193034997792,0.1692275148554856,2300680.0,77.0,319.0,5361270.0,20135240.0,0.2413793103448276,0.26626302939522944,-11.494252873563216,6074977.0,294.0,475.0,9125337.0,13742329.0,0.6189473684210526,0.6640313297695026,-5.466237942122188,9975200.75,493.0,1133.0,20880672.0,45485175.0,0.4351279788172992,0.459065442751402,8.590308370044042,18293540.75,139.0,397.0,5982728.0,18599741.0,0.3501259445843829,0.32165652199135464,0.7246376811594235,5012575.0,90.0,224.0,2556656.0,7127009.0,0.4017857142857143,0.35872776363829484,-5.263157894736848,2435724.25,118.0,369.0,4742423.0,16474322.0,0.31978319783197834,0.2878675674786495,7.272727272727275,4764850.0,1211.0,2917.0,0.4151525539938293
2021-01-22,117949.0,1858.0,28022.0,179.0,30452.0,28201.0,0.25817938261451984,-10.749498694714543,87043.0,2428.0,23455.0,940.0,59774.0,24395.0,0.6867180588904335,23.925795153620545,1711387.0,10468.0,269906.0,62824.0,1160487.0,332730.0,0.6780973561210878,2.214220271705303,14758.0,1670.0,9061.0,8.0,5522.0,9069.0,0.3741699417265212,3.572180503895006,265365.0,1618.0,72386.0,2821.0,152511.0,75207.0,0.5747216098581199,-0.0011305055620858262,104178.0,1771.0,43569.0,730.0,57352.0,44299.0,0.5505193034997792,0.1692275148554856,2300680.0,71.0,286.0,5739378.0,16083853.0,0.24825174825174826,0.35684098828806754,-7.792207792207795,6043423.75,347.0,586.0,17765171.0,24288678.0,0.5921501706484642,0.7314177823922735,18.02721088435375,11645728.5,527.0,1232.0,21565643.0,45754040.0,0.4277597402597403,0.47133855283599,6.896551724137923,19242123.0,135.0,380.0,4814286.0,15597933.0,0.35526315789473684,0.3086489729119878,-2.877697841726623,5036150.25,88.0,218.0,2251326.0,6287823.0,0.4036697247706422,0.3580453839110929,-2.2222222222222254,2516674.0,119.0,353.0,5051933.0,16042673.0,0.3371104815864023,0.3149059386799195,0.8474576271186418,4895071.25,1287.0,3055.0,0.42127659574468085
2021-01-29,117949.0,1858.0,28022.0,179.0,30452.0,28201.0,0.25817938261451984,-10.749498694714543,87043.0,2428.0,23455.0,940.0,59774.0,24395.0,0.6867180588904335,23.925795153620545,1711387.0,10468.0,269906.0,62824.0,1160487.0,332730.0,0.6780973561210878,2.214220271705303,14758.0,1670.0,9061.0,8.0,5522.0,9069.0,0.3741699417265212,3.572180503895006,265365.0,1618.0,72386.0,2821.0,152511.0,75207.0,0.5747216098581199,-0.0011305055620858262,104178.0,1771.0,43569.0,730.0,57352.0,44299.0,0.5505193034997792,0.1692275148554856,2300680.0,65.0,273.0,7228402.0,17969473.0,0.23809523809523808,0.40226009967014614,-8.450704225352112,6079749.75,332.0,513.0,15053517.0,19634737.0,0.6471734892787524,0.7666778016940079,-4.322766570605186,13228899.0,461.0,1144.0,19033458.0,43373664.0,0.40297202797202797,0.43882522813843905,-12.523719165085389,19596088.5,130.0,398.0,4775789.0,16949666.0,0.32663316582914576,0.2817630152712154,-3.703703703703709,5204236.5,98.0,232.0,2412131.0,6789304.0,0.4224137931034483,0.35528398787268917,11.363636363636353,2429106.25,107.0,366.0,3679321.0,14435628.0,0.2923497267759563,0.2548777926391564,-10.084033613445376,4775657.5,1193.0,2926.0,0.40772385509227616
2021-02-05,117106.0,1933.0,27296.0,149.0,28159.0,27445.0,0.24045736341434257,-0.7147156822016276,102334.0,2368.0,27329.0,734.0,70929.0,28063.0,0.6931127484511501,17.567179440046864,1531062.0,10030.0,242890.0,57013.0,1037859.0,299903.0,0.6778686950626428,-10.536775142033916,12950.0,1551.0,8087.0,12.0,4774.0,8099.0,0.36864864864864866,-12.250982517956366,225626.0,1583.0,58625.0,2356.0,130021.0,60981.0,0.5762678060152642,-14.975222806323362,92279.0,1698.0,41338.0,420.0,48852.0,41758.0,0.5293945534737048,-11.421797308452842,2081357.0,89.0,319.0,7925365.0,18764190.0,0.27899686520376177,0.42236648637644364,36.92307692307693,6563603.75,326.0,530.0,15961910.0,21737882.0,0.6150943396226415,0.7342900288077744,-1.8072289156626509,14476483.75,480.0,1121.0,19929099.0,42416480.0,0.4281891168599465,0.46984330147150355,4.121475054229928,20352218.0,118.0,398.0,3704009.0,16481402.0,0.2964824120603015,0.22473870851521005,-9.230769230769232,4819203.0,88.0,222.0,1832417.0,6989112.0,0.3963963963963964,0.2621816619908223,-10.204081632653061,2263132.5,122.0,382.0,4805201.0,17201259.0,0.3193717277486911,0.2793517032677666,14.018691588785037,4569719.5,1223.0,2972.0,0.411507402422611
2021-02-12,117106.0,1933.0,27296.0,149.0,28159.0,27445.0,0.24045736341434257,-0.7147156822016276,102334.0,2368.0,27329.0,734.0,70929.0,28063.0,0.6931127484511501,17.567179440046864,1531062.0,10030.0,242890.0,57013.0,1037859.0,299903.0,0.6778686950626428,-10.536775142033916,12950.0,1551.0,8087.0,12.0,4774.0,8099.0,0.36864864864864866,-12.250982517956366,225626.0,1583.0,58625.0,2356.0,130021.0,60981.0,0.5762678060152642,-14.975222806323362,92279.0,1698.0,41338.0,420.0,48852.0,41758.0,0.5293945534737048,-11.421797308452842,2081357.0,87.0,326.0,7847853.0,19395583.0,0.2668711656441718,0.40462062934638265,-2.2471910112359605,7185249.5,328.0,512.0,16054856.0,21126264.0,0.640625,0.7599477124777008,0.6134969325153339,16208863.5,475.0,1158.0,19855175.0,43375652.0,0.41018998272884283,0.4577493152149044,-1.041666666666663,20095843.75,139.0,415.0,6285918.0,19006242.0,0.3349397590361446,0.33072913624902806,17.796610169491522,4895000.5,95.0,225.0,2195740.0,6668358.0,0.4222222222222222,0.3292774623078125,7.954545454545459,2172903.5,105.0,384.0,4361925.0,16940570.0,0.2734375,0.2574839571513827,-13.934426229508201,4474595.0,1229.0,3020.0,0.406953642384106
2021-02-19,117106.0,1933.0,27296.0,149.0,28159.0,27445.0,0.24045736341434257,-0.7147156822016276,102334.0,2368.0,27329.0,734.0,70929.0,28063.0,0.6931127484511501,17.567179440046864,1531062.0,10030.0,242890.0,57013.0,1037859.0,299903.0,0.6778686950626428,-10.536775142033916,12950.0,1551.0,8087.0,12.0,4774.0,8099.0,0.36864864864864866,-12.250982517956366,225626.0,1583.0,58625.0,2356.0,130021.0,60981.0,0.5762678060152642,-14.975222806323362,92279.0,1698.0,41338.0,420.0,48852.0,41758.0,0.5293945534737048,-11.421797308452842,2081357.0,74.0,300.0,5390615.0,17153374.0,0.24666666666666667,0.31425974854859456,-14.942528735632187,7098058.75,345.0,569.0,16692814.0,23158178.0,0.6063268892794376,0.7208172421854604,5.182926829268286,15940774.25,487.0,1144.0,19434139.0,41546853.0,0.4256993006993007,0.467764405645838,2.5263157894736876,19562967.75,146.0,426.0,5187877.0,18165556.0,0.3427230046948357,0.285588671219312,5.035971223021574,4988398.25,80.0,218.0,2055613.0,6103985.0,0.3669724770642202,0.3367657358266772,-15.789473684210531,2123975.25,106.0,379.0,4484274.0,17805759.0,0.2796833773087071,0.2518440241721793,0.952380952380949,4332680.25,1238.0,3036.0,0.4077733860342556
2021-02-26,117106.0,1933.0,27296.0,149.0,28159.0,27445.0,0.24045736341434257,-0.7147156822016276,102334.0,2368.0,27329.0,734.0,70929.0,28063.0,0.6931127484511501,17.567179440046864,1531062.0,10030.0,242890.0,57013.0,1037859.0,299903.0,0.6778686950626428,-10.536775142033916,12950.0,1551.0,8087.0,12.0,4774.0,8099.0,0.36864864864864866,-12.250982517956366,225626.0,1583.0,58625.0,2356.0,130021.0,60981.0,0.5762678060152642,-14.975222806323362,92279.0,1698.0,41338.0,420.0,48852.0,41758.0,0.5293945534737048,-11.421797308452842,2081357.0,98.0,357.0,7351637.0,19188005.0,0.27450980392156865,0.38313712134221356,32.432432432432435,7128867.5,297.0,482.0,12761350.0,18242063.0,0.6161825726141079,0.6995562947019753,-13.913043478260867,15367732.5,440.0,1095.0,19517909.0,42151047.0,0.4018264840182648,0.46304683724700835,-9.650924024640661,19684080.5,124.0,399.0,5143996.0,17897677.0,0.3107769423558897,0.2874113774653549,-15.068493150684937,5080450.0,83.0,232.0,1406877.0,6632447.0,0.3577586206896552,0.21212035316678746,3.750000000000009,1872661.75,128.0,405.0,6729075.0,19123138.0,0.3160493827160494,0.35188131780464066,20.75471698113207,5095118.75,1170.0,2970.0,0.3939393939393939
2021-03-05,133665.0,2095.0,34057.0,244.0,29077.0,34301.0,0.21753637825908054,14.140180690997894,122580.0,2659.0,34854.0,922.0,82508.0,35776.0,0.6730951215532713,19.784235933316396,1606056.0,10312.0,255811.0,60338.0,1073468.0,316149.0,0.6683876527344003,4.8981687221026915,14079.0,1578.0,8784.0,19.0,5087.0,8803.0,0.3613182754456993,8.718146718146723,258511.0,1712.0,64932.0,3350.0,151368.0,68282.0,0.5855379461608984,14.575004653718992,129140.0,1798.0,61319.0,825.0,63289.0,62144.0,0.49008053275514946,39.94516628918823,2264031.0,84.0,353.0,7053926.0,18948421.0,0.23796033994334279,0.37226985826417935,-14.28571428571429,6911007.75,297.0,498.0,11909736.0,18153505.0,0.5963855421686747,0.6560571085308319,0.0,14354689.0,476.0,1163.0,21938327.0,46435872.0,0.40928632846087704,0.4724435238343322,8.18181818181818,20186387.5,138.0,411.0,5137332.0,18565487.0,0.3357664233576642,0.2767140985851866,11.290322580645151,5438780.75,85.0,225.0,1282717.0,5716291.0,0.37777777777777777,0.22439672857802376,2.4096385542168752,1735236.75,115.0,406.0,4964620.0,18219484.0,0.2832512315270936,0.27248960508431525,-10.15625,5134973.5,1195.0,3056.0,0.3910340314136126
2021-03-12,133665.0,2095.0,34057.0,244.0,29077.0,34301.0,0.21753637825908054,14.140180690997894,122580.0,2659.0,34854.0,922.0,82508.0,35776.0,0.6730951215532713,19.784235933316396,1606056.0,10312.0,255811.0,60338.0,1073468.0,316149.0,0.6683876527344003,4.8981687221026915,14079.0,1578.0,8784.0,19.0,5087.0,8803.0,0.3613182754456993,8.718146718146723,258511.0,1712.0,64932.0,3350.0,151368.0,68282.0,0.5855379461608984,14.575004653718992,129140.0,1798.0,61319.0,825.0,63289.0,62144.0,0.49008053275514946,39.94516628918823,2264031.0,85.0,339.0,5690894.0,15858482.0,0.25073746312684364,0.35885490174910817,1.1904761904761862,6371768.0,316.0,511.0,15703369.0,21294549.0,0.6183953033268101,0.7374360922130824,6.3973063973064015,14266817.25,421.0,1034.0,17330710.0,37935564.0,0.4071566731141199,0.4568459823083163,-11.5546218487395,19555271.25,115.0,411.0,5623830.0,19045488.0,0.2798053527980535,0.2952841113863819,-16.666666666666664,5273258.75,86.0,231.0,1948487.0,6569334.0,0.3722943722943723,0.29660343042384507,1.17647058823529,1673423.5,117.0,410.0,4992626.0,18407479.0,0.28536585365853656,0.27122812417713477,1.7391304347825987,5292648.75,1140.0,2936.0,0.388283378746594
2021-03-19,133665.0,2095.0,34057.0,244.0,29077.0,34301.0,0.21753637825908054,14.140180690997894,122580.0,2659.0,34854.0,922.0,82508.0,35776.0,0.6730951215532713,19.784235933316396,1606056.0,10312.0,255811.0,60338.0,1073468.0,316149.0,0.6683876527344003,4.8981687221026915,14079.0,1578.0,8784.0,19.0,5087.0,8803.0,0.3613182754456993,8.718146718146723,258511.0,1712.0,64932.0,3350.0,151368.0,68282.0,0.5855379461608984,14.575004653718992,129140.0,1798.0,61319.0,825.0,63289.0,62144.0,0.49008053275514946,39.94516628918823,2264031.0,75.0,331.0,5571490.0,17902758.0,0.22658610271903323,0.3112084741356611,-11.764705882352944,6416986.75,326.0,531.0,15834760.0,21851277.0,0.6139359698681732,0.7246606228093672,3.164556962025311,14052303.75,455.0,1145.0,18490070.0,45011895.0,0.39737991266375544,0.4107818611058255,8.076009501187652,19319254.0,156.0,430.0,7084889.0,20414274.0,0.3627906976744186,0.34705564351688434,35.65217391304347,5747511.75,89.0,223.0,2094820.0,6445240.0,0.3991031390134529,0.3250181529314657,3.488372093023262,1683225.25,113.0,371.0,5487412.0,17238912.0,0.3045822102425876,0.3183154482139012,-3.4188034188034178,5543433.25,1214.0,3031.0,0.40052787858792477
2021-03-26,133665.0,2095.0,34057.0,244.0,29077.0,34301.0,0.21753637825908054,14.140180690997894,122580.0,2659.0,34854.0,922.0,82508.0,35776.0,0.6730951215532713,19.784235933316396,1606056.0,10312.0,255811.0,60338.0,1073468.0,316149.0,0.6683876527344003,4.8981687221026915,14079.0,1578.0,8784.0,19.0,5087.0,8803.0,0.3613182754456993,8.718146718146723,258511.0,1712.0,64932.0,3350.0,151368.0,68282.0,0.5855379461608984,14.575004653718992,129140.0,1798.0,61319.0,825.0,63289.0,62144.0,0.49008053275514946,39.94516628918823,2264031.0,87.0,327.0,6502539.0,17281069.0,0.26605504587155965,0.3762810622421564,15.999999999999993,6204712.25,325.0,540.0,15402428.0,21146668.0,0.6018518518518519,0.7283619338989954,-0.30674846625766694,14712573.25,421.0,1092.0,18903821.0,42697598.0,0.38553113553113555,0.44273734086868305,-7.472527472527468,19165732.0,119.0,361.0,5095915.0,16715574.0,0.3296398891966759,0.30486030572446987,-23.717948717948723,5735491.5,91.0,230.0,1872358.0,6313403.0,0.39565217391304347,0.2965687443047751,2.2471910112359605,1799595.5,63.0,221.0,2330186.0,9866192.0,0.2850678733031674,0.23617886211823164,-44.24778761061947,4443711.0,1106.0,2771.0,0.39913388668350774
2021-04-02,131884.0,2139.0,29410.0,83.0,30850.0,29493.0,0.23391768523854295,-1.3324355665282561,136991.0,2653.0,39298.0,947.0,90535.0,40245.0,0.6608828317188721,11.756403981073582,1522363.0,10124.0,252883.0,57409.0,1007537.0,310292.0,0.6618244137567716,-5.211088529914276,14859.0,1673.0,9377.0,41.0,4987.0,9418.0,0.3356215088498553,5.540166204986141,244632.0,1667.0,60536.0,3069.0,142967.0,63605.0,0.5844165930867589,-5.368823763785679,126209.0,1908.0,59536.0,867.0,61647.0,60403.0,0.488451695203987,-2.269629859067679,2176938.0,85.0,340.0,4376505.0,17086231.0,0.25,0.2561422118195639,-2.298850574712641,5535357.0,368.0,609.0,14949929.0,22023588.0,0.6042692939244664,0.6788144147992597,13.230769230769223,15472621.5,454.0,1174.0,20728656.0,47557013.0,0.38671209540034074,0.43586959509000284,7.838479809976251,18863314.25,88.0,258.0,2787282.0,9884693.0,0.34108527131782945,0.28197962243238106,-26.050420168067223,5147979.0,90.0,203.0,2269085.0,6106842.0,0.4433497536945813,0.3715643863063757,-1.098901098901095,2046187.5,90.0,334.0,4368473.0,16324336.0,0.2694610778443114,0.2676049427063986,42.85714285714286,4294674.25,1175.0,2918.0,0.40267306374228923
2021-04-09,131884.0,2139.0,29410.0,83.0,30850.0,29493.0,0.23391768523854295,-1.3324355665282561,136991.0,2653.0,39298.0,947.0,90535.0,40245.0,0.6608828317188721,11.756403981073582,1522363.0,10124.0,252883.0,57409.0,1007537.0,310292.0,0.6618244137567716,-5.211088529914276,14859.0,1673.0,9377.0,41.0,4987.0,9418.0,0.3356215088498553,5.540166204986141,244632.0,1667.0,60536.0,3069.0,142967.0,63605.0,0.5844165930867589,-5.368823763785679,126209.0,1908.0,59536.0,867.0,61647.0,60403.0,0.488451695203987,-2.269629859067679,2176938.0,109.0,378.0,7534845.0,22318110.0,0.28835978835978837,0.3376112493396618,28.23529411764707,5996344.75,416.0,660.0,19861032.0,26873270.0,0.6303030303030303,0.7390627192001569,13.043478260869556,16512037.25,494.0,1231.0,19187169.0,46195178.0,0.40129975629569453,0.4153500393482627,8.81057268722467,19327429.0,132.0,457.0,6290287.0,22934180.0,0.2888402625820569,0.2742756444747534,50.0,5314593.25,85.0,219.0,2501491.0,6912131.0,0.3881278538812785,0.36189866771911583,-5.555555555555558,2184438.5,160.0,533.0,7739435.0,27210976.0,0.300187617260788,0.28442327831239866,77.77777777777777,4981376.5,1396.0,3478.0,0.4013801035077631
2021-04-16,131884.0,2139.0,29410.0,83.0,30850.0,29493.0,0.23391768523854295,-1.3324355665282561,136991.0,2653.0,39298.0,947.0,90535.0,40245.0,0.6608828317188721,11.756403981073582,1522363.0,10124.0,252883.0,57409.0,1007537.0,310292.0,0.6618244137567716,-5.211088529914276,14859.0,1673.0,9377.0,41.0,4987.0,9418.0,0.3356215088498553,5.540166204986141,244632.0,1667.0,60536.0,3069.0,142967.0,63605.0,0.5844165930867589,-5.368823763785679,126209.0,1908.0,59536.0,867.0,61647.0,60403.0,0.488451695203987,-2.269629859067679,2176938.0,98.0,351.0,6450315.0,19137619.0,0.2792022792022792,0.33704898190313015,-10.09174311926605,6216051.0,346.0,567.0,15942105.0,22658651.0,0.6102292768959435,0.7035769693438502,-16.826923076923073,16538873.5,464.0,1134.0,19085794.0,42780916.0,0.4091710758377425,0.44612868971763014,-6.072874493927127,19476360.0,129.0,446.0,5418631.0,21212430.0,0.289237668161435,0.25544602857852683,-2.2727272727272707,4898028.75,92.0,227.0,2334848.0,6755960.0,0.4052863436123348,0.3455982569464591,8.23529411764705,2244445.5,97.0,380.0,4447432.0,17286189.0,0.25526315789473686,0.25728238884811455,-39.37500000000001,4721381.5,1226.0,3105.0,0.39484702093397744
2021-04-23,131884.0,2139.0,29410.0,83.0,30850.0,29493.0,0.23391768523854295,-1.3324355665282561,136991.0,2653.0,39298.0,947.0,90535.0,40245.0,0.6608828317188721,11.756403981073582,1522363.0,10124.0,252883.0,57409.0,1007537.0,310292.0,0.6618244137567716,-5.211088529914276,14859.0,1673.0,9377.0,41.0,4987.0,9418.0,0.3356215088498553,5.540166204986141,244632.0,1667.0,60536.0,3069.0,142967.0,63605.0,0.5844165930867589,-5.368823763785679,126209.0,1908.0,59536.0,867.0,61647.0,60403.0,0.488451695203987,-2.269629859067679,2176938.0,95.0,377.0,7284998.0,23439926.0,0.2519893899204244,0.31079441121102513,-3.0612244897959218,6411665.75,395.0,666.0,20526399.0,28534412.0,0.5930930930930931,0.7193559481793422,14.161849710982665,17819866.25,421.0,1132.0,17133536.0,46148162.0,0.37190812720848054,0.37127233799690657,-9.267241379310342,19033788.75,115.0,358.0,5439529.0,17817786.0,0.32122905027932963,0.3052864704963905,-10.852713178294572,4983932.25,93.0,228.0,2735148.0,7316328.0,0.40789473684210525,0.3738416320318061,1.0869565217391353,2460143.0,109.0,384.0,4670038.0,19148236.0,0.2838541666666667,0.2438886798763082,12.371134020618557,5306344.5,1228.0,3145.0,0.3904610492845787
2021-04-30,131884.0,2139.0,29410.0,83.0,30850.0,29493.0,0.23391768523854295,-1.3324355665282561,136991.0,2653.0,39298.0,947.0,90535.0,40245.0,0.6608828317188721,11.756403981073582,1522363.0,10124.0,252883.0,57409.0,1007537.0,310292.0,0.6618244137567716,-5.211088529914276,14859.0,1673.0,9377.0,41.0,4987.0,9418.0,0.3356215088498553,5.540166204986141,244632.0,1667.0,60536.0,3069.0,142967.0,63605.0,0.5844165930867589,-5.368823763785679,126209.0,1908.0,59536.0,867.0,61647.0,60403.0,0.488451695203987,-2.269629859067679,2176938.0,74.0,344.0,5016359.0,20068498.0,0.21511627906976744,0.24996185564061646,-22.10526315789474,6571629.25,328.0,566.0,16323586.0,22833724.0,0.5795053003533569,0.7148893452509104,-16.962025316455698,18163280.5,465.0,1134.0,20964616.0,47642348.0,0.41005291005291006,0.4400416201149448,10.451306413301653,19092778.75,117.0,393.0,4928403.0,19566700.0,0.29770992366412213,0.2518770666489495,1.7391304347825987,5519212.5,85.0,205.0,2205473.0,6470700.0,0.4146341463414634,0.34083994003739937,-8.602150537634412,2444240.0,86.0,356.0,4005500.0,16799763.0,0.24157303370786518,0.23842598255701583,-21.100917431192656,5215601.25,1155.0,2998.0,0.38525683789192794
2021-05-07,129877.0,2153.0,29033.0,91.0,29551.0,29124.0,0.2275306636278941,-1.5217918777107209,137756.0,2596.0,37413.0,951.0,92573.0,38364.0,0.6720070269171579,0.5584308458219889,1488404.0,10183.0,255132.0,59026.0,988521.0,314158.0,0.6641483091956216,-2.2306769147700023,14191.0,1639.0,8989.0,7.0,5053.0,8996.0,0.35607074906630964,-4.495591897166696,247449.0,1653.0,60250.0,2498.0,147706.0,62748.0,0.5969149198420685,1.15152555675464,104020.0,1846.0,45076.0,1492.0,54341.0,46568.0,0.5224091520861373,-17.581155068180554,2121697.0,93.0,322.0,6688802.0,19419285.0,0.2888198757763975,0.3444412088292643,25.67567567567568,6360118.5,352.0,564.0,17415284.0,23199474.0,0.624113475177305,0.7506758127360991,7.317073170731714,17551843.5,484.0,1239.0,20926172.0,49917060.0,0.39063761097659405,0.4192188402121439,4.086021505376336,19527529.5,124.0,404.0,4768799.0,17872409.0,0.3069306930693069,0.2668246345526224,5.982905982905984,5138840.5,74.0,209.0,1760130.0,6244025.0,0.35406698564593303,0.28189028711448144,-12.941176470588234,2258899.75,116.0,399.0,5190049.0,18693783.0,0.2907268170426065,0.277635029785036,34.883720930232556,4578254.75,1243.0,3137.0,0.39623844437360534
2021-05-14,129877.0,2153.0,29033.0,91.0,29551.0,29124.0,0.2275306636278941,-1.5217918777107209,137756.0,2596.0,37413.0,951.0,92573.0,38364.0,0.6720070269171579,0.5584308458219889,1488404.0,10183.0,255132.0,59026.0,988521.0,314158.0,0.6641483091956216,-2.2306769147700023,14191.0,1639.0,8989.0,7.0,5053.0,8996.0,0.35607074906630964,-4.495591897166696,247449.0,1653.0,60250.0,2498.0,147706.0,62748.0,0.5969149198420685,1.15152555675464,104020.0,1846.0,45076.0,1492.0,54341.0,46568.0,0.5224091520861373,-17.581155068180554,2121697.0,98.0,367.0,8015116.0,25177687.0,0.2670299727520436,0.318342030385873,5.376344086021501,6751318.75,403.0,655.0,19804825.0,27171594.0,0.6152671755725191,0.7288797631820938,14.488636363636353,18517523.5,468.0,1107.0,17329853.0,42653799.0,0.42276422764227645,0.4062909613279699,-3.3057851239669422,19088544.25,125.0,384.0,4898733.0,18279292.0,0.3255208333333333,0.2679935853095404,0.8064516129032251,5008866.0,98.0,213.0,2379294.0,6503571.0,0.460093896713615,0.3658442415712845,32.432432432432435,2270011.25,108.0,394.0,4418444.0,17622478.0,0.27411167512690354,0.2507277353389234,-6.896551724137934,4571007.75,1300.0,3120.0,0.4166666666666667
2021-05-21,129877.0,2153.0,29033.0,91.0,29551.0,29124.0,0.2275306636278941,-1.5217918777107209,137756.0,2596.0,37413.0,951.0,92573.0,38364.0,0.6720070269171579,0.5584308458219889,1488404.0,10183.0,255132.0,59026.0,988521.0,314158.0,0.6641483091956216,-2.2306769147700023,14191.0,1639.0,8989.0,7.0,5053.0,8996.0,0.35607074906630964,-4.495591897166696,247449.0,1653.0,60250.0,2498.0,147706.0,62748.0,0.5969149198420685,1.15152555675464,104020.0,1846.0,45076.0,1492.0,54341.0,46568.0,0.5224091520861373,-17.581155068180554,2121697.0,89.0,344.0,5388185.0,19437991.0,0.25872093023255816,0.27719865700112734,-9.183673469387754,6277115.5,338.0,559.0,18022902.0,24554790.0,0.6046511627906976,0.7339872179725422,-16.129032258064512,17891649.25,394.0,1012.0,17632766.0,43337289.0,0.3893280632411067,0.4068728433843658,-15.81196581196581,19213351.75,118.0,373.0,5724416.0,17724544.0,0.3163538873994638,0.32296548785683854,-5.600000000000005,5080087.75,92.0,218.0,2286503.0,6297276.0,0.42201834862385323,0.36309397904744845,-6.122448979591832,2157850.0,119.0,376.0,5709020.0,18424426.0,0.31648936170212766,0.3098614849656646,10.185185185185187,4830753.25,1150.0,2882.0,0.39902845246356694
2021-05-28,129877.0,2153.0,29033.0,91.0,29551.0,29124.0,0.2275306636278941,-1.5217918777107209,137756.0,2596.0,37413.0,951.0,92573.0,38364.0,0.6720070269171579,0.5584308458219889,1488404.0,10183.0,255132.0,59026.0,988521.0,314158.0,0.6641483091956216,-2.2306769147700023,14191.0,1639.0,8989.0,7.0,5053.0,8996.0,0.35607074906630964,-4.495591897166696,247449.0,1653.0,60250.0,2498.0,147706.0,62748.0,0.5969149198420685,1.15152555675464,104020.0,1846.0,45076.0,1492.0,54341.0,46568.0,0.5224091520861373,-17.581155068180554,2121697.0,105.0,366.0,6380195.0,20712208.0,0.28688524590163933,0.30804031129853465,17.97752808988764,6618074.5,367.0,587.0,16403468.0,23249754.0,0.6252129471890971,0.7055329703703531,8.579881656804744,17911619.75,454.0,1029.0,19931295.0,43592127.0,0.4412050534499514,0.4572223557708024,15.228426395939088,18955021.5,113.0,402.0,4813820.0,20381972.0,0.2810945273631841,0.23618028716750272,-4.23728813559322,5051442.0,98.0,223.0,2428143.0,6274584.0,0.43946188340807174,0.3869807145780501,6.521739130434789,2213517.5,103.0,387.0,4532946.0,18773365.0,0.2661498708010336,0.24145623333909505,-13.4453781512605,4962614.75,1240.0,2994.0,0.4141616566466266
2021-06-04,134130.0,2033.0,27362.0,97.0,28183.0,27459.0,0.2101170506225304,3.2746367717147784,157295.0,2649.0,39986.0,1368.0,105071.0,41354.0,0.6679869035887981,14.18377420947181,1547588.0,10628.0,238612.0,58655.0,1033631.0,297267.0,0.6678980452161687,3.9763397572164516,15255.0,1659.0,9444.0,52.0,5619.0,9496.0,0.36833824975417895,7.497709816080622,229408.0,1584.0,55654.0,1894.0,138753.0,57548.0,0.6048306946575533,-7.290795274985962,104052.0,1803.0,44310.0,1755.0,55248.0,46065.0,0.5309652865874754,0.030763314747161985,2187728.0,71.0,320.0,5229634.0,20103770.0,0.221875,0.26013200509158235,-32.38095238095238,6253282.5,410.0,654.0,19072105.0,27011757.0,0.6269113149847095,0.7060668063910097,11.716621253406,18325825.0,447.0,1089.0,16785713.0,41275770.0,0.41046831955922863,0.4066723164704135,-1.541850220264318,17919906.75,118.0,388.0,5670530.0,18711175.0,0.30412371134020616,0.30305579419785234,4.424778761061954,5276874.75,84.0,207.0,2253548.0,6307098.0,0.4057971014492754,0.35730346983668243,-14.28571428571429,2336872.0,98.0,372.0,4406424.0,18347805.0,0.26344086021505375,0.24016082577725237,-4.854368932038833,4766708.5,1228.0,3030.0,0.4052805280528053
2021-06-11,134130.0,2033.0,27362.0,97.0,28183.0,27459.0,0.2101170506225304,3.2746367717147784,157295.0,2649.0,39986.0,1368.0,105071.0,41354.0,0.6679869035887981,14.18377420947181,1547588.0,10628.0,238612.0,58655.0,1033631.0,297267.0,0.6678980452161687,3.9763397572164516,15255.0,1659.0,9444.0,52.0,5619.0,9496.0,0.36833824975417895,7.497709816080622,229408.0,1584.0,55654.0,1894.0,138753.0,57548.0,0.6048306946575533,-7.290795274985962,104052.0,1803.0,44310.0,1755.0,55248.0,46065.0,0.5309652865874754,0.030763314747161985,2187728.0,93.0,379.0,6517758.0,22624409.0,0.24538258575197888,0.2880852268892416,30.98591549295775,5878943.0,383.0,637.0,19346945.0,27253492.0,0.6012558869701727,0.7098886630748089,-6.585365853658532,18211355.0,421.0,1023.0,16115464.0,40169674.0,0.4115347018572825,0.40118483411142447,-5.8165548098433995,17616309.5,119.0,393.0,6002268.0,18855382.0,0.30279898218829515,0.31833181634824476,0.8474576271186418,5552758.5,84.0,218.0,2213309.0,6796361.0,0.3853211009174312,0.3256608941167192,0.0,2295375.75,112.0,392.0,5292286.0,17957732.0,0.2857142857142857,0.2947079285958828,14.28571428571428,4985169.0,1212.0,3042.0,0.398422090729783
2021-06-18,134130.0,2033.0,27362.0,97.0,28183.0,27459.0,0.2101170506225304,3.2746367717147784,157295.0,2649.0,39986.0,1368.0,105071.0,41354.0,0.6679869035887981,14.18377420947181,1547588.0,10628.0,238612.0,58655.0,1033631.0,297267.0,0.6678980452161687,3.9763397572164516,15255.0,1659.0,9444.0,52.0,5619.0,9496.0,0.36833824975417895,7.497709816080622,229408.0,1584.0,55654.0,1894.0,138753.0,57548.0,0.6048306946575533,-7.290795274985962,104052.0,1803.0,44310.0,1755.0,55248.0,46065.0,0.5309652865874754,0.030763314747161985,2187728.0,86.0,349.0,6977573.0,23468033.0,0.24641833810888253,0.29732244709217853,-7.5268817204301115,6276290.0,394.0,643.0,19361325.0,26980931.0,0.6127527216174183,0.7175929177536535,2.872062663185382,18545960.75,377.0,958.0,16443221.0,40098382.0,0.3935281837160752,0.4100719325782272,-10.451306413301664,17318923.25,109.0,389.0,5345654.0,19036301.0,0.2802056555269923,0.28081369379481863,-8.403361344537819,5458068.0,105.0,223.0,2471542.0,6298440.0,0.47085201793721976,0.3924054210248887,25.0,2341635.5,113.0,385.0,5458782.0,17936627.0,0.2935064935064935,0.3043371532451447,0.8928571428571397,4922609.5,1184.0,2947.0,0.40176450627757043
2021-06-25,134130.0,2033.0,27362.0,97.0,28183.0,27459.0,0.2101170506225304,3.2746367717147784,157295.0,2649.0,39986.0,1368.0,105071.0,41354.0,0.6679869035887981,14.18377420947181,1547588.0,10628.0,238612.0,58655.0,1033631.0,297267.0,0.6678980452161687,3.9763397572164516,15255.0,1659.0,9444.0,52.0,5619.0,9496.0,0.36833824975417895,7.497709816080622,229408.0,1584.0,55654.0,1894.0,138753.0,57548.0,0.6048306946575533,-7.290795274985962,104052.0,1803.0,44310.0,1755.0,55248.0,46065.0,0.5309652865874754,0.030763314747161985,2187728.0,84.0,343.0,6862998.0,22614361.0,0.24489795918367346,0.3034796340254761,-2.3255813953488413,6396990.75,402.0,643.0,19096561.0,26645314.0,0.6251944012441679,0.7166949130342394,2.0304568527918843,19219234.0,406.0,1007.0,16097911.0,38295753.0,0.4031777557100298,0.42035760466702404,7.692307692307687,16360577.25,139.0,431.0,6067731.0,20679279.0,0.3225058004640371,0.29342081994251346,27.522935779816503,5771545.75,88.0,208.0,2614616.0,6815985.0,0.4230769230769231,0.38360060944969804,-16.19047619047619,2388253.75,99.0,388.0,4758586.0,18493088.0,0.2551546391752577,0.257317004061193,-12.389380530973447,4979019.5,1218.0,3020.0,0.4033112582781457
2021-07-02,128020.0,1989.0,32474.0,204.0,28006.0,32678.0,0.2187626933291673,-4.555282188921195,130748.0,2581.0,33017.0,1153.0,91476.0,34170.0,0.6996359408939333,-16.87720525127945,1538720.0,10104.0,252361.0,59349.0,1024724.0,311710.0,0.6659587189352189,-0.5730207264465714,15247.0,1709.0,10061.0,36.0,5009.0,10097.0,0.3285236439955401,-0.05244182235332184,269724.0,1626.0,70689.0,2081.0,161180.0,72770.0,0.597573816197298,17.573929418328916,108691.0,1810.0,45860.0,1562.0,59096.0,47422.0,0.5437064706369432,4.458347749202329,2191150.0,65.0,337.0,5603903.0,20654020.0,0.19287833827893175,0.2713226287182834,-22.619047619047617,6490558.0,385.0,616.0,18577499.0,25509669.0,0.625,0.728253236057277,-4.228855721393032,19095582.5,421.0,1063.0,19359428.0,42854222.0,0.39604891815616183,0.451750774987818,3.6945812807881673,17004006.0,110.0,410.0,5324277.0,19490658.0,0.2682926829268293,0.2731707159399134,-20.863309352517987,5684982.5,91.0,203.0,2550252.0,5988025.0,0.4482758620689655,0.4258920094688983,3.409090909090917,2462429.75,121.0,400.0,5185074.0,19618357.0,0.3025,0.2642970560684567,22.222222222222232,5173682.0,1193.0,3029.0,0.39385935952459555
2021-07-09,128020.0,1989.0,32474.0,204.0,28006.0,32678.0,0.2187626933291673,-4.555282188921195,130748.0,2581.0,33017.0,1153.0,91476.0,34170.0,0.6996359408939333,-16.87720525127945,1538720.0,10104.0,252361.0,59349.0,1024724.0,311710.0,0.6659587189352189,-0.5730207264465714,15247.0,1709.0,10061.0,36.0,5009.0,10097.0,0.3285236439955401,-0.05244182235332184,269724.0,1626.0,70689.0,2081.0,161180.0,72770.0,0.597573816197298,17.573929418328916,108691.0,1810.0,45860.0,1562.0,59096.0,47422.0,0.5437064706369432,4.458347749202329,2191150.0,83.0,361.0,5510589.0,22398461.0,0.2299168975069252,0.24602534075890303,27.692307692307683,6238765.75,373.0,627.0,19350109.0,26917639.0,0.594896331738437,0.7188635303415727,-3.116883116883118,19096373.5,390.0,997.0,18171317.0,43086759.0,0.39117352056168503,0.4217378475832912,-7.3634204275534465,17517969.25,116.0,398.0,4713980.0,18082395.0,0.2914572864321608,0.26069444893776517,5.454545454545445,5362910.5,82.0,187.0,1942318.0,4875652.0,0.4385026737967914,0.39837092557056986,-9.890109890109889,2394682.0,103.0,370.0,5195361.0,17753996.0,0.27837837837837837,0.2926305154062218,-14.876033057851235,5149450.75,1147.0,2940.0,0.3901360544217687
2021-07-16,128020.0,1989.0,32474.0,204.0,28006.0,32678.0,0.2187626933291673,-4.555282188921195,130748.0,2581.0,33017.0,1153.0,91476.0,34170.0,0.6996359408939333,-16.87720525127945,1538720.0,10104.0,252361.0,59349.0,1024724.0,311710.0,0.6659587189352189,-0.5730207264465714,15247.0,1709.0,10061.0,36.0,5009.0,10097.0,0.3285236439955401,-0.05244182235332184,269724.0,1626.0,70689.0,2081.0,161180.0,72770.0,0.597573816197298,17.573929418328916,108691.0,1810.0,45860.0,1562.0,59096.0,47422.0,0.5437064706369432,4.458347749202329,2191150.0,87.0,360.0,7215498.0,22706255.0,0.24166666666666667,0.31777578469016576,4.819277108433728,6298247.0,365.0,574.0,17150399.0,23030094.0,0.6358885017421603,0.7446951367198067,-2.144772117962468,18543642.0,430.0,1040.0,16728727.0,41476914.0,0.41346153846153844,0.40332622142524877,10.256410256410264,17589345.75,113.0,389.0,5596257.0,19021651.0,0.29048843187660667,0.29420458823474366,-2.5862068965517238,5425561.25,73.0,184.0,2015278.0,5749824.0,0.3967391304347826,0.3504938585946283,-10.97560975609756,2280616.0,101.0,378.0,5020446.0,18443824.0,0.2671957671957672,0.2722020119038221,-1.9417475728155331,5039866.75,1169.0,2925.0,0.39965811965811965
2021-07-23,128020.0,1989.0,32474.0,204.0,28006.0,32678.0,0.2187626933291673,-4.555282188921195,130748.0,2581.0,33017.0,1153.0,91476.0,34170.0,0.6996359408939333,-16.87720525127945,1538720.0,10104.0,252361.0,59349.0,1024724.0,311710.0,0.6659587189352189,-0.5730207264465714,15247.0,1709.0,10061.0,36.0,5009.0,10097.0,0.3285236439955401,-0.05244182235332184,269724.0,1626.0,70689.0,2081.0,161180.0,72770.0,0.597573816197298,17.573929418328916,108691.0,1810.0,45860.0,1562.0,59096.0,47422.0,0.5437064706369432,4.458347749202329,2191150.0,80.0,348.0,6622005.0,23600281.0,0.22988505747126436,0.2805900912789979,-8.045977011494255,6237998.75,410.0,614.0,18915359.0,24196308.0,0.6677524429967426,0.7817456696286061,12.328767123287676,18498341.5,364.0,937.0,16011358.0,36334839.0,0.38847385272145146,0.440661316814972,-15.348837209302324,17567707.5,117.0,432.0,5266345.0,19309971.0,0.2708333333333333,0.2727267171970377,3.539823008849563,5225214.75,102.0,248.0,2703554.0,7222185.0,0.4112903225806452,0.3743401754455196,39.726027397260275,2302850.5,96.0,370.0,4423413.0,18910626.0,0.2594594594594595,0.2339115056265192,-4.950495049504955,4956073.5,1169.0,2949.0,0.3964055612071889
2021-07-30,128020.0,1989.0,32474.0,204.0,28006.0,32678.0,0.2187626933291673,-4.555282188921195,130748.0,2581.0,33017.0,1153.0,91476.0,34170.0,0.6996359408939333,-16.87720525127945,1538720.0,10104.0,252361.0,59349.0,1024724.0,311710.0,0.6659587189352189,-0.5730207264465714,15247.0,1709.0,10061.0,36.0,5009.0,10097.0,0.3285236439955401,-0.05244182235332184,269724.0,1626.0,70689.0,2081.0,161180.0,72770.0,0.597573816197298,17.573929418328916,108691.0,1810.0,45860.0,1562.0,59096.0,47422.0,0.5437064706369432,4.458347749202329,2191150.0,90.0,370.0,8029807.0,25037722.0,0.24324324324324326,0.3207083695553453,12.5,6844474.75,389.0,625.0,18758650.0,26637762.0,0.6224,0.7042126887386411,-5.1219512195122,18543629.25,399.0,953.0,18862174.0,39666045.0,0.41867785939139557,0.4755244441435994,9.615384615384626,17443394.0,112.0,408.0,4072640.0,18260389.0,0.27450980392156865,0.22303139325235624,-4.273504273504269,4912305.5,104.0,253.0,2611093.0,7374759.0,0.41106719367588934,0.35405807837245934,1.9607843137254832,2318060.75,114.0,437.0,4738613.0,18043107.0,0.2608695652173913,0.2626273290958148,18.75,4844458.25,1208.0,3046.0,0.39658568614576495
2021-08-06,126088.0,1870.0,28238.0,15.0,30939.0,28253.0,0.245376245162109,-1.5091391970004642,150639.0,2520.0,39969.0,1615.0,104180.0,41584.0,0.6915871719806955,15.213234619267602,1607068.0,10037.0,256738.0,59625.0,1089885.0,316363.0,0.6781822548890277,4.441873765207438,15228.0,1762.0,9746.0,19.0,5275.0,9765.0,0.346401365904912,-0.12461467829737449,249189.0,1632.0,58174.0,2549.0,153983.0,60723.0,0.6179365862859115,-7.613338078925125,107461.0,1982.0,48142.0,1383.0,55690.0,49525.0,0.5182345222918082,-1.131648434553001,2255673.0,81.0,365.0,6004604.0,22775780.0,0.2219178082191781,0.2636398841225196,-9.999999999999998,6967978.5,398.0,635.0,19192148.0,25666015.0,0.6267716535433071,0.7477650114363293,2.3136246786632286,18504139.0,384.0,948.0,20556699.0,43948227.0,0.4050632911392405,0.4677480845814326,-3.759398496240607,18039739.5,122.0,395.0,5089180.0,17109055.0,0.30886075949367087,0.2974553533202155,8.92857142857142,5006105.5,100.0,243.0,2224732.0,6774206.0,0.411522633744856,0.3284122153946898,-3.8461538461538436,2388664.25,103.0,419.0,4108353.0,16832456.0,0.2458233890214797,0.24407329506757658,-9.649122807017541,4572706.25,1188.0,3005.0,0.39534109816971713
2021-08-13,126088.0,1870.0,28238.0,15.0,30939.0,28253.0,0.245376245162109,-1.5091391970004642,150639.0,2520.0,39969.0,1615.0,104180.0,41584.0,0.6915871719806955,15.213234619267602,1607068.0,10037.0,256738.0,59625.0,1089885.0,316363.0,0.6781822548890277,4.441873765207438,15228.0,1762.0,9746.0,19.0,5275.0,9765.0,0.346401365904912,-0.12461467829737449,249189.0,1632.0,58174.0,2549.0,153983.0,60723.0,0.6179365862859115,-7.613338078925125,107461.0,1982.0,48142.0,1383.0,55690.0,49525.0,0.5182345222918082,-1.131648434553001,2255673.0,67.0,293.0,4387376.0,18716063.0,0.22866894197952217,0.2344176764098304,-17.28395061728395,6260948.0,359.0,597.0,18445119.0,25640462.0,0.6013400335008375,0.7193754543112366,-9.798994974874375,18827819.0,411.0,1017.0,17314536.0,39748326.0,0.40412979351032446,0.4356041560089851,7.03125,18186191.75,123.0,422.0,5834361.0,18353680.0,0.2914691943127962,0.3178850780878821,0.8196721311475308,5065631.5,105.0,240.0,2336143.0,6628370.0,0.4375,0.352446076486376,5.000000000000004,2468880.5,124.0,424.0,6205765.0,19518277.0,0.29245283018867924,0.31794635356389295,20.388349514563096,4869036.0,1189.0,2993.0,0.3972602739726027
2021-08-20,126088.0,1870.0,28238.0,15.0,30939.0,28253.0,0.245376245162109,-1.5091391970004642,150639.0,2520.0,39969.0,1615.0,104180.0,41584.0,0.6915871719806955,15.213234619267602,1607068.0,10037.0,256738.0,59625.0,1089885.0,316363.0,0.6781822548890277,4.441873765207438,15228.0,1762.0,9746.0,19.0,5275.0,9765.0,0.346401365904912,-0.12461467829737449,249189.0,1632.0,58174.0,2549.0,153983.0,60723.0,0.6179365862859115,-7.613338078925125,107461.0,1982.0,48142.0,1383.0,55690.0,49525.0,0.5182345222918082,-1.131648434553001,2255673.0,88.0,335.0,8094846.0,24970459.0,0.2626865671641791,0.3241769003925799,31.343283582089555,6629158.25,333.0,528.0,17191235.0,22599391.0,0.6306818181818182,0.7606946134079454,-7.2423398328690824,18396788.0,429.0,1015.0,19308471.0,41821535.0,0.42266009852216746,0.4616872862270598,4.379562043795615,19010470.0,118.0,425.0,5153351.0,19290745.0,0.2776470588235294,0.2671411083397764,-4.0650406504065035,5037383.0,92.0,218.0,2388391.0,6148765.0,0.42201834862385323,0.38843426281537835,-12.380952380952381,2390089.75,122.0,439.0,5346352.0,19482250.0,0.27790432801822323,0.2744216915397349,-1.6129032258064502,5099770.75,1182.0,2960.0,0.3993243243243243
2021-08-27,126088.0,1870.0,28238.0,15.0,30939.0,28253.0,0.245376245162109,-1.5091391970004642,150639.0,2520.0,39969.0,1615.0,104180.0,41584.0,0.6915871719806955,15.213234619267602,1607068.0,10037.0,256738.0,59625.0,1089885.0,316363.0,0.6781822548890277,4.441873765207438,15228.0,1762.0,9746.0,19.0,5275.0,9765.0,0.346401365904912,-0.12461467829737449,249189.0,1632.0,58174.0,2549.0,153983.0,60723.0,0.6179365862859115,-7.613338078925125,107461.0,1982.0,48142.0,1383.0,55690.0,49525.0,0.5182345222918082,-1.131648434553001,2255673.0,94.0,332.0,7007092.0,21766537.0,0.28313253012048195,0.32192038632511916,6.818181818181812,6373479.5,386.0,629.0,18871919.0,25878913.0,0.6136724960254372,0.7292392458678616,15.915915915915924,18425105.25,463.0,1145.0,19293152.0,43094619.0,0.4043668122270742,0.4476928314414382,7.9254079254079235,19118214.5,121.0,427.0,5374116.0,19070701.0,0.28337236533957844,0.2817996045347258,2.5423728813559254,5362752.0,96.0,224.0,2391339.0,5970164.0,0.42857142857142855,0.40054829314571594,4.347826086956519,2335151.25,112.0,445.0,4100581.0,18747837.0,0.251685393258427,0.21872288520537062,-8.196721311475407,4940262.75,1272.0,3202.0,0.39725171767645223
2021-09-03,123611.0,1916.0,27564.0,214.0,31452.0,27778.0,0.2544433747805616,-1.9645009834401317,159641.0,2578.0,46499.0,1486.0,106060.0,47985.0,0.6643656704731241,5.975876101142474,1514079.0,9725.0,227171.0,57721.0,1034598.0,284892.0,0.6833183737440385,-5.786251732969605,14517.0,1716.0,9280.0,13.0,5114.0,9293.0,0.352276641179307,-4.669030732860524,225104.0,1529.0,50866.0,2499.0,137263.0,53365.0,0.6097759257942995,-9.665354409705085,100280.0,1991.0,44016.0,1277.0,52810.0,45293.0,0.5266254487435181,-6.682424321381708,2137232.0,78.0,336.0,5506883.0,21973099.0,0.23214285714285715,0.2506193140985712,-17.021276595744684,6249049.25,372.0,619.0,17693791.0,25247783.0,0.6009693053311793,0.7008057301506433,-3.626943005181349,18050516.0,425.0,1042.0,14896562.0,38286891.0,0.40786948176583493,0.38907734764883367,-8.207343412527003,17703180.25,115.0,418.0,5098237.0,20228096.0,0.2751196172248804,0.2520374137041865,-4.958677685950407,5365016.25,90.0,220.0,2419973.0,6394929.0,0.4090909090909091,0.3784206204634954,-6.25,2383961.5,116.0,411.0,5616095.0,20749397.0,0.2822384428223844,0.2706630462562358,3.571428571428581,5317198.25,1196.0,3046.0,0.3926460932370322
2021-09-10,123611.0,1916.0,27564.0,214.0,31452.0,27778.0,0.2544433747805616,-1.9645009834401317,159641.0,2578.0,46499.0,1486.0,106060.0,47985.0,0.6643656704731241,5.975876101142474,1514079.0,9725.0,227171.0,57721.0,1034598.0,284892.0,0.6833183737440385,-5.786251732969605,14517.0,1716.0,9280.0,13.0,5114.0,9293.0,0.352276641179307,-4.669030732860524,225104.0,1529.0,50866.0,2499.0,137263.0,53365.0,0.6097759257942995,-9.665354409705085,100280.0,1991.0,44016.0,1277.0,52810.0,45293.0,0.5266254487435181,-6.682424321381708,2137232.0,91.0,350.0,5410566.0,21512506.0,0.26,0.2515079368252123,16.666666666666675,6504846.75,373.0,583.0,19580157.0,26205374.0,0.6397941680960549,0.7471809789854554,0.26881720430107503,18334275.5,397.0,1037.0,17472664.0,41977382.0,0.3828351012536162,0.4162399646552517,-6.58823529411765,17742712.25,141.0,427.0,6512433.0,21232189.0,0.33021077283372363,0.3067245209620167,22.608695652173914,5534534.25,73.0,197.0,1818839.0,5187987.0,0.37055837563451777,0.3505866533590003,-18.88888888888889,2254635.5,122.0,450.0,4735087.0,19577457.0,0.27111111111111114,0.24186425233879968,5.1724137931034475,4949528.75,1197.0,3044.0,0.3932325886990802
2021-09-17,123611.0,1916.0,27564.0,214.0,31452.0,27778.0,0.2544433747805616,-1.9645009834401317,159641.0,2578.0,46499.0,1486.0,106060.0,47985.0,0.6643656704731241,5.975876101142474,1514079.0,9725.0,227171.0,57721.0,1034598.0,284892.0,0.6833183737440385,-5.786251732969605,14517.0,1716.0,9280.0,13.0,5114.0,9293.0,0.352276641179307,-4.669030732860524,225104.0,1529.0,50866.0,2499.0,137263.0,53365.0,0.6097759257942995,-9.665354409705085,100280.0,1991.0,44016.0,1277.0,52810.0,45293.0,0.5266254487435181,-6.682424321381708,2137232.0,84.0,346.0,5873953.0,23167870.0,0.24277456647398843,0.25353875863426373,-7.692307692307687,5949623.5,377.0,620.0,17999360.0,25374368.0,0.6080645161290322,0.7093520516451878,1.072386058981234,18536306.75,410.0,974.0,18898967.0,42156392.0,0.4209445585215606,0.44830608368951497,3.2745591939546514,17640336.25,115.0,400.0,4767528.0,17947429.0,0.2875,0.2656384934020355,-18.439716312056742,5438078.5,78.0,186.0,2230761.0,5565028.0,0.41935483870967744,0.4008535087334691,6.849315068493156,2215228.0,113.0,403.0,5286349.0,19105480.0,0.2803970223325062,0.2766928127427314,-7.377049180327866,4934528.0,1177.0,2929.0,0.401843632639126
2021-09-24,123611.0,1916.0,27564.0,214.0,31452.0,27778.0,0.2544433747805616,-1.9645009834401317,159641.0,2578.0,46499.0,1486.0,106060.0,47985.0,0.6643656704731241,5.975876101142474,1514079.0,9725.0,227171.0,57721.0,1034598.0,284892.0,0.6833183737440385,-5.786251732969605,14517.0,1716.0,9280.0,13.0,5114.0,9293.0,0.352276641179307,-4.669030732860524,225104.0,1529.0,50866.0,2499.0,137263.0,53365.0,0.6097759257942995,-9.665354409705085,100280.0,1991.0,44016.0,1277.0,52810.0,45293.0,0.5266254487435181,-6.682424321381708,2137232.0,79.0,318.0,5083295.0,19993920.0,0.24842767295597484,0.25424203958003233,-5.952380952380953,5468674.25,394.0,627.0,18944941.0,25743043.0,0.6283891547049442,0.7359246923528038,4.509283819628651,18554562.25,395.0,963.0,18830709.0,39834148.0,0.4101765316718588,0.47272779626163963,-3.658536585365857,17524725.5,140.0,454.0,6757813.0,21165236.0,0.30837004405286345,0.3192883367801805,21.739130434782616,5784002.75,79.0,192.0,1963490.0,5455013.0,0.4114583333333333,0.3599423136113516,1.2820512820512775,2108265.75,123.0,461.0,5295115.0,20502544.0,0.2668112798264642,0.2582662424721537,8.849557522123884,5233161.5,1210.0,3015.0,0.4013266998341625
2021-10-01,122902.0,1762.0,22752.0,6.0,31779.0,22758.0,0.2585718702706221,-0.5735735492795935,143469.0,2636.0,41156.0,1120.0,96223.0,42276.0,0.6706884414054605,-10.130229702895877,1610359.0,10192.0,270338.0,58063.0,1083771.0,328401.0,0.6729996230654158,6.358981268480712,15032.0,1723.0,9621.0,0.0,5068.0,9621.0,0.3371474188398084,3.5475649238823515,261209.0,1736.0,66633.0,2272.0,153225.0,68905.0,0.5865992366266093,16.039252967517225,95418.0,1992.0,41523.0,1364.0,50519.0,42887.0,0.5294493701398059,-4.84842441164739,2248389.0,88.0,331.0,6281902.0,21310033.0,0.26586102719033233,0.29478612257428227,11.392405063291132,5662429.0,405.0,661.0,18013852.0,25877208.0,0.6127080181543116,0.69612811397582,2.7918781725888353,18634577.5,426.0,1067.0,18460346.0,41640225.0,0.3992502343017807,0.44332964099017236,7.848101265822782,18415671.5,126.0,409.0,5799345.0,18632441.0,0.3080684596577017,0.31124987863908976,-9.999999999999998,5959279.75,63.0,207.0,1274585.0,5963945.0,0.30434782608695654,0.21371508288557323,-20.253164556962023,1821918.75,135.0,444.0,6626211.0,20212590.0,0.30405405405405406,0.3278259243372571,9.756097560975618,5485690.5,1243.0,3119.0,0.3985251683231805
2021-10-08,122902.0,1762.0,22752.0,6.0,31779.0,22758.0,0.2585718702706221,-0.5735735492795935,143469.0,2636.0,41156.0,1120.0,96223.0,42276.0,0.6706884414054605,-10.130229702895877,1610359.0,10192.0,270338.0,58063.0,1083771.0,328401.0,0.6729996230654158,6.358981268480712,15032.0,1723.0,9621.0,0.0,5068.0,9621.0,0.3371474188398084,3.5475649238823515,261209.0,1736.0,66633.0,2272.0,153225.0,68905.0,0.5865992366266093,16.039252967517225,95418.0,1992.0,41523.0,1364.0,50519.0,42887.0,0.5294493701398059,-4.84842441164739,2248389.0,71.0,278.0,3738575.0,17051502.0,0.25539568345323743,0.2192519462508347,-19.318181818181824,5244431.25,388.0,620.0,20326306.0,26988505.0,0.6258064516129033,0.7531467934218661,-4.19753086419753,18821114.75,443.0,1029.0,20231346.0,43182382.0,0.4305150631681244,0.46850926380114927,3.9906103286384997,19105342.0,126.0,425.0,5967975.0,19718401.0,0.2964705882352941,0.3026601903470773,0.0,5823165.25,77.0,202.0,1999807.0,5969265.0,0.3811881188118812,0.33501729274877223,22.222222222222232,1867160.75,106.0,428.0,4648040.0,18806096.0,0.24766355140186916,0.247156028555847,-21.48148148148148,5463928.75,1211.0,2982.0,0.4061032863849765
2021-10-15,122902.0,1762.0,22752.0,6.0,31779.0,22758.0,0.2585718702706221,-0.5735735492795935,143469.0,2636.0,41156.0,1120.0,96223.0,42276.0,0.6706884414054605,-10.130229702895877,1610359.0,10192.0,270338.0,58063.0,1083771.0,328401.0,0.6729996230654158,6.358981268480712,15032.0,1723.0,9621.0,0.0,5068.0,9621.0,0.3371474188398084,3.5475649238823515,261209.0,1736.0,66633.0,2272.0,153225.0,68905.0,0.5865992366266093,16.039252967517225,95418.0,1992.0,41523.0,1364.0,50519.0,42887.0,0.5294493701398059,-4.84842441164739,2248389.0,81.0,302.0,6532559.0,23160038.0,0.2682119205298013,0.2820616701924237,14.084507042253524,5409082.75,375.0,602.0,19086215.0,24475821.0,0.6229235880398671,0.7797987654836992,-3.350515463917525,19092828.5,380.0,947.0,15699802.0,37277219.0,0.4012671594508976,0.421163445695882,-14.221218961625281,18305550.75,125.0,418.0,6771352.0,19156733.0,0.29904306220095694,0.3534711268356666,-0.7936507936507908,6324121.25,74.0,218.0,2070691.0,6398885.0,0.3394495412844037,0.32360184625915295,-3.8961038961038974,1827143.25,108.0,429.0,4876960.0,18817292.0,0.2517482517482518,0.259174380670715,1.8867924528301883,5361581.5,1143.0,2916.0,0.39197530864197533
2021-10-22,122902.0,1762.0,22752.0,6.0,31779.0,22758.0,0.2585718702706221,-0.5735735492795935,143469.0,2636.0,41156.0,1120.0,96223.0,42276.0,0.6706884414054605,-10.130229702895877,1610359.0,10192.0,270338.0,58063.0,1083771.0,328401.0,0.6729996230654158,6.358981268480712,15032.0,1723.0,9621.0,0.0,5068.0,9621.0,0.3371474188398084,3.5475649238823515,261209.0,1736.0,66633.0,2272.0,153225.0,68905.0,0.5865992366266093,16.039252967517225,95418.0,1992.0,41523.0,1364.0,50519.0,42887.0,0.5294493701398059,-4.84842441164739,2248389.0,76.0,285.0,7760242.0,20697555.0,0.26666666666666666,0.3749352036991809,-6.172839506172845,6078319.5,382.0,601.0,19095710.0,25158482.0,0.6356073211314476,0.7590167801062083,1.866666666666661,19130520.75,410.0,1055.0,20388899.0,43671047.0,0.3886255924170616,0.46687451757224874,7.8947368421052655,18695098.25,114.0,392.0,5216419.0,18623429.0,0.29081632653061223,0.2800998140567991,-8.799999999999997,5938772.75,90.0,239.0,2175769.0,7173178.0,0.37656903765690375,0.3033200904815132,21.62162162162162,1880213.0,136.0,448.0,6633271.0,22406420.0,0.30357142857142855,0.29604332151231655,25.92592592592593,5696120.5,1208.0,3020.0,0.4
2021-10-29,122902.0,1762.0,22752.0,6.0,31779.0,22758.0,0.2585718702706221,-0.5735735492795935,143469.0,2636.0,41156.0,1120.0,96223.0,42276.0,0.6706884414054605,-10.130229702895877,1610359.0,10192.0,270338.0,58063.0,1083771.0,328401.0,0.6729996230654158,6.358981268480712,15032.0,1723.0,9621.0,0.0,5068.0,9621.0,0.3371474188398084,3.5475649238823515,261209.0,1736.0,66633.0,2272.0,153225.0,68905.0,0.5865992366266093,16.039252967517225,95418.0,1992.0,41523.0,1364.0,50519.0,42887.0,0.5294493701398059,-4.84842441164739,2248389.0,86.0,296.0,6320922.0,19072417.0,0.2905405405405405,0.33141693577693904,13.157894736842103,6088074.5,328.0,550.0,18065813.0,23917874.0,0.5963636363636363,0.7553268739520912,-14.136125654450261,19143511.0,419.0,1061.0,14513119.0,38726071.0,0.39491046182846373,0.3747635281668517,2.195121951219514,17708291.5,123.0,412.0,6101261.0,19478772.0,0.29854368932038833,0.3132261623063302,7.8947368421052655,6014251.75,79.0,225.0,1566995.0,6033793.0,0.3511111111111111,0.25970314195399147,-12.222222222222223,1953315.5,111.0,398.0,5449271.0,17970297.0,0.27889447236180903,0.30323767047367106,-18.38235294117647,5401885.5,1146.0,2942.0,0.389530931339225
2021-11-05,132444.0,1774.0,22461.0,197.0,29654.0,22658.0,0.22389840234363204,7.763909456314777,107201.0,2575.0,30427.0,889.0,71599.0,31316.0,0.6678948890402142,-25.279328635454345,1600934.0,10675.0,267945.0,56720.0,1078787.0,324665.0,0.6738485159288266,-0.5852732216853562,14981.0,1771.0,9238.0,16.0,5251.0,9254.0,0.35051064681930444,-0.3392762107503944,269590.0,1753.0,71123.0,2398.0,158125.0,73521.0,0.5865388182054231,3.2085418190031634,95945.0,2014.0,40003.0,1403.0,51967.0,41406.0,0.5416332273698473,0.5523066926575781,2221095.0,62.0,259.0,2731986.0,13909953.0,0.23938223938223938,0.19640512085123507,-27.906976744186053,5836427.25,380.0,601.0,18136408.0,25124113.0,0.632279534109817,0.721872569192791,15.853658536585357,18596036.5,438.0,1061.0,21504934.0,45998741.0,0.412818096135721,0.4675113608000706,4.534606205250591,18026688.5,137.0,442.0,5622866.0,18890481.0,0.30995475113122173,0.2976560522730999,11.382113821138207,5927974.5,93.0,225.0,2027994.0,6465794.0,0.41333333333333333,0.31364964612234786,17.721518987341778,1960362.25,138.0,453.0,6324150.0,19520809.0,0.304635761589404,0.32396966744564737,24.32432432432432,5820913.0,1248.0,3041.0,0.4103913186451825
2021-11-12,132444.0,1774.0,22461.0,197.0,29654.0,22658.0,0.22389840234363204,7.763909456314777,107201.0,2575.0,30427.0,889.0,71599.0,31316.0,0.6678948890402142,-25.279328635454345,1600934.0,10675.0,267945.0,56720.0,1078787.0,324665.0,0.6738485159288266,-0.5852732216853562,14981.0,1771.0,9238.0,16.0,5251.0,9254.0,0.35051064681930444,-0.3392762107503944,269590.0,1753.0,71123.0,2398.0,158125.0,73521.0,0.5865388182054231,3.2085418190031634,95945.0,2014.0,40003.0,1403.0,51967.0,41406.0,0.5416332273698473,0.5523066926575781,2221095.0,79.0,310.0,5354950.0,17197893.0,0.25483870967741934,0.311372445450149,27.419354838709676,5542025.0,330.0,548.0,16561942.0,22871509.0,0.6021897810218978,0.7241298333223225,-13.157894736842103,17964968.25,502.0,1316.0,20928482.0,50020432.0,0.38145896656534956,0.4183986655693018,14.61187214611872,19333858.5,130.0,391.0,5722393.0,17877741.0,0.33248081841432225,0.32008479147337465,-5.109489051094895,5665734.75,107.0,228.0,2425269.0,6788391.0,0.4692982456140351,0.3572671344358332,15.053763440860223,2049006.75,123.0,407.0,5036188.0,17570192.0,0.3022113022113022,0.2866324966739123,-10.869565217391308,5860720.0,1271.0,3200.0,0.3971875
2021-11-19,132444.0,1774.0,22461.0,197.0,29654.0,22658.0,0.22389840234363204,7.763909456314777,107201.0,2575.0,30427.0,889.0,71599.0,31316.0,0.6678948890402142,-25.279328635454345,1600934.0,10675.0,267945.0,56720.0,1078787.0,324665.0,0.6738485159288266,-0.5852732216853562,14981.0,1771.0,9238.0,16.0,5251.0,9254.0,0.35051064681930444,-0.3392762107503944,269590.0,1753.0,71123.0,2398.0,158125.0,73521.0,0.5865388182054231,3.2085418190031634,95945.0,2014.0,40003.0,1403.0,51967.0,41406.0,0.5416332273698473,0.5523066926575781,2221095.0,67.0,286.0,6345101.0,17525268.0,0.23426573426573427,0.36205443477383625,-15.189873417721522,5188239.75,373.0,609.0,18098885.0,24693958.0,0.6124794745484401,0.7329276659497032,13.030303030303036,17715762.0,596.0,1451.0,23836837.0,52655570.0,0.4107512060647829,0.45269355169832937,18.72509960159363,20195843.0,134.0,420.0,4986316.0,17895694.0,0.319047619047619,0.27863216704532384,3.076923076923066,5608209.0,90.0,244.0,2621406.0,7623960.0,0.36885245901639346,0.3438378480474714,-15.887850467289722,2160416.0,109.0,437.0,5080605.0,20399854.0,0.2494279176201373,0.2490510471300432,-11.382113821138207,5472553.5,1369.0,3447.0,0.39715694807078616
2021-11-26,132444.0,1774.0,22461.0,197.0,29654.0,22658.0,0.22389840234363204,7.763909456314777,107201.0,2575.0,30427.0,889.0,71599.0,31316.0,0.6678948890402142,-25.279328635454345,1600934.0,10675.0,267945.0,56720.0,1078787.0,324665.0,0.6738485159288266,-0.5852732216853562,14981.0,1771.0,9238.0,16.0,5251.0,9254.0,0.35051064681930444,-0.3392762107503944,269590.0,1753.0,71123.0,2398.0,158125.0,73521.0,0.5865388182054231,3.2085418190031634,95945.0,2014.0,40003.0,1403.0,51967.0,41406.0,0.5416332273698473,0.5523066926575781,2221095.0,63.0,277.0,3820889.0,17235309.0,0.22743682310469315,0.22168961403593054,-5.970149253731338,4563231.5,421.0,687.0,20644447.0,28180292.0,0.6128093158660844,0.7325845665474296,12.868632707774807,18360420.5,546.0,1412.0,21065421.0,49948386.0,0.386685552407932,0.42174377766680987,-8.389261744966447,21833918.5,119.0,454.0,4405932.0,20039249.0,0.2621145374449339,0.21986512568410124,-11.194029850746269,5184376.75,88.0,247.0,2683739.0,7800490.0,0.3562753036437247,0.3440474893243886,-2.2222222222222254,2439602.0,130.0,444.0,5649395.0,20110327.0,0.2927927927927928,0.28092009642608,19.266055045871553,5522584.5,1367.0,3521.0,0.3882419767111616
2021-12-03,130668.0,1904.0,26779.0,72.0,32957.0,26851.0,0.2522193651085193,-1.3409440971278386,214357.0,2763.0,56652.0,2525.0,133798.0,59177.0,0.6241830217814207,99.95802277963826,2182979.0,12031.0,334698.0,63385.0,1429808.0,398083.0,0.6549801899147908,36.356589340972214,16001.0,1774.0,10590.0,8.0,5140.0,10598.0,0.32122992312980436,6.808624257392704,275209.0,1829.0,71764.0,2585.0,155152.0,74349.0,0.5637606328281415,2.084276123001594,124802.0,1988.0,52055.0,1457.0,68177.0,53512.0,0.5462813095943976,30.076606389077078,2944016.0,91.0,325.0,6668912.0,19068994.0,0.28,0.34972542337576906,44.44444444444444,5547463.0,382.0,628.0,21362997.0,28267730.0,0.60828025477707,0.7557379740078174,-9.263657957244654,19167067.75,602.0,1417.0,24970207.0,51168647.0,0.42484121383203954,0.4879981876401774,10.256410256410264,22700236.75,121.0,427.0,4697792.0,19349299.0,0.28337236533957844,0.24278874392297106,1.680672268907557,4953108.25,103.0,254.0,2275208.0,7458628.0,0.40551181102362205,0.30504376944392453,17.04545454545454,2501405.5,127.0,421.0,4379471.0,19450286.0,0.3016627078384798,0.22516229324340012,-2.3076923076923106,5036414.75,1426.0,3472.0,0.4107142857142857
2021-12-10,130668.0,1904.0,26779.0,72.0,32957.0,26851.0,0.2522193651085193,-1.3409440971278386,214357.0,2763.0,56652.0,2525.0,133798.0,59177.0,0.6241830217814207,99.95802277963826,2182979.0,12031.0,334698.0,63385.0,1429808.0,398083.0,0.6549801899147908,36.356589340972214,16001.0,1774.0,10590.0,8.0,5140.0,10598.0,0.32122992312980436,6.808624257392704,275209.0,1829.0,71764.0,2585.0,155152.0,74349.0,0.5637606328281415,2.084276123001594,124802.0,1988.0,52055.0,1457.0,68177.0,53512.0,0.5462813095943976,30.076606389077078,2944016.0,79.0,295.0,4681297.0,16500606.0,0.2677966101694915,0.28370455000258776,-13.186813186813184,5379049.75,398.0,616.0,18882400.0,25427509.0,0.6461038961038961,0.7425973185183024,4.188481675392675,19747182.25,538.0,1373.0,21489986.0,48796359.0,0.39184268026219954,0.4404014242128188,-10.6312292358804,22840612.75,125.0,417.0,5935539.0,20545698.0,0.2997601918465228,0.288894492657295,3.305785123966931,5006394.75,94.0,245.0,2104489.0,6738971.0,0.3836734693877551,0.31228640099504806,-8.737864077669899,2421210.5,113.0,426.0,4340071.0,20453843.0,0.2652582159624413,0.2121885359147423,-11.023622047244096,4862385.5,1347.0,3372.0,0.3994661921708185
2021-12-17,130668.0,1904.0,26779.0,72.0,32957.0,26851.0,0.2522193651085193,-1.3409440971278386,214357.0,2763.0,56652.0,2525.0,133798.0,59177.0,0.6241830217814207,99.95802277963826,2182979.0,12031.0,334698.0,63385.0,1429808.0,398083.0,0.6549801899147908,36.356589340972214,16001.0,1774.0,10590.0,8.0,5140.0,10598.0,0.32122992312980436,6.808624257392704,275209.0,1829.0,71764.0,2585.0,155152.0,74349.0,0.5637606328281415,2.084276123001594,124802.0,1988.0,52055.0,1457.0,68177.0,53512.0,0.5462813095943976,30.076606389077078,2944016.0,87.0,308.0,6048476.0,17766643.0,0.2824675324675325,0.34044000321276224,10.126582278481022,5304893.5,380.0,601.0,19475423.0,26414251.0,0.632279534109817,0.737307410306656,-4.522613065326631,20091316.75,573.0,1393.0,24054678.0,50751081.0,0.4113424264178033,0.4739737070822196,6.505576208178443,22895073.0,116.0,397.0,4625160.0,18004351.0,0.29219143576826195,0.2568912370126532,-7.199999999999996,4916105.75,102.0,245.0,2699432.0,6681679.0,0.4163265306122449,0.404005041247866,8.51063829787233,2440717.0,111.0,400.0,5035573.0,18894923.0,0.2775,0.26650402332944145,-1.7699115044247815,4851127.5,1369.0,3344.0,0.40938995215311
2021-12-24,130668.0,1904.0,26779.0,72.0,32957.0,26851.0,0.2522193651085193,-1.3409440971278386,214357.0,2763.0,56652.0,2525.0,133798.0,59177.0,0.6241830217814207,99.95802277963826,2182979.0,12031.0,334698.0,63385.0,1429808.0,398083.0,0.6549801899147908,36.356589340972214,16001.0,1774.0,10590.0,8.0,5140.0,10598.0,0.32122992312980436,6.808624257392704,275209.0,1829.0,71764.0,2585.0,155152.0,74349.0,0.5637606328281415,2.084276123001594,124802.0,1988.0,52055.0,1457.0,68177.0,53512.0,0.5462813095943976,30.076606389077078,2944016.0,86.0,273.0,6967786.0,18325048.0,0.315018315018315,0.38023289215940936,-1.1494252873563204,6091617.75,396.0,637.0,19150689.0,26146377.0,0.6216640502354788,0.7324414009635063,4.210526315789465,19717877.25,570.0,1351.0,27382457.0,53515181.0,0.4219096965210955,0.5116764343934481,-0.5235602094240788,24474332.0,120.0,439.0,5423268.0,20742449.0,0.2733485193621868,0.26145745856721164,3.4482758620689724,5170439.75,87.0,234.0,2161169.0,6895543.0,0.3717948717948718,0.31341534669568444,-14.70588235294118,2310074.5,135.0,418.0,6616114.0,20518784.0,0.3229665071770335,0.3224418172148993,21.62162162162162,5092807.25,1394.0,3352.0,0.4158711217183771
2021-12-31,130668.0,1904.0,26779.0,72.0,32957.0,26851.0,0.2522193651085193,-1.3409440971278386,214357.0,2763.0,56652.0,2525.0,133798.0,59177.0,0.6241830217814207,99.95802277963826,2182979.0,12031.0,334698.0,63385.0,1429808.0,398083.0,0.6549801899147908,36.356589340972214,16001.0,1774.0,10590.0,8.0,5140.0,10598.0,0.32122992312980436,6.808624257392704,275209.0,1829.0,71764.0,2585.0,155152.0,74349.0,0.5637606328281415,2.084276123001594,124802.0,1988.0,52055.0,1457.0,68177.0,53512.0,0.5462813095943976,30.076606389077078,2944016.0,70.0,297.0,6006576.0,17417167.0,0.2356902356902357,0.34486526999482753,-18.6046511627907,5926033.75,384.0,620.0,19187564.0,26183690.0,0.6193548387096774,0.7328059566852495,-3.0303030303030276,19174019.0,562.0,1449.0,22599220.0,51903838.0,0.3878536922015183,0.4354055667328493,-1.403508771929829,23881585.25,114.0,420.0,5602292.0,19363268.0,0.2714285714285714,0.2893257481123538,-5.000000000000004,5396564.75,89.0,239.0,2324392.0,6572636.0,0.3723849372384937,0.3536468473227484,2.298850574712641,2322370.5,109.0,410.0,4771281.0,18315616.0,0.2658536585365854,0.26050344143489357,-19.259259259259252,5190759.75,1328.0,3435.0,0.386608442503639
2022-01-07,132005.0,1868.0,29254.0,232.0,31637.0,29486.0,0.23966516419832581,1.0232038448587222,206685.0,2762.0,61189.0,1580.0,128175.0,62769.0,0.6201465998983962,-3.5790760273748945,2180308.0,11809.0,327104.0,63208.0,1443653.0,390312.0,0.6621325977797632,-0.12235573498416974,16337.0,1808.0,10431.0,55.0,5455.0,10486.0,0.33390463365366957,2.0998687582026054,276682.0,1848.0,72055.0,2479.0,154786.0,74534.0,0.5594364649670018,0.5352295891486003,124196.0,1977.0,51845.0,1461.0,68097.0,53306.0,0.5483026828561306,-0.48556914152017017,2936213.0,73.0,286.0,5662660.0,16526821.0,0.25524475524475526,0.34263455748688754,4.285714285714293,6171374.5,356.0,563.0,20069490.0,26474251.0,0.6323268206039077,0.7580758375373868,-7.2916666666666625,19470791.5,580.0,1415.0,26013996.0,53663138.0,0.4098939929328622,0.4847647187534952,3.2028469750889688,25012587.75,131.0,445.0,5692115.0,19979311.0,0.2943820224719101,0.2849004652863154,14.912280701754387,5335708.75,84.0,222.0,2131964.0,6730784.0,0.3783783783783784,0.3167482421067145,-5.61797752808989,2329239.25,113.0,438.0,5122623.0,19219948.0,0.2579908675799087,0.2665263714553234,3.669724770642202,5386397.75,1337.0,3369.0,0.39685366577619474
2022-01-14,132005.0,1868.0,29254.0,232.0,31637.0,29486.0,0.23966516419832581,1.0232038448587222,206685.0,2762.0,61189.0,1580.0,128175.0,62769.0,0.6201465998983962,-3.5790760273748945,2180308.0,11809.0,327104.0,63208.0,1443653.0,390312.0,0.6621325977797632,-0.12235573498416974,16337.0,1808.0,10431.0,55.0,5455.0,10486.0,0.33390463365366957,2.0998687582026054,276682.0,1848.0,72055.0,2479.0,154786.0,74534.0,0.5594364649670018,0.5352295891486003,124196.0,1977.0,51845.0,1461.0,68097.0,53306.0,0.5483026828561306,-0.48556914152017017,2936213.0,74.0,299.0,5030187.0,17709886.0,0.24749163879598662,0.2840327148350927,1.3698630136986356,5916802.25,395.0,626.0,20193821.0,27195316.0,0.6309904153354633,0.7425477607982198,10.95505617977528,19650391.0,593.0,1417.0,25188923.0,49964612.0,0.41848976711362035,0.5041352667764136,2.2413793103448265,25296149.0,121.0,399.0,5263314.0,17879497.0,0.3032581453634085,0.29437707335950225,-7.633587786259543,5495247.25,87.0,221.0,2147889.0,6248739.0,0.3936651583710407,0.34373159128585784,3.571428571428581,2191353.5,101.0,399.0,4519643.0,16693980.0,0.2531328320802005,0.27073489964645936,-10.619469026548678,5257415.25,1371.0,3361.0,0.40791431121689975
2022-01-21,132005.0,1868.0,29254.0,232.0,31637.0,29486.0,0.23966516419832581,1.0232038448587222,206685.0,2762.0,61189.0,1580.0,128175.0,62769.0,0.6201465998983962,-3.5790760273748945,2180308.0,11809.0,327104.0,63208.0,1443653.0,390312.0,0.6621325977797632,-0.12235573498416974,16337.0,1808.0,10431.0,55.0,5455.0,10486.0,0.33390463365366957,2.0998687582026054,276682.0,1848.0,72055.0,2479.0,154786.0,74534.0,0.5594364649670018,0.5352295891486003,124196.0,1977.0,51845.0,1461.0,68097.0,53306.0,0.5483026828561306,-0.48556914152017017,2936213.0,75.0,275.0,5208357.0,15901069.0,0.2727272727272727,0.3275476007304918,1.3513513513513598,5476945.0,384.0,595.0,19743894.0,26312348.0,0.6453781512605042,0.7503661018773391,-2.784810126582282,19798692.25,597.0,1457.0,26065370.0,51558573.0,0.40974605353466026,0.5055487086502569,0.6745362563237878,24966877.25,126.0,442.0,6262448.0,19688878.0,0.2850678733031674,0.3180703339215165,4.132231404958686,5705042.25,91.0,223.0,2519537.0,6392236.0,0.4080717488789238,0.3941558165249218,4.597701149425282,2280945.5,100.0,395.0,4261356.0,18677369.0,0.25316455696202533,0.22815611770587174,-0.990099009900991,4668725.75,1373.0,3387.0,0.40537348686152935
2022-01-28,132005.0,1868.0,29254.0,232.0,31637.0,29486.0,0.23966516419832581,1.0232038448587222,206685.0,2762.0,61189.0,1580.0,128175.0,62769.0,0.6201465998983962,-3.5790760273748945,2180308.0,11809.0,327104.0,63208.0,1443653.0,390312.0,0.6621325977797632,-0.12235573498416974,16337.0,1808.0,10431.0,55.0,5455.0,10486.0,0.33390463365366957,2.0998687582026054,276682.0,1848.0,72055.0,2479.0,154786.0,74534.0,0.5594364649670018,0.5352295891486003,124196.0,1977.0,51845.0,1461.0,68097.0,53306.0,0.5483026828561306,-0.48556914152017017,2936213.0,73.0,297.0,5801694.0,17449405.0,0.24579124579124578,0.3324866377965323,-2.6666666666666616,5425724.5,393.0,627.0,20003237.0,26840241.0,0.6267942583732058,0.7452703945542068,2.34375,20002610.5,606.0,1445.0,23923853.0,52152743.0,0.41937716262975777,0.45872664837590615,1.5075376884422065,25298035.5,101.0,402.0,3680831.0,16217656.0,0.2512437810945274,0.22696442691841534,-19.84126984126984,5224677.0,85.0,223.0,1942153.0,6405614.0,0.3811659192825112,0.3031954469938401,-6.593406593406592,2185385.75,120.0,414.0,5144373.0,17001764.0,0.2898550724637681,0.30257877947253004,19.999999999999996,4761998.75,1378.0,3408.0,0.4043427230046948
2022-02-04,120970.0,1708.0,28331.0,267.0,29924.0,28598.0,0.24736711581383813,-8.359531835915302,187030.0,2826.0,57009.0,1534.0,114397.0,58543.0,0.6116505373469497,-9.509640273846676,1992204.0,11503.0,279785.0,56800.0,1333473.0,336585.0,0.6693456091846016,-8.62740493544949,14728.0,1700.0,9520.0,17.0,4962.0,9537.0,0.33690928843020096,-9.848809450939589,262075.0,1883.0,69634.0,2482.0,141786.0,72116.0,0.5410130687780216,-5.279345963958626,121179.0,1906.0,55018.0,1310.0,62074.0,56328.0,0.5122504724415947,-2.4292247737447314,2698186.0,63.0,302.0,4947586.0,14818113.0,0.20860927152317882,0.33388772241107895,-13.698630136986301,5246956.0,420.0,682.0,19992861.0,28083864.0,0.6158357771260997,0.7118985122560058,6.870229007633588,19983453.25,571.0,1463.0,24863931.0,53657200.0,0.3902939166097061,0.46338480203961446,-5.775577557755773,25010519.25,122.0,446.0,5557767.0,19927812.0,0.273542600896861,0.27889499358986325,20.79207920792079,5191090.0,88.0,232.0,2053220.0,6385482.0,0.3793103448275862,0.321545029803545,3.529411764705892,2165699.75,91.0,421.0,3746673.0,17970982.0,0.2161520190023753,0.20848460034070482,-24.16666666666667,4418011.25,1355.0,3546.0,0.38212069937958265
2022-02-11,120970.0,1708.0,28331.0,267.0,29924.0,28598.0,0.24736711581383813,-8.359531835915302,187030.0,2826.0,57009.0,1534.0,114397.0,58543.0,0.6116505373469497,-9.509640273846676,1992204.0,11503.0,279785.0,56800.0,1333473.0,336585.0,0.6693456091846016,-8.62740493544949,14728.0,1700.0,9520.0,17.0,4962.0,9537.0,0.33690928843020096,-9.848809450939589,262075.0,1883.0,69634.0,2482.0,141786.0,72116.0,0.5410130687780216,-5.279345963958626,121179.0,1906.0,55018.0,1310.0,62074.0,56328.0,0.5122504724415947,-2.4292247737447314,2698186.0,59.0,257.0,4411690.0,13682641.0,0.22957198443579765,0.3224297122171078,-6.349206349206349,5092331.75,406.0,674.0,21262075.0,28511429.0,0.6023738872403561,0.745738665010442,-3.3333333333333326,20250516.75,595.0,1435.0,21897172.0,49509346.0,0.4146341463414634,0.44228360439259284,4.203152364273199,24187581.5,134.0,456.0,5606269.0,20034006.0,0.29385964912280704,0.2798376420572101,9.836065573770503,5276828.75,97.0,242.0,2246576.0,6554746.0,0.40082644628099173,0.34274035942811515,10.22727272727273,2190371.5,114.0,450.0,4626274.0,19277625.0,0.25333333333333335,0.23998153299485803,25.274725274725274,4444669.0,1405.0,3514.0,0.3998292544109277
2022-02-18,120970.0,1708.0,28331.0,267.0,29924.0,28598.0,0.24736711581383813,-8.359531835915302,187030.0,2826.0,57009.0,1534.0,114397.0,58543.0,0.6116505373469497,-9.509640273846676,1992204.0,11503.0,279785.0,56800.0,1333473.0,336585.0,0.6693456091846016,-8.62740493544949,14728.0,1700.0,9520.0,17.0,4962.0,9537.0,0.33690928843020096,-9.848809450939589,262075.0,1883.0,69634.0,2482.0,141786.0,72116.0,0.5410130687780216,-5.279345963958626,121179.0,1906.0,55018.0,1310.0,62074.0,56328.0,0.5122504724415947,-2.4292247737447314,2698186.0,86.0,345.0,6287506.0,18430637.0,0.2492753623188406,0.3411442588772162,45.76271186440677,5362119.0,397.0,658.0,20088977.0,27790595.0,0.6033434650455927,0.722869625497403,-2.2167487684729092,20336787.5,598.0,1435.0,23673347.0,48625792.0,0.41672473867595816,0.48684753556301974,0.5042016806722671,23589575.75,117.0,431.0,4955014.0,19766872.0,0.271461716937355,0.25067264056751115,-12.686567164179108,4949970.25,89.0,228.0,2218587.0,6734599.0,0.39035087719298245,0.3294311955322061,-8.247422680412376,2115134.0,113.0,431.0,5713958.0,19655110.0,0.26218097447795824,0.2907110669947917,-0.8771929824561431,4807819.5,1400.0,3528.0,0.3968253968253968
2022-02-25,120970.0,1708.0,28331.0,267.0,29924.0,28598.0,0.24736711581383813,-8.359531835915302,187030.0,2826.0,57009.0,1534.0,114397.0,58543.0,0.6116505373469497,-9.509640273846676,1992204.0,11503.0,279785.0,56800.0,1333473.0,336585.0,0.6693456091846016,-8.62740493544949,14728.0,1700.0,9520.0,17.0,4962.0,9537.0,0.33690928843020096,-9.848809450939589,262075.0,1883.0,69634.0,2482.0,141786.0,72116.0,0.5410130687780216,-5.279345963958626,121179.0,1906.0,55018.0,1310.0,62074.0,56328.0,0.5122504724415947,-2.4292247737447314,2698186.0,68.0,294.0,6288360.0,16560845.0,0.23129251700680273,0.37971250863105116,-20.93023255813954,5483785.5,439.0,687.0,20730918.0,28039283.0,0.6390101892285298,0.7393526432184446,10.579345088161208,20518707.75,569.0,1403.0,25356255.0,52546311.0,0.40555951532430506,0.48255062091799367,-4.8494983277591945,23947676.25,127.0,428.0,6076113.0,19593627.0,0.2967289719626168,0.31010659741557806,8.547008547008538,5548790.75,84.0,232.0,2181618.0,6981227.0,0.3620689655172414,0.31249778871249995,-5.61797752808989,2175000.25,101.0,427.0,4419866.0,19452363.0,0.23653395784543327,0.22721486330478205,-10.619469026548678,4626692.75,1388.0,3471.0,0.39988475943532126
2022-03-04,134591.0,1705.0,29743.0,185.0,35370.0,29928.0,0.2627961750785714,11.259816483425645,234154.0,2989.0,64948.0,2790.0,139327.0,67738.0,0.5950229336248793,25.195957867721752,2173006.0,11945.0,299008.0,64149.0,1435588.0,363157.0,0.6606461279904428,9.075476206251976,17025.0,1841.0,10587.0,48.0,5998.0,10635.0,0.35230543318649044,15.596143400325913,281964.0,1983.0,61350.0,2398.0,153884.0,63748.0,0.5457576144472344,7.589048936373177,128006.0,1988.0,55550.0,1287.0,67659.0,56837.0,0.528561161195569,5.63381443979567,2968746.0,62.0,279.0,5321972.0,17210461.0,0.2222222222222222,0.30922890444364043,-8.823529411764708,5577382.0,415.0,651.0,21218451.0,27820648.0,0.6374807987711214,0.7626871595514239,-5.46697038724373,20825105.25,573.0,1397.0,23741894.0,50647289.0,0.4101646385110952,0.4687692958254883,0.7029876977152849,23667167.0,110.0,414.0,5323936.0,18829320.0,0.26570048309178745,0.28274711991723545,-13.38582677165354,5490333.0,96.0,240.0,2200102.0,6365345.0,0.4,0.3456375106141144,14.28571428571428,2211720.75,112.0,450.0,5370448.0,19857376.0,0.24888888888888888,0.2704510404597264,10.8910891089109,5032636.5,1368.0,3431.0,0.3987175750510055
2022-03-11,134591.0,1705.0,29743.0,185.0,35370.0,29928.0,0.2627961750785714,11.259816483425645,234154.0,2989.0,64948.0,2790.0,139327.0,67738.0,0.5950229336248793,25.195957867721752,2173006.0,11945.0,299008.0,64149.0,1435588.0,363157.0,0.6606461279904428,9.075476206251976,17025.0,1841.0,10587.0,48.0,5998.0,10635.0,0.35230543318649044,15.596143400325913,281964.0,1983.0,61350.0,2398.0,153884.0,63748.0,0.5457576144472344,7.589048936373177,128006.0,1988.0,55550.0,1287.0,67659.0,56837.0,0.528561161195569,5.63381443979567,2968746.0,67.0,281.0,4093396.0,16301310.0,0.23843416370106763,0.2511084078518843,8.064516129032251,5497808.5,413.0,670.0,21531847.0,29384094.0,0.6164179104477612,0.7327721930102729,-0.48192771084337727,20892548.25,581.0,1425.0,23448953.0,52251873.0,0.40771929824561404,0.4487677025472369,1.3961605584642323,24055112.25,123.0,419.0,5382006.0,19837716.0,0.2935560859188544,0.2713016962234967,11.818181818181817,5434267.25,97.0,226.0,2133542.0,6356750.0,0.42920353982300885,0.3356340897471192,1.041666666666674,2183462.25,119.0,406.0,5009252.0,17615922.0,0.29310344827586204,0.2843593426446825,6.25,5128381.0,1400.0,3427.0,0.4085205719288007
2022-03-18,134591.0,1705.0,29743.0,185.0,35370.0,29928.0,0.2627961750785714,11.259816483425645,234154.0,2989.0,64948.0,2790.0,139327.0,67738.0,0.5950229336248793,25.195957867721752,2173006.0,11945.0,299008.0,64149.0,1435588.0,363157.0,0.6606461279904428,9.075476206251976,17025.0,1841.0,10587.0,48.0,5998.0,10635.0,0.35230543318649044,15.596143400325913,281964.0,1983.0,61350.0,2398.0,153884.0,63748.0,0.5457576144472344,7.589048936373177,128006.0,1988.0,55550.0,1287.0,67659.0,56837.0,0.528561161195569,5.63381443979567,2968746.0,68.0,296.0,4683756.0,15946883.0,0.22972972972972974,0.2937098115036023,1.4925373134328401,5096871.0,395.0,662.0,19787116.0,26934821.0,0.5966767371601208,0.734629571141386,-4.358353510895885,20817083.0,583.0,1434.0,26724957.0,55270287.0,0.40655509065550904,0.48353208297977535,0.344234079173833,24818014.75,135.0,448.0,6148850.0,19004857.0,0.3013392857142857,0.32354097691974215,9.756097560975618,5732726.25,86.0,222.0,2146456.0,6144242.0,0.38738738738738737,0.34934431293559076,-11.340206185567014,2165429.5,124.0,428.0,5737726.0,17772493.0,0.2897196261682243,0.3228430586524918,4.201680672268915,5134323.0,1391.0,3490.0,0.39856733524355303
2022-03-25,134591.0,1705.0,29743.0,185.0,35370.0,29928.0,0.2627961750785714,11.259816483425645,234154.0,2989.0,64948.0,2790.0,139327.0,67738.0,0.5950229336248793,25.195957867721752,2173006.0,11945.0,299008.0,64149.0,1435588.0,363157.0,0.6606461279904428,9.075476206251976,17025.0,1841.0,10587.0,48.0,5998.0,10635.0,0.35230543318649044,15.596143400325913,281964.0,1983.0,61350.0,2398.0,153884.0,63748.0,0.5457576144472344,7.589048936373177,128006.0,1988.0,55550.0,1287.0,67659.0,56837.0,0.528561161195569,5.63381443979567,2968746.0,63.0,275.0,5651389.0,17559171.0,0.2290909090909091,0.3218482808784082,-7.352941176470584,4937628.25,451.0,723.0,22679162.0,31144427.0,0.623789764868603,0.7281932655238769,14.177215189873426,21304144.0,546.0,1384.0,23466958.0,51468964.0,0.3945086705202312,0.4559438577391999,-6.34648370497427,24345690.5,128.0,423.0,5858540.0,17749273.0,0.30260047281323876,0.3300721105591198,-5.185185185185182,5678333.0,86.0,216.0,2366513.0,6774399.0,0.39814814814814814,0.3493318005036314,0.0,2211653.25,109.0,399.0,5018388.0,16212428.0,0.2731829573934837,0.30953957050726766,-12.096774193548388,5283953.5,1383.0,3420.0,0.4043859649122807
2022-04-01,141071.0,1792.0,28617.0,102.0,35951.0,28719.0,0.25484330585308107,4.814586413653221,225028.0,2954.0,57520.0,2084.0,131077.0,59604.0,0.5824919565565174,-3.8974350213961784,2123592.0,12100.0,299708.0,63220.0,1404694.0,362928.0,0.6614707533273811,-2.273992800756186,16717.0,1838.0,10084.0,14.0,6335.0,10098.0,0.3789555542262368,-1.8091042584434613,272798.0,1916.0,61927.0,2782.0,149919.0,64709.0,0.5495604806486851,-3.2507696017931353,131210.0,2084.0,56375.0,1512.0,69383.0,57887.0,0.5287935370779666,2.5030076715153893,2910416.0,65.0,267.0,6194366.0,18554527.0,0.24344569288389514,0.33384661328203086,3.1746031746031855,5155726.75,398.0,643.0,19624668.0,26488974.0,0.6189735614307932,0.7408617638418158,-11.75166297117517,20905698.25,571.0,1392.0,22448087.0,50552722.0,0.41020114942528735,0.44405298294323303,4.578754578754585,24022238.75,133.0,451.0,7083757.0,21111177.0,0.29490022172949004,0.3355453369558694,3.90625,6118288.25,88.0,213.0,2142482.0,6198432.0,0.4131455399061033,0.3456490286575702,2.3255813953488413,2197248.25,145.0,450.0,6911840.0,19464643.0,0.32222222222222224,0.3550971882710615,33.02752293577982,5669301.5,1400.0,3416.0,0.4098360655737705
2022-04-08,141071.0,1792.0,28617.0,102.0,35951.0,28719.0,0.25484330585308107,4.814586413653221,225028.0,2954.0,57520.0,2084.0,131077.0,59604.0,0.5824919565565174,-3.8974350213961784,2123592.0,12100.0,299708.0,63220.0,1404694.0,362928.0,0.6614707533273811,-2.273992800756186,16717.0,1838.0,10084.0,14.0,6335.0,10098.0,0.3789555542262368,-1.8091042584434613,272798.0,1916.0,61927.0,2782.0,149919.0,64709.0,0.5495604806486851,-3.2507696017931353,131210.0,2084.0,56375.0,1512.0,69383.0,57887.0,0.5287935370779666,2.5030076715153893,2910416.0,64.0,272.0,4246801.0,15228047.0,0.23529411764705882,0.2788802135953481,-1.538461538461533,5194078.0,455.0,722.0,22626273.0,29698347.0,0.6301939058171745,0.7618697767926276,14.321608040200996,21179304.75,526.0,1362.0,20032868.0,48123194.0,0.38619676945668135,0.41628300897899667,-7.880910683012255,23168217.5,142.0,438.0,7016298.0,18088691.0,0.3242009132420091,0.38788312542903186,6.766917293233088,6526861.25,86.0,222.0,2112777.0,6291457.0,0.38738738738738737,0.33581680682233067,-2.2727272727272707,2192057.0,130.0,439.0,6187050.0,19265740.0,0.296127562642369,0.32114260858913285,-10.344827586206895,5963751.0,1403.0,3455.0,0.40607814761215627
2022-04-15,141071.0,1792.0,28617.0,102.0,35951.0,28719.0,0.25484330585308107,4.814586413653221,225028.0,2954.0,57520.0,2084.0,131077.0,59604.0,0.5824919565565174,-3.8974350213961784,2123592.0,12100.0,299708.0,63220.0,1404694.0,362928.0,0.6614707533273811,-2.273992800756186,16717.0,1838.0,10084.0,14.0,6335.0,10098.0,0.3789555542262368,-1.8091042584434613,272798.0,1916.0,61927.0,2782.0,149919.0,64709.0,0.5495604806486851,-3.2507696017931353,131210.0,2084.0,56375.0,1512.0,69383.0,57887.0,0.5287935370779666,2.5030076715153893,2910416.0,66.0,271.0,5456319.0,17038484.0,0.24354243542435425,0.3202350044757503,3.125,5387218.75,435.0,706.0,21897049.0,29859245.0,0.6161473087818697,0.7333423534319102,-4.395604395604391,21706788.0,595.0,1463.0,24728197.0,52716688.0,0.40669856459330145,0.46907721137564634,13.117870722433466,22669027.5,157.0,454.0,7049963.0,20589595.0,0.3458149779735683,0.34240416093662845,10.563380281690149,6752139.5,87.0,213.0,2229663.0,5975365.0,0.4084507042253521,0.3731425611657196,1.1627906976744207,2212858.75,140.0,449.0,5777021.0,19546995.0,0.311804008908686,0.29554522319159543,7.692307692307687,5973574.75,1480.0,3556.0,0.4161979752530934
2022-04-22,141071.0,1792.0,28617.0,102.0,35951.0,28719.0,0.25484330585308107,4.814586413653221,225028.0,2954.0,57520.0,2084.0,131077.0,59604.0,0.5824919565565174,-3.8974350213961784,2123592.0,12100.0,299708.0,63220.0,1404694.0,362928.0,0.6614707533273811,-2.273992800756186,16717.0,1838.0,10084.0,14.0,6335.0,10098.0,0.3789555542262368,-1.8091042584434613,272798.0,1916.0,61927.0,2782.0,149919.0,64709.0,0.5495604806486851,-3.2507696017931353,131210.0,2084.0,56375.0,1512.0,69383.0,57887.0,0.5287935370779666,2.5030076715153893,2910416.0,80.0,304.0,6809481.0,20549336.0,0.2631578947368421,0.3313723129545402,21.212121212121215,5676741.75,427.0,685.0,22616997.0,29269546.0,0.6233576642335766,0.7727143085854492,-1.839080459770115,21691246.75,588.0,1435.0,22989447.0,52021242.0,0.4097560975609756,0.4419242239545146,-1.17647058823529,22549649.75,153.0,464.0,7329971.0,21901280.0,0.3297413793103448,0.3346823108055785,-2.547770700636942,7119997.25,94.0,214.0,2469176.0,6375993.0,0.4392523364485981,0.3872614038315287,8.045977011494255,2238524.5,154.0,469.0,6053156.0,19583357.0,0.3283582089552239,0.3090969541126172,10.000000000000009,6232266.75,1496.0,3571.0,0.4189302716325959
2022-04-29,141071.0,1792.0,28617.0,102.0,35951.0,28719.0,0.25484330585308107,4.814586413653221,225028.0,2954.0,57520.0,2084.0,131077.0,59604.0,0.5824919565565174,-3.8974350213961784,2123592.0,12100.0,299708.0,63220.0,1404694.0,362928.0,0.6614707533273811,-2.273992800756186,16717.0,1838.0,10084.0,14.0,6335.0,10098.0,0.3789555542262368,-1.8091042584434613,272798.0,1916.0,61927.0,2782.0,149919.0,64709.0,0.5495604806486851,-3.2507696017931353,131210.0,2084.0,56375.0,1512.0,69383.0,57887.0,0.5287935370779666,2.5030076715153893,2910416.0,73.0,307.0,4463889.0,17322123.0,0.23778501628664495,0.2576987243422761,-8.750000000000002,5244122.5,444.0,724.0,22271305.0,29985971.0,0.6132596685082873,0.7427241559061069,3.9812646370023463,22352906.0,551.0,1402.0,24122342.0,52011661.0,0.3930099857346648,0.4637871880307764,-6.292517006802722,22968213.5,139.0,431.0,5904292.0,18256492.0,0.3225058004640371,0.3234078047414585,-9.150326797385622,6825131.0,98.0,231.0,2956118.0,6795197.0,0.42424242424242425,0.4350305075776317,4.255319148936176,2441933.5,150.0,444.0,7282927.0,20203081.0,0.33783783783783783,0.36048595756261137,-2.5974025974025983,6325038.5,1455.0,3539.0,0.411133088443063
2022-05-06,147612.0,1886.0,27636.0,118.0,35118.0,27754.0,0.23790748719616292,4.636672313941204,219824.0,2939.0,56831.0,2297.0,130932.0,59128.0,0.5956219521071403,-2.312601098529965,2237276.0,12389.0,320464.0,64328.0,1465044.0,384792.0,0.6548338247046855,5.3533823823031845,16939.0,1869.0,10171.0,46.0,6443.0,10217.0,0.38036483853828446,1.3279894717951768,285459.0,1852.0,69439.0,2732.0,164730.0,72171.0,0.5770706125923513,4.641163058380204,130340.0,2074.0,51694.0,1653.0,72928.0,53347.0,0.5595212521098665,-0.6630592180474015,3037450.0,72.0,312.0,5141319.0,17925898.0,0.23076923076923078,0.28680956457523077,-1.3698630136986356,5467752.0,425.0,686.0,18922659.0,26675625.0,0.619533527696793,0.7093614114008575,-4.2792792792792795,21427002.5,543.0,1358.0,25243498.0,55560650.0,0.39985272459499266,0.45434130090270725,-1.4519056261342977,24270871.0,153.0,457.0,6855799.0,20502779.0,0.3347921225382932,0.3343838901058242,10.07194244604317,6785006.25,90.0,234.0,2447640.0,7251674.0,0.38461538461538464,0.33752758328628674,-8.163265306122447,2525649.25,133.0,420.0,6049136.0,17598475.0,0.31666666666666665,0.3437306925742145,-11.333333333333329,6290560.0,1416.0,3467.0,0.4084222670897029
2022-05-13,147612.0,1886.0,27636.0,118.0,35118.0,27754.0,0.23790748719616292,4.636672313941204,219824.0,2939.0,56831.0,2297.0,130932.0,59128.0,0.5956219521071403,-2.312601098529965,2237276.0,12389.0,320464.0,64328.0,1465044.0,384792.0,0.6548338247046855,5.3533823823031845,16939.0,1869.0,10171.0,46.0,6443.0,10217.0,0.38036483853828446,1.3279894717951768,285459.0,1852.0,69439.0,2732.0,164730.0,72171.0,0.5770706125923513,4.641163058380204,130340.0,2074.0,51694.0,1653.0,72928.0,53347.0,0.5595212521098665,-0.6630592180474015,3037450.0,70.0,330.0,4298493.0,20613638.0,0.21212121212121213,0.20852665599347384,-2.777777777777779,5178295.5,402.0,669.0,21519306.0,28945504.0,0.600896860986547,0.7434420903501974,-5.41176470588235,21332566.75,538.0,1371.0,22981680.0,52795074.0,0.3924142961342086,0.4352997023926891,-0.9208103130755041,23834241.75,142.0,461.0,7184597.0,20801238.0,0.3080260303687636,0.34539275979631595,-7.189542483660127,6818664.75,98.0,225.0,2331372.0,6532512.0,0.43555555555555553,0.35688751892074594,8.888888888888879,2551076.5,151.0,458.0,7248902.0,21017541.0,0.3296943231441048,0.34489772138424757,13.533834586466176,6658530.25,1401.0,3514.0,0.39869095048377917
2022-05-20,147612.0,1886.0,27636.0,118.0,35118.0,27754.0,0.23790748719616292,4.636672313941204,219824.0,2939.0,56831.0,2297.0,130932.0,59128.0,0.5956219521071403,-2.312601098529965,2237276.0,12389.0,320464.0,64328.0,1465044.0,384792.0,0.6548338247046855,5.3533823823031845,16939.0,1869.0,10171.0,46.0,6443.0,10217.0,0.38036483853828446,1.3279894717951768,285459.0,1852.0,69439.0,2732.0,164730.0,72171.0,0.5770706125923513,4.641163058380204,130340.0,2074.0,51694.0,1653.0,72928.0,53347.0,0.5595212521098665,-0.6630592180474015,3037450.0,74.0,313.0,7194211.0,23684677.0,0.2364217252396166,0.3037495930385709,5.714285714285716,5274478.0,404.0,656.0,17772277.0,24127026.0,0.6158536585365854,0.7366128340890419,0.4975124378109541,20121386.75,564.0,1392.0,22547337.0,48495195.0,0.4051724137931034,0.46493960896538306,4.832713754646845,23723714.25,123.0,409.0,6512762.0,20872495.0,0.30073349633251834,0.3120260419274265,-13.38028169014085,6614362.5,102.0,225.0,2694443.0,6754659.0,0.4533333333333333,0.39890141012299807,4.081632653061229,2607393.25,135.0,445.0,6669573.0,20599953.0,0.30337078651685395,0.32376641830202235,-10.596026490066224,6812634.5,1402.0,3440.0,0.40755813953488373
2022-05-27,147612.0,1886.0,27636.0,118.0,35118.0,27754.0,0.23790748719616292,4.636672313941204,219824.0,2939.0,56831.0,2297.0,130932.0,59128.0,0.5956219521071403,-2.312601098529965,2237276.0,12389.0,320464.0,64328.0,1465044.0,384792.0,0.6548338247046855,5.3533823823031845,16939.0,1869.0,10171.0,46.0,6443.0,10217.0,0.38036483853828446,1.3279894717951768,285459.0,1852.0,69439.0,2732.0,164730.0,72171.0,0.5770706125923513,4.641163058380204,130340.0,2074.0,51694.0,1653.0,72928.0,53347.0,0.5595212521098665,-0.6630592180474015,3037450.0,79.0,319.0,5811324.0,19064204.0,0.2476489028213166,0.30482909226107735,6.756756756756754,5611336.75,423.0,651.0,21251407.0,27443313.0,0.6497695852534562,0.7743746901112122,4.702970297029707,19866412.25,535.0,1417.0,18538283.0,50290426.0,0.37755822159491886,0.3686244972353187,-5.141843971631211,22327699.5,164.0,469.0,8161867.0,20898255.0,0.34968017057569295,0.3905525604889021,33.33333333333333,7178756.25,96.0,223.0,2282455.0,6188452.0,0.4304932735426009,0.36882486928879793,-5.882352941176472,2438977.5,143.0,450.0,7648567.0,20996505.0,0.31777777777777777,0.36427810247467374,5.9259259259259345,6904044.5,1440.0,3529.0,0.4080476055539813
2022-06-03,143152.0,1971.0,28535.0,125.0,34270.0,28660.0,0.23939588688946015,-3.0214345717150315,225767.0,2913.0,55103.0,2854.0,138057.0,57957.0,0.6115021238710706,2.7035264575296702,2159306.0,12313.0,311827.0,60555.0,1418406.0,372382.0,0.6568804977154697,-3.4850416309833876,17020.0,1824.0,10176.0,0.0,6634.0,10176.0,0.3897767332549941,0.47818643367376623,281619.0,1781.0,68636.0,2462.0,163248.0,71098.0,0.5796767973751771,-1.3452019379315394,132664.0,2119.0,52180.0,1416.0,76226.0,53596.0,0.5745793885304227,1.7830290010741212,2959528.0,67.0,274.0,5526301.0,19718396.0,0.24452554744525548,0.280261183516144,-15.189873417721522,5707582.25,452.0,706.0,20811095.0,27999578.0,0.6402266288951841,0.7432645949163948,6.85579196217494,20338521.25,548.0,1410.0,24015856.0,56957575.0,0.38865248226950355,0.42164463638067456,2.4299065420560817,22020789.0,165.0,443.0,7682795.0,19549116.0,0.3724604966139955,0.39299961184945653,0.6097560975609762,7385505.25,100.0,239.0,2540348.0,6757555.0,0.41841004184100417,0.3759270919733543,4.166666666666674,2462154.5,135.0,418.0,6341845.0,18792720.0,0.3229665071770335,0.3374628579577624,-5.594405594405593,6977221.75,1467.0,3490.0,0.4203438395415473
2022-06-10,143152.0,1971.0,28535.0,125.0,34270.0,28660.0,0.23939588688946015,-3.0214345717150315,225767.0,2913.0,55103.0,2854.0,138057.0,57957.0,0.6115021238710706,2.7035264575296702,2159306.0,12313.0,311827.0,60555.0,1418406.0,372382.0,0.6568804977154697,-3.4850416309833876,17020.0,1824.0,10176.0,0.0,6634.0,10176.0,0.3897767332549941,0.47818643367376623,281619.0,1781.0,68636.0,2462.0,163248.0,71098.0,0.5796767973751771,-1.3452019379315394,132664.0,2119.0,52180.0,1416.0,76226.0,53596.0,0.5745793885304227,1.7830290010741212,2959528.0,76.0,378.0,4655350.0,21494226.0,0.20105820105820105,0.2165860729295393,13.432835820895516,5796796.5,440.0,700.0,20381549.0,28059370.0,0.6285714285714286,0.7263722956003645,-2.6548672566371723,20054082.0,570.0,1425.0,21686518.0,51043137.0,0.4,0.4248664810707069,4.014598540145986,21696998.5,153.0,459.0,8213520.0,22511644.0,0.3333333333333333,0.36485651603232533,-7.272727272727275,7642736.0,99.0,239.0,1988194.0,6762062.0,0.41422594142259417,0.29402185309747236,-1.0000000000000009,2376360.0,168.0,477.0,8126582.0,21572967.0,0.3522012578616352,0.37670210129186216,24.444444444444446,7196641.75,1506.0,3678.0,0.4094616639477977
2022-06-17,143152.0,1971.0,28535.0,125.0,34270.0,28660.0,0.23939588688946015,-3.0214345717150315,225767.0,2913.0,55103.0,2854.0,138057.0,57957.0,0.6115021238710706,2.7035264575296702,2159306.0,12313.0,311827.0,60555.0,1418406.0,372382.0,0.6568804977154697,-3.4850416309833876,17020.0,1824.0,10176.0,0.0,6634.0,10176.0,0.3897767332549941,0.47818643367376623,281619.0,1781.0,68636.0,2462.0,163248.0,71098.0,0.5796767973751771,-1.3452019379315394,132664.0,2119.0,52180.0,1416.0,76226.0,53596.0,0.5745793885304227,1.7830290010741212,2959528.0,72.0,294.0,5134452.0,18179324.0,0.24489795918367346,0.2824336042418299,-5.263157894736848,5281856.75,429.0,675.0,22569150.0,29640933.0,0.6355555555555555,0.761418339969258,-2.500000000000002,21253300.25,589.0,1471.0,26228153.0,55516880.0,0.4004078857919782,0.47243564479848293,3.3333333333333437,22617202.5,152.0,456.0,8091231.0,21565113.0,0.3333333333333333,0.3752000279340062,-0.6535947712418277,8037353.25,106.0,246.0,2997906.0,7262043.0,0.43089430894308944,0.4128185415591728,7.070707070707072,2452225.75,145.0,476.0,7087740.0,20935224.0,0.30462184873949577,0.33855572789667787,-13.690476190476186,7301183.5,1493.0,3618.0,0.4126589275843007
2022-06-24,143152.0,1971.0,28535.0,125.0,34270.0,28660.0,0.23939588688946015,-3.0214345717150315,225767.0,2913.0,55103.0,2854.0,138057.0,57957.0,0.6115021238710706,2.7035264575296702,2159306.0,12313.0,311827.0,60555.0,1418406.0,372382.0,0.6568804977154697,-3.4850416309833876,17020.0,1824.0,10176.0,0.0,6634.0,10176.0,0.3897767332549941,0.47818643367376623,281619.0,1781.0,68636.0,2462.0,163248.0,71098.0,0.5796767973751771,-1.3452019379315394,132664.0,2119.0,52180.0,1416.0,76226.0,53596.0,0.5745793885304227,1.7830290010741212,2959528.0,63.0,332.0,3628670.0,18934876.0,0.1897590361445783,0.19163949106400274,-12.5,4736193.25,412.0,673.0,21051259.0,27898851.0,0.612184249628529,0.7545564869320246,-3.9627039627039617,21203263.25,559.0,1430.0,23041452.0,54009734.0,0.39090909090909093,0.4266166539535262,-5.093378607809851,23742994.75,156.0,457.0,8652592.0,20653666.0,0.3413566739606127,0.4189373450698777,2.6315789473684292,8160034.5,89.0,246.0,2556060.0,7231858.0,0.3617886178861789,0.35344443986593765,-16.0377358490566,2520627.0,156.0,460.0,8419805.0,21498321.0,0.3391304347826087,0.3916494222967459,7.586206896551717,7493993.0,1435.0,3598.0,0.39883268482490275
2022-07-01,128373.0,1896.0,29552.0,135.0,34639.0,29687.0,0.2698308834412221,-10.32399128199396,209329.0,2731.0,53710.0,2222.0,134492.0,55932.0,0.6424910069794438,-7.280957801627341,2252601.0,12370.0,324187.0,64058.0,1472328.0,388245.0,0.6536124240378123,4.3206011561121915,18172.0,1919.0,10445.0,78.0,7505.0,10523.0,0.4129980189302223,6.768507638072863,275921.0,1747.0,65486.0,1642.0,160811.0,67128.0,0.582815371066356,-2.0233009846636785,135565.0,2196.0,54072.0,1557.0,77460.0,55629.0,0.5713864197986206,2.18672737140444,3019961.0,77.0,364.0,5714118.0,24436647.0,0.21153846153846154,0.23383396257268846,22.222222222222232,4783147.5,441.0,706.0,20466509.0,27720912.0,0.6246458923512748,0.7383057599259361,7.038834951456319,21117116.75,547.0,1374.0,22322377.0,51822850.0,0.39810771470160117,0.4307439092986974,-2.146690518783545,23319625.0,158.0,475.0,7199681.0,21858315.0,0.33263157894736844,0.32937950615132044,1.2820512820512775,8039256.0,109.0,231.0,2495636.0,6494990.0,0.47186147186147187,0.3842401604929338,22.47191011235956,2509449.0,185.0,506.0,8492386.0,22385153.0,0.36561264822134387,0.3793758300423499,18.58974358974359,8031628.25,1517.0,3656.0,0.4149343544857768
2022-07-08,128373.0,1896.0,29552.0,135.0,34639.0,29687.0,0.2698308834412221,-10.32399128199396,209329.0,2731.0,53710.0,2222.0,134492.0,55932.0,0.6424910069794438,-7.280957801627341,2252601.0,12370.0,324187.0,64058.0,1472328.0,388245.0,0.6536124240378123,4.3206011561121915,18172.0,1919.0,10445.0,78.0,7505.0,10523.0,0.4129980189302223,6.768507638072863,275921.0,1747.0,65486.0,1642.0,160811.0,67128.0,0.582815371066356,-2.0233009846636785,135565.0,2196.0,54072.0,1557.0,77460.0,55629.0,0.5713864197986206,2.18672737140444,3019961.0,64.0,316.0,3540428.0,20501663.0,0.20253164556962025,0.17268979594484604,-16.883116883116877,4504417.0,430.0,666.0,24573857.0,30114640.0,0.6456456456456456,0.8160103192334359,-2.4943310657596363,22165193.75,538.0,1349.0,22297979.0,48187288.0,0.3988139362490734,0.4627357115428451,-1.645338208409508,23472490.25,150.0,471.0,6795599.0,20689890.0,0.3184713375796178,0.328450223756627,-5.063291139240511,7684775.75,73.0,214.0,2142964.0,6295554.0,0.3411214953271028,0.34039323624259277,-33.02752293577982,2548141.5,144.0,485.0,5937789.0,19791666.0,0.29690721649484536,0.3000146122110185,-22.162162162162158,7484430.0,1399.0,3501.0,0.39960011425307057
2022-07-15,128373.0,1896.0,29552.0,135.0,34639.0,29687.0,0.2698308834412221,-10.32399128199396,209329.0,2731.0,53710.0,2222.0,134492.0,55932.0,0.6424910069794438,-7.280957801627341,2252601.0,12370.0,324187.0,64058.0,1472328.0,388245.0,0.6536124240378123,4.3206011561121915,18172.0,1919.0,10445.0,78.0,7505.0,10523.0,0.4129980189302223,6.768507638072863,275921.0,1747.0,65486.0,1642.0,160811.0,67128.0,0.582815371066356,-2.0233009846636785,135565.0,2196.0,54072.0,1557.0,77460.0,55629.0,0.5713864197986206,2.18672737140444,3019961.0,63.0,308.0,3332987.0,18560630.0,0.20454545454545456,0.17957294553040495,-1.5625,4054050.75,422.0,658.0,21741309.0,28780690.0,0.6413373860182371,0.7554130564625101,-1.8604651162790753,21958233.5,529.0,1377.0,21897464.0,51920783.0,0.3841684822076979,0.4217475687914799,-1.6728624535315983,22389818.0,184.0,512.0,10935315.0,24851589.0,0.359375,0.44002478070919326,22.666666666666657,8395796.75,96.0,216.0,2348445.0,5894360.0,0.4444444444444444,0.39842239021708886,31.506849315068486,2385776.25,146.0,489.0,6639346.0,21695994.0,0.2985685071574642,0.3060171384634417,1.388888888888884,7372331.5,1440.0,3560.0,0.4044943820224719
2022-07-22,128373.0,1896.0,29552.0,135.0,34639.0,29687.0,0.2698308834412221,-10.32399128199396,209329.0,2731.0,53710.0,2222.0,134492.0,55932.0,0.6424910069794438,-7.280957801627341,2252601.0,12370.0,324187.0,64058.0,1472328.0,388245.0,0.6536124240378123,4.3206011561121915,18172.0,1919.0,10445.0,78.0,7505.0,10523.0,0.4129980189302223,6.768507638072863,275921.0,1747.0,65486.0,1642.0,160811.0,67128.0,0.582815371066356,-2.0233009846636785,135565.0,2196.0,54072.0,1557.0,77460.0,55629.0,0.5713864197986206,2.18672737140444,3019961.0,70.0,368.0,6032750.0,23695200.0,0.19021739130434784,0.2545979776494818,11.111111111111116,4655070.75,428.0,656.0,21601225.0,28562597.0,0.6524390243902439,0.7562766438920102,1.4218009478673022,22095725.0,601.0,1491.0,24375387.0,55459750.0,0.40308517773306507,0.4395149094613661,13.610586011342152,22723301.75,153.0,465.0,7359554.0,22206590.0,0.32903225806451614,0.33141306251882885,-16.84782608695652,8072537.25,86.0,210.0,1808688.0,5477348.0,0.4095238095238095,0.3302123582434419,-10.416666666666663,2198933.25,168.0,482.0,8256439.0,21752451.0,0.34854771784232363,0.37956361791137927,15.068493150684926,7331490.0,1506.0,3672.0,0.41013071895424835
2022-07-29,128373.0,1896.0,29552.0,135.0,34639.0,29687.0,0.2698308834412221,-10.32399128199396,209329.0,2731.0,53710.0,2222.0,134492.0,55932.0,0.6424910069794438,-7.280957801627341,2252601.0,12370.0,324187.0,64058.0,1472328.0,388245.0,0.6536124240378123,4.3206011561121915,18172.0,1919.0,10445.0,78.0,7505.0,10523.0,0.4129980189302223,6.768507638072863,275921.0,1747.0,65486.0,1642.0,160811.0,67128.0,0.582815371066356,-2.0233009846636785,135565.0,2196.0,54072.0,1557.0,77460.0,55629.0,0.5713864197986206,2.18672737140444,3019961.0,64.0,310.0,3535786.0,20319296.0,0.2064516129032258,0.17401124527148973,-8.571428571428575,4110487.75,417.0,658.0,18912408.0,25907565.0,0.6337386018237082,0.7299955823714038,-2.5700934579439227,21707199.75,593.0,1497.0,23420837.0,53024907.0,0.39612558450233804,0.44169501325103694,-1.331114808652245,22997916.75,165.0,466.0,7050433.0,20182182.0,0.3540772532188841,0.3493394817270006,7.843137254901955,8035225.25,90.0,227.0,2364433.0,6849777.0,0.3964757709251101,0.3451839381048463,4.651162790697683,2166132.5,177.0,509.0,7570204.0,22456226.0,0.3477406679764244,0.33710936111882733,5.35714285714286,7100944.5,1506.0,3667.0,0.41068993727842923
2022-08-05,128494.0,1849.0,28150.0,456.0,35702.0,28606.0,0.2778495493953025,0.09425658043358265,208563.0,2808.0,57488.0,2953.0,126500.0,60441.0,0.6065313598289246,-0.3659311418866995,2263607.0,12448.0,329821.0,65190.0,1485704.0,395011.0,0.6563436144171669,0.4885907446547266,17523.0,1924.0,10564.0,30.0,6757.0,10594.0,0.3856074873024026,-3.57142857142857,285163.0,1775.0,65778.0,2334.0,171592.0,68112.0,0.6017330439082209,3.349509461041378,141586.0,2207.0,58908.0,1461.0,79348.0,60369.0,0.5604226406565621,4.441411868845213,3044936.0,58.0,341.0,3279202.0,21313599.0,0.17008797653958943,0.1538549167599522,-9.375,4045181.25,413.0,700.0,20172560.0,28144649.0,0.59,0.7167458368374038,-0.959232613908878,20606875.5,570.0,1480.0,23013215.0,55705612.0,0.38513513513513514,0.4131220208118349,-3.8785834738617186,23176725.75,179.0,493.0,8600628.0,23068215.0,0.3630831643002028,0.3728345691246592,8.484848484848495,8486482.5,103.0,231.0,2721012.0,6876448.0,0.4458874458874459,0.3957002219750662,14.444444444444438,2310644.5,162.0,502.0,7710249.0,21193722.0,0.32270916334661354,0.3637987230369446,-8.47457627118644,7544059.5,1485.0,3747.0,0.3963170536429143
2022-08-12,128494.0,1849.0,28150.0,456.0,35702.0,28606.0,0.2778495493953025,0.09425658043358265,208563.0,2808.0,57488.0,2953.0,126500.0,60441.0,0.6065313598289246,-0.3659311418866995,2263607.0,12448.0,329821.0,65190.0,1485704.0,395011.0,0.6563436144171669,0.4885907446547266,17523.0,1924.0,10564.0,30.0,6757.0,10594.0,0.3856074873024026,-3.57142857142857,285163.0,1775.0,65778.0,2334.0,171592.0,68112.0,0.6017330439082209,3.349509461041378,141586.0,2207.0,58908.0,1461.0,79348.0,60369.0,0.5604226406565621,4.441411868845213,3044936.0,70.0,334.0,5169106.0,23896726.0,0.20958083832335328,0.2163102175586731,20.68965517241379,4504211.0,434.0,684.0,20894103.0,28169158.0,0.6345029239766082,0.7417368669663467,5.084745762711873,20395074.0,571.0,1463.0,21308559.0,50407725.0,0.3902939166097061,0.4227240765180337,0.17543859649122862,23029499.5,154.0,474.0,8448032.0,22902614.0,0.32489451476793246,0.36886758865167096,-13.966480446927376,7864661.75,96.0,243.0,2525296.0,6788663.0,0.3950617283950617,0.3719872381351085,-6.796116504854366,2354857.25,158.0,520.0,7695920.0,23801708.0,0.3038461538461538,0.3233347791679488,-2.4691358024691357,7808203.0,1483.0,3718.0,0.39887036040882196
2022-08-19,128494.0,1849.0,28150.0,456.0,35702.0,28606.0,0.2778495493953025,0.09425658043358265,208563.0,2808.0,57488.0,2953.0,126500.0,60441.0,0.6065313598289246,-0.3659311418866995,2263607.0,12448.0,329821.0,65190.0,1485704.0,395011.0,0.6563436144171669,0.4885907446547266,17523.0,1924.0,10564.0,30.0,6757.0,10594.0,0.3856074873024026,-3.57142857142857,285163.0,1775.0,65778.0,2334.0,171592.0,68112.0,0.6017330439082209,3.349509461041378,141586.0,2207.0,58908.0,1461.0,79348.0,60369.0,0.5604226406565621,4.441411868845213,3044936.0,57.0,321.0,4730827.0,19809238.0,0.17757009345794392,0.2388192317140114,-18.571428571428573,4178730.25,444.0,729.0,21209324.0,29657834.0,0.6090534979423868,0.7151339507800873,2.304147465437789,20297098.75,585.0,1500.0,22911260.0,51383857.0,0.39,0.4458843951710359,2.4518388791593626,22663467.75,157.0,479.0,8241356.0,21938840.0,0.3277661795407098,0.3756514018061119,1.9480519480519431,8085112.25,112.0,241.0,3346923.0,6881360.0,0.46473029045643155,0.48637522233977004,16.666666666666675,2739416.0,131.0,473.0,6747598.0,21213445.0,0.2769556025369979,0.31808119803266277,-17.08860759493671,7430992.75,1486.0,3743.0,0.39700774779588566
2022-08-26,128494.0,1849.0,28150.0,456.0,35702.0,28606.0,0.2778495493953025,0.09425658043358265,208563.0,2808.0,57488.0,2953.0,126500.0,60441.0,0.6065313598289246,-0.3659311418866995,2263607.0,12448.0,329821.0,65190.0,1485704.0,395011.0,0.6563436144171669,0.4885907446547266,17523.0,1924.0,10564.0,30.0,6757.0,10594.0,0.3856074873024026,-3.57142857142857,285163.0,1775.0,65778.0,2334.0,171592.0,68112.0,0.6017330439082209,3.349509461041378,141586.0,2207.0,58908.0,1461.0,79348.0,60369.0,0.5604226406565621,4.441411868845213,3044936.0,61.0,339.0,6124595.0,22805003.0,0.17994100294985252,0.26856365684319355,7.017543859649122,4825932.5,423.0,693.0,20979199.0,28371334.0,0.6103896103896104,0.7394505665472058,-4.729729729729726,20813796.5,581.0,1419.0,22274725.0,50396696.0,0.4094432699083862,0.4419878041211273,-0.6837606837606813,22376939.75,164.0,487.0,7902676.0,21734067.0,0.33675564681724846,0.36360778679848554,4.458598726114649,8298173.0,106.0,245.0,2716317.0,7401483.0,0.4326530612244898,0.3669963168192104,-5.35714285714286,2827387.0,174.0,505.0,8787603.0,23240366.0,0.3445544554455445,0.3781180984843354,32.82442748091603,7735342.5,1509.0,3688.0,0.4091648590021692
2022-09-02,132928.0,1887.0,28429.0,36.0,32980.0,28465.0,0.24810423688011554,3.4507447818575177,199271.0,2861.0,54092.0,3100.0,126079.0,57192.0,0.6327011958589057,-4.455248534016098,2158641.0,12296.0,304634.0,59860.0,1407080.0,364494.0,0.6518360394340699,-4.637112360935447,16822.0,1843.0,10082.0,44.0,6485.0,10126.0,0.38550707406967066,-4.000456542829422,268648.0,1681.0,63869.0,2559.0,156838.0,66428.0,0.5838048301122659,-5.7914245536763165,132573.0,2114.0,51468.0,1853.0,76226.0,53321.0,0.5749737880262196,-6.365742375658612,2908883.0,58.0,297.0,4202357.0,20115071.0,0.19528619528619529,0.2089158422557892,-4.918032786885251,5056721.25,450.0,747.0,24156660.0,32460837.0,0.6024096385542169,0.7441785928070801,6.382978723404253,21809821.5,605.0,1485.0,27732385.0,57647881.0,0.4074074074074074,0.48106512362527254,4.130808950086062,23556732.25,173.0,505.0,9029360.0,23778548.0,0.3425742574257426,0.37972713893211646,5.487804878048785,8405356.0,86.0,209.0,2448633.0,6006417.0,0.41148325358851673,0.40766949747245323,-18.867924528301884,2759292.25,158.0,481.0,7291400.0,20605115.0,0.3284823284823285,0.3538635916373192,-9.195402298850574,7630630.25,1530.0,3724.0,0.41084854994629433
2022-09-09,132928.0,1887.0,28429.0,36.0,32980.0,28465.0,0.24810423688011554,3.4507447818575177,199271.0,2861.0,54092.0,3100.0,126079.0,57192.0,0.6327011958589057,-4.455248534016098,2158641.0,12296.0,304634.0,59860.0,1407080.0,364494.0,0.6518360394340699,-4.637112360935447,16822.0,1843.0,10082.0,44.0,6485.0,10126.0,0.38550707406967066,-4.000456542829422,268648.0,1681.0,63869.0,2559.0,156838.0,66428.0,0.5838048301122659,-5.7914245536763165,132573.0,2114.0,51468.0,1853.0,76226.0,53321.0,0.5749737880262196,-6.365742375658612,2908883.0,79.0,390.0,5291527.0,25092254.0,0.20256410256410257,0.21088288840053987,36.206896551724135,5087326.5,400.0,672.0,23182560.0,31221153.0,0.5952380952380952,0.7425273499668638,-11.111111111111116,22381935.75,576.0,1477.0,26847819.0,56355349.0,0.3899796885578876,0.4764023198578719,-4.793388429752065,24941547.25,171.0,496.0,8485353.0,21895036.0,0.34475806451612906,0.3875468850565032,-1.1560693641618491,8414686.25,75.0,216.0,2002140.0,6173721.0,0.3472222222222222,0.3243003692586691,-12.790697674418606,2628503.25,160.0,483.0,8366654.0,21897866.0,0.33126293995859213,0.3820762260578268,1.2658227848101333,7798313.75,1461.0,3734.0,0.3912694161756829
2022-09-16,132928.0,1887.0,28429.0,36.0,32980.0,28465.0,0.24810423688011554,3.4507447818575177,199271.0,2861.0,54092.0,3100.0,126079.0,57192.0,0.6327011958589057,-4.455248534016098,2158641.0,12296.0,304634.0,59860.0,1407080.0,364494.0,0.6518360394340699,-4.637112360935447,16822.0,1843.0,10082.0,44.0,6485.0,10126.0,0.38550707406967066,-4.000456542829422,268648.0,1681.0,63869.0,2559.0,156838.0,66428.0,0.5838048301122659,-5.7914245536763165,132573.0,2114.0,51468.0,1853.0,76226.0,53321.0,0.5749737880262196,-6.365742375658612,2908883.0,55.0,293.0,4962710.0,21333467.0,0.18771331058020477,0.23262557370538975,-30.379746835443033,5145297.25,463.0,738.0,21235705.0,28848387.0,0.6273712737127372,0.7361141196559794,15.749999999999996,22388531.0,604.0,1433.0,25722458.0,52742097.0,0.421493370551291,0.48770260310279284,4.861111111111116,25644346.75,180.0,488.0,9077228.0,22665956.0,0.36885245901639346,0.4004784973552406,5.263157894736836,8623654.25,103.0,229.0,2667781.0,6573312.0,0.4497816593886463,0.4058503536725474,37.33333333333333,2458717.75,162.0,492.0,7117096.0,21842622.0,0.32926829268292684,0.32583524084242266,1.2499999999999956,7890688.25,1567.0,3673.0,0.42662673563844267
2022-09-23,132928.0,1887.0,28429.0,36.0,32980.0,28465.0,0.24810423688011554,3.4507447818575177,199271.0,2861.0,54092.0,3100.0,126079.0,57192.0,0.6327011958589057,-4.455248534016098,2158641.0,12296.0,304634.0,59860.0,1407080.0,364494.0,0.6518360394340699,-4.637112360935447,16822.0,1843.0,10082.0,44.0,6485.0,10126.0,0.38550707406967066,-4.000456542829422,268648.0,1681.0,63869.0,2559.0,156838.0,66428.0,0.5838048301122659,-5.7914245536763165,132573.0,2114.0,51468.0,1853.0,76226.0,53321.0,0.5749737880262196,-6.365742375658612,2908883.0,73.0,328.0,6318787.0,23897972.0,0.2225609756097561,0.26440682916525304,32.72727272727274,5193845.25,413.0,655.0,19888987.0,26578748.0,0.6305343511450382,0.748304133813978,-10.799136069114468,22115978.0,595.0,1447.0,22284787.0,50523356.0,0.41119557705597787,0.44107891407688754,-1.490066225165565,25646862.25,158.0,489.0,7058485.0,20647930.0,0.3231083844580777,0.34184952196176566,-12.222222222222223,8412606.5,84.0,215.0,2330446.0,6249030.0,0.39069767441860465,0.3729292386178335,-18.446601941747577,2362250.0,178.0,489.0,8772807.0,21784947.0,0.36400817995910023,0.4027004059270835,9.876543209876543,7886989.25,1501.0,3623.0,0.41429754347226055
2022-09-30,132928.0,1887.0,28429.0,36.0,32980.0,28465.0,0.24810423688011554,3.4507447818575177,199271.0,2861.0,54092.0,3100.0,126079.0,57192.0,0.6327011958589057,-4.455248534016098,2158641.0,12296.0,304634.0,59860.0,1407080.0,364494.0,0.6518360394340699,-4.637112360935447,16822.0,1843.0,10082.0,44.0,6485.0,10126.0,0.38550707406967066,-4.000456542829422,268648.0,1681.0,63869.0,2559.0,156838.0,66428.0,0.5838048301122659,-5.7914245536763165,132573.0,2114.0,51468.0,1853.0,76226.0,53321.0,0.5749737880262196,-6.365742375658612,2908883.0,71.0,318.0,5850687.0,23014154.0,0.22327044025157233,0.2542212501054786,-2.73972602739726,5605927.75,439.0,721.0,19769949.0,27622410.0,0.608876560332871,0.71572136536964,6.295399515738498,21019300.25,569.0,1450.0,23802451.0,52491919.0,0.39241379310344826,0.4534498157706903,-4.369747899159659,24664378.75,177.0,488.0,8995703.0,22069007.0,0.36270491803278687,0.40761702599487143,12.0253164556962,8404192.25,85.0,216.0,2304146.0,6346659.0,0.39351851851851855,0.36304865284238524,1.1904761904761862,2326128.25,162.0,461.0,7578084.0,20358137.0,0.351409978308026,0.37223857959105,-8.98876404494382,7958660.25,1503.0,3654.0,0.41133004926108374
2022-10-07,142233.0,1830.0,27477.0,79.0,31541.0,27556.0,0.22175585131439257,7.000030091478093,205766.0,2976.0,50052.0,2222.0,132661.0,52274.0,0.6447177862231855,3.259380441710036,2245197.0,13218.0,333377.0,60566.0,1447237.0,393943.0,0.644592434427803,4.009745020130717,18314.0,1957.0,10671.0,9.0,7299.0,10680.0,0.39854755924429397,8.86933777196528,293053.0,1830.0,70083.0,2580.0,171200.0,72663.0,0.584194667858715,9.084378070932964,133097.0,2247.0,53271.0,1845.0,74870.0,55116.0,0.5625220703697303,0.3952539355675633,3037660.0,56.0,309.0,3788073.0,22714068.0,0.18122977346278318,0.16677210792888356,-21.126760563380287,5230064.25,415.0,665.0,22548198.0,29707395.0,0.6240601503759399,0.7590096001349159,-5.46697038724373,20860709.75,585.0,1529.0,25674939.0,57649542.0,0.38260300850228907,0.44536241068489324,2.811950790861162,24371158.75,179.0,482.0,8937777.0,22251805.0,0.37136929460580914,0.401665258166697,1.1299435028248483,8517298.25,89.0,224.0,2212555.0,5586777.0,0.39732142857142855,0.39603424299913886,4.705882352941182,2378732.0,136.0,487.0,6351456.0,20825828.0,0.2792607802874743,0.30497975878798195,-16.049382716049386,7454860.75,1460.0,3696.0,0.395021645021645
2022-10-14,142233.0,1830.0,27477.0,79.0,31541.0,27556.0,0.22175585131439257,7.000030091478093,205766.0,2976.0,50052.0,2222.0,132661.0,52274.0,0.6447177862231855,3.259380441710036,2245197.0,13218.0,333377.0,60566.0,1447237.0,393943.0,0.644592434427803,4.009745020130717,18314.0,1957.0,10671.0,9.0,7299.0,10680.0,0.39854755924429397,8.86933777196528,293053.0,1830.0,70083.0,2580.0,171200.0,72663.0,0.584194667858715,9.084378070932964,133097.0,2247.0,53271.0,1845.0,74870.0,55116.0,0.5625220703697303,0.3952539355675633,3037660.0,66.0,309.0,6300236.0,23087190.0,0.21359223300970873,0.27288881843134655,17.85714285714286,5564445.75,416.0,698.0,18169045.0,25879704.0,0.5959885386819485,0.7020576819580316,0.24096385542169418,20094044.75,612.0,1530.0,25888080.0,55449104.0,0.4,0.46688004192096594,4.615384615384621,24412564.25,144.0,483.0,7382275.0,21918778.0,0.2981366459627329,0.3368013946762908,-19.55307262569832,8093560.0,93.0,222.0,2344989.0,6098464.0,0.4189189189189189,0.38452124994096876,4.494382022471921,2298034.0,155.0,480.0,7526971.0,20957104.0,0.3229166666666667,0.35916083634456364,13.970588235294112,7557329.5,1486.0,3722.0,0.3992477162815691
2022-10-21,142233.0,1830.0,27477.0,79.0,31541.0,27556.0,0.22175585131439257,7.000030091478093,205766.0,2976.0,50052.0,2222.0,132661.0,52274.0,0.6447177862231855,3.259380441710036,2245197.0,13218.0,333377.0,60566.0,1447237.0,393943.0,0.644592434427803,4.009745020130717,18314.0,1957.0,10671.0,9.0,7299.0,10680.0,0.39854755924429397,8.86933777196528,293053.0,1830.0,70083.0,2580.0,171200.0,72663.0,0.584194667858715,9.084378070932964,133097.0,2247.0,53271.0,1845.0,74870.0,55116.0,0.5625220703697303,0.3952539355675633,3037660.0,69.0,278.0,4929811.0,16974480.0,0.24820143884892087,0.29042486132123047,4.545454545454541,5217201.75,424.0,692.0,20734179.0,28276161.0,0.6127167630057804,0.7332741881049553,1.9230769230769162,20305342.75,627.0,1529.0,25674671.0,53063881.0,0.41007194244604317,0.48384457593669034,2.450980392156854,25260035.25,190.0,504.0,8242294.0,22008731.0,0.376984126984127,0.374501101403802,31.944444444444443,8389512.25,94.0,226.0,2054877.0,6048442.0,0.415929203539823,0.33973658009781693,1.0752688172043001,2229141.75,167.0,492.0,8426912.0,22662682.0,0.3394308943089431,0.3718408968541323,7.741935483870965,7470855.75,1571.0,3721.0,0.4221983337812416
2022-10-28,142233.0,1830.0,27477.0,79.0,31541.0,27556.0,0.22175585131439257,7.000030091478093,205766.0,2976.0,50052.0,2222.0,132661.0,52274.0,0.6447177862231855,3.259380441710036,2245197.0,13218.0,333377.0,60566.0,1447237.0,393943.0,0.644592434427803,4.009745020130717,18314.0,1957.0,10671.0,9.0,7299.0,10680.0,0.39854755924429397,8.86933777196528,293053.0,1830.0,70083.0,2580.0,171200.0,72663.0,0.584194667858715,9.084378070932964,133097.0,2247.0,53271.0,1845.0,74870.0,55116.0,0.5625220703697303,0.3952539355675633,3037660.0,54.0,304.0,4631333.0,17963404.0,0.17763157894736842,0.25782045541034426,-21.739130434782606,4912363.25,476.0,759.0,21925080.0,28935146.0,0.6271409749670619,0.7577317909507005,12.264150943396235,20844125.5,532.0,1441.0,21968064.0,51680586.0,0.3691880638445524,0.42507381785492915,-15.151515151515149,24801438.5,173.0,515.0,8823188.0,22620778.0,0.3359223300970874,0.39004794618469796,-8.947368421052627,8346383.5,96.0,234.0,2456999.0,6624094.0,0.41025641025641024,0.3709184984391828,2.127659574468077,2267355.0,160.0,498.0,7657900.0,21456785.0,0.321285140562249,0.35689876186017616,-4.191616766467066,7490809.75,1491.0,3751.0,0.39749400159957343
2022-11-04,146592.0,1801.0,25237.0,127.0,31459.0,25364.0,0.2146024339663829,3.064689628989048,217127.0,3010.0,55778.0,2327.0,135494.0,58105.0,0.6240310970077421,5.521320334749191,2194874.0,12756.0,319245.0,60261.0,1403716.0,379506.0,0.639542862141517,-2.241362339251296,19435.0,2091.0,11566.0,18.0,7304.0,11584.0,0.3758168253151531,6.12100032761822,313992.0,1899.0,77874.0,2683.0,180530.0,80557.0,0.5749509541644373,7.145123919564034,137825.0,2323.0,53136.0,1525.0,79160.0,54661.0,0.5743515327407945,3.5522964454495654,3029845.0,58.0,291.0,4203586.0,18177350.0,0.19931271477663232,0.23125406068541343,7.407407407407418,5016241.5,396.0,640.0,21991191.0,28665732.0,0.61875,0.7671595827380232,-16.806722689075627,20704873.75,591.0,1445.0,26754226.0,54771892.0,0.40899653979238754,0.4884663469357604,11.090225563909772,25071260.25,164.0,503.0,7794838.0,21120267.0,0.3260437375745527,0.36906910315101604,-5.202312138728327,8060648.75,97.0,229.0,2294996.0,6568841.0,0.42358078602620086,0.34937609237306855,1.041666666666674,2287965.25,162.0,521.0,7111612.0,23001186.0,0.31094049904030713,0.30918457856912246,1.2499999999999956,7680848.75,1468.0,3629.0,0.40451915128134475
2022-11-11,146592.0,1801.0,25237.0,127.0,31459.0,25364.0,0.2146024339663829,3.064689628989048,217127.0,3010.0,55778.0,2327.0,135494.0,58105.0,0.6240310970077421,5.521320334749191,2194874.0,12756.0,319245.0,60261.0,1403716.0,379506.0,0.639542862141517,-2.241362339251296,19435.0,2091.0,11566.0,18.0,7304.0,11584.0,0.3758168253151531,6.12100032761822,313992.0,1899.0,77874.0,2683.0,180530.0,80557.0,0.5749509541644373,7.145123919564034,137825.0,2323.0,53136.0,1525.0,79160.0,54661.0,0.5743515327407945,3.5522964454495654,3029845.0,64.0,314.0,4770443.0,19266575.0,0.20382165605095542,0.24760202578818497,10.344827586206895,4633793.25,410.0,669.0,21250620.0,28157160.0,0.6128550074738416,0.7547146090017601,3.535353535353525,21475267.5,595.0,1457.0,27088991.0,56333582.0,0.40837336993822926,0.480867540075829,0.6768189509306355,25371488.0,181.0,519.0,8754894.0,23652401.0,0.348747591522158,0.37014821455124153,10.365853658536594,8403803.5,98.0,233.0,2387506.0,6664683.0,0.4206008583690987,0.35823249207801783,1.0309278350515427,2298594.5,171.0,522.0,7917090.0,21841920.0,0.3275862068965517,0.36247225518635723,5.555555555555558,7778378.5,1519.0,3714.0,0.40899299946149703
2022-11-18,146592.0,1801.0,25237.0,127.0,31459.0,25364.0,0.2146024339663829,3.064689628989048,217127.0,3010.0,55778.0,2327.0,135494.0,58105.0,0.6240310970077421,5.521320334749191,2194874.0,12756.0,319245.0,60261.0,1403716.0,379506.0,0.639542862141517,-2.241362339251296,19435.0,2091.0,11566.0,18.0,7304.0,11584.0,0.3758168253151531,6.12100032761822,313992.0,1899.0,77874.0,2683.0,180530.0,80557.0,0.5749509541644373,7.145123919564034,137825.0,2323.0,53136.0,1525.0,79160.0,54661.0,0.5743515327407945,3.5522964454495654,3029845.0,57.0,262.0,5780992.0,19475721.0,0.21755725190839695,0.29683070526631594,-10.9375,4846588.5,367.0,623.0,19661607.0,26589314.0,0.5890850722311396,0.7394552187393778,-10.48780487804878,21207124.5,615.0,1489.0,25440585.0,53718343.0,0.41302887844190733,0.47359213965330244,3.3613445378151363,25312966.5,186.0,512.0,9651007.0,23525742.0,0.36328125,0.4102317792994584,2.7624309392265234,8755981.75,98.0,234.0,2307285.0,6612764.0,0.4188034188034188,0.34891385810834924,0.0,2361696.5,165.0,503.0,8378138.0,22218811.0,0.32803180914512925,0.3770740927586089,-3.508771929824561,7766185.0,1488.0,3623.0,0.4107093568865581
2022-11-25,146592.0,1801.0,25237.0,127.0,31459.0,25364.0,0.2146024339663829,3.064689628989048,217127.0,3010.0,55778.0,2327.0,135494.0,58105.0,0.6240310970077421,5.521320334749191,2194874.0,12756.0,319245.0,60261.0,1403716.0,379506.0,0.639542862141517,-2.241362339251296,19435.0,2091.0,11566.0,18.0,7304.0,11584.0,0.3758168253151531,6.12100032761822,313992.0,1899.0,77874.0,2683.0,180530.0,80557.0,0.5749509541644373,7.145123919564034,137825.0,2323.0,53136.0,1525.0,79160.0,54661.0,0.5743515327407945,3.5522964454495654,3029845.0,59.0,312.0,5387531.0,19285611.0,0.1891025641025641,0.2793549553602424,3.5087719298245723,5035638.0,378.0,604.0,16196506.0,23106131.0,0.6258278145695364,0.7009614028415229,2.997275204359684,19774981.0,579.0,1474.0,24745809.0,55259844.0,0.39280868385345996,0.44780815885039416,-5.853658536585371,26007402.75,160.0,491.0,7906439.0,21481436.0,0.3258655804480652,0.36805914651143434,-13.978494623655912,8526794.5,102.0,231.0,2573169.0,6886603.0,0.44155844155844154,0.3736485172733204,4.081632653061229,2390739.0,168.0,477.0,8442918.0,21353904.0,0.3522012578616352,0.395380535568578,1.8181818181818077,7962439.5,1446.0,3589.0,0.4028977431039287
2022-12-02,142834.0,1888.0,25467.0,80.0,30908.0,25547.0,0.21639105535096687,-2.563577821436369,216950.0,3044.0,61811.0,2628.0,129745.0,64439.0,0.5980410232772528,-0.08151911093507991,2259805.0,12444.0,325141.0,61761.0,1445064.0,386902.0,0.6394640245507909,2.9583019344162853,20316.0,2040.0,11782.0,42.0,8221.0,11824.0,0.40465642843079347,4.533058914329824,319011.0,1973.0,78469.0,2653.0,169852.0,81122.0,0.5324330508979315,1.5984483681112938,141428.0,2302.0,57198.0,1348.0,78978.0,58546.0,0.558432559323472,2.614184654453111,3100344.0,55.0,284.0,3069729.0,16069451.0,0.1936619718309859,0.19102886588969342,-6.779661016949157,4752173.75,392.0,639.0,17948162.0,23960516.0,0.6134585289514867,0.7490724323299215,3.703703703703698,18764223.75,609.0,1501.0,25344680.0,55189824.0,0.4057295136575616,0.4592274111981223,5.181347150259064,25655016.25,170.0,489.0,8820591.0,23199361.0,0.3476482617586912,0.3802083600492272,6.25,8783232.75,91.0,223.0,1999809.0,6016830.0,0.4080717488789238,0.3323692043817093,-10.784313725490192,2316942.25,159.0,507.0,7818475.0,22943872.0,0.3136094674556213,0.3407652814660054,-5.35714285714286,8139155.25,1476.0,3643.0,0.4051605819379632
2022-12-09,142834.0,1888.0,25467.0,80.0,30908.0,25547.0,0.21639105535096687,-2.563577821436369,216950.0,3044.0,61811.0,2628.0,129745.0,64439.0,0.5980410232772528,-0.08151911093507991,2259805.0,12444.0,325141.0,61761.0,1445064.0,386902.0,0.6394640245507909,2.9583019344162853,20316.0,2040.0,11782.0,42.0,8221.0,11824.0,0.40465642843079347,4.533058914329824,319011.0,1973.0,78469.0,2653.0,169852.0,81122.0,0.5324330508979315,1.5984483681112938,141428.0,2302.0,57198.0,1348.0,78978.0,58546.0,0.558432559323472,2.614184654453111,3100344.0,66.0,300.0,4718557.0,17783159.0,0.22,0.2653385149398934,19.999999999999996,4739202.25,364.0,610.0,19407510.0,26596662.0,0.5967213114754099,0.729697207867664,-7.14285714285714,18303446.25,576.0,1420.0,27603751.0,56865414.0,0.4056338028169014,0.48542249248374414,-5.418719211822665,25783706.25,157.0,481.0,8878482.0,23008562.0,0.3264033264033264,0.38587730949895954,-7.647058823529407,8814129.75,98.0,237.0,2024538.0,6351298.0,0.41350210970464135,0.3187597243901955,7.692307692307687,2226200.25,180.0,522.0,8450439.0,23052985.0,0.3448275862068966,0.3665659349537598,13.207547169811317,8272492.5,1441.0,3570.0,0.40364145658263306
2022-12-16,142834.0,1888.0,25467.0,80.0,30908.0,25547.0,0.21639105535096687,-2.563577821436369,216950.0,3044.0,61811.0,2628.0,129745.0,64439.0,0.5980410232772528,-0.08151911093507991,2259805.0,12444.0,325141.0,61761.0,1445064.0,386902.0,0.6394640245507909,2.9583019344162853,20316.0,2040.0,11782.0,42.0,8221.0,11824.0,0.40465642843079347,4.533058914329824,319011.0,1973.0,78469.0,2653.0,169852.0,81122.0,0.5324330508979315,1.5984483681112938,141428.0,2302.0,57198.0,1348.0,78978.0,58546.0,0.558432559323472,2.614184654453111,3100344.0,65.0,273.0,3185157.0,14236674.0,0.23809523809523808,0.22372901142499996,-1.5151515151515138,4090243.5,384.0,634.0,19515218.0,25940418.0,0.6056782334384858,0.7523093112840356,5.494505494505497,18266849.0,617.0,1503.0,26194656.0,55416781.0,0.41051230871590155,0.47268454658165726,7.118055555555558,25972224.0,180.0,504.0,8738291.0,23063903.0,0.35714285714285715,0.3788730380976715,14.649681528662416,8585950.75,78.0,227.0,1865396.0,6573949.0,0.3436123348017621,0.2837557760183415,-20.408163265306122,2115728.0,166.0,480.0,9033273.0,22335078.0,0.3458333333333333,0.404443315577407,-7.777777777777772,8436276.25,1490.0,3621.0,0.41148853907760286
2022-12-23,142834.0,1888.0,25467.0,80.0,30908.0,25547.0,0.21639105535096687,-2.563577821436369,216950.0,3044.0,61811.0,2628.0,129745.0,64439.0,0.5980410232772528,-0.08151911093507991,2259805.0,12444.0,325141.0,61761.0,1445064.0,386902.0,0.6394640245507909,2.9583019344162853,20316.0,2040.0,11782.0,42.0,8221.0,11824.0,0.40465642843079347,4.533058914329824,319011.0,1973.0,78469.0,2653.0,169852.0,81122.0,0.5324330508979315,1.5984483681112938,141428.0,2302.0,57198.0,1348.0,78978.0,58546.0,0.558432559323472,2.614184654453111,3100344.0,58.0,274.0,4827938.0,18022767.0,0.2116788321167883,0.26787995428226974,-10.769230769230765,3950345.25,403.0,640.0,18136914.0,25157315.0,0.6296875,0.7209399731251129,4.947916666666674,18751951.0,569.0,1436.0,24689087.0,54640466.0,0.39623955431754876,0.4518462013116799,-7.779578606158832,25958043.5,182.0,488.0,9135024.0,22252047.0,0.3729508196721312,0.4105251080945497,1.1111111111111072,8893097.0,89.0,231.0,1933804.0,6213946.0,0.3852813852813853,0.31120386305255954,14.102564102564097,1955886.75,176.0,494.0,8883879.0,22608502.0,0.3562753036437247,0.39294416764100515,6.024096385542177,8546516.5,1477.0,3563.0,0.41453831041257366
2022-12-30,142834.0,1888.0,25467.0,80.0,30908.0,25547.0,0.21639105535096687,-2.563577821436369,216950.0,3044.0,61811.0,2628.0,129745.0,64439.0,0.5980410232772528,-0.08151911093507991,2259805.0,12444.0,325141.0,61761.0,1445064.0,386902.0,0.6394640245507909,2.9583019344162853,20316.0,2040.0,11782.0,42.0,8221.0,11824.0,0.40465642843079347,4.533058914329824,319011.0,1973.0,78469.0,2653.0,169852.0,81122.0,0.5324330508979315,1.5984483681112938,141428.0,2302.0,57198.0,1348.0,78978.0,58546.0,0.558432559323472,2.614184654453111,3100344.0,65.0,275.0,4932994.0,16731655.0,0.23636363636363636,0.29483000934456277,12.06896551724137,4416161.5,391.0,630.0,18144942.0,25202122.0,0.6206349206349207,0.7199767543383847,-2.977667493796521,18801146.0,589.0,1421.0,24849930.0,51889237.0,0.414496833216045,0.4789033610187793,3.5149384885764468,25834356.0,189.0,519.0,9083680.0,23363930.0,0.36416184971098264,0.3887907556648218,3.8461538461538547,8958869.25,99.0,233.0,2582151.0,6768714.0,0.4248927038626609,0.3814832477779383,11.23595505617978,2101472.25,160.0,496.0,7488071.0,22175082.0,0.3225806451612903,0.3376795179381975,-9.090909090909093,8463915.5,1493.0,3574.0,0.4177392277560157
2023-01-06,128905.0,1907.0,29937.0,507.0,31233.0,30444.0,0.24229471316085488,-9.751879804528329,227144.0,3011.0,68918.0,2671.0,135470.0,71589.0,0.5964058042475258,4.698778520396396,2268543.0,12773.0,332220.0,61256.0,1455399.0,393476.0,0.6415567172409781,0.38667053130689855,20309.0,2072.0,12050.0,14.0,7730.0,12064.0,0.3806194298094441,-0.03445560149635263,305270.0,2027.0,69635.0,2796.0,163576.0,72431.0,0.5358404035771612,-4.307374980800038,155401.0,2339.0,63799.0,1461.0,85973.0,65260.0,0.5532332481772961,9.879938908844066,3105572.0,64.0,295.0,4513940.0,17349796.0,0.21694915254237288,0.2601725115384642,-1.538461538461533,4365007.25,381.0,639.0,20662962.0,27964302.0,0.596244131455399,0.7389049796415444,-2.5575447570332477,19115009.0,586.0,1467.0,25107996.0,55033461.0,0.3994546693933197,0.45623145525955566,-0.5093378607809895,25210417.25,195.0,549.0,9835281.0,24250859.0,0.3551912568306011,0.4055642317659758,3.1746031746031855,9198069.0,81.0,223.0,2036213.0,6538869.0,0.3632286995515695,0.31140140596179555,-18.181818181818176,2104391.0,158.0,501.0,7456201.0,21776779.0,0.3153692614770459,0.34239227940918165,-1.2499999999999956,8215356.0,1465.0,3674.0,0.3987479586281982
2023-01-13,128905.0,1907.0,29937.0,507.0,31233.0,30444.0,0.24229471316085488,-9.751879804528329,227144.0,3011.0,68918.0,2671.0,135470.0,71589.0,0.5964058042475258,4.698778520396396,2268543.0,12773.0,332220.0,61256.0,1455399.0,393476.0,0.6415567172409781,0.38667053130689855,20309.0,2072.0,12050.0,14.0,7730.0,12064.0,0.3806194298094441,-0.03445560149635263,305270.0,2027.0,69635.0,2796.0,163576.0,72431.0,0.5358404035771612,-4.307374980800038,155401.0,2339.0,63799.0,1461.0,85973.0,65260.0,0.5532332481772961,9.879938908844066,3105572.0,68.0,316.0,5520768.0,19637518.0,0.21518987341772153,0.2811336952052698,6.25,4948910.0,350.0,599.0,17392323.0,23446290.0,0.5843071786310517,0.7417942454861729,-8.13648293963255,18584285.25,610.0,1535.0,24584381.0,53697758.0,0.3973941368078176,0.4578288166146527,4.095563139931735,24807848.5,155.0,467.0,7791733.0,21304544.0,0.33190578158458245,0.3657310384113361,-20.512820512820518,8961429.5,85.0,220.0,2155241.0,6414409.0,0.38636363636363635,0.3359999338988206,4.938271604938271,2176852.25,180.0,494.0,8783293.0,21955373.0,0.3643724696356275,0.4000520965870177,13.924050632911399,8152861.0,1448.0,3631.0,0.3987882126136051
2023-01-20,128905.0,1907.0,29937.0,507.0,31233.0,30444.0,0.24229471316085488,-9.751879804528329,227144.0,3011.0,68918.0,2671.0,135470.0,71589.0,0.5964058042475258,4.698778520396396,2268543.0,12773.0,332220.0,61256.0,1455399.0,393476.0,0.6415567172409781,0.38667053130689855,20309.0,2072.0,12050.0,14.0,7730.0,12064.0,0.3806194298094441,-0.03445560149635263,305270.0,2027.0,69635.0,2796.0,163576.0,72431.0,0.5358404035771612,-4.307374980800038,155401.0,2339.0,63799.0,1461.0,85973.0,65260.0,0.5532332481772961,9.879938908844066,3105572.0,51.0,275.0,3977736.0,16074403.0,0.18545454545454546,0.24745777494815827,-25.0,4736359.5,372.0,621.0,19497483.0,26497818.0,0.5990338164251208,0.7358146621733156,6.2857142857142945,18924427.5,625.0,1518.0,24134476.0,54028026.0,0.41172595520421607,0.4467029019346367,2.4590163934426146,24669195.75,192.0,529.0,10168961.0,24308286.0,0.3629489603024575,0.4183331148893015,23.870967741935488,9219913.75,94.0,231.0,2185288.0,6576971.0,0.4069264069264069,0.3322635906407372,10.588235294117654,2239723.25,175.0,489.0,9603387.0,23035210.0,0.35787321063394684,0.41690034516724617,-2.777777777777779,8332738.0,1509.0,3663.0,0.411957411957412
2023-01-27,128905.0,1907.0,29937.0,507.0,31233.0,30444.0,0.24229471316085488,-9.751879804528329,227144.0,3011.0,68918.0,2671.0,135470.0,71589.0,0.5964058042475258,4.698778520396396,2268543.0,12773.0,332220.0,61256.0,1455399.0,393476.0,0.6415567172409781,0.38667053130689855,20309.0,2072.0,12050.0,14.0,7730.0,12064.0,0.3806194298094441,-0.03445560149635263,305270.0,2027.0,69635.0,2796.0,163576.0,72431.0,0.5358404035771612,-4.307374980800038,155401.0,2339.0,63799.0,1461.0,85973.0,65260.0,0.5532332481772961,9.879938908844066,3105572.0,58.0,285.0,5054171.0,16877177.0,0.20350877192982456,0.2994677960656572,13.725490196078427,4766653.75,402.0,663.0,19798789.0,27021863.0,0.6063348416289592,0.7326951883369404,8.064516129032251,19337889.25,553.0,1438.0,22140073.0,52302896.0,0.38456189151599446,0.42330491604136034,-11.519999999999996,23991731.5,156.0,481.0,7257180.0,20432999.0,0.32432432432432434,0.35516959600497217,-18.75,8763288.75,88.0,224.0,2218420.0,6135910.0,0.39285714285714285,0.36154702399481087,-6.382978723404253,2148790.5,175.0,512.0,8115104.0,22361194.0,0.341796875,0.36291013798279287,0.0,8489496.25,1432.0,3603.0,0.3974465723008604
2023-02-03,121742.0,1712.0,29191.0,498.0,27582.0,29689.0,0.22656108820292092,-5.556805399325082,202721.0,2890.0,55583.0,2222.0,123983.0,57805.0,0.6115942600914558,-10.752210051773325,2065606.0,13374.0,297848.0,55582.0,1341610.0,353430.0,0.649499468920985,-8.94569774520474,17777.0,1875.0,10476.0,43.0,7007.0,10519.0,0.3941609945435113,-12.467378994534439,281759.0,1922.0,63444.0,2407.0,143891.0,65851.0,0.5106882122665114,-7.7017066858846235,142134.0,2148.0,55972.0,882.0,81061.0,56854.0,0.5703139291091506,-8.53726809994788,2831739.0,73.0,299.0,4713031.0,14999515.0,0.24414715719063546,0.31421222619531364,25.86206896551724,4816426.5,414.0,665.0,19798621.0,26183982.0,0.6225563909774436,0.7561348384672736,2.9850746268656803,19121804.0,534.0,1426.0,23652829.0,54657365.0,0.3744740532959327,0.43274733423391337,-3.4358047016274873,23627939.75,185.0,509.0,9484712.0,23997546.0,0.36345776031434185,0.39523674629064154,18.58974358974359,8675646.5,82.0,215.0,2368931.0,6725689.0,0.3813953488372093,0.35222131145225416,-6.818181818181824,2231970.0,157.0,474.0,8612527.0,21847068.0,0.33122362869198313,0.39421889472765864,-10.285714285714286,8778577.75,1445.0,3588.0,0.4027313266443701
2023-02-10,121742.0,1712.0,29191.0,498.0,27582.0,29689.0,0.22656108820292092,-5.556805399325082,202721.0,2890.0,55583.0,2222.0,123983.0,57805.0,0.6115942600914558,-10.752210051773325,2065606.0,13374.0,297848.0,55582.0,1341610.0,353430.0,0.649499468920985,-8.94569774520474,17777.0,1875.0,10476.0,43.0,7007.0,10519.0,0.3941609945435113,-12.467378994534439,281759.0,1922.0,63444.0,2407.0,143891.0,65851.0,0.5106882122665114,-7.7017066858846235,142134.0,2148.0,55972.0,882.0,81061.0,56854.0,0.5703139291091506,-8.53726809994788,2831739.0,64.0,318.0,4644550.0,16085929.0,0.20125786163522014,0.2887337125508884,-12.328767123287676,4597372.0,386.0,637.0,20401519.0,27695910.0,0.6059654631083202,0.7366256967183963,-6.763285024154586,19874103.0,548.0,1428.0,24664005.0,53994027.0,0.38375350140056025,0.45679135953315725,2.621722846441954,23647845.75,171.0,489.0,9240727.0,22189372.0,0.3496932515337423,0.41644833391409186,-7.567567567567568,9037895.0,84.0,219.0,2093931.0,6295982.0,0.3835616438356164,0.3325821134812647,2.4390243902439046,2216642.5,177.0,487.0,8362200.0,21491762.0,0.36344969199178645,0.38908861916486887,12.73885350318471,8673304.5,1430.0,3578.0,0.39966461710452766
2023-02-17,121742.0,1712.0,29191.0,498.0,27582.0,29689.0,0.22656108820292092,-5.556805399325082,202721.0,2890.0,55583.0,2222.0,123983.0,57805.0,0.6115942600914558,-10.752210051773325,2065606.0,13374.0,297848.0,55582.0,1341610.0,353430.0,0.649499468920985,-8.94569774520474,17777.0,1875.0,10476.0,43.0,7007.0,10519.0,0.3941609945435113,-12.467378994534439,281759.0,1922.0,63444.0,2407.0,143891.0,65851.0,0.5106882122665114,-7.7017066858846235,142134.0,2148.0,55972.0,882.0,81061.0,56854.0,0.5703139291091506,-8.53726809994788,2831739.0,58.0,290.0,3887903.0,14775952.0,0.2,0.26312368908615835,-9.375,4574913.75,407.0,686.0,19002529.0,25667919.0,0.5932944606413995,0.7403221507750589,5.440414507772018,19750364.5,593.0,1470.0,25389484.0,53088972.0,0.4034013605442177,0.4782440315476442,8.211678832116798,23961597.75,171.0,463.0,7961944.0,21171792.0,0.3693304535637149,0.3760637739120052,0.0,8486140.75,85.0,217.0,2069910.0,6396022.0,0.391705069124424,0.3236245904094764,1.1904761904761862,2187798.0,171.0,493.0,8618009.0,21978825.0,0.34685598377281945,0.3921050829605313,-3.3898305084745783,8426960.0,1485.0,3619.0,0.41033434650455924
2023-02-24,121742.0,1712.0,29191.0,498.0,27582.0,29689.0,0.22656108820292092,-5.556805399325082,202721.0,2890.0,55583.0,2222.0,123983.0,57805.0,0.6115942600914558,-10.752210051773325,2065606.0,13374.0,297848.0,55582.0,1341610.0,353430.0,0.649499468920985,-8.94569774520474,17777.0,1875.0,10476.0,43.0,7007.0,10519.0,0.3941609945435113,-12.467378994534439,281759.0,1922.0,63444.0,2407.0,143891.0,65851.0,0.5106882122665114,-7.7017066858846235,142134.0,2148.0,55972.0,882.0,81061.0,56854.0,0.5703139291091506,-8.53726809994788,2831739.0,51.0,273.0,4521457.0,16832696.0,0.18681318681318682,0.2686115759471923,-12.06896551724138,4441735.25,389.0,674.0,18705748.0,26157200.0,0.5771513353115727,0.7151280718119677,-4.422604422604426,19477104.25,576.0,1447.0,24174660.0,52820480.0,0.3980649619903248,0.4576758863228808,-2.866779089376059,24470244.5,189.0,508.0,9949636.0,22746268.0,0.3720472440944882,0.4374183932063053,10.526315789473696,9159254.75,84.0,212.0,2142194.0,5763144.0,0.39622641509433965,0.3717057911445558,-1.17647058823529,2168741.5,198.0,496.0,10119562.0,23238730.0,0.39919354838709675,0.43546106004932283,15.789473684210531,8928074.5,1487.0,3610.0,0.4119113573407202
2023-03-03,149648.0,1884.0,35555.0,357.0,31047.0,35912.0,0.20746685555436759,22.92224540421548,243234.0,3258.0,60925.0,3499.0,150129.0,64424.0,0.6172204543772664,19.984609389259123,2294247.0,12818.0,333884.0,63008.0,1470572.0,396892.0,0.6409824225552,11.06895506693919,21054.0,2171.0,12199.0,16.0,8142.0,12215.0,0.3867198632088914,18.433931484502452,331515.0,2132.0,76066.0,2035.0,169820.0,78101.0,0.5122543474654239,17.65906324199049,165804.0,2460.0,63045.0,1454.0,92995.0,64499.0,0.5608730790572001,16.65329899953565,3205502.0,52.0,281.0,3855257.0,16718128.0,0.18505338078291814,0.2306033905231495,1.9607843137254832,4227291.75,396.0,646.0,20382886.0,27605785.0,0.6130030959752322,0.7383556019145987,1.799485861182526,19623170.5,586.0,1466.0,26007400.0,53498453.0,0.39972714870395637,0.48613368315528677,1.736111111111116,25058887.25,162.0,491.0,7033594.0,21319832.0,0.329938900203666,0.3299085095980118,-14.28571428571429,8546475.25,92.0,222.0,2296275.0,6239679.0,0.4144144144144144,0.36801171983366454,9.523809523809534,2150577.5,159.0,467.0,6828990.0,19771932.0,0.3404710920770878,0.3453880986440779,-19.696969696969703,8482190.25,1447.0,3573.0,0.404981808004478
2023-03-10,149648.0,1884.0,35555.0,357.0,31047.0,35912.0,0.20746685555436759,22.92224540421548,243234.0,3258.0,60925.0,3499.0,150129.0,64424.0,0.6172204543772664,19.984609389259123,2294247.0,12818.0,333884.0,63008.0,1470572.0,396892.0,0.6409824225552,11.06895506693919,21054.0,2171.0,12199.0,16.0,8142.0,12215.0,0.3867198632088914,18.433931484502452,331515.0,2132.0,76066.0,2035.0,169820.0,78101.0,0.5122543474654239,17.65906324199049,165804.0,2460.0,63045.0,1454.0,92995.0,64499.0,0.5608730790572001,16.65329899953565,3205502.0,56.0,301.0,3091610.0,15330269.0,0.18604651162790697,0.20166704185034195,7.692307692307687,3839056.75,413.0,690.0,19964664.0,27860028.0,0.5985507246376811,0.7166060278187804,4.292929292929304,19513956.75,564.0,1483.0,24965665.0,55430142.0,0.380310182063385,0.45039871988781843,-3.754266211604096,25134302.25,164.0,486.0,8238362.0,22127643.0,0.3374485596707819,0.37231086925977613,1.2345679012345734,8295884.0,92.0,220.0,1984315.0,5908160.0,0.41818181818181815,0.3358600647240427,0.0,2123173.5,188.0,511.0,8828617.0,23396021.0,0.3679060665362035,0.3773554913461567,18.23899371069182,8598794.5,1477.0,3691.0,0.4001625575724736
2023-03-17,149648.0,1884.0,35555.0,357.0,31047.0,35912.0,0.20746685555436759,22.92224540421548,243234.0,3258.0,60925.0,3499.0,150129.0,64424.0,0.6172204543772664,19.984609389259123,2294247.0,12818.0,333884.0,63008.0,1470572.0,396892.0,0.6409824225552,11.06895506693919,21054.0,2171.0,12199.0,16.0,8142.0,12215.0,0.3867198632088914,18.433931484502452,331515.0,2132.0,76066.0,2035.0,169820.0,78101.0,0.5122543474654239,17.65906324199049,165804.0,2460.0,63045.0,1454.0,92995.0,64499.0,0.5608730790572001,16.65329899953565,3205502.0,74.0,314.0,5241707.0,19681634.0,0.2356687898089172,0.2663247878707632,32.14285714285714,4177507.75,410.0,685.0,19930454.0,27344788.0,0.5985401459854015,0.7288575065932126,-0.7263922518159771,19745938.0,592.0,1491.0,27402678.0,56762652.0,0.3970489604292421,0.48275894508945777,4.964539007092195,25637600.75,195.0,507.0,10724508.0,24595995.0,0.38461538461538464,0.4360265970130503,18.90243902439024,8986525.0,93.0,222.0,2174808.0,6441943.0,0.4189189189189189,0.33760124856739654,1.0869565217391353,2149398.0,187.0,520.0,10318774.0,24778151.0,0.3596153846153846,0.41644648948987356,-0.5319148936170248,9023985.75,1551.0,3739.0,0.4148167959347419
2023-03-24,149648.0,1884.0,35555.0,357.0,31047.0,35912.0,0.20746685555436759,22.92224540421548,243234.0,3258.0,60925.0,3499.0,150129.0,64424.0,0.6172204543772664,19.984609389259123,2294247.0,12818.0,333884.0,63008.0,1470572.0,396892.0,0.6409824225552,11.06895506693919,21054.0,2171.0,12199.0,16.0,8142.0,12215.0,0.3867198632088914,18.433931484502452,331515.0,2132.0,76066.0,2035.0,169820.0,78101.0,0.5122543474654239,17.65906324199049,165804.0,2460.0,63045.0,1454.0,92995.0,64499.0,0.5608730790572001,16.65329899953565,3205502.0,55.0,305.0,3902000.0,16512825.0,0.18032786885245902,0.2363011780237482,-25.67567567567568,4022643.5,394.0,648.0,18730199.0,26031089.0,0.6080246913580247,0.7195319027951539,-3.9024390243902474,19752050.75,557.0,1490.0,23344654.0,54250685.0,0.3738255033557047,0.43031076934788937,-5.91216216216216,25430099.25,179.0,527.0,9789964.0,25196141.0,0.3396584440227704,0.38855013551479967,-8.20512820512821,8946607.0,89.0,219.0,2028826.0,6169707.0,0.4063926940639269,0.3288366854374122,-4.3010752688172005,2121056.0,195.0,518.0,10413087.0,25566084.0,0.3764478764478765,0.4073008208844186,4.278074866310155,9097367.0,1469.0,3707.0,0.3962773131912598
2023-03-31,149648.0,1884.0,35555.0,357.0,31047.0,35912.0,0.20746685555436759,22.92224540421548,243234.0,3258.0,60925.0,3499.0,150129.0,64424.0,0.6172204543772664,19.984609389259123,2294247.0,12818.0,333884.0,63008.0,1470572.0,396892.0,0.6409824225552,11.06895506693919,21054.0,2171.0,12199.0,16.0,8142.0,12215.0,0.3867198632088914,18.433931484502452,331515.0,2132.0,76066.0,2035.0,169820.0,78101.0,0.5122543474654239,17.65906324199049,165804.0,2460.0,63045.0,1454.0,92995.0,64499.0,0.5608730790572001,16.65329899953565,3205502.0,57.0,297.0,3796478.0,18360489.0,0.1919191919191919,0.20677434026947758,3.6363636363636376,4007948.75,425.0,690.0,18851731.0,26529673.0,0.6159420289855072,0.7105904019246675,7.868020304568524,19369262.0,647.0,1596.0,26498676.0,58195186.0,0.40538847117794485,0.4553413748003142,16.157989228007175,25552918.25,191.0,514.0,10046751.0,24834864.0,0.3715953307392996,0.40454221935743234,6.703910614525133,9699896.25,99.0,231.0,2594830.0,6779625.0,0.42857142857142855,0.38273945830337225,11.23595505617978,2195694.75,167.0,472.0,9725810.0,23485382.0,0.3538135593220339,0.4141218567362456,-14.358974358974363,9821572.0,1586.0,3800.0,0.41736842105263156
2023-04-07,150155.0,1904.0,30406.0,622.0,33828.0,31028.0,0.2252872032233359,0.3387950390249195,226430.0,3069.0,62317.0,2834.0,137606.0,65151.0,0.6077198251115135,-6.90857363690931,2216294.0,12835.0,335397.0,62194.0,1425732.0,397591.0,0.6432955194572562,-3.397759700677394,20951.0,2154.0,11786.0,29.0,8637.0,11815.0,0.41224762541167487,-0.4892182008169432,304762.0,1974.0,71426.0,2313.0,162476.0,73739.0,0.5331242083986849,-8.069921421353488,162091.0,2546.0,64142.0,1411.0,87152.0,65553.0,0.5376732822920458,-2.239391088272902,3080683.0,53.0,322.0,2782256.0,17610425.0,0.16459627329192547,0.1579891456339072,-7.017543859649122,3930610.25,411.0,699.0,20825222.0,27983400.0,0.5879828326180258,0.744199132342746,-3.294117647058825,19584401.5,605.0,1539.0,25797605.0,59166363.0,0.3931124106562703,0.43601809697175403,-6.4914992272024685,25760903.25,181.0,510.0,10070631.0,23913199.0,0.35490196078431374,0.421132739287621,-5.235602094240843,10157963.5,104.0,231.0,2508312.0,6328199.0,0.45021645021645024,0.3963705945404056,5.050505050505061,2326694.0,181.0,527.0,8572482.0,23632246.0,0.34345351043643263,0.3627451237601369,8.383233532934131,9757538.25,1535.0,3828.0,0.4009926854754441
2023-04-14,150155.0,1904.0,30406.0,622.0,33828.0,31028.0,0.2252872032233359,0.3387950390249195,226430.0,3069.0,62317.0,2834.0,137606.0,65151.0,0.6077198251115135,-6.90857363690931,2216294.0,12835.0,335397.0,62194.0,1425732.0,397591.0,0.6432955194572562,-3.397759700677394,20951.0,2154.0,11786.0,29.0,8637.0,11815.0,0.41224762541167487,-0.4892182008169432,304762.0,1974.0,71426.0,2313.0,162476.0,73739.0,0.5331242083986849,-8.069921421353488,162091.0,2546.0,64142.0,1411.0,87152.0,65553.0,0.5376732822920458,-2.239391088272902,3080683.0,55.0,293.0,4536748.0,20214182.0,0.18771331058020477,0.22443391476340718,3.7735849056603765,3754370.5,467.0,769.0,23373073.0,30956263.0,0.6072821846553966,0.7550353542351026,13.625304136253046,20445056.25,611.0,1548.0,26912014.0,59959111.0,0.394702842377261,0.4488394432665955,0.9917355371900749,25638237.25,171.0,488.0,8794535.0,23069007.0,0.35040983606557374,0.3812272890636342,-5.524861878453036,9675470.25,90.0,236.0,2096232.0,6634607.0,0.3813559322033898,0.3159542079885063,-13.461538461538458,2307050.0,185.0,540.0,8627143.0,23686229.0,0.3425925925925926,0.36422610792118915,2.20994475138121,9334630.5,1579.0,3874.0,0.40758905524006195
2023-04-21,150155.0,1904.0,30406.0,622.0,33828.0,31028.0,0.2252872032233359,0.3387950390249195,226430.0,3069.0,62317.0,2834.0,137606.0,65151.0,0.6077198251115135,-6.90857363690931,2216294.0,12835.0,335397.0,62194.0,1425732.0,397591.0,0.6432955194572562,-3.397759700677394,20951.0,2154.0,11786.0,29.0,8637.0,11815.0,0.41224762541167487,-0.4892182008169432,304762.0,1974.0,71426.0,2313.0,162476.0,73739.0,0.5331242083986849,-8.069921421353488,162091.0,2546.0,64142.0,1411.0,87152.0,65553.0,0.5376732822920458,-2.239391088272902,3080683.0,72.0,326.0,6183469.0,21023353.0,0.22085889570552147,0.2941238250625388,30.909090909090907,4324737.75,427.0,709.0,21179234.0,28570218.0,0.6022566995768688,0.7413045990758629,-8.56531049250535,21057315.0,584.0,1589.0,27590821.0,63712314.0,0.36752674638137195,0.4330531928254874,-4.418985270049102,26699779.0,197.0,540.0,9664759.0,26015793.0,0.3648148148148148,0.37149584485085657,15.204678362573109,9644169.0,84.0,229.0,2203565.0,7217433.0,0.36681222707423583,0.30531145907416113,-6.666666666666665,2350734.75,200.0,542.0,10791753.0,26695587.0,0.36900369003690037,0.40425232080493306,8.108108108108114,9429297.0,1564.0,3935.0,0.3974587039390089
2023-04-28,150155.0,1904.0,30406.0,622.0,33828.0,31028.0,0.2252872032233359,0.3387950390249195,226430.0,3069.0,62317.0,2834.0,137606.0,65151.0,0.6077198251115135,-6.90857363690931,2216294.0,12835.0,335397.0,62194.0,1425732.0,397591.0,0.6432955194572562,-3.397759700677394,20951.0,2154.0,11786.0,29.0,8637.0,11815.0,0.41224762541167487,-0.4892182008169432,304762.0,1974.0,71426.0,2313.0,162476.0,73739.0,0.5331242083986849,-8.069921421353488,162091.0,2546.0,64142.0,1411.0,87152.0,65553.0,0.5376732822920458,-2.239391088272902,3080683.0,70.0,325.0,6510829.0,20892078.0,0.2153846153846154,0.31164104403592596,-2.777777777777779,5003325.5,419.0,697.0,19843102.0,27019359.0,0.6011477761836442,0.7344031366547222,-1.87353629976581,21305157.75,574.0,1505.0,24957073.0,58516500.0,0.3813953488372093,0.426496338639529,-1.7123287671232834,26314378.25,198.0,546.0,11795238.0,27101241.0,0.3626373626373626,0.4352287041025169,0.50761421319796,10081290.75,96.0,224.0,1919351.0,6006850.0,0.42857142857142855,0.31952703996270926,14.28571428571428,2181865.0,196.0,545.0,9857353.0,25285878.0,0.3596330275229358,0.3898362951842131,-2.0000000000000018,9462182.75,1553.0,3842.0,0.40421655387818844
2023-05-05,140091.0,2122.0,29775.0,213.0,31754.0,29988.0,0.22666695219535873,-6.702407512237352,239005.0,3395.0,54396.0,2452.0,142910.0,56848.0,0.5979372816468275,5.553592721812484,2300321.0,13983.0,341582.0,64714.0,1467603.0,406296.0,0.6379992183699579,3.7913291287166695,23054.0,2273.0,14207.0,28.0,8456.0,14235.0,0.36679101240565626,10.037707030690669,283220.0,1806.0,60129.0,2464.0,162799.0,62593.0,0.574814631735047,-7.068466541104201,175369.0,2633.0,71506.0,2540.0,92861.0,74046.0,0.5295177596952712,8.191694788729787,3161060.0,58.0,304.0,4319293.0,19079427.0,0.19078947368421054,0.2263848384964601,-17.14285714285714,5387584.75,428.0,702.0,20970484.0,28249941.0,0.6096866096866097,0.7423195680302482,2.1479713603818507,21341473.25,564.0,1525.0,25901312.0,61978810.0,0.36983606557377047,0.41790592623511164,-1.7421602787456414,26340305.0,178.0,527.0,9184922.0,25403887.0,0.3377609108159393,0.3615557729413613,-10.1010101010101,9859863.5,96.0,221.0,2688705.0,6218525.0,0.4343891402714932,0.43237021640983997,0.0,2226963.25,189.0,565.0,9339955.0,25830864.0,0.3345132743362832,0.36158120765917856,-3.57142857142857,9654051.0,1513.0,3844.0,0.39360041623309056
2023-05-12,140091.0,2122.0,29775.0,213.0,31754.0,29988.0,0.22666695219535873,-6.702407512237352,239005.0,3395.0,54396.0,2452.0,142910.0,56848.0,0.5979372816468275,5.553592721812484,2300321.0,13983.0,341582.0,64714.0,1467603.0,406296.0,0.6379992183699579,3.7913291287166695,23054.0,2273.0,14207.0,28.0,8456.0,14235.0,0.36679101240565626,10.037707030690669,283220.0,1806.0,60129.0,2464.0,162799.0,62593.0,0.574814631735047,-7.068466541104201,175369.0,2633.0,71506.0,2540.0,92861.0,74046.0,0.5295177596952712,8.191694788729787,3161060.0,57.0,352.0,5650939.0,24211334.0,0.16193181818181818,0.23340056355424282,-1.7241379310344862,5666132.5,456.0,760.0,22909939.0,32088765.0,0.6,0.7139551490996927,6.542056074766345,21225689.75,586.0,1551.0,26861762.0,59929232.0,0.3778207607994842,0.4482246994254824,3.900709219858145,26327742.0,199.0,548.0,9035748.0,25452060.0,0.36313868613138683,0.35501047852315293,11.79775280898876,9920166.75,74.0,208.0,2157086.0,6144096.0,0.3557692307692308,0.3510827304781696,-22.916666666666664,2242176.75,190.0,531.0,8548126.0,24318033.0,0.3578154425612053,0.3515138744979909,0.5291005291005346,9634296.75,1562.0,3950.0,0.39544303797468355
2023-05-19,140091.0,2122.0,29775.0,213.0,31754.0,29988.0,0.22666695219535873,-6.702407512237352,239005.0,3395.0,54396.0,2452.0,142910.0,56848.0,0.5979372816468275,5.553592721812484,2300321.0,13983.0,341582.0,64714.0,1467603.0,406296.0,0.6379992183699579,3.7913291287166695,23054.0,2273.0,14207.0,28.0,8456.0,14235.0,0.36679101240565626,10.037707030690669,283220.0,1806.0,60129.0,2464.0,162799.0,62593.0,0.574814631735047,-7.068466541104201,175369.0,2633.0,71506.0,2540.0,92861.0,74046.0,0.5295177596952712,8.191694788729787,3161060.0,56.0,356.0,5377139.0,22992601.0,0.15730337078651685,0.2338638851689724,-1.7543859649122862,5464550.0,442.0,732.0,21950270.0,28621075.0,0.6038251366120219,0.7669268187865061,-3.0701754385964897,21418448.75,568.0,1509.0,24125519.0,56572185.0,0.3764082173624917,0.42645549221759776,-3.0716723549488067,25461416.5,181.0,551.0,9557864.0,25677177.0,0.32849364791288566,0.3722318851484336,-9.045226130653262,9893443.0,92.0,203.0,2173085.0,5345964.0,0.45320197044334976,0.4064907657440267,24.32432432432432,2234556.75,205.0,548.0,9803260.0,24242737.0,0.3740875912408759,0.4043792580020977,7.8947368421052655,9387173.5,1544.0,3899.0,0.39599897409592205
2023-05-26,140091.0,2122.0,29775.0,213.0,31754.0,29988.0,0.22666695219535873,-6.702407512237352,239005.0,3395.0,54396.0,2452.0,142910.0,56848.0,0.5979372816468275,5.553592721812484,2300321.0,13983.0,341582.0,64714.0,1467603.0,406296.0,0.6379992183699579,3.7913291287166695,23054.0,2273.0,14207.0,28.0,8456.0,14235.0,0.36679101240565626,10.037707030690669,283220.0,1806.0,60129.0,2464.0,162799.0,62593.0,0.574814631735047,-7.068466541104201,175369.0,2633.0,71506.0,2540.0,92861.0,74046.0,0.5295177596952712,8.191694788729787,3161060.0,70.0,336.0,4842193.0,21577264.0,0.20833333333333334,0.22441181606713437,25.0,5047391.0,453.0,726.0,18767778.0,25570886.0,0.6239669421487604,0.733951025396617,2.488687782805421,21149617.75,588.0,1513.0,25245440.0,55817500.0,0.38863185723727695,0.45228539436556636,3.5211267605633756,25533508.25,194.0,554.0,9905592.0,25586797.0,0.35018050541516244,0.38713685030603867,7.182320441988943,9421031.5,81.0,230.0,1922665.0,6410714.0,0.3521739130434783,0.2999143309154019,-11.956521739130432,2235385.25,183.0,521.0,8741879.0,24189033.0,0.3512476007677543,0.36139844862752474,-10.73170731707317,9108305.0,1569.0,3880.0,0.4043814432989691
2023-06-02,131773.0,2041.0,36771.0,200.0,29962.0,36971.0,0.22737586607271595,-5.937569151480105,213085.0,3118.0,49925.0,2119.0,128017.0,52044.0,0.6007790318417533,-10.844961402481124,2179667.0,12918.0,316601.0,59862.0,1392056.0,376463.0,0.638655354235303,-5.245094054264598,21326.0,2118.0,12435.0,9.0,8784.0,12444.0,0.4118915877332833,-7.495445475839335,263577.0,1701.0,56764.0,2102.0,156650.0,58866.0,0.594323480425075,-6.935597768519175,166881.0,2426.0,62376.0,2755.0,94707.0,65131.0,0.5675121793373722,-4.8400800597597105,2976309.0,74.0,385.0,7157962.0,24957427.0,0.19220779220779222,0.28680688918773556,5.714285714285716,5757058.25,449.0,754.0,20555552.0,28758539.0,0.5954907161803713,0.7147634307848532,-0.8830022075055233,21045884.75,590.0,1607.0,24214893.0,58146362.0,0.3671437461107654,0.41644725769773866,0.340136054421758,25111903.5,170.0,541.0,8695432.0,25075463.0,0.3142329020332717,0.34677054617097197,-12.371134020618557,9298659.0,84.0,207.0,2354334.0,5852768.0,0.4057971014492754,0.40225992214282197,3.703703703703698,2151792.5,164.0,540.0,8636496.0,25679657.0,0.3037037037037037,0.3363166416124639,-10.382513661202186,8932440.25,1531.0,4034.0,0.37952404561229547
2023-06-09,131773.0,2041.0,36771.0,200.0,29962.0,36971.0,0.22737586607271595,-5.937569151480105,213085.0,3118.0,49925.0,2119.0,128017.0,52044.0,0.6007790318417533,-10.844961402481124,2179667.0,12918.0,316601.0,59862.0,1392056.0,376463.0,0.638655354235303,-5.245094054264598,21326.0,2118.0,12435.0,9.0,8784.0,12444.0,0.4118915877332833,-7.495445475839335,263577.0,1701.0,56764.0,2102.0,156650.0,58866.0,0.594323480425075,-6.935597768519175,166881.0,2426.0,62376.0,2755.0,94707.0,65131.0,0.5675121793373722,-4.8400800597597105,2976309.0,64.0,336.0,4546610.0,20920031.0,0.19047619047619047,0.21733285194462665,-13.513513513513509,5480976.0,441.0,752.0,23696043.0,32404538.0,0.586436170212766,0.7312569307422312,-1.7817371937639215,21242410.75,556.0,1477.0,24550713.0,57827400.0,0.3764387271496276,0.42455156206227496,-5.762711864406778,24534141.25,197.0,544.0,10506265.0,25358250.0,0.36213235294117646,0.41431348772095866,15.882352941176482,9666288.25,91.0,215.0,2258937.0,5988119.0,0.4232558139534884,0.3772364911251764,8.333333333333325,2177255.25,182.0,516.0,9641666.0,23754240.0,0.35271317829457366,0.4058924217318677,10.97560975609757,9205825.25,1531.0,3840.0,0.39869791666666665
2023-06-16,131773.0,2041.0,36771.0,200.0,29962.0,36971.0,0.22737586607271595,-5.937569151480105,213085.0,3118.0,49925.0,2119.0,128017.0,52044.0,0.6007790318417533,-10.844961402481124,2179667.0,12918.0,316601.0,59862.0,1392056.0,376463.0,0.638655354235303,-5.245094054264598,21326.0,2118.0,12435.0,9.0,8784.0,12444.0,0.4118915877332833,-7.495445475839335,263577.0,1701.0,56764.0,2102.0,156650.0,58866.0,0.594323480425075,-6.935597768519175,166881.0,2426.0,62376.0,2755.0,94707.0,65131.0,0.5675121793373722,-4.8400800597597105,2976309.0,63.0,350.0,5088258.0,24365007.0,0.18,0.20883466193955946,-1.5625,5408755.75,411.0,697.0,24270570.0,32065276.0,0.5896700143472023,0.7569113080455007,-6.802721088435371,21822485.75,578.0,1530.0,24500951.0,57334783.0,0.37777777777777777,0.4273313635808127,3.9568345323740983,24627999.25,165.0,479.0,10109513.0,23216422.0,0.3444676409185804,0.43544664203639993,-16.24365482233503,9804200.5,89.0,199.0,2500729.0,5830670.0,0.4472361809045226,0.42889221993355825,-2.197802197802201,2259166.25,202.0,520.0,9672169.0,24672133.0,0.38846153846153847,0.39202808285769214,10.989010989010994,9173052.5,1508.0,3775.0,0.3994701986754967
2023-06-23,131773.0,2041.0,36771.0,200.0,29962.0,36971.0,0.22737586607271595,-5.937569151480105,213085.0,3118.0,49925.0,2119.0,128017.0,52044.0,0.6007790318417533,-10.844961402481124,2179667.0,12918.0,316601.0,59862.0,1392056.0,376463.0,0.638655354235303,-5.245094054264598,21326.0,2118.0,12435.0,9.0,8784.0,12444.0,0.4118915877332833,-7.495445475839335,263577.0,1701.0,56764.0,2102.0,156650.0,58866.0,0.594323480425075,-6.935597768519175,166881.0,2426.0,62376.0,2755.0,94707.0,65131.0,0.5675121793373722,-4.8400800597597105,2976309.0,62.0,382.0,4373675.0,24130583.0,0.16230366492146597,0.181250283095108,-1.5873015873015928,5291626.25,421.0,723.0,20129290.0,28352211.0,0.5822959889349931,0.7099724956194774,2.4330900243308973,22162863.75,598.0,1524.0,24790789.0,56983680.0,0.39238845144356954,0.4350506846872648,3.460207612456756,24514336.5,197.0,573.0,10479592.0,26906083.0,0.343804537521815,0.3894878344053276,19.393939393939384,9947700.5,84.0,208.0,2071585.0,5799762.0,0.40384615384615385,0.3571844844667764,-5.61797752808989,2296396.25,189.0,518.0,9740530.0,24780112.0,0.36486486486486486,0.39307853007282617,-6.435643564356431,9422715.25,1551.0,3928.0,0.394857433808554
2023-06-30,131773.0,2041.0,36771.0,200.0,29962.0,36971.0,0.22737586607271595,-5.937569151480105,213085.0,3118.0,49925.0,2119.0,128017.0,52044.0,0.6007790318417533,-10.844961402481124,2179667.0,12918.0,316601.0,59862.0,1392056.0,376463.0,0.638655354235303,-5.245094054264598,21326.0,2118.0,12435.0,9.0,8784.0,12444.0,0.4118915877332833,-7.495445475839335,263577.0,1701.0,56764.0,2102.0,156650.0,58866.0,0.594323480425075,-6.935597768519175,166881.0,2426.0,62376.0,2755.0,94707.0,65131.0,0.5675121793373722,-4.8400800597597105,2976309.0,57.0,337.0,3539216.0,22195175.0,0.16913946587537093,0.15945880129352438,-8.064516129032262,4386939.75,453.0,757.0,21496635.0,29937895.0,0.5984147952443857,0.7180409644699469,7.600950118764849,22398134.5,588.0,1536.0,26022930.0,59989961.0,0.3828125,0.4337880799755812,-1.6722408026755842,24966345.75,187.0,516.0,8699762.0,24518175.0,0.3624031007751938,0.35482910126875267,-5.076142131979699,9948783.0,99.0,221.0,2530251.0,5948625.0,0.4479638009049774,0.42535056420601397,17.85714285714286,2340375.5,176.0,543.0,8423854.0,24014875.0,0.3241252302025783,0.3507765083099537,-6.8783068783068835,9369554.75,1560.0,3910.0,0.3989769820971867
2023-07-07,124826.0,2022.0,30983.0,166.0,30650.0,31149.0,0.24554179417749508,-5.271944935608963,210318.0,3122.0,48439.0,2730.0,137409.0,51169.0,0.6533392291672611,-1.29854283501889,2270202.0,13105.0,337386.0,61455.0,1450134.0,398841.0,0.6387687086875969,4.153616125765991,21122.0,2112.0,11759.0,21.0,9147.0,11780.0,0.4330555818577786,-0.956578823970744,299021.0,1768.0,78495.0,2594.0,173653.0,81089.0,0.5807384765618469,13.447303823930001,165231.0,2435.0,60095.0,2869.0,95995.0,62964.0,0.5809745144676242,-0.9887284951552333,3090720.0,75.0,383.0,4750839.0,23823458.0,0.195822454308094,0.19941853109653518,31.578947368421062,4437997.0,475.0,767.0,22844682.0,30498162.0,0.6192959582790091,0.7490511067519413,4.856512141280356,22185294.25,606.0,1600.0,25292508.0,62671757.0,0.37875,0.4035710695010513,3.0612244897959107,25151794.5,189.0,539.0,9229392.0,24228364.0,0.35064935064935066,0.3809333556322664,1.0695187165775444,9629564.75,101.0,225.0,2161743.0,5996070.0,0.4488888888888889,0.36052664495244385,2.020202020202011,2316077.0,182.0,490.0,8299556.0,22206274.0,0.37142857142857144,0.37374824790507405,3.409090909090917,9034027.25,1628.0,4004.0,0.4065934065934066
2023-07-14,124826.0,2022.0,30983.0,166.0,30650.0,31149.0,0.24554179417749508,-5.271944935608963,210318.0,3122.0,48439.0,2730.0,137409.0,51169.0,0.6533392291672611,-1.29854283501889,2270202.0,13105.0,337386.0,61455.0,1450134.0,398841.0,0.6387687086875969,4.153616125765991,21122.0,2112.0,11759.0,21.0,9147.0,11780.0,0.4330555818577786,-0.956578823970744,299021.0,1768.0,78495.0,2594.0,173653.0,81089.0,0.5807384765618469,13.447303823930001,165231.0,2435.0,60095.0,2869.0,95995.0,62964.0,0.5809745144676242,-0.9887284951552333,3090720.0,62.0,342.0,4979260.0,23401897.0,0.18128654970760233,0.21277163983757386,-17.333333333333336,4410747.5,438.0,702.0,21585438.0,29032879.0,0.6239316239316239,0.7434825185611114,-7.789473684210524,21514011.25,576.0,1571.0,21670699.0,53936726.0,0.3666454487587524,0.40178002276222696,-4.950495049504955,24444231.5,193.0,479.0,9149396.0,22505014.0,0.40292275574112735,0.4065492249860409,2.1164021164021163,9389535.5,101.0,223.0,2588603.0,5987094.0,0.452914798206278,0.43236384797031746,0.0,2338045.5,173.0,504.0,7951206.0,22287314.0,0.34325396825396826,0.3567592757027608,-4.94505494505495,8603786.5,1543.0,3821.0,0.4038209892698246
2023-07-21,124826.0,2022.0,30983.0,166.0,30650.0,31149.0,0.24554179417749508,-5.271944935608963,210318.0,3122.0,48439.0,2730.0,137409.0,51169.0,0.6533392291672611,-1.29854283501889,2270202.0,13105.0,337386.0,61455.0,1450134.0,398841.0,0.6387687086875969,4.153616125765991,21122.0,2112.0,11759.0,21.0,9147.0,11780.0,0.4330555818577786,-0.956578823970744,299021.0,1768.0,78495.0,2594.0,173653.0,81089.0,0.5807384765618469,13.447303823930001,165231.0,2435.0,60095.0,2869.0,95995.0,62964.0,0.5809745144676242,-0.9887284951552333,3090720.0,68.0,369.0,5296293.0,25555515.0,0.1842818428184282,0.2072465767173935,9.677419354838701,4641402.0,457.0,750.0,22514304.0,30254097.0,0.6093333333333333,0.7441737229837003,4.337899543378998,22110264.75,614.0,1522.0,26792627.0,59080510.0,0.40341655716162944,0.4534934955707051,6.597222222222232,24944691.0,190.0,541.0,8858062.0,23424539.0,0.3512014787430684,0.3781530983384561,-1.5544041450777257,8984153.0,96.0,206.0,2237699.0,5418500.0,0.46601941747572817,0.41297388576174215,-4.950495049504955,2379574.0,206.0,518.0,9786120.0,24091136.0,0.39768339768339767,0.40621247582513337,19.075144508670515,8615184.0,1631.0,3906.0,0.4175627240143369
2023-07-28,124826.0,2022.0,30983.0,166.0,30650.0,31149.0,0.24554179417749508,-5.271944935608963,210318.0,3122.0,48439.0,2730.0,137409.0,51169.0,0.6533392291672611,-1.29854283501889,2270202.0,13105.0,337386.0,61455.0,1450134.0,398841.0,0.6387687086875969,4.153616125765991,21122.0,2112.0,11759.0,21.0,9147.0,11780.0,0.4330555818577786,-0.956578823970744,299021.0,1768.0,78495.0,2594.0,173653.0,81089.0,0.5807384765618469,13.447303823930001,165231.0,2435.0,60095.0,2869.0,95995.0,62964.0,0.5809745144676242,-0.9887284951552333,3090720.0,76.0,400.0,6525736.0,25344174.0,0.19,0.25748465899894785,11.764705882352944,5388032.0,428.0,693.0,20585882.0,27909026.0,0.6176046176046176,0.737606607984098,-6.345733041575496,21882576.5,590.0,1593.0,22140674.0,56036863.0,0.37037037037037035,0.3951090909567868,-3.9087947882736174,23974127.0,169.0,485.0,9070213.0,21688109.0,0.34845360824742266,0.41821133414628264,-11.05263157894737,9076765.75,81.0,218.0,2419439.0,5955967.0,0.37155963302752293,0.4062210217081458,-15.625,2351871.0,170.0,491.0,7582909.0,21465280.0,0.34623217922606925,0.3532639220173229,-17.47572815533981,8404947.75,1514.0,3880.0,0.3902061855670103
2023-08-04,130180.0,2117.0,32971.0,311.0,33853.0,33282.0,0.2600476263634967,4.289170525371322,215118.0,3171.0,50740.0,2779.0,138519.0,53519.0,0.6439210107940758,2.2822582945824843,2269738.0,13740.0,331848.0,63112.0,1437390.0,394960.0,0.6332845464983183,-0.02043870985929397,20501.0,2103.0,11993.0,31.0,8244.0,12024.0,0.4021267255255841,-2.9400624940819964,322913.0,1717.0,95265.0,2148.0,178965.0,97413.0,0.5542204866326224,7.990074275719761,179964.0,2397.0,70516.0,2248.0,100688.0,72764.0,0.5594896757129204,8.916607658369191,3138414.0,66.0,377.0,4613198.0,22820367.0,0.17506631299734748,0.20215266476652194,-13.157894736842103,5353621.75,470.0,760.0,20505999.0,28156912.0,0.618421052631579,0.7282758492834726,9.81308411214954,21297905.75,577.0,1523.0,24471611.0,58841862.0,0.3788575180564675,0.41588777391170934,-2.203389830508473,23768902.75,190.0,534.0,9518389.0,23421041.0,0.35580524344569286,0.40640332767446163,12.426035502958577,9149015.0,100.0,214.0,2451173.0,5369720.0,0.4672897196261682,0.45648059861594276,23.456790123456784,2424228.5,163.0,479.0,7584629.0,22023949.0,0.34029227557411273,0.3443809736391961,-4.117647058823525,8226216.0,1566.0,3887.0,0.40288139953691793
2023-08-11,130180.0,2117.0,32971.0,311.0,33853.0,33282.0,0.2600476263634967,4.289170525371322,215118.0,3171.0,50740.0,2779.0,138519.0,53519.0,0.6439210107940758,2.2822582945824843,2269738.0,13740.0,331848.0,63112.0,1437390.0,394960.0,0.6332845464983183,-0.02043870985929397,20501.0,2103.0,11993.0,31.0,8244.0,12024.0,0.4021267255255841,-2.9400624940819964,322913.0,1717.0,95265.0,2148.0,178965.0,97413.0,0.5542204866326224,7.990074275719761,179964.0,2397.0,70516.0,2248.0,100688.0,72764.0,0.5594896757129204,8.916607658369191,3138414.0,70.0,370.0,5565441.0,22763874.0,0.1891891891891892,0.24448567058489254,6.060606060606055,5500167.0,430.0,729.0,20248895.0,27985510.0,0.5898491083676269,0.7235492581696742,-8.510638297872342,20963770.0,568.0,1553.0,24034215.0,59779110.0,0.3657437218287186,0.40205039854223323,-1.559792027729634,24359781.75,166.0,484.0,7227987.0,21527307.0,0.34297520661157027,0.33575899670125947,-12.631578947368416,8668662.75,99.0,213.0,2314866.0,5859346.0,0.4647887323943662,0.39507241934509413,-1.0000000000000009,2355794.25,168.0,477.0,7841600.0,21826798.0,0.3522012578616352,0.35926479000721956,3.0674846625766916,8198814.5,1501.0,3826.0,0.3923157344485102
2023-08-18,130180.0,2117.0,32971.0,311.0,33853.0,33282.0,0.2600476263634967,4.289170525371322,215118.0,3171.0,50740.0,2779.0,138519.0,53519.0,0.6439210107940758,2.2822582945824843,2269738.0,13740.0,331848.0,63112.0,1437390.0,394960.0,0.6332845464983183,-0.02043870985929397,20501.0,2103.0,11993.0,31.0,8244.0,12024.0,0.4021267255255841,-2.9400624940819964,322913.0,1717.0,95265.0,2148.0,178965.0,97413.0,0.5542204866326224,7.990074275719761,179964.0,2397.0,70516.0,2248.0,100688.0,72764.0,0.5594896757129204,8.916607658369191,3138414.0,54.0,358.0,3502245.0,23485532.0,0.15083798882681565,0.14912351144525915,-22.857142857142854,5051655.0,440.0,740.0,20969967.0,28498873.0,0.5945945945945946,0.7358174128499748,2.3255813953488413,20577685.75,573.0,1548.0,25080992.0,58613480.0,0.3701550387596899,0.4279048437321927,0.8802816901408494,23931873.0,187.0,535.0,9267929.0,25241326.0,0.34953271028037386,0.3671728260234823,12.650602409638555,8771129.5,83.0,213.0,2267496.0,6163745.0,0.38967136150234744,0.3678763479021277,-16.161616161616166,2363243.5,165.0,509.0,7948089.0,23914860.0,0.3241650294695481,0.3323493844413055,-1.7857142857142905,7739306.75,1502.0,3903.0,0.38483218037407124
2023-08-25,130180.0,2117.0,32971.0,311.0,33853.0,33282.0,0.2600476263634967,4.289170525371322,215118.0,3171.0,50740.0,2779.0,138519.0,53519.0,0.6439210107940758,2.2822582945824843,2269738.0,13740.0,331848.0,63112.0,1437390.0,394960.0,0.6332845464983183,-0.02043870985929397,20501.0,2103.0,11993.0,31.0,8244.0,12024.0,0.4021267255255841,-2.9400624940819964,322913.0,1717.0,95265.0,2148.0,178965.0,97413.0,0.5542204866326224,7.990074275719761,179964.0,2397.0,70516.0,2248.0,100688.0,72764.0,0.5594896757129204,8.916607658369191,3138414.0,64.0,364.0,5493500.0,24237823.0,0.17582417582417584,0.22664989343308597,18.518518518518512,4793596.0,437.0,747.0,21343558.0,29888043.0,0.5850066934404283,0.7141169463654746,-0.6818181818181834,20767104.75,582.0,1537.0,23852834.0,56703875.0,0.3786597267404034,0.4206561544515256,1.5706806282722585,24359913.0,168.0,520.0,8277406.0,22598511.0,0.3230769230769231,0.36628103506465537,-10.160427807486627,8572927.75,91.0,214.0,2063528.0,5631678.0,0.4252336448598131,0.36641441502870015,9.63855421686748,2274265.75,163.0,515.0,8069645.0,22943062.0,0.31650485436893205,0.3517248482351658,-1.2121212121212088,7860990.75,1505.0,3897.0,0.3861945085963562
2023-09-01,138872.0,2072.0,36164.0,229.0,31080.0,36393.0,0.22380321447087967,6.676908895375644,193540.0,3091.0,46877.0,2254.0,126178.0,49131.0,0.6519479177431022,-10.030773807863591,2226283.0,12940.0,333405.0,60431.0,1398458.0,393836.0,0.6281582350491829,-1.9145381537428507,20164.0,2064.0,11736.0,35.0,8191.0,11771.0,0.4062190041658401,-1.6438222525730461,300265.0,1680.0,77939.0,2291.0,172028.0,80230.0,0.5729205868149801,-7.0136538324564235,163867.0,2415.0,65124.0,2076.0,90234.0,67200.0,0.5506538839424655,-8.944566691115996,3042991.0,67.0,429.0,4659708.0,25167316.0,0.1561771561771562,0.18514918317074416,4.6875,4805223.5,438.0,730.0,18795308.0,26541917.0,0.6,0.7081367935857835,0.22883295194509046,20339432.0,596.0,1582.0,26039218.0,60514469.0,0.37673830594184576,0.4302973888773609,2.405498281786933,24751814.75,169.0,493.0,7590111.0,22474970.0,0.34279918864097364,0.3377139546793611,0.5952380952380931,8090858.25,97.0,214.0,2497638.0,5611678.0,0.4532710280373832,0.4450786377978209,6.593406593406592,2285882.0,169.0,499.0,7707212.0,21593226.0,0.33867735470941884,0.35692730673962286,3.6809815950920255,7891636.5,1536.0,3947.0,0.3891563212566506
2023-09-08,138872.0,2072.0,36164.0,229.0,31080.0,36393.0,0.22380321447087967,6.676908895375644,193540.0,3091.0,46877.0,2254.0,126178.0,49131.0,0.6519479177431022,-10.030773807863591,2226283.0,12940.0,333405.0,60431.0,1398458.0,393836.0,0.6281582350491829,-1.9145381537428507,20164.0,2064.0,11736.0,35.0,8191.0,11771.0,0.4062190041658401,-1.6438222525730461,300265.0,1680.0,77939.0,2291.0,172028.0,80230.0,0.5729205868149801,-7.0136538324564235,163867.0,2415.0,65124.0,2076.0,90234.0,67200.0,0.5506538839424655,-8.944566691115996,3042991.0,67.0,391.0,5324631.0,25225488.0,0.17135549872122763,0.21108138720646355,0.0,4745021.0,435.0,722.0,21479982.0,28963095.0,0.6024930747922438,0.7416328261879471,-0.6849315068493178,20647203.75,558.0,1511.0,23052770.0,55941544.0,0.3692918596955658,0.4120867668579187,-6.375838926174493,24506453.5,197.0,540.0,10733406.0,24924805.0,0.3648148148148148,0.43063149340586615,16.568047337278102,8967213.0,100.0,215.0,2569511.0,5773751.0,0.46511627906976744,0.44503322017177394,3.092783505154628,2349543.25,165.0,516.0,8445537.0,24085867.0,0.31976744186046513,0.35064284794066164,-2.3668639053254448,8042620.75,1522.0,3895.0,0.3907573812580231
2023-09-15,138872.0,2072.0,36164.0,229.0,31080.0,36393.0,0.22380321447087967,6.676908895375644,193540.0,3091.0,46877.0,2254.0,126178.0,49131.0,0.6519479177431022,-10.030773807863591,2226283.0,12940.0,333405.0,60431.0,1398458.0,393836.0,0.6281582350491829,-1.9145381537428507,20164.0,2064.0,11736.0,35.0,8191.0,11771.0,0.4062190041658401,-1.6438222525730461,300265.0,1680.0,77939.0,2291.0,172028.0,80230.0,0.5729205868149801,-7.0136538324564235,163867.0,2415.0,65124.0,2076.0,90234.0,67200.0,0.5506538839424655,-8.944566691115996,3042991.0,52.0,335.0,3875513.0,21193943.0,0.15522388059701492,0.18285946130929956,-22.388059701492537,4838338.0,432.0,726.0,20053113.0,28020511.0,0.5950413223140496,0.7156583618335869,-0.6896551724137945,20417990.25,572.0,1542.0,22555516.0,57632535.0,0.37094682230869,0.39136775781249256,2.508960573476693,23875084.5,178.0,536.0,7767677.0,24265670.0,0.332089552238806,0.32010972703411855,-9.644670050761416,8592150.0,90.0,213.0,2279648.0,5916673.0,0.4225352112676056,0.3852922072928485,-9.999999999999998,2352581.25,197.0,540.0,10154535.0,26033240.0,0.3648148148148148,0.3900603612919483,19.393939393939384,8594232.25,1521.0,3892.0,0.3908016443987667
2023-09-22,138872.0,2072.0,36164.0,229.0,31080.0,36393.0,0.22380321447087967,6.676908895375644,193540.0,3091.0,46877.0,2254.0,126178.0,49131.0,0.6519479177431022,-10.030773807863591,2226283.0,12940.0,333405.0,60431.0,1398458.0,393836.0,0.6281582350491829,-1.9145381537428507,20164.0,2064.0,11736.0,35.0,8191.0,11771.0,0.4062190041658401,-1.6438222525730461,300265.0,1680.0,77939.0,2291.0,172028.0,80230.0,0.5729205868149801,-7.0136538324564235,163867.0,2415.0,65124.0,2076.0,90234.0,67200.0,0.5506538839424655,-8.944566691115996,3042991.0,65.0,442.0,5115351.0,27782016.0,0.14705882352941177,0.18412454301372513,25.0,4743800.75,446.0,721.0,19207411.0,27240165.0,0.6185852981969486,0.7051136070578133,3.240740740740744,19883953.5,594.0,1547.0,24771765.0,59719473.0,0.38396897220426635,0.4148021366497993,3.8461538461538547,24104817.25,190.0,514.0,9157881.0,23033756.0,0.36964980544747084,0.3975852223145891,6.741573033707859,8812268.75,92.0,208.0,2552399.0,6015934.0,0.4423076923076923,0.4242731053897865,2.2222222222222143,2474799.0,169.0,490.0,7518995.0,22643978.0,0.3448979591836735,0.3320527426762206,-14.213197969543145,8456569.75,1556.0,3922.0,0.39673635900050996
2023-09-29,138872.0,2072.0,36164.0,229.0,31080.0,36393.0,0.22380321447087967,6.676908895375644,193540.0,3091.0,46877.0,2254.0,126178.0,49131.0,0.6519479177431022,-10.030773807863591,2226283.0,12940.0,333405.0,60431.0,1398458.0,393836.0,0.6281582350491829,-1.9145381537428507,20164.0,2064.0,11736.0,35.0,8191.0,11771.0,0.4062190041658401,-1.6438222525730461,300265.0,1680.0,77939.0,2291.0,172028.0,80230.0,0.5729205868149801,-7.0136538324564235,163867.0,2415.0,65124.0,2076.0,90234.0,67200.0,0.5506538839424655,-8.944566691115996,3042991.0,65.0,393.0,5953497.0,26063440.0,0.16539440203562342,0.22842330099173402,0.0,5067248.0,442.0,737.0,18864324.0,25954545.0,0.5997286295793759,0.7268216029215693,-0.8968609865470878,19901207.5,553.0,1515.0,22864346.0,58138739.0,0.365016501650165,0.39327213478090745,-6.902356902356899,23311099.25,165.0,520.0,7797590.0,23591646.0,0.3173076923076923,0.3305233555979943,-13.157894736842103,8864138.5,85.0,212.0,2376103.0,5945963.0,0.4009433962264151,0.39961617655542087,-7.608695652173914,2444415.25,174.0,528.0,8213791.0,23534475.0,0.32954545454545453,0.3490110146922759,2.9585798816567976,8583214.5,1484.0,3905.0,0.3800256081946223
2023-10-06,143234.0,2068.0,32944.0,192.0,31712.0,33136.0,0.22139994693997236,3.1410219482689072,192201.0,3004.0,46250.0,2177.0,126575.0,48427.0,0.6585553665173438,-0.6918466466880213,2254139.0,14669.0,339975.0,61314.0,1422048.0,401289.0,0.6308608297891124,1.2512335583571454,23150.0,2234.0,13661.0,58.0,8889.0,13719.0,0.38397408207343414,14.808569728228527,298364.0,1710.0,70270.0,1710.0,176502.0,71980.0,0.5915660066227829,-0.6331074217774346,171113.0,2582.0,67768.0,2813.0,91480.0,70581.0,0.5346174750018994,4.421878718716998,3082201.0,62.0,374.0,5195104.0,24538149.0,0.1657754010695187,0.21171539874503167,-4.61538461538461,5034866.25,463.0,774.0,22285351.0,30340045.0,0.5981912144702842,0.7345193785968347,4.751131221719462,20102549.75,568.0,1505.0,22544341.0,57126146.0,0.37740863787375417,0.3946413783979056,2.7124773960216952,23183992.0,189.0,554.0,9844776.0,25614992.0,0.34115523465703973,0.38433648544571086,14.54545454545455,8641981.0,84.0,209.0,2242040.0,5834075.0,0.4019138755980861,0.3843008531772389,-1.17647058823529,2362547.5,163.0,510.0,8201043.0,24472836.0,0.3196078431372549,0.3351079948396663,-6.3218390804597675,8522091.0,1529.0,3926.0,0.38945491594498216
2023-10-13,143234.0,2068.0,32944.0,192.0,31712.0,33136.0,0.22139994693997236,3.1410219482689072,192201.0,3004.0,46250.0,2177.0,126575.0,48427.0,0.6585553665173438,-0.6918466466880213,2254139.0,14669.0,339975.0,61314.0,1422048.0,401289.0,0.6308608297891124,1.2512335583571454,23150.0,2234.0,13661.0,58.0,8889.0,13719.0,0.38397408207343414,14.808569728228527,298364.0,1710.0,70270.0,1710.0,176502.0,71980.0,0.5915660066227829,-0.6331074217774346,171113.0,2582.0,67768.0,2813.0,91480.0,70581.0,0.5346174750018994,4.421878718716998,3082201.0,76.0,353.0,4923596.0,24797356.0,0.21529745042492918,0.19855326511423235,22.580645161290324,5296887.0,457.0,753.0,20561214.0,28318808.0,0.6069057104913679,0.7260621280387225,-1.295896328293733,20229575.0,564.0,1538.0,24152653.0,58685015.0,0.36671001300390116,0.41156422981232943,-0.7042253521126751,23583276.25,181.0,535.0,8044708.0,23246536.0,0.3383177570093458,0.34606050553080253,-4.232804232804233,8711238.75,96.0,213.0,2195075.0,5178653.0,0.4507042253521127,0.4238698750427959,14.28571428571428,2341404.25,182.0,558.0,8639892.0,24472910.0,0.32616487455197135,0.35303901334169085,11.65644171779141,8143430.25,1556.0,3950.0,0.3939240506329114
2023-10-20,143234.0,2068.0,32944.0,192.0,31712.0,33136.0,0.22139994693997236,3.1410219482689072,192201.0,3004.0,46250.0,2177.0,126575.0,48427.0,0.6585553665173438,-0.6918466466880213,2254139.0,14669.0,339975.0,61314.0,1422048.0,401289.0,0.6308608297891124,1.2512335583571454,23150.0,2234.0,13661.0,58.0,8889.0,13719.0,0.38397408207343414,14.808569728228527,298364.0,1710.0,70270.0,1710.0,176502.0,71980.0,0.5915660066227829,-0.6331074217774346,171113.0,2582.0,67768.0,2813.0,91480.0,70581.0,0.5346174750018994,4.421878718716998,3082201.0,75.0,369.0,6415168.0,22737432.0,0.2032520325203252,0.2821412725940203,-1.3157894736842146,5621841.25,420.0,698.0,19987286.0,27276735.0,0.6017191977077364,0.7327594743285808,-8.096280087527353,20424543.75,582.0,1607.0,27825761.0,67717545.0,0.3621655258245177,0.41090918166038065,3.1914893617021267,24346775.25,202.0,577.0,10620676.0,26803225.0,0.35008665511265163,0.3962461979855036,11.602209944751385,9076937.5,86.0,201.0,2415799.0,5725624.0,0.42786069651741293,0.42192763618428314,-10.416666666666663,2307254.25,190.0,539.0,9495359.0,25121814.0,0.3525046382189239,0.3779726655089477,4.395604395604402,8637521.25,1555.0,3991.0,0.38962665998496615
2023-10-27,143234.0,2068.0,32944.0,192.0,31712.0,33136.0,0.22139994693997236,3.1410219482689072,192201.0,3004.0,46250.0,2177.0,126575.0,48427.0,0.6585553665173438,-0.6918466466880213,2254139.0,14669.0,339975.0,61314.0,1422048.0,401289.0,0.6308608297891124,1.2512335583571454,23150.0,2234.0,13661.0,58.0,8889.0,13719.0,0.38397408207343414,14.808569728228527,298364.0,1710.0,70270.0,1710.0,176502.0,71980.0,0.5915660066227829,-0.6331074217774346,171113.0,2582.0,67768.0,2813.0,91480.0,70581.0,0.5346174750018994,4.421878718716998,3082201.0,66.0,345.0,3722544.0,19517316.0,0.19130434782608696,0.19073032378017551,-12.0,5064103.0,390.0,659.0,17277035.0,24557033.0,0.5918057663125948,0.7035473300052169,-7.14285714285714,20027721.5,560.0,1533.0,22683111.0,57373061.0,0.365296803652968,0.39536170119980174,-3.7800687285223344,24301466.5,181.0,534.0,9252057.0,24158381.0,0.3389513108614232,0.3829750429054,-10.396039603960395,9440554.25,86.0,207.0,2626583.0,6226266.0,0.41545893719806765,0.4218552500005621,0.0,2369874.25,177.0,530.0,8768284.0,24603565.0,0.3339622641509434,0.3563826624312371,-6.842105263157894,8776144.5,1460.0,3808.0,0.38340336134453784
2023-11-03,161035.0,2137.0,30402.0,1.0,31770.0,30403.0,0.1972863042195796,12.427915159808434,169006.0,2960.0,42156.0,1441.0,107986.0,43597.0,0.6389477296664023,-12.068095379316446,2236078.0,13128.0,334657.0,56411.0,1409451.0,391068.0,0.6303228241590857,-0.8012371907854865,21296.0,2147.0,12758.0,42.0,7894.0,12800.0,0.3706799398948159,-8.008639308855292,294450.0,1622.0,74541.0,1207.0,167775.0,75748.0,0.5697911360163016,-1.3118204609135153,169141.0,2478.0,67304.0,2777.0,90705.0,70081.0,0.5362685570027373,-1.1524548105637744,3051006.0,78.0,323.0,5375608.0,20428093.0,0.24148606811145512,0.2631478131610229,18.181818181818187,5109229.0,425.0,684.0,20030033.0,27643848.0,0.6213450292397661,0.7245747046503801,8.974358974358964,19463892.0,609.0,1543.0,24621592.0,58392889.0,0.3946856772521063,0.42165394488359703,8.749999999999991,24820779.25,169.0,547.0,7212742.0,23757244.0,0.30895795246800734,0.3036017982557236,-6.629834254143652,8782545.75,80.0,197.0,2133743.0,5483833.0,0.40609137055837563,0.3890970056892688,-6.976744186046513,2342800.0,166.0,520.0,7028398.0,22489186.0,0.3192307692307692,0.3125234501595567,-6.214689265536721,8482983.25,1527.0,3814.0,0.40036706869428423
2023-11-10,161035.0,2137.0,30402.0,1.0,31770.0,30403.0,0.1972863042195796,12.427915159808434,169006.0,2960.0,42156.0,1441.0,107986.0,43597.0,0.6389477296664023,-12.068095379316446,2236078.0,13128.0,334657.0,56411.0,1409451.0,391068.0,0.6303228241590857,-0.8012371907854865,21296.0,2147.0,12758.0,42.0,7894.0,12800.0,0.3706799398948159,-8.008639308855292,294450.0,1622.0,74541.0,1207.0,167775.0,75748.0,0.5697911360163016,-1.3118204609135153,169141.0,2478.0,67304.0,2777.0,90705.0,70081.0,0.5362685570027373,-1.1524548105637744,3051006.0,60.0,331.0,3772223.0,20222198.0,0.18126888217522658,0.18653872343649291,-23.076923076923073,4821385.75,303.0,532.0,14691575.0,20823473.0,0.5695488721804511,0.7055295243017339,-28.70588235294118,17996482.25,617.0,1660.0,25440367.0,65850781.0,0.3716867469879518,0.38633356527692514,1.3136288998357948,25142707.75,177.0,512.0,9153951.0,23949528.0,0.345703125,0.38221843035904507,4.7337278106508895,9059856.5,72.0,173.0,1670304.0,4356520.0,0.4161849710982659,0.3834032668276514,-9.999999999999998,2211607.25,170.0,542.0,8516362.0,25517771.0,0.31365313653136534,0.33374239466291944,2.4096385542168752,8452100.75,1399.0,3750.0,0.37306666666666666
2023-11-17,161035.0,2137.0,30402.0,1.0,31770.0,30403.0,0.1972863042195796,12.427915159808434,169006.0,2960.0,42156.0,1441.0,107986.0,43597.0,0.6389477296664023,-12.068095379316446,2236078.0,13128.0,334657.0,56411.0,1409451.0,391068.0,0.6303228241590857,-0.8012371907854865,21296.0,2147.0,12758.0,42.0,7894.0,12800.0,0.3706799398948159,-8.008639308855292,294450.0,1622.0,74541.0,1207.0,167775.0,75748.0,0.5697911360163016,-1.3118204609135153,169141.0,2478.0,67304.0,2777.0,90705.0,70081.0,0.5362685570027373,-1.1524548105637744,3051006.0,68.0,339.0,5331123.0,23712128.0,0.20058997050147492,0.224826848100685,13.33333333333333,4550374.5,395.0,655.0,17863561.0,24385122.0,0.6030534351145038,0.7325598371006715,30.363036303630352,17465551.0,604.0,1603.0,24030149.0,61467943.0,0.3767935121646912,0.39093790726004934,-2.1069692058346856,24193804.75,182.0,542.0,8797684.0,25399232.0,0.33579335793357934,0.34637598491166977,2.824858757062154,8604108.5,74.0,159.0,1339234.0,3589687.0,0.46540880503144655,0.37307820988292295,2.777777777777768,1942466.0,177.0,558.0,9311347.0,25051064.0,0.3172043010752688,0.37169467133212386,4.117647058823537,8406097.75,1500.0,3856.0,0.38900414937759337
2023-11-24,161035.0,2137.0,30402.0,1.0,31770.0,30403.0,0.1972863042195796,12.427915159808434,169006.0,2960.0,42156.0,1441.0,107986.0,43597.0,0.6389477296664023,-12.068095379316446,2236078.0,13128.0,334657.0,56411.0,1409451.0,391068.0,0.6303228241590857,-0.8012371907854865,21296.0,2147.0,12758.0,42.0,7894.0,12800.0,0.3706799398948159,-8.008639308855292,294450.0,1622.0,74541.0,1207.0,167775.0,75748.0,0.5697911360163016,-1.3118204609135153,169141.0,2478.0,67304.0,2777.0,90705.0,70081.0,0.5362685570027373,-1.1524548105637744,3051006.0,77.0,362.0,5018237.0,19435244.0,0.212707182320442,0.2582029327751172,13.235294117647056,4874297.75,378.0,637.0,14480596.0,22469337.0,0.5934065934065934,0.6444603149616742,-4.303797468354431,16766441.25,601.0,1541.0,27789142.0,62008895.0,0.3900064892926671,0.4481476730072355,-0.4966887417218513,25470312.5,171.0,541.0,7773051.0,24303317.0,0.31608133086876156,0.31983498384191755,-6.043956043956045,8234357.0,64.0,154.0,1578010.0,3943965.0,0.4155844155844156,0.4001075060250281,-13.513513513513509,1680322.75,170.0,508.0,8578769.0,25013977.0,0.3346456692913386,0.3429590184719527,-3.9548022598870025,8358719.0,1461.0,3743.0,0.39032861341170183
2023-12-01,153454.0,2202.0,29402.0,24.0,32145.0,29426.0,0.20947645548503135,-4.707672245164096,177847.0,3059.0,47874.0,1305.0,109789.0,49179.0,0.6173227549522905,5.231175224548235,2290414.0,12899.0,353747.0,61378.0,1464640.0,415125.0,0.6394651796574767,2.4299689009059655,19195.0,1824.0,10441.0,10.0,8524.0,10451.0,0.4440739775983329,-9.865702479338845,272379.0,1547.0,53409.0,1520.0,157214.0,54929.0,0.5771884029238671,-7.495669893020884,163040.0,2239.0,63942.0,2342.0,89982.0,66284.0,0.5519013738959765,-3.6070497395663925,3076329.0,60.0,332.0,2885975.0,18454421.0,0.18072289156626506,0.15638393640201445,-22.077922077922075,4251889.5,347.0,560.0,18663491.0,24464399.0,0.6196428571428572,0.7628836907050118,-8.201058201058197,16424805.75,567.0,1543.0,23939463.0,59476285.0,0.3674659753726507,0.4025043426972616,-5.657237936772042,25299780.25,210.0,527.0,9765423.0,23372056.0,0.3984819734345351,0.41782473052434926,22.807017543859654,8872527.25,75.0,167.0,1723922.0,4164078.0,0.4491017964071856,0.41399848898123426,17.1875,1577867.5,173.0,527.0,7602289.0,23629963.0,0.32827324478178366,0.32172242504146115,1.764705882352935,8502191.75,1432.0,3656.0,0.3916849015317287
2023-12-08,153454.0,2202.0,29402.0,24.0,32145.0,29426.0,0.20947645548503135,-4.707672245164096,177847.0,3059.0,47874.0,1305.0,109789.0,49179.0,0.6173227549522905,5.231175224548235,2290414.0,12899.0,353747.0,61378.0,1464640.0,415125.0,0.6394651796574767,2.4299689009059655,19195.0,1824.0,10441.0,10.0,8524.0,10451.0,0.4440739775983329,-9.865702479338845,272379.0,1547.0,53409.0,1520.0,157214.0,54929.0,0.5771884029238671,-7.495669893020884,163040.0,2239.0,63942.0,2342.0,89982.0,66284.0,0.5519013738959765,-3.6070497395663925,3076329.0,62.0,318.0,5958661.0,20115600.0,0.1949685534591195,0.2962208932370896,3.3333333333333437,4798499.0,392.0,647.0,19441479.0,26781996.0,0.6058732612055642,0.7259159847533395,12.968299711815568,17612281.75,581.0,1585.0,24609630.0,62129205.0,0.3665615141955836,0.39610405444589225,2.4691358024691468,25092096.0,204.0,534.0,9216676.0,24092137.0,0.38202247191011235,0.3825595047878069,-2.857142857142858,8888208.5,71.0,159.0,1941873.0,4422735.0,0.44654088050314467,0.4390660982401161,-5.333333333333334,1645759.75,174.0,519.0,7255946.0,22635739.0,0.3352601156069364,0.3205526446474754,0.5780346820809301,8187087.75,1484.0,3762.0,0.3944710260499734
2023-12-15,153454.0,2202.0,29402.0,24.0,32145.0,29426.0,0.20947645548503135,-4.707672245164096,177847.0,3059.0,47874.0,1305.0,109789.0,49179.0,0.6173227549522905,5.231175224548235,2290414.0,12899.0,353747.0,61378.0,1464640.0,415125.0,0.6394651796574767,2.4299689009059655,19195.0,1824.0,10441.0,10.0,8524.0,10451.0,0.4440739775983329,-9.865702479338845,272379.0,1547.0,53409.0,1520.0,157214.0,54929.0,0.5771884029238671,-7.495669893020884,163040.0,2239.0,63942.0,2342.0,89982.0,66284.0,0.5519013738959765,-3.6070497395663925,3076329.0,86.0,343.0,5517538.0,19909755.0,0.25072886297376096,0.27712736796610504,38.70967741935485,4845102.75,388.0,645.0,19507814.0,27047068.0,0.6015503875968993,0.7212542963991513,-1.0204081632653073,18023345.0,606.0,1633.0,27731912.0,66462098.0,0.3710961420698102,0.41725905191858376,4.302925989672968,26017536.75,193.0,532.0,9940759.0,23861183.0,0.36278195488721804,0.4166079695210418,-5.392156862745101,9173977.25,69.0,140.0,1537594.0,3464747.0,0.4928571428571429,0.4437824753149364,-2.8169014084507005,1695349.75,193.0,535.0,8341534.0,23750960.0,0.36074766355140186,0.35120828800183235,10.919540229885062,7944634.5,1535.0,3828.0,0.4009926854754441
2023-12-22,153454.0,2202.0,29402.0,24.0,32145.0,29426.0,0.20947645548503135,-4.707672245164096,177847.0,3059.0,47874.0,1305.0,109789.0,49179.0,0.6173227549522905,5.231175224548235,2290414.0,12899.0,353747.0,61378.0,1464640.0,415125.0,0.6394651796574767,2.4299689009059655,19195.0,1824.0,10441.0,10.0,8524.0,10451.0,0.4440739775983329,-9.865702479338845,272379.0,1547.0,53409.0,1520.0,157214.0,54929.0,0.5771884029238671,-7.495669893020884,163040.0,2239.0,63942.0,2342.0,89982.0,66284.0,0.5519013738959765,-3.6070497395663925,3076329.0,78.0,361.0,4886733.0,20812191.0,0.21606648199445982,0.23480146804341745,-9.302325581395355,4812226.75,393.0,643.0,18361703.0,25754718.0,0.6111975116640747,0.7129452164842185,1.2886597938144284,18993621.75,615.0,1571.0,23523865.0,57722093.0,0.3914704010184596,0.40753659088557304,1.4851485148514865,24951217.5,160.0,394.0,7310627.0,15437597.0,0.40609137055837563,0.4735599070243899,-17.098445595854926,9058371.25,61.0,145.0,1743842.0,4156195.0,0.4206896551724138,0.41957655981011477,-11.594202898550721,1736807.75,181.0,539.0,8375306.0,22337799.0,0.3358070500927644,0.37493873053473176,-6.217616580310881,7893768.75,1488.0,3653.0,0.40733643580618667
2023-12-29,153454.0,2202.0,29402.0,24.0,32145.0,29426.0,0.20947645548503135,-4.707672245164096,177847.0,3059.0,47874.0,1305.0,109789.0,49179.0,0.6173227549522905,5.231175224548235,2290414.0,12899.0,353747.0,61378.0,1464640.0,415125.0,0.6394651796574767,2.4299689009059655,19195.0,1824.0,10441.0,10.0,8524.0,10451.0,0.4440739775983329,-9.865702479338845,272379.0,1547.0,53409.0,1520.0,157214.0,54929.0,0.5771884029238671,-7.495669893020884,163040.0,2239.0,63942.0,2342.0,89982.0,66284.0,0.5519013738959765,-3.6070497395663925,3076329.0,64.0,390.0,4542364.0,23296995.0,0.1641025641025641,0.19497639073193773,-17.948717948717952,5226324.0,403.0,653.0,17686395.0,24505769.0,0.6171516079632465,0.7217237296246447,2.5445292620865034,18749347.75,556.0,1481.0,24276108.0,60576686.0,0.37542201215395005,0.4007500179194352,-9.59349593495935,25035378.75,157.0,394.0,8132816.0,17240010.0,0.39847715736040606,0.471740793653832,-1.8750000000000044,8650219.5,68.0,148.0,1803436.0,3698928.0,0.4594594594594595,0.48755639471760465,11.475409836065564,1756686.25,141.0,417.0,7154082.0,16883438.0,0.3381294964028777,0.4237337205846345,-22.099447513812155,7781717.0,1389.0,3483.0,0.3987941429801895
2024-01-05,153396.0,2845.0,39821.0,57.0,34992.0,39878.0,0.22811546585308612,-0.037796342877993716,161811.0,3122.0,39079.0,1901.0,104403.0,40980.0,0.6452157146300314,-9.016739107210125,2312490.0,13012.0,359985.0,59929.0,1471052.0,419914.0,0.6361333454414938,0.9638432178636691,12418.0,1107.0,7028.0,24.0,5306.0,7052.0,0.42728297632469,-35.3060692888773,267840.0,1544.0,45046.0,1075.0,154260.0,46121.0,0.5759408602150538,-1.6664280285925148,137860.0,1656.0,51921.0,2058.0,77653.0,53979.0,0.5632743362831858,-15.444062806673209,3045815.0,102.0,499.0,7972720.0,31052351.0,0.20440881763527055,0.25675093006645455,59.375,5729838.75,370.0,605.0,19287375.0,25269225.0,0.6115702479338843,0.7632752884190156,-8.188585607940446,18710821.75,606.0,1574.0,25374070.0,59344621.0,0.3850063532401525,0.4275715232893643,8.992805755395693,25226488.75,121.0,320.0,6724898.0,14073955.0,0.378125,0.4778257426572701,-22.92993630573248,8027275.0,68.0,143.0,1805612.0,3702302.0,0.4755244755244755,0.4876998148719364,0.0,1722621.0,142.0,385.0,6973800.0,15895447.0,0.36883116883116884,0.43872940471570254,0.7092198581560183,7711180.5,1409.0,3526.0,0.3996029495178673
2024-01-12,153396.0,2845.0,39821.0,57.0,34992.0,39878.0,0.22811546585308612,-0.037796342877993716,161811.0,3122.0,39079.0,1901.0,104403.0,40980.0,0.6452157146300314,-9.016739107210125,2312490.0,13012.0,359985.0,59929.0,1471052.0,419914.0,0.6361333454414938,0.9638432178636691,12418.0,1107.0,7028.0,24.0,5306.0,7052.0,0.42728297632469,-35.3060692888773,267840.0,1544.0,45046.0,1075.0,154260.0,46121.0,0.5759408602150538,-1.6664280285925148,137860.0,1656.0,51921.0,2058.0,77653.0,53979.0,0.5632743362831858,-15.444062806673209,3045815.0,88.0,507.0,3422966.0,26477140.0,0.17357001972386588,0.1292800506399105,-13.725490196078427,5206195.75,373.0,598.0,18350266.0,24260272.0,0.6237458193979933,0.7563916018748676,0.8108108108108025,18421434.75,585.0,1549.0,25636740.0,61607975.0,0.3776630083925113,0.4161269705748322,-3.4653465346534684,24702695.75,110.0,325.0,5627751.0,12889432.0,0.3384615384615385,0.4366174552920563,-9.090909090909093,6949023.0,53.0,134.0,1691229.0,3907312.0,0.39552238805970147,0.4328369477533404,-22.058823529411764,1761029.75,114.0,361.0,5413081.0,14823103.0,0.3157894736842105,0.3651786673815867,-19.718309859154925,6979067.25,1323.0,3474.0,0.38082901554404147
2024-01-19,153396.0,2845.0,39821.0,57.0,34992.0,39878.0,0.22811546585308612,-0.037796342877993716,161811.0,3122.0,39079.0,1901.0,104403.0,40980.0,0.6452157146300314,-9.016739107210125,2312490.0,13012.0,359985.0,59929.0,1471052.0,419914.0,0.6361333454414938,0.9638432178636691,12418.0,1107.0,7028.0,24.0,5306.0,7052.0,0.42728297632469,-35.3060692888773,267840.0,1544.0,45046.0,1075.0,154260.0,46121.0,0.5759408602150538,-1.6664280285925148,137860.0,1656.0,51921.0,2058.0,77653.0,53979.0,0.5632743362831858,-15.444062806673209,3045815.0,113.0,475.0,6548134.0,25671258.0,0.23789473684210527,0.25507647502120856,28.409090909090917,5621546.0,402.0,644.0,19502692.0,25972386.0,0.6242236024844721,0.7509010531415943,7.774798927613946,18706682.0,575.0,1570.0,25210564.0,59880671.0,0.3662420382165605,0.42101338510385095,-1.7094017094017144,25124370.5,83.0,250.0,4003465.0,9557902.0,0.332,0.4188644118761628,-24.545454545454547,6122232.5,60.0,135.0,1781601.0,3664483.0,0.4444444444444444,0.4861807245387685,13.207547169811317,1770469.5,122.0,360.0,6555605.0,14661577.0,0.3388888888888889,0.447128231840272,7.017543859649122,6524142.0,1355.0,3434.0,0.39458357600465926
2024-01-26,153396.0,2845.0,39821.0,57.0,34992.0,39878.0,0.22811546585308612,-0.037796342877993716,161811.0,3122.0,39079.0,1901.0,104403.0,40980.0,0.6452157146300314,-9.016739107210125,2312490.0,13012.0,359985.0,59929.0,1471052.0,419914.0,0.6361333454414938,0.9638432178636691,12418.0,1107.0,7028.0,24.0,5306.0,7052.0,0.42728297632469,-35.3060692888773,267840.0,1544.0,45046.0,1075.0,154260.0,46121.0,0.5759408602150538,-1.6664280285925148,137860.0,1656.0,51921.0,2058.0,77653.0,53979.0,0.5632743362831858,-15.444062806673209,3045815.0,118.0,501.0,6648744.0,27856879.0,0.23552894211576847,0.23867512222026022,4.424778761061954,6148141.0,381.0,647.0,16741968.0,23786798.0,0.58887171561051,0.7038344547256844,-5.223880597014929,18470575.25,579.0,1609.0,23214212.0,60701614.0,0.3598508390304537,0.3824315445714508,0.6956521739130528,24858896.5,95.0,252.0,6206404.0,10981214.0,0.376984126984127,0.5651837765842648,14.457831325301207,5640629.5,50.0,119.0,1269245.0,3261032.0,0.42016806722689076,0.3892157451996791,-16.666666666666664,1636921.75,95.0,296.0,4436652.0,10382438.0,0.32094594594594594,0.4273227540583435,-22.13114754098361,5844784.5,1318.0,3424.0,0.38492990654205606
2024-02-02,152840.0,2991.0,38686.0,68.0,33962.0,38754.0,0.22220622873593301,-0.36246055959737733,150574.0,2974.0,39999.0,1543.0,94712.0,41542.0,0.6290063357551768,-6.944521695063999,2139972.0,15400.0,318596.0,57003.0,1373193.0,375599.0,0.641687367872103,-7.460270098465294,10342.0,917.0,5817.0,19.0,4382.0,5836.0,0.4237091471668923,-16.71766790143341,258935.0,1568.0,41348.0,865.0,140580.0,42213.0,0.5429161758742541,-3.3247461170848314,121501.0,1393.0,43809.0,1459.0,70001.0,45268.0,0.5761351758421741,-11.86638618888728,2834164.0,140.0,542.0,7663739.0,30088534.0,0.25830258302583026,0.25470629443096166,18.644067796610166,6070895.75,366.0,615.0,19986840.0,26921352.0,0.5951219512195122,0.7424159083837989,-3.937007874015752,18645441.5,554.0,1518.0,22394301.0,58615868.0,0.36495388669301715,0.38205185326266944,-4.317789291882557,24113954.25,75.0,232.0,3799652.0,8238245.0,0.3232758620689655,0.461221048900585,-21.052631578947366,4909318.0,62.0,143.0,1519677.0,3646312.0,0.43356643356643354,0.41677097297214283,24.0,1565438.0,81.0,271.0,3757419.0,9957623.0,0.2988929889298893,0.3773409577767706,-14.73684210526316,5040689.25,1278.0,3321.0,0.38482384823848237
2024-02-09,152840.0,2991.0,38686.0,68.0,33962.0,38754.0,0.22220622873593301,-0.36246055959737733,150574.0,2974.0,39999.0,1543.0,94712.0,41542.0,0.6290063357551768,-6.944521695063999,2139972.0,15400.0,318596.0,57003.0,1373193.0,375599.0,0.641687367872103,-7.460270098465294,10342.0,917.0,5817.0,19.0,4382.0,5836.0,0.4237091471668923,-16.71766790143341,258935.0,1568.0,41348.0,865.0,140580.0,42213.0,0.5429161758742541,-3.3247461170848314,121501.0,1393.0,43809.0,1459.0,70001.0,45268.0,0.5761351758421741,-11.86638618888728,2834164.0,133.0,561.0,7071381.0,27597633.0,0.23707664884135474,0.2562314311520847,-5.000000000000004,6982999.5,361.0,628.0,14615109.0,21679611.0,0.5748407643312102,0.6741407398868918,-1.3661202185792365,17711652.25,630.0,1625.0,27564710.0,62352733.0,0.38769230769230767,0.4420770136891995,13.718411552346566,24595946.75,75.0,229.0,3510331.0,8029306.0,0.32751091703056767,0.43718983932110694,0.0,4379963.0,55.0,138.0,1545487.0,3833094.0,0.39855072463768115,0.40319569517470744,-11.290322580645162,1529002.5,84.0,303.0,3671601.0,11012029.0,0.27722772277227725,0.33341730211571363,3.703703703703698,4605319.25,1338.0,3484.0,0.3840413318025258
2024-02-16,152840.0,2991.0,38686.0,68.0,33962.0,38754.0,0.22220622873593301,-0.36246055959737733,150574.0,2974.0,39999.0,1543.0,94712.0,41542.0,0.6290063357551768,-6.944521695063999,2139972.0,15400.0,318596.0,57003.0,1373193.0,375599.0,0.641687367872103,-7.460270098465294,10342.0,917.0,5817.0,19.0,4382.0,5836.0,0.4237091471668923,-16.71766790143341,258935.0,1568.0,41348.0,865.0,140580.0,42213.0,0.5429161758742541,-3.3247461170848314,121501.0,1393.0,43809.0,1459.0,70001.0,45268.0,0.5761351758421741,-11.86638618888728,2834164.0,135.0,588.0,5688034.0,29919299.0,0.22959183673469388,0.19011254240949962,1.5037593984962516,6767974.5,431.0,697.0,20846453.0,28501168.0,0.6183644189383071,0.7314245156549374,19.390581717451518,18047592.5,550.0,1479.0,24516825.0,56266090.0,0.37187288708586885,0.43573002851273296,-12.698412698412698,24422512.0,66.0,240.0,4527382.0,10220997.0,0.275,0.4429491565255327,-12.0,4510942.25,64.0,137.0,1835134.0,4145167.0,0.46715328467153283,0.44271654193908233,16.36363636363636,1542385.75,100.0,287.0,4948534.0,10672384.0,0.34843205574912894,0.4636765318789129,19.047619047619047,4203551.5,1346.0,3428.0,0.3926487747957993
2024-02-23,152840.0,2991.0,38686.0,68.0,33962.0,38754.0,0.22220622873593301,-0.36246055959737733,150574.0,2974.0,39999.0,1543.0,94712.0,41542.0,0.6290063357551768,-6.944521695063999,2139972.0,15400.0,318596.0,57003.0,1373193.0,375599.0,0.641687367872103,-7.460270098465294,10342.0,917.0,5817.0,19.0,4382.0,5836.0,0.4237091471668923,-16.71766790143341,258935.0,1568.0,41348.0,865.0,140580.0,42213.0,0.5429161758742541,-3.3247461170848314,121501.0,1393.0,43809.0,1459.0,70001.0,45268.0,0.5761351758421741,-11.86638618888728,2834164.0,154.0,670.0,9682157.0,36068556.0,0.2298507462686567,0.26843761086526446,14.074074074074083,7526327.75,358.0,605.0,19386179.0,25660570.0,0.5917355371900826,0.7554851275712114,-16.93735498839907,18708645.25,560.0,1531.0,20107323.0,55046294.0,0.36577400391900716,0.36528023121774555,1.8181818181818077,23645789.75,107.0,256.0,6365073.0,10947479.0,0.41796875,0.5814190646083907,62.12121212121211,4550609.5,61.0,142.0,1616725.0,4009337.0,0.4295774647887324,0.4032399870602047,-4.6875,1629255.75,99.0,286.0,6213332.0,11756302.0,0.34615384615384615,0.5285107510848224,-1.0000000000000009,4647721.5,1339.0,3490.0,0.3836676217765043
2024-03-01,162969.0,3135.0,41499.0,147.0,32618.0,41646.0,0.20014849449895378,6.627191834598278,196508.0,3225.0,52349.0,2556.0,117178.0,54905.0,0.5963014228428359,30.505930638755686,2299872.0,16778.0,330340.0,61922.0,1478618.0,392262.0,0.6429131708199413,7.472060382098467,10679.0,917.0,5407.0,28.0,5004.0,5435.0,0.46858320067422043,3.2585573390059963,275056.0,1656.0,46885.0,1221.0,151955.0,48106.0,0.5524511372229655,6.22588680556897,125845.0,1378.0,40969.0,2285.0,75035.0,43254.0,0.596249354364496,3.575279215808913,3070929.0,127.0,597.0,7458563.0,32250965.0,0.21273031825795644,0.23126635125491593,-17.532467532467532,7475033.75,378.0,648.0,17981865.0,25868835.0,0.5833333333333334,0.6951169235104712,5.586592178770955,18207401.5,586.0,1501.0,24897988.0,56917836.0,0.39040639573617586,0.43743736146258266,4.642857142857149,24271711.5,82.0,231.0,4518756.0,9195576.0,0.354978354978355,0.4914054323513829,-23.364485981308412,4730385.5,57.0,137.0,1643028.0,3900876.0,0.41605839416058393,0.42119462397676827,-6.5573770491803245,1660093.5,96.0,305.0,5273187.0,11465705.0,0.31475409836065577,0.4599095302033325,-3.0303030303030276,5026663.5,1326.0,3419.0,0.38783269961977185
2024-03-08,162969.0,3135.0,41499.0,147.0,32618.0,41646.0,0.20014849449895378,6.627191834598278,196508.0,3225.0,52349.0,2556.0,117178.0,54905.0,0.5963014228428359,30.505930638755686,2299872.0,16778.0,330340.0,61922.0,1478618.0,392262.0,0.6429131708199413,7.472060382098467,10679.0,917.0,5407.0,28.0,5004.0,5435.0,0.46858320067422043,3.2585573390059963,275056.0,1656.0,46885.0,1221.0,151955.0,48106.0,0.5524511372229655,6.22588680556897,125845.0,1378.0,40969.0,2285.0,75035.0,43254.0,0.596249354364496,3.575279215808913,3070929.0,136.0,663.0,8094248.0,38799987.0,0.20512820512820512,0.2086147090719386,7.086614173228356,7730750.5,401.0,678.0,19505729.0,26964789.0,0.5914454277286135,0.7233777723979223,6.084656084656093,19430056.5,554.0,1461.0,24640612.0,59217532.0,0.379192334017796,0.4161033256164745,-5.460750853242324,23540687.0,87.0,241.0,4514061.0,8876430.0,0.36099585062240663,0.5085446513970143,6.0975609756097615,4981318.0,65.0,141.0,1785742.0,4039990.0,0.46099290780141844,0.44201644063475404,14.035087719298245,1720157.25,92.0,269.0,3931395.0,8576351.0,0.3420074349442379,0.4583994988078263,-4.1666666666666625,5091612.0,1335.0,3453.0,0.38662033014769764
2024-03-15,162969.0,3135.0,41499.0,147.0,32618.0,41646.0,0.20014849449895378,6.627191834598278,196508.0,3225.0,52349.0,2556.0,117178.0,54905.0,0.5963014228428359,30.505930638755686,2299872.0,16778.0,330340.0,61922.0,1478618.0,392262.0,0.6429131708199413,7.472060382098467,10679.0,917.0,5407.0,28.0,5004.0,5435.0,0.46858320067422043,3.2585573390059963,275056.0,1656.0,46885.0,1221.0,151955.0,48106.0,0.5524511372229655,6.22588680556897,125845.0,1378.0,40969.0,2285.0,75035.0,43254.0,0.596249354364496,3.575279215808913,3070929.0,142.0,613.0,9063581.0,37080197.0,0.23164763458401305,0.24443184592573766,4.4117647058823595,8574637.25,428.0,731.0,21520563.0,29391431.0,0.585499316005472,0.7322053492393752,6.733167082294256,19598584.0,574.0,1524.0,23192389.0,58339033.0,0.3766404199475066,0.3975449678776815,3.6101083032491044,23209578.0,93.0,228.0,5125458.0,8932869.0,0.40789473684210525,0.5737751219680933,6.896551724137923,5130837.0,66.0,143.0,1768036.0,3971970.0,0.46153846153846156,0.44512823611457286,1.538461538461533,1703382.75,101.0,285.0,4594665.0,10343998.0,0.3543859649122807,0.4441865708017345,9.782608695652172,5003144.75,1404.0,3524.0,0.39841089670828606
2024-03-22,162969.0,3135.0,41499.0,147.0,32618.0,41646.0,0.20014849449895378,6.627191834598278,196508.0,3225.0,52349.0,2556.0,117178.0,54905.0,0.5963014228428359,30.505930638755686,2299872.0,16778.0,330340.0,61922.0,1478618.0,392262.0,0.6429131708199413,7.472060382098467,10679.0,917.0,5407.0,28.0,5004.0,5435.0,0.46858320067422043,3.2585573390059963,275056.0,1656.0,46885.0,1221.0,151955.0,48106.0,0.5524511372229655,6.22588680556897,125845.0,1378.0,40969.0,2285.0,75035.0,43254.0,0.596249354364496,3.575279215808913,3070929.0,121.0,545.0,7819690.0,32613752.0,0.22201834862385322,0.23976664813051868,-14.7887323943662,8109020.5,454.0,778.0,22712724.0,32040078.0,0.583547557840617,0.7088847911044411,6.074766355140193,20430220.25,583.0,1544.0,25277413.0,61797915.0,0.37759067357512954,0.40903342774590373,1.5679442508710784,24502100.5,78.0,214.0,4452755.0,8958471.0,0.3644859813084112,0.4970440826341906,-16.129032258064512,4652757.5,68.0,149.0,2036893.0,4480368.0,0.4563758389261745,0.4546262717705331,3.0303030303030276,1808424.75,101.0,262.0,4430973.0,9810742.0,0.38549618320610685,0.45164504376937037,0.0,4557555.0,1405.0,3492.0,0.402348224513173
2024-03-29,162969.0,3135.0,41499.0,147.0,32618.0,41646.0,0.20014849449895378,6.627191834598278,196508.0,3225.0,52349.0,2556.0,117178.0,54905.0,0.5963014228428359,30.505930638755686,2299872.0,16778.0,330340.0,61922.0,1478618.0,392262.0,0.6429131708199413,7.472060382098467,10679.0,917.0,5407.0,28.0,5004.0,5435.0,0.46858320067422043,3.2585573390059963,275056.0,1656.0,46885.0,1221.0,151955.0,48106.0,0.5524511372229655,6.22588680556897,125845.0,1378.0,40969.0,2285.0,75035.0,43254.0,0.596249354364496,3.575279215808913,3070929.0,121.0,550.0,8040643.0,32961368.0,0.22,0.24394142257687848,0.0,8254540.5,385.0,650.0,18069746.0,25572170.0,0.5923076923076923,0.7066176237683388,-15.19823788546255,20452190.5,586.0,1567.0,25344577.0,59846404.0,0.37396298659859606,0.42349373238866617,0.5145797598627766,24613747.75,97.0,239.0,4882592.0,9189109.0,0.40585774058577406,0.5313455308887945,24.35897435897436,4743716.5,72.0,149.0,2243607.0,4465295.0,0.48322147651006714,0.502454373115326,5.882352941176472,1958569.5,88.0,274.0,3998067.0,9668541.0,0.32116788321167883,0.4135129591941535,-12.871287128712872,4238775.0,1349.0,3429.0,0.39340915718868474
2024-04-05,155365.0,3135.0,43428.0,197.0,34839.0,43625.0,0.22423969362469023,-4.665918058035579,188559.0,3101.0,49802.0,2796.0,113217.0,52598.0,0.6004327557952683,-4.045127933722803,2191024.0,14279.0,339563.0,58795.0,1391181.0,398358.0,0.6349455779580689,-4.732785128911521,9199.0,841.0,5125.0,9.0,3904.0,5134.0,0.4243939558647679,-13.858975559509313,261955.0,1669.0,43725.0,971.0,150555.0,44696.0,0.5747361187990304,-4.763030073875862,122018.0,1380.0,37025.0,1936.0,75485.0,38961.0,0.6186382337032241,-3.0410425523461404,2928120.0,123.0,591.0,8256990.0,36263607.0,0.20812182741116753,0.22769356616952086,1.6528925619834656,8295226.0,433.0,741.0,21659743.0,29907188.0,0.5843454790823212,0.7242320140562865,12.467532467532472,20990694.0,583.0,1588.0,24170513.0,61377239.0,0.36712846347607053,0.39380254625008465,-0.5119453924914641,24496223.0,76.0,208.0,3880645.0,7982774.0,0.36538461538461536,0.4861273787783545,-21.649484536082475,4585362.5,76.0,163.0,2082754.0,4395735.0,0.4662576687116564,0.47381245684737594,5.555555555555558,2032822.5,102.0,285.0,4517739.0,9586267.0,0.35789473684210527,0.47127197688109457,15.909090909090917,4385361.0,1393.0,3576.0,0.3895413870246085
2024-04-12,155365.0,3135.0,43428.0,197.0,34839.0,43625.0,0.22423969362469023,-4.665918058035579,188559.0,3101.0,49802.0,2796.0,113217.0,52598.0,0.6004327557952683,-4.045127933722803,2191024.0,14279.0,339563.0,58795.0,1391181.0,398358.0,0.6349455779580689,-4.732785128911521,9199.0,841.0,5125.0,9.0,3904.0,5134.0,0.4243939558647679,-13.858975559509313,261955.0,1669.0,43725.0,971.0,150555.0,44696.0,0.5747361187990304,-4.763030073875862,122018.0,1380.0,37025.0,1936.0,75485.0,38961.0,0.6186382337032241,-3.0410425523461404,2928120.0,133.0,535.0,9106107.0,32411788.0,0.2485981308411215,0.2809504677742555,8.130081300813007,8305857.5,438.0,752.0,20488058.0,28663313.0,0.5824468085106383,0.714783319011309,1.1547344110854452,20732567.75,564.0,1514.0,26314024.0,60320129.0,0.3725231175693527,0.4362395179890945,-3.2590051457976,25276631.75,91.0,230.0,3807176.0,7735531.0,0.39565217391304347,0.4921673767450483,19.736842105263165,4255792.0,66.0,160.0,1869177.0,4716345.0,0.4125,0.3963189715765068,-13.157894736842103,2058107.75,99.0,281.0,4313796.0,10217888.0,0.35231316725978645,0.42218078726249497,-2.941176470588236,4315143.75,1391.0,3472.0,0.4006336405529954
2024-04-19,155365.0,3135.0,43428.0,197.0,34839.0,43625.0,0.22423969362469023,-4.665918058035579,188559.0,3101.0,49802.0,2796.0,113217.0,52598.0,0.6004327557952683,-4.045127933722803,2191024.0,14279.0,339563.0,58795.0,1391181.0,398358.0,0.6349455779580689,-4.732785128911521,9199.0,841.0,5125.0,9.0,3904.0,5134.0,0.4243939558647679,-13.858975559509313,261955.0,1669.0,43725.0,971.0,150555.0,44696.0,0.5747361187990304,-4.763030073875862,122018.0,1380.0,37025.0,1936.0,75485.0,38961.0,0.6186382337032241,-3.0410425523461404,2928120.0,157.0,718.0,10865046.0,46992784.0,0.21866295264623956,0.2312066890950747,18.045112781954884,9067196.5,416.0,666.0,20583647.0,27220936.0,0.6246246246246246,0.7561696996752794,-5.022831050228316,20200298.5,602.0,1645.0,24069463.0,63794666.0,0.3659574468085106,0.3772958541706293,6.737588652482263,24974644.25,82.0,229.0,4032752.0,8019834.0,0.35807860262008734,0.5028473157923219,-9.890109890109889,4150791.25,71.0,150.0,1716404.0,3848729.0,0.47333333333333333,0.44596644762465737,7.575757575757569,1977985.5,97.0,284.0,4500571.0,9666017.0,0.3415492957746479,0.4656076023867949,-2.020202020202022,4332543.25,1425.0,3692.0,0.3859696641386782
2024-04-26,155365.0,3135.0,43428.0,197.0,34839.0,43625.0,0.22423969362469023,-4.665918058035579,188559.0,3101.0,49802.0,2796.0,113217.0,52598.0,0.6004327557952683,-4.045127933722803,2191024.0,14279.0,339563.0,58795.0,1391181.0,398358.0,0.6349455779580689,-4.732785128911521,9199.0,841.0,5125.0,9.0,3904.0,5134.0,0.4243939558647679,-13.858975559509313,261955.0,1669.0,43725.0,971.0,150555.0,44696.0,0.5747361187990304,-4.763030073875862,122018.0,1380.0,37025.0,1936.0,75485.0,38961.0,0.6186382337032241,-3.0410425523461404,2928120.0,132.0,620.0,8575413.0,35299260.0,0.2129032258064516,0.24293463942303606,-15.923566878980889,9200889.0,416.0,704.0,20744370.0,28939346.0,0.5909090909090909,0.7168223497517877,0.0,20868954.5,521.0,1446.0,21619944.0,56702650.0,0.3603042876901798,0.38128630672464164,-13.455149501661134,24043486.0,84.0,227.0,5127300.0,9426538.0,0.3700440528634361,0.5439218512671354,2.4390243902439046,4211968.25,83.0,166.0,2351600.0,4777002.0,0.5,0.49227528060486475,16.901408450704224,2004983.75,102.0,302.0,4520979.0,9738460.0,0.33774834437086093,0.46423962310262606,5.154639175257736,4463271.25,1338.0,3465.0,0.38614718614718613
2024-05-03,168487.0,3357.0,45911.0,200.0,42539.0,46111.0,0.2524764521891897,8.445917677726644,251050.0,3538.0,53009.0,2922.0,140120.0,55931.0,0.5581358295160327,33.14135098298146,2335373.0,13608.0,359144.0,59531.0,1476034.0,418675.0,0.6320335124196435,6.588198029779679,10045.0,877.0,5610.0,53.0,4339.0,5663.0,0.43195619711299155,9.19665180997935,264232.0,1555.0,54352.0,741.0,152387.0,55093.0,0.5767166732265585,0.8692332652554757,130027.0,1401.0,38703.0,1702.0,83041.0,40405.0,0.6386442815722888,6.563785670966582,3159214.0,130.0,605.0,7540508.0,34766451.0,0.21487603305785125,0.21689035789129008,-1.5151515151515138,9021768.5,411.0,675.0,17716588.0,24886373.0,0.6088888888888889,0.7118991586278964,-1.2019230769230727,19883165.75,604.0,1570.0,23715673.0,57877865.0,0.38471337579617837,0.40975376337741554,15.930902111324375,23929776.0,97.0,231.0,4235824.0,7785336.0,0.4199134199134199,0.5440772241557719,15.476190476190466,4300763.0,71.0,168.0,1982389.0,4975151.0,0.4226190476190476,0.39845805685093777,-14.457831325301207,1979892.5,93.0,248.0,4572796.0,8838778.0,0.375,0.5173561322617222,-8.823529411764708,4477035.5,1406.0,3497.0,0.4020589076351158
2024-05-10,168487.0,3357.0,45911.0,200.0,42539.0,46111.0,0.2524764521891897,8.445917677726644,251050.0,3538.0,53009.0,2922.0,140120.0,55931.0,0.5581358295160327,33.14135098298146,2335373.0,13608.0,359144.0,59531.0,1476034.0,418675.0,0.6320335124196435,6.588198029779679,10045.0,877.0,5610.0,53.0,4339.0,5663.0,0.43195619711299155,9.19665180997935,264232.0,1555.0,54352.0,741.0,152387.0,55093.0,0.5767166732265585,0.8692332652554757,130027.0,1401.0,38703.0,1702.0,83041.0,40405.0,0.6386442815722888,6.563785670966582,3159214.0,153.0,637.0,9267146.0,37847198.0,0.2401883830455259,0.2448568583597655,17.692307692307697,9062028.25,434.0,727.0,22364951.0,29832922.0,0.5969738651994498,0.7496734982915854,5.596107055961075,20352389.0,583.0,1610.0,25822098.0,65694246.0,0.362111801242236,0.3930648355413045,-3.4768211920529812,23806794.5,76.0,222.0,4212567.0,8595776.0,0.34234234234234234,0.49007407824494265,-21.649484536082475,4402110.75,68.0,156.0,1769116.0,4431251.0,0.4358974358974359,0.3992362427675616,-4.225352112676061,1954877.25,111.0,290.0,4671274.0,9276079.0,0.38275862068965516,0.5035828176970032,19.354838709677423,4566405.0,1425.0,3642.0,0.3912685337726524
2024-05-17,168487.0,3357.0,45911.0,200.0,42539.0,46111.0,0.2524764521891897,8.445917677726644,251050.0,3538.0,53009.0,2922.0,140120.0,55931.0,0.5581358295160327,33.14135098298146,2335373.0,13608.0,359144.0,59531.0,1476034.0,418675.0,0.6320335124196435,6.588198029779679,10045.0,877.0,5610.0,53.0,4339.0,5663.0,0.43195619711299155,9.19665180997935,264232.0,1555.0,54352.0,741.0,152387.0,55093.0,0.5767166732265585,0.8692332652554757,130027.0,1401.0,38703.0,1702.0,83041.0,40405.0,0.6386442815722888,6.563785670966582,3159214.0,133.0,643.0,7348578.0,37563874.0,0.20684292379471228,0.19562886405166838,-13.0718954248366,8182911.25,451.0,768.0,19905704.0,28077415.0,0.5872395833333334,0.7089578581219105,3.9170506912442393,20182903.25,615.0,1592.0,23639036.0,60570497.0,0.3863065326633166,0.3902731060635015,5.488850771869647,23699187.75,83.0,217.0,4519332.0,8123374.0,0.3824884792626728,0.5563368127578516,9.210526315789469,4523755.75,74.0,168.0,1992397.0,4593294.0,0.44047619047619047,0.4337621323607851,8.823529411764696,2023875.5,114.0,305.0,5097539.0,10082031.0,0.3737704918032787,0.5056063604644738,2.7027027027026973,4715647.0,1470.0,3693.0,0.3980503655564582
2024-05-24,168487.0,3357.0,45911.0,200.0,42539.0,46111.0,0.2524764521891897,8.445917677726644,251050.0,3538.0,53009.0,2922.0,140120.0,55931.0,0.5581358295160327,33.14135098298146,2335373.0,13608.0,359144.0,59531.0,1476034.0,418675.0,0.6320335124196435,6.588198029779679,10045.0,877.0,5610.0,53.0,4339.0,5663.0,0.43195619711299155,9.19665180997935,264232.0,1555.0,54352.0,741.0,152387.0,55093.0,0.5767166732265585,0.8692332652554757,130027.0,1401.0,38703.0,1702.0,83041.0,40405.0,0.6386442815722888,6.563785670966582,3159214.0,154.0,640.0,8502436.0,36797419.0,0.240625,0.2310606621622022,15.789473684210531,8164667.0,443.0,762.0,21545082.0,30443575.0,0.5813648293963255,0.7077053861118479,-1.7738359201773801,20383081.25,532.0,1506.0,23139434.0,58356561.0,0.35325365205843295,0.39651812244385,-13.495934959349597,24079060.25,91.0,240.0,4928467.0,8735440.0,0.37916666666666665,0.564192187228119,9.63855421686748,4474047.5,80.0,179.0,2157352.0,5063131.0,0.44692737430167595,0.4260904961771678,8.108108108108114,1975313.5,114.0,295.0,5191402.0,10048135.0,0.3864406779661017,0.5166532893915139,0.0,4883252.75,1414.0,3622.0,0.39039204859193816
2024-05-31,168487.0,3357.0,45911.0,200.0,42539.0,46111.0,0.2524764521891897,8.445917677726644,251050.0,3538.0,53009.0,2922.0,140120.0,55931.0,0.5581358295160327,33.14135098298146,2335373.0,13608.0,359144.0,59531.0,1476034.0,418675.0,0.6320335124196435,6.588198029779679,10045.0,877.0,5610.0,53.0,4339.0,5663.0,0.43195619711299155,9.19665180997935,264232.0,1555.0,54352.0,741.0,152387.0,55093.0,0.5767166732265585,0.8692332652554757,130027.0,1401.0,38703.0,1702.0,83041.0,40405.0,0.6386442815722888,6.563785670966582,3159214.0,136.0,640.0,8616127.0,39964848.0,0.2125,0.2155926378101075,-11.688311688311693,8433571.75,440.0,745.0,19864778.0,27665038.0,0.5906040268456376,0.71804629366495,-0.6772009029345383,20920128.75,561.0,1520.0,21865683.0,55502592.0,0.36907894736842106,0.39395787137292615,5.451127819548862,23616562.75,61.0,209.0,3166935.0,7222055.0,0.291866028708134,0.4385088454740375,-32.96703296703297,4206825.25,81.0,178.0,2213412.0,5046857.0,0.4550561797752809,0.43857236295777746,1.2499999999999956,2033069.25,93.0,266.0,3507846.0,8485734.0,0.34962406015037595,0.41338156487111194,-18.42105263157895,4617015.25,1372.0,3558.0,0.3856098931984261
2024-06-07,146987.0,3295.0,40866.0,225.0,39541.0,41091.0,0.269010184574146,-12.760628416435694,233314.0,3122.0,57697.0,3270.0,137202.0,60967.0,0.5880572961759689,-7.064728141804421,2261539.0,15450.0,340086.0,58259.0,1423444.0,398345.0,0.6294138637449984,-3.1615506388058767,9280.0,790.0,5147.0,9.0,4107.0,5156.0,0.4425646551724138,-7.615729218516676,252939.0,1516.0,53866.0,943.0,147014.0,54809.0,0.5812231407572577,-4.273895667443761,121560.0,1313.0,36760.0,1576.0,77588.0,38336.0,0.6382691674893057,-6.511724487990955,3025619.0,178.0,678.0,8550398.0,39127366.0,0.26253687315634217,0.2185273089939149,30.88235294117647,8254384.75,443.0,754.0,21544722.0,30198394.0,0.5875331564986738,0.7134393305816197,0.6818181818181834,20715071.5,587.0,1530.0,24241238.0,61283435.0,0.3836601307189543,0.39555938729609397,4.634581105169344,23221347.75,73.0,220.0,4785936.0,8573089.0,0.33181818181818185,0.5582510574659846,19.672131147540984,4350167.5,84.0,184.0,2172401.0,4711536.0,0.45652173913043476,0.4610812694628673,3.703703703703698,2133890.5,106.0,289.0,5305735.0,10382574.0,0.36678200692041524,0.5110230854121531,13.978494623655923,4775630.5,1471.0,3655.0,0.4024623803009576
2024-06-14,146987.0,3295.0,40866.0,225.0,39541.0,41091.0,0.269010184574146,-12.760628416435694,233314.0,3122.0,57697.0,3270.0,137202.0,60967.0,0.5880572961759689,-7.064728141804421,2261539.0,15450.0,340086.0,58259.0,1423444.0,398345.0,0.6294138637449984,-3.1615506388058767,9280.0,790.0,5147.0,9.0,4107.0,5156.0,0.4425646551724138,-7.615729218516676,252939.0,1516.0,53866.0,943.0,147014.0,54809.0,0.5812231407572577,-4.273895667443761,121560.0,1313.0,36760.0,1576.0,77588.0,38336.0,0.6382691674893057,-6.511724487990955,3025619.0,160.0,673.0,9089606.0,41905469.0,0.237741456166419,0.21690739220696945,-10.1123595505618,8689641.75,446.0,759.0,19450988.0,27138870.0,0.5876152832674572,0.7167206298567331,0.6772009029345272,20601392.5,581.0,1556.0,22625481.0,57318419.0,0.37339331619537275,0.39473316596537666,-1.0221465076660996,22967959.0,86.0,238.0,4225100.0,8222704.0,0.36134453781512604,0.5138334056534201,17.808219178082197,4276609.5,79.0,196.0,2562006.0,5945072.0,0.4030612244897959,0.43094616852411544,-5.952380952380953,2276292.75,105.0,289.0,4156281.0,9537514.0,0.3633217993079585,0.43578242716078847,-0.9433962264150941,4540316.0,1457.0,3711.0,0.3926165454055511
2024-06-21,146987.0,3295.0,40866.0,225.0,39541.0,41091.0,0.269010184574146,-12.760628416435694,233314.0,3122.0,57697.0,3270.0,137202.0,60967.0,0.5880572961759689,-7.064728141804421,2261539.0,15450.0,340086.0,58259.0,1423444.0,398345.0,0.6294138637449984,-3.1615506388058767,9280.0,790.0,5147.0,9.0,4107.0,5156.0,0.4425646551724138,-7.615729218516676,252939.0,1516.0,53866.0,943.0,147014.0,54809.0,0.5812231407572577,-4.273895667443761,121560.0,1313.0,36760.0,1576.0,77588.0,38336.0,0.6382691674893057,-6.511724487990955,3025619.0,158.0,665.0,9369203.0,40687742.0,0.23759398496240602,0.2302709007543353,-1.2499999999999956,8906333.5,417.0,704.0,19233716.0,27173463.0,0.5923295454545454,0.7078124713070248,-6.502242152466364,20023551.0,549.0,1512.0,21996888.0,54336416.0,0.3630952380952381,0.4048277310008816,-5.507745266781416,22682322.5,90.0,216.0,4267460.0,7602618.0,0.4166666666666667,0.5613145366504012,4.651162790697683,4111357.75,74.0,187.0,2127353.0,5618610.0,0.39572192513368987,0.3786262082614739,-6.329113924050633,2268793.0,106.0,257.0,5043803.0,9431397.0,0.41245136186770426,0.5347885366293031,0.952380952380949,4503416.25,1394.0,3541.0,0.3936741033606326
2024-06-28,146987.0,3295.0,40866.0,225.0,39541.0,41091.0,0.269010184574146,-12.760628416435694,233314.0,3122.0,57697.0,3270.0,137202.0,60967.0,0.5880572961759689,-7.064728141804421,2261539.0,15450.0,340086.0,58259.0,1423444.0,398345.0,0.6294138637449984,-3.1615506388058767,9280.0,790.0,5147.0,9.0,4107.0,5156.0,0.4425646551724138,-7.615729218516676,252939.0,1516.0,53866.0,943.0,147014.0,54809.0,0.5812231407572577,-4.273895667443761,121560.0,1313.0,36760.0,1576.0,77588.0,38336.0,0.6382691674893057,-6.511724487990955,3025619.0,146.0,655.0,8966545.0,40647472.0,0.22290076335877862,0.22059293133900185,-7.594936708860756,8993938.0,434.0,731.0,18849490.0,26644437.0,0.5937072503419972,0.7074456105039862,4.076738609112707,19769729.0,586.0,1580.0,24177872.0,60463854.0,0.37088607594936707,0.3998731539673273,6.739526411657559,23260369.75,79.0,200.0,3983208.0,7817670.0,0.395,0.5095134483803998,-12.222222222222223,4315426.0,82.0,183.0,2086131.0,5038081.0,0.44808743169398907,0.41407254071540334,10.81081081081081,2236972.75,101.0,260.0,3743875.0,7838080.0,0.38846153846153847,0.47765205254348003,-4.716981132075471,4562423.5,1428.0,3609.0,0.39567747298420614
2024-07-05,147717.0,3110.0,44649.0,419.0,39897.0,45068.0,0.27009078169743495,0.4966425602264124,243706.0,3067.0,58458.0,2387.0,146203.0,60845.0,0.5999154719210853,4.4540833383337475,2341036.0,14531.0,336157.0,60098.0,1484055.0,396255.0,0.6339308750484828,3.5151726324418986,8742.0,736.0,4498.0,34.0,4146.0,4532.0,0.4742621825669183,-5.797413793103445,260400.0,1529.0,51692.0,958.0,155464.0,52650.0,0.5970199692780338,2.949723055756537,121518.0,1271.0,42911.0,1887.0,71248.0,44798.0,0.5863164304876644,-0.034550839091807006,3123119.0,125.0,637.0,7599887.0,41654285.0,0.19623233908948196,0.18245150528931178,-14.383561643835618,8756310.25,424.0,730.0,17660791.0,26108765.0,0.5808219178082191,0.676431497238571,-2.304147465437789,18798746.25,562.0,1619.0,20984652.0,59996017.0,0.3471278567016677,0.3497674187271465,-4.0955631399317465,22446223.25,74.0,197.0,3706098.0,7177095.0,0.3756345177664975,0.5163785626357182,-6.329113924050633,4045466.5,89.0,188.0,2440664.0,5567666.0,0.4734042553191489,0.43836393921618144,8.536585365853666,2304038.5,90.0,264.0,4833020.0,10058259.0,0.3409090909090909,0.4805026396715376,-10.89108910891089,4444244.75,1364.0,3635.0,0.3752407152682256
2024-07-12,147717.0,3110.0,44649.0,419.0,39897.0,45068.0,0.27009078169743495,0.4966425602264124,243706.0,3067.0,58458.0,2387.0,146203.0,60845.0,0.5999154719210853,4.4540833383337475,2341036.0,14531.0,336157.0,60098.0,1484055.0,396255.0,0.6339308750484828,3.5151726324418986,8742.0,736.0,4498.0,34.0,4146.0,4532.0,0.4742621825669183,-5.797413793103445,260400.0,1529.0,51692.0,958.0,155464.0,52650.0,0.5970199692780338,2.949723055756537,121518.0,1271.0,42911.0,1887.0,71248.0,44798.0,0.5863164304876644,-0.034550839091807006,3123119.0,143.0,599.0,7829143.0,38770084.0,0.2387312186978297,0.201937736322676,14.399999999999991,8441194.5,452.0,759.0,21243143.0,29239294.0,0.5955204216073782,0.7265272205272808,6.60377358490567,19246785.0,561.0,1577.0,24581040.0,62602811.0,0.3557387444514902,0.39265073895803176,-0.1779359430605032,22935113.0,74.0,212.0,4316580.0,8352351.0,0.3490566037735849,0.5168101771585031,0.0,4068336.5,83.0,197.0,2276001.0,5564353.0,0.4213197969543147,0.40903246073712435,-6.741573033707871,2232537.25,96.0,257.0,3897377.0,8151921.0,0.3735408560311284,0.47809307769297565,6.666666666666665,4379518.75,1409.0,3601.0,0.3912801999444599
2024-07-19,147717.0,3110.0,44649.0,419.0,39897.0,45068.0,0.27009078169743495,0.4966425602264124,243706.0,3067.0,58458.0,2387.0,146203.0,60845.0,0.5999154719210853,4.4540833383337475,2341036.0,14531.0,336157.0,60098.0,1484055.0,396255.0,0.6339308750484828,3.5151726324418986,8742.0,736.0,4498.0,34.0,4146.0,4532.0,0.4742621825669183,-5.797413793103445,260400.0,1529.0,51692.0,958.0,155464.0,52650.0,0.5970199692780338,2.949723055756537,121518.0,1271.0,42911.0,1887.0,71248.0,44798.0,0.5863164304876644,-0.034550839091807006,3123119.0,150.0,716.0,8679331.0,42912242.0,0.20949720670391062,0.2022576914065688,4.895104895104896,8268726.5,442.0,734.0,20741107.0,27755187.0,0.6021798365122616,0.7472875970895098,-2.212389380530977,19623632.75,577.0,1601.0,22585981.0,59792319.0,0.3603997501561524,0.377740508776721,2.8520499108734443,23082386.25,86.0,218.0,3549842.0,6816413.0,0.3944954128440367,0.5207785971888734,16.216216216216207,3888932.0,81.0,206.0,1744899.0,5342533.0,0.3932038834951456,0.3266051889618651,-2.409638554216864,2136923.75,89.0,247.0,3619482.0,7915719.0,0.3603238866396761,0.45725246184206386,-7.2916666666666625,4023438.5,1425.0,3722.0,0.3828586781300376
2024-07-26,147717.0,3110.0,44649.0,419.0,39897.0,45068.0,0.27009078169743495,0.4966425602264124,243706.0,3067.0,58458.0,2387.0,146203.0,60845.0,0.5999154719210853,4.4540833383337475,2341036.0,14531.0,336157.0,60098.0,1484055.0,396255.0,0.6339308750484828,3.5151726324418986,8742.0,736.0,4498.0,34.0,4146.0,4532.0,0.4742621825669183,-5.797413793103445,260400.0,1529.0,51692.0,958.0,155464.0,52650.0,0.5970199692780338,2.949723055756537,121518.0,1271.0,42911.0,1887.0,71248.0,44798.0,0.5863164304876644,-0.034550839091807006,3123119.0,149.0,673.0,10056376.0,43468049.0,0.2213967310549777,0.2313509861001583,-0.666666666666671,8541184.25,408.0,687.0,20101445.0,27724140.0,0.5938864628820961,0.725052066538403,-7.692307692307687,19936621.5,539.0,1529.0,22825149.0,56688014.0,0.35251798561151076,0.40264506355788016,-6.5857885615251295,22744205.5,76.0,186.0,3752748.0,7107355.0,0.40860215053763443,0.5280090835479584,-11.627906976744185,3831317.0,92.0,205.0,2191177.0,5939469.0,0.44878048780487806,0.3689179958679808,13.58024691358024,2163185.25,120.0,275.0,4500984.0,8083488.0,0.43636363636363634,0.5568121088322269,34.8314606741573,4212715.75,1384.0,3555.0,0.3893108298171589
2024-08-02,154889.0,3189.0,48810.0,125.0,39341.0,48935.0,0.25399479627346033,4.855229932912253,237570.0,3134.0,63761.0,2803.0,147497.0,66564.0,0.6208570105653071,-2.5177878263153097,2360134.0,14049.0,330147.0,61045.0,1488653.0,391192.0,0.6307493557569189,0.8157926661529258,9409.0,828.0,5357.0,39.0,3966.0,5396.0,0.42151131894994154,7.629832990162444,274160.0,1581.0,60789.0,1391.0,156702.0,62180.0,0.5715713451998833,5.284178187403987,126829.0,1333.0,43472.0,1715.0,75638.0,45187.0,0.5963778000299615,4.370545927352332,3162991.0,139.0,658.0,8202813.0,41063259.0,0.21124620060790272,0.19976039894933814,-6.711409395973156,8691915.75,411.0,701.0,17577046.0,24963411.0,0.5863052781740371,0.7041123506719494,0.7352941176470562,19915685.25,554.0,1549.0,25461254.0,62285020.0,0.3576500968366688,0.408786157570472,2.782931354359919,23863356.0,80.0,212.0,4209439.0,7532105.0,0.37735849056603776,0.5588662133626655,5.263157894736836,3957152.25,77.0,184.0,2021388.0,5014170.0,0.41847826086956524,0.40313511508385236,-16.30434782608695,2058366.25,98.0,285.0,3798430.0,8251655.0,0.34385964912280703,0.46032341390908854,-18.333333333333336,3954068.25,1359.0,3589.0,0.3786570075229869
2024-08-09,154889.0,3189.0,48810.0,125.0,39341.0,48935.0,0.25399479627346033,4.855229932912253,237570.0,3134.0,63761.0,2803.0,147497.0,66564.0,0.6208570105653071,-2.5177878263153097,2360134.0,14049.0,330147.0,61045.0,1488653.0,391192.0,0.6307493557569189,0.8157926661529258,9409.0,828.0,5357.0,39.0,3966.0,5396.0,0.42151131894994154,7.629832990162444,274160.0,1581.0,60789.0,1391.0,156702.0,62180.0,0.5715713451998833,5.284178187403987,126829.0,1333.0,43472.0,1715.0,75638.0,45187.0,0.5963778000299615,4.370545927352332,3162991.0,107.0,578.0,6620434.0,35777989.0,0.185121107266436,0.18504209389745185,-23.021582733812952,8389738.5,421.0,694.0,19274563.0,26651931.0,0.6066282420749279,0.7231957414267657,2.4330900243308973,19423540.25,561.0,1608.0,21982177.0,61923444.0,0.34888059701492535,0.3549895739003147,1.2635379061371799,23213640.25,70.0,197.0,3236031.0,6796947.0,0.3553299492385787,0.4761006669612107,-12.5,3687015.0,74.0,193.0,1646429.0,5464780.0,0.38341968911917096,0.30128001493198264,-3.8961038961038974,1900973.25,104.0,279.0,4284095.0,9844729.0,0.3727598566308244,0.4351663717711275,6.1224489795918435,4050747.75,1337.0,3549.0,0.3767258382642998
2024-08-16,154889.0,3189.0,48810.0,125.0,39341.0,48935.0,0.25399479627346033,4.855229932912253,237570.0,3134.0,63761.0,2803.0,147497.0,66564.0,0.6208570105653071,-2.5177878263153097,2360134.0,14049.0,330147.0,61045.0,1488653.0,391192.0,0.6307493557569189,0.8157926661529258,9409.0,828.0,5357.0,39.0,3966.0,5396.0,0.42151131894994154,7.629832990162444,274160.0,1581.0,60789.0,1391.0,156702.0,62180.0,0.5715713451998833,5.284178187403987,126829.0,1333.0,43472.0,1715.0,75638.0,45187.0,0.5963778000299615,4.370545927352332,3162991.0,123.0,618.0,8088004.0,40507404.0,0.19902912621359223,0.19966730032860167,14.953271028037385,8241906.75,397.0,674.0,19452128.0,27186967.0,0.5890207715133531,0.715494597098676,-5.700712589073631,19101295.5,539.0,1551.0,22109610.0,55741270.0,0.3475177304964539,0.3966470444609533,-3.9215686274509776,23094547.5,82.0,222.0,3285104.0,7218337.0,0.36936936936936937,0.45510537953548025,17.14285714285715,3620830.5,92.0,210.0,2819864.0,6566810.0,0.4380952380952381,0.42941154076332344,24.32432432432432,2169714.5,110.0,284.0,3834998.0,8625120.0,0.3873239436619718,0.444631263101267,5.769230769230771,4104626.75,1343.0,3559.0,0.37735318909806126
2024-08-23,154889.0,3189.0,48810.0,125.0,39341.0,48935.0,0.25399479627346033,4.855229932912253,237570.0,3134.0,63761.0,2803.0,147497.0,66564.0,0.6208570105653071,-2.5177878263153097,2360134.0,14049.0,330147.0,61045.0,1488653.0,391192.0,0.6307493557569189,0.8157926661529258,9409.0,828.0,5357.0,39.0,3966.0,5396.0,0.42151131894994154,7.629832990162444,274160.0,1581.0,60789.0,1391.0,156702.0,62180.0,0.5715713451998833,5.284178187403987,126829.0,1333.0,43472.0,1715.0,75638.0,45187.0,0.5963778000299615,4.370545927352332,3162991.0,152.0,738.0,8629906.0,41389860.0,0.20596205962059622,0.20850290385132977,23.57723577235773,7885289.25,347.0,624.0,19023274.0,25923283.0,0.5560897435897436,0.7338296619297795,-12.594458438287148,18831752.75,556.0,1551.0,22907142.0,57761808.0,0.3584784010315925,0.39657937992522674,3.153988868274582,23115045.75,71.0,208.0,2630080.0,6262786.0,0.34134615384615385,0.41995367556866864,-13.414634146341465,3340163.5,76.0,203.0,1793070.0,5937189.0,0.37438423645320196,0.3020065556275874,-17.391304347826086,2070187.75,114.0,278.0,4917291.0,9102031.0,0.41007194244604317,0.5402410736680637,3.6363636363636376,4208703.5,1316.0,3602.0,0.36535258189894504
2024-08-30,154889.0,3189.0,48810.0,125.0,39341.0,48935.0,0.25399479627346033,4.855229932912253,237570.0,3134.0,63761.0,2803.0,147497.0,66564.0,0.6208570105653071,-2.5177878263153097,2360134.0,14049.0,330147.0,61045.0,1488653.0,391192.0,0.6307493557569189,0.8157926661529258,9409.0,828.0,5357.0,39.0,3966.0,5396.0,0.42151131894994154,7.629832990162444,274160.0,1581.0,60789.0,1391.0,156702.0,62180.0,0.5715713451998833,5.284178187403987,126829.0,1333.0,43472.0,1715.0,75638.0,45187.0,0.5963778000299615,4.370545927352332,3162991.0,97.0,502.0,5748938.0,31844581.0,0.19322709163346613,0.1805311239610909,-36.18421052631579,7271820.5,483.0,800.0,20175040.0,28729192.0,0.60375,0.7022487788727229,39.19308357348703,19481251.25,557.0,1547.0,25197260.0,60051090.0,0.36005171299288946,0.4195970464482826,0.17985611510791255,23049047.25,78.0,227.0,3983643.0,7982741.0,0.3436123348017621,0.49903197410513506,9.859154929577475,3283714.5,98.0,221.0,2858454.0,6554951.0,0.4434389140271493,0.43607557096918037,28.947368421052634,2279454.25,92.0,275.0,3092512.0,8141901.0,0.33454545454545453,0.37982677509834617,-19.298245614035093,4032224.0,1405.0,3572.0,0.39333706606942886
2024-09-06,148886.0,2984.0,43848.0,186.0,35332.0,44034.0,0.2373090821165187,-3.8756787118517155,234194.0,3134.0,61220.0,2228.0,145641.0,63448.0,0.6218818586300247,-1.4210548469924644,2299716.0,13293.0,308197.0,57350.0,1456324.0,365547.0,0.6332625419834449,-2.5599393932717374,10056.0,789.0,4908.0,9.0,5041.0,4917.0,0.5012927605409706,6.87639494101393,273668.0,1601.0,60074.0,1350.0,160441.0,61424.0,0.5862614554862096,-0.179457251240156,124441.0,1290.0,40911.0,1480.0,74977.0,42391.0,0.6025104266278799,-1.882850136798364,3090961.0,146.0,766.0,6565999.0,44557313.0,0.1906005221932115,0.14736074861605772,50.51546391752577,7258211.75,442.0,740.0,20011053.0,27478719.0,0.5972972972972973,0.7282382049905601,-8.488612836438925,19665373.75,549.0,1587.0,21621945.0,56238604.0,0.34593572778827975,0.38446802484642045,-1.4362657091561926,22958989.25,67.0,211.0,3407409.0,7320429.0,0.3175355450236967,0.46546575344149915,-14.102564102564108,3326559.0,89.0,209.0,2337030.0,6502461.0,0.4258373205741627,0.35940699990357494,-9.183673469387754,2452104.5,105.0,266.0,4035861.0,8240463.0,0.39473684210526316,0.4897614369483851,14.130434782608692,3970165.5,1398.0,3779.0,0.3699391373379201
2024-09-13,148886.0,2984.0,43848.0,186.0,35332.0,44034.0,0.2373090821165187,-3.8756787118517155,234194.0,3134.0,61220.0,2228.0,145641.0,63448.0,0.6218818586300247,-1.4210548469924644,2299716.0,13293.0,308197.0,57350.0,1456324.0,365547.0,0.6332625419834449,-2.5599393932717374,10056.0,789.0,4908.0,9.0,5041.0,4917.0,0.5012927605409706,6.87639494101393,273668.0,1601.0,60074.0,1350.0,160441.0,61424.0,0.5862614554862096,-0.179457251240156,124441.0,1290.0,40911.0,1480.0,74977.0,42391.0,0.6025104266278799,-1.882850136798364,3090961.0,117.0,592.0,7677881.0,36152512.0,0.19763513513513514,0.2123747583570403,-19.863013698630137,7155681.0,436.0,752.0,17092858.0,26736651.0,0.5797872340425532,0.6393043766027391,-1.3574660633484115,19075556.25,546.0,1489.0,25886180.0,59818980.0,0.3666890530557421,0.43274191569297904,-0.5464480874316946,23903131.75,69.0,222.0,3389767.0,6622053.0,0.3108108108108108,0.5118906478096747,2.9850746268656803,3352724.75,93.0,218.0,2020796.0,5693369.0,0.42660550458715596,0.3549385258534973,4.494382022471921,2252337.5,84.0,226.0,4092750.0,7808192.0,0.37168141592920356,0.5241610349745498,-19.999999999999996,4034603.5,1345.0,3499.0,0.3843955415833095
2024-09-20,148886.0,2984.0,43848.0,186.0,35332.0,44034.0,0.2373090821165187,-3.8756787118517155,234194.0,3134.0,61220.0,2228.0,145641.0,63448.0,0.6218818586300247,-1.4210548469924644,2299716.0,13293.0,308197.0,57350.0,1456324.0,365547.0,0.6332625419834449,-2.5599393932717374,10056.0,789.0,4908.0,9.0,5041.0,4917.0,0.5012927605409706,6.87639494101393,273668.0,1601.0,60074.0,1350.0,160441.0,61424.0,0.5862614554862096,-0.179457251240156,124441.0,1290.0,40911.0,1480.0,74977.0,42391.0,0.6025104266278799,-1.882850136798364,3090961.0,122.0,622.0,7891689.0,42073074.0,0.19614147909967847,0.18757101038065344,4.2735042735042805,6971126.75,432.0,757.0,19940434.0,27648118.0,0.570673712021136,0.7212221099461453,-0.917431192660545,19304846.25,573.0,1568.0,25403888.0,61475345.0,0.36543367346938777,0.4132370139606374,4.94505494505495,24527318.25,77.0,208.0,3813482.0,6542706.0,0.3701923076923077,0.5828600582083315,11.594202898550732,3648575.25,70.0,192.0,1800182.0,5416756.0,0.3645833333333333,0.3323358113232348,-24.731182795698924,2254115.5,119.0,299.0,4202530.0,9316374.0,0.3979933110367893,0.4510907355157704,41.66666666666667,3855913.25,1393.0,3646.0,0.382062534284147
2024-09-27,148886.0,2984.0,43848.0,186.0,35332.0,44034.0,0.2373090821165187,-3.8756787118517155,234194.0,3134.0,61220.0,2228.0,145641.0,63448.0,0.6218818586300247,-1.4210548469924644,2299716.0,13293.0,308197.0,57350.0,1456324.0,365547.0,0.6332625419834449,-2.5599393932717374,10056.0,789.0,4908.0,9.0,5041.0,4917.0,0.5012927605409706,6.87639494101393,273668.0,1601.0,60074.0,1350.0,160441.0,61424.0,0.5862614554862096,-0.179457251240156,124441.0,1290.0,40911.0,1480.0,74977.0,42391.0,0.6025104266278799,-1.882850136798364,3090961.0,146.0,642.0,9921348.0,40791374.0,0.22741433021806853,0.2432217164344599,19.672131147540984,8014229.25,434.0,771.0,20590742.0,29365067.0,0.562905317769131,0.7011985363425188,0.4629629629629539,19408771.75,555.0,1532.0,19800391.0,54879424.0,0.3622715404699739,0.36079808344927233,-3.141361256544506,23178101.0,82.0,220.0,3918170.0,8418550.0,0.37272727272727274,0.4654210048048654,6.493506493506485,3632207.0,83.0,214.0,2106602.0,5812078.0,0.3878504672897196,0.36245246536608766,18.571428571428573,2066152.5,116.0,272.0,4486467.0,8836751.0,0.4264705882352941,0.5077054904002614,-2.5210084033613467,4204402.0,1416.0,3651.0,0.38783894823336074
2024-10-04,165777.0,3224.0,40158.0,283.0,38738.0,40441.0,0.23367535906669804,11.344921617882143,233494.0,3303.0,56924.0,2481.0,148234.0,59405.0,0.6348514308718853,-0.29889749523899223,2426316.0,15044.0,332373.0,62093.0,1540772.0,394466.0,0.635025281125789,5.505027577318233,9997.0,838.0,5690.0,29.0,4164.0,5719.0,0.41652495748724616,-0.5867143993635637,279191.0,1626.0,61712.0,929.0,160804.0,62641.0,0.5759641249180668,2.0181387666807993,127597.0,1379.0,38516.0,1547.0,77718.0,40063.0,0.6090895553970704,2.5361416253485647,3242372.0,133.0,569.0,9741802.0,37389898.0,0.23374340949033393,0.2605463646892003,-8.904109589041099,8808180.0,411.0,722.0,18322873.0,26643952.0,0.5692520775623269,0.6876935148359372,-5.299539170506917,18986726.75,567.0,1544.0,26169635.0,59770768.0,0.36722797927461137,0.4378333402040275,2.1621621621621623,24315023.5,69.0,197.0,3594167.0,7466252.0,0.350253807106599,0.48138838603358153,-15.85365853658537,3678896.5,97.0,201.0,2375190.0,5947517.0,0.48258706467661694,0.3993582532004532,16.867469879518083,2075692.5,102.0,256.0,4159720.0,8994655.0,0.3984375,0.46246576439007386,-12.06896551724138,4235366.75,1379.0,3489.0,0.3952421897391803
2024-10-11,165777.0,3224.0,40158.0,283.0,38738.0,40441.0,0.23367535906669804,11.344921617882143,233494.0,3303.0,56924.0,2481.0,148234.0,59405.0,0.6348514308718853,-0.29889749523899223,2426316.0,15044.0,332373.0,62093.0,1540772.0,394466.0,0.635025281125789,5.505027577318233,9997.0,838.0,5690.0,29.0,4164.0,5719.0,0.41652495748724616,-0.5867143993635637,279191.0,1626.0,61712.0,929.0,160804.0,62641.0,0.5759641249180668,2.0181387666807993,127597.0,1379.0,38516.0,1547.0,77718.0,40063.0,0.6090895553970704,2.5361416253485647,3242372.0,141.0,624.0,9561967.0,40884986.0,0.22596153846153846,0.23387477740606294,6.015037593984962,9279201.5,426.0,735.0,20520964.0,28110696.0,0.5795918367346938,0.730005546643171,3.649635036496357,19843753.25,572.0,1552.0,22266662.0,58187526.0,0.36855670103092786,0.38267071193231345,0.8818342151675429,23410144.0,67.0,223.0,2721881.0,7149357.0,0.3004484304932735,0.3807168952396698,-2.898550724637683,3511925.0,73.0,189.0,2058841.0,5661402.0,0.3862433862433862,0.36366274643630675,-24.742268041237114,2085203.75,95.0,255.0,4216825.0,8383985.0,0.37254901960784315,0.5029618969976688,-6.8627450980392135,4266385.5,1374.0,3578.0,0.3840134153158189
2024-10-18,165777.0,3224.0,40158.0,283.0,38738.0,40441.0,0.23367535906669804,11.344921617882143,233494.0,3303.0,56924.0,2481.0,148234.0,59405.0,0.6348514308718853,-0.29889749523899223,2426316.0,15044.0,332373.0,62093.0,1540772.0,394466.0,0.635025281125789,5.505027577318233,9997.0,838.0,5690.0,29.0,4164.0,5719.0,0.41652495748724616,-0.5867143993635637,279191.0,1626.0,61712.0,929.0,160804.0,62641.0,0.5759641249180668,2.0181387666807993,127597.0,1379.0,38516.0,1547.0,77718.0,40063.0,0.6090895553970704,2.5361416253485647,3242372.0,142.0,592.0,9201616.0,37745477.0,0.23986486486486486,0.24378062568927134,0.7092198581560183,9606683.25,437.0,737.0,19705526.0,26335951.0,0.592944369063772,0.748236735404011,2.5821596244131495,19785026.25,579.0,1678.0,25263509.0,63931777.0,0.34505363528009536,0.39516356631225813,1.2237762237762295,23375049.25,76.0,222.0,3160206.0,6542962.0,0.34234234234234234,0.48299317648490087,13.432835820895516,3348606.0,77.0,193.0,1993638.0,5855736.0,0.39896373056994816,0.3404589961022833,5.47945205479452,2133567.75,99.0,263.0,3385478.0,7696927.0,0.376425855513308,0.4398480068733925,4.210526315789465,4062122.5,1410.0,3685.0,0.38263229308005425
2024-10-25,165777.0,3224.0,40158.0,283.0,38738.0,40441.0,0.23367535906669804,11.344921617882143,233494.0,3303.0,56924.0,2481.0,148234.0,59405.0,0.6348514308718853,-0.29889749523899223,2426316.0,15044.0,332373.0,62093.0,1540772.0,394466.0,0.635025281125789,5.505027577318233,9997.0,838.0,5690.0,29.0,4164.0,5719.0,0.41652495748724616,-0.5867143993635637,279191.0,1626.0,61712.0,929.0,160804.0,62641.0,0.5759641249180668,2.0181387666807993,127597.0,1379.0,38516.0,1547.0,77718.0,40063.0,0.6090895553970704,2.5361416253485647,3242372.0,149.0,615.0,8347217.0,38619876.0,0.24227642276422764,0.21613785088279414,4.929577464788726,9213150.5,367.0,676.0,16891231.0,25357661.0,0.5428994082840237,0.666119442167793,-16.01830663615561,18860148.5,607.0,1641.0,28364007.0,63662175.0,0.36989640463132234,0.44553939603854253,4.835924006908465,25515953.25,79.0,218.0,3870747.0,7475482.0,0.3623853211009174,0.5177922975401452,3.9473684210526327,3336750.25,87.0,213.0,2231085.0,6094049.0,0.4084507042253521,0.36610880549204644,12.987012987012992,2164688.5,95.0,260.0,3588640.0,7692961.0,0.36538461538461536,0.466483581549419,-4.040404040404044,3837665.75,1384.0,3623.0,0.38200386420093846
2024-11-01,173690.0,3137.0,40742.0,341.0,39115.0,41083.0,0.22520006908860613,4.773279767398364,224625.0,3363.0,53025.0,1392.0,143380.0,54417.0,0.6383082915971063,-3.7983845409303885,2412286.0,14291.0,324684.0,59935.0,1526161.0,384619.0,0.6326617158993585,-0.5782428999355438,11626.0,861.0,5547.0,10.0,5948.0,5557.0,0.5116119043523137,16.29488846653997,284681.0,1728.0,61468.0,769.0,167614.0,62237.0,0.5887783167826445,1.96639576490647,129101.0,1321.0,39747.0,2067.0,79893.0,41814.0,0.6188410624239936,1.1787110982233173,3236009.0,127.0,600.0,8657572.0,35622382.0,0.21166666666666667,0.2430374251783612,-14.76510067114094,8942093.0,356.0,655.0,14774443.0,22043218.0,0.5435114503816794,0.6702489173767642,-2.997275204359673,17973041.0,536.0,1479.0,23696189.0,59864681.0,0.36240703177822853,0.3958292035332152,-11.696869851729819,24897591.75,69.0,229.0,2877555.0,7209316.0,0.30131004366812225,0.39914396872047225,-12.658227848101266,3157597.25,76.0,219.0,2024954.0,6973053.0,0.3470319634703196,0.2903970470323401,-12.643678160919535,2077129.5,105.0,269.0,3846906.0,8842643.0,0.3903345724907063,0.4350402928174303,10.526315789473696,3759462.25,1269.0,3451.0,0.36771950159374095
2024-11-08,173690.0,3137.0,40742.0,341.0,39115.0,41083.0,0.22520006908860613,4.773279767398364,224625.0,3363.0,53025.0,1392.0,143380.0,54417.0,0.6383082915971063,-3.7983845409303885,2412286.0,14291.0,324684.0,59935.0,1526161.0,384619.0,0.6326617158993585,-0.5782428999355438,11626.0,861.0,5547.0,10.0,5948.0,5557.0,0.5116119043523137,16.29488846653997,284681.0,1728.0,61468.0,769.0,167614.0,62237.0,0.5887783167826445,1.96639576490647,129101.0,1321.0,39747.0,2067.0,79893.0,41814.0,0.6188410624239936,1.1787110982233173,3236009.0,106.0,575.0,6012401.0,34753004.0,0.18434782608695652,0.1730037783208611,-16.535433070866144,8054701.5,430.0,744.0,20960769.0,29091906.0,0.5779569892473119,0.7205017436808713,20.78651685393258,18082992.25,540.0,1430.0,23888755.0,55120581.0,0.3776223776223776,0.433390841798275,0.746268656716409,25303115.0,92.0,247.0,3492046.0,7324162.0,0.3724696356275304,0.47678437478581165,33.33333333333333,3350138.5,103.0,220.0,2495971.0,6260373.0,0.4681818181818182,0.39869365611282265,35.52631578947369,2186412.0,99.0,252.0,3960157.0,8548710.0,0.39285714285714285,0.4632461505888023,-5.714285714285716,3695295.25,1370.0,3468.0,0.395040369088812
2024-11-15,173690.0,3137.0,40742.0,341.0,39115.0,41083.0,0.22520006908860613,4.773279767398364,224625.0,3363.0,53025.0,1392.0,143380.0,54417.0,0.6383082915971063,-3.7983845409303885,2412286.0,14291.0,324684.0,59935.0,1526161.0,384619.0,0.6326617158993585,-0.5782428999355438,11626.0,861.0,5547.0,10.0,5948.0,5557.0,0.5116119043523137,16.29488846653997,284681.0,1728.0,61468.0,769.0,167614.0,62237.0,0.5887783167826445,1.96639576490647,129101.0,1321.0,39747.0,2067.0,79893.0,41814.0,0.6188410624239936,1.1787110982233173,3236009.0,119.0,619.0,6691110.0,35583375.0,0.19224555735056542,0.18804034187313598,12.264150943396235,7427075.0,379.0,667.0,18254643.0,24970304.0,0.568215892053973,0.7310540952965571,-11.860465116279073,17720271.5,559.0,1568.0,19281109.0,55248553.0,0.3565051020408163,0.34898848844059316,3.518518518518521,23807515.0,78.0,221.0,3999726.0,7800799.0,0.35294117647058826,0.5127328623644835,-15.217391304347828,3560018.5,95.0,232.0,2325051.0,6547547.0,0.40948275862068967,0.355102605601762,-7.7669902912621325,2269265.25,103.0,260.0,3941935.0,8038427.0,0.39615384615384613,0.49038636539213454,4.040404040404044,3834409.5,1333.0,3567.0,0.37370339220633586
2024-11-22,173690.0,3137.0,40742.0,341.0,39115.0,41083.0,0.22520006908860613,4.773279767398364,224625.0,3363.0,53025.0,1392.0,143380.0,54417.0,0.6383082915971063,-3.7983845409303885,2412286.0,14291.0,324684.0,59935.0,1526161.0,384619.0,0.6326617158993585,-0.5782428999355438,11626.0,861.0,5547.0,10.0,5948.0,5557.0,0.5116119043523137,16.29488846653997,284681.0,1728.0,61468.0,769.0,167614.0,62237.0,0.5887783167826445,1.96639576490647,129101.0,1321.0,39747.0,2067.0,79893.0,41814.0,0.6188410624239936,1.1787110982233173,3236009.0,133.0,598.0,8158509.0,37293327.0,0.22240802675585283,0.2187659202409053,11.764705882352944,7379898.0,370.0,672.0,18890288.0,26741293.0,0.5505952380952381,0.7064089234578148,-2.37467018469657,18220035.75,600.0,1606.0,27681099.0,62321237.0,0.37359900373599003,0.4441679968579571,7.3345259391770945,23636788.0,79.0,218.0,3217305.0,6626031.0,0.3623853211009174,0.485555379985394,1.2820512820512775,3396658.0,80.0,202.0,2156485.0,6199645.0,0.39603960396039606,0.34784007793994653,-15.789473684210531,2250615.25,83.0,232.0,2989599.0,6859404.0,0.3577586206896552,0.43583946943495383,-19.417475728155342,3684649.25,1345.0,3528.0,0.3812358276643991
2024-11-29,173690.0,3137.0,40742.0,341.0,39115.0,41083.0,0.22520006908860613,4.773279767398364,224625.0,3363.0,53025.0,1392.0,143380.0,54417.0,0.6383082915971063,-3.7983845409303885,2412286.0,14291.0,324684.0,59935.0,1526161.0,384619.0,0.6326617158993585,-0.5782428999355438,11626.0,861.0,5547.0,10.0,5948.0,5557.0,0.5116119043523137,16.29488846653997,284681.0,1728.0,61468.0,769.0,167614.0,62237.0,0.5887783167826445,1.96639576490647,129101.0,1321.0,39747.0,2067.0,79893.0,41814.0,0.6188410624239936,1.1787110982233173,3236009.0,108.0,544.0,6732763.0,32571253.0,0.19852941176470587,0.20670875019760523,-18.796992481203013,6898695.75,344.0,586.0,15513242.0,22029555.0,0.5870307167235495,0.7042013331635614,-7.027027027027022,18404735.5,559.0,1535.0,23746113.0,57124670.0,0.36416938110749186,0.4156892810059122,-6.833333333333336,23649269.0,75.0,239.0,3370688.0,7325502.0,0.3138075313807531,0.46013065043187484,-5.063291139240511,3519941.25,77.0,198.0,1697508.0,5504229.0,0.3888888888888889,0.3084006860906405,-3.749999999999998,2168753.75,92.0,259.0,3817861.0,7856053.0,0.3552123552123552,0.4859769912448401,10.843373493975905,3677388.0,1255.0,3361.0,0.37340077357929186
2024-12-06,171926.0,3208.0,40403.0,270.0,38071.0,40673.0,0.22143829321917569,-1.01560251021936,235013.0,3435.0,57158.0,1502.0,147490.0,58660.0,0.6275823039576534,4.624596549805227,2471476.0,15998.0,347499.0,60805.0,1585192.0,408304.0,0.6413948587807448,2.4536891562609187,11983.0,857.0,5792.0,28.0,6081.0,5820.0,0.5074689142952516,3.0707035953896344,303418.0,1861.0,60595.0,845.0,174047.0,61440.0,0.5736212090251732,6.581752909396843,140706.0,1367.0,44785.0,2341.0,85706.0,47126.0,0.6091140392023083,8.989086064399189,3334522.0,126.0,585.0,8839540.0,38625907.0,0.2153846153846154,0.228850030628407,16.666666666666675,7605480.5,313.0,571.0,15105651.0,21597854.0,0.5481611208406305,0.6994051816444355,-9.011627906976749,16940956.0,551.0,1534.0,24638392.0,58244138.0,0.35919165580182527,0.42301925731993834,-1.4311270125223596,23836678.25,83.0,210.0,3657208.0,6280759.0,0.3952380952380952,0.5822875865799022,10.666666666666668,3561231.75,99.0,219.0,2514714.0,6156577.0,0.4520547945205479,0.4084597658731467,28.57142857142858,2173439.5,89.0,240.0,3594377.0,7730745.0,0.37083333333333335,0.46494574584985016,-3.2608695652173947,3585943.0,1261.0,3359.0,0.3754093480202441
2024-12-13,171926.0,3208.0,40403.0,270.0,38071.0,40673.0,0.22143829321917569,-1.01560251021936,235013.0,3435.0,57158.0,1502.0,147490.0,58660.0,0.6275823039576534,4.624596549805227,2471476.0,15998.0,347499.0,60805.0,1585192.0,408304.0,0.6413948587807448,2.4536891562609187,11983.0,857.0,5792.0,28.0,6081.0,5820.0,0.5074689142952516,3.0707035953896344,303418.0,1861.0,60595.0,845.0,174047.0,61440.0,0.5736212090251732,6.581752909396843,140706.0,1367.0,44785.0,2341.0,85706.0,47126.0,0.6091140392023083,8.989086064399189,3334522.0,123.0,535.0,7149419.0,34383508.0,0.22990654205607478,0.2079316339682385,-2.3809523809523836,7720057.75,360.0,632.0,19216354.0,26599787.0,0.569620253164557,0.7224251081409035,15.015974440894574,17181383.75,575.0,1586.0,25626437.0,61584494.0,0.362547288776797,0.41611833329344233,4.355716878402904,25423010.25,75.0,239.0,3766450.0,7937633.0,0.3138075313807531,0.474505435058537,-9.638554216867467,3502912.75,85.0,207.0,2042762.0,5782617.0,0.4106280193236715,0.35325908667304096,-14.141414141414144,2102867.25,92.0,250.0,3884025.0,8532629.0,0.368,0.45519675120059716,3.370786516853941,3571465.5,1310.0,3449.0,0.3798202377500725
2024-12-20,171926.0,3208.0,40403.0,270.0,38071.0,40673.0,0.22143829321917569,-1.01560251021936,235013.0,3435.0,57158.0,1502.0,147490.0,58660.0,0.6275823039576534,4.624596549805227,2471476.0,15998.0,347499.0,60805.0,1585192.0,408304.0,0.6413948587807448,2.4536891562609187,11983.0,857.0,5792.0,28.0,6081.0,5820.0,0.5074689142952516,3.0707035953896344,303418.0,1861.0,60595.0,845.0,174047.0,61440.0,0.5736212090251732,6.581752909396843,140706.0,1367.0,44785.0,2341.0,85706.0,47126.0,0.6091140392023083,8.989086064399189,3334522.0,116.0,573.0,7213324.0,34332876.0,0.2024432809773124,0.21009961414243306,-5.691056910569103,7483761.5,347.0,591.0,16130754.0,22270736.0,0.5871404399323181,0.7243026903107288,-3.6111111111111094,16491500.25,558.0,1559.0,22916906.0,59651429.0,0.35792174470814625,0.3841803353948151,-2.9565217391304355,24231962.0,67.0,216.0,3157031.0,7876194.0,0.3101851851851852,0.40083205162290314,-10.666666666666668,3487844.25,96.0,221.0,2579809.0,6969636.0,0.4343891402714932,0.37014974670126244,12.941176470588234,2208698.25,93.0,270.0,4147935.0,8588477.0,0.34444444444444444,0.48296514038519284,1.0869565217391353,3861049.5,1277.0,3430.0,0.3723032069970845
2024-12-27,171926.0,3208.0,40403.0,270.0,38071.0,40673.0,0.22143829321917569,-1.01560251021936,235013.0,3435.0,57158.0,1502.0,147490.0,58660.0,0.6275823039576534,4.624596549805227,2471476.0,15998.0,347499.0,60805.0,1585192.0,408304.0,0.6413948587807448,2.4536891562609187,11983.0,857.0,5792.0,28.0,6081.0,5820.0,0.5074689142952516,3.0707035953896344,303418.0,1861.0,60595.0,845.0,174047.0,61440.0,0.5736212090251732,6.581752909396843,140706.0,1367.0,44785.0,2341.0,85706.0,47126.0,0.6091140392023083,8.989086064399189,3334522.0,122.0,592.0,8854981.0,36902020.0,0.20608108108108109,0.23995924884328826,5.1724137931034475,8014316.0,274.0,516.0,13828993.0,20646207.0,0.5310077519379846,0.669807921619695,-21.037463976945247,16070438.0,569.0,1586.0,22725090.0,58454752.0,0.3587641866330391,0.38876377407263657,1.9713261648745428,23976706.25,83.0,209.0,3786839.0,6722095.0,0.39712918660287083,0.5633420830857047,23.880597014925375,3591882.0,93.0,213.0,2212469.0,6028841.0,0.43661971830985913,0.36698081770608976,-3.125,2337438.5,98.0,256.0,4614423.0,9856299.0,0.3828125,0.46816994898389347,5.376344086021501,4060190.0,1239.0,3372.0,0.36743772241992884
2025-01-03,166997.0,3256.0,45552.0,111.0,37459.0,45663.0,0.22430941873207302,-2.866931121529026,242530.0,3475.0,58320.0,1953.0,157756.0,60273.0,0.65045973693976,3.198546463387131,2449893.0,13253.0,348106.0,61845.0,1578237.0,409951.0,0.6442065020798867,-0.8732838190619652,12391.0,881.0,5665.0,17.0,6666.0,5682.0,0.5379711080623033,3.404823499958276,314830.0,1920.0,59740.0,820.0,177156.0,60560.0,0.5627036813518407,3.761147987265101,138796.0,1377.0,43740.0,2238.0,83396.0,45978.0,0.6008530505201879,-1.3574403365883447,3325437.0,107.0,546.0,5373360.0,34370618.0,0.19597069597069597,0.15633585639920702,-12.295081967213118,7147771.0,283.0,518.0,12991977.0,18827791.0,0.5463320463320464,0.6900425546470109,3.2846715328467058,15542019.5,583.0,1672.0,25443472.0,64762317.0,0.34868421052631576,0.3928746403560577,2.4604569420035194,24177976.25,79.0,244.0,3228356.0,7294261.0,0.3237704918032787,0.4425884952567505,-4.81927710843374,3484669.0,83.0,211.0,2070111.0,5946786.0,0.3933649289099526,0.34810585079066236,-10.752688172043012,2226287.75,83.0,233.0,2980196.0,7158419.0,0.3562231759656652,0.41632041935516767,-15.306122448979586,3906644.75,1218.0,3424.0,0.3557242990654206
2025-01-10,166997.0,3256.0,45552.0,111.0,37459.0,45663.0,0.22430941873207302,-2.866931121529026,242530.0,3475.0,58320.0,1953.0,157756.0,60273.0,0.65045973693976,3.198546463387131,2449893.0,13253.0,348106.0,61845.0,1578237.0,409951.0,0.6442065020798867,-0.8732838190619652,12391.0,881.0,5665.0,17.0,6666.0,5682.0,0.5379711080623033,3.404823499958276,314830.0,1920.0,59740.0,820.0,177156.0,60560.0,0.5627036813518407,3.761147987265101,138796.0,1377.0,43740.0,2238.0,83396.0,45978.0,0.6008530505201879,-1.3574403365883447,3325437.0,115.0,561.0,7346784.0,32905398.0,0.20499108734402852,0.22326987201309645,7.476635514018692,7197112.25,266.0,493.0,12100196.0,18538279.0,0.539553752535497,0.6527140949815244,-6.0070671378091856,13762980.0,540.0,1611.0,23426932.0,61293710.0,0.33519553072625696,0.3822077665065469,-7.375643224699823,23628100.0,71.0,209.0,3012086.0,7585714.0,0.3397129186602871,0.3970734989481544,-10.126582278481012,3296078.0,93.0,209.0,2553632.0,6208204.0,0.4449760765550239,0.4113318441211017,12.04819277108433,2354005.25,86.0,259.0,3173141.0,7724758.0,0.33204633204633205,0.4107754573023517,3.6144578313253017,3728923.75,1171.0,3342.0,0.35038898862956314
2025-01-17,166997.0,3256.0,45552.0,111.0,37459.0,45663.0,0.22430941873207302,-2.866931121529026,242530.0,3475.0,58320.0,1953.0,157756.0,60273.0,0.65045973693976,3.198546463387131,2449893.0,13253.0,348106.0,61845.0,1578237.0,409951.0,0.6442065020798867,-0.8732838190619652,12391.0,881.0,5665.0,17.0,6666.0,5682.0,0.5379711080623033,3.404823499958276,314830.0,1920.0,59740.0,820.0,177156.0,60560.0,0.5627036813518407,3.761147987265101,138796.0,1377.0,43740.0,2238.0,83396.0,45978.0,0.6008530505201879,-1.3574403365883447,3325437.0,116.0,579.0,6918387.0,37259848.0,0.2003454231433506,0.1856794209144385,0.8695652173912993,7123378.0,317.0,555.0,16464534.0,22649241.0,0.5711711711711712,0.7269353529330188,19.172932330827063,13846425.0,560.0,1564.0,21741859.0,55859839.0,0.35805626598465473,0.3892216552933495,3.703703703703698,23334338.25,76.0,244.0,2903176.0,7132742.0,0.3114754098360656,0.40702103062188427,7.042253521126751,3232614.25,85.0,207.0,2241090.0,6253428.0,0.4106280193236715,0.35837783692400393,-8.602150537634412,2269325.5,97.0,254.0,3849863.0,8610588.0,0.38188976377952755,0.4471080256075427,12.790697674418606,3654405.75,1251.0,3403.0,0.36761680869820745
2025-01-24,166997.0,3256.0,45552.0,111.0,37459.0,45663.0,0.22430941873207302,-2.866931121529026,242530.0,3475.0,58320.0,1953.0,157756.0,60273.0,0.65045973693976,3.198546463387131,2449893.0,13253.0,348106.0,61845.0,1578237.0,409951.0,0.6442065020798867,-0.8732838190619652,12391.0,881.0,5665.0,17.0,6666.0,5682.0,0.5379711080623033,3.404823499958276,314830.0,1920.0,59740.0,820.0,177156.0,60560.0,0.5627036813518407,3.761147987265101,138796.0,1377.0,43740.0,2238.0,83396.0,45978.0,0.6008530505201879,-1.3574403365883447,3325437.0,114.0,624.0,7843200.0,35089402.0,0.18269230769230768,0.2235204806283105,-1.7241379310344862,6870432.75,299.0,525.0,15695258.0,21450215.0,0.5695238095238095,0.7317063255543126,-5.678233438485803,14312991.25,563.0,1595.0,23927226.0,60072896.0,0.3529780564263323,0.3983031881799073,0.5357142857142838,23634872.25,77.0,221.0,3664909.0,8242210.0,0.34841628959276016,0.44465125251601206,1.3157894736842035,3202131.75,82.0,199.0,2016649.0,5745913.0,0.4120603015075377,0.35097102932118884,-3.529411764705881,2220370.5,85.0,250.0,4750688.0,9671044.0,0.34,0.49122804115046936,-12.371134020618557,3688472.0,1220.0,3414.0,0.35735207967193905
2025-01-31,166997.0,3256.0,45552.0,111.0,37459.0,45663.0,0.22430941873207302,-2.866931121529026,242530.0,3475.0,58320.0,1953.0,157756.0,60273.0,0.65045973693976,3.198546463387131,2449893.0,13253.0,348106.0,61845.0,1578237.0,409951.0,0.6442065020798867,-0.8732838190619652,12391.0,881.0,5665.0,17.0,6666.0,5682.0,0.5379711080623033,3.404823499958276,314830.0,1920.0,59740.0,820.0,177156.0,60560.0,0.5627036813518407,3.761147987265101,138796.0,1377.0,43740.0,2238.0,83396.0,45978.0,0.6008530505201879,-1.3574403365883447,3325437.0,85.0,606.0,6482001.0,33965695.0,0.14026402640264027,0.19083963981894084,-25.438596491228072,7147593.0,332.0,585.0,15018607.0,21137818.0,0.5675213675213675,0.7105088614160648,11.036789297658856,14819648.75,552.0,1533.0,21703669.0,55253261.0,0.36007827788649704,0.39280340394750635,-1.9538188277087087,22699921.5,75.0,214.0,3888840.0,7358589.0,0.35046728971962615,0.5284763152283678,-2.5974025974025983,3367252.75,86.0,191.0,2098266.0,5567699.0,0.450261780104712,0.37686412286296367,4.878048780487809,2227409.25,99.0,271.0,4227233.0,8770888.0,0.36531365313653136,0.48196180363949465,16.470588235294127,4000231.25,1229.0,3400.0,0.3614705882352941
2025-02-07,153969.0,2992.0,47479.0,206.0,34093.0,47685.0,0.22142768998954335,-7.801337748582304,227862.0,3345.0,53718.0,1490.0,148326.0,55208.0,0.6509466255891724,-6.0479115985651255,2213336.0,12752.0,313501.0,55578.0,1426524.0,369079.0,0.644513078899905,-9.655809457800812,11103.0,807.0,5426.0,19.0,5549.0,5445.0,0.4997748356300099,-10.394641271890892,290077.0,1961.0,54827.0,820.0,157651.0,55647.0,0.543479834664589,-7.862338404853409,124195.0,1284.0,35100.0,2559.0,79683.0,37659.0,0.6415958774507831,-10.519755612553672,3020542.0,102.0,594.0,6992488.0,33936386.0,0.1717171717171717,0.2060469255624332,19.999999999999996,7059019.0,306.0,527.0,14706375.0,21115468.0,0.5806451612903226,0.6964740255816257,-7.831325301204817,15471193.5,535.0,1557.0,24082450.0,63139292.0,0.3436095054592164,0.38141780240424616,-3.079710144927539,22863801.0,70.0,222.0,3426156.0,7305464.0,0.3153153153153153,0.46898540599200816,-6.666666666666665,3470770.25,88.0,222.0,1937942.0,6455635.0,0.3963963963963964,0.30019386164180595,2.3255813953488413,2073486.75,69.0,211.0,3091362.0,7332705.0,0.32701421800947866,0.4215854858473101,-30.303030303030297,3979786.5,1170.0,3333.0,0.35103510351035105
2025-02-14,153969.0,2992.0,47479.0,206.0,34093.0,47685.0,0.22142768998954335,-7.801337748582304,227862.0,3345.0,53718.0,1490.0,148326.0,55208.0,0.6509466255891724,-6.0479115985651255,2213336.0,12752.0,313501.0,55578.0,1426524.0,369079.0,0.644513078899905,-9.655809457800812,11103.0,807.0,5426.0,19.0,5549.0,5445.0,0.4997748356300099,-10.394641271890892,290077.0,1961.0,54827.0,820.0,157651.0,55647.0,0.543479834664589,-7.862338404853409,124195.0,1284.0,35100.0,2559.0,79683.0,37659.0,0.6415958774507831,-10.519755612553672,3020542.0,113.0,589.0,7119836.0,34603316.0,0.19185059422750425,0.20575588767273056,10.784313725490202,7109381.25,356.0,626.0,16773243.0,23432981.0,0.5686900958466453,0.7157963811774524,16.33986928104576,15548370.75,552.0,1519.0,23646197.0,55904457.0,0.36339697169190255,0.4229751663628537,3.1775700934579376,23339885.5,82.0,225.0,3594658.0,7300512.0,0.36444444444444446,0.49238436975379263,17.14285714285715,3643640.75,86.0,214.0,2164524.0,6141803.0,0.40186915887850466,0.3524248498364405,-2.2727272727272707,2054345.25,94.0,263.0,3725837.0,8841928.0,0.3574144486692015,0.4213828703423054,36.23188405797102,3948780.0,1283.0,3436.0,0.3733993015133877
2025-02-21,153969.0,2992.0,47479.0,206.0,34093.0,47685.0,0.22142768998954335,-7.801337748582304,227862.0,3345.0,53718.0,1490.0,148326.0,55208.0,0.6509466255891724,-6.0479115985651255,2213336.0,12752.0,313501.0,55578.0,1426524.0,369079.0,0.644513078899905,-9.655809457800812,11103.0,807.0,5426.0,19.0,5549.0,5445.0,0.4997748356300099,-10.394641271890892,290077.0,1961.0,54827.0,820.0,157651.0,55647.0,0.543479834664589,-7.862338404853409,124195.0,1284.0,35100.0,2559.0,79683.0,37659.0,0.6415958774507831,-10.519755612553672,3020542.0,112.0,646.0,7034540.0,35254584.0,0.17337461300309598,0.19953547033770133,-0.8849557522123908,6907216.25,371.0,646.0,17476196.0,24359174.0,0.5743034055727554,0.7174379558190274,4.2134831460674205,15993605.25,543.0,1554.0,22362329.0,56969485.0,0.34942084942084944,0.3925317035953546,-1.6304347826086918,22948661.25,71.0,226.0,3700928.0,7875675.0,0.3141592920353982,0.4699188323540522,-13.414634146341465,3652645.5,92.0,210.0,2056465.0,5827236.0,0.4380952380952381,0.3529057343824757,6.976744186046502,2064299.25,95.0,241.0,3995943.0,8210909.0,0.3941908713692946,0.4866626825361236,1.0638297872340496,3760093.75,1284.0,3523.0,0.3644621061595231
2025-02-28,153969.0,2992.0,47479.0,206.0,34093.0,47685.0,0.22142768998954335,-7.801337748582304,227862.0,3345.0,53718.0,1490.0,148326.0,55208.0,0.6509466255891724,-6.0479115985651255,2213336.0,12752.0,313501.0,55578.0,1426524.0,369079.0,0.644513078899905,-9.655809457800812,11103.0,807.0,5426.0,19.0,5549.0,5445.0,0.4997748356300099,-10.394641271890892,290077.0,1961.0,54827.0,820.0,157651.0,55647.0,0.543479834664589,-7.862338404853409,124195.0,1284.0,35100.0,2559.0,79683.0,37659.0,0.6415958774507831,-10.519755612553672,3020542.0,117.0,626.0,7497811.0,37522502.0,0.1869009584664537,0.19982172297572268,4.464285714285721,7161168.75,321.0,554.0,12491258.0,18964055.0,0.5794223826714802,0.6586807515586725,-13.477088948787063,15361768.0,542.0,1542.0,25116569.0,59068876.0,0.35149156939040205,0.4252081756219638,-0.18416206261510082,23801886.25,73.0,215.0,3448453.0,7444576.0,0.3395348837209302,0.4632168440486067,2.8169014084507005,3542548.75,98.0,218.0,2675519.0,6841116.0,0.44954128440366975,0.39109393847436585,6.521739130434789,2208612.5,84.0,238.0,3288919.0,8597287.0,0.35294117647058826,0.382553124026219,-11.578947368421055,3525515.25,1235.0,3393.0,0.36398467432950193
2025-03-07,167467.0,3195.0,47248.0,242.0,34112.0,47490.0,0.2036938620743191,8.766699790217514,251738.0,3717.0,56930.0,2500.0,166424.0,59430.0,0.6611000325735487,10.478271936522976,2456861.0,13603.0,359977.0,59680.0,1566901.0,419657.0,0.6377654250688175,11.002622285997244,11167.0,931.0,5985.0,28.0,4859.0,6013.0,0.4351213396615026,0.5764207871746363,314701.0,2091.0,55907.0,796.0,174911.0,56703.0,0.5558005853174919,8.488780565160292,142910.0,1448.0,38616.0,2546.0,91802.0,41162.0,0.6423763207613183,15.069044647530095,3344844.0,112.0,575.0,8046780.0,34884122.0,0.19478260869565217,0.2306717078904838,-4.273504273504269,7424741.75,371.0,628.0,17595563.0,24602209.0,0.5907643312101911,0.7152025657533435,15.576323987538942,16084065.0,547.0,1565.0,21700148.0,58162891.0,0.34952076677316296,0.3730926648745847,0.9225092250922495,23206310.75,77.0,223.0,3875126.0,7918137.0,0.3452914798206278,0.4893987057814231,5.47945205479452,3654791.25,98.0,220.0,2458256.0,6426850.0,0.44545454545454544,0.3824978021892529,0.0,2338691.0,99.0,258.0,4447595.0,8780417.0,0.38372093023255816,0.5065357374256826,17.85714285714286,3864573.5,1304.0,3469.0,0.37590083597578555
2025-03-14,167467.0,3195.0,47248.0,242.0,34112.0,47490.0,0.2036938620743191,8.766699790217514,251738.0,3717.0,56930.0,2500.0,166424.0,59430.0,0.6611000325735487,10.478271936522976,2456861.0,13603.0,359977.0,59680.0,1566901.0,419657.0,0.6377654250688175,11.002622285997244,11167.0,931.0,5985.0,28.0,4859.0,6013.0,0.4351213396615026,0.5764207871746363,314701.0,2091.0,55907.0,796.0,174911.0,56703.0,0.5558005853174919,8.488780565160292,142910.0,1448.0,38616.0,2546.0,91802.0,41162.0,0.6423763207613183,15.069044647530095,3344844.0,109.0,551.0,7069930.0,32079215.0,0.19782214156079855,0.22038974457448537,-2.67857142857143,7412265.25,403.0,695.0,20697790.0,28957191.0,0.5798561151079137,0.7147720232946628,8.625336927223714,17065201.75,553.0,1526.0,24172310.0,58075014.0,0.3623853211009174,0.41622564223574704,1.0968921389396646,23337839.0,78.0,225.0,4251147.0,8479424.0,0.3466666666666667,0.5013485585813376,1.298701298701288,3818913.5,81.0,197.0,2258491.0,6033910.0,0.41116751269035534,0.374299749250486,-17.3469387755102,2362182.75,91.0,251.0,5540524.0,10780717.0,0.36254980079681276,0.513929082824454,-8.080808080808078,4318245.25,1315.0,3445.0,0.38171262699564584
2025-03-21,167467.0,3195.0,47248.0,242.0,34112.0,47490.0,0.2036938620743191,8.766699790217514,251738.0,3717.0,56930.0,2500.0,166424.0,59430.0,0.6611000325735487,10.478271936522976,2456861.0,13603.0,359977.0,59680.0,1566901.0,419657.0,0.6377654250688175,11.002622285997244,11167.0,931.0,5985.0,28.0,4859.0,6013.0,0.4351213396615026,0.5764207871746363,314701.0,2091.0,55907.0,796.0,174911.0,56703.0,0.5558005853174919,8.488780565160292,142910.0,1448.0,38616.0,2546.0,91802.0,41162.0,0.6423763207613183,15.069044647530095,3344844.0,92.0,561.0,8250872.0,39166944.0,0.16399286987522282,0.21065907005662735,-15.596330275229352,7716348.25,401.0,705.0,17817660.0,25498466.0,0.5687943262411348,0.6987738007455037,-0.496277915632759,17150567.75,584.0,1558.0,26221551.0,59849474.0,0.3748395378690629,0.4381250034043741,5.605786618444841,24302644.5,97.0,244.0,5332890.0,9000041.0,0.3975409836065574,0.5925406339815563,24.35897435897436,4226904.0,81.0,215.0,1900346.0,6442908.0,0.3767441860465116,0.2949515963909464,0.0,2323153.0,101.0,256.0,5131717.0,9388630.0,0.39453125,0.5465884798953627,10.989010989010994,4602188.75,1356.0,3539.0,0.38315908448714325
2025-03-28,167467.0,3195.0,47248.0,242.0,34112.0,47490.0,0.2036938620743191,8.766699790217514,251738.0,3717.0,56930.0,2500.0,166424.0,59430.0,0.6611000325735487,10.478271936522976,2456861.0,13603.0,359977.0,59680.0,1566901.0,419657.0,0.6377654250688175,11.002622285997244,11167.0,931.0,5985.0,28.0,4859.0,6013.0,0.4351213396615026,0.5764207871746363,314701.0,2091.0,55907.0,796.0,174911.0,56703.0,0.5558005853174919,8.488780565160292,142910.0,1448.0,38616.0,2546.0,91802.0,41162.0,0.6423763207613183,15.069044647530095,3344844.0,108.0,580.0,8621293.0,36271898.0,0.18620689655172415,0.2376851908879982,17.391304347826097,7997218.75,326.0,590.0,15297662.0,23191270.0,0.5525423728813559,0.6596301970525978,-18.703241895261847,17852168.75,565.0,1623.0,26671507.0,67005572.0,0.348120764017252,0.39804909060398735,-3.253424657534243,24691379.0,81.0,223.0,4764095.0,9015376.0,0.3632286995515695,0.5284410766672405,-16.49484536082474,4555814.5,91.0,201.0,2454397.0,5730527.0,0.4527363184079602,0.4283021439389431,12.34567901234569,2267872.5,118.0,283.0,4913385.0,10446772.0,0.4169611307420495,0.47032566614835664,16.831683168316825,5008305.25,1289.0,3500.0,0.36828571428571427
2025-04-04,169451.0,3194.0,45127.0,258.0,38348.0,45385.0,0.2263073100778396,1.1847110176930409,282006.0,3630.0,63101.0,3429.0,171371.0,66530.0,0.6076856520783246,12.023611850415916,2341535.0,13999.0,353856.0,55555.0,1491263.0,409411.0,0.6368741018178247,-4.69403844987567,11097.0,931.0,5952.0,26.0,4945.0,5978.0,0.4456159322339371,-0.6268469597922488,292270.0,1972.0,57243.0,715.0,164321.0,57958.0,0.5622232866869675,-7.127718056186671,137562.0,1476.0,39352.0,1454.0,87297.0,40806.0,0.634601125310769,-3.7422153803092884,3233921.0,108.0,563.0,8019667.0,36746250.0,0.19182948490230906,0.21824450113957206,0.0,7990440.5,461.0,775.0,21479284.0,29177495.0,0.5948387096774194,0.7361592898910616,41.41104294478528,18823099.0,529.0,1584.0,21558630.0,59965738.0,0.33396464646464646,0.3595157955030921,-6.371681415929209,24655999.5,88.0,236.0,4500996.0,9295044.0,0.3728813559322034,0.48423611550413315,8.64197530864197,4712282.0,95.0,217.0,2503193.0,6532704.0,0.4377880184331797,0.3831786959886748,4.395604395604402,2279106.75,104.0,262.0,4570762.0,9294825.0,0.3969465648854962,0.49175342193102073,-11.864406779661019,5039097.0,1385.0,3637.0,0.380808358537256
2025-04-11,169451.0,3194.0,45127.0,258.0,38348.0,45385.0,0.2263073100778396,1.1847110176930409,282006.0,3630.0,63101.0,3429.0,171371.0,66530.0,0.6076856520783246,12.023611850415916,2341535.0,13999.0,353856.0,55555.0,1491263.0,409411.0,0.6368741018178247,-4.69403844987567,11097.0,931.0,5952.0,26.0,4945.0,5978.0,0.4456159322339371,-0.6268469597922488,292270.0,1972.0,57243.0,715.0,164321.0,57958.0,0.5622232866869675,-7.127718056186671,137562.0,1476.0,39352.0,1454.0,87297.0,40806.0,0.634601125310769,-3.7422153803092884,3233921.0,132.0,567.0,10515556.0,38823726.0,0.2328042328042328,0.27085385879758167,22.222222222222232,8851847.0,425.0,754.0,19634921.0,27338515.0,0.5636604774535809,0.7182146140710276,-7.80911062906724,18557381.75,555.0,1625.0,25559486.0,65914750.0,0.3415384615384615,0.387765803556867,4.914933837429114,25002793.5,89.0,229.0,4294150.0,7868003.0,0.388646288209607,0.5457738132535028,1.1363636363636465,4723032.75,77.0,207.0,1999379.0,6098987.0,0.3719806763285024,0.32782148904400027,-18.947368421052634,2214328.75,96.0,245.0,4581417.0,9448139.0,0.39183673469387753,0.48490152399324354,-7.692307692307687,4799320.25,1374.0,3627.0,0.37882547559966917
2025-04-18,169451.0,3194.0,45127.0,258.0,38348.0,45385.0,0.2263073100778396,1.1847110176930409,282006.0,3630.0,63101.0,3429.0,171371.0,66530.0,0.6076856520783246,12.023611850415916,2341535.0,13999.0,353856.0,55555.0,1491263.0,409411.0,0.6368741018178247,-4.69403844987567,11097.0,931.0,5952.0,26.0,4945.0,5978.0,0.4456159322339371,-0.6268469597922488,292270.0,1972.0,57243.0,715.0,164321.0,57958.0,0.5622232866869675,-7.127718056186671,137562.0,1476.0,39352.0,1454.0,87297.0,40806.0,0.634601125310769,-3.7422153803092884,3233921.0,114.0,600.0,7672841.0,37707604.0,0.19,0.20348259199921587,-13.636363636363635,8707339.25,381.0,668.0,17788764.0,25379479.0,0.5703592814371258,0.7009113150037477,-10.352941176470587,18550157.75,552.0,1621.0,24965833.0,65212292.0,0.3405305367057372,0.38283937328870454,-0.540540540540535,24688864.0,82.0,217.0,4460842.0,8441494.0,0.3778801843317972,0.528442240200609,-7.86516853932584,4505020.75,97.0,225.0,2353703.0,6516819.0,0.4311111111111111,0.3611736032564354,25.974025974025984,2327668.0,117.0,278.0,5516435.0,9793536.0,0.420863309352518,0.5632730609250837,21.875,4895499.75,1343.0,3609.0,0.37212524244943196
2025-04-25,169451.0,3194.0,45127.0,258.0,38348.0,45385.0,0.2263073100778396,1.1847110176930409,282006.0,3630.0,63101.0,3429.0,171371.0,66530.0,0.6076856520783246,12.023611850415916,2341535.0,13999.0,353856.0,55555.0,1491263.0,409411.0,0.6368741018178247,-4.69403844987567,11097.0,931.0,5952.0,26.0,4945.0,5978.0,0.4456159322339371,-0.6268469597922488,292270.0,1972.0,57243.0,715.0,164321.0,57958.0,0.5622232866869675,-7.127718056186671,137562.0,1476.0,39352.0,1454.0,87297.0,40806.0,0.634601125310769,-3.7422153803092884,3233921.0,117.0,596.0,7723191.0,39800916.0,0.19630872483221476,0.1940455591524577,2.6315789473684292,8482813.75,425.0,755.0,17874985.0,26212961.0,0.5629139072847682,0.6819139966675264,11.548556430446189,19194488.5,556.0,1601.0,24745701.0,64409814.0,0.3472829481574016,0.38419146808900895,0.7246376811594235,24207412.5,77.0,237.0,5257953.0,9350321.0,0.32489451476793246,0.5623286088253013,-6.0975609756097615,4628485.25,78.0,202.0,1904944.0,5570775.0,0.38613861386138615,0.3419531393746831,-19.58762886597938,2190304.75,92.0,250.0,3827239.0,8756062.0,0.368,0.43709592280182574,-21.36752136752137,4623963.25,1345.0,3641.0,0.3694040098873936
2025-05-02,164981.0,3467.0,47510.0,271.0,42183.0,47781.0,0.2556839878531467,-2.637930729237359,312352.0,3994.0,64146.0,3535.0,185448.0,67681.0,0.5937147833213811,10.76076395537684,2498565.0,14280.0,376481.0,59548.0,1555041.0,436029.0,0.6223736424707782,6.706284552654562,9907.0,850.0,5962.0,2.0,3836.0,5964.0,0.38720096901180984,-10.723618996125083,282999.0,1808.0,54379.0,769.0,162942.0,55148.0,0.5757688189710918,-3.1720669244192035,142044.0,1380.0,38573.0,1375.0,92106.0,39948.0,0.6484328799526907,3.258167226414277,3410848.0,101.0,547.0,7283466.0,36150367.0,0.1846435100548446,0.20147695872631113,-13.675213675213671,8298763.5,438.0,738.0,20062981.0,28137962.0,0.5934959349593496,0.7130218243951001,3.0588235294117583,18840412.75,580.0,1651.0,23682513.0,63299289.0,0.3513022410660206,0.3741355293895955,4.316546762589923,24738383.25,62.0,210.0,2985485.0,7063826.0,0.29523809523809524,0.42264418744176313,-19.480519480519476,4249607.5,92.0,213.0,2143196.0,6050272.0,0.431924882629108,0.35423134695431874,17.948717948717952,2100305.5,97.0,257.0,5109470.0,9371598.0,0.377431906614786,0.5452079784045367,5.434782608695654,4758640.25,1370.0,3616.0,0.3788716814159292
2025-05-09,164981.0,3467.0,47510.0,271.0,42183.0,47781.0,0.2556839878531467,-2.637930729237359,312352.0,3994.0,64146.0,3535.0,185448.0,67681.0,0.5937147833213811,10.76076395537684,2498565.0,14280.0,376481.0,59548.0,1555041.0,436029.0,0.6223736424707782,6.706284552654562,9907.0,850.0,5962.0,2.0,3836.0,5964.0,0.38720096901180984,-10.723618996125083,282999.0,1808.0,54379.0,769.0,162942.0,55148.0,0.5757688189710918,-3.1720669244192035,142044.0,1380.0,38573.0,1375.0,92106.0,39948.0,0.6484328799526907,3.258167226414277,3410848.0,124.0,676.0,7332227.0,43983227.0,0.1834319526627219,0.16670507145826294,22.77227722772277,7502931.25,395.0,699.0,17536089.0,25438908.0,0.5650929899856938,0.6893412641769057,-9.817351598173518,18315704.75,591.0,1656.0,25849129.0,63280259.0,0.35688405797101447,0.40848646020870427,1.8965517241379404,24810794.0,86.0,234.0,4064000.0,8730514.0,0.36752136752136755,0.4654937842147667,38.70967741935485,4192070.0,98.0,228.0,2524595.0,6429196.0,0.4298245614035088,0.3926766270619219,6.521739130434789,2231609.5,78.0,231.0,3437237.0,7448544.0,0.33766233766233766,0.46146428080440954,-19.58762886597938,4472595.25,1372.0,3724.0,0.3684210526315789
2025-05-16,164981.0,3467.0,47510.0,271.0,42183.0,47781.0,0.2556839878531467,-2.637930729237359,312352.0,3994.0,64146.0,3535.0,185448.0,67681.0,0.5937147833213811,10.76076395537684,2498565.0,14280.0,376481.0,59548.0,1555041.0,436029.0,0.6223736424707782,6.706284552654562,9907.0,850.0,5962.0,2.0,3836.0,5964.0,0.38720096901180984,-10.723618996125083,282999.0,1808.0,54379.0,769.0,162942.0,55148.0,0.5757688189710918,-3.1720669244192035,142044.0,1380.0,38573.0,1375.0,92106.0,39948.0,0.6484328799526907,3.258167226414277,3410848.0,131.0,683.0,8064940.0,41063760.0,0.191800878477306,0.1964004270432128,5.645161290322576,7600956.0,452.0,772.0,20000331.0,28443992.0,0.5854922279792746,0.7031478211637804,14.430379746835452,18868596.5,556.0,1638.0,24418186.0,65486287.0,0.33943833943833945,0.3728747974365992,-5.922165820642977,24673882.25,78.0,231.0,4188839.0,7575121.0,0.33766233766233766,0.5529732132331615,-9.302325581395355,4124069.25,79.0,190.0,1930917.0,5163180.0,0.41578947368421054,0.3739782459646962,-19.387755102040817,2125913.0,102.0,269.0,4664081.0,9799631.0,0.379182156133829,0.4759445534224707,30.76923076923077,4259506.75,1398.0,3783.0,0.3695479777954005
2025-05-23,164981.0,3467.0,47510.0,271.0,42183.0,47781.0,0.2556839878531467,-2.637930729237359,312352.0,3994.0,64146.0,3535.0,185448.0,67681.0,0.5937147833213811,10.76076395537684,2498565.0,14280.0,376481.0,59548.0,1555041.0,436029.0,0.6223736424707782,6.706284552654562,9907.0,850.0,5962.0,2.0,3836.0,5964.0,0.38720096901180984,-10.723618996125083,282999.0,1808.0,54379.0,769.0,162942.0,55148.0,0.5757688189710918,-3.1720669244192035,142044.0,1380.0,38573.0,1375.0,92106.0,39948.0,0.6484328799526907,3.258167226414277,3410848.0,120.0,543.0,9281983.0,36110510.0,0.22099447513812154,0.25704380802154275,-8.3969465648855,7990654.0,448.0,787.0,19488372.0,27638645.0,0.5692503176620076,0.7051131486366282,-0.8849557522123908,19271943.25,582.0,1673.0,21791021.0,65112949.0,0.34787806335923493,0.33466493738442105,4.6762589928057485,23935212.25,80.0,243.0,4826660.0,8673880.0,0.3292181069958848,0.5564591624509446,2.564102564102555,4016246.0,81.0,212.0,2095124.0,6162655.0,0.38207547169811323,0.33997100275773995,2.5316455696202445,2173458.0,109.0,253.0,5528172.0,9616951.0,0.4308300395256917,0.5748362448763646,6.8627450980392135,4684740.0,1420.0,3711.0,0.38264618701158715
2025-05-30,164981.0,3467.0,47510.0,271.0,42183.0,47781.0,0.2556839878531467,-2.637930729237359,312352.0,3994.0,64146.0,3535.0,185448.0,67681.0,0.5937147833213811,10.76076395537684,2498565.0,14280.0,376481.0,59548.0,1555041.0,436029.0,0.6223736424707782,6.706284552654562,9907.0,850.0,5962.0,2.0,3836.0,5964.0,0.38720096901180984,-10.723618996125083,282999.0,1808.0,54379.0,769.0,162942.0,55148.0,0.5757688189710918,-3.1720669244192035,142044.0,1380.0,38573.0,1375.0,92106.0,39948.0,0.6484328799526907,3.258167226414277,3410848.0,122.0,655.0,6198945.0,42729232.0,0.18625954198473282,0.14507503902714658,1.6666666666666607,7719523.75,414.0,749.0,19892823.0,28535794.0,0.5527369826435247,0.6971182578623886,-7.58928571428571,19229403.75,592.0,1615.0,26079198.0,63503707.0,0.36656346749226004,0.41067205730210365,1.7182130584192379,24534383.5,81.0,236.0,4427589.0,8324139.0,0.3432203389830508,0.5318975331863152,1.2499999999999956,4376772.0,73.0,189.0,1877349.0,5807618.0,0.3862433862433862,0.32325628166315346,-9.876543209876543,2106996.25,106.0,264.0,4408869.0,9032987.0,0.4015151515151515,0.48808539190856803,-2.752293577981646,4509589.75,1388.0,3708.0,0.3743257820927724
2025-06-06,159461.0,3332.0,47827.0,294.0,39439.0,48121.0,0.24732693260421043,-3.345839823979735,251831.0,3553.0,50400.0,1930.0,148699.0,52330.0,0.5904713875575287,-19.375896424546667,2413774.0,13928.0,344981.0,58668.0,1522417.0,403649.0,0.630720605988796,-3.393587919465768,7483.0,713.0,4332.0,28.0,3017.0,4360.0,0.4031805425631431,-24.467548198243673,269033.0,1699.0,51725.0,377.0,161183.0,52102.0,0.5991198105808581,-4.934999770317205,122994.0,1268.0,30597.0,2066.0,82497.0,32663.0,0.6707400360993219,-13.411337332094275,3224576.0,118.0,668.0,6969969.0,40768253.0,0.17664670658682635,0.17096560404489247,-3.2786885245901676,7628959.25,409.0,719.0,19383351.0,27415204.0,0.56884561891516,0.7070292455237612,-1.2077294685990392,19691219.25,569.0,1592.0,22280015.0,59512883.0,0.3574120603015075,0.374372973999596,-3.8851351351351315,23642105.0,77.0,242.0,4285957.0,8500852.0,0.3181818181818182,0.5041796986937309,-4.938271604938271,4432261.25,93.0,217.0,2317089.0,5984231.0,0.42857142857142855,0.38719912383061417,27.397260273972602,2055119.75,94.0,246.0,4534117.0,9006063.0,0.3821138211382114,0.5034516192036409,-11.32075471698113,4783809.75,1360.0,3684.0,0.3691639522258415
2025-06-13,159461.0,3332.0,47827.0,294.0,39439.0,48121.0,0.24732693260421043,-3.345839823979735,251831.0,3553.0,50400.0,1930.0,148699.0,52330.0,0.5904713875575287,-19.375896424546667,2413774.0,13928.0,344981.0,58668.0,1522417.0,403649.0,0.630720605988796,-3.393587919465768,7483.0,713.0,4332.0,28.0,3017.0,4360.0,0.4031805425631431,-24.467548198243673,269033.0,1699.0,51725.0,377.0,161183.0,52102.0,0.5991198105808581,-4.934999770317205,122994.0,1268.0,30597.0,2066.0,82497.0,32663.0,0.6707400360993219,-13.411337332094275,3224576.0,108.0,596.0,5812374.0,40939446.0,0.18120805369127516,0.14197490606003804,-8.47457627118644,7065817.75,437.0,792.0,21593770.0,30155252.0,0.5517676767676768,0.716086537761316,6.8459657701711585,20089579.0,588.0,1619.0,26824358.0,64250565.0,0.3631871525633107,0.41749606404239403,3.3391915641476366,24243648.0,82.0,246.0,3723473.0,8196172.0,0.3333333333333333,0.45429415097682185,6.493506493506485,4315919.75,78.0,197.0,1909981.0,5867253.0,0.39593908629441626,0.32553240843713405,-16.129032258064512,2049885.75,114.0,273.0,5319856.0,9681807.0,0.4175824175824176,0.5494693294340612,21.27659574468086,4947753.5,1407.0,3723.0,0.37792103142626915
2025-06-20,159461.0,3332.0,47827.0,294.0,39439.0,48121.0,0.24732693260421043,-3.345839823979735,251831.0,3553.0,50400.0,1930.0,148699.0,52330.0,0.5904713875575287,-19.375896424546667,2413774.0,13928.0,344981.0,58668.0,1522417.0,403649.0,0.630720605988796,-3.393587919465768,7483.0,713.0,4332.0,28.0,3017.0,4360.0,0.4031805425631431,-24.467548198243673,269033.0,1699.0,51725.0,377.0,161183.0,52102.0,0.5991198105808581,-4.934999770317205,122994.0,1268.0,30597.0,2066.0,82497.0,32663.0,0.6707400360993219,-13.411337332094275,3224576.0,126.0,638.0,9598246.0,42082439.0,0.1974921630094044,0.2280819797540727,16.666666666666675,7144883.5,393.0,713.0,18981524.0,26698124.0,0.5511921458625526,0.7109684560608078,-10.068649885583525,19962867.0,596.0,1655.0,25090278.0,65252838.0,0.36012084592145016,0.38450860941864323,1.3605442176870763,25068462.25,82.0,204.0,4449456.0,7434134.0,0.4019607843137255,0.5985170565932764,0.0,4221618.75,77.0,200.0,2054310.0,6013524.0,0.385,0.3416149997904723,-1.2820512820512775,2039682.25,94.0,264.0,3981922.0,8233626.0,0.3560606060606061,0.4836170600899288,-17.543859649122805,4561191.0,1368.0,3674.0,0.3723462166575939
2025-06-27,159461.0,3332.0,47827.0,294.0,39439.0,48121.0,0.24732693260421043,-3.345839823979735,251831.0,3553.0,50400.0,1930.0,148699.0,52330.0,0.5904713875575287,-19.375896424546667,2413774.0,13928.0,344981.0,58668.0,1522417.0,403649.0,0.630720605988796,-3.393587919465768,7483.0,713.0,4332.0,28.0,3017.0,4360.0,0.4031805425631431,-24.467548198243673,269033.0,1699.0,51725.0,377.0,161183.0,52102.0,0.5991198105808581,-4.934999770317205,122994.0,1268.0,30597.0,2066.0,82497.0,32663.0,0.6707400360993219,-13.411337332094275,3224576.0,108.0,570.0,8034890.0,39911792.0,0.18947368421052632,0.2013161924676296,-14.28571428571429,7603869.75,420.0,722.0,18630355.0,26149472.0,0.5817174515235457,0.7124562591550606,6.870229007633588,19647250.0,590.0,1612.0,24262659.0,61825765.0,0.36600496277915634,0.39243604992190556,-1.0067114093959773,24614327.5,83.0,198.0,4123665.0,7168144.0,0.41919191919191917,0.5752765290429434,1.2195121951219523,4145637.75,81.0,196.0,2034330.0,6280999.0,0.413265306122449,0.3238863753998369,5.1948051948051965,2078927.5,113.0,245.0,4463579.0,8459761.0,0.46122448979591835,0.5276247165847829,20.21276595744681,4574868.5,1395.0,3543.0,0.3937341236240474
2025-07-04,170398.0,3549.0,53494.0,337.0,44617.0,53831.0,0.2618399276986819,6.858730347859354,237355.0,3429.0,46177.0,1954.0,152513.0,48131.0,0.6425522950854206,-5.748299454793093,2539827.0,14258.0,363157.0,60354.0,1602066.0,423511.0,0.6307776080811803,5.2222370445617505,8114.0,731.0,4441.0,101.0,3558.0,4542.0,0.4385013556815381,8.432446879593748,289476.0,1712.0,59500.0,688.0,173486.0,60188.0,0.5993104782434467,7.598696070742261,135927.0,1296.0,34249.0,2145.0,90991.0,36394.0,0.669410786672258,10.515147080345377,3381097.0,124.0,793.0,7124091.0,50640524.0,0.15636822194199243,0.1406796462058726,14.814814814814813,7642400.25,421.0,759.0,19306406.0,27138505.0,0.5546772068511199,0.7114027099134606,0.23809523809523725,19628013.75,551.0,1633.0,23096204.0,62972758.0,0.33741579914268216,0.366765006544576,-6.610169491525419,24818374.75,84.0,218.0,4847524.0,8879814.0,0.3853211009174312,0.5459037768133431,1.2048192771084265,4286029.5,90.0,208.0,2650826.0,6326489.0,0.4326923076923077,0.419004284999152,11.111111111111116,2162361.75,95.0,250.0,4975469.0,9088230.0,0.38,0.5474629273246826,-15.92920353982301,4685206.5,1365.0,3861.0,0.35353535353535354
2025-07-11,170398.0,3549.0,53494.0,337.0,44617.0,53831.0,0.2618399276986819,6.858730347859354,237355.0,3429.0,46177.0,1954.0,152513.0,48131.0,0.6425522950854206,-5.748299454793093,2539827.0,14258.0,363157.0,60354.0,1602066.0,423511.0,0.6307776080811803,5.2222370445617505,8114.0,731.0,4441.0,101.0,3558.0,4542.0,0.4385013556815381,8.432446879593748,289476.0,1712.0,59500.0,688.0,173486.0,60188.0,0.5993104782434467,7.598696070742261,135927.0,1296.0,34249.0,2145.0,90991.0,36394.0,0.669410786672258,10.515147080345377,3381097.0,113.0,624.0,6961864.0,42465193.0,0.18108974358974358,0.16394283195651554,-8.870967741935488,7929772.75,383.0,656.0,16789574.0,24182589.0,0.5838414634146342,0.694283560788301,-9.02612826603325,18426964.75,584.0,1661.0,25151324.0,66021970.0,0.35159542444310654,0.3809538552091069,5.989110707803991,24400116.25,80.0,225.0,4654120.0,8863060.0,0.35555555555555557,0.5251143510254923,-4.761904761904767,4518691.25,105.0,242.0,2734107.0,7561591.0,0.43388429752066116,0.36157827102788287,16.666666666666675,2368393.25,118.0,281.0,5948327.0,10378034.0,0.4199288256227758,0.5731651100776891,24.210526315789483,4842324.25,1383.0,3689.0,0.3748983464353483
2025-07-18,170398.0,3549.0,53494.0,337.0,44617.0,53831.0,0.2618399276986819,6.858730347859354,237355.0,3429.0,46177.0,1954.0,152513.0,48131.0,0.6425522950854206,-5.748299454793093,2539827.0,14258.0,363157.0,60354.0,1602066.0,423511.0,0.6307776080811803,5.2222370445617505,8114.0,731.0,4441.0,101.0,3558.0,4542.0,0.4385013556815381,8.432446879593748,289476.0,1712.0,59500.0,688.0,173486.0,60188.0,0.5993104782434467,7.598696070742261,135927.0,1296.0,34249.0,2145.0,90991.0,36394.0,0.669410786672258,10.515147080345377,3381097.0,118.0,644.0,7183113.0,40703399.0,0.18322981366459629,0.17647452489164356,4.424778761061954,7325989.5,408.0,740.0,20704496.0,28479475.0,0.5513513513513514,0.7269971093217132,6.5274151436031325,18857707.75,623.0,1667.0,25699209.0,62381538.0,0.3737252549490102,0.4119681852024873,6.678082191780832,24552349.0,75.0,217.0,4112378.0,8378048.0,0.3456221198156682,0.49085156828893795,-6.25,4434421.75,97.0,228.0,2298441.0,6376687.0,0.42543859649122806,0.3604443812280578,-7.619047619047614,2429426.0,93.0,241.0,4548644.0,8688380.0,0.38589211618257263,0.5235318897193723,-21.1864406779661,4984004.75,1414.0,3737.0,0.3783783783783784
2025-07-25,170398.0,3549.0,53494.0,337.0,44617.0,53831.0,0.2618399276986819,6.858730347859354,237355.0,3429.0,46177.0,1954.0,152513.0,48131.0,0.6425522950854206,-5.748299454793093,2539827.0,14258.0,363157.0,60354.0,1602066.0,423511.0,0.6307776080811803,5.2222370445617505,8114.0,731.0,4441.0,101.0,3558.0,4542.0,0.4385013556815381,8.432446879593748,289476.0,1712.0,59500.0,688.0,173486.0,60188.0,0.5993104782434467,7.598696070742261,135927.0,1296.0,34249.0,2145.0,90991.0,36394.0,0.669410786672258,10.515147080345377,3381097.0,121.0,720.0,7551337.0,43922683.0,0.16805555555555557,0.17192340003455617,2.5423728813559254,7205101.25,387.0,699.0,17255622.0,24972142.0,0.5536480686695279,0.690994869402873,-5.147058823529416,18514024.5,567.0,1624.0,24339616.0,60463201.0,0.34913793103448276,0.4025525542387344,-8.98876404494382,24571588.25,73.0,210.0,3413059.0,6798565.0,0.3476190476190476,0.5020263835088729,-2.6666666666666616,4256770.25,78.0,206.0,2028548.0,6011623.0,0.3786407766990291,0.33743766034563377,-19.58762886597938,2427980.5,117.0,283.0,5123699.0,10513451.0,0.4134275618374558,0.4873470185955116,25.806451612903224,5149034.75,1343.0,3742.0,0.35889898450026725
2025-08-01,160069.0,3460.0,48032.0,174.0,40981.0,48206.0,0.2560208410123134,-6.061690864916258,235699.0,3396.0,49789.0,2356.0,153854.0,52145.0,0.6527562696490015,-0.6976891154599651,2568643.0,16985.0,365589.0,58448.0,1628720.0,424037.0,0.6340779937110762,1.1345654644981717,9015.0,832.0,5267.0,22.0,3699.0,5289.0,0.4103161397670549,11.104264234656158,292483.0,1723.0,57786.0,857.0,177806.0,58643.0,0.6079190927335948,1.038773507993751,140937.0,1358.0,36418.0,1442.0,93809.0,37860.0,0.665609456707607,3.6858019378048557,3406846.0,132.0,607.0,7559843.0,40626351.0,0.21746293245469522,0.18608225483996826,9.090909090909083,7314039.25,407.0,697.0,18873108.0,25951359.0,0.5839311334289814,0.7272493128394548,5.167958656330751,18405700.0,563.0,1631.0,23752177.0,67570526.0,0.34518700183936235,0.3515168285059672,-0.7054673721340388,24735581.5,62.0,205.0,2945666.0,6968215.0,0.3024390243902439,0.42272891981662447,-15.068493150684937,3781305.75,85.0,200.0,2203104.0,5845878.0,0.425,0.3768645188969048,8.974358974358964,2316050.0,100.0,261.0,4439377.0,9225169.0,0.3831417624521073,0.48122446320495593,-14.529914529914533,5015011.75,1349.0,3601.0,0.37461816162177175
2025-08-08,160069.0,3460.0,48032.0,174.0,40981.0,48206.0,0.2560208410123134,-6.061690864916258,235699.0,3396.0,49789.0,2356.0,153854.0,52145.0,0.6527562696490015,-0.6976891154599651,2568643.0,16985.0,365589.0,58448.0,1628720.0,424037.0,0.6340779937110762,1.1345654644981717,9015.0,832.0,5267.0,22.0,3699.0,5289.0,0.4103161397670549,11.104264234656158,292483.0,1723.0,57786.0,857.0,177806.0,58643.0,0.6079190927335948,1.038773507993751,140937.0,1358.0,36418.0,1442.0,93809.0,37860.0,0.665609456707607,3.6858019378048557,3406846.0,139.0,720.0,10038804.0,44923186.0,0.19305555555555556,0.2234659848034821,5.303030303030298,8083274.25,382.0,694.0,19711042.0,27342274.0,0.5504322766570605,0.7208998783349183,-6.142506142506143,19136067.0,545.0,1601.0,24094741.0,59979349.0,0.3404122423485322,0.4017172810595193,-3.1971580817051537,24471435.75,100.0,244.0,4373192.0,8486786.0,0.4098360655737705,0.5152942468444474,61.29032258064515,3711073.75,86.0,211.0,2210913.0,6284424.0,0.4075829383886256,0.35180837575567786,1.17647058823529,2185251.5,104.0,261.0,4775222.0,9873860.0,0.39846743295019155,0.48362261567411324,4.0000000000000036,4721735.5,1356.0,3731.0,0.3634414366121683
2025-08-15,160069.0,3460.0,48032.0,174.0,40981.0,48206.0,0.2560208410123134,-6.061690864916258,235699.0,3396.0,49789.0,2356.0,153854.0,52145.0,0.6527562696490015,-0.6976891154599651,2568643.0,16985.0,365589.0,58448.0,1628720.0,424037.0,0.6340779937110762,1.1345654644981717,9015.0,832.0,5267.0,22.0,3699.0,5289.0,0.4103161397670549,11.104264234656158,292483.0,1723.0,57786.0,857.0,177806.0,58643.0,0.6079190927335948,1.038773507993751,140937.0,1358.0,36418.0,1442.0,93809.0,37860.0,0.665609456707607,3.6858019378048557,3406846.0,128.0,680.0,7521395.0,45259468.0,0.18823529411764706,0.16618390211745307,-7.913669064748197,8167844.75,425.0,742.0,19092926.0,27744699.0,0.5727762803234502,0.6881648274504618,11.256544502617793,18733174.5,564.0,1666.0,23495438.0,64545165.0,0.3385354141656663,0.36401546111161076,3.4862385321100975,23920493.0,80.0,268.0,4204165.0,8913636.0,0.29850746268656714,0.47165545014402654,-19.999999999999996,3734020.5,92.0,224.0,2171163.0,6826672.0,0.4107142857142857,0.3180412066084323,6.976744186046502,2153432.0,113.0,271.0,4605294.0,9287283.0,0.41697416974169743,0.4958709667832885,8.653846153846146,4735898.0,1402.0,3851.0,0.36406128278369254
2025-08-22,160069.0,3460.0,48032.0,174.0,40981.0,48206.0,0.2560208410123134,-6.061690864916258,235699.0,3396.0,49789.0,2356.0,153854.0,52145.0,0.6527562696490015,-0.6976891154599651,2568643.0,16985.0,365589.0,58448.0,1628720.0,424037.0,0.6340779937110762,1.1345654644981717,9015.0,832.0,5267.0,22.0,3699.0,5289.0,0.4103161397670549,11.104264234656158,292483.0,1723.0,57786.0,857.0,177806.0,58643.0,0.6079190927335948,1.038773507993751,140937.0,1358.0,36418.0,1442.0,93809.0,37860.0,0.665609456707607,3.6858019378048557,3406846.0,137.0,700.0,9898553.0,45297635.0,0.1957142857142857,0.21852251226802458,7.03125,8754648.75,418.0,736.0,20849703.0,28899365.0,0.5679347826086957,0.7214588625044184,-1.6470588235294126,19631694.75,592.0,1700.0,24913168.0,65402746.0,0.34823529411764703,0.38091929656898504,4.964539007092195,24063881.0,57.0,194.0,2256494.0,5858355.0,0.29381443298969073,0.38517536066011704,-28.749999999999996,3444879.25,78.0,205.0,2089991.0,6005155.0,0.3804878048780488,0.34803281513965917,-15.217391304347828,2168792.75,106.0,278.0,4568221.0,9599530.0,0.381294964028777,0.4758796524413174,-6.194690265486724,4597028.5,1388.0,3813.0,0.36401783372672436
2025-08-29,160069.0,3460.0,48032.0,174.0,40981.0,48206.0,0.2560208410123134,-6.061690864916258,235699.0,3396.0,49789.0,2356.0,153854.0,52145.0,0.6527562696490015,-0.6976891154599651,2568643.0,16985.0,365589.0,58448.0,1628720.0,424037.0,0.6340779937110762,1.1345654644981717,9015.0,832.0,5267.0,22.0,3699.0,5289.0,0.4103161397670549,11.104264234656158,292483.0,1723.0,57786.0,857.0,177806.0,58643.0,0.6079190927335948,1.038773507993751,140937.0,1358.0,36418.0,1442.0,93809.0,37860.0,0.665609456707607,3.6858019378048557,3406846.0,126.0,717.0,7811079.0,45188480.0,0.17573221757322174,0.17285553751752658,-8.029197080291972,8817457.75,405.0,734.0,19092299.0,26656305.0,0.5517711171662125,0.716239516317059,-3.1100478468899517,19686492.5,613.0,1661.0,26806005.0,65055156.0,0.3690547862733293,0.41205042994593694,3.5472972972973027,24827338.0,84.0,249.0,4875352.0,9565102.0,0.3373493975903614,0.5097020397691525,47.36842105263157,3927300.75,93.0,219.0,2480099.0,6363647.0,0.4246575342465753,0.3897291914526371,19.23076923076923,2238041.5,103.0,265.0,4774532.0,8992737.0,0.3886792452830189,0.5309320176938345,-2.8301886792452824,4680817.25,1424.0,3845.0,0.3703511053315995
2025-09-05,161305.0,3317.0,45682.0,352.0,37631.0,46034.0,0.23329097052168252,0.7721670029799732,238982.0,3365.0,52646.0,2470.0,158947.0,55116.0,0.6651003004410374,1.3928782048290511,2482449.0,15110.0,361854.0,57743.0,1564303.0,419597.0,0.6301450704526055,-3.355623961757237,8554.0,795.0,4789.0,29.0,3632.0,4818.0,0.42459667991582883,-5.113699389905713,279361.0,1684.0,55808.0,1216.0,166059.0,57024.0,0.5944244185838395,-4.486414595036292,136250.0,1427.0,38541.0,2037.0,87014.0,40578.0,0.6386348623853211,-3.325599381283839,3306901.0,106.0,620.0,6944062.0,39996112.0,0.17096774193548386,0.1736184257109791,-15.873015873015872,8043772.25,443.0,760.0,20362495.0,27928954.0,0.5828947368421052,0.729081905466277,9.382716049382722,19849355.75,567.0,1656.0,22674700.0,61477595.0,0.3423913043478261,0.36882867652841655,-7.504078303425777,24472327.75,70.0,250.0,3602625.0,8835562.0,0.28,0.4077414656815265,-16.666666666666664,3734659.0,94.0,208.0,2188164.0,5973488.0,0.4519230769230769,0.366312613334119,1.0752688172043001,2232354.25,95.0,285.0,4033877.0,10314923.0,0.3333333333333333,0.3910719449868894,-7.7669902912621325,4495481.0,1375.0,3779.0,0.36385287112992853
2025-09-12,161305.0,3317.0,45682.0,352.0,37631.0,46034.0,0.23329097052168252,0.7721670029799732,238982.0,3365.0,52646.0,2470.0,158947.0,55116.0,0.6651003004410374,1.3928782048290511,2482449.0,15110.0,361854.0,57743.0,1564303.0,419597.0,0.6301450704526055,-3.355623961757237,8554.0,795.0,4789.0,29.0,3632.0,4818.0,0.42459667991582883,-5.113699389905713,279361.0,1684.0,55808.0,1216.0,166059.0,57024.0,0.5944244185838395,-4.486414595036292,136250.0,1427.0,38541.0,2037.0,87014.0,40578.0,0.6386348623853211,-3.325599381283839,3306901.0,130.0,653.0,8274811.0,44039625.0,0.1990811638591118,0.18789467439834012,22.64150943396226,8232126.25,373.0,679.0,17417126.0,25894814.0,0.5493372606774669,0.6726105852700853,-15.801354401805867,19430405.75,576.0,1720.0,26844371.0,70583494.0,0.33488372093023255,0.38032080134769186,1.5873015873015817,25309561.0,70.0,232.0,3909642.0,8264187.0,0.3017241379310345,0.47308247018127736,0.0,3661028.25,90.0,223.0,2230830.0,6661639.0,0.40358744394618834,0.33487704752539127,-4.255319148936165,2247271.0,118.0,301.0,5852791.0,11682270.0,0.3920265780730897,0.500997751293199,24.210526315789483,4807355.25,1357.0,3808.0,0.35635504201680673
2025-09-19,161305.0,3317.0,45682.0,352.0,37631.0,46034.0,0.23329097052168252,0.7721670029799732,238982.0,3365.0,52646.0,2470.0,158947.0,55116.0,0.6651003004410374,1.3928782048290511,2482449.0,15110.0,361854.0,57743.0,1564303.0,419597.0,0.6301450704526055,-3.355623961757237,8554.0,795.0,4789.0,29.0,3632.0,4818.0,0.42459667991582883,-5.113699389905713,279361.0,1684.0,55808.0,1216.0,166059.0,57024.0,0.5944244185838395,-4.486414595036292,136250.0,1427.0,38541.0,2037.0,87014.0,40578.0,0.6386348623853211,-3.325599381283839,3306901.0,130.0,650.0,8931844.0,43316943.0,0.2,0.20619746873642492,0.0,7990449.0,392.0,687.0,17595952.0,25146423.0,0.5705967976710334,0.6997397602036679,5.093833780160861,18616968.0,626.0,1758.0,25383624.0,65048174.0,0.3560864618885097,0.3902280792693735,8.680555555555557,25427175.0,83.0,254.0,4837482.0,10018930.0,0.32677165354330706,0.4828341948691128,18.571428571428573,4306275.25,88.0,220.0,2517570.0,6987444.0,0.4,0.36029913084097703,-2.2222222222222254,2354165.75,119.0,298.0,5268818.0,10397093.0,0.39932885906040266,0.5067587642045714,0.8474576271186418,4982504.5,1438.0,3867.0,0.3718644944401345
2025-09-26,161305.0,3317.0,45682.0,352.0,37631.0,46034.0,0.23329097052168252,0.7721670029799732,238982.0,3365.0,52646.0,2470.0,158947.0,55116.0,0.6651003004410374,1.3928782048290511,2482449.0,15110.0,361854.0,57743.0,1564303.0,419597.0,0.6301450704526055,-3.355623961757237,8554.0,795.0,4789.0,29.0,3632.0,4818.0,0.42459667991582883,-5.113699389905713,279361.0,1684.0,55808.0,1216.0,166059.0,57024.0,0.5944244185838395,-4.486414595036292,136250.0,1427.0,38541.0,2037.0,87014.0,40578.0,0.6386348623853211,-3.325599381283839,3306901.0,142.0,678.0,9932385.0,42621367.0,0.20943952802359883,0.23303769210405664,9.23076923076922,8520775.5,384.0,654.0,17056115.0,24038413.0,0.5871559633027523,0.7095358166947211,-2.0408163265306145,18107922.0,601.0,1651.0,24536593.0,63309943.0,0.36402180496668685,0.3875630246579119,-3.9936102236421744,24859822.0,78.0,217.0,3402637.0,7303438.0,0.35944700460829493,0.46589524002257565,-6.024096385542165,3938096.5,88.0,214.0,2167356.0,6485295.0,0.411214953271028,0.33419543752443026,0.0,2275980.0,104.0,285.0,4834268.0,10117717.0,0.3649122807017544,0.4778022551925499,-12.605042016806722,4997438.5,1397.0,3699.0,0.3776696404433631
2025-10-03,184737.0,3520.0,45308.0,93.0,35758.0,45401.0,0.19356165792450888,14.5265180868541,246792.0,3516.0,50585.0,3142.0,163846.0,53727.0,0.6639032059386042,3.2680285544518073,2615518.0,15046.0,390194.0,59834.0,1638904.0,450028.0,0.6266078077076893,5.3603920966754925,10496.0,898.0,5586.0,40.0,4826.0,5626.0,0.45979420731707316,22.702829085807807,295472.0,1779.0,55183.0,1185.0,177891.0,56368.0,0.6020570477067201,5.76708989443766,142728.0,1407.0,38097.0,2723.0,92446.0,40820.0,0.6477075276049549,4.754495412844029,3495743.0,130.0,666.0,8749470.0,45523530.0,0.19519519519519518,0.19219665083089998,-8.450704225352112,8972127.5,446.0,779.0,21841752.0,30337008.0,0.5725288831835686,0.7199705389536107,16.145833333333325,18477736.25,558.0,1580.0,23923348.0,61418393.0,0.3531645569620253,0.3895143918858313,-7.154742096505828,25171984.0,83.0,227.0,5358986.0,9301839.0,0.3656387665198238,0.5761211304560313,6.41025641025641,4377186.75,79.0,217.0,2309234.0,6579214.0,0.3640552995391705,0.3509893431039027,-10.22727272727273,2306247.5,117.0,289.0,5882363.0,10702281.0,0.40484429065743943,0.5496363812536785,12.5,5459560.0,1413.0,3758.0,0.3759978712080894
2025-10-10,184737.0,3520.0,45308.0,93.0,35758.0,45401.0,0.19356165792450888,14.5265180868541,246792.0,3516.0,50585.0,3142.0,163846.0,53727.0,0.6639032059386042,3.2680285544518073,2615518.0,15046.0,390194.0,59834.0,1638904.0,450028.0,0.6266078077076893,5.3603920966754925,10496.0,898.0,5586.0,40.0,4826.0,5626.0,0.45979420731707316,22.702829085807807,295472.0,1779.0,55183.0,1185.0,177891.0,56368.0,0.6020570477067201,5.76708989443766,142728.0,1407.0,38097.0,2723.0,92446.0,40820.0,0.6477075276049549,4.754495412844029,3495743.0,133.0,713.0,8141765.0,43697269.0,0.18653576437587657,0.18632205596189547,2.3076923076922995,8938866.0,376.0,677.0,15947390.0,23270441.0,0.5553914327917282,0.685306737418513,-15.695067264573993,18110302.25,562.0,1690.0,23436161.0,64299699.0,0.33254437869822484,0.3644832147659043,0.7168458781362075,24319931.5,101.0,251.0,5174137.0,9591248.0,0.40239043824701193,0.5394644158924886,21.68674698795181,4693310.5,100.0,217.0,2526216.0,5856783.0,0.4608294930875576,0.43133167132878236,26.582278481012665,2380094.0,94.0,263.0,4164252.0,9055438.0,0.3574144486692015,0.45986201882228117,-19.658119658119656,5037425.25,1366.0,3811.0,0.35843610600892156
2025-10-17,184737.0,3520.0,45308.0,93.0,35758.0,45401.0,0.19356165792450888,14.5265180868541,246792.0,3516.0,50585.0,3142.0,163846.0,53727.0,0.6639032059386042,3.2680285544518073,2615518.0,15046.0,390194.0,59834.0,1638904.0,450028.0,0.6266078077076893,5.3603920966754925,10496.0,898.0,5586.0,40.0,4826.0,5626.0,0.45979420731707316,22.702829085807807,295472.0,1779.0,55183.0,1185.0,177891.0,56368.0,0.6020570477067201,5.76708989443766,142728.0,1407.0,38097.0,2723.0,92446.0,40820.0,0.6477075276049549,4.754495412844029,3495743.0,119.0,627.0,9379479.0,43144723.0,0.189792663476874,0.21739574037826132,-10.526315789473683,9050774.75,335.0,621.0,16778993.0,25562746.0,0.5394524959742351,0.6563846075065645,-10.904255319148938,17906062.5,610.0,1746.0,29204046.0,69806303.0,0.34936998854524626,0.4183582963847835,8.540925266903908,25275037.0,71.0,236.0,4039171.0,8665750.0,0.3008474576271186,0.4661074921385916,-29.702970297029708,4493732.75,82.0,222.0,2160638.0,6650727.0,0.36936936936936937,0.3248724537933973,-18.000000000000004,2290861.0,117.0,306.0,5965498.0,11468256.0,0.38235294117647056,0.5201748199551877,24.468085106382986,5211595.25,1334.0,3758.0,0.35497605109100583
2025-10-24,184737.0,3520.0,45308.0,93.0,35758.0,45401.0,0.19356165792450888,14.5265180868541,246792.0,3516.0,50585.0,3142.0,163846.0,53727.0,0.6639032059386042,3.2680285544518073,2615518.0,15046.0,390194.0,59834.0,1638904.0,450028.0,0.6266078077076893,5.3603920966754925,10496.0,898.0,5586.0,40.0,4826.0,5626.0,0.45979420731707316,22.702829085807807,295472.0,1779.0,55183.0,1185.0,177891.0,56368.0,0.6020570477067201,5.76708989443766,142728.0,1407.0,38097.0,2723.0,92446.0,40820.0,0.6477075276049549,4.754495412844029,3495743.0,131.0,656.0,10262489.0,40916400.0,0.19969512195121952,0.25081602975823875,10.084033613445387,9133300.75,382.0,675.0,16563181.0,25420564.0,0.5659259259259259,0.651566228034909,14.029850746268657,17782829.0,557.0,1640.0,21591782.0,61742712.0,0.33963414634146344,0.3497057596044696,-8.688524590163937,24538834.25,93.0,273.0,5159784.0,9943315.0,0.34065934065934067,0.5189198974386309,30.98591549295775,4933019.5,94.0,217.0,2547383.0,6213838.0,0.43317972350230416,0.4099532366308874,14.634146341463406,2385867.75,105.0,284.0,5047802.0,10432858.0,0.36971830985915494,0.483836931356681,-10.256410256410254,5264978.75,1362.0,3745.0,0.3636849132176235
2025-10-31,184737.0,3520.0,45308.0,93.0,35758.0,45401.0,0.19356165792450888,14.5265180868541,246792.0,3516.0,50585.0,3142.0,163846.0,53727.0,0.6639032059386042,3.2680285544518073,2615518.0,15046.0,390194.0,59834.0,1638904.0,450028.0,0.6266078077076893,5.3603920966754925,10496.0,898.0,5586.0,40.0,4826.0,5626.0,0.45979420731707316,22.702829085807807,295472.0,1779.0,55183.0,1185.0,177891.0,56368.0,0.6020570477067201,5.76708989443766,142728.0,1407.0,38097.0,2723.0,92446.0,40820.0,0.6477075276049549,4.754495412844029,3495743.0,134.0,623.0,9162124.0,40189748.0,0.21508828250401285,0.2279716707852958,2.2900763358778553,9236464.25,381.0,692.0,18369779.0,26236255.0,0.5505780346820809,0.7001677259197244,-0.2617801047120394,16914835.75,589.0,1667.0,29991131.0,70994770.0,0.35332933413317336,0.4224414136421598,5.74506283662477,26055780.0,84.0,246.0,4915413.0,10101869.0,0.34146341463414637,0.4865845122323404,-9.677419354838712,4822126.25,89.0,213.0,2499169.0,6428931.0,0.41784037558685444,0.38873787881686706,-5.319148936170215,2433351.5,103.0,286.0,5451239.0,11042607.0,0.36013986013986016,0.4936550761971335,-1.904761904761909,5157197.75,1380.0,3727.0,0.37027099543869063
2025-11-07,181728.0,3408.0,43294.0,393.0,38113.0,43687.0,0.20972552385983448,-1.6288020266649328,275125.0,3638.0,59948.0,2535.0,164261.0,62483.0,0.5970413448432531,11.480518007066687,2588680.0,14678.0,387783.0,56560.0,1624931.0,444343.0,0.6277063986278721,-1.026106492098311,11739.0,1055.0,6557.0,36.0,4973.0,6593.0,0.4236306329329585,11.84260670731707,287798.0,1818.0,55423.0,1180.0,172376.0,56603.0,0.5989478731610366,-2.59720041154492,145027.0,1580.0,45031.0,1874.0,89522.0,46905.0,0.6172781619974211,1.6107561235356727,3490097.0,104.0,598.0,6702218.0,37603309.0,0.17391304347826086,0.17823479311355286,-22.388059701492537,8876577.5,312.0,541.0,14174828.0,20236849.0,0.5767097966728281,0.7004463985475209,-18.11023622047244,16471695.25,588.0,1685.0,25280714.0,64843093.0,0.3489614243323442,0.3898752022825315,-0.1697792869269965,26516918.25,92.0,258.0,5187042.0,9853098.0,0.35658914728682173,0.5264376747293085,9.523809523809534,4825352.5,93.0,220.0,2563469.0,6774014.0,0.42272727272727273,0.37842688249537126,4.494382022471921,2442664.75,110.0,303.0,5650699.0,10913086.0,0.36303630363036304,0.5177911179294289,6.796116504854366,5528809.5,1299.0,3605.0,0.3603328710124827
2025-11-14,181728.0,3408.0,43294.0,393.0,38113.0,43687.0,0.20972552385983448,-1.6288020266649328,275125.0,3638.0,59948.0,2535.0,164261.0,62483.0,0.5970413448432531,11.480518007066687,2588680.0,14678.0,387783.0,56560.0,1624931.0,444343.0,0.6277063986278721,-1.026106492098311,11739.0,1055.0,6557.0,36.0,4973.0,6593.0,0.4236306329329585,11.84260670731707,287798.0,1818.0,55423.0,1180.0,172376.0,56603.0,0.5989478731610366,-2.59720041154492,145027.0,1580.0,45031.0,1874.0,89522.0,46905.0,0.6172781619974211,1.6107561235356727,3490097.0,111.0,583.0,7584404.0,37023303.0,0.19039451114922812,0.2048548720788094,6.730769230769229,8427808.75,367.0,631.0,17658544.0,24580393.0,0.5816164817749604,0.7183995796975255,17.62820512820513,16691583.0,610.0,1728.0,30438853.0,72844685.0,0.35300925925925924,0.41785962833115414,3.741496598639449,26825620.0,91.0,246.0,5301132.0,9700153.0,0.3699186991869919,0.5464998335593263,-1.0869565217391353,5140842.75,90.0,213.0,2661494.0,6714348.0,0.4225352112676056,0.3963890462633155,-3.2258064516129004,2567878.75,114.0,313.0,5708167.0,11445752.0,0.36421725239616615,0.4987148943992496,3.6363636363636376,5464476.75,1383.0,3714.0,0.37237479806138934
2025-11-21,181728.0,3408.0,43294.0,393.0,38113.0,43687.0,0.20972552385983448,-1.6288020266649328,275125.0,3638.0,59948.0,2535.0,164261.0,62483.0,0.5970413448432531,11.480518007066687,2588680.0,14678.0,387783.0,56560.0,1624931.0,444343.0,0.6277063986278721,-1.026106492098311,11739.0,1055.0,6557.0,36.0,4973.0,6593.0,0.4236306329329585,11.84260670731707,287798.0,1818.0,55423.0,1180.0,172376.0,56603.0,0.5989478731610366,-2.59720041154492,145027.0,1580.0,45031.0,1874.0,89522.0,46905.0,0.6172781619974211,1.6107561235356727,3490097.0,118.0,606.0,7788239.0,40774580.0,0.19471947194719472,0.19100721577021762,6.3063063063063085,7809246.25,357.0,618.0,19555751.0,27519391.0,0.5776699029126213,0.7106171426540653,-2.7247956403269713,17439725.5,573.0,1632.0,26154528.0,64279158.0,0.35110294117647056,0.4068897106586244,-6.065573770491806,27966306.5,85.0,277.0,4764448.0,10841227.0,0.30685920577617326,0.4394749782473884,-6.593406593406592,5042008.75,96.0,203.0,2130624.0,5496163.0,0.4729064039408867,0.3876566251765095,6.666666666666665,2463689.0,91.0,288.0,4531219.0,10549100.0,0.3159722222222222,0.42953607416746453,-20.175438596491226,5335331.0,1320.0,3624.0,0.36423841059602646
2025-11-28,181728.0,3408.0,43294.0,393.0,38113.0,43687.0,0.20972552385983448,-1.6288020266649328,275125.0,3638.0,59948.0,2535.0,164261.0,62483.0,0.5970413448432531,11.480518007066687,2588680.0,14678.0,387783.0,56560.0,1624931.0,444343.0,0.6277063986278721,-1.026106492098311,11739.0,1055.0,6557.0,36.0,4973.0,6593.0,0.4236306329329585,11.84260670731707,287798.0,1818.0,55423.0,1180.0,172376.0,56603.0,0.5989478731610366,-2.59720041154492,145027.0,1580.0,45031.0,1874.0,89522.0,46905.0,0.6172781619974211,1.6107561235356727,3490097.0,135.0,645.0,6944705.0,40770944.0,0.20930232558139536,0.17033466284224374,14.406779661016955,7254891.5,287.0,518.0,14500262.0,20650549.0,0.5540540540540541,0.7021731964607817,-19.6078431372549,16472346.25,574.0,1600.0,28105364.0,66187786.0,0.35875,0.42463067128427595,0.17452006980802626,27494864.75,91.0,261.0,3906429.0,8470480.0,0.3486590038314176,0.46118153870855016,7.058823529411762,4789762.75,96.0,226.0,2671288.0,6591966.0,0.4247787610619469,0.40523388621846657,0.0,2506718.75,109.0,299.0,5366641.0,11717340.0,0.36454849498327757,0.4580084729127942,19.780219780219777,5314181.5,1292.0,3549.0,0.36404621020005634
2025-12-05,188450.0,3488.0,46324.0,306.0,44012.0,46630.0,0.23354736004245158,3.6989346715971205,260730.0,3681.0,62711.0,2803.0,164079.0,65514.0,0.629306178805661,-5.232167196728755,2700921.0,15639.0,426336.0,60243.0,1686168.0,486579.0,0.6242937131445162,4.335839114915707,11998.0,1052.0,6301.0,33.0,5549.0,6334.0,0.4624937489581597,2.2063208109719845,314788.0,1918.0,58876.0,858.0,186385.0,59734.0,0.5920969033127057,9.378105476758014,146309.0,1518.0,45917.0,1953.0,90388.0,47870.0,0.6177883793888278,0.8839733291042373,3623196.0,121.0,606.0,7656474.0,38390249.0,0.19966996699669967,0.19943798749521005,-10.370370370370374,7493455.5,255.0,451.0,16173463.0,21409170.0,0.565410199556541,0.7554455871012281,-11.149825783972123,16972005.0,587.0,1679.0,26255578.0,65967370.0,0.3496128648004765,0.3980085608991233,2.2648083623693305,27738580.75,83.0,255.0,4208985.0,9613664.0,0.3254901960784314,0.43781278397081486,-8.791208791208794,4545248.5,99.0,230.0,2541627.0,6450037.0,0.43043478260869567,0.3940484372415228,3.125,2501258.25,99.0,275.0,4573152.0,10431659.0,0.36,0.4383916307080207,-9.174311926605505,5044794.75,1244.0,3496.0,0.35583524027459956
2025-12-12,,,,,,,,,,,,,,,,,,,,,,,,,,,,,,,,,,,,,,,,,,,,,,,,,,89.0,590.0,5983639.0,35381919.0,0.15084745762711865,0.16911572829048646,-26.446280991735538,7093264.25,260.0,462.0,12312084.0,18161957.0,0.5627705627705628,0.6779051398480902,1.9607843137254832,15635390.0,601.0,1650.0,26988735.0,66529392.0,0.36424242424242426,0.4056663406754116,2.3850085178875657,26876051.25,64.0,188.0,3171347.0,6727234.0,0.3404255319148936,0.4714191597913793,-22.891566265060238,4012802.25,93.0,216.0,2234796.0,6759306.0,0.4305555555555556,0.33062506712967277,-6.060606060606055,2394583.75,101.0,269.0,5095728.0,10447991.0,0.3754646840148699,0.4877232378932945,2.020202020202011,4891685.0,1208.0,3375.0,0.3579259259259259
2025-12-19,,,,,,,,,,,,,,,,,,,,,,,,,,,,,,,,,,,,,,,,,,,,,,,,,,120.0,580.0,8375552.0,39555905.0,0.20689655172413793,0.21173961258123156,34.8314606741573,7240092.5,255.0,443.0,14862364.0,20590528.0,0.5756207674943566,0.7218058711267628,-1.9230769230769273,14462043.25,610.0,1689.0,26772929.0,67189734.0,0.3611604499703967,0.3984675545820735,1.4975041597337757,27030651.5,86.0,220.0,4452023.0,9140572.0,0.39090909090909093,0.4870617506212959,34.375,3934696.0,104.0,223.0,2622752.0,6433856.0,0.4663677130044843,0.4076485392274866,11.827956989247301,2517615.75,116.0,294.0,6015994.0,12084131.0,0.3945578231292517,0.49784250104537925,14.851485148514843,5262878.75,1291.0,3449.0,0.3743113946071325
2025-12-26,,,,,,,,,,,,,,,,,,,,,,,,,,,,,,,,,,,,,,,,,,,,,,,,,,119.0,578.0,8040255.0,37560541.0,0.20588235294117646,0.21406121386803242,-0.8333333333333304,7513980.0,249.0,482.0,12203605.0,19722717.0,0.516597510373444,0.6187588150253335,-2.352941176470591,13887879.0,583.0,1653.0,25046815.0,64379956.0,0.352692075015124,0.38904678654952796,-4.426229508196721,26266014.25,72.0,212.0,4258945.0,8242462.0,0.33962264150943394,0.5167078719926158,-16.279069767441857,4022825.0,76.0,204.0,1814738.0,6353295.0,0.37254901960784315,0.28563729529322973,-26.923076923076927,2303478.25,107.0,275.0,5638735.0,10765658.0,0.3890909090909091,0.5237705860617159,-7.758620689655171,5330902.25,1206.0,3404.0,0.35428907168037604
