week_ending_friday,gdelt_oil_geo_event_count,gdelt_oil_geo_total_mentions,gdelt_negative_event_count,gdelt_conflict_event_count,gdelt_sanction_event_count,gdelt_key_oil_region_event_count,gdelt_oil_geo_avg_tone,gdelt_oil_geo_avg_goldstein,gdelt_transport_disruption_event_count,gdelt_transport_disruption_total_mentions,gdelt_transport_negative_event_count,gdelt_transport_unrest_conflict_event_count,gdelt_transport_sanction_event_count,gdelt_chokepoint_event_count,gdelt_transport_disruption_avg_tone,gdelt_transport_disruption_avg_goldstein,gdelt_oil_geo_event_count_4w_ma,gdelt_oil_geo_event_count_wow_pct,gdelt_oil_geo_negative_share,gdelt_oil_geo_conflict_share,gdelt_oil_geo_avg_tone_4w_ma,gdelt_transport_event_count_4w_ma,gdelt_transport_event_count_wow_pct,gdelt_transport_negative_share,gdelt_transport_avg_tone_4w_ma,gdelt_combined_event_count
2006-01-06,18807,45243,6792,2625,319,20329,4.789020529752712,-0.03888202412722173,21,80,21,17,0,0,0.874382783236061,-2.871564009661835,18807.0,,0.36114212793108946,0.1395756899026958,4.789020529752712,21.0,,1.0,0.874382783236061,18828
2006-01-13,23563,58531,8049,2344,287,25455,5.1282792661598275,0.3059874489568733,11,24,11,10,0,4,1.2818739170893108,-3.387546583850931,21185.0,25.288456425798913,0.3415948733183381,0.09947799516190638,4.95864989795627,16.0,-47.61904761904761,1.0,1.078128350162686,23574
2006-01-20,25872,61135,8671,2818,399,27960,5.125576592975875,0.2349854494346412,10,13,10,0,2,9,2.3540391997076275,-3.4435300207039328,22747.333333333332,9.799261554131466,0.3351499690785405,0.1089208410636982,5.014292129629472,14.0,-9.090909090909093,1.0,1.5034319666776665,25882
2006-01-27,25727,57988,8898,2591,335,27775,5.2769985713888685,0.256114693811104,12,21,12,0,0,1,0.9154765607518988,-1.4202691511387162,23492.25,-0.5604514533085969,0.34586232362887237,0.10071131496093598,5.0799687400693205,13.5,19.999999999999996,1.0,1.3564431151962246,25739
2006-02-03,29496,69664,10692,3153,458,31712,5.157062533636666,0.06250933217295114,10,26,10,7,1,6,1.1395666436316039,-5.161966873706004,26164.5,14.649978621681491,0.3624898291293735,0.10689585028478438,5.17197924104031,10.75,-16.666666666666664,1.0,1.4227390802951103,29506
2006-02-10,24756,60240,9386,2980,372,26769,5.182556487098757,-0.1900447425562397,20,67,20,17,0,11,2.514053063725538,-6.658609385783298,26462.75,-16.069975589910502,0.37914041040555824,0.12037485862013249,5.185548546275042,13.0,100.0,1.0,1.7307838669541669,24776
2006-02-17,28940,71713,10616,3039,636,31236,5.20330813769025,-0.025504488478960332,5,16,5,4,0,0,0.83790443402339,-3.844689440993789,27229.75,16.900953304249477,0.3668279198341396,0.10501036627505184,5.204981432453636,11.75,-75.0,1.0,1.3517501755331076,28945
2006-02-24,26500,72059,9607,3351,439,28609,5.2426507202351145,-0.15711695548370416,26,52,26,10,0,6,3.080815076691915,-6.196521739130434,27423.0,-8.43123704215618,0.36252830188679247,0.12645283018867925,5.196394469665197,15.25,420.0,1.0,1.8930848045181117,26526
2006-03-03,32559,86469,11130,3858,368,35159,5.087763245806976,0.020030803882017358,14,27,14,9,0,8,2.5868260561509713,-5.7173395445134565,28188.75,22.864150943396222,0.3418409656316226,0.11849258269602875,5.179069647707775,16.25,-46.15384615384615,1.0,2.2548996576479534,32573
2006-03-10,27752,73488,9107,2783,304,29758,5.391310430117208,0.29591587510605727,8,11,8,8,0,3,1.0156956743444496,-4.023260869565218,28937.75,-14.763966952301978,0.3281565292591525,0.10028106082444509,5.231258133462387,13.25,-42.85714285714286,1.0,1.8803103103026815,27760
2006-03-17,38713,115518,14294,4217,413,41826,5.233030316866295,0.017194189414561616,3,4,3,3,0,2,1.1518042351539683,-2.777412008281573,31381.0,39.496252522340725,0.369229974427195,0.10892981685738641,5.238688678256398,12.75,-62.5,1.0,1.958785260585326,38716
2006-03-24,37874,107892,14178,4748,464,40882,5.323806165153604,-0.20019695288831332,15,27,15,10,0,3,1.4929529502411805,-5.7001966873706,34224.5,-2.167230646036211,0.37434651739979935,0.12536304588900038,5.258977539486021,10.0,400.0,1.0,1.5618197289726425,37889
2006-03-31,37299,119779,13092,4708,481,40314,5.56948805147822,0.04561806159719325,5,18,5,3,0,1,0.8726758585708911,-2.420269151138716,35409.5,-1.5181918994560895,0.3510013673288828,0.1262232231427116,5.379408740903832,7.75,-66.66666666666667,1.0,1.1332821795776225,37304
2006-04-07,33177,107004,12665,4523,352,35842,5.278210804670171,-0.2544809282136169,38,93,38,33,0,12,3.163201169962488,-6.835297249334516,36765.75,-11.051234617550065,0.3817403622991832,0.13632938481478132,5.351133834542073,15.25,660.0,1.0,1.670158553482132,33215
2006-04-14,23162,61303,8643,2767,377,25003,5.429631839963123,-0.23773255984935446,18,40,18,14,0,5,2.3758013785397067,-6.48128512274475,32878.0,-30.18657503692317,0.3731543044642086,0.11946291339262585,5.40028421531628,19.0,-52.63157894736843,1.0,1.9761578393285664,23180
2006-04-21,33385,92746,11412,3871,337,36072,5.533038232096553,-0.10920535645148202,17,49,17,15,0,5,3.247804649597686,-8.847132505175983,31755.75,44.1369484500475,0.3418301632469672,0.11595027707054066,5.452592232052017,19.5,-5.555555555555558,1.0,2.4148707641676928,33402
2006-04-28,28578,75076,9629,2962,409,30715,5.621761992843977,0.13579009409654055,48,74,48,42,0,47,3.667928515937806,-9.124788182831661,29575.5,-14.39868204283361,0.336937504373994,0.10364616138288194,5.4656607173934555,30.25,182.3529411764706,1.0,3.1136839285094218,28626
2006-05-05,21311,48409,8062,2669,363,23026,5.406465554854726,-0.3838956816780538,15,26,15,13,0,5,1.855180040369667,-5.340538302277432,26609.0,-25.42865141017566,0.3783022852048238,0.12524048613392144,5.497724404939595,24.5,-68.75,1.0,2.7866786461112163,21326
2006-05-12,28707,72354,10610,4243,361,30998,5.584720960847185,-0.39679454522789614,21,41,21,10,0,11,1.742520835568231,-3.2654377403135166,27995.25,34.70508188259585,0.3695962657191626,0.1478036715783607,5.5364966851606106,25.25,39.99999999999999,1.0,2.6283585103683476,28728
2006-05-19,32586,92438,12402,4971,328,35212,5.292140781418238,-0.4163651668833625,25,44,25,19,0,9,2.7524521986128363,-7.483256433007986,27795.5,13.512383739157707,0.38059289265328666,0.15255017492174552,5.476272322491031,27.25,19.047619047619047,1.0,2.504520397622135,32611
2006-05-26,37949,107663,12606,4590,322,41019,5.450521412960588,0.260399762769579,20,37,20,15,0,8,2.6321214453257213,-7.138783643892339,30138.25,16.457988093046083,0.3321826662099133,0.12095180373659385,5.433462177520184,20.25,-19.999999999999996,1.0,2.2455686299691138,37969
2006-06-02,40948,116485,14060,5257,478,44056,5.458928328446595,0.06148508463211603,25,36,25,19,0,18,1.9111329540949202,-5.973639910813824,35047.5,7.902711533900764,0.3433623131776888,0.12838233857575462,5.446577870918151,22.75,25.0,1.0,2.259556858400427,40973
2006-06-09,39167,114368,14826,6204,339,42301,5.385947520365889,-0.31539487320825205,14,23,14,12,0,9,0.5539242717176026,-5.108395445134575,37662.5,-4.349418775031744,0.3785329486557561,0.1583986519263666,5.396884510797827,21.0,-43.99999999999999,1.0,1.9624077174377703,39181
2006-06-16,32550,90051,11205,4157,266,35195,5.454555615251043,-0.0674523076279218,7,9,7,7,0,3,1.8337053492582656,-4.273260869565218,37653.5,-16.894324303622945,0.3442396313364055,0.12771121351766512,5.4374882192560285,16.5,-50.0,1.0,1.7327210050991275,32557
2006-06-23,39277,112528,15457,6770,293,42439,5.254675362208623,-0.503905193975411,20,133,20,19,0,9,2.5228545231495545,-6.979244306418218,37985.5,20.66666666666668,0.39353820301957887,0.1723655065305395,5.388526706568037,16.5,185.71428571428572,1.0,1.7054042745550857,39297
2006-06-30,36090,102176,13009,5514,266,39028,5.297068107483603,-0.16879695026298913,11,17,11,7,0,5,2.4770186853492695,-5.018530020703933,36771.0,-8.114163505359373,0.3604599612080909,0.15278470490440565,5.348061651327289,13.0,-44.99999999999999,1.0,1.8468757073686732,36101
2006-07-07,33355,90165,11533,4620,365,36060,5.298594317476817,-0.052742249694485696,11,10,11,2,0,2,-0.1393345009263287,-3.4875465838509316,35318.0,-7.578276530894989,0.3457652525858192,0.1385099685204617,5.326223350605021,12.25,0.0,1.0,1.67356101420769,33366
2006-07-14,32822,81941,12315,5128,325,35476,4.983603734937113,-0.4031943189934693,10,33,10,6,0,1,2.035353592677928,-5.522101449275362,35386.0,-1.5979613251386637,0.37520565474376943,0.1562366705258668,5.20848538052654,13.0,-9.090909090909093,1.0,1.7239730750626059,32832
2006-07-21,39427,98418,15397,5846,655,42564,5.207442364099196,-0.3580051954935482,32,65,32,19,10,16,1.9026174959830686,-3.4247374364765664,35423.5,20.12369751995613,0.3905191873589165,0.14827402541405635,5.196677130999182,16.0,220.00000000000003,1.0,1.5689138182709843,39459
2006-07-28,42056,106409,15610,6364,500,45458,5.181722797209893,-0.26702478817905134,6,12,6,1,0,2,1.523902132128827,-3.540538302277432,36915.0,6.6680193775839,0.3711717709720373,0.15132204679474986,5.167840803430755,14.75,-81.25,1.0,1.3306346799658737,42062
2006-08-04,35099,95265,13977,5325,426,37959,5.3181750947721165,-0.3789754032065379,5,8,5,4,0,1,0.765402074766348,-3.4637370600414075,37351.0,-16.542229408407838,0.3982164734038007,0.15171372403772188,5.17273599775458,13.25,-16.666666666666664,1.0,1.5568188238890428,35104
2006-08-11,33141,96123,13875,5893,430,35795,4.939107922445676,-0.6619725457578355,30,37,30,24,1,8,2.5360841808146253,-7.787593167701863,37430.75,-5.578506510156989,0.41866570109532,0.17781599831025013,5.16161204463172,18.25,500.0,1.0,1.6820014709232174,33171
2006-08-18,29467,78936,12076,5097,343,31798,5.041468939353712,-0.6659480715317045,23,39,23,2,1,1,2.7414274452503693,-6.432870945479641,34940.75,-11.085966023958239,0.40981436861573967,0.17297315641225777,5.120118688445349,16.0,-23.33333333333333,1.0,1.8917039582400423,29490
2006-08-25,35969,97084,13741,4777,437,38875,4.9748386335730235,-0.47228562646159616,22,42,22,21,0,19,0.904130271299807,-5.075886287625418,33419.0,22.06536125156955,0.3820234090466791,0.1328088075843087,5.068397647536132,20.0,-4.347826086956519,1.0,1.7367609930327874,35991
2006-09-01,39176,107926,15985,6681,604,42337,5.048848611209861,-0.6726697530387791,13,37,13,6,0,0,2.0213562458922323,-4.8078157349896475,34438.25,8.916011009480385,0.4080304267919134,0.17053808454155606,5.001066026645568,22.0,-40.90909090909091,1.0,2.0507495358142585,39189
2006-09-08,44460,121353,15779,5586,669,48002,5.108695590382853,-0.059443736107528185,24,39,24,13,2,5,4.414731117024977,-7.922132505175982,37268.0,13.487849703900356,0.3549032838506523,0.12564102564102564,5.043462943629862,20.5,84.61538461538463,1.0,2.5204112698668464,44484
2006-09-15,43933,116810,15559,5310,720,47222,5.1533594783269185,-0.09692777899752826,10,26,10,7,0,6,0.9463972691272995,-2.5916977225672873,40884.5,-1.1853351327035577,0.3541529146655134,0.12086586392916486,5.071435578373164,17.25,-58.33333333333333,1.0,2.071653725836079,43943
2006-09-22,43985,133337,15725,5170,557,47535,5.414259370312303,-0.0891760377392684,17,119,17,15,0,0,0.5965047180236811,-2.3964596273291923,42888.5,0.11836205130539845,0.3575082414459475,0.11754007047857223,5.181290762557984,16.0,70.0,1.0,1.9947473375170475,44002
2006-09-29,42643,118089,16006,4731,813,45922,5.2939775680261345,-0.09834285633363808,20,41,20,18,0,0,1.836964561330435,-6.8798550724637675,43755.25,-3.051040127316129,0.37534882630208943,0.11094435194521961,5.242573001762052,17.75,17.647058823529417,1.0,1.9486494163765984,42663
2006-10-06,38331,107457,14594,4466,999,41236,5.047479778063938,-0.2064179231028677,44,69,44,32,2,18,2.7513233549688505,-6.652561730884712,42223.0,-10.111858921745654,0.38073621872635727,0.11651143982677206,5.227269048682324,22.75,120.00000000000001,1.0,1.5327974758625666,38375
2006-10-13,19577,47585,9148,3906,342,21026,4.838756342244117,-1.178810590289451,5,10,5,3,0,2,1.338214826964956,-3.3208799171842647,36134.0,-48.92645639299783,0.46728303621596773,0.19951984471573786,5.148618264661623,21.5,-88.63636363636364,1.0,1.6307518653219808,19582
2006-10-20,21282,51040,8631,3506,366,22820,4.949581294197309,-0.634028746208888,21,41,21,16,2,3,1.0595230882463489,-3.46611801242236,30458.25,8.709199570925064,0.40555398928672115,0.1647401560003759,5.032448745632875,22.5,320.0,1.0,1.7465064578776477,21303
2006-10-27,31661,83379,12382,4352,543,34116,5.392756214554501,-0.3671534671524825,6,15,6,1,1,7,1.9576801301938462,-1.660269151138716,27712.75,48.76891269617518,0.39108050914374154,0.13745617636840277,5.057143407264967,19.0,-71.42857142857143,1.0,1.7766853500935005,31667
2006-11-03,41803,112010,15746,5342,638,45113,5.181700874672117,-0.20367549460713832,20,57,20,16,0,6,2.766761827699487,-6.990399290150842,28580.75,32.03310066011813,0.3766715307513815,0.12778987154032007,5.090698681417011,13.0,233.33333333333334,1.0,1.7805449682761596,41823
2006-11-10,48773,135358,19782,5437,573,52665,5.329076303415528,-0.3348916335688629,19,23,19,10,0,4,2.3171814140194633,-7.617950310559006,35879.75,16.67344448962993,0.40559325856518974,0.11147561150636623,5.213278671709864,16.5,-5.000000000000004,1.0,2.025286615039786,48792
2006-11-17,50087,145630,17823,6066,697,54102,5.3990270781802385,0.0013728481457182609,13,48,13,8,0,4,1.8894673480286903,-5.918530020703933,43081.0,2.6941135464293664,0.35584083694371793,0.12110926987042546,5.325640117705596,14.5,-31.57894736842105,1.0,2.2327726799853718,50100
2006-11-24,49773,141635,18621,6946,559,53700,5.1930844009945725,-0.1571797778986918,11,44,11,8,1,3,1.9451886892893075,-2.901832298136646,47609.0,-0.6269091780302327,0.37411849798083296,0.13955357322242984,5.275722164315614,15.75,-15.384615384615385,1.0,2.2296498197592367,49784
2006-12-01,56655,154678,19259,6403,689,61057,5.114820019927243,0.1658965992249046,12,31,12,7,0,6,2.77893036188229,-6.4554347826086955,51322.0,13.826773551925742,0.3399346924366781,0.11301738593239785,5.259001950629395,13.75,9.090909090909083,1.0,2.2326919533049376,56667
2006-12-08,49859,134310,17312,5644,577,53720,5.604368684667002,0.1357427579693749,7,14,7,4,0,5,0.7250769290908012,-2.105983436853002,51593.5,-11.995410819874685,0.3472191580256323,0.11319922180549148,5.327825045942264,10.75,-41.666666666666664,1.0,1.8346658320727722,49866
2006-12-15,49626,135485,17330,5203,609,53039,5.488912592398194,0.16934167538974743,15,23,15,15,0,0,3.318987939332754,-5.19768115942029,51478.25,-0.4673178362983643,0.3492121065570467,0.10484423487687905,5.350296424496753,11.25,114.28571428571428,1.0,2.192045979898788,49641
2006-12-22,45156,123382,14535,4091,538,48791,5.658632225010399,0.4301914208069638,9,24,9,5,0,4,3.0821857627261773,-6.3798550724637675,50324.0,-9.007375166243502,0.32188413499867125,0.09059704136770308,5.46668338050071,10.75,-40.0,1.0,2.4762952482580056,45165
2006-12-29,38856,112939,16415,4648,942,42009,5.2607476042697385,-0.5214869990675948,22,34,22,14,0,3,2.899926811034566,-6.407815734989647,45874.25,-13.95163433430774,0.42245727815523987,0.11962116532839201,5.5031652765863335,13.25,144.44444444444446,1.0,2.5065443605460747,38878
2007-01-05,40295,113433,17122,5701,439,43542,5.1811780401233145,-0.5919736387624608,16,19,16,13,0,8,2.1250669297860028,-6.461387163561076,43483.25,3.703417747580806,0.42491624271001366,0.14148157339620301,5.3973676154504115,15.5,-27.27272727272727,1.0,2.856541860719875,40311
2007-01-12,55484,158670,22171,6767,980,59903,5.319232090580852,-0.33423943890792807,10,15,10,3,1,2,2.4171794693933313,-4.340538302277432,44947.75,37.69450304007942,0.39959267536587123,0.12196308845793381,5.354947489996076,14.25,-37.5,1.0,2.6310897432350195,55494
2007-01-19,62839,161896,23175,6981,535,67742,5.483051196723382,0.03763474445748789,9,74,9,9,0,4,1.4065901145810495,-2.5559834368530017,49368.5,13.256073823084137,0.3687996308025271,0.11109342923980331,5.311052232924322,14.25,-9.999999999999998,1.0,2.2121908311987375,62848
2007-01-26,53215,145563,20812,7170,635,57484,5.289722380443839,-0.21532647985467163,11,31,11,2,0,7,2.150160253960367,-2.778022774327122,52958.25,-15.315329651967724,0.3910927370102415,0.13473644649065114,5.318295926967847,11.5,22.222222222222232,1.0,2.0247491919301877,53226
2007-02-02,59786,162737,24398,10637,637,64610,5.197998208539334,-0.6670727868285918,53,109,53,46,0,49,1.9847345906758485,-4.792291549030679,57831.0,12.348022174199013,0.4080888502324959,0.17791790720235506,5.322500969071852,20.75,381.8181818181818,1.0,1.9896661071526491,59839
2007-02-09,65185,172041,24236,8553,786,70390,5.40242597719012,-0.1674414759241187,9,31,9,9,0,7,0.9461447551815547,-2.802922212363206,60256.25,9.030542267420461,0.3718033289867301,0.13121116821354606,5.343299440724169,20.5,-83.01886792452831,1.0,1.6219074285997048,65194
2007-02-16,61275,162625,21204,6175,895,66116,5.746549795818254,0.23346493219858608,12,47,12,5,0,1,2.5197825927865005,-3.633395445134575,59865.25,-5.998312495205949,0.34604651162790695,0.10077519379844961,5.409174090497887,21.25,33.33333333333333,1.0,1.9002055481510676,61287
2007-02-23,60202,163514,22088,6940,771,65011,5.373936797395714,0.059173944090597064,26,78,26,24,0,3,1.3471881612371124,-5.5389510006901315,61612.0,-1.7511219910240738,0.36689810969735226,0.11527856217401415,5.430227694735855,25.0,116.66666666666666,1.0,1.6994625249702542,60228
2007-03-02,60509,155369,19694,7423,614,65372,5.557240014717303,0.1850604862721108,26,61,26,19,2,7,2.2535132692763087,-6.4516252587991705,61792.75,0.5099498355536358,0.3254722437984432,0.12267596555884248,5.520038146280348,18.25,0.0,1.0,1.766657194620369,60535
2007-03-09,60514,168510,21771,7567,759,65362,5.407045002362699,-0.0474184503483861,23,32,22,15,0,21,1.0970204486834283,-4.38815734989648,60625.0,0.008263233568550632,0.35976798757312356,0.12504544402948078,5.5211929025734925,21.75,-11.538461538461542,0.9565217391304348,1.8043761179958375,60537
2007-03-16,63948,164994,20267,6342,721,68787,5.57939680395946,0.4050736728806457,31,59,31,13,2,14,2.351688892750571,-5.44028326745718,61293.25,5.674719899527392,0.3169293801213486,0.09917432914242823,5.4794046546087944,26.5,34.78260869565217,1.0,1.7623526929868552,63979
2007-03-23,65692,175748,24813,8069,836,70890,5.333370130680356,-0.253650333706354,45,125,45,29,0,21,3.129893738826241,-6.8699850911864635,62665.75,2.727215862888599,0.3777172258418072,0.1228307860926749,5.469262987929954,31.25,45.16129032258065,1.0,2.208029087384137,65737
2007-03-30,99536,325200,37473,10195,1757,107620,5.442221169821446,-0.019917470340671546,38,87,38,33,1,16,2.5065110524524963,-7.25142794403664,72422.5,51.51921086281435,0.37647685259604563,0.10242525317473075,5.44050827670599,34.25,-15.555555555555555,1.0,2.271278533178184,99574
2007-04-06,86142,272022,32489,9573,928,93089,5.332239680603195,-0.16319359881178727,15,32,15,11,0,3,1.6551482662838395,-6.253053830227742,78829.5,-13.456437871724802,0.3771563232801653,0.11113045900954238,5.4218069462661145,32.25,-60.526315789473685,1.0,2.4108104875782868,86157
2007-04-13,75728,238278,30567,10553,697,81746,4.95763018303409,-0.41860320195851414,13,32,13,8,1,4,2.258897242174025,-6.481045548654244,81774.5,-12.089340855796248,0.40364198182970634,0.13935400380308471,5.266365291034772,27.75,-13.33333333333333,1.0,2.3876125749341504,75741
2007-04-20,73697,241861,29443,10124,868,79671,4.943627356313359,-0.5424327078867115,45,83,45,36,0,7,2.7288775011140785,-8.105172084644135,83775.75,-2.681967039932387,0.39951422717342633,0.1373732987774265,5.1689295974430225,27.75,246.15384615384616,1.0,2.28735851550611,73742
2007-04-27,75732,242422,28494,9643,1096,81879,5.092738284647835,-0.13228024195076613,27,79,27,15,2,2,2.462864609416031,-5.146863354037266,77824.75,2.7613064303838586,0.3762478212644589,0.12733058680610573,5.08155887614962,25.0,-40.0,1.0,2.2764469047469937,75759
2007-05-04,84797,267991,30134,10231,987,91590,5.144899214102173,0.027087258959095393,47,184,47,34,0,3,2.9037337062097817,-6.302773718182925,77488.5,11.969841018327788,0.3553663455075062,0.12065285328490395,5.034723759524364,33.0,74.07407407407408,1.0,2.588593264728479,84844
2007-05-11,65369,199439,23872,8762,789,70652,5.244676308120764,-0.23532843804994136,31,136,31,29,0,4,1.9921296861279807,-5.226252587991717,74898.75,-22.9111878957982,0.3651883920512781,0.13403907050742705,5.106485290796033,37.5,-34.04255319148937,1.0,2.521901375716968,65400
2007-05-18,76247,226973,26765,8695,835,82398,5.286002831022115,0.14000611531589596,41,101,41,38,0,3,2.775161699279874,-8.044480922803904,75536.25,16.640915418623514,0.351030204467061,0.11403727359764974,5.192079159473222,36.5,32.258064516129025,1.0,2.5334724252584166,76288
2007-05-25,77982,243721,30766,11046,739,84279,5.006456735314467,-0.3643231637832873,67,217,67,51,0,2,1.5225167063907705,-4.790894397794817,76098.75,2.2754993639094057,0.394526942114847,0.14164807263214588,5.17050877213988,46.5,63.414634146341456,1.0,2.298385449502102,78049
2007-06-01,82801,258756,33345,10615,1225,89495,5.058308271337687,-0.2899199882558701,12,29,12,9,0,10,1.7163426526436538,-3.3923084886128363,75599.75,6.179631196942892,0.40271252762647797,0.12819893479547348,5.148861036448758,37.75,-82.08955223880598,1.0,2.00153768611057,82813
2007-06-08,69662,211168,28051,10585,602,75242,4.995494835989194,-0.5632371088221625,30,65,30,21,0,16,2.702430170069828,-6.204397197005892,76673.0,-15.868165843407688,0.4026729063190836,0.15194797737647497,5.086565668415866,37.5,150.0,1.0,2.1791128070960317,69692
2007-06-15,65312,190462,25689,7920,605,70548,5.114416438093609,-0.23093840009947328,17,49,17,15,0,2,3.647939457405043,-8.963799171842648,73939.25,-6.2444374264304825,0.39332741303282703,0.1212640862322391,5.043669070183739,31.5,-43.333333333333336,1.0,2.397307246627324,65329
2007-06-22,62336,174936,23661,9498,898,67238,5.031682481009684,-0.26997520685064386,25,69,25,23,0,0,1.9742133400103103,-6.776863354037267,70027.75,-4.556589906908382,0.3795719969199179,0.15236781314168377,5.049975506607543,21.0,47.058823529411775,1.0,2.5102314050322088,62361
2007-06-29,62537,185248,23339,8590,671,67507,5.054800424120661,-0.17380609757129672,57,188,57,46,7,6,2.7459100718268474,-7.332236024844719,64961.75,0.3224460985626232,0.3732030637862385,0.1373586836592737,5.049098544803288,32.25,127.99999999999999,1.0,2.767623259828007,62594
2007-07-06,57573,166811,22988,8398,541,62234,5.109290631540326,-0.4005862707348205,26,80,26,22,1,14,1.9992523293222961,-6.6039608597062,61939.5,-7.937700881078403,0.3992843867785247,0.14586698626092093,5.07754749369107,31.25,-54.385964912280706,1.0,2.5918287996411244,57599
2007-07-13,62938,185614,26594,10115,521,67840,4.892082399287433,-0.6810218254586635,23,51,23,12,0,13,2.9563047797014073,-4.8078157349896475,61346.0,9.318604206833058,0.42254281991801457,0.16071371826241698,5.021963983989526,32.75,-11.538461538461542,1.0,2.4189201302152155,62961
2007-07-20,61336,174257,24781,7577,939,66277,4.967921719674097,-0.3237496629103686,45,106,45,18,3,6,3.8506687397498305,-6.95381629757406,61096.0,-2.5453621023864725,0.4040204773705491,0.12353267249250033,5.006023793655629,37.75,95.65217391304348,1.0,2.8880339801500954,61381
2007-07-27,48852,135815,17839,5782,474,52690,5.08768158823668,-0.04922109381786944,13,44,13,6,0,1,3.0354364489670362,-7.348562555456965,57674.75,-20.353462892917694,0.3651641693277655,0.11835748792270531,5.014244084684634,26.75,-71.11111111111111,1.0,2.9604155744351424,48865
2007-08-03,47766,144939,16784,5317,561,51453,5.4294086361345615,0.10460290656234392,43,240,43,42,0,2,1.8001602228752536,-4.8040303657694965,55223.0,-2.223041021861949,0.35137964242348113,0.11131348658041285,5.094273585833193,31.0,230.76923076923075,1.0,2.910642547823382,47809
2007-08-10,46713,127465,17155,6028,448,50479,5.089923084649061,-0.12121806264151373,1,1,1,0,1,0,0.5021494498150743,-0.5672774327122152,51166.75,-2.204496922497179,0.3672425234945304,0.1290433070023334,5.1437337571735995,25.5,-97.67441860465115,1.0,2.297103715351799,46714
2007-08-17,49148,140716,19846,7411,528,53071,5.144593723198406,-0.47467742100572885,37,118,37,24,0,22,3.024988801529265,-7.237712215320911,48119.75,5.212681694603205,0.40380076503621715,0.15078945226662327,5.187901758054677,23.5,3600.0,1.0,2.0906837307966573,49185
2007-08-24,57607,167216,22695,7988,635,62163,5.098979300239869,-0.2998843882757952,30,126,30,26,0,2,1.8630961536284583,-5.185776397515527,50308.5,17.211280214861247,0.3939625392747409,0.13866370406374226,5.190726186055474,27.75,-18.918918918918916,1.0,1.7975986569620128,57637
2007-08-31,30532,84225,11779,4019,290,32849,5.196401307172687,-0.36634812172171977,12,19,12,5,0,10,2.0116926561020128,-1.8488405797101446,46000.0,-46.999496588956205,0.3857919559806105,0.13163238569369842,5.132474353815006,20.0,-60.0,1.0,1.8504817652687027,30544
2007-09-07,56175,166447,18831,6054,525,60591,5.378533888506842,0.11783865899483215,13,30,13,7,3,2,1.6046349964500075,-3.1899275362318837,48365.5,83.98729202148564,0.33522029372496664,0.10777036048064086,5.204627054779451,23.0,8.333333333333325,1.0,2.126103151927436,56188
2007-09-14,72946,237622,24880,7940,640,78089,5.418840934964323,0.11572572275027138,11,42,11,9,0,6,1.3190292326850916,-4.228293404318248,54315.0,29.85491766800179,0.34107421928549886,0.108847640720533,5.27318885772093,16.5,-15.384615384615385,1.0,1.6996132597163924,72957
2007-09-21,72976,224107,28403,9008,771,78815,5.151046353391012,-0.19680472149524247,12,33,12,10,0,0,3.795535165736211,-7.134276841171251,58157.25,0.04112631261481425,0.38921015128261344,0.12343784257838193,5.286205621008716,12.0,9.090909090909083,1.0,2.182723012743331,72988
2007-09-28,63814,198296,23095,7212,937,68931,5.568842543239192,-0.03728357116902,18,43,18,6,1,12,2.4484994172022936,-5.891759834368529,66477.75,-12.554812541109406,0.36191117936502964,0.11301595261227944,5.379315930025342,13.5,50.0,1.0,2.291924703018401,63832
2007-10-05,58979,175866,21214,7257,558,63725,5.493741441532566,-0.012748138928929073,11,22,11,10,0,4,0.8648828375466794,-4.16611801242236,67178.75,-7.576707305606922,0.3596873463436138,0.12304379524915648,5.408117818281774,13.0,-38.888888888888886,1.0,2.106986663292569,58990
2007-10-12,62071,201234,23500,8929,746,67080,5.159370703830723,-0.22852675922709118,12,17,12,6,0,1,3.149243749900052,-4.236387163561076,64460.0,5.242543956323442,0.3785987014870068,0.1438513959820206,5.343250260498373,13.25,9.090909090909083,1.0,2.564540292596309,62083
2007-10-19,66267,214913,23524,7663,665,71573,5.397089009078232,0.09397065233201188,17,49,17,7,0,12,4.127334293589426,-7.413799171842649,62782.75,6.760000644423325,0.3549881539831289,0.11563825131664328,5.404760924420178,14.5,41.66666666666667,1.0,2.6474900745596126,66284
2007-10-26,66657,214558,24263,8061,1146,72019,5.30020127055803,0.013341457548897286,29,80,29,6,3,16,1.9055203553896651,-4.70223602484472,63493.5,0.588528226719176,0.3639977796780533,0.12093253521760655,5.337600606249888,17.25,70.58823529411764,1.0,2.5117453091064554,66686
2007-11-02,74500,225773,27406,9412,1200,80429,5.143946772222501,-0.14187360893818707,40,222,40,14,0,4,3.505005359864613,-5.628291925465837,67373.75,11.76620609988448,0.3678657718120805,0.12633557046979865,5.250151938922371,24.5,37.93103448275863,1.0,3.171775939685939,74540
2007-11-09,58281,169103,20398,5704,883,62929,5.401062280296389,0.18733986389408613,7,29,7,6,1,1,1.3237550742962263,-5.019109730848861,66426.25,-21.77046979865772,0.34999399461230934,0.0978706611073935,5.310574833038788,23.25,-82.5,1.0,2.7154037707849827,58288
2007-11-16,57588,172490,19732,5842,742,61791,5.148794876003015,0.20052022751945695,64,128,64,4,35,20,2.2954844225391717,-4.384914326934786,64256.5,-1.1890667627528662,0.3426408279502674,0.10144474543307634,5.248501299769984,35.0,814.2857142857142,1.0,2.2574413030224187,57652
2007-11-23,61378,187749,19576,5220,507,65950,5.277672114619998,0.5227090930507,26,50,26,10,6,7,2.5455010567828102,-4.367679680567879,62936.75,6.581232201153009,0.31894164032715305,0.08504675942520121,5.242869010785475,34.25,-59.375,1.0,2.417436478370705,61404
2007-11-30,65817,209894,24286,5076,921,70999,5.539474563715395,0.162465105986974,14,42,14,9,0,4,1.9230798769656805,-4.221490683229813,60766.0,7.232233047671799,0.36899281340687057,0.07712293176534937,5.341750958658699,27.75,-46.15384615384615,1.0,2.0219551076459723,65831
2007-12-07,74031,263806,25387,6607,929,79144,5.635218028077756,0.19775534091917185,29,46,29,16,0,6,3.037295265125367,-8.082506654835846,64703.5,12.48005834358905,0.3429239102538126,0.08924639677972741,5.400289895604041,33.25,107.14285714285717,1.0,2.450340155353257,74060
2007-12-14,59411,185672,20845,6798,736,64184,5.456218289028911,0.14793053190509284,99,239,99,34,17,6,3.9710940687199487,-8.058782165039927,65159.25,-19.74848374329673,0.35086095167561565,0.11442325495278652,5.477145748860515,42.0,241.3793103448276,1.0,2.8692425668984516,59510
2007-12-21,60325,189837,21204,7355,623,65202,5.489481323402861,0.17603424342782675,61,132,61,44,2,11,3.135295747927086,-8.346170966714444,64896.0,1.538435643231062,0.351496062992126,0.12192291753004558,5.530098051056231,50.75,-38.38383838383839,1.0,3.0166912396845205,60386
2007-12-28,40581,127330,13984,5135,355,43874,5.233209062990476,0.15808852039765034,17,125,17,11,0,7,1.4206268775610273,-3.9042132505175977,58587.0,-32.7293825113966,0.34459476109509374,0.12653704935807397,5.453531675875001,51.5,-72.1311475409836,1.0,2.891077989833357,40598
2008-01-04,25383,67356,8977,3229,273,27408,5.172448032883673,-0.18411630328312154,16,26,16,11,2,13,2.62322392765991,-6.403053830227742,46425.0,-37.451023878169586,0.35366189969664735,0.12721112555647482,5.33783917707648,48.25,-5.882352941176472,1.0,2.787560155466993,25399
2008-01-11,57373,186809,18980,5892,521,61974,5.431780235982993,0.2904639995581081,97,239,97,75,0,11,3.9659401405342183,-8.762613697652974,45915.5,126.02923216325888,0.3308176319871717,0.10269639028811461,5.331729663815001,47.75,506.25,1.0,2.7862716734205604,57470
2008-01-18,68497,221032,21800,6796,700,73861,5.4451216810845855,0.423692945749167,75,243,75,51,7,2,3.383907492285838,-7.663329165658358,47958.5,19.38891116030188,0.3182621136692118,0.09921602405944786,5.320639753235431,51.25,-22.680412371134018,1.0,2.848424609510248,68572
2008-01-25,54777,162578,19188,6675,647,59041,5.205809793886518,-0.05515260878435203,47,144,47,29,1,18,2.4920019603026207,-6.466576684185379,51507.5,-20.030074309823785,0.35029300618872883,0.12185771400405279,5.313789935959442,58.75,-37.33333333333333,1.0,3.116268380195647,54824
2008-02-01,50964,150604,16525,5066,549,54835,5.293281417774128,0.3897021897939397,29,114,29,15,0,11,2.577798380785217,-4.688749800923714,57902.75,-6.960950764006791,0.32424848912958165,0.09940350051016404,5.343998282182056,62.0,-38.297872340425535,1.0,3.104911993476974,50993
2008-02-08,54237,167357,18713,6183,739,58488,5.263408467515094,0.13735505748468232,37,80,37,25,1,23,3.263193885713766,-6.73302967563837,57118.75,6.422180362608909,0.3450227704334679,0.1139996681232369,5.3019053400650815,47.0,27.586206896551737,1.0,2.9292254297718605,54274
2008-02-15,67733,204906,24282,7830,1004,73154,5.131143657158136,0.03548101210099731,49,266,49,37,0,9,3.2367268796028332,-7.951894409937887,56927.75,24.883382192967908,0.3584958587394623,0.11560096260316241,5.223410834083468,40.5,32.432432432432435,1.0,2.892430276601109,67782
2008-02-22,59533,175409,21028,6117,807,64175,5.301404500849364,0.1392962594552578,25,76,25,10,1,4,2.624177070340663,-4.494720496894409,58116.75,-12.106358791135785,0.3532158634706801,0.10274973544084794,5.247309510824181,35.0,-48.97959183673469,1.0,2.92547405411062,59558
2008-02-29,71581,215568,25148,8176,888,77305,5.3177693919600335,0.09900614088401684,22,49,22,11,1,7,4.084735965503681,-7.337211870255347,63271.0,20.237515327633403,0.351322278258197,0.11422025397801093,5.253431504370656,33.25,-12.0,1.0,3.302208450290236,71603
2008-03-07,84740,270393,28621,6745,1905,91038,5.4002250743320195,0.42342834397642654,27,86,27,13,0,4,3.0293177210258224,-4.9175559947299075,70896.75,18.383369888657608,0.33775076705215956,0.0795964125560538,5.2876356560748885,30.75,22.72727272727273,1.0,3.24373940911825,84767
2008-03-14,53631,148016,18023,6765,651,57957,5.390872586639099,0.1709308865421922,37,83,37,27,2,8,3.2486061825383294,-6.816408360445627,67371.25,-36.711116355912196,0.3360556394622513,0.12613973261732953,5.3525678884451295,27.75,37.037037037037045,1.0,3.2467092348521236,53668
2008-03-21,60580,178662,19092,6560,574,65474,5.446959358517473,0.34401734822967456,11,41,11,6,0,0,2.4396219187055164,-5.7131884057971005,67633.0,12.957058417706179,0.3151535160118851,0.10828656322218554,5.388956602862157,24.25,-70.27027027027026,1.0,3.2005704469433374,60591
2008-03-28,63710,190089,25889,12271,542,68849,5.012907429671033,-0.6973334109348291,171,517,171,169,0,142,2.7377633367572605,-8.129279035597408,65665.25,5.1667216903268365,0.40635692983832994,0.19260712603986815,5.312741112289906,61.5,1454.5454545454545,1.0,2.863827289756732,63881
2008-04-04,41860,126548,15583,6641,276,45250,5.263865423120487,-0.20547076807347267,27,39,27,22,0,13,1.9971348451832094,-6.517509612540668,54945.25,-34.29602888086642,0.37226469182990923,0.15864787386526516,5.278651199487022,61.5,-84.21052631578947,1.0,2.6057815707960787,41887
2008-04-11,74532,231429,28870,11074,1081,80536,5.18232527647673,-0.3729077104179856,34,125,32,21,0,21,2.9423968296164964,-4.723782121544269,60170.5,78.05064500716674,0.3873503998282617,0.14858047550045617,5.226514371946431,60.75,25.92592592592593,0.9411764705882353,2.529229232565621,74566
2008-04-18,66905,210243,25294,10674,544,72237,5.13275552678233,-0.34667929028548766,23,74,23,14,1,2,2.4082444848404947,-6.0682053453792575,61751.75,-10.233188429131113,0.37805844107316344,0.15953964576638519,5.147963414012645,63.75,-32.35294117647059,1.0,2.5213848740993656,66928
2008-04-25,69032,215798,26039,10783,662,74533,5.109452647806383,-0.330251338570372,71,204,71,58,3,9,3.374433415624332,-8.24082998416758,63082.25,3.17913459382706,0.37720187739019584,0.1562029203847491,5.172099718546482,38.75,208.69565217391303,1.0,2.680552393816133,69103
2008-05-02,63729,208948,23876,10077,688,68870,5.014311224517391,-0.29134269372870564,54,125,54,36,5,25,2.7069506332404356,-6.369378881987577,68549.5,-7.681944605400393,0.3746489039526746,0.1581226757049381,5.109711168895709,45.5,-23.943661971830988,1.0,2.8580063408304395,63783
2008-05-09,49703,144569,20512,8218,669,53565,5.059158605505496,-0.7702293144254099,45,111,45,40,0,20,3.1954798498900217,-7.872202011239277,62342.25,-22.0088185912222,0.41269138683781664,0.165342132265658,5.0789195011529,48.25,-16.666666666666664,1.0,2.921277095898821,49748
2008-05-16,63205,188595,22740,7726,712,68244,5.2807132578298726,0.017747815537046407,24,57,24,16,2,18,2.761213830791949,-6.131387163561077,61417.25,27.165362251775548,0.3597816628431295,0.12223716478126731,5.115908933914786,48.5,-46.666666666666664,1.0,3.0095194323866847,63229
2008-05-23,61046,176299,20546,6503,397,65679,5.5101084690554885,0.2983706470143405,73,162,73,62,0,18,3.4201415081768225,-9.020521579869406,59420.75,-3.415868997705873,0.33656586836156344,0.10652622612456181,5.216072889227062,49.0,204.16666666666666,1.0,3.020946455524807,61119
2008-05-30,59094,170749,18564,5444,527,63661,5.604046821401881,0.5236178902798563,61,160,61,36,2,32,3.5229361041360048,-7.676982020739784,58262.0,-3.1975887036005624,0.31414356787491116,0.09212441195383626,5.363506788448184,50.75,-16.43835616438356,1.0,3.2249428232487,59155
2008-06-06,63830,188973,20254,6061,460,68938,5.537123589314372,0.5009203668273269,25,67,25,22,0,17,4.297961325499499,-8.554275362318839,61793.75,8.014350018614413,0.31731160896130345,0.09495535014883284,5.482998034400404,45.75,-59.01639344262295,1.0,3.500563192151069,63855
2008-06-13,55299,156979,16892,4812,403,59432,5.549811956970215,0.6007009306286519,50,128,50,34,3,25,2.9842300107876483,-9.037608695652173,59817.25,-13.365188782704063,0.3054666449664551,0.08701784842402213,5.550272709185489,52.25,100.0,1.0,3.556317237149994,55349
2008-06-20,48690,145831,16334,4398,903,52548,5.381809036170646,0.37342735740538835,61,209,61,41,7,14,4.073266595160016,-6.502594475917457,56728.25,-11.951391526067379,0.3354692955432327,0.09032655576093654,5.518197850964278,49.25,21.999999999999996,1.0,3.719598508895792,48751
2008-06-27,53599,163232,18541,6715,678,57702,5.255787990069697,0.11797639812623072,30,91,30,19,3,11,4.145179871368719,-7.689649511978703,55354.5,10.082152392688437,0.34592063284762775,0.12528218810052427,5.431133143131232,41.5,-50.81967213114754,1.0,3.87515945070397,53629
2008-07-04,55719,160688,18818,5678,435,60079,5.425816612632806,0.2571772717804299,59,125,59,28,7,15,3.545485107217111,-7.597681955725433,53326.75,3.9552976734640533,0.33773039717152137,0.10190419784992552,5.403306398960841,50.0,96.66666666666666,1.0,3.6870403961333738,55778
2008-07-11,68652,218817,23521,6614,714,74101,5.586338412951394,0.3418079167221877,54,235,54,43,1,3,3.9796957648631093,-8.541576949620426,56665.0,23.211112905831044,0.3426120142166288,0.09634096603157956,5.4124380129561365,51.0,-8.47457627118644,1.0,3.935906834652239,68706
2008-07-18,60766,179622,18263,5104,763,65664,5.561260451467647,0.5856239503138598,31,52,31,23,0,8,3.3378868268126607,-6.896521739130434,59684.0,-11.486919536211616,0.3005463581608136,0.08399433893953856,5.457300866780386,43.5,-42.592592592592595,1.0,3.7520618925654,60797
2008-07-25,74017,251489,18852,4666,887,79870,5.457788055832512,1.0914968824210793,45,120,45,37,0,0,3.1449120703526026,-8.73522774327122,64788.5,21.806602376328875,0.2546982449977708,0.06303957199021847,5.50780088322109,47.25,45.16129032258065,1.0,3.5019949423113705,74062
2008-08-01,43566,135698,14901,4949,345,47068,5.178806279824626,0.1332907800423118,53,111,53,44,2,12,4.251571100119503,-8.053481711525189,61750.25,-41.14054879284489,0.34203277785429004,0.11359775972088326,5.446048300019045,45.75,17.777777777777782,1.0,3.6785164405369692,43619
2008-08-08,50826,160034,17393,5335,525,54907,5.295486335478762,0.3884305884061038,12,27,12,9,3,0,1.8120668308118344,-4.897681159420289,57293.75,16.664371298719182,0.3422067445795459,0.10496596230275843,5.3733352806508865,35.25,-77.35849056603774,1.0,3.1366092070241502,50838
2008-08-15,53341,144101,21066,7755,440,57656,4.958395065000131,-0.11106647585966153,12,44,12,6,0,0,2.01528338528882,-6.103053830227743,55437.5,4.948254830205023,0.39493072870774826,0.14538535085581447,5.222618934034008,30.5,0.0,1.0,2.80595834664319,53353
2008-08-22,74525,216376,25456,7108,767,80540,5.10042880666563,0.48711886758874295,35,76,35,20,1,12,1.3366674675412311,-3.9953002070393366,55564.5,39.714291070658604,0.34157665213015764,0.09537739013753774,5.133279121742287,28.0,191.66666666666666,1.0,2.3538971959403474,74560
2008-08-29,74968,228150,26493,6593,1206,81019,5.448718770471916,0.35776429202037247,17,47,17,13,0,5,3.399031687936783,-6.247101449275362,63415.0,0.5944313988594407,0.35339078006616154,0.08794418952086223,5.20075724440411,19.0,-51.42857142857142,1.0,2.140762342894667,74985
2008-09-05,45593,129332,15362,3904,1006,49181,5.41428165174125,0.5233850854131151,26,46,26,26,0,5,1.7208112165677794,-6.7844391116130245,62106.75,-39.18338491089531,0.3369376878029522,0.08562717961090519,5.230456073469732,22.5,52.941176470588225,1.0,2.1179484393336536,45619
2008-09-12,64049,181729,19248,4431,957,68362,5.3025501917362226,0.9684790072606325,38,105,38,19,9,5,3.0292355793498515,-5.834006211180124,64783.75,40.47989822999145,0.30051991444050646,0.06918140798451186,5.3164948551537545,29.0,46.153846153846146,1.0,2.371436487848911,64087
2008-09-19,52991,156542,19105,6528,672,57221,5.158255779283805,0.037033005157826225,56,120,56,45,0,27,3.25807339958552,-8.789649511978704,59400.25,-17.264906555918124,0.36053292068464454,0.1231907305014059,5.330951598308299,34.25,47.36842105263157,1.0,2.8517879708599834,53047
2008-09-26,37456,94226,11365,3459,469,40481,5.410899450938059,0.6124359653076594,13,18,13,9,0,11,2.2715499386216185,-4.979244306418218,50022.25,-29.31629899416882,0.3034226826142674,0.09234835540367364,5.321496768424835,33.25,-76.78571428571428,1.0,2.569917533531192,37469
2008-10-03,47794,134350,15440,4986,663,51654,5.436243652411103,0.5002412071121565,53,120,53,37,2,12,2.956295896271972,-8.287608695652173,50572.5,27.600384451089276,0.3230531028999456,0.10432271833284512,5.326987268592298,40.0,307.6923076923077,1.0,2.8787887034572406,47847
2008-10-10,56841,168195,17892,6197,503,61155,5.073030327099411,0.5250204891790468,48,123,48,32,2,38,4.486956475210912,-8.64381617864537,48770.5,18.929154287149007,0.31477278724864094,0.10902341619605567,5.269607302433094,42.5,-9.433962264150942,1.0,3.2432189274225056,56889
2008-10-17,49098,141440,15345,4823,495,52891,5.22816777657494,0.4081755145551559,39,99,39,30,0,4,2.4439598427389275,-6.123235236123434,47797.25,-13.62220932073679,0.3125381889282659,0.09823210721414315,5.287085301755878,38.25,-18.75,1.0,3.0396905382108574,49137
2008-10-24,49360,135442,14921,3929,463,52453,5.467225505433504,0.7300510145157608,35,75,35,17,0,29,3.3657334671392385,-5.810876959479444,50773.25,0.5336266243024079,0.30228930307941654,0.07959886547811994,5.301166815379739,43.75,-10.256410256410254,1.0,3.313236420340263,49395
2008-10-31,59225,161079,19981,6274,782,63555,5.3263434892716015,0.32593816646854695,23,35,23,14,3,4,2.6965385004332885,-4.4186768304159605,53631.0,19.985818476499183,0.33737441958632336,0.10593499366821443,5.273691774594864,36.25,-34.285714285714285,1.0,3.2482970713805916,59248
2008-11-07,55299,158677,15794,4364,519,59566,5.708639560271907,0.7820633389996673,37,84,37,23,5,15,4.649909540234852,-8.097132505175983,53245.5,-6.628957365977206,0.28561095137344256,0.07891643610191866,5.432594082887988,33.5,60.86956521739131,1.0,3.2890353376365766,55336
2008-11-14,62161,195814,17875,6078,573,66816,5.5215536957632425,0.6653141924690521,54,107,54,30,0,5,3.5249469723959868,-7.477373692560028,56511.25,12.408904320150448,0.287559723942665,0.09777834976914786,5.505940562685064,37.25,45.945945945945944,1.0,3.5592821200508418,62215
2008-11-21,51366,149694,14866,4124,297,55134,5.5708183361925,0.8679457589014782,207,551,207,94,0,10,3.3013290072772006,-6.299858518579056,57012.75,-17.36619423754444,0.2894132305416034,0.08028657088346378,5.531838770374812,80.25,283.33333333333337,1.0,3.543181005085332,51573
2008-11-28,63260,192534,19086,5628,424,67775,5.301417638756052,0.6058469350422454,150,454,151,101,0,28,4.084153117122936,-8.476517080805746,58021.5,23.155394619008685,0.30170723996206134,0.0889661713563073,5.525607307745926,112.0,-27.536231884057973,1.0066666666666666,3.890084659257744,63410
2008-12-05,47844,146737,14866,4719,525,50893,5.383710111799256,0.5777389047501283,60,136,60,36,0,10,4.267998863070296,-7.997926155969632,56157.75,-24.36926968068289,0.31071816737730956,0.09863305743666917,5.444374945627763,117.75,-60.0,1.0,3.7946069899666046,47904
2008-12-12,43692,135939,13669,3913,413,46770,5.382792730861048,0.5521741198620322,38,114,38,20,0,9,3.068821953433724,-4.643224770398683,51540.5,-8.678204163531477,0.3128490341481278,0.08955872928682597,5.409684704402213,113.75,-36.66666666666667,1.0,3.680575735226039,43730
2008-12-19,66407,232497,20026,4938,605,70616,5.161384770552502,0.7413262275800007,30,85,30,13,3,12,2.8053354187413517,-5.290355417529331,55300.75,51.988922457200395,0.3015645940939961,0.07435963076181727,5.307326312992214,69.5,-21.052631578947366,1.0,3.556577338092077,66437
2008-12-26,50302,151159,14603,3582,484,54024,5.284938659619409,0.787712060839598,47,126,47,41,1,17,2.451649042142219,-8.075773439810707,52061.25,-24.251961389612543,0.29030654844737785,0.07120989225080514,5.303206568208054,43.75,56.666666666666664,1.0,3.1484513193468975,50349
2009-01-02,69084,267048,24212,7004,1509,74484,4.818997998919988,0.19326159767573517,92,308,92,65,1,24,2.427249568333103,-7.789152509605006,57371.25,37.33847560733172,0.3504718892941926,0.1013838225927856,5.162028539988237,51.75,95.74468085106382,1.0,2.6882639956625995,69176
2009-01-09,82772,317237,27486,6956,1918,88858,4.576717089123103,0.5371912156472468,51,170,51,24,1,6,2.8231464941555657,-6.9579503105590055,67141.25,19.81356030339876,0.3320688155414875,0.0840380805103175,4.9605096295537505,55.0,-44.565217391304344,1.0,2.62684513084306,82823
2009-01-16,99355,382290,29306,5735,1795,107033,4.771829255742268,1.0229841990964714,62,237,62,52,4,28,4.6333558025913595,-8.550329784087547,75378.25,20.034552747305856,0.29496250817774644,0.057722308892355696,4.863120750851191,63.0,21.568627450980383,1.0,3.083850226805562,99417
2009-01-23,91524,343414,26610,6959,1219,98752,5.294969731790553,0.8114307275486752,44,148,44,32,3,23,3.3215769697693247,-8.854955634427684,85683.75,-7.881837854159324,0.2907434115641799,0.07603470128053844,4.865628518893978,62.25,-29.032258064516125,1.0,3.3013322087123385,91568
2009-01-30,86690,318871,26436,7623,1182,93293,5.324406002042409,0.5657991294344392,52,139,52,38,2,28,3.7198828101200947,-8.549513457556936,90085.25,-5.2816747519776275,0.3049486676663975,0.08793401776444804,4.991980519674583,52.25,18.181818181818187,1.0,3.624490519159086,86742
2009-02-06,91106,339641,25252,5743,1287,98227,5.5276848660738995,0.8527339392525438,63,217,63,45,0,2,3.2442841980441153,-8.784292070756601,92168.75,5.094013150305687,0.27717164621429985,0.0630364630210963,5.229722463912282,55.25,21.153846153846146,1.0,3.729774945131224,91169
2009-02-13,84879,304696,23753,7379,851,91444,5.551227681976839,0.7749474014022916,106,433,106,72,0,18,3.2120609259433253,-8.732757524414447,88549.75,-6.834895616095538,0.2798454270196397,0.08693551997549452,5.424572070470925,66.25,68.25396825396825,1.0,3.374451225969215,84985
2009-02-20,75555,232052,21030,5578,745,81520,5.498574444413191,0.8026680491711893,45,110,45,31,1,12,3.9583599530008633,-8.355635906536527,84557.5,-10.985049305481919,0.2783402819138376,0.07382701343392231,5.475473248626584,66.5,-57.54716981132076,1.0,3.5336469717770997,75600
2009-02-27,62913,199683,17973,4898,490,67857,5.271788668819236,0.8204413582931517,56,160,56,49,2,28,3.4972926298887566,-9.540148120513026,78613.25,-16.732181854278338,0.28568022507271945,0.07785354378268403,5.462318915320791,67.5,24.444444444444446,1.0,3.4779994267192653,62969
2009-03-06,71006,218512,19750,4799,723,76627,5.503345833552685,0.905598170710123,21,46,21,11,0,5,3.632875052844733,-6.628426501035196,73588.25,12.86379603579546,0.2781455088302397,0.06758583781652255,5.456234157190488,57.0,-62.5,1.0,3.5751471404194195,71027
2009-03-13,67312,218794,19723,5843,789,71769,5.4053297525032775,0.7021439769282808,45,105,42,21,0,27,3.5492207336570205,-6.524559839746174,69196.5,-5.2023772638931876,0.29300867601616354,0.08680473021155218,5.419759674822098,41.75,114.28571428571428,0.9333333333333333,3.659437092347843,67357
2009-03-20,74504,247557,21427,6154,560,79114,5.705302727300993,0.7305515533287501,41,98,41,22,6,7,2.8830398520428147,-5.166999408459036,68933.75,10.684573330164016,0.2875952968968109,0.08259959196821647,5.471441745544048,40.75,-8.888888888888891,1.0,3.390607067108331,74545
2009-03-27,72952,229308,19252,4848,767,78819,5.663202504615198,0.9626357400295262,62,102,62,30,17,17,3.7180150909690566,-7.393451032586946,71443.5,-2.0831096316976216,0.2638995503892971,0.06645465511569251,5.569295204493038,42.25,51.21951219512195,1.0,3.4457876823784064,73014
2009-04-03,78542,244750,23145,7093,594,84739,5.529281773827139,0.6277225711869031,46,81,46,34,0,27,4.261977641726863,-7.750874001774622,73327.5,7.662572650509913,0.29468309948817195,0.09030837004405286,5.5757791895616515,48.5,-25.806451612903224,1.0,3.6030633295989385,78588
2009-04-10,88792,325026,26299,6754,953,95877,5.500425472799601,0.8726057067165548,83,277,83,56,6,46,3.516645762615432,-7.445660442666769,78697.5,13.050342491915146,0.2961865933867916,0.07606541129831516,5.599553119635733,58.0,80.43478260869566,1.0,3.5949195868385417,88875
2009-04-17,72813,228359,22131,5879,692,78455,5.436786153309472,0.6933005340366521,135,226,135,85,0,100,4.205656093942564,-7.869414700105237,78274.75,-17.995990629786462,0.3039429772156071,0.08074107645612734,5.532423976137853,81.5,62.65060240963856,1.0,3.925573647313479,72948
2009-04-24,79515,260719,26571,6392,886,85870,5.389729599883288,0.39642473215566715,139,343,139,97,1,27,2.755643468796794,-8.101579526408718,79915.5,9.2044003131309,0.3341633654027542,0.08038734829906306,5.464055749954875,100.75,2.9629629629629672,1.0,3.6849807417704135,79654
2009-05-01,83053,292185,28009,8776,1083,89708,5.343454931044881,0.2677622530074649,60,158,60,45,0,3,3.0230684106896866,-8.658431056854718,81043.25,4.4494749418348745,0.337242483715218,0.10566746535344901,5.4175990392593105,104.25,-56.83453237410072,1.0,3.3752534340111193,83113
2009-05-08,77429,257011,26925,7788,828,83677,5.313905516391985,0.17314107688289543,60,205,60,45,0,8,4.056202944222474,-7.952741748873462,78202.5,-6.771579593753385,0.34773792764984696,0.10058246910072453,5.370969050157407,98.5,0.0,1.0,3.5101427294128795,77489
2009-05-15,73604,247563,22447,5803,483,79311,5.570448027497627,0.72541443984657,65,204,65,52,1,6,3.4557564256213875,-6.902953918062613,78400.25,-4.940009557142677,0.3049698385957285,0.07884082386826803,5.404384518704445,81.0,8.333333333333325,1.0,3.3226678123325857,73669
2009-05-22,73003,234423,21844,5977,642,78736,5.491755326783164,0.6660218330310324,27,89,27,16,2,14,2.684999617850196,-5.919934437543133,76772.25,-0.8165317102331371,0.29922057997616536,0.08187334767064368,5.429890950429414,53.0,-58.46153846153845,1.0,3.305006849595936,73030
2009-05-29,74909,242258,22391,5729,661,80496,5.4223729738530535,0.7306291545305349,31,100,31,9,1,19,3.2875999898294306,-7.002846790890268,74736.25,2.610851608837983,0.2989093433365817,0.0764794617469196,5.449620461131458,45.75,14.814814814814813,1.0,3.371139744380872,74940
2009-06-05,82355,276105,24015,6360,778,88925,5.383856304137625,0.6544370875901991,19,36,19,13,3,12,2.6337086484896397,-5.684601449275362,75967.75,9.940060606869672,0.29160342420010926,0.07722664076255237,5.467108158067867,35.5,-38.70967741935484,1.0,3.0155161704476634,82374
2009-06-12,72024,230064,21955,6160,508,77756,5.516935212404766,0.589667744268547,31,108,31,23,0,12,2.8724997405083963,-8.943957902001378,75572.75,-12.544472102483152,0.3048289459069199,0.08552704654004221,5.453729954294652,27.0,63.1578947368421,1.0,2.8697019991694157,72055
2009-06-19,107855,474223,39706,8896,984,116565,5.47552775335455,0.04805652960716856,66,311,62,46,0,7,1.669060716308962,-7.025703933747411,84285.75,49.74869487948461,0.3681424134254323,0.08248110889620323,5.449673060937498,36.75,112.9032258064516,0.9393939393939394,2.615717273784107,107921
2009-06-26,117993,508581,48030,12113,1437,127521,5.412680727586123,-0.2846514632847649,23,53,23,18,0,8,2.256676955806413,-7.184616977225672,95056.75,9.399656946826763,0.40705804581627725,0.10265863229174613,5.447249999370766,34.75,-65.15151515151516,1.0,2.357986515278353,118016
2009-07-03,69879,244541,24940,5309,1030,75508,5.386263378704749,0.37783967154493137,19,51,19,16,0,7,2.7073531885889968,-6.144323671497584,91937.75,-40.77699524548066,0.35690264600237553,0.07597418394653616,5.447851768012547,34.75,-17.391304347826086,1.0,2.376397650303192,69898
2009-07-10,62380,229460,21239,4817,441,67361,5.534841671367348,0.4299251718616462,71,243,71,45,0,36,4.3390432292904295,-7.636700174348915,89526.75,-10.731407146639194,0.3404777172170568,0.07722026290477717,5.452328382753192,44.75,273.6842105263158,1.0,2.7430335224987,62451
2009-07-17,56426,178224,22046,8308,381,60984,5.056378410521755,-0.41755559122058744,67,169,67,52,1,26,3.560650585084059,-8.940321203732328,76669.5,-9.544725873677463,0.3907064119377592,0.14723708928508134,5.347541047044993,45.0,-5.633802816901412,1.0,3.2159309896924744,56493
2009-07-24,56911,173247,19597,6206,536,61514,5.488330158581388,0.08604194479440365,85,298,85,81,0,4,2.6663757189836077,-8.100383155491851,61399.0,0.8595328394711554,0.34434467853314826,0.1090474600692309,5.36645340479381,60.5,26.865671641791057,1.0,3.318355680486773,56996
2009-07-31,101100,436990,36828,11286,945,109300,5.341087816557254,-0.03756876896764244,52,184,51,30,0,28,2.5549046830702387,-6.3444242334615,69204.25,77.64579782467362,0.36427299703264093,0.1116320474777448,5.355159514256936,68.75,-38.8235294117647,0.9807692307692307,3.280243554107084,101152
2009-08-07,93943,393427,35993,9816,851,101523,5.153184470805498,-0.14567619262456,58,284,58,30,0,22,3.6980363908203664,-8.338312158855638,77095.0,-7.079129574678533,0.38313658282149815,0.10448889220058973,5.2597452141164736,65.5,11.538461538461542,1.0,3.119991844489568,94001
2009-08-14,91707,366521,38319,13099,909,99023,5.071432189294003,-0.5361546519299678,41,133,41,14,1,10,3.140496562263638,-5.579084764340517,85915.25,-2.380166696826802,0.4178416042395891,0.14283533427110254,5.263508658809536,59.0,-29.31034482758621,1.0,3.0149533387844625,91748
2009-08-21,92025,380204,35110,11608,808,99397,5.026405959497014,-0.16949391270381767,79,211,79,42,0,16,3.064822168961228,-8.0067838657202,94693.75,0.34675651804114693,0.3815267590328715,0.12613963596848682,5.148027609038443,57.5,92.68292682926828,1.0,3.114564951278868,92104
2009-08-28,79245,280190,27377,8178,920,85618,5.408723145589039,0.16109166892580024,63,217,63,26,0,48,2.8823271267828576,-7.954742099882353,89230.0,-13.887530562347184,0.34547290049845414,0.10319893999621427,5.164936441296389,60.25,-20.253164556962023,1.0,3.1964205622070225,79308
2009-09-04,91515,339397,29013,8638,1058,98630,5.325078734239127,0.3933719956413267,173,1132,173,144,0,25,3.1962525021387767,-8.72070393374741,88623.0,15.48362672723831,0.3170299950827733,0.09438889799486423,5.207910007154796,89.0,174.6031746031746,1.0,3.070974590036625,91688
2009-09-11,97451,384435,29363,8614,1166,104406,5.362388800007802,0.6050899991535157,181,635,183,137,0,5,3.34720649680391,-8.772015670660592,90059.0,6.486368354914496,0.3013104021508245,0.08839314116838205,5.280649159833246,124.0,4.6242774566473965,1.011049723756906,3.1226520736716927,97632
2009-09-18,107233,467741,32364,10346,911,115732,5.478257700460124,0.6508041866317036,35,127,35,20,1,8,2.71367070513446,-5.870478072651985,93861.0,10.037865183528139,0.30181007712178154,0.09648149357007638,5.393612095074023,113.0,-80.66298342541435,1.0,3.034864207715001,107268
2009-09-25,105607,490941,30750,6984,1165,114131,5.556534355937231,0.7349160426966693,65,166,65,38,2,13,3.7812559098334018,-7.29475155279503,100451.5,-1.516324265850999,0.2911738805192838,0.06613197988769684,5.430564897661071,113.5,85.71428571428572,1.0,3.2595964034776372,105672
2009-10-02,111932,519172,33158,7951,1560,120981,5.604722915233546,0.8307676854658201,51,149,51,39,0,14,4.9995107271366015,-8.798620600414079,105555.75,5.989186322876328,0.2962334274380874,0.07103419933531073,5.5004759429096755,83.0,-21.53846153846154,1.0,3.7104109597270933,111983
2009-10-09,91132,353050,26723,7289,919,98434,5.663459331347935,0.7960576379127188,100,563,100,88,2,19,3.460793057273423,-8.52468782770025,103976.0,-18.58271093163707,0.29323399025589253,0.07998288197340123,5.57574357574471,62.75,96.078431372549,1.0,3.7388075998444714,91232
2009-10-16,83166,341065,23071,6809,841,89803,5.793219603768705,0.7425240646869451,43,137,43,31,5,2,2.613838659531253,-7.809037267080744,97959.25,-8.741166659351274,0.27740903734699274,0.08187239977875574,5.654484051571854,64.75,-57.00000000000001,1.0,3.7138495884436695,83209
2009-10-23,102966,403824,32082,10220,1079,111064,5.368190743111822,0.58017064568677,43,153,43,22,0,10,2.8259049248975274,-7.444547471162378,97299.0,23.80780607459778,0.3115785793368685,0.09925606510887089,5.607398148365502,59.25,0.0,1.0,3.475011842209701,103009
2009-10-30,94588,417119,30268,8942,674,102054,5.431336800434641,0.536548359340903,70,186,70,37,2,29,3.4158858111345367,-7.943570905097355,92963.0,-8.13666647242779,0.31999830845350363,0.09453630481667864,5.564051619665776,64.0,62.7906976744186,1.0,3.079105613209185,94658
2009-11-06,93577,368698,32785,10678,850,101084,5.130248144933968,0.11512952875163965,43,136,43,25,0,28,3.4662733184014876,-7.385017979731937,93574.25,-1.0688459424028407,0.3503531850775297,0.11410923624394884,5.430748823062284,49.75,-38.57142857142857,1.0,3.080475678491201,93620
2009-11-13,77002,274101,26814,7883,723,83028,5.306174429244979,0.12243660559714509,102,439,102,54,3,13,2.2749860053692057,-8.373781425613723,92033.25,-17.712685809547214,0.34822472143580685,0.10237396431261525,5.308987529431352,64.5,137.2093023255814,1.0,2.995762514950689,77104
2009-11-20,50541,178752,16573,4080,489,54545,5.181826168069769,0.4400165158841444,56,173,56,32,0,24,2.295143411833648,-6.680807453416149,78927.0,-34.36404249240279,0.32791199224392076,0.08072653884964683,5.262396385670839,67.75,-45.09803921568627,1.0,2.8630721366847194,50597
2009-11-27,98123,407668,31861,8683,720,106028,5.416180522571551,0.39601887798439667,137,512,138,111,2,7,2.6363550781901894,-8.994994178386493,79810.75,94.14534734176215,0.3247047073570926,0.08849097561224178,5.258607316205066,84.5,144.64285714285717,1.0072992700729928,2.6681894534486323,98260
2009-12-04,96289,429896,31726,7683,774,103847,5.22183395292523,0.4301667929854082,113,435,114,40,6,11,4.012862505541318,-6.697505461376006,80488.75,-1.8690826819400153,0.3294872726895076,0.07979104570615543,5.281503768202882,102.0,-17.51824817518248,1.008849557522124,2.80483675023359,96402
2009-12-11,93086,420307,32832,9329,667,100322,5.371864739942375,0.11762545361886512,108,458,108,40,7,24,3.485158116008107,-7.610539534654441,84509.75,-3.3264443498218887,0.35270609973572825,0.10021915218185334,5.297926345877231,103.5,-4.424778761061942,1.0,3.1073797778933154,93194
2009-12-18,96039,402716,32027,8607,1020,103664,5.447132264280142,0.4180278552308658,44,130,44,38,0,1,2.7322419014700974,-8.96754066844129,95884.25,3.1723352598672205,0.3334791074459334,0.0896198419392122,5.364252869929825,100.5,-59.25925925925925,1.0,3.2166544003024278,96083
2009-12-25,92581,426094,34387,12407,825,99124,5.020764482002154,-0.274589245891717,90,352,90,63,12,55,3.6595572264691705,-8.250865438908916,94498.75,-3.6006205812222136,0.37142610254803904,0.1340123783497694,5.265398859787475,88.75,104.54545454545455,1.0,3.472454937372173,92671
2010-01-01,99561,498307,44279,15942,734,107599,4.912674973847776,-0.8846855408180951,135,441,135,83,1,23,3.3310887163532668,-7.33271923986986,95316.75,7.53934392585951,0.44474241922037744,0.1601229397053063,5.188109115018111,94.25,50.0,1.0,3.3020114900751603,99696
2010-01-08,96913,425265,36644,11170,1640,104691,5.012964905841246,-0.07655149474155151,115,452,116,61,2,21,3.7071171304585673,-8.010181361081981,96273.5,-2.659675977541409,0.3781123275515153,0.11525801492059888,5.09838415649283,96.0,-14.814814814814813,1.008695652173913,3.3575012436877754,97028
2010-01-15,96982,374591,36444,11968,937,104821,5.152597709914952,-0.10199582155455246,66,264,64,39,1,7,3.734279573888293,-7.3321331721094225,96509.25,0.07119787850959902,0.3757810727763915,0.1234043430739725,5.024750517901532,101.5,-42.608695652173914,0.9696969696969697,3.6080106617923238,97048
2010-01-22,95801,359353,32499,8687,984,103318,5.343947377883708,0.23513507580391307,105,635,106,81,0,29,3.291514860792698,-8.060230726920821,97314.25,-1.217751747747009,0.33923445475516956,0.09067755033872298,5.10554624187192,105.25,59.09090909090908,1.0095238095238095,3.516000070373206,95906
2010-01-29,102809,400881,33973,10208,989,111133,5.387216106940984,0.28523608009201135,80,277,80,34,4,50,2.7764614760286994,-7.218584267699173,98126.25,7.315163724804541,0.33044772344833623,0.09929091811028218,5.224181525145222,91.5,-23.809523809523814,1.0,3.377343260292064,102889
2010-02-05,101082,413648,35167,10910,1000,109148,5.376232138433513,0.08849217567928984,104,347,104,71,1,22,3.3311631308161465,-8.211121047961518,99168.5,-1.6798140240640413,0.3479056607506777,0.10793217387863319,5.314998333293289,88.75,30.000000000000004,1.0,3.2833547603814592,101186
2010-02-12,106353,447572,37431,8913,1724,114861,5.624739920725962,0.09838112501658945,26,54,26,19,0,13,4.6834449539694445,-9.100193729665778,101511.25,5.214578263192249,0.35195057967335197,0.0838058164790838,5.433033885996043,78.75,-75.0,1.0,3.5206461054017466,106379
2010-02-19,103549,393195,34030,8563,1339,111813,5.516912405643984,0.3526203616920753,26,84,26,15,0,10,2.6747213811975703,-6.30723602484472,103448.25,-2.6365029665359696,0.32863668408193225,0.08269514915643801,5.476275142936111,59.0,0.0,1.0,3.366447735502965,103575
2010-02-26,72388,248027,23537,6281,850,78220,5.67103018840241,0.45041386232245284,23,41,23,9,0,1,4.117299652475274,-6.8798550724637675,95843.0,-30.092999449535974,0.32515057744377523,0.08676852516991766,5.547228663301468,44.75,-11.538461538461542,1.0,3.7016572796146083,72411
2010-03-05,37299,113003,12127,2971,370,40288,5.5851409250866215,0.31734797310605417,56,342,57,22,0,0,1.9481804886234613,-5.0686800853064335,79897.25,-48.47350389567332,0.3251293600364621,0.07965361001635432,5.599455859964745,32.75,143.47826086956525,1.0178571428571428,3.355911619066437,37355
2010-03-12,29386,88782,9527,2656,357,31703,5.491410061737336,0.3629914131729087,23,44,23,13,0,4,2.2905102893174947,-5.461557231588287,60655.5,-21.215045979784986,0.3242020009528347,0.09038317566187981,5.566123395217589,32.0,-58.92857142857143,1.0,2.7576779529034496,29409
2010-03-19,26753,79873,8092,2465,215,28665,5.399619118461247,0.43076634055722657,34,72,34,28,0,0,1.5361351873609126,-4.311626737651581,41456.5,-8.960049002926562,0.30247075094381937,0.09213919934212986,5.536800073421904,34.0,47.82608695652173,1.0,2.473031404444285,26787
2010-03-26,31971,94326,9738,2089,333,34497,5.699626693343289,0.6938522723009408,22,58,22,9,0,7,2.085868667876255,-4.359720496894409,31352.25,19.504354651814747,0.304588533358356,0.06534046479622158,5.543949199657124,33.75,-35.29411764705882,1.0,1.9651736582945305,31993
2010-04-02,38223,131664,12758,4492,283,41267,5.554770819857498,0.30239869939833175,15,41,15,8,0,4,3.8190108604294637,-6.08223602484472,31583.25,19.555221919864874,0.3337780917248777,0.1175208644010151,5.536356673349843,23.5,-31.818181818181824,1.0,2.432881251246031,38238
2010-04-09,40813,149245,13260,5290,456,44134,5.272131970632934,0.21791949161877883,115,548,115,51,0,7,3.5133838639215154,-6.9795152299780625,34440.0,6.776024906469935,0.32489647906304364,0.129615563668439,5.481537150573741,46.5,666.6666666666667,1.0,2.738599644897036,40928
2010-04-16,38126,111438,10499,2831,556,41188,5.353185312978419,0.6625271018748433,22,52,22,12,0,9,2.9149777923113374,-6.594140786749482,37283.25,-6.583686570455494,0.275376383570267,0.0742537900645229,5.469928699203035,43.5,-80.8695652173913,1.0,3.0833102961346426,38148
2010-04-23,67179,216444,21201,6124,976,72572,5.364886155549337,0.5381547861492066,128,461,129,81,0,35,2.3392588700332295,-7.175642934027492,46085.25,76.2025914074385,0.3155896932076988,0.09115943970586046,5.386243564754547,70.0,481.8181818181818,1.0078125,3.146657846673886,67307
2010-04-30,62042,208263,19382,5425,685,67068,5.570680086730401,0.5329626591841664,163,396,164,101,1,70,3.4254982627370554,-7.56217829272177,52040.0,-7.6467348427335935,0.31240127655459204,0.08744076593275522,5.390220881472773,107.0,27.34375,1.0061349693251533,3.048279697250784,62205
2010-05-07,46885,147141,15073,3876,481,50689,5.6040298839675575,0.4406822369080706,54,101,54,32,0,6,3.8582008533458643,-8.689392863864914,53558.0,-24.43022468650269,0.32148874906686575,0.08267036365575343,5.473195359806429,91.75,-66.87116564417178,1.0,3.1344839446068713,46939
2010-05-14,31937,96309,9965,3597,281,34490,5.417931992099999,0.34357434223786726,25,56,25,19,0,7,3.320547245245197,-7.241759834368529,52010.75,-31.882265116775088,0.31202054043898925,0.11262798634812286,5.489382029586824,92.5,-53.703703703703695,1.0,3.235876307840336,31962
2010-05-21,44415,147836,12771,3100,475,48011,5.615873201259894,0.81877238846704,26,85,26,19,0,2,4.380464511395141,-7.688799171842649,46319.75,39.07067038231518,0.2875379939209726,0.06979624000900597,5.5521287910144625,67.0,4.0000000000000036,1.0,3.7461777181808142,44441
2010-05-28,38868,121850,11762,3090,581,41946,5.690832277244754,0.7273533631273761,26,46,26,18,0,11,2.3266108410467714,-6.039618456078083,40526.25,-12.489023978385683,0.30261397550684366,0.07949984563136771,5.582166838643051,32.75,0.0,1.0,3.4714558627582432,38894
2010-06-04,27444,78480,8512,2346,251,29670,5.635115984942608,0.5221969466955155,15,45,15,11,0,2,2.7879380481249454,-6.1001966873706,35666.0,-29.391787588761964,0.310158868969538,0.0854831657192829,5.589938363886814,23.0,-42.307692307692314,1.0,3.2038901614530135,27459
2010-06-11,38467,130281,13265,4159,908,41554,5.432047046765831,0.08888061220653272,39,70,39,35,0,27,5.684962522907158,-8.576028609072086,37298.5,40.165427780206976,0.34484103257337456,0.1081186471521044,5.5934671275532715,26.5,160.0,1.0,3.7949939808685036,38506
2010-06-18,30735,95432,10904,3300,605,33230,5.060127450933002,0.05053015058812611,38,80,38,33,0,14,2.5067316417656635,-6.517141131815044,33878.5,-20.10034575090337,0.3547746868391085,0.10736944851146901,5.454530689971548,29.5,-2.564102564102566,1.0,3.326560763461134,30773
2010-06-25,41572,164202,14359,5250,719,44919,5.248354367046546,0.17604000170695233,77,712,77,46,0,7,4.3856905820281025,-7.37054186892148,34554.5,35.25947616723606,0.3454007505051477,0.12628692389108054,5.343911212421997,42.25,102.63157894736841,1.0,3.8413306987064666,41649
2010-07-02,48915,215195,16966,3213,784,52839,5.340044069914321,0.3823648237671568,30,91,30,15,2,13,2.3855186610521355,-5.234799861973775,39922.25,17.66333108823246,0.34684657058162116,0.0656853725850966,5.270143233664925,46.0,-61.038961038961034,1.0,3.7407258519382642,48945
2010-07-09,64996,319671,22413,5889,696,70243,5.380359521417394,0.24721702594711717,110,441,110,71,2,40,3.5556206800937877,-8.709645587331922,46554.5,32.875396095267305,0.34483660532955873,0.09060557572773709,5.257221352327816,63.75,266.66666666666663,1.0,3.208390391234922,65106
2010-07-16,34234,118719,12861,4071,466,37023,5.269326265459346,-0.29184056858699575,32,94,32,31,0,8,1.961370962715101,-6.749446326620239,47429.25,-47.329066404086404,0.37567914938365365,0.11891686627329555,5.309521055959402,62.25,-70.9090909090909,1.0,3.0720502214722814,34266
2010-07-23,35161,116341,11855,4326,617,38010,5.189716492858826,0.03352886865818359,24,45,24,21,0,7,2.475211192720355,-7.949072759538597,45826.5,2.707834316761115,0.3371633343761554,0.12303404340035835,5.294861587412472,49.0,-25.0,1.0,2.5944303741453445,35185
2010-07-30,47587,183351,16063,4596,833,51435,5.144222903309024,0.2060659047981867,87,435,88,67,3,9,2.826274887464568,-9.02875676327083,45494.5,35.3402918005745,0.33755017126526154,0.0965809990123353,5.245906295761148,63.25,262.5,1.0114942528735633,2.7046194307484526,47674
2010-08-06,89789,454461,32871,9219,1356,96985,5.127331499426049,0.11730458329064183,306,1331,306,268,1,128,2.879090224380184,-9.434697549916576,51692.75,88.683884254103,0.36609161478577557,0.10267404693225228,5.182649290263312,112.25,251.72413793103448,1.0,2.5354868168200513,90095
2010-08-13,92396,465396,31857,9457,1282,99873,5.198371329785782,0.23166292084911075,92,363,92,68,4,29,4.170550041054107,-8.607340015057407,66233.25,2.9034736994509425,0.3447876531451578,0.10235291571063683,5.16491055634492,127.25,-69.93464052287581,1.0,3.087781586404803,92488
2010-08-20,78270,396926,28134,10138,956,84535,5.1404021870519045,0.03211580312091605,68,591,68,47,0,21,3.412078321086259,-7.958607458793794,77010.5,-15.288540629464475,0.35944806439248755,0.12952599974447426,5.152581979893189,138.25,-26.086956521739136,1.0,3.321998368496279,78338
2010-08-27,91107,445059,32904,13091,924,98441,5.263625563872203,-0.11700480729231165,91,169,91,62,9,18,2.8052888184439406,-8.27445311417361,87890.5,16.400919892679177,0.36115775955744345,0.14368819080860964,5.182432645033985,139.25,33.823529411764696,1.0,3.3167518512411225,91198
2010-09-03,96125,539390,32749,11813,1039,103888,5.308659566117045,0.05237625415161366,25,100,25,13,0,2,4.176905821813157,-7.205703933747411,89474.5,5.507809498721294,0.3406918075422627,0.12289206762028608,5.2277646617067335,69.0,-72.52747252747253,1.0,3.6412057505993656,96150
2010-09-10,92510,506159,33320,11083,1094,99885,5.205147683411993,0.0221739303061854,110,712,110,85,6,14,3.598158139996252,-8.78460986699545,89503.0,-3.7607282184655366,0.3601772781320938,0.11980326451194466,5.229458750113286,73.5,340.00000000000006,1.0,3.4981077753349017,92620
2010-09-17,95591,478372,33684,8888,1001,102861,5.527156268641178,0.29437003638007486,80,521,80,55,2,13,4.082988106846385,-8.428675122222801,93833.25,3.330450762079784,0.3523762697325062,0.09297946459394713,5.326147270510605,76.5,-27.27272727272727,1.0,3.665835221774933,95671
2010-09-24,102318,547239,34131,8329,1338,110476,5.712131717846445,0.3861009353203168,48,156,48,29,1,5,2.808789084831551,-5.622101449275362,96636.0,7.037273383477527,0.333577669618249,0.08140307668249966,5.438273809004166,65.75,-40.0,1.0,3.6667102883718354,102366
2010-10-01,90964,413919,29083,8456,1236,98156,5.679384599330601,0.3832083163444562,121,796,121,98,5,7,3.497818675822105,-7.49140252087457,95345.75,-11.096776715729394,0.3197198891869311,0.09295985224924146,5.530955067307555,89.75,152.08333333333334,1.0,3.496938501874073,91085
2010-10-08,82327,327631,24465,7454,884,88884,5.713747195289015,0.6046325699285868,507,3385,507,443,9,2,2.7463557726462122,-9.077145833238845,92800.0,-9.494965041115167,0.29716860811155515,0.09054137767682534,5.6581049452768095,189.0,319.00826446280985,1.0,3.2839879100365628,82834
2010-10-15,83974,352042,22720,6515,725,90269,5.647919527384221,0.8337292577333805,133,816,133,111,1,17,3.57683509651077,-7.68630484077689,89895.75,2.0005587474340114,0.27055993521804367,0.07758353776168814,5.68829575996257,202.25,-73.76725838264299,1.0,3.157449657452659,84107
2010-10-22,65682,269571,19155,6426,572,70909,5.540782744426158,0.7119936334062652,72,206,72,53,0,1,1.930334595801724,-6.291839309936868,80736.75,-21.782932812537215,0.29163241070612955,0.09783502329405316,5.6454585166074995,208.25,-45.86466165413534,1.0,2.9378360351952026,65754
2010-10-29,93239,425705,29877,9145,826,100758,5.487412090469179,0.4345002883563082,58,162,58,36,0,7,3.817037321501114,-7.5798309178743954,81305.5,41.955177978746086,0.3204345820954751,0.09808127500294941,5.597465389392143,192.5,-19.444444444444443,1.0,3.017640696614955,93297
2010-11-05,118600,648887,39092,11032,1336,128133,5.250130055683998,0.3073819327446799,45,154,45,33,1,0,4.0772022755918345,-7.582574682046731,90373.75,27.199991419899394,0.3296121416526138,0.0930185497470489,5.481561104490889,77.0,-22.413793103448278,1.0,3.3503523223513603,118645
2010-11-12,101140,501698,29494,8487,1133,109308,5.616258477549123,0.7432704237087304,39,86,39,20,0,13,4.67412377213873,-6.952914818101154,94665.25,-14.721753794266446,0.29161558236108365,0.0839133873838244,5.473645842032115,53.5,-13.33333333333333,1.0,3.62467449125835,101179
2010-11-19,75547,312645,22223,4934,893,81630,5.687033081312835,0.8020748022700238,78,725,78,66,1,3,2.9437589791121916,-8.82030100334448,97131.5,-25.304528376507808,0.29416125061220166,0.06531033661164573,5.510208426253783,55.0,100.0,1.0,3.878030587085967,75625
2010-11-26,88612,397484,24860,6950,700,95715,5.948917208260698,0.7771386278532856,116,374,117,103,0,31,2.99745158564289,-9.182356770320638,95974.75,17.293870041166425,0.28054890985419584,0.07843181510404912,5.625584705701663,69.5,48.71794871794872,1.0086206896551724,3.6731341531214112,88728
2010-12-03,103643,466049,33120,8694,1016,112001,5.72541053810393,0.45452173106529214,62,200,62,24,1,15,3.052118963349696,-6.61411929989387,92235.5,16.962713853654133,0.31955848441284024,0.08388410215837055,5.744404826306647,73.75,-46.55172413793104,1.0,3.416863325060876,103705
2010-12-10,102939,463586,31206,7517,1166,111014,5.788166939236008,0.6538700456273642,246,1350,247,138,0,51,3.90676043656827,-7.371473862708031,92685.25,-0.6792547494765655,0.30315040946580013,0.07302382964668395,5.787381941728368,125.5,296.7741935483871,1.0040650406504066,3.2250224911682617,103185
2010-12-17,82860,403307,28764,8626,993,88981,5.56198585391989,0.1709010279788199,128,511,128,70,0,60,4.122437251265364,-7.532656610700088,94513.5,-19.50572669250721,0.34713975380159307,0.10410330678252475,5.756120134880132,138.0,-47.96747967479674,1.0,3.519692059206555,82988
2010-12-24,88294,479793,27131,6212,973,95310,5.7560140059364135,0.7177281658845301,94,304,94,60,1,30,3.1691654223074073,-7.865403092310524,94434.0,6.558049722423376,0.3072802228917027,0.07035585657009537,5.707894334299061,132.5,-26.5625,1.0,3.5626205183726842,88388
2010-12-31,84438,600781,33219,7822,977,91192,5.434442723568993,-0.038528313965492174,50,191,50,39,0,3,2.5047880950843817,-8.400917608961086,89632.75,-4.367227671189433,0.3934129183542955,0.092636016959189,5.6351523806653265,129.5,-46.808510638297875,1.0,3.4257878013063556,84488
2011-01-07,75223,421588,27063,8004,827,81265,5.409361739017683,-0.1075290273428259,48,198,48,35,3,3,3.0665303187064703,-8.125771960958295,82703.75,-10.913332859612968,0.3597702830251386,0.10640362655039018,5.540451080610745,80.0,-4.0000000000000036,1.0,3.215730271840905,75271
2011-01-14,85897,460803,26547,6811,948,92681,5.3404075369701,0.5423487935465418,50,189,50,25,2,5,3.5756697860839757,-7.211656314699793,83463.0,14.189808968001817,0.30905619521054284,0.07929264118653737,5.485056501373298,60.5,4.166666666666674,1.0,3.079038405545558,85947
2011-01-21,66699,306651,21514,6087,845,71986,5.4608264836413385,0.3319693768087864,202,920,203,176,1,30,2.5531768735398055,-8.65100948130781,78064.25,-22.350023865792757,0.3225535615226615,0.09126073854180722,5.4112596207995285,87.5,304.0,1.004950495049505,2.925041268353658,66901
2011-01-28,102729,541936,37537,12267,1214,110949,5.24758207705865,-0.04893246756267761,608,4769,609,443,4,507,3.320592739490365,-8.71739939439652,82637.0,54.018800881572425,0.36539828091386073,0.11941126653622638,5.364544459171943,227.0,200.990099009901,1.0016447368421053,3.1289924294551534,103337
2011-02-04,79588,383313,29194,6506,1313,85892,5.320045078605946,0.052895132083995836,557,2201,559,385,69,542,4.340694063441336,-7.602358894204946,83728.25,-22.526258408044463,0.3668140925767704,0.08174599185806905,5.342215294069009,354.25,-8.388157894736848,1.0035906642728905,3.4475333656388703,80145
2011-02-11,80056,426723,26265,5837,943,86493,5.485169134395839,0.34573231098005824,359,1064,359,273,18,290,4.505824343433068,-7.795345053470285,82268.0,0.588028345981817,0.32808284201059257,0.07291146197661637,5.378405693425443,431.5,-35.547576301615806,1.0,3.680072004976143,80415
2011-02-18,91059,501286,37234,11123,1075,98422,5.28446591329801,-0.6582988753465353,232,1168,232,160,18,229,5.2722351569078425,-7.389535794629064,88358.0,13.744129109623259,0.40889972435453936,0.12215157205767689,5.334315550839611,439.0,-35.37604456824512,1.0,4.359836575818152,91291
2011-02-25,103704,534124,40095,10748,1506,111634,4.996054741003719,-0.3472814731688514,337,1198,338,230,33,217,4.380221981286604,-7.679357209123696,88601.75,13.88660099495931,0.38662925248785,0.10364113245390727,5.271433716825879,371.25,45.25862068965518,1.002967359050445,4.624743886267212,104041
2011-03-04,97576,473275,37785,9111,1362,105249,5.303424021438677,-0.24122670705133759,221,673,220,160,9,154,4.161812732146069,-8.035996612981267,93098.75,-5.909125973925788,0.3872366155612036,0.09337337050094285,5.267278452534061,287.25,-34.42136498516321,0.995475113122172,4.580023553443396,97797
2011-03-11,92474,445495,34077,8735,760,99049,5.384222810601202,-0.0949184244341503,147,770,147,108,5,55,3.943498523169844,-8.321976589409454,96203.25,-5.228744773304916,0.36850357938447564,0.0944589830655103,5.242041871585402,234.25,-33.484162895927604,1.0,4.439442098377589,92621
2011-03-18,99811,474418,39233,11551,1086,107828,5.133039563600808,-0.3249810507866787,154,623,156,94,11,60,3.3400207457168904,-7.89371259175607,98391.25,7.934122023487689,0.39307290779573395,0.11572872729458678,5.204185284161101,214.75,4.761904761904767,1.0129870129870129,3.9563884955798514,99965
2011-03-25,100063,486613,39040,10207,1267,108142,5.365419120540041,-0.2106516611237977,93,467,93,73,3,30,4.169683434926381,-8.183721749265226,97481.0,0.2524771818737337,0.3901542028522031,0.10200573638607677,5.296526379045182,153.75,-39.6103896103896,1.0,3.9037538589897958,100156
2011-04-01,81352,309892,29845,9245,715,87843,5.406435882671073,-0.1328417440566988,57,140,57,33,4,21,3.4219680641507244,-7.068074063617542,93425.0,-18.69921949172022,0.3668625233552955,0.113641951027633,5.322279344353281,112.75,-38.70967741935484,1.0,3.7187926919909593,81409
2011-04-08,86952,352941,32017,9996,893,93908,5.251827206301116,-0.10591743323799381,256,737,256,189,17,177,2.7533024741312526,-7.198862721606375,92044.5,6.883666043858794,0.3682146471616524,0.11495997791885178,5.28918044327826,140.0,349.12280701754383,1.0,3.4212436797313117,87208
2011-04-15,87727,356091,32710,9522,990,94755,5.284467992623832,-0.11653567558056444,249,1177,250,122,14,206,4.295530166552175,-7.007279549901422,89023.5,0.8912963474100755,0.3728612627811278,0.10854127007648728,5.3270375505340155,163.75,-2.734375,1.0040160642570282,3.6601210349401327,87976
2011-04-22,87049,393641,29660,8805,966,93912,5.390000852239611,0.11992932173425366,275,1223,277,170,10,171,3.480026088234158,-7.720372222680134,85770.0,-0.7728521435817926,0.34072763615894497,0.10114992705257958,5.333182983458908,209.25,10.441767068273089,1.0072727272727273,3.4877066982670772,87324
2011-04-29,88587,431706,30520,9099,813,95745,5.458854385926044,0.19369107670120586,137,1255,137,72,1,69,3.5887621787648207,-7.826440221269414,87578.75,1.7668209858815231,0.344520076309165,0.10271258762572387,5.346287609272651,229.25,-50.18181818181818,1.0,3.529405226920601,88724
2011-05-06,82382,391074,31342,11255,949,88976,5.452674755740402,-0.30909680773236303,71,156,71,40,5,27,4.179498608870506,-7.4742583555161195,86436.25,-7.004413740165038,0.3804471850646986,0.136619649923527,5.3964994966324715,183.0,-48.17518248175182,1.0,3.885954260605414,82453
2011-05-13,72273,317561,26785,8766,509,78053,5.422633427541721,-0.21448546149802225,108,418,109,42,2,87,3.72039015536972,-6.900027052149477,82572.75,-12.27088441649875,0.37060866436982,0.12129010833921382,5.431040855361944,147.75,52.112676056338024,1.0092592592592593,3.7421692578098007,72381
2011-05-20,63387,264704,21502,5723,623,68251,5.494321309042703,0.12454941325369255,132,1099,132,93,4,50,4.01107449688548,-7.285996185894171,76657.25,-12.295047943215309,0.33921782068878475,0.09028665183712749,5.457120969562718,112.0,22.222222222222232,1.0,3.874931359972631,63519
2011-05-27,73948,364203,26229,7710,1162,79744,5.577839189121227,0.14815066250938957,143,783,143,100,2,52,4.003858593907556,-7.425287283068875,72997.5,16.661145029737966,0.3546951912154487,0.10426245469789581,5.4868671703615135,113.5,8.333333333333325,1.0,3.978705463758315,74091
2011-06-03,76837,373484,30647,10554,1363,82890,5.19576507860558,-0.3485277387083423,79,498,79,31,7,54,3.969753851733878,-7.038517590678715,71611.25,3.906799372532044,0.39885732134258234,0.13735570102945197,5.422639751077808,115.5,-44.75524475524476,1.0,3.926269274474158,76916
2011-06-10,103566,596758,36355,13927,1346,110340,5.274553254394285,-0.11801694100883087,163,349,165,137,0,92,3.8441023149559896,-8.467533446138818,79434.5,34.7866262347567,0.3510321920321341,0.1344746345325686,5.385619707790949,129.25,106.32911392405062,1.0122699386503067,3.9571973143707257,103729
2011-06-17,76352,371713,26863,9284,815,82390,5.337461073574744,0.028754874913024135,82,205,82,56,2,50,3.4393060465954357,-7.964069097994929,82675.75,-26.27696348222389,0.35183099329421624,0.12159471919530596,5.346404648923959,116.75,-49.693251533742334,1.0,3.8142552017982143,76434
2011-06-24,90435,390831,29620,9114,913,97570,5.432552271698662,0.34963597594286056,140,561,137,96,5,74,3.2834575237318044,-7.5424091327352185,86797.5,18.444834450963967,0.32752805882678165,0.10077956543373694,5.310082919568318,116.0,70.73170731707317,0.9785714285714285,3.6341549342542763,90575
2011-07-01,85663,403446,30249,8430,1287,92447,5.4471998334990825,0.09414788377623975,120,635,120,67,4,82,3.690635131562226,-7.457472527472526,89004.0,-5.276718084812293,0.35311628124160954,0.0984088813139862,5.372941608291693,126.25,-14.28571428571429,1.0,3.5643752542113636,85783
2011-07-08,87622,372530,29556,9646,1065,94684,5.500921682541448,0.11964938213539668,272,1684,272,194,5,175,3.232540709910284,-8.025188347483098,85018.0,2.286868309538548,0.33731254707721803,0.11008650795462327,5.429533715328485,153.5,126.66666666666666,1.0,3.411484852949937,87894
2011-07-15,79750,347120,25403,8138,612,86157,5.334177056826381,0.29785094665815165,293,1715,294,219,0,270,3.419606614523699,-7.674346813404442,85867.5,-8.984045102828054,0.31853291536050155,0.10204388714733542,5.428712711141393,206.25,7.720588235294112,1.0034129692832765,3.406559994932003,80043
2011-07-22,73481,305913,25133,8875,559,79398,5.357444314782646,0.13764869472312175,141,550,142,101,9,107,3.7190411548633024,-7.503136150653312,81629.0,-7.860815047021941,0.3420339951824281,0.1207795212367823,5.409935721912389,206.5,-51.877133105802045,1.0070921985815602,3.5154559027148773,73622
2011-07-29,75476,421492,28783,9661,625,81553,5.43974564170689,-0.13401828611987687,108,592,108,76,1,56,3.4620042298101836,-7.844728982363349,79082.25,2.714987547801462,0.38135301287826595,0.1280009539456251,5.408072173964341,203.5,-23.404255319148938,1.0,3.4582981772768666,75584
2011-08-05,71614,364651,27325,8682,615,77361,5.231352563752935,-0.09071962509317665,182,1307,183,121,4,112,3.602291915927048,-8.139825119579124,75080.25,-5.11685833907467,0.381559471611696,0.12123327840924959,5.340679894267213,181.0,68.5185185185185,1.0054945054945055,3.550735978781058,71796
2011-08-12,73846,325103,26779,6972,1128,79719,5.37215320355591,0.19274879118489555,51,118,51,39,0,9,3.360068589094118,-7.982449965493442,73604.25,3.116709023375308,0.3626330471521816,0.09441269669311811,5.3501739309495955,120.5,-71.97802197802197,1.0,3.5358514724236625,73897
2011-08-19,73936,333012,27288,9775,861,79875,5.179904271769024,-0.05818759348681749,227,987,229,191,2,122,2.834619854469229,-8.835999365949512,73718.0,0.1218752539067891,0.36907595758493833,0.13220893745942436,5.305788920196189,142.0,345.0980392156863,1.0088105726872247,3.3147461473251445,74163
2011-08-26,82617,418443,27038,8529,711,89212,5.3342613928679965,0.2715170739659321,189,835,191,143,3,41,2.8911066604051547,-8.433051964486177,75503.25,11.741235663276338,0.32726920609559773,0.10323541159809724,5.279417857986466,162.25,-16.74008810572687,1.0105820105820107,3.172021754973887,82806
2011-09-02,67934,316436,24002,8391,557,73396,5.340355131063449,-0.03782019226999768,109,447,109,84,16,61,3.4950752902813322,-8.744817002860481,74583.25,-17.772371303726832,0.3533135101716372,0.12351694291518238,5.306668499814095,144.0,-42.32804232804233,1.0,3.145217598562458,68043
2011-09-09,81349,338338,28643,9096,778,87906,5.274518726037438,0.014821048607992358,108,430,108,79,0,29,3.0787498923226737,-7.61061720762995,76459.0,19.74710748667825,0.35210021020541127,0.11181452752953325,5.282259880434477,158.25,-0.917431192660545,1.0,3.0748879243695972,81457
2011-09-16,95134,482207,29862,9641,807,102703,5.525039910497601,0.5560957958442954,74,388,74,50,4,12,3.3356915048047813,-8.153026908391814,81758.5,16.9455063983577,0.31389408623625625,0.10134126600374209,5.368543790116621,120.0,-31.481481481481477,1.0,3.200155836953485,95208
2011-09-23,104524,558866,34649,11714,757,112787,5.679075523385857,0.2955151162149005,65,363,65,46,2,21,3.1979073271022567,-8.25287901430595,87235.25,9.870288225029956,0.33149324557039533,0.11206995522559413,5.454747322746086,89.0,-12.16216216216216,1.0,3.2768560036277607,104589
2011-09-30,101086,533259,32412,9777,703,109280,5.510542337239791,0.2969590385959657,63,141,63,45,2,23,2.4855681844839177,-8.5067696933846,95523.25,-3.289196739504807,0.32063787270245137,0.09671962487386977,5.497294124290172,77.5,-3.076923076923077,1.0,3.024479227178407,101149
2011-10-07,60357,213148,22342,7264,487,65182,5.483827690544381,-0.229312594865747,42,431,42,36,0,19,2.7502177785195387,-7.794862287470983,90275.25,-40.291435015729185,0.3701641897377272,0.12035058071143363,5.5496213654169075,61.0,-33.333333333333336,1.0,2.9423461987276234,60399
2011-10-14,93152,402141,36646,10252,1348,100571,5.630035388444548,0.024311389107513078,122,581,122,83,0,20,3.697499767199974,-8.012621500307835,89779.75,54.335039846248165,0.3934000343524562,0.11005668155273102,5.575870234903644,73.0,190.47619047619045,1.0,3.0327982643264213,93274
2011-10-21,89551,367992,32893,11386,1174,96792,5.641260456894163,-0.07904129517647258,59,191,59,49,2,34,3.2452162109853018,-8.853656933128983,86036.5,-3.8657248368258346,0.36731024779176114,0.1271454255117196,5.566416468280721,71.5,-51.63934426229508,1.0,3.044625485297183,89610
2011-10-28,93564,410939,30547,10210,851,101084,6.070837344204598,0.35506862316625304,58,158,58,34,1,19,3.248798319261677,-6.083505866114561,84156.0,4.481245323893646,0.32648240776366977,0.1091231670300543,5.706490220021923,70.25,-1.6949152542372836,1.0,3.2354330189916225,93622
2011-11-04,82682,360433,26933,7182,871,89260,5.688192794501253,0.46675637912364937,56,180,56,32,2,31,3.853672636764675,-7.554513457556935,89737.25,-11.630541661322734,0.32574199946784066,0.08686292058731042,5.757581496011141,73.75,-3.4482758620689613,1.0,3.5112967335529066,82738
2011-11-11,85820,366477,30302,7303,1022,92621,5.388928774733684,0.20890820122873888,65,322,65,56,0,20,2.7714417168810654,-9.190705598749076,87904.25,3.795263781717906,0.3530878583080867,0.08509671405266837,5.697304842583425,59.5,16.07142857142858,1.0,3.2797822209731793,85885
2011-11-18,85126,341621,28884,7017,1077,91924,5.5987678736141,0.35054110755309936,38,72,38,17,1,24,2.667177546130565,-6.696180124223602,86798.0,-0.8086693078536489,0.3393087893240608,0.08243074971219135,5.68668169676341,54.25,-41.53846153846153,1.0,3.1352725547594953,85164
2011-11-25,87364,380452,30206,7289,1696,94328,5.722525796162695,0.34517980208987276,172,1297,172,127,10,164,4.16177092314259,-8.102367316491813,85248.0,2.629044005356773,0.34574882102467835,0.0834325351403324,5.599603809752933,82.75,352.6315789473684,1.0,3.3635157057297236,87536
2011-12-02,95875,428311,36427,8420,3193,103529,5.466614041290754,-0.06552503952993516,50,170,50,22,11,18,4.189681841580973,-7.02116878635512,88546.25,9.741998992720124,0.3799426336375489,0.08782268578878748,5.544209121450308,81.25,-70.93023255813952,1.0,3.447518006933798,95925
2011-12-09,79448,348436,30243,6842,1461,85701,5.563963014412644,-0.12897685222577812,42,110,42,24,2,12,3.3324763492258747,-7.750002016616922,86953.25,-17.133767926988263,0.38066408216695197,0.08611922263618971,5.587967681370047,75.5,-16.000000000000004,1.0,3.5877766650200007,79490
2011-12-16,84074,331905,29809,6690,1189,90175,5.467946921436922,0.23487883029537995,135,740,135,79,0,96,4.189204076455069,-7.504317357949071,86690.25,5.82267646762662,0.354556700049956,0.07957275733282584,5.555262443325753,99.75,221.42857142857144,1.0,3.9682832976011264,84209
2011-12-23,92911,452267,32529,8509,1266,100417,5.260309458117298,0.3513431781639455,66,192,66,35,0,19,4.2075527278044556,-7.393460581861203,88077.0,10.510978423769535,0.3501092443305959,0.09158226690058227,5.439708358814404,73.25,-51.11111111111111,1.0,3.9797287487665924,92977
2011-12-30,82556,456346,31678,8082,1156,89205,5.300838083613287,-0.02085752619842507,44,132,44,33,0,3,3.1633469413687574,-7.362593167701862,84747.25,-11.145074318433768,0.3837152962837347,0.09789718494113087,5.398264369395038,71.75,-33.333333333333336,1.0,3.7231450237135384,82600
2012-01-06,73486,400294,29176,7498,1653,79363,5.232975385968406,-0.15048514501292012,123,592,123,67,4,16,3.7241105615229584,-8.316406881593215,83256.75,-10.98648190319298,0.3970280053343494,0.10203304030699725,5.315517462283979,92.0,179.54545454545453,1.0,3.8210535767878095,73609
2012-01-13,105807,787609,39328,10446,1807,114347,5.381057305527738,0.10432814660487529,89,307,90,46,8,65,4.010519176718867,-6.997019998634904,88690.0,43.98252728410854,0.37169563450433335,0.09872692732994981,5.293795058306682,80.5,-27.642276422764223,1.0112359550561798,3.776382351853759,105896
2012-01-20,99644,434250,36883,9969,1581,107680,5.442344225312344,-0.028618517518615914,64,286,64,40,1,24,3.593906767893682,-7.610751029508792,90373.25,-5.824756396079655,0.370147725904219,0.10004616434506844,5.339303750105444,80.0,-28.08988764044944,1.0,3.622970861876065,99708
2012-01-27,98940,525185,35742,8868,2214,106950,5.413721546231083,0.1309595510505733,108,322,108,66,4,40,4.003086724331121,-7.0851194771531025,94469.25,-0.706515194090962,0.36124924196482716,0.08963007883565798,5.367524615759893,96.0,68.75,1.0,3.8329058076166564,99048
2012-02-03,98342,561686,32259,7321,1757,106263,5.584424510428296,0.434303101316815,71,387,71,27,9,24,4.608223503967528,-7.224888222847667,100683.25,-0.6044067111380613,0.32802871611315615,0.07444428626629518,5.455386896874865,83.0,-34.25925925925925,1.0,4.053934043227798,98413
2012-02-10,120006,594762,43227,8118,2615,129668,5.59412040757321,0.22894097591992302,73,312,73,37,8,32,4.214593949578399,-7.10007368164657,104233.0,22.029244880112266,0.36020698965051745,0.06764661766911655,5.5086526723862335,79.0,2.8169014084507005,1.0,4.104952736442682,120079
2012-02-17,116906,610495,45645,10301,2546,126397,5.51131342728104,-0.0564120928207009,108,350,108,61,10,38,4.039037780515729,-7.645840019550663,108548.5,-2.5832041731246758,0.3904418934870751,0.08811352710724855,5.525894972878407,90.0,47.94520547945205,1.0,4.216235489598194,117014
2012-02-24,121257,686857,42586,9967,2414,131075,5.44033764045468,0.2369764443690669,180,630,181,85,3,37,3.5643259845870436,-7.044057450934439,114127.75,3.721793577746224,0.35120446654626125,0.08219731644358676,5.532548996434307,108.0,66.66666666666667,1.0055555555555555,4.106545304662174,121437
2012-03-02,100326,509452,36052,8225,1458,108415,5.611104766364792,0.09471767730250658,70,295,70,48,1,12,3.239833311242053,-7.9947495776459965,114623.75,-17.26168386155026,0.35934852381237165,0.08198273627972809,5.539219060418431,107.75,-61.111111111111114,1.0,3.7644477564808057,100396
2012-03-09,120021,715764,43171,11820,1601,129737,5.612032770553305,0.038949880613009524,92,267,92,53,3,45,4.262886169600169,-7.487683883622098,114627.5,19.63100293044675,0.3596953866406712,0.09848276551603469,5.543697151163455,112.5,31.428571428571427,1.0,3.7765208114862485,120113
2012-03-16,104909,560160,36515,9826,1267,113331,5.4577871667190125,0.23782716091733508,94,236,94,72,7,30,3.0458762717926136,-8.256894409937887,111628.25,-12.591129885603358,0.3480635598471056,0.09366212622367957,5.530315586022947,109.0,2.1739130434782705,1.0,3.5282304343054696,105003
2012-03-23,98708,550282,36130,10881,1199,106588,5.344678560481776,-0.022541926203152225,70,295,70,48,0,16,4.106505668147436,-8.352666494995686,105991.0,-5.910837011123926,0.36602909591927707,0.11023422620253677,5.506400816029721,81.5,-25.531914893617024,1.0,3.663775355195568,98778
2012-03-30,99030,486706,28995,7039,1074,107049,5.597706541278861,0.7170638322436576,194,605,194,139,2,70,3.3477019971107667,-8.085996793011066,105667.0,0.3262146938444621,0.2927900636170857,0.07107947086741391,5.503051259758238,112.5,177.14285714285714,1.0,3.690742526662746,99224
2012-04-06,88952,395484,28698,6812,1100,96062,5.3476637464982515,0.5337075813909588,103,780,101,75,0,31,3.507883561100073,-7.993066333252669,97899.75,-10.176714127032216,0.3226234373594748,0.07658062775429444,5.436959003744476,115.25,-46.90721649484536,0.9805825242718447,3.5019918745377216,89055
2012-04-13,101860,510448,33857,8942,1173,109955,4.893025208618752,0.4918052607452328,99,301,99,53,3,13,3.2005744296342913,-7.742483800939042,97137.5,14.511197050094427,0.33238759081091696,0.08778715884547418,5.29576851421941,116.5,-3.8834951456310662,1.0,3.5406664139981414,101959
2012-04-20,94936,454731,30129,7952,1238,102457,4.912590137067292,0.5715644478536469,126,627,125,53,4,27,4.250819461822442,-6.5322252886511185,96194.5,-6.797565285686236,0.31736116963006655,0.08376169208730092,5.18774640836579,130.5,27.27272727272727,0.9920634920634921,3.576744862416893,95062
2012-04-27,103279,456107,33113,8063,1076,111472,4.941044340765935,0.499522761450984,90,314,90,35,5,10,4.437625649773642,-6.928164251207728,97256.75,8.788025617257933,0.32061696956786956,0.07807008201086378,5.023580858237558,104.5,-28.57142857142857,1.0,3.849225775582612,103369
2012-05-04,84659,400240,28447,6520,1524,91168,5.172200814820627,0.3866187239829522,49,237,49,25,3,12,3.063374060124481,-7.907846790890269,96183.5,-18.028834516213365,0.33601861585891635,0.07701484780117884,4.979715125318152,91.0,-45.55555555555556,1.0,3.738098400338714,84708
2012-05-11,83632,437970,28396,7075,787,90264,5.1533964188492565,0.26691109862318113,85,362,85,39,0,21,3.8314744036162454,-7.31875278965341,91626.5,-1.2131019738007787,0.3395351061794528,0.0845968050506983,5.044807927875778,87.5,73.46938775510203,1.0,3.895823393834202,83717
2012-05-18,97851,514355,32193,8992,1135,105587,5.161183816573632,0.31520926248231834,146,535,142,103,7,37,3.3838249372657567,-7.833833384358065,92355.25,17.001865314712063,0.3290002146120121,0.09189481967481171,5.106956347752362,92.5,71.76470588235293,0.9726027397260274,3.6790747626950306,97997
2012-05-25,113450,630488,32167,9613,1737,122471,5.575806737562824,0.8319483945152671,117,323,117,90,6,62,3.158185385277137,-8.4895239372733,94898.0,15.941584654219177,0.2835345967386514,0.08473336271485236,5.265646946951585,99.25,-19.863013698630137,1.0,3.3592146965709047,113567
2012-06-01,79473,358532,26213,6855,787,85705,5.486586842311856,0.4583935680891721,101,271,101,64,3,50,3.6707345962956537,-7.859214785640616,93601.5,-29.94887615689731,0.3298352899726951,0.0862557094862406,5.344243453824392,112.25,-13.675213675213671,1.0,3.511054830613698,79574
2012-06-08,81739,363748,25335,6833,756,88011,5.608190044532634,0.6047073847364476,240,2357,241,187,4,74,4.2776050932466365,-8.048464226181775,93128.25,2.8512828256137324,0.3099499626861107,0.08359534616278642,5.457941860245237,151.0,137.6237623762376,1.0041666666666667,3.6225875030212955,81979
2012-06-15,95118,473069,33040,9356,1040,101303,5.2893545722828454,0.2467667537706971,329,2155,329,260,0,29,3.7507490962657144,-8.713533598804483,92445.0,16.36795165098668,0.34735801846127967,0.0983620345255367,5.489984549172539,196.75,37.083333333333336,1.0,3.714318542771285,95447
2012-06-22,102645,545101,30778,9049,1446,110651,5.636219030807263,0.6073155642756168,217,1053,214,138,6,60,3.9476536410517937,-7.070468665251049,89743.75,7.913328707500167,0.299848994105899,0.08815821520775488,5.50508762248365,221.75,-34.04255319148937,0.9861751152073732,3.9116856067149492,102862
2012-06-29,77420,318996,23062,5410,1251,83384,5.505720923967788,0.7719603984451222,149,1050,145,93,9,22,3.307178426289485,-7.996310676444489,89230.5,-24.574991475473716,0.29788168431929735,0.06987858434513046,5.509871142897632,233.75,-31.336405529953915,0.9731543624161074,3.820796564213407,77569
2012-07-06,83829,419824,27948,7327,1605,90244,5.450685694155714,0.3449198349632186,401,4629,400,336,28,46,3.792478329198655,-9.137467545292507,89753.0,8.278222681477665,0.33339297856350425,0.0874041202925002,5.470495055303402,274.0,169.12751677852347,0.9975062344139651,3.6995148732014114,84230
2012-07-13,85839,444567,26814,5980,1094,92294,5.502078808133857,0.5012350867762005,177,833,168,125,6,55,3.7145942741661355,-7.93722538613868,87433.25,2.397738252871928,0.31237549365672945,0.06966530364985613,5.523676114266156,236.0,-55.860349127182054,0.9491525423728814,3.690476167676517,86016
2012-07-20,92919,511080,36147,10404,990,100125,5.362398037752912,-0.06617130369340499,137,828,134,88,5,60,3.994794592115518,-7.804725388483151,85001.75,8.24799916122043,0.389016239950925,0.11196848868369225,5.455220866002567,216.0,-22.598870056497177,0.9781021897810219,3.702261405442448,93056
2012-07-27,77721,387454,29954,10024,912,83791,5.339340275598765,-0.21317230844871712,92,372,92,60,2,21,4.283478607241148,-8.07356444158691,85077.0,-16.356181190068774,0.3854042022104708,0.12897415113032515,5.413625703910312,201.75,-32.846715328467155,1.0,3.9463364506803638,77813
2012-08-03,80822,446118,29072,7638,1159,86986,5.504197497859185,0.22340283574084724,85,276,83,51,7,27,3.9970570580332274,-7.921979110484772,84325.25,3.9899126362244353,0.3597040409789414,0.09450397169087625,5.427003654836179,122.75,-7.608695652173914,0.9764705882352941,3.997481132889007,80907
2012-08-10,92641,451379,35431,12089,811,99862,5.253201293621723,-0.26104375367995336,114,290,109,83,2,45,3.7674933537420654,-7.8490727688104,86025.75,14.623493603226834,0.3824548526030591,0.13049297827095993,5.364784276208146,107.0,34.11764705882352,0.956140350877193,4.010705902782989,92755
2012-08-17,86247,457980,29737,8270,1083,93059,5.4105856494375075,0.1863186496020763,155,751,143,111,4,45,4.127350867283254,-7.876390486837429,84357.75,-6.9019116805733915,0.3447888042482637,0.09588739318469049,5.3768311791292955,111.5,35.96491228070175,0.9225806451612903,4.043844971574923,86402
2012-08-24,75042,392622,25978,7391,839,80869,5.531333013142925,0.11645117566629534,105,502,105,71,0,46,3.813752700585574,-7.848567776254112,83688.0,-12.991756234999475,0.34617947282854933,0.09849151142027132,5.424829363515336,114.75,-32.25806451612904,1.0,3.9264134949110296,75147
2012-08-31,82067,463048,25712,7112,1018,88482,5.490081198471455,0.4507410083222969,142,866,138,105,1,34,3.47045468321424,-8.369830968992868,83999.25,9.361424269075979,0.3133049825142871,0.0866608990215312,5.4213002886684025,129.0,35.23809523809525,0.971830985915493,3.794762901206283,82209
2012-09-07,90495,434622,29721,8079,1058,97571,4.856309116982509,0.29353467684670675,159,772,156,138,2,14,2.834714667235432,-8.79434041272925,83462.75,10.26965771869326,0.32842698491629374,0.0892756505884303,5.322077244508599,140.25,11.9718309859155,0.9811320754716981,3.5615682295796245,90654
2012-09-14,107493,655508,42304,13383,1673,115900,5.170027268223194,-0.36805021131668264,102,983,95,66,2,13,3.294693756966518,-7.632219446130855,88774.25,18.783358196585453,0.39355120798563625,0.12450113030615947,5.261937649205021,127.0,-35.84905660377359,0.9313725490196079,3.353403952000441,107595
2012-09-21,95732,453577,35975,8636,1187,103196,4.895124122087116,-0.015662560553136026,75,244,68,38,8,6,3.4934694434266094,-7.2190618013699845,93946.75,-10.941177565050753,0.3757886600091923,0.0902101700580788,5.102885426441069,119.5,-26.470588235294112,0.9066666666666666,3.2733331377107,95807
2012-09-28,116256,577469,41488,9488,1683,125497,4.517136658939615,0.026567458953783017,129,515,125,63,9,39,3.8599412294866746,-6.802739847528128,102494.0,21.439017256507743,0.3568676025323424,0.08161299201761629,4.859649291558108,116.25,72.0,0.9689922480620154,3.370704774278808,116385
2012-10-05,96354,443851,34305,9670,1130,103980,4.719725672357508,0.10425184934346417,134,572,128,99,0,103,1.6866806766027456,-4.550990495705229,103958.75,-17.119116432700242,0.3560308861074787,0.10035909251302488,4.825503430401858,110.0,3.875968992248069,0.9552238805970149,3.0836962766206364,96488
2012-10-12,83464,403073,27088,6953,994,89930,5.26360961053457,0.43798109861189843,69,234,69,34,8,21,3.028295380958806,-7.372019723221095,97951.5,-13.37775286962658,0.3245471101313141,0.08330537716859963,4.848899015979702,101.75,-48.50746268656716,1.0,3.0170966826187087,83533
2012-10-19,94320,385831,29368,7416,1344,101567,4.380524355070709,0.5333468516773262,76,253,73,42,3,19,3.269895013586218,-7.330968750998075,97598.5,13.006805329243743,0.31136556403731974,0.07862595419847328,4.720249074225601,102.0,10.144927536231885,0.9605263157894737,2.9612030751586107,94396
2012-10-26,98152,457077,33403,9495,1130,105594,4.614764398373791,0.24113206035367998,124,573,121,97,3,77,3.8285377242802134,-7.901023455495505,93072.5,4.0627650551314565,0.34031909691091367,0.09673771293503954,4.744656009084144,100.75,63.1578947368421,0.9758064516129032,2.953352198856995,98276
2012-11-02,82319,377113,27969,7177,1007,88736,4.218797760994098,0.2643217014741888,110,652,109,88,2,28,3.4367395091435315,-8.244613911531628,89563.75,-16.131102779362617,0.339763602570488,0.0871852184793304,4.619424031243292,94.75,-11.290322580645162,0.990909090909091,3.390866906992192,82429
2012-11-09,84892,393147,26737,7179,991,91269,2.2994071225668296,0.46204624105086284,56,167,54,41,2,10,1.3055682498553856,-8.412320095363572,89920.75,3.1256453552642727,0.3149531169014748,0.08456627244027706,3.878373409251357,91.5,-49.09090909090909,0.9642857142857143,2.9601851242163364,84948
2012-11-16,88100,377970,27719,7390,1102,94841,2.085636966059032,0.5406539628700685,51,310,50,28,4,13,0.9958130553962968,-6.713108434009055,88365.75,3.7789190972058684,0.3146311010215664,0.08388195232690125,3.304651561998438,85.25,-8.92857142857143,0.9803921568627451,2.3916646346688566,88151
2012-11-23,65709,266860,20323,5843,720,70761,2.350346996377095,0.5540629056640297,102,555,101,80,7,78,2.302075625564015,-8.91933975285493,80255.0,-25.415437003405216,0.3092879209849488,0.0889223698427917,2.738547211499264,79.75,100.0,0.9901960784313726,2.010049109989807,65811
2012-11-30,90915,356530,29486,8594,875,97829,1.9336206954473456,0.4322167271327058,96,323,84,53,3,31,1.9950744850603033,-6.142116806588855,82404.0,38.360042003378524,0.32432491888027276,0.09452785568938019,2.1672529451125757,76.25,-5.882352941176472,0.875,1.6496328539689997,91011
2012-12-07,93608,387275,29951,6827,1204,101008,1.8359265715748683,0.5191279132911921,65,279,65,36,14,14,1.5222747702263126,-7.925481457810649,84583.0,2.962107463014907,0.3199619690624733,0.0729318007007948,2.0513828073645852,78.5,-32.291666666666664,1.0,1.7038094840617315,93673
2012-12-14,89135,414762,28029,6872,1510,95528,2.3445750194640764,0.49596841340236925,50,131,50,33,1,13,1.9034297499975512,-7.695594162566211,84841.75,-4.7784377403640725,0.31445560105458015,0.0770965389577607,2.1161173207158464,78.25,-23.076923076923073,1.0,1.930713657712045,89185
2012-12-21,87370,421423,28856,7676,1647,94068,2.0223720739524107,0.3380420045557682,62,456,61,45,1,10,1.833531199202053,-7.456437390766583,90257.0,-1.9801424805070966,0.3302735492732059,0.08785624356186333,2.034123590109675,68.25,24.0,0.9838709677419355,1.8135775511215546,87432
2012-12-28,88302,420377,30749,8016,1045,95266,1.8437574114981865,0.28903026856205927,53,291,49,21,1,12,1.3131194004226485,-6.631826382727003,89603.75,1.0667277097401895,0.3482254082580236,0.09077937079567847,2.0116577691223854,57.5,-14.516129032258062,0.9245283018867925,1.643088779962141,88355
2013-01-04,60210,310011,22375,7488,602,64852,2.219080788645805,-0.18837650724095184,80,250,79,56,1,15,1.6696061059621814,-6.621269213877909,81254.25,-31.813548956988512,0.37161601062946353,0.12436472346786248,2.1074463233901195,61.25,50.9433962264151,0.9875,1.6799216138961082,60290
2013-01-11,76004,381853,24839,6284,898,81672,2.407795025781413,0.4021446457326517,88,671,82,43,6,15,1.6202605709411722,-6.815710038753516,77971.5,26.231523002823455,0.32681174675017105,0.08267985895479185,2.123251324969454,70.75,10.000000000000009,0.9318181818181818,1.6091293191320135,76092
2013-01-18,78213,409500,24817,6885,758,84132,2.3478353765919158,0.5036815541178685,90,280,83,40,5,11,1.5381231911223086,-6.905599316142793,75682.25,2.9064259775801293,0.3173001930625344,0.08802884430976947,2.20461715062933,77.75,2.2727272727272707,0.9222222222222223,1.5352773171120773,78303
2013-01-25,58626,278691,19468,5975,764,63213,2.362672485544929,0.3306850666745422,125,1259,124,103,2,109,1.8807663390869955,-7.72535725661502,68263.25,-25.043151394269493,0.3320710947361239,0.10191723808549108,2.3343459191410156,95.75,38.888888888888886,0.992,1.6771890517781638,58751
2013-02-01,81532,414213,28505,7444,833,87734,2.2404833558143746,0.26339435283896545,390,1755,387,273,11,400,2.2859348339611203,-7.627593914499168,73593.75,39.07140176713404,0.34961732816562824,0.09130157484177992,2.339696560933158,173.25,212.0,0.9923076923076923,1.8312712337778987,81922
2013-02-08,85766,404277,27993,8109,1021,92330,2.3787090493778096,0.4241834932682835,116,630,115,66,9,61,2.032063937655848,-7.310990065744069,76034.25,5.193053034391415,0.3263880791922207,0.09454795606650654,2.3324250668322573,180.25,-70.25641025641025,0.9913793103448276,1.9342220754565675,85882
2013-02-15,74583,363505,23126,5870,928,80269,2.4246414363895643,0.502768571487553,67,216,66,45,1,35,2.5550691417114613,-7.299088287488908,75126.75,-13.038966490217573,0.3100706595336739,0.07870426236541839,2.3516265817816695,174.5,-42.241379310344826,0.9850746268656716,2.188458563103856,74650
2013-02-22,80845,364485,25048,6788,787,87076,2.141624405226852,0.5171108130766922,110,612,102,86,2,50,1.831545026021867,-7.706616576660054,80681.5,8.39601517772146,0.3098274475848847,0.08396313934071371,2.29636456170215,170.75,64.17910447761194,0.9272727272727272,2.1761532348375736,80955
2013-03-01,89303,382178,26359,6149,1033,96248,2.238251359369133,0.7748011990256164,110,793,107,84,8,76,2.342815599575959,-7.962953489746966,82624.25,10.461995175953987,0.29516365631613717,0.0688554695810891,2.2958065625908395,100.75,0.0,0.9727272727272728,2.1903734262412833,89413
2013-03-08,101383,469823,32022,8639,1190,109137,2.504669428377217,0.3924071883770273,107,703,107,74,7,65,1.7585842369651519,-8.05224547344021,86528.5,13.526981176444242,0.3158517700206149,0.08521152461458036,2.3272966573406917,98.5,-2.7272727272727226,1.0,2.122003501068609,101490
2013-03-15,93829,390622,30864,8377,1152,101049,2.1642847636580504,0.3697816801582131,107,448,93,68,1,53,2.242881622765305,-6.152127514343924,91340.0,-7.450953315644638,0.328938814225879,0.08927943386373083,2.262207489157813,108.5,0.0,0.8691588785046729,2.04395662133207,93936
2013-03-22,87762,395548,28256,7846,1047,94569,2.304162509181901,0.4354495290350054,191,890,183,108,4,94,2.2426820642665315,-7.53975465370584,93069.25,-6.46601796885824,0.32196166905950185,0.08940087965178552,2.3028420151465756,128.75,78.50467289719627,0.9581151832460733,2.1467408808932364,87953
2013-03-29,84246,360617,27305,7242,856,90665,2.2031794077742566,0.3891899480677542,142,647,138,119,0,20,1.6647112143812437,-7.29391465358056,91805.0,-4.006289738155466,0.3241103435177931,0.08596253828074923,2.294074027247856,136.75,-25.654450261780106,0.971830985915493,1.9772147845945576,84388
2013-04-05,36245,131469,10597,2549,471,33439,2.2887507938462073,0.7695759371603531,171,451,51,7,0,22,1.724168140167346,-0.2264782962609043,75520.5,-56.97718586045628,0.2923713615671127,0.07032694164712375,2.240094368615104,152.75,20.4225352112676,0.2982456140350877,1.968610760395106,36416
2013-04-12,55265,191598,17075,4014,837,53534,1.8878032738882313,0.6997766735191243,182,503,69,36,0,21,1.5814411489855902,-0.3133258446818731,65879.5,52.47620361429162,0.3089658916131367,0.07263186465213065,2.170973996172649,171.5,6.432748538011701,0.3791208791208791,1.8032506419501775,55447
2013-04-19,42227,149918,13501,3173,500,40076,2.1980493093258073,0.5958733653002536,152,433,62,25,4,10,1.6341912565410028,-0.09265182654089237,54495.75,-23.5917850357369,0.3197243469817889,0.07514149714637554,2.144445696208626,161.75,-16.483516483516482,0.40789473684210525,1.6511279400187955,42379
2013-04-26,61214,205766,19706,5422,557,60472,1.7298577045821353,0.4649603674907838,189,748,72,32,1,27,2.2432083099640208,0.5278705639338489,48737.75,44.96412248087716,0.321919822262881,0.08857450909922567,2.026115270410595,173.5,24.342105263157897,0.38095238095238093,1.7957522139144895,61403
2013-05-03,45162,149573,15519,4790,422,41469,2.0792317871436525,0.20640149016374382,188,907,55,22,1,33,2.0490173203989515,1.19580895898599,50967.0,-26.222759499460913,0.343629600106284,0.10606261901598689,1.9737355187349568,177.75,-0.5291005291005346,0.2925531914893617,1.8769645089723908,45350
2013-05-10,52031,167793,15874,4150,435,46859,2.1069243673983746,0.6974859912197215,312,2064,97,51,1,19,1.596960455426759,-0.3242308745355347,50158.5,15.209689562021179,0.30508735177105956,0.07976014299167804,2.0285157921124926,210.25,65.95744680851064,0.3108974358974359,1.880844335582683,52343
2013-05-17,52448,191322,16082,3914,562,45701,2.21616096786847,0.7650530081648264,152,662,50,18,3,49,1.706774300171196,0.9414567564395948,52713.75,0.80144529222963,0.3066275167785235,0.07462629652226968,2.033043706748158,210.25,-51.28205128205128,0.32894736842105265,1.8989900964902313,52600
2013-05-24,62624,215902,20579,6311,500,56567,1.9151724714770586,0.3480032972647785,161,776,50,22,1,28,2.4339090051797387,0.8027184029291948,53066.25,19.40207443563149,0.3286120337250894,0.100776060296372,2.079372398471889,203.25,5.921052631578938,0.3105590062111801,1.9466652702941607,62785
2013-05-31,55331,176413,17113,5224,694,48704,2.098095774060844,0.5232947496998114,167,506,68,39,4,14,1.9667316814869908,-0.9345681146398939,55608.5,-11.645694941236584,0.3092841264390667,0.09441361985143952,2.084088395201187,198.0,3.7267080745341685,0.40718562874251496,1.9260938605661706,55498
2013-06-07,63347,215027,21482,5730,797,57806,1.8171233963523235,0.20327503754420803,162,664,65,24,4,30,1.9429683774355888,-0.6606845114857529,58437.5,14.487357900634358,0.3391162959571882,0.09045416515383523,2.0116381524396743,160.5,-2.9940119760479056,0.4012345679012346,2.012595841068378,63509
2013-06-14,91017,332569,29909,8431,752,83693,1.8047286458769136,0.3505446809632427,877,3628,379,230,4,290,1.5804606603657219,-1.308103000983457,68079.75,43.680047989644336,0.3286089411868113,0.09263104694727359,1.9087800719417851,341.75,441.35802469135797,0.4321550741163056,1.9810174311170097,91894
2013-06-21,142268,564333,41230,11152,1282,133088,2.4204100451638015,0.7770989052169821,495,1666,209,97,1,102,2.069509396866649,-0.33424603389966606,87990.75,56.30926090730304,0.2898051564652627,0.07838726909775916,2.0350894653634706,425.25,-43.557582668187,0.4222222222222222,1.889917529038737,142763
2013-06-28,120519,497357,35590,8432,1074,110761,2.4056409991964425,0.7960342679073571,460,1611,207,95,6,128,2.084940196094991,-1.0459473710235863,104287.75,-15.287345010824637,0.29530613430247515,0.06996407205502866,2.11197577164737,498.5,-7.070707070707072,0.45,1.9194696576907373,120979
2013-07-05,136887,578003,38844,8429,1300,127349,2.422238672193216,0.8951151329441179,578,2203,294,151,9,181,1.5633832563365382,-1.6097301466607778,122672.75,13.581261045976145,0.2837669026277148,0.06157633668646402,2.2632545906075934,602.5,25.652173913043484,0.5086505190311419,1.8245733774159745,137465
2013-07-12,132941,624824,39561,8963,1159,118531,2.4030429710521637,0.8851512446599124,834,3709,361,158,16,119,1.7447124889245555,-1.3002749327199148,133153.75,-2.882669647227276,0.29758313838469697,0.06742088595692826,2.412833171901406,591.75,44.290657439446356,0.43285371702637887,1.865636334555683,133775
2013-07-19,145466,708051,46622,11822,1656,134425,2.185572640695807,0.518748139058904,1181,4323,600,306,7,287,1.5696253321347744,-1.359665224924895,133953.25,9.421472683370812,0.3205010105454196,0.08126984999931255,2.354123820784407,763.25,41.60671462829737,0.5080440304826418,1.7406653183727143,146647
2013-07-26,131992,626699,44027,13532,1700,120294,2.3795636275263616,0.26029793072232016,677,2607,336,139,8,136,1.794322815120939,-1.290306030943576,136821.5,-9.26264556666162,0.3335580944299655,0.10252136493120795,2.347604477866887,817.5,-42.67569856054191,0.4963072378138848,1.6680109731292014,132669
2013-08-02,140335,672147,45743,11923,2247,126382,2.5180777592850028,0.4597201246066455,853,2317,384,165,8,128,1.648482190898989,-0.523366465007505,137683.5,6.320837626522824,0.3259557487440767,0.08496098621156518,2.371564249639834,886.25,25.997045790251107,0.4501758499413834,1.6892857067698142,141188
2013-08-09,172999,843985,61208,16157,4655,163960,2.459079304239631,0.2328963848023909,1831,10391,689,336,43,416,2.1119221059964124,-0.5943915632044247,147698.0,23.27573306730324,0.35380551332666665,0.09339360343123371,2.3855733329367004,1135.5,114.65416178194604,0.3762971054068815,1.781088111037778,174830
2013-08-16,119479,546033,42703,12249,1678,108076,2.4005385243992188,0.12291409566433019,1162,3664,525,239,31,287,1.6172517087803038,-1.5413794540297354,141201.25,-30.9365950092197,0.3574100888022163,0.10252010813615782,2.4393148038625534,1130.75,-36.53741125068268,0.45180722891566266,1.7929947051991606,120641
2013-08-23,144569,607657,50096,14141,2027,134221,2.2678598023068033,0.274049300076379,920,3487,434,185,38,339,1.944995837922044,-1.242003014165799,144345.5,20.999506189372184,0.34651965497444126,0.0978148842421266,2.4113888475576637,1191.5,-20.826161790017217,0.4717391304347826,1.830662960899437,145489
2013-08-30,168967,785643,61589,16070,2280,158385,2.255287753208681,0.086089998956587,1860,9553,790,258,30,166,1.9542086168892163,-0.8012392039847861,151503.5,16.87637045286334,0.3645031278296946,0.09510732864997307,2.3456913460385835,1443.25,102.17391304347827,0.42473118279569894,1.9070945673969937,170827
2013-09-06,197219,975548,64340,17110,2166,189912,2.156158028386737,0.27635356763278557,3982,31389,1458,507,48,491,2.3186793469756717,-0.5510563900967519,157558.5,16.720424698313874,0.3262363159736131,0.086756347005106,2.26996102707536,1981.0,114.08602150537632,0.3661476644902059,1.9587838776418085,201201
2013-09-13,201303,954567,58354,14181,1914,190582,2.427474767153632,0.7626113549663632,2874,12975,1019,321,37,133,2.0518329429122857,0.039021398125299776,178014.5,2.0707943960774466,0.2898814225322027,0.07044604402318892,2.2766950877639633,2409.0,-27.825213460572574,0.3545581071677105,2.067429186174804,204177
2013-09-20,171242,865455,52019,14748,1553,162716,2.5111441409200923,0.6813547653137626,1496,6076,731,276,8,52,1.7927577399919912,-0.8786778458166683,184682.75,-14.933210135964192,0.3037747748799944,0.08612373132759486,2.3375161724172857,2553.0,-47.947112038970076,0.48863636363636365,2.0293696616922907,172738
2013-09-27,201219,1037306,59216,15880,2263,197066,2.4870853922169056,0.6580731706766093,1609,7684,725,318,9,200,1.6851654670200886,-1.0004700022870492,192745.75,17.50563529975122,0.294286324850039,0.07891898876348655,2.395465582169342,2490.25,7.553475935828868,0.45059042883778744,1.9621088742250088,202828
2013-10-04,151002,674970,49999,12747,1882,146399,2.4169003164424074,0.4186711115900538,807,3018,400,186,22,136,1.6478003801138132,-1.4580814633014114,181191.5,-24.95639079808567,0.3311148196712626,0.08441610044900068,2.4606511541832594,1696.5,-49.844623990055936,0.49566294919454773,1.794389132509544,151809
2013-10-11,186070,1078654,63968,17758,2040,178656,2.4360635963893,0.2743125746248724,963,4129,473,198,18,163,1.6655726182007597,-1.1980210538065568,177383.25,23.223533463132927,0.3437845971946042,0.09543720105336702,2.4627983614921765,1218.75,19.330855018587357,0.49117341640706125,1.6978240513316627,187033
2013-10-18,180419,949898,54468,13059,2109,170343,2.2564596148570155,0.7049973763161395,948,3524,379,130,17,189,1.7835173069622907,-0.5220862513796235,179677.5,-3.0370290750792672,0.3018972502896036,0.07238151192501899,2.3991272299764073,1081.75,-1.5576323987538943,0.399789029535865,1.6955139430742376,181367
2013-10-25,161423,757822,51453,13962,1299,152829,2.327387777102878,0.5149579418059811,1169,4830,578,261,0,175,1.9417746086062968,-1.5268840175312925,169728.5,-10.528824569474393,0.3187463992120082,0.08649325065201366,2.3592028261979,971.75,23.31223628691983,0.49443969204448246,1.7596662284707896,162592
2013-11-01,183912,903512,59615,17306,1637,177197,2.19271072447531,0.3587666218936444,911,3644,374,180,10,131,1.7814584144851298,-1.035211067485564,177956.0,13.931719767319395,0.3241495932837444,0.09409935186393492,2.303155428206126,997.75,-22.070145423438838,0.4105378704720088,1.7930807370636188,184823
2013-11-08,175497,821206,53127,12756,1992,169861,2.3169083232371284,0.7241531695049938,550,1860,255,125,3,111,1.8099830820796299,-1.272596313972161,175312.75,-4.575557875505676,0.3027231234721961,0.07268500316244722,2.273366609918083,894.5,-39.62678375411636,0.4636363636363636,1.8291833530333363,176047
2013-11-15,191757,935220,58382,14013,2989,183201,2.53040318706303,0.7254468737309353,845,3593,384,160,28,163,1.827494817244507,-0.8674363461682659,178147.25,9.265115643002453,0.30445824663506416,0.07307686290461365,2.3418525029695862,868.75,53.63636363636364,0.4544378698224852,1.8401777306038904,192602
2013-11-22,194098,991358,59755,14549,2235,186458,2.6209180391285196,0.726181586292479,929,4807,339,160,8,240,1.8949207410978615,-0.026646576223755453,186316.0,1.2208159284928355,0.30785994703706376,0.07495698049438944,2.415235068475997,808.75,9.940828402366876,0.36490850376749195,1.8284642637267816,195027
2013-11-29,213293,1192817,62212,14201,3020,207090,2.8565794910599256,1.0195114386992798,597,2684,225,108,3,69,1.9636867010460894,-0.5247723200602157,193661.25,9.88933425383054,0.291673894595697,0.06657977523875608,2.5812022601221507,730.25,-35.737351991388586,0.3768844221105528,1.8740213353670216,213890
2013-12-06,122536,520352,37746,9514,1337,114334,2.6698654726872157,0.6767825964639711,410,1256,175,68,3,42,1.8947879089114186,-0.9634055971985751,180421.0,-42.55038843281308,0.3080400861787556,0.07764248873800353,2.6694415474846727,695.25,-31.323283082077047,0.4268292682926829,1.8952225420749687,122946
2013-12-13,162658,817026,50121,11513,2379,154791,2.70904570822039,0.7333389320496001,1178,5024,371,174,4,573,2.014413364340291,0.6039834528294044,173146.25,32.74303061957302,0.30813731879157497,0.07078041043170333,2.714102177774013,778.5,187.3170731707317,0.3149405772495755,1.9419521788489147,163836
2013-12-20,159394,825635,51419,13013,2314,149288,2.670278831104801,0.5589406212076846,1018,3255,426,197,10,182,2.037311563355056,-0.5402700622232298,164470.25,-2.0066642894908338,0.3225905617526381,0.0816404632545767,2.726442375768083,800.75,-13.582342954159587,0.41846758349705304,1.9775498844132133,160412
2013-12-27,121119,665625,40605,11916,1723,114174,2.6302838843508334,0.3948045666770164,477,1374,186,63,8,98,2.0989275498730473,-0.5740051295750038,141426.75,-24.012823569268605,0.3352488048943601,0.09838258241894335,2.6698684740908103,770.75,-53.1434184675835,0.389937106918239,2.0113600966199527,121596
2014-01-03,111301,543997,43261,17297,1129,105502,2.4588354170564055,-0.348213178908373,857,3831,360,160,8,166,1.6144158542989706,-0.9698667512908147,138618.0,-8.10607749403479,0.3886847377831286,0.15540740873846595,2.6171109601831075,882.5,79.66457023060795,0.4200700116686114,1.9412670829668408,112158
2014-01-10,154525,744241,56011,23266,1522,143650,2.460929104972084,-0.11959437754903887,1288,7162,420,132,25,567,1.5389921828193802,0.0663871847702213,136584.75,38.83523059092011,0.36247209189451546,0.15056463355444102,2.555081809371031,910.0,50.29171528588099,0.32608695652173914,1.822411787586613,155813
2014-01-17,139544,653768,45246,15503,1385,129699,2.6549378700638493,0.39246870221367597,914,3649,395,158,19,193,1.8944055199510221,-0.5966740348443859,131622.25,-9.694871380035597,0.3242418162013415,0.11109757495843604,2.551246569110793,884.0,-29.037267080745345,0.43216630196936545,1.7866852767356045,140458
2014-01-24,52132,205806,17375,5598,891,46761,2.678931892239181,0.1872348888051238,162,641,52,9,2,78,1.428292250738752,1.1799037199420837,114375.5,-62.64117410995815,0.3332885751553748,0.10738126294790148,2.56340857108288,805.25,-82.27571115973743,0.32098765432098764,1.6190264519520308,52294
2014-01-31,132038,605963,44065,12253,1547,123988,2.645436975776922,0.31790533091166223,782,2225,256,107,3,144,1.8787296099925597,-0.03935481923254117,119559.75,153.27629862656335,0.33372968387888335,0.09279904269982883,2.610058960763009,786.5,382.71604938271605,0.3273657289002558,1.685104890875428,132820
2014-02-07,150916,777543,49286,14895,1810,142390,2.6165207584433503,0.3692112116159482,926,4316,333,94,31,441,1.7094492758399105,0.10839046891274277,118657.5,14.297399233553975,0.32657902409287287,0.09869728855787326,2.6489568741308256,696.0,18.414322250639394,0.3596112311015119,1.7277191641305607,151842
2014-02-14,136895,650737,45190,12168,1682,127656,2.7490971360931398,0.3753205312045205,953,4057,379,140,29,404,1.7815000513766877,-0.944833388700169,117995.25,-9.290598743671975,0.3301070163263815,0.08888564228058,2.672496690638148,705.75,2.9157667386608965,0.39769150052465896,1.699492796986977,137848
2014-02-21,208559,1269521,76323,22432,3351,200413,2.5902655710084774,0.17516801154055267,913,3645,330,106,17,240,1.7237384145590215,-0.4868603331929914,157102.0,52.349611015741985,0.3659539986286854,0.10755709415561064,2.6503301103304726,893.5,-4.197271773347322,0.3614457831325301,1.7733543379420444,209472
2014-02-28,220162,1397282,79116,20061,3902,217018,2.5439397487260798,0.18821281757222125,821,4962,382,133,8,276,1.7270219422320163,-1.0225565441082372,179133.0,5.563413710269027,0.3593535669189052,0.0911192667217776,2.6249558035677616,903.25,-10.076670317634173,0.46528623629719856,1.7354274210019087,220983
2014-03-07,325807,2112907,111138,21632,8190,331120,2.4639898356778245,0.4673791719433459,786,4604,344,121,28,174,1.361917501661497,-0.8262353118939154,222855.75,47.98512004796469,0.34111605950762264,0.06639513577056355,2.5868230728763804,868.25,-4.263093788063332,0.43765903307888043,1.648544477457305,326593
2014-03-14,247540,1505214,85393,18533,5479,241509,2.4100408935631483,0.3270901128425127,1308,6870,549,156,58,550,1.4819982476624776,-0.4779183551308286,250517.0,-24.022504120537626,0.34496647006544395,0.07486870808758181,2.5020590122438824,957.0,66.41221374045803,0.4197247706422018,1.5736690265287527,248848
2014-03-21,285465,1965897,108665,22420,11604,284086,2.35476777745544,0.10315915818375906,776,2411,343,127,19,103,1.6626491999413564,-1.297394884511321,269743.5,15.320756241415534,0.38065962552326904,0.07853852486294292,2.443184563855623,922.75,-40.67278287461774,0.4420103092783505,1.5583967228743365,286241
2014-03-28,243216,1608565,84489,20368,6239,235260,2.420409773715923,0.34757073512891495,831,4169,424,149,7,234,1.7575830454482626,-1.6813989449839384,275507.0,-14.8000630550155,0.3473825735149003,0.08374449049404645,2.4123020701030837,925.25,7.0876288659793785,0.5102286401925391,1.566036998678398,244047
2014-04-04,191103,1130058,62637,14370,3961,182456,2.440122862791545,0.5425070730590446,805,4535,407,185,10,77,1.8900798430980583,-1.3629375334038574,241831.0,-21.426633116242357,0.3277656551702485,0.07519505188301596,2.406335326881514,930.0,-3.128760529482555,0.5055900621118012,1.6980775840375382,191908
2014-04-11,190539,928872,66890,17330,3704,183302,2.280079623985039,0.2435283954277185,690,2495,288,147,6,140,1.9109074337166858,-0.987753252593689,227580.75,-0.2951288048853251,0.35105673904030144,0.09095250841035168,2.3738450094869865,775.5,-14.28571428571429,0.41739130434782606,1.8053048805510903,191229
2014-04-18,243876,1340550,89295,25829,3950,241885,2.189943867375997,0.13057400872704755,922,5324,483,173,10,115,1.3140955748472973,-1.875959663111373,217183.5,27.992694409018636,0.36614919057225803,0.10591038068526629,2.332639031967126,812.0,33.6231884057971,0.5238611713665944,1.7181664742775757,244798
2014-04-25,224459,1189302,87581,26103,3315,218420,2.2995693327551363,-0.0821352315727963,1076,5022,535,173,12,77,1.7981893769938107,-1.0555618448917061,212494.25,-7.9618330627039935,0.3901870720265171,0.11629295327877251,2.3024289217269294,873.25,16.702819956616043,0.4972118959107807,1.7283180571639625,225535
2014-05-02,209681,1120583,82481,25628,5762,201293,2.3574125598860496,-0.24306977931795462,788,5153,354,132,1,90,1.709732852105377,-1.2628611387007296,217138.75,-6.5838304545596245,0.39336420562664237,0.12222375894811642,2.281751346000555,869.0,-26.765799256505574,0.44923857868020306,1.6832313094157922,210469
2014-05-09,186185,1012315,74048,27852,2824,178066,2.0919342666467435,-0.31787229391567295,515,2319,265,128,15,74,0.5263496155686881,-1.2203868393466561,216050.25,-11.205593258330515,0.3977119531648629,0.1495931466014985,2.2347150066659816,825.25,-34.64467005076142,0.5145631067961165,1.337091854878793,186700
2014-05-16,198514,1087220,69436,22182,3723,187992,2.3484713183782704,0.0863610150620143,800,4123,437,247,15,86,1.4376508912350783,-2.50086028525117,204709.75,6.621908316996539,0.34977885690681765,0.11174022990821807,2.27434686941655,794.75,55.33980582524271,0.54625,1.367980683975738,199314
2014-05-23,183208,890021,63048,16939,3231,173582,2.375922457943973,0.33590346148786,992,4280,513,225,19,81,1.7445785311960833,-1.6880076584203683,194397.0,-7.7102874356468565,0.3441334439544125,0.09245775293655299,2.2934351507137594,773.75,24.0,0.5171370967741935,1.3545779725263063,184200
2014-05-30,180412,952570,65787,24363,2322,173257,2.384943698692328,0.003978227836285921,843,3565,417,228,0,19,1.5011886479171064,-1.6114286760737093,187079.75,-1.5261342299462854,0.364648692991597,0.13504090636986454,2.300317935415329,787.5,-15.020161290322577,0.49466192170818507,1.3024419214792387,181255
2014-06-06,175732,843358,55592,19943,2183,166776,2.4340140111485633,0.378659065328072,635,3095,308,167,9,103,1.640483718201743,-1.879489903727947,184466.5,-2.594062479214243,0.31634534404661646,0.11348530717228507,2.3858378715407835,817.5,-24.673784104389085,0.48503937007874015,1.5809754471375024,176367
2014-06-13,208428,1068546,73535,29139,3125,201665,2.297829273908381,0.1098505737977625,4286,28539,2554,1613,73,122,1.629248679030672,-3.206674242081413,186945.0,18.60560398789066,0.3528076841883048,0.13980367321089296,2.3731773604233113,1689.0,574.9606299212599,0.5958936070928604,1.6288748940864006,212714
2014-06-20,269624,1501265,103051,40261,4203,266580,2.0441098139211986,-0.2275166907411094,1779,9164,886,428,36,96,1.7455549939675359,-0.7736214247522096,208549.0,29.3607384804345,0.38220262291190693,0.14932276058511113,2.290224199417618,1885.75,-58.49276714885674,0.4980326025857223,1.6291190097792638,271403
2014-06-27,263284,1359550,94527,37776,3440,259327,2.423836848863954,0.03752896524558369,1441,6532,832,435,28,82,1.6393651641337754,-2.236559712873872,229267.0,-2.3514227220128747,0.3590305525592136,0.14348004436274137,2.2999474869605243,2035.25,-18.999437886453062,0.5773768216516308,1.663663138833431,264725
2014-07-04,202153,1009240,72393,28605,2476,198328,2.386898708956091,0.09006401476631223,956,3739,375,169,14,95,1.753088066055242,-0.6746081272626203,235872.25,-23.218653621184725,0.3581099464267164,0.14150173383526338,2.2881686614124064,2115.5,-33.657182512144345,0.3922594142259414,1.6918142257968058,203109
2014-07-11,198856,910146,72900,26494,2863,191971,2.329014731223306,-0.03466312599979284,1040,4294,471,234,16,91,1.4728518205981853,-1.2767065204682626,233479.25,-1.6309428996848951,0.3665969344651406,0.13323208754073299,2.2959650257411375,1304.0,8.786610878661083,0.4528846153846154,1.6527150111886844,199896
2014-07-18,235788,1475005,99430,42973,4445,232295,2.1225662123018587,-0.5650705097057406,1608,8731,876,545,32,126,1.45754515798054,-2.0576875224522455,225020.25,18.572233173753872,0.4216923677201554,0.18225270157938486,2.3155791253363023,1261.25,54.61538461538462,0.5447761194029851,1.5807125521919354,237396
2014-07-25,269651,1542617,111233,41544,4737,267411,2.198509499091798,-0.4842292915977004,1113,4339,524,235,26,104,1.6713126445187414,-1.1914901162338793,226612.0,14.361629938758536,0.41250727792591163,0.15406581099272765,2.2592472878932637,1179.25,-30.78358208955224,0.47079964061096136,1.5886994222881767,270764
2014-08-01,185128,1097827,75862,25731,5690,178518,2.267252574827827,-0.4150966012429625,982,5169,456,222,32,91,1.6500800806692462,-0.9209785768203373,222355.75,-31.34533155819931,0.40978134047793957,0.13899032021088112,2.2293357543611974,1185.75,-11.769991015274039,0.46435845213849286,1.5629474259416778,186110
2014-08-08,206363,1162327,84645,31601,6018,201119,2.154940929749934,-0.4972269553895189,1065,5233,383,172,5,484,1.4978589523385912,-0.3466911865897777,224232.5,11.470442072512,0.4101752736682448,0.15313307133546228,2.1858173039928546,1192.0,8.452138492871697,0.3596244131455399,1.5691992088767792,207428
2014-08-15,265709,1458020,96397,32850,5038,267766,2.442439353085583,0.056731681377330194,1515,5834,514,225,9,685,1.8939813192076473,-0.19407149584681216,231712.75,28.758062249531168,0.36279162542480686,0.12363149159418763,2.2657855891887855,1168.75,42.253521126760575,0.33927392739273926,1.678308249183556,267224
2014-08-22,222043,1211723,84887,34244,3216,219160,2.3235333689781457,-0.23371225614510682,1475,5168,533,246,17,462,2.086990127363278,-0.3059977804899255,219810.75,-16.43376776849862,0.3822998248087082,0.15422238034975208,2.297041556660372,1259.25,-2.640264026402639,0.36135593220338985,1.7822276198946903,223518
2014-08-29,242114,1307813,92697,34523,3953,240366,2.300973888378762,-0.18983530457421377,950,4167,427,216,18,145,1.6149364439369795,-0.8947213909619217,234057.25,9.039240147178695,0.3828650966073833,0.14258985436612504,2.3054718850481057,1251.25,-35.59322033898306,0.4494736842105263,1.7734417107116236,243064
2014-09-05,268916,1450123,97274,32123,4137,269560,2.3912338643260886,0.0918997049098854,1272,4819,594,275,20,146,1.3525524360481802,-1.2771340151387471,249695.5,11.069991822034254,0.3617263383361347,0.11945365839146797,2.3645451186921447,1303.0,33.89473684210527,0.4669811320754717,1.7371150816390208,270188
2014-09-12,255170,1455093,89223,30612,4276,254026,2.470393276391151,0.1933315194704987,971,5189,392,167,23,183,1.8279256191624855,-0.8939593604249592,247060.75,-5.111633372502933,0.34966101030685426,0.11996708076968296,2.371533599518537,1167.0,-23.663522012578618,0.40370751802265703,1.7206011566277304,256141
2014-09-19,229487,1238670,82763,28183,3545,225155,2.5186909583077464,0.1212237474012332,844,3228,378,197,11,208,1.8065836990586972,-1.3097654401558374,248921.75,-10.065054669436059,0.36064352229102303,0.12280869940345204,2.420322996850937,1009.25,-13.07929969104017,0.44786729857819907,1.650499549551585,230331
2014-09-26,243438,1234221,85298,30297,2765,234530,2.4364402951097834,0.1851408816280846,1235,5931,472,236,20,85,1.981752386770299,-0.3270826710728553,249252.75,6.07921145860113,0.3503890107542783,0.12445468661425085,2.4541895985336923,1080.5,46.32701421800949,0.3821862348178138,1.742203535259915,244673
2014-10-03,186400,906007,67882,25880,2301,179191,2.406111021156902,-0.07035510756392027,1201,5131,605,263,18,76,1.8117073744254917,-1.3474424877088538,228623.75,-23.430195778802,0.36417381974248925,0.1388412017167382,2.4579088877413957,1062.75,-2.7530364372469585,0.5037468776019983,1.856992269854243,187601
2014-10-10,175066,883249,64804,25464,2431,166567,2.506907516198538,-0.11192172580739304,1159,5298,595,293,16,163,1.7920091193325385,-1.5550948564135954,208597.75,-6.080472103004286,0.3701689648475432,0.1454537145990655,2.4670374476932424,1109.75,-3.497085761865115,0.5133735979292493,1.8480131448967563,176225
2014-10-17,210347,1081246,75787,30904,2417,202782,2.3509461466117227,-0.08969738708326727,1057,3542,454,234,5,258,1.9977131174015224,-0.9861903364187586,203812.75,20.15297087955399,0.36029513137815133,0.14691913837611184,2.4251012447692366,1163.0,-8.800690250215704,0.4295175023651845,1.8957954994824626,211404
2014-10-24,189910,889745,67707,24881,2471,179526,2.4358375152209875,-0.026239033691876214,1134,4485,399,202,4,170,1.750558130365343,0.18388308115374663,190430.75,-9.715850475642629,0.35652151018903694,0.13101469116950135,2.4249505497970376,1137.75,7.284768211920523,0.35185185185185186,1.8379969353812236,191044
2014-10-31,173998,900826,59955,21612,2313,163457,2.506590782835936,0.06795416985356381,970,3423,452,218,16,123,1.7681234084807949,-1.2833932523034892,187330.25,-8.378705702701284,0.34457292612558765,0.12420832423361187,2.4500704902167962,1080.0,-14.462081128747794,0.465979381443299,1.8271009438950492,174968
2014-11-07,178539,958485,65312,24139,2384,166977,2.467901025592353,-0.06711271705944816,977,4882,445,248,15,119,1.849785358051264,-1.4277989360316268,188198.5,2.6098001126449777,0.3658136317555268,0.1352029528562387,2.44031886756525,1034.5,0.7216494845360799,0.4554759467758444,1.8415450035747305,179516
2014-11-14,205373,1133254,70734,26024,3393,194006,2.4583373537177295,0.14554978953748507,846,3224,417,182,13,87,1.818555124252603,-1.5622384906804727,186955.0,15.02976940612415,0.34441723108685174,0.12671578055537971,2.4671666693417516,981.75,-13.40839303991812,0.4929078014184397,1.7967555052875008,206219
2014-11-21,202986,1128477,67599,20298,5866,191436,2.4605113678879644,0.38807507115730694,818,3507,351,148,16,211,1.552407816431968,-0.9838371147858721,190224.0,-1.1622754695115756,0.3330229671011794,0.09999704413112234,2.473335132508496,902.75,-3.309692671394804,0.4290953545232274,1.747217926804157,203804
2014-11-28,188381,953754,59647,18579,3700,171106,2.489486465832552,0.41523750434779766,916,4455,413,202,10,215,1.7780093102310488,-1.0598024645957398,193819.75,-7.195077493029078,0.3166295964030343,0.09862459589873714,2.46905905325765,889.25,11.980440097799505,0.45087336244541487,1.7496894022417204,189297
2014-12-05,182636,947332,61603,21083,2693,167707,2.4855047728527273,0.27779531599854,890,3554,336,150,2,104,1.710252798891147,-0.6396117235507754,194844.0,-3.049670614340083,0.33729932762434567,0.11543726319017061,2.4734599900727434,867.5,-2.8384279475982543,0.3775280898876405,1.7148062624516913,183526
2014-12-12,172928,845696,56221,20942,2029,159915,2.5881438920397595,0.29856698281445526,1054,3559,411,176,1,207,1.8316520195130093,-0.7192526958135664,186732.75,-5.315490921833588,0.32511218541820874,0.12110242413027388,2.505911624653251,919.5,18.42696629213483,0.3899430740037951,1.7180804862667929,173982
2014-12-19,166324,851083,56087,21042,2637,149706,2.4649108354036087,0.12501429109629092,912,3058,419,168,8,215,1.6991118647410952,-1.2272847702408574,177567.25,-3.8189304219096942,0.33721531468699645,0.12651210889588996,2.507011491532162,943.0,-13.472485768500952,0.4594298245614035,1.7547564983440744,167236
2014-12-26,132416,706357,45644,16550,2130,125866,2.5242416843919093,0.11046608499178115,827,4374,441,226,10,121,1.5084426669317117,-2.462258923949342,163576.0,-20.386715086217265,0.3447015466408893,0.12498489608506524,2.515700296172001,920.75,-9.32017543859649,0.5332527206771464,1.6873648375192403,133243
2015-01-02,118519,648507,44427,16137,1781,111589,2.5083248665819804,-0.1361193484883439,725,3696,354,205,6,67,1.4644785671997853,-1.8164078433127548,147546.75,-10.49495529241179,0.3748512896666357,0.136155384368751,2.5214053196043147,879.5,-12.33373639661427,0.4882758620689655,1.6259212795963998,119244
2015-01-09,121558,642839,45004,18363,1278,109961,2.3170153544421543,-0.20449298479825445,1213,4797,553,229,11,185,1.878542634361558,-1.3800657529628917,134704.25,2.5641458331575606,0.37022655851527664,0.15106368976126622,2.453623185204913,919.25,67.31034482758619,0.4558944765045342,1.637643933308537,122771
2015-01-16,185724,949356,64055,22106,1898,170630,2.3017485938329356,0.09978698913206789,1746,7591,638,348,12,128,1.8036074591487805,-0.4733116777333409,139554.25,52.78632422382732,0.3448934978785725,0.11902608171264888,2.412832624812245,1127.75,43.9406430338005,0.3654066437571592,1.6637678319104585,187470
2015-01-23,238802,1384885,88696,32096,3055,228833,2.4185158433134184,-0.09523078994902365,1331,4737,553,263,11,145,1.6559531371143683,-0.6929539719635736,166150.75,28.578966638668124,0.3714206748687197,0.13440423447039807,2.3864011645426224,1253.75,-23.768613974799546,0.4154770848985725,1.7006454494561225,240133
2015-01-30,245888,1362365,89918,29835,4515,238034,2.5130026068814675,-0.056145841927249994,1113,5161,549,269,20,110,1.6017282097928909,-1.7137967187793741,197993.0,2.967311831559205,0.3656868167621031,0.12133573008849557,2.3875705996174936,1350.75,-16.378662659654395,0.49326145552560646,1.7349578601043991,247001
2015-02-06,215832,1128138,77298,27565,3376,207098,2.4026324946860997,0.025254962241637147,894,4253,395,191,21,121,1.5923820267964623,-1.4276414527089496,221561.5,-12.223451327433633,0.35813966418325366,0.1277150746877201,2.4089748846784804,1271.0,-19.67654986522911,0.441834451901566,1.6634177082131252,216726
2015-02-13,253336,1405593,81061,27468,5006,249482,2.5300231604024717,0.5008615422079963,1203,6386,509,216,28,136,1.8743265023847435,-0.7669219101314583,238464.5,17.376478001408515,0.319974263428806,0.10842517447184767,2.466043526320864,1135.25,34.563758389261736,0.4231088944305902,1.6810974690221159,254539
2015-02-20,234711,1387139,86067,28815,4030,222447,0.09200533960925046,0.09288506916853097,1676,8793,662,246,46,165,-0.41740338782807385,-0.482741316830066,237441.75,-7.351896295828464,0.3666935081866636,0.12276799979549319,1.8844159003948222,1221.5,39.31837073981712,0.39498806682577564,1.1627583377865054,236387
2015-02-27,254819,1594892,86710,25454,3326,241266,-2.740587577976091,0.46616906749008374,1427,8004,597,204,20,260,-3.3636362704528824,-0.5573590386489016,239674.5,8.56713149362407,0.3402807482958492,0.0998905105192313,0.5710183541804327,1300.0,-14.85680190930787,0.4183601962158374,-0.07858278227493809,256246
2015-03-06,283201,1651495,101816,32914,3941,270083,-2.7976605659442275,0.09572007537421533,983,5452,401,206,13,169,-3.1818031224586707,-0.6669148954952304,256516.75,11.138101946872103,0.3595185045250546,0.11622134102633819,-0.7290549109771491,1322.25,-31.114225648213033,0.40793489318413023,-1.2721290695887213,284184
2015-03-13,247443,1494330,89755,28271,3757,233142,-2.5841660250445386,0.09423126984246404,1168,6324,489,252,8,160,-4.110401293874234,-0.7566835210821516,255043.5,-12.626367844746312,0.3627300024652142,0.11425257534058349,-2.007602207338902,1313.5,18.819938962360116,0.4186643835616438,-2.768311018653466,248611
2015-03-20,238819,1468044,81964,24131,3838,226158,-2.1875412988147005,0.33004346804192713,1100,6239,481,274,7,156,-3.8424767553492996,-1.0870893619084605,256070.5,-3.485247107414635,0.34320552384860503,0.10104304933862046,-2.57748886694489,1169.5,-5.82191780821918,0.43727272727272726,-3.6245793605337724,239919
2015-03-27,257409,1553787,91112,30727,3448,245132,-2.396310823887869,0.1516144569695648,1766,9154,829,497,10,286,-4.2387037470766975,-1.9454665722512416,256718.0,7.7841377779824805,0.35395809781320775,0.11937034058638199,-2.491419678422834,1254.25,60.54545454545455,0.4694224235560589,-3.843346229689726,259175
2015-04-03,272318,1599585,94576,32321,5977,259972,-2.270805340748172,0.2319756163864223,1285,6316,517,211,38,188,-3.522411055047774,-0.14684626442284404,253997.25,5.791949776425853,0.3472998479718564,0.1186884451266534,-2.35970587212382,1329.75,-27.236693091732732,0.40233463035019457,-3.928498212837002,273603
2015-04-10,269530,1585072,90001,29240,5676,256586,-2.2726712701257914,0.37244355760438935,1093,5566,362,135,21,266,-2.974300232738248,0.15264560178706127,259519.0,-1.0238030537827125,0.33391830222980745,0.10848514080065298,-2.2818321833941333,1311.0,-14.941634241245138,0.3311985361390668,-3.6444729475530053,270623
2015-04-17,259808,1525919,93209,31170,4137,246831,-2.485387258408352,0.11892725923029683,1377,6675,680,425,8,136,-4.549078646382894,-2.2157313496795057,264766.25,-3.6070196267576904,0.35876108510900356,0.11997321098657471,-2.356293673292546,1380.25,25.983531564501373,0.49382716049382713,-3.821123420311404,261185
2015-04-24,240312,1451398,83209,28065,2826,224819,-2.3816694535010305,0.23743837014742447,1149,6373,485,228,21,224,-4.172272425094506,-1.100306532260874,260492.0,-7.5040029560290655,0.34625403641932156,0.11678567861779686,-2.3526333306958365,1226.0,-16.55773420479303,0.4221061792863359,-3.804515589815856,241461
2015-05-01,196224,1229191,69045,23939,2617,183997,-2.226181945284794,0.09155947984621969,1688,10235,797,350,16,436,-3.243503002745483,-1.3822845037368638,241468.5,-18.34615000499351,0.35186827299412915,0.12199832844096543,-2.3414774818299917,1326.75,46.910356832027844,0.4721563981042654,-3.734788576740283,197912
2015-05-08,199754,1220803,66287,24137,2322,187033,-2.075144150660311,0.23555289388029776,1192,6791,512,216,20,287,-4.006888613349419,-0.6682332165260112,224024.5,1.7989644487932166,0.3318431670955275,0.1208336253591918,-2.292095701963622,1351.5,-29.383886255924175,0.42953020134228187,-3.992935671893076,200946
2015-05-15,231777,1385211,73884,24203,2941,218594,-2.086039583040239,0.44445091806191767,1457,8081,630,313,14,221,-3.618729089869639,-1.0456594851586907,217016.75,16.03121839863031,0.3187719230122057,0.10442364859325991,-2.1922587831215936,1371.5,22.231543624161066,0.43239533287577214,-3.7603482827647623,233234
2015-05-22,232768,1431882,82595,29158,2470,217790,-2.4619556992802774,0.09016245147700956,758,4766,338,163,4,145,-4.207938608017341,-1.242623942436117,215130.75,0.4275661519477669,0.35483829392356336,0.1252663596370635,-2.2123303445664053,1273.75,-47.97529169526425,0.44591029023746703,-3.769264828495471,233526
2015-05-29,205013,1281060,76799,27406,2584,192736,-2.6367887640823904,-0.13342816587079273,868,4874,387,200,6,87,-4.26680208059993,-1.5664171882750473,217328.0,-11.923889881770688,0.3746055128211382,0.13367932765239277,-2.3149820492658044,1068.75,14.511873350923477,0.44585253456221197,-4.025089597959083,205881
2015-06-05,202048,1251900,73081,25186,3211,187899,-2.664491849006757,-0.011633120116912461,1249,6982,546,243,5,98,-4.349546850346006,-0.5990853295368951,217901.5,-1.4462497500158489,0.36170117991764333,0.12465354767184035,-2.462318973852416,1083.0,43.89400921658986,0.4371497197758207,-4.11075415720823,203297
2015-06-12,202535,1276143,68916,22947,2770,189173,-2.4291500977464167,0.2182685777264295,1255,6262,528,220,4,136,-3.9557142333377016,-0.8759172301650893,210591.0,0.2410318340196449,0.340267114325919,0.11329893598637272,-2.54809660252896,1032.5,0.48038430744594685,0.4207171314741036,-4.195000443075245,203790
2015-06-19,197596,1242772,66484,21439,2729,185160,-2.350443096547059,0.2906337210946406,1271,7386,423,212,2,289,-2.853140621883047,-0.28025672555046316,201798.0,-2.438590860838863,0.3364643008967793,0.1084991599020223,-2.520218451845656,1160.75,1.2749003984063645,0.33280881195908735,-3.8563009465416718,198867
2015-06-26,186536,1203472,61242,18831,3130,175301,-2.2861707219189893,0.4463596170202512,1326,6848,470,164,20,265,-3.4511871274820223,0.07377647975713694,197178.75,-5.597279297151769,0.32831196123000383,0.10095102285885835,-2.4325639413048057,1275.25,4.327301337529499,0.35444947209653094,-3.6523972082621947,187862
2015-07-03,170109,1106192,56928,18833,2509,158520,-2.2948186468437184,0.3197726393703499,1420,8006,627,297,21,136,-4.509002029681673,-1.436493340820633,189194.0,-8.806343011536644,0.334656014672945,0.1107113674173618,-2.340145640764046,1318.0,7.088989441930615,0.4415492957746479,-3.6922610030961116,171529
2015-07-10,225024,1438665,72775,23486,2955,209662,-2.1501027865448084,0.4305184218495229,1575,8869,869,452,42,270,-4.118516822199924,-2.010398312300439,194816.25,32.28224256212193,0.32340994738339024,0.10437108930602958,-2.2703838129636438,1398.0,10.915492957746476,0.5517460317460318,-3.7329616503116667,226599
2015-07-17,259529,1656569,85892,27145,3669,243603,-2.0817091811623936,0.39859572704038815,1620,8735,714,394,30,265,-3.599787972893767,-1.1126028677892852,210299.5,15.333919937428897,0.33095338093238136,0.10459332097761714,-2.2032003341174775,1485.25,2.857142857142847,0.44074074074074077,-3.919623488064347,261149
2015-07-24,238242,1484470,81186,25421,3042,223355,-2.214010698704407,0.319709767013483,1354,7398,569,312,14,127,-3.9841557426351115,-1.2661984350692925,223226.0,-8.202166231904718,0.3407711486639635,0.10670242862299678,-2.185160328313832,1492.25,-16.419753086419753,0.4202363367799114,-4.05286564185262,239596
2015-07-31,231317,1459584,83113,26434,3123,217213,-2.36671625638976,0.13073385028082027,2051,10913,888,427,11,576,-3.2192309120489506,-0.6226803902747596,238528.0,-2.9067083050007936,0.35930346667127794,0.11427608001141291,-2.2031347307003424,1650.0,51.47710487444608,0.43295953193564113,-3.7304228624444384,233368
2015-08-07,229089,1423265,80827,25938,2928,214914,-2.438408603273376,0.15822719697124102,4992,25412,1453,676,36,3503,-2.215363138629778,-0.15682357850128587,239544.25,-0.9631803974632258,0.3528192100013532,0.113222372091196,-2.275211184882484,2504.25,143.39346660165774,0.2910657051282051,-3.254634441551902,234081
2015-08-14,220955,1365580,79002,26210,3020,207630,-2.690433704794065,0.08410575977677413,2622,16085,1104,578,17,746,-3.721275782521573,-0.8936952692999512,229900.75,-3.5505851437650837,0.35754791699667354,0.11862143875449752,-2.427392315790402,2754.75,-47.47596153846154,0.42105263157894735,-3.285006393958854,223577
2015-08-21,210763,1327772,75311,24798,2364,197275,-2.4838654195540815,0.1381207737504701,1587,8730,694,340,13,205,-4.497602045746204,-0.9178451008200464,223031.0,-4.6127039442420354,0.3573255267765215,0.11765822274308109,-2.494855996002821,2813.0,-39.473684210526315,0.43730308758664144,-3.413367969736627,212350
2015-08-28,237136,1487139,82819,26939,3111,222396,-2.3835409132532077,0.17188521276671845,1347,7474,615,321,13,217,-3.8325374953742712,-1.5556816350274063,224485.75,12.51310713929865,0.3492468456919236,0.11360147763308819,-2.4990621602186827,2637.0,-15.122873345935728,0.45657015590200445,-3.566694615567957,238483
2015-09-04,225630,1420585,77127,24789,2925,211570,-2.333645259033342,0.23495016617460282,1493,8382,803,462,24,119,-4.960594233290623,-2.088574531282036,223621.0,-4.8520680116051595,0.3418295439436245,0.10986570934716128,-2.472871324158674,1762.25,10.838901262063839,0.5378432685867381,-4.253002389233169,227123
2015-09-11,260149,1582053,84815,27216,2831,245752,-2.2475675880176005,0.4781383337389401,1086,5879,448,234,4,115,-4.330876943348322,-0.9284949861132683,233419.5,15.298940743695422,0.32602470122891114,0.10461696950593698,-2.3621547949645576,1378.25,-27.260549229738785,0.4125230202578269,-4.405402679439856,261235
2015-09-18,250731,1541922,82016,23522,3263,235980,-2.293935407736512,0.5126898778327452,1150,6310,423,216,13,101,-3.6845572866753664,-0.044340009302822274,243411.5,-3.620233020307595,0.3271075375601741,0.09381368877402475,-2.3146722920101657,1269.0,5.893186003683248,0.36782608695652175,-4.202141489672146,251881
2015-09-25,244757,1502095,78354,22863,2448,231485,-2.287651075947296,0.5309244637764126,849,5060,377,154,27,119,-3.85462381985742,-0.930868780801572,245316.75,-2.382633180579985,0.32012976135514,0.09341101582385795,-2.2906998326836874,1144.5,-26.173913043478258,0.44405182567726736,-4.2076630707929334,245606
2015-10-02,310913,1808096,107197,34930,3433,296229,-2.6943513729371924,0.23646111121358143,1388,7155,582,323,9,356,-3.6914506804834795,-0.9814258640741514,266637.5,27.029257590181288,0.34478133754458645,0.11234654067214944,-2.3808763611596504,1118.25,63.4864546525324,0.41930835734870314,-3.8903771825911475,312301
2015-10-09,271342,1601430,101237,36952,2797,254962,-2.6868127595563824,-0.1190565537403876,1176,6108,444,252,9,263,-3.6883217966094057,-0.6267608958197312,269435.75,-12.727354597588391,0.3730974194927435,0.13618238238090674,-2.4906876540443457,1140.75,-15.27377521613833,0.37755102040816324,-3.729738395906418,272518
2015-10-16,261342,1589978,96141,34673,2678,246930,-2.5859499149668532,-0.043857269631049516,1199,6572,552,269,12,133,-3.777883261357615,-1.2669917286357795,272088.5,-3.6853859704726877,0.3678742796795004,0.13267289605191665,-2.563691280851931,1153.0,1.9557823129251695,0.4603836530442035,-3.7530698895769805,262541
2015-10-23,181834,1108334,61048,22029,1830,171080,-2.270060146513391,0.3257112015819215,894,5867,394,175,4,115,-3.3173314143476462,-0.9064273289171068,256357.75,-30.422970666789105,0.3357347910731766,0.12114896004047648,-2.559293548493455,1164.25,-25.43786488740617,0.4407158836689038,-3.618746788199537,182728
2015-10-30,252700,1517130,82045,25924,2620,237889,-2.2786499132774156,0.4385725969609064,1285,7419,505,208,19,159,-4.106957363575629,-0.5389618110494208,241804.5,38.97290935688596,0.3246735259200633,0.10258804907004353,-2.4553681835785106,1138.5,43.73601789709171,0.39299610894941633,-3.722623458972574,253985
2015-11-06,231652,1443652,79713,24026,3921,218145,-2.5323529630361317,0.2738733121702421,1314,6510,545,214,35,212,-3.5126362875800026,-0.7943167723032597,231882.0,-8.329244163039174,0.3441066772572652,0.10371591870564467,-2.416753234448448,1173.0,2.2568093385213928,0.4147640791476408,-3.678702081715224,232966
2015-11-13,232973,1440308,78772,25063,4508,217858,-2.315507732575438,0.2902074811988575,1047,5435,401,198,8,79,-3.271255074213974,-0.5991406045227201,224789.75,0.5702519296185704,0.3381164340932211,0.10757898984002438,-2.349142688850594,1135.0,-20.319634703196343,0.38299904489016234,-3.5520450349293133,234020
2015-11-20,227237,1363112,80325,28788,2885,212171,-2.988369037020779,0.04359235071250055,2479,11830,1123,423,31,141,-4.623067662925045,-1.112307203744128,236140.5,-2.462087881428321,0.3534855679312788,0.12668711521451173,-2.528719911477441,1531.25,136.7717287488061,0.4530052440500202,-3.878479097073663,229716
2015-11-27,277985,1627780,105148,37912,4693,263279,-2.764562792631342,-0.17384777980369154,1697,9813,850,469,35,92,-4.329579809600327,-1.6147937034155855,242461.75,22.332630689544388,0.37825062503372486,0.13638145943126428,-2.6501981313159226,1634.25,-31.544977813634535,0.5008839127872716,-3.9341347085798377,279682
2015-12-04,263601,1601362,95607,32526,3810,242116,-2.545395620391877,-0.04831228990856651,1414,6722,579,274,8,206,-3.587748393258593,-0.7740862354279441,250449.0,-5.174379912585215,0.36269589265594593,0.12339103417665336,-2.653458795654859,1659.25,-16.676487919858573,0.40947666195190946,-3.9529127349994853,265015
2015-12-11,264882,1623197,94034,30876,3520,245911,-2.4388441353661343,0.09399681710444116,2095,10847,993,546,21,139,-5.634965730984147,-1.5123743899970876,258426.25,0.4859617376261838,0.35500335998671106,0.11656511201214126,-2.684292896352533,1921.25,48.161244695898155,0.4739856801909308,-4.543840399192028,266977
2015-12-18,261205,1580172,91463,30074,3625,243720,-2.3501677656929805,0.1918377733021436,1665,7414,762,337,26,102,-4.531986072063664,-1.2297404590786576,266918.25,-1.3881652962451252,0.35015792193870715,0.11513562144675638,-2.5247425785205833,1717.75,-20.525059665871126,0.45765765765765765,-4.521070001476684,262870
2015-12-25,223397,1371936,80060,27467,3253,211545,-2.3819181114472365,0.12997858984724617,1058,5492,536,274,12,100,-4.357374215903581,-1.71870437558457,253271.25,-14.474454930035796,0.35837544819312706,0.12295151680640296,-2.4290814082245573,1558.0,-36.45645645645645,0.5066162570888468,-4.528018603052497,224455
2016-01-01,191346,1158729,74234,29228,2468,182468,-2.606645165501542,-0.34417799812098643,1276,6148,692,367,40,223,-5.04576250814705,-2.9511197436879555,235207.5,-14.347104034521507,0.38795689483971446,0.1527494695473122,-2.4443937945019734,1523.5,20.604914933837428,0.542319749216301,-4.892522131774611,192622
2016-01-08,305216,1633673,146128,41207,14650,293189,-3.8846591694709116,-0.9295349764154925,1782,8980,898,483,30,314,-4.770316253172877,-2.06083813068806,245291.0,59.50999759597797,0.47876913399035437,0.13500930488572027,-2.8058475530281677,1445.25,39.6551724137931,0.5039281705948373,-4.676359762321793,306998
2016-01-15,254720,1501503,99080,31085,6795,241641,-2.9913048893902787,-0.17089023291359123,2055,9589,983,505,46,661,-4.819192027404297,-1.4786315381199313,243669.75,-16.54434892010904,0.3889761306532663,0.12203596105527638,-2.966131833952492,1542.75,15.319865319865311,0.478345498783455,-4.748161251156952,256775
2016-01-22,291407,1715985,97471,27730,6808,274826,-2.4959757226708703,0.49977888432574963,1879,8860,820,372,23,210,-4.233360686188794,-0.8671808047819318,260672.25,14.402873743718603,0.3344840721053372,0.09515900441650338,-2.994646236758401,1748.0,-8.564476885644767,0.43640234167110165,-4.717157868728254,293286
2016-01-29,248416,1474329,78995,23176,4428,233240,-2.2956929544857685,0.5452973617140536,1151,5597,539,237,31,268,-4.091641585568207,-1.0863279824457241,274939.75,-14.752905729786859,0.3179948151487827,0.09329511786680407,-2.9169081840044573,1716.75,-38.74401277275147,0.46828844483058213,-4.478627638083544,249567
2016-02-05,238106,1479827,81312,25003,3731,222360,-2.5241599029769155,0.3129842872593532,1425,7143,655,261,9,294,-4.008098949007947,-1.09204435650091,258162.25,-4.1502962772124175,0.34149496442760785,0.10500785364501525,-2.5767833673809584,1627.5,23.80538662033014,0.45964912280701753,-4.288073312042312,239531
2016-02-12,239424,1451932,80770,25971,3104,224620,-2.334121537536898,0.35647764218237044,1204,6510,506,200,17,116,-3.5670868064066816,-0.913772654526468,254338.25,0.5535349802188838,0.33735130981021116,0.10847283480352847,-2.4124875294176134,1414.75,-15.508771929824562,0.420265780730897,-3.975047006792908,240628
2016-02-19,281414,1658111,95523,29971,3565,263832,-2.4236470705349475,0.3898069532551024,1177,6893,520,257,13,89,-3.811968068956182,-0.8466658279379339,251840.0,17.53792435177759,0.339439402446218,0.10650145337474326,-2.3944053663836327,1239.25,-2.2425249169435224,0.44180118946474084,-3.869698852484755,282591
2016-02-26,246576,1468108,81599,25702,3999,229480,-2.3455038621659248,0.4163799854253997,1246,6488,520,250,10,138,-3.3715908653034923,-0.6274789559102648,251380.0,-12.379625747119904,0.330928395302057,0.10423561092725975,-2.4068580933036716,1263.0,5.862361937128302,0.4173354735152488,-3.6896861724185763,247822
2016-03-04,235165,1449026,85108,27981,3914,220406,-2.595469546345373,0.06264158806120172,1507,7957,678,309,20,145,-4.501852625602028,-1.259565435066914,250644.75,-4.6277821036921685,0.36190759679374057,0.11898454276784386,-2.4246855041457858,1283.5,20.9470304975923,0.44990046449900467,-3.8131245915670964,236672
2016-03-11,231886,1404020,82498,24519,4100,217651,-2.482429389496102,0.16540069096417817,1434,8150,638,307,19,117,-4.306972613655559,-1.1556822091937888,248760.25,-1.3943401441541048,0.3557696454292195,0.10573730195009617,-2.461762467135587,1341.0,-4.844061048440606,0.44490934449093444,-3.9980960433793156,233320
2016-03-18,244555,1479680,83929,25425,3677,229361,-2.4224140044368583,0.2861753872452164,1045,5398,401,190,11,101,-4.163087924565733,-0.9107225087615486,239545.5,5.463460493518357,0.3431906933000756,0.10396434339923534,-2.4614542006110645,1308.0,-27.126917712691768,0.3837320574162679,-4.085876007281704,245600
2016-03-25,226895,1363695,82183,28015,2538,214046,-2.775526303483553,0.06857775014811633,6556,29658,3161,1501,104,188,-5.568510234180437,-1.9222791983965453,234625.25,-7.221279466786612,0.36220718834703275,0.12347120914960664,-2.5689598109404717,2635.5,527.3684210526316,0.48215375228798046,-4.63510584950094,233451
2016-04-01,217736,1341465,76127,24330,3202,203304,-2.407841597573614,0.16510282401766269,2213,10607,988,436,23,159,-5.26974552077957,-1.4298327579145524,230268.0,-4.036668943784571,0.3496298269463938,0.11174082374986222,-2.522052823747532,2812.0,-66.24466137888957,0.4464527790329869,-4.827079073295325,219949
2016-04-08,239984,1443065,80576,25779,3217,225190,-2.4928901160482537,0.3489830013409699,2060,10660,829,347,15,395,-4.146095795973963,-0.5833669308896282,232292.5,10.217878531799984,0.33575571704780316,0.10741966131075405,-2.5246680053855695,2968.5,-6.913691821057388,0.40242718446601944,-4.7868598688749255,242044
2016-04-15,246362,1485966,78610,23497,3347,230776,-2.238319258691565,0.5464926259804588,5169,18534,1349,447,39,3749,-2.047073807368791,1.1867332419073606,232744.25,2.657677178478557,0.31908330018428166,0.09537591024589831,-2.4786443189492466,3999.5,150.9223300970874,0.2609789127490811,-4.2578563395756905,251531
2016-04-22,257081,1555177,79099,20306,4157,237528,-2.1536394587407868,0.7007314850716073,2379,9990,750,281,21,1416,-2.5722949335706917,0.104026624085278,240290.75,4.350914507919246,0.3076812366530393,0.07898677848615807,-2.3231726077635546,2955.25,-53.97562391178178,0.31525851197982346,-3.5088025144232544,259460
2016-04-29,245188,1571413,81807,24888,2962,229964,-2.197880175474108,0.35514082023904187,1725,7897,690,290,36,745,-3.270152706778405,-0.2159901345146372,247153.75,-4.626168406066567,0.333650097068372,0.10150578331729122,-2.2706822522386783,2833.25,-27.490542244640604,0.4,-3.008904310922963,246913
2016-05-06,224323,1433732,78370,26404,2878,209334,-2.438853615120285,0.12035028441813621,1683,8658,736,369,29,259,-3.4952627690187668,-1.2167862620258088,243238.5,-8.509796564269045,0.34936230346420116,0.11770527319980564,-2.257173127006686,2739.0,-2.4347826086956514,0.43731431966726086,-2.846196054184164,226006
2016-05-13,220437,1404790,77824,26153,2915,204745,-2.276519853177248,0.06927327006338899,1518,8543,730,368,24,183,-3.9843644081318073,-1.4800631993217943,236757.25,-1.7323234799819898,0.35304418042343166,0.11864160735266766,-2.266723275628107,1826.25,-9.80392156862745,0.48089591567852435,-3.330518704374918,221955
2016-05-20,238043,1511492,81770,24315,3453,222730,-2.3552972623178436,0.23484101315248315,1346,6483,579,242,17,272,-3.68212103398151,-0.6766190367595302,231997.75,7.986862459568944,0.3435093659548905,0.10214541070310826,-2.317137726522371,1568.0,-11.33069828722003,0.43016344725111444,-3.6079752294776224,239389
2016-05-27,258501,1609874,86072,26625,3804,242426,-2.0743496865874795,0.33759924459741003,1483,7364,645,262,18,271,-3.963250514478386,-0.7094845905393805,235326.0,8.594245577479697,0.33296582991942003,0.1029976673204359,-2.286255104300714,1507.5,10.178306092124823,0.4349291975724882,-3.7812496814026177,259984
2016-06-03,252439,1600485,89086,28720,4903,234382,-2.2938924758072736,0.13061993514311548,1814,8801,785,292,31,232,-4.323031205650699,-0.9130404322416721,242355.0,-2.345058626465657,0.35290109689865673,0.113770059301455,-2.250014819472461,1540.25,22.319622387053272,0.43274531422271223,-3.988191790560601,254253
2016-06-10,229092,1460956,81581,27080,4228,212780,-2.3393657873448093,0.08640334882436204,1383,6918,541,237,19,187,-4.061385028034359,-0.7883760669102048,244518.75,-9.248570941890911,0.35610584394042566,0.11820578632165243,-2.2657263030143513,1506.5,-23.759647188533627,0.39117859725235,-4.007446945536239,230475
2016-06-17,225967,1444845,79197,25628,3942,213430,-2.3640254303721693,0.16076608246537627,1420,7325,657,313,13,274,-4.331418985156023,-1.4509798721757725,241499.75,-1.3640808059644183,0.35048037987847785,0.11341479065527267,-2.2679083450279327,1525.0,2.6753434562545086,0.46267605633802816,-4.169771433329867,227387
2016-06-24,223799,1408993,73944,23463,4215,211053,-2.169280786598142,0.37935484395215674,1929,9012,655,254,18,1001,-2.996769717157348,-0.07144775302540594,232824.25,-0.9594321294702279,0.3304036211064393,0.10483961054338937,-2.291641120030598,1636.5,35.845070422535215,0.33955417314670816,-3.928151233999608,225728
2016-07-01,207622,1287640,71726,25501,4031,192530,-2.39673982899615,0.14550127642510574,11703,59936,6110,3555,117,1504,-4.418417280376921,-1.1484850450476076,221620.0,-7.228361163365338,0.3454643534885513,0.12282417084894665,-2.3173529583278176,4108.75,506.68740279937794,0.5220883534136547,-3.951997752681163,219325
2016-07-08,230904,1471081,88290,31285,3810,218670,-3.023652879873002,-0.19528138246498203,2667,12368,1364,690,5,274,-5.561829924706596,-2.0398990429304,222073.0,11.213647879319154,0.3823666978484565,0.13548920763607386,-2.4884247314598658,4429.75,-77.2109715457575,0.5114360704911886,-4.327108976849223,233571
2016-07-15,230715,1439266,79332,27008,3647,218729,-2.375720232539496,0.15828061465521018,1801,9645,780,379,17,257,-3.7675558993750755,-1.2481609202959099,223260.0,-0.08185219831617907,0.34385280540927116,0.11706217627809201,-2.4913484320016974,4525.0,-32.470941132358455,0.4330927262631871,-4.186143205403986,232516
2016-07-22,199979,1264498,74161,24485,3456,185799,-2.5840686095440177,-0.01737197883251244,1297,6939,583,276,16,143,-3.811548308992515,-1.0616059174330155,217305.0,-13.322064018377656,0.3708439386135544,0.12243785597487736,-2.5950453877381663,4367.0,-27.984453081621318,0.4494988434849653,-4.389837853362777,201276
2016-07-29,206401,1288180,75713,24376,3329,193011,-2.6390180330820123,-0.05497767124247239,1837,10748,829,334,22,267,-3.9514933384152116,-0.6805911794311462,216999.75,3.2113371904049837,0.3668247731357891,0.11810020300289242,-2.6556149387596317,1900.5,41.634541249036225,0.4512792596624932,-4.27310686787235,208238
2016-08-05,221896,1387304,82547,27148,3443,209754,-2.6665378410893026,-0.01483706344686246,1170,6925,521,199,33,207,-3.993248314926069,-0.7441071452571582,214747.75,7.507231069616904,0.3720076071673216,0.1223456033457115,-2.566336179063707,1526.25,-36.30919978225368,0.44529914529914527,-3.8809614654272178,223066
2016-08-12,237817,1451296,88521,29442,4289,224472,-2.6639279711222996,-0.05589500630505072,1304,7149,635,304,19,129,-4.1380899831412,-1.5457920040001325,216523.25,7.174982874860292,0.3722231800081575,0.12380107393500044,-2.638388113709408,1402.0,11.452991452991457,0.4869631901840491,-3.973594986368749,239121
2016-08-19,237531,1467813,90496,32437,4164,224371,-2.675823869387198,-0.20238901574754417,1298,7875,620,304,18,225,-4.1764487262699275,-1.6058354284716407,225911.25,-0.12026053646291279,0.3809860607668052,0.13655901755981326,-2.6613269286702033,1402.25,-0.4601226993865004,0.4776579352850539,-4.0648200906881025,238829
2016-08-26,235473,1434760,83410,28574,3817,221499,-2.3516309704622613,0.04474903671677707,1800,10049,801,338,24,283,-3.7555482596253884,-1.1320289445370697,233179.25,-0.866413226063123,0.35422320181082334,0.12134724575641369,-2.5894801630152657,1393.0,38.674884437596305,0.445,-4.015833820990647,237273
2016-09-02,228808,1435358,80749,26864,4255,214519,-2.313032260257644,0.11659340976733769,1461,7703,681,307,21,143,-4.488704460952067,-1.4189124569349703,234907.25,-2.8304731328007926,0.352911611482116,0.11740848222090136,-2.5011037678073507,1465.75,-18.833333333333336,0.46611909650924027,-4.139697857497146,230269
2016-09-09,253047,1550999,84007,24367,4492,236281,-2.1188486308465064,0.39238328323078914,1276,6658,517,205,15,184,-3.920625732208266,-0.4840285860651818,238714.75,10.593598125939652,0.3319818057515007,0.09629436428805715,-2.3648339327384025,1458.75,-12.66255989048597,0.4051724137931034,-4.0853317947639125,254323
2016-09-16,232587,1436240,79790,23698,3381,216006,-2.31258279206678,0.29415812995766516,1234,5779,487,223,16,83,-4.633110687523526,-0.5168656209001791,237478.75,-8.085454480788156,0.34305442694561605,0.10188875560542937,-2.2740236634082978,1442.75,-3.2915360501567403,0.3946515397082658,-4.199497285077312,233821
2016-09-23,254870,1592743,86149,27530,3326,238394,-2.317291839641757,0.2854557435420393,1820,9028,888,408,30,179,-5.141954961368759,-1.423547107660148,242328.0,9.58050105981847,0.33801153529250205,0.10801585121826814,-2.265438880703172,1447.75,47.48784440842788,0.4879120879120879,-4.546098960513155,256690
2016-09-30,255001,1576959,89565,28135,2978,235908,-2.5703858938579174,0.18878804832658455,1510,7579,603,274,18,169,-4.246596001424621,-0.7221144243732127,248876.25,0.05139875230508739,0.3512339167297383,0.11033290065529155,-2.32977728910324,1460.0,-17.03296703296703,0.39933774834437086,-4.485571845631293,256511
2016-10-07,242603,1491534,87829,25487,3678,227319,-2.4485952705851486,0.11506226604195556,1774,8862,811,376,15,112,-4.469115295746912,-1.3472447089853214,246265.25,-4.8619417178756175,0.3620276748432624,0.10505640903039122,-2.4122139490379007,1584.5,17.48344370860928,0.45715896279594137,-4.622694236515955,244377
2016-10-14,266743,1583186,98305,30998,4447,248115,-2.730496824297492,0.045126252202829766,1954,9346,952,488,12,521,-4.369297469931633,-1.8070686932409281,254804.25,9.95041281435103,0.36853825592424166,0.11620923510645077,-2.5166924570955786,1764.5,10.146561443066515,0.4872057318321392,-4.5567409321179815,268697
2016-10-21,297840,1815801,108732,38093,3834,282888,-2.696055310710133,0.015653225549293697,1430,7006,611,303,27,324,-4.1400010492713175,-1.08772402736338,265546.75,11.658037886654938,0.36506849315068496,0.12789752887456352,-2.6113833248626728,1667.0,-26.81678607983623,0.42727272727272725,-4.306252454093621,299270
2016-10-28,278178,1762841,103298,36310,3082,262066,-2.5986371764122476,-0.11169945758706026,1807,8452,814,341,48,548,-4.641191127008569,-1.1573511583304152,271341.0,-6.601531023368256,0.3713377765315733,0.13052793535074664,-2.618446145501255,1741.25,26.363636363636367,0.4504703929164361,-4.404901235489608,279985
2016-11-04,247271,1563990,91032,30724,2964,231353,-2.434007043033579,-0.05892172908612038,2219,11833,990,418,39,416,-4.263996469194001,-0.9364646858680974,272508.0,-11.110511974347359,0.36814668925996175,0.12425233852736471,-2.614799088613363,1852.5,22.80022136137243,0.44614691302388465,-4.353621528851381,249490
2016-11-11,230433,1426900,79251,27099,2550,215319,-2.0261599541949296,0.11827171698440019,1406,7077,719,360,23,199,-5.080406453511626,-1.7947192751598595,263430.5,-6.809532860707479,0.3439220944916744,0.11760034370077202,-2.438714871087722,1715.5,-36.638125281658404,0.5113798008534851,-4.531398774746378,231839
2016-11-18,245424,1544025,82798,25838,3250,227544,-2.0917966233350804,0.2714682010566124,1534,10618,710,290,12,246,-4.468601022203914,-1.1415415670303786,250326.5,6.505578628061093,0.3373671686550623,0.10527902731599191,-2.2876501992439593,1741.5,9.103840682788045,0.46284224250325945,-4.613548767979528,246958
2016-11-25,237190,1520751,80403,26021,2902,221450,-2.1742974655459606,0.2800247472106064,1441,7885,689,346,16,147,-4.246550116050168,-1.4666281133603827,240079.5,-3.355010104961209,0.3389814073105949,0.10970529954888486,-2.181565271527387,1650.0,-6.062581486310304,0.47814018043025674,-4.514888515239927,238631
2016-12-02,240207,1500792,77615,23886,3348,219650,-2.0883459720206528,0.4266968834011567,1553,8281,686,303,9,227,-3.7882170167140643,-0.9650101757275873,238313.5,1.2719760529533275,0.32311714479594683,0.09943923366096742,-2.0951500037741555,1483.5,7.772380291464254,0.44172569220862845,-4.395943652119943,241760
2016-12-09,241588,1517233,79961,24569,3361,223473,-2.1944731834509215,0.4172556325326725,1268,7393,511,231,6,181,-3.9374089099703027,-0.7969800501980945,241102.25,0.5749207974788506,0.3309808434193751,0.10169793201649088,-2.137228311088154,1449.0,-18.351577591757884,0.4029968454258675,-4.110194266234613,242856
2016-12-16,269073,1636224,91002,25498,4737,249643,-2.2737287578028917,0.42529413979650943,1014,5654,358,168,12,41,-4.404180548209498,-0.2661572865406843,247014.5,11.376806795039496,0.3382056170630275,0.09476238790216782,-2.1827113447051065,1319.0,-20.03154574132492,0.3530571992110454,-4.094089147736009,270087
2016-12-23,268397,1627349,98368,36813,4366,254354,-2.638048485813623,0.015622486633621344,1411,6818,611,293,17,250,-4.318072751324353,-0.8890512724768768,254816.25,-0.2512329367866717,0.3665018610491175,0.13715876108898387,-2.2986490997720224,1311.5,39.15187376725837,0.43302622253720763,-4.111969806554555,269808
2016-12-30,220242,1376612,76340,24054,4553,210630,-2.4398678364936552,0.29987162275853796,1281,6583,461,246,24,308,-4.78965007260376,-0.863078900699063,249825.0,-17.941705756770755,0.34661871940865047,0.10921622578799683,-2.3865295658902728,1243.5,-9.213323883770375,0.3598750975800156,-4.362328070526979,221523
2017-01-06,192719,1199722,70798,25225,3170,182112,-2.6654679383037427,-0.04593854242613634,1812,9215,822,357,13,350,-3.5931953094941003,-0.9798504668775415,237607.75,-12.496708166471427,0.3673638821289027,0.13089005235602094,-2.504278254603478,1379.5,41.451990632318505,0.45364238410596025,-4.276274670407928,194531
2017-01-13,219341,1359797,76650,23440,3198,205838,-2.352356476304643,0.1864146086935731,2616,14266,1252,676,19,255,-4.156299368361997,-1.6731298954976304,225174.75,13.813894841712537,0.3494558700835685,0.1068655654893522,-2.523935184228916,1780.0,44.37086092715232,0.4785932721712538,-4.214304375446053,221957
2017-01-20,231331,1405800,77120,21984,3524,216589,-2.1027206097528093,0.41814511021349643,1837,8658,699,330,9,575,-3.770747369999078,-0.7166211223831127,215908.25,5.466374275671204,0.33337512049833357,0.09503265883085277,-2.3901032152137125,1886.5,-29.7782874617737,0.3805117038649973,-4.077473030114734,233168
2017-01-27,224239,1359676,73937,20478,3365,206828,-2.046250185750989,0.4261569087468233,1457,7260,539,235,34,318,-3.3624117227235644,-0.21476239668540817,216907.5,-3.0657369742922436,0.32972408903000816,0.09132220532556781,-2.291698802528046,1930.5,-20.685900925421883,0.3699382292381606,-3.7206634426446854,225696
2017-02-03,314817,1798872,124154,31569,5347,300528,-2.8849593442562136,-0.13640231733362537,2196,11517,1038,501,18,531,-4.646223918581891,-1.0351072190089463,247432.0,40.393508711687076,0.39436879202838476,0.10027730395753724,-2.346571654016164,2026.5,50.720658888126295,0.4726775956284153,-3.983920594916633,317013
2017-02-10,266037,1582774,98714,27575,4074,252168,-2.5813406102621905,0.00640157506253768,2260,11703,1022,490,32,244,-4.298140300844508,-1.1989120946792453,259106.0,-15.4947159778538,0.37105365043208277,0.10365099591410218,-2.403817687505551,1937.5,2.914389799635697,0.452212389380531,-4.019380828037261,268297
2017-02-17,268037,1565905,92169,24005,4115,253454,-2.311604338187205,0.316600801994542,2353,14033,1061,507,39,272,-3.948190535785075,-1.4157249768800544,268282.5,0.751775129023402,0.34386670496983623,0.08955853109831852,-2.4560386196141497,2066.5,4.115044247787614,0.4509137271568211,-4.063741619483761,270390
2017-02-24,245076,1476508,84265,25132,2988,229793,-2.1952103064766515,0.29244940591391694,1901,9460,890,517,25,135,-4.542457946831935,-1.7374541983005514,273491.75,-8.566354645067653,0.34383211738399516,0.10254778109647619,-2.493278649795565,2177.5,-19.209519762005943,0.46817464492372435,-4.358753175510853,246977
2017-03-03,241499,1465794,81755,23959,3285,227144,-2.1155006332570245,0.2971546032161595,1896,9901,891,382,20,138,-3.987962490350328,-1.2198154976472464,255162.25,-1.4595472424880462,0.3385314224903623,0.09920952053631692,-2.300913972045768,2102.5,-0.2630194634402949,0.4699367088607595,-4.194187818452962,243395
2017-03-10,248252,1530691,87590,25140,3391,231889,-2.239882272538204,0.18906156723220266,1842,10610,884,414,39,202,-3.68978272809236,-1.42555966607176,250716.0,2.796284870744814,0.3528269661473019,0.10126806631970739,-2.2155493876147716,1998.0,-2.848101265822789,0.4799131378935939,-4.042098425264925,250094
2017-03-17,240473,1514923,82542,23991,3464,224381,-2.2383230656464255,0.22152353111623954,2022,10143,1040,566,19,314,-5.140704250799506,-1.8707779654764494,243825.0,-3.133509498412901,0.3432485143862305,0.09976587808194683,-2.1972290694795764,1915.25,9.771986970684043,0.5143422354104846,-4.340226854018533,242495
2017-03-24,225473,1435691,79848,24458,2649,211940,-2.308868187853392,0.13340631070334194,3361,16766,1750,997,55,440,-5.743995981509107,-2.271726282860668,238924.25,-6.237706520066699,0.35413552842247187,0.10847418537918066,-2.2256435398237615,2280.25,66.2215628090999,0.5206783695328772,-4.640611362687825,228834
2017-03-31,248849,1609234,89035,23707,3447,232650,-2.4804119023758235,0.11338168369611955,1618,8980,760,323,32,233,-4.925620019389842,-1.1850549788084888,240761.75,10.367538463585447,0.3577872525105586,0.09526660746074929,-2.3168713571034614,2210.75,-51.85956560547456,0.46971569839307786,-4.875025744947704,250467
2017-04-07,268631,1713776,102706,31656,3068,255546,-3.0391389914878633,-0.09447526997915748,4169,20461,1840,765,56,408,-5.0924481710332925,-1.0482361458948377,245856.5,7.949399033148619,0.3823311531431592,0.1178419467596815,-2.516685536840876,2792.5,157.663782447466,0.4413528424082514,-5.2256921056829375,272800
2017-04-14,267774,1627723,103274,30837,3826,254335,-3.0931621358131665,-0.21414452289723185,2834,13543,1377,575,31,91,-4.818451980719887,-1.3087565178406457,252681.75,-0.31902498222469156,0.3856759804910111,0.11516054583342669,-2.7303953043825615,2995.5,-32.02206764212041,0.48588567395906845,-5.145129038163033,270608
2017-04-21,214785,1421892,77694,22565,2508,202326,-2.4750112499027708,0.08348765355727163,1674,8454,818,401,19,173,-4.876512345419075,-1.7541170263322152,250009.75,-19.788702413229064,0.3617291710314966,0.10505854691901204,-2.7719310698949062,2573.75,-40.93154551870148,0.4886499402628435,-4.9282581291405245,216459
2017-04-28,218385,1438460,79270,23039,2477,204868,-2.5302567562600076,0.12361629592748015,2927,15132,1544,756,17,222,-5.184138594168615,-1.761356500352065,242393.75,1.6760946993505055,0.3629828055956224,0.10549717242484603,-2.784392283365952,2901.0,74.85065710872163,0.5275025623505295,-4.992887772835218,221312
2017-05-05,205519,1355315,70539,20922,2203,193800,-2.372967663939497,0.19744985126970235,1704,8785,831,413,4,147,-4.810329478553284,-1.4920763523490215,226615.75,-5.891430272225662,0.34322374087067375,0.10180080673806315,-2.6178494514788606,2284.75,-41.783395968568506,0.4876760563380282,-4.922358099715216,207223
2017-05-12,221597,1403204,74107,19130,2542,208046,-2.1456148467005964,0.3775583234899188,1349,7224,648,278,14,140,-4.637184237130997,-1.2248548729704847,215071.5,7.823120976649367,0.33442239741512747,0.0863278835002279,-2.380962629200718,1913.5,-20.833333333333336,0.48035581912527797,-4.877041163817993,222946
2017-05-19,252524,1600146,83915,20579,3491,239137,-2.200696687333748,0.39349682409245634,1542,8988,741,381,5,104,-4.7720473307751945,-1.6863022448028475,224506.25,13.956416377478043,0.33230504823303925,0.08149324420649126,-2.3123839885584623,1880.5,14.306893995552251,0.4805447470817121,-4.850924910157023,254066
2017-05-26,275595,1664695,84470,22757,3174,259568,-2.033725680159619,0.6243114565858273,2116,10985,941,418,16,81,-4.932619032582017,-1.2531510854794152,238808.75,9.136161315360125,0.30650048077795317,0.08257406701863242,-2.188251219533365,1677.75,37.224383916990924,0.4447069943289225,-4.788045019760373,277711
2017-06-02,232823,1484433,79352,23657,3161,219145,-2.2255611878819432,0.26020114156349,1379,7497,683,413,14,123,-5.4731446106901585,-1.8104387871229373,245634.75,-15.519875179157827,0.3408254339133161,0.10160937708044308,-2.1513996005189764,1596.5,-34.82986767485823,0.495286439448876,-4.953748802794592,234202
2017-06-09,253925,1590897,95906,24812,8803,237906,-2.6837286139389462,0.11320492359644227,2417,12533,1240,454,78,166,-5.643624829007015,-1.4100858564223528,253716.75,9.063537537099009,0.37769420104361523,0.09771389189721374,-2.285928042328564,1863.5,75.27193618564176,0.5130326851468763,-5.205358950763597,256342
2017-06-16,236416,1534566,86805,22843,5466,223150,-2.6679661146924656,0.1434913728080848,2251,11121,907,410,40,743,-4.062251502936424,-0.4263805697548753,249689.75,-6.895343113123953,0.36717058067135894,0.09662205603681646,-2.4027453991682437,2040.75,-6.868018204385606,0.4029320302087961,-5.027909993803904,238667
2017-06-23,238362,1546510,88482,27476,5930,224844,-2.485089315866674,-0.08251231259107601,2848,16305,1245,597,26,557,-4.237537429348253,-0.6623140422104232,240381.5,0.8231253383865766,0.3712084979988421,0.11527005143437292,-2.515586308095007,2223.75,26.521545979564642,0.4371488764044944,-4.8541395929954625,241210
2017-06-30,202356,1360144,79216,23845,3769,189070,-2.7624299579741165,-0.20401742468973913,3273,17483,1463,690,24,308,-5.014021394830058,-1.0645023173683839,232764.75,-15.10559569058827,0.39146850105754216,0.11783688153551167,-2.6498035006180505,2697.25,14.92275280898876,0.44699052856706384,-4.739358789030438,205629
2017-07-07,199512,1287389,68638,19173,3547,187733,-2.590445680294063,0.22085440436117132,2187,10951,954,448,24,202,-4.722413821269072,-1.0406479043508066,219161.5,-1.4054438711972983,0.3440294318136252,0.09609948273788042,-2.62648276720683,2639.75,-33.180568285976165,0.43621399176954734,-4.509056037095952,201699
2017-07-14,240689,1525736,77219,20859,3711,227510,-2.313924958866824,0.5037813986521634,2193,11524,999,421,34,364,-4.793218699743298,-1.0348584308385607,220229.75,20.638858815509842,0.3208247988067589,0.08666370295277308,-2.5379724782504196,2625.25,0.274348422496562,0.45554035567715456,-4.69179783629767,242882
2017-07-21,213060,1375496,75328,19075,3756,201225,-2.5664224302470724,0.22400148325913077,1581,9258,772,350,22,265,-4.8819797102752975,-1.5629684632462624,213904.25,-11.47912866811529,0.3535529897681404,0.08952877123814888,-2.558305756845519,2308.5,-27.906976744186053,0.4882985452245414,-4.852908406529432,214641
2017-07-28,222027,1406119,80668,18945,6075,208004,-2.7039481024759584,0.18411648353094548,1800,10647,834,373,26,100,-4.2954256549042,-1.583459548305883,218822.0,4.208673613066738,0.3633251811716593,0.08532746017376265,-2.5436852929709795,1940.25,13.851992409867165,0.4633333333333333,-4.673259471547968,223827
2017-08-04,238394,1537639,91868,22013,7327,226428,-2.8766902244072354,-0.07099243946204184,1871,10770,814,328,20,274,-3.8158110806191528,-0.8709155552413896,228542.5,7.37162597341765,0.38536204770254284,0.09233873335738316,-2.6152464289992725,1861.25,3.9444444444444393,0.4350614644575094,-4.446608786385488,240265
2017-08-11,208121,1380220,75086,19766,4239,196033,-2.597532737407451,0.14911083876738768,1516,8839,736,296,18,178,-4.084087060098475,-1.3460605516883881,220400.5,-12.698725639068098,0.3607805074932371,0.09497359709015428,-2.686148373634429,1692.0,-18.973810796365576,0.48548812664907653,-4.269325876474282,209637
2017-08-18,194668,1291204,68765,18006,3096,183296,-2.563782159997936,0.2186240970596833,2101,11805,854,408,38,523,-4.20947801497369,-1.049669632038226,215802.5,-6.464028137477717,0.35324244354490725,0.09249594180861775,-2.6854883060721453,1822.0,38.58839050131926,0.40647310804378867,-4.10120045264888,196769
2017-08-25,183590,1158878,60773,17166,3159,171952,-2.2727453847908996,0.38850019485507364,1503,7388,626,277,14,232,-4.2177186582488995,-0.6699019220429943,206193.25,-5.690714447161316,0.33102565499210196,0.0935018247181219,-2.5776876266508806,1747.75,-28.462636839600187,0.41650033266799735,-4.081773703485055,185093
2017-09-01,129854,845536,45953,12825,2728,120958,-2.3366456895695706,0.1532751894930133,478,3046,184,85,7,59,-3.593800210223833,-0.34275630688594394,179058.25,-29.269568059262486,0.35388205215087715,0.09876476658400973,-2.442676492941464,1399.5,-68.1969394544245,0.38493723849372385,-4.0262709858862245,130332
2017-09-08,192268,1231297,65463,16236,3553,178432,-2.227847059925545,0.31981104448505215,775,4382,349,180,13,75,-4.137742721450314,-1.0567559760322518,175095.0,48.06474964190552,0.3404778746333243,0.08444462937150228,-2.350255073570988,1214.25,62.13389121338913,0.4503225806451613,-4.039684901224184,193043
2017-09-15,215925,1367488,71910,17413,3709,201757,-2.197660356268363,0.46869333972162835,775,4274,349,164,11,98,-4.200081820757066,-1.021030003916287,180409.25,12.304179582665853,0.33303230288294544,0.08064374204006021,-2.258724622638595,882.75,0.0,0.4503225806451613,-4.0373358526700285,216700
2017-09-22,231892,1427538,77723,19378,3701,218663,-2.123246718460982,0.4070409428600496,837,4612,373,179,12,57,-3.843447146152552,-0.7789255952857209,192484.75,7.394697232835479,0.33516895796318974,0.08356476290687044,-2.221349956056115,716.25,8.000000000000007,0.44563918757467147,-3.9437679746459415,232729
2017-09-29,227764,1412669,81740,19116,4658,214254,-2.2173114344267297,0.24573650537582936,1418,7624,629,379,9,48,-4.2379157701371915,-1.166586886478052,216962.25,-1.7801390302382147,0.35888024446356753,0.08392897911873694,-2.191516392270405,951.25,69.41457586618878,0.44358251057827924,-4.104796864624282,229182
2017-10-06,205542,1263371,66894,18027,3106,193229,-1.9995386392962191,0.4623895592031649,1207,7342,591,327,8,176,-4.5588206179982205,-1.7224706772474703,220280.75,-9.756590154721556,0.32545173249262926,0.08770470268850163,-2.1344392871130733,1059.25,-14.880112834978842,0.4896437448218724,-4.2100663387612585,206749
2017-10-13,217376,1333531,71093,17053,3568,203157,-1.9396662951083492,0.5677321796406363,956,5658,440,249,6,15,-4.499523563197632,-1.8226096779783347,220643.5,5.7574607622773,0.32705082437803623,0.07844932283232739,-2.06994077182307,1104.5,-20.795360397680195,0.4602510460251046,-4.2849267743713995,218332
2017-10-20,229322,1409860,77170,19899,3368,216117,-2.0951175650327696,0.515950160470592,1259,7363,528,268,19,139,-3.50377280913241,-0.7901746029942213,220001.0,5.495546886500802,0.3365137230618955,0.08677318355848981,-2.0629084834660167,1210.0,31.694560669456063,0.4193804606830818,-4.200008190116364,230581
2017-10-27,230878,1401091,74477,20084,2883,217595,-2.0515037987304376,0.566452663078813,1541,7868,773,374,23,181,-3.8084366166451806,-1.4964342065856446,220779.5,0.6785219036987256,0.3225816231949341,0.08698966553764326,-2.021456574541944,1240.75,22.398729150119134,0.5016223231667748,-4.092638401743361,232419
2017-11-03,226314,1370754,74423,20537,2863,213045,-2.226053150371803,0.48455489896338283,1372,9074,664,287,4,184,-4.634802883370978,-1.1982956281797834,225972.5,-1.976801600845468,0.3288484141502514,0.0907456012442889,-2.07808520231084,1282.0,-10.966904607397797,0.4839650145772595,-4.111633968086551,227686
2017-11-10,251014,1485884,90148,24632,3743,238123,-2.504192781120023,0.14817913663753549,1438,7257,743,370,7,199,-4.160510470158398,-1.8884339359766416,234382.0,10.914039785430862,0.35913534703243644,0.09812998478172533,-2.219216823813758,1402.5,4.810495626822164,0.5166898470097357,-4.026880694826742,252452
2017-11-17,247417,1487129,79336,20499,2903,232197,-2.264859140808491,0.6156046889888946,1595,8298,860,265,2,228,-4.5602502678787875,-1.2284358742898187,238905.75,-1.4329878014772035,0.32065702841761073,0.08285202714445652,-2.2616522177576885,1486.5,10.917941585535473,0.5391849529780565,-4.291000059513337,249012
2017-11-24,223237,1331354,67914,17229,2544,210388,-2.1767752882967786,0.7121206465657074,915,4845,407,167,11,84,-3.7139457636669264,-1.1983676580483458,236995.5,-9.772974371203269,0.30422376218995956,0.07717806635996721,-2.2929700901492738,1330.0,-42.63322884012539,0.4448087431693989,-4.2673773462687725,224152
2017-12-01,205105,1267227,63685,16589,2522,190571,-2.159554888289772,0.6369472258636352,1377,7036,549,228,82,101,-4.129124029631158,-0.4229664189759607,231693.25,-8.122309473787947,0.31049950025596645,0.08088052460934643,-2.2763455246287663,1331.25,50.49180327868852,0.39869281045751637,-4.140957632833818,206482
2017-12-08,218527,1312603,76475,21386,2999,206054,-2.3448914093079662,0.306901029597873,1420,6763,623,285,8,258,-3.766713863390389,-1.0885795589148937,223571.5,6.543965286072995,0.349956755915745,0.09786433712996563,-2.236520181675752,1326.75,3.1227305737109745,0.4387323943661972,-4.042508481141816,219947
2017-12-15,203302,1254882,67241,17932,2728,191832,-2.1023027200789772,0.4716077768123964,2152,11340,887,395,17,265,-4.266578026747266,-0.811673749015079,212542.75,-6.96710246331117,0.33074440979429615,0.08820375598862776,-2.1958810764933734,1466.0,51.54929577464789,0.4121747211895911,-3.9690904208589353,205454
2017-12-22,190661,1197892,68763,18967,2771,179226,-2.326344577590295,0.24423713285304585,1114,6286,464,252,25,132,-4.3983021838905385,-1.339269211316106,204398.75,-6.217843405377222,0.3606558236870676,0.09948022930751438,-2.2332733988167526,1515.75,-48.234200743494426,0.41651705565529623,-4.140179525914839,191775
2017-12-29,171493,1113362,61270,16853,2443,162328,-2.6228082874502197,0.3412696820678502,880,4075,329,73,11,213,-3.5150036900309622,0.2594510386218786,195995.75,-10.053445644363556,0.3572740578332643,0.09827223268588223,-2.3490867486068643,1391.5,-21.00538599640933,0.37386363636363634,-3.986649441014789,172373
2018-01-05,173177,1125092,70570,18506,2420,163125,-3.3607786211624324,-0.3410790446787893,1029,4709,413,185,22,218,-3.635623151287151,-0.6840396421753623,184658.25,0.9819642784253624,0.40750215097847864,0.10686176570791733,-2.603058551570481,1293.75,16.931818181818194,0.4013605442176871,-3.9538767629889797,174206
2018-01-12,187528,1188102,69447,18026,2816,174178,-2.7295069948220876,0.08493479985517617,2414,11584,1051,385,56,602,-4.17798638570653,-0.3750901219008715,180714.75,8.286897220762569,0.3703286975811612,0.096124312102726,-2.7598596202562584,1359.25,134.59669582118562,0.43537696768848383,-3.9317288527287957,189942
2018-01-19,182705,1180997,63341,16672,2578,168897,-2.47319280644295,0.35405584343158053,1314,7317,603,236,37,289,-3.674066757552876,-0.6490560981579395,178725.75,-2.5718825988652383,0.34668454612626914,0.09125092362004324,-2.7965716774694225,1409.25,-45.56752278376139,0.4589041095890411,-3.7506699961443797,184019
2018-01-26,186639,1191206,61567,15254,2543,174413,-2.184700061115326,0.5007589335724203,1345,6615,625,263,23,151,-3.752923679441385,-1.0689207733305748,182512.25,2.1531977778386002,0.3298721060442887,0.08172997069208472,-2.6870446208856986,1525.5,2.3592085235920823,0.4646840148698885,-3.8101499934969856,187984
2018-02-02,191073,1231515,65969,16859,2957,178274,-2.3733944120778085,0.33636942914064927,973,6020,476,165,7,96,-3.4758640140011066,-1.121720946970492,186986.25,2.37570925690771,0.34525547827270203,0.08823329303459934,-2.440198568614543,1511.5,-27.657992565055768,0.4892086330935252,-3.7702102091754743,192046
2018-02-09,189558,1223464,65569,18186,2210,175440,-2.3200386873294856,0.27297253124940474,1318,7035,547,276,5,70,-4.075083000129757,-1.1031912237654267,187493.75,-0.7928906752916465,0.34590468352694165,0.09593897382331529,-2.3378314917413925,1237.5,35.457348406988686,0.4150227617602428,-3.7444843627812814,190876
2018-02-16,200197,1216953,67413,18948,1966,187200,-2.3472692084428144,0.34004486715601423,1012,5769,497,261,1,96,-4.337612143286148,-1.4643398782540404,191866.75,5.612530201837962,0.33673331768208314,0.09464677292866526,-2.3063505922413587,1162.0,-23.216995447647946,0.49110671936758893,-3.9103707092145994,201209
2018-02-23,201307,1224379,70947,18439,2535,188844,-2.5763852464417134,0.30428476426034967,984,5825,441,218,4,177,-3.9581385552359363,-1.345993811200796,195533.75,0.5544538629449924,0.35243185780921676,0.0915964174122112,-2.4042718885729557,1071.75,-2.766798418972327,0.4481707317073171,-3.9616744281632372,202291
2018-03-02,188700,1189150,66391,16468,2758,176560,-2.461345655374088,0.2971754653773462,1148,5928,482,238,10,105,-3.97212239315645,-0.7017699738831377,194940.5,-6.262574078397676,0.35183359830418653,0.08727080021197668,-2.426259699397025,1115.5,16.666666666666675,0.41986062717770034,-4.085739022952073,189848
2018-03-09,186160,1133882,62357,15090,2591,172818,-2.063953153081504,0.45980536194115157,1363,7070,539,216,15,387,-2.433408690879841,-0.33625489755373117,194091.0,-1.346051934287229,0.3349645466265578,0.08105930382466696,-2.3622383158350297,1126.75,18.728222996515687,0.3954512105649303,-3.6753204456395943,187523
2018-03-16,211496,1292235,76600,17488,3760,198428,-2.405200187402748,0.29022921546496194,1261,6354,542,205,13,295,-2.911406396544104,-0.3383665858645788,196915.75,13.609798023205855,0.362181790672164,0.08268714301925333,-2.3767210605750133,1189.0,-7.483492296404992,0.42981760507533706,-3.3187690089540833,212757
2018-03-23,223595,1344089,80748,17288,3899,211426,-2.2386086792202904,0.2807398724460234,1105,5622,425,216,14,340,-3.2174926448552594,-0.008650707412395724,202487.75,5.720675568332267,0.3611350879939176,0.07731836579529953,-2.292276918769658,1219.25,-12.371134020618557,0.38461538461538464,-3.1336075313589142,224700
2018-03-30,221835,1337937,85577,19005,6107,210608,-2.5729030369887544,0.06676756460770682,1080,5308,404,159,11,293,-2.524813480939187,-0.29737871075494154,210771.5,-0.7871374583510393,0.3857687019631708,0.08567178308202042,-2.320166264173324,1202.25,-2.26244343891403,0.37407407407407406,-2.7717803033045985,222915
2018-04-06,200847,1207159,70113,15930,4159,189287,-2.4008686534643813,0.35438250131932636,1632,7992,858,509,17,255,-4.5351027489554365,-2.4001610431488345,214443.25,-9.461085942254376,0.3490866181720414,0.07931410476631466,-2.4043951392690435,1269.5,51.11111111111111,0.5257352941176471,-3.2972038178234975,202479
2018-04-13,222376,1262532,84967,23423,4077,209375,-2.6948333473806665,0.02801724469973916,1967,8866,899,407,35,254,-3.807141788998318,-1.0407388876725674,217163.25,10.719104592052652,0.382087095729755,0.10533061121703781,-2.4768034292635233,1446.0,20.52696078431373,0.4570411794611083,-3.521137665937051,224343
2018-04-20,219945,1276245,83467,22900,3589,206815,-2.680824843008384,0.002986845693283827,2688,12130,1157,498,38,166,-3.243452889210117,-0.90766070644427,216250.75,-1.0931935100910173,0.37949032712723635,0.10411693832549046,-2.587357470210547,1841.75,36.654804270462634,0.4304315476190476,-3.527627727025765,222633
2018-04-27,182168,1102280,60921,16116,2581,169069,-2.150718330981841,0.43016063979518754,1653,8710,674,297,25,140,-3.30327506787959,-0.860915766249596,206334.0,-17.17565755075132,0.33442207193359974,0.0884677879759343,-2.481811293708818,1985.0,-38.50446428571429,0.40774349667271625,-3.7222431237608657,183821
2018-05-04,177840,1037541,59401,15223,2828,165819,-2.1730295487292883,0.5238135048226276,1237,6284,427,172,14,150,-2.9421420602335533,0.006464927667121304,200582.25,-2.3758289051864168,0.33401372019793074,0.08559941520467836,-2.424851517525045,1886.25,-25.166364186327893,0.3451899757477769,-3.324002951580395,179077
2018-05-11,235468,1336956,80203,20482,4417,223178,-2.2043313415420616,0.524032116039048,1156,5827,517,288,3,156,-3.3553845625603516,-1.3256431149301378,203855.25,32.40440845704005,0.34061103844259094,0.08698421866240848,-2.3022260160653936,1683.5,-6.548100242522226,0.4472318339100346,-3.211063644970903,236624
2018-05-18,206273,1215178,67793,16303,3732,193767,-2.1488616790557598,0.6435119603756428,1117,6478,506,246,10,89,-4.357888426399096,-1.4622576283396354,200437.25,-12.398712351572183,0.32865668313351726,0.07903603476945602,-2.1692352250772378,1290.75,-3.3737024221453304,0.4529991047448523,-3.489672529268148,207390
2018-05-25,203684,1222249,69596,16211,3953,191829,-2.077979389788659,0.4913717111519794,1275,6233,672,362,26,200,-4.017338702134087,-1.5318193077795748,205816.25,-1.2551327609527152,0.3416861412776654,0.07958897115139137,-2.1510504897789424,1196.25,14.14503133393017,0.5270588235294118,-3.6681884378317724,204959
2018-06-01,188824,1122529,67421,20378,2747,176151,-2.405714352649718,0.2540462690391671,1119,6097,463,227,25,118,-4.092163892706437,-0.7182842644253637,208562.25,-7.295614775829229,0.35705736558912005,0.10792060331313816,-2.2092216907590494,1166.75,-12.235294117647054,0.4137622877569258,-3.9556938959499934,189943
2018-06-08,179484,1085998,59053,13885,2788,167488,-2.1697222790061526,0.5864114148420853,876,5284,344,136,16,138,-3.4075829534487516,-0.46048231810950335,194566.25,-4.94640511799348,0.3290153997013661,0.07736065610305097,-2.2005694251250723,1096.75,-21.715817694369978,0.3926940639269406,-3.9687434936720933,180360
2018-06-15,168491,1014052,52740,14208,2256,156039,-2.0429152330222187,0.6603344504675539,1768,10200,783,405,37,82,-4.21574903014505,-1.5311603449774178,185120.75,-6.124779924672952,0.31301375147634,0.0843249787822495,-2.174082813616687,1259.5,101.82648401826486,0.4428733031674208,-3.933208644608582,170259
2018-06-22,161347,999085,53400,14689,2121,146227,-2.2665600644913733,0.4506443806736713,1118,5719,505,253,25,119,-3.6747563156435086,-1.1580711676420425,174536.5,-4.2399890795354,0.3309636993560463,0.091039808611254,-2.2212279822923655,1220.25,-36.76470588235294,0.4516994633273703,-3.8475630479859375,162465
2018-06-29,163088,999882,53183,14633,2039,149209,-2.270906208757665,0.5115153291593845,1345,6943,623,272,25,135,-4.229617209095058,-1.1654064803623114,168102.5,1.0790408250540784,0.32610001962130875,0.0897245658785441,-2.187525946319352,1276.75,20.304114490161005,0.46319702602230484,-3.8819263770830923,164433
2018-07-06,165891,999062,53686,13551,2678,152753,-2.3342487390824553,0.5892920384532728,1270,6240,462,135,18,280,-3.202566413032946,0.332258966874796,164704.25,1.718704012557648,0.323622137427588,0.08168616742318752,-2.2286575613384283,1375.25,-5.576208178438657,0.3637795275590551,-3.830672241979141,167161
2018-07-13,171482,1008723,55404,13343,2498,158823,-2.191563691132486,0.6055260553203332,1507,8237,546,258,7,436,-3.3172393368640596,-0.4509035064722503,165452.0,3.370285307822596,0.32308930383363854,0.07780991590954153,-2.2658196758659948,1310.0,18.661417322834637,0.36230922362309226,-3.6060448186588934,172989
2018-07-20,204888,1194529,70607,15457,3418,193287,-2.4437208401544774,0.43445783528892346,1259,7141,637,325,17,175,-4.042570395361506,-2.0649185349831547,176337.25,19.480761829229888,0.34461266643239236,0.07544121666471439,-2.310109869781771,1345.25,-16.45653616456536,0.505957108816521,-3.6979983385883926,206147
2018-07-27,181842,1105016,63456,15354,2736,170453,-2.575255891149468,0.4133973559349074,2961,13372,1444,660,33,1101,-4.0845962868912356,-1.6236337766109565,181025.75,-11.248096521026119,0.3489622859405418,0.08443593889200515,-2.3861972903797213,1749.25,135.186656076251,0.4876730834177643,-3.661743108037437,184803
2018-08-03,175793,1128002,61289,15595,2613,165390,-2.5540847756523237,0.34894190739983044,3531,16890,1692,615,116,2093,-3.673924123996894,-1.0959741059452033,183501.25,-3.3265142266363124,0.348643006263048,0.08871229229832815,-2.4411562995221887,2314.5,19.250253292806473,0.4791843670348343,-3.7795825357784243,179324
2018-08-10,198139,1232386,76786,18103,5145,186703,-3.080188184373978,0.042782934663074465,2256,10020,960,414,35,803,-3.7789936476764154,-0.6544887543142949,190165.5,12.711541415187178,0.38753602269114107,0.09136515274630436,-2.6633124228325618,2501.75,-36.108751062022094,0.425531914893617,-3.895021113481513,200395
2018-08-17,165422,1028958,58168,13496,3182,155046,-2.6493256703658736,0.3880835768322459,1833,9446,650,215,6,524,-3.5582119439122333,0.18672274892770893,180299.0,-16.512145514007848,0.3516340027324056,0.08158527886254549,-2.714713630385411,2645.25,-18.75,0.3546099290780142,-3.773931500619195,167255
2018-08-24,187410,1156758,63796,15464,3361,177187,-2.5835937917200615,0.4692355807778502,1133,6230,544,221,19,204,-3.6301581991802725,-1.248194320465247,181691.0,13.292065142484066,0.3404087295235046,0.08251427351795529,-2.7167981055280594,2188.25,-38.188761593016906,0.4801412180052957,-3.6603219786914543,188543
2018-08-31,181156,1120875,63179,16071,2852,170539,-2.5338364387943777,0.3645349593018727,1454,7299,617,207,19,493,-3.4606319050400667,-0.13101394702368302,183031.75,-3.337068459527237,0.3487546644880655,0.08871359491267194,-2.711736021313573,1669.0,28.331862312444844,0.42434662998624484,-3.6069989239522475,182610
2018-09-07,192342,1155093,67478,18304,2589,181480,-2.9421219412258233,0.28036341752751437,1381,7452,575,206,26,303,-3.6467277638827995,-0.7115774887577017,181582.5,6.174788580008395,0.3508230131744497,0.09516382277401711,-2.677219460526534,1450.25,-5.020632737276475,0.4163649529326575,-3.5739324530038434,193723
2018-09-14,196354,1193331,69944,17272,2841,183171,-2.879415541651582,0.2553064192689947,1826,10920,836,390,28,228,-5.072417681074901,-1.2452934267711449,189315.5,2.0858678811700004,0.35621377715758273,0.08796357599030323,-2.734741928347961,1448.5,32.22302679217959,0.4578313253012048,-3.9524838872945103,198180
2018-09-21,185808,1114314,64872,16678,3077,174775,-2.4592824191800546,0.3776240308448653,1250,6422,569,276,5,152,-3.681188542952949,-0.9020290072096869,188915.0,-5.37091172066777,0.3491345905450788,0.08975932145009903,-2.703664085212959,1477.75,-31.544359255202625,0.4552,-3.9652414732376795,187058
2018-09-28,213905,1269759,75048,18394,3361,200992,-2.7193146072849355,0.2900354495385419,1062,6305,424,181,10,99,-3.6840968836918435,-0.5347487991072162,197102.25,15.12152329286145,0.35084733877188473,0.0859914448002618,-2.7500336273355988,1379.75,-15.039999999999997,0.3992467043314501,-4.021107717900623,214967
2018-10-05,180346,1103550,63461,15500,3238,168001,-2.2588429851249834,0.35875904869655556,1086,5738,440,216,10,112,-3.2345471065335567,-0.7048872254379451,194103.25,-15.688740328650574,0.351884710500926,0.085945903984563,-2.579213888310389,1306.0,2.259887005649719,0.40515653775322286,-3.918062553563313,181432
2018-10-12,182666,1072373,66586,16982,3018,171580,-2.3562135186153137,0.18890877462757677,1393,7297,578,240,18,73,-3.6881822112546447,-0.6200938652584672,190681.25,1.2864161112528194,0.3645232281869642,0.09296749258208972,-2.4484133825513217,1197.75,28.268876611418058,0.4149318018664752,-3.572003686108249,184059
2018-10-19,210264,1220469,76393,21714,4362,199047,-2.618628857553631,0.15188330942284706,1314,7054,535,182,34,330,-3.2740995774931143,-0.4118912667893801,196795.25,15.108449300909864,0.3633194460297531,0.10327017463759845,-2.488249992144716,1213.75,-5.671213208901649,0.4071537290715373,-3.4702314447432903,211578
2018-10-26,223249,1277930,80180,20812,4814,211616,-2.466249653912228,0.21712530439902786,963,5810,448,163,8,90,-4.05552009254462,-0.7971940535611585,199131.25,6.1755697599208625,0.359150544907256,0.09322326191830646,-2.4249837538015386,1189.0,-26.71232876712328,0.4652128764278297,-3.5630872469564845,224212
2018-11-02,187564,1115036,65485,18115,3759,174824,-2.459715671030852,0.3086603368391812,1068,5556,412,131,13,165,-3.2773640369906425,-0.0691093060772949,200935.75,-15.984394107028477,0.34913416220596705,0.09658036723465058,-2.475201925278006,1184.5,10.903426791277248,0.3857677902621723,-3.573791479570756,188632
2018-11-09,182803,1101443,64776,16713,4533,169498,-2.5535607169487853,0.32660691522539104,1413,7118,726,207,23,227,-3.979177337654092,-0.6591934064849189,200970.0,-2.5383335821372977,0.35434867042663415,0.0914262895029075,-2.524538724861374,1189.5,32.30337078651686,0.5138004246284501,-3.646540261170618,184216
2018-11-16,182303,1101092,61488,16414,3378,168989,-2.312088598981687,0.4071381725099524,1976,9246,917,347,33,316,-3.881177649772162,-0.938069492745533,193979.75,-0.2735184871145435,0.3372846305326846,0.09003691656198747,-2.447903660218388,1355.0,39.84430290162775,0.4640688259109312,-3.7983097792403795,184279
2018-11-23,187392,1124546,65273,17821,3212,174500,-2.244838088683654,0.29384559509905894,1099,5862,487,236,12,142,-3.7682815839546584,-1.1547441681685504,185015.5,2.791506448056258,0.34832330088797814,0.09510011099726776,-2.3925507689112444,1389.0,-44.382591093117405,0.44313011828935395,-3.726500152092889,188491
2018-11-30,271550,1564370,101879,24121,6333,258282,-2.7421511063935635,0.05953060401634579,2340,12350,1001,399,18,501,-3.805879512335418,-0.5424201226845752,206012.0,44.91013490437159,0.37517584238630086,0.08882710366415025,-2.4631596277519225,1707.0,112.92083712465879,0.42777777777777776,-3.858629020929083,273890
2018-12-07,232083,1359192,78432,17605,5005,215331,-2.2467063392631923,0.4580223852697295,1123,5901,376,168,8,186,-2.6856723935199702,0.3342487111012552,218332.0,-14.53397164426441,0.33794806168482827,0.07585648237914884,-2.3864460333305244,1634.5,-52.008547008547,0.3348174532502226,-3.5352527848955524,233206
2018-12-14,193535,1159000,66556,15121,3417,181948,-2.4818397614378322,0.47281884051547046,2457,10885,568,195,19,1445,-2.36512190240919,0.0648998052981783,221140.0,-16.60957502272894,0.343896452837988,0.0781305706978066,-2.4288838239445605,1754.75,118.78895814781836,0.23117623117623118,-3.1562388480548096,195992
2018-12-21,176407,1072680,60978,14333,3158,165539,-2.2882706414633778,0.5297237375507053,1673,8776,626,256,7,257,-3.292552424960243,-0.10121918106800962,218393.75,-8.850078797116801,0.3456665551820506,0.0812496102762362,-2.4397419621394913,1898.25,-31.908831908831914,0.37417812313209803,-3.0373065583062058,178080
2018-12-28,142545,879686,46926,11505,2271,136158,-2.1438398039019684,0.6015875607128364,1356,6714,523,254,9,211,-3.3393661510858523,-0.3850030614825583,186142.5,-19.19538340315293,0.32920130485109966,0.08071135430916553,-2.2901641365165926,1652.25,-18.947997609085476,0.38569321533923306,-2.920678217993814,143901
2019-01-04,120808,682713,42803,10984,1836,114746,-2.6177220682033058,0.2910785784933805,997,4895,360,165,15,145,-3.0979284539781062,-0.18222046755171709,158323.75,-15.249219544705184,0.35430600622475333,0.09092113105092378,-2.382918068751621,1620.75,-26.474926253687315,0.36108324974924777,-3.0237422331083486,121805
2019-01-11,154159,887042,52981,12445,2866,145508,-2.5073735007438516,0.42329495948777146,1645,8972,657,215,43,111,-3.569373313715083,-0.3939135338851879,148479.75,27.60661545593006,0.343677631536271,0.08072833892280049,-2.3893015035781255,1417.75,64.9949849548646,0.3993920972644377,-3.3248050859348215,155804
2019-01-18,174529,1008762,57361,12489,2666,163637,-2.227891234789183,0.5776864092400533,2040,11689,782,384,22,214,-3.3134602438577656,-0.25136126293953964,148010.25,13.213630083225759,0.3286617123801775,0.07155830836136115,-2.374206651909577,1509.5,24.012158054711243,0.38333333333333336,-3.3300320406592023,176569
2019-01-25,182094,1083066,63075,14100,3146,171876,-2.3672783252385132,0.38710210285943913,2690,14070,1146,462,38,372,-3.778720777788274,-0.7283961027631899,157897.5,4.334523202447738,0.3463870308741639,0.07743253484464067,-2.4300662822437133,1843.0,31.862745098039213,0.42602230483271375,-3.4398706973348077,184784
2019-02-01,205833,1188840,70124,13717,4510,194999,-2.388899559002184,0.5170982058510963,1333,7768,549,225,21,224,-3.3451722726646453,-0.3888882301131001,179153.75,13.036673366503004,0.34068395252461947,0.06664140346785986,-2.372860654943433,1927.0,-50.44609665427509,0.4118529632408102,-3.501681652006442,207166
2019-02-08,204724,1190587,65908,13460,3112,194251,-2.041988321027459,0.7204027166787476,952,5259,431,231,20,54,-3.7583565619532537,-1.2672864913994406,191795.0,-0.5387862976296343,0.32193587464098006,0.06574705457103222,-2.256514360014335,1753.75,-28.582145536384097,0.4527310924369748,-3.548927464065985,205676
2019-02-15,199793,1158062,65835,14701,3259,189020,-2.1287738228422652,0.5638123393796853,1427,7150,594,253,23,51,-3.9491669115372128,-0.5715632064548972,198111.0,-2.40860866337117,0.3295160491108297,0.07358115649697437,-2.231735007027605,1600.5,49.89495798319328,0.41625788367203925,-3.707854130985847,201220
2019-02-22,194288,1122157,63270,13836,3314,183237,-1.9956647245566774,0.6703120452438422,1985,9684,812,321,28,196,-4.603874694120122,-0.44713033448681966,201159.5,-2.755351789101723,0.32565058058140495,0.07121386807214032,-2.1388316068571465,1424.25,39.10301331464612,0.40906801007556676,-3.914142610068809,196273
2019-03-01,198916,1131000,66532,15150,3524,187156,-2.1919278761107703,0.4739564965957484,1443,6886,547,247,18,218,-3.295969291830457,-0.5216546278721089,199430.25,2.3820307996376577,0.3344728428080195,0.0761628023889481,-2.089588686134293,1451.75,-27.304785894206553,0.37907137907137906,-3.9018418648602617,200359
2019-03-08,165870,966482,56849,11992,2898,154825,-2.3937234933994724,0.45552048434273934,1610,8430,723,300,27,126,-3.996829228850093,-1.180869723077463,189716.75,-16.613042691387314,0.34273226020377406,0.07229758244408271,-2.1775224792272967,1616.25,11.573111573111582,0.44906832298136645,-3.9614600315844717,167480
2019-03-15,166222,993849,58683,12441,3529,154293,-2.561828709096226,0.3580133567849348,1267,6533,474,205,18,203,-2.6208337670679347,-0.2245812575455551,181324.0,0.21221438475915733,0.35303991048116373,0.07484568829637472,-2.2857862007907865,1576.25,-21.304347826086957,0.3741120757695343,-3.629376745467152,167489
2019-03-22,163423,975369,55629,12050,3105,151563,-2.3466593601900025,0.4377571139096367,1711,9082,610,280,20,317,-3.1439201800858627,-0.26304296344735867,173607.75,-1.6838926255248965,0.3403988422682242,0.07373503117676214,-2.3735348596991175,1507.75,35.043409629044994,0.3565166569257744,-3.264388116958587,165134
2019-03-29,181721,1050425,61895,12620,2681,170532,-2.3647812133140937,0.5335824470459534,1119,5555,536,192,16,160,-3.5438196309630112,-1.080961524839281,169309.0,11.196710377364273,0.34060455313364996,0.06944711948536493,-2.4167481939999487,1426.75,-34.59964932787843,0.47899910634495085,-3.326350701741726,182840
2019-04-05,155037,927324,51064,10677,2111,145314,-2.1110347826286406,0.5909230724949109,1010,5771,408,146,6,195,-3.6955674261676674,-0.44872382837706454,166600.75,-14.68404862398952,0.32936653831020984,0.06886743164534917,-2.346076016307241,1276.75,-9.740840035746201,0.403960396039604,-3.2510352510711193,156047
2019-04-12,164423,968110,54168,10841,2991,152469,-2.2625720293912868,0.6176412406459829,1035,5668,417,190,10,60,-3.703672804368977,-0.3606238434928012,166151.0,6.054038713339405,0.3294429611429058,0.06593359809758975,-2.271261846381006,1218.75,2.4752475247524774,0.4028985507246377,-3.52174501039638,165458
2019-04-19,163179,944704,52135,10770,2578,152343,-2.1708863422918125,0.6345036553936562,1593,7910,649,249,12,340,-3.5642514502269096,-0.42413946703966526,166090.0,-0.7565851492795983,0.3194957684505972,0.06600113985255456,-2.2273185919064584,1189.25,53.91304347826087,0.4074074074074074,-3.6268278279316415,164772
2019-04-26,175296,1020810,54695,11186,3269,161791,-2.0408394730255965,0.7131044722788278,1415,7423,592,204,31,297,-3.8974650476025885,-0.5457850631263589,164483.75,7.425587851377924,0.3120151058780577,0.06381206644760862,-2.1463331568343342,1263.25,-11.17388575015693,0.4183745583038869,-3.715239182091536,176711
2019-05-03,172211,979016,58820,12507,2602,159383,-2.321465592838696,0.4771545816843198,1352,6338,555,236,14,413,-3.6731163354467875,-0.6747618868557137,168777.25,-1.7598804308141647,0.34155774021403973,0.07262602272793259,-2.198940859386848,1348.75,-4.452296819787982,0.41050295857988167,-3.709626409411316,173563
2019-05-10,175518,1008643,58023,13065,3455,164979,-2.4476597761525816,0.5728044630546624,1666,8655,763,364,30,393,-4.22858641640451,-1.0860839825951556,171551.0,1.9203186788300464,0.33058147882268485,0.07443680989983933,-2.2452127960771717,1506.5,23.22485207100591,0.4579831932773109,-3.8408548124201998,177184
2019-05-17,197727,1140161,70565,15098,4761,185698,-2.7663026087560545,0.3712210499624953,5489,27030,3262,1035,55,396,-4.919574041215709,-1.9470701716750898,180188.0,12.65340306977063,0.35688095201970393,0.07635780647053766,-2.394066862693232,2480.5,229.47178871548618,0.594279468026963,-4.179685460167399,203216
2019-05-24,182660,1062575,63890,14610,3406,171607,-2.5483739867767374,0.4063986994250028,1578,7477,792,342,28,171,-4.097107551667179,-1.499531260228052,182029.0,-7.620102464509149,0.34977553925325744,0.0799846709733932,-2.520950491131017,2521.25,-71.25159409728548,0.5019011406844106,-4.229596086183546,184238
2019-05-31,171058,998103,56382,12405,2264,160316,-2.3796293017208243,0.5914212955549675,1610,7516,766,252,14,43,-4.254309898175249,-0.9084770326158852,181740.75,-6.351691667579107,0.32960750154918217,0.07251926247237779,-2.5354914183515493,2585.75,2.0278833967046994,0.47577639751552797,-4.374894476865662,172668
2019-06-07,160394,957518,50785,11683,2236,150870,-2.2299790156708226,0.6844076779028117,1636,8222,724,259,35,231,-2.9454840309727617,-0.6145397661555368,177959.75,-6.234142805364263,0.31662655710313353,0.07283938301931493,-2.4810712282311096,2578.25,1.6149068322981464,0.44254278728606355,-4.054118880507724,162030
2019-06-14,178664,1053580,61577,14325,2233,166393,-2.4329488467249685,0.5026128080852478,11230,48742,5815,1846,83,914,-4.671133601396306,-1.3158123374110566,173194.0,11.390700400264354,0.3446525321273452,0.0801784354990373,-2.397732787723338,4013.5,586.4303178484108,0.5178094390026714,-3.9920087705528746,189894
2019-06-21,207806,1227434,80114,21509,3222,195583,-2.9168242520342553,0.04819847174072322,11826,51412,5673,1510,129,814,-4.431555201592133,-0.6472166992715339,179480.5,16.311064344243942,0.3855230359084916,0.10350519234285824,-2.4898453540377177,6575.5,5.307212822796092,0.47970573313039067,-4.075620683034113,219632
2019-06-28,206148,1209856,72971,17594,4720,194420,-2.743327277320875,0.2654798808306849,3798,18642,1742,705,47,535,-4.12141223493586,-0.8008068568747256,188253.0,-0.7978595420728984,0.3539738440343831,0.08534645012321244,-2.5807698479377303,7122.5,-67.88432267884323,0.45866245392311744,-4.042396267224266,209946
2019-07-05,170060,1036514,55774,13085,3109,158194,-2.2712009705484593,0.5637264837671379,1803,8548,826,332,20,190,-4.41121125905491,-1.0507774142216166,190669.5,-17.50586956943555,0.3279666000235211,0.07694343172997765,-2.5910753366571395,7164.25,-52.527646129541864,0.4581253466444814,-4.408828074244803,171863
2019-07-12,171116,1034415,56889,11898,2733,160033,-2.3260224533436467,0.613860066744582,2393,11233,1112,332,21,899,-4.441693081554747,-0.675488763093191,188782.5,0.6209573091849885,0.33245868299866754,0.06953177961149162,-2.564343738311809,4955.0,32.72323904603438,0.464688675302967,-4.351467944284413,173509
2019-07-19,172580,1034259,59570,13175,2739,161579,-2.5135915005849303,0.5250164807300662,2712,12993,1279,387,55,1525,-4.2974973935362994,-0.9483003704630976,179976.0,0.8555599710138084,0.3451732529841233,0.07634140688376405,-2.463535550449478,2676.5,13.33054743000417,0.4716076696165192,-4.317953492270455,175292
2019-07-26,172085,1009232,62729,13024,2828,160511,-2.5376391881883555,0.33573330569063903,3746,15588,1648,357,45,2457,-3.3623819624206956,-0.22688973050622765,171460.25,-0.28682350214392915,0.3645233460208618,0.0756835284888282,-2.4121135281663477,2663.5,38.12684365781711,0.4399359316604378,-4.1281959241416635,175831
2019-08-02,152919,931775,55010,12886,2671,143492,-2.595060478801259,0.33432066381019815,3019,13685,1103,375,51,1742,-2.9729887306530505,0.43959122419071955,167175.0,-11.137519249208239,0.35973293050569255,0.08426683407555634,-2.493078405229548,2967.5,-19.40736785904965,0.3653527658164955,-3.7686402920411988,155938
2019-08-09,139662,866196,49948,11831,3363,130047,-2.6721238228854687,0.3062517704505616,2198,9630,752,193,46,1056,-3.2490907464257113,0.2411350893713772,159311.5,-8.66929550938732,0.3576348613080151,0.08471166101015308,-2.5796037476150033,2918.75,-27.194435243458102,0.3421292083712466,-3.4704897082589397,141860
2019-08-16,132115,830062,46514,11638,2068,122194,-2.5852256953099597,0.288306383394407,1960,10108,816,314,68,609,-4.161639995145975,-0.5624802296065792,149195.25,-5.403760507510991,0.3520720584339401,0.08808992165916057,-2.597512296296261,2730.75,-10.828025477707005,0.4163265306122449,-3.436525358661359,134075
2019-08-23,150098,903770,48758,12231,2218,137666,-2.320653196209402,0.545725893809565,1779,8338,693,223,30,396,-3.486044218225597,0.003053976618770632,143698.5,13.611626234719743,0.32484110381217607,0.08148676198217165,-2.5432657983015226,2239.0,-9.234693877551026,0.38954468802698144,-3.4674409226125835,151877
2019-08-30,160011,941613,51313,14374,2093,148583,-2.1947018482371154,0.5467437256201055,2183,10528,960,453,19,453,-3.743168002565603,-0.8675204005470842,145471.5,6.6043518234753185,0.32068420296104644,0.08983132409646837,-2.4431761406604866,2030.0,22.709387296233842,0.4397617956939991,-3.659985740590722,162194
2019-09-06,151206,926603,47222,11667,2389,139855,-2.2777691042747312,0.7273672530715859,1231,6129,541,207,15,136,-4.268344669133584,-0.9387984931927049,148357.5,-5.502746686165327,0.3123024218615663,0.07715963652236023,-2.3445874610078024,1788.25,-43.60971140632157,0.4394800974817222,-3.91479922126769,152437
2019-09-13,178669,1060375,55129,12086,2547,166436,-2.263774068957137,0.9213923775204073,1524,8299,624,178,38,176,-3.5337226051515467,-0.40932063730742946,159996.0,18.162639048715,0.30855380620029216,0.06764463896926719,-2.2642245544195965,1679.25,23.801787164906575,0.4094488188976378,-3.757819873769083,180193
2019-09-20,221857,1248985,82432,21523,3004,204687,-3.0869965886768163,0.17501454886314474,2409,11678,979,370,18,287,-3.9328628484772907,-0.60778508810169,177935.75,24.172072379651755,0.37155465006738575,0.09701294076815246,-2.45581040253645,1836.75,58.07086614173229,0.4063926940639269,-3.8695245313320066,224266
2019-09-27,227690,1261757,74466,14536,4397,215012,-2.7027731595254605,0.6659643770526321,1520,8437,671,257,19,469,-3.7058418025165962,-0.8146114433355576,194855.5,2.6291710426085357,0.32704993631692214,0.06384118757960384,-2.5828282303585364,1671.0,-36.903279369032795,0.44144736842105264,-3.860192981319755,229210
2019-10-04,198316,1128549,66171,14629,2980,187594,-2.6085011553586654,0.5405597417515463,1365,6766,547,198,22,214,-3.6468966486977346,-0.6100959228227111,206633.0,-12.900873995344552,0.3336644547086468,0.0737661106516872,-2.66551124312952,1704.5,-10.197368421052634,0.40073260073260075,-3.7048309762107925,199681
2019-10-11,177882,1026024,60768,12927,2505,166095,-2.629789126487053,0.5432553814699302,1854,9088,981,469,16,411,-4.004768471865709,-1.0537160118357891,206436.25,-10.303757639323097,0.34161972543596314,0.07267177117414915,-2.7570150075119986,1787.0,35.82417582417583,0.529126213592233,-3.822592442889333,179736
2019-10-18,168540,950721,53626,11834,2443,156412,-2.236636345878875,0.7287684718950774,1981,9542,951,348,30,274,-4.400400758776818,-0.933046815169412,193107.0,-5.25179613451614,0.3181796606146909,0.07021478580752344,-2.5444249468125135,1680.0,6.8500539374325875,0.48006057546693587,-3.939476920464215,170521
2019-10-25,165903,954189,50490,11097,2213,152737,-2.0947407694620286,0.8604016313066022,1294,6209,569,252,24,80,-3.66148030235994,-0.7797166040429425,177660.25,-1.564613741545029,0.30433446049800184,0.06688848302923998,-2.3924168492966555,1623.5,-34.679454820797574,0.43972179289026275,-3.9283865454250506,167197
2019-11-01,176113,1023680,58607,14783,2110,162639,-2.5210373077584407,0.4897279910169122,1143,5857,428,172,11,222,-2.384014492399538,-0.22097690817628043,172109.5,6.15419853769974,0.33278065787307015,0.0839404246137423,-2.3705508873965995,1568.0,-11.669242658423496,0.37445319335083116,-3.612666006350502,177256
2019-11-08,162066,960074,56191,13534,2555,150618,-2.4617631781260405,0.4004586554221975,1158,5957,509,205,23,104,-3.605763255003732,-0.8603913157186732,168155.5,-7.976128962654661,0.3467167697111054,0.08350918761492232,-2.3285444003063462,1394.0,1.3123359580052396,0.43955094991364424,-3.5129147021350073,163224
2019-11-15,163096,956137,55055,12038,2301,152912,-2.434933836848971,0.5154977514642884,1374,6822,523,252,25,393,-2.8575804091182713,-0.32751840819182626,166794.5,0.6355435439882484,0.33756192671800656,0.07380929023397263,-2.37811877304887,1242.25,18.65284974093264,0.38064046579330424,-3.1272096147203703,164470
2019-11-22,177825,1042975,61972,13591,2745,167507,-2.503299377193826,0.35742134667142444,1319,7018,565,251,16,600,-3.065905972427136,-0.7978485818927524,169775.0,9.030877519988234,0.3484999297061718,0.0764290735273443,-2.4802584249818196,1248.5,-4.002911208151383,0.42835481425322214,-2.97831603223717,179144
2019-11-29,156970,951641,54547,13161,2072,147893,-2.747520011823712,0.31770351242614037,1475,6734,647,270,18,190,-3.758680788957586,-0.9970087181894274,164989.25,-11.727822297202305,0.3474995222016946,0.08384404663311461,-2.5368791009981377,1331.5,11.82714177407127,0.4386440677966102,-3.3219826063766815,158445
2019-12-06,166064,990655,56820,13830,2504,155208,-2.78381068216215,0.34030703900028686,1049,5547,485,217,10,113,-4.246790984510133,-1.0347570825512704,165988.75,5.793463719182013,0.3421572405819443,0.0832811446189421,-2.617390977007165,1304.25,-28.88135593220339,0.46234509056244044,-3.482239538753282,167113
2019-12-13,173058,1005678,56583,14145,3025,162976,-2.5315523561091617,0.5490108808278448,1006,5141,381,181,6,100,-3.941001265380879,-0.45795501646572256,168479.25,4.2116292513729725,0.3269597475990708,0.08173560309260479,-2.6415456068222123,1212.25,-4.099142040038128,0.378727634194831,-3.7530947528189342,174064
2019-12-20,143781,872967,48719,10776,2585,133122,-2.4405707508781895,0.47330646533267545,1011,5395,407,158,3,125,-3.693821230765921,-0.3135957169457087,159968.25,-16.917449641160765,0.33884171065718,0.0749473157093079,-2.6258634502433034,1135.25,0.497017892644136,0.4025717111770524,-3.91007356740363,144792
2019-12-27,128058,799189,45488,11478,2121,121109,-2.5703157658084033,0.4440036586359632,743,3594,338,156,8,103,-3.2007457357345257,-1.2996042126780936,152740.25,-10.935380891772905,0.35521404363647724,0.08963126083493417,-2.581562388739476,952.25,-26.508407517309596,0.4549125168236878,-3.770589804097865,128801
2020-01-03,88847,515561,35025,12443,1266,85054,-3.737165414434027,-1.5921721719393547,640,3341,287,146,5,128,-4.867187083967687,-3.398308412691144,133436.0,-30.619719189742145,0.39421702477292425,0.1400497484439542,-2.8199010718074455,850.0,-13.862718707940779,0.4484375,-3.9256888289622536,89487
2020-01-10,287951,1458577,124612,48967,5914,278591,-3.9799768051024946,-1.1920917264851167,2971,13269,928,416,27,1092,-2.9851792381644686,-0.1695875851934325,162159.25,224.097605996826,0.4327541838715615,0.17005323822455903,-3.182007184055779,1341.25,364.21875000000006,0.3123527431841131,-3.6867333221581506,290922
2020-01-17,249323,1379900,100560,34099,3932,238818,-3.435052418504121,-0.3749814435683191,1624,7691,446,190,12,412,-2.8194302921745567,0.8287609035817465,188544.75,-13.414782376168166,0.4033322236616758,0.1367663633118485,-3.4306276009622616,1494.5,-45.33826994278021,0.2746305418719212,-3.46813558751031,250947
2020-01-24,181309,1058795,63395,19203,2717,169720,-2.9171706997015217,0.20629646403314567,2089,10702,722,391,35,519,-3.176775320770788,-0.07253311473131673,201857.5,-27.279472812375914,0.3496516995846869,0.10591310966361295,-3.517341334435541,1831.0,28.633004926108384,0.3456199138343705,-3.4621429837693753,183398
2020-01-31,161022,940405,56162,14812,3363,150515,-2.6928712945044047,0.2714627542917833,980,5763,340,120,9,185,-3.4449663363606993,0.09195307444381998,219901.25,-11.189185313470373,0.3487846381239831,0.09198743028902882,-3.2562678044531355,1916.0,-53.087601723312595,0.3469387755102041,-3.1065877968676285,162002
2020-02-07,156645,913053,53337,13989,3246,145149,-2.5555763399770615,0.3803833217356253,980,5537,380,171,12,118,-3.1691758267520918,-0.6876919578332029,187074.75,-2.718262100830937,0.3404960260461553,0.08930383989275112,-2.900167688171777,1418.25,0.0,0.3877551020408163,-3.1525869440145344,157625
2020-02-14,148415,893535,49681,13141,2219,137252,-2.402359861693601,0.41124319077471144,1405,7458,529,226,6,158,-3.1823474930227893,-0.3780998441148978,161847.75,-5.253918095055699,0.3347437927433211,0.08854226324832395,-2.641994548969147,1363.5,43.36734693877551,0.37651245551601425,-3.2433162442265924,149820
2020-02-21,156850,948269,55759,15193,3136,147049,-2.816628660152724,0.2138245824877027,1809,8825,657,301,37,177,-3.560706994270426,-0.10616559087231019,155733.0,5.6833877977293445,0.35549250876633726,0.09686324513866752,-2.616859039081948,1293.5,28.754448398576503,0.36318407960199006,-3.3392991626015016,158659
2020-02-28,137585,823090,48181,11878,3236,127732,-2.7681010382094944,0.25699066683702865,1447,7140,525,201,20,222,-3.66994081074174,-0.4624778632802481,149873.75,-12.282435447880136,0.3501907911472908,0.08633208561979867,-2.6356664750082204,1410.25,-20.011055831951353,0.36281962681409813,-3.3955427811967622,139032
2020-03-06,145319,896972,47111,11984,2838,133990,-2.705506994846125,0.5302838219320613,886,4700,373,184,12,52,-3.4638485706782705,-0.654122224935295,147042.25,5.621252316749636,0.32419022977036727,0.08246684879472058,-2.6731491387254858,1386.75,-38.76986869384934,0.42099322799097066,-3.4692109671783067,146205
2020-03-13,132396,818287,46236,13593,3213,120798,-2.753403621646916,0.23014942960235105,793,4123,319,111,11,106,-3.576559490544855,-0.12166376092481737,143037.5,-8.892849524150314,0.34922505211637817,0.1026692649324753,-2.760910078713815,1233.75,-10.496613995485326,0.40226986128625475,-3.5677639665588234,133189
2020-03-20,113409,753410,38789,9402,3319,105718,-2.961674758428925,0.3734023007515589,652,3838,260,90,30,55,-2.997092166890511,-0.04674827216725874,132177.25,-14.341067705972987,0.3420275286793817,0.08290347326931725,-2.797171603282865,944.5,-17.780580075662044,0.3987730061349693,-3.4268602597138447,114061
2020-03-27,110609,743229,35170,7723,2530,103635,-3.0846791825191304,0.7445854125494387,726,4064,251,83,10,68,-3.550948684056254,0.009324610029882944,125433.25,-2.468939854861607,0.31796689238669545,0.0698225280040503,-2.876316139360274,764.25,11.349693251533743,0.34573002754820936,-3.397112228042473,111335
2020-04-03,116137,770778,36223,8656,2026,108062,-3.0179335188294343,0.7483533095036299,957,5260,300,113,15,353,-2.1557116774238323,0.18812940942170966,118137.75,4.99778499037149,0.3118988780492005,0.07453266400888606,-2.9544227703561017,782.0,31.818181818181813,0.31347962382445144,-3.0700780047288636,117094
2020-04-10,109116,733336,33110,8223,1837,100176,-2.862214896625452,0.7795530516705467,772,3736,333,111,7,49,-3.3266043772942586,-0.4376865607228991,112317.75,-6.0454463263215015,0.30343854246856555,0.07536016716155285,-2.9816255891007355,776.75,-19.33124346917451,0.43134715025906734,-3.0075892264162145,109888
2020-04-17,101720,700946,31025,7565,1307,93544,-2.6521275977912455,0.8202852589732387,517,3015,221,52,4,106,-3.2817533240067336,-0.5020063523351591,109395.5,-6.77810770189523,0.3050039323633504,0.07437082186394023,-2.9042387989413156,743.0,-33.03108808290155,0.4274661508704062,-3.07875451569527,102237
2020-04-24,102341,687094,32631,7895,1279,93210,-2.6514637437247157,0.6557014964105264,675,3542,263,69,17,97,-3.4513283983831493,-0.18098588936535834,107328.5,0.6104994101455041,0.31884581936858153,0.07714405761131903,-2.795934939242712,730.25,30.560928433268852,0.3896296296296296,-3.0538494442769943,103016
2020-05-01,98866,663076,32006,7616,1405,91623,-2.6870826979907534,0.6465728466093125,567,4083,223,90,6,19,-2.784589294957798,-0.6671070159230882,103010.75,-3.3955110854887116,0.3237311107964315,0.07703356057694252,-2.713222234033042,632.75,-16.000000000000004,0.3932980599647266,-3.2110688486604855,99433
2020-05-08,109456,705516,38960,10589,1687,102772,-2.964966205320246,0.24649654205442714,947,5256,377,166,6,83,-3.7972459664545832,-0.6605772814262932,103095.75,10.711468047660478,0.35594211372606344,0.0967420698728256,-2.7389100612067403,676.5,67.01940035273368,0.39809926082365366,-3.3287292459505666,110403
2020-05-15,110060,720665,37003,9544,1642,103022,-2.6930224559079705,0.4505279782153129,990,5025,411,167,18,54,-3.69743082221149,-0.5490567378807125,105180.75,0.551819909369966,0.33620752316918046,0.08671633654370343,-2.7491337757359213,794.75,4.540654699049629,0.41515151515151516,-3.4326486205017557,111050
2020-05-22,122788,772031,41727,9758,1967,115761,-2.681318551784735,0.45499916741907087,1086,4868,504,239,8,79,-3.8254922161907343,-0.9736927000875572,110292.5,11.56460112665818,0.33982962504479264,0.07947030654461348,-2.756597477750926,897.5,9.696969696969692,0.46408839779005523,-3.5261895749536523,123874
2020-05-29,102692,683885,35044,8379,1691,96562,-2.593596473813238,0.4343067966441588,542,2729,217,78,8,138,-3.820724199299239,-0.41165476904261605,111249.0,-16.366420171352246,0.34125345693919684,0.08159350290188136,-2.7332259217065475,891.25,-50.09208103130756,0.4003690036900369,-3.785223301039012,103234
2020-06-05,106596,699986,35847,8169,1615,99430,-2.619066188937747,0.5399762194823085,839,5519,405,212,8,70,-4.008667369701759,-1.5266395516091202,110534.0,3.8016593308144664,0.33628841607565013,0.07663514578408195,-2.6467509176109223,864.25,54.79704797047971,0.4827175208581645,-3.8380786518508057,107435
2020-06-12,102466,666468,34672,8298,1661,94423,-2.581617215677917,0.49875680928687494,529,2897,250,126,0,13,-4.355736074331879,-1.624406467026034,108635.5,-3.874441817704233,0.33837565631526556,0.08098296020143267,-2.6188996075534092,749.0,-36.94874851013111,0.4725897920604915,-4.002654964880904,102995
2020-06-19,108267,701036,38382,8821,1971,100738,-2.699941718319925,0.37317031140003704,595,3030,299,110,11,71,-3.622119840810846,-1.2686000067850713,105005.25,5.661390119649434,0.3545124553187952,0.08147450284943704,-2.623555399187207,626.25,12.476370510396983,0.5025210084033613,-3.951811871035931,108862
2020-06-26,111382,721705,37049,8628,1726,104254,-2.471789870837242,0.5304080575418619,682,3730,240,74,4,112,-2.6425790978730954,0.1890841183382777,107177.75,2.877146314204704,0.3326300479431147,0.07746314485284876,-2.5931037484432076,661.25,14.62184873949579,0.3519061583577713,-3.657275595679395,112064
2020-07-03,110699,722079,39742,9494,1903,103827,-2.6138433487166006,0.2348425916577484,809,4072,371,136,19,28,-3.289004128715895,-0.5117463143286546,108203.5,-0.6132050061948946,0.35900956648208204,0.08576409904335179,-2.591798038387921,653.75,18.621700879765402,0.45859085290482077,-3.4773597854329292,111508
2020-07-10,105621,683135,38684,9572,1452,98716,-2.668812600898952,0.22176171777275994,1045,5055,509,167,8,181,-3.6775531231214034,-0.9226253002999318,108992.25,-4.58721397663936,0.36625292318762365,0.09062591719449731,-2.61359688469318,782.75,29.171817058096416,0.48708133971291867,-3.3078140476303104,106666
2020-07-17,109353,708441,40084,9965,1362,101472,-2.8332746688902297,0.20685253201105303,986,4795,459,192,9,284,-3.9326941183086803,-1.3017803992594275,109263.75,3.5333882466555,0.3665560158386144,0.09112690095379185,-2.646930122335756,880.5,-5.645933014354066,0.46551724137931033,-3.3854576170047688,110339
2020-07-24,114739,736757,39567,10174,1743,107584,-2.479564652055983,0.361192538072393,900,4674,376,166,14,102,-3.2088766913540674,-0.6861962568704139,110103.0,4.925333552806044,0.3448435144109675,0.08867080940220849,-2.648873817640441,935.0,-8.722109533468558,0.4177777777777778,-3.5270320153750117,115639
2020-07-31,106229,691225,36458,8756,1342,98718,-2.50172128102422,0.41429466877213467,883,4311,447,182,1,156,-4.099110525260075,-1.4040158921933314,108985.5,-7.416832986168609,0.34320195050315827,0.08242570296246787,-2.620843300717346,953.5,-1.8888888888888844,0.5062287655719139,-3.7295586145110566,107112
2020-08-07,96937,633074,32743,7386,1080,90363,-2.661298819932418,0.4839337662647728,1626,8018,586,203,21,66,-4.108936972556586,-0.0684343254515165,106814.5,-8.747140611320825,0.33777608137243775,0.07619381660253567,-2.6189648554757126,1098.75,84.14496036240091,0.36039360393603936,-3.8374045768698526,98563
2020-08-14,109958,694767,37620,7586,1607,100962,-2.5460079916538385,0.45635599926791326,1437,7463,552,181,19,376,-3.8215412118891385,-0.16429941059353328,106965.75,13.43243549934494,0.3421306316957384,0.06898997799159678,-2.547148186166615,1211.5,-11.62361623616236,0.38413361169102295,-3.8096163502649674,111395
2020-08-21,127252,764855,41570,8258,1930,118781,-2.4107558732662198,0.6540674899498001,1180,6124,395,168,6,108,-3.205354776822503,0.34928187391365567,110094.0,15.727823350733928,0.3266746298682928,0.06489485430484393,-2.529945991469174,1281.5,-17.884481558803067,0.3347457627118644,-3.8087358716320763,128432
2020-08-28,115156,716058,37430,8105,1740,107442,-2.368728015679033,0.5840357349632795,1188,5914,456,188,23,164,-3.8918896191249233,-0.3585184452577252,112325.75,-9.505548046396129,0.3250373406509431,0.07038278509152801,-2.4966976751328773,1357.75,0.6779661016949046,0.3838383838383838,-3.7569306450982882,116344
2020-09-04,115641,728200,39346,8427,1798,107844,-2.485691473896388,0.45523761877148977,1396,7703,501,255,4,148,-3.3458490163173904,-0.4649370809476569,117001.75,0.42116780714855917,0.340242647503913,0.07287207824214595,-2.45279583862387,1300.25,17.508417508417516,0.35888252148997135,-3.566158656038489,117037
2020-09-11,120808,743827,40398,8888,1808,112563,-2.5246793835577273,0.5185130768947908,1739,9674,696,342,15,256,-3.8772217882001416,-0.747182576766619,119714.25,4.4681384630018695,0.334398384212966,0.07357128666975697,-2.447463686599842,1375.75,24.570200573065893,0.40023001725129387,-3.58007880011624,122547
2020-09-18,121297,747382,39853,8788,1692,112562,-2.2697334047687074,0.6219892940786053,1028,5439,362,134,11,136,-3.066672915471782,0.041093327692949363,118225.5,0.40477451824383337,0.3285571778362202,0.07245026670074281,-2.412208069475464,1337.75,-40.885566417481314,0.3521400778210117,-3.5454083347785597,122325
2020-09-25,113192,713511,38081,7775,2425,105547,-2.45468426504303,0.5527081391791165,1036,5312,358,143,13,181,-3.0155476737193823,-0.24152291332821188,117734.5,-6.681945967336378,0.33642836949607746,0.06868859990105308,-2.433697131816463,1299.75,0.7782101167315147,0.34555984555984554,-3.3263228484271745,114228
2020-10-02,109189,669281,38129,10356,1764,101977,-2.9783809610329963,0.3630928051434302,1110,5522,389,152,18,208,-2.983926966978289,0.11934257169126535,116121.5,-3.536469008410492,0.3492018426764601,0.09484471879035435,-2.5568695036006153,1228.25,7.14285714285714,0.3504504504504504,-3.235842336092399,110299
2020-10-09,87829,547017,29555,7258,1605,81396,-2.576479267133686,0.4425212663483778,767,4163,315,121,2,292,-3.132814075087705,-0.4671811136715093,107876.75,-19.562410132888843,0.3365061653895638,0.082637853100912,-2.5698194744946052,985.25,-30.900900900900897,0.4106910039113429,-3.0497404078142902,88596
2020-10-16,83558,528410,26141,6399,1440,78027,-2.513449548599057,0.7252934771628597,738,3926,295,103,1,41,-4.39368125969393,0.8052992331190507,98442.0,-4.8628585091484595,0.3128485602814811,0.07658153617846286,-2.630748510452192,912.75,-3.780964797913955,0.3997289972899729,-3.381492493869827,84296
2020-10-23,75381,469375,24634,5524,1237,69936,-2.475255065705899,0.5829867860939706,620,3451,270,123,0,88,-3.215390300960459,-0.5497200263226731,88989.25,-9.786016898441796,0.32679322375664954,0.07328106552048924,-2.6358912106179098,808.75,-15.989159891598915,0.43548387096774194,-3.4314531506800963,76001
2020-10-30,62877,399428,21965,5317,991,57328,-2.6838871952182233,0.32916486840780756,490,2613,211,68,0,65,-4.622444557710726,-0.8367757399580719,77411.25,-16.587734309706693,0.3493328244031999,0.08456192248357905,-2.562267769164216,653.75,-20.967741935483875,0.4306122448979592,-3.8410825483632056,63367
2020-11-06,43401,283413,14010,3505,565,40060,-2.3825019208480818,0.5948401985393075,440,2797,179,53,8,72,-3.3933830490169434,-0.8614454605516888,66304.25,-30.974760246194954,0.3228036220363586,0.0807585078684823,-2.5137734325928154,572.0,-10.204081632653061,0.4068181818181818,-3.906224791845515,43841
2020-11-13,46709,289476,13629,3581,636,43639,-1.9641106472662335,0.865716438095977,344,1745,175,58,3,43,-3.255166270782961,-1.5639176695862476,57092.0,7.621944194834218,0.2917853090410842,0.07666616711982702,-2.3764387072596094,473.5,-21.818181818181813,0.5087209302325582,-3.621596044617773,47053
2020-11-20,78595,509633,23952,5764,1147,72639,-2.1237642067521274,0.7571722911753863,1009,4466,365,178,9,267,-4.048421180121805,-0.2861891951845004,57895.5,68.26521655355499,0.30475221070042624,0.07333799860041987,-2.2885659925211668,570.75,193.3139534883721,0.36174430128840435,-3.829853764408109,79604
2020-11-27,115383,733807,36900,8588,1736,108086,-2.1054004715554773,0.7125501975724079,949,4649,434,162,28,186,-3.4721961919498843,-0.2984705885340105,71022.0,46.80704879445257,0.3198044772626817,0.07443037535858836,-2.14394431160548,685.5,-5.946481665014868,0.45732349841938885,-3.542291672967899,116332
2020-12-04,116854,758633,41338,11347,1884,109673,-2.578731187914092,0.30273762830669,709,3687,292,154,2,53,-3.654483756160919,-1.1926156999531883,89385.25,1.2748845150498678,0.3537576805244151,0.09710407859380081,-2.1930016283719826,752.75,-25.289778714436252,0.4118476727785614,-3.607566849753893,117563
2020-12-11,110246,735378,35785,8444,1755,102755,-1.962481154583235,0.6262158847053906,1245,6823,596,255,6,110,-3.9178031385381806,-1.4472202427835614,105269.5,-5.65491981446934,0.32459227545670594,0.07659234802169693,-2.1925942552012327,978.0,75.59943582510577,0.478714859437751,-3.7732260666926978,111491
2020-12-18,110445,719569,37397,8397,1821,103048,-2.2553303583460194,0.5196359338381542,1300,6772,637,218,19,263,-4.163923354516901,-1.0743354664325346,113232.0,0.18050541516245744,0.3386029245325728,0.07602879261170718,-2.225485793099706,1050.75,4.417670682730934,0.49,-3.8021016102914715,111745
2020-12-25,100950,662468,34497,8206,2065,95511,-2.2210789381065124,0.46065908008875806,1182,5587,433,135,15,419,-3.301940106271851,-0.17560403635389812,109623.75,-8.597039250305583,0.34172362555720653,0.08128776622090143,-2.2544054097374646,1109.0,-9.076923076923082,0.3663282571912014,-3.7595375888719635,102132
2021-01-01,85117,561461,30954,8807,1190,80463,-2.5675127554099855,0.1629591602647504,1315,7183,614,315,0,111,-4.288293981414303,-0.8587150699803912,101689.5,-15.684001981178797,0.3636641328994208,0.10346934219956061,-2.251600801611438,1260.5,11.252115059221657,0.46692015209125476,-3.917990145185309,86432
2021-01-08,90946,562656,32810,9296,1536,84018,-2.552583178025283,0.10750979215816057,913,4374,375,154,13,184,-3.863700130788815,-0.5818426738736925,96864.5,6.848220684469619,0.3607635300068172,0.10221450091262947,-2.39912630747195,1177.5,-30.570342205323197,0.41073384446878425,-3.9044643932479675,91859
2021-01-15,95550,616929,32219,7533,1704,88854,-2.4314119226905406,0.5037819144407976,760,4701,305,98,12,76,-3.758151090932333,-0.10035730148071657,93140.75,5.062344688056641,0.33719518576661434,0.07883830455259026,-2.4431466985580803,1042.5,-16.757940854326392,0.40131578947368424,-3.803021327351826,96310
2021-01-22,113380,720089,38007,7883,1877,106680,-2.598676695633709,0.58291598446696,897,4810,299,97,10,155,-3.470218166393868,0.3062487771601325,96248.25,18.6603872318158,0.33521785147292293,0.06952725348385959,-2.5375461379398794,971.25,18.026315789473692,0.3333333333333333,-3.8450908423823305,114277
2021-01-29,122005,777862,41250,8113,1545,113265,-2.604888476557567,0.5028285638938719,915,4559,357,144,19,136,-3.1351751381176256,-0.20561167499457533,105470.25,7.607161756923619,0.33810089750420064,0.06649727470185648,-2.5468900682267748,871.25,2.006688963210701,0.3901639344262295,-3.556811131558161,122920
2021-02-05,125869,809602,44262,7895,1865,117959,-2.7348309147827194,0.4426849062494486,731,3705,265,96,4,134,-2.704637436567226,0.3431703308808722,114201.0,3.167083316257524,0.3516513200231987,0.06272394314724039,-2.592452002416134,825.75,-20.109289617486336,0.3625170998632011,-3.2670454580027632,126600
2021-02-12,117460,761404,39122,8283,1927,109919,-2.3637736070014603,0.5559002974218349,1204,5787,542,232,7,147,-4.506571541565422,-0.5686728878577222,119678.5,-6.680755388538873,0.33306657585561045,0.07051762302060276,-2.575542423493864,936.75,64.70588235294117,0.45016611295681064,-3.454150570661036,118664
2021-02-19,118059,764982,38897,9705,1773,109273,-2.3255550744615383,0.5126296953698073,1125,5588,545,232,28,185,-3.7860588628223732,-1.2106134211066526,120848.25,0.5099608377320042,0.32947085779144325,0.08220466038167357,-2.507262018200821,993.75,-6.561461794019929,0.48444444444444446,-3.5331107447681624,119184
2021-02-26,129271,818052,45368,12292,2221,120328,-2.4136217897807306,0.35935618523096924,1074,5249,351,108,5,122,-2.7881023185173603,0.6840601933129007,122664.75,9.496946442033227,0.3509526498595973,0.09508706515769198,-2.4594453465066124,1033.5,-4.533333333333333,0.3268156424581006,-3.4463425398680956,130345
2021-03-05,135380,856975,48619,13972,2786,127164,-2.5167430535019,0.12462347768047484,1575,7218,720,234,8,146,-3.4692231567443423,-0.6954678158894991,125042.5,4.725731215817941,0.3591298566996602,0.103205791106515,-2.4049233811864075,1244.5,46.64804469273742,0.45714285714285713,-3.637488969912375,136955
2021-03-12,114064,736487,36840,9598,1774,106980,-2.1324248557230128,0.4980778076011217,1258,6282,560,211,14,207,-3.7661910385764865,-0.2937748250886916,124193.5,-15.745309499187476,0.322976574554636,0.08414574274091738,-2.3470861933667955,1258.0,-20.126984126984127,0.4451510333863275,-3.452393844165141,115322
2021-03-19,106818,704848,36571,8800,1888,99307,-2.2849599196283354,0.4279876306260301,1270,5993,512,201,10,314,-3.2747181081452927,-0.14890203641756297,121383.25,-6.352573993547484,0.3423673912636447,0.0823831189499897,-2.336937404658495,1294.25,0.9538950715421324,0.4031496062992126,-3.324558655495871,108088
2021-03-26,106250,700491,35660,8771,1745,99031,-2.263968891015833,0.42450186769066356,4748,24821,1258,477,62,3789,-3.372852758900767,0.5960016300952553,115628.0,-0.5317455859499387,0.3356235294117647,0.08255058823529411,-2.2995241799672703,2212.75,273.85826771653547,0.2649536647009267,-3.4707462655917225,110998
2021-04-02,112014,727548,36216,8225,1636,104222,-2.1242592369033773,0.6796906870238512,8262,47390,2159,683,45,7258,-3.02078169736713,0.8753729495226141,109786.5,5.424941176470588,0.3233167282661096,0.07342832145981752,-2.2014032258176397,3884.5,74.01010951979781,0.2613168724279835,-3.3586359007474194,120276
2021-04-09,126806,801224,41095,10113,1454,119471,-2.2492310287558848,0.5759339582258962,2750,13613,1097,471,19,2130,-3.339139043760228,-0.29997965764509293,112972.0,13.205492170621525,0.3240777250287841,0.07975174676277148,-2.2306047690758577,4257.5,-66.71508109416607,0.39890909090909094,-3.2518729020433548,129556
2021-04-16,145358,906663,48392,11002,2724,138040,-2.400396820119592,0.5373792645269719,2049,10398,798,253,12,1028,-3.6478577678904758,-0.15325136554049115,122607.0,14.630222544674542,0.33291597297706355,0.07568898856616078,-2.2594639941986716,4452.25,-25.490909090909085,0.38945827232796487,-3.345157816979651,147407
2021-04-23,142693,896176,49739,10109,2825,135380,-2.5472183073385497,0.4220605939227497,1154,5622,419,116,22,426,-2.6976382774968752,0.3965077275569568,131717.75,-1.8334044221852253,0.3485735109640977,0.07084440021584801,-2.3302763482793507,3553.75,-43.679843826256715,0.3630849220103986,-3.1763541966286777,143847
2021-04-30,126698,806224,42218,9488,2278,119163,-2.2287943387252476,0.533504449760824,1522,7878,725,304,10,345,-3.5756602623387153,-1.079355912989057,135388.75,-11.209379577134126,0.3332175724952249,0.07488673854362342,-2.3564101237348183,1868.75,31.88908145580589,0.4763469119579501,-3.315073837871574,128220
2021-05-07,98088,621749,29549,7415,1347,91707,-1.8354626063820838,0.7763233475116117,759,4072,353,135,5,175,-3.6372116469458744,-0.7039893004451118,128209.25,-22.581256215567723,0.30124989805072994,0.07559538373705245,-2.2529680181413685,1371.0,-50.13140604467805,0.4650856389986825,-3.389591988667986,98847
2021-05-14,101102,664351,34204,9800,1276,94660,-2.1339072008921045,0.3704930244307624,3635,18171,1610,475,12,485,-3.8112364768942704,-0.6569210711329257,117145.25,3.0727509991028468,0.33831180392079285,0.09693181143795375,-2.1863456133344963,1767.5,378.9196310935441,0.44291609353507566,-3.430436665918934,104737
2021-05-21,99114,653284,30761,7276,1878,92289,-2.0933980162887327,0.7281845981259655,2044,9363,832,316,23,124,-3.76274538247658,-0.328503547394922,106250.5,-1.9663310320270577,0.31035978771919204,0.07341041628831446,-2.0728905405720424,1990.0,-43.76891334250344,0.4070450097847358,-3.6967134421638606,101158
2021-05-28,105975,705171,33998,7121,2178,98534,-2.101098768404214,0.6150484717754858,1456,7486,530,158,8,539,-3.0734678082388207,0.24661852721330266,101069.75,6.922331860282105,0.32081151214909176,0.06719509318235432,-2.040966647991784,1973.5,-28.767123287671236,0.364010989010989,-3.571165328638887,107431
2021-06-04,101910,685391,31462,6640,1774,94676,-1.879135132007662,0.7757181950999615,1169,6149,534,248,15,263,-3.2870255724946276,-1.2391753839720219,102025.25,-3.835810332625622,0.30872338337748995,0.06515552938867629,-2.0518847793981783,2076.0,-19.71153846153846,0.4568006843455945,-3.4836188100260754,103079
2021-06-11,105751,699765,31917,7399,1488,98580,-1.9624710978154012,0.784711196717806,1127,5829,451,182,16,167,-3.352760830779018,-0.5007359757542782,103187.5,3.769011873221473,0.30181274881561404,0.06996624145398152,-2.0090257536290026,1449.0,-3.59281437125748,0.40017746228926354,-3.368999898497262,106878
2021-06-18,113298,726456,32493,6803,1746,105872,-1.6612712748032725,0.9811927690774392,921,4459,351,170,3,229,-3.2255511926561016,-0.6278322628567354,106733.5,7.136575540656831,0.2867923529100249,0.0600451905594097,-1.9009940682576374,1168.25,-18.27861579414375,0.3811074918566775,-3.2347013510421423,114219
2021-06-25,112007,724057,36050,8902,2305,104509,-1.9407414968286472,0.6170558850005702,1136,5798,305,117,11,299,-2.8199293359308486,1.5016086314513706,108241.5,-1.139472894490634,0.32185488406974566,0.079477175533672,-1.8609047503637455,1088.25,23.344191096634106,0.26848591549295775,-3.171316732965149,113143
2021-07-02,99709,659393,33333,9428,1423,92512,-2.047011124369827,0.3790904914377706,810,5166,315,116,6,77,-3.305128251766516,-0.3428933378696742,107691.25,-10.979670913425055,0.33430282120972027,0.09455515550251231,-1.902873748454287,998.5,-28.69718309859155,0.3888888888888889,-3.1758424027831214,100519
2021-07-09,100273,665460,33089,9163,1812,92659,-2.117975381197941,0.4082860521826418,2273,11875,711,309,23,995,-3.178150947637042,0.2887656816374851,106321.75,0.5656460299471533,0.32998912967598454,0.09138053114996061,-1.9417498192999219,1285.0,180.61728395061726,0.3128024637043555,-3.132189931997628,102546
2021-07-16,95674,625662,30365,7701,1359,88761,-2.1340399789095383,0.6107910963801334,863,4531,337,136,13,136,-3.479517318422513,-0.3861154074183798,101915.75,-4.586478912568692,0.31737985241549427,0.08049208771453059,-2.059941995326488,1270.5,-62.03255609326881,0.3904982618771727,-3.1956814634392305,96537
2021-07-23,91359,605338,30294,7586,1276,84850,-2.2711041114977317,0.5107944404476479,1202,5392,354,176,18,345,-3.120868132696606,0.208357839603502,96753.75,-4.510107239166339,0.33159294650773324,0.08303505949058111,-2.1425326489937597,1287.0,39.28157589803012,0.2945091514143095,-3.27091616263067,92561
2021-07-30,86941,576236,28996,8027,991,80953,-2.1729211176172742,0.479584882346956,1543,7970,678,333,8,307,-3.583899354786699,-1.1816950975201015,93561.75,-4.835867292768093,0.33351353216549157,0.09232698036599533,-2.174010147305621,1470.25,28.369384359400996,0.4394037589112119,-3.3406089383857154,88484
2021-08-06,83079,542798,29802,8117,1000,76167,-2.6800529568642717,0.22867727657492382,5903,25930,3259,1034,19,251,-5.366712893999792,-1.2415878620098852,89263.25,-4.442092913585071,0.35871880980753257,0.09770218707495276,-2.3145295412222042,2377.75,282.5664290343487,0.5520921565305776,-3.887749424976403,88982
2021-08-13,74031,486052,25071,6331,1190,68597,-2.3335423762379994,0.4124767866301249,1365,6324,689,205,18,265,-3.7948884350412264,-0.8488087860782662,83852.5,-10.890838840140106,0.33865542813145844,0.08551822885007632,-2.3644051405543194,2503.25,-76.87616466203625,0.5047619047619047,-3.9665922041310813,75396
2021-08-20,77164,501785,23942,6229,1410,71255,-2.130045018691154,0.7340081326577046,680,3648,267,102,16,125,-3.4909032643669273,-0.6913581600242799,80303.75,4.232010914346684,0.3102742211393914,0.08072417189362915,-2.329140367352675,2372.75,-50.18315018315018,0.3926470588235294,-4.059100987048661,77844
2021-08-27,98846,650690,29149,6901,1990,92060,-1.7036415604282436,0.8448444342670881,5846,27590,2798,1263,210,134,-4.626018406205349,-0.7929467940974736,83280.0,28.098595199834108,0.2948930659814257,0.06981567286486048,-2.211820478055417,3448.5,759.7058823529412,0.4786178583646938,-4.319630749903324,104692
2021-09-03,98451,653407,27851,7694,1331,91110,-1.7717890171025676,0.9207552887103166,3834,17160,1831,971,96,204,-4.264470495955104,-1.2541397010934203,87123.0,-0.3996115169050851,0.28289199703405754,0.07815055205127423,-1.9847544931149912,2931.25,-34.41669517618885,0.4775691184141888,-4.044070150392152,102285
2021-09-10,97268,642112,30020,7587,1156,90437,-1.9952114626500097,0.7212862976856513,1211,6135,426,190,15,328,-4.392432222430894,-0.4055014176135339,92932.25,-1.2016129851398105,0.3086318213595427,0.07800098696385245,-1.9001717647179936,2892.75,-68.41418883672405,0.35177539223782,-4.193456097239569,98479
2021-09-17,98409,649799,30286,7840,1166,91510,-1.9281031306766452,0.712551647553661,1230,6091,458,184,9,504,-3.4777769730499224,-0.4779629015332475,98243.5,1.1730476621293784,0.30775640439390706,0.07966751008545966,-1.8496862927143665,3030.25,1.5689512799339278,0.3723577235772358,-4.190174524410318,99639
2021-09-24,100464,669905,30886,7534,1407,92211,-1.8143549830867192,0.6799240166194936,708,3578,226,97,4,125,-3.045644015689732,0.30127112611474,98648.0,2.0882236380818764,0.307433508520465,0.07499203694855869,-1.8773646483789854,1745.75,-42.43902439024391,0.3192090395480226,-3.7950809267814134,101172
2021-10-01,114678,713981,36054,8821,1696,105363,-1.9100923533026812,0.6756330882646499,1315,6520,468,155,45,94,-3.3908023596754484,0.039543325651516185,102704.75,14.148351648351642,0.3143933448438236,0.07691972305062872,-1.9119404824290138,1116.0,85.73446327683615,0.355893536121673,-3.5766638927114993,115993
2021-10-08,106261,683365,33485,8121,1328,95414,-1.832091770737197,0.6292381131654116,861,4586,331,121,14,108,-3.9327111723162456,-0.24590851538152705,104953.0,-7.339681543103294,0.3151203169554211,0.07642502893818051,-1.8711605594508107,1028.5,-34.52471482889734,0.38443670150987225,-3.461733630182837,107122
2021-10-15,103772,686558,31243,7497,1219,95550,-1.812669050205383,0.7881442256699512,978,5778,385,163,7,134,-4.3623665388202495,-0.054865638791652904,106293.75,-2.3423457336181674,0.3010735073044752,0.072244921558802,-1.8423020393329952,965.5,13.588850174216027,0.3936605316973415,-3.6828810216254193,104750
2021-10-22,111466,727930,34222,7522,1762,102807,-1.8958069191837867,0.7714790446330027,836,4348,320,132,7,189,-3.0673689841913228,-0.05024740012313002,109044.25,7.41433141887986,0.3070173864676224,0.06748246101950371,-1.8626650233572621,997.5,-14.519427402862984,0.3827751196172249,-3.688312263750817,112302
2021-10-29,105415,697040,33080,8084,1470,97546,-1.8033029788988952,0.7082690702543234,859,4347,314,90,5,236,-2.775044265443029,0.05932687295132238,106728.5,-5.428561175605118,0.31380733292225965,0.07668737845657639,-1.8359676797563156,883.5,2.751196172248793,0.36554132712456344,-3.534372740192712,106274
2021-11-05,104416,683641,32888,7568,1932,95229,-1.8953832568887268,0.7096215132921951,1149,6162,519,261,25,314,-3.9132662930529896,-0.9650038752408888,106267.25,-0.9476829673196407,0.3149708856880172,0.07247931351517009,-1.851790551294198,955.5,33.76018626309663,0.4516971279373368,-3.5295115203768983,105565
2021-11-12,116768,742449,38980,9487,1435,108076,-2.442970409521944,0.43442616898533987,1327,6590,477,182,18,308,-4.2998077949527564,0.22010026753013667,109516.25,11.829604658289927,0.33382433543436557,0.08124657440394628,-2.0093658911233385,1042.75,15.491731940818099,0.359457422758101,-3.513871834410025,118095
2021-11-19,116918,762074,37677,8292,1729,109455,-2.2588324601708627,0.6169067106762315,915,4468,385,182,3,185,-2.5607379345734396,-0.8118729031827746,110879.25,0.12845985201423993,0.3222514924990164,0.07092150053883918,-2.100122276370107,1062.5,-31.047475508666167,0.4207650273224044,-3.3872140720055546,117833
2021-11-26,112715,747279,35949,8068,1702,104659,-2.086019006302755,0.6562228288887261,994,5137,374,150,10,76,-3.69082927346729,-0.5472860721459211,112704.25,-3.5948271438101864,0.31893714235017523,0.07157876059087077,-2.1708012832210724,1096.25,8.633879781420761,0.3762575452716298,-3.6161603240116196,113709
2021-12-03,121136,785365,37635,7565,1896,112902,-2.0954265539697903,0.7946105417032802,788,4197,268,106,1,101,-3.508314856376007,0.23174226448674426,116884.25,7.4710553165062255,0.3106838594637432,0.062450468894465726,-2.220812107491338,1006.0,-20.724346076458755,0.3401015228426396,-3.514922464842374,121924
2021-12-10,143831,893252,44446,9668,2051,136301,-1.8712300791807344,0.764515144203479,953,4622,439,209,14,96,-2.7686719233942454,-1.3219385093364688,123650.0,18.735140668339724,0.3090154417337014,0.06721777641815742,-2.0778770249060354,912.5,20.939086294416253,0.46065057712486884,-3.132138496952746,144784
2021-12-17,123497,801518,37692,7689,1758,116944,-1.8951831610414478,0.8466646158717174,1140,5902,411,169,2,158,-3.3877874380222552,-0.42998668342439716,125294.75,-14.137425172598395,0.3052057944727402,0.06226062171550726,-1.9869647001236816,968.75,19.62224554039873,0.3605263157894737,-3.33890087281495,124637
2021-12-24,108381,732982,34946,7725,1581,103044,-1.9550358801131356,0.6304616036251268,872,4757,353,164,14,110,-3.3269446766434414,-0.7213570935773366,124211.25,-12.239973440650376,0.32243658943910836,0.07127633072217456,-1.954218918576277,938.25,-23.508771929824558,0.4048165137614679,-3.247929723608988,109253
2021-12-31,99876,672327,32330,7178,1522,94788,-2.0634671897913353,0.6293070552554144,900,4469,470,232,45,93,-3.627000431475424,-1.4854348806156938,118896.25,-7.847316411548144,0.32370138972325685,0.07186911770595539,-1.9462290775316633,966.25,3.2110091743119185,0.5222222222222223,-3.277601117383842,100776
2022-01-07,93093,595450,31619,9626,1137,86714,-2.3484971561430803,0.2726232976206869,947,4636,414,175,18,138,-4.556107883852071,-0.7299681037299133,106211.75,-6.7914213624894915,0.33964959771411385,0.1034019743697163,-2.06554584677225,964.75,5.222222222222217,0.4371700105596621,-3.7244601074982984,94040
2022-01-14,127142,809002,40870,8811,2238,120790,-2.2581190546068073,0.6366555512589748,467,2725,175,71,7,98,-3.256458558827366,-0.5668278461174638,107123.0,36.575252704284964,0.32145160529172107,0.06930046719416086,-2.1562798201635895,796.5,-50.686378035902855,0.3747323340471092,-3.6916278876995756,127609
2022-01-21,158297,959842,49863,10911,2441,150896,-2.4674806649216805,0.720649501325991,1278,6750,532,272,16,170,-3.79806860170218,-0.582927941244766,119602.0,24.504097780434474,0.31499649393229184,0.06892739597086489,-2.284391016365726,898.0,173.661670235546,0.4162754303599374,-3.8094088689642605,159575
2022-01-28,187484,1130825,64791,12932,3895,180011,-2.502039816475413,0.5355619792406234,602,3336,189,81,8,40,-3.2316379480662056,0.3345755146625797,141504.0,18.438125801499705,0.3455814896204476,0.06897655266582749,-2.3940341730367454,823.5,-52.895148669796555,0.313953488372093,-3.710568248111956,188086
2022-02-04,173718,1037602,57104,11916,3062,165813,-2.3269388454184567,0.6019147709140625,1120,5773,483,194,21,68,-3.7901553823591714,-0.47196317357692447,161660.25,-7.3424932260886315,0.3287166557294005,0.06859392809035333,-2.388644595355589,866.75,86.04651162790698,0.43125,-3.519080122738731,174838
2022-02-11,171707,1026292,53704,10670,2687,163765,-2.1325957075964452,0.7524191441929479,1218,5657,549,201,17,90,-3.88319069918695,-0.8814213687549851,172801.5,-1.1576232745023507,0.3127653502769252,0.0621407397485251,-2.3572637586029987,1054.5,8.749999999999991,0.45073891625615764,-3.6757631578286274,172925
2022-02-18,233408,1371973,79977,16580,4676,226676,-2.6006855284769395,0.5021763526154269,1148,5097,426,145,24,185,-2.7330267140051387,-0.15009212833904112,191579.25,35.93388737791703,0.3426489237729641,0.07103441184535235,-2.390564974491814,1022.0,-5.747126436781613,0.3710801393728223,-3.409502685904367,234556
2022-02-25,416809,2331120,162139,39134,16384,408496,-3.1253816221469775,0.06874457374688885,1379,6466,544,208,21,84,-3.613295280198867,-0.2711821939536666,248910.5,78.57528448039484,0.38900071735495156,0.09388952733746152,-2.5464004259097046,1216.25,20.12195121951219,0.3944887599709935,-3.5049170189375323,418188
2022-03-04,523495,2853217,197442,53947,17728,513685,-3.046110370335849,0.09287563310500947,938,5190,354,145,25,170,-3.320823686588026,-0.5680750623036314,336354.75,25.59589644177549,0.3771611954268904,0.10305160507741239,-2.7261933071390527,1170.75,-31.979695431472077,0.3773987206823028,-3.387584094994746,524433
2022-03-11,454023,2465816,158956,42311,15331,440242,-3.018114433620146,0.33651420409111577,1437,5877,613,257,34,64,-4.178727318729218,-0.637647282034788,406933.75,-13.270804878747644,0.35010561138973134,0.09319131409642242,-2.947572988644978,1225.5,53.198294243070364,0.4265831593597773,-3.461468249880313,455460
2022-03-18,398573,2172573,147394,47865,9705,388503,-3.1505571211194203,0.006841463951344213,1305,5728,523,234,10,141,-3.6001382560266606,-0.3284775013213702,448225.0,-12.21303766549272,0.3698042767573318,0.12009092437269961,-3.085040886805598,1264.75,-9.185803757828815,0.40076628352490423,-3.6782461353856934,399878
2022-03-25,341215,1902075,123287,37170,8194,330250,-3.04069105394356,0.12712792831595965,961,5248,321,146,33,119,-3.267675768618171,-0.3787203062866523,429326.5,-14.390839319271498,0.36131764430051433,0.10893424966663247,-3.063868244754744,1160.25,-26.360153256704976,0.3340270551508845,-3.591841257490519,342176
2022-04-01,312394,1743097,105048,31399,6967,301886,-2.6782822962536277,0.40003039837995213,1288,6233,573,303,14,37,-4.5255555854550495,-1.1883246765694528,376551.25,-8.446580601673437,0.3362676619909473,0.10051089329500566,-2.9719112262341887,1247.75,34.027055150884486,0.4448757763975155,-3.8930242322072752,313682
2022-04-08,301451,1731339,119564,36061,8424,291529,-3.4617860991133846,-0.09758139729145089,855,4455,303,122,9,126,-3.5758036731360763,0.03578920526966166,338408.25,-3.5029482000294543,0.39662830775150854,0.11962474830071886,-3.082829142607498,1102.25,-33.618012422360245,0.3543859649122807,-3.74229332080899,302306
2022-04-15,267813,1509211,101465,32429,5636,259243,-3.2503203884142615,-0.048172592000972854,952,4263,312,152,7,124,-2.7637911405794147,-0.15575642999642034,305718.25,-11.158695774769367,0.3788651036357458,0.1210882220056532,-3.1077699594312085,1014.0,11.345029239766081,0.3277310924369748,-3.5332065419471785,268765
2022-04-22,249552,1409480,93717,31028,5088,240930,-2.987292735877831,-0.06877077849963723,814,4391,349,123,37,139,-4.017308922393238,-0.4369690529559137,282802.5,-6.818563699297641,0.3755409694171956,0.1243348079758928,-3.094420379914776,977.25,-14.495798319327735,0.42874692874692877,-3.720614830390945,250366
2022-04-29,261336,1468231,93379,30080,5446,252353,-2.6996989546816375,0.1394633413641631,902,4507,375,161,6,76,-4.066402270423266,-1.267284411099865,270038.0,4.722061934987498,0.357313955980041,0.11510086631769063,-3.099774544521779,880.75,10.81081081081081,0.4157427937915743,-3.605826501632999,262238
2022-05-06,238820,1335343,86339,28118,5500,228673,-2.784923832343112,0.026776019351078467,1306,6076,488,181,14,141,-3.0189508434480774,-0.16580302029453403,254380.25,-8.615728410934587,0.36152332300477347,0.11773720793903358,-2.9305589778292105,993.5,44.78935698447894,0.37366003062787134,-3.4666132942109993,240126
2022-05-13,229405,1307987,80580,26168,5053,219970,-2.590386211950558,0.14791611723878884,1713,6803,549,249,17,205,-3.6459915386702435,-0.2841473304840888,244778.25,-3.942299639896152,0.35125651140995184,0.11406900459885355,-2.765575433713285,1183.75,31.163859111791737,0.3204903677758319,-3.6871633937337065,231118
2022-05-20,210465,1216897,71911,22049,4097,201345,-2.5767072743878807,0.3443020364175688,916,4460,393,162,20,214,-2.63626104183252,-0.7829765140167996,235006.5,-8.256140886205621,0.34167676335732783,0.10476326230014492,-2.662929068340797,1209.25,-46.526561587857564,0.42903930131004364,-3.3419014235935274,211381
2022-05-27,204356,1180893,73748,23778,3488,194247,-2.8337962847778764,0.11584838709690534,866,4496,380,179,15,146,-3.0352673674257855,-0.9218240483769387,220761.5,-2.9026203881880597,0.36088003288379106,0.11635577130106285,-2.696453400864857,1200.25,-5.458515283842791,0.4387990762124711,-3.084117697844157,205222
2022-06-03,195429,1148134,69847,22974,3959,184722,-2.6066372917017584,0.09410074154995715,726,3525,244,109,10,109,-3.3975485341435894,-0.0996225057421527,209913.75,-4.368357180606397,0.35740345598657314,0.11755675974394793,-2.6518817657045184,1055.25,-16.16628175519631,0.33608815426997246,-3.178767120518035,196155
2022-06-10,189961,1099082,70593,22346,3797,181574,-2.7692148159797108,-0.029357995675883288,954,4682,433,217,27,68,-3.904358448272506,-1.5300401127934624,200052.75,-2.797947080525409,0.3716183848263591,0.11763467238012013,-2.6965889167118062,865.5,31.404958677685958,0.45387840670859536,-3.243358847918601,190915
2022-06-17,193812,1123037,64811,20476,3141,184725,-2.342262173125311,0.2877622379403587,1577,7008,686,348,27,287,-3.4801236700313867,-1.0225285697838138,195889.5,2.027258226688633,0.3344013786556044,0.1056487730377892,-2.637977641396164,1030.75,65.30398322851153,0.435003170577045,-3.4543245049683176,195389
2022-06-24,178441,1048056,61175,20202,3037,169728,-2.2724023140192124,0.21759906914080576,1308,6404,575,232,47,184,-3.2687467557513443,-1.0652223207622675,189410.75,-7.930881472767426,0.34283040332658976,0.11321389142629777,-2.497629148706498,1141.25,-17.057704502219405,0.4396024464831804,-3.512694352049707,179749
2022-07-01,187915,1087758,64332,21672,3981,178832,-2.3500240572302182,0.2505451436914218,798,3876,261,113,22,145,-2.6428819903065763,-0.2078816791920334,187532.25,5.309317925813017,0.3423462735811404,0.11532873905755262,-2.433475840088613,1159.25,-38.99082568807339,0.32706766917293234,-3.3240277160904537,188713
2022-07-08,167286,964924,58741,20144,3070,159358,-2.4686887783771687,0.07407988499486177,1101,4661,497,232,12,536,-3.3907991904289867,-0.8591539319334556,181863.5,-10.977835723598439,0.3511411594514783,0.1204165321664694,-2.3583443306879777,1196.0,37.96992481203007,0.4514078110808356,-3.1956379016295737,168387
2022-07-15,171106,988986,60326,20163,3052,162489,-2.47002939426419,0.145849823713623,1105,4802,347,146,28,201,-2.8884984857113385,0.29582896657432084,176187.0,2.2835144602656454,0.35256507661917175,0.11783923415894242,-2.3902861359726972,1078.0,0.36330608537693543,0.31402714932126696,-3.047731605549562,172211
2022-07-22,182601,1023653,61125,19546,3187,173761,-2.400968248288856,0.3545938683684154,1111,5363,366,144,16,234,-3.0696979626084504,0.43677895652397314,177227.0,6.718057812116474,0.3347462500205366,0.1070421301088165,-2.422427619540108,1028.75,0.5429864253393646,0.32943294329432943,-2.9979694072638385,183712
2022-07-29,166636,956398,59136,20322,2617,158591,-2.3617836492908393,0.2652846299835282,2372,10972,1111,490,37,72,-3.2571918264571833,-0.9780497613360348,171907.25,-8.74310655472862,0.3548812981588612,0.12195443961688951,-2.4253675175552636,1422.25,113.5013501350135,0.46838111298482293,-3.1515468663014903,169008
2022-08-05,157496,930058,59548,18941,3177,150102,-2.9837651620641785,-0.029581829634401736,850,4394,399,146,16,93,-3.640527758766664,-0.9212245229629056,169459.75,-5.485009241700478,0.37809214202265456,0.1202633717681719,-2.5541366134770156,1359.5,-64.16526138279932,0.46941176470588236,-3.2139790083859094,158346
2022-08-12,151530,901088,58329,18229,2132,142954,-2.872685024806778,-0.006192717249927758,1001,4559,419,176,29,193,-3.522115209375676,-0.7277179676068392,164565.75,-3.788032711941891,0.384933676499703,0.12029961063815746,-2.654800521112663,1333.5,17.76470588235295,0.41858141858141856,-3.3723831893019938,152531
2022-08-19,148963,883018,54785,16695,2256,141832,-2.7962530904211524,0.08261237217055788,768,4138,365,151,18,72,-3.9934271598115876,-1.1613711316093993,156156.25,-1.6940539827096979,0.36777589065741156,0.11207481052341857,-2.753621731645737,1247.75,-23.276723276723278,0.4752604166666667,-3.603315488602778,149731
2022-08-26,164947,971397,62426,19690,2248,155861,-2.7681434442457777,-0.06845169530691893,703,3686,278,106,15,119,-3.1876255980574983,-0.655759390712807,155734.0,10.73018132019361,0.37846096018721165,0.11937167696290324,-2.8552116803844716,830.5,-8.463541666666663,0.39544807965860596,-3.585923931502857,165650
2022-09-02,160996,962916,58038,18053,2391,151846,-2.483733822206442,0.11312416854928165,1068,5364,404,168,11,282,-3.397398987376993,-0.25246402622481134,156609.0,-2.395314858712194,0.36049342840815923,0.11213322070113543,-2.7302038454200375,885.0,51.92034139402561,0.3782771535580524,-3.525141738655439,162064
2022-09-09,150728,903168,52088,15531,2964,140268,-2.361679423639653,0.28574575322079493,822,4207,348,174,12,207,-3.335903887080596,-0.6841177435394513,156408.5,-6.377798206166618,0.3455761371477098,0.1030399129557879,-2.6024524451282565,840.25,-23.03370786516854,0.4233576642335766,-3.478588908081669,151550
2022-09-16,170226,994194,56815,18756,2458,162246,-2.310660567978298,0.40112228556502866,871,4812,387,180,24,57,-3.8467489650764084,-1.1525892815539276,161724.25,12.935884507191764,0.33376217499089444,0.11018293327693772,-2.481054314517543,866.0,5.961070559610704,0.4443168771526981,-3.4419193593978745,171097
2022-09-23,193747,1138966,71304,20261,2615,184832,-3.014109886089525,0.06570288241884412,806,4089,343,179,17,87,-3.580496995795992,-0.9560576934751464,168924.25,13.817513188349606,0.3680263436337079,0.10457452244421848,-2.5425459249784796,891.75,-7.462686567164178,0.42555831265508687,-3.540137208832498,194553
2022-09-30,193781,1159264,74668,20133,3323,184433,-3.083239455361903,-0.09675155626147068,3148,13152,1327,291,49,135,-3.796733992196942,-0.1703650688577966,177120.5,0.017548658817934104,0.3853215743545549,0.10389563476295406,-2.692422333267345,1411.75,290.5707196029777,0.4215374841168996,-3.639970960037485,196929
2022-10-07,185412,1101777,69153,20375,2662,175855,-2.7487232432431057,0.09995187749127352,1247,5789,507,145,12,80,-4.024732122831817,-0.27116185266084536,185791.5,-4.318792864109488,0.3729693870946864,0.10989040623044895,-2.789183288168208,1518.0,-60.38754764930114,0.4065757818765036,-3.8121780189752905,186659
2022-10-14,204627,1213509,82624,26933,2735,194697,-3.2050356414859325,-0.3558151633345831,1461,6557,486,180,18,98,-3.7278687605661034,0.26342359370942753,194391.75,10.363406899229833,0.4037785824940013,0.1316199719489608,-3.0127770565451164,1665.5,17.161186848436238,0.3326488706365503,-3.782457967847714,206088
2022-10-21,192902,1154337,76544,24539,3944,183075,-3.1938283748890046,-0.2267114963680063,692,3556,352,152,1,89,-4.2457703223669805,-1.6935171518304863,194180.5,-5.729937886984615,0.39680252148759476,0.12720967123202456,-3.0577066787449865,1637.0,-52.63518138261465,0.5086705202312138,-3.9487762994904614,193594
2022-10-28,176415,1040504,67720,20253,2796,168486,-3.133208541141307,-0.10983173624296812,904,4484,382,202,9,59,-4.495818853406678,-1.4091908520908305,189839.0,-8.546826886190917,0.38386758495592777,0.11480316299634385,-3.0701989501898375,1076.0,30.635838150289008,0.4225663716814159,-4.123547514792895,177319
2022-11-04,164965,973620,60828,18987,2237,157231,-2.8531722240348474,0.1204145007449023,1196,5387,597,247,10,104,-4.491659672359943,-1.660166246812951,184727.25,-6.490377802341074,0.36873276149486256,0.11509714181796138,-3.0963111953877727,1063.25,32.30088495575221,0.4991638795986622,-4.240279402174926,166161
2022-11-11,141977,827692,49880,16019,1879,134915,-2.7503718595288507,0.3113398267262399,649,3198,261,109,11,75,-3.6271516874826943,-0.44094633696346597,169064.75,-13.935077137574636,0.35132451030800765,0.11282813413440206,-2.9826452498985025,860.25,-45.735785953177256,0.40215716486902925,-4.215100133904074,142626
2022-11-18,192304,1103075,73391,25506,2418,183918,-2.890421484817241,0.010336557394574517,1223,5340,544,229,21,130,-3.9561252891928556,-1.309983381311541,168915.25,35.44729075836226,0.381640527498128,0.1326337465679341,-2.9067935273805614,993.0,88.4437596302003,0.4448078495502862,-4.142688875610544,193527
2022-11-25,156491,948409,61150,21929,1821,148927,-2.9600114712106467,-0.18869742158020536,898,4436,398,196,14,60,-4.038749882633931,-1.113771325610604,163934.25,-18.623117563857228,0.39075729594673175,0.14012946431424173,-2.8634942598978967,991.5,-26.57399836467702,0.44320712694877507,-4.0284216329173566,157389
2022-12-02,155170,1005023,53334,16861,2175,146480,-2.480038344914505,0.30935416465262083,670,3906,296,111,8,121,-3.6701467688448264,-0.8132701241434425,161485.5,-0.8441380015464128,0.34371334665205905,0.10866146806728105,-2.770210790117811,860.0,-25.38975501113586,0.4417910447761194,-3.8230434070385773,155840
2022-12-09,162211,1039403,60131,19408,2386,152729,-2.615906938859741,0.05913112279712469,782,4123,339,160,2,165,-3.156658683376264,-0.7627392210223062,166544.0,4.537603918283173,0.3706961919968436,0.11964663308900136,-2.7365945599505332,893.25,16.716417910447756,0.43350383631713557,-3.7054201560119697,162993
2022-12-16,149769,952582,54661,17780,2307,140753,-2.5176262993141383,0.09290447299726261,979,5269,408,186,12,205,-3.596440156238867,-0.8887404493063114,155910.25,-7.670256641041606,0.3649687184931461,0.11871615621390275,-2.6433957635747576,832.25,25.1918158567775,0.4167517875383044,-3.6154988727734727,150748
2022-12-23,157632,970154,51621,16885,1895,150458,-2.2579676659761865,0.29489563764603455,1004,4802,403,153,22,215,-4.109633704678225,-0.8655974974987609,156195.5,5.2500851311019,0.3274779232643118,0.10711657531465692,-2.4678848122661425,858.75,2.5536261491317713,0.40139442231075695,-3.6332198282845463,158636
2022-12-30,127985,810799,48446,17451,1593,123094,-2.6417843913992933,-0.12059521127126008,1089,5726,410,192,17,136,-4.983772199535048,-0.6397956295882864,149399.25,-18.807729395046692,0.3785287338359964,0.1363519162401844,-2.5083213238873396,963.5,8.466135458167322,0.37649219467401285,-3.961626185957101,129074
2023-01-06,126245,771555,49810,20137,1337,120605,-2.904599976479695,-0.45123127152792686,1225,6087,609,300,12,135,-4.902413684437435,-1.9916179374259861,140407.75,-1.3595343204281796,0.39455027921897895,0.15950730722008793,-2.580494583292328,1074.25,12.488521579430678,0.49714285714285716,-4.398064936222394,127470
2023-01-13,158256,904297,61913,23083,1781,150336,-2.806465461704865,-0.32798763638329487,936,4745,333,129,21,409,-3.2116440725542645,-0.35412662483066315,142529.5,25.356251732741896,0.3912205540390254,0.14585860883631585,-2.65270437389001,1063.5,-23.59183673469388,0.3557692307692308,-4.301865915301244,159192
2023-01-20,177325,1012194,65879,24426,1867,169056,-2.721163722970487,-0.1787803154573753,711,3997,295,146,15,102,-4.273790587066283,-1.2321855272591127,147452.75,12.049464159336765,0.37151557873960245,0.1377470745805724,-2.768503388138585,990.25,-24.03846153846154,0.4149085794655415,-4.342905135898258,178036
2023-01-27,178437,1006599,67919,23788,2822,170286,-2.5871988787118325,-0.17231916390869517,1045,5398,373,109,15,223,-3.40673120066749,0.35887881182884723,160065.75,0.6270971380234025,0.38063294047759155,0.1333131581454519,-2.7548570099667202,979.25,46.97609001406471,0.3569377990430622,-3.948644886181368,179482
2023-02-03,181879,1016399,70422,25642,2352,173475,-2.8585179335368402,-0.2740709145449198,924,4575,378,205,5,236,-3.476267724840341,-1.1921473165210639,173974.25,1.9289721302196305,0.387191484448452,0.1409838409052172,-2.7433364992310065,904.0,-11.578947368421055,0.4090909090909091,-3.5921083962820948,182803
2023-02-10,172444,970257,61078,22791,2233,164917,-2.4995878417478923,0.005178525350801421,1092,5370,482,172,11,135,-3.975035499170197,-0.7324459878168462,177521.25,-5.187514776307323,0.35419034585140685,0.13216464475423906,-2.6666170942417633,943.0,18.181818181818187,0.4413919413919414,-3.782956252936078,173536
2023-02-17,171723,970043,63073,23744,2069,164541,-2.4976474647003664,-0.12576931406561054,1132,5680,418,152,26,261,-3.6694501903679844,-0.11750620358526889,176120.75,-0.41810674769779954,0.3672950041636822,0.13826918933398555,-2.610738029674233,1048.25,3.663003663003672,0.36925795053003535,-3.6318711537615034,172855
2023-02-24,229466,1241495,79906,27245,3724,222742,-2.547465686990668,0.09732608373246972,1098,4993,573,156,9,156,-3.7956656600915974,-1.1583388489382351,188878.0,33.62566458773723,0.34822588095839907,0.1187321869035064,-2.600804731743942,1061.5,-3.0035335689045928,0.5218579234972678,-3.7291047686175305,230564
2023-03-03,185921,1048080,67641,22658,2743,178120,-2.6877144822481602,0.09372999916439172,736,4271,260,92,8,71,-2.902054268614173,-0.16965033354245065,189888.5,-18.976667567308446,0.36381581424368414,0.1218689658510873,-2.558103868921772,1014.5,-32.96903460837887,0.3532608695652174,-3.585551404560988,186657
2023-03-10,182633,1023075,70447,27349,1975,174520,-2.8260068252206443,-0.25082968901983377,1840,10007,858,297,35,183,-3.1808397464856064,-0.5990655783087762,192435.75,-1.7684930696371004,0.38572985166974205,0.14974840253404367,-2.63970861478996,1201.5,150.0,0.46630434782608693,-3.3870024663898404,184473
2023-03-17,189776,1052698,69924,24102,2102,181427,-2.597697448617166,0.005267337206594744,828,4279,312,103,15,117,-3.281355042184677,-0.28659367875025776,196949.0,3.9111223053883926,0.3684554422055476,0.12700236067785178,-2.6647211107691597,1125.5,-55.00000000000001,0.37681159420289856,-3.2899786793440136,190604
2023-03-24,184395,1007065,65305,20976,2176,176504,-2.603401753821575,0.21146624244098824,673,3152,246,91,2,65,-2.87752684008998,-0.42552947156572857,185681.25,-2.835448107242222,0.35415819300957185,0.11375579598145286,-2.6787051274768867,1019.25,-18.71980676328503,0.3655274888558692,-3.0604439743436096,185068
2023-03-31,234370,1269304,87192,28176,2636,222475,-2.6535474184712955,-0.01660810268227998,1235,6060,523,204,29,165,-3.0170315438301754,-0.7659741000730226,197793.5,27.102144852083843,0.3720271365789137,0.12022016469684686,-2.67016336153267,1144.0,83.50668647845467,0.4234817813765182,-3.0891882931476102,235605
2023-04-07,236588,1264856,87324,28703,2685,225510,-2.6267398231889856,0.014189222420458518,992,4455,335,133,17,239,-2.8789014069745478,0.479016102182175,211282.25,0.9463668558262528,0.3690973337616447,0.12132060797673593,-2.6203466110247553,932.0,-19.67611336032389,0.3377016129032258,-3.0137037082698455,237580
2023-04-14,221426,1191525,80021,26326,3041,211889,-2.7527356050288923,0.08619106409773224,1127,5274,404,114,9,145,-3.158689264688309,0.10966870633406375,219194.75,-6.408609058785741,0.3613893580699647,0.11889299359605467,-2.659106150127687,1006.75,13.608870967741925,0.35847382431233366,-2.9830372638957536,222553
2023-04-21,213971,1181489,71658,22169,3510,203557,-2.410028000001818,0.35922708091792,1393,7403,568,218,39,143,-3.6215555670647617,-0.5873916694170769,226588.75,-3.366813292025328,0.33489585037224673,0.10360749821237457,-2.610762711672748,1186.75,23.60248447204969,0.4077530509691314,-3.169044445639449,215364
2023-04-28,195498,1086475,68745,21883,4118,184833,-2.4504581195653565,0.16300889959042025,1841,8620,735,332,20,412,-3.350124417415952,-0.5370089964374462,216870.75,-8.633412939136608,0.3516404259890127,0.11193464894781532,-2.559990386946263,1338.25,32.16080402010051,0.39923954372623577,-3.252317664035893,197339
2023-05-05,195512,1054540,73594,26359,3116,186036,-2.705172153139879,-0.16474632155228,1977,8979,829,386,39,421,-4.008831657940256,-1.1927983609992896,206601.75,0.0071611985800412725,0.37641679283113055,0.13482036908220468,-2.5795984694339866,1584.5,7.387289516567086,0.4193222053616591,-3.53480022677732,197489
2023-05-12,191703,1060342,69017,24324,3062,181834,-2.6224482784575156,0.037826243878601895,1000,4876,367,141,28,183,-3.182701461467421,-0.02380206829581935,199171.0,-1.9482180121936254,0.3600204482976271,0.12688377333688047,-2.5470266377911424,1552.75,-49.41831057157309,0.367,-3.540803275972098,192703
2023-05-19,221710,1188770,71203,24848,3219,211496,-1.9678916898784145,0.4114749298993476,1186,5706,363,101,9,513,-3.0194945697495794,0.33982822280811414,201105.75,15.652858849365936,0.3211537594154526,0.11207433133372423,-2.4364925602602914,1501.0,18.599999999999994,0.306070826306914,-3.3902880266433026,222896
2023-05-26,217663,1174398,74487,25614,2889,207509,-2.158063907318147,0.27626579121581835,1423,6814,554,206,15,376,-2.975331984926126,0.009196737986500447,206647.0,-1.8253574489197621,0.3422125028139831,0.11767732687686928,-2.3633940071984894,1396.5,19.9831365935919,0.3893183415319747,-3.296589918520846,219086
2023-06-02,192087,1068165,72141,26147,2691,182599,-2.4522304982957386,-0.12052621324267102,1158,5488,470,199,20,142,-3.1345161620801227,-0.43177625841254075,205790.75,-11.750274506921254,0.37556419747302006,0.13612061201434766,-2.300158593487454,1191.75,-18.622628250175687,0.4058721934369603,-3.078011044555813,193245
2023-06-09,210318,1146058,77088,24673,3215,200142,-2.7867791474165347,0.0311101600828314,1781,8377,712,278,25,509,-3.420583511597635,-0.22718311439764655,210444.5,9.491011885239509,0.36653068210994777,0.11731283104632033,-2.3412413107272085,1387.0,53.799654576856646,0.3997754070746771,-3.1374815570883663,212099
2023-06-16,204117,1125204,69925,24904,2599,193715,-2.3300429902404187,0.24091238635314458,1497,7775,607,264,10,294,-3.1035125990280656,-0.6561852743746063,206046.25,-2.9483924343137513,0.3425731320762112,0.12200845593458653,-2.4317791358177097,1464.75,-15.946097697922513,0.40547762191048764,-3.1584860644079877,205614
2023-06-23,193856,1079989,65638,22072,2199,183330,-2.2381975859655854,0.35812342929038515,1050,5331,378,200,4,260,-2.9577882824313413,-0.08283945433473658,200094.5,-5.027018817638906,0.3385915318586992,0.11385770881479036,-2.4518125554795693,1371.5,-29.859719438877754,0.36,-3.1541001387842917,194906
2023-06-30,232425,1255698,84097,26876,2930,223366,-2.915128803565621,0.08415221849993239,1031,5090,380,157,14,80,-2.606679591710861,0.01359642430777454,210179.0,19.895695774182908,0.3618242443799075,0.11563299989243842,-2.5675371317970397,1339.75,-1.8095238095238053,0.3685741998060136,-3.0221409961919763,233456
2023-07-07,178247,995490,64896,22320,2228,169754,-2.6047029845993257,0.03232319037920672,1945,9975,772,454,43,173,-3.2758066092655165,-0.5094492367486742,202161.25,-23.30988490911047,0.36407905883408975,0.1252194987853933,-2.522018091092738,1380.75,88.65179437439379,0.3969151670951157,-2.9859467706089466,180192
2023-07-14,201441,1111153,65826,22919,1952,191349,-2.002787205381914,0.44706470281925004,1780,9813,698,354,45,87,-2.5451079605850055,-1.0465766835796297,201492.25,13.012280711596835,0.32677558193217865,0.11377524932858753,-2.4402041448781118,1451.5,-8.483290488431871,0.3921348314606742,-2.8463456109981813,203221
2023-07-21,203745,1113200,74801,24141,2584,193254,-2.5248452517904014,0.07525025181043331,2075,10909,909,346,44,127,-3.4866554103428427,-0.7113515057966904,203964.5,1.1437592148569653,0.367130481729613,0.11848634322314658,-2.5118660613343153,1707.75,16.573033707865157,0.4380722891566265,-2.9785623929760567,205820
2023-07-28,181570,1011354,69055,24568,2146,172413,-2.8023259745515445,-0.15499749589760575,1977,8923,879,382,40,158,-3.7198867094153987,-0.9552364525519287,191250.75,-10.883702667550121,0.3803216390372859,0.1353086963705458,-2.4836653540807965,1944.25,-4.722891566265064,0.44461305007587254,-3.2568641724021914,183547
2023-08-04,174965,971253,67681,25118,1910,166343,-2.740798110580371,-0.2448353300247237,2592,11252,1326,629,28,307,-4.211590537221245,-1.526741052844127,190430.25,-3.637715481632431,0.3868259366158946,0.14356014059954847,-2.517689135576058,2106.0,31.10773899848256,0.5115740740740741,-3.4908101543911236,177557
2023-08-11,168071,939246,63198,24325,2445,159592,-2.6632468837833683,-0.18274311780856672,2605,11822,1128,540,36,646,-3.2533287838825937,-0.9301970253147739,182087.75,-3.940216614751524,0.37601965835866985,0.14473050080025704,-2.682804055176421,2312.25,0.5015432098765427,0.4330134357005758,-3.667865360215521,170676
2023-08-18,157224,899166,60828,23827,1854,149963,-2.683377104408636,-0.32022688167425184,2374,11096,968,357,36,170,-3.262704531514473,-0.39106870731555005,170457.5,-6.453820111738495,0.3868874980918944,0.15154810970335317,-2.72243701833098,2387.0,-8.867562380038386,0.4077506318449874,-3.6118776405084283,159598
2023-08-25,186567,1010464,66140,25416,2199,177170,-2.527808503521538,-0.007967156915610242,1570,7328,529,214,22,358,-2.6515922508881054,0.35840039393772205,171706.75,18.663181193710887,0.3545107119694265,0.1362298798822943,-2.6538076505734782,2285.25,-33.86689132266218,0.33694267515923565,-3.344804025876605,188137
2023-09-01,165514,921530,61985,23273,2054,156646,-2.6831820903518335,-0.18743322986984398,1753,8640,739,305,15,208,-2.846726274658279,-0.6313533892684454,169344.0,-11.284417930287782,0.3745000422924949,0.14061046195487995,-2.639403645516344,2075.5,11.65605095541402,0.42156303479749,-3.0035879602358633,167267
2023-09-08,186764,1020378,65438,23752,2083,176482,-2.28563537637269,0.05848815913021944,1677,8078,778,416,22,201,-3.859540593488967,-1.2919478614395956,174017.25,12.838793093031398,0.3503780171767578,0.1271765436593776,-2.5450007686636744,1843.5,-4.335424985738734,0.4639236732259988,-3.1551409126374566,188441
2023-09-15,197520,1076456,66128,20976,2884,187992,-2.0471279003670753,0.3432375487805981,1381,6925,632,331,5,185,-3.4120875165220252,-0.9986275679385886,184091.25,5.759139877064112,0.33479141352774405,0.10619684082624545,-2.3859384676532844,1595.25,-17.650566487775787,0.45763939174511226,-3.1924866588893446,198901
2023-09-22,225749,1214461,76828,24815,3832,215929,-2.366369135792094,0.24162951793106455,1246,6318,465,203,22,180,-2.964257720876094,-0.22551455580081026,193886.75,14.2917172944512,0.34032487408582096,0.1099229675435993,-2.3455786257209232,1514.25,-9.775524981897178,0.37319422150882825,-3.2706530263863414,226995
2023-09-29,184584,1012579,64862,23258,2463,175309,-2.362073479389534,0.1392769992047336,1599,7119,747,357,15,170,-3.1639172636820514,-0.8589666932781738,198654.25,-18.234853753505,0.351395570580332,0.12600225371646515,-2.2653014729803482,1475.75,28.330658105939,0.46716697936210133,-3.3499507736422847,186183
2023-10-06,180437,1039694,64151,21993,2142,171942,-2.179037665094571,0.18056084712161563,1220,6480,509,215,12,201,-4.063136316949494,-0.7730908823734483,197072.5,-2.2466736011788724,0.35553129347085133,0.12188741776908284,-2.2386520451608183,1361.5,-23.70231394621638,0.41721311475409834,-3.4008497045074164,181657
2023-10-13,183187,987327,64688,23942,2229,173045,-2.836542063435517,0.07830459803442177,4720,22435,1749,776,68,103,-4.435446153739661,-0.41625613904550457,193489.25,1.5240776559131364,0.35312549471305277,0.13069704727955586,-2.436005585927929,2196.25,286.88524590163934,0.3705508474576271,-3.656689363811825,187907
2023-10-20,183853,992643,63416,23028,2283,173132,-2.735311165688814,0.15195370362648442,2028,9226,864,433,30,394,-3.919111336135523,-1.0885758860933061,183015.25,0.36356291658250495,0.3449277411845333,0.12525223956095358,-2.5282410934021087,2391.75,-57.03389830508474,0.4260355029585799,-3.8954027676266825,185881
2023-10-27,169861,946203,61514,22972,1978,160154,-2.664799522288906,-0.025333393116169646,2113,9688,862,382,24,470,-3.497001997788928,-0.7055531331813288,179334.5,-7.6104278961996785,0.36214316411654235,0.13523999034504683,-2.603922604126952,2520.25,4.1913214990138,0.40795078088026504,-3.978673951153402,171974
2023-11-03,159379,890857,61534,22769,2110,149316,-2.914263424118432,-0.24422630020758818,2346,10482,1141,499,33,859,-4.445000808918323,-1.2793480690553043,174070.0,-6.170927994065734,0.3860859962730347,0.14286072820133142,-2.787729043882917,2801.75,11.026975863700894,0.4863597612958227,-4.074140074145609,161725
2023-11-10,159119,892613,56293,21869,2003,149526,-2.621996934496349,0.04794466187860778,2598,10832,1209,534,36,273,-3.8570491638431963,-1.2077784037615795,168053.0,-0.16313316057949834,0.35377924697867635,0.13743801808709205,-2.7340927616481254,2271.25,10.741687979539648,0.4653579676674365,-3.929540826671493,161717
2023-11-17,158329,892333,55045,19902,2162,149434,-2.481249798859071,0.1683155018792025,1799,7669,846,321,9,537,-3.6953356601303393,-0.758049835362347,161672.0,-0.4964837637240094,0.347662146542958,0.1257002823235162,-2.6705774199406895,2214.0,-30.754426481909157,0.47026125625347415,-3.873596907670197,160128
2023-11-24,150819,862623,52952,19115,1753,140943,-2.441661696036617,0.12202756229571358,3307,13829,1500,648,36,2065,-3.731695708569681,-0.7759168894717433,156911.5,-4.743287711032096,0.35109634727719985,0.12674132569503843,-2.6147929633776172,2512.5,83.8243468593663,0.4535833081342607,-3.932270335365385,154126
2023-12-01,159428,927135,52616,18115,2201,149160,-2.311225272065002,0.31001297434941544,2396,11866,1068,466,13,593,-3.274461444515587,-1.0715048285371613,156923.75,5.708166742917009,0.33002985673783775,0.11362495922924455,-2.46403342536426,2525.0,-27.547626247354096,0.44574290484140233,-3.6396354942647013,161824
2023-12-08,173534,995343,58277,20178,2066,162411,-2.2084793248584327,0.3245766870936123,4172,19240,2158,1329,43,2950,-3.9146758460004425,-1.7805563978695784,160527.5,8.847881175201344,0.33582467988981984,0.1162769255592564,-2.3606540229547806,2918.5,74.12353923205342,0.5172579098753596,-3.6540421648040127,177706
2023-12-15,177489,1005366,58337,18605,2307,168253,-2.1004637342747356,0.44857208811583227,5679,24611,2830,1412,43,3508,-4.417184605446786,-1.5717139022995137,165317.5,2.2790922816278147,0.328679523801475,0.10482339750632434,-2.265457506808697,3888.5,36.12176414189836,0.4983271702764571,-3.8345044011331244,183168
2023-12-22,147646,858734,53907,18976,1976,138590,-2.476304815857227,0.059029535868716385,12527,52122,4902,2485,87,11121,-3.8126552102019753,-0.9027242129286565,164524.25,-16.81399974082901,0.3651097896319575,0.12852363084675508,-2.274118286763849,6193.5,120.58460996654338,0.3913147601181448,-3.854744276541198,160173
2023-12-29,141067,802277,58102,25448,1358,135660,-2.7888701920234027,-0.5802735396392633,6674,27810,3160,1738,66,4471,-3.956894918008529,-1.560898259894434,159934.0,-4.455928369207429,0.41187520823438506,0.18039654915749254,-2.3935295167534494,7263.0,-46.72307815119342,0.47347917290979924,-4.025352644914434,147741
2024-01-05,135445,772286,60577,29097,1408,129754,-3.8071448176272438,-1.135317202508633,9988,46310,4414,2080,97,8525,-4.582502637930746,-1.0382511714418443,150411.75,-3.9853402992904075,0.44724426889143193,0.2148252058030935,-2.793195889945652,8717.0,49.6553790830087,0.4419303163796556,-4.19230934289701,145433
2024-01-12,154937,870475,59659,23815,1565,146503,-2.7787402474802527,-0.25994503000706887,10023,43589,4344,2104,74,8451,-4.286035618442177,-0.6075666063950873,144773.75,14.391081250692173,0.3850532797201443,0.15370763600689313,-2.9627650182470315,9803.0,0.35042050460551977,0.4334031727027836,-4.159522096145857,164960
2024-01-19,183725,1042809,74671,30487,2375,174931,-2.9241224536735495,-0.5007574941307741,9418,42168,4517,2248,155,7683,-4.0731373226525145,-1.4094620718448678,153793.5,18.580455281824214,0.4064280854538032,0.16593822288746768,-3.0747194277011123,9025.75,-6.036116931058566,0.4796135060522404,-4.224642624258492,193143
2024-01-26,176542,1002907,70166,26677,1953,168766,-2.968712736928734,-0.40030854388774867,5813,24407,2429,1169,98,4007,-3.6077103551546834,-0.9507405658458146,162662.25,-3.909647571098107,0.39744649998300685,0.15110851808634773,-3.1196800639274453,8810.5,-38.277765980038225,0.4178565284706692,-4.137346483545031,182355
2024-02-02,174490,1008980,69059,25536,2092,165183,-2.9584735783202634,-0.2925439095349405,5765,26277,2383,1348,58,3685,-3.5367597632778027,-0.64971435428604,172423.5,-1.1623296439374209,0.3957762622499857,0.14634649550117484,-2.9075122541007,7754.75,-0.8257354206089751,0.41335646140503035,-3.8759107648817945,180255
2024-02-09,178480,1014136,69328,25361,1962,169887,-2.7878848457307512,-0.2781044884076271,4155,19209,1878,978,39,2833,-3.6526176190997304,-1.168973064469246,178309.25,2.2866639922058507,0.38843567906768267,0.14209435230838188,-2.9097984036633244,6287.75,-27.92714657415438,0.451985559566787,-3.717556265046183,182635
2024-02-16,178665,998369,65994,20916,2228,170268,-2.5700551582577966,0.05042722178684044,3256,14119,1383,636,30,1857,-3.4944502808012396,-0.788204563763604,177044.25,0.10365307037203397,0.3693728486273193,0.11706825623373353,-2.821281579809386,4747.25,-21.63658243080626,0.42475429975429974,-3.5728845045833646,181921
2024-02-23,209467,1155610,77789,25826,3278,201253,-2.997217579018812,0.053275610209149504,4887,22082,2224,1328,58,2803,-3.9339623105086834,-1.5648837026615632,185275.5,17.240086194833903,0.371366372746065,0.12329388400082113,-2.828407790331906,4515.75,50.0921375921376,0.45508491917331695,-3.6544474934218645,214354
2024-03-01,209506,1177340,73652,23403,2913,201065,-2.4612482181037194,0.2626369152118666,4130,18404,1913,1121,47,2501,-3.3321187114300037,-1.4374899527279026,194029.5,0.018618684566074073,0.3515507909081363,0.11170563134230047,-2.70410145027777,4107.0,-15.490075711070183,0.4631961259079903,-3.6032872304599146,213636
2024-03-08,169750,961443,61888,21010,1877,160486,-2.520159643777226,0.0296769902523503,4992,23287,2653,1506,58,2591,-4.512563294379096,-2.158586515560204,191847.0,-18.976067511192994,0.36458321060382914,0.1237702503681885,-2.6371701497893882,4316.25,20.871670702179166,0.5314503205128205,-3.818273649279756,174742
2024-03-15,172777,985904,64872,22320,1876,164532,-2.448319772802089,-0.08118993868856185,3478,16674,1758,1115,54,2003,-3.9052908812952896,-2.1702103038046645,190375.0,1.783210603829155,0.37546664197202173,0.12918386127783213,-2.606736303425462,4371.75,-30.32852564102564,0.5054629097182288,-3.9209837994032686,176255
2024-03-22,174460,1010183,65290,22491,2242,165901,-2.5487828512235313,-0.10038539645080347,2718,12485,1455,875,33,848,-4.1741084326425835,-2.283117248902452,181623.25,0.9740879862481622,0.3742405135847759,0.12891780350796744,-2.494627621476641,3829.5,-21.85163887291547,0.5353200883002207,-3.9810203299367437,177178
2024-03-29,174798,1024108,76270,28262,1697,166068,-4.030310470970328,-0.7768344643636256,2789,11858,1084,563,28,1303,-3.210020500371878,-0.6171163397791768,172946.25,0.19374068554396384,0.43633222348081785,0.1616837721255392,-2.8868931846932933,3494.25,2.612214863870488,0.38866977411258513,-3.950495777172212,177587
2024-04-05,161609,932389,66111,24516,1552,153656,-3.135851239150251,-0.47155884721970714,2029,9465,772,325,13,780,-3.4118102703596405,-0.2098323890043395,170911.0,-7.545280838453527,0.4090799398548348,0.1516994721828611,-3.0408160835365496,2753.5,-27.249910362136966,0.38048299655002465,-3.6753075211673485,163638
2024-04-12,167446,959479,66183,23646,1960,159689,-3.0081728243494084,-0.3430638551886619,1742,7868,734,329,22,395,-3.7664499823387017,-1.2814972739580253,169578.25,3.6118037980557904,0.39524981187965075,0.14121567550135566,-3.1807793464233796,2319.5,-14.14489896500739,0.4213547646383467,-3.640597296428201,169188
2024-04-19,221570,1232016,93552,36397,3608,212925,-3.276163330634058,-0.6851677564567945,3705,16645,1684,746,50,1158,-3.9973686716331165,-1.1871551942477085,181355.75,32.323256452826584,0.4222232251658618,0.1642686284244257,-3.3626244662760114,2566.25,112.68656716417911,0.4545209176788124,-3.5964123561758345,225275
2024-04-26,175276,1004490,62653,22094,2194,166684,-2.234766448991871,0.12209658554449344,1637,8065,699,290,22,537,-2.9934000382695984,-0.6563750697407318,181475.25,-20.893622782867716,0.3574533877998129,0.1260526255733814,-2.9137384607813965,2278.25,-55.81646423751687,0.4270006108735492,-3.542257240650265,176913
2024-05-03,147276,844959,56471,19756,1968,137692,-2.617293221804918,-0.1707287854645894,2316,11669,1219,724,20,922,-3.9003794988070086,-2.19951948073292,177892.0,-15.974805449690777,0.3834365409163747,0.13414269806349982,-2.7840989564450638,2350.0,41.47831398900428,0.5263385146804835,-3.6643995477621067,149592
2024-05-10,144899,836430,56509,18907,1858,136736,-2.3348139855601304,-0.22465599975855416,1991,9416,766,408,18,611,-3.42539420444248,-0.7801101882454436,172255.25,-1.6139764795350175,0.3899888888122071,0.1304839922980835,-2.615759246747744,2412.25,-14.032815198618309,0.3847312908086389,-3.5791356032880515,146890
2024-05-17,162909,934977,62041,23304,3079,154614,-2.328085062607133,-0.24355461619073313,1487,7691,646,294,24,460,-3.5499564582093783,-0.9831199565575142,157590.0,12.429347338490949,0.3808322437679932,0.14304918696941238,-2.378739679741013,1857.75,-25.313912606730284,0.4344317417619368,-3.4672825499321167,164396
2024-05-24,175526,1007468,62712,21899,2282,168047,-2.5424731066503248,-0.005996476977223317,1566,7712,652,362,11,384,-2.756548490042067,-1.0913387780480543,157652.5,7.744814589740279,0.35728040290327356,0.12476214350010825,-2.4556663441556266,1840.0,5.31271015467385,0.4163473818646232,-3.408069662875234,177092
2024-05-31,163940,958480,56975,20221,1768,156323,-2.0469087161610435,0.2132126053212439,2199,10472,1028,602,19,1042,-3.6462861700034126,-1.5105931263034247,161818.5,-6.6007315155589446,0.34753568378675126,0.12334390630718556,-2.313070217744658,1810.75,40.42145593869733,0.46748522055479763,-3.344546330674335,166139
2024-06-07,153636,884958,53761,18337,1538,145186,-2.119005147130082,0.16660151241557095,1876,8136,688,310,30,428,-3.825097743639933,-0.6735152763769066,164002.75,-6.285226302305724,0.3499244968627145,0.11935353693144836,-2.259118008137146,1782.0,-14.688494770350157,0.36673773987206826,-3.444472215473698,155512
2024-06-14,158322,911966,51828,17507,1979,149977,-1.7441266933874153,0.4007676701129908,1775,8893,772,436,21,676,-3.8695512721694434,-1.280350037539533,162856.0,3.0500663906896763,0.3273581687952401,0.11057844140422683,-2.1131284158322163,1854.0,-5.383795309168448,0.4349295774647887,-3.5243709189637147,160097
2024-06-21,167363,950265,57699,18002,1983,159556,-2.1547754409729025,0.4297998551655966,1905,9001,918,467,11,979,-4.765004800194194,-1.443914972937811,160815.25,5.710514015740076,0.34475361937823773,0.10756260344281592,-2.016203999412861,1938.75,7.323943661971821,0.4818897637795276,-4.026484996501746,169268
2024-06-28,153538,900136,58223,20144,1733,145502,-2.8887273093268604,-0.04719889690592834,1812,8874,934,475,27,549,-4.31333854180333,-2.1463001776117445,158214.75,-8.260487682462669,0.3792090557386445,0.131198791178731,-2.226658647704315,1842.0,-4.881889763779523,0.5154525386313465,-4.193248089451726,155350
2024-07-05,135955,784584,46353,16344,1292,128472,-2.2935204154225572,0.1945315432672328,1419,6486,619,321,16,368,-3.953813062002662,-1.146660409788344,153794.5,-11.451888131928257,0.3409436946048325,0.12021624802324299,-2.270287464777434,1727.75,-21.68874172185431,0.43622269203664554,-4.225426919042407,137374
2024-07-12,170137,958213,56630,19998,1643,162012,-1.913647781423707,0.3815975627866391,1433,7709,579,291,6,454,-3.505993548078913,-0.8864221336928161,156748.25,25.142142620720097,0.3328494095934453,0.1175405702463309,-2.3126677367865067,1642.25,0.9866102889358741,0.40404745289602234,-4.134537488019775,171570
2024-07-19,141240,798612,50884,17826,1463,131570,-2.421009007893627,0.1146075991306316,1665,9405,763,436,13,556,-3.33451734854495,-1.6767219103039819,150217.5,-16.984547746815803,0.3602662135372416,0.1262107051826678,-2.379226128516688,1582.25,16.18981158408932,0.4582582582582583,-3.7769156251074643,142905
2024-07-26,137951,788143,50180,17610,1632,128766,-2.5104999974433895,-0.06161742282502932,2238,11484,1202,590,20,350,-4.56216903479477,-1.861741797630301,146320.75,-2.3286604361370755,0.3637523468477938,0.12765402208030388,-2.2846693005458203,1688.75,34.414414414414416,0.5370866845397676,-3.8391232483553246,140189
2024-08-02,173118,974471,67907,22908,2515,164855,-3.0535114631909956,-0.17774106331836628,2193,11426,1057,525,12,141,-5.332927726143155,-1.673534901644058,155611.5,25.49238497727453,0.39225845954782285,0.13232592797975948,-2.4746670624879297,1882.25,-2.0107238605898137,0.48198814409484725,-4.1839019143904475,175311
2024-08-09,165780,931899,71125,29038,2431,156542,-3.5953003936286225,-0.7898084312187901,1570,8460,773,407,6,255,-4.402319735226566,-1.9062004985905456,154522.25,-4.238727342044157,0.4290324526480878,0.17515985040415008,-2.8950802155391586,1916.5,-28.408572731418147,0.4923566878980892,-4.407983461177361,167350
2024-08-16,166385,938849,72363,28739,2347,158519,-3.4404257013564554,-0.8234515579237092,1899,8838,941,409,22,356,-4.281643113772107,-1.2486132524190798,160808.5,0.3649414887199942,0.4349130029750278,0.17272590678246236,-3.1499343889048657,1975.0,20.95541401273886,0.4955239599789363,-4.64476490248415,168284
2024-08-23,165085,929093,65297,25790,2217,156807,-2.9542134954307273,-0.42661818794466594,2529,10963,1185,619,36,706,-4.3347809444177186,-1.2696596456972469,167592.0,-0.7813204315292865,0.39553563315867585,0.15622255201865706,-3.2608627634017004,2047.75,33.17535545023698,0.46856465005931197,-4.587917879889887,167614
2024-08-30,165583,930580,66894,26100,1682,156132,-3.0660457876382976,-0.43319571167859294,2093,10419,1000,470,43,632,-4.6510509055703,-1.341095347103686,165708.25,0.3016627797801208,0.40399074784247174,0.15762487694992844,-3.263996344513526,2022.75,-17.240015816528278,0.47778308647873863,-4.417448674746673,167676
2024-09-06,149150,854527,57373,20810,1594,141124,-2.831398189457688,-0.22842622135585194,1808,8910,827,428,30,783,-3.963060863962425,-1.2033151686654706,161550.75,-9.924327980529402,0.38466644317800874,0.13952396915856521,-3.073020793470792,2082.25,-13.616817964644056,0.45741150442477874,-4.307633956930638,150958
2024-09-13,172837,954168,60781,20915,2550,164433,-2.4697338519177108,0.10552423449632253,1932,9837,658,275,18,262,-4.228881554097769,-0.21322541427321104,163163.75,15.88132752262823,0.3516665991656879,0.12100996893026378,-2.830347831111106,2090.5,6.858407079646023,0.34057971014492755,-4.2944435670120535,174769
2024-09-20,152791,876920,56140,19874,2026,144463,-2.6187443236261414,-0.01170999540988312,2146,10792,974,392,41,336,-3.750508273048713,-1.1860219974123591,160090.25,-11.59821103120281,0.3674300187838289,0.13007310640024608,-2.7464805381599593,1994.75,11.076604554865433,0.4538676607642125,-4.148375399169802,154937
2024-09-27,158581,886580,55855,19058,1627,150425,-2.388349010561328,0.08843616652536372,1547,7621,575,246,18,409,-3.178091932377449,-0.449294826019221,158339.75,3.789490218664704,0.35221747876479526,0.12017833157818401,-2.577056343890717,1858.25,-27.91239515377446,0.37168713639301876,-3.7801356558715895,160128
2024-10-04,171555,961294,72858,32113,1892,161759,-3.1689124390855445,-0.7590937619176411,3914,18829,1808,790,94,454,-3.993415397909214,-1.3064343185599274,163941.0,8.181307975104213,0.4246917898050188,0.18718778234385475,-2.661434906297681,2384.75,153.00581771170005,0.4619315278487481,-3.7877242893582865,175469
2024-10-11,156494,876614,58870,23056,2215,147133,-2.6775292980771956,-0.2673887969814107,2748,13203,1365,699,42,298,-4.108265067912811,-1.731255050717493,159855.25,-8.77910874063711,0.37618055644305853,0.14732833207662913,-2.713383767837552,2588.75,-29.790495656617267,0.49672489082969434,-3.7575701678120472,159242
2024-10-18,156376,890884,56720,20933,2083,147546,-2.4501046487482188,-0.07174046137539272,2353,10804,759,379,11,106,-3.8704312415210573,-0.22261606310784504,160751.5,-0.075402251843526,0.3627155062157876,0.13386325267304447,-2.6712238491180718,2640.5,-14.374090247452697,0.32256693582660434,-3.7875509099301334,158729
2024-10-25,168785,938910,58754,20206,1905,160201,-2.278058915730232,0.24612754132007525,1938,9044,564,261,22,402,-2.65500035471337,0.5530577482719063,163302.5,7.93536092495013,0.34809965340521964,0.11971442959978672,-2.6436513254102976,2738.25,-17.637059073523165,0.29102167182662536,-3.6567780155141136,170723
2024-11-01,161482,914133,64433,23316,1929,153231,-2.776415042157772,-0.35550696053432357,1429,7314,603,280,8,389,-4.055521682729151,-1.0100719447860234,160784.25,-4.3268062920283175,0.3990104160215999,0.1443876097645558,-2.5455269761783548,2117.0,-26.264189886480903,0.42197340797760674,-3.6723045867190978,162911
2024-11-08,149891,838377,53881,18496,1765,141780,-2.239828701584893,0.09079589529126315,1632,7320,632,276,33,474,-3.2803322923349056,-0.8220787930943934,159133.5,-7.177889795766712,0.3594678799927948,0.1233963346698601,-2.436101827055279,1838.0,14.205738278516456,0.3872549019607843,-3.4653213928246216,151523
2024-11-15,161070,912251,56403,19865,1646,152737,-2.2582949461277915,0.16902549002735,1633,7418,663,308,58,226,-3.8022540670917357,-0.75094913451589,160307.0,7.458086209312098,0.3501769417023654,0.12333147078909791,-2.388149401400172,1658.0,0.06127450980393245,0.4060012247397428,-3.4482770992172913,162703
2024-11-22,186998,1064010,75591,28392,2518,177784,-2.7888667807224796,-0.3988043422189366,1317,5908,548,222,4,316,-3.8388750054376475,-0.8390903331583454,164860.25,16.097348978704918,0.4042342698852394,0.15183050086097177,-2.515851367648234,1502.75,-19.350887936313534,0.4160971905846621,-3.7442457618983607,188315
2024-11-29,157331,907711,60289,22446,1716,149041,-2.6776657073305707,-0.20937792047664905,3028,13602,775,234,50,971,-3.402917571878262,0.7623271824388734,163822.5,-15.864875560166414,0.3831984796384692,0.14266737006692895,-2.4911640339414336,1902.5,129.916476841306,0.2559445178335535,-3.5810947341856383,160359
2024-12-06,165339,919043,56088,18918,2146,156396,-2.4735712646649453,0.2842078696553475,1438,6477,487,157,12,405,-3.070316405031788,0.17642862510197452,167684.5,5.08990599436856,0.3392303086386152,0.11441946546186925,-2.549599674711447,1854.0,-52.50990752972259,0.3386648122392211,-3.5285907623598587,166777
2024-12-13,167909,913253,56028,18782,2004,159015,-2.503436000083679,0.4018993255145596,1312,6734,465,182,7,382,-1.340037596610747,0.2644792299114324,169394.25,1.5543822086742987,0.33368074373619044,0.11185820891077905,-2.6108849382004187,1773.75,-8.762169680111265,0.3544207317073171,-2.9130366447396114,169221
2024-12-20,154279,887352,56946,21402,2015,145946,-2.64387670234563,-0.0004371886845576438,1423,7084,619,306,11,260,-3.4237283775556864,-0.7209951115810024,161214.5,-8.117492213043976,0.3691105075869042,0.1387227036732154,-2.574637418606206,1800.25,8.460365853658548,0.4349964862965566,-2.809249987769121,155702
2024-12-27,131729,755711,51916,20083,2013,125950,-3.0092462794052244,-0.37267401154895435,5310,23441,2154,911,88,3380,-2.949415135163838,-0.5217000633750964,154814.0,-14.61637682380622,0.3941121544990093,0.15245693810778188,-2.65753256162487,2370.75,273.1553056921996,0.4056497175141243,-2.6958743785905153,137039
2025-01-03,113615,647652,43779,16250,2318,108428,-2.8801165644213875,-0.1747817345905754,2023,9163,778,362,32,833,-3.542297516836109,-0.38291916554800043,141883.0,-13.75095840703262,0.38532764159662014,0.14302688905514235,-2.7591688865639803,2517.0,-61.90207156308851,0.38457736035590706,-2.8138696565415957,115638
2025-01-10,134533,765491,50369,17849,2430,125857,-2.6875164334173567,-0.21407270546823035,3400,15909,1189,407,42,2185,-2.5506776316850686,-0.08861708795065541,133539.0,18.41130132464903,0.37439884637969867,0.1326737677744494,-2.8051889948973994,3039.0,68.0672268907563,0.3497058823529412,-3.1165296653101757,137933
2025-01-17,161475,904441,55004,17819,3134,151876,-2.3021875464629473,0.3496857599565007,3521,15752,965,291,35,1597,-1.9920286720205946,0.9329043873238607,135338.0,20.02631324656403,0.34063477318470353,0.11035144759250658,-2.719766705926729,3563.5,3.55882352941177,0.27406986651519455,-2.758604738926403,164996
2025-01-24,140853,796106,48473,15867,2281,131848,-2.3448588467436857,0.2632760551593652,5093,21045,1536,478,39,2398,-4.023995983822474,0.5716255885346289,137619.0,-12.771017185322808,0.3441389249785237,0.11264935784115354,-2.553669847761344,3509.25,44.64640727066174,0.3015904182210878,-3.027249951091062,145946
2025-01-31,132038,756230,45415,14397,2209,122809,-2.3763155995711407,0.3167272029488174,3513,14420,1132,372,58,1833,-3.2794067489069656,0.31407536237733297,142224.75,-6.25829765784186,0.34395401323861313,0.10903679243854042,-2.4277196065487825,3881.75,-31.02297270763793,0.3222317107884999,-2.9615272591087765,135551
2025-02-07,143865,808480,49914,16274,2108,134813,-2.489095957268492,0.27310696497829184,3433,13388,799,218,37,2293,-2.480979042555434,1.509374042351958,144557.75,8.957269876853635,0.3469502658742571,0.11311993883154346,-2.3781144875115663,3890.0,-2.2772559066325027,0.23274104281969124,-2.944102611826368,147298
2025-02-14,179815,973527,52784,14395,2390,171013,-1.905471378335322,0.7457278448962755,1855,8346,553,183,32,881,-2.824796165917855,0.7626550972340865,149142.75,24.98870468842318,0.2935461446486667,0.08005450045880488,-2.27893544547966,3473.5,-45.96562773084766,0.2981132075471698,-3.1522944853006827,181670
2025-02-21,238600,1238220,63493,14154,3306,230538,-1.5048799233666028,1.2267885854917833,1292,6394,438,157,16,374,-2.891708258220176,0.26549678352286216,173579.5,32.69193337596974,0.26610645431684826,0.059321039396479466,-2.0689407146353895,2523.25,-30.350404312668466,0.33900928792569657,-2.869222553900108,239892
2025-02-28,211477,1145188,60761,15956,3149,203267,-1.4958635176155168,1.018917731594055,1448,7330,439,174,9,367,-2.6776494651415645,0.3535592865637452,193439.25,-11.367560771165131,0.2873172969164495,0.07545028537382316,-1.8488276941464834,2007.0,12.074303405572762,0.3031767955801105,-2.718783232958758,212925
2025-03-07,230945,1202790,70330,18100,5494,222075,-1.4499073778526654,0.8523645277991878,2182,8871,749,261,20,1006,-2.9036506078271733,0.5480785924231367,215209.25,9.20572922823759,0.30453138193076273,0.07837363874515578,-1.589030549292527,1694.25,50.690607734806626,0.34326306141154905,-2.8244511242766928,233127
2025-03-14,220743,1171790,67468,21004,3936,210357,-1.9447039352820001,0.6710120843475045,2697,11948,1147,471,33,771,-3.1510972315547474,-0.6987048095804348,225441.25,-4.417502002641327,0.30564049596136683,0.09515137512854314,-1.5988386885291963,1904.75,23.602199816681946,0.42528735632183906,-2.906026390685916,223440
2025-03-21,210346,1127303,71146,22063,2598,200798,-2.2610664544920893,0.3646088430654741,3540,15600,1360,481,79,815,-3.830314148205091,-0.5654134690396911,218377.75,-4.710002129172841,0.33823319673300184,0.1048890875034467,-1.787885321310568,2466.75,31.256952169076758,0.384180790960452,-3.1406778631821446,213886
2025-03-28,185948,1023250,63055,18910,2153,176130,-2.3047411719988284,0.41585368060243094,2801,11572,1152,352,67,910,-3.2322556720181574,-0.08265516933869986,211995.5,-11.598984530250156,0.33910017854453933,0.10169509755415493,-1.9901047349063958,2805.0,-20.87570621468926,0.4112816851124598,-3.2793294149012926,188749
2025-04-04,146341,834533,51752,15119,1872,137303,-2.4768782504761178,0.25970126453530323,1931,8361,742,259,45,658,-2.496745790614523,-0.17512245250305636,190844.5,-21.300040871641535,0.35363978652599065,0.10331349382606378,-2.2468474530622586,2742.25,-31.060335594430565,0.38425686172967377,-3.17760321059813,148272
2025-04-11,152569,853237,52230,16793,1731,142027,-2.492605406068467,0.3163990259120436,2518,10217,948,302,14,1462,-3.391124338025741,-0.2663684448232321,173801.0,4.255813476742687,0.34233690985717935,0.11006823142315936,-2.3838228207588754,2697.5,30.398757120662868,0.3764892772041303,-3.2376099872158783,155087
2025-04-18,171366,931158,58351,19067,2070,162200,-2.466674128527974,0.3335703319853605,2011,8484,915,407,30,491,-3.7035355888092334,-0.30038818761731034,164056.0,12.320327196219406,0.3405051177012943,0.11126477831075009,-2.4352247392678468,2315.25,-20.135027799841144,0.4549975136747887,-3.205915347366914,173377
2025-04-25,192745,1027554,62611,19737,2913,183742,-2.386688822335052,0.5640312497501789,2520,11045,993,455,53,264,-4.350914388064948,-0.6003849469262755,165755.25,12.475636940816726,0.32483851721186024,0.10239954343822148,-2.4557116518519027,2245.0,25.310790651417214,0.39404761904761904,-3.485580026378612,195265
2025-05-02,169247,922965,54071,17402,2078,160635,-2.0730661756699296,0.61955756164699,4570,20135,1737,721,59,1064,-4.261832054358349,-0.34914782958265056,171481.75,-12.191237126773713,0.31947981352697535,0.10282013861397839,-2.3547586331503556,2904.75,81.34920634920636,0.3800875273522976,-3.926851592314568,173817
2025-05-09,163352,893707,55068,18981,2432,153973,-2.007953738369698,0.2893137973066177,4939,21480,2694,1420,204,650,-4.837903104839361,-2.2014126428442564,174177.5,-3.48307503234917,0.33711249326607573,0.11619692443312601,-2.2335957162256634,3510.0,8.074398249452951,0.5454545454545454,-4.288546284017974,168291
2025-05-16,215594,1101523,55960,13935,3265,207446,-1.4394767288684829,1.1997167245657734,1843,8212,741,306,17,280,-3.2915652165160507,-0.24963919387989617,185234.5,31.981242959988254,0.2595619544143158,0.06463537946325038,-1.9767963663107908,3468.0,-62.68475399878518,0.4020618556701031,-4.185553690944677,217437
2025-05-23,182679,992156,54440,16300,3010,174534,-2.097065574002557,0.7651614684943494,1553,7015,663,251,20,304,-3.303764429840097,-0.6969842268887972,182718.0,-15.267122461664052,0.29800907602953813,0.08922755215432535,-1.9043905542276667,3226.25,-15.73521432447097,0.42691564713457825,-3.9237662013884647,184232
2025-05-30,166258,923125,57501,18794,2233,158351,-2.5880243602310578,0.317996150193793,1243,5990,484,165,16,230,-3.641279706784765,-0.23591592438503034,181970.75,-8.988991619178998,0.3458540340915926,0.11304117696592043,-2.033130100367949,2394.5,-19.961365099806827,0.3893805309734513,-3.768628114495069,167501
2025-06-06,167098,923377,58976,20528,2185,158864,-2.601503613348991,0.09260380294641549,1241,6017,444,171,4,213,-3.650119222286521,0.14430224728996174,182907.25,0.5052388456495249,0.3529425845910783,0.12285006403427928,-2.181517569112772,1470.0,-0.16090104585679832,0.3577759871071716,-3.471682143856859,168339
2025-06-13,152414,869627,60993,21550,2973,145287,-3.039022305711498,-0.19736473572748497,2345,10616,921,371,40,331,-3.055984619848639,0.1506493361504693,167112.25,-8.78765754228058,0.40017977351161965,0.14139121078116185,-2.5814039633235257,1595.5,88.96051571313457,0.3927505330490405,-3.412786994690006,154759
2025-06-20,22117,118538,9832,4341,345,21595,-3.399667087239046,-1.2159266538623377,293,1282,117,46,8,60,-1.1853640855505965,-3.311489578037621,126971.75,-85.4888658522183,0.44454492019713343,0.19627435909029253,-2.9070543416326484,1280.5,-87.50533049040511,0.3993174061433447,-2.8831869086176307,22410
2025-06-27,1255,5731,311,146,8,1210,-3.0914500018164794,0.3424549711659911,24,99,6,6,0,2,-0.8551724415334367,-1.1071428571428572,85721.0,-94.32563186688972,0.24780876494023904,0.11633466135458168,-3.0329107520290037,975.75,-91.80887372013652,0.25,-2.1866600923047987,1279
2025-07-04,81652,455559,30057,10253,1845,77717,-2.5792004270018274,0.1131133752123559,698,3413,247,96,12,163,-2.4625065100663597,-0.919332273500183,64359.5,6406.135458167331,0.3681110076911772,0.12556949003086268,-3.027334955442213,840.0,2808.333333333333,0.3538681948424069,-1.8897569142497583,82350
2025-07-11,153818,867813,55464,19527,2389,145342,-2.552788237207565,0.05376982335597125,3643,17260,1948,1141,38,2420,-4.685972723099098,-1.8399753960779324,64710.5,88.38240337040122,0.3605819865035301,0.12694873161788608,-2.90577643831623,1164.5,421.91977077363896,0.5347241284655504,-2.2972539400623733,157461
2025-07-18,153079,858917,53792,17119,2150,144634,-2.413935847231397,0.22440311173823632,2034,9539,805,344,22,437,-3.9317692483588944,-0.6632218754295496,97451.0,-0.48043792013938713,0.35140025738344255,0.11183114600957675,-2.6593436283143173,1599.75,-44.16689541586605,0.39577187807276304,-2.9838552307644477,155113
2025-07-25,144812,835725,50656,15018,2086,137365,-2.908646409680459,0.37643502494379893,1154,6351,447,195,34,241,-3.216713459919064,-0.1946420695362594,133340.25,-5.40047949098178,0.3498052647570643,0.10370687512084634,-2.6136427302803122,1882.25,-43.2645034414946,0.3873483535528596,-3.5742404853608543,145966
2025-08-01,130562,745613,48540,15530,2348,122026,-3.0149839667889595,0.004358679379626358,1358,6090,595,264,13,191,-3.4985173213163328,-0.9088697316213975,145567.75,-9.840344722813022,0.3717773931159143,0.11894732004718064,-2.722588615227095,2047.25,17.677642980935882,0.4381443298969072,-3.833243188173348,131920
2025-08-08,143597,776652,48270,15027,2131,133669,-2.6637010739644422,0.31368451054044233,1292,6128,527,195,34,216,-4.010767923648787,-0.35463116334701184,143012.5,9.983762503638127,0.3361490838945103,0.10464703301601008,-2.7503168244163145,1459.5,-4.860088365243009,0.40789473684210525,-3.66444198831077,144889
2025-08-15,187964,973165,54764,14578,2635,180712,-1.9841982484190461,0.9091408844868875,1371,6532,590,271,20,229,-3.7484700520629555,-1.38807944171012,151733.75,30.89688503241712,0.2913536634674725,0.07755740460939328,-2.642882424713227,1293.75,6.114551083591335,0.43034281546316555,-3.6186171892367858,189335
2025-08-22,219346,1116991,62824,17541,2664,211277,-1.511961279935386,0.8454209187179769,1571,6963,652,196,31,66,-4.168957307181588,-0.5430935342802646,170367.25,16.69575025004788,0.2864150702543014,0.07996954583169968,-2.2937111422769583,1398.0,14.587892049598828,0.41502227880331,-3.8566781510524164,220917
2025-08-29,165565,923489,56625,17144,2220,156696,-2.2997148766511644,0.36078129753877386,1664,7393,703,259,26,227,-3.8738041019513325,-0.334659043858999,179118.0,-24.518796786811702,0.3420106906652976,0.10354845528946335,-2.11489386974251,1474.5,5.919796308084013,0.42247596153846156,-3.9504998462111662,167229
2025-09-05,160211,888784,55165,17489,2125,151947,-2.274778325474481,0.22283776026523805,2131,9113,950,430,11,528,-4.130745921245701,-1.0570643298634004,183271.5,-3.233775254431792,0.3443271685464793,0.10916229222712548,-2.0176631826200193,1684.25,28.064903846153854,0.44580009385265135,-3.9804943456103947,162342
2025-09-12,148871,833786,59389,20666,1947,140323,-3.022254438050776,-0.3357705732600573,2365,11149,930,345,20,420,-4.396798416300847,-0.44929859079077633,173498.25,-7.0781656690239725,0.3989292743381854,0.13881817143701594,-2.277177230027952,1932.75,10.980760206475825,0.39323467230443976,-4.142576436669867,151236
2025-09-19,136779,785326,51893,16086,1934,127656,-2.6638850211277685,-0.1250313969468321,2127,9273,903,396,62,333,-4.178354664443487,-0.8831433436911295,152856.5,-8.12246844583565,0.3793930354805928,0.11760577281600246,-2.5651581653260473,2071.75,-10.063424947145883,0.4245416078984485,-4.144925775985342,138906
2025-09-26,157243,873964,57276,16803,1832,148462,-2.6963645917063492,-0.013334523193421861,1571,7472,661,238,45,68,-4.248815077662142,-0.9812570418235769,150776.0,14.96136102764314,0.36425150881120305,0.10686008280177814,-2.664320594089844,2048.5,-26.140103432063945,0.4207511139401655,-4.238678519913044,158814
2025-10-03,140159,820312,53078,15315,2143,131836,-2.695513534588937,-0.007560118720625564,2314,10724,1033,429,40,75,-3.6610724272555073,-0.9237218752166804,145763.0,-10.86471257862035,0.37869847815695035,0.10926875905221926,-2.7695043963684576,2094.25,47.29471674092935,0.4464131374243734,-4.121260146415496,142473
2025-10-10,124178,724258,46581,14861,1924,116439,-2.455663927851091,-0.12037019262217663,2105,9789,918,337,42,234,-3.656882408868959,-0.625920942108559,139589.75,-11.402050528328544,0.37511475462642335,0.11967498268614409,-2.6278567688185364,2029.25,-9.031979256698353,0.436104513064133,-3.9362811445575243,126283
2025-10-17,151675,835819,49694,14689,2229,142089,-2.0078903174031026,0.36380164281032457,1630,7546,655,213,42,160,-3.258703346001666,-0.205274717633942,143313.75,22.14321377377635,0.32763474534366244,0.09684522828416021,-2.46385809288737,1905.0,-22.56532066508313,0.401840490797546,-3.706368314947069,153305
2025-10-24,164227,893701,55153,15114,4371,153476,-2.3726087125456843,0.3791315253075034,2569,11882,938,361,33,245,-4.022459907227662,-0.10578072676773773,145059.75,8.275589253337735,0.33583393717232857,0.09203115200302021,-2.3829191230972038,2154.5,57.607361963190186,0.3651226158038147,-3.6497795223384495,166796
2025-10-31,132798,759632,48214,14646,3198,122472,-2.5667395089855796,0.05664485424783981,1661,8398,611,196,25,156,-2.8856510390920525,0.15543948412179162,143219.5,-19.13753524085564,0.36306269672736036,0.11028780553924004,-2.3507256166963644,1991.25,-35.34449202024133,0.36785069235400364,-3.4559241752975858,134459
2025-11-07,128791,737922,45992,14910,1953,118270,-2.370515092777319,0.11355799812248919,2119,10452,854,356,48,147,-3.795167885889097,-0.6666110300334182,144372.75,-3.017364719348181,0.35710569837954514,0.11576895901111102,-2.3294384079279213,1994.75,27.573750752558702,0.40302029259084476,-3.49049554455262,130910
2025-11-14,130216,759829,47065,14285,2227,119247,-2.4836311211893407,0.11883841862214271,1843,8360,735,234,42,320,-3.653267308328926,-0.38241500988596505,139008.0,1.106443773245025,0.3614379185353566,0.10970234072617804,-2.4483736088744807,2048.0,-13.025011798017939,0.39880629408572976,-3.5891365351344353,132059
2025-11-21,170561,958157,54439,16319,2497,161444,-2.1092283896551076,0.5204733721107146,1391,6349,527,210,35,276,-3.727396788431414,-0.36809374322958577,140591.5,30.983135712969222,0.3191761305339439,0.0956783789963708,-2.3825285281518367,1753.5,-24.525230602278892,0.3788641265276779,-3.515370755435373,171952
2025-11-28,179356,997812,53953,14032,2866,171958,-1.7346531116487067,0.7761333717318942,1440,6651,565,233,27,282,-2.9273557712482026,-0.6892265692275586,152231.0,5.156512919131573,0.3008151386070162,0.07823546466245902,-2.1745069288176184,1698.25,3.5226455787203514,0.3923611111111111,-3.52579693847441,180796
2025-12-05,169006,940024,55402,14471,3208,160713,-2.2398880552330525,0.46711035376454596,2629,11922,1166,479,51,396,-4.571293562915323,-0.9845150884192886,162284.75,-5.770646089341868,0.3278108469521792,0.08562417902322994,-2.141850169431552,1825.75,82.56944444444446,0.4435146443514644,-3.7198283577309668,171635
2025-12-12,159245,891803,53015,14274,2472,149795,-2.018840290880322,0.4174724933916591,1626,7247,567,205,20,391,-3.2711513756006787,-0.10692391834558243,169542.0,-5.775534596404864,0.3329146911990957,0.08963546736161261,-2.0256524618542975,1771.5,-38.15138836059339,0.34870848708487084,-3.624299374548905,160871
2025-12-19,154591,897537,53092,14111,2462,146350,-2.224766554715364,0.4035637779901098,2630,11193,1085,389,64,264,-4.770274297629514,-0.8923982698720444,165549.5,-2.922540739112689,0.3434352581974371,0.09127956996202884,-2.0545370031193615,2081.25,61.74661746617467,0.41254752851711024,-3.88501875184843,157221
2025-12-26,131902,761288,46000,14545,1613,126378,-2.3666455430690165,0.2743712115662807,1814,7820,769,259,49,203,-4.755976943536095,-0.8030559432946394,153686.0,-14.676792310030983,0.3487437643098664,0.11027126199754363,-2.212535110974439,2174.75,-31.02661596958175,0.4239250275633958,-4.3421740449204025,133716
2026-01-02,106723,580768,37877,12411,1008,103354,-2.3600360935065523,0.14541226091504908,1523,6849,646,223,22,217,-3.778323041210855,-0.403337636730065,138115.25,-19.089172264256792,0.3549094384528171,0.11629170844147935,-2.242572120542814,1898.25,-16.041896361631757,0.4241628365068943,-4.143931414494286,108246
