site_id,site_name,site_type,month,year,filename,file_exists,excluded,pixel_valid,valid_mask,n_scenes,mean_cloud,patch_px,crs,exclude_reason
P001,Rotterdam,port,2019_01,2019,S2_P001_Rotterdam_2019_01.tif,1,0,1,1,1,38.643684,640,EPSG:32631,
P001,Rotterdam,port,2019_02,2019,S2_P001_Rotterdam_2019_02.tif,1,0,1,1,3,19.004349666666666,640,EPSG:32631,
P001,Rotterdam,port,2019_03,2019,S2_P001_Rotterdam_2019_03.tif,1,0,1,1,3,31.748948000000002,640,EPSG:32631,
P001,Rotterdam,port,2019_04,2019,S2_P001_Rotterdam_2019_04.tif,1,0,1,1,4,10.6559575,640,EPSG:32631,
P001,Rotterdam,port,2019_05,2019,S2_P001_Rotterdam_2019_05.tif,1,0,1,1,4,42.57456025,640,EPSG:32631,
P001,Rotterdam,port,2019_06,2019,S2_P001_Rotterdam_2019_06.tif,1,0,1,1,3,28.959044333333328,640,EPSG:32631,
P001,Rotterdam,port,2019_07,2019,S2_P001_Rotterdam_2019_07.tif,1,0,1,1,3,4.557695333333333,640,EPSG:32631,
P001,Rotterdam,port,2019_08,2019,S2_P001_Rotterdam_2019_08.tif,1,0,1,1,2,17.9651475,640,EPSG:32631,
P001,Rotterdam,port,2019_09,2019,S2_P001_Rotterdam_2019_09.tif,1,0,1,1,3,44.89498766666667,640,EPSG:32631,
P001,Rotterdam,port,2019_10,2019,S2_P001_Rotterdam_2019_10.tif,1,0,1,1,2,56.711099,640,EPSG:32631,
P001,Rotterdam,port,2019_11,2019,S2_P001_Rotterdam_2019_11.tif,1,0,1,1,3,24.316852,640,EPSG:32631,
P001,Rotterdam,port,2019_12,2019,S2_P001_Rotterdam_2019_12.tif,1,0,1,1,4,28.30134125,640,EPSG:32631,
P001,Rotterdam,port,2020_01,2020,S2_P001_Rotterdam_2020_01.tif,1,0,1,1,1,37.723726,640,EPSG:32631,
P001,Rotterdam,port,2020_02,2020,S2_P001_Rotterdam_2020_02.tif,1,0,1,1,4,35.366998,640,EPSG:32631,
P001,Rotterdam,port,2020_03,2020,S2_P001_Rotterdam_2020_03.tif,1,0,1,1,6,24.27063766666667,640,EPSG:32631,
P001,Rotterdam,port,2020_04,2020,S2_P001_Rotterdam_2020_04.tif,1,0,1,1,5,17.144919199999997,640,EPSG:32631,
P001,Rotterdam,port,2020_05,2020,S2_P001_Rotterdam_2020_05.tif,1,0,1,1,5,12.6711364,640,EPSG:32631,
P001,Rotterdam,port,2020_06,2020,S2_P001_Rotterdam_2020_06.tif,1,0,1,1,3,28.156538666666666,640,EPSG:32631,
P001,Rotterdam,port,2020_07,2020,S2_P001_Rotterdam_2020_07.tif,1,0,1,1,4,45.354039,640,EPSG:32631,
P001,Rotterdam,port,2020_08,2020,S2_P001_Rotterdam_2020_08.tif,1,0,1,1,3,46.791997333333335,640,EPSG:32631,
P001,Rotterdam,port,2020_09,2020,S2_P001_Rotterdam_2020_09.tif,1,0,1,1,3,12.989922666666667,640,EPSG:32631,
P001,Rotterdam,port,2020_10,2020,S2_P001_Rotterdam_2020_10.tif,1,0,1,1,1,47.509268,640,EPSG:32631,
P001,Rotterdam,port,2020_12,2020,S2_P001_Rotterdam_2020_12.tif,1,0,1,1,2,37.169701,640,EPSG:32631,
P001,Rotterdam,port,2021_01,2021,S2_P001_Rotterdam_2021_01.tif,1,0,1,1,2,37.715528,640,EPSG:32631,
P001,Rotterdam,port,2021_02,2021,S2_P001_Rotterdam_2021_02.tif,1,0,1,1,3,40.17561533333333,640,EPSG:32631,
P001,Rotterdam,port,2021_03,2021,S2_P001_Rotterdam_2021_03.tif,1,0,1,1,5,22.601726799999998,640,EPSG:32631,
P001,Rotterdam,port,2021_04,2021,S2_P001_Rotterdam_2021_04.tif,1,0,1,1,4,26.794369250000003,640,EPSG:32631,
P001,Rotterdam,port,2021_05,2021,S2_P001_Rotterdam_2021_05.tif,1,0,1,1,2,23.5814505,640,EPSG:32631,
P001,Rotterdam,port,2021_06,2021,S2_P001_Rotterdam_2021_06.tif,1,0,1,1,3,16.598044666666667,640,EPSG:32631,
P001,Rotterdam,port,2021_07,2021,S2_P001_Rotterdam_2021_07.tif,1,0,1,1,3,19.31915533333333,640,EPSG:32631,
P001,Rotterdam,port,2021_08,2021,S2_P001_Rotterdam_2021_08.tif,1,0,1,1,4,36.559284500000004,640,EPSG:32631,
P001,Rotterdam,port,2021_09,2021,S2_P001_Rotterdam_2021_09.tif,1,0,1,1,2,26.592244,640,EPSG:32631,
P001,Rotterdam,port,2021_10,2021,S2_P001_Rotterdam_2021_10.tif,1,0,1,1,1,41.230046,640,EPSG:32631,
P001,Rotterdam,port,2021_11,2021,S2_P001_Rotterdam_2021_11.tif,1,0,1,1,2,24.930755,640,EPSG:32631,
P001,Rotterdam,port,2021_12,2021,S2_P001_Rotterdam_2021_12.tif,1,0,1,1,3,16.286629333333334,640,EPSG:32631,
P001,Rotterdam,port,2022_01,2022,S2_P001_Rotterdam_2022_01.tif,1,0,1,1,3,40.18846133333333,640,EPSG:32631,
P001,Rotterdam,port,2022_02,2022,S2_P001_Rotterdam_2022_02.tif,1,0,1,1,1,17.501621,640,EPSG:32631,
P001,Rotterdam,port,2022_03,2022,S2_P001_Rotterdam_2022_03.tif,1,0,1,1,4,5.767146250000001,640,EPSG:32631,
P001,Rotterdam,port,2022_04,2022,S2_P001_Rotterdam_2022_04.tif,1,0,1,1,3,41.91786666666667,640,EPSG:32631,
P001,Rotterdam,port,2022_05,2022,S2_P001_Rotterdam_2022_05.tif,1,0,1,1,1,18.494089,640,EPSG:32631,
P001,Rotterdam,port,2022_06,2022,S2_P001_Rotterdam_2022_06.tif,1,0,1,1,2,18.376784,640,EPSG:32631,
P001,Rotterdam,port,2022_07,2022,S2_P001_Rotterdam_2022_07.tif,1,0,1,1,4,5.6703225,640,EPSG:32631,
P001,Rotterdam,port,2022_08,2022,S2_P001_Rotterdam_2022_08.tif,1,0,1,1,5,26.914585,640,EPSG:32631,
P001,Rotterdam,port,2022_09,2022,S2_P001_Rotterdam_2022_09.tif,1,0,1,1,3,44.890045333333326,640,EPSG:32631,
P001,Rotterdam,port,2022_11,2022,S2_P001_Rotterdam_2022_11.tif,1,0,1,1,2,37.9250305,640,EPSG:32631,
P001,Rotterdam,port,2022_12,2022,S2_P001_Rotterdam_2022_12.tif,1,0,1,1,4,33.7401675,640,EPSG:32631,
P001,Rotterdam,port,2023_01,2023,S2_P001_Rotterdam_2023_01.tif,1,0,1,1,1,29.149425,640,EPSG:32631,
P001,Rotterdam,port,2023_02,2023,S2_P001_Rotterdam_2023_02.tif,1,0,1,1,1,0.147133,640,EPSG:32631,
P001,Rotterdam,port,2023_03,2023,S2_P001_Rotterdam_2023_03.tif,1,0,1,1,2,27.604325499999998,640,EPSG:32631,
P001,Rotterdam,port,2023_04,2023,S2_P001_Rotterdam_2023_04.tif,1,0,1,1,3,28.924801666666667,640,EPSG:32631,
P001,Rotterdam,port,2023_05,2023,S2_P001_Rotterdam_2023_05.tif,1,0,1,1,2,35.735457000000004,640,EPSG:32631,
P001,Rotterdam,port,2023_06,2023,S2_P001_Rotterdam_2023_06.tif,1,0,1,1,5,14.3936228,640,EPSG:32631,
P001,Rotterdam,port,2023_07,2023,S2_P001_Rotterdam_2023_07.tif,1,0,1,1,1,50.954813,640,EPSG:32631,
P001,Rotterdam,port,2023_08,2023,S2_P001_Rotterdam_2023_08.tif,1,0,1,1,3,28.124028999999997,640,EPSG:32631,
P001,Rotterdam,port,2023_09,2023,S2_P001_Rotterdam_2023_09.tif,1,0,1,1,1,0.021612,640,EPSG:32631,
P001,Rotterdam,port,2023_10,2023,S2_P001_Rotterdam_2023_10.tif,1,0,1,1,2,43.947636,640,EPSG:32631,
P001,Rotterdam,port,2023_11,2023,S2_P001_Rotterdam_2023_11.tif,1,0,1,1,2,57.335832999999994,640,EPSG:32631,
P001,Rotterdam,port,2023_12,2023,S2_P001_Rotterdam_2023_12.tif,1,0,1,1,2,51.179990000000004,640,EPSG:32631,
P001,Rotterdam,port,2024_01,2024,S2_P001_Rotterdam_2024_01.tif,1,0,1,1,1,2.392932,640,EPSG:32631,
P001,Rotterdam,port,2024_03,2024,S2_P001_Rotterdam_2024_03.tif,1,0,1,1,2,12.773396499999999,640,EPSG:32631,
P001,Rotterdam,port,2024_04,2024,S2_P001_Rotterdam_2024_04.tif,1,0,1,1,2,33.3085465,640,EPSG:32631,
P001,Rotterdam,port,2024_05,2024,S2_P001_Rotterdam_2024_05.tif,1,0,1,1,1,11.940564,640,EPSG:32631,
P001,Rotterdam,port,2024_06,2024,S2_P001_Rotterdam_2024_06.tif,1,0,1,1,3,21.38574,640,EPSG:32631,
P001,Rotterdam,port,2024_07,2024,S2_P001_Rotterdam_2024_07.tif,1,0,1,1,2,23.6812615,640,EPSG:32631,
P001,Rotterdam,port,2024_08,2024,S2_P001_Rotterdam_2024_08.tif,1,0,1,1,5,22.113565,640,EPSG:32631,
P001,Rotterdam,port,2024_09,2024,S2_P001_Rotterdam_2024_09.tif,1,0,1,1,3,36.256088999999996,640,EPSG:32631,
P001,Rotterdam,port,2024_10,2024,S2_P001_Rotterdam_2024_10.tif,1,0,1,1,2,34.688111,640,EPSG:32631,
P001,Rotterdam,port,2025_01,2025,S2_P001_Rotterdam_2025_01.tif,1,0,1,1,1,59.870398,640,EPSG:32631,
P001,Rotterdam,port,2025_02,2025,S2_P001_Rotterdam_2025_02.tif,1,0,1,1,4,34.68650575,640,EPSG:32631,
P001,Rotterdam,port,2025_03,2025,S2_P001_Rotterdam_2025_03.tif,1,0,1,1,7,37.29462171428572,640,EPSG:32631,
P001,Rotterdam,port,2025_04,2025,S2_P001_Rotterdam_2025_04.tif,1,0,1,1,5,13.305567399999997,640,EPSG:32631,
P001,Rotterdam,port,2025_05,2025,S2_P001_Rotterdam_2025_05.tif,1,0,1,1,4,29.707754,640,EPSG:32631,
P001,Rotterdam,port,2025_06,2025,S2_P001_Rotterdam_2025_06.tif,1,0,1,1,3,24.434963,640,EPSG:32631,
P001,Rotterdam,port,2025_07,2025,S2_P001_Rotterdam_2025_07.tif,1,0,1,1,4,38.058198749999995,640,EPSG:32631,
P001,Rotterdam,port,2025_08,2025,S2_P001_Rotterdam_2025_08.tif,1,0,1,1,2,34.1098975,640,EPSG:32631,
P001,Rotterdam,port,2025_09,2025,S2_P001_Rotterdam_2025_09.tif,1,0,1,1,2,25.4404015,640,EPSG:32631,
P001,Rotterdam,port,2025_10,2025,S2_P001_Rotterdam_2025_10.tif,1,0,1,1,1,48.387808,640,EPSG:32631,
P001,Rotterdam,port,2025_12,2025,S2_P001_Rotterdam_2025_12.tif,1,0,1,1,3,24.681045333333334,640,EPSG:32631,
P001,Rotterdam,port,2026_01,2026,S2_P001_Rotterdam_2026_01.tif,1,0,1,1,3,15.392249,640,EPSG:32631,
P001,Rotterdam,port,2026_03,2026,S2_P001_Rotterdam_2026_03.tif,1,0,1,1,3,2.3213856666666666,640,EPSG:32631,
P001,Rotterdam,port,2026_04,2026,S2_P001_Rotterdam_2026_04.tif,1,0,1,1,7,26.64020371428571,640,EPSG:32631,
P001,Rotterdam,port,2026_05,2026,S2_P001_Rotterdam_2026_05.tif,1,0,1,1,5,17.7944334,640,EPSG:32631,
P001,Rotterdam,port,2026_06,2026,S2_P001_Rotterdam_2026_06.tif,1,0,1,1,6,39.796461,640,EPSG:32631,
P002,Fujairah,terminal,2019_01,2019,S2_P002_Fujairah_2019_01.tif,1,0,1,1,5,30.884456199999995,320,EPSG:32640,
P002,Fujairah,terminal,2019_02,2019,S2_P002_Fujairah_2019_02.tif,1,0,1,1,5,8.160787800000001,320,EPSG:32640,
P002,Fujairah,terminal,2019_03,2019,S2_P002_Fujairah_2019_03.tif,1,0,1,1,4,6.221385999999999,320,EPSG:32640,
P002,Fujairah,terminal,2019_04,2019,S2_P002_Fujairah_2019_04.tif,1,0,1,1,5,17.803443800000004,320,EPSG:32640,
P002,Fujairah,terminal,2019_05,2019,S2_P002_Fujairah_2019_05.tif,1,0,1,1,5,34.9782134,320,EPSG:32640,
P002,Fujairah,terminal,2019_06,2019,S2_P002_Fujairah_2019_06.tif,1,0,1,1,6,33.81697316666666,320,EPSG:32640,
P002,Fujairah,terminal,2019_07,2019,S2_P002_Fujairah_2019_07.tif,1,0,1,1,6,22.176396666666665,320,EPSG:32640,
P002,Fujairah,terminal,2019_08,2019,S2_P002_Fujairah_2019_08.tif,1,0,1,1,6,18.068168,320,EPSG:32640,
P002,Fujairah,terminal,2019_09,2019,S2_P002_Fujairah_2019_09.tif,1,0,1,1,5,4.481882400000001,320,EPSG:32640,
P002,Fujairah,terminal,2019_10,2019,S2_P002_Fujairah_2019_10.tif,1,0,1,1,7,10.254037857142858,320,EPSG:32640,
P002,Fujairah,terminal,2019_11,2019,S2_P002_Fujairah_2019_11.tif,1,0,1,1,6,21.300564500000004,320,EPSG:32640,
P002,Fujairah,terminal,2019_12,2019,S2_P002_Fujairah_2019_12.tif,1,0,1,1,6,19.858205333333334,320,EPSG:32640,
P002,Fujairah,terminal,2020_01,2020,S2_P002_Fujairah_2020_01.tif,1,0,1,1,5,17.542438,320,EPSG:32640,
P002,Fujairah,terminal,2020_02,2020,S2_P002_Fujairah_2020_02.tif,1,0,1,1,6,18.6172425,320,EPSG:32640,
P002,Fujairah,terminal,2020_03,2020,S2_P002_Fujairah_2020_03.tif,1,0,1,1,3,15.982301333333334,320,EPSG:32640,
P002,Fujairah,terminal,2020_04,2020,S2_P002_Fujairah_2020_04.tif,1,0,1,1,5,12.9942982,320,EPSG:32640,
P002,Fujairah,terminal,2020_05,2020,S2_P002_Fujairah_2020_05.tif,1,0,1,1,6,30.69380316666667,320,EPSG:32640,
P002,Fujairah,terminal,2020_06,2020,S2_P002_Fujairah_2020_06.tif,1,0,1,1,6,29.22564033333333,320,EPSG:32640,
P002,Fujairah,terminal,2020_07,2020,S2_P002_Fujairah_2020_07.tif,1,0,1,1,6,31.930099,320,EPSG:32640,
P002,Fujairah,terminal,2020_08,2020,S2_P002_Fujairah_2020_08.tif,1,0,1,1,6,27.069399333333337,320,EPSG:32640,
P002,Fujairah,terminal,2020_09,2020,S2_P002_Fujairah_2020_09.tif,1,0,1,1,6,0.7135491666666667,320,EPSG:32640,
P002,Fujairah,terminal,2020_10,2020,S2_P002_Fujairah_2020_10.tif,1,0,1,1,6,0.208118,320,EPSG:32640,
P002,Fujairah,terminal,2020_11,2020,S2_P002_Fujairah_2020_11.tif,1,0,1,1,6,8.289508166666666,320,EPSG:32640,
P002,Fujairah,terminal,2020_12,2020,S2_P002_Fujairah_2020_12.tif,1,0,1,1,6,3.5047076666666666,320,EPSG:32640,
P002,Fujairah,terminal,2021_01,2021,S2_P002_Fujairah_2021_01.tif,1,0,1,1,6,3.374931,320,EPSG:32640,
P002,Fujairah,terminal,2021_02,2021,S2_P002_Fujairah_2021_02.tif,1,0,1,1,6,5.2852545,320,EPSG:32640,
P002,Fujairah,terminal,2021_03,2021,S2_P002_Fujairah_2021_03.tif,1,0,1,1,6,4.7327821666666665,320,EPSG:32640,
P002,Fujairah,terminal,2021_04,2021,S2_P002_Fujairah_2021_04.tif,1,0,1,1,6,11.0217945,320,EPSG:32640,
P002,Fujairah,terminal,2021_05,2021,S2_P002_Fujairah_2021_05.tif,1,0,1,1,5,38.0120448,320,EPSG:32640,
P002,Fujairah,terminal,2021_06,2021,S2_P002_Fujairah_2021_06.tif,1,0,1,1,6,19.768510333333328,320,EPSG:32640,
P002,Fujairah,terminal,2021_07,2021,S2_P002_Fujairah_2021_07.tif,1,0,1,1,5,29.112946799999996,320,EPSG:32640,
P002,Fujairah,terminal,2021_08,2021,S2_P002_Fujairah_2021_08.tif,1,0,1,1,6,13.927250666666666,320,EPSG:32640,
P002,Fujairah,terminal,2021_09,2021,S2_P002_Fujairah_2021_09.tif,1,0,1,1,6,8.301389333333333,320,EPSG:32640,
P002,Fujairah,terminal,2021_10,2021,S2_P002_Fujairah_2021_10.tif,1,0,1,1,6,0.4294241666666667,320,EPSG:32640,
P002,Fujairah,terminal,2021_11,2021,S2_P002_Fujairah_2021_11.tif,1,0,1,1,5,5.1662018,320,EPSG:32640,
P002,Fujairah,terminal,2021_12,2021,S2_P002_Fujairah_2021_12.tif,1,0,1,1,4,11.1868335,320,EPSG:32640,
P002,Fujairah,terminal,2022_01,2022,S2_P002_Fujairah_2022_01.tif,1,0,1,1,5,11.424508,320,EPSG:32640,
P002,Fujairah,terminal,2022_02,2022,S2_P002_Fujairah_2022_02.tif,1,0,1,1,6,7.235115166666667,320,EPSG:32640,
P002,Fujairah,terminal,2022_03,2022,S2_P002_Fujairah_2022_03.tif,1,0,1,1,5,9.2280296,320,EPSG:32640,
P002,Fujairah,terminal,2022_04,2022,S2_P002_Fujairah_2022_04.tif,1,0,1,1,6,10.778743166666667,320,EPSG:32640,
P002,Fujairah,terminal,2022_05,2022,S2_P002_Fujairah_2022_05.tif,1,0,1,1,6,17.1964335,320,EPSG:32640,
P002,Fujairah,terminal,2022_06,2022,S2_P002_Fujairah_2022_06.tif,1,0,1,1,5,28.822173599999996,320,EPSG:32640,
P002,Fujairah,terminal,2022_07,2022,S2_P002_Fujairah_2022_07.tif,1,0,1,1,3,33.77339966666667,320,EPSG:32640,
P002,Fujairah,terminal,2022_08,2022,S2_P002_Fujairah_2022_08.tif,1,0,1,1,7,17.42732714285714,320,EPSG:32640,
P002,Fujairah,terminal,2022_09,2022,S2_P002_Fujairah_2022_09.tif,1,0,1,1,6,3.3628515,320,EPSG:32640,
P002,Fujairah,terminal,2022_10,2022,S2_P002_Fujairah_2022_10.tif,1,0,1,1,6,1.075628,320,EPSG:32640,
P002,Fujairah,terminal,2022_11,2022,S2_P002_Fujairah_2022_11.tif,1,0,1,1,6,6.1190869999999995,320,EPSG:32640,
P002,Fujairah,terminal,2022_12,2022,S2_P002_Fujairah_2022_12.tif,1,0,1,1,6,15.575386833333333,320,EPSG:32640,
P002,Fujairah,terminal,2023_01,2023,S2_P002_Fujairah_2023_01.tif,1,0,1,1,3,47.622293333333324,320,EPSG:32640,
P002,Fujairah,terminal,2023_02,2023,S2_P002_Fujairah_2023_02.tif,1,0,1,1,6,14.282353,320,EPSG:32640,
P002,Fujairah,terminal,2023_03,2023,S2_P002_Fujairah_2023_03.tif,1,0,1,1,5,24.254658,320,EPSG:32640,
P002,Fujairah,terminal,2023_04,2023,S2_P002_Fujairah_2023_04.tif,1,0,1,1,5,14.236223599999999,320,EPSG:32640,
P002,Fujairah,terminal,2023_05,2023,S2_P002_Fujairah_2023_05.tif,1,0,1,1,5,36.4300036,320,EPSG:32640,
P002,Fujairah,terminal,2023_06,2023,S2_P002_Fujairah_2023_06.tif,1,0,1,1,6,37.1899315,320,EPSG:32640,
P002,Fujairah,terminal,2023_07,2023,S2_P002_Fujairah_2023_07.tif,1,0,1,1,5,30.5530146,320,EPSG:32640,
P002,Fujairah,terminal,2023_08,2023,S2_P002_Fujairah_2023_08.tif,1,0,1,1,7,18.322275285714284,320,EPSG:32640,
P002,Fujairah,terminal,2023_09,2023,S2_P002_Fujairah_2023_09.tif,1,0,1,1,6,5.215854666666668,320,EPSG:32640,
P002,Fujairah,terminal,2023_10,2023,S2_P002_Fujairah_2023_10.tif,1,0,1,1,6,10.843983166666668,320,EPSG:32640,
P002,Fujairah,terminal,2023_11,2023,S2_P002_Fujairah_2023_11.tif,1,0,1,1,5,15.051627200000002,320,EPSG:32640,
P002,Fujairah,terminal,2023_12,2023,S2_P002_Fujairah_2023_12.tif,1,0,1,1,5,17.0013306,320,EPSG:32640,
P002,Fujairah,terminal,2024_01,2024,S2_P002_Fujairah_2024_01.tif,1,0,1,1,5,9.5713478,320,EPSG:32640,
P002,Fujairah,terminal,2024_02,2024,S2_P002_Fujairah_2024_02.tif,1,0,1,1,3,1.8145860000000003,320,EPSG:32640,
P002,Fujairah,terminal,2024_03,2024,S2_P002_Fujairah_2024_03.tif,1,0,1,1,4,8.68470175,320,EPSG:32640,
P002,Fujairah,terminal,2024_04,2024,S2_P002_Fujairah_2024_04.tif,1,0,1,1,5,21.5526274,320,EPSG:32640,
P002,Fujairah,terminal,2024_05,2024,S2_P002_Fujairah_2024_05.tif,1,0,1,1,5,30.340749600000002,320,EPSG:32640,
P002,Fujairah,terminal,2024_06,2024,S2_P002_Fujairah_2024_06.tif,1,0,1,1,6,42.099800833333326,320,EPSG:32640,
P002,Fujairah,terminal,2024_07,2024,S2_P002_Fujairah_2024_07.tif,1,0,1,1,6,42.76009833333333,320,EPSG:32640,
P002,Fujairah,terminal,2024_08,2024,S2_P002_Fujairah_2024_08.tif,1,0,1,1,4,33.629782000000006,320,EPSG:32640,
P002,Fujairah,terminal,2024_09,2024,S2_P002_Fujairah_2024_09.tif,1,0,1,1,5,5.3225172,320,EPSG:32640,
P002,Fujairah,terminal,2024_10,2024,S2_P002_Fujairah_2024_10.tif,1,0,1,1,6,5.414674333333333,320,EPSG:32640,
P002,Fujairah,terminal,2024_11,2024,S2_P002_Fujairah_2024_11.tif,1,0,1,1,6,2.2776593333333333,320,EPSG:32640,
P002,Fujairah,terminal,2024_12,2024,S2_P002_Fujairah_2024_12.tif,1,0,1,1,6,6.133793833333333,320,EPSG:32640,
P002,Fujairah,terminal,2025_01,2025,S2_P002_Fujairah_2025_01.tif,1,0,1,1,6,16.053355333333336,320,EPSG:32640,
P002,Fujairah,terminal,2025_02,2025,S2_P002_Fujairah_2025_02.tif,1,0,1,1,5,16.1116666,320,EPSG:32640,
P002,Fujairah,terminal,2025_03,2025,S2_P002_Fujairah_2025_03.tif,1,0,1,1,6,17.5079955,320,EPSG:32640,
P002,Fujairah,terminal,2025_04,2025,S2_P002_Fujairah_2025_04.tif,1,0,1,1,6,0.8114583333333334,320,EPSG:32640,
P002,Fujairah,terminal,2025_05,2025,S2_P002_Fujairah_2025_05.tif,1,0,1,1,8,27.5248255,320,EPSG:32640,
P002,Fujairah,terminal,2025_06,2025,S2_P002_Fujairah_2025_06.tif,1,0,1,1,7,33.29748942857143,320,EPSG:32640,
P002,Fujairah,terminal,2025_07,2025,S2_P002_Fujairah_2025_07.tif,1,0,1,1,9,31.89720422222222,320,EPSG:32640,
P002,Fujairah,terminal,2025_08,2025,S2_P002_Fujairah_2025_08.tif,1,0,1,1,5,31.628328,320,EPSG:32640,
P002,Fujairah,terminal,2025_09,2025,S2_P002_Fujairah_2025_09.tif,1,0,1,1,5,23.3169854,320,EPSG:32640,
P002,Fujairah,terminal,2025_10,2025,S2_P002_Fujairah_2025_10.tif,1,0,1,1,8,2.89778725,320,EPSG:32640,
P002,Fujairah,terminal,2025_11,2025,S2_P002_Fujairah_2025_11.tif,1,0,1,1,7,0.6188465714285715,320,EPSG:32640,
P002,Fujairah,terminal,2025_12,2025,S2_P002_Fujairah_2025_12.tif,1,0,1,1,6,0.8936208333333333,320,EPSG:32640,
P002,Fujairah,terminal,2026_01,2026,S2_P002_Fujairah_2026_01.tif,1,0,1,1,7,20.559737428571427,320,EPSG:32640,
P002,Fujairah,terminal,2026_02,2026,S2_P002_Fujairah_2026_02.tif,1,0,1,1,7,9.073269714285715,320,EPSG:32640,
P002,Fujairah,terminal,2026_03,2026,S2_P002_Fujairah_2026_03.tif,1,0,1,1,4,23.031488999999997,320,EPSG:32640,
P002,Fujairah,terminal,2026_04,2026,S2_P002_Fujairah_2026_04.tif,1,0,1,1,5,19.102610600000002,320,EPSG:32640,
P002,Fujairah,terminal,2026_05,2026,S2_P002_Fujairah_2026_05.tif,1,0,1,1,8,21.8206355,320,EPSG:32640,
P002,Fujairah,terminal,2026_06,2026,S2_P002_Fujairah_2026_06.tif,1,0,1,1,6,23.96388083333333,320,EPSG:32640,
P003,RasTanura,terminal,2019_01,2019,S2_P003_RasTanura_2019_01.tif,1,0,1,1,8,30.810437249999996,256,EPSG:32639,
P003,RasTanura,terminal,2019_02,2019,S2_P003_RasTanura_2019_02.tif,1,0,1,1,10,28.3419465,256,EPSG:32639,
P003,RasTanura,terminal,2019_03,2019,S2_P003_RasTanura_2019_03.tif,1,0,1,1,9,18.956537,256,EPSG:32639,
P003,RasTanura,terminal,2019_04,2019,S2_P003_RasTanura_2019_04.tif,1,0,1,1,9,18.834230333333334,256,EPSG:32639,
P003,RasTanura,terminal,2019_05,2019,S2_P003_RasTanura_2019_05.tif,1,0,1,1,5,17.7538162,256,EPSG:32639,
P003,RasTanura,terminal,2019_06,2019,S2_P003_RasTanura_2019_06.tif,1,0,1,1,9,7.5192906666666675,256,EPSG:32639,
P003,RasTanura,terminal,2019_07,2019,S2_P003_RasTanura_2019_07.tif,1,0,1,1,12,22.61156366666667,256,EPSG:32639,
P003,RasTanura,terminal,2019_08,2019,S2_P003_RasTanura_2019_08.tif,1,0,1,1,12,15.817683416666668,256,EPSG:32639,
P003,RasTanura,terminal,2019_09,2019,S2_P003_RasTanura_2019_09.tif,1,0,1,1,12,6.563775,256,EPSG:32639,
P003,RasTanura,terminal,2019_10,2019,S2_P003_RasTanura_2019_10.tif,1,0,1,1,10,4.827270400000001,256,EPSG:32639,
P003,RasTanura,terminal,2019_11,2019,S2_P003_RasTanura_2019_11.tif,1,0,1,1,11,21.196187,256,EPSG:32639,
P003,RasTanura,terminal,2019_12,2019,S2_P003_RasTanura_2019_12.tif,1,0,1,1,12,12.31639533333333,256,EPSG:32639,
P003,RasTanura,terminal,2020_01,2020,S2_P003_RasTanura_2020_01.tif,1,0,1,1,10,10.127867499999999,256,EPSG:32639,
P003,RasTanura,terminal,2020_02,2020,S2_P003_RasTanura_2020_02.tif,1,0,1,1,10,16.2906752,256,EPSG:32639,
P003,RasTanura,terminal,2020_03,2020,S2_P003_RasTanura_2020_03.tif,1,0,1,1,10,13.5496126,256,EPSG:32639,
P003,RasTanura,terminal,2020_04,2020,S2_P003_RasTanura_2020_04.tif,1,0,1,1,9,18.065528555555556,256,EPSG:32639,
P003,RasTanura,terminal,2020_05,2020,S2_P003_RasTanura_2020_05.tif,1,0,1,1,8,17.522891125,256,EPSG:32639,
P003,RasTanura,terminal,2020_06,2020,S2_P003_RasTanura_2020_06.tif,1,0,1,1,10,7.4127409,256,EPSG:32639,
P003,RasTanura,terminal,2020_07,2020,S2_P003_RasTanura_2020_07.tif,1,0,1,1,8,19.744947375000002,256,EPSG:32639,
P003,RasTanura,terminal,2020_08,2020,S2_P003_RasTanura_2020_08.tif,1,0,1,1,11,19.47324372727273,256,EPSG:32639,
P003,RasTanura,terminal,2020_09,2020,S2_P003_RasTanura_2020_09.tif,1,0,1,1,12,4.171084166666668,256,EPSG:32639,
P003,RasTanura,terminal,2020_10,2020,S2_P003_RasTanura_2020_10.tif,1,0,1,1,13,0.7548522307692308,256,EPSG:32639,
P003,RasTanura,terminal,2020_11,2020,S2_P003_RasTanura_2020_11.tif,1,0,1,1,10,4.0558109,256,EPSG:32639,
P003,RasTanura,terminal,2020_12,2020,S2_P003_RasTanura_2020_12.tif,1,0,1,1,10,15.2844041,256,EPSG:32639,
P003,RasTanura,terminal,2021_01,2021,S2_P003_RasTanura_2021_01.tif,1,0,1,1,10,10.5358656,256,EPSG:32639,
P003,RasTanura,terminal,2021_02,2021,S2_P003_RasTanura_2021_02.tif,1,0,1,1,11,9.64762472727273,256,EPSG:32639,
P003,RasTanura,terminal,2021_03,2021,S2_P003_RasTanura_2021_03.tif,1,0,1,1,12,15.358993250000003,256,EPSG:32639,
P003,RasTanura,terminal,2021_04,2021,S2_P003_RasTanura_2021_04.tif,1,0,1,1,11,14.744229545454544,256,EPSG:32639,
P003,RasTanura,terminal,2021_05,2021,S2_P003_RasTanura_2021_05.tif,1,0,1,1,7,13.010294857142858,256,EPSG:32639,
P003,RasTanura,terminal,2021_06,2021,S2_P003_RasTanura_2021_06.tif,1,0,1,1,10,13.481419299999999,256,EPSG:32639,
P003,RasTanura,terminal,2021_07,2021,S2_P003_RasTanura_2021_07.tif,1,0,1,1,8,22.991469624999997,256,EPSG:32639,
P003,RasTanura,terminal,2021_08,2021,S2_P003_RasTanura_2021_08.tif,1,0,1,1,12,8.113824583333335,256,EPSG:32639,
P003,RasTanura,terminal,2021_09,2021,S2_P003_RasTanura_2021_09.tif,1,0,1,1,12,3.1650640833333323,256,EPSG:32639,
P003,RasTanura,terminal,2021_10,2021,S2_P003_RasTanura_2021_10.tif,1,0,1,1,13,6.553513230769231,256,EPSG:32639,
P003,RasTanura,terminal,2021_11,2021,S2_P003_RasTanura_2021_11.tif,1,0,1,1,12,11.579523,256,EPSG:32639,
P003,RasTanura,terminal,2021_12,2021,S2_P003_RasTanura_2021_12.tif,1,0,1,1,7,11.091347428571428,256,EPSG:32639,
P003,RasTanura,terminal,2022_01,2022,S2_P003_RasTanura_2022_01.tif,1,0,1,1,9,21.39407888888889,256,EPSG:32639,
P003,RasTanura,terminal,2022_02,2022,S2_P003_RasTanura_2022_02.tif,1,0,1,1,13,3.8689429230769226,256,EPSG:32639,
P003,RasTanura,terminal,2022_03,2022,S2_P003_RasTanura_2022_03.tif,1,0,1,1,10,2.9980257999999997,256,EPSG:32639,
P003,RasTanura,terminal,2022_04,2022,S2_P003_RasTanura_2022_04.tif,1,0,1,1,8,16.865159124999998,256,EPSG:32639,
P003,RasTanura,terminal,2022_05,2022,S2_P003_RasTanura_2022_05.tif,1,0,1,1,10,9.204350700000003,256,EPSG:32639,
P003,RasTanura,terminal,2022_06,2022,S2_P003_RasTanura_2022_06.tif,1,0,1,1,12,10.820375750000002,256,EPSG:32639,
P003,RasTanura,terminal,2022_07,2022,S2_P003_RasTanura_2022_07.tif,1,0,1,1,9,22.370069333333333,256,EPSG:32639,
P003,RasTanura,terminal,2022_08,2022,S2_P003_RasTanura_2022_08.tif,1,0,1,1,11,7.702571545454544,256,EPSG:32639,
P003,RasTanura,terminal,2022_09,2022,S2_P003_RasTanura_2022_09.tif,1,0,1,1,12,0.18086916666666666,256,EPSG:32639,
P003,RasTanura,terminal,2022_10,2022,S2_P003_RasTanura_2022_10.tif,1,0,1,1,13,3.2145597692307692,256,EPSG:32639,
P003,RasTanura,terminal,2022_11,2022,S2_P003_RasTanura_2022_11.tif,1,0,1,1,10,15.900323199999999,256,EPSG:32639,
P003,RasTanura,terminal,2022_12,2022,S2_P003_RasTanura_2022_12.tif,1,0,1,1,10,25.588955600000002,256,EPSG:32639,
P003,RasTanura,terminal,2023_01,2023,S2_P003_RasTanura_2023_01.tif,1,0,1,1,4,11.17657525,256,EPSG:32639,
P003,RasTanura,terminal,2023_02,2023,S2_P003_RasTanura_2023_02.tif,1,0,1,1,9,14.844420999999999,256,EPSG:32639,
P003,RasTanura,terminal,2023_03,2023,S2_P003_RasTanura_2023_03.tif,1,0,1,1,10,10.641164700000001,256,EPSG:32639,
P003,RasTanura,terminal,2023_04,2023,S2_P003_RasTanura_2023_04.tif,1,0,1,1,7,10.29338742857143,256,EPSG:32639,
P003,RasTanura,terminal,2023_05,2023,S2_P003_RasTanura_2023_05.tif,1,0,1,1,11,21.41600190909091,256,EPSG:32639,
P003,RasTanura,terminal,2023_06,2023,S2_P003_RasTanura_2023_06.tif,1,0,1,1,12,21.116878583333335,256,EPSG:32639,
P003,RasTanura,terminal,2023_07,2023,S2_P003_RasTanura_2023_07.tif,1,0,1,1,12,21.386445499999997,256,EPSG:32639,
P003,RasTanura,terminal,2023_08,2023,S2_P003_RasTanura_2023_08.tif,1,0,1,1,12,11.28975566666667,256,EPSG:32639,
P003,RasTanura,terminal,2023_09,2023,S2_P003_RasTanura_2023_09.tif,1,0,1,1,12,2.5226735833333334,256,EPSG:32639,
P003,RasTanura,terminal,2023_10,2023,S2_P003_RasTanura_2023_10.tif,1,0,1,1,12,4.250910166666666,256,EPSG:32639,
P003,RasTanura,terminal,2023_11,2023,S2_P003_RasTanura_2023_11.tif,1,0,1,1,8,10.047436375,256,EPSG:32639,
P003,RasTanura,terminal,2023_12,2023,S2_P003_RasTanura_2023_12.tif,1,0,1,1,11,22.98109672727273,256,EPSG:32639,
P003,RasTanura,terminal,2024_01,2024,S2_P003_RasTanura_2024_01.tif,1,0,1,1,12,18.787974833333333,256,EPSG:32639,
P003,RasTanura,terminal,2024_02,2024,S2_P003_RasTanura_2024_02.tif,1,0,1,1,10,6.1280185000000005,256,EPSG:32639,
P003,RasTanura,terminal,2024_03,2024,S2_P003_RasTanura_2024_03.tif,1,0,1,1,6,19.328720333333333,256,EPSG:32639,
P003,RasTanura,terminal,2024_04,2024,S2_P003_RasTanura_2024_04.tif,1,0,1,1,8,24.072810125,256,EPSG:32639,
P003,RasTanura,terminal,2024_05,2024,S2_P003_RasTanura_2024_05.tif,1,0,1,1,11,11.695030636363638,256,EPSG:32639,
P003,RasTanura,terminal,2024_06,2024,S2_P003_RasTanura_2024_06.tif,1,0,1,1,12,17.041964916666668,256,EPSG:32639,
P003,RasTanura,terminal,2024_07,2024,S2_P003_RasTanura_2024_07.tif,1,0,1,1,11,21.631352,256,EPSG:32639,
P003,RasTanura,terminal,2024_08,2024,S2_P003_RasTanura_2024_08.tif,1,0,1,1,11,9.632540818181816,256,EPSG:32639,
P003,RasTanura,terminal,2024_09,2024,S2_P003_RasTanura_2024_09.tif,1,0,1,1,12,0.206365,256,EPSG:32639,
P003,RasTanura,terminal,2024_10,2024,S2_P003_RasTanura_2024_10.tif,1,0,1,1,10,5.0418385,256,EPSG:32639,
P003,RasTanura,terminal,2024_11,2024,S2_P003_RasTanura_2024_11.tif,1,0,1,1,12,6.9073294999999995,256,EPSG:32639,
P003,RasTanura,terminal,2024_12,2024,S2_P003_RasTanura_2024_12.tif,1,0,1,1,11,15.304128090909092,256,EPSG:32639,
P003,RasTanura,terminal,2025_01,2025,S2_P003_RasTanura_2025_01.tif,1,0,1,1,11,10.308974545454545,256,EPSG:32639,
P003,RasTanura,terminal,2025_02,2025,S2_P003_RasTanura_2025_02.tif,1,0,1,1,7,29.659111000000003,256,EPSG:32639,
P003,RasTanura,terminal,2025_03,2025,S2_P003_RasTanura_2025_03.tif,1,0,1,1,10,3.5640262,256,EPSG:32639,
P003,RasTanura,terminal,2025_04,2025,S2_P003_RasTanura_2025_04.tif,1,0,1,1,12,6.760707666666668,256,EPSG:32639,
P003,RasTanura,terminal,2025_05,2025,S2_P003_RasTanura_2025_05.tif,1,0,1,1,14,16.523771357142856,256,EPSG:32639,
P003,RasTanura,terminal,2025_06,2025,S2_P003_RasTanura_2025_06.tif,1,0,1,1,14,12.102081428571427,256,EPSG:32639,
P003,RasTanura,terminal,2025_07,2025,S2_P003_RasTanura_2025_07.tif,1,0,1,1,14,11.866549214285715,256,EPSG:32639,
P003,RasTanura,terminal,2025_08,2025,S2_P003_RasTanura_2025_08.tif,1,0,1,1,16,16.29423175,256,EPSG:32639,
P003,RasTanura,terminal,2025_09,2025,S2_P003_RasTanura_2025_09.tif,1,0,1,1,14,1.9764686428571427,256,EPSG:32639,
P003,RasTanura,terminal,2025_10,2025,S2_P003_RasTanura_2025_10.tif,1,0,1,1,16,0.3743900625,256,EPSG:32639,
P003,RasTanura,terminal,2025_11,2025,S2_P003_RasTanura_2025_11.tif,1,0,1,1,12,8.726830166666666,256,EPSG:32639,
P003,RasTanura,terminal,2025_12,2025,S2_P003_RasTanura_2025_12.tif,1,0,1,1,12,19.493373,256,EPSG:32639,
P003,RasTanura,terminal,2026_01,2026,S2_P003_RasTanura_2026_01.tif,1,0,1,1,13,11.879228076923075,256,EPSG:32639,
P003,RasTanura,terminal,2026_02,2026,S2_P003_RasTanura_2026_02.tif,1,0,1,1,12,4.792447999999999,256,EPSG:32639,
P003,RasTanura,terminal,2026_03,2026,S2_P003_RasTanura_2026_03.tif,1,0,1,1,9,17.308383000000006,256,EPSG:32639,
P003,RasTanura,terminal,2026_04,2026,S2_P003_RasTanura_2026_04.tif,1,0,1,1,5,16.0681764,256,EPSG:32639,
P003,RasTanura,terminal,2026_05,2026,S2_P003_RasTanura_2026_05.tif,1,0,1,1,15,14.16459333333333,256,EPSG:32639,
P003,RasTanura,terminal,2026_06,2026,S2_P003_RasTanura_2026_06.tif,1,0,1,1,11,9.620063636363637,256,EPSG:32639,
P004,Jurong,refinery,2019_01,2019,S2_P004_Jurong_2019_01.tif,1,0,1,1,3,25.920509,512,EPSG:32648,
P004,Jurong,refinery,2019_02,2019,S2_P004_Jurong_2019_02.tif,1,0,1,1,5,39.8851916,512,EPSG:32648,
P004,Jurong,refinery,2019_03,2019,S2_P004_Jurong_2019_03.tif,1,0,1,1,5,27.212768399999998,512,EPSG:32648,
P004,Jurong,refinery,2019_04,2019,S2_P004_Jurong_2019_04.tif,1,0,1,1,2,26.642179,512,EPSG:32648,
P004,Jurong,refinery,2019_05,2019,S2_P004_Jurong_2019_05.tif,1,0,1,1,3,27.862869666666665,512,EPSG:32648,
P004,Jurong,refinery,2019_06,2019,S2_P004_Jurong_2019_06.tif,1,0,1,1,4,32.733331,512,EPSG:32648,
P004,Jurong,refinery,2019_07,2019,S2_P004_Jurong_2019_07.tif,1,0,1,1,4,35.22327225,512,EPSG:32648,
P004,Jurong,refinery,2019_08,2019,S2_P004_Jurong_2019_08.tif,1,0,1,1,3,28.457246999999995,512,EPSG:32648,
P004,Jurong,refinery,2019_09,2019,S2_P004_Jurong_2019_09.tif,1,0,1,1,2,38.2542505,512,EPSG:32648,
P004,Jurong,refinery,2019_10,2019,S2_P004_Jurong_2019_10.tif,1,0,1,1,2,36.137608,512,EPSG:32648,
P004,Jurong,refinery,2019_11,2019,S2_P004_Jurong_2019_11.tif,1,0,1,1,4,33.34104275,512,EPSG:32648,
P004,Jurong,refinery,2019_12,2019,S2_P004_Jurong_2019_12.tif,1,0,1,1,2,23.728875,512,EPSG:32648,
P004,Jurong,refinery,2020_01,2020,S2_P004_Jurong_2020_01.tif,1,0,1,1,3,22.425459666666665,512,EPSG:32648,
P004,Jurong,refinery,2020_02,2020,S2_P004_Jurong_2020_02.tif,1,0,1,1,4,24.95912875,512,EPSG:32648,
P004,Jurong,refinery,2020_03,2020,S2_P004_Jurong_2020_03.tif,1,0,1,1,6,45.96418833333334,512,EPSG:32648,
P004,Jurong,refinery,2020_04,2020,S2_P004_Jurong_2020_04.tif,1,0,1,1,4,24.1581965,512,EPSG:32648,
P004,Jurong,refinery,2020_05,2020,S2_P004_Jurong_2020_05.tif,1,0,1,1,4,27.173368500000002,512,EPSG:32648,
P004,Jurong,refinery,2020_06,2020,S2_P004_Jurong_2020_06.tif,1,0,1,1,2,43.768363,512,EPSG:32648,
P004,Jurong,refinery,2020_07,2020,S2_P004_Jurong_2020_07.tif,1,0,1,1,1,49.236147,512,EPSG:32648,
P004,Jurong,refinery,2020_08,2020,S2_P004_Jurong_2020_08.tif,1,0,1,1,1,47.122419,512,EPSG:32648,
P004,Jurong,refinery,2020_09,2020,S2_P004_Jurong_2020_09.tif,1,0,1,1,3,43.778097333333335,512,EPSG:32648,
P004,Jurong,refinery,2020_10,2020,S2_P004_Jurong_2020_10.tif,1,0,1,1,2,40.583780000000004,512,EPSG:32648,
P004,Jurong,refinery,2020_11,2020,S2_P004_Jurong_2020_11.tif,1,0,1,1,1,33.87228,512,EPSG:32648,
P004,Jurong,refinery,2020_12,2020,S2_P004_Jurong_2020_12.tif,1,0,1,1,2,37.542165499999996,512,EPSG:32648,
P004,Jurong,refinery,2021_01,2021,S2_P004_Jurong_2021_01.tif,1,0,1,1,3,55.214234,512,EPSG:32648,
P004,Jurong,refinery,2021_02,2021,S2_P004_Jurong_2021_02.tif,1,0,1,1,1,55.302878,512,EPSG:32648,
P004,Jurong,refinery,2021_03,2021,S2_P004_Jurong_2021_03.tif,1,0,1,1,6,47.29594666666666,512,EPSG:32648,
P004,Jurong,refinery,2021_04,2021,S2_P004_Jurong_2021_04.tif,1,0,1,1,4,23.47628575,512,EPSG:32648,
P004,Jurong,refinery,2021_05,2021,S2_P004_Jurong_2021_05.tif,1,0,1,1,3,22.76680433333333,512,EPSG:32648,
P004,Jurong,refinery,2021_06,2021,S2_P004_Jurong_2021_06.tif,1,0,1,1,2,38.5935605,512,EPSG:32648,
P004,Jurong,refinery,2021_07,2021,S2_P004_Jurong_2021_07.tif,1,0,1,1,1,25.472198,512,EPSG:32648,
P004,Jurong,refinery,2021_08,2021,S2_P004_Jurong_2021_08.tif,1,0,1,1,4,41.23412175,512,EPSG:32648,
P004,Jurong,refinery,2021_09,2021,S2_P004_Jurong_2021_09.tif,1,0,1,1,3,35.424973666666666,512,EPSG:32648,
P004,Jurong,refinery,2021_10,2021,S2_P004_Jurong_2021_10.tif,1,0,1,1,1,14.854043,512,EPSG:32648,
P004,Jurong,refinery,2021_11,2021,S2_P004_Jurong_2021_11.tif,1,0,1,1,3,33.83792533333334,512,EPSG:32648,
P004,Jurong,refinery,2021_12,2021,S2_P004_Jurong_2021_12.tif,1,0,1,1,2,19.376224999999998,512,EPSG:32648,
P004,Jurong,refinery,2022_01,2022,S2_P004_Jurong_2022_01.tif,1,0,1,1,4,34.60448925,512,EPSG:32648,
P004,Jurong,refinery,2022_03,2022,S2_P004_Jurong_2022_03.tif,1,0,1,1,2,41.330541499999995,512,EPSG:32648,
P004,Jurong,refinery,2022_04,2022,S2_P004_Jurong_2022_04.tif,1,0,1,1,1,41.030163,512,EPSG:32648,
P004,Jurong,refinery,2022_05,2022,S2_P004_Jurong_2022_05.tif,1,0,1,1,4,28.917697249999996,512,EPSG:32648,
P004,Jurong,refinery,2022_06,2022,S2_P004_Jurong_2022_06.tif,1,0,1,1,3,39.24275933333333,512,EPSG:32648,
P004,Jurong,refinery,2022_07,2022,S2_P004_Jurong_2022_07.tif,1,0,1,1,3,38.760856,512,EPSG:32648,
P004,Jurong,refinery,2022_08,2022,S2_P004_Jurong_2022_08.tif,1,0,1,1,1,32.396835,512,EPSG:32648,
P004,Jurong,refinery,2022_11,2022,S2_P004_Jurong_2022_11.tif,1,0,1,1,2,40.2308445,512,EPSG:32648,
P004,Jurong,refinery,2022_12,2022,S2_P004_Jurong_2022_12.tif,1,0,1,1,2,44.3708625,512,EPSG:32648,
P004,Jurong,refinery,2023_02,2023,S2_P004_Jurong_2023_02.tif,1,0,1,1,1,32.698002,512,EPSG:32648,
P004,Jurong,refinery,2023_03,2023,S2_P004_Jurong_2023_03.tif,1,0,1,1,3,34.935402,512,EPSG:32648,
P004,Jurong,refinery,2023_04,2023,S2_P004_Jurong_2023_04.tif,1,0,1,1,2,51.0371045,512,EPSG:32648,
P004,Jurong,refinery,2023_05,2023,S2_P004_Jurong_2023_05.tif,1,0,1,1,6,46.820971500000006,512,EPSG:32648,
P004,Jurong,refinery,2023_06,2023,S2_P004_Jurong_2023_06.tif,1,0,1,1,2,42.1107855,512,EPSG:32648,
P004,Jurong,refinery,2023_07,2023,S2_P004_Jurong_2023_07.tif,1,0,1,1,1,21.682675,512,EPSG:32648,
P004,Jurong,refinery,2023_08,2023,S2_P004_Jurong_2023_08.tif,1,0,1,1,1,37.275234,512,EPSG:32648,
P004,Jurong,refinery,2023_09,2023,S2_P004_Jurong_2023_09.tif,1,0,1,1,2,26.9613415,512,EPSG:32648,
P004,Jurong,refinery,2023_10,2023,S2_P004_Jurong_2023_10.tif,1,0,1,1,4,29.664441500000002,512,EPSG:32648,
P004,Jurong,refinery,2023_11,2023,S2_P004_Jurong_2023_11.tif,1,0,1,1,3,48.95195699999999,512,EPSG:32648,
P004,Jurong,refinery,2023_12,2023,S2_P004_Jurong_2023_12.tif,1,0,1,1,1,45.462948,512,EPSG:32648,
P004,Jurong,refinery,2024_01,2024,S2_P004_Jurong_2024_01.tif,1,0,1,1,1,56.660712,512,EPSG:32648,
P004,Jurong,refinery,2024_02,2024,S2_P004_Jurong_2024_02.tif,1,0,1,1,2,28.1782445,512,EPSG:32648,
P004,Jurong,refinery,2024_03,2024,S2_P004_Jurong_2024_03.tif,1,0,1,1,2,42.1817225,512,EPSG:32648,
P004,Jurong,refinery,2024_04,2024,S2_P004_Jurong_2024_04.tif,1,0,1,1,4,41.4098515,512,EPSG:32648,
P004,Jurong,refinery,2024_05,2024,S2_P004_Jurong_2024_05.tif,1,0,1,1,4,33.2134715,512,EPSG:32648,
P004,Jurong,refinery,2024_06,2024,S2_P004_Jurong_2024_06.tif,1,0,1,1,3,35.31205933333333,512,EPSG:32648,
P004,Jurong,refinery,2024_07,2024,S2_P004_Jurong_2024_07.tif,1,0,1,1,3,34.299717333333334,512,EPSG:32648,
P004,Jurong,refinery,2024_08,2024,S2_P004_Jurong_2024_08.tif,1,0,1,1,3,41.504066,512,EPSG:32648,
P004,Jurong,refinery,2024_09,2024,S2_P004_Jurong_2024_09.tif,1,0,1,1,1,39.066696,512,EPSG:32648,
P004,Jurong,refinery,2024_10,2024,S2_P004_Jurong_2024_10.tif,1,0,1,1,1,54.160208,512,EPSG:32648,
P004,Jurong,refinery,2024_11,2024,S2_P004_Jurong_2024_11.tif,1,0,1,1,2,45.2464375,512,EPSG:32648,
P004,Jurong,refinery,2025_01,2025,S2_P004_Jurong_2025_01.tif,1,0,1,1,1,36.784801,512,EPSG:32648,
P004,Jurong,refinery,2025_02,2025,S2_P004_Jurong_2025_02.tif,1,0,1,1,2,52.720483,512,EPSG:32648,
P004,Jurong,refinery,2025_03,2025,S2_P004_Jurong_2025_03.tif,1,0,1,1,1,36.317179,512,EPSG:32648,
P004,Jurong,refinery,2025_04,2025,S2_P004_Jurong_2025_04.tif,1,0,1,1,4,50.27123675,512,EPSG:32648,
P004,Jurong,refinery,2025_05,2025,S2_P004_Jurong_2025_05.tif,1,0,1,1,2,36.8495475,512,EPSG:32648,
P004,Jurong,refinery,2025_06,2025,S2_P004_Jurong_2025_06.tif,1,0,1,1,3,32.994028666666665,512,EPSG:32648,
P004,Jurong,refinery,2025_07,2025,S2_P004_Jurong_2025_07.tif,1,0,1,1,5,33.762236599999994,512,EPSG:32648,
P004,Jurong,refinery,2025_08,2025,S2_P004_Jurong_2025_08.tif,1,0,1,1,6,34.58279116666667,512,EPSG:32648,
P004,Jurong,refinery,2025_09,2025,S2_P004_Jurong_2025_09.tif,1,0,1,1,2,22.894996499999998,512,EPSG:32648,
P004,Jurong,refinery,2025_10,2025,S2_P004_Jurong_2025_10.tif,1,0,1,1,4,40.76471625,512,EPSG:32648,
P004,Jurong,refinery,2025_12,2025,S2_P004_Jurong_2025_12.tif,1,0,1,1,2,25.7731755,512,EPSG:32648,
P004,Jurong,refinery,2026_01,2026,S2_P004_Jurong_2026_01.tif,1,0,1,1,1,57.365656,512,EPSG:32648,
P004,Jurong,refinery,2026_02,2026,S2_P004_Jurong_2026_02.tif,1,0,1,1,2,27.3099105,512,EPSG:32648,
P004,Jurong,refinery,2026_03,2026,S2_P004_Jurong_2026_03.tif,1,0,1,1,2,10.7909245,512,EPSG:32648,
P004,Jurong,refinery,2026_04,2026,S2_P004_Jurong_2026_04.tif,1,0,1,1,3,41.251862,512,EPSG:32648,
P004,Jurong,refinery,2026_05,2026,S2_P004_Jurong_2026_05.tif,1,0,1,1,2,38.230224,512,EPSG:32648,
P004,Jurong,refinery,2026_06,2026,S2_P004_Jurong_2026_06.tif,1,0,1,1,2,35.198147,512,EPSG:32648,
P005,Houston,port,2019_01,2019,S2_P005_Houston_2019_01.tif,1,0,1,1,14,11.7507825,640,EPSG:32615,
P005,Houston,port,2019_02,2019,S2_P005_Houston_2019_02.tif,1,0,1,1,2,0.2577985,640,EPSG:32615,
P005,Houston,port,2019_03,2019,S2_P005_Houston_2019_03.tif,1,0,1,1,2,18.2255105,640,EPSG:32615,
P005,Houston,port,2019_04,2019,S2_P005_Houston_2019_04.tif,1,0,1,1,11,13.884022181818182,640,EPSG:32615,
P005,Houston,port,2019_05,2019,S2_P005_Houston_2019_05.tif,1,0,1,1,13,34.902150846153845,640,EPSG:32615,
P005,Houston,port,2019_06,2019,S2_P005_Houston_2019_06.tif,1,0,1,1,15,24.205755533333335,640,EPSG:32615,
P005,Houston,port,2019_07,2019,S2_P005_Houston_2019_07.tif,1,0,1,1,16,29.937679374999995,640,EPSG:32615,
P005,Houston,port,2019_08,2019,S2_P005_Houston_2019_08.tif,1,0,1,1,19,39.715435052631584,640,EPSG:32615,
P005,Houston,port,2019_09,2019,S2_P005_Houston_2019_09.tif,1,0,1,1,20,26.286414150000002,640,EPSG:32615,
P005,Houston,port,2019_10,2019,S2_P005_Houston_2019_10.tif,1,0,1,1,15,34.401643,640,EPSG:32615,
P005,Houston,port,2019_11,2019,S2_P005_Houston_2019_11.tif,1,0,1,1,11,10.556017,640,EPSG:32615,
P005,Houston,port,2019_12,2019,S2_P005_Houston_2019_12.tif,1,0,1,1,15,22.435310733333328,640,EPSG:32615,
P005,Houston,port,2020_01,2020,S2_P005_Houston_2020_01.tif,1,0,1,1,8,1.7391992500000002,640,EPSG:32615,
P005,Houston,port,2020_02,2020,S2_P005_Houston_2020_02.tif,1,0,1,1,11,7.9920066363636355,640,EPSG:32615,
P005,Houston,port,2020_03,2020,S2_P005_Houston_2020_03.tif,1,0,1,1,6,37.519775833333334,640,EPSG:32615,
P005,Houston,port,2020_04,2020,S2_P005_Houston_2020_04.tif,1,0,1,1,11,6.61982509090909,640,EPSG:32615,
P005,Houston,port,2020_05,2020,S2_P005_Houston_2020_05.tif,1,0,1,1,16,17.7629709375,640,EPSG:32615,
P005,Houston,port,2020_06,2020,S2_P005_Houston_2020_06.tif,1,0,1,1,16,20.611434812499997,640,EPSG:32615,
P005,Houston,port,2020_07,2020,S2_P005_Houston_2020_07.tif,1,0,1,1,12,36.382164583333335,640,EPSG:32615,
P005,Houston,port,2020_08,2020,S2_P005_Houston_2020_08.tif,1,0,1,1,22,21.19915890909091,640,EPSG:32615,
P005,Houston,port,2020_09,2020,S2_P005_Houston_2020_09.tif,1,0,1,1,10,30.931140600000003,640,EPSG:32615,
P005,Houston,port,2020_10,2020,S2_P005_Houston_2020_10.tif,1,0,1,1,15,19.48054013333334,640,EPSG:32615,
P005,Houston,port,2020_11,2020,S2_P005_Houston_2020_11.tif,1,0,1,1,15,12.636308666666668,640,EPSG:32615,
P005,Houston,port,2020_12,2020,S2_P005_Houston_2020_12.tif,1,0,1,1,13,4.270469384615385,640,EPSG:32615,
P005,Houston,port,2021_01,2021,S2_P005_Houston_2021_01.tif,1,0,1,1,14,17.1780125,640,EPSG:32615,
P005,Houston,port,2021_02,2021,S2_P005_Houston_2021_02.tif,1,0,1,1,8,2.93731075,640,EPSG:32615,
P005,Houston,port,2021_03,2021,S2_P005_Houston_2021_03.tif,1,0,1,1,10,12.4537623,640,EPSG:32615,
P005,Houston,port,2021_04,2021,S2_P005_Houston_2021_04.tif,1,0,1,1,8,6.646222874999999,640,EPSG:32615,
P005,Houston,port,2021_05,2021,S2_P005_Houston_2021_05.tif,1,0,1,1,5,34.1650624,640,EPSG:32615,
P005,Houston,port,2021_06,2021,S2_P005_Houston_2021_06.tif,1,0,1,1,18,38.428450444444444,640,EPSG:32615,
P005,Houston,port,2021_07,2021,S2_P005_Houston_2021_07.tif,1,0,1,1,14,39.920575785714284,640,EPSG:32615,
P005,Houston,port,2021_08,2021,S2_P005_Houston_2021_08.tif,1,0,1,1,19,33.492869947368426,640,EPSG:32615,
P005,Houston,port,2021_09,2021,S2_P005_Houston_2021_09.tif,1,0,1,1,15,18.274813133333332,640,EPSG:32615,
P005,Houston,port,2021_10,2021,S2_P005_Houston_2021_10.tif,1,0,1,1,17,14.940008705882352,640,EPSG:32615,
P005,Houston,port,2021_11,2021,S2_P005_Houston_2021_11.tif,1,0,1,1,16,14.045355,640,EPSG:32615,
P005,Houston,port,2021_12,2021,S2_P005_Houston_2021_12.tif,1,0,1,1,8,24.030716249999998,640,EPSG:32615,
P005,Houston,port,2022_01,2022,S2_P005_Houston_2022_01.tif,1,0,1,1,14,18.229853714285714,640,EPSG:32615,
P005,Houston,port,2022_02,2022,S2_P005_Houston_2022_02.tif,1,0,1,1,9,22.359238444444443,640,EPSG:32615,
P005,Houston,port,2022_03,2022,S2_P005_Houston_2022_03.tif,1,0,1,1,17,23.46296382352941,640,EPSG:32615,
P005,Houston,port,2022_04,2022,S2_P005_Houston_2022_04.tif,1,0,1,1,15,22.588863399999997,640,EPSG:32615,
P005,Houston,port,2022_05,2022,S2_P005_Houston_2022_05.tif,1,0,1,1,20,26.370181100000003,640,EPSG:32615,
P005,Houston,port,2022_06,2022,S2_P005_Houston_2022_06.tif,1,0,1,1,15,30.979478466666666,640,EPSG:32615,
P005,Houston,port,2022_07,2022,S2_P005_Houston_2022_07.tif,1,0,1,1,20,28.8813557,640,EPSG:32615,
P005,Houston,port,2022_08,2022,S2_P005_Houston_2022_08.tif,1,0,1,1,11,38.90196100000001,640,EPSG:32615,
P005,Houston,port,2022_09,2022,S2_P005_Houston_2022_09.tif,1,0,1,1,19,15.272976421052634,640,EPSG:32615,
P005,Houston,port,2022_10,2022,S2_P005_Houston_2022_10.tif,1,0,1,1,17,9.470630294117647,640,EPSG:32615,
P005,Houston,port,2022_11,2022,S2_P005_Houston_2022_11.tif,1,0,1,1,8,30.766056125000002,640,EPSG:32615,
P005,Houston,port,2022_12,2022,S2_P005_Houston_2022_12.tif,1,0,1,1,10,28.1626467,640,EPSG:32615,
P005,Houston,port,2023_01,2023,S2_P005_Houston_2023_01.tif,1,0,1,1,11,10.771039454545456,640,EPSG:32615,
P005,Houston,port,2023_02,2023,S2_P005_Houston_2023_02.tif,1,0,1,1,6,28.36740683333333,640,EPSG:32615,
P005,Houston,port,2023_03,2023,S2_P005_Houston_2023_03.tif,1,0,1,1,7,26.049386714285713,640,EPSG:32615,
P005,Houston,port,2023_04,2023,S2_P005_Houston_2023_04.tif,1,0,1,1,7,22.07364185714286,640,EPSG:32615,
P005,Houston,port,2023_05,2023,S2_P005_Houston_2023_05.tif,1,0,1,1,15,27.859075,640,EPSG:32615,
P005,Houston,port,2023_06,2023,S2_P005_Houston_2023_06.tif,1,0,1,1,23,28.831292478260874,640,EPSG:32615,
P005,Houston,port,2023_07,2023,S2_P005_Houston_2023_07.tif,1,0,1,1,19,22.80875110526316,640,EPSG:32615,
P005,Houston,port,2023_08,2023,S2_P005_Houston_2023_08.tif,1,0,1,1,23,14.72714386956522,640,EPSG:32615,
P005,Houston,port,2023_09,2023,S2_P005_Houston_2023_09.tif,1,0,1,1,21,21.471015571428573,640,EPSG:32615,
P005,Houston,port,2023_10,2023,S2_P005_Houston_2023_10.tif,1,0,1,1,14,23.690144571428572,640,EPSG:32615,
P005,Houston,port,2023_11,2023,S2_P005_Houston_2023_11.tif,1,0,1,1,12,26.509940666666665,640,EPSG:32615,
P005,Houston,port,2023_12,2023,S2_P005_Houston_2023_12.tif,1,0,1,1,13,23.04946446153846,640,EPSG:32615,
P005,Houston,port,2024_01,2024,S2_P005_Houston_2024_01.tif,1,0,1,1,11,25.351179727272733,640,EPSG:32615,
P005,Houston,port,2024_02,2024,S2_P005_Houston_2024_02.tif,1,0,1,1,8,20.825222125,640,EPSG:32615,
P005,Houston,port,2024_03,2024,S2_P005_Houston_2024_03.tif,1,0,1,1,11,19.354049727272727,640,EPSG:32615,
P005,Houston,port,2024_04,2024,S2_P005_Houston_2024_04.tif,1,0,1,1,10,20.8802033,640,EPSG:32615,
P005,Houston,port,2024_05,2024,S2_P005_Houston_2024_05.tif,1,0,1,1,9,34.382435,640,EPSG:32615,
P005,Houston,port,2024_06,2024,S2_P005_Houston_2024_06.tif,1,0,1,1,18,35.2280995,640,EPSG:32615,
P005,Houston,port,2024_07,2024,S2_P005_Houston_2024_07.tif,1,0,1,1,14,30.782607428571428,640,EPSG:32615,
P005,Houston,port,2024_08,2024,S2_P005_Houston_2024_08.tif,1,0,1,1,17,30.807943411764708,640,EPSG:32615,
P005,Houston,port,2024_09,2024,S2_P005_Houston_2024_09.tif,1,0,1,1,18,19.501976944444444,640,EPSG:32615,
P005,Houston,port,2024_10,2024,S2_P005_Houston_2024_10.tif,1,0,1,1,22,10.669350636363639,640,EPSG:32615,
P005,Houston,port,2024_11,2024,S2_P005_Houston_2024_11.tif,1,0,1,1,11,8.212967454545455,640,EPSG:32615,
P005,Houston,port,2024_12,2024,S2_P005_Houston_2024_12.tif,1,0,1,1,14,8.757911428571427,640,EPSG:32615,
P005,Houston,port,2025_01,2025,S2_P005_Houston_2025_01.tif,1,0,1,1,4,4.1098765,640,EPSG:32615,
P005,Houston,port,2025_02,2025,S2_P005_Houston_2025_02.tif,1,0,1,1,12,25.59869416666667,640,EPSG:32615,
P005,Houston,port,2025_03,2025,S2_P005_Houston_2025_03.tif,1,0,1,1,15,11.081129933333333,640,EPSG:32615,
P005,Houston,port,2025_04,2025,S2_P005_Houston_2025_04.tif,1,0,1,1,18,26.1500485,640,EPSG:32615,
P005,Houston,port,2025_05,2025,S2_P005_Houston_2025_05.tif,1,0,1,1,17,31.645165352941177,640,EPSG:32615,
P005,Houston,port,2025_06,2025,S2_P005_Houston_2025_06.tif,1,0,1,1,22,38.48282054545455,640,EPSG:32615,
P005,Houston,port,2025_07,2025,S2_P005_Houston_2025_07.tif,1,0,1,1,20,33.490355650000005,640,EPSG:32615,
P005,Houston,port,2025_08,2025,S2_P005_Houston_2025_08.tif,1,0,1,1,23,34.392358782608696,640,EPSG:32615,
P005,Houston,port,2025_09,2025,S2_P005_Houston_2025_09.tif,1,0,1,1,24,27.037226083333334,640,EPSG:32615,
P005,Houston,port,2025_10,2025,S2_P005_Houston_2025_10.tif,1,0,1,1,29,14.562825137931036,640,EPSG:32615,
P005,Houston,port,2025_11,2025,S2_P005_Houston_2025_11.tif,1,0,1,1,22,24.225882045454547,640,EPSG:32615,
P005,Houston,port,2025_12,2025,S2_P005_Houston_2025_12.tif,1,0,1,1,16,17.740728187499997,640,EPSG:32615,
P005,Houston,port,2026_01,2026,S2_P005_Houston_2026_01.tif,1,0,1,1,14,14.788630357142859,640,EPSG:32615,
P005,Houston,port,2026_02,2026,S2_P005_Houston_2026_02.tif,1,0,1,1,15,11.017100999999997,640,EPSG:32615,
P005,Houston,port,2026_03,2026,S2_P005_Houston_2026_03.tif,1,0,1,1,19,19.156723052631577,640,EPSG:32615,
P005,Houston,port,2026_04,2026,S2_P005_Houston_2026_04.tif,1,0,1,1,3,17.21513566666667,640,EPSG:32615,
P005,Houston,port,2026_05,2026,S2_P005_Houston_2026_05.tif,1,0,1,1,18,22.888477833333333,640,EPSG:32615,
P005,Houston,port,2026_06,2026,S2_P005_Houston_2026_06.tif,1,0,1,1,11,47.292606727272734,640,EPSG:32615,
P006,NingboZhoushan,port,2019_01,2019,S2_P006_NingboZhoushan_2019_01.tif,1,0,1,1,2,44.81185,640,EPSG:32651,
P006,NingboZhoushan,port,2019_03,2019,S2_P006_NingboZhoushan_2019_03.tif,1,0,1,1,4,0.33615375,640,EPSG:32651,
P006,NingboZhoushan,port,2019_04,2019,S2_P006_NingboZhoushan_2019_04.tif,1,0,1,1,4,30.343899999999998,640,EPSG:32651,
P006,NingboZhoushan,port,2019_05,2019,S2_P006_NingboZhoushan_2019_05.tif,1,0,1,1,3,21.329777333333332,640,EPSG:32651,
P006,NingboZhoushan,port,2019_06,2019,S2_P006_NingboZhoushan_2019_06.tif,1,0,1,1,3,10.473199333333334,640,EPSG:32651,
P006,NingboZhoushan,port,2019_07,2019,S2_P006_NingboZhoushan_2019_07.tif,1,0,1,1,4,23.81757875,640,EPSG:32651,
P006,NingboZhoushan,port,2019_08,2019,S2_P006_NingboZhoushan_2019_08.tif,1,0,1,1,6,27.362464166666665,640,EPSG:32651,
P006,NingboZhoushan,port,2019_09,2019,S2_P006_NingboZhoushan_2019_09.tif,1,0,1,1,8,22.2698125,640,EPSG:32651,
P006,NingboZhoushan,port,2019_10,2019,S2_P006_NingboZhoushan_2019_10.tif,1,0,1,1,4,27.9248475,640,EPSG:32651,
P006,NingboZhoushan,port,2019_11,2019,S2_P006_NingboZhoushan_2019_11.tif,1,0,1,1,5,35.351629200000005,640,EPSG:32651,
P006,NingboZhoushan,port,2019_12,2019,S2_P006_NingboZhoushan_2019_12.tif,1,0,1,1,8,28.843086375000002,640,EPSG:32651,
P006,NingboZhoushan,port,2020_01,2020,S2_P006_NingboZhoushan_2020_01.tif,1,0,1,1,6,9.876125666666667,640,EPSG:32651,
P006,NingboZhoushan,port,2020_02,2020,S2_P006_NingboZhoushan_2020_02.tif,1,0,1,1,8,12.052215875000002,640,EPSG:32651,
P006,NingboZhoushan,port,2020_03,2020,S2_P006_NingboZhoushan_2020_03.tif,1,0,1,1,8,12.947956,640,EPSG:32651,
P006,NingboZhoushan,port,2020_04,2020,S2_P006_NingboZhoushan_2020_04.tif,1,0,1,1,7,26.383182714285716,640,EPSG:32651,
P006,NingboZhoushan,port,2020_05,2020,S2_P006_NingboZhoushan_2020_05.tif,1,0,1,1,2,55.750393,640,EPSG:32651,
P006,NingboZhoushan,port,2020_06,2020,S2_P006_NingboZhoushan_2020_06.tif,1,0,1,1,1,49.361561,640,EPSG:32651,
P006,NingboZhoushan,port,2020_07,2020,S2_P006_NingboZhoushan_2020_07.tif,1,0,1,1,2,33.079651999999996,640,EPSG:32651,
P006,NingboZhoushan,port,2020_08,2020,S2_P006_NingboZhoushan_2020_08.tif,1,0,1,1,10,23.448477999999998,640,EPSG:32651,
P006,NingboZhoushan,port,2020_09,2020,S2_P006_NingboZhoushan_2020_09.tif,1,0,1,1,4,21.8716785,640,EPSG:32651,
P006,NingboZhoushan,port,2020_10,2020,S2_P006_NingboZhoushan_2020_10.tif,1,0,1,1,6,39.55256083333333,640,EPSG:32651,
P006,NingboZhoushan,port,2020_11,2020,S2_P006_NingboZhoushan_2020_11.tif,1,0,1,1,5,25.8140002,640,EPSG:32651,
P006,NingboZhoushan,port,2020_12,2020,S2_P006_NingboZhoushan_2020_12.tif,1,0,1,1,7,21.756798,640,EPSG:32651,
P006,NingboZhoushan,port,2021_01,2021,S2_P006_NingboZhoushan_2021_01.tif,1,0,1,1,8,16.454690375000002,640,EPSG:32651,
P006,NingboZhoushan,port,2021_02,2021,S2_P006_NingboZhoushan_2021_02.tif,1,0,1,1,6,32.98387,640,EPSG:32651,
P006,NingboZhoushan,port,2021_03,2021,S2_P006_NingboZhoushan_2021_03.tif,1,0,1,1,2,38.4449525,640,EPSG:32651,
P006,NingboZhoushan,port,2021_04,2021,S2_P006_NingboZhoushan_2021_04.tif,1,0,1,1,9,17.395674111111113,640,EPSG:32651,
P006,NingboZhoushan,port,2021_05,2021,S2_P006_NingboZhoushan_2021_05.tif,1,0,1,1,6,21.7998395,640,EPSG:32651,
P006,NingboZhoushan,port,2021_06,2021,S2_P006_NingboZhoushan_2021_06.tif,1,0,1,1,1,58.735418,640,EPSG:32651,
P006,NingboZhoushan,port,2021_07,2021,S2_P006_NingboZhoushan_2021_07.tif,1,0,1,1,5,34.3976252,640,EPSG:32651,
P006,NingboZhoushan,port,2021_08,2021,S2_P006_NingboZhoushan_2021_08.tif,1,0,1,1,5,19.1125746,640,EPSG:32651,
P006,NingboZhoushan,port,2021_09,2021,S2_P006_NingboZhoushan_2021_09.tif,1,0,1,1,6,7.400531833333333,640,EPSG:32651,
P006,NingboZhoushan,port,2021_10,2021,S2_P006_NingboZhoushan_2021_10.tif,1,0,1,1,3,32.126179666666665,640,EPSG:32651,
P006,NingboZhoushan,port,2021_11,2021,S2_P006_NingboZhoushan_2021_11.tif,1,0,1,1,5,11.3913192,640,EPSG:32651,
P006,NingboZhoushan,port,2021_12,2021,S2_P006_NingboZhoushan_2021_12.tif,1,0,1,1,8,12.103422749999998,640,EPSG:32651,
P006,NingboZhoushan,port,2022_01,2022,S2_P006_NingboZhoushan_2022_01.tif,1,0,1,1,3,18.641051333333333,640,EPSG:32651,
P006,NingboZhoushan,port,2022_02,2022,S2_P006_NingboZhoushan_2022_02.tif,1,0,1,1,6,28.041913000000005,640,EPSG:32651,
P006,NingboZhoushan,port,2022_03,2022,S2_P006_NingboZhoushan_2022_03.tif,1,0,1,1,2,3.154278,640,EPSG:32651,
P006,NingboZhoushan,port,2022_04,2022,S2_P006_NingboZhoushan_2022_04.tif,1,0,1,1,2,18.083942,640,EPSG:32651,
P006,NingboZhoushan,port,2022_05,2022,S2_P006_NingboZhoushan_2022_05.tif,1,0,1,1,3,20.717760333333334,640,EPSG:32651,
P006,NingboZhoushan,port,2022_06,2022,S2_P006_NingboZhoushan_2022_06.tif,1,0,1,1,4,21.14101975,640,EPSG:32651,
P006,NingboZhoushan,port,2022_07,2022,S2_P006_NingboZhoushan_2022_07.tif,1,0,1,1,7,27.736957571428572,640,EPSG:32651,
P006,NingboZhoushan,port,2022_08,2022,S2_P006_NingboZhoushan_2022_08.tif,1,0,1,1,10,19.7927777,640,EPSG:32651,
P006,NingboZhoushan,port,2022_09,2022,S2_P006_NingboZhoushan_2022_09.tif,1,0,1,1,5,37.05334259999999,640,EPSG:32651,
P006,NingboZhoushan,port,2022_10,2022,S2_P006_NingboZhoushan_2022_10.tif,1,0,1,1,3,16.303952,640,EPSG:32651,
P006,NingboZhoushan,port,2022_11,2022,S2_P006_NingboZhoushan_2022_11.tif,1,0,1,1,4,6.20061175,640,EPSG:32651,
P006,NingboZhoushan,port,2022_12,2022,S2_P006_NingboZhoushan_2022_12.tif,1,0,1,1,8,20.133573375,640,EPSG:32651,
P006,NingboZhoushan,port,2023_01,2023,S2_P006_NingboZhoushan_2023_01.tif,1,0,1,1,6,7.899154166666668,640,EPSG:32651,
P006,NingboZhoushan,port,2023_03,2023,S2_P006_NingboZhoushan_2023_03.tif,1,0,1,1,3,9.972677666666668,640,EPSG:32651,
P006,NingboZhoushan,port,2023_04,2023,S2_P006_NingboZhoushan_2023_04.tif,1,0,1,1,4,14.0510065,640,EPSG:32651,
P006,NingboZhoushan,port,2023_05,2023,S2_P006_NingboZhoushan_2023_05.tif,1,0,1,1,6,20.976333833333335,640,EPSG:32651,
P006,NingboZhoushan,port,2023_06,2023,S2_P006_NingboZhoushan_2023_06.tif,1,0,1,1,4,41.166945999999996,640,EPSG:32651,
P006,NingboZhoushan,port,2023_08,2023,S2_P006_NingboZhoushan_2023_08.tif,1,0,1,1,8,40.514402375,640,EPSG:32651,
P006,NingboZhoushan,port,2023_09,2023,S2_P006_NingboZhoushan_2023_09.tif,1,0,1,1,6,15.686916833333335,640,EPSG:32651,
P006,NingboZhoushan,port,2023_10,2023,S2_P006_NingboZhoushan_2023_10.tif,1,0,1,1,7,27.511891285714285,640,EPSG:32651,
P006,NingboZhoushan,port,2023_11,2023,S2_P006_NingboZhoushan_2023_11.tif,1,0,1,1,6,0.6385586666666667,640,EPSG:32651,
P006,NingboZhoushan,port,2023_12,2023,S2_P006_NingboZhoushan_2023_12.tif,1,0,1,1,9,23.831820777777782,640,EPSG:32651,
P006,NingboZhoushan,port,2024_01,2024,S2_P006_NingboZhoushan_2024_01.tif,1,0,1,1,4,50.25940675,640,EPSG:32651,
P006,NingboZhoushan,port,2024_02,2024,S2_P006_NingboZhoushan_2024_02.tif,1,0,1,1,6,2.5649828333333335,640,EPSG:32651,
P006,NingboZhoushan,port,2024_03,2024,S2_P006_NingboZhoushan_2024_03.tif,1,0,1,1,4,1.29002725,640,EPSG:32651,
P006,NingboZhoushan,port,2024_04,2024,S2_P006_NingboZhoushan_2024_04.tif,1,0,1,1,3,13.734542,640,EPSG:32651,
P006,NingboZhoushan,port,2024_05,2024,S2_P006_NingboZhoushan_2024_05.tif,1,0,1,1,5,31.8313312,640,EPSG:32651,
P006,NingboZhoushan,port,2024_06,2024,S2_P006_NingboZhoushan_2024_06.tif,1,0,1,1,5,35.4921528,640,EPSG:32651,
P006,NingboZhoushan,port,2024_07,2024,S2_P006_NingboZhoushan_2024_07.tif,1,0,1,1,8,23.406960250000004,640,EPSG:32651,
P006,NingboZhoushan,port,2024_08,2024,S2_P006_NingboZhoushan_2024_08.tif,1,0,1,1,10,16.158827,640,EPSG:32651,
P006,NingboZhoushan,port,2024_09,2024,S2_P006_NingboZhoushan_2024_09.tif,1,0,1,1,4,22.874973,640,EPSG:32651,
P006,NingboZhoushan,port,2024_10,2024,S2_P006_NingboZhoushan_2024_10.tif,1,0,1,1,3,25.697557,640,EPSG:32651,
P006,NingboZhoushan,port,2024_11,2024,S2_P006_NingboZhoushan_2024_11.tif,1,0,1,1,4,26.88095975,640,EPSG:32651,
P006,NingboZhoushan,port,2024_12,2024,S2_P006_NingboZhoushan_2024_12.tif,1,0,1,1,8,5.749816125000001,640,EPSG:32651,
P006,NingboZhoushan,port,2025_01,2025,S2_P006_NingboZhoushan_2025_01.tif,1,0,1,1,9,9.82369288888889,640,EPSG:32651,
P006,NingboZhoushan,port,2025_02,2025,S2_P006_NingboZhoushan_2025_02.tif,1,0,1,1,6,10.918877166666666,640,EPSG:32651,
P006,NingboZhoushan,port,2025_03,2025,S2_P006_NingboZhoushan_2025_03.tif,1,0,1,1,4,6.8612135,640,EPSG:32651,
P006,NingboZhoushan,port,2025_04,2025,S2_P006_NingboZhoushan_2025_04.tif,1,0,1,1,6,26.764009166666668,640,EPSG:32651,
P006,NingboZhoushan,port,2025_05,2025,S2_P006_NingboZhoushan_2025_05.tif,1,0,1,1,4,30.260014749999996,640,EPSG:32651,
P006,NingboZhoushan,port,2025_06,2025,S2_P006_NingboZhoushan_2025_06.tif,1,0,1,1,3,18.268729333333333,640,EPSG:32651,
P006,NingboZhoushan,port,2025_07,2025,S2_P006_NingboZhoushan_2025_07.tif,1,0,1,1,8,28.07209075,640,EPSG:32651,
P006,NingboZhoushan,port,2025_08,2025,S2_P006_NingboZhoushan_2025_08.tif,1,0,1,1,12,23.82901891666667,640,EPSG:32651,
P006,NingboZhoushan,port,2025_09,2025,S2_P006_NingboZhoushan_2025_09.tif,1,0,1,1,12,11.174311000000001,640,EPSG:32651,
P006,NingboZhoushan,port,2025_10,2025,S2_P006_NingboZhoushan_2025_10.tif,1,0,1,1,7,11.454938,640,EPSG:32651,
P006,NingboZhoushan,port,2025_11,2025,S2_P006_NingboZhoushan_2025_11.tif,1,0,1,1,10,19.322750999999993,640,EPSG:32651,
P006,NingboZhoushan,port,2025_12,2025,S2_P006_NingboZhoushan_2025_12.tif,1,0,1,1,7,20.666646571428572,640,EPSG:32651,
P006,NingboZhoushan,port,2026_01,2026,S2_P006_NingboZhoushan_2026_01.tif,1,0,1,1,8,10.926348999999998,640,EPSG:32651,
P006,NingboZhoushan,port,2026_02,2026,S2_P006_NingboZhoushan_2026_02.tif,1,0,1,1,10,16.054229399999997,640,EPSG:32651,
P006,NingboZhoushan,port,2026_03,2026,S2_P006_NingboZhoushan_2026_03.tif,1,0,1,1,7,21.344014571428573,640,EPSG:32651,
P006,NingboZhoushan,port,2026_04,2026,S2_P006_NingboZhoushan_2026_04.tif,1,0,1,1,7,28.684708428571433,640,EPSG:32651,
P006,NingboZhoushan,port,2026_05,2026,S2_P006_NingboZhoushan_2026_05.tif,1,0,1,1,6,10.212564333333333,640,EPSG:32651,
P007,Jamnagar,refinery,2019_01,2019,S2_P007_Jamnagar_2019_01.tif,1,0,1,1,7,14.139879142857142,512,EPSG:32642,
P007,Jamnagar,refinery,2019_02,2019,S2_P007_Jamnagar_2019_02.tif,1,0,1,1,5,1.0098334000000002,512,EPSG:32642,
P007,Jamnagar,refinery,2019_03,2019,S2_P007_Jamnagar_2019_03.tif,1,0,1,1,6,3.8607181666666666,512,EPSG:32642,
P007,Jamnagar,refinery,2019_04,2019,S2_P007_Jamnagar_2019_04.tif,1,0,1,1,6,5.998763999999999,512,EPSG:32642,
P007,Jamnagar,refinery,2019_05,2019,S2_P007_Jamnagar_2019_05.tif,1,0,1,1,6,2.9988346666666668,512,EPSG:32642,
P007,Jamnagar,refinery,2019_06,2019,S2_P007_Jamnagar_2019_06.tif,1,0,1,1,5,34.2656652,512,EPSG:32642,
P007,Jamnagar,refinery,2019_07,2019,S2_P007_Jamnagar_2019_07.tif,1,0,1,1,1,28.627562,512,EPSG:32642,
P007,Jamnagar,refinery,2019_08,2019,S2_P007_Jamnagar_2019_08.tif,1,0,1,1,2,30.9590015,512,EPSG:32642,
P007,Jamnagar,refinery,2019_09,2019,S2_P007_Jamnagar_2019_09.tif,1,0,1,1,2,40.823151499999994,512,EPSG:32642,
P007,Jamnagar,refinery,2019_10,2019,S2_P007_Jamnagar_2019_10.tif,1,0,1,1,5,11.563925000000001,512,EPSG:32642,
P007,Jamnagar,refinery,2019_11,2019,S2_P007_Jamnagar_2019_11.tif,1,0,1,1,4,0.879493,512,EPSG:32642,
P007,Jamnagar,refinery,2019_12,2019,S2_P007_Jamnagar_2019_12.tif,1,0,1,1,6,10.672213999999999,512,EPSG:32642,
P007,Jamnagar,refinery,2020_01,2020,S2_P007_Jamnagar_2020_01.tif,1,0,1,1,7,8.055364142857142,512,EPSG:32642,
P007,Jamnagar,refinery,2020_02,2020,S2_P007_Jamnagar_2020_02.tif,1,0,1,1,5,9.596798799999998,512,EPSG:32642,
P007,Jamnagar,refinery,2020_03,2020,S2_P007_Jamnagar_2020_03.tif,1,0,1,1,6,5.219098333333334,512,EPSG:32642,
P007,Jamnagar,refinery,2020_04,2020,S2_P007_Jamnagar_2020_04.tif,1,0,1,1,6,3.176082333333333,512,EPSG:32642,
P007,Jamnagar,refinery,2020_05,2020,S2_P007_Jamnagar_2020_05.tif,1,0,1,1,6,5.4823035,512,EPSG:32642,
P007,Jamnagar,refinery,2020_06,2020,S2_P007_Jamnagar_2020_06.tif,1,0,1,1,4,33.88173,512,EPSG:32642,
P007,Jamnagar,refinery,2020_07,2020,S2_P007_Jamnagar_2020_07.tif,1,0,1,1,2,46.6316225,512,EPSG:32642,
P007,Jamnagar,refinery,2020_08,2020,S2_P007_Jamnagar_2020_08.tif,1,0,1,1,1,29.647798,512,EPSG:32642,
P007,Jamnagar,refinery,2020_09,2020,S2_P007_Jamnagar_2020_09.tif,1,0,1,1,5,36.9894272,512,EPSG:32642,
P007,Jamnagar,refinery,2020_10,2020,S2_P007_Jamnagar_2020_10.tif,1,0,1,1,5,10.234394400000001,512,EPSG:32642,
P007,Jamnagar,refinery,2020_11,2020,S2_P007_Jamnagar_2020_11.tif,1,0,1,1,6,0.11091299999999998,512,EPSG:32642,
P007,Jamnagar,refinery,2020_12,2020,S2_P007_Jamnagar_2020_12.tif,1,0,1,1,7,4.045769,512,EPSG:32642,
P007,Jamnagar,refinery,2021_01,2021,S2_P007_Jamnagar_2021_01.tif,1,0,1,1,6,1.5029766666666668,512,EPSG:32642,
P007,Jamnagar,refinery,2021_02,2021,S2_P007_Jamnagar_2021_02.tif,1,0,1,1,5,7.702105,512,EPSG:32642,
P007,Jamnagar,refinery,2021_03,2021,S2_P007_Jamnagar_2021_03.tif,1,0,1,1,7,0.10857671428571428,512,EPSG:32642,
P007,Jamnagar,refinery,2021_04,2021,S2_P007_Jamnagar_2021_04.tif,1,0,1,1,5,7.4412182,512,EPSG:32642,
P007,Jamnagar,refinery,2021_05,2021,S2_P007_Jamnagar_2021_05.tif,1,0,1,1,5,7.5859702,512,EPSG:32642,
P007,Jamnagar,refinery,2021_06,2021,S2_P007_Jamnagar_2021_06.tif,1,0,1,1,5,25.8083708,512,EPSG:32642,
P007,Jamnagar,refinery,2021_07,2021,S2_P007_Jamnagar_2021_07.tif,1,0,1,1,1,16.310135,512,EPSG:32642,
P007,Jamnagar,refinery,2021_08,2021,S2_P007_Jamnagar_2021_08.tif,1,0,1,1,3,49.28042366666667,512,EPSG:32642,
P007,Jamnagar,refinery,2021_09,2021,S2_P007_Jamnagar_2021_09.tif,1,0,1,1,1,49.862675,512,EPSG:32642,
P007,Jamnagar,refinery,2021_10,2021,S2_P007_Jamnagar_2021_10.tif,1,0,1,1,6,16.4162675,512,EPSG:32642,
P007,Jamnagar,refinery,2021_11,2021,S2_P007_Jamnagar_2021_11.tif,1,0,1,1,5,4.490755,512,EPSG:32642,
P007,Jamnagar,refinery,2021_12,2021,S2_P007_Jamnagar_2021_12.tif,1,0,1,1,5,1.011176,512,EPSG:32642,
P007,Jamnagar,refinery,2022_01,2022,S2_P007_Jamnagar_2022_01.tif,1,0,1,1,5,2.5246611999999997,512,EPSG:32642,
P007,Jamnagar,refinery,2022_02,2022,S2_P007_Jamnagar_2022_02.tif,1,0,1,1,5,1.3823708,512,EPSG:32642,
P007,Jamnagar,refinery,2022_03,2022,S2_P007_Jamnagar_2022_03.tif,1,0,1,1,7,0.5216774285714286,512,EPSG:32642,
P007,Jamnagar,refinery,2022_04,2022,S2_P007_Jamnagar_2022_04.tif,1,0,1,1,5,4.862452599999999,512,EPSG:32642,
P007,Jamnagar,refinery,2022_05,2022,S2_P007_Jamnagar_2022_05.tif,1,0,1,1,6,13.249252499999999,512,EPSG:32642,
P007,Jamnagar,refinery,2022_06,2022,S2_P007_Jamnagar_2022_06.tif,1,0,1,1,5,30.075583600000005,512,EPSG:32642,
P007,Jamnagar,refinery,2022_08,2022,S2_P007_Jamnagar_2022_08.tif,1,0,1,1,1,30.861208,512,EPSG:32642,
P007,Jamnagar,refinery,2022_09,2022,S2_P007_Jamnagar_2022_09.tif,1,0,1,1,3,32.36139466666666,512,EPSG:32642,
P007,Jamnagar,refinery,2022_10,2022,S2_P007_Jamnagar_2022_10.tif,1,0,1,1,6,16.674250500000003,512,EPSG:32642,
P007,Jamnagar,refinery,2022_11,2022,S2_P007_Jamnagar_2022_11.tif,1,0,1,1,5,0.031382200000000006,512,EPSG:32642,
P007,Jamnagar,refinery,2022_12,2022,S2_P007_Jamnagar_2022_12.tif,1,0,1,1,7,7.567582714285715,512,EPSG:32642,
P007,Jamnagar,refinery,2023_01,2023,S2_P007_Jamnagar_2023_01.tif,1,0,1,1,6,1.909737166666667,512,EPSG:32642,
P007,Jamnagar,refinery,2023_02,2023,S2_P007_Jamnagar_2023_02.tif,1,0,1,1,5,3.6456472,512,EPSG:32642,
P007,Jamnagar,refinery,2023_03,2023,S2_P007_Jamnagar_2023_03.tif,1,0,1,1,7,7.975399428571429,512,EPSG:32642,
P007,Jamnagar,refinery,2023_04,2023,S2_P007_Jamnagar_2023_04.tif,1,0,1,1,4,12.226652999999999,512,EPSG:32642,
P007,Jamnagar,refinery,2023_05,2023,S2_P007_Jamnagar_2023_05.tif,1,0,1,1,6,13.226676,512,EPSG:32642,
P007,Jamnagar,refinery,2023_06,2023,S2_P007_Jamnagar_2023_06.tif,1,0,1,1,2,3.4120025,512,EPSG:32642,
P007,Jamnagar,refinery,2023_08,2023,S2_P007_Jamnagar_2023_08.tif,1,0,1,1,1,49.958724,512,EPSG:32642,
P007,Jamnagar,refinery,2023_09,2023,S2_P007_Jamnagar_2023_09.tif,1,0,1,1,4,34.644858,512,EPSG:32642,
P007,Jamnagar,refinery,2023_10,2023,S2_P007_Jamnagar_2023_10.tif,1,0,1,1,6,9.591599,512,EPSG:32642,
P007,Jamnagar,refinery,2023_11,2023,S2_P007_Jamnagar_2023_11.tif,1,0,1,1,5,15.161575,512,EPSG:32642,
P007,Jamnagar,refinery,2023_12,2023,S2_P007_Jamnagar_2023_12.tif,1,0,1,1,4,5.25489725,512,EPSG:32642,
P007,Jamnagar,refinery,2024_01,2024,S2_P007_Jamnagar_2024_01.tif,1,0,1,1,4,0.8661292500000001,512,EPSG:32642,
P007,Jamnagar,refinery,2024_02,2024,S2_P007_Jamnagar_2024_02.tif,1,0,1,1,6,2.5006636666666666,512,EPSG:32642,
P007,Jamnagar,refinery,2024_03,2024,S2_P007_Jamnagar_2024_03.tif,1,0,1,1,6,5.682895666666667,512,EPSG:32642,
P007,Jamnagar,refinery,2024_04,2024,S2_P007_Jamnagar_2024_04.tif,1,0,1,1,5,6.495827,512,EPSG:32642,
P007,Jamnagar,refinery,2024_05,2024,S2_P007_Jamnagar_2024_05.tif,1,0,1,1,6,14.866711,512,EPSG:32642,
P007,Jamnagar,refinery,2024_06,2024,S2_P007_Jamnagar_2024_06.tif,1,0,1,1,4,32.452082499999996,512,EPSG:32642,
P007,Jamnagar,refinery,2024_08,2024,S2_P007_Jamnagar_2024_08.tif,1,0,1,1,1,39.781633,512,EPSG:32642,
P007,Jamnagar,refinery,2024_09,2024,S2_P007_Jamnagar_2024_09.tif,1,0,1,1,3,26.617697333333336,512,EPSG:32642,
P007,Jamnagar,refinery,2024_10,2024,S2_P007_Jamnagar_2024_10.tif,1,0,1,1,4,13.896714249999999,512,EPSG:32642,
P007,Jamnagar,refinery,2024_11,2024,S2_P007_Jamnagar_2024_11.tif,1,0,1,1,6,0.028591833333333334,512,EPSG:32642,
P007,Jamnagar,refinery,2024_12,2024,S2_P007_Jamnagar_2024_12.tif,1,0,1,1,7,9.723083857142857,512,EPSG:32642,
P007,Jamnagar,refinery,2025_01,2025,S2_P007_Jamnagar_2025_01.tif,1,0,1,1,6,0.017598166666666665,512,EPSG:32642,
P007,Jamnagar,refinery,2025_02,2025,S2_P007_Jamnagar_2025_02.tif,1,0,1,1,5,15.5641912,512,EPSG:32642,
P007,Jamnagar,refinery,2025_03,2025,S2_P007_Jamnagar_2025_03.tif,1,0,1,1,7,1.024391857142857,512,EPSG:32642,
P007,Jamnagar,refinery,2025_04,2025,S2_P007_Jamnagar_2025_04.tif,1,0,1,1,7,0.129788,512,EPSG:32642,
P007,Jamnagar,refinery,2025_05,2025,S2_P007_Jamnagar_2025_05.tif,1,0,1,1,7,24.591343285714288,512,EPSG:32642,
P007,Jamnagar,refinery,2025_06,2025,S2_P007_Jamnagar_2025_06.tif,1,0,1,1,2,31.278488,512,EPSG:32642,
P007,Jamnagar,refinery,2025_08,2025,S2_P007_Jamnagar_2025_08.tif,1,0,1,1,1,54.106194,512,EPSG:32642,
P007,Jamnagar,refinery,2025_09,2025,S2_P007_Jamnagar_2025_09.tif,1,0,1,1,2,39.0630185,512,EPSG:32642,
P007,Jamnagar,refinery,2025_10,2025,S2_P007_Jamnagar_2025_10.tif,1,0,1,1,5,9.592150799999999,512,EPSG:32642,
P007,Jamnagar,refinery,2025_11,2025,S2_P007_Jamnagar_2025_11.tif,1,0,1,1,7,1.693597,512,EPSG:32642,
P007,Jamnagar,refinery,2025_12,2025,S2_P007_Jamnagar_2025_12.tif,1,0,1,1,7,0.45129,512,EPSG:32642,
P007,Jamnagar,refinery,2026_01,2026,S2_P007_Jamnagar_2026_01.tif,1,0,1,1,8,15.461645999999998,512,EPSG:32642,
P007,Jamnagar,refinery,2026_02,2026,S2_P007_Jamnagar_2026_02.tif,1,0,1,1,6,0.6455586666666667,512,EPSG:32642,
P007,Jamnagar,refinery,2026_03,2026,S2_P007_Jamnagar_2026_03.tif,1,0,1,1,6,9.883110166666667,512,EPSG:32642,
P007,Jamnagar,refinery,2026_04,2026,S2_P007_Jamnagar_2026_04.tif,1,0,1,1,8,7.345651875000001,512,EPSG:32642,
P007,Jamnagar,refinery,2026_05,2026,S2_P007_Jamnagar_2026_05.tif,1,0,1,1,7,14.03269657142857,512,EPSG:32642,
P007,Jamnagar,refinery,2026_06,2026,S2_P007_Jamnagar_2026_06.tif,1,0,1,1,6,33.833004499999994,512,EPSG:32642,
P008,Basra,terminal,2019_01,2019,S2_P008_Basra_2019_01.tif,1,1,0,0,1,59.696044,160,EPSG:32639,GEE export all-zero after SCL cloud mask (n_scenes=1 mean_cloud=59.7); treat as missing in pipeline
P008,Basra,terminal,2019_02,2019,S2_P008_Basra_2019_02.tif,1,0,1,1,4,26.621114,160,EPSG:32639,
P008,Basra,terminal,2019_03,2019,S2_P008_Basra_2019_03.tif,1,0,1,1,4,11.187133999999999,160,EPSG:32639,
P008,Basra,terminal,2019_04,2019,S2_P008_Basra_2019_04.tif,1,0,1,1,2,0.115264,160,EPSG:32639,
P008,Basra,terminal,2019_05,2019,S2_P008_Basra_2019_05.tif,1,0,1,1,7,21.379147714285715,160,EPSG:32639,
P008,Basra,terminal,2019_06,2019,S2_P008_Basra_2019_06.tif,1,0,1,1,6,0.6164446666666666,160,EPSG:32639,
P008,Basra,terminal,2019_07,2019,S2_P008_Basra_2019_07.tif,1,0,1,1,5,5.518797999999999,160,EPSG:32639,
P008,Basra,terminal,2019_08,2019,S2_P008_Basra_2019_08.tif,1,0,1,1,7,16.690315857142856,160,EPSG:32639,
P008,Basra,terminal,2019_09,2019,S2_P008_Basra_2019_09.tif,1,0,1,1,6,0.4641321666666666,160,EPSG:32639,
P008,Basra,terminal,2019_10,2019,S2_P008_Basra_2019_10.tif,1,0,1,1,4,10.098454,160,EPSG:32639,
P008,Basra,terminal,2019_11,2019,S2_P008_Basra_2019_11.tif,1,0,1,1,5,19.470267,160,EPSG:32639,
P008,Basra,terminal,2019_12,2019,S2_P008_Basra_2019_12.tif,1,0,1,1,6,12.863097333333336,160,EPSG:32639,
P008,Basra,terminal,2020_01,2020,S2_P008_Basra_2020_01.tif,1,0,1,1,4,4.88621775,160,EPSG:32639,
P008,Basra,terminal,2020_02,2020,S2_P008_Basra_2020_02.tif,1,0,1,1,5,5.1816452,160,EPSG:32639,
P008,Basra,terminal,2020_03,2020,S2_P008_Basra_2020_03.tif,1,0,1,1,3,12.336765,160,EPSG:32639,
P008,Basra,terminal,2020_04,2020,S2_P008_Basra_2020_04.tif,1,0,1,1,6,5.007228166666667,160,EPSG:32639,
P008,Basra,terminal,2020_05,2020,S2_P008_Basra_2020_05.tif,1,0,1,1,6,13.116435666666666,160,EPSG:32639,
P008,Basra,terminal,2020_06,2020,S2_P008_Basra_2020_06.tif,1,0,1,1,6,5.828796999999999,160,EPSG:32639,
P008,Basra,terminal,2020_07,2020,S2_P008_Basra_2020_07.tif,1,0,1,1,7,4.2852622857142855,160,EPSG:32639,
P008,Basra,terminal,2020_08,2020,S2_P008_Basra_2020_08.tif,1,0,1,1,6,5.995452333333333,160,EPSG:32639,
P008,Basra,terminal,2020_09,2020,S2_P008_Basra_2020_09.tif,1,0,1,1,6,5.7555344999999996,160,EPSG:32639,
P008,Basra,terminal,2020_10,2020,S2_P008_Basra_2020_10.tif,1,0,1,1,6,0.11770199999999999,160,EPSG:32639,
P008,Basra,terminal,2020_11,2020,S2_P008_Basra_2020_11.tif,1,0,1,1,4,18.706196000000002,160,EPSG:32639,
P008,Basra,terminal,2020_12,2020,S2_P008_Basra_2020_12.tif,1,0,1,1,4,15.499180749999999,160,EPSG:32639,
P008,Basra,terminal,2021_01,2021,S2_P008_Basra_2021_01.tif,1,0,1,1,6,18.9225825,160,EPSG:32639,
P008,Basra,terminal,2021_02,2021,S2_P008_Basra_2021_02.tif,1,0,1,1,5,9.6362524,160,EPSG:32639,
P008,Basra,terminal,2021_03,2021,S2_P008_Basra_2021_03.tif,1,0,1,1,5,8.4706362,160,EPSG:32639,
P008,Basra,terminal,2021_04,2021,S2_P008_Basra_2021_04.tif,1,0,1,1,3,19.606999666666667,160,EPSG:32639,
P008,Basra,terminal,2021_05,2021,S2_P008_Basra_2021_05.tif,1,0,1,1,4,3.7429362499999996,160,EPSG:32639,
P008,Basra,terminal,2021_06,2021,S2_P008_Basra_2021_06.tif,1,0,1,1,6,8.884746166666666,160,EPSG:32639,
P008,Basra,terminal,2021_07,2021,S2_P008_Basra_2021_07.tif,1,0,1,1,7,0.3437088571428571,160,EPSG:32639,
P008,Basra,terminal,2021_08,2021,S2_P008_Basra_2021_08.tif,1,0,1,1,6,0.44926383333333336,160,EPSG:32639,
P008,Basra,terminal,2021_09,2021,S2_P008_Basra_2021_09.tif,1,0,1,1,6,3.1632604999999994,160,EPSG:32639,
P008,Basra,terminal,2021_10,2021,S2_P008_Basra_2021_10.tif,1,0,1,1,6,10.407797,160,EPSG:32639,
P008,Basra,terminal,2021_11,2021,S2_P008_Basra_2021_11.tif,1,0,1,1,6,3.7000760000000006,160,EPSG:32639,
P008,Basra,terminal,2021_12,2021,S2_P008_Basra_2021_12.tif,1,0,1,1,3,2.739949333333333,160,EPSG:32639,
P008,Basra,terminal,2022_01,2022,S2_P008_Basra_2022_01.tif,1,0,1,1,5,14.453947000000003,160,EPSG:32639,
P008,Basra,terminal,2022_02,2022,S2_P008_Basra_2022_02.tif,1,0,1,1,6,9.071781666666665,160,EPSG:32639,
P008,Basra,terminal,2022_03,2022,S2_P008_Basra_2022_03.tif,1,0,1,1,4,18.2603185,160,EPSG:32639,
P008,Basra,terminal,2022_04,2022,S2_P008_Basra_2022_04.tif,1,0,1,1,5,16.849935,160,EPSG:32639,
P008,Basra,terminal,2022_05,2022,S2_P008_Basra_2022_05.tif,1,0,1,1,4,14.956985249999999,160,EPSG:32639,
P008,Basra,terminal,2022_06,2022,S2_P008_Basra_2022_06.tif,1,0,1,1,6,6.724909666666666,160,EPSG:32639,
P008,Basra,terminal,2022_07,2022,S2_P008_Basra_2022_07.tif,1,0,1,1,5,14.366986,160,EPSG:32639,
P008,Basra,terminal,2022_08,2022,S2_P008_Basra_2022_08.tif,1,0,1,1,5,0.5444866,160,EPSG:32639,
P008,Basra,terminal,2022_09,2022,S2_P008_Basra_2022_09.tif,1,0,1,1,6,0.40201249999999994,160,EPSG:32639,
P008,Basra,terminal,2022_10,2022,S2_P008_Basra_2022_10.tif,1,0,1,1,6,7.739436166666667,160,EPSG:32639,
P008,Basra,terminal,2022_11,2022,S2_P008_Basra_2022_11.tif,1,0,1,1,2,52.476417999999995,160,EPSG:32639,
P008,Basra,terminal,2022_12,2022,S2_P008_Basra_2022_12.tif,1,0,1,1,5,7.3959288,160,EPSG:32639,
P008,Basra,terminal,2023_01,2023,S2_P008_Basra_2023_01.tif,1,0,1,1,4,18.750403,160,EPSG:32639,
P008,Basra,terminal,2023_02,2023,S2_P008_Basra_2023_02.tif,1,0,1,1,3,16.85707,160,EPSG:32639,
P008,Basra,terminal,2023_03,2023,S2_P008_Basra_2023_03.tif,1,0,1,1,4,2.853276,160,EPSG:32639,
P008,Basra,terminal,2023_04,2023,S2_P008_Basra_2023_04.tif,1,0,1,1,4,11.19634725,160,EPSG:32639,
P008,Basra,terminal,2023_05,2023,S2_P008_Basra_2023_05.tif,1,0,1,1,6,4.002986333333333,160,EPSG:32639,
P008,Basra,terminal,2023_06,2023,S2_P008_Basra_2023_06.tif,1,0,1,1,6,0.934162,160,EPSG:32639,
P008,Basra,terminal,2023_07,2023,S2_P008_Basra_2023_07.tif,1,0,1,1,7,4.6435131428571434,160,EPSG:32639,
P008,Basra,terminal,2023_08,2023,S2_P008_Basra_2023_08.tif,1,0,1,1,6,4.558174,160,EPSG:32639,
P008,Basra,terminal,2023_09,2023,S2_P008_Basra_2023_09.tif,1,0,1,1,6,0.15272266666666667,160,EPSG:32639,
P008,Basra,terminal,2023_10,2023,S2_P008_Basra_2023_10.tif,1,0,1,1,4,0.242796,160,EPSG:32639,
P008,Basra,terminal,2023_11,2023,S2_P008_Basra_2023_11.tif,1,0,1,1,3,7.489438,160,EPSG:32639,
P008,Basra,terminal,2023_12,2023,S2_P008_Basra_2023_12.tif,1,0,1,1,3,14.734889333333333,160,EPSG:32639,
P008,Basra,terminal,2024_01,2024,S2_P008_Basra_2024_01.tif,1,0,1,1,5,6.451862800000001,160,EPSG:32639,
P008,Basra,terminal,2024_02,2024,S2_P008_Basra_2024_02.tif,1,0,1,1,4,13.44794175,160,EPSG:32639,
P008,Basra,terminal,2024_03,2024,S2_P008_Basra_2024_03.tif,1,0,1,1,5,9.7215676,160,EPSG:32639,
P008,Basra,terminal,2024_04,2024,S2_P008_Basra_2024_04.tif,1,0,1,1,4,11.691040249999999,160,EPSG:32639,
P008,Basra,terminal,2024_05,2024,S2_P008_Basra_2024_05.tif,1,0,1,1,5,17.291157000000002,160,EPSG:32639,
P008,Basra,terminal,2024_06,2024,S2_P008_Basra_2024_06.tif,1,0,1,1,6,9.262386833333332,160,EPSG:32639,
P008,Basra,terminal,2024_07,2024,S2_P008_Basra_2024_07.tif,1,0,1,1,6,3.0021234999999997,160,EPSG:32639,
P008,Basra,terminal,2024_08,2024,S2_P008_Basra_2024_08.tif,1,0,1,1,6,4.7540640000000005,160,EPSG:32639,
P008,Basra,terminal,2024_09,2024,S2_P008_Basra_2024_09.tif,1,0,1,1,6,0.120297,160,EPSG:32639,
P008,Basra,terminal,2024_10,2024,S2_P008_Basra_2024_10.tif,1,0,1,1,5,6.2183838,160,EPSG:32639,
P008,Basra,terminal,2024_11,2024,S2_P008_Basra_2024_11.tif,1,0,1,1,3,16.813228,160,EPSG:32639,
P008,Basra,terminal,2024_12,2024,S2_P008_Basra_2024_12.tif,1,0,1,1,2,2.2988425,160,EPSG:32639,
P008,Basra,terminal,2025_01,2025,S2_P008_Basra_2025_01.tif,1,0,1,1,6,24.8799795,160,EPSG:32639,
P008,Basra,terminal,2025_02,2025,S2_P008_Basra_2025_02.tif,1,0,1,1,3,6.980958666666666,160,EPSG:32639,
P008,Basra,terminal,2025_03,2025,S2_P008_Basra_2025_03.tif,1,0,1,1,4,8.811748,160,EPSG:32639,
P008,Basra,terminal,2025_04,2025,S2_P008_Basra_2025_04.tif,1,0,1,1,4,25.21063875,160,EPSG:32639,
P008,Basra,terminal,2025_05,2025,S2_P008_Basra_2025_05.tif,1,0,1,1,8,10.065762,160,EPSG:32639,
P008,Basra,terminal,2025_06,2025,S2_P008_Basra_2025_06.tif,1,0,1,1,7,2.516907142857143,160,EPSG:32639,
P008,Basra,terminal,2025_07,2025,S2_P008_Basra_2025_07.tif,1,0,1,1,8,8.708143250000001,160,EPSG:32639,
P008,Basra,terminal,2025_08,2025,S2_P008_Basra_2025_08.tif,1,0,1,1,6,7.450562000000001,160,EPSG:32639,
P008,Basra,terminal,2025_09,2025,S2_P008_Basra_2025_09.tif,1,0,1,1,7,2.1686967142857143,160,EPSG:32639,
P008,Basra,terminal,2025_10,2025,S2_P008_Basra_2025_10.tif,1,0,1,1,8,0.269154,160,EPSG:32639,
P008,Basra,terminal,2025_11,2025,S2_P008_Basra_2025_11.tif,1,0,1,1,7,8.388493285714286,160,EPSG:32639,
P008,Basra,terminal,2025_12,2025,S2_P008_Basra_2025_12.tif,1,0,1,1,5,27.0069272,160,EPSG:32639,
P008,Basra,terminal,2026_01,2026,S2_P008_Basra_2026_01.tif,1,0,1,1,7,3.535472428571429,160,EPSG:32639,
P008,Basra,terminal,2026_02,2026,S2_P008_Basra_2026_02.tif,1,0,1,1,4,5.760802249999999,160,EPSG:32639,
P008,Basra,terminal,2026_03,2026,S2_P008_Basra_2026_03.tif,1,0,1,1,6,9.085859666666666,160,EPSG:32639,
P008,Basra,terminal,2026_04,2026,S2_P008_Basra_2026_04.tif,1,0,1,1,2,2.3423160000000003,160,EPSG:32639,
P008,Basra,terminal,2026_05,2026,S2_P008_Basra_2026_05.tif,1,0,1,1,8,8.520057125,160,EPSG:32639,
P008,Basra,terminal,2026_06,2026,S2_P008_Basra_2026_06.tif,1,0,1,1,5,0.21806699999999996,160,EPSG:32639,
P009,Ulsan,refinery,2019_01,2019,S2_P009_Ulsan_2019_01.tif,1,0,1,1,4,7.18818475,512,EPSG:32652,
P009,Ulsan,refinery,2019_02,2019,S2_P009_Ulsan_2019_02.tif,1,0,1,1,2,17.6227895,512,EPSG:32652,
P009,Ulsan,refinery,2019_03,2019,S2_P009_Ulsan_2019_03.tif,1,0,1,1,5,15.175475,512,EPSG:32652,
P009,Ulsan,refinery,2019_04,2019,S2_P009_Ulsan_2019_04.tif,1,0,1,1,3,3.0746106666666666,512,EPSG:32652,
P009,Ulsan,refinery,2019_05,2019,S2_P009_Ulsan_2019_05.tif,1,0,1,1,2,29.6215895,512,EPSG:32652,
P009,Ulsan,refinery,2019_06,2019,S2_P009_Ulsan_2019_06.tif,1,0,1,1,3,17.824740000000002,512,EPSG:32652,
P009,Ulsan,refinery,2019_07,2019,S2_P009_Ulsan_2019_07.tif,1,0,1,1,2,15.0862865,512,EPSG:32652,
P009,Ulsan,refinery,2019_08,2019,S2_P009_Ulsan_2019_08.tif,1,0,1,1,4,38.03201125,512,EPSG:32652,
P009,Ulsan,refinery,2019_09,2019,S2_P009_Ulsan_2019_09.tif,1,0,1,1,1,8.030493,512,EPSG:32652,
P009,Ulsan,refinery,2019_10,2019,S2_P009_Ulsan_2019_10.tif,1,0,1,1,2,32.582508,512,EPSG:32652,
P009,Ulsan,refinery,2019_11,2019,S2_P009_Ulsan_2019_11.tif,1,0,1,1,5,14.621845200000001,512,EPSG:32652,
P009,Ulsan,refinery,2019_12,2019,S2_P009_Ulsan_2019_12.tif,1,0,1,1,3,29.474223,512,EPSG:32652,
P009,Ulsan,refinery,2020_01,2020,S2_P009_Ulsan_2020_01.tif,1,0,1,1,4,9.75356575,512,EPSG:32652,
P009,Ulsan,refinery,2020_02,2020,S2_P009_Ulsan_2020_02.tif,1,0,1,1,5,13.398946800000001,512,EPSG:32652,
P009,Ulsan,refinery,2020_03,2020,S2_P009_Ulsan_2020_03.tif,1,0,1,1,4,8.0447335,512,EPSG:32652,
P009,Ulsan,refinery,2020_04,2020,S2_P009_Ulsan_2020_04.tif,1,0,1,1,5,0.5258344,512,EPSG:32652,
P009,Ulsan,refinery,2020_05,2020,S2_P009_Ulsan_2020_05.tif,1,0,1,1,4,26.879654,512,EPSG:32652,
P009,Ulsan,refinery,2020_06,2020,S2_P009_Ulsan_2020_06.tif,1,0,1,1,3,14.304230333333335,512,EPSG:32652,
P009,Ulsan,refinery,2020_07,2020,S2_P009_Ulsan_2020_07.tif,1,0,1,1,1,31.115129,512,EPSG:32652,
P009,Ulsan,refinery,2020_10,2020,S2_P009_Ulsan_2020_10.tif,1,0,1,1,5,23.159330399999998,512,EPSG:32652,
P009,Ulsan,refinery,2020_11,2020,S2_P009_Ulsan_2020_11.tif,1,0,1,1,6,8.6340925,512,EPSG:32652,
P009,Ulsan,refinery,2020_12,2020,S2_P009_Ulsan_2020_12.tif,1,0,1,1,5,22.420295000000003,512,EPSG:32652,
P009,Ulsan,refinery,2021_01,2021,S2_P009_Ulsan_2021_01.tif,1,0,1,1,5,5.441389,512,EPSG:32652,
P009,Ulsan,refinery,2021_02,2021,S2_P009_Ulsan_2021_02.tif,1,0,1,1,4,8.4174405,512,EPSG:32652,
P009,Ulsan,refinery,2021_03,2021,S2_P009_Ulsan_2021_03.tif,1,0,1,1,4,28.892810499999996,512,EPSG:32652,
P009,Ulsan,refinery,2021_04,2021,S2_P009_Ulsan_2021_04.tif,1,0,1,1,3,16.477835,512,EPSG:32652,
P009,Ulsan,refinery,2021_05,2021,S2_P009_Ulsan_2021_05.tif,1,0,1,1,3,7.381958333333333,512,EPSG:32652,
P009,Ulsan,refinery,2021_06,2021,S2_P009_Ulsan_2021_06.tif,1,0,1,1,2,21.9580395,512,EPSG:32652,
P009,Ulsan,refinery,2021_07,2021,S2_P009_Ulsan_2021_07.tif,1,0,1,1,1,23.216163,512,EPSG:32652,
P009,Ulsan,refinery,2021_08,2021,S2_P009_Ulsan_2021_08.tif,1,0,1,1,2,15.626997,512,EPSG:32652,
P009,Ulsan,refinery,2021_09,2021,S2_P009_Ulsan_2021_09.tif,1,0,1,1,1,1.988471,512,EPSG:32652,
P009,Ulsan,refinery,2021_10,2021,S2_P009_Ulsan_2021_10.tif,1,0,1,1,4,16.87660625,512,EPSG:32652,
P009,Ulsan,refinery,2021_11,2021,S2_P009_Ulsan_2021_11.tif,1,0,1,1,4,16.833405250000002,512,EPSG:32652,
P009,Ulsan,refinery,2021_12,2021,S2_P009_Ulsan_2021_12.tif,1,0,1,1,6,20.124382,512,EPSG:32652,
P009,Ulsan,refinery,2022_01,2022,S2_P009_Ulsan_2022_01.tif,1,0,1,1,3,15.398103,512,EPSG:32652,
P009,Ulsan,refinery,2022_02,2022,S2_P009_Ulsan_2022_02.tif,1,1,0,0,2,44.158268,512,EPSG:32652,SCL median composite sparse after cloud mask (n_scenes=2 mean_cloud=44.2; 0.23% nonzero pixels); treat as missing in pipeline
P009,Ulsan,refinery,2022_03,2022,S2_P009_Ulsan_2022_03.tif,1,0,1,1,2,31.311051,512,EPSG:32652,
P009,Ulsan,refinery,2022_04,2022,S2_P009_Ulsan_2022_04.tif,1,0,1,1,4,2.8239080000000003,512,EPSG:32652,
P009,Ulsan,refinery,2022_05,2022,S2_P009_Ulsan_2022_05.tif,1,0,1,1,5,20.656877,512,EPSG:32652,
P009,Ulsan,refinery,2022_06,2022,S2_P009_Ulsan_2022_06.tif,1,0,1,1,2,18.148656,512,EPSG:32652,
P009,Ulsan,refinery,2022_07,2022,S2_P009_Ulsan_2022_07.tif,1,0,1,1,1,45.347792,512,EPSG:32652,
P009,Ulsan,refinery,2022_08,2022,S2_P009_Ulsan_2022_08.tif,1,0,1,1,3,23.632389,512,EPSG:32652,
P009,Ulsan,refinery,2022_09,2022,S2_P009_Ulsan_2022_09.tif,1,1,0,0,1,25.867018,512,EPSG:32652,SCL median composite sparse after cloud mask (n_scenes=1 mean_cloud=25.9; 0.03% nonzero pixels); treat as missing in pipeline
P009,Ulsan,refinery,2022_10,2022,S2_P009_Ulsan_2022_10.tif,1,0,1,1,5,27.076140600000002,512,EPSG:32652,
P009,Ulsan,refinery,2022_11,2022,S2_P009_Ulsan_2022_11.tif,1,0,1,1,4,18.245032000000002,512,EPSG:32652,
P009,Ulsan,refinery,2022_12,2022,S2_P009_Ulsan_2022_12.tif,1,0,1,1,5,9.9627272,512,EPSG:32652,
P009,Ulsan,refinery,2023_01,2023,S2_P009_Ulsan_2023_01.tif,1,0,1,1,5,17.934344599999996,512,EPSG:32652,
P009,Ulsan,refinery,2023_02,2023,S2_P009_Ulsan_2023_02.tif,1,0,1,1,3,3.7921826666666667,512,EPSG:32652,
P009,Ulsan,refinery,2023_03,2023,S2_P009_Ulsan_2023_03.tif,1,0,1,1,4,19.3459095,512,EPSG:32652,
P009,Ulsan,refinery,2023_04,2023,S2_P009_Ulsan_2023_04.tif,1,0,1,1,1,0.924509,512,EPSG:32652,
P009,Ulsan,refinery,2023_05,2023,S2_P009_Ulsan_2023_05.tif,1,0,1,1,3,27.559790666666668,512,EPSG:32652,
P009,Ulsan,refinery,2023_06,2023,S2_P009_Ulsan_2023_06.tif,1,0,1,1,4,33.51571625,512,EPSG:32652,
P009,Ulsan,refinery,2023_08,2023,S2_P009_Ulsan_2023_08.tif,1,0,1,1,2,31.144278500000002,512,EPSG:32652,
P009,Ulsan,refinery,2023_09,2023,S2_P009_Ulsan_2023_09.tif,1,0,1,1,2,44.531742,512,EPSG:32652,
P009,Ulsan,refinery,2023_10,2023,S2_P009_Ulsan_2023_10.tif,1,0,1,1,7,19.373199142857143,512,EPSG:32652,
P009,Ulsan,refinery,2023_11,2023,S2_P009_Ulsan_2023_11.tif,1,0,1,1,5,14.777120599999998,512,EPSG:32652,
P009,Ulsan,refinery,2023_12,2023,S2_P009_Ulsan_2023_12.tif,1,0,1,1,5,28.170330199999995,512,EPSG:32652,
P009,Ulsan,refinery,2024_01,2024,S2_P009_Ulsan_2024_01.tif,1,0,1,1,4,6.85197775,512,EPSG:32652,
P009,Ulsan,refinery,2024_02,2024,S2_P009_Ulsan_2024_02.tif,1,0,1,1,4,20.74409575,512,EPSG:32652,
P009,Ulsan,refinery,2024_03,2024,S2_P009_Ulsan_2024_03.tif,1,0,1,1,4,16.8406885,512,EPSG:32652,
P009,Ulsan,refinery,2024_04,2024,S2_P009_Ulsan_2024_04.tif,1,0,1,1,2,3.4164805,512,EPSG:32652,
P009,Ulsan,refinery,2024_05,2024,S2_P009_Ulsan_2024_05.tif,1,0,1,1,4,2.844881,512,EPSG:32652,
P009,Ulsan,refinery,2024_06,2024,S2_P009_Ulsan_2024_06.tif,1,0,1,1,2,23.1643695,512,EPSG:32652,
P009,Ulsan,refinery,2024_07,2024,S2_P009_Ulsan_2024_07.tif,1,0,1,1,3,35.599985000000004,512,EPSG:32652,
P009,Ulsan,refinery,2024_08,2024,S2_P009_Ulsan_2024_08.tif,1,0,1,1,5,22.9326118,512,EPSG:32652,
P009,Ulsan,refinery,2024_09,2024,S2_P009_Ulsan_2024_09.tif,1,0,1,1,3,17.468581666666665,512,EPSG:32652,
P009,Ulsan,refinery,2024_10,2024,S2_P009_Ulsan_2024_10.tif,1,0,1,1,4,34.29751475,512,EPSG:32652,
P009,Ulsan,refinery,2024_11,2024,S2_P009_Ulsan_2024_11.tif,1,0,1,1,4,28.78617225,512,EPSG:32652,
P009,Ulsan,refinery,2024_12,2024,S2_P009_Ulsan_2024_12.tif,1,0,1,1,7,5.250542285714286,512,EPSG:32652,
P009,Ulsan,refinery,2025_01,2025,S2_P009_Ulsan_2025_01.tif,1,0,1,1,5,16.5292098,512,EPSG:32652,
P009,Ulsan,refinery,2025_02,2025,S2_P009_Ulsan_2025_02.tif,1,0,1,1,2,25.245114,512,EPSG:32652,
P009,Ulsan,refinery,2025_03,2025,S2_P009_Ulsan_2025_03.tif,1,0,1,1,5,19.4167132,512,EPSG:32652,
P009,Ulsan,refinery,2025_04,2025,S2_P009_Ulsan_2025_04.tif,1,0,1,1,4,15.811808749999999,512,EPSG:32652,
P009,Ulsan,refinery,2025_05,2025,S2_P009_Ulsan_2025_05.tif,1,0,1,1,5,23.916957000000004,512,EPSG:32652,
P009,Ulsan,refinery,2025_06,2025,S2_P009_Ulsan_2025_06.tif,1,0,1,1,1,31.834692,512,EPSG:32652,
P009,Ulsan,refinery,2025_07,2025,S2_P009_Ulsan_2025_07.tif,1,0,1,1,6,15.924611666666665,512,EPSG:32652,
P009,Ulsan,refinery,2025_08,2025,S2_P009_Ulsan_2025_08.tif,1,0,1,1,6,26.972150166666665,512,EPSG:32652,
P009,Ulsan,refinery,2025_09,2025,S2_P009_Ulsan_2025_09.tif,1,0,1,1,3,27.54593,512,EPSG:32652,
P009,Ulsan,refinery,2025_10,2025,S2_P009_Ulsan_2025_10.tif,1,0,1,1,3,44.45438766666666,512,EPSG:32652,
P009,Ulsan,refinery,2025_11,2025,S2_P009_Ulsan_2025_11.tif,1,0,1,1,5,26.590367799999996,512,EPSG:32652,
P009,Ulsan,refinery,2025_12,2025,S2_P009_Ulsan_2025_12.tif,1,0,1,1,5,11.7968084,512,EPSG:32652,
P009,Ulsan,refinery,2026_01,2026,S2_P009_Ulsan_2026_01.tif,1,0,1,1,6,17.190208000000002,512,EPSG:32652,
P009,Ulsan,refinery,2026_02,2026,S2_P009_Ulsan_2026_02.tif,1,0,1,1,4,21.552879,512,EPSG:32652,
P009,Ulsan,refinery,2026_03,2026,S2_P009_Ulsan_2026_03.tif,1,0,1,1,3,22.500972666666666,512,EPSG:32652,
P009,Ulsan,refinery,2026_04,2026,S2_P009_Ulsan_2026_04.tif,1,0,1,1,6,16.520045333333332,512,EPSG:32652,
P009,Ulsan,refinery,2026_05,2026,S2_P009_Ulsan_2026_05.tif,1,0,1,1,4,15.862577250000001,512,EPSG:32652,
P009,Ulsan,refinery,2026_06,2026,S2_P009_Ulsan_2026_06.tif,1,0,1,1,1,0.035192,512,EPSG:32652,
P010,Kharg,terminal,2019_01,2019,S2_P010_Kharg_2019_01.tif,1,0,1,1,2,23.5825785,320,EPSG:32639,
P010,Kharg,terminal,2019_02,2019,S2_P010_Kharg_2019_02.tif,1,0,1,1,4,24.270495750000002,320,EPSG:32639,
P010,Kharg,terminal,2019_03,2019,S2_P010_Kharg_2019_03.tif,1,0,1,1,3,3.6704986666666666,320,EPSG:32639,
P010,Kharg,terminal,2019_04,2019,S2_P010_Kharg_2019_04.tif,1,0,1,1,3,20.861602333333334,320,EPSG:32639,
P010,Kharg,terminal,2019_05,2019,S2_P010_Kharg_2019_05.tif,1,0,1,1,6,30.03852566666667,320,EPSG:32639,
P010,Kharg,terminal,2019_06,2019,S2_P010_Kharg_2019_06.tif,1,0,1,1,6,22.011211833333334,320,EPSG:32639,
P010,Kharg,terminal,2019_07,2019,S2_P010_Kharg_2019_07.tif,1,0,1,1,6,15.566869666666664,320,EPSG:32639,
P010,Kharg,terminal,2019_08,2019,S2_P010_Kharg_2019_08.tif,1,0,1,1,7,4.710841285714286,320,EPSG:32639,
P010,Kharg,terminal,2019_09,2019,S2_P010_Kharg_2019_09.tif,1,0,1,1,6,0.6323021666666667,320,EPSG:32639,
P010,Kharg,terminal,2019_10,2019,S2_P010_Kharg_2019_10.tif,1,0,1,1,4,12.018403750000001,320,EPSG:32639,
P010,Kharg,terminal,2019_11,2019,S2_P010_Kharg_2019_11.tif,1,0,1,1,5,11.048798600000001,320,EPSG:32639,
P010,Kharg,terminal,2019_12,2019,S2_P010_Kharg_2019_12.tif,1,0,1,1,6,24.816940333333335,320,EPSG:32639,
P010,Kharg,terminal,2020_01,2020,S2_P010_Kharg_2020_01.tif,1,0,1,1,4,2.83101675,320,EPSG:32639,
P010,Kharg,terminal,2020_02,2020,S2_P010_Kharg_2020_02.tif,1,0,1,1,4,7.0275194999999995,320,EPSG:32639,
P010,Kharg,terminal,2020_03,2020,S2_P010_Kharg_2020_03.tif,1,0,1,1,3,17.439349333333332,320,EPSG:32639,
P010,Kharg,terminal,2020_04,2020,S2_P010_Kharg_2020_04.tif,1,0,1,1,6,8.240998666666668,320,EPSG:32639,
P010,Kharg,terminal,2020_05,2020,S2_P010_Kharg_2020_05.tif,1,0,1,1,6,23.3060685,320,EPSG:32639,
P010,Kharg,terminal,2020_06,2020,S2_P010_Kharg_2020_06.tif,1,0,1,1,6,24.51929583333333,320,EPSG:32639,
P010,Kharg,terminal,2020_07,2020,S2_P010_Kharg_2020_07.tif,1,0,1,1,7,23.53343442857143,320,EPSG:32639,
P010,Kharg,terminal,2020_08,2020,S2_P010_Kharg_2020_08.tif,1,0,1,1,6,9.019353666666667,320,EPSG:32639,
P010,Kharg,terminal,2020_09,2020,S2_P010_Kharg_2020_09.tif,1,0,1,1,6,0.22555349999999996,320,EPSG:32639,
P010,Kharg,terminal,2020_10,2020,S2_P010_Kharg_2020_10.tif,1,0,1,1,6,0.4491648333333333,320,EPSG:32639,
P010,Kharg,terminal,2020_11,2020,S2_P010_Kharg_2020_11.tif,1,0,1,1,2,5.3899445,320,EPSG:32639,
P010,Kharg,terminal,2020_12,2020,S2_P010_Kharg_2020_12.tif,1,0,1,1,3,6.156325666666667,320,EPSG:32639,
P010,Kharg,terminal,2021_01,2021,S2_P010_Kharg_2021_01.tif,1,0,1,1,5,15.9167284,320,EPSG:32639,
P010,Kharg,terminal,2021_02,2021,S2_P010_Kharg_2021_02.tif,1,0,1,1,6,13.292732166666665,320,EPSG:32639,
P010,Kharg,terminal,2021_03,2021,S2_P010_Kharg_2021_03.tif,1,0,1,1,6,18.41766416666667,320,EPSG:32639,
P010,Kharg,terminal,2021_04,2021,S2_P010_Kharg_2021_04.tif,1,0,1,1,3,26.822441666666666,320,EPSG:32639,
P010,Kharg,terminal,2021_05,2021,S2_P010_Kharg_2021_05.tif,1,0,1,1,6,17.094535666666665,320,EPSG:32639,
P010,Kharg,terminal,2021_06,2021,S2_P010_Kharg_2021_06.tif,1,0,1,1,6,21.950036833333332,320,EPSG:32639,
P010,Kharg,terminal,2021_07,2021,S2_P010_Kharg_2021_07.tif,1,0,1,1,7,19.86573171428571,320,EPSG:32639,
P010,Kharg,terminal,2021_08,2021,S2_P010_Kharg_2021_08.tif,1,0,1,1,6,3.1956355,320,EPSG:32639,
P010,Kharg,terminal,2021_09,2021,S2_P010_Kharg_2021_09.tif,1,0,1,1,6,8.023714,320,EPSG:32639,
P010,Kharg,terminal,2021_10,2021,S2_P010_Kharg_2021_10.tif,1,0,1,1,5,0.7769672000000001,320,EPSG:32639,
P010,Kharg,terminal,2021_11,2021,S2_P010_Kharg_2021_11.tif,1,0,1,1,6,9.053134166666666,320,EPSG:32639,
P010,Kharg,terminal,2021_12,2021,S2_P010_Kharg_2021_12.tif,1,0,1,1,4,6.378038500000001,320,EPSG:32639,
P010,Kharg,terminal,2022_01,2022,S2_P010_Kharg_2022_01.tif,1,0,1,1,4,11.196541250000001,320,EPSG:32639,
P010,Kharg,terminal,2022_02,2022,S2_P010_Kharg_2022_02.tif,1,0,1,1,5,14.1240848,320,EPSG:32639,
P010,Kharg,terminal,2022_03,2022,S2_P010_Kharg_2022_03.tif,1,0,1,1,4,16.047564,320,EPSG:32639,
P010,Kharg,terminal,2022_04,2022,S2_P010_Kharg_2022_04.tif,1,0,1,1,5,16.1124552,320,EPSG:32639,
P010,Kharg,terminal,2022_05,2022,S2_P010_Kharg_2022_05.tif,1,0,1,1,5,16.256315,320,EPSG:32639,
P010,Kharg,terminal,2022_06,2022,S2_P010_Kharg_2022_06.tif,1,0,1,1,6,15.644281833333336,320,EPSG:32639,
P010,Kharg,terminal,2022_07,2022,S2_P010_Kharg_2022_07.tif,1,0,1,1,6,18.384226833333333,320,EPSG:32639,
P010,Kharg,terminal,2022_08,2022,S2_P010_Kharg_2022_08.tif,1,0,1,1,5,9.183727999999999,320,EPSG:32639,
P010,Kharg,terminal,2022_09,2022,S2_P010_Kharg_2022_09.tif,1,0,1,1,6,2.722617166666666,320,EPSG:32639,
P010,Kharg,terminal,2022_10,2022,S2_P010_Kharg_2022_10.tif,1,0,1,1,6,4.093745333333334,320,EPSG:32639,
P010,Kharg,terminal,2022_11,2022,S2_P010_Kharg_2022_11.tif,1,0,1,1,3,6.937628,320,EPSG:32639,
P010,Kharg,terminal,2022_12,2022,S2_P010_Kharg_2022_12.tif,1,0,1,1,5,4.3121784,320,EPSG:32639,
P010,Kharg,terminal,2023_01,2023,S2_P010_Kharg_2023_01.tif,1,0,1,1,3,9.576631666666666,320,EPSG:32639,
P010,Kharg,terminal,2023_02,2023,S2_P010_Kharg_2023_02.tif,1,0,1,1,2,8.4142035,320,EPSG:32639,
P010,Kharg,terminal,2023_03,2023,S2_P010_Kharg_2023_03.tif,1,0,1,1,4,5.12275425,320,EPSG:32639,
P010,Kharg,terminal,2023_04,2023,S2_P010_Kharg_2023_04.tif,1,0,1,1,6,21.310154333333333,320,EPSG:32639,
P010,Kharg,terminal,2023_05,2023,S2_P010_Kharg_2023_05.tif,1,0,1,1,6,12.799407500000001,320,EPSG:32639,
P010,Kharg,terminal,2023_06,2023,S2_P010_Kharg_2023_06.tif,1,0,1,1,6,17.512401333333333,320,EPSG:32639,
P010,Kharg,terminal,2023_07,2023,S2_P010_Kharg_2023_07.tif,1,0,1,1,8,13.563846999999999,320,EPSG:32639,
P010,Kharg,terminal,2023_08,2023,S2_P010_Kharg_2023_08.tif,1,0,1,1,6,10.121777000000002,320,EPSG:32639,
P010,Kharg,terminal,2023_09,2023,S2_P010_Kharg_2023_09.tif,1,0,1,1,6,2.6209476666666665,320,EPSG:32639,
P010,Kharg,terminal,2023_10,2023,S2_P010_Kharg_2023_10.tif,1,0,1,1,5,3.4428292,320,EPSG:32639,
P010,Kharg,terminal,2023_11,2023,S2_P010_Kharg_2023_11.tif,1,0,1,1,4,20.185521,320,EPSG:32639,
P010,Kharg,terminal,2023_12,2023,S2_P010_Kharg_2023_12.tif,1,0,1,1,3,18.704322,320,EPSG:32639,
P010,Kharg,terminal,2024_01,2024,S2_P010_Kharg_2024_01.tif,1,0,1,1,4,0.6786315,320,EPSG:32639,
P010,Kharg,terminal,2024_02,2024,S2_P010_Kharg_2024_02.tif,1,0,1,1,5,25.464053999999997,320,EPSG:32639,
P010,Kharg,terminal,2024_03,2024,S2_P010_Kharg_2024_03.tif,1,0,1,1,5,16.411168,320,EPSG:32639,
P010,Kharg,terminal,2024_04,2024,S2_P010_Kharg_2024_04.tif,1,0,1,1,5,18.9383372,320,EPSG:32639,
P010,Kharg,terminal,2024_05,2024,S2_P010_Kharg_2024_05.tif,1,0,1,1,3,17.87043866666667,320,EPSG:32639,
P010,Kharg,terminal,2024_06,2024,S2_P010_Kharg_2024_06.tif,1,0,1,1,6,15.265929,320,EPSG:32639,
P010,Kharg,terminal,2024_07,2024,S2_P010_Kharg_2024_07.tif,1,0,1,1,6,17.886415,320,EPSG:32639,
P010,Kharg,terminal,2024_08,2024,S2_P010_Kharg_2024_08.tif,1,0,1,1,6,11.373594833333334,320,EPSG:32639,
P010,Kharg,terminal,2024_09,2024,S2_P010_Kharg_2024_09.tif,1,0,1,1,6,0.2882786666666667,320,EPSG:32639,
P010,Kharg,terminal,2024_10,2024,S2_P010_Kharg_2024_10.tif,1,0,1,1,5,4.6730393999999995,320,EPSG:32639,
P010,Kharg,terminal,2024_11,2024,S2_P010_Kharg_2024_11.tif,1,0,1,1,4,17.2975295,320,EPSG:32639,
P010,Kharg,terminal,2024_12,2024,S2_P010_Kharg_2024_12.tif,1,0,1,1,4,5.155083749999999,320,EPSG:32639,
P010,Kharg,terminal,2025_01,2025,S2_P010_Kharg_2025_01.tif,1,0,1,1,6,5.445883166666666,320,EPSG:32639,
P010,Kharg,terminal,2025_02,2025,S2_P010_Kharg_2025_02.tif,1,0,1,1,3,17.355105666666667,320,EPSG:32639,
P010,Kharg,terminal,2025_03,2025,S2_P010_Kharg_2025_03.tif,1,0,1,1,4,2.15676175,320,EPSG:32639,
P010,Kharg,terminal,2025_04,2025,S2_P010_Kharg_2025_04.tif,1,0,1,1,5,26.057072600000005,320,EPSG:32639,
P010,Kharg,terminal,2025_05,2025,S2_P010_Kharg_2025_05.tif,1,0,1,1,9,22.306570222222224,320,EPSG:32639,
P010,Kharg,terminal,2025_06,2025,S2_P010_Kharg_2025_06.tif,1,0,1,1,7,21.341038285714287,320,EPSG:32639,
P010,Kharg,terminal,2025_07,2025,S2_P010_Kharg_2025_07.tif,1,0,1,1,8,13.213189249999997,320,EPSG:32639,
P010,Kharg,terminal,2025_08,2025,S2_P010_Kharg_2025_08.tif,1,0,1,1,6,2.4382478333333335,320,EPSG:32639,
P010,Kharg,terminal,2025_09,2025,S2_P010_Kharg_2025_09.tif,1,0,1,1,6,0.4443806666666666,320,EPSG:32639,
P010,Kharg,terminal,2025_10,2025,S2_P010_Kharg_2025_10.tif,1,0,1,1,8,0.143799625,320,EPSG:32639,
P010,Kharg,terminal,2025_11,2025,S2_P010_Kharg_2025_11.tif,1,0,1,1,7,12.836656571428572,320,EPSG:32639,
P010,Kharg,terminal,2025_12,2025,S2_P010_Kharg_2025_12.tif,1,0,1,1,3,5.964641,320,EPSG:32639,
P010,Kharg,terminal,2026_01,2026,S2_P010_Kharg_2026_01.tif,1,0,1,1,7,8.450268285714285,320,EPSG:32639,
P010,Kharg,terminal,2026_02,2026,S2_P010_Kharg_2026_02.tif,1,0,1,1,5,3.157645,320,EPSG:32639,
P010,Kharg,terminal,2026_03,2026,S2_P010_Kharg_2026_03.tif,1,0,1,1,6,10.967430666666667,320,EPSG:32639,
P010,Kharg,terminal,2026_04,2026,S2_P010_Kharg_2026_04.tif,1,0,1,1,4,23.8527135,320,EPSG:32639,
P010,Kharg,terminal,2026_05,2026,S2_P010_Kharg_2026_05.tif,1,0,1,1,10,17.498567099999995,320,EPSG:32639,
P010,Kharg,terminal,2026_06,2026,S2_P010_Kharg_2026_06.tif,1,0,1,1,5,15.106221200000002,320,EPSG:32639,
P011,Yanbu,terminal,2019_01,2019,S2_P011_Yanbu_2019_01.tif,1,0,1,1,2,1.686585,320,EPSG:32637,
P011,Yanbu,terminal,2019_02,2019,S2_P011_Yanbu_2019_02.tif,1,0,1,1,3,21.492034333333336,320,EPSG:32637,
P011,Yanbu,terminal,2019_03,2019,S2_P011_Yanbu_2019_03.tif,1,0,1,1,6,6.949910166666666,320,EPSG:32637,
P011,Yanbu,terminal,2019_04,2019,S2_P011_Yanbu_2019_04.tif,1,0,1,1,6,7.1791738333333335,320,EPSG:32637,
P011,Yanbu,terminal,2019_05,2019,S2_P011_Yanbu_2019_05.tif,1,0,1,1,5,5.8520145999999995,320,EPSG:32637,
P011,Yanbu,terminal,2019_06,2019,S2_P011_Yanbu_2019_06.tif,1,0,1,1,6,3.436176833333333,320,EPSG:32637,
P011,Yanbu,terminal,2019_07,2019,S2_P011_Yanbu_2019_07.tif,1,0,1,1,6,7.304759666666666,320,EPSG:32637,
P011,Yanbu,terminal,2019_08,2019,S2_P011_Yanbu_2019_08.tif,1,0,1,1,6,11.889927166666666,320,EPSG:32637,
P011,Yanbu,terminal,2019_09,2019,S2_P011_Yanbu_2019_09.tif,1,0,1,1,6,12.119474333333331,320,EPSG:32637,
P011,Yanbu,terminal,2019_10,2019,S2_P011_Yanbu_2019_10.tif,1,0,1,1,6,2.6972361666666664,320,EPSG:32637,
P011,Yanbu,terminal,2019_11,2019,S2_P011_Yanbu_2019_11.tif,1,0,1,1,4,2.16890025,320,EPSG:32637,
P011,Yanbu,terminal,2019_12,2019,S2_P011_Yanbu_2019_12.tif,1,0,1,1,7,4.695459,320,EPSG:32637,
P011,Yanbu,terminal,2020_01,2020,S2_P011_Yanbu_2020_01.tif,1,0,1,1,6,5.254502166666667,320,EPSG:32637,
P011,Yanbu,terminal,2020_02,2020,S2_P011_Yanbu_2020_02.tif,1,0,1,1,6,19.545378666666668,320,EPSG:32637,
P011,Yanbu,terminal,2020_03,2020,S2_P011_Yanbu_2020_03.tif,1,0,1,1,6,5.334579166666667,320,EPSG:32637,
P011,Yanbu,terminal,2020_04,2020,S2_P011_Yanbu_2020_04.tif,1,0,1,1,6,7.361263999999999,320,EPSG:32637,
P011,Yanbu,terminal,2020_05,2020,S2_P011_Yanbu_2020_05.tif,1,0,1,1,6,14.600360499999999,320,EPSG:32637,
P011,Yanbu,terminal,2020_06,2020,S2_P011_Yanbu_2020_06.tif,1,0,1,1,6,3.7483191666666666,320,EPSG:32637,
P011,Yanbu,terminal,2020_07,2020,S2_P011_Yanbu_2020_07.tif,1,0,1,1,6,6.5037485,320,EPSG:32637,
P011,Yanbu,terminal,2020_08,2020,S2_P011_Yanbu_2020_08.tif,1,0,1,1,6,6.8966988333333346,320,EPSG:32637,
P011,Yanbu,terminal,2020_09,2020,S2_P011_Yanbu_2020_09.tif,1,0,1,1,6,2.5621128333333334,320,EPSG:32637,
P011,Yanbu,terminal,2020_10,2020,S2_P011_Yanbu_2020_10.tif,1,0,1,1,6,0.153226,320,EPSG:32637,
P011,Yanbu,terminal,2020_11,2020,S2_P011_Yanbu_2020_11.tif,1,0,1,1,6,5.670894666666666,320,EPSG:32637,
P011,Yanbu,terminal,2020_12,2020,S2_P011_Yanbu_2020_12.tif,1,0,1,1,5,18.357908400000003,320,EPSG:32637,
P011,Yanbu,terminal,2021_01,2021,S2_P011_Yanbu_2021_01.tif,1,0,1,1,6,4.252497833333334,320,EPSG:32637,
P011,Yanbu,terminal,2021_02,2021,S2_P011_Yanbu_2021_02.tif,1,0,1,1,6,3.040454833333333,320,EPSG:32637,
P011,Yanbu,terminal,2021_03,2021,S2_P011_Yanbu_2021_03.tif,1,0,1,1,5,1.8630461999999999,320,EPSG:32637,
P011,Yanbu,terminal,2021_04,2021,S2_P011_Yanbu_2021_04.tif,1,0,1,1,6,11.2107635,320,EPSG:32637,
P011,Yanbu,terminal,2021_05,2021,S2_P011_Yanbu_2021_05.tif,1,0,1,1,6,3.3288786666666668,320,EPSG:32637,
P011,Yanbu,terminal,2021_06,2021,S2_P011_Yanbu_2021_06.tif,1,0,1,1,6,7.427367999999999,320,EPSG:32637,
P011,Yanbu,terminal,2021_07,2021,S2_P011_Yanbu_2021_07.tif,1,0,1,1,6,14.621574166666667,320,EPSG:32637,
P011,Yanbu,terminal,2021_08,2021,S2_P011_Yanbu_2021_08.tif,1,0,1,1,6,9.111669666666666,320,EPSG:32637,
P011,Yanbu,terminal,2021_09,2021,S2_P011_Yanbu_2021_09.tif,1,0,1,1,6,12.0679735,320,EPSG:32637,
P011,Yanbu,terminal,2021_10,2021,S2_P011_Yanbu_2021_10.tif,1,0,1,1,7,0.7991988571428571,320,EPSG:32637,
P011,Yanbu,terminal,2021_11,2021,S2_P011_Yanbu_2021_11.tif,1,0,1,1,5,0.4048946000000001,320,EPSG:32637,
P011,Yanbu,terminal,2021_12,2021,S2_P011_Yanbu_2021_12.tif,1,0,1,1,3,0.25097233333333335,320,EPSG:32637,
P011,Yanbu,terminal,2022_01,2022,S2_P011_Yanbu_2022_01.tif,1,0,1,1,2,0.2696195,320,EPSG:32637,
P011,Yanbu,terminal,2022_02,2022,S2_P011_Yanbu_2022_02.tif,1,0,1,1,4,1.2091377500000002,320,EPSG:32637,
P011,Yanbu,terminal,2022_03,2022,S2_P011_Yanbu_2022_03.tif,1,0,1,1,6,8.693867166666665,320,EPSG:32637,
P011,Yanbu,terminal,2022_04,2022,S2_P011_Yanbu_2022_04.tif,1,0,1,1,5,6.5138414,320,EPSG:32637,
P011,Yanbu,terminal,2022_05,2022,S2_P011_Yanbu_2022_05.tif,1,0,1,1,6,0.9282575,320,EPSG:32637,
P011,Yanbu,terminal,2022_06,2022,S2_P011_Yanbu_2022_06.tif,1,0,1,1,6,3.034494499999999,320,EPSG:32637,
P011,Yanbu,terminal,2022_07,2022,S2_P011_Yanbu_2022_07.tif,1,0,1,1,6,13.081938666666666,320,EPSG:32637,
P011,Yanbu,terminal,2022_08,2022,S2_P011_Yanbu_2022_08.tif,1,0,1,1,6,20.42848366666667,320,EPSG:32637,
P011,Yanbu,terminal,2022_09,2022,S2_P011_Yanbu_2022_09.tif,1,0,1,1,6,1.7868073333333332,320,EPSG:32637,
P011,Yanbu,terminal,2022_10,2022,S2_P011_Yanbu_2022_10.tif,1,0,1,1,7,3.0132727142857147,320,EPSG:32637,
P011,Yanbu,terminal,2022_11,2022,S2_P011_Yanbu_2022_11.tif,1,0,1,1,5,10.737373199999999,320,EPSG:32637,
P011,Yanbu,terminal,2022_12,2022,S2_P011_Yanbu_2022_12.tif,1,0,1,1,5,22.554350000000003,320,EPSG:32637,
P011,Yanbu,terminal,2023_01,2023,S2_P011_Yanbu_2023_01.tif,1,0,1,1,4,13.836465,320,EPSG:32637,
P011,Yanbu,terminal,2023_02,2023,S2_P011_Yanbu_2023_02.tif,1,0,1,1,4,10.42893475,320,EPSG:32637,
P011,Yanbu,terminal,2023_03,2023,S2_P011_Yanbu_2023_03.tif,1,0,1,1,4,2.0292682500000003,320,EPSG:32637,
P011,Yanbu,terminal,2023_04,2023,S2_P011_Yanbu_2023_04.tif,1,0,1,1,4,16.8974205,320,EPSG:32637,
P011,Yanbu,terminal,2023_05,2023,S2_P011_Yanbu_2023_05.tif,1,0,1,1,5,14.0423088,320,EPSG:32637,
P011,Yanbu,terminal,2023_06,2023,S2_P011_Yanbu_2023_06.tif,1,0,1,1,6,3.755651166666667,320,EPSG:32637,
P011,Yanbu,terminal,2023_07,2023,S2_P011_Yanbu_2023_07.tif,1,0,1,1,6,3.879210333333333,320,EPSG:32637,
P011,Yanbu,terminal,2023_08,2023,S2_P011_Yanbu_2023_08.tif,1,0,1,1,6,7.536549166666667,320,EPSG:32637,
P011,Yanbu,terminal,2023_09,2023,S2_P011_Yanbu_2023_09.tif,1,0,1,1,6,19.214560833333334,320,EPSG:32637,
P011,Yanbu,terminal,2023_10,2023,S2_P011_Yanbu_2023_10.tif,1,0,1,1,7,6.3265724285714295,320,EPSG:32637,
P011,Yanbu,terminal,2023_11,2023,S2_P011_Yanbu_2023_11.tif,1,0,1,1,5,5.141025,320,EPSG:32637,
P011,Yanbu,terminal,2023_12,2023,S2_P011_Yanbu_2023_12.tif,1,0,1,1,5,7.824749200000001,320,EPSG:32637,
P011,Yanbu,terminal,2024_01,2024,S2_P011_Yanbu_2024_01.tif,1,0,1,1,6,16.348734333333336,320,EPSG:32637,
P011,Yanbu,terminal,2024_02,2024,S2_P011_Yanbu_2024_02.tif,1,0,1,1,5,14.0030834,320,EPSG:32637,
P011,Yanbu,terminal,2024_03,2024,S2_P011_Yanbu_2024_03.tif,1,0,1,1,5,12.2992058,320,EPSG:32637,
P011,Yanbu,terminal,2024_04,2024,S2_P011_Yanbu_2024_04.tif,1,0,1,1,6,5.903638666666666,320,EPSG:32637,
P011,Yanbu,terminal,2024_05,2024,S2_P011_Yanbu_2024_05.tif,1,0,1,1,6,1.9440389999999999,320,EPSG:32637,
P011,Yanbu,terminal,2024_06,2024,S2_P011_Yanbu_2024_06.tif,1,0,1,1,6,18.328881833333334,320,EPSG:32637,
P011,Yanbu,terminal,2024_07,2024,S2_P011_Yanbu_2024_07.tif,1,0,1,1,5,9.605321,320,EPSG:32637,
P011,Yanbu,terminal,2024_08,2024,S2_P011_Yanbu_2024_08.tif,1,0,1,1,6,10.660968666666667,320,EPSG:32637,
P011,Yanbu,terminal,2024_09,2024,S2_P011_Yanbu_2024_09.tif,1,0,1,1,6,0.9864783333333333,320,EPSG:32637,
P011,Yanbu,terminal,2024_10,2024,S2_P011_Yanbu_2024_10.tif,1,0,1,1,5,1.3324224,320,EPSG:32637,
P011,Yanbu,terminal,2024_11,2024,S2_P011_Yanbu_2024_11.tif,1,0,1,1,6,2.597532833333333,320,EPSG:32637,
P011,Yanbu,terminal,2024_12,2024,S2_P011_Yanbu_2024_12.tif,1,0,1,1,7,14.083042714285714,320,EPSG:32637,
P011,Yanbu,terminal,2025_01,2025,S2_P011_Yanbu_2025_01.tif,1,0,1,1,6,3.5182256666666674,320,EPSG:32637,
P011,Yanbu,terminal,2025_02,2025,S2_P011_Yanbu_2025_02.tif,1,0,1,1,4,20.07279375,320,EPSG:32637,
P011,Yanbu,terminal,2025_03,2025,S2_P011_Yanbu_2025_03.tif,1,0,1,1,8,6.639689625,320,EPSG:32637,
P011,Yanbu,terminal,2025_04,2025,S2_P011_Yanbu_2025_04.tif,1,0,1,1,6,7.704035,320,EPSG:32637,
P011,Yanbu,terminal,2025_05,2025,S2_P011_Yanbu_2025_05.tif,1,0,1,1,7,6.042262857142858,320,EPSG:32637,
P011,Yanbu,terminal,2025_06,2025,S2_P011_Yanbu_2025_06.tif,1,0,1,1,8,3.19333475,320,EPSG:32637,
P011,Yanbu,terminal,2025_07,2025,S2_P011_Yanbu_2025_07.tif,1,0,1,1,7,3.8515027142857146,320,EPSG:32637,
P011,Yanbu,terminal,2025_08,2025,S2_P011_Yanbu_2025_08.tif,1,0,1,1,8,17.177440125,320,EPSG:32637,
P011,Yanbu,terminal,2025_09,2025,S2_P011_Yanbu_2025_09.tif,1,0,1,1,7,6.760600571428571,320,EPSG:32637,
P011,Yanbu,terminal,2025_10,2025,S2_P011_Yanbu_2025_10.tif,1,0,1,1,7,0.030311857142857144,320,EPSG:32637,
P011,Yanbu,terminal,2025_11,2025,S2_P011_Yanbu_2025_11.tif,1,0,1,1,4,18.219325,320,EPSG:32637,
P011,Yanbu,terminal,2025_12,2025,S2_P011_Yanbu_2025_12.tif,1,0,1,1,3,0.3304836666666667,320,EPSG:32637,
P011,Yanbu,terminal,2026_01,2026,S2_P011_Yanbu_2026_01.tif,1,0,1,1,6,5.315648499999999,320,EPSG:32637,
P011,Yanbu,terminal,2026_02,2026,S2_P011_Yanbu_2026_02.tif,1,0,1,1,6,9.453980166666666,320,EPSG:32637,
P011,Yanbu,terminal,2026_03,2026,S2_P011_Yanbu_2026_03.tif,1,0,1,1,7,11.812212857142855,320,EPSG:32637,
P011,Yanbu,terminal,2026_04,2026,S2_P011_Yanbu_2026_04.tif,1,0,1,1,8,8.950643374999999,320,EPSG:32637,
P011,Yanbu,terminal,2026_05,2026,S2_P011_Yanbu_2026_05.tif,1,0,1,1,7,9.306035571428572,320,EPSG:32637,
P011,Yanbu,terminal,2026_06,2026,S2_P011_Yanbu_2026_06.tif,1,0,1,1,5,4.9807638,320,EPSG:32637,
