emb_row,site_id,site_name,site_type,month,year,obs_month_start,mean_cloud,n_scenes,patch_px,filename,sensor,emb_model,emb_dim,emb_ok
0,P001,Rotterdam,port,2019_01,2019,2019-01-01,38.643684,1,640,S2_P001_Rotterdam_2019_01.tif,S2,Prithvi-EO-2.0-300M,1024,1
1,P001,Rotterdam,port,2019_02,2019,2019-02-01,19.004349666666663,3,640,S2_P001_Rotterdam_2019_02.tif,S2,Prithvi-EO-2.0-300M,1024,1
2,P001,Rotterdam,port,2019_03,2019,2019-03-01,31.748948,3,640,S2_P001_Rotterdam_2019_03.tif,S2,Prithvi-EO-2.0-300M,1024,1
3,P001,Rotterdam,port,2019_04,2019,2019-04-01,10.6559575,4,640,S2_P001_Rotterdam_2019_04.tif,S2,Prithvi-EO-2.0-300M,1024,1
4,P001,Rotterdam,port,2019_05,2019,2019-05-01,42.57456025,4,640,S2_P001_Rotterdam_2019_05.tif,S2,Prithvi-EO-2.0-300M,1024,1
5,P001,Rotterdam,port,2019_06,2019,2019-06-01,28.959044333333328,3,640,S2_P001_Rotterdam_2019_06.tif,S2,Prithvi-EO-2.0-300M,1024,1
6,P001,Rotterdam,port,2019_07,2019,2019-07-01,4.557695333333333,3,640,S2_P001_Rotterdam_2019_07.tif,S2,Prithvi-EO-2.0-300M,1024,1
7,P001,Rotterdam,port,2019_08,2019,2019-08-01,17.9651475,2,640,S2_P001_Rotterdam_2019_08.tif,S2,Prithvi-EO-2.0-300M,1024,1
8,P001,Rotterdam,port,2019_09,2019,2019-09-01,44.89498766666667,3,640,S2_P001_Rotterdam_2019_09.tif,S2,Prithvi-EO-2.0-300M,1024,1
9,P001,Rotterdam,port,2019_10,2019,2019-10-01,56.711099,2,640,S2_P001_Rotterdam_2019_10.tif,S2,Prithvi-EO-2.0-300M,1024,1
10,P001,Rotterdam,port,2019_11,2019,2019-11-01,24.316852,3,640,S2_P001_Rotterdam_2019_11.tif,S2,Prithvi-EO-2.0-300M,1024,1
11,P001,Rotterdam,port,2019_12,2019,2019-12-01,28.30134125,4,640,S2_P001_Rotterdam_2019_12.tif,S2,Prithvi-EO-2.0-300M,1024,1
12,P001,Rotterdam,port,2020_01,2020,2020-01-01,37.723726,1,640,S2_P001_Rotterdam_2020_01.tif,S2,Prithvi-EO-2.0-300M,1024,1
13,P001,Rotterdam,port,2020_02,2020,2020-02-01,35.366998,4,640,S2_P001_Rotterdam_2020_02.tif,S2,Prithvi-EO-2.0-300M,1024,1
14,P001,Rotterdam,port,2020_03,2020,2020-03-01,24.27063766666667,6,640,S2_P001_Rotterdam_2020_03.tif,S2,Prithvi-EO-2.0-300M,1024,1
15,P001,Rotterdam,port,2020_04,2020,2020-04-01,17.144919199999997,5,640,S2_P001_Rotterdam_2020_04.tif,S2,Prithvi-EO-2.0-300M,1024,1
16,P001,Rotterdam,port,2020_05,2020,2020-05-01,12.6711364,5,640,S2_P001_Rotterdam_2020_05.tif,S2,Prithvi-EO-2.0-300M,1024,1
17,P001,Rotterdam,port,2020_06,2020,2020-06-01,28.156538666666663,3,640,S2_P001_Rotterdam_2020_06.tif,S2,Prithvi-EO-2.0-300M,1024,1
18,P001,Rotterdam,port,2020_07,2020,2020-07-01,45.354039,4,640,S2_P001_Rotterdam_2020_07.tif,S2,Prithvi-EO-2.0-300M,1024,1
19,P001,Rotterdam,port,2020_08,2020,2020-08-01,46.791997333333335,3,640,S2_P001_Rotterdam_2020_08.tif,S2,Prithvi-EO-2.0-300M,1024,1
20,P001,Rotterdam,port,2020_09,2020,2020-09-01,12.989922666666669,3,640,S2_P001_Rotterdam_2020_09.tif,S2,Prithvi-EO-2.0-300M,1024,1
21,P001,Rotterdam,port,2020_10,2020,2020-10-01,47.509268,1,640,S2_P001_Rotterdam_2020_10.tif,S2,Prithvi-EO-2.0-300M,1024,1
22,P001,Rotterdam,port,2020_12,2020,2020-12-01,37.169701,2,640,S2_P001_Rotterdam_2020_12.tif,S2,Prithvi-EO-2.0-300M,1024,1
23,P001,Rotterdam,port,2021_01,2021,2021-01-01,37.715528,2,640,S2_P001_Rotterdam_2021_01.tif,S2,Prithvi-EO-2.0-300M,1024,1
24,P001,Rotterdam,port,2021_02,2021,2021-02-01,40.17561533333333,3,640,S2_P001_Rotterdam_2021_02.tif,S2,Prithvi-EO-2.0-300M,1024,1
25,P001,Rotterdam,port,2021_03,2021,2021-03-01,22.6017268,5,640,S2_P001_Rotterdam_2021_03.tif,S2,Prithvi-EO-2.0-300M,1024,1
26,P001,Rotterdam,port,2021_04,2021,2021-04-01,26.794369250000003,4,640,S2_P001_Rotterdam_2021_04.tif,S2,Prithvi-EO-2.0-300M,1024,1
27,P001,Rotterdam,port,2021_05,2021,2021-05-01,23.5814505,2,640,S2_P001_Rotterdam_2021_05.tif,S2,Prithvi-EO-2.0-300M,1024,1
28,P001,Rotterdam,port,2021_06,2021,2021-06-01,16.598044666666667,3,640,S2_P001_Rotterdam_2021_06.tif,S2,Prithvi-EO-2.0-300M,1024,1
29,P001,Rotterdam,port,2021_07,2021,2021-07-01,19.31915533333333,3,640,S2_P001_Rotterdam_2021_07.tif,S2,Prithvi-EO-2.0-300M,1024,1
30,P001,Rotterdam,port,2021_08,2021,2021-08-01,36.5592845,4,640,S2_P001_Rotterdam_2021_08.tif,S2,Prithvi-EO-2.0-300M,1024,1
31,P001,Rotterdam,port,2021_09,2021,2021-09-01,26.592244,2,640,S2_P001_Rotterdam_2021_09.tif,S2,Prithvi-EO-2.0-300M,1024,1
32,P001,Rotterdam,port,2021_10,2021,2021-10-01,41.230046,1,640,S2_P001_Rotterdam_2021_10.tif,S2,Prithvi-EO-2.0-300M,1024,1
33,P001,Rotterdam,port,2021_11,2021,2021-11-01,24.930755,2,640,S2_P001_Rotterdam_2021_11.tif,S2,Prithvi-EO-2.0-300M,1024,1
34,P001,Rotterdam,port,2021_12,2021,2021-12-01,16.286629333333334,3,640,S2_P001_Rotterdam_2021_12.tif,S2,Prithvi-EO-2.0-300M,1024,1
35,P001,Rotterdam,port,2022_01,2022,2022-01-01,40.18846133333333,3,640,S2_P001_Rotterdam_2022_01.tif,S2,Prithvi-EO-2.0-300M,1024,1
36,P001,Rotterdam,port,2022_02,2022,2022-02-01,17.501621,1,640,S2_P001_Rotterdam_2022_02.tif,S2,Prithvi-EO-2.0-300M,1024,1
37,P001,Rotterdam,port,2022_03,2022,2022-03-01,5.767146250000001,4,640,S2_P001_Rotterdam_2022_03.tif,S2,Prithvi-EO-2.0-300M,1024,1
38,P001,Rotterdam,port,2022_04,2022,2022-04-01,41.91786666666667,3,640,S2_P001_Rotterdam_2022_04.tif,S2,Prithvi-EO-2.0-300M,1024,1
39,P001,Rotterdam,port,2022_05,2022,2022-05-01,18.494089,1,640,S2_P001_Rotterdam_2022_05.tif,S2,Prithvi-EO-2.0-300M,1024,1
40,P001,Rotterdam,port,2022_06,2022,2022-06-01,18.376784,2,640,S2_P001_Rotterdam_2022_06.tif,S2,Prithvi-EO-2.0-300M,1024,1
41,P001,Rotterdam,port,2022_07,2022,2022-07-01,5.6703225,4,640,S2_P001_Rotterdam_2022_07.tif,S2,Prithvi-EO-2.0-300M,1024,1
42,P001,Rotterdam,port,2022_08,2022,2022-08-01,26.914585,5,640,S2_P001_Rotterdam_2022_08.tif,S2,Prithvi-EO-2.0-300M,1024,1
43,P001,Rotterdam,port,2022_09,2022,2022-09-01,44.890045333333326,3,640,S2_P001_Rotterdam_2022_09.tif,S2,Prithvi-EO-2.0-300M,1024,1
44,P001,Rotterdam,port,2022_11,2022,2022-11-01,37.9250305,2,640,S2_P001_Rotterdam_2022_11.tif,S2,Prithvi-EO-2.0-300M,1024,1
45,P001,Rotterdam,port,2022_12,2022,2022-12-01,33.7401675,4,640,S2_P001_Rotterdam_2022_12.tif,S2,Prithvi-EO-2.0-300M,1024,1
46,P001,Rotterdam,port,2023_01,2023,2023-01-01,29.149425,1,640,S2_P001_Rotterdam_2023_01.tif,S2,Prithvi-EO-2.0-300M,1024,1
47,P001,Rotterdam,port,2023_02,2023,2023-02-01,0.147133,1,640,S2_P001_Rotterdam_2023_02.tif,S2,Prithvi-EO-2.0-300M,1024,1
48,P001,Rotterdam,port,2023_03,2023,2023-03-01,27.6043255,2,640,S2_P001_Rotterdam_2023_03.tif,S2,Prithvi-EO-2.0-300M,1024,1
49,P001,Rotterdam,port,2023_04,2023,2023-04-01,28.924801666666667,3,640,S2_P001_Rotterdam_2023_04.tif,S2,Prithvi-EO-2.0-300M,1024,1
50,P001,Rotterdam,port,2023_05,2023,2023-05-01,35.735457000000004,2,640,S2_P001_Rotterdam_2023_05.tif,S2,Prithvi-EO-2.0-300M,1024,1
51,P001,Rotterdam,port,2023_06,2023,2023-06-01,14.3936228,5,640,S2_P001_Rotterdam_2023_06.tif,S2,Prithvi-EO-2.0-300M,1024,1
52,P001,Rotterdam,port,2023_07,2023,2023-07-01,50.954813,1,640,S2_P001_Rotterdam_2023_07.tif,S2,Prithvi-EO-2.0-300M,1024,1
53,P001,Rotterdam,port,2023_08,2023,2023-08-01,28.124028999999997,3,640,S2_P001_Rotterdam_2023_08.tif,S2,Prithvi-EO-2.0-300M,1024,1
54,P001,Rotterdam,port,2023_09,2023,2023-09-01,0.021612,1,640,S2_P001_Rotterdam_2023_09.tif,S2,Prithvi-EO-2.0-300M,1024,1
55,P001,Rotterdam,port,2023_10,2023,2023-10-01,43.947636,2,640,S2_P001_Rotterdam_2023_10.tif,S2,Prithvi-EO-2.0-300M,1024,1
56,P001,Rotterdam,port,2023_11,2023,2023-11-01,57.335832999999994,2,640,S2_P001_Rotterdam_2023_11.tif,S2,Prithvi-EO-2.0-300M,1024,1
57,P001,Rotterdam,port,2023_12,2023,2023-12-01,51.17999,2,640,S2_P001_Rotterdam_2023_12.tif,S2,Prithvi-EO-2.0-300M,1024,1
58,P001,Rotterdam,port,2024_01,2024,2024-01-01,2.392932,1,640,S2_P001_Rotterdam_2024_01.tif,S2,Prithvi-EO-2.0-300M,1024,1
59,P001,Rotterdam,port,2024_03,2024,2024-03-01,12.7733965,2,640,S2_P001_Rotterdam_2024_03.tif,S2,Prithvi-EO-2.0-300M,1024,1
60,P001,Rotterdam,port,2024_04,2024,2024-04-01,33.3085465,2,640,S2_P001_Rotterdam_2024_04.tif,S2,Prithvi-EO-2.0-300M,1024,1
61,P001,Rotterdam,port,2024_05,2024,2024-05-01,11.940564,1,640,S2_P001_Rotterdam_2024_05.tif,S2,Prithvi-EO-2.0-300M,1024,1
62,P001,Rotterdam,port,2024_06,2024,2024-06-01,21.38574,3,640,S2_P001_Rotterdam_2024_06.tif,S2,Prithvi-EO-2.0-300M,1024,1
63,P001,Rotterdam,port,2024_07,2024,2024-07-01,23.6812615,2,640,S2_P001_Rotterdam_2024_07.tif,S2,Prithvi-EO-2.0-300M,1024,1
64,P001,Rotterdam,port,2024_08,2024,2024-08-01,22.113565,5,640,S2_P001_Rotterdam_2024_08.tif,S2,Prithvi-EO-2.0-300M,1024,1
65,P001,Rotterdam,port,2024_09,2024,2024-09-01,36.256089,3,640,S2_P001_Rotterdam_2024_09.tif,S2,Prithvi-EO-2.0-300M,1024,1
66,P001,Rotterdam,port,2024_10,2024,2024-10-01,34.688111,2,640,S2_P001_Rotterdam_2024_10.tif,S2,Prithvi-EO-2.0-300M,1024,1
67,P001,Rotterdam,port,2025_01,2025,2025-01-01,59.870398,1,640,S2_P001_Rotterdam_2025_01.tif,S2,Prithvi-EO-2.0-300M,1024,1
68,P001,Rotterdam,port,2025_02,2025,2025-02-01,34.68650575,4,640,S2_P001_Rotterdam_2025_02.tif,S2,Prithvi-EO-2.0-300M,1024,1
69,P001,Rotterdam,port,2025_03,2025,2025-03-01,37.29462171428572,7,640,S2_P001_Rotterdam_2025_03.tif,S2,Prithvi-EO-2.0-300M,1024,1
70,P001,Rotterdam,port,2025_04,2025,2025-04-01,13.305567399999996,5,640,S2_P001_Rotterdam_2025_04.tif,S2,Prithvi-EO-2.0-300M,1024,1
71,P001,Rotterdam,port,2025_05,2025,2025-05-01,29.707754,4,640,S2_P001_Rotterdam_2025_05.tif,S2,Prithvi-EO-2.0-300M,1024,1
72,P001,Rotterdam,port,2025_06,2025,2025-06-01,24.434963,3,640,S2_P001_Rotterdam_2025_06.tif,S2,Prithvi-EO-2.0-300M,1024,1
73,P001,Rotterdam,port,2025_07,2025,2025-07-01,38.058198749999995,4,640,S2_P001_Rotterdam_2025_07.tif,S2,Prithvi-EO-2.0-300M,1024,1
74,P001,Rotterdam,port,2025_08,2025,2025-08-01,34.1098975,2,640,S2_P001_Rotterdam_2025_08.tif,S2,Prithvi-EO-2.0-300M,1024,1
75,P001,Rotterdam,port,2025_09,2025,2025-09-01,25.4404015,2,640,S2_P001_Rotterdam_2025_09.tif,S2,Prithvi-EO-2.0-300M,1024,1
76,P001,Rotterdam,port,2025_10,2025,2025-10-01,48.387808,1,640,S2_P001_Rotterdam_2025_10.tif,S2,Prithvi-EO-2.0-300M,1024,1
77,P001,Rotterdam,port,2025_12,2025,2025-12-01,24.681045333333337,3,640,S2_P001_Rotterdam_2025_12.tif,S2,Prithvi-EO-2.0-300M,1024,1
78,P001,Rotterdam,port,2026_01,2026,2026-01-01,15.392249,3,640,S2_P001_Rotterdam_2026_01.tif,S2,Prithvi-EO-2.0-300M,1024,1
79,P001,Rotterdam,port,2026_03,2026,2026-03-01,2.3213856666666666,3,640,S2_P001_Rotterdam_2026_03.tif,S2,Prithvi-EO-2.0-300M,1024,1
80,P001,Rotterdam,port,2026_04,2026,2026-04-01,26.64020371428571,7,640,S2_P001_Rotterdam_2026_04.tif,S2,Prithvi-EO-2.0-300M,1024,1
81,P001,Rotterdam,port,2026_05,2026,2026-05-01,17.7944334,5,640,S2_P001_Rotterdam_2026_05.tif,S2,Prithvi-EO-2.0-300M,1024,1
82,P001,Rotterdam,port,2026_06,2026,2026-06-01,39.796461,6,640,S2_P001_Rotterdam_2026_06.tif,S2,Prithvi-EO-2.0-300M,1024,1
83,P002,Fujairah,terminal,2019_01,2019,2019-01-01,30.884456199999995,5,320,S2_P002_Fujairah_2019_01.tif,S2,Prithvi-EO-2.0-300M,1024,1
84,P002,Fujairah,terminal,2019_02,2019,2019-02-01,8.160787800000001,5,320,S2_P002_Fujairah_2019_02.tif,S2,Prithvi-EO-2.0-300M,1024,1
85,P002,Fujairah,terminal,2019_03,2019,2019-03-01,6.221385999999999,4,320,S2_P002_Fujairah_2019_03.tif,S2,Prithvi-EO-2.0-300M,1024,1
86,P002,Fujairah,terminal,2019_04,2019,2019-04-01,17.803443800000004,5,320,S2_P002_Fujairah_2019_04.tif,S2,Prithvi-EO-2.0-300M,1024,1
87,P002,Fujairah,terminal,2019_05,2019,2019-05-01,34.9782134,5,320,S2_P002_Fujairah_2019_05.tif,S2,Prithvi-EO-2.0-300M,1024,1
88,P002,Fujairah,terminal,2019_06,2019,2019-06-01,33.81697316666666,6,320,S2_P002_Fujairah_2019_06.tif,S2,Prithvi-EO-2.0-300M,1024,1
89,P002,Fujairah,terminal,2019_07,2019,2019-07-01,22.176396666666665,6,320,S2_P002_Fujairah_2019_07.tif,S2,Prithvi-EO-2.0-300M,1024,1
90,P002,Fujairah,terminal,2019_08,2019,2019-08-01,18.068168,6,320,S2_P002_Fujairah_2019_08.tif,S2,Prithvi-EO-2.0-300M,1024,1
91,P002,Fujairah,terminal,2019_09,2019,2019-09-01,4.481882400000001,5,320,S2_P002_Fujairah_2019_09.tif,S2,Prithvi-EO-2.0-300M,1024,1
92,P002,Fujairah,terminal,2019_10,2019,2019-10-01,10.254037857142858,7,320,S2_P002_Fujairah_2019_10.tif,S2,Prithvi-EO-2.0-300M,1024,1
93,P002,Fujairah,terminal,2019_11,2019,2019-11-01,21.300564500000004,6,320,S2_P002_Fujairah_2019_11.tif,S2,Prithvi-EO-2.0-300M,1024,1
94,P002,Fujairah,terminal,2019_12,2019,2019-12-01,19.858205333333338,6,320,S2_P002_Fujairah_2019_12.tif,S2,Prithvi-EO-2.0-300M,1024,1
95,P002,Fujairah,terminal,2020_01,2020,2020-01-01,17.542438,5,320,S2_P002_Fujairah_2020_01.tif,S2,Prithvi-EO-2.0-300M,1024,1
96,P002,Fujairah,terminal,2020_02,2020,2020-02-01,18.6172425,6,320,S2_P002_Fujairah_2020_02.tif,S2,Prithvi-EO-2.0-300M,1024,1
97,P002,Fujairah,terminal,2020_03,2020,2020-03-01,15.982301333333334,3,320,S2_P002_Fujairah_2020_03.tif,S2,Prithvi-EO-2.0-300M,1024,1
98,P002,Fujairah,terminal,2020_04,2020,2020-04-01,12.9942982,5,320,S2_P002_Fujairah_2020_04.tif,S2,Prithvi-EO-2.0-300M,1024,1
99,P002,Fujairah,terminal,2020_05,2020,2020-05-01,30.69380316666667,6,320,S2_P002_Fujairah_2020_05.tif,S2,Prithvi-EO-2.0-300M,1024,1
100,P002,Fujairah,terminal,2020_06,2020,2020-06-01,29.22564033333333,6,320,S2_P002_Fujairah_2020_06.tif,S2,Prithvi-EO-2.0-300M,1024,1
101,P002,Fujairah,terminal,2020_07,2020,2020-07-01,31.930099,6,320,S2_P002_Fujairah_2020_07.tif,S2,Prithvi-EO-2.0-300M,1024,1
102,P002,Fujairah,terminal,2020_08,2020,2020-08-01,27.069399333333337,6,320,S2_P002_Fujairah_2020_08.tif,S2,Prithvi-EO-2.0-300M,1024,1
103,P002,Fujairah,terminal,2020_09,2020,2020-09-01,0.7135491666666667,6,320,S2_P002_Fujairah_2020_09.tif,S2,Prithvi-EO-2.0-300M,1024,1
104,P002,Fujairah,terminal,2020_10,2020,2020-10-01,0.208118,6,320,S2_P002_Fujairah_2020_10.tif,S2,Prithvi-EO-2.0-300M,1024,1
105,P002,Fujairah,terminal,2020_11,2020,2020-11-01,8.289508166666666,6,320,S2_P002_Fujairah_2020_11.tif,S2,Prithvi-EO-2.0-300M,1024,1
106,P002,Fujairah,terminal,2020_12,2020,2020-12-01,3.5047076666666666,6,320,S2_P002_Fujairah_2020_12.tif,S2,Prithvi-EO-2.0-300M,1024,1
107,P002,Fujairah,terminal,2021_01,2021,2021-01-01,3.374931,6,320,S2_P002_Fujairah_2021_01.tif,S2,Prithvi-EO-2.0-300M,1024,1
108,P002,Fujairah,terminal,2021_02,2021,2021-02-01,5.2852545,6,320,S2_P002_Fujairah_2021_02.tif,S2,Prithvi-EO-2.0-300M,1024,1
109,P002,Fujairah,terminal,2021_03,2021,2021-03-01,4.7327821666666665,6,320,S2_P002_Fujairah_2021_03.tif,S2,Prithvi-EO-2.0-300M,1024,1
110,P002,Fujairah,terminal,2021_04,2021,2021-04-01,11.0217945,6,320,S2_P002_Fujairah_2021_04.tif,S2,Prithvi-EO-2.0-300M,1024,1
111,P002,Fujairah,terminal,2021_05,2021,2021-05-01,38.0120448,5,320,S2_P002_Fujairah_2021_05.tif,S2,Prithvi-EO-2.0-300M,1024,1
112,P002,Fujairah,terminal,2021_06,2021,2021-06-01,19.768510333333328,6,320,S2_P002_Fujairah_2021_06.tif,S2,Prithvi-EO-2.0-300M,1024,1
113,P002,Fujairah,terminal,2021_07,2021,2021-07-01,29.112946799999996,5,320,S2_P002_Fujairah_2021_07.tif,S2,Prithvi-EO-2.0-300M,1024,1
114,P002,Fujairah,terminal,2021_08,2021,2021-08-01,13.927250666666666,6,320,S2_P002_Fujairah_2021_08.tif,S2,Prithvi-EO-2.0-300M,1024,1
115,P002,Fujairah,terminal,2021_09,2021,2021-09-01,8.301389333333333,6,320,S2_P002_Fujairah_2021_09.tif,S2,Prithvi-EO-2.0-300M,1024,1
116,P002,Fujairah,terminal,2021_10,2021,2021-10-01,0.4294241666666667,6,320,S2_P002_Fujairah_2021_10.tif,S2,Prithvi-EO-2.0-300M,1024,1
117,P002,Fujairah,terminal,2021_11,2021,2021-11-01,5.1662018,5,320,S2_P002_Fujairah_2021_11.tif,S2,Prithvi-EO-2.0-300M,1024,1
118,P002,Fujairah,terminal,2021_12,2021,2021-12-01,11.1868335,4,320,S2_P002_Fujairah_2021_12.tif,S2,Prithvi-EO-2.0-300M,1024,1
119,P002,Fujairah,terminal,2022_01,2022,2022-01-01,11.424508,5,320,S2_P002_Fujairah_2022_01.tif,S2,Prithvi-EO-2.0-300M,1024,1
120,P002,Fujairah,terminal,2022_02,2022,2022-02-01,7.235115166666667,6,320,S2_P002_Fujairah_2022_02.tif,S2,Prithvi-EO-2.0-300M,1024,1
121,P002,Fujairah,terminal,2022_03,2022,2022-03-01,9.2280296,5,320,S2_P002_Fujairah_2022_03.tif,S2,Prithvi-EO-2.0-300M,1024,1
122,P002,Fujairah,terminal,2022_04,2022,2022-04-01,10.778743166666668,6,320,S2_P002_Fujairah_2022_04.tif,S2,Prithvi-EO-2.0-300M,1024,1
123,P002,Fujairah,terminal,2022_05,2022,2022-05-01,17.1964335,6,320,S2_P002_Fujairah_2022_05.tif,S2,Prithvi-EO-2.0-300M,1024,1
124,P002,Fujairah,terminal,2022_06,2022,2022-06-01,28.822173599999996,5,320,S2_P002_Fujairah_2022_06.tif,S2,Prithvi-EO-2.0-300M,1024,1
125,P002,Fujairah,terminal,2022_07,2022,2022-07-01,33.77339966666667,3,320,S2_P002_Fujairah_2022_07.tif,S2,Prithvi-EO-2.0-300M,1024,1
126,P002,Fujairah,terminal,2022_08,2022,2022-08-01,17.42732714285714,7,320,S2_P002_Fujairah_2022_08.tif,S2,Prithvi-EO-2.0-300M,1024,1
127,P002,Fujairah,terminal,2022_09,2022,2022-09-01,3.3628515,6,320,S2_P002_Fujairah_2022_09.tif,S2,Prithvi-EO-2.0-300M,1024,1
128,P002,Fujairah,terminal,2022_10,2022,2022-10-01,1.075628,6,320,S2_P002_Fujairah_2022_10.tif,S2,Prithvi-EO-2.0-300M,1024,1
129,P002,Fujairah,terminal,2022_11,2022,2022-11-01,6.1190869999999995,6,320,S2_P002_Fujairah_2022_11.tif,S2,Prithvi-EO-2.0-300M,1024,1
130,P002,Fujairah,terminal,2022_12,2022,2022-12-01,15.575386833333331,6,320,S2_P002_Fujairah_2022_12.tif,S2,Prithvi-EO-2.0-300M,1024,1
131,P002,Fujairah,terminal,2023_01,2023,2023-01-01,47.622293333333324,3,320,S2_P002_Fujairah_2023_01.tif,S2,Prithvi-EO-2.0-300M,1024,1
132,P002,Fujairah,terminal,2023_02,2023,2023-02-01,14.282353,6,320,S2_P002_Fujairah_2023_02.tif,S2,Prithvi-EO-2.0-300M,1024,1
133,P002,Fujairah,terminal,2023_03,2023,2023-03-01,24.254658,5,320,S2_P002_Fujairah_2023_03.tif,S2,Prithvi-EO-2.0-300M,1024,1
134,P002,Fujairah,terminal,2023_04,2023,2023-04-01,14.2362236,5,320,S2_P002_Fujairah_2023_04.tif,S2,Prithvi-EO-2.0-300M,1024,1
135,P002,Fujairah,terminal,2023_05,2023,2023-05-01,36.4300036,5,320,S2_P002_Fujairah_2023_05.tif,S2,Prithvi-EO-2.0-300M,1024,1
136,P002,Fujairah,terminal,2023_06,2023,2023-06-01,37.1899315,6,320,S2_P002_Fujairah_2023_06.tif,S2,Prithvi-EO-2.0-300M,1024,1
137,P002,Fujairah,terminal,2023_07,2023,2023-07-01,30.5530146,5,320,S2_P002_Fujairah_2023_07.tif,S2,Prithvi-EO-2.0-300M,1024,1
138,P002,Fujairah,terminal,2023_08,2023,2023-08-01,18.322275285714284,7,320,S2_P002_Fujairah_2023_08.tif,S2,Prithvi-EO-2.0-300M,1024,1
139,P002,Fujairah,terminal,2023_09,2023,2023-09-01,5.215854666666668,6,320,S2_P002_Fujairah_2023_09.tif,S2,Prithvi-EO-2.0-300M,1024,1
140,P002,Fujairah,terminal,2023_10,2023,2023-10-01,10.843983166666668,6,320,S2_P002_Fujairah_2023_10.tif,S2,Prithvi-EO-2.0-300M,1024,1
141,P002,Fujairah,terminal,2023_11,2023,2023-11-01,15.051627200000002,5,320,S2_P002_Fujairah_2023_11.tif,S2,Prithvi-EO-2.0-300M,1024,1
142,P002,Fujairah,terminal,2023_12,2023,2023-12-01,17.0013306,5,320,S2_P002_Fujairah_2023_12.tif,S2,Prithvi-EO-2.0-300M,1024,1
143,P002,Fujairah,terminal,2024_01,2024,2024-01-01,9.5713478,5,320,S2_P002_Fujairah_2024_01.tif,S2,Prithvi-EO-2.0-300M,1024,1
144,P002,Fujairah,terminal,2024_02,2024,2024-02-01,1.8145860000000005,3,320,S2_P002_Fujairah_2024_02.tif,S2,Prithvi-EO-2.0-300M,1024,1
145,P002,Fujairah,terminal,2024_03,2024,2024-03-01,8.68470175,4,320,S2_P002_Fujairah_2024_03.tif,S2,Prithvi-EO-2.0-300M,1024,1
146,P002,Fujairah,terminal,2024_04,2024,2024-04-01,21.5526274,5,320,S2_P002_Fujairah_2024_04.tif,S2,Prithvi-EO-2.0-300M,1024,1
147,P002,Fujairah,terminal,2024_05,2024,2024-05-01,30.3407496,5,320,S2_P002_Fujairah_2024_05.tif,S2,Prithvi-EO-2.0-300M,1024,1
148,P002,Fujairah,terminal,2024_06,2024,2024-06-01,42.099800833333326,6,320,S2_P002_Fujairah_2024_06.tif,S2,Prithvi-EO-2.0-300M,1024,1
149,P002,Fujairah,terminal,2024_07,2024,2024-07-01,42.76009833333333,6,320,S2_P002_Fujairah_2024_07.tif,S2,Prithvi-EO-2.0-300M,1024,1
150,P002,Fujairah,terminal,2024_08,2024,2024-08-01,33.629782000000006,4,320,S2_P002_Fujairah_2024_08.tif,S2,Prithvi-EO-2.0-300M,1024,1
151,P002,Fujairah,terminal,2024_09,2024,2024-09-01,5.3225172,5,320,S2_P002_Fujairah_2024_09.tif,S2,Prithvi-EO-2.0-300M,1024,1
152,P002,Fujairah,terminal,2024_10,2024,2024-10-01,5.414674333333333,6,320,S2_P002_Fujairah_2024_10.tif,S2,Prithvi-EO-2.0-300M,1024,1
153,P002,Fujairah,terminal,2024_11,2024,2024-11-01,2.2776593333333333,6,320,S2_P002_Fujairah_2024_11.tif,S2,Prithvi-EO-2.0-300M,1024,1
154,P002,Fujairah,terminal,2024_12,2024,2024-12-01,6.133793833333333,6,320,S2_P002_Fujairah_2024_12.tif,S2,Prithvi-EO-2.0-300M,1024,1
155,P002,Fujairah,terminal,2025_01,2025,2025-01-01,16.053355333333336,6,320,S2_P002_Fujairah_2025_01.tif,S2,Prithvi-EO-2.0-300M,1024,1
156,P002,Fujairah,terminal,2025_02,2025,2025-02-01,16.1116666,5,320,S2_P002_Fujairah_2025_02.tif,S2,Prithvi-EO-2.0-300M,1024,1
157,P002,Fujairah,terminal,2025_03,2025,2025-03-01,17.5079955,6,320,S2_P002_Fujairah_2025_03.tif,S2,Prithvi-EO-2.0-300M,1024,1
158,P002,Fujairah,terminal,2025_04,2025,2025-04-01,0.8114583333333334,6,320,S2_P002_Fujairah_2025_04.tif,S2,Prithvi-EO-2.0-300M,1024,1
159,P002,Fujairah,terminal,2025_05,2025,2025-05-01,27.5248255,8,320,S2_P002_Fujairah_2025_05.tif,S2,Prithvi-EO-2.0-300M,1024,1
160,P002,Fujairah,terminal,2025_06,2025,2025-06-01,33.29748942857143,7,320,S2_P002_Fujairah_2025_06.tif,S2,Prithvi-EO-2.0-300M,1024,1
161,P002,Fujairah,terminal,2025_07,2025,2025-07-01,31.89720422222222,9,320,S2_P002_Fujairah_2025_07.tif,S2,Prithvi-EO-2.0-300M,1024,1
162,P002,Fujairah,terminal,2025_08,2025,2025-08-01,31.628328,5,320,S2_P002_Fujairah_2025_08.tif,S2,Prithvi-EO-2.0-300M,1024,1
163,P002,Fujairah,terminal,2025_09,2025,2025-09-01,23.3169854,5,320,S2_P002_Fujairah_2025_09.tif,S2,Prithvi-EO-2.0-300M,1024,1
164,P002,Fujairah,terminal,2025_10,2025,2025-10-01,2.89778725,8,320,S2_P002_Fujairah_2025_10.tif,S2,Prithvi-EO-2.0-300M,1024,1
165,P002,Fujairah,terminal,2025_11,2025,2025-11-01,0.6188465714285715,7,320,S2_P002_Fujairah_2025_11.tif,S2,Prithvi-EO-2.0-300M,1024,1
166,P002,Fujairah,terminal,2025_12,2025,2025-12-01,0.8936208333333333,6,320,S2_P002_Fujairah_2025_12.tif,S2,Prithvi-EO-2.0-300M,1024,1
167,P002,Fujairah,terminal,2026_01,2026,2026-01-01,20.559737428571427,7,320,S2_P002_Fujairah_2026_01.tif,S2,Prithvi-EO-2.0-300M,1024,1
168,P002,Fujairah,terminal,2026_02,2026,2026-02-01,9.073269714285717,7,320,S2_P002_Fujairah_2026_02.tif,S2,Prithvi-EO-2.0-300M,1024,1
169,P002,Fujairah,terminal,2026_03,2026,2026-03-01,23.031488999999997,4,320,S2_P002_Fujairah_2026_03.tif,S2,Prithvi-EO-2.0-300M,1024,1
170,P002,Fujairah,terminal,2026_04,2026,2026-04-01,19.1026106,5,320,S2_P002_Fujairah_2026_04.tif,S2,Prithvi-EO-2.0-300M,1024,1
171,P002,Fujairah,terminal,2026_05,2026,2026-05-01,21.8206355,8,320,S2_P002_Fujairah_2026_05.tif,S2,Prithvi-EO-2.0-300M,1024,1
172,P002,Fujairah,terminal,2026_06,2026,2026-06-01,23.96388083333333,6,320,S2_P002_Fujairah_2026_06.tif,S2,Prithvi-EO-2.0-300M,1024,1
173,P003,RasTanura,terminal,2019_01,2019,2019-01-01,30.810437249999996,8,256,S2_P003_RasTanura_2019_01.tif,S2,Prithvi-EO-2.0-300M,1024,1
174,P003,RasTanura,terminal,2019_02,2019,2019-02-01,28.3419465,10,256,S2_P003_RasTanura_2019_02.tif,S2,Prithvi-EO-2.0-300M,1024,1
175,P003,RasTanura,terminal,2019_03,2019,2019-03-01,18.956537,9,256,S2_P003_RasTanura_2019_03.tif,S2,Prithvi-EO-2.0-300M,1024,1
176,P003,RasTanura,terminal,2019_04,2019,2019-04-01,18.834230333333338,9,256,S2_P003_RasTanura_2019_04.tif,S2,Prithvi-EO-2.0-300M,1024,1
177,P003,RasTanura,terminal,2019_05,2019,2019-05-01,17.7538162,5,256,S2_P003_RasTanura_2019_05.tif,S2,Prithvi-EO-2.0-300M,1024,1
178,P003,RasTanura,terminal,2019_06,2019,2019-06-01,7.5192906666666675,9,256,S2_P003_RasTanura_2019_06.tif,S2,Prithvi-EO-2.0-300M,1024,1
179,P003,RasTanura,terminal,2019_07,2019,2019-07-01,22.61156366666667,12,256,S2_P003_RasTanura_2019_07.tif,S2,Prithvi-EO-2.0-300M,1024,1
180,P003,RasTanura,terminal,2019_08,2019,2019-08-01,15.817683416666668,12,256,S2_P003_RasTanura_2019_08.tif,S2,Prithvi-EO-2.0-300M,1024,1
181,P003,RasTanura,terminal,2019_09,2019,2019-09-01,6.563775,12,256,S2_P003_RasTanura_2019_09.tif,S2,Prithvi-EO-2.0-300M,1024,1
182,P003,RasTanura,terminal,2019_10,2019,2019-10-01,4.827270400000001,10,256,S2_P003_RasTanura_2019_10.tif,S2,Prithvi-EO-2.0-300M,1024,1
183,P003,RasTanura,terminal,2019_11,2019,2019-11-01,21.196187,11,256,S2_P003_RasTanura_2019_11.tif,S2,Prithvi-EO-2.0-300M,1024,1
184,P003,RasTanura,terminal,2019_12,2019,2019-12-01,12.31639533333333,12,256,S2_P003_RasTanura_2019_12.tif,S2,Prithvi-EO-2.0-300M,1024,1
185,P003,RasTanura,terminal,2020_01,2020,2020-01-01,10.1278675,10,256,S2_P003_RasTanura_2020_01.tif,S2,Prithvi-EO-2.0-300M,1024,1
186,P003,RasTanura,terminal,2020_02,2020,2020-02-01,16.2906752,10,256,S2_P003_RasTanura_2020_02.tif,S2,Prithvi-EO-2.0-300M,1024,1
187,P003,RasTanura,terminal,2020_03,2020,2020-03-01,13.5496126,10,256,S2_P003_RasTanura_2020_03.tif,S2,Prithvi-EO-2.0-300M,1024,1
188,P003,RasTanura,terminal,2020_04,2020,2020-04-01,18.065528555555556,9,256,S2_P003_RasTanura_2020_04.tif,S2,Prithvi-EO-2.0-300M,1024,1
189,P003,RasTanura,terminal,2020_05,2020,2020-05-01,17.522891125,8,256,S2_P003_RasTanura_2020_05.tif,S2,Prithvi-EO-2.0-300M,1024,1
190,P003,RasTanura,terminal,2020_06,2020,2020-06-01,7.4127409,10,256,S2_P003_RasTanura_2020_06.tif,S2,Prithvi-EO-2.0-300M,1024,1
191,P003,RasTanura,terminal,2020_07,2020,2020-07-01,19.744947375,8,256,S2_P003_RasTanura_2020_07.tif,S2,Prithvi-EO-2.0-300M,1024,1
192,P003,RasTanura,terminal,2020_08,2020,2020-08-01,19.47324372727273,11,256,S2_P003_RasTanura_2020_08.tif,S2,Prithvi-EO-2.0-300M,1024,1
193,P003,RasTanura,terminal,2020_09,2020,2020-09-01,4.171084166666668,12,256,S2_P003_RasTanura_2020_09.tif,S2,Prithvi-EO-2.0-300M,1024,1
194,P003,RasTanura,terminal,2020_10,2020,2020-10-01,0.7548522307692308,13,256,S2_P003_RasTanura_2020_10.tif,S2,Prithvi-EO-2.0-300M,1024,1
195,P003,RasTanura,terminal,2020_11,2020,2020-11-01,4.0558109,10,256,S2_P003_RasTanura_2020_11.tif,S2,Prithvi-EO-2.0-300M,1024,1
196,P003,RasTanura,terminal,2020_12,2020,2020-12-01,15.2844041,10,256,S2_P003_RasTanura_2020_12.tif,S2,Prithvi-EO-2.0-300M,1024,1
197,P003,RasTanura,terminal,2021_01,2021,2021-01-01,10.5358656,10,256,S2_P003_RasTanura_2021_01.tif,S2,Prithvi-EO-2.0-300M,1024,1
198,P003,RasTanura,terminal,2021_02,2021,2021-02-01,9.64762472727273,11,256,S2_P003_RasTanura_2021_02.tif,S2,Prithvi-EO-2.0-300M,1024,1
199,P003,RasTanura,terminal,2021_03,2021,2021-03-01,15.358993250000005,12,256,S2_P003_RasTanura_2021_03.tif,S2,Prithvi-EO-2.0-300M,1024,1
200,P003,RasTanura,terminal,2021_04,2021,2021-04-01,14.744229545454544,11,256,S2_P003_RasTanura_2021_04.tif,S2,Prithvi-EO-2.0-300M,1024,1
201,P003,RasTanura,terminal,2021_05,2021,2021-05-01,13.010294857142858,7,256,S2_P003_RasTanura_2021_05.tif,S2,Prithvi-EO-2.0-300M,1024,1
202,P003,RasTanura,terminal,2021_06,2021,2021-06-01,13.4814193,10,256,S2_P003_RasTanura_2021_06.tif,S2,Prithvi-EO-2.0-300M,1024,1
203,P003,RasTanura,terminal,2021_07,2021,2021-07-01,22.991469624999997,8,256,S2_P003_RasTanura_2021_07.tif,S2,Prithvi-EO-2.0-300M,1024,1
204,P003,RasTanura,terminal,2021_08,2021,2021-08-01,8.113824583333335,12,256,S2_P003_RasTanura_2021_08.tif,S2,Prithvi-EO-2.0-300M,1024,1
205,P003,RasTanura,terminal,2021_09,2021,2021-09-01,3.1650640833333323,12,256,S2_P003_RasTanura_2021_09.tif,S2,Prithvi-EO-2.0-300M,1024,1
206,P003,RasTanura,terminal,2021_10,2021,2021-10-01,6.553513230769231,13,256,S2_P003_RasTanura_2021_10.tif,S2,Prithvi-EO-2.0-300M,1024,1
207,P003,RasTanura,terminal,2021_11,2021,2021-11-01,11.579523,12,256,S2_P003_RasTanura_2021_11.tif,S2,Prithvi-EO-2.0-300M,1024,1
208,P003,RasTanura,terminal,2021_12,2021,2021-12-01,11.091347428571428,7,256,S2_P003_RasTanura_2021_12.tif,S2,Prithvi-EO-2.0-300M,1024,1
209,P003,RasTanura,terminal,2022_01,2022,2022-01-01,21.39407888888889,9,256,S2_P003_RasTanura_2022_01.tif,S2,Prithvi-EO-2.0-300M,1024,1
210,P003,RasTanura,terminal,2022_02,2022,2022-02-01,3.8689429230769226,13,256,S2_P003_RasTanura_2022_02.tif,S2,Prithvi-EO-2.0-300M,1024,1
211,P003,RasTanura,terminal,2022_03,2022,2022-03-01,2.9980257999999997,10,256,S2_P003_RasTanura_2022_03.tif,S2,Prithvi-EO-2.0-300M,1024,1
212,P003,RasTanura,terminal,2022_04,2022,2022-04-01,16.865159124999998,8,256,S2_P003_RasTanura_2022_04.tif,S2,Prithvi-EO-2.0-300M,1024,1
213,P003,RasTanura,terminal,2022_05,2022,2022-05-01,9.204350700000004,10,256,S2_P003_RasTanura_2022_05.tif,S2,Prithvi-EO-2.0-300M,1024,1
214,P003,RasTanura,terminal,2022_06,2022,2022-06-01,10.820375750000002,12,256,S2_P003_RasTanura_2022_06.tif,S2,Prithvi-EO-2.0-300M,1024,1
215,P003,RasTanura,terminal,2022_07,2022,2022-07-01,22.370069333333333,9,256,S2_P003_RasTanura_2022_07.tif,S2,Prithvi-EO-2.0-300M,1024,1
216,P003,RasTanura,terminal,2022_08,2022,2022-08-01,7.702571545454544,11,256,S2_P003_RasTanura_2022_08.tif,S2,Prithvi-EO-2.0-300M,1024,1
217,P003,RasTanura,terminal,2022_09,2022,2022-09-01,0.1808691666666666,12,256,S2_P003_RasTanura_2022_09.tif,S2,Prithvi-EO-2.0-300M,1024,1
218,P003,RasTanura,terminal,2022_10,2022,2022-10-01,3.2145597692307692,13,256,S2_P003_RasTanura_2022_10.tif,S2,Prithvi-EO-2.0-300M,1024,1
219,P003,RasTanura,terminal,2022_11,2022,2022-11-01,15.9003232,10,256,S2_P003_RasTanura_2022_11.tif,S2,Prithvi-EO-2.0-300M,1024,1
220,P003,RasTanura,terminal,2022_12,2022,2022-12-01,25.5889556,10,256,S2_P003_RasTanura_2022_12.tif,S2,Prithvi-EO-2.0-300M,1024,1
221,P003,RasTanura,terminal,2023_01,2023,2023-01-01,11.17657525,4,256,S2_P003_RasTanura_2023_01.tif,S2,Prithvi-EO-2.0-300M,1024,1
222,P003,RasTanura,terminal,2023_02,2023,2023-02-01,14.844421,9,256,S2_P003_RasTanura_2023_02.tif,S2,Prithvi-EO-2.0-300M,1024,1
223,P003,RasTanura,terminal,2023_03,2023,2023-03-01,10.6411647,10,256,S2_P003_RasTanura_2023_03.tif,S2,Prithvi-EO-2.0-300M,1024,1
224,P003,RasTanura,terminal,2023_04,2023,2023-04-01,10.29338742857143,7,256,S2_P003_RasTanura_2023_04.tif,S2,Prithvi-EO-2.0-300M,1024,1
225,P003,RasTanura,terminal,2023_05,2023,2023-05-01,21.41600190909091,11,256,S2_P003_RasTanura_2023_05.tif,S2,Prithvi-EO-2.0-300M,1024,1
226,P003,RasTanura,terminal,2023_06,2023,2023-06-01,21.116878583333335,12,256,S2_P003_RasTanura_2023_06.tif,S2,Prithvi-EO-2.0-300M,1024,1
227,P003,RasTanura,terminal,2023_07,2023,2023-07-01,21.386445499999997,12,256,S2_P003_RasTanura_2023_07.tif,S2,Prithvi-EO-2.0-300M,1024,1
228,P003,RasTanura,terminal,2023_08,2023,2023-08-01,11.28975566666667,12,256,S2_P003_RasTanura_2023_08.tif,S2,Prithvi-EO-2.0-300M,1024,1
229,P003,RasTanura,terminal,2023_09,2023,2023-09-01,2.522673583333334,12,256,S2_P003_RasTanura_2023_09.tif,S2,Prithvi-EO-2.0-300M,1024,1
230,P003,RasTanura,terminal,2023_10,2023,2023-10-01,4.250910166666666,12,256,S2_P003_RasTanura_2023_10.tif,S2,Prithvi-EO-2.0-300M,1024,1
231,P003,RasTanura,terminal,2023_11,2023,2023-11-01,10.047436375,8,256,S2_P003_RasTanura_2023_11.tif,S2,Prithvi-EO-2.0-300M,1024,1
232,P003,RasTanura,terminal,2023_12,2023,2023-12-01,22.98109672727273,11,256,S2_P003_RasTanura_2023_12.tif,S2,Prithvi-EO-2.0-300M,1024,1
233,P003,RasTanura,terminal,2024_01,2024,2024-01-01,18.787974833333333,12,256,S2_P003_RasTanura_2024_01.tif,S2,Prithvi-EO-2.0-300M,1024,1
234,P003,RasTanura,terminal,2024_02,2024,2024-02-01,6.1280185000000005,10,256,S2_P003_RasTanura_2024_02.tif,S2,Prithvi-EO-2.0-300M,1024,1
235,P003,RasTanura,terminal,2024_03,2024,2024-03-01,19.328720333333333,6,256,S2_P003_RasTanura_2024_03.tif,S2,Prithvi-EO-2.0-300M,1024,1
236,P003,RasTanura,terminal,2024_04,2024,2024-04-01,24.072810125,8,256,S2_P003_RasTanura_2024_04.tif,S2,Prithvi-EO-2.0-300M,1024,1
237,P003,RasTanura,terminal,2024_05,2024,2024-05-01,11.695030636363638,11,256,S2_P003_RasTanura_2024_05.tif,S2,Prithvi-EO-2.0-300M,1024,1
238,P003,RasTanura,terminal,2024_06,2024,2024-06-01,17.041964916666668,12,256,S2_P003_RasTanura_2024_06.tif,S2,Prithvi-EO-2.0-300M,1024,1
239,P003,RasTanura,terminal,2024_07,2024,2024-07-01,21.631352,11,256,S2_P003_RasTanura_2024_07.tif,S2,Prithvi-EO-2.0-300M,1024,1
240,P003,RasTanura,terminal,2024_08,2024,2024-08-01,9.632540818181816,11,256,S2_P003_RasTanura_2024_08.tif,S2,Prithvi-EO-2.0-300M,1024,1
241,P003,RasTanura,terminal,2024_09,2024,2024-09-01,0.206365,12,256,S2_P003_RasTanura_2024_09.tif,S2,Prithvi-EO-2.0-300M,1024,1
242,P003,RasTanura,terminal,2024_10,2024,2024-10-01,5.0418385,10,256,S2_P003_RasTanura_2024_10.tif,S2,Prithvi-EO-2.0-300M,1024,1
243,P003,RasTanura,terminal,2024_11,2024,2024-11-01,6.9073294999999995,12,256,S2_P003_RasTanura_2024_11.tif,S2,Prithvi-EO-2.0-300M,1024,1
244,P003,RasTanura,terminal,2024_12,2024,2024-12-01,15.304128090909092,11,256,S2_P003_RasTanura_2024_12.tif,S2,Prithvi-EO-2.0-300M,1024,1
245,P003,RasTanura,terminal,2025_01,2025,2025-01-01,10.308974545454545,11,256,S2_P003_RasTanura_2025_01.tif,S2,Prithvi-EO-2.0-300M,1024,1
246,P003,RasTanura,terminal,2025_02,2025,2025-02-01,29.659111000000003,7,256,S2_P003_RasTanura_2025_02.tif,S2,Prithvi-EO-2.0-300M,1024,1
247,P003,RasTanura,terminal,2025_03,2025,2025-03-01,3.5640262,10,256,S2_P003_RasTanura_2025_03.tif,S2,Prithvi-EO-2.0-300M,1024,1
248,P003,RasTanura,terminal,2025_04,2025,2025-04-01,6.760707666666668,12,256,S2_P003_RasTanura_2025_04.tif,S2,Prithvi-EO-2.0-300M,1024,1
249,P003,RasTanura,terminal,2025_05,2025,2025-05-01,16.523771357142856,14,256,S2_P003_RasTanura_2025_05.tif,S2,Prithvi-EO-2.0-300M,1024,1
250,P003,RasTanura,terminal,2025_06,2025,2025-06-01,12.102081428571427,14,256,S2_P003_RasTanura_2025_06.tif,S2,Prithvi-EO-2.0-300M,1024,1
251,P003,RasTanura,terminal,2025_07,2025,2025-07-01,11.866549214285715,14,256,S2_P003_RasTanura_2025_07.tif,S2,Prithvi-EO-2.0-300M,1024,1
252,P003,RasTanura,terminal,2025_08,2025,2025-08-01,16.29423175,16,256,S2_P003_RasTanura_2025_08.tif,S2,Prithvi-EO-2.0-300M,1024,1
253,P003,RasTanura,terminal,2025_09,2025,2025-09-01,1.9764686428571427,14,256,S2_P003_RasTanura_2025_09.tif,S2,Prithvi-EO-2.0-300M,1024,1
254,P003,RasTanura,terminal,2025_10,2025,2025-10-01,0.3743900625,16,256,S2_P003_RasTanura_2025_10.tif,S2,Prithvi-EO-2.0-300M,1024,1
255,P003,RasTanura,terminal,2025_11,2025,2025-11-01,8.726830166666666,12,256,S2_P003_RasTanura_2025_11.tif,S2,Prithvi-EO-2.0-300M,1024,1
256,P003,RasTanura,terminal,2025_12,2025,2025-12-01,19.493373,12,256,S2_P003_RasTanura_2025_12.tif,S2,Prithvi-EO-2.0-300M,1024,1
257,P003,RasTanura,terminal,2026_01,2026,2026-01-01,11.879228076923075,13,256,S2_P003_RasTanura_2026_01.tif,S2,Prithvi-EO-2.0-300M,1024,1
258,P003,RasTanura,terminal,2026_02,2026,2026-02-01,4.792447999999999,12,256,S2_P003_RasTanura_2026_02.tif,S2,Prithvi-EO-2.0-300M,1024,1
259,P003,RasTanura,terminal,2026_03,2026,2026-03-01,17.308383000000006,9,256,S2_P003_RasTanura_2026_03.tif,S2,Prithvi-EO-2.0-300M,1024,1
260,P003,RasTanura,terminal,2026_04,2026,2026-04-01,16.0681764,5,256,S2_P003_RasTanura_2026_04.tif,S2,Prithvi-EO-2.0-300M,1024,1
261,P003,RasTanura,terminal,2026_05,2026,2026-05-01,14.16459333333333,15,256,S2_P003_RasTanura_2026_05.tif,S2,Prithvi-EO-2.0-300M,1024,1
262,P003,RasTanura,terminal,2026_06,2026,2026-06-01,9.620063636363636,11,256,S2_P003_RasTanura_2026_06.tif,S2,Prithvi-EO-2.0-300M,1024,1
263,P004,Jurong,refinery,2019_01,2019,2019-01-01,25.920509,3,512,S2_P004_Jurong_2019_01.tif,S2,Prithvi-EO-2.0-300M,1024,1
264,P004,Jurong,refinery,2019_02,2019,2019-02-01,39.8851916,5,512,S2_P004_Jurong_2019_02.tif,S2,Prithvi-EO-2.0-300M,1024,1
265,P004,Jurong,refinery,2019_03,2019,2019-03-01,27.2127684,5,512,S2_P004_Jurong_2019_03.tif,S2,Prithvi-EO-2.0-300M,1024,1
266,P004,Jurong,refinery,2019_04,2019,2019-04-01,26.642179,2,512,S2_P004_Jurong_2019_04.tif,S2,Prithvi-EO-2.0-300M,1024,1
267,P004,Jurong,refinery,2019_05,2019,2019-05-01,27.862869666666665,3,512,S2_P004_Jurong_2019_05.tif,S2,Prithvi-EO-2.0-300M,1024,1
268,P004,Jurong,refinery,2019_06,2019,2019-06-01,32.733331,4,512,S2_P004_Jurong_2019_06.tif,S2,Prithvi-EO-2.0-300M,1024,1
269,P004,Jurong,refinery,2019_07,2019,2019-07-01,35.22327225,4,512,S2_P004_Jurong_2019_07.tif,S2,Prithvi-EO-2.0-300M,1024,1
270,P004,Jurong,refinery,2019_08,2019,2019-08-01,28.457246999999995,3,512,S2_P004_Jurong_2019_08.tif,S2,Prithvi-EO-2.0-300M,1024,1
271,P004,Jurong,refinery,2019_09,2019,2019-09-01,38.2542505,2,512,S2_P004_Jurong_2019_09.tif,S2,Prithvi-EO-2.0-300M,1024,1
272,P004,Jurong,refinery,2019_10,2019,2019-10-01,36.137608,2,512,S2_P004_Jurong_2019_10.tif,S2,Prithvi-EO-2.0-300M,1024,1
273,P004,Jurong,refinery,2019_11,2019,2019-11-01,33.34104275,4,512,S2_P004_Jurong_2019_11.tif,S2,Prithvi-EO-2.0-300M,1024,1
274,P004,Jurong,refinery,2019_12,2019,2019-12-01,23.728875,2,512,S2_P004_Jurong_2019_12.tif,S2,Prithvi-EO-2.0-300M,1024,1
275,P004,Jurong,refinery,2020_01,2020,2020-01-01,22.425459666666665,3,512,S2_P004_Jurong_2020_01.tif,S2,Prithvi-EO-2.0-300M,1024,1
276,P004,Jurong,refinery,2020_02,2020,2020-02-01,24.95912875,4,512,S2_P004_Jurong_2020_02.tif,S2,Prithvi-EO-2.0-300M,1024,1
277,P004,Jurong,refinery,2020_03,2020,2020-03-01,45.96418833333334,6,512,S2_P004_Jurong_2020_03.tif,S2,Prithvi-EO-2.0-300M,1024,1
278,P004,Jurong,refinery,2020_04,2020,2020-04-01,24.1581965,4,512,S2_P004_Jurong_2020_04.tif,S2,Prithvi-EO-2.0-300M,1024,1
279,P004,Jurong,refinery,2020_05,2020,2020-05-01,27.1733685,4,512,S2_P004_Jurong_2020_05.tif,S2,Prithvi-EO-2.0-300M,1024,1
280,P004,Jurong,refinery,2020_06,2020,2020-06-01,43.768363,2,512,S2_P004_Jurong_2020_06.tif,S2,Prithvi-EO-2.0-300M,1024,1
281,P004,Jurong,refinery,2020_07,2020,2020-07-01,49.236147,1,512,S2_P004_Jurong_2020_07.tif,S2,Prithvi-EO-2.0-300M,1024,1
282,P004,Jurong,refinery,2020_08,2020,2020-08-01,47.122419,1,512,S2_P004_Jurong_2020_08.tif,S2,Prithvi-EO-2.0-300M,1024,1
283,P004,Jurong,refinery,2020_09,2020,2020-09-01,43.778097333333335,3,512,S2_P004_Jurong_2020_09.tif,S2,Prithvi-EO-2.0-300M,1024,1
284,P004,Jurong,refinery,2020_10,2020,2020-10-01,40.58378,2,512,S2_P004_Jurong_2020_10.tif,S2,Prithvi-EO-2.0-300M,1024,1
285,P004,Jurong,refinery,2020_11,2020,2020-11-01,33.87228,1,512,S2_P004_Jurong_2020_11.tif,S2,Prithvi-EO-2.0-300M,1024,1
286,P004,Jurong,refinery,2020_12,2020,2020-12-01,37.5421655,2,512,S2_P004_Jurong_2020_12.tif,S2,Prithvi-EO-2.0-300M,1024,1
287,P004,Jurong,refinery,2021_01,2021,2021-01-01,55.214234,3,512,S2_P004_Jurong_2021_01.tif,S2,Prithvi-EO-2.0-300M,1024,1
288,P004,Jurong,refinery,2021_02,2021,2021-02-01,55.302878,1,512,S2_P004_Jurong_2021_02.tif,S2,Prithvi-EO-2.0-300M,1024,1
289,P004,Jurong,refinery,2021_03,2021,2021-03-01,47.29594666666666,6,512,S2_P004_Jurong_2021_03.tif,S2,Prithvi-EO-2.0-300M,1024,1
290,P004,Jurong,refinery,2021_04,2021,2021-04-01,23.47628575,4,512,S2_P004_Jurong_2021_04.tif,S2,Prithvi-EO-2.0-300M,1024,1
291,P004,Jurong,refinery,2021_05,2021,2021-05-01,22.76680433333333,3,512,S2_P004_Jurong_2021_05.tif,S2,Prithvi-EO-2.0-300M,1024,1
292,P004,Jurong,refinery,2021_06,2021,2021-06-01,38.5935605,2,512,S2_P004_Jurong_2021_06.tif,S2,Prithvi-EO-2.0-300M,1024,1
293,P004,Jurong,refinery,2021_07,2021,2021-07-01,25.472198,1,512,S2_P004_Jurong_2021_07.tif,S2,Prithvi-EO-2.0-300M,1024,1
294,P004,Jurong,refinery,2021_08,2021,2021-08-01,41.23412175,4,512,S2_P004_Jurong_2021_08.tif,S2,Prithvi-EO-2.0-300M,1024,1
295,P004,Jurong,refinery,2021_09,2021,2021-09-01,35.424973666666666,3,512,S2_P004_Jurong_2021_09.tif,S2,Prithvi-EO-2.0-300M,1024,1
296,P004,Jurong,refinery,2021_10,2021,2021-10-01,14.854043,1,512,S2_P004_Jurong_2021_10.tif,S2,Prithvi-EO-2.0-300M,1024,1
297,P004,Jurong,refinery,2021_11,2021,2021-11-01,33.83792533333334,3,512,S2_P004_Jurong_2021_11.tif,S2,Prithvi-EO-2.0-300M,1024,1
298,P004,Jurong,refinery,2021_12,2021,2021-12-01,19.376225,2,512,S2_P004_Jurong_2021_12.tif,S2,Prithvi-EO-2.0-300M,1024,1
299,P004,Jurong,refinery,2022_01,2022,2022-01-01,34.60448925,4,512,S2_P004_Jurong_2022_01.tif,S2,Prithvi-EO-2.0-300M,1024,1
300,P004,Jurong,refinery,2022_03,2022,2022-03-01,41.330541499999995,2,512,S2_P004_Jurong_2022_03.tif,S2,Prithvi-EO-2.0-300M,1024,1
301,P004,Jurong,refinery,2022_04,2022,2022-04-01,41.030163,1,512,S2_P004_Jurong_2022_04.tif,S2,Prithvi-EO-2.0-300M,1024,1
302,P004,Jurong,refinery,2022_05,2022,2022-05-01,28.917697249999996,4,512,S2_P004_Jurong_2022_05.tif,S2,Prithvi-EO-2.0-300M,1024,1
303,P004,Jurong,refinery,2022_06,2022,2022-06-01,39.24275933333333,3,512,S2_P004_Jurong_2022_06.tif,S2,Prithvi-EO-2.0-300M,1024,1
304,P004,Jurong,refinery,2022_07,2022,2022-07-01,38.760856,3,512,S2_P004_Jurong_2022_07.tif,S2,Prithvi-EO-2.0-300M,1024,1
305,P004,Jurong,refinery,2022_08,2022,2022-08-01,32.396835,1,512,S2_P004_Jurong_2022_08.tif,S2,Prithvi-EO-2.0-300M,1024,1
306,P004,Jurong,refinery,2022_11,2022,2022-11-01,40.2308445,2,512,S2_P004_Jurong_2022_11.tif,S2,Prithvi-EO-2.0-300M,1024,1
307,P004,Jurong,refinery,2022_12,2022,2022-12-01,44.3708625,2,512,S2_P004_Jurong_2022_12.tif,S2,Prithvi-EO-2.0-300M,1024,1
308,P004,Jurong,refinery,2023_02,2023,2023-02-01,32.698002,1,512,S2_P004_Jurong_2023_02.tif,S2,Prithvi-EO-2.0-300M,1024,1
309,P004,Jurong,refinery,2023_03,2023,2023-03-01,34.935402,3,512,S2_P004_Jurong_2023_03.tif,S2,Prithvi-EO-2.0-300M,1024,1
310,P004,Jurong,refinery,2023_04,2023,2023-04-01,51.0371045,2,512,S2_P004_Jurong_2023_04.tif,S2,Prithvi-EO-2.0-300M,1024,1
311,P004,Jurong,refinery,2023_05,2023,2023-05-01,46.820971500000006,6,512,S2_P004_Jurong_2023_05.tif,S2,Prithvi-EO-2.0-300M,1024,1
312,P004,Jurong,refinery,2023_06,2023,2023-06-01,42.1107855,2,512,S2_P004_Jurong_2023_06.tif,S2,Prithvi-EO-2.0-300M,1024,1
313,P004,Jurong,refinery,2023_07,2023,2023-07-01,21.682675,1,512,S2_P004_Jurong_2023_07.tif,S2,Prithvi-EO-2.0-300M,1024,1
314,P004,Jurong,refinery,2023_08,2023,2023-08-01,37.275234,1,512,S2_P004_Jurong_2023_08.tif,S2,Prithvi-EO-2.0-300M,1024,1
315,P004,Jurong,refinery,2023_09,2023,2023-09-01,26.9613415,2,512,S2_P004_Jurong_2023_09.tif,S2,Prithvi-EO-2.0-300M,1024,1
316,P004,Jurong,refinery,2023_10,2023,2023-10-01,29.6644415,4,512,S2_P004_Jurong_2023_10.tif,S2,Prithvi-EO-2.0-300M,1024,1
317,P004,Jurong,refinery,2023_11,2023,2023-11-01,48.95195699999999,3,512,S2_P004_Jurong_2023_11.tif,S2,Prithvi-EO-2.0-300M,1024,1
318,P004,Jurong,refinery,2023_12,2023,2023-12-01,45.462948,1,512,S2_P004_Jurong_2023_12.tif,S2,Prithvi-EO-2.0-300M,1024,1
319,P004,Jurong,refinery,2024_01,2024,2024-01-01,56.660712,1,512,S2_P004_Jurong_2024_01.tif,S2,Prithvi-EO-2.0-300M,1024,1
320,P004,Jurong,refinery,2024_02,2024,2024-02-01,28.1782445,2,512,S2_P004_Jurong_2024_02.tif,S2,Prithvi-EO-2.0-300M,1024,1
321,P004,Jurong,refinery,2024_03,2024,2024-03-01,42.1817225,2,512,S2_P004_Jurong_2024_03.tif,S2,Prithvi-EO-2.0-300M,1024,1
322,P004,Jurong,refinery,2024_04,2024,2024-04-01,41.4098515,4,512,S2_P004_Jurong_2024_04.tif,S2,Prithvi-EO-2.0-300M,1024,1
323,P004,Jurong,refinery,2024_05,2024,2024-05-01,33.2134715,4,512,S2_P004_Jurong_2024_05.tif,S2,Prithvi-EO-2.0-300M,1024,1
324,P004,Jurong,refinery,2024_06,2024,2024-06-01,35.31205933333333,3,512,S2_P004_Jurong_2024_06.tif,S2,Prithvi-EO-2.0-300M,1024,1
325,P004,Jurong,refinery,2024_07,2024,2024-07-01,34.299717333333334,3,512,S2_P004_Jurong_2024_07.tif,S2,Prithvi-EO-2.0-300M,1024,1
326,P004,Jurong,refinery,2024_08,2024,2024-08-01,41.504066,3,512,S2_P004_Jurong_2024_08.tif,S2,Prithvi-EO-2.0-300M,1024,1
327,P004,Jurong,refinery,2024_09,2024,2024-09-01,39.066696,1,512,S2_P004_Jurong_2024_09.tif,S2,Prithvi-EO-2.0-300M,1024,1
328,P004,Jurong,refinery,2024_10,2024,2024-10-01,54.160208,1,512,S2_P004_Jurong_2024_10.tif,S2,Prithvi-EO-2.0-300M,1024,1
329,P004,Jurong,refinery,2024_11,2024,2024-11-01,45.2464375,2,512,S2_P004_Jurong_2024_11.tif,S2,Prithvi-EO-2.0-300M,1024,1
330,P004,Jurong,refinery,2025_01,2025,2025-01-01,36.784801,1,512,S2_P004_Jurong_2025_01.tif,S2,Prithvi-EO-2.0-300M,1024,1
331,P004,Jurong,refinery,2025_02,2025,2025-02-01,52.720483,2,512,S2_P004_Jurong_2025_02.tif,S2,Prithvi-EO-2.0-300M,1024,1
332,P004,Jurong,refinery,2025_03,2025,2025-03-01,36.317179,1,512,S2_P004_Jurong_2025_03.tif,S2,Prithvi-EO-2.0-300M,1024,1
333,P004,Jurong,refinery,2025_04,2025,2025-04-01,50.27123675,4,512,S2_P004_Jurong_2025_04.tif,S2,Prithvi-EO-2.0-300M,1024,1
334,P004,Jurong,refinery,2025_05,2025,2025-05-01,36.8495475,2,512,S2_P004_Jurong_2025_05.tif,S2,Prithvi-EO-2.0-300M,1024,1
335,P004,Jurong,refinery,2025_06,2025,2025-06-01,32.994028666666665,3,512,S2_P004_Jurong_2025_06.tif,S2,Prithvi-EO-2.0-300M,1024,1
336,P004,Jurong,refinery,2025_07,2025,2025-07-01,33.762236599999994,5,512,S2_P004_Jurong_2025_07.tif,S2,Prithvi-EO-2.0-300M,1024,1
337,P004,Jurong,refinery,2025_08,2025,2025-08-01,34.58279116666667,6,512,S2_P004_Jurong_2025_08.tif,S2,Prithvi-EO-2.0-300M,1024,1
338,P004,Jurong,refinery,2025_09,2025,2025-09-01,22.8949965,2,512,S2_P004_Jurong_2025_09.tif,S2,Prithvi-EO-2.0-300M,1024,1
339,P004,Jurong,refinery,2025_10,2025,2025-10-01,40.76471625,4,512,S2_P004_Jurong_2025_10.tif,S2,Prithvi-EO-2.0-300M,1024,1
340,P004,Jurong,refinery,2025_12,2025,2025-12-01,25.7731755,2,512,S2_P004_Jurong_2025_12.tif,S2,Prithvi-EO-2.0-300M,1024,1
341,P004,Jurong,refinery,2026_01,2026,2026-01-01,57.365656,1,512,S2_P004_Jurong_2026_01.tif,S2,Prithvi-EO-2.0-300M,1024,1
342,P004,Jurong,refinery,2026_02,2026,2026-02-01,27.3099105,2,512,S2_P004_Jurong_2026_02.tif,S2,Prithvi-EO-2.0-300M,1024,1
343,P004,Jurong,refinery,2026_03,2026,2026-03-01,10.7909245,2,512,S2_P004_Jurong_2026_03.tif,S2,Prithvi-EO-2.0-300M,1024,1
344,P004,Jurong,refinery,2026_04,2026,2026-04-01,41.251862,3,512,S2_P004_Jurong_2026_04.tif,S2,Prithvi-EO-2.0-300M,1024,1
345,P004,Jurong,refinery,2026_05,2026,2026-05-01,38.230224,2,512,S2_P004_Jurong_2026_05.tif,S2,Prithvi-EO-2.0-300M,1024,1
346,P004,Jurong,refinery,2026_06,2026,2026-06-01,35.198147,2,512,S2_P004_Jurong_2026_06.tif,S2,Prithvi-EO-2.0-300M,1024,1
347,P005,Houston,port,2019_01,2019,2019-01-01,11.7507825,14,640,S2_P005_Houston_2019_01.tif,S2,Prithvi-EO-2.0-300M,1024,1
348,P005,Houston,port,2019_02,2019,2019-02-01,0.2577985,2,640,S2_P005_Houston_2019_02.tif,S2,Prithvi-EO-2.0-300M,1024,1
349,P005,Houston,port,2019_03,2019,2019-03-01,18.2255105,2,640,S2_P005_Houston_2019_03.tif,S2,Prithvi-EO-2.0-300M,1024,1
350,P005,Houston,port,2019_04,2019,2019-04-01,13.884022181818182,11,640,S2_P005_Houston_2019_04.tif,S2,Prithvi-EO-2.0-300M,1024,1
351,P005,Houston,port,2019_05,2019,2019-05-01,34.902150846153845,13,640,S2_P005_Houston_2019_05.tif,S2,Prithvi-EO-2.0-300M,1024,1
352,P005,Houston,port,2019_06,2019,2019-06-01,24.205755533333335,15,640,S2_P005_Houston_2019_06.tif,S2,Prithvi-EO-2.0-300M,1024,1
353,P005,Houston,port,2019_07,2019,2019-07-01,29.937679374999995,16,640,S2_P005_Houston_2019_07.tif,S2,Prithvi-EO-2.0-300M,1024,1
354,P005,Houston,port,2019_08,2019,2019-08-01,39.715435052631584,19,640,S2_P005_Houston_2019_08.tif,S2,Prithvi-EO-2.0-300M,1024,1
355,P005,Houston,port,2019_09,2019,2019-09-01,26.28641415,20,640,S2_P005_Houston_2019_09.tif,S2,Prithvi-EO-2.0-300M,1024,1
356,P005,Houston,port,2019_10,2019,2019-10-01,34.401643,15,640,S2_P005_Houston_2019_10.tif,S2,Prithvi-EO-2.0-300M,1024,1
357,P005,Houston,port,2019_11,2019,2019-11-01,10.556017,11,640,S2_P005_Houston_2019_11.tif,S2,Prithvi-EO-2.0-300M,1024,1
358,P005,Houston,port,2019_12,2019,2019-12-01,22.435310733333328,15,640,S2_P005_Houston_2019_12.tif,S2,Prithvi-EO-2.0-300M,1024,1
359,P005,Houston,port,2020_01,2020,2020-01-01,1.7391992500000002,8,640,S2_P005_Houston_2020_01.tif,S2,Prithvi-EO-2.0-300M,1024,1
360,P005,Houston,port,2020_02,2020,2020-02-01,7.9920066363636355,11,640,S2_P005_Houston_2020_02.tif,S2,Prithvi-EO-2.0-300M,1024,1
361,P005,Houston,port,2020_03,2020,2020-03-01,37.519775833333334,6,640,S2_P005_Houston_2020_03.tif,S2,Prithvi-EO-2.0-300M,1024,1
362,P005,Houston,port,2020_04,2020,2020-04-01,6.61982509090909,11,640,S2_P005_Houston_2020_04.tif,S2,Prithvi-EO-2.0-300M,1024,1
363,P005,Houston,port,2020_05,2020,2020-05-01,17.7629709375,16,640,S2_P005_Houston_2020_05.tif,S2,Prithvi-EO-2.0-300M,1024,1
364,P005,Houston,port,2020_06,2020,2020-06-01,20.611434812499997,16,640,S2_P005_Houston_2020_06.tif,S2,Prithvi-EO-2.0-300M,1024,1
365,P005,Houston,port,2020_07,2020,2020-07-01,36.382164583333335,12,640,S2_P005_Houston_2020_07.tif,S2,Prithvi-EO-2.0-300M,1024,1
366,P005,Houston,port,2020_08,2020,2020-08-01,21.19915890909091,22,640,S2_P005_Houston_2020_08.tif,S2,Prithvi-EO-2.0-300M,1024,1
367,P005,Houston,port,2020_09,2020,2020-09-01,30.931140600000003,10,640,S2_P005_Houston_2020_09.tif,S2,Prithvi-EO-2.0-300M,1024,1
368,P005,Houston,port,2020_10,2020,2020-10-01,19.48054013333334,15,640,S2_P005_Houston_2020_10.tif,S2,Prithvi-EO-2.0-300M,1024,1
369,P005,Houston,port,2020_11,2020,2020-11-01,12.636308666666668,15,640,S2_P005_Houston_2020_11.tif,S2,Prithvi-EO-2.0-300M,1024,1
370,P005,Houston,port,2020_12,2020,2020-12-01,4.270469384615385,13,640,S2_P005_Houston_2020_12.tif,S2,Prithvi-EO-2.0-300M,1024,1
371,P005,Houston,port,2021_01,2021,2021-01-01,17.1780125,14,640,S2_P005_Houston_2021_01.tif,S2,Prithvi-EO-2.0-300M,1024,1
372,P005,Houston,port,2021_02,2021,2021-02-01,2.93731075,8,640,S2_P005_Houston_2021_02.tif,S2,Prithvi-EO-2.0-300M,1024,1
373,P005,Houston,port,2021_03,2021,2021-03-01,12.4537623,10,640,S2_P005_Houston_2021_03.tif,S2,Prithvi-EO-2.0-300M,1024,1
374,P005,Houston,port,2021_04,2021,2021-04-01,6.646222874999999,8,640,S2_P005_Houston_2021_04.tif,S2,Prithvi-EO-2.0-300M,1024,1
375,P005,Houston,port,2021_05,2021,2021-05-01,34.1650624,5,640,S2_P005_Houston_2021_05.tif,S2,Prithvi-EO-2.0-300M,1024,1
376,P005,Houston,port,2021_06,2021,2021-06-01,38.42845044444445,18,640,S2_P005_Houston_2021_06.tif,S2,Prithvi-EO-2.0-300M,1024,1
377,P005,Houston,port,2021_07,2021,2021-07-01,39.92057578571429,14,640,S2_P005_Houston_2021_07.tif,S2,Prithvi-EO-2.0-300M,1024,1
378,P005,Houston,port,2021_08,2021,2021-08-01,33.492869947368426,19,640,S2_P005_Houston_2021_08.tif,S2,Prithvi-EO-2.0-300M,1024,1
379,P005,Houston,port,2021_09,2021,2021-09-01,18.274813133333332,15,640,S2_P005_Houston_2021_09.tif,S2,Prithvi-EO-2.0-300M,1024,1
380,P005,Houston,port,2021_10,2021,2021-10-01,14.940008705882352,17,640,S2_P005_Houston_2021_10.tif,S2,Prithvi-EO-2.0-300M,1024,1
381,P005,Houston,port,2021_11,2021,2021-11-01,14.045355,16,640,S2_P005_Houston_2021_11.tif,S2,Prithvi-EO-2.0-300M,1024,1
382,P005,Houston,port,2021_12,2021,2021-12-01,24.03071625,8,640,S2_P005_Houston_2021_12.tif,S2,Prithvi-EO-2.0-300M,1024,1
383,P005,Houston,port,2022_01,2022,2022-01-01,18.229853714285714,14,640,S2_P005_Houston_2022_01.tif,S2,Prithvi-EO-2.0-300M,1024,1
384,P005,Houston,port,2022_02,2022,2022-02-01,22.359238444444443,9,640,S2_P005_Houston_2022_02.tif,S2,Prithvi-EO-2.0-300M,1024,1
385,P005,Houston,port,2022_03,2022,2022-03-01,23.46296382352941,17,640,S2_P005_Houston_2022_03.tif,S2,Prithvi-EO-2.0-300M,1024,1
386,P005,Houston,port,2022_04,2022,2022-04-01,22.588863399999997,15,640,S2_P005_Houston_2022_04.tif,S2,Prithvi-EO-2.0-300M,1024,1
387,P005,Houston,port,2022_05,2022,2022-05-01,26.370181100000003,20,640,S2_P005_Houston_2022_05.tif,S2,Prithvi-EO-2.0-300M,1024,1
388,P005,Houston,port,2022_06,2022,2022-06-01,30.979478466666663,15,640,S2_P005_Houston_2022_06.tif,S2,Prithvi-EO-2.0-300M,1024,1
389,P005,Houston,port,2022_07,2022,2022-07-01,28.8813557,20,640,S2_P005_Houston_2022_07.tif,S2,Prithvi-EO-2.0-300M,1024,1
390,P005,Houston,port,2022_08,2022,2022-08-01,38.90196100000001,11,640,S2_P005_Houston_2022_08.tif,S2,Prithvi-EO-2.0-300M,1024,1
391,P005,Houston,port,2022_09,2022,2022-09-01,15.272976421052634,19,640,S2_P005_Houston_2022_09.tif,S2,Prithvi-EO-2.0-300M,1024,1
392,P005,Houston,port,2022_10,2022,2022-10-01,9.470630294117647,17,640,S2_P005_Houston_2022_10.tif,S2,Prithvi-EO-2.0-300M,1024,1
393,P005,Houston,port,2022_11,2022,2022-11-01,30.766056125,8,640,S2_P005_Houston_2022_11.tif,S2,Prithvi-EO-2.0-300M,1024,1
394,P005,Houston,port,2022_12,2022,2022-12-01,28.1626467,10,640,S2_P005_Houston_2022_12.tif,S2,Prithvi-EO-2.0-300M,1024,1
395,P005,Houston,port,2023_01,2023,2023-01-01,10.771039454545456,11,640,S2_P005_Houston_2023_01.tif,S2,Prithvi-EO-2.0-300M,1024,1
396,P005,Houston,port,2023_02,2023,2023-02-01,28.36740683333333,6,640,S2_P005_Houston_2023_02.tif,S2,Prithvi-EO-2.0-300M,1024,1
397,P005,Houston,port,2023_03,2023,2023-03-01,26.049386714285713,7,640,S2_P005_Houston_2023_03.tif,S2,Prithvi-EO-2.0-300M,1024,1
398,P005,Houston,port,2023_04,2023,2023-04-01,22.07364185714286,7,640,S2_P005_Houston_2023_04.tif,S2,Prithvi-EO-2.0-300M,1024,1
399,P005,Houston,port,2023_05,2023,2023-05-01,27.859075,15,640,S2_P005_Houston_2023_05.tif,S2,Prithvi-EO-2.0-300M,1024,1
400,P005,Houston,port,2023_06,2023,2023-06-01,28.83129247826087,23,640,S2_P005_Houston_2023_06.tif,S2,Prithvi-EO-2.0-300M,1024,1
401,P005,Houston,port,2023_07,2023,2023-07-01,22.80875110526316,19,640,S2_P005_Houston_2023_07.tif,S2,Prithvi-EO-2.0-300M,1024,1
402,P005,Houston,port,2023_08,2023,2023-08-01,14.72714386956522,23,640,S2_P005_Houston_2023_08.tif,S2,Prithvi-EO-2.0-300M,1024,1
403,P005,Houston,port,2023_09,2023,2023-09-01,21.471015571428573,21,640,S2_P005_Houston_2023_09.tif,S2,Prithvi-EO-2.0-300M,1024,1
404,P005,Houston,port,2023_10,2023,2023-10-01,23.690144571428572,14,640,S2_P005_Houston_2023_10.tif,S2,Prithvi-EO-2.0-300M,1024,1
405,P005,Houston,port,2023_11,2023,2023-11-01,26.509940666666665,12,640,S2_P005_Houston_2023_11.tif,S2,Prithvi-EO-2.0-300M,1024,1
406,P005,Houston,port,2023_12,2023,2023-12-01,23.04946446153846,13,640,S2_P005_Houston_2023_12.tif,S2,Prithvi-EO-2.0-300M,1024,1
407,P005,Houston,port,2024_01,2024,2024-01-01,25.351179727272733,11,640,S2_P005_Houston_2024_01.tif,S2,Prithvi-EO-2.0-300M,1024,1
408,P005,Houston,port,2024_02,2024,2024-02-01,20.825222125,8,640,S2_P005_Houston_2024_02.tif,S2,Prithvi-EO-2.0-300M,1024,1
409,P005,Houston,port,2024_03,2024,2024-03-01,19.354049727272727,11,640,S2_P005_Houston_2024_03.tif,S2,Prithvi-EO-2.0-300M,1024,1
410,P005,Houston,port,2024_04,2024,2024-04-01,20.8802033,10,640,S2_P005_Houston_2024_04.tif,S2,Prithvi-EO-2.0-300M,1024,1
411,P005,Houston,port,2024_05,2024,2024-05-01,34.382435,9,640,S2_P005_Houston_2024_05.tif,S2,Prithvi-EO-2.0-300M,1024,1
412,P005,Houston,port,2024_06,2024,2024-06-01,35.2280995,18,640,S2_P005_Houston_2024_06.tif,S2,Prithvi-EO-2.0-300M,1024,1
413,P005,Houston,port,2024_07,2024,2024-07-01,30.782607428571428,14,640,S2_P005_Houston_2024_07.tif,S2,Prithvi-EO-2.0-300M,1024,1
414,P005,Houston,port,2024_08,2024,2024-08-01,30.807943411764708,17,640,S2_P005_Houston_2024_08.tif,S2,Prithvi-EO-2.0-300M,1024,1
415,P005,Houston,port,2024_09,2024,2024-09-01,19.501976944444444,18,640,S2_P005_Houston_2024_09.tif,S2,Prithvi-EO-2.0-300M,1024,1
416,P005,Houston,port,2024_10,2024,2024-10-01,10.66935063636364,22,640,S2_P005_Houston_2024_10.tif,S2,Prithvi-EO-2.0-300M,1024,1
417,P005,Houston,port,2024_11,2024,2024-11-01,8.212967454545455,11,640,S2_P005_Houston_2024_11.tif,S2,Prithvi-EO-2.0-300M,1024,1
418,P005,Houston,port,2024_12,2024,2024-12-01,8.757911428571427,14,640,S2_P005_Houston_2024_12.tif,S2,Prithvi-EO-2.0-300M,1024,1
419,P005,Houston,port,2025_01,2025,2025-01-01,4.1098765,4,640,S2_P005_Houston_2025_01.tif,S2,Prithvi-EO-2.0-300M,1024,1
420,P005,Houston,port,2025_02,2025,2025-02-01,25.59869416666667,12,640,S2_P005_Houston_2025_02.tif,S2,Prithvi-EO-2.0-300M,1024,1
421,P005,Houston,port,2025_03,2025,2025-03-01,11.081129933333331,15,640,S2_P005_Houston_2025_03.tif,S2,Prithvi-EO-2.0-300M,1024,1
422,P005,Houston,port,2025_04,2025,2025-04-01,26.1500485,18,640,S2_P005_Houston_2025_04.tif,S2,Prithvi-EO-2.0-300M,1024,1
423,P005,Houston,port,2025_05,2025,2025-05-01,31.645165352941177,17,640,S2_P005_Houston_2025_05.tif,S2,Prithvi-EO-2.0-300M,1024,1
424,P005,Houston,port,2025_06,2025,2025-06-01,38.48282054545455,22,640,S2_P005_Houston_2025_06.tif,S2,Prithvi-EO-2.0-300M,1024,1
425,P005,Houston,port,2025_07,2025,2025-07-01,33.490355650000005,20,640,S2_P005_Houston_2025_07.tif,S2,Prithvi-EO-2.0-300M,1024,1
426,P005,Houston,port,2025_08,2025,2025-08-01,34.392358782608696,23,640,S2_P005_Houston_2025_08.tif,S2,Prithvi-EO-2.0-300M,1024,1
427,P005,Houston,port,2025_09,2025,2025-09-01,27.037226083333337,24,640,S2_P005_Houston_2025_09.tif,S2,Prithvi-EO-2.0-300M,1024,1
428,P005,Houston,port,2025_10,2025,2025-10-01,14.562825137931036,29,640,S2_P005_Houston_2025_10.tif,S2,Prithvi-EO-2.0-300M,1024,1
429,P005,Houston,port,2025_11,2025,2025-11-01,24.225882045454547,22,640,S2_P005_Houston_2025_11.tif,S2,Prithvi-EO-2.0-300M,1024,1
430,P005,Houston,port,2025_12,2025,2025-12-01,17.740728187499997,16,640,S2_P005_Houston_2025_12.tif,S2,Prithvi-EO-2.0-300M,1024,1
431,P005,Houston,port,2026_01,2026,2026-01-01,14.78863035714286,14,640,S2_P005_Houston_2026_01.tif,S2,Prithvi-EO-2.0-300M,1024,1
432,P005,Houston,port,2026_02,2026,2026-02-01,11.017100999999997,15,640,S2_P005_Houston_2026_02.tif,S2,Prithvi-EO-2.0-300M,1024,1
433,P005,Houston,port,2026_03,2026,2026-03-01,19.156723052631577,19,640,S2_P005_Houston_2026_03.tif,S2,Prithvi-EO-2.0-300M,1024,1
434,P005,Houston,port,2026_04,2026,2026-04-01,17.21513566666667,3,640,S2_P005_Houston_2026_04.tif,S2,Prithvi-EO-2.0-300M,1024,1
435,P005,Houston,port,2026_05,2026,2026-05-01,22.888477833333333,18,640,S2_P005_Houston_2026_05.tif,S2,Prithvi-EO-2.0-300M,1024,1
436,P005,Houston,port,2026_06,2026,2026-06-01,47.292606727272734,11,640,S2_P005_Houston_2026_06.tif,S2,Prithvi-EO-2.0-300M,1024,1
437,P006,NingboZhoushan,port,2019_01,2019,2019-01-01,44.81185,2,640,S2_P006_NingboZhoushan_2019_01.tif,S2,Prithvi-EO-2.0-300M,1024,1
438,P006,NingboZhoushan,port,2019_03,2019,2019-03-01,0.33615375,4,640,S2_P006_NingboZhoushan_2019_03.tif,S2,Prithvi-EO-2.0-300M,1024,1
439,P006,NingboZhoushan,port,2019_04,2019,2019-04-01,30.3439,4,640,S2_P006_NingboZhoushan_2019_04.tif,S2,Prithvi-EO-2.0-300M,1024,1
440,P006,NingboZhoushan,port,2019_05,2019,2019-05-01,21.329777333333332,3,640,S2_P006_NingboZhoushan_2019_05.tif,S2,Prithvi-EO-2.0-300M,1024,1
441,P006,NingboZhoushan,port,2019_06,2019,2019-06-01,10.473199333333334,3,640,S2_P006_NingboZhoushan_2019_06.tif,S2,Prithvi-EO-2.0-300M,1024,1
442,P006,NingboZhoushan,port,2019_07,2019,2019-07-01,23.81757875,4,640,S2_P006_NingboZhoushan_2019_07.tif,S2,Prithvi-EO-2.0-300M,1024,1
443,P006,NingboZhoushan,port,2019_08,2019,2019-08-01,27.362464166666665,6,640,S2_P006_NingboZhoushan_2019_08.tif,S2,Prithvi-EO-2.0-300M,1024,1
444,P006,NingboZhoushan,port,2019_09,2019,2019-09-01,22.2698125,8,640,S2_P006_NingboZhoushan_2019_09.tif,S2,Prithvi-EO-2.0-300M,1024,1
445,P006,NingboZhoushan,port,2019_10,2019,2019-10-01,27.9248475,4,640,S2_P006_NingboZhoushan_2019_10.tif,S2,Prithvi-EO-2.0-300M,1024,1
446,P006,NingboZhoushan,port,2019_11,2019,2019-11-01,35.351629200000005,5,640,S2_P006_NingboZhoushan_2019_11.tif,S2,Prithvi-EO-2.0-300M,1024,1
447,P006,NingboZhoushan,port,2019_12,2019,2019-12-01,28.843086375,8,640,S2_P006_NingboZhoushan_2019_12.tif,S2,Prithvi-EO-2.0-300M,1024,1
448,P006,NingboZhoushan,port,2020_01,2020,2020-01-01,9.876125666666669,6,640,S2_P006_NingboZhoushan_2020_01.tif,S2,Prithvi-EO-2.0-300M,1024,1
449,P006,NingboZhoushan,port,2020_02,2020,2020-02-01,12.052215875000002,8,640,S2_P006_NingboZhoushan_2020_02.tif,S2,Prithvi-EO-2.0-300M,1024,1
450,P006,NingboZhoushan,port,2020_03,2020,2020-03-01,12.947956,8,640,S2_P006_NingboZhoushan_2020_03.tif,S2,Prithvi-EO-2.0-300M,1024,1
451,P006,NingboZhoushan,port,2020_04,2020,2020-04-01,26.383182714285716,7,640,S2_P006_NingboZhoushan_2020_04.tif,S2,Prithvi-EO-2.0-300M,1024,1
452,P006,NingboZhoushan,port,2020_05,2020,2020-05-01,55.750393,2,640,S2_P006_NingboZhoushan_2020_05.tif,S2,Prithvi-EO-2.0-300M,1024,1
453,P006,NingboZhoushan,port,2020_06,2020,2020-06-01,49.361561,1,640,S2_P006_NingboZhoushan_2020_06.tif,S2,Prithvi-EO-2.0-300M,1024,1
454,P006,NingboZhoushan,port,2020_07,2020,2020-07-01,33.079651999999996,2,640,S2_P006_NingboZhoushan_2020_07.tif,S2,Prithvi-EO-2.0-300M,1024,1
455,P006,NingboZhoushan,port,2020_08,2020,2020-08-01,23.448478,10,640,S2_P006_NingboZhoushan_2020_08.tif,S2,Prithvi-EO-2.0-300M,1024,1
456,P006,NingboZhoushan,port,2020_09,2020,2020-09-01,21.8716785,4,640,S2_P006_NingboZhoushan_2020_09.tif,S2,Prithvi-EO-2.0-300M,1024,1
457,P006,NingboZhoushan,port,2020_10,2020,2020-10-01,39.55256083333333,6,640,S2_P006_NingboZhoushan_2020_10.tif,S2,Prithvi-EO-2.0-300M,1024,1
458,P006,NingboZhoushan,port,2020_11,2020,2020-11-01,25.8140002,5,640,S2_P006_NingboZhoushan_2020_11.tif,S2,Prithvi-EO-2.0-300M,1024,1
459,P006,NingboZhoushan,port,2020_12,2020,2020-12-01,21.756798,7,640,S2_P006_NingboZhoushan_2020_12.tif,S2,Prithvi-EO-2.0-300M,1024,1
460,P006,NingboZhoushan,port,2021_01,2021,2021-01-01,16.454690375000002,8,640,S2_P006_NingboZhoushan_2021_01.tif,S2,Prithvi-EO-2.0-300M,1024,1
461,P006,NingboZhoushan,port,2021_02,2021,2021-02-01,32.98387,6,640,S2_P006_NingboZhoushan_2021_02.tif,S2,Prithvi-EO-2.0-300M,1024,1
462,P006,NingboZhoushan,port,2021_03,2021,2021-03-01,38.4449525,2,640,S2_P006_NingboZhoushan_2021_03.tif,S2,Prithvi-EO-2.0-300M,1024,1
463,P006,NingboZhoushan,port,2021_04,2021,2021-04-01,17.395674111111113,9,640,S2_P006_NingboZhoushan_2021_04.tif,S2,Prithvi-EO-2.0-300M,1024,1
464,P006,NingboZhoushan,port,2021_05,2021,2021-05-01,21.7998395,6,640,S2_P006_NingboZhoushan_2021_05.tif,S2,Prithvi-EO-2.0-300M,1024,1
465,P006,NingboZhoushan,port,2021_06,2021,2021-06-01,58.735418,1,640,S2_P006_NingboZhoushan_2021_06.tif,S2,Prithvi-EO-2.0-300M,1024,1
466,P006,NingboZhoushan,port,2021_07,2021,2021-07-01,34.3976252,5,640,S2_P006_NingboZhoushan_2021_07.tif,S2,Prithvi-EO-2.0-300M,1024,1
467,P006,NingboZhoushan,port,2021_08,2021,2021-08-01,19.1125746,5,640,S2_P006_NingboZhoushan_2021_08.tif,S2,Prithvi-EO-2.0-300M,1024,1
468,P006,NingboZhoushan,port,2021_09,2021,2021-09-01,7.400531833333333,6,640,S2_P006_NingboZhoushan_2021_09.tif,S2,Prithvi-EO-2.0-300M,1024,1
469,P006,NingboZhoushan,port,2021_10,2021,2021-10-01,32.126179666666665,3,640,S2_P006_NingboZhoushan_2021_10.tif,S2,Prithvi-EO-2.0-300M,1024,1
470,P006,NingboZhoushan,port,2021_11,2021,2021-11-01,11.3913192,5,640,S2_P006_NingboZhoushan_2021_11.tif,S2,Prithvi-EO-2.0-300M,1024,1
471,P006,NingboZhoushan,port,2021_12,2021,2021-12-01,12.103422749999998,8,640,S2_P006_NingboZhoushan_2021_12.tif,S2,Prithvi-EO-2.0-300M,1024,1
472,P006,NingboZhoushan,port,2022_01,2022,2022-01-01,18.641051333333333,3,640,S2_P006_NingboZhoushan_2022_01.tif,S2,Prithvi-EO-2.0-300M,1024,1
473,P006,NingboZhoushan,port,2022_02,2022,2022-02-01,28.041913000000005,6,640,S2_P006_NingboZhoushan_2022_02.tif,S2,Prithvi-EO-2.0-300M,1024,1
474,P006,NingboZhoushan,port,2022_03,2022,2022-03-01,3.154278,2,640,S2_P006_NingboZhoushan_2022_03.tif,S2,Prithvi-EO-2.0-300M,1024,1
475,P006,NingboZhoushan,port,2022_04,2022,2022-04-01,18.083942,2,640,S2_P006_NingboZhoushan_2022_04.tif,S2,Prithvi-EO-2.0-300M,1024,1
476,P006,NingboZhoushan,port,2022_05,2022,2022-05-01,20.717760333333334,3,640,S2_P006_NingboZhoushan_2022_05.tif,S2,Prithvi-EO-2.0-300M,1024,1
477,P006,NingboZhoushan,port,2022_06,2022,2022-06-01,21.14101975,4,640,S2_P006_NingboZhoushan_2022_06.tif,S2,Prithvi-EO-2.0-300M,1024,1
478,P006,NingboZhoushan,port,2022_07,2022,2022-07-01,27.736957571428572,7,640,S2_P006_NingboZhoushan_2022_07.tif,S2,Prithvi-EO-2.0-300M,1024,1
479,P006,NingboZhoushan,port,2022_08,2022,2022-08-01,19.7927777,10,640,S2_P006_NingboZhoushan_2022_08.tif,S2,Prithvi-EO-2.0-300M,1024,1
480,P006,NingboZhoushan,port,2022_09,2022,2022-09-01,37.05334259999999,5,640,S2_P006_NingboZhoushan_2022_09.tif,S2,Prithvi-EO-2.0-300M,1024,1
481,P006,NingboZhoushan,port,2022_10,2022,2022-10-01,16.303952,3,640,S2_P006_NingboZhoushan_2022_10.tif,S2,Prithvi-EO-2.0-300M,1024,1
482,P006,NingboZhoushan,port,2022_11,2022,2022-11-01,6.20061175,4,640,S2_P006_NingboZhoushan_2022_11.tif,S2,Prithvi-EO-2.0-300M,1024,1
483,P006,NingboZhoushan,port,2022_12,2022,2022-12-01,20.133573375,8,640,S2_P006_NingboZhoushan_2022_12.tif,S2,Prithvi-EO-2.0-300M,1024,1
484,P006,NingboZhoushan,port,2023_01,2023,2023-01-01,7.899154166666668,6,640,S2_P006_NingboZhoushan_2023_01.tif,S2,Prithvi-EO-2.0-300M,1024,1
485,P006,NingboZhoushan,port,2023_03,2023,2023-03-01,9.972677666666668,3,640,S2_P006_NingboZhoushan_2023_03.tif,S2,Prithvi-EO-2.0-300M,1024,1
486,P006,NingboZhoushan,port,2023_04,2023,2023-04-01,14.0510065,4,640,S2_P006_NingboZhoushan_2023_04.tif,S2,Prithvi-EO-2.0-300M,1024,1
487,P006,NingboZhoushan,port,2023_05,2023,2023-05-01,20.976333833333335,6,640,S2_P006_NingboZhoushan_2023_05.tif,S2,Prithvi-EO-2.0-300M,1024,1
488,P006,NingboZhoushan,port,2023_06,2023,2023-06-01,41.166946,4,640,S2_P006_NingboZhoushan_2023_06.tif,S2,Prithvi-EO-2.0-300M,1024,1
489,P006,NingboZhoushan,port,2023_08,2023,2023-08-01,40.514402375,8,640,S2_P006_NingboZhoushan_2023_08.tif,S2,Prithvi-EO-2.0-300M,1024,1
490,P006,NingboZhoushan,port,2023_09,2023,2023-09-01,15.686916833333337,6,640,S2_P006_NingboZhoushan_2023_09.tif,S2,Prithvi-EO-2.0-300M,1024,1
491,P006,NingboZhoushan,port,2023_10,2023,2023-10-01,27.511891285714285,7,640,S2_P006_NingboZhoushan_2023_10.tif,S2,Prithvi-EO-2.0-300M,1024,1
492,P006,NingboZhoushan,port,2023_11,2023,2023-11-01,0.6385586666666667,6,640,S2_P006_NingboZhoushan_2023_11.tif,S2,Prithvi-EO-2.0-300M,1024,1
493,P006,NingboZhoushan,port,2023_12,2023,2023-12-01,23.831820777777786,9,640,S2_P006_NingboZhoushan_2023_12.tif,S2,Prithvi-EO-2.0-300M,1024,1
494,P006,NingboZhoushan,port,2024_01,2024,2024-01-01,50.25940675,4,640,S2_P006_NingboZhoushan_2024_01.tif,S2,Prithvi-EO-2.0-300M,1024,1
495,P006,NingboZhoushan,port,2024_02,2024,2024-02-01,2.5649828333333335,6,640,S2_P006_NingboZhoushan_2024_02.tif,S2,Prithvi-EO-2.0-300M,1024,1
496,P006,NingboZhoushan,port,2024_03,2024,2024-03-01,1.29002725,4,640,S2_P006_NingboZhoushan_2024_03.tif,S2,Prithvi-EO-2.0-300M,1024,1
497,P006,NingboZhoushan,port,2024_04,2024,2024-04-01,13.734542,3,640,S2_P006_NingboZhoushan_2024_04.tif,S2,Prithvi-EO-2.0-300M,1024,1
498,P006,NingboZhoushan,port,2024_05,2024,2024-05-01,31.8313312,5,640,S2_P006_NingboZhoushan_2024_05.tif,S2,Prithvi-EO-2.0-300M,1024,1
499,P006,NingboZhoushan,port,2024_06,2024,2024-06-01,35.4921528,5,640,S2_P006_NingboZhoushan_2024_06.tif,S2,Prithvi-EO-2.0-300M,1024,1
500,P006,NingboZhoushan,port,2024_07,2024,2024-07-01,23.406960250000004,8,640,S2_P006_NingboZhoushan_2024_07.tif,S2,Prithvi-EO-2.0-300M,1024,1
501,P006,NingboZhoushan,port,2024_08,2024,2024-08-01,16.158827,10,640,S2_P006_NingboZhoushan_2024_08.tif,S2,Prithvi-EO-2.0-300M,1024,1
502,P006,NingboZhoushan,port,2024_09,2024,2024-09-01,22.874973,4,640,S2_P006_NingboZhoushan_2024_09.tif,S2,Prithvi-EO-2.0-300M,1024,1
503,P006,NingboZhoushan,port,2024_10,2024,2024-10-01,25.697557,3,640,S2_P006_NingboZhoushan_2024_10.tif,S2,Prithvi-EO-2.0-300M,1024,1
504,P006,NingboZhoushan,port,2024_11,2024,2024-11-01,26.88095975,4,640,S2_P006_NingboZhoushan_2024_11.tif,S2,Prithvi-EO-2.0-300M,1024,1
505,P006,NingboZhoushan,port,2024_12,2024,2024-12-01,5.749816125000001,8,640,S2_P006_NingboZhoushan_2024_12.tif,S2,Prithvi-EO-2.0-300M,1024,1
506,P006,NingboZhoushan,port,2025_01,2025,2025-01-01,9.82369288888889,9,640,S2_P006_NingboZhoushan_2025_01.tif,S2,Prithvi-EO-2.0-300M,1024,1
507,P006,NingboZhoushan,port,2025_02,2025,2025-02-01,10.918877166666666,6,640,S2_P006_NingboZhoushan_2025_02.tif,S2,Prithvi-EO-2.0-300M,1024,1
508,P006,NingboZhoushan,port,2025_03,2025,2025-03-01,6.8612135,4,640,S2_P006_NingboZhoushan_2025_03.tif,S2,Prithvi-EO-2.0-300M,1024,1
509,P006,NingboZhoushan,port,2025_04,2025,2025-04-01,26.764009166666668,6,640,S2_P006_NingboZhoushan_2025_04.tif,S2,Prithvi-EO-2.0-300M,1024,1
510,P006,NingboZhoushan,port,2025_05,2025,2025-05-01,30.260014749999996,4,640,S2_P006_NingboZhoushan_2025_05.tif,S2,Prithvi-EO-2.0-300M,1024,1
511,P006,NingboZhoushan,port,2025_06,2025,2025-06-01,18.268729333333333,3,640,S2_P006_NingboZhoushan_2025_06.tif,S2,Prithvi-EO-2.0-300M,1024,1
512,P006,NingboZhoushan,port,2025_07,2025,2025-07-01,28.07209075,8,640,S2_P006_NingboZhoushan_2025_07.tif,S2,Prithvi-EO-2.0-300M,1024,1
513,P006,NingboZhoushan,port,2025_08,2025,2025-08-01,23.82901891666667,12,640,S2_P006_NingboZhoushan_2025_08.tif,S2,Prithvi-EO-2.0-300M,1024,1
514,P006,NingboZhoushan,port,2025_09,2025,2025-09-01,11.174311,12,640,S2_P006_NingboZhoushan_2025_09.tif,S2,Prithvi-EO-2.0-300M,1024,1
515,P006,NingboZhoushan,port,2025_10,2025,2025-10-01,11.454938,7,640,S2_P006_NingboZhoushan_2025_10.tif,S2,Prithvi-EO-2.0-300M,1024,1
516,P006,NingboZhoushan,port,2025_11,2025,2025-11-01,19.322750999999993,10,640,S2_P006_NingboZhoushan_2025_11.tif,S2,Prithvi-EO-2.0-300M,1024,1
517,P006,NingboZhoushan,port,2025_12,2025,2025-12-01,20.666646571428572,7,640,S2_P006_NingboZhoushan_2025_12.tif,S2,Prithvi-EO-2.0-300M,1024,1
518,P006,NingboZhoushan,port,2026_01,2026,2026-01-01,10.926348999999998,8,640,S2_P006_NingboZhoushan_2026_01.tif,S2,Prithvi-EO-2.0-300M,1024,1
519,P006,NingboZhoushan,port,2026_02,2026,2026-02-01,16.054229399999997,10,640,S2_P006_NingboZhoushan_2026_02.tif,S2,Prithvi-EO-2.0-300M,1024,1
520,P006,NingboZhoushan,port,2026_03,2026,2026-03-01,21.344014571428573,7,640,S2_P006_NingboZhoushan_2026_03.tif,S2,Prithvi-EO-2.0-300M,1024,1
521,P006,NingboZhoushan,port,2026_04,2026,2026-04-01,28.684708428571433,7,640,S2_P006_NingboZhoushan_2026_04.tif,S2,Prithvi-EO-2.0-300M,1024,1
522,P006,NingboZhoushan,port,2026_05,2026,2026-05-01,10.212564333333331,6,640,S2_P006_NingboZhoushan_2026_05.tif,S2,Prithvi-EO-2.0-300M,1024,1
523,P007,Jamnagar,refinery,2019_01,2019,2019-01-01,14.139879142857142,7,512,S2_P007_Jamnagar_2019_01.tif,S2,Prithvi-EO-2.0-300M,1024,1
524,P007,Jamnagar,refinery,2019_02,2019,2019-02-01,1.0098334000000002,5,512,S2_P007_Jamnagar_2019_02.tif,S2,Prithvi-EO-2.0-300M,1024,1
525,P007,Jamnagar,refinery,2019_03,2019,2019-03-01,3.8607181666666666,6,512,S2_P007_Jamnagar_2019_03.tif,S2,Prithvi-EO-2.0-300M,1024,1
526,P007,Jamnagar,refinery,2019_04,2019,2019-04-01,5.998763999999999,6,512,S2_P007_Jamnagar_2019_04.tif,S2,Prithvi-EO-2.0-300M,1024,1
527,P007,Jamnagar,refinery,2019_05,2019,2019-05-01,2.9988346666666668,6,512,S2_P007_Jamnagar_2019_05.tif,S2,Prithvi-EO-2.0-300M,1024,1
528,P007,Jamnagar,refinery,2019_06,2019,2019-06-01,34.2656652,5,512,S2_P007_Jamnagar_2019_06.tif,S2,Prithvi-EO-2.0-300M,1024,1
529,P007,Jamnagar,refinery,2019_07,2019,2019-07-01,28.627562,1,512,S2_P007_Jamnagar_2019_07.tif,S2,Prithvi-EO-2.0-300M,1024,1
530,P007,Jamnagar,refinery,2019_08,2019,2019-08-01,30.9590015,2,512,S2_P007_Jamnagar_2019_08.tif,S2,Prithvi-EO-2.0-300M,1024,1
531,P007,Jamnagar,refinery,2019_09,2019,2019-09-01,40.823151499999994,2,512,S2_P007_Jamnagar_2019_09.tif,S2,Prithvi-EO-2.0-300M,1024,1
532,P007,Jamnagar,refinery,2019_10,2019,2019-10-01,11.563925,5,512,S2_P007_Jamnagar_2019_10.tif,S2,Prithvi-EO-2.0-300M,1024,1
533,P007,Jamnagar,refinery,2019_11,2019,2019-11-01,0.879493,4,512,S2_P007_Jamnagar_2019_11.tif,S2,Prithvi-EO-2.0-300M,1024,1
534,P007,Jamnagar,refinery,2019_12,2019,2019-12-01,10.672214,6,512,S2_P007_Jamnagar_2019_12.tif,S2,Prithvi-EO-2.0-300M,1024,1
535,P007,Jamnagar,refinery,2020_01,2020,2020-01-01,8.055364142857142,7,512,S2_P007_Jamnagar_2020_01.tif,S2,Prithvi-EO-2.0-300M,1024,1
536,P007,Jamnagar,refinery,2020_02,2020,2020-02-01,9.596798799999998,5,512,S2_P007_Jamnagar_2020_02.tif,S2,Prithvi-EO-2.0-300M,1024,1
537,P007,Jamnagar,refinery,2020_03,2020,2020-03-01,5.219098333333334,6,512,S2_P007_Jamnagar_2020_03.tif,S2,Prithvi-EO-2.0-300M,1024,1
538,P007,Jamnagar,refinery,2020_04,2020,2020-04-01,3.176082333333333,6,512,S2_P007_Jamnagar_2020_04.tif,S2,Prithvi-EO-2.0-300M,1024,1
539,P007,Jamnagar,refinery,2020_05,2020,2020-05-01,5.4823035,6,512,S2_P007_Jamnagar_2020_05.tif,S2,Prithvi-EO-2.0-300M,1024,1
540,P007,Jamnagar,refinery,2020_06,2020,2020-06-01,33.88173,4,512,S2_P007_Jamnagar_2020_06.tif,S2,Prithvi-EO-2.0-300M,1024,1
541,P007,Jamnagar,refinery,2020_07,2020,2020-07-01,46.6316225,2,512,S2_P007_Jamnagar_2020_07.tif,S2,Prithvi-EO-2.0-300M,1024,1
542,P007,Jamnagar,refinery,2020_08,2020,2020-08-01,29.647798,1,512,S2_P007_Jamnagar_2020_08.tif,S2,Prithvi-EO-2.0-300M,1024,1
543,P007,Jamnagar,refinery,2020_09,2020,2020-09-01,36.9894272,5,512,S2_P007_Jamnagar_2020_09.tif,S2,Prithvi-EO-2.0-300M,1024,1
544,P007,Jamnagar,refinery,2020_10,2020,2020-10-01,10.2343944,5,512,S2_P007_Jamnagar_2020_10.tif,S2,Prithvi-EO-2.0-300M,1024,1
545,P007,Jamnagar,refinery,2020_11,2020,2020-11-01,0.1109129999999999,6,512,S2_P007_Jamnagar_2020_11.tif,S2,Prithvi-EO-2.0-300M,1024,1
546,P007,Jamnagar,refinery,2020_12,2020,2020-12-01,4.045769,7,512,S2_P007_Jamnagar_2020_12.tif,S2,Prithvi-EO-2.0-300M,1024,1
547,P007,Jamnagar,refinery,2021_01,2021,2021-01-01,1.5029766666666668,6,512,S2_P007_Jamnagar_2021_01.tif,S2,Prithvi-EO-2.0-300M,1024,1
548,P007,Jamnagar,refinery,2021_02,2021,2021-02-01,7.702105,5,512,S2_P007_Jamnagar_2021_02.tif,S2,Prithvi-EO-2.0-300M,1024,1
549,P007,Jamnagar,refinery,2021_03,2021,2021-03-01,0.1085767142857142,7,512,S2_P007_Jamnagar_2021_03.tif,S2,Prithvi-EO-2.0-300M,1024,1
550,P007,Jamnagar,refinery,2021_04,2021,2021-04-01,7.4412182,5,512,S2_P007_Jamnagar_2021_04.tif,S2,Prithvi-EO-2.0-300M,1024,1
551,P007,Jamnagar,refinery,2021_05,2021,2021-05-01,7.5859702,5,512,S2_P007_Jamnagar_2021_05.tif,S2,Prithvi-EO-2.0-300M,1024,1
552,P007,Jamnagar,refinery,2021_06,2021,2021-06-01,25.8083708,5,512,S2_P007_Jamnagar_2021_06.tif,S2,Prithvi-EO-2.0-300M,1024,1
553,P007,Jamnagar,refinery,2021_07,2021,2021-07-01,16.310135,1,512,S2_P007_Jamnagar_2021_07.tif,S2,Prithvi-EO-2.0-300M,1024,1
554,P007,Jamnagar,refinery,2021_08,2021,2021-08-01,49.28042366666667,3,512,S2_P007_Jamnagar_2021_08.tif,S2,Prithvi-EO-2.0-300M,1024,1
555,P007,Jamnagar,refinery,2021_09,2021,2021-09-01,49.862675,1,512,S2_P007_Jamnagar_2021_09.tif,S2,Prithvi-EO-2.0-300M,1024,1
556,P007,Jamnagar,refinery,2021_10,2021,2021-10-01,16.4162675,6,512,S2_P007_Jamnagar_2021_10.tif,S2,Prithvi-EO-2.0-300M,1024,1
557,P007,Jamnagar,refinery,2021_11,2021,2021-11-01,4.490755,5,512,S2_P007_Jamnagar_2021_11.tif,S2,Prithvi-EO-2.0-300M,1024,1
558,P007,Jamnagar,refinery,2021_12,2021,2021-12-01,1.011176,5,512,S2_P007_Jamnagar_2021_12.tif,S2,Prithvi-EO-2.0-300M,1024,1
559,P007,Jamnagar,refinery,2022_01,2022,2022-01-01,2.5246611999999997,5,512,S2_P007_Jamnagar_2022_01.tif,S2,Prithvi-EO-2.0-300M,1024,1
560,P007,Jamnagar,refinery,2022_02,2022,2022-02-01,1.3823708,5,512,S2_P007_Jamnagar_2022_02.tif,S2,Prithvi-EO-2.0-300M,1024,1
561,P007,Jamnagar,refinery,2022_03,2022,2022-03-01,0.5216774285714286,7,512,S2_P007_Jamnagar_2022_03.tif,S2,Prithvi-EO-2.0-300M,1024,1
562,P007,Jamnagar,refinery,2022_04,2022,2022-04-01,4.862452599999999,5,512,S2_P007_Jamnagar_2022_04.tif,S2,Prithvi-EO-2.0-300M,1024,1
563,P007,Jamnagar,refinery,2022_05,2022,2022-05-01,13.2492525,6,512,S2_P007_Jamnagar_2022_05.tif,S2,Prithvi-EO-2.0-300M,1024,1
564,P007,Jamnagar,refinery,2022_06,2022,2022-06-01,30.075583600000005,5,512,S2_P007_Jamnagar_2022_06.tif,S2,Prithvi-EO-2.0-300M,1024,1
565,P007,Jamnagar,refinery,2022_08,2022,2022-08-01,30.861208,1,512,S2_P007_Jamnagar_2022_08.tif,S2,Prithvi-EO-2.0-300M,1024,1
566,P007,Jamnagar,refinery,2022_09,2022,2022-09-01,32.36139466666666,3,512,S2_P007_Jamnagar_2022_09.tif,S2,Prithvi-EO-2.0-300M,1024,1
567,P007,Jamnagar,refinery,2022_10,2022,2022-10-01,16.674250500000003,6,512,S2_P007_Jamnagar_2022_10.tif,S2,Prithvi-EO-2.0-300M,1024,1
568,P007,Jamnagar,refinery,2022_11,2022,2022-11-01,0.0313822,5,512,S2_P007_Jamnagar_2022_11.tif,S2,Prithvi-EO-2.0-300M,1024,1
569,P007,Jamnagar,refinery,2022_12,2022,2022-12-01,7.567582714285715,7,512,S2_P007_Jamnagar_2022_12.tif,S2,Prithvi-EO-2.0-300M,1024,1
570,P007,Jamnagar,refinery,2023_01,2023,2023-01-01,1.909737166666667,6,512,S2_P007_Jamnagar_2023_01.tif,S2,Prithvi-EO-2.0-300M,1024,1
571,P007,Jamnagar,refinery,2023_02,2023,2023-02-01,3.6456472,5,512,S2_P007_Jamnagar_2023_02.tif,S2,Prithvi-EO-2.0-300M,1024,1
572,P007,Jamnagar,refinery,2023_03,2023,2023-03-01,7.975399428571429,7,512,S2_P007_Jamnagar_2023_03.tif,S2,Prithvi-EO-2.0-300M,1024,1
573,P007,Jamnagar,refinery,2023_04,2023,2023-04-01,12.226653,4,512,S2_P007_Jamnagar_2023_04.tif,S2,Prithvi-EO-2.0-300M,1024,1
574,P007,Jamnagar,refinery,2023_05,2023,2023-05-01,13.226676,6,512,S2_P007_Jamnagar_2023_05.tif,S2,Prithvi-EO-2.0-300M,1024,1
575,P007,Jamnagar,refinery,2023_06,2023,2023-06-01,3.4120025,2,512,S2_P007_Jamnagar_2023_06.tif,S2,Prithvi-EO-2.0-300M,1024,1
576,P007,Jamnagar,refinery,2023_08,2023,2023-08-01,49.958724,1,512,S2_P007_Jamnagar_2023_08.tif,S2,Prithvi-EO-2.0-300M,1024,1
577,P007,Jamnagar,refinery,2023_09,2023,2023-09-01,34.644858,4,512,S2_P007_Jamnagar_2023_09.tif,S2,Prithvi-EO-2.0-300M,1024,1
578,P007,Jamnagar,refinery,2023_10,2023,2023-10-01,9.591599,6,512,S2_P007_Jamnagar_2023_10.tif,S2,Prithvi-EO-2.0-300M,1024,1
579,P007,Jamnagar,refinery,2023_11,2023,2023-11-01,15.161575,5,512,S2_P007_Jamnagar_2023_11.tif,S2,Prithvi-EO-2.0-300M,1024,1
580,P007,Jamnagar,refinery,2023_12,2023,2023-12-01,5.25489725,4,512,S2_P007_Jamnagar_2023_12.tif,S2,Prithvi-EO-2.0-300M,1024,1
581,P007,Jamnagar,refinery,2024_01,2024,2024-01-01,0.8661292500000001,4,512,S2_P007_Jamnagar_2024_01.tif,S2,Prithvi-EO-2.0-300M,1024,1
582,P007,Jamnagar,refinery,2024_02,2024,2024-02-01,2.5006636666666666,6,512,S2_P007_Jamnagar_2024_02.tif,S2,Prithvi-EO-2.0-300M,1024,1
583,P007,Jamnagar,refinery,2024_03,2024,2024-03-01,5.682895666666667,6,512,S2_P007_Jamnagar_2024_03.tif,S2,Prithvi-EO-2.0-300M,1024,1
584,P007,Jamnagar,refinery,2024_04,2024,2024-04-01,6.495827,5,512,S2_P007_Jamnagar_2024_04.tif,S2,Prithvi-EO-2.0-300M,1024,1
585,P007,Jamnagar,refinery,2024_05,2024,2024-05-01,14.866711,6,512,S2_P007_Jamnagar_2024_05.tif,S2,Prithvi-EO-2.0-300M,1024,1
586,P007,Jamnagar,refinery,2024_06,2024,2024-06-01,32.452082499999996,4,512,S2_P007_Jamnagar_2024_06.tif,S2,Prithvi-EO-2.0-300M,1024,1
587,P007,Jamnagar,refinery,2024_08,2024,2024-08-01,39.781633,1,512,S2_P007_Jamnagar_2024_08.tif,S2,Prithvi-EO-2.0-300M,1024,1
588,P007,Jamnagar,refinery,2024_09,2024,2024-09-01,26.617697333333336,3,512,S2_P007_Jamnagar_2024_09.tif,S2,Prithvi-EO-2.0-300M,1024,1
589,P007,Jamnagar,refinery,2024_10,2024,2024-10-01,13.89671425,4,512,S2_P007_Jamnagar_2024_10.tif,S2,Prithvi-EO-2.0-300M,1024,1
590,P007,Jamnagar,refinery,2024_11,2024,2024-11-01,0.0285918333333333,6,512,S2_P007_Jamnagar_2024_11.tif,S2,Prithvi-EO-2.0-300M,1024,1
591,P007,Jamnagar,refinery,2024_12,2024,2024-12-01,9.723083857142855,7,512,S2_P007_Jamnagar_2024_12.tif,S2,Prithvi-EO-2.0-300M,1024,1
592,P007,Jamnagar,refinery,2025_01,2025,2025-01-01,0.0175981666666666,6,512,S2_P007_Jamnagar_2025_01.tif,S2,Prithvi-EO-2.0-300M,1024,1
593,P007,Jamnagar,refinery,2025_02,2025,2025-02-01,15.5641912,5,512,S2_P007_Jamnagar_2025_02.tif,S2,Prithvi-EO-2.0-300M,1024,1
594,P007,Jamnagar,refinery,2025_03,2025,2025-03-01,1.024391857142857,7,512,S2_P007_Jamnagar_2025_03.tif,S2,Prithvi-EO-2.0-300M,1024,1
595,P007,Jamnagar,refinery,2025_04,2025,2025-04-01,0.129788,7,512,S2_P007_Jamnagar_2025_04.tif,S2,Prithvi-EO-2.0-300M,1024,1
596,P007,Jamnagar,refinery,2025_05,2025,2025-05-01,24.591343285714288,7,512,S2_P007_Jamnagar_2025_05.tif,S2,Prithvi-EO-2.0-300M,1024,1
597,P007,Jamnagar,refinery,2025_06,2025,2025-06-01,31.278488,2,512,S2_P007_Jamnagar_2025_06.tif,S2,Prithvi-EO-2.0-300M,1024,1
598,P007,Jamnagar,refinery,2025_08,2025,2025-08-01,54.106194,1,512,S2_P007_Jamnagar_2025_08.tif,S2,Prithvi-EO-2.0-300M,1024,1
599,P007,Jamnagar,refinery,2025_09,2025,2025-09-01,39.0630185,2,512,S2_P007_Jamnagar_2025_09.tif,S2,Prithvi-EO-2.0-300M,1024,1
600,P007,Jamnagar,refinery,2025_10,2025,2025-10-01,9.5921508,5,512,S2_P007_Jamnagar_2025_10.tif,S2,Prithvi-EO-2.0-300M,1024,1
601,P007,Jamnagar,refinery,2025_11,2025,2025-11-01,1.693597,7,512,S2_P007_Jamnagar_2025_11.tif,S2,Prithvi-EO-2.0-300M,1024,1
602,P007,Jamnagar,refinery,2025_12,2025,2025-12-01,0.45129,7,512,S2_P007_Jamnagar_2025_12.tif,S2,Prithvi-EO-2.0-300M,1024,1
603,P007,Jamnagar,refinery,2026_01,2026,2026-01-01,15.461645999999998,8,512,S2_P007_Jamnagar_2026_01.tif,S2,Prithvi-EO-2.0-300M,1024,1
604,P007,Jamnagar,refinery,2026_02,2026,2026-02-01,0.6455586666666667,6,512,S2_P007_Jamnagar_2026_02.tif,S2,Prithvi-EO-2.0-300M,1024,1
605,P007,Jamnagar,refinery,2026_03,2026,2026-03-01,9.883110166666668,6,512,S2_P007_Jamnagar_2026_03.tif,S2,Prithvi-EO-2.0-300M,1024,1
606,P007,Jamnagar,refinery,2026_04,2026,2026-04-01,7.345651875000001,8,512,S2_P007_Jamnagar_2026_04.tif,S2,Prithvi-EO-2.0-300M,1024,1
607,P007,Jamnagar,refinery,2026_05,2026,2026-05-01,14.03269657142857,7,512,S2_P007_Jamnagar_2026_05.tif,S2,Prithvi-EO-2.0-300M,1024,1
608,P007,Jamnagar,refinery,2026_06,2026,2026-06-01,33.833004499999994,6,512,S2_P007_Jamnagar_2026_06.tif,S2,Prithvi-EO-2.0-300M,1024,1
609,P008,Basra,terminal,2019_02,2019,2019-02-01,26.621114,4,160,S2_P008_Basra_2019_02.tif,S2,Prithvi-EO-2.0-300M,1024,1
610,P008,Basra,terminal,2019_03,2019,2019-03-01,11.187134,4,160,S2_P008_Basra_2019_03.tif,S2,Prithvi-EO-2.0-300M,1024,1
611,P008,Basra,terminal,2019_04,2019,2019-04-01,0.115264,2,160,S2_P008_Basra_2019_04.tif,S2,Prithvi-EO-2.0-300M,1024,1
612,P008,Basra,terminal,2019_05,2019,2019-05-01,21.379147714285715,7,160,S2_P008_Basra_2019_05.tif,S2,Prithvi-EO-2.0-300M,1024,1
613,P008,Basra,terminal,2019_06,2019,2019-06-01,0.6164446666666666,6,160,S2_P008_Basra_2019_06.tif,S2,Prithvi-EO-2.0-300M,1024,1
614,P008,Basra,terminal,2019_07,2019,2019-07-01,5.518797999999999,5,160,S2_P008_Basra_2019_07.tif,S2,Prithvi-EO-2.0-300M,1024,1
615,P008,Basra,terminal,2019_08,2019,2019-08-01,16.690315857142856,7,160,S2_P008_Basra_2019_08.tif,S2,Prithvi-EO-2.0-300M,1024,1
616,P008,Basra,terminal,2019_09,2019,2019-09-01,0.4641321666666666,6,160,S2_P008_Basra_2019_09.tif,S2,Prithvi-EO-2.0-300M,1024,1
617,P008,Basra,terminal,2019_10,2019,2019-10-01,10.098454,4,160,S2_P008_Basra_2019_10.tif,S2,Prithvi-EO-2.0-300M,1024,1
618,P008,Basra,terminal,2019_11,2019,2019-11-01,19.470267,5,160,S2_P008_Basra_2019_11.tif,S2,Prithvi-EO-2.0-300M,1024,1
619,P008,Basra,terminal,2019_12,2019,2019-12-01,12.863097333333336,6,160,S2_P008_Basra_2019_12.tif,S2,Prithvi-EO-2.0-300M,1024,1
620,P008,Basra,terminal,2020_01,2020,2020-01-01,4.88621775,4,160,S2_P008_Basra_2020_01.tif,S2,Prithvi-EO-2.0-300M,1024,1
621,P008,Basra,terminal,2020_02,2020,2020-02-01,5.1816452,5,160,S2_P008_Basra_2020_02.tif,S2,Prithvi-EO-2.0-300M,1024,1
622,P008,Basra,terminal,2020_03,2020,2020-03-01,12.336765,3,160,S2_P008_Basra_2020_03.tif,S2,Prithvi-EO-2.0-300M,1024,1
623,P008,Basra,terminal,2020_04,2020,2020-04-01,5.007228166666667,6,160,S2_P008_Basra_2020_04.tif,S2,Prithvi-EO-2.0-300M,1024,1
624,P008,Basra,terminal,2020_05,2020,2020-05-01,13.116435666666666,6,160,S2_P008_Basra_2020_05.tif,S2,Prithvi-EO-2.0-300M,1024,1
625,P008,Basra,terminal,2020_06,2020,2020-06-01,5.828796999999999,6,160,S2_P008_Basra_2020_06.tif,S2,Prithvi-EO-2.0-300M,1024,1
626,P008,Basra,terminal,2020_07,2020,2020-07-01,4.2852622857142855,7,160,S2_P008_Basra_2020_07.tif,S2,Prithvi-EO-2.0-300M,1024,1
627,P008,Basra,terminal,2020_08,2020,2020-08-01,5.995452333333333,6,160,S2_P008_Basra_2020_08.tif,S2,Prithvi-EO-2.0-300M,1024,1
628,P008,Basra,terminal,2020_09,2020,2020-09-01,5.7555345,6,160,S2_P008_Basra_2020_09.tif,S2,Prithvi-EO-2.0-300M,1024,1
629,P008,Basra,terminal,2020_10,2020,2020-10-01,0.1177019999999999,6,160,S2_P008_Basra_2020_10.tif,S2,Prithvi-EO-2.0-300M,1024,1
630,P008,Basra,terminal,2020_11,2020,2020-11-01,18.706196,4,160,S2_P008_Basra_2020_11.tif,S2,Prithvi-EO-2.0-300M,1024,1
631,P008,Basra,terminal,2020_12,2020,2020-12-01,15.49918075,4,160,S2_P008_Basra_2020_12.tif,S2,Prithvi-EO-2.0-300M,1024,1
632,P008,Basra,terminal,2021_01,2021,2021-01-01,18.9225825,6,160,S2_P008_Basra_2021_01.tif,S2,Prithvi-EO-2.0-300M,1024,1
633,P008,Basra,terminal,2021_02,2021,2021-02-01,9.6362524,5,160,S2_P008_Basra_2021_02.tif,S2,Prithvi-EO-2.0-300M,1024,1
634,P008,Basra,terminal,2021_03,2021,2021-03-01,8.4706362,5,160,S2_P008_Basra_2021_03.tif,S2,Prithvi-EO-2.0-300M,1024,1
635,P008,Basra,terminal,2021_04,2021,2021-04-01,19.606999666666667,3,160,S2_P008_Basra_2021_04.tif,S2,Prithvi-EO-2.0-300M,1024,1
636,P008,Basra,terminal,2021_05,2021,2021-05-01,3.74293625,4,160,S2_P008_Basra_2021_05.tif,S2,Prithvi-EO-2.0-300M,1024,1
637,P008,Basra,terminal,2021_06,2021,2021-06-01,8.884746166666666,6,160,S2_P008_Basra_2021_06.tif,S2,Prithvi-EO-2.0-300M,1024,1
638,P008,Basra,terminal,2021_07,2021,2021-07-01,0.3437088571428571,7,160,S2_P008_Basra_2021_07.tif,S2,Prithvi-EO-2.0-300M,1024,1
639,P008,Basra,terminal,2021_08,2021,2021-08-01,0.4492638333333333,6,160,S2_P008_Basra_2021_08.tif,S2,Prithvi-EO-2.0-300M,1024,1
640,P008,Basra,terminal,2021_09,2021,2021-09-01,3.1632604999999994,6,160,S2_P008_Basra_2021_09.tif,S2,Prithvi-EO-2.0-300M,1024,1
641,P008,Basra,terminal,2021_10,2021,2021-10-01,10.407797,6,160,S2_P008_Basra_2021_10.tif,S2,Prithvi-EO-2.0-300M,1024,1
642,P008,Basra,terminal,2021_11,2021,2021-11-01,3.7000760000000006,6,160,S2_P008_Basra_2021_11.tif,S2,Prithvi-EO-2.0-300M,1024,1
643,P008,Basra,terminal,2021_12,2021,2021-12-01,2.739949333333333,3,160,S2_P008_Basra_2021_12.tif,S2,Prithvi-EO-2.0-300M,1024,1
644,P008,Basra,terminal,2022_01,2022,2022-01-01,14.453947000000005,5,160,S2_P008_Basra_2022_01.tif,S2,Prithvi-EO-2.0-300M,1024,1
645,P008,Basra,terminal,2022_02,2022,2022-02-01,9.071781666666665,6,160,S2_P008_Basra_2022_02.tif,S2,Prithvi-EO-2.0-300M,1024,1
646,P008,Basra,terminal,2022_03,2022,2022-03-01,18.2603185,4,160,S2_P008_Basra_2022_03.tif,S2,Prithvi-EO-2.0-300M,1024,1
647,P008,Basra,terminal,2022_04,2022,2022-04-01,16.849935,5,160,S2_P008_Basra_2022_04.tif,S2,Prithvi-EO-2.0-300M,1024,1
648,P008,Basra,terminal,2022_05,2022,2022-05-01,14.95698525,4,160,S2_P008_Basra_2022_05.tif,S2,Prithvi-EO-2.0-300M,1024,1
649,P008,Basra,terminal,2022_06,2022,2022-06-01,6.724909666666666,6,160,S2_P008_Basra_2022_06.tif,S2,Prithvi-EO-2.0-300M,1024,1
650,P008,Basra,terminal,2022_07,2022,2022-07-01,14.366986,5,160,S2_P008_Basra_2022_07.tif,S2,Prithvi-EO-2.0-300M,1024,1
651,P008,Basra,terminal,2022_08,2022,2022-08-01,0.5444866,5,160,S2_P008_Basra_2022_08.tif,S2,Prithvi-EO-2.0-300M,1024,1
652,P008,Basra,terminal,2022_09,2022,2022-09-01,0.4020124999999999,6,160,S2_P008_Basra_2022_09.tif,S2,Prithvi-EO-2.0-300M,1024,1
653,P008,Basra,terminal,2022_10,2022,2022-10-01,7.739436166666667,6,160,S2_P008_Basra_2022_10.tif,S2,Prithvi-EO-2.0-300M,1024,1
654,P008,Basra,terminal,2022_11,2022,2022-11-01,52.476417999999995,2,160,S2_P008_Basra_2022_11.tif,S2,Prithvi-EO-2.0-300M,1024,1
655,P008,Basra,terminal,2022_12,2022,2022-12-01,7.3959288,5,160,S2_P008_Basra_2022_12.tif,S2,Prithvi-EO-2.0-300M,1024,1
656,P008,Basra,terminal,2023_01,2023,2023-01-01,18.750403,4,160,S2_P008_Basra_2023_01.tif,S2,Prithvi-EO-2.0-300M,1024,1
657,P008,Basra,terminal,2023_02,2023,2023-02-01,16.85707,3,160,S2_P008_Basra_2023_02.tif,S2,Prithvi-EO-2.0-300M,1024,1
658,P008,Basra,terminal,2023_03,2023,2023-03-01,2.853276,4,160,S2_P008_Basra_2023_03.tif,S2,Prithvi-EO-2.0-300M,1024,1
659,P008,Basra,terminal,2023_04,2023,2023-04-01,11.19634725,4,160,S2_P008_Basra_2023_04.tif,S2,Prithvi-EO-2.0-300M,1024,1
660,P008,Basra,terminal,2023_05,2023,2023-05-01,4.002986333333333,6,160,S2_P008_Basra_2023_05.tif,S2,Prithvi-EO-2.0-300M,1024,1
661,P008,Basra,terminal,2023_06,2023,2023-06-01,0.934162,6,160,S2_P008_Basra_2023_06.tif,S2,Prithvi-EO-2.0-300M,1024,1
662,P008,Basra,terminal,2023_07,2023,2023-07-01,4.6435131428571434,7,160,S2_P008_Basra_2023_07.tif,S2,Prithvi-EO-2.0-300M,1024,1
663,P008,Basra,terminal,2023_08,2023,2023-08-01,4.558174,6,160,S2_P008_Basra_2023_08.tif,S2,Prithvi-EO-2.0-300M,1024,1
664,P008,Basra,terminal,2023_09,2023,2023-09-01,0.1527226666666666,6,160,S2_P008_Basra_2023_09.tif,S2,Prithvi-EO-2.0-300M,1024,1
665,P008,Basra,terminal,2023_10,2023,2023-10-01,0.242796,4,160,S2_P008_Basra_2023_10.tif,S2,Prithvi-EO-2.0-300M,1024,1
666,P008,Basra,terminal,2023_11,2023,2023-11-01,7.489438,3,160,S2_P008_Basra_2023_11.tif,S2,Prithvi-EO-2.0-300M,1024,1
667,P008,Basra,terminal,2023_12,2023,2023-12-01,14.734889333333332,3,160,S2_P008_Basra_2023_12.tif,S2,Prithvi-EO-2.0-300M,1024,1
668,P008,Basra,terminal,2024_01,2024,2024-01-01,6.451862800000001,5,160,S2_P008_Basra_2024_01.tif,S2,Prithvi-EO-2.0-300M,1024,1
669,P008,Basra,terminal,2024_02,2024,2024-02-01,13.44794175,4,160,S2_P008_Basra_2024_02.tif,S2,Prithvi-EO-2.0-300M,1024,1
670,P008,Basra,terminal,2024_03,2024,2024-03-01,9.7215676,5,160,S2_P008_Basra_2024_03.tif,S2,Prithvi-EO-2.0-300M,1024,1
671,P008,Basra,terminal,2024_04,2024,2024-04-01,11.69104025,4,160,S2_P008_Basra_2024_04.tif,S2,Prithvi-EO-2.0-300M,1024,1
672,P008,Basra,terminal,2024_05,2024,2024-05-01,17.291157000000002,5,160,S2_P008_Basra_2024_05.tif,S2,Prithvi-EO-2.0-300M,1024,1
673,P008,Basra,terminal,2024_06,2024,2024-06-01,9.262386833333332,6,160,S2_P008_Basra_2024_06.tif,S2,Prithvi-EO-2.0-300M,1024,1
674,P008,Basra,terminal,2024_07,2024,2024-07-01,3.0021234999999997,6,160,S2_P008_Basra_2024_07.tif,S2,Prithvi-EO-2.0-300M,1024,1
675,P008,Basra,terminal,2024_08,2024,2024-08-01,4.7540640000000005,6,160,S2_P008_Basra_2024_08.tif,S2,Prithvi-EO-2.0-300M,1024,1
676,P008,Basra,terminal,2024_09,2024,2024-09-01,0.120297,6,160,S2_P008_Basra_2024_09.tif,S2,Prithvi-EO-2.0-300M,1024,1
677,P008,Basra,terminal,2024_10,2024,2024-10-01,6.2183838,5,160,S2_P008_Basra_2024_10.tif,S2,Prithvi-EO-2.0-300M,1024,1
678,P008,Basra,terminal,2024_11,2024,2024-11-01,16.813228,3,160,S2_P008_Basra_2024_11.tif,S2,Prithvi-EO-2.0-300M,1024,1
679,P008,Basra,terminal,2024_12,2024,2024-12-01,2.2988425,2,160,S2_P008_Basra_2024_12.tif,S2,Prithvi-EO-2.0-300M,1024,1
680,P008,Basra,terminal,2025_01,2025,2025-01-01,24.8799795,6,160,S2_P008_Basra_2025_01.tif,S2,Prithvi-EO-2.0-300M,1024,1
681,P008,Basra,terminal,2025_02,2025,2025-02-01,6.980958666666666,3,160,S2_P008_Basra_2025_02.tif,S2,Prithvi-EO-2.0-300M,1024,1
682,P008,Basra,terminal,2025_03,2025,2025-03-01,8.811748,4,160,S2_P008_Basra_2025_03.tif,S2,Prithvi-EO-2.0-300M,1024,1
683,P008,Basra,terminal,2025_04,2025,2025-04-01,25.21063875,4,160,S2_P008_Basra_2025_04.tif,S2,Prithvi-EO-2.0-300M,1024,1
684,P008,Basra,terminal,2025_05,2025,2025-05-01,10.065762,8,160,S2_P008_Basra_2025_05.tif,S2,Prithvi-EO-2.0-300M,1024,1
685,P008,Basra,terminal,2025_06,2025,2025-06-01,2.516907142857143,7,160,S2_P008_Basra_2025_06.tif,S2,Prithvi-EO-2.0-300M,1024,1
686,P008,Basra,terminal,2025_07,2025,2025-07-01,8.708143250000001,8,160,S2_P008_Basra_2025_07.tif,S2,Prithvi-EO-2.0-300M,1024,1
687,P008,Basra,terminal,2025_08,2025,2025-08-01,7.450562000000001,6,160,S2_P008_Basra_2025_08.tif,S2,Prithvi-EO-2.0-300M,1024,1
688,P008,Basra,terminal,2025_09,2025,2025-09-01,2.1686967142857143,7,160,S2_P008_Basra_2025_09.tif,S2,Prithvi-EO-2.0-300M,1024,1
689,P008,Basra,terminal,2025_10,2025,2025-10-01,0.269154,8,160,S2_P008_Basra_2025_10.tif,S2,Prithvi-EO-2.0-300M,1024,1
690,P008,Basra,terminal,2025_11,2025,2025-11-01,8.388493285714286,7,160,S2_P008_Basra_2025_11.tif,S2,Prithvi-EO-2.0-300M,1024,1
691,P008,Basra,terminal,2025_12,2025,2025-12-01,27.0069272,5,160,S2_P008_Basra_2025_12.tif,S2,Prithvi-EO-2.0-300M,1024,1
692,P008,Basra,terminal,2026_01,2026,2026-01-01,3.535472428571429,7,160,S2_P008_Basra_2026_01.tif,S2,Prithvi-EO-2.0-300M,1024,1
693,P008,Basra,terminal,2026_02,2026,2026-02-01,5.760802249999999,4,160,S2_P008_Basra_2026_02.tif,S2,Prithvi-EO-2.0-300M,1024,1
694,P008,Basra,terminal,2026_03,2026,2026-03-01,9.085859666666666,6,160,S2_P008_Basra_2026_03.tif,S2,Prithvi-EO-2.0-300M,1024,1
695,P008,Basra,terminal,2026_04,2026,2026-04-01,2.3423160000000003,2,160,S2_P008_Basra_2026_04.tif,S2,Prithvi-EO-2.0-300M,1024,1
696,P008,Basra,terminal,2026_05,2026,2026-05-01,8.520057125,8,160,S2_P008_Basra_2026_05.tif,S2,Prithvi-EO-2.0-300M,1024,1
697,P008,Basra,terminal,2026_06,2026,2026-06-01,0.2180669999999999,5,160,S2_P008_Basra_2026_06.tif,S2,Prithvi-EO-2.0-300M,1024,1
698,P009,Ulsan,refinery,2019_01,2019,2019-01-01,7.18818475,4,512,S2_P009_Ulsan_2019_01.tif,S2,Prithvi-EO-2.0-300M,1024,1
699,P009,Ulsan,refinery,2019_02,2019,2019-02-01,17.6227895,2,512,S2_P009_Ulsan_2019_02.tif,S2,Prithvi-EO-2.0-300M,1024,1
700,P009,Ulsan,refinery,2019_03,2019,2019-03-01,15.175475,5,512,S2_P009_Ulsan_2019_03.tif,S2,Prithvi-EO-2.0-300M,1024,1
701,P009,Ulsan,refinery,2019_04,2019,2019-04-01,3.0746106666666666,3,512,S2_P009_Ulsan_2019_04.tif,S2,Prithvi-EO-2.0-300M,1024,1
702,P009,Ulsan,refinery,2019_05,2019,2019-05-01,29.6215895,2,512,S2_P009_Ulsan_2019_05.tif,S2,Prithvi-EO-2.0-300M,1024,1
703,P009,Ulsan,refinery,2019_06,2019,2019-06-01,17.824740000000002,3,512,S2_P009_Ulsan_2019_06.tif,S2,Prithvi-EO-2.0-300M,1024,1
704,P009,Ulsan,refinery,2019_07,2019,2019-07-01,15.0862865,2,512,S2_P009_Ulsan_2019_07.tif,S2,Prithvi-EO-2.0-300M,1024,1
705,P009,Ulsan,refinery,2019_08,2019,2019-08-01,38.03201125,4,512,S2_P009_Ulsan_2019_08.tif,S2,Prithvi-EO-2.0-300M,1024,1
706,P009,Ulsan,refinery,2019_09,2019,2019-09-01,8.030493,1,512,S2_P009_Ulsan_2019_09.tif,S2,Prithvi-EO-2.0-300M,1024,1
707,P009,Ulsan,refinery,2019_10,2019,2019-10-01,32.582508,2,512,S2_P009_Ulsan_2019_10.tif,S2,Prithvi-EO-2.0-300M,1024,1
708,P009,Ulsan,refinery,2019_11,2019,2019-11-01,14.6218452,5,512,S2_P009_Ulsan_2019_11.tif,S2,Prithvi-EO-2.0-300M,1024,1
709,P009,Ulsan,refinery,2019_12,2019,2019-12-01,29.474223,3,512,S2_P009_Ulsan_2019_12.tif,S2,Prithvi-EO-2.0-300M,1024,1
710,P009,Ulsan,refinery,2020_01,2020,2020-01-01,9.75356575,4,512,S2_P009_Ulsan_2020_01.tif,S2,Prithvi-EO-2.0-300M,1024,1
711,P009,Ulsan,refinery,2020_02,2020,2020-02-01,13.3989468,5,512,S2_P009_Ulsan_2020_02.tif,S2,Prithvi-EO-2.0-300M,1024,1
712,P009,Ulsan,refinery,2020_03,2020,2020-03-01,8.0447335,4,512,S2_P009_Ulsan_2020_03.tif,S2,Prithvi-EO-2.0-300M,1024,1
713,P009,Ulsan,refinery,2020_04,2020,2020-04-01,0.5258344,5,512,S2_P009_Ulsan_2020_04.tif,S2,Prithvi-EO-2.0-300M,1024,1
714,P009,Ulsan,refinery,2020_05,2020,2020-05-01,26.879654,4,512,S2_P009_Ulsan_2020_05.tif,S2,Prithvi-EO-2.0-300M,1024,1
715,P009,Ulsan,refinery,2020_06,2020,2020-06-01,14.304230333333336,3,512,S2_P009_Ulsan_2020_06.tif,S2,Prithvi-EO-2.0-300M,1024,1
716,P009,Ulsan,refinery,2020_07,2020,2020-07-01,31.115129,1,512,S2_P009_Ulsan_2020_07.tif,S2,Prithvi-EO-2.0-300M,1024,1
717,P009,Ulsan,refinery,2020_10,2020,2020-10-01,23.1593304,5,512,S2_P009_Ulsan_2020_10.tif,S2,Prithvi-EO-2.0-300M,1024,1
718,P009,Ulsan,refinery,2020_11,2020,2020-11-01,8.6340925,6,512,S2_P009_Ulsan_2020_11.tif,S2,Prithvi-EO-2.0-300M,1024,1
719,P009,Ulsan,refinery,2020_12,2020,2020-12-01,22.420295000000003,5,512,S2_P009_Ulsan_2020_12.tif,S2,Prithvi-EO-2.0-300M,1024,1
720,P009,Ulsan,refinery,2021_01,2021,2021-01-01,5.441389,5,512,S2_P009_Ulsan_2021_01.tif,S2,Prithvi-EO-2.0-300M,1024,1
721,P009,Ulsan,refinery,2021_02,2021,2021-02-01,8.4174405,4,512,S2_P009_Ulsan_2021_02.tif,S2,Prithvi-EO-2.0-300M,1024,1
722,P009,Ulsan,refinery,2021_03,2021,2021-03-01,28.892810499999996,4,512,S2_P009_Ulsan_2021_03.tif,S2,Prithvi-EO-2.0-300M,1024,1
723,P009,Ulsan,refinery,2021_04,2021,2021-04-01,16.477835,3,512,S2_P009_Ulsan_2021_04.tif,S2,Prithvi-EO-2.0-300M,1024,1
724,P009,Ulsan,refinery,2021_05,2021,2021-05-01,7.381958333333333,3,512,S2_P009_Ulsan_2021_05.tif,S2,Prithvi-EO-2.0-300M,1024,1
725,P009,Ulsan,refinery,2021_06,2021,2021-06-01,21.9580395,2,512,S2_P009_Ulsan_2021_06.tif,S2,Prithvi-EO-2.0-300M,1024,1
726,P009,Ulsan,refinery,2021_07,2021,2021-07-01,23.216163,1,512,S2_P009_Ulsan_2021_07.tif,S2,Prithvi-EO-2.0-300M,1024,1
727,P009,Ulsan,refinery,2021_08,2021,2021-08-01,15.626997,2,512,S2_P009_Ulsan_2021_08.tif,S2,Prithvi-EO-2.0-300M,1024,1
728,P009,Ulsan,refinery,2021_09,2021,2021-09-01,1.988471,1,512,S2_P009_Ulsan_2021_09.tif,S2,Prithvi-EO-2.0-300M,1024,1
729,P009,Ulsan,refinery,2021_10,2021,2021-10-01,16.87660625,4,512,S2_P009_Ulsan_2021_10.tif,S2,Prithvi-EO-2.0-300M,1024,1
730,P009,Ulsan,refinery,2021_11,2021,2021-11-01,16.833405250000002,4,512,S2_P009_Ulsan_2021_11.tif,S2,Prithvi-EO-2.0-300M,1024,1
731,P009,Ulsan,refinery,2021_12,2021,2021-12-01,20.124382,6,512,S2_P009_Ulsan_2021_12.tif,S2,Prithvi-EO-2.0-300M,1024,1
732,P009,Ulsan,refinery,2022_01,2022,2022-01-01,15.398103,3,512,S2_P009_Ulsan_2022_01.tif,S2,Prithvi-EO-2.0-300M,1024,1
733,P009,Ulsan,refinery,2022_03,2022,2022-03-01,31.311051,2,512,S2_P009_Ulsan_2022_03.tif,S2,Prithvi-EO-2.0-300M,1024,1
734,P009,Ulsan,refinery,2022_04,2022,2022-04-01,2.8239080000000003,4,512,S2_P009_Ulsan_2022_04.tif,S2,Prithvi-EO-2.0-300M,1024,1
735,P009,Ulsan,refinery,2022_05,2022,2022-05-01,20.656877,5,512,S2_P009_Ulsan_2022_05.tif,S2,Prithvi-EO-2.0-300M,1024,1
736,P009,Ulsan,refinery,2022_06,2022,2022-06-01,18.148656,2,512,S2_P009_Ulsan_2022_06.tif,S2,Prithvi-EO-2.0-300M,1024,1
737,P009,Ulsan,refinery,2022_07,2022,2022-07-01,45.347792,1,512,S2_P009_Ulsan_2022_07.tif,S2,Prithvi-EO-2.0-300M,1024,1
738,P009,Ulsan,refinery,2022_08,2022,2022-08-01,23.632389,3,512,S2_P009_Ulsan_2022_08.tif,S2,Prithvi-EO-2.0-300M,1024,1
739,P009,Ulsan,refinery,2022_10,2022,2022-10-01,27.0761406,5,512,S2_P009_Ulsan_2022_10.tif,S2,Prithvi-EO-2.0-300M,1024,1
740,P009,Ulsan,refinery,2022_11,2022,2022-11-01,18.245032,4,512,S2_P009_Ulsan_2022_11.tif,S2,Prithvi-EO-2.0-300M,1024,1
741,P009,Ulsan,refinery,2022_12,2022,2022-12-01,9.9627272,5,512,S2_P009_Ulsan_2022_12.tif,S2,Prithvi-EO-2.0-300M,1024,1
742,P009,Ulsan,refinery,2023_01,2023,2023-01-01,17.934344599999996,5,512,S2_P009_Ulsan_2023_01.tif,S2,Prithvi-EO-2.0-300M,1024,1
743,P009,Ulsan,refinery,2023_02,2023,2023-02-01,3.7921826666666663,3,512,S2_P009_Ulsan_2023_02.tif,S2,Prithvi-EO-2.0-300M,1024,1
744,P009,Ulsan,refinery,2023_03,2023,2023-03-01,19.3459095,4,512,S2_P009_Ulsan_2023_03.tif,S2,Prithvi-EO-2.0-300M,1024,1
745,P009,Ulsan,refinery,2023_04,2023,2023-04-01,0.924509,1,512,S2_P009_Ulsan_2023_04.tif,S2,Prithvi-EO-2.0-300M,1024,1
746,P009,Ulsan,refinery,2023_05,2023,2023-05-01,27.559790666666668,3,512,S2_P009_Ulsan_2023_05.tif,S2,Prithvi-EO-2.0-300M,1024,1
747,P009,Ulsan,refinery,2023_06,2023,2023-06-01,33.51571625,4,512,S2_P009_Ulsan_2023_06.tif,S2,Prithvi-EO-2.0-300M,1024,1
748,P009,Ulsan,refinery,2023_08,2023,2023-08-01,31.1442785,2,512,S2_P009_Ulsan_2023_08.tif,S2,Prithvi-EO-2.0-300M,1024,1
749,P009,Ulsan,refinery,2023_09,2023,2023-09-01,44.531742,2,512,S2_P009_Ulsan_2023_09.tif,S2,Prithvi-EO-2.0-300M,1024,1
750,P009,Ulsan,refinery,2023_10,2023,2023-10-01,19.373199142857143,7,512,S2_P009_Ulsan_2023_10.tif,S2,Prithvi-EO-2.0-300M,1024,1
751,P009,Ulsan,refinery,2023_11,2023,2023-11-01,14.777120599999998,5,512,S2_P009_Ulsan_2023_11.tif,S2,Prithvi-EO-2.0-300M,1024,1
752,P009,Ulsan,refinery,2023_12,2023,2023-12-01,28.170330199999995,5,512,S2_P009_Ulsan_2023_12.tif,S2,Prithvi-EO-2.0-300M,1024,1
753,P009,Ulsan,refinery,2024_01,2024,2024-01-01,6.85197775,4,512,S2_P009_Ulsan_2024_01.tif,S2,Prithvi-EO-2.0-300M,1024,1
754,P009,Ulsan,refinery,2024_02,2024,2024-02-01,20.74409575,4,512,S2_P009_Ulsan_2024_02.tif,S2,Prithvi-EO-2.0-300M,1024,1
755,P009,Ulsan,refinery,2024_03,2024,2024-03-01,16.8406885,4,512,S2_P009_Ulsan_2024_03.tif,S2,Prithvi-EO-2.0-300M,1024,1
756,P009,Ulsan,refinery,2024_04,2024,2024-04-01,3.4164805,2,512,S2_P009_Ulsan_2024_04.tif,S2,Prithvi-EO-2.0-300M,1024,1
757,P009,Ulsan,refinery,2024_05,2024,2024-05-01,2.844881,4,512,S2_P009_Ulsan_2024_05.tif,S2,Prithvi-EO-2.0-300M,1024,1
758,P009,Ulsan,refinery,2024_06,2024,2024-06-01,23.1643695,2,512,S2_P009_Ulsan_2024_06.tif,S2,Prithvi-EO-2.0-300M,1024,1
759,P009,Ulsan,refinery,2024_07,2024,2024-07-01,35.599985000000004,3,512,S2_P009_Ulsan_2024_07.tif,S2,Prithvi-EO-2.0-300M,1024,1
760,P009,Ulsan,refinery,2024_08,2024,2024-08-01,22.9326118,5,512,S2_P009_Ulsan_2024_08.tif,S2,Prithvi-EO-2.0-300M,1024,1
761,P009,Ulsan,refinery,2024_09,2024,2024-09-01,17.468581666666665,3,512,S2_P009_Ulsan_2024_09.tif,S2,Prithvi-EO-2.0-300M,1024,1
762,P009,Ulsan,refinery,2024_10,2024,2024-10-01,34.29751475,4,512,S2_P009_Ulsan_2024_10.tif,S2,Prithvi-EO-2.0-300M,1024,1
763,P009,Ulsan,refinery,2024_11,2024,2024-11-01,28.78617225,4,512,S2_P009_Ulsan_2024_11.tif,S2,Prithvi-EO-2.0-300M,1024,1
764,P009,Ulsan,refinery,2024_12,2024,2024-12-01,5.250542285714286,7,512,S2_P009_Ulsan_2024_12.tif,S2,Prithvi-EO-2.0-300M,1024,1
765,P009,Ulsan,refinery,2025_01,2025,2025-01-01,16.5292098,5,512,S2_P009_Ulsan_2025_01.tif,S2,Prithvi-EO-2.0-300M,1024,1
766,P009,Ulsan,refinery,2025_02,2025,2025-02-01,25.245114,2,512,S2_P009_Ulsan_2025_02.tif,S2,Prithvi-EO-2.0-300M,1024,1
767,P009,Ulsan,refinery,2025_03,2025,2025-03-01,19.4167132,5,512,S2_P009_Ulsan_2025_03.tif,S2,Prithvi-EO-2.0-300M,1024,1
768,P009,Ulsan,refinery,2025_04,2025,2025-04-01,15.81180875,4,512,S2_P009_Ulsan_2025_04.tif,S2,Prithvi-EO-2.0-300M,1024,1
769,P009,Ulsan,refinery,2025_05,2025,2025-05-01,23.916957000000004,5,512,S2_P009_Ulsan_2025_05.tif,S2,Prithvi-EO-2.0-300M,1024,1
770,P009,Ulsan,refinery,2025_06,2025,2025-06-01,31.834692,1,512,S2_P009_Ulsan_2025_06.tif,S2,Prithvi-EO-2.0-300M,1024,1
771,P009,Ulsan,refinery,2025_07,2025,2025-07-01,15.924611666666664,6,512,S2_P009_Ulsan_2025_07.tif,S2,Prithvi-EO-2.0-300M,1024,1
772,P009,Ulsan,refinery,2025_08,2025,2025-08-01,26.972150166666665,6,512,S2_P009_Ulsan_2025_08.tif,S2,Prithvi-EO-2.0-300M,1024,1
773,P009,Ulsan,refinery,2025_09,2025,2025-09-01,27.54593,3,512,S2_P009_Ulsan_2025_09.tif,S2,Prithvi-EO-2.0-300M,1024,1
774,P009,Ulsan,refinery,2025_10,2025,2025-10-01,44.45438766666666,3,512,S2_P009_Ulsan_2025_10.tif,S2,Prithvi-EO-2.0-300M,1024,1
775,P009,Ulsan,refinery,2025_11,2025,2025-11-01,26.590367799999996,5,512,S2_P009_Ulsan_2025_11.tif,S2,Prithvi-EO-2.0-300M,1024,1
776,P009,Ulsan,refinery,2025_12,2025,2025-12-01,11.7968084,5,512,S2_P009_Ulsan_2025_12.tif,S2,Prithvi-EO-2.0-300M,1024,1
777,P009,Ulsan,refinery,2026_01,2026,2026-01-01,17.190208000000002,6,512,S2_P009_Ulsan_2026_01.tif,S2,Prithvi-EO-2.0-300M,1024,1
778,P009,Ulsan,refinery,2026_02,2026,2026-02-01,21.552879,4,512,S2_P009_Ulsan_2026_02.tif,S2,Prithvi-EO-2.0-300M,1024,1
779,P009,Ulsan,refinery,2026_03,2026,2026-03-01,22.500972666666662,3,512,S2_P009_Ulsan_2026_03.tif,S2,Prithvi-EO-2.0-300M,1024,1
780,P009,Ulsan,refinery,2026_04,2026,2026-04-01,16.520045333333332,6,512,S2_P009_Ulsan_2026_04.tif,S2,Prithvi-EO-2.0-300M,1024,1
781,P009,Ulsan,refinery,2026_05,2026,2026-05-01,15.86257725,4,512,S2_P009_Ulsan_2026_05.tif,S2,Prithvi-EO-2.0-300M,1024,1
782,P009,Ulsan,refinery,2026_06,2026,2026-06-01,0.035192,1,512,S2_P009_Ulsan_2026_06.tif,S2,Prithvi-EO-2.0-300M,1024,1
783,P010,Kharg,terminal,2019_01,2019,2019-01-01,23.5825785,2,320,S2_P010_Kharg_2019_01.tif,S2,Prithvi-EO-2.0-300M,1024,1
784,P010,Kharg,terminal,2019_02,2019,2019-02-01,24.27049575,4,320,S2_P010_Kharg_2019_02.tif,S2,Prithvi-EO-2.0-300M,1024,1
785,P010,Kharg,terminal,2019_03,2019,2019-03-01,3.6704986666666666,3,320,S2_P010_Kharg_2019_03.tif,S2,Prithvi-EO-2.0-300M,1024,1
786,P010,Kharg,terminal,2019_04,2019,2019-04-01,20.861602333333337,3,320,S2_P010_Kharg_2019_04.tif,S2,Prithvi-EO-2.0-300M,1024,1
787,P010,Kharg,terminal,2019_05,2019,2019-05-01,30.03852566666667,6,320,S2_P010_Kharg_2019_05.tif,S2,Prithvi-EO-2.0-300M,1024,1
788,P010,Kharg,terminal,2019_06,2019,2019-06-01,22.011211833333338,6,320,S2_P010_Kharg_2019_06.tif,S2,Prithvi-EO-2.0-300M,1024,1
789,P010,Kharg,terminal,2019_07,2019,2019-07-01,15.566869666666664,6,320,S2_P010_Kharg_2019_07.tif,S2,Prithvi-EO-2.0-300M,1024,1
790,P010,Kharg,terminal,2019_08,2019,2019-08-01,4.710841285714286,7,320,S2_P010_Kharg_2019_08.tif,S2,Prithvi-EO-2.0-300M,1024,1
791,P010,Kharg,terminal,2019_09,2019,2019-09-01,0.6323021666666667,6,320,S2_P010_Kharg_2019_09.tif,S2,Prithvi-EO-2.0-300M,1024,1
792,P010,Kharg,terminal,2019_10,2019,2019-10-01,12.01840375,4,320,S2_P010_Kharg_2019_10.tif,S2,Prithvi-EO-2.0-300M,1024,1
793,P010,Kharg,terminal,2019_11,2019,2019-11-01,11.0487986,5,320,S2_P010_Kharg_2019_11.tif,S2,Prithvi-EO-2.0-300M,1024,1
794,P010,Kharg,terminal,2019_12,2019,2019-12-01,24.816940333333335,6,320,S2_P010_Kharg_2019_12.tif,S2,Prithvi-EO-2.0-300M,1024,1
795,P010,Kharg,terminal,2020_01,2020,2020-01-01,2.83101675,4,320,S2_P010_Kharg_2020_01.tif,S2,Prithvi-EO-2.0-300M,1024,1
796,P010,Kharg,terminal,2020_02,2020,2020-02-01,7.0275194999999995,4,320,S2_P010_Kharg_2020_02.tif,S2,Prithvi-EO-2.0-300M,1024,1
797,P010,Kharg,terminal,2020_03,2020,2020-03-01,17.439349333333332,3,320,S2_P010_Kharg_2020_03.tif,S2,Prithvi-EO-2.0-300M,1024,1
798,P010,Kharg,terminal,2020_04,2020,2020-04-01,8.240998666666668,6,320,S2_P010_Kharg_2020_04.tif,S2,Prithvi-EO-2.0-300M,1024,1
799,P010,Kharg,terminal,2020_05,2020,2020-05-01,23.3060685,6,320,S2_P010_Kharg_2020_05.tif,S2,Prithvi-EO-2.0-300M,1024,1
800,P010,Kharg,terminal,2020_06,2020,2020-06-01,24.51929583333333,6,320,S2_P010_Kharg_2020_06.tif,S2,Prithvi-EO-2.0-300M,1024,1
801,P010,Kharg,terminal,2020_07,2020,2020-07-01,23.53343442857143,7,320,S2_P010_Kharg_2020_07.tif,S2,Prithvi-EO-2.0-300M,1024,1
802,P010,Kharg,terminal,2020_08,2020,2020-08-01,9.019353666666667,6,320,S2_P010_Kharg_2020_08.tif,S2,Prithvi-EO-2.0-300M,1024,1
803,P010,Kharg,terminal,2020_09,2020,2020-09-01,0.2255534999999999,6,320,S2_P010_Kharg_2020_09.tif,S2,Prithvi-EO-2.0-300M,1024,1
804,P010,Kharg,terminal,2020_10,2020,2020-10-01,0.4491648333333333,6,320,S2_P010_Kharg_2020_10.tif,S2,Prithvi-EO-2.0-300M,1024,1
805,P010,Kharg,terminal,2020_11,2020,2020-11-01,5.3899445,2,320,S2_P010_Kharg_2020_11.tif,S2,Prithvi-EO-2.0-300M,1024,1
806,P010,Kharg,terminal,2020_12,2020,2020-12-01,6.156325666666667,3,320,S2_P010_Kharg_2020_12.tif,S2,Prithvi-EO-2.0-300M,1024,1
807,P010,Kharg,terminal,2021_01,2021,2021-01-01,15.9167284,5,320,S2_P010_Kharg_2021_01.tif,S2,Prithvi-EO-2.0-300M,1024,1
808,P010,Kharg,terminal,2021_02,2021,2021-02-01,13.292732166666664,6,320,S2_P010_Kharg_2021_02.tif,S2,Prithvi-EO-2.0-300M,1024,1
809,P010,Kharg,terminal,2021_03,2021,2021-03-01,18.41766416666667,6,320,S2_P010_Kharg_2021_03.tif,S2,Prithvi-EO-2.0-300M,1024,1
810,P010,Kharg,terminal,2021_04,2021,2021-04-01,26.822441666666663,3,320,S2_P010_Kharg_2021_04.tif,S2,Prithvi-EO-2.0-300M,1024,1
811,P010,Kharg,terminal,2021_05,2021,2021-05-01,17.094535666666665,6,320,S2_P010_Kharg_2021_05.tif,S2,Prithvi-EO-2.0-300M,1024,1
812,P010,Kharg,terminal,2021_06,2021,2021-06-01,21.950036833333332,6,320,S2_P010_Kharg_2021_06.tif,S2,Prithvi-EO-2.0-300M,1024,1
813,P010,Kharg,terminal,2021_07,2021,2021-07-01,19.86573171428571,7,320,S2_P010_Kharg_2021_07.tif,S2,Prithvi-EO-2.0-300M,1024,1
814,P010,Kharg,terminal,2021_08,2021,2021-08-01,3.1956355,6,320,S2_P010_Kharg_2021_08.tif,S2,Prithvi-EO-2.0-300M,1024,1
815,P010,Kharg,terminal,2021_09,2021,2021-09-01,8.023714,6,320,S2_P010_Kharg_2021_09.tif,S2,Prithvi-EO-2.0-300M,1024,1
816,P010,Kharg,terminal,2021_10,2021,2021-10-01,0.7769672000000001,5,320,S2_P010_Kharg_2021_10.tif,S2,Prithvi-EO-2.0-300M,1024,1
817,P010,Kharg,terminal,2021_11,2021,2021-11-01,9.053134166666666,6,320,S2_P010_Kharg_2021_11.tif,S2,Prithvi-EO-2.0-300M,1024,1
818,P010,Kharg,terminal,2021_12,2021,2021-12-01,6.378038500000001,4,320,S2_P010_Kharg_2021_12.tif,S2,Prithvi-EO-2.0-300M,1024,1
819,P010,Kharg,terminal,2022_01,2022,2022-01-01,11.19654125,4,320,S2_P010_Kharg_2022_01.tif,S2,Prithvi-EO-2.0-300M,1024,1
820,P010,Kharg,terminal,2022_02,2022,2022-02-01,14.1240848,5,320,S2_P010_Kharg_2022_02.tif,S2,Prithvi-EO-2.0-300M,1024,1
821,P010,Kharg,terminal,2022_03,2022,2022-03-01,16.047564,4,320,S2_P010_Kharg_2022_03.tif,S2,Prithvi-EO-2.0-300M,1024,1
822,P010,Kharg,terminal,2022_04,2022,2022-04-01,16.1124552,5,320,S2_P010_Kharg_2022_04.tif,S2,Prithvi-EO-2.0-300M,1024,1
823,P010,Kharg,terminal,2022_05,2022,2022-05-01,16.256315,5,320,S2_P010_Kharg_2022_05.tif,S2,Prithvi-EO-2.0-300M,1024,1
824,P010,Kharg,terminal,2022_06,2022,2022-06-01,15.644281833333336,6,320,S2_P010_Kharg_2022_06.tif,S2,Prithvi-EO-2.0-300M,1024,1
825,P010,Kharg,terminal,2022_07,2022,2022-07-01,18.384226833333333,6,320,S2_P010_Kharg_2022_07.tif,S2,Prithvi-EO-2.0-300M,1024,1
826,P010,Kharg,terminal,2022_08,2022,2022-08-01,9.183728,5,320,S2_P010_Kharg_2022_08.tif,S2,Prithvi-EO-2.0-300M,1024,1
827,P010,Kharg,terminal,2022_09,2022,2022-09-01,2.722617166666666,6,320,S2_P010_Kharg_2022_09.tif,S2,Prithvi-EO-2.0-300M,1024,1
828,P010,Kharg,terminal,2022_10,2022,2022-10-01,4.093745333333334,6,320,S2_P010_Kharg_2022_10.tif,S2,Prithvi-EO-2.0-300M,1024,1
829,P010,Kharg,terminal,2022_11,2022,2022-11-01,6.937628,3,320,S2_P010_Kharg_2022_11.tif,S2,Prithvi-EO-2.0-300M,1024,1
830,P010,Kharg,terminal,2022_12,2022,2022-12-01,4.3121784,5,320,S2_P010_Kharg_2022_12.tif,S2,Prithvi-EO-2.0-300M,1024,1
831,P010,Kharg,terminal,2023_01,2023,2023-01-01,9.576631666666666,3,320,S2_P010_Kharg_2023_01.tif,S2,Prithvi-EO-2.0-300M,1024,1
832,P010,Kharg,terminal,2023_02,2023,2023-02-01,8.4142035,2,320,S2_P010_Kharg_2023_02.tif,S2,Prithvi-EO-2.0-300M,1024,1
833,P010,Kharg,terminal,2023_03,2023,2023-03-01,5.12275425,4,320,S2_P010_Kharg_2023_03.tif,S2,Prithvi-EO-2.0-300M,1024,1
834,P010,Kharg,terminal,2023_04,2023,2023-04-01,21.310154333333333,6,320,S2_P010_Kharg_2023_04.tif,S2,Prithvi-EO-2.0-300M,1024,1
835,P010,Kharg,terminal,2023_05,2023,2023-05-01,12.7994075,6,320,S2_P010_Kharg_2023_05.tif,S2,Prithvi-EO-2.0-300M,1024,1
836,P010,Kharg,terminal,2023_06,2023,2023-06-01,17.512401333333333,6,320,S2_P010_Kharg_2023_06.tif,S2,Prithvi-EO-2.0-300M,1024,1
837,P010,Kharg,terminal,2023_07,2023,2023-07-01,13.563847,8,320,S2_P010_Kharg_2023_07.tif,S2,Prithvi-EO-2.0-300M,1024,1
838,P010,Kharg,terminal,2023_08,2023,2023-08-01,10.121777000000002,6,320,S2_P010_Kharg_2023_08.tif,S2,Prithvi-EO-2.0-300M,1024,1
839,P010,Kharg,terminal,2023_09,2023,2023-09-01,2.6209476666666665,6,320,S2_P010_Kharg_2023_09.tif,S2,Prithvi-EO-2.0-300M,1024,1
840,P010,Kharg,terminal,2023_10,2023,2023-10-01,3.4428292,5,320,S2_P010_Kharg_2023_10.tif,S2,Prithvi-EO-2.0-300M,1024,1
841,P010,Kharg,terminal,2023_11,2023,2023-11-01,20.185521,4,320,S2_P010_Kharg_2023_11.tif,S2,Prithvi-EO-2.0-300M,1024,1
842,P010,Kharg,terminal,2023_12,2023,2023-12-01,18.704322,3,320,S2_P010_Kharg_2023_12.tif,S2,Prithvi-EO-2.0-300M,1024,1
843,P010,Kharg,terminal,2024_01,2024,2024-01-01,0.6786315,4,320,S2_P010_Kharg_2024_01.tif,S2,Prithvi-EO-2.0-300M,1024,1
844,P010,Kharg,terminal,2024_02,2024,2024-02-01,25.464053999999997,5,320,S2_P010_Kharg_2024_02.tif,S2,Prithvi-EO-2.0-300M,1024,1
845,P010,Kharg,terminal,2024_03,2024,2024-03-01,16.411168,5,320,S2_P010_Kharg_2024_03.tif,S2,Prithvi-EO-2.0-300M,1024,1
846,P010,Kharg,terminal,2024_04,2024,2024-04-01,18.9383372,5,320,S2_P010_Kharg_2024_04.tif,S2,Prithvi-EO-2.0-300M,1024,1
847,P010,Kharg,terminal,2024_05,2024,2024-05-01,17.87043866666667,3,320,S2_P010_Kharg_2024_05.tif,S2,Prithvi-EO-2.0-300M,1024,1
848,P010,Kharg,terminal,2024_06,2024,2024-06-01,15.265929,6,320,S2_P010_Kharg_2024_06.tif,S2,Prithvi-EO-2.0-300M,1024,1
849,P010,Kharg,terminal,2024_07,2024,2024-07-01,17.886415,6,320,S2_P010_Kharg_2024_07.tif,S2,Prithvi-EO-2.0-300M,1024,1
850,P010,Kharg,terminal,2024_08,2024,2024-08-01,11.373594833333334,6,320,S2_P010_Kharg_2024_08.tif,S2,Prithvi-EO-2.0-300M,1024,1
851,P010,Kharg,terminal,2024_09,2024,2024-09-01,0.2882786666666667,6,320,S2_P010_Kharg_2024_09.tif,S2,Prithvi-EO-2.0-300M,1024,1
852,P010,Kharg,terminal,2024_10,2024,2024-10-01,4.6730393999999995,5,320,S2_P010_Kharg_2024_10.tif,S2,Prithvi-EO-2.0-300M,1024,1
853,P010,Kharg,terminal,2024_11,2024,2024-11-01,17.2975295,4,320,S2_P010_Kharg_2024_11.tif,S2,Prithvi-EO-2.0-300M,1024,1
854,P010,Kharg,terminal,2024_12,2024,2024-12-01,5.155083749999999,4,320,S2_P010_Kharg_2024_12.tif,S2,Prithvi-EO-2.0-300M,1024,1
855,P010,Kharg,terminal,2025_01,2025,2025-01-01,5.445883166666666,6,320,S2_P010_Kharg_2025_01.tif,S2,Prithvi-EO-2.0-300M,1024,1
856,P010,Kharg,terminal,2025_02,2025,2025-02-01,17.355105666666667,3,320,S2_P010_Kharg_2025_02.tif,S2,Prithvi-EO-2.0-300M,1024,1
857,P010,Kharg,terminal,2025_03,2025,2025-03-01,2.15676175,4,320,S2_P010_Kharg_2025_03.tif,S2,Prithvi-EO-2.0-300M,1024,1
858,P010,Kharg,terminal,2025_04,2025,2025-04-01,26.057072600000005,5,320,S2_P010_Kharg_2025_04.tif,S2,Prithvi-EO-2.0-300M,1024,1
859,P010,Kharg,terminal,2025_05,2025,2025-05-01,22.306570222222224,9,320,S2_P010_Kharg_2025_05.tif,S2,Prithvi-EO-2.0-300M,1024,1
860,P010,Kharg,terminal,2025_06,2025,2025-06-01,21.341038285714287,7,320,S2_P010_Kharg_2025_06.tif,S2,Prithvi-EO-2.0-300M,1024,1
861,P010,Kharg,terminal,2025_07,2025,2025-07-01,13.213189249999996,8,320,S2_P010_Kharg_2025_07.tif,S2,Prithvi-EO-2.0-300M,1024,1
862,P010,Kharg,terminal,2025_08,2025,2025-08-01,2.4382478333333335,6,320,S2_P010_Kharg_2025_08.tif,S2,Prithvi-EO-2.0-300M,1024,1
863,P010,Kharg,terminal,2025_09,2025,2025-09-01,0.4443806666666666,6,320,S2_P010_Kharg_2025_09.tif,S2,Prithvi-EO-2.0-300M,1024,1
864,P010,Kharg,terminal,2025_10,2025,2025-10-01,0.143799625,8,320,S2_P010_Kharg_2025_10.tif,S2,Prithvi-EO-2.0-300M,1024,1
865,P010,Kharg,terminal,2025_11,2025,2025-11-01,12.836656571428572,7,320,S2_P010_Kharg_2025_11.tif,S2,Prithvi-EO-2.0-300M,1024,1
866,P010,Kharg,terminal,2025_12,2025,2025-12-01,5.964641,3,320,S2_P010_Kharg_2025_12.tif,S2,Prithvi-EO-2.0-300M,1024,1
867,P010,Kharg,terminal,2026_01,2026,2026-01-01,8.450268285714285,7,320,S2_P010_Kharg_2026_01.tif,S2,Prithvi-EO-2.0-300M,1024,1
868,P010,Kharg,terminal,2026_02,2026,2026-02-01,3.157645,5,320,S2_P010_Kharg_2026_02.tif,S2,Prithvi-EO-2.0-300M,1024,1
869,P010,Kharg,terminal,2026_03,2026,2026-03-01,10.967430666666669,6,320,S2_P010_Kharg_2026_03.tif,S2,Prithvi-EO-2.0-300M,1024,1
870,P010,Kharg,terminal,2026_04,2026,2026-04-01,23.8527135,4,320,S2_P010_Kharg_2026_04.tif,S2,Prithvi-EO-2.0-300M,1024,1
871,P010,Kharg,terminal,2026_05,2026,2026-05-01,17.498567099999995,10,320,S2_P010_Kharg_2026_05.tif,S2,Prithvi-EO-2.0-300M,1024,1
872,P010,Kharg,terminal,2026_06,2026,2026-06-01,15.106221200000002,5,320,S2_P010_Kharg_2026_06.tif,S2,Prithvi-EO-2.0-300M,1024,1
873,P011,Yanbu,terminal,2019_01,2019,2019-01-01,1.686585,2,320,S2_P011_Yanbu_2019_01.tif,S2,Prithvi-EO-2.0-300M,1024,1
874,P011,Yanbu,terminal,2019_02,2019,2019-02-01,21.492034333333336,3,320,S2_P011_Yanbu_2019_02.tif,S2,Prithvi-EO-2.0-300M,1024,1
875,P011,Yanbu,terminal,2019_03,2019,2019-03-01,6.949910166666666,6,320,S2_P011_Yanbu_2019_03.tif,S2,Prithvi-EO-2.0-300M,1024,1
876,P011,Yanbu,terminal,2019_04,2019,2019-04-01,7.1791738333333335,6,320,S2_P011_Yanbu_2019_04.tif,S2,Prithvi-EO-2.0-300M,1024,1
877,P011,Yanbu,terminal,2019_05,2019,2019-05-01,5.8520145999999995,5,320,S2_P011_Yanbu_2019_05.tif,S2,Prithvi-EO-2.0-300M,1024,1
878,P011,Yanbu,terminal,2019_06,2019,2019-06-01,3.436176833333333,6,320,S2_P011_Yanbu_2019_06.tif,S2,Prithvi-EO-2.0-300M,1024,1
879,P011,Yanbu,terminal,2019_07,2019,2019-07-01,7.304759666666666,6,320,S2_P011_Yanbu_2019_07.tif,S2,Prithvi-EO-2.0-300M,1024,1
880,P011,Yanbu,terminal,2019_08,2019,2019-08-01,11.889927166666666,6,320,S2_P011_Yanbu_2019_08.tif,S2,Prithvi-EO-2.0-300M,1024,1
881,P011,Yanbu,terminal,2019_09,2019,2019-09-01,12.119474333333333,6,320,S2_P011_Yanbu_2019_09.tif,S2,Prithvi-EO-2.0-300M,1024,1
882,P011,Yanbu,terminal,2019_10,2019,2019-10-01,2.6972361666666664,6,320,S2_P011_Yanbu_2019_10.tif,S2,Prithvi-EO-2.0-300M,1024,1
883,P011,Yanbu,terminal,2019_11,2019,2019-11-01,2.16890025,4,320,S2_P011_Yanbu_2019_11.tif,S2,Prithvi-EO-2.0-300M,1024,1
884,P011,Yanbu,terminal,2019_12,2019,2019-12-01,4.695459,7,320,S2_P011_Yanbu_2019_12.tif,S2,Prithvi-EO-2.0-300M,1024,1
885,P011,Yanbu,terminal,2020_01,2020,2020-01-01,5.254502166666667,6,320,S2_P011_Yanbu_2020_01.tif,S2,Prithvi-EO-2.0-300M,1024,1
886,P011,Yanbu,terminal,2020_02,2020,2020-02-01,19.545378666666668,6,320,S2_P011_Yanbu_2020_02.tif,S2,Prithvi-EO-2.0-300M,1024,1
887,P011,Yanbu,terminal,2020_03,2020,2020-03-01,5.334579166666667,6,320,S2_P011_Yanbu_2020_03.tif,S2,Prithvi-EO-2.0-300M,1024,1
888,P011,Yanbu,terminal,2020_04,2020,2020-04-01,7.361263999999999,6,320,S2_P011_Yanbu_2020_04.tif,S2,Prithvi-EO-2.0-300M,1024,1
889,P011,Yanbu,terminal,2020_05,2020,2020-05-01,14.6003605,6,320,S2_P011_Yanbu_2020_05.tif,S2,Prithvi-EO-2.0-300M,1024,1
890,P011,Yanbu,terminal,2020_06,2020,2020-06-01,3.748319166666666,6,320,S2_P011_Yanbu_2020_06.tif,S2,Prithvi-EO-2.0-300M,1024,1
891,P011,Yanbu,terminal,2020_07,2020,2020-07-01,6.5037485,6,320,S2_P011_Yanbu_2020_07.tif,S2,Prithvi-EO-2.0-300M,1024,1
892,P011,Yanbu,terminal,2020_08,2020,2020-08-01,6.8966988333333346,6,320,S2_P011_Yanbu_2020_08.tif,S2,Prithvi-EO-2.0-300M,1024,1
893,P011,Yanbu,terminal,2020_09,2020,2020-09-01,2.5621128333333334,6,320,S2_P011_Yanbu_2020_09.tif,S2,Prithvi-EO-2.0-300M,1024,1
894,P011,Yanbu,terminal,2020_10,2020,2020-10-01,0.153226,6,320,S2_P011_Yanbu_2020_10.tif,S2,Prithvi-EO-2.0-300M,1024,1
895,P011,Yanbu,terminal,2020_11,2020,2020-11-01,5.670894666666666,6,320,S2_P011_Yanbu_2020_11.tif,S2,Prithvi-EO-2.0-300M,1024,1
896,P011,Yanbu,terminal,2020_12,2020,2020-12-01,18.357908400000003,5,320,S2_P011_Yanbu_2020_12.tif,S2,Prithvi-EO-2.0-300M,1024,1
897,P011,Yanbu,terminal,2021_01,2021,2021-01-01,4.252497833333334,6,320,S2_P011_Yanbu_2021_01.tif,S2,Prithvi-EO-2.0-300M,1024,1
898,P011,Yanbu,terminal,2021_02,2021,2021-02-01,3.040454833333333,6,320,S2_P011_Yanbu_2021_02.tif,S2,Prithvi-EO-2.0-300M,1024,1
899,P011,Yanbu,terminal,2021_03,2021,2021-03-01,1.8630462,5,320,S2_P011_Yanbu_2021_03.tif,S2,Prithvi-EO-2.0-300M,1024,1
900,P011,Yanbu,terminal,2021_04,2021,2021-04-01,11.2107635,6,320,S2_P011_Yanbu_2021_04.tif,S2,Prithvi-EO-2.0-300M,1024,1
901,P011,Yanbu,terminal,2021_05,2021,2021-05-01,3.3288786666666668,6,320,S2_P011_Yanbu_2021_05.tif,S2,Prithvi-EO-2.0-300M,1024,1
902,P011,Yanbu,terminal,2021_06,2021,2021-06-01,7.427367999999999,6,320,S2_P011_Yanbu_2021_06.tif,S2,Prithvi-EO-2.0-300M,1024,1
903,P011,Yanbu,terminal,2021_07,2021,2021-07-01,14.621574166666669,6,320,S2_P011_Yanbu_2021_07.tif,S2,Prithvi-EO-2.0-300M,1024,1
904,P011,Yanbu,terminal,2021_08,2021,2021-08-01,9.111669666666666,6,320,S2_P011_Yanbu_2021_08.tif,S2,Prithvi-EO-2.0-300M,1024,1
905,P011,Yanbu,terminal,2021_09,2021,2021-09-01,12.0679735,6,320,S2_P011_Yanbu_2021_09.tif,S2,Prithvi-EO-2.0-300M,1024,1
906,P011,Yanbu,terminal,2021_10,2021,2021-10-01,0.7991988571428571,7,320,S2_P011_Yanbu_2021_10.tif,S2,Prithvi-EO-2.0-300M,1024,1
907,P011,Yanbu,terminal,2021_11,2021,2021-11-01,0.4048946000000001,5,320,S2_P011_Yanbu_2021_11.tif,S2,Prithvi-EO-2.0-300M,1024,1
908,P011,Yanbu,terminal,2021_12,2021,2021-12-01,0.2509723333333333,3,320,S2_P011_Yanbu_2021_12.tif,S2,Prithvi-EO-2.0-300M,1024,1
909,P011,Yanbu,terminal,2022_01,2022,2022-01-01,0.2696195,2,320,S2_P011_Yanbu_2022_01.tif,S2,Prithvi-EO-2.0-300M,1024,1
910,P011,Yanbu,terminal,2022_02,2022,2022-02-01,1.2091377500000002,4,320,S2_P011_Yanbu_2022_02.tif,S2,Prithvi-EO-2.0-300M,1024,1
911,P011,Yanbu,terminal,2022_03,2022,2022-03-01,8.693867166666665,6,320,S2_P011_Yanbu_2022_03.tif,S2,Prithvi-EO-2.0-300M,1024,1
912,P011,Yanbu,terminal,2022_04,2022,2022-04-01,6.5138414,5,320,S2_P011_Yanbu_2022_04.tif,S2,Prithvi-EO-2.0-300M,1024,1
913,P011,Yanbu,terminal,2022_05,2022,2022-05-01,0.9282575,6,320,S2_P011_Yanbu_2022_05.tif,S2,Prithvi-EO-2.0-300M,1024,1
914,P011,Yanbu,terminal,2022_06,2022,2022-06-01,3.034494499999999,6,320,S2_P011_Yanbu_2022_06.tif,S2,Prithvi-EO-2.0-300M,1024,1
915,P011,Yanbu,terminal,2022_07,2022,2022-07-01,13.081938666666666,6,320,S2_P011_Yanbu_2022_07.tif,S2,Prithvi-EO-2.0-300M,1024,1
916,P011,Yanbu,terminal,2022_08,2022,2022-08-01,20.42848366666667,6,320,S2_P011_Yanbu_2022_08.tif,S2,Prithvi-EO-2.0-300M,1024,1
917,P011,Yanbu,terminal,2022_09,2022,2022-09-01,1.7868073333333332,6,320,S2_P011_Yanbu_2022_09.tif,S2,Prithvi-EO-2.0-300M,1024,1
918,P011,Yanbu,terminal,2022_10,2022,2022-10-01,3.0132727142857147,7,320,S2_P011_Yanbu_2022_10.tif,S2,Prithvi-EO-2.0-300M,1024,1
919,P011,Yanbu,terminal,2022_11,2022,2022-11-01,10.7373732,5,320,S2_P011_Yanbu_2022_11.tif,S2,Prithvi-EO-2.0-300M,1024,1
920,P011,Yanbu,terminal,2022_12,2022,2022-12-01,22.554350000000003,5,320,S2_P011_Yanbu_2022_12.tif,S2,Prithvi-EO-2.0-300M,1024,1
921,P011,Yanbu,terminal,2023_01,2023,2023-01-01,13.836465,4,320,S2_P011_Yanbu_2023_01.tif,S2,Prithvi-EO-2.0-300M,1024,1
922,P011,Yanbu,terminal,2023_02,2023,2023-02-01,10.42893475,4,320,S2_P011_Yanbu_2023_02.tif,S2,Prithvi-EO-2.0-300M,1024,1
923,P011,Yanbu,terminal,2023_03,2023,2023-03-01,2.0292682500000003,4,320,S2_P011_Yanbu_2023_03.tif,S2,Prithvi-EO-2.0-300M,1024,1
924,P011,Yanbu,terminal,2023_04,2023,2023-04-01,16.8974205,4,320,S2_P011_Yanbu_2023_04.tif,S2,Prithvi-EO-2.0-300M,1024,1
925,P011,Yanbu,terminal,2023_05,2023,2023-05-01,14.0423088,5,320,S2_P011_Yanbu_2023_05.tif,S2,Prithvi-EO-2.0-300M,1024,1
926,P011,Yanbu,terminal,2023_06,2023,2023-06-01,3.755651166666667,6,320,S2_P011_Yanbu_2023_06.tif,S2,Prithvi-EO-2.0-300M,1024,1
927,P011,Yanbu,terminal,2023_07,2023,2023-07-01,3.879210333333333,6,320,S2_P011_Yanbu_2023_07.tif,S2,Prithvi-EO-2.0-300M,1024,1
928,P011,Yanbu,terminal,2023_08,2023,2023-08-01,7.536549166666667,6,320,S2_P011_Yanbu_2023_08.tif,S2,Prithvi-EO-2.0-300M,1024,1
929,P011,Yanbu,terminal,2023_09,2023,2023-09-01,19.214560833333337,6,320,S2_P011_Yanbu_2023_09.tif,S2,Prithvi-EO-2.0-300M,1024,1
930,P011,Yanbu,terminal,2023_10,2023,2023-10-01,6.3265724285714295,7,320,S2_P011_Yanbu_2023_10.tif,S2,Prithvi-EO-2.0-300M,1024,1
931,P011,Yanbu,terminal,2023_11,2023,2023-11-01,5.141025,5,320,S2_P011_Yanbu_2023_11.tif,S2,Prithvi-EO-2.0-300M,1024,1
932,P011,Yanbu,terminal,2023_12,2023,2023-12-01,7.824749200000001,5,320,S2_P011_Yanbu_2023_12.tif,S2,Prithvi-EO-2.0-300M,1024,1
933,P011,Yanbu,terminal,2024_01,2024,2024-01-01,16.348734333333336,6,320,S2_P011_Yanbu_2024_01.tif,S2,Prithvi-EO-2.0-300M,1024,1
934,P011,Yanbu,terminal,2024_02,2024,2024-02-01,14.0030834,5,320,S2_P011_Yanbu_2024_02.tif,S2,Prithvi-EO-2.0-300M,1024,1
935,P011,Yanbu,terminal,2024_03,2024,2024-03-01,12.2992058,5,320,S2_P011_Yanbu_2024_03.tif,S2,Prithvi-EO-2.0-300M,1024,1
936,P011,Yanbu,terminal,2024_04,2024,2024-04-01,5.903638666666666,6,320,S2_P011_Yanbu_2024_04.tif,S2,Prithvi-EO-2.0-300M,1024,1
937,P011,Yanbu,terminal,2024_05,2024,2024-05-01,1.944039,6,320,S2_P011_Yanbu_2024_05.tif,S2,Prithvi-EO-2.0-300M,1024,1
938,P011,Yanbu,terminal,2024_06,2024,2024-06-01,18.328881833333337,6,320,S2_P011_Yanbu_2024_06.tif,S2,Prithvi-EO-2.0-300M,1024,1
939,P011,Yanbu,terminal,2024_07,2024,2024-07-01,9.605321,5,320,S2_P011_Yanbu_2024_07.tif,S2,Prithvi-EO-2.0-300M,1024,1
940,P011,Yanbu,terminal,2024_08,2024,2024-08-01,10.660968666666667,6,320,S2_P011_Yanbu_2024_08.tif,S2,Prithvi-EO-2.0-300M,1024,1
941,P011,Yanbu,terminal,2024_09,2024,2024-09-01,0.9864783333333332,6,320,S2_P011_Yanbu_2024_09.tif,S2,Prithvi-EO-2.0-300M,1024,1
942,P011,Yanbu,terminal,2024_10,2024,2024-10-01,1.3324224,5,320,S2_P011_Yanbu_2024_10.tif,S2,Prithvi-EO-2.0-300M,1024,1
943,P011,Yanbu,terminal,2024_11,2024,2024-11-01,2.597532833333333,6,320,S2_P011_Yanbu_2024_11.tif,S2,Prithvi-EO-2.0-300M,1024,1
944,P011,Yanbu,terminal,2024_12,2024,2024-12-01,14.083042714285714,7,320,S2_P011_Yanbu_2024_12.tif,S2,Prithvi-EO-2.0-300M,1024,1
945,P011,Yanbu,terminal,2025_01,2025,2025-01-01,3.5182256666666674,6,320,S2_P011_Yanbu_2025_01.tif,S2,Prithvi-EO-2.0-300M,1024,1
946,P011,Yanbu,terminal,2025_02,2025,2025-02-01,20.07279375,4,320,S2_P011_Yanbu_2025_02.tif,S2,Prithvi-EO-2.0-300M,1024,1
947,P011,Yanbu,terminal,2025_03,2025,2025-03-01,6.639689625,8,320,S2_P011_Yanbu_2025_03.tif,S2,Prithvi-EO-2.0-300M,1024,1
948,P011,Yanbu,terminal,2025_04,2025,2025-04-01,7.704035,6,320,S2_P011_Yanbu_2025_04.tif,S2,Prithvi-EO-2.0-300M,1024,1
949,P011,Yanbu,terminal,2025_05,2025,2025-05-01,6.042262857142858,7,320,S2_P011_Yanbu_2025_05.tif,S2,Prithvi-EO-2.0-300M,1024,1
950,P011,Yanbu,terminal,2025_06,2025,2025-06-01,3.19333475,8,320,S2_P011_Yanbu_2025_06.tif,S2,Prithvi-EO-2.0-300M,1024,1
951,P011,Yanbu,terminal,2025_07,2025,2025-07-01,3.8515027142857146,7,320,S2_P011_Yanbu_2025_07.tif,S2,Prithvi-EO-2.0-300M,1024,1
952,P011,Yanbu,terminal,2025_08,2025,2025-08-01,17.177440125,8,320,S2_P011_Yanbu_2025_08.tif,S2,Prithvi-EO-2.0-300M,1024,1
953,P011,Yanbu,terminal,2025_09,2025,2025-09-01,6.760600571428571,7,320,S2_P011_Yanbu_2025_09.tif,S2,Prithvi-EO-2.0-300M,1024,1
954,P011,Yanbu,terminal,2025_10,2025,2025-10-01,0.0303118571428571,7,320,S2_P011_Yanbu_2025_10.tif,S2,Prithvi-EO-2.0-300M,1024,1
955,P011,Yanbu,terminal,2025_11,2025,2025-11-01,18.219325,4,320,S2_P011_Yanbu_2025_11.tif,S2,Prithvi-EO-2.0-300M,1024,1
956,P011,Yanbu,terminal,2025_12,2025,2025-12-01,0.3304836666666667,3,320,S2_P011_Yanbu_2025_12.tif,S2,Prithvi-EO-2.0-300M,1024,1
957,P011,Yanbu,terminal,2026_01,2026,2026-01-01,5.315648499999999,6,320,S2_P011_Yanbu_2026_01.tif,S2,Prithvi-EO-2.0-300M,1024,1
958,P011,Yanbu,terminal,2026_02,2026,2026-02-01,9.453980166666666,6,320,S2_P011_Yanbu_2026_02.tif,S2,Prithvi-EO-2.0-300M,1024,1
959,P011,Yanbu,terminal,2026_03,2026,2026-03-01,11.812212857142857,7,320,S2_P011_Yanbu_2026_03.tif,S2,Prithvi-EO-2.0-300M,1024,1
960,P011,Yanbu,terminal,2026_04,2026,2026-04-01,8.950643374999999,8,320,S2_P011_Yanbu_2026_04.tif,S2,Prithvi-EO-2.0-300M,1024,1
961,P011,Yanbu,terminal,2026_05,2026,2026-05-01,9.306035571428572,7,320,S2_P011_Yanbu_2026_05.tif,S2,Prithvi-EO-2.0-300M,1024,1
962,P011,Yanbu,terminal,2026_06,2026,2026-06-01,4.9807638,5,320,S2_P011_Yanbu_2026_06.tif,S2,Prithvi-EO-2.0-300M,1024,1
