date,P_t,P_next_actual,r_actual,r_now,r_hat_M0,P_hat_M0,P_hat_M1_Flat_Ridge,P_hat_M1_Flat_XGB,P_hat_M1_Deep,P_hat_M_ship_GNN,P_hat_M_rs_deep,P_hat_M3_Deep_gated,P_hat_M2_Deep_gated,P_hat_M4_Deep_gated,P_hat_M4_Deep_Concat,r_hat_M1_Flat_Ridge,r_hat_M1_Flat_XGB,r_hat_M1_Deep,r_hat_M_ship_GNN,r_hat_M_rs_deep,r_hat_M3_Deep_gated,r_hat_M2_Deep_gated,r_hat_M4_Deep_gated,r_hat_M4_Deep_Concat
2021-01-22,55.22,55.25,0.0005431338958538,0.0076350125480385,0.0,55.22,55.63212879980099,52.96430191381556,56.54540473610764,54.38580829141541,53.78278056778734,54.98121154120573,54.0019801889771,54.905044711944676,53.87972473793339,0.007435683971505,-0.0417070686817169,0.023718732565718215,-0.015221963670474459,-0.026371854361392444,-0.004333687972672501,-0.02230449044382543,-0.005719973101608267,-0.024570963771458842
2021-01-29,55.25,59.48,0.0737717811940921,0.0005431338958538,0.0,55.25,55.28470034501002,53.64476731372055,54.79488120176105,55.03471573808792,53.81723016597467,54.98847434046378,53.12954708304533,54.20741195952722,54.11904746104346,0.0006278633956875,-0.0294844098389148,-0.008271559533747308,-0.0039041590473586907,-0.026274661195390348,-0.004744734571733938,-0.039135124664638976,-0.019050689281169486,-0.02068213774825378
2021-02-05,59.48,62.47,0.0490463199135243,0.0737717811940921,0.0,59.48,60.09579311566538,61.33809540026037,58.712824666255145,59.10541820952653,57.95668353899316,59.070574376568864,58.86443508708262,59.487181243465685,58.838059687139726,0.0102997194237766,0.0307609867304563,-0.012981940490363275,-0.0063175227099426245,-0.025944225600723847,-0.006907216660547666,-0.010403031861727308,0.00012072646253113994,-0.01085120248776128
2021-02-12,62.47,62.84,0.005905371881942,0.0490463199135243,0.0,62.47,63.06832327890291,64.53112752944827,62.33235645217395,62.669889605526805,60.870107946888076,61.9980821337938,61.40924015754069,62.552663602552755,61.69750335141138,0.0095321937350826,0.0324612632393837,-0.002205785332064447,0.0031946612093181614,-0.025944225600723847,-0.007582990264738632,-0.017126126509883433,0.0013223780747718128,-0.012442975733562234
2021-02-19,62.84,65.86,0.0469394635607977,0.005905371881942,0.0,62.84,62.41200227076981,62.85881139092559,61.71938062060356,62.7554821515539,61.24025396227786,62.32275611700252,61.44117086823907,62.63224385438404,61.9109200309288,-0.0068342124249405,0.0002993089728988,-0.017993821253839082,-0.001345874226621066,-0.02578709560657111,-0.00826518756210115,-0.022511667629342647,-0.003311590342202575,-0.014895235186070055
2021-02-26,65.86,69.95,0.060249424163272,0.0469394635607977,0.0,65.86,66.31634075164173,66.0135963041725,67.25956761593605,65.8328670135586,64.21045226198294,65.25903918396025,64.72263027063866,65.61685055239374,64.70717249351397,0.0069050567178945,0.0023294484708458,0.021028000796350144,-0.0004120646385888521,-0.025365271685008572,-0.009166708785078803,-0.017420364253729836,-0.0036987458064227097,-0.01765922388061747
2021-03-05,69.95,68.87,-0.0155600315548833,0.060249424163272,0.0,69.95,70.55472865469599,70.18559232566253,72.22223158479518,69.717877908997,68.2262732181732,69.21331820134013,68.18812609898048,70.35229429492885,68.85387911032761,0.0086080005216015,0.0033623513299971,0.0319672140775904,-0.00332391825799265,-0.024950972643978053,-0.010587397448892588,-0.02551025554047648,0.005734694496075166,-0.01579413605223201
2021-03-12,68.87,64.0,-0.073337586196935,-0.0155600315548833,0.0,68.87,70.14698383649238,71.52493399649676,71.5600776100967,68.52497132798614,67.20534403804443,67.98788822125437,68.48141946412494,69.16491527672791,67.64409092143937,0.0183721401515088,0.03782544657588,0.03831667362911273,-0.005022445784683638,-0.024467900813737398,-0.01289109463807081,-0.0056582097819154464,0.004273059825127323,-0.01796066655323414
2021-03-19,64.0,63.77,-0.0036002230324915,-0.073337586196935,0.0,64.0,65.34892699271538,68.06476009049136,65.25047051387374,63.76339883833531,62.55888215689181,63.37859352115931,63.17128617173846,64.28296770184745,62.77863101381297,0.0208579371834927,0.061576522886753,0.019350173757725964,-0.00370374354916736,-0.022774855618385104,-0.00975692055235089,-0.013033218172901706,0.004411624798728364,-0.019268338271340113
2021-03-26,63.77,63.85,0.0012537221513679,-0.0036002230324915,0.0,63.77,65.09419624791946,68.38939728469258,65.39081764001689,63.862382832269795,62.44552035421157,63.3240210404473,62.56475861283013,63.481093484591064,62.57430417388787,0.0205525335754837,0.0699349418282508,0.02509898522069487,0.0014476396405572883,-0.020988358046425626,-0.007018123849149793,-0.01908070219981317,-0.0045407391621482,-0.018928142945114024
2021-04-02,63.85,61.89,-0.0311779667272782,0.0012537221513679,0.0,63.85,64.70678309472041,62.000251357312486,63.79428382337969,64.04583053565302,62.64218361362121,63.244154235299845,62.6034504714071,63.63337936978315,62.74461862970512,0.0133294527095773,-0.0293981432914733,-0.0008729913865301309,0.0030623467219199063,-0.019097671671447713,-0.009533882299516627,-0.01971618653995999,-0.00339841695084131,-0.0174637670333202
2021-04-09,61.89,65.98,0.0639930500491652,-0.0311779667272782,0.0,61.89,62.26410606757526,63.667944152749136,61.71632298414134,62.12603422608421,60.84199107854281,61.4074713707841,60.488265358309945,61.82756560976061,60.79933795177085,0.0060264974180378,0.0283225886523723,-0.0028101657902295796,0.003806516029316087,-0.017078422423902007,-0.007827104437758636,-0.02290923054701599,-0.0010093052709502781,-0.01777971578957116
2021-04-16,65.98,65.75,-0.0034919947425615,0.0639930500491652,0.0,65.98,66.072987082758,66.60969330320866,67.24190882878617,66.72498726556763,65.39249469650467,65.3326924028265,65.55077589281142,65.80755681175326,65.3922493301842,0.0014083300981127,0.0094984462484717,0.01894503062951669,0.01122783864064203,-0.008944173914997522,-0.009859105446966776,-0.006526619004617262,-0.0026169888999413304,-0.008947926131241069
2021-04-23,65.75,67.73,0.0296695421689385,-0.0034919947425615,0.0,65.75,65.70611247202939,66.20779488496909,66.15478763673708,66.16434166478935,65.23126979239021,65.4741559220361,65.05657832703496,65.97149500715396,65.21262934273223,-0.0006677137909508,0.0069385324604809,0.00613759234499156,0.006282001216472266,-0.007920719052855074,-0.004204172354128233,-0.010602343971252814,0.0033630838445476985,-0.008206519307346949
2021-04-30,67.73,68.73,0.0146565719067016,0.0296695421689385,0.0,67.73,67.92601934835903,67.93040461530599,68.02691872679455,68.15828923957588,67.26771030111131,67.7199980343192,66.89254882002409,67.84553452272156,67.16674399903224,0.0028899489418443,0.0029545063152909,0.004374277245291658,0.006303569794631814,-0.006848879213043002,-0.00014768498847007178,-0.012441630172674745,0.0017043569268697656,-0.008350969158491262
2021-05-07,68.73,69.24,0.0073929451744944,0.0146565719067016,0.0,68.73,68.88225503131417,68.92730980407714,69.12704884205209,69.13586720268219,68.30482729516707,68.27821039484415,68.24440263019473,69.06641643384522,68.178378912743,0.002212812999924,0.0028666830621659,0.005760313937761774,0.005887873241359698,-0.006205343233434968,-0.006595097350930446,-0.0070903671760734754,0.004882813515054485,-0.008058295286902273
2021-05-14,69.24,66.72,-0.037073972257517,0.0073929451744944,0.0,69.24,69.43878480028259,69.79356035146394,69.77163212845278,69.6601371837269,68.81167236894176,69.12558857839835,68.55102053329868,69.42596379878482,68.72261991382399,0.0028668398950292,0.007963016629219,0.007648780352938922,0.006049503960765812,-0.006205343233434968,-0.0016537558052191065,-0.010000436980907468,0.002682185378118984,-0.007500328885154062
2021-05-21,66.72,69.36,0.038805574421795,-0.037073972257517,0.0,66.72,66.20059840903154,65.3548033423101,66.74194253384933,67.11837285563854,66.3332478111662,66.36307281272268,66.08312271566348,66.992239575961,66.18437374699147,-0.0078152557370314,-0.02067381888628,0.00032882084031515824,0.0059530614969478535,-0.00581351127384111,-0.005363988605564085,-0.00959137336135607,0.0040720274075209395,-0.008060369088752128
2021-05-28,69.36,71.3,0.0275859949479638,0.038805574421795,0.0,69.36,68.81184815069048,68.71465831385787,69.34646481299045,69.76724893288383,68.98630897406062,69.14954682510432,68.78844279875449,69.50299993210726,68.80712120364979,-0.0079343908670911,-0.0093477889895439,-0.00019516303109240463,0.005854354185242661,-0.005402268228799856,-0.0030388278883539677,-0.00827458421988464,0.002059583657652131,-0.00800308702234831
2021-06-04,71.3,72.05,0.0104639950252809,0.0275859949479638,0.0,71.3,70.92906236208107,71.61842051158904,71.56985478073082,71.72232583627137,70.95539910637099,70.94527614215035,70.81167043157122,71.52469276345225,70.72753758691651,-0.0052160714945165,0.0044559831731021,0.0037776352759522625,0.005905750186724457,-0.004844829368073289,-0.0049875061272936505,-0.006872503700523225,0.0031464159939715575,-0.00806133124507935
2021-06-11,72.05,73.1,0.0144680443102017,0.0104639950252809,0.0,72.05,71.5921338800329,71.11498177906428,72.11693448151674,72.49340822318437,71.7454040690476,71.80062360054897,71.46244391598927,72.37503262930734,71.47516186195149,-0.0063751165249175,-0.0130622936412692,0.0009285691835916321,0.006135314222002031,-0.0042365246441891935,-0.0034671611846543993,-0.008188270659117924,0.004501064284243017,-0.008010319644385755
2021-06-18,73.1,76.45,0.0448085656193386,0.0144680443102017,0.0,73.1,71.9027964755865,72.99994029447917,72.76650835995282,73.56123675019458,72.81051888529545,73.17048554169239,72.51431785011421,73.27242397108317,72.53792361797598,-0.0165132088269944,-0.0013697434915229,-0.004572567409209083,0.006289845647572012,-0.0039679318081637105,0.0009637699210097508,-0.008044336805428043,0.002355963591494925,-0.007718857270175794
2021-06-25,76.45,77.51,0.0137700279183487,0.0448085656193386,0.0,76.45,76.69215492740977,77.92358340613671,76.31874913056468,76.92516074052647,76.17218108533285,76.29610589981918,76.0039495826036,76.64749313741552,75.85422415534556,0.003162488203815,0.0190917141735553,-0.0017182951680352887,0.006196078405455718,-0.003640613959832756,-0.002015032086694152,-0.005851625246887371,0.0025799670904458893,-0.007823537223557109
2021-07-02,77.51,77.14,-0.0047850075133383,0.0137700279183487,0.0,77.51,76.19654419928787,77.46418617545244,77.2506616175989,77.97691906180238,77.24893253718112,77.38682571667398,77.0864012758101,77.72477326496687,76.90611315080325,-0.0170908503446218,-0.0005912446067668,-0.003351479923129702,0.006005913142255237,-0.0033738628999561426,-0.0015904045640583453,-0.005480073026173704,0.0027670785029401124,-0.00782159213248168
2021-07-09,77.14,74.46,-0.0353598843355109,-0.0047850075133383,0.0,77.14,75.60426336759684,76.65514759324698,76.80757789207878,77.62146409078707,76.89764150386038,76.83523013841211,76.7294202507693,77.36716884775863,76.51981798915854,-0.0201092774333812,-0.0063051925972104,-0.004318647024289968,0.006222035270691373,-0.0031467463895169523,-0.003958692048377066,-0.0053367423238707135,0.002940562734339125,-0.008072186815686666
2021-07-16,74.46,74.86,0.0053576340317122,-0.0353598843355109,0.0,74.46,72.22152357852538,73.13577989231625,74.21829407584076,74.91925686493134,74.19945174417163,74.05402515603676,74.02592203168247,74.69329626659933,73.84908125884193,-0.0305239564660064,-0.0179443564265966,-0.0032513977725694143,0.006148890034223142,-0.003505307191099677,-0.005467171935456205,-0.005846738854886013,0.0031282775868094193,-0.008238500183132824
2021-07-23,74.86,77.72,0.0374929220329564,0.0053576340317122,0.0,74.86,73.89415654501032,73.09859009785127,75.00017014419994,75.14828586123649,74.53124449855473,75.28278682749955,75.4992300882712,75.17505712157471,74.48997876867156,-0.0129859501111667,-0.0238106232136487,0.0018706796467869435,0.0038436038981737863,-0.004401275767511481,0.005631811609520199,0.008502756220359675,0.0041997862460386726,-0.004955099310670896
2021-07-30,77.72,71.02,-0.0901510969942975,0.0374929220329564,0.0,77.72,76.52593007713844,73.70025922771742,77.77022018013992,78.06911903996776,77.40735866619887,78.27480057675287,78.03205361453963,77.49640393234256,77.32479646873999,-0.0154829858523929,-0.0531063079833984,0.0006459593642352823,0.0044819513267803646,-0.0040307752260250185,0.007113094974055156,0.004007061542233514,-0.002881090099491057,-0.00509793809494874
2021-08-06,71.02,70.9,-0.0016910939768598,-0.0901510969942975,0.0,71.02,69.65967131267118,68.69551463113375,71.13462497913302,71.29243639535068,70.75099559101942,71.36589262094535,71.68018960853948,71.24143663024316,70.63151792247504,-0.0193399810396801,-0.0332776196300983,0.001612680614398898,0.003828712866646211,-0.003794919132732222,0.004858533313766955,0.009252886356653778,0.0031130967649942165,-0.0054850531389318835
2021-08-13,70.9,65.51,-0.0790676307942968,-0.0016910939768598,0.0,70.9,69.99459423067469,69.31699340194113,70.96786260185571,71.18474888985574,70.63145011832269,71.25631233923238,71.5042579286373,70.9886855651818,70.52165855118525,-0.0128524197468239,-0.0225803423672914,0.0009567016206096512,0.004008160950368489,-0.003794919132732222,0.0050129759212810265,0.008486565838235705,0.0012500725674846058,-0.005350557408271506
2021-08-20,65.51,72.26,0.0980679229757092,-0.0790676307942968,0.0,65.51,64.00583495007697,61.433261680997475,65.31595089615428,65.78306585442411,65.20804203008308,65.79281793178284,65.84792240601818,65.19040390889809,65.09054353579694,-0.0232285524449921,-0.0642513930797576,-0.0029665252929338692,0.004159644629775805,-0.004619997397746767,0.004307879657289293,0.005145074545627071,-0.004890523954494463,-0.006423524667438896
2021-08-27,72.26,73.07,0.0111471600836321,0.0980679229757092,0.0,72.26,71.69699089027785,69.99438126362394,72.45334536426623,72.56476415029364,71.9049268131374,72.66776795053313,72.92184743836356,72.36170178985591,71.94287510744752,-0.0078219470520946,-0.0318557545542717,0.0026721167812597812,0.004208736012111386,-0.00492594020883852,0.005627203569210981,0.009117558909418344,0.001406452909376854,-0.004398322898267193
2021-09-03,73.07,72.44,-0.0086592527879137,0.0111471600836321,0.0,73.07,72.19668876349658,72.46369865775861,72.93719582514598,73.36641702156975,72.72633077159114,73.55791752164504,73.38007242082243,72.87169455056328,72.67866230841537,-0.0120237029574719,-0.0083321575075387,-0.0018191461143743926,0.0040484113507529285,-0.004714382908067971,0.006655203603563142,0.00423452005214664,-0.0027175999578962773,-0.005370047667217437
2021-09-10,72.44,74.64,0.0299179235238758,-0.0086592527879137,0.0,72.44,70.84918669609212,69.4977733571762,73.48082434888813,72.7321435248673,72.13298240958913,72.81408916677171,73.0031722486983,72.50903499203572,72.06772852223762,-0.0222051461809363,-0.0414639189839363,0.014265845952617373,0.004024793078646893,-0.004247239654588397,0.00515083597302779,0.00774426265063799,0.0009525416607201742,-0.005152282235640626
2021-09-17,74.64,77.42,0.0365685886104137,0.0299179235238758,0.0,74.64,73.70924180532555,73.55398170448444,75.1849742554352,74.94551014130845,74.38973738322986,75.07659124798795,75.19415004406196,74.92519207622308,74.32673729994774,-0.012548367575497,-0.0146569749340415,0.007274844018899107,0.004084761496125466,-0.0033585626118660117,0.005832252550080297,0.007396879423492653,0.0038136202402401786,-0.004205813559482463
2021-09-24,77.42,79.4,0.0252532231035881,0.0365685886104137,0.0,77.42,77.17083900649186,75.10584536869656,77.73950757640796,77.72854843344838,77.3299815324009,78.09181094940229,77.78996802379655,77.39117591375334,77.08905327236019,-0.0032234925544108,-0.030346754938364,0.004118446017415234,0.003977463448275098,-0.0011634053440412462,0.00864005279789698,0.004767332011075154,-0.0003723773352872217,-0.004283855563700978
2021-10-01,79.4,82.17,0.0342919036900064,0.0252532231035881,0.0,79.4,78.89758048782022,76.59550905291809,79.91822708325213,79.71918341264684,79.50437352089759,79.83783008340377,79.96937762842389,79.9148417099175,79.04572395551523,-0.0063478064250685,-0.0359599217772483,0.006505582198156001,0.0040118838459518025,0.0013136647355243003,0.005499085066700271,0.007145413497261388,0.006463220835007388,-0.004471898970041632
2021-10-08,82.17,84.67,0.0299710757110894,0.0342919036900064,0.0,82.17,81.90452744863673,81.40474461965998,82.33548434025057,82.484016982996,82.42381346914271,82.74126400653124,82.90863270512963,82.8427793087749,81.8522977476953,-0.0032360024088322,-0.0093567129224538,0.002011901265591698,0.003814269089329858,0.003084121632258574,0.006928165823022692,0.008948918734726363,0.008154314344699598,-0.0038738958541877366
2021-10-15,84.67,85.43,0.0089359795093414,0.0299710757110894,0.0,84.67,83.77790627545218,82.62488588138652,85.30693492724465,85.01090471711703,85.38911670254026,85.12832239936894,85.40559266249362,85.49055372947139,84.33239681084454,-0.0105920231917558,-0.0244504306465387,0.007494403975377595,0.004018191397183096,0.0084573059389641,0.00539844570870146,0.008650238847315861,0.009644539488624926,-0.003995252666184945
2021-10-22,85.43,83.1,-0.0276526253021248,0.0089359795093414,0.0,85.43,85.30178044560085,84.58350241053648,85.69009825416053,85.97036476042625,86.46615447685978,86.02857490270172,86.23984591665767,86.62443544326258,85.93769520780599,-0.0015020001334236,-0.0099580865353345,0.003039952140258928,0.006305313894204134,0.012055732481039527,0.006982180212239508,0.00943499331487807,0.013884613075808683,0.005925232203798203
2021-10-29,83.1,82.43,-0.0080952535362662,-0.0276526253021248,0.0,83.1,83.0213236542167,85.65039418474787,83.77695245073562,83.6523593514688,84.16484373314749,83.84686340940935,83.80982039221696,84.27718327720675,83.69526246932938,-0.0009472155643249,0.0302291251718997,0.008113237378016669,0.006624930212155267,0.012732599335281813,0.008947378545470897,0.008505487211881269,0.014066465505255366,0.007137672709882192
2021-11-05,82.43,82.9,0.0056856138161131,-0.0080952535362662,0.0,82.43,81.6920727070502,83.14938520557979,82.67855544156787,82.97607703461492,83.54998490625425,83.06519501953915,83.22419858619273,83.34761092731203,82.71929256645404,-0.0089924804562963,0.0086893634870648,0.0030108146566497074,0.0066028894270290794,0.01349562606100485,0.00767633330491746,0.009588705605572234,0.011070497321243433,0.003503410252064354
2021-11-12,82.9,80.24,-0.0326129184875693,0.0056856138161131,0.0,82.9,82.19709567714969,83.76467611997273,82.93470498689479,83.41684501244566,84.02637084469826,83.52021658104663,83.61599491041748,83.74850002121875,83.29765395239191,-0.0085150930980914,0.0103763304650783,0.0004185491499401617,0.0062152053950219055,0.01349562606100485,0.007453655153589311,0.008599766328426628,0.010183198209133937,0.00478532279810745
2021-11-19,80.24,72.37,-0.1032302947756436,-0.0326129184875693,0.0,80.24,79.42398060477792,82.00088178494138,80.36550897826886,80.74613016149402,81.26706095576611,80.98628924699197,80.9229388665508,81.1548123604652,80.47419935961396,-0.0102217982700729,0.0217078570276498,0.0015629476798998954,0.006287893604040418,0.012718636507287995,0.009257728135565302,0.008475186159272563,0.011336450587628,0.002914484548665164
2021-11-26,72.37,70.71,-0.023204843261887,-0.1032302947756436,0.0,72.37,71.07269971653783,74.11261318406893,72.73133949540718,72.84432909942068,73.15822505049562,73.13567324276224,72.73897431053933,72.86970587490735,72.62412804089632,-0.0180885560358214,0.0237938873469829,0.00498052249001274,0.006532837211190967,0.010832713148784645,0.010524404898405004,0.005085489818939082,0.006881146497221102,0.0035053599003971314
2021-12-03,70.71,74.98,0.0586344056916167,-0.023204843261887,0.0,70.71,69.22662666169255,70.07541342676947,70.90925922295217,71.16480130191628,71.31258995942241,71.27217481073087,70.82243724038773,71.17929892772122,70.82803770590438,-0.0212014386525718,-0.0090150088071823,0.0028140149233183975,0.006411326826609276,0.008485883487171053,0.007918990525794367,0.001588855053069993,0.0066150251299695595,0.0016679294864128669
2021-12-10,74.98,72.97,-0.0271730135302372,0.0586344056916167,0.0,74.98,74.30433337316795,75.57553089441745,75.17620445745467,75.4538661660285,75.39095582000715,75.57872829962118,75.11377975886512,75.12244027547135,75.38210290822414,-0.0090521386310787,0.0079111540690064,0.00261333948642567,0.0063000140250839,0.005465907174872053,0.007953460587145467,0.001782616101829837,0.0018979080948506866,0.005348473571443857
2021-12-17,72.97,75.24,0.0306346066553009,-0.0271730135302372,0.0,72.97,72.3617463027413,73.41870551401358,73.19113767741493,73.43105996535148,73.30495361097482,73.68090012505779,72.52436405979718,72.05306645329271,72.90211573746902,-0.0083706040045885,0.0061303488910198,0.0030259458795052208,0.0062986086267670105,0.004579788790383232,0.00969521077592278,-0.006125836373866322,-0.01264551616419296,-0.0009307367222076701
2021-12-24,75.24,77.24,0.0262344531274841,0.0306346066553009,0.0,75.24,74.70725766446009,75.20084885542079,75.33769475873996,75.70285884028164,75.5193899694914,75.84229679292504,74.95174686149356,74.44624132142319,75.0996188207721,-0.0071057595241156,-0.0005204855697229,0.0012975995230157522,0.00613292069089566,0.0037064396373016617,0.007973137772202654,-0.0038384731312300913,-0.010605732521887679,-0.0018675212978307432
2021-12-31,77.24,82.28,0.0632106072244427,0.0262344531274841,0.0,77.24,77.2488136896569,77.83608526213987,77.62496477912651,77.75253656440371,77.4600403080303,77.98013620223911,76.50151113688186,76.26300485194007,76.94437248752912,0.0001141013314293,0.0076876869425177,0.004971628962166907,0.0066137175894141476,0.002844736898353184,0.009536672623018771,-0.00960696349962753,-0.012729501180437808,-0.003834732015603637
2022-01-07,82.28,87.17,0.0577321702387283,0.0632106072244427,0.0,82.28,82.02969026222641,82.21691107947025,82.20100767475128,82.8241538435287,82.44110325560028,82.85218362955858,81.73017501769029,81.50156236856058,82.02339254139105,-0.0030468066857186,-0.0007670529885217,-0.0009605039808352756,0.006591667152563541,0.001956073675859038,0.006930035162441395,-0.0067047918459399725,-0.009505874555297167,-0.003123583308636435
2022-01-14,87.17,89.75,0.0291677923449035,0.0577321702387283,0.0,87.17,88.26116657958404,87.96546464402962,87.54346352952479,87.7622202117786,87.34067781709622,88.02919535610374,86.43983461027946,86.41960897570237,86.94606845601253,0.0124399862649417,0.0090840552002191,0.004275161064248967,0.006770879299174526,0.001956073675859038,0.00980828984301696,-0.008411616733697724,-0.008645629226736062,-0.0025722113925404355
2022-01-21,89.75,91.47,0.0189830222998847,0.0291677923449035,0.0,89.75,89.31330098517019,87.60583291806736,89.95269413930566,90.0991833307801,89.15792081990517,90.44815032430773,88.75718023018057,89.55026937057534,89.5579479324589,-0.0048776033751144,-0.0241804458200931,0.0022558841005240193,0.0038830731735279844,-0.00661883877375824,0.007748734560199644,-0.011123698283380667,-0.002227890819565981,-0.002142148668771271
2022-01-28,91.47,96.86,0.0572555873068098,0.0189830222998847,0.0,91.47,91.2705065797215,91.6125042612946,91.43321205367677,91.79003639998861,90.76909208673014,92.0437756022824,90.29881262747382,91.42288359145999,90.22308456913947,-0.0021833528128119,0.0015567220980301,-0.00040226682086386134,0.003492706119883046,-0.007692217529324363,0.0062532359774277735,-0.012886738529195307,-0.0005152350234420844,-0.013725728856158081
2022-02-04,96.86,97.5,0.0065857410287184,0.0572555873068098,0.0,96.86,97.06353954285224,96.2873819758696,96.30085197010796,97.19410874505353,96.00660697259764,97.78386766152265,95.70324116625515,96.76342602380258,91.61544078348186,0.0020991739122954,-0.0059293550439178,-0.0057894711685184674,0.0034434630356823537,-0.008849625244190085,0.009492974123386566,-0.012014471103734436,-0.0009975444210340578,-0.055666811995643606
2022-02-11,97.5,96.18,-0.0136309421542848,0.0065857410287184,0.0,97.5,97.1058118874762,96.8866543819946,97.61538761745366,97.84101767211958,96.52890747627985,98.34068492472751,95.99357165342026,97.34469714592382,88.33767894961797,-0.0040511498378417,-0.0063105942681431,0.0011827630031052694,0.0034915147122680235,-0.010009855178114258,0.008585448819755093,-0.015571150721555238,-0.001594119719337983,-0.09868564623970322
2022-02-18,96.18,98.56,0.024444063935693,-0.0136309421542848,0.0,96.18,96.06519846181104,95.86932503331984,96.47000497948167,96.50185124645928,95.25171138924105,96.99733040111344,94.73818560581812,96.06726209478298,88.80950739794397,-0.0011943242562485,-0.0032353692222386,0.0030106949498374114,0.0033407562125473966,-0.009698454663003675,0.008462020637133194,-0.015104289837509333,-0.0011728428994176587,-0.07972772629030977
2022-02-25,98.56,123.86,0.2284863957247052,0.024444063935693,0.0,98.56,98.10500624403764,97.40453618289632,97.84129637867153,98.92327378310637,97.63320154336988,99.22930771270815,96.7986542512506,98.48003385643526,91.5539971153969,-0.0046271024666696,-0.0117927175015211,-0.007318758507651069,0.003679037580239991,-0.00944788446653222,0.006767911523921755,-0.018032407962430774,-0.0008116741191107613,-0.07373656915467919
2022-03-04,123.86,118.11,-0.047535501886159,0.2284863957247052,0.0,123.86,123.21300858720215,122.87651699300348,123.99866190385055,124.29157437735223,122.71964507310425,124.23120513505931,122.14213573471864,123.74730087020107,115.13601184917168,-0.005237260802805,-0.0079719712957739,0.0011188789389182663,0.003478316134471332,-0.009249450063467224,0.0029924915062521096,-0.013966481911371398,-0.0009103054488720508,-0.07303775426728443
2022-03-11,118.11,114.32,-0.0326148600021439,-0.047535501886159,0.0,118.11,117.08523882334453,112.30013849356004,118.35156671679158,118.54301983056324,117.0421136953601,119.10728412890387,116.43541085759072,118.15742372236701,111.3631442569377,-0.0087141871285583,-0.0504412986338138,0.002043180244319598,0.0036595376144455682,-0.009082577476872578,0.008408240639808606,-0.014279687601413071,0.0004014410641698385,-0.05881996237035647
2022-03-18,114.32,122.67,0.0704962894230488,-0.0326148600021439,0.0,114.32,113.3074874747606,113.25697576720052,114.04919661659099,114.7668855766665,113.36469105841718,114.70427377671223,112.84315866823192,114.33952345040167,106.28401166079476,-0.0088962823805449,-0.0093421749770641,-0.0023716290493787096,0.0039014554883119446,-0.008391557140410733,0.003355750296561738,-0.013002655428056453,0.00017076437626151186,-0.07288666729262339
2022-03-25,122.67,106.13,-0.1448330652709296,0.0704962894230488,0.0,122.67,125.01504147772968,121.64707722830669,121.98714240938428,123.13771812140347,121.70271047294564,123.1829023851477,120.93826611329064,122.58819686295318,114.8856388800332,0.018936238840185,-0.0083737801760435,-0.0055821739523436165,0.0038055655001277555,-0.0079165515412154,0.004172439082681417,-0.014217605053725046,-0.0006670777256509997,-0.06556063399086742
2022-04-01,106.13,101.26,-0.0469732912319679,-0.1448330652709296,0.0,106.13,108.24108256319876,105.66418156858904,106.27656650789986,106.53521395455843,105.3295093645681,106.63288769794327,104.63029662960807,106.27472341868908,99.13836826537673,0.0196962275465356,-0.0043987911194562,0.0013800564979842278,0.0038108201845663547,-0.007571137014852569,0.004727221367136658,-0.014231605350787602,0.0013627139618700435,-0.06814822420946243
2022-04-08,101.26,110.83,0.0903060292457984,-0.0469732912319679,0.0,101.26,101.8530035289291,99.93843344988127,100.21807905420259,101.63843280823875,100.51999124381905,101.76051446704022,99.79683406047123,101.3979466013457,94.5639664092221,0.005839165425537,-0.0131371356546878,-0.010342864483815717,0.003730272746055252,-0.00733484097521897,0.004930688727522559,-0.01455500656849451,0.001361373930450438,-0.06841496781167145
2022-04-15,110.83,105.15,-0.0526095936388528,0.0903060292457984,0.0,110.83,113.15094664042692,112.00241276771231,110.74143378292,111.23254188902565,110.20684327539996,111.5683675603267,109.61668821365383,110.92025546042794,106.61619560281858,0.0207252425002659,0.0105229178443551,-0.0007994371863265792,0.003625486104264164,-0.005638502308951354,0.006640069181639174,-0.011007868141623911,0.0008140280625559271,-0.038762066863936795
2022-04-22,105.15,108.36,0.0300711150681855,-0.0526095936388528,0.0,105.15,104.5899016843875,104.07176985680226,104.63008659626928,105.72035789472157,104.8957985591125,105.93326549295102,104.53473128279643,105.30634616910066,104.88457640253644,-0.0053408973926545,-0.0103071462363004,-0.004956757113265597,0.005409572889269271,-0.0024204394159283993,0.00742142287921399,-0.005868529188949534,0.0014857826880342317,-0.0025274289909905656
2022-04-29,108.36,113.86,0.0495106063060414,0.0300711150681855,0.0,108.36,108.73245547434696,108.93631576917367,107.9099482791099,108.93590765124999,108.31435553764288,108.99015067107757,107.48532764670043,108.51138068390145,108.25702368022672,0.0034313107654585,0.0053044352680444,-0.004161950137911319,0.005300688871029802,-0.00042131855354132774,0.005798500113662786,-0.008104665971814029,0.0013960413587994491,-0.0009507685571610303
2022-05-06,113.86,112.12,-0.0153998972263482,0.0495106063060414,0.0,113.86,114.3529951805145,114.58760604577289,113.30104600757454,114.497819308856,113.99991596836303,114.74381030726659,113.22527396483879,114.19668425666943,113.7480394264558,0.0043204896987065,0.0063700252212584,-0.004921223337641556,0.005586153952491624,0.0012280877516654964,0.0077322832854526125,-0.005590214433872309,0.002952638747423797,-0.0009838016517917936
2022-05-13,112.12,113.63,0.01337782963333,-0.0153998972263482,0.0,112.12,111.25902076914312,112.94539436379598,112.20442790124602,112.73187915276957,112.25777778300424,112.85548505737955,111.28936279089156,112.15246372507035,112.11259264151272,-0.0077087229721632,0.0073347399011254,0.0007527303737925872,0.005442522121224369,0.0012280877516654964,0.0065383806362852015,-0.007436044991302904,0.00028950255201076747,-6.606852645923977e-05
2022-05-20,113.63,121.19,0.0644120060504783,0.01337782963333,0.0,113.63,113.24054286048514,112.77348413880372,113.27446554435885,114.25341478218508,113.87878712767582,114.34411140646104,113.02682180856269,113.61085402814234,113.45295769959034,-0.0034333018043402,-0.0075663141906261,-0.0031337836014078135,0.0054713620820718845,0.0021870559812974255,0.006264866986058049,-0.0053224042455523035,-0.00016850818471736417,-0.0015592745318621093
2022-05-27,121.19,125.68,0.0363794319669697,0.0644120060504783,0.0,121.19,121.52335009973424,121.41056238597804,121.24010708501324,121.8435953752815,121.643420359795,121.9493704611738,120.81432138633062,121.49062192578727,121.14854754876761,0.00274686422645,0.0018183176871389,0.0004133734570284098,0.005378655160635487,0.003734419142709444,0.006246400398211227,-0.003104728984109073,0.0024775120252407135,-0.00034210365668985165
2022-06-03,125.68,127.44,0.0139066716544272,0.0363794319669697,0.0,125.68,124.9889657951943,121.85795936587844,125.43515959073031,126.39888988333372,126.37499984336391,126.52792746561624,125.02009802094493,125.93245987670518,125.56871084242674,-0.005513534179857,-0.0308828949928283,-0.0019500255361291075,0.005703705158262018,0.005514682153814898,0.006724060333172743,-0.00526448540189417,0.0020067365626490474,-0.0008858884447877635
2022-06-10,127.44,119.22,-0.0666751398100125,0.0139066716544272,0.0,127.44,126.64506056477254,125.76984526003984,127.05384083715829,128.12614605326578,128.33097283720429,128.47416973166156,126.49904795347014,127.5599894639133,127.22218882455022,-0.0062572905875917,-0.0131920538842678,-0.003034725382227932,0.0053696290568519545,0.006966986372389239,0.008082204766118761,-0.007410883522063649,0.0009410939429553844,-0.0017105894641593622
2022-06-17,119.22,117.36,-0.0157243919570542,-0.0666751398100125,0.0,119.22,117.3267000191554,116.89295538833647,118.34534670225115,119.8642057652655,120.04148944414871,119.53928697516969,118.61762588081666,119.52515402254787,118.9808759549731,-0.0160081743875486,-0.0197119209915399,-0.007363508709951283,0.005388957603678385,0.006866902602015057,0.0026745528481220554,-0.005065434074692177,0.0025563173415840135,-0.00200775185561608
2022-06-24,117.36,119.21,0.0156405098951838,-0.0157243919570542,0.0,117.36,116.21297224508812,113.87214029999004,116.92013021281568,117.98579522185226,118.15667056368339,117.72306212580267,117.01437718696968,117.68569878205089,117.2477006559078,-0.0098216584268181,-0.0301698911935091,-0.003755079900754188,0.005318103908919597,0.00676532663598739,0.003088801134159866,-0.0029493246464254996,0.0027713673740786815,-0.0009573373112224948
2022-07-01,119.21,113.95,-0.0451268880382168,0.0156405098951838,0.0,119.21,116.60127370886826,113.08410476111536,119.32358864536471,119.8785537440716,120.00337787187571,119.69085517194435,118.55893333655806,119.38795370248862,118.90510067808351,-0.0221264461264557,-0.0527548119425773,0.0009523912719852645,0.005592534448845554,0.006633247588259672,0.0040255680203476335,-0.005476479046508165,0.0014916618749120092,-0.0025609420627793478
2022-07-08,113.95,112.26,-0.0149421461776399,-0.0451268880382168,0.0,113.95,112.71019870449376,109.7321212018606,113.51893398481845,114.655332172827,114.69488751501763,114.73965399778083,113.41109380633372,113.9003499516198,113.92091072276726,-0.010939844467973,-0.0377176217734813,-0.003790113433517983,0.006170760797879038,0.006515694782565418,0.006905927944809709,-0.00474054020296899,-0.00043581279709759,-0.00025531365366893155
2022-07-15,112.26,106.77,-0.0501406213238422,-0.0149421461776399,0.0,112.26,110.30660438273992,109.76180914022662,111.67042539419056,112.88752780604662,113.02022215815114,112.42341763229634,111.89501294123916,112.43199278982621,111.95416958350238,-0.0175538085036988,-0.0225049629807472,-0.005265706677107351,0.005574384379269048,0.006749150339146248,0.0014546481697174096,-0.0032565622917369863,0.0015309208065902302,-0.002728022111485706
2022-07-22,106.77,111.51,0.0434372847870595,-0.0501406213238422,0.0,106.77,105.22695435539856,103.37632745167303,106.39744502153641,107.29097598862931,107.3493626925453,106.65279961054256,106.67296810529386,106.89442720097354,106.34826739280714,-0.0145575005970163,-0.0323009938001632,-0.003495424526467339,0.0048675571514272264,0.005411599391714983,-0.0010982931669191176,-0.0009092068223359728,0.0011646975275128035,-0.0039577382346693835
2022-07-29,111.51,100.31,-0.1058488820818767,0.0434372847870595,0.0,111.51,110.342791973477,108.95484062438528,110.95131248670006,112.0413813705179,112.06488901050105,111.31562400221515,111.2590117095817,111.6297860055959,111.07914248802423,-0.0105224620864529,-0.0231807827949523,-0.005022794135512321,0.004754006600662941,0.0049637967152316165,-0.0017446471693605137,-0.002253351080506949,0.0010736410502731886,-0.003871330337786638
2022-08-05,100.31,103.7,0.0332367243400878,-0.1058488820818767,0.0,100.31,98.61913276511989,99.94911868134112,99.4102926267021,100.78898631615179,100.7808383986194,100.20161714204859,100.09729130962451,100.46793700769618,99.94924556820365,-0.0170001038399659,-0.0036041475832462,-0.009009735041208167,0.0047636960356775004,0.004682851419690159,-0.001081063232662438,-0.0021227647842541053,0.0015732509520325344,-0.00360287806948123
2022-08-12,103.7,96.45,-0.0724773758837435,0.0332367243400878,0.0,103.7,102.59849504233264,99.97148696659724,103.2937916913817,104.19673701612776,104.1867504928405,103.43244724471249,103.48810342026128,103.74972651094467,103.32721275035524,-0.0106788508097772,-0.0366171002388,-0.00392484070896737,0.004778698968978035,0.004682851419690159,-0.002583399246707474,-0.00204545193589567,0.0004794078327641227,-0.003601339626825961
2022-08-19,96.45,101.13,0.0473820785623409,-0.0724773758837435,0.0,96.45,94.55667740473596,93.20921085206848,96.29267359234319,96.91293411914323,96.91725584284997,96.38064664991643,96.24336525542286,96.5056057805672,96.09972289047943,-0.0198253237400491,-0.0341781936585903,-0.0016325024413637035,0.004788249679173628,0.00483284256440264,-0.0007193187833870462,-0.002144700970983404,0.0005763582963196345,-0.003638306933452906
2022-08-26,101.13,93.09,-0.0828400507856804,0.0473820785623409,0.0,101.13,101.11195591446048,101.84689916356297,100.46783928108168,101.60120345904242,101.6367688225124,101.04701637939176,100.79269219066262,101.41591873486412,100.80857645568668,-0.0001784405763463,0.0070638791657984,-0.00656914878157977,0.004648562229465303,0.004998549620441217,-0.000820900681535286,-0.0033409630134313417,0.00282325041714393,-0.0031833820104587573
2022-09-02,93.09,91.68,-0.015262514161969,-0.0828400507856804,0.0,93.09,91.8632405633538,94.3695448161759,92.4941548991806,93.52619384181837,93.55873360959326,92.86948131060977,92.84148075649462,93.21436784249236,92.71973043479122,-0.0132658116555698,0.0136516354978084,-0.006421314885737495,0.004674777972945965,0.005022638899491838,-0.0023716864684961703,-0.0026732362964185796,0.0013351040816320658,-0.003985475404933325
2022-09-09,91.68,89.43,-0.0248480566083396,-0.015262514161969,0.0,91.68,91.27372969136664,92.94789131030733,91.15945321883946,92.11626565956527,92.14094027950381,91.59437156045847,91.44833440177473,91.78800740741347,91.43292724965292,-0.0044412428990988,0.0137347746640443,-0.00569404664511497,0.0047472833828449135,0.005015111389464977,-0.0009344290207414785,-0.002530091507284782,0.0011773978626243853,-0.0026985850097807074
2022-09-16,89.43,84.29,-0.0591929623486989,-0.0248480566083396,0.0,89.43,87.81244879381872,89.38975636792574,89.016989297969,89.85922558791968,89.79853005951908,89.19835029672119,89.20526097075266,89.5036087806584,89.11729529460192,-0.0182529199610849,-0.0004501027578953,-0.004628953854900697,0.0047880892623651805,0.0041124097684179794,-0.0025936513745270506,-0.0025161790186052357,0.0008227496814292579,-0.0035027696679119646
2022-09-23,84.29,88.9,0.0532489085104681,-0.0591929623486989,0.0,84.29,84.17469234558499,85.49639868751899,83.69280931831841,84.69012055285431,84.57618540258507,83.95108332582782,84.13678935905108,84.43699374894912,83.98743002976346,-0.0013689239070373,0.0142110204324126,-0.00711017037985906,0.0047357203834214046,0.003389496551887472,-0.0040289461518561165,-0.0018193148939236181,0.0017423861217622516,-0.003596088866449687
2022-09-30,88.9,98.88,0.1063948511895216,0.0532489085104681,0.0,88.9,88.83520335109905,91.06139646793125,88.38425814031655,89.32375430583238,89.15538854741033,88.49350601912073,88.64204764437547,88.93352238798686,88.5487179254702,-0.0007291369469858,0.0240218229591846,-0.0058182640693420495,0.004755315653776737,0.0028686435679250444,-0.004582971513315437,-0.0029058191065707284,0.00037700865319179044,-0.003959256933717459
2022-10-07,98.88,92.22,-0.0697299669308211,0.1063948511895216,0.0,98.88,98.7348477108201,98.6700802015247,98.61102788136363,99.3503745156067,99.10285935686501,98.72594339484125,98.75327427937636,99.10023593864466,98.51434003800105,-0.0014690426044966,-0.002125232014805,-0.0027238937163598376,0.0047457449401896445,0.0022513004581958818,-0.00155923079765663,-0.0012824332183316578,0.002224828437498161,-0.0037048719855374834
2022-10-14,92.22,91.82,-0.0043468879574835,-0.0697299669308211,0.0,92.22,91.48186407716636,94.43230021779918,91.93009561346473,92.6555737540985,92.42784880552277,91.97051651231037,92.07334566547922,92.23419381439618,91.9246371154598,-0.0080362809495739,0.0237061511725187,-0.003148568835290355,0.0047120833888461,0.0022513004581958818,-0.002708973784144808,-0.001591531858593953,0.0001539006962181233,-0.003207947214356466
2022-10-21,91.82,94.64,0.0302500808490554,-0.0043468879574835,0.0,91.82,90.9328879509118,93.4780905790157,91.39005089838687,91.88138694085671,91.6853718297311,91.33095807312834,91.63247921766747,92.00604839438972,91.48960196203222,-0.0097083994324035,0.0178969446569681,-0.004693518601056934,0.0006683340192904508,-0.0014672943149349194,-0.005340327937885081,-0.002044353376332325,0.002024179484240385,-0.0036048127562976484
2022-10-28,94.64,99.53,0.0503788865878407,0.0302500808490554,0.0,94.64,94.20782981273815,92.91931804042444,94.39379960224957,94.7000159893349,94.5945691740477,93.91632038334893,94.3774760967399,94.82634110182313,94.32255833807173,-0.0045769225108186,-0.0183486510068178,-0.002604830855404694,0.0006339493638605198,-0.0004801535683824909,-0.007676042558970808,-0.002777775658473036,0.00196701071885369,-0.0033598397835079563
2022-11-04,99.53,96.37,-0.032264156394776,0.0503788865878407,0.0,99.53,98.98555335610524,99.64836774518744,98.93389002249894,99.5919116379882,99.59219955512062,99.16149187493862,99.28027489419465,99.58640066828224,99.17980524492873,-0.0054851924674793,0.0011885603889822,-0.006007256736636268,0.0006218465810616247,0.0006247375459149662,-0.0037093540756940047,-0.0025121964875866043,0.0005665095351396476,-0.003524688851576807
2022-11-11,96.37,88.93,-0.0803454064516473,-0.032264156394776,0.0,96.37,96.53045998246051,95.55549637386088,96.2020551003902,96.43211266784745,96.51434483097334,95.59931913891337,96.21539186010563,96.44011937076057,96.01215516471841,0.0016636561621943,-0.0084877572953701,-0.0017442296297975335,0.0006443152425746057,0.0014966985324337823,-0.008029251809095417,-0.0016056064441408724,0.0007273412213077424,-0.0037201501113768853
2022-11-18,88.93,83.4,-0.0642012340468476,-0.0803454064516473,0.0,88.93,86.60900737705084,87.80580917187571,88.30577939025558,88.98506853173198,88.96221740260215,88.2631960646546,88.65380400709934,88.83368351393776,88.45809088829675,-0.0264457219696152,-0.0127218812704086,-0.007043986185233386,0.0006190429393647112,0.00036221261868324417,-0.0075263282990376545,-0.00311060141038505,-0.001083646485981804,-0.005320652842320195
2022-11-25,83.4,86.54,0.0369584254320376,-0.0642012340468476,0.0,83.4,82.9691027591261,82.54809280410916,82.86305878989762,83.44314793098215,83.32314890755383,82.70475231915071,83.16536110490193,83.30217231305367,82.9925002955182,-0.0051800267866793,-0.0102672427892684,-0.00645895823993059,0.0005172274975525915,-0.0009219007485490871,-0.008371244425612101,-0.0028173811019062134,-0.0011736823440148259,-0.004898063535945796
2022-12-02,86.54,76.37,-0.125016785896446,0.0369584254320376,0.0,86.54,84.7495068088718,81.4034058554967,86.0927963775161,86.61544135071344,86.35157277532153,85.99425491458706,86.34830320854567,86.52152137591084,86.129306387253,-0.0209068079174562,-0.0611896216869354,-0.005180992629592818,0.0008713714671445272,-0.0021797164113648293,-0.006326244093427247,-0.0022175805587201225,-0.00021354977134696584,-0.004757005119305435
2022-12-09,76.37,80.2,0.0489335659721759,-0.125016785896446,0.0,76.37,74.83913775943408,74.74650935394283,75.77064415484713,76.42637582588098,76.10116208780128,75.77952202474219,76.1079755728367,76.31957543987971,75.89862065835044,-0.0202489686800392,-0.0214874353259801,-0.007879011543403425,0.0007379210159198235,-0.003526413613092527,-0.007761850736140552,-0.003436885676140977,-0.0006604846703924805,-0.006191437808105105
2022-12-16,80.2,82.45,0.027668534133139,0.0489335659721759,0.0,80.2,78.77024384102717,79.6128846277622,80.06228708334247,80.27472077437936,79.7641176509679,79.60246554322909,79.94234974940953,80.01971901777374,79.78751877423313,-0.0179882055542175,-0.0073475679382681,-0.0017185945996301688,0.0009312467336754227,-0.00544976503779715,-0.007478448340651589,-0.0032177681082299903,-0.0022504228495232037,-0.005156428987383166
2022-12-23,82.45,82.82,0.0044775291118132,0.027668534133139,0.0,82.45,81.4891951328651,80.44685462003504,82.27770947255837,82.51811909518204,81.89097289120846,82.26758805879649,82.14279478988806,82.28994405453777,81.9930740925938,-0.0117216126045104,-0.0245952736586332,-0.0020918228125421656,0.0008258456170465445,-0.0068032853299427876,-0.0022148456387972026,-0.0037329163434826063,-0.0019431352455783757,-0.005557267593936044
2022-12-30,82.82,76.41,-0.0805560004579458,0.0044775291118132,0.0,82.82,82.42454999033407,82.89797112487032,82.3745080964888,82.88202292931716,82.17429191068214,82.30366297985839,82.3524553719486,82.6062217109392,82.22315039959092,-0.0047862488004438,0.0009410099592059,-0.005393556827131163,0.0007486080268334361,-0.007827075450236531,-0.006253963771632898,-0.005661305642596537,-0.002584577050164072,-0.007232680675467895
2023-01-06,76.41,83.43,0.087894379254508,-0.0805560004579458,0.0,76.41,75.31039992405738,74.15953258733255,76.0538653513014,76.46055816951386,75.74591354799232,75.83491556109578,76.23781273619039,76.5362378549857,75.98754872602764,-0.0144953391890843,-0.0298949591815471,-0.00467173379870095,0.0006614507327321328,-0.008729081286322327,-0.007554763612318993,-0.002256007914599123,0.0016507484645893467,-0.005544083347430617
2023-01-13,83.43,86.96,0.0414402858989706,0.087894379254508,0.0,83.43,83.24255457687094,81.88793161460731,83.13928109702846,83.48461819406234,82.70490207183614,83.01668376819572,83.19625063113416,83.34890224662051,83.09107078404477,-0.0022492665649951,-0.0186563320457935,-0.003490670023334752,0.0006544447287202548,-0.008729081286322327,-0.004966360061668784,-0.002805674631894184,-0.0009725182103834107,-0.00407071228144007
2023-01-20,86.96,85.36,-0.018570635819456,0.0414402858989706,0.0,86.96,86.91307375768992,88.01907998853147,86.86012409905604,86.59852409969069,86.56042544278483,86.48930483246939,86.6813038695921,86.71190934683732,86.21131957736682,-0.0005397758541363,0.0121053662151098,-0.0011491869822695122,-0.004165470118538295,-0.0046055127224153836,-0.005427480074882141,-0.0032100239229961858,-0.0028570057512311564,-0.008646756161844849
2023-01-27,85.36,78.85,-0.0793302935844505,-0.018570635819456,0.0,85.36,86.44273610999895,87.01148603644648,84.91379498940503,85.01677747388949,84.95495793653309,84.49461441063974,85.2399215238217,85.31402167132686,84.48694455297023,0.0126045774297364,0.0191625263541936,-0.005241041723476059,-0.004028987934695749,-0.00475639758234081,-0.010189809446845999,-0.001407720413180158,-0.0005387853328251424,-0.01028058689879785
2023-02-03,78.85,85.46,0.0805011168068314,-0.0793302935844505,0.0,78.85,79.54005308661691,83.26968594597962,78.21873830419051,78.53749407008524,78.47966323983192,78.33572596914368,78.62291500154511,78.69878216319006,78.09981335551842,0.008713393790653,0.0545372553169727,-0.00803807430393988,-0.003971171184231181,-0.004707789192849532,-0.0065435441125245575,-0.0028841170033953034,-0.0019196325248600488,-0.009559646380367326
2023-02-10,85.46,81.97,-0.0416951035509395,0.0805011168068314,0.0,85.46,86.36025121051199,87.59874407586834,85.16039701038135,85.10225207516373,85.10567522767053,85.02534562776133,85.17946548174683,85.34554103261473,84.42564660280883,0.0104790843022727,0.0247182305902242,-0.0035119282665050378,-0.004194931118748357,-0.0041547079333597026,-0.005099034317517237,-0.003288040901960443,-0.001340225660431571,-0.012177205071488117
2023-02-17,81.97,82.31,0.0041392803196134,-0.0416951035509395,0.0,81.97,82.88742218771526,83.29707984915582,81.28616435447631,81.63366384317823,81.60623047447368,81.2220495673934,81.68918131613657,81.9790372456574,80.9902033539146,0.0111300012597706,0.0160601660609245,-0.008377504735200603,-0.0041116026712622045,-0.004447713755840965,-0.009166569962886228,-0.0034317531983667493,0.00011024457134212184,-0.012025125555055638
2023-02-24,82.31,85.74,0.0408268541852784,0.0041392803196134,0.0,82.31,82.77197426498435,84.07545812760858,81.92396906633499,81.96971933409704,81.92816941859178,81.39044331015238,82.07872749837884,82.26517376344589,81.30321435795766,0.0055969220504735,0.021222099661827,-0.00470099635025889,-0.004142704333075287,-0.0046497263174529735,-0.011234744920635364,-0.0028137288696612472,-0.000544750907899072,-0.012307054214105051
2023-03-03,85.74,82.3,-0.0409483534868068,0.0408268541852784,0.0,85.74,86.812217114063,85.54315083844436,84.97877160232088,85.39460750775079,85.33904336232236,84.97237199461236,85.53493728433664,85.59289307193258,84.88164671555357,0.012427900754115,-0.0022985243704169,-0.008917981726252577,-0.00403650630631347,-0.0046873931948319125,-0.008993292872457204,-0.002394545482228061,-0.0017172063294896844,-0.010061566539171451
2023-03-10,82.3,71.03,-0.1472687846733054,-0.0409483534868068,0.0,82.3,81.74235988167742,82.2599380601451,82.09863518021267,81.96601560308068,81.91688549794388,81.54659110624344,82.07047777238608,82.1704578163516,81.54892746384027,-0.0067987593779121,-0.0004868978576269,-0.002449715233554528,-0.0040663901892354914,-0.00466596593848756,-0.009196580762004913,-0.0027927445354283265,-0.0015752641800368394,-0.00916793058672738
2023-03-17,71.03,73.63,0.0359502283709067,-0.1472687846733054,0.0,71.03,70.40465427652653,70.93649705951808,70.7959478419187,70.74572363953324,70.69158103385263,70.32078012282093,70.88414558877272,70.92842059574254,70.23012885328835,-0.0088429501485371,-0.0013172538019716,-0.003300557819169825,-0.004010231570619638,-0.004775837341322031,-0.01003497579756285,-0.0020555309969640945,-0.0014311151274881695,-0.011324918107618487
2023-03-24,73.63,79.19,0.0727974768416957,0.0359502283709067,0.0,73.63,72.343938375929,71.16524530593148,73.29512377271543,73.3363175871235,73.26156410195519,73.03709768904538,73.4918772115247,73.53750961983239,72.89174791594144,-0.0176208837628772,-0.0340479798614978,-0.004558468947575278,-0.003996600154501095,-0.005016444244827056,-0.008085051794612497,-0.0018776653978864744,-0.0012569403747288987,-0.010077116085501103
2023-03-31,79.19,86.56,0.0889877868758503,0.0727974768416957,0.0,79.19,79.0594432317692,79.67539900784648,79.01608018529159,78.87173257942283,78.78472341374605,78.47556661137756,79.01180137311857,79.3907672456496,78.33363187165503,-0.0016500127290827,0.006110840011388,-0.0021986498188475423,-0.004027133519498349,-0.005130915460586749,-0.009062705241586144,-0.002252802442193058,0.0025320517286093747,-0.010872991626023065
2023-04-07,86.56,87.31,0.0086271887245447,0.0889877868758503,0.0,86.56,85.7961620482453,83.49472415064241,86.00502307345042,86.2045478646127,86.15971634594386,85.84754807225359,86.26169453966168,86.38358356992963,85.4984124462353,-0.008863540977165,-0.0360543690621852,-0.006432112719515715,-0.004114879369991442,-0.004635074433453568,-0.008264788765302455,-0.0034521795123989563,-0.0020401623190604568,-0.012340007208130999
2023-04-14,87.31,83.36,-0.0462964258176594,0.0086271887245447,0.0,87.31,86.77001400684567,86.96593590399132,86.751922286265,86.944367205482,86.90624808415387,86.72676596774723,87.00824669672988,87.37319586516882,86.38950712459922,-0.0062039025923491,-0.0039485031738877,-0.006412426321771747,-0.004196547116475102,-0.004635074433453568,-0.006702448329054533,-0.003462100042799676,0.0007235483368948081,-0.010598780704924593
2023-04-21,83.36,81.32,-0.0247765892449109,-0.0462964258176594,0.0,83.36,82.61935997583758,82.8348824008534,82.57621098208536,83.19433538712096,84.1718044964052,82.59963706432745,85.17627364506794,82.71407212090075,82.68076520130032,-0.0089245426672956,-0.006319320295006,-0.009446941597040626,-0.0019893167851458837,0.00969142370081405,-0.009163291382118355,0.02155433870364587,-0.007778831794154173,-0.008181588259711492
2023-04-28,81.32,75.85,-0.0696342829656046,-0.0247765892449109,0.0,81.32,80.6522066191313,80.63636794096807,80.19828383927147,81.16684736190781,82.23347040986097,80.62993868430493,79.75958754201794,80.87989011183468,80.7103198272397,-0.0082458241276158,-0.0084422258660197,-0.01388987262945296,-0.0018851086833520936,0.011170413027364212,-0.008521960521089111,-0.019375034358424914,-0.005426772705694027,-0.007525542759932002
2023-05-05,75.85,74.54,-0.0174218117434287,-0.0696342829656046,0.0,75.85,75.17857760067622,74.98788762961736,74.52007735439607,75.6907236366015,76.80539035007126,75.31065023745887,74.22044729742292,75.4612211634058,75.17872449331367,-0.0088913877540106,-0.0114311035722494,-0.017689122026318227,-0.002102093988033099,0.01251711874598982,-0.007136143573569065,-0.0217180235375265,-0.005138808465838918,-0.008889433839762262
2023-05-12,74.54,75.42,0.0117365977790986,-0.0174218117434287,0.0,74.54,73.64744800393484,74.09715807948804,73.98501962892483,74.43520643665028,75.56935591339479,73.99608070275106,73.24131984213264,74.11073356622326,73.98318410228661,-0.0120464020627706,-0.0059587149880826,-0.0074732587871302325,-0.001406859344460193,0.01371496189894339,-0.007323765725894105,-0.017576153624369706,-0.005775519793515649,-0.0074980685312782125
2023-05-19,75.42,76.33,0.0119935539801678,0.0117365977790986,0.0,75.42,75.2192666258593,75.9210136442719,75.37497689130824,75.2928315132746,76.43691511146271,74.9452281109057,76.92344985044068,75.2444212771528,74.88057967820845,-0.0026650885582389,0.0066210138611495,-0.0005971433658839564,-0.0016875605829757834,0.013393269734595536,-0.006314936941486771,0.019738277734366205,-0.0023307268012141558,-0.007177918261773275
2023-05-26,76.33,76.0,-0.0043327055240478,0.0119935539801678,0.0,76.33,75.93666466371754,75.88829652953551,75.97024323077575,76.18259863639744,77.3355818129008,75.80198660758164,76.04926604592183,76.25246992559083,75.90456501489271,-0.0051664126492,-0.0058035692200064,-0.004724318631613267,-0.0019329735486270094,0.013088111931967461,-0.0069415449621974545,-0.003684678092846616,-0.0010162383807175712,-0.005589218093689063
2023-06-02,76.0,74.74,-0.0167179162289933,-0.0043327055240478,0.0,76.0,76.05969170386092,76.91072661471533,75.1016294396444,75.88211268822961,76.98720080034353,75.48000323624152,77.10930015287026,75.99057701153706,75.54963066490708,0.000785108877418,0.0119120143353939,-0.011891084818935305,-0.001552353115947508,0.01290584437855502,-0.006865576910498716,0.01449055755924289,-0.00012399437728694007,-0.005943540197571706
2023-06-09,74.74,76.76,0.0266682470821614,-0.0167179162289933,0.0,74.74,74.29649888070647,74.30707218609449,74.13235457602104,74.61503512594459,75.67696334996586,74.26702103095991,73.19070754951149,74.72327431036645,74.25407987332626,-0.0059515948340944,-0.0058092926628887,-0.008163353097762727,-0.001673393911508475,0.012458375012945222,-0.006348433171674661,-0.020946957193328064,-0.00022381002665089467,-0.006522700095197398
2023-06-16,76.76,73.56,-0.0425822714033789,0.0266682470821614,0.0,76.76,76.79859195550752,77.24734709275602,76.37109180886904,76.64105689822021,77.60547008033829,75.98896599117731,77.33287855417389,76.66022505519292,76.40888014416228,0.0005026349333966,0.0063289022073149,-0.005079426035661916,-0.0015507471463521438,0.010954244291328408,-0.010095525720047016,0.007435531076416424,-0.0013006754335999071,-0.004584749468036331
2023-06-23,73.56,74.51,0.0128319448295158,-0.0425822714033789,0.0,73.56,73.2421659430631,73.91096436381007,73.16922714347888,73.413598054344,74.1815627869857,72.95680174330187,73.63517198323545,73.35001125396609,73.15696485321457,-0.0043301071412143,0.0047597847878932,-0.005326461374045133,-0.0019922216781228796,0.008414239601192863,-0.008233890686041967,0.00102139205733226,-0.0028587417188375985,-0.005494063498117208
2023-06-30,74.51,78.77,0.0555988691495966,0.0128319448295158,0.0,74.51,74.7538376139024,74.80894190992024,73.71052791546258,74.37364353607187,74.98414531162598,73.9189561570006,74.89570279537347,74.31272894440842,74.13491903138934,0.0032672057037621,0.0040040775202214,-0.010787707329815266,-0.001831719036622076,0.00634335077843623,-0.007964038584610922,0.005163171753237605,-0.002651089286299202,-0.005046681274170739
2023-07-07,78.77,79.9,0.0142436390569961,0.0555988691495966,0.0,78.77,78.58706663436665,78.2302156301801,77.95827660644477,78.65663961808204,79.08209950583326,78.27642758466821,75.88811309320815,78.56833100930724,78.40892778041774,-0.0023250744559116,-0.0068762516602873,-0.010358445445861175,-0.0014401679637729148,0.003954333372763907,-0.006285708602409956,-0.03727215431640962,-0.0025635088390647542,-0.004594418091881769
2023-07-14,79.9,81.06,0.0144137684279334,0.0142436390569961,0.0,79.9,79.47843545395136,77.97470165403605,79.23971205394372,79.77131656528312,80.21657674896633,79.16832628254262,76.96671784096394,79.77175186755422,79.58668825265902,-0.0052901200590169,-0.0243914164602756,-0.0082982647957337,-0.0016118544688650538,0.003954333372763907,-0.009199554616415972,-0.03740276019101607,-0.0016063976066475472,-0.003929006913686417
2023-07-21,81.06,84.49,0.0414435629645908,0.0144137684279334,0.0,81.06,81.0971449929825,82.78648391407623,80.28925498812237,80.90611908725772,80.9690418276606,80.85497569006985,80.61243378008443,80.90000479633545,80.80832808337479,0.0004581357624888,0.0210751891136169,-0.009553820058672002,-0.0019001623291324266,-0.0011227392431398253,-0.002532494831114951,-0.005536718323648326,-0.0019757378485062427,-0.003109590645698268
2023-07-28,84.49,87.38,0.0336332393585364,0.0414435629645908,0.0,84.49,85.0095416332237,85.24584066229457,83.78374965063908,84.34269841088856,84.38612793069677,84.2916261611272,83.99455060597134,84.28446227127878,84.22627009872073,0.0061303205340113,0.0089061409235,-0.008394113731421182,-0.0017449419202972272,-0.0012301570822949026,-0.002350657885329538,-0.00588126116426807,-0.0024356508391861764,-0.003126315155373427
2023-08-04,87.38,87.93,0.0062746198676211,0.0336332393585364,0.0,87.38,87.27301058723758,87.6645292380879,86.31701095987053,87.2260480565826,87.25953229670041,87.52585644191785,86.88830537311757,87.22204288273021,87.05634165580237,-0.0012251655529504,0.0032509383745491,-0.012239730607262134,-0.0017634209699571857,-0.0013796157241477425,0.0016678283814519947,-0.005642975991405286,-0.0018093392007790254,-0.003710909235381643
2023-08-11,87.93,85.92,-0.0231244126303562,0.0062746198676211,0.0,87.93,87.85164971453318,87.70858822257611,86.96994428595173,87.77252987016355,87.79460463055598,87.46898388546713,87.16246766251362,87.61395174104021,87.72457696985735,-0.0008914501688055,-0.0025212215259671,-0.010978452401702476,-0.001792463342610462,-0.0015409953150489764,-0.005256782747016131,-0.008767221846132212,-0.003600791679888915,-0.0023389441634401598
2023-08-18,85.92,85.42,-0.0058363653472341,-0.0231244126303562,0.0,85.92,85.07813952861311,84.0537952097867,85.12779724124393,85.75463373114253,85.80546243054701,85.66889496919448,85.555365965537,85.72929917900142,85.37813030289867,-0.0098465079852758,-0.0219596177339553,-0.00926300643436484,-0.0019265084935257137,-0.0013339616014584332,-0.002926823558178554,-0.004252909238729452,-0.002221982849583415,-0.006326648207658825
2023-08-25,85.42,89.98,0.0520071579997058,-0.0058363653472341,0.0,85.42,85.01511315931728,84.28413660462796,84.23072388033064,85.26103074493275,85.3166626041883,85.06704044652277,85.07087422967855,85.21751550130743,85.11526137676968,-0.0047512228535628,-0.013386595994234,-0.01402051903143442,-0.0018627647177968942,-0.0012104887943076292,-0.004140608656623246,-0.004095541886365295,-0.0023732717056677566,-0.0035739112853831467
2023-09-01,89.98,91.85,0.0205693882481082,0.0520071579997058,0.0,89.98,89.4767003225887,87.05132134608063,88.69249463836205,89.81137459927183,89.88065431965707,89.79508166635608,89.74112225656576,89.93970843676769,89.52361482372152,-0.0056091636155552,-0.0330895781517028,-0.014412152803122913,-0.0018757902101547708,-0.0011046961974178204,-0.0020572194672004995,-0.0026583172985681636,-0.0004478838283580311,-0.005084980156228047
2023-09-08,91.85,95.55,0.0394928590251474,0.0205693882481082,0.0,91.85,90.88619327207331,92.88326940860176,91.01924385828873,91.68528230831312,91.75707033067893,91.64135383391492,91.7582413313653,91.74371802497062,91.36370965775082,-0.0105487112101467,0.0111867254599928,-0.009085856530912428,-0.0017949435535172809,-0.0010122668706493143,-0.002274180789996666,-0.0009995049852700166,-0.0011577954632131515,-0.005308461742512427
2023-09-15,95.55,93.99,-0.0164612770540719,0.0394928590251474,0.0,95.55,94.82044075153638,94.64273677939202,94.6048945702982,95.38277047712413,95.41995788531119,95.18484726515823,95.18460350690975,95.45485992474447,95.20837664244645,-0.0076646649259565,-0.0095405336469411,-0.009940456323154434,-0.0017517115078763967,-0.0013619119596510187,-0.00382890894022625,-0.003831469836919288,-0.0009962058888061676,-0.003581742818185907
2023-09-22,93.99,95.86,0.0197004000992753,-0.0164612770540719,0.0,93.99,92.55627196333216,92.36356003384698,93.1865614328691,93.82879835014059,93.83245231809803,93.72173686667713,93.79462464026521,93.72463421886964,93.49894755570412,-0.0153715885314351,-0.0174558646976947,-0.008584872971585167,-0.0017165660823996731,-0.0016776239145850913,-0.0028582476560477243,-0.002080845869098069,-0.0028273337239619334,-0.005238213489644872
2023-09-29,95.86,87.86,-0.0871441551838517,0.0197004000992753,0.0,95.86,95.2119431924052,95.36466632434518,94.96642380826408,95.69426336289231,95.6621314397535,95.69236598886853,95.59362515706906,95.75964752564472,95.74592058897406,-0.0067834061010877,-0.0051806578412652,-0.00936539820053861,-0.0017304410307056317,-0.002066274316799288,-0.0017502686856495364,-0.0027826583549402373,-0.0010474132984339413,-0.0011907713932330921
2023-10-06,87.86,94.33,0.0710546341141284,-0.0871441551838517,0.0,87.86,86.91231396761725,87.6936780433917,86.74890674362405,87.70002879807089,87.6399830383866,87.69206851733743,87.58443743975663,87.79948310790517,87.56767360829467,-0.0108449135807954,-0.0018948279321193,-0.01272682217904908,-0.0018224107993004557,-0.00250731735773696,-0.0019131820582198589,-0.003141311185069273,-0.0006890250775913875,-0.0033327314472955116
2023-10-13,94.33,93.72,-0.0064876590221669,0.0710546341141284,0.0,94.33,92.99058342985974,90.65487619701818,92.86503149165142,94.16706084295882,94.09378101537682,93.68089375158203,93.79983813824643,94.40542308756784,93.93772811024422,-0.0143010380773501,-0.0397395454347133,-0.01565210791034688,-0.0017288248092114933,-0.00250731735773696,-0.0069050129440477725,-0.005636142256120302,0.0007992468011459586,-0.004167176832217123
2023-10-20,93.72,90.73,-0.0324235504580573,-0.0064876590221669,0.0,93.72,93.09175728353893,88.18651668116894,91.05104179329723,93.74808785077258,93.45617951217471,93.6503033565235,93.49426184063289,93.43123056393533,93.39768799032115,-0.0067259694357555,-0.0608575344085693,-0.028891365540253844,0.0002996547444928943,-0.002818955523263611,-0.000743945496617826,-0.0024115499166297294,-0.003085949949238387,-0.0034450225621309727
2023-10-27,90.73,87.55,-0.0356780044496768,-0.0324235504580573,0.0,90.73,89.88109037456672,85.5247503764721,86.9050906870796,90.76448300136398,90.38352871083916,90.46558134999938,90.42205307321343,90.41003335981166,90.43933699818758,-0.0094004844897666,-0.0590822510421276,-0.04307145164693793,0.00037998953145756964,-0.0038260169107835473,-0.0029186013889397344,-0.003399875609424008,-0.0035328134486820595,-0.003208746645746885
2023-11-03,87.55,83.66,-0.0454490927178085,-0.0356780044496768,0.0,87.55,86.7673454530746,82.96683417176872,84.11956618674141,87.56662078865803,87.16740045858674,87.19707250062467,87.38889684933079,87.3022047247614,87.25918139491247,-0.0089797123058723,-0.0537691190838813,-0.03997086498696234,0.00018982537046552395,-0.004379645667480947,-0.004039300621029973,-0.0018418224776004521,-0.00283434162602747,-0.0033272722984567515
2023-11-10,83.66,81.22,-0.0295994437559005,-0.0454490927178085,0.0,83.66,82.44486096929266,81.21459803295757,83.64134850996514,83.68642715221311,83.29973146106583,83.38881945367568,83.36423947342898,83.25507711356546,83.41123535860187,-0.0146312480074676,-0.0296659562736749,-0.0002229687958674731,0.00031583766540488334,-0.004315640603164361,-0.0032467249445486956,-0.0035415318954119535,-0.004851852663956269,-0.0029779491928096924
2023-11-17,81.22,79.82,-0.0173874226375639,-0.0295994437559005,0.0,81.22,80.4024450727679,77.72525831079305,77.18227826902125,81.23007855220158,80.88868342346144,80.8108878811325,81.06461119797196,80.8420075257143,80.91743749538446,-0.0101169351828122,-0.0439812429249286,-0.0509916476802168,0.0001240818386096798,-0.004087591495481213,-0.005049814805087927,-0.0019150164438750394,-0.004664796709521024,-0.0037321775956558056
2023-11-24,79.82,78.72,-0.0138768468765897,-0.0173874226375639,0.0,79.82,78.9759904452527,76.61587433045243,77.53297002020551,79.84545744245226,79.524301529656,79.34442808058303,79.55094170237992,79.58851484889374,79.56542616451945,-0.0106302117606497,-0.0409698076546192,-0.029070834110999755,0.0003188847866755218,-0.003711445052482887,-0.005975874640039791,-0.00337650703910386,-0.002904302998368191,-0.003194445792058964
2023-12-01,78.72,75.94,-0.0359536979403416,-0.0138768468765897,0.0,78.72,77.98983403491592,77.3815583457923,73.18984825552138,78.73319963390439,78.45669173732358,78.24546518597295,78.53261773856292,78.58619424345397,78.46610312967728,-0.0093187674341682,-0.0171487648040056,-0.07284052642825145,0.00016766421979363955,-0.0033504778104727073,-0.006046377897983568,-0.0023832016639291353,-0.001701214493942782,-0.0032305284764966302
2023-12-08,75.94,76.84,0.0117817830966997,-0.0359536979403416,0.0,75.94,75.64365811369622,73.51697318086953,75.76141087047976,75.95791302378845,75.70292532315943,75.92483828920577,75.74044084297991,75.77956840163667,75.62869324588722,-0.0039099500239502,-0.0324272476136684,-0.002354483204836999,0.00023585608932874536,-0.003126751472032119,-0.00019967374957119421,-0.0026313118692606885,-0.0021148446419743117,-0.004107803335851923
2023-12-15,76.84,80.23,0.0431721718652087,0.0117817830966997,0.0,76.84,76.78347466941361,72.67694118701208,72.67410483128658,76.8618657126623,76.52397548673889,76.6004634837301,76.67993634924949,76.54648321841675,76.64279841784399,-0.0007358944752282,-0.0557011812925338,-0.055740208954233594,0.0002845211111577317,-0.004121241113561158,-0.0031222104706785103,-0.0020852498060750513,-0.0038271578262896178,-0.0025696911015975488
2023-12-22,80.23,77.69,-0.0321709608032353,0.0431721718652087,0.0,80.23,79.98299818735434,77.94480100311422,75.77046004938867,80.24923855781925,79.82513719438501,79.81440741600731,79.95361858690595,79.93043351457206,80.01163755645021,-0.003083420335894,-0.0288966130465269,-0.057189002184536264,0.00023976382346169167,-0.005059052476750203,-0.0051934775456770055,-0.0034508108856181607,-0.0037408344644762614,-0.002725416215710652
2023-12-29,77.69,78.31,0.007948759800517,-0.0321709608032353,0.0,77.69,77.48701203529691,75.97039926717135,75.11577583039438,77.71168866254025,77.25095267955307,77.18143896972556,77.28612357915061,77.2637310620437,77.31315807826104,-0.0026162132885684,-0.0223827678710222,-0.03369594793316111,0.0002791303346538765,-0.00566730083911926,-0.00656754869230447,-0.005212123336654884,-0.005501900603875232,-0.0048623869200796754
2024-01-05,78.31,79.89,0.0199753797311041,0.007948759800517,0.0,78.31,77.87959602268765,74.78899141023308,75.04979093713752,78.33053423170017,77.83155119722569,78.30849181544068,78.05807478920525,78.19358708412051,78.05500201406551,-0.0055113154488846,-0.0460046082735061,-0.04252353633498984,0.00026218286241830313,-0.00612841740779313,-1.9259342136312974e-05,-0.003222210532489722,-0.001487671171230165,-0.0032615765510586314
2024-01-12,79.89,80.71,0.0102117948423304,0.0199753797311041,0.0,79.89,80.07630308948092,77.54902201891525,76.89234223572292,79.91332911073218,79.40189790762814,79.33237726894758,79.60090509710933,79.60062742850947,79.65950836535907,0.0023292802310958,-0.02974040992558,-0.038244397750695214,0.00029197277713466363,-0.00612841740779313,-0.007004354794955425,-0.0036252251415573866,-0.00362871340697124,-0.002889282422074757
2024-01-19,80.71,83.34,0.0320661426580264,0.0102117948423304,0.0,80.71,80.56868623969947,81.24745512508545,79.98833213275755,80.54188259040116,80.40958337962167,80.44563700601607,80.4303082952727,80.67653991306061,80.25471902188482,-0.0017524175048729,0.0066370158456265,-0.008981707639833303,-0.0020851535846997393,-0.0037291179907192884,-0.003280843736247263,-0.0034714093395891155,-0.0004146577209827029,-0.005656919044017883
2024-01-26,83.34,79.54,-0.0466685862147627,0.0320661426580264,0.0,83.34,84.24093430378129,83.09806624146235,82.69676848953145,83.05008331102347,83.02908104366412,83.3327672491626,82.94473550067607,83.4785334753488,83.0257679503671,0.0107523327454694,-0.0029071946628391,-0.007748099824468113,-0.003484786792538941,-0.0037377055443030827,-8.678983329213352e-05,-0.004754077307090654,0.0016608886831539493,-0.0037776091462458083
2024-02-02,79.54,83.58,0.0495442172402245,-0.0466685862147627,0.0,79.54,79.72315749982279,78.94079105608192,79.14980958154669,79.21800354240217,79.25528808259412,79.22936675623791,79.15673262771064,79.56416087016632,79.18530722320095,0.0023000621542905,-0.0075619486160576,-0.004917659247626105,-0.004056449337289436,-0.003585902654027251,-0.003913017308928346,-0.0048301954438976225,0.0003037113576400685,-0.004469273027748244
2024-02-09,83.58,84.88,0.0154342372859582,0.0495442172402245,0.0,83.58,83.77238643944871,83.56688369787659,82.39837021285955,83.36055640534777,83.2900960389787,83.401963366766,83.16644880995557,83.3027131371694,83.44818552735357,0.0022991787364576,-0.000156943424372,-0.014238599270100849,-0.0026290043087282555,-0.003474610005845591,-0.002132406364228956,-0.004960250019308887,-0.003323137703082679,-0.001578350379546123
2024-02-16,84.88,84.18,-0.0082811309633029,0.0154342372859582,0.0,84.88,85.24559080542629,84.11835748100108,83.71931773762634,84.4785702591997,84.58511702657424,84.65205836075432,84.523100806067,84.9579235858666,84.66801539142841,0.0042978997628711,-0.00901366956532,-0.013768746096701534,-0.004740598506144167,-0.0034801648412816633,-0.00268906988808304,-0.004213614984417191,0.000917622986541744,-0.002500586262158322
2024-02-23,84.18,84.82,0.0075740007040198,-0.0082811309633029,0.0,84.18,83.99486206292707,83.05212397122332,82.74466521613452,83.84389488606591,83.87983627621574,83.64271647381953,83.82326291962002,84.0604109792697,83.68718631427794,-0.0022017322873569,-0.0134889530017972,-0.017197819850643725,-0.004000687669526215,-0.003572109191681605,-0.0064030111432131775,-0.004246793905476665,-0.0014216446592794085,-0.005871488196454777
2024-03-01,84.82,84.29,-0.0062681300370536,0.0075740007040198,0.0,84.82,84.55850979508119,81.99417878829628,83.01943662556268,84.81545317177604,84.50240249945685,84.55117871620584,84.36055093766454,84.74873548639772,84.27819220109404,-0.0030876456875127,-0.0338831096887588,-0.021456607453217202,-5.360705135659671e-05,-0.003751398141261575,-0.003174347743964745,-0.005431477664586737,-0.0008405384116780823,-0.006408225256336664
2024-03-08,84.29,85.39,0.0129657639101239,-0.0062681300370536,0.0,84.29,84.35512845388303,83.83429933581301,82.1757118642135,84.35919914455168,83.95332534731376,83.84160735701938,83.93716698952682,84.0813373036101,83.7520487493068,0.0007723728247338,-0.0054210103116929,-0.02540345171338032,0.0008206282482938754,-0.004002240224313169,-0.0053338419002599835,-0.004194727096106021,-0.0024786024338538937,-0.006402600925131452
2024-03-15,85.39,84.87,-0.0061083239379291,0.0129657639101239,0.0,85.39,84.75181456630543,84.4219626427704,84.39750906215586,86.0218639611376,85.05626636304387,84.89938756227635,85.0365672358932,85.314121311888,84.97382989935618,-0.0075018410762997,-0.0114014092832803,-0.011691110234700375,0.007372498128738414,-0.0039160032139538,-0.00576211826455264,-0.004147631164666876,-0.0008890083323862541,-0.004885672372051175
2024-03-22,84.87,86.17,0.0152014152700899,-0.0061083239379291,0.0,84.87,85.65116489821811,84.74351505352176,83.70937740031522,85.39402172452088,84.54288279723018,84.32613073794438,84.56137478028447,84.76338665745428,84.41529948007513,0.009162151375776,-0.001491449191235,-0.013769666915642631,0.00615542113684775,-0.0038617796226922962,-0.006428883838932364,-0.0036430745067725923,-0.0012569855343222969,-0.005372015347116843
2024-03-29,86.17,92.81,0.074232303355626,0.0152014152700899,0.0,86.17,85.7585993123283,85.08089907710784,84.51399660910221,86.55110817739603,85.84425484987457,85.50401000585018,85.90871159330193,85.93380822973047,85.64972313946959,-0.0047857247079882,-0.0127195315435528,-0.019404928260989607,0.004412996186852425,-0.00378742494102724,-0.00775881375554377,-0.0030368498821129464,-0.002744761094858106,-0.006056096950640466
2024-04-05,92.81,93.12,0.0033345913758262,0.074232303355626,0.0,92.81,92.96474858807436,92.98086925462177,90.95544858230151,93.28586378034161,92.47063220978193,92.14698780573146,92.46851119224604,92.65477213412446,92.18972501734014,0.0016659812492542,0.0018393724458292,-0.02018458199058415,0.005114190158307608,-0.0036632881234019976,-0.007169396972216191,-0.003686225588094061,-0.0016739340882452325,-0.006705710583108981
2024-04-12,93.12,87.96,-0.0570068182965674,0.0033345913758262,0.0,93.12,93.04320974519337,93.04749810156731,91.3589823689951,93.6706809228683,92.77949866797643,92.3922549089634,92.72573777260865,92.94831912677705,92.54229537881847,-0.0008249778166906,-0.0007788889342918,-0.019092376830599278,0.0058962525919561415,-0.0036632881234019976,-0.007845830180258417,-0.00424290407284289,-0.0018453536071891818,-0.006223196631879091
2024-04-19,87.96,89.95,0.0223717947099818,-0.0570068182965674,0.0,87.96,89.82167614096075,87.17992485156032,86.97814325226923,87.99742958426421,87.38306714470086,87.4373225170145,87.57195197633892,87.51592233354198,87.49305044211086,0.0209441629095892,-0.0089080808684229,-0.011225305580173206,0.000425439095322111,-0.006580641558190825,-0.005959943089773989,-0.004421401932214741,-0.00506141935124349,-0.0053227989959393485
2024-04-26,89.95,83.6,-0.0732104403058862,0.0223717947099818,0.0,89.95,91.21517528717736,88.39013873610989,89.06932747311508,89.98026803945591,89.49692996938754,89.5361610321616,89.47128659650383,89.67792244676316,89.65100240051164,0.0139673185342499,-0.017493549734354,-0.009838933524493054,0.00033644189019699233,-0.005049637722076561,-0.004611382836540945,-0.005336206740321758,-0.0030293481948791,-0.0033295791417456977
2024-05-03,83.6,83.39,-0.0025151219917618,-0.0732104403058862,0.0,83.6,86.04326923164899,83.75241960428063,82.50540005175701,83.65410368834041,83.30577154826298,83.08638214073666,83.34352096632108,83.07632636191958,83.23338450732865,0.0288067802356591,0.0018215409945696,-0.013179773719304677,0.0006469639791724102,-0.00352568702436995,-0.006162704813923003,-0.003072646772783516,-0.006283740140320404,-0.004394996647492322
2024-05-10,83.39,82.24,-0.013886596392039,-0.0025151219917618,0.0,83.39,83.5750270009628,83.28818737873489,82.46867094446733,83.43949121676378,83.25835343112179,82.9414255452775,83.0777065021869,83.06905692290177,83.03608212089115,0.0022163572818534,-0.00122166716028,-0.01110992300774738,0.0005933149811183647,-0.0015799327572374455,-0.005393755759236729,-0.0037520053677122522,-0.003856125112384312,-0.004253160419462776
2024-05-17,82.24,78.92,-0.0412071205524403,-0.013886596392039,0.0,82.24,82.97276288333758,82.14458301842599,81.40548360961964,82.29598868822846,81.9294088713504,81.92733827006462,81.98972473134756,81.91471927817602,82.00580513935742,0.008870594202036,-0.0011608995264396,-0.010199164755818169,0.0006805646696004253,-0.0037837926243158293,-0.0038090659355709544,-0.003047870448622536,-0.003963104429745012,-0.0028517625659982837
2024-05-24,78.92,79.41,0.0061896237527049,-0.0412071205524403,0.0,78.92,81.07339656312897,79.70851337398118,78.64897655391673,78.968243878728,78.47838484782844,78.62620092499246,78.73438694005455,78.54226792929,78.59729201018767,0.0269201936386958,0.0099417166784405,-0.003440064399552023,0.0006111142798760905,-0.005611446539407483,-0.00372969216470298,-0.002354684183670297,-0.004797756316415658,-0.0040974351093594485
2024-05-31,79.41,78.12,-0.0163781988986412,0.0061896237527049,0.0,79.41,82.59423794988875,81.17257640525702,78.82073146531062,79.43617218193997,78.88481878008665,79.1799899099549,79.11082600938127,79.07016574007635,79.01961761745108,0.0393156147106541,0.0219531562179327,-0.007448252984000092,0.00032952864796564896,-0.006635506467417951,-0.002900690660882277,-0.0037745746518578205,-0.004288672708150809,-0.004928158995933907
2024-06-07,78.12,81.49,0.0422342073236502,-0.0163781988986412,0.0,78.12,80.88656649877443,78.97023908736875,77.42447288332946,78.1403876386961,77.55750505857931,77.79838817915663,77.70663358518009,77.65923296415816,77.8082025355274,0.0348016535730237,0.0108249550685286,-0.008943188266291369,0.0002609444289736196,-0.007226444039778235,-0.004125392530302419,-0.005305477952414872,-0.005915658599494833,-0.0039992493336845625
2024-06-14,81.49,86.42,0.0587388171716588,0.0422342073236502,0.0,81.49,83.76261762857132,82.14658835275769,80.98842653881682,81.52130910547547,80.90323972380475,81.11901591561988,81.05617874769716,80.86244693092095,81.29177499806794,0.0275065042768306,0.0080250008031725,-0.006174051105158229,0.0003841341564861933,-0.007226444039778235,-0.004562904780542776,-0.005337834278210218,-0.007730788250124299,-0.002435470431694675
2024-06-21,86.42,87.26,0.0096730371916763,0.0587388171716588,0.0,86.42,87.11261394897383,86.65445490710981,85.88062705699728,86.45165215870429,85.79227226012607,85.98865416913554,85.98033648914665,85.84543289535056,86.03566600544431,0.0079825643268487,0.0027092969976365,-0.006260855971222057,0.0003661925904305252,-0.007290194964434837,-0.005003771219444286,-0.005100505868680161,-0.0066707432317723026,-0.004457199229722986
2024-06-28,87.26,88.66,0.0159166616214437,0.0096730371916763,0.0,87.26,89.41218188304559,87.8275436944078,86.4165349731139,87.32738057129356,86.5748579360854,86.66450998274735,86.58045838882114,86.60300041909922,86.7891512853417,0.024364767874978,0.0064829932525753,-0.009713133192063239,0.0007718836770279625,-0.007882718342942852,-0.006847710472131396,-0.007818031299465789,-0.007557705855447683,-0.005410539032374984
2024-07-05,88.66,87.35,-0.0148857927368419,0.0159166616214437,0.0,88.66,89.49420958906043,87.57970441813963,87.70188073891823,88.71050800916082,87.90572906691874,88.2099263597384,88.01614368438698,88.04620660895775,88.23466086378328,0.0093650965420059,-0.0122595429420471,-0.010865485027114818,0.0005695198270888602,-0.008543849651659219,-0.005089328875529486,-0.007288580704827519,-0.00694707754060353,-0.0048089631856989
2024-07-12,87.35,85.19,-0.0250389805253164,-0.0148857927368419,0.0,87.35,87.5747959524241,87.49401674251106,86.57368218888355,87.40157727229699,86.55409870496645,86.75199897674999,86.68565063218944,86.73069202633931,86.89575127273815,0.002570202525596,0.0016473743598908,-0.008927168020094411,0.0005902925123735803,-0.009153399580384969,-0.006869575058927824,-0.007634672463634473,-0.007115212827106365,-0.0052138976473834475
2024-07-19,85.19,81.35,-0.0461232223897023,-0.0250389805253164,0.0,85.19,84.73493959011705,85.12066121259045,84.64094857841779,85.31136126970011,84.78443418305923,85.0924657344508,84.79917714708537,85.06393516499737,84.91082694967477,-0.0053560295368285,-0.0008142624865286,-0.006465880795629764,0.0014235814810168723,-0.004772089267973845,-0.0011455586550821462,-0.004598216758152418,-0.0014809038971063115,-0.0032824449591770666
2024-07-26,81.35,78.35,-0.0375748648630169,-0.0461232223897023,0.0,81.35,80.73138129960145,81.13146962994553,80.78484867506471,81.45884503453682,80.96869064595812,81.38226441192222,80.90036016217294,81.21799308407563,81.21590076191016,-0.0076334702892821,-0.0026899129152297,-0.00697140211910896,0.001337090140648367,-0.004698288951693219,0.00039653368631696606,-0.0055425576677053945,-0.0016240213394220215,-0.001649783477065181
2024-08-02,78.35,81.07,0.0341270101975859,-0.0375748648630169,0.0,78.35,77.06149052530826,77.76853903350353,77.84001473408719,78.44620452511325,78.00343006239677,78.11915769525568,77.99889509840185,78.16805120073126,78.1669531828103,-0.0165822873915438,-0.0074490020051598,-0.006530341637463577,0.0012271283922597742,-0.004433167920384007,-0.002950645042467226,-0.004491307617872864,-0.002324957151359053,-0.002339004138792289
2024-08-09,81.07,81.56,0.0060259667066386,0.0341270101975859,0.0,81.07,80.2156378188622,79.85018103036639,80.60671915817859,81.15498941556177,80.74718703217258,81.24355027527726,80.54304881784803,80.86861280344088,80.89573497285707,-0.0105944978617083,-0.0151608372107148,-0.0057309687162467315,0.0010477969349067112,-0.003989853018511125,0.0021384578320178954,-0.006521169588929399,-0.0024872054526222653,-0.0021518760670912185
2024-08-16,81.56,80.34,-0.0150713167751182,0.0060259667066386,0.0,81.56,80.75887502911239,81.7541446220279,80.98656226993708,81.6372858588497,81.20819938029214,81.29132518020934,81.17443714029206,81.42305019322565,81.53238775266483,-0.0098710821616053,0.002377561526373,-0.007055702698406163,0.0009471464457345286,-0.004322726046711134,-0.0032996361959222176,-0.004738561646009609,-0.0016805408764081209,-0.00033860866199186823
2024-08-23,80.34,80.2,-0.0017441140586673,-0.0150713167751182,0.0,80.34,79.0997503001847,79.74614212752911,79.58892853429437,80.40996207821695,79.97351576165345,80.20268367338643,79.95542911372166,80.06107587790414,80.12333869913614,-0.0155579109237659,-0.0074192630127072,-0.009392634519684417,0.0008704460234992689,-0.004572102046721094,-0.0017106523568402032,-0.004798285593707985,-0.0034778370619975574,-0.0027004477693872153
2024-08-30,80.2,72.82,-0.0965328721251816,-0.0017441140586673,0.0,80.2,80.09133193301614,79.87118695673603,79.57519820998172,80.28257204589262,79.82038396837042,80.16180871130364,79.71679923084588,79.93443192659757,80.00945576323551,-0.0013558822217208,-0.0041083409450948,-0.007821050849962763,0.0010290469815696368,-0.0047446048353575465,-0.0004763140267041305,-0.006043170473829518,-0.003316817172583586,-0.0023786901428632934
2024-09-06,72.82,73.68,0.0117407491997641,-0.0965328721251816,0.0,72.82,71.5604089880854,72.16443259952113,72.31197796631992,72.88112847666882,72.46250030758121,72.8276335307593,72.53272818173832,72.53568004502067,72.60826487250525,-0.017448668806089,-0.0090433415025472,-0.007000856954178958,0.0008390941222562454,-0.004921451836741031,0.00010482189900729022,-0.003952759551064999,-0.003912063395108856,-0.0029118861768762105
2024-09-13,73.68,75.96,0.0304754939970335,0.0117407491997641,0.0,73.68,73.0856566182184,73.78577360905469,73.08856280103704,73.76354103776735,73.31827825683308,73.68178633537319,73.39028092575721,73.5240088550379,73.63686556224195,-0.0080992603372206,0.001434551551938,-0.008059497062539611,0.0011331937108825935,-0.004921451836741031,2.4244214428967292e-05,-0.00393987754950853,-0.0021193879781611358,-0.0005856008248084354
2024-09-20,75.96,71.63,-0.0586929053177252,0.0304754939970335,0.0,75.96,74.94749191208797,75.5147398516035,75.48170390453936,76.04454429996403,75.59182661580347,76.11392615077412,75.62982858152627,75.85403790208753,75.91589233516615,-0.0134191254365408,-0.005879018921405,-0.0063165914465513895,0.001112391857380865,-0.004858722150861805,0.002024360220538174,-0.004356122619423419,-0.001395946206079579,-0.0005808382804635415
2024-09-27,71.63,79.32,0.1019763230252352,-0.0586929053177252,0.0,71.63,70.95787688845301,72.32255463149716,71.12569316389876,71.69688387794426,71.29779583401088,72.00850671286081,71.3207924885186,71.57187609843604,71.54873451812043,-0.0094275629084235,0.0096220588311553,-0.007065342513487338,0.0009333054761199722,-0.004648567652947966,0.005270280200410482,-0.004326075964066145,-0.0008117757439976003,-0.0011351614592708392
2024-10-04,79.32,80.27,0.0119056484918903,0.1019763230252352,0.0,79.32,78.94427568310704,78.76774623425722,78.89025061498187,79.39891163755215,78.9687786346469,79.40579557712319,78.95996979339202,79.06239706319205,79.23101432080433,-0.0047480711757263,-0.0069867023266851,-0.00543264978475666,0.0009943571719333022,-0.004437736455871921,0.0010810540929010078,-0.004549291082267759,-0.003252926698134595,-0.0011224865248598004
2024-10-11,80.27,72.75,-0.0983670460918835,0.0119056484918903,0.0,80.27,79.71134700619966,80.10142029937857,79.77239914779415,80.35829854879086,79.93054454574634,80.18534560387126,79.87869202400996,80.12989954216219,80.21332241811095,-0.0069840050106618,-0.0021023666486144,-0.00621838285731946,0.0010994147168656848,-0.004237887745750235,-0.0010551771106739882,-0.004886817991198056,-0.0017468900400253728,-0.0007063361275361779
2024-10-18,72.75,75.62,0.0386918924111849,-0.0983670460918835,0.0,72.75,71.61431822319108,72.95035990080062,72.16509542988017,72.60207085214081,72.45184907708786,72.35324059944408,72.39856245228738,72.36376723716587,72.37295282867048,-0.0157338768931408,0.0027503024321049,-0.008072419848411727,-0.0020354604934859633,-0.004106715497580127,-0.005468663383617567,-0.004842462488446525,-0.005323184453425056,-0.005196256172712854
2024-10-25,75.62,73.63,-0.0266682470821614,0.0386918924111849,0.0,75.62,75.43841920105282,76.0577348788208,75.4114907423177,75.4838123722081,75.3272770365409,75.32758943199829,75.21175903522601,75.30772317746437,75.22825747696294,-0.0024041147440236,0.005771922878921,-0.002761137947170103,-0.0018025708621063063,-0.0038784844105804184,-0.003874337243419984,-0.005413209582248085,-0.004138103478639965,-0.005193873767408874
2024-11-01,73.63,74.04,0.0055529363246714,-0.0266682470821614,0.0,73.63,73.09818993974496,74.13586874573865,73.09664620114914,73.50737435955986,73.36502118416529,73.50399918280769,73.35651289904231,73.42361865976298,73.18364623038802,-0.0072489463576592,0.0068469224497675,-0.007270065278636606,-0.0016668187721118333,-0.003605279970943287,-0.0017127359915954377,-0.0037212586537683223,-0.0028068874145077416,-0.0060805675267414094
2024-11-08,74.04,73.45,-0.0080005850854105,0.0055529363246714,0.0,74.04,73.75587694817712,73.69538209023888,73.58659384049251,73.89988660721677,73.78483308730142,73.80129941291979,73.6939002376591,73.69299856399029,73.80310826412378,-0.0038448082273324,-0.0046653486788272,-0.006142627467944833,-0.0018941941607514834,-0.00345229094191174,-0.003229149032739992,-0.004685456688805073,-0.004697692154455646,-0.00320463958573175
2024-11-15,73.45,76.1,0.0354433622477538,-0.0080005850854105,0.0,73.45,72.88602154147739,73.65786233645552,73.41822675543145,73.31899237720492,73.1812348258973,73.16513313623292,73.19498972772914,73.11964434932794,73.04525816633088,-0.0077080303935797,0.0028259872924536,-0.0004326769072681841,-0.0017852225523499188,-0.0036658693546071097,-0.0038859184060945906,-0.0034779303376763493,-0.00450783941733135,-0.005525678695280756
2024-11-22,76.1,74.16,-0.0258233436100404,0.0354433622477538,0.0,76.1,76.4532518740589,74.66760723408075,75.63339054463184,75.96677251959389,75.80371430648803,75.92891067258672,75.84886387623963,75.85075814606085,75.76808749711923,0.0046312025617161,-0.01900190487504,-0.006150405320554886,-0.0017522238722620098,-0.0039009720149884575,-0.0022507482147004626,-0.0033055377450724177,-0.003280563789355706,-0.004371070141433814
2024-11-29,74.16,73.78,-0.00513722908907,-0.0258233436100404,0.0,74.16,73.15206404531185,73.00317567780736,73.5711118333059,74.01201034765734,73.87391137783085,73.55778310433138,73.76141689780178,73.83579106612213,73.78274175693483,-0.0136845775755782,-0.0157219786196947,-0.007972474836810517,-0.0019975392276044,-0.0038651816422030916,-0.008153659219614917,-0.005389132624866511,-0.004381333417263211,-0.005100068530754481
2024-12-06,73.78,74.89,0.014932678092746,-0.00513722908907,0.0,73.78,73.39334025089119,73.87087680434071,73.0870381860981,73.6506698978914,73.51435695218954,73.7740471858679,73.58688239769486,73.57244479174666,73.37788397495513,-0.0052544929411684,0.0012309688609093,-0.009436657330820386,-0.0017544536068715977,-0.0036069723418321875,-8.068655857098803e-05,-0.002620910610437885,-0.0028171279521486126,-0.005465110193626804
2024-12-13,74.89,73.19,-0.0229615706481399,0.014932678092746,0.0,74.89,74.18333958690022,73.89954883799818,74.36586086612243,74.7519693600406,74.62036042490479,74.95573816484644,74.52256597131488,74.701474221761,74.55402959916809,-0.0094807791687135,-0.0133136473596096,-0.007023393056697247,-0.0018448123838079034,-0.0036069723418321875,0.0008774112613265349,-0.004918391796561783,-0.0025205430861702793,-0.004496278208577287
2024-12-20,73.19,73.77,0.0078933452830751,-0.0229615706481399,0.0,73.19,72.66696930129051,73.01036859300781,72.96585498022944,73.05732712080163,72.93347419723858,73.21676111324823,72.97238954749794,72.93512006847135,72.77110942499327,-0.0071718608041703,-0.0024573330301791,-0.003067207886076631,-0.0018143636291476084,-0.0035110863289052885,0.0003655720998508921,-0.0029776553867436883,-0.0034885198369044024,-0.0057397717335082865
2024-12-27,73.77,76.72,0.0392102856789718,0.0078933452830751,0.0,73.77,73.54301043399443,74.08744518568692,73.54192618371997,73.62735422480053,73.5218680453777,73.84334987131794,73.37581925554791,73.51511781223346,73.35763003829398,-0.0030817338534012,0.0042939423583447,-0.003096477039201531,-0.001935527547046012,-0.0033692585021276034,0.0009938108906672252,-0.005357701487652938,-0.0034610753073975875,-0.005605623381871927
2025-01-03,76.72,79.76,0.0388596950784002,0.0392102856789718,0.0,76.72,76.62328071901949,76.95399777715268,76.24581886597946,76.59004972163066,76.47511383669986,76.74151822840928,76.38433262259451,76.27634927466755,76.2953902538865,-0.0012614741689744,0.0030453812796622,-0.006199851135662071,-0.0016952614616904949,-0.003197051991433858,0.00028043810329414845,-0.004384825817403015,-0.005799510523303353,-0.005549910179535378
2025-01-10,79.76,83.02,0.0400594169713096,0.0388596950784002,0.0,79.76,79.56520361217994,79.2537562189219,79.40844582449137,79.62870054486571,79.51666275168998,79.8565873432211,79.28961209858353,79.39440698206279,79.25054786805622,-0.002445268927533,-0.0063673169352114,-0.004417392471908921,-0.0016475381803753575,-0.0030555315942459443,0.0012102420759389255,-0.0059150005670974,-0.00459420091353363,-0.006407799758496147
2025-01-17,83.02,78.71,-0.0533113304705338,0.0400594169713096,0.0,83.02,83.36764178257101,82.80520623392114,82.45087851163453,82.98381504581137,82.82812247438153,82.90925579914926,83.03334770722617,82.23569707528007,82.72574218520998,0.0041787032343322,-0.0025906059890985,-0.006878838592550229,-0.0004359532912147912,-0.002313895489040041,-0.0013348365453810795,0.00016076408502718742,-0.00949206384230461,-0.003550717141415527
2025-01-24,78.71,77.11,-0.0205372383094894,-0.0533113304705338,0.0,78.71,78.95278480164433,80.36539713293884,77.95855133030629,78.67386186654511,78.54634645083709,78.70794303588976,78.70303758544728,78.0189123587819,78.43652147950388,0.0030798009036111,0.0208134874701499,-0.009592919905373476,-0.00045923557423768746,-0.002081360936283194,-2.613379479723954e-05,-8.84604561864899e-05,-0.00881894871670097,-0.003480558067774586
2025-01-31,77.11,74.68,-0.0320206551713473,-0.0205372383094894,0.0,77.11,76.50459046292556,79.65672884885342,76.47806485670411,77.08079227282974,76.96274963131553,77.15872228688482,76.97854103821906,76.49879726710952,76.90217153819282,-0.0078822287613557,0.0324935391545295,-0.008229008027696105,-0.0003788517730414498,-0.0019114400680158017,0.0006316547876008966,-0.0017062786471879754,-0.00795795513453923,-0.0026988592639219378
2025-02-07,74.68,75.19,0.0068059247164134,-0.0320206551713473,0.0,74.68,74.64317084127572,74.68187032936314,74.20012583892402,74.63434033831795,74.54257460007072,74.49992677774863,74.69327358161779,74.08720742457018,74.50559117081481,-0.000493281240461,2.5044268113560975e-05,-0.006446472559253014,-0.0006115911305213662,-0.0018418853735687746,-0.002414176137502777,0.0001777236494112655,-0.007969440619899792,-0.002338146831381782
2025-02-14,75.19,74.88,-0.0041314112205989,0.0068059247164134,0.0,75.19,74.84667107397601,75.148126108106,74.44540042475236,75.14681811318181,75.05163610309744,75.13271171503105,75.10952054913416,74.57710510467861,74.93856246727275,-0.0045766081429028,-0.0005570628563873,-0.009952266897070627,-0.0005744685639578473,-0.0018418853735687746,-0.0007622040221179904,-0.0010709210284028936,-0.008184685366358302,-0.003349632657368984
2025-02-21,74.88,74.76,-0.0016038495819744,-0.0041314112205989,0.0,74.88,74.4815964929197,74.16431935073308,74.06685616196097,74.85181695158465,74.71797232199691,74.7159427962187,74.73380393568405,74.19807369857264,74.57603479134666,-0.005334764240678,-0.0096036689355969,-0.01091868519287198,-0.0003764470280525345,-0.00216617563520749,-0.0021933384887905527,-0.0019543131315586937,-0.009148643268671375,-0.004067626017033588
2025-02-28,74.76,72.49,-0.0308343612745757,-0.0016038495819744,0.0,74.76,74.00290922772075,74.44893490267364,74.44046140816766,74.7157776958558,74.5901189850203,74.64492103991702,74.44016963413098,74.22597741663392,74.38303548202076,-0.0101785762678448,-0.0041695297695696,-0.004283352442306265,-0.0005916986165396543,-0.0022749374342679873,-0.0015404978904327016,-0.0042872720124295105,-0.00716879373008128,-0.005055084463082227
2025-03-07,72.49,71.94,-0.0076161830453085,-0.0308343612745757,0.0,72.49,72.25479747160449,72.09840161627764,71.82021156014568,72.44239312605161,72.30096980996305,72.38440148864927,72.20684193207809,72.06334500514114,72.03565221876106,-0.0032498955336274,-0.005416746251285,-0.009282686819582331,-0.0006569528679374603,-0.002611078545595058,-0.0014577941854023169,-0.003913816301602591,-0.005903097348564423,-0.006287455147779064
2025-03-14,71.94,72.64,0.0096832960255601,-0.0076161830453085,0.0,71.94,70.91679686325806,72.20084975599426,71.37809387718545,71.91554429539468,71.73266044708224,71.82004511677678,71.5408602464012,71.3993932189992,71.56247559474474,-0.0143251235741574,0.0036193770356476,-0.007841424440059308,-0.00034000364686240236,-0.0028862790764955237,-0.0016688212773577904,-0.00556367981780348,-0.007543067291394756,-0.005261585553111958
2025-03-21,72.64,74.69,0.0278304800759373,0.0096832960255601,0.0,72.64,72.21591007640599,72.71124884242853,72.14940668153851,72.59427377406342,72.43300744585487,72.45499734494284,72.35065837466644,72.16548412962908,72.28880465717916,-0.0058553515011554,0.0009803678840398,-0.006776672509070103,-0.0006296892084662054,-0.002853634845725095,-0.0025500914393739027,-0.003991181399775945,-0.006553861847374276,-0.0048464628003185295
2025-03-28,74.69,68.36,-0.0885583561215851,0.0278304800759373,0.0,74.69,73.93461017384779,74.38815916608792,73.80523829583046,74.65234360794865,74.47729219099625,74.68216243022438,74.35430061644469,74.28622344234657,74.20885572519401,-0.0101651581096961,-0.0040494361892342,-0.011916505663183363,-0.0005042962623949265,-0.00285193825069735,-0.00010494016629736258,-0.004504700278285201,-0.005420697840715971,-0.006462721921067338
2025-04-04,68.36,66.83,-0.0226357767244114,-0.0885583561215851,0.0,68.36,66.69005084516455,62.033479211190034,68.27727133547221,68.33236049962922,68.15447999375809,68.33818902505125,68.28228630445977,67.93138239618855,67.93654087635933,-0.0247320791928413,-0.0971136316657066,-0.0012109239862334586,-0.00040440446922487827,-0.0030109650129437338,-0.00031911139846690917,-0.001137476633642387,-0.006289744946687326,-0.006213811200899255
2025-04-11,66.83,69.33,0.0367256314314203,-0.0226357767244114,0.0,66.83,66.22095299931148,65.6373155667802,66.37204233335005,66.79488310331999,66.61460020527987,67.2359296382646,66.73388491266287,66.65829486952786,66.4239239453194,-0.0091551580953004,-0.0180077124387025,-0.0068761629032283444,-0.0005256041640284981,-0.0032283057008332117,0.006055690358606536,-0.001439237919608205,-0.002572588485579952,-0.006094789551869928
2025-04-18,69.33,66.99,-0.0343343584342229,0.0367256314314203,0.0,69.33,67.08871704035909,66.15049761129166,68.63037672623044,69.2843889243858,68.98772189059788,68.78385128598916,68.58458755745997,68.96413326330511,69.14760849842467,-0.0328618345262421,-0.0469452999532222,-0.010142466813449658,-0.000658100181580093,-0.004949167805506527,-0.007908715246466635,-0.010809874638961547,-0.005291151282225071,-0.0026342397016279606
2025-04-25,66.99,61.57,-0.0843686155970573,-0.0343343584342229,0.0,66.99,66.3364883623754,67.16626752078092,66.81525525370849,66.95340689700225,66.6740241231515,66.52047014338352,66.90278671263269,66.90577076557872,66.81872781712386,-0.0098032563429984,0.002627795562148,-0.0026119279890016445,-0.000546396493203774,-0.004727920882397263,-0.007033632520733246,-0.0013027333561849708,-0.0012581315309687646,-0.0025599567263576706
2025-05-02,61.57,64.26,0.0427626147645937,-0.0843686155970573,0.0,61.57,60.64910918325414,61.73009611259816,61.30490473228231,61.531286725015725,61.29980397853106,61.15505159164459,61.46196787007154,61.61000286995969,61.43716325517563,-0.0150697914685584,0.0025968544650822,-0.00431488723586021,-0.0006289662324488049,-0.004398093726179053,-0.006762270363110001,-0.0017561640208472729,0.000649502686052239,-0.0021598221265734796
2025-05-09,64.26,65.2,0.0145221152448948,0.0427626147645937,0.0,64.26,63.77241062275849,63.54315058713373,63.82196936201037,64.22404016621931,64.00003776530254,64.09762288821439,63.928176932210626,64.15791781011133,64.35288332568265,-0.007616692244072,-0.0112181417644023,-0.00683987524398233,-0.0005597556657325892,-0.0040536802453625675,-0.002530074875965127,-0.005177135939950395,-0.001589843740365915,0.0014443862765383675
2025-05-16,65.2,65.41,0.003215683040514,0.0145221152448948,0.0,65.2,65.14988192034491,65.40547802181302,65.08339731210621,65.16156519181493,64.94150682351253,65.48223520152736,65.36738593686056,65.39825774630083,65.38720669598754,-0.0007689777909488,0.0031465478241443,-0.0017899858528841739,-0.0005896647411710448,-0.003972499208459435,0.004319418624972815,0.0025639791646119847,0.003036149210876249,0.0028671541258841193
2025-05-23,65.41,64.32,-0.0168045271024105,0.003215683040514,0.0,65.41,65.5280474978878,65.96975203249038,64.95982123447389,65.36883813147311,65.14117865843315,64.99899069356879,65.0764288454094,65.1306079547105,65.18104841186853,0.0018031050886504,0.008521182462573,-0.00690620805584552,-0.0006294882333291035,-0.004118258054266133,-0.0063034099892910755,-0.005112744431361005,-0.004280544977945666,-0.003506393822422571
2025-05-30,64.32,68.02,0.0559311547083385,-0.0168045271024105,0.0,64.32,64.1396115536411,63.87915116939632,63.9947990307814,64.2849944984695,64.09332174526405,64.03965556925161,64.09909828812256,64.22968714427999,64.20018877211469,-0.0028084868504036,-0.0068775895051658,-0.005068809957270215,-0.0005443879148165215,-0.003530451312992955,-0.004368115125623351,-0.0034403283110101546,-0.0014051044788229161,-0.001864473803500133
2025-06-06,68.02,76.0,0.1109315607072818,0.0559311547083385,0.0,68.02,68.48153729094979,68.01414204850201,67.39742126097268,67.98363113225159,67.80041550818697,67.88534082772696,67.65370930702304,67.8692809458131,67.87088123339922,0.006762400760496,-8.612472447566688e-05,-0.009195022615686388,-0.0005348220236846696,-0.0032334562121424937,-0.001981661876125279,-0.005399595615104835,-0.0022182635001286033,-0.0021946848103656658
2025-06-13,76.0,78.73,0.0352909369100447,0.1109315607072818,0.0,76.0,75.47618950743424,74.46300849423433,75.60595580793643,75.95369157641741,75.75465419909159,75.53340568039701,75.30039025647024,75.42124461792011,75.807986264322,-0.0069161045336291,-0.0204308684915304,-0.005198279675607043,-0.0006095070746330172,-0.0032334562121424937,-0.006158322544616623,-0.009248022805065537,-0.007644346100636357,-0.002529693500321978
2025-06-20,78.73,69.37,-0.1265697797991659,0.0352909369100447,0.0,78.73,78.1021950802872,78.44414367541093,78.38832803375462,78.6861103933549,78.50315942032891,78.27947916429541,78.40024071208445,78.46941074011721,78.40355115540048,-0.0080061147240993,-0.0036374512128531,-0.004349238043789172,-0.0005576253621400601,-0.002885405825192755,-0.005738788187116817,-0.00419727953752741,-0.003315400450332684,-0.004155055516321116
2025-06-27,69.37,71.03,0.0236478256125086,-0.1265697797991659,0.0,69.37,69.23784290755745,70.35155565198133,69.12793143569266,69.32805449064273,69.15873730064042,69.0893717606671,69.04869400779823,69.33311917394664,69.20432855260796,-0.0019069214225942,0.0140503989532589,-0.003495630704271724,-0.0006048464167733164,-0.003050094402922421,-0.0040535879952069975,-0.004642531438397102,-0.0005317952060802655,-0.0023910853915742325
2025-07-04,71.03,72.06,0.0143967823102286,0.0236478256125086,0.0,71.03,70.35016734155604,71.09318430011976,70.5568617360579,70.99259994976603,70.82445321694209,71.11248089026486,70.27554259535111,70.86131405089571,71.00013734075718,-0.0096171607519925,0.0008891484467312,-0.0066833888300847355,-0.0005266774599497343,-0.0028979975214273035,0.001160538341609195,-0.010678485217387346,-0.002377679418966494,-0.00042051159341235933
2025-07-11,72.06,71.06,-0.0139745147270661,0.0143967823102286,0.0,72.06,71.32188629999422,71.0442690159536,71.65477053171111,72.0197908478277,71.86106694304158,71.65729633591006,71.36777933199174,71.57062387257083,71.7929486704758,-0.010295864273271,-0.0141959153115749,-0.005639372219462424,-0.0005581511880268092,-0.0027644762212579166,-0.005604123210018741,-0.009652607687354653,-0.006814396651015409,-0.0037128420205753687
2025-07-18,71.06,69.23,-0.0260902959029469,-0.0139745147270661,0.0,71.06,70.74459370011967,70.14227785501357,70.75705913432573,70.76541842505942,70.95351372457998,71.49832606713906,70.67862490188992,70.91336860012575,71.12153127121991,-0.0044484711218269,-0.0129988705739378,-0.004272283296616164,-0.004154149543058705,-0.0014996642584844677,0.006149447184619405,-0.005381398595357023,-0.0020656191151491865,0.0008655311911621721
2025-07-25,69.23,70.55,0.0188873836088888,-0.0260902959029469,0.0,69.23,69.38406765264733,68.83912017753302,68.88270773322755,68.94303839989294,69.11818597386399,69.31777468934543,68.99866996193073,69.23418072598426,69.07286820906793,0.0022229737385476,-0.00566210411489,-0.00502912446582382,-0.004153661466908876,-0.00161641512961741,0.0012670676419808818,-0.003347066192505077,6.03871118668442e-05,-0.0022722863318238307
2025-08-01,70.55,67.17,-0.0490949590200498,0.0188873836088888,0.0,70.55,70.1737712491018,70.24330152852342,70.61819800524381,70.25818569504423,70.42555927996686,70.22664123646317,69.68313334323267,70.0408689391722,70.77945928328657,-0.005347066013911,-0.0043567265383899,0.0009661950993622714,-0.004144854523785435,-0.0017654230703432194,-0.004593934467864769,-0.0123633791531792,-0.007242764630714049,0.0032471571895764106
2025-08-08,67.17,67.3,0.001933517371909,-0.0490949590200498,0.0,67.17,67.27571200204483,67.1720441650474,66.78638769677406,66.89633038181394,67.041515977523,67.55765079118852,66.86965852536584,67.02467059856801,66.76088676751462,0.0015725607348225,3.0432245694100857e-05,-0.005727436495926108,-0.004082605938808992,-0.0019146503307385654,0.005754599871365174,-0.004481389770476074,-0.002165949774302234,-0.006109337656719949
2025-08-15,67.3,68.29,0.0146031063223159,0.001933517371909,0.0,67.3,66.8149216103262,66.98941659645968,67.1981484843577,67.02463638660629,67.15678661119065,68.45155386394545,66.9234308340545,67.03691755542009,67.67070785746824,-0.007233803653006,-0.0046255909837782,-0.0015145418172559932,-0.004099977584683168,-0.0021302523521062877,0.016966015541172608,-0.005611094152620233,-0.003916760719190726,0.0054931739712564265
2025-08-22,68.29,67.83,-0.0067587680150098,0.0146031063223159,0.0,68.29,68.41276994829323,68.2738714038497,68.00881788260257,68.00672660313202,68.10866155380621,68.79495986108006,67.40342063626706,67.89213202855365,68.15961832941699,0.0017961593806218,-0.0002362059021834,-0.004125971459778777,-0.004156722054920237,-0.0026589491563445977,0.0073671414496752075,-0.01306757506261258,-0.005843190990609537,-0.0019110600947137846
2025-08-29,67.83,64.92,-0.0438488323115976,-0.0067587680150098,0.0,67.83,67.57932184538912,67.58973343670803,67.6254205030742,67.55408546715302,67.6165915300241,67.98650606779904,67.196040321665,67.48683868466132,67.573106406877,-0.0037025285640237,-0.0035484756808727,-0.003020619650613121,-0.004076031741829522,-0.0031511851890863307,0.0023046703468351387,-0.009390252949705857,-0.005071978540515054,-0.0037945052838928572
2025-09-05,64.92,67.87,0.0444383680692765,-0.0438488323115976,0.0,64.92,64.5615391814453,65.44688404994147,64.4453042780802,64.65980975853203,64.6880556592302,65.14632372873888,64.39575103127018,64.43806992484873,64.6008617294967,-0.0055368778684378,0.0080831404775381,-0.007338874285079622,-0.004015912535120014,-0.0035791693224521137,0.003480131530956637,-0.008108089488019554,-0.007451136293795901,-0.00492799248091097
2025-09-12,67.87,67.05,-0.0121555009879795,0.0444383680692765,0.0,67.87,67.37140737237326,67.57963710164063,67.68528648855167,67.59517022932295,67.62751598262406,67.49637757332248,67.39821186205872,67.3248951960811,67.87278960680524,-0.007373405767244,-0.0042873993515968,-0.00272528841269834,-0.004057576530948681,-0.0035791693224521137,-0.005520179857639584,-0.006975623385856333,-0.008064028705720316,4.110136256529895e-05
2025-09-19,67.05,71.15,0.0593517148081739,-0.0121555009879795,0.0,67.05,66.69491858394048,66.71914460968556,66.91079690846064,66.77306748992363,66.8567603372292,67.41920140444174,66.89358811939724,67.05393362794344,66.71658876949417,-0.0053098428575111,-0.0049466723576188,-0.0020782668490428313,-0.004138791773084516,-0.002886184333421582,0.005491254924147981,-0.002335489946098973,5.8665362575871516e-05,-0.004984980539797401
2025-09-26,71.15,66.13,-0.0731678228492905,0.0593517148081739,0.0,71.15,71.1235112810779,70.66986996393095,70.71838402621717,70.86060561503174,70.99772206810528,70.79467976860838,70.6031227439393,70.76584282535444,70.64021461170235,-0.0003723633301753,-0.0067710098810493,-0.006084756775560862,-0.0040756784933453916,-0.0021425315570470227,-0.005006471170858673,-0.007715949514292553,-0.005413886220258235,-0.007190730140265389
2025-10-03,66.13,64.41,-0.0263536011277715,-0.0731678228492905,0.0,66.13,65.85770311810137,66.24551070378365,65.685356457039,65.86055236328414,66.02842731069266,65.34342775267756,66.1039243858312,65.8800305334106,65.65731865508619,-0.0041261005651321,0.0017451979219913,-0.006746486015129116,-0.004082837842393994,-0.0015371355633354566,-0.011965636640516863,-0.0003943861551093941,-0.003787132907132451,-0.0071734272565007196
2025-10-10,64.41,61.23,-0.0506316350689361,-0.0263536011277715,0.0,64.41,63.61964950080548,64.05583121403464,64.22484131320465,64.14222105581648,64.33389590876367,64.54999630542615,63.92319249539453,63.7994334818248,63.98686041326104,-0.0123465235141296,-0.0055138347670435,-0.002878828360693836,-0.004166078645494176,-0.0011822556644498494,0.0021711594980047405,-0.007586655175994106,-0.009524589842701436,-0.006591144320094333
2025-10-17,61.23,65.8,0.0719825728414084,-0.0506316350689361,0.0,61.23,60.63570480050679,60.89667688407605,60.49818623611101,60.979231281664696,60.76086258025633,60.71642535401196,60.31956537747845,60.584752230502744,61.10110984245894,-0.0097533577905969,-0.0054586590267717,-0.012023880470876547,-0.004103930082273277,-0.0076913913479794704,-0.00842300511681049,-0.014980747096650315,-0.010594017432586589,-0.0021072351162533254
2025-10-24,65.8,65.44,-0.0054861460367799,0.0719825728414084,0.0,65.8,65.14618008713248,64.48830045899678,65.37398030332524,65.52942179889766,65.26466550909342,66.15037867098142,65.53065028479269,65.52789565568119,65.7359950995309,-0.0099861690636802,-0.0201360192149877,-0.006495513722510005,-0.004120608775260826,-0.008169058622882308,0.005310776642355297,-0.0041018618621005976,-0.004143898481569042,-0.0009731922501103607
2025-10-31,65.44,63.72,-0.0266352072526438,-0.0054861460367799,0.0,65.44,65.2880446031444,66.71440301468081,64.77332203227235,65.1695494345911,64.86035786690022,65.36444600365503,64.93379660873423,65.32056460525037,65.13956644482138,-0.0023247569525533,0.0192871745675802,-0.010239870739587431,-0.0041413656676559385,-0.008897073902014774,-0.0011552207444892604,-0.0077654551481872724,-0.001826780548469631,-0.004601548212775641
2025-11-07,63.72,63.45,-0.004246290881451,-0.0266352072526438,0.0,63.72,63.59812630529952,63.52095737983603,63.140001557553106,63.45481177067746,63.12530269536679,63.67869801677991,64.43457939052061,64.13797124315727,63.578902019007415,-0.0019144757382417,-0.0031285961158573,-0.009143977243755597,-0.004170458127552679,-0.009376802283693308,-0.0006483894311325455,0.011151951021744155,0.006538078588169849,-0.002216798990983565
2025-11-14,63.45,62.78,-0.0106156427465891,-0.004246290881451,0.0,63.45,63.26194779216306,63.80343297838998,63.16446644692507,63.18596154677759,62.857822599199984,62.67960624555797,62.65137492082352,62.71382769136166,63.20580297543097,-0.0029681864919176,0.0055548031814396,-0.004510290887473678,-0.004170045105940379,-0.009376802283693308,-0.012216058671281282,-0.012666566996504702,-0.011670233494015414,-0.0038560779912099052
2025-11-21,62.78,64.07,0.0203396842371225,-0.0106156427465891,0.0,62.78,62.41702765209143,63.330948977404795,62.394624226302994,62.51914190455482,62.20112597045676,62.32933733757283,62.054580419248886,61.673176967268844,62.47517169302939,-0.0057984342232123,0.0087375836446881,-0.006157429969072092,-0.00416377108980176,-0.009263449413601577,-0.007204332166123095,-0.011622224288605487,-0.017787448133772976,-0.004867326508822378
2025-11-28,64.07,64.42,0.0054479082521227,0.0203396842371225,0.0,64.07,64.29378560865374,63.330574425212994,63.51737956614229,63.812470302629535,63.49157372330107,63.83992112538562,64.34809803538288,63.77448317256007,63.810500986200594,0.0034867440892806,-0.0116080148145556,-0.008662673244645425,-0.004027605110999644,-0.009069035828195071,-0.003597518014751222,0.004331141394695259,-0.004623075574981428,-0.004058466583808484
2025-12-05,64.42,62.11,-0.0365171373318411,0.0054479082521227,0.0,64.42,63.995441180790465,64.40359561873373,63.8983559064687,64.15518821080063,63.935173452816215,63.9416678185723,64.29789729074132,63.870705462766075,64.18127868564683,-0.0066122946306172,-0.0002546797622926,-0.008130512013808433,-0.004119179871641954,-0.007554488688002348,-0.0074529164924883595,-0.0018972147378670812,-0.00856333109908547,-0.0037125849912220954
2025-12-12,62.11,61.35,-0.0123118354142911,-0.0365171373318411,0.0,62.11,62.07241554748846,62.69600196565179,61.596928265504694,61.860712169620925,61.76812017977433,63.74730863202774,61.941381609521954,62.27991815138519,61.7796253208874,-0.0006053103975054,0.0093906745314598,-0.008295003094807796,-0.00402172677756818,-0.005519629902583645,0.026019959039318863,-0.002718526664298948,0.0027320261898880482,-0.005333383830675054
2025-12-19,61.35,63.7,0.0375893914211972,-0.0123118354142911,0.0,61.35,60.7779277981559,59.812578903081075,60.886235399964136,61.100832466886175,60.96813831433703,61.40794820442229,61.13674404127991,61.38844120086625,60.90337440505449,-0.0093684777316033,-0.0253791827708482,-0.007588041692394465,-0.00406968040956418,-0.006243766157424058,0.0009441052017268026,-0.003482110262106153,0.0006263922166040437,-0.007306589026096655
