forecast_origin,target_date,information_set,fusion,config,model,seed,P_t,P_next_actual,P_hat,r_actual,r_hat
2021-01-22,2021-01-29,M3_Deep,concat,m3_deep_concat,M3_Deep_Concat,42,55.22,55.25,54.67030918558735,0.0005431338958538,-0.010004438122024562
2021-01-29,2021-02-05,M3_Deep,concat,m3_deep_concat,M3_Deep_Concat,42,55.25,59.48,54.59819464820612,0.0737717811940921,-0.011867523244833644
2021-02-05,2021-02-12,M3_Deep,concat,m3_deep_concat,M3_Deep_Concat,42,59.48,62.47,59.15468839543947,0.0490463199135243,-0.005484271494835213
2021-02-12,2021-02-19,M3_Deep,concat,m3_deep_concat,M3_Deep_Concat,42,62.47,62.84,62.23741085824989,0.005905371881942,-0.0037301618217960297
2021-02-19,2021-02-26,M3_Deep,concat,m3_deep_concat,M3_Deep_Concat,42,62.84,65.86,62.284001876670445,0.0469394635607977,-0.008887212277383316
2021-02-26,2021-03-05,M3_Deep,concat,m3_deep_concat,M3_Deep_Concat,42,65.86,69.95,65.64546302131038,0.060249424163272,-0.003262787173806486
2021-03-05,2021-03-12,M3_Deep,concat,m3_deep_concat,M3_Deep_Concat,42,69.95,68.87,70.3273675440757,-0.0155600315548833,0.00538031845069431
2021-03-12,2021-03-19,M3_Deep,concat,m3_deep_concat,M3_Deep_Concat,42,68.87,64.0,69.20458010030609,-0.073337586196935,0.004846377297400617
2021-03-19,2021-03-26,M3_Deep,concat,m3_deep_concat,M3_Deep_Concat,42,64.0,63.77,63.87391147249225,-0.0036002230324915,-0.001972076507551851
2021-03-26,2021-04-02,M3_Deep,concat,m3_deep_concat,M3_Deep_Concat,42,63.77,63.85,63.395485548080785,0.0012537221513679,-0.005890207285491833
2021-04-02,2021-04-09,M3_Deep,concat,m3_deep_concat,M3_Deep_Concat,42,63.85,61.89,63.58920178270804,-0.0311779667272782,-0.0040929098380405315
2021-04-09,2021-04-16,M3_Deep,concat,m3_deep_concat,M3_Deep_Concat,42,61.89,65.98,61.26254075802279,0.0639930500491652,-0.010190040214494656
2021-04-16,2021-04-23,M3_Deep,concat,m3_deep_concat,M3_Deep_Concat,42,65.98,65.75,65.72791624716983,-0.0034919947425615,-0.003827925728816739
2021-04-23,2021-04-30,M3_Deep,concat,m3_deep_concat,M3_Deep_Concat,42,65.75,67.73,65.78807536241085,0.0296695421689385,0.0005789253547973522
2021-04-30,2021-05-07,M3_Deep,concat,m3_deep_concat,M3_Deep_Concat,42,67.73,68.73,67.78562607314991,0.0146565719067016,0.0008209544225409454
2021-05-07,2021-05-14,M3_Deep,concat,m3_deep_concat,M3_Deep_Concat,42,68.73,69.24,68.78662942855956,0.0073929451744944,0.0008236012182083474
2021-05-14,2021-05-21,M3_Deep,concat,m3_deep_concat,M3_Deep_Concat,42,69.24,66.72,69.27005878450986,-0.037073972257517,0.0004340303548423796
2021-05-21,2021-05-28,M3_Deep,concat,m3_deep_concat,M3_Deep_Concat,42,66.72,69.36,66.79522348583325,0.038805574421795,0.0011268152324305503
2021-05-28,2021-06-04,M3_Deep,concat,m3_deep_concat,M3_Deep_Concat,42,69.36,71.3,69.46982256140434,0.0275859949479638,0.0015821180534004164
2021-06-04,2021-06-11,M3_Deep,concat,m3_deep_concat,M3_Deep_Concat,42,71.3,72.05,71.36706626303732,0.0104639950252809,0.0009401786934325612
2021-06-11,2021-06-18,M3_Deep,concat,m3_deep_concat,M3_Deep_Concat,42,72.05,73.1,72.10684823717541,0.0144680443102017,0.0007886998199175266
2021-06-18,2021-06-25,M3_Deep,concat,m3_deep_concat,M3_Deep_Concat,42,73.1,76.45,73.21701779620415,0.0448085656193386,0.0015995107461205804
2021-06-25,2021-07-02,M3_Deep,concat,m3_deep_concat,M3_Deep_Concat,42,76.45,77.51,76.56409092105885,0.0137700279183487,0.001491247525181691
2021-07-02,2021-07-09,M3_Deep,concat,m3_deep_concat,M3_Deep_Concat,42,77.51,77.14,77.57363817816186,-0.0047850075133383,0.0008206949808678282
2021-07-09,2021-07-16,M3_Deep,concat,m3_deep_concat,M3_Deep_Concat,42,77.14,74.46,77.18278244109447,-0.0353598843355109,0.0005544540023674494
2021-07-16,2021-07-23,M3_Deep,concat,m3_deep_concat,M3_Deep_Concat,42,74.46,74.86,74.49880307049007,0.0053576340317122,0.0005209906439622158
2021-07-23,2021-07-30,M3_Deep,concat,m3_deep_concat,M3_Deep_Concat,42,74.86,77.72,74.92239973384942,0.0374929220329564,0.0008332052039529692
2021-07-30,2021-08-06,M3_Deep,concat,m3_deep_concat,M3_Deep_Concat,42,77.72,71.02,77.79718911474681,-0.0901510969942975,0.0009926763919120563
2021-08-06,2021-08-13,M3_Deep,concat,m3_deep_concat,M3_Deep_Concat,42,71.02,70.9,71.03835238087586,-0.0016910939768598,0.0002583780632449961
2021-08-13,2021-08-20,M3_Deep,concat,m3_deep_concat,M3_Deep_Concat,42,70.9,65.51,70.92205320019013,-0.0790676307942968,0.00031099818216209774
2021-08-20,2021-08-27,M3_Deep,concat,m3_deep_concat,M3_Deep_Concat,42,65.51,72.26,65.45427714261295,0.0980679229757092,-0.0008509627505362827
2021-08-27,2021-09-03,M3_Deep,concat,m3_deep_concat,M3_Deep_Concat,42,72.26,73.07,72.29958238816391,0.0111471600836321,0.0005476273312251534
2021-09-03,2021-09-10,M3_Deep,concat,m3_deep_concat,M3_Deep_Concat,42,73.07,72.44,73.06330797921011,-0.0086592527879137,-9.158789172844517e-05
2021-09-10,2021-09-17,M3_Deep,concat,m3_deep_concat,M3_Deep_Concat,42,72.44,74.64,72.45810743721266,0.0299179235238758,0.00024993338597978365
2021-09-17,2021-09-24,M3_Deep,concat,m3_deep_concat,M3_Deep_Concat,42,74.64,77.42,74.65456535970117,0.0365685886104137,0.00019512243747507596
2021-09-24,2021-10-01,M3_Deep,concat,m3_deep_concat,M3_Deep_Concat,42,77.42,79.4,77.47034847458681,0.0252532231035881,0.0006501176717077228
2021-10-01,2021-10-08,M3_Deep,concat,m3_deep_concat,M3_Deep_Concat,42,79.4,82.17,79.41456877833222,0.0342919036900064,0.0001834690417277518
2021-10-08,2021-10-15,M3_Deep,concat,m3_deep_concat,M3_Deep_Concat,42,82.17,84.67,82.25736902120296,0.0299710757110894,0.0010627066521289308
2021-10-15,2021-10-22,M3_Deep,concat,m3_deep_concat,M3_Deep_Concat,42,84.67,85.43,84.73883788506159,0.0089359795093414,0.0008126835613734007
2021-10-22,2021-10-29,M3_Deep,concat,m3_deep_concat,M3_Deep_Concat,42,85.43,83.1,85.72154005230287,-0.0276526253021248,0.003406809359589147
2021-10-29,2021-11-05,M3_Deep,concat,m3_deep_concat,M3_Deep_Concat,42,83.1,82.43,83.47932142059236,-0.0080952535362662,0.004554251668086012
2021-11-05,2021-11-12,M3_Deep,concat,m3_deep_concat,M3_Deep_Concat,42,82.43,82.9,82.67699851000415,0.0056856138161131,0.0029919833379965233
2021-11-12,2021-11-19,M3_Deep,concat,m3_deep_concat,M3_Deep_Concat,42,82.9,80.24,83.1732156643777,-0.0326129184875693,0.0032903067454122664
2021-11-19,2021-11-26,M3_Deep,concat,m3_deep_concat,M3_Deep_Concat,42,80.24,72.37,80.50713106847287,-0.1032302947756436,0.0033236215489710202
2021-11-26,2021-12-03,M3_Deep,concat,m3_deep_concat,M3_Deep_Concat,42,72.37,70.71,72.59931398798783,-0.023204843261887,0.0031636237068002615
2021-12-03,2021-12-10,M3_Deep,concat,m3_deep_concat,M3_Deep_Concat,42,70.71,74.98,70.93912544109659,0.0586344056916167,0.003235115504145916
2021-12-10,2021-12-17,M3_Deep,concat,m3_deep_concat,M3_Deep_Concat,42,74.98,72.97,75.341424869175,-0.0271730135302372,0.004808703296203781
2021-12-17,2021-12-24,M3_Deep,concat,m3_deep_concat,M3_Deep_Concat,42,72.97,75.24,73.19749846758234,0.0306346066553009,0.003112848665662832
2021-12-24,2021-12-31,M3_Deep,concat,m3_deep_concat,M3_Deep_Concat,42,75.24,77.24,75.4735629494478,0.0262344531274841,0.0030994308919952696
2021-12-31,2022-01-07,M3_Deep,concat,m3_deep_concat,M3_Deep_Concat,42,77.24,82.28,77.52336288559596,0.0632106072244427,0.0036618899584149323
2022-01-07,2022-01-14,M3_Deep,concat,m3_deep_concat,M3_Deep_Concat,42,82.28,87.17,82.57740068990019,0.0577321702387283,0.0036079789111514715
2022-01-14,2022-01-21,M3_Deep,concat,m3_deep_concat,M3_Deep_Concat,42,87.17,89.75,87.60303596273909,0.0291677923449035,0.00495541942721095
2022-01-21,2022-01-28,M3_Deep,concat,m3_deep_concat,M3_Deep_Concat,42,89.75,91.47,89.97337070933999,0.0189830222998847,0.0024857181731217926
2022-01-28,2022-02-04,M3_Deep,concat,m3_deep_concat,M3_Deep_Concat,42,91.47,96.86,91.50726554696274,0.0572555873068098,0.0004073243456403919
2022-02-04,2022-02-11,M3_Deep,concat,m3_deep_concat,M3_Deep_Concat,42,96.86,97.5,96.92294394782564,0.0065857410287184,0.0006496335410845488
2022-02-11,2022-02-18,M3_Deep,concat,m3_deep_concat,M3_Deep_Concat,42,97.5,96.18,97.57668539962359,-0.0136309421542848,0.0007862077768706621
2022-02-18,2022-02-25,M3_Deep,concat,m3_deep_concat,M3_Deep_Concat,42,96.18,98.56,96.36265150663677,0.024444063935693,0.0018972581918521025
2022-02-25,2022-03-04,M3_Deep,concat,m3_deep_concat,M3_Deep_Concat,42,98.56,123.86,98.65216811871593,0.2284863957247052,0.0009347103305605842
2022-03-04,2022-03-11,M3_Deep,concat,m3_deep_concat,M3_Deep_Concat,42,123.86,118.11,123.95633288645192,-0.047535501886159,0.0007774539327744523
2022-03-11,2022-03-18,M3_Deep,concat,m3_deep_concat,M3_Deep_Concat,42,118.11,114.32,118.13441145876563,-0.0326148600021439,0.0002066627413684352
2022-03-18,2022-03-25,M3_Deep,concat,m3_deep_concat,M3_Deep_Concat,42,114.32,122.67,114.41927443745656,0.0704962894230488,0.0008680139773451501
2022-03-25,2022-04-01,M3_Deep,concat,m3_deep_concat,M3_Deep_Concat,42,122.67,106.13,122.77143321034447,-0.1448330652709296,0.0008265370258993543
2022-04-01,2022-04-08,M3_Deep,concat,m3_deep_concat,M3_Deep_Concat,42,106.13,101.26,106.26640425406242,-0.0469732912319679,0.0012844310928367686
2022-04-08,2022-04-15,M3_Deep,concat,m3_deep_concat,M3_Deep_Concat,42,101.26,110.83,101.28493893909882,0.0903060292457984,0.0002462558615927146
2022-04-15,2022-04-22,M3_Deep,concat,m3_deep_concat,M3_Deep_Concat,42,110.83,105.15,110.87263700791287,-0.0526095936388528,0.00038463239782754455
2022-04-22,2022-04-29,M3_Deep,concat,m3_deep_concat,M3_Deep_Concat,42,105.15,108.36,105.2865265885275,0.0300711150681855,0.0012975561790154466
2022-04-29,2022-05-06,M3_Deep,concat,m3_deep_concat,M3_Deep_Concat,42,108.36,113.86,108.53452668907882,0.0495106063060414,0.0016093234754287478
2022-05-06,2022-05-13,M3_Deep,concat,m3_deep_concat,M3_Deep_Concat,42,113.86,112.12,114.02411266587028,-0.0153998972263482,0.0014403171183948738
2022-05-13,2022-05-20,M3_Deep,concat,m3_deep_concat,M3_Deep_Concat,42,112.12,113.63,112.2154597980662,0.01337782963333,0.000851045161685493
2022-05-20,2022-05-27,M3_Deep,concat,m3_deep_concat,M3_Deep_Concat,42,113.63,121.19,113.7401809518883,0.0644120060504783,0.0009691768731631134
2022-05-27,2022-06-03,M3_Deep,concat,m3_deep_concat,M3_Deep_Concat,42,121.19,125.68,121.41813450606752,0.0363794319669697,0.0018806836281402561
2022-06-03,2022-06-10,M3_Deep,concat,m3_deep_concat,M3_Deep_Concat,42,125.68,127.44,125.85642050294345,0.0139066716544272,0.0014027434398492522
2022-06-10,2022-06-17,M3_Deep,concat,m3_deep_concat,M3_Deep_Concat,42,127.44,119.22,127.49173121552198,-0.0666751398100125,0.0004058436820350009
2022-06-17,2022-06-24,M3_Deep,concat,m3_deep_concat,M3_Deep_Concat,42,119.22,117.36,119.1990428901674,-0.0157243919570542,-0.00017580063767153042
2022-06-24,2022-07-01,M3_Deep,concat,m3_deep_concat,M3_Deep_Concat,42,117.36,119.21,117.58109398746697,0.0156405098951838,0.001882123292960336
2022-07-01,2022-07-08,M3_Deep,concat,m3_deep_concat,M3_Deep_Concat,42,119.21,113.95,119.2137477868526,-0.0451268880382168,3.1438033230357654e-05
2022-07-08,2022-07-15,M3_Deep,concat,m3_deep_concat,M3_Deep_Concat,42,113.95,112.26,114.0511891959389,-0.0149421461776399,0.000887619954434482
2022-07-15,2022-07-22,M3_Deep,concat,m3_deep_concat,M3_Deep_Concat,42,112.26,106.77,112.34993202486015,-0.0501406213238422,0.0008007840869295735
2022-07-22,2022-07-29,M3_Deep,concat,m3_deep_concat,M3_Deep_Concat,42,106.77,111.51,105.94320381995446,0.0434372847870595,-0.007773850696534357
2022-07-29,2022-08-05,M3_Deep,concat,m3_deep_concat,M3_Deep_Concat,42,111.51,100.31,110.7348554543203,-0.1058488820818767,-0.006975618735971967
2022-08-05,2022-08-12,M3_Deep,concat,m3_deep_concat,M3_Deep_Concat,42,100.31,103.7,99.48819644248742,0.0332367243400878,-0.008226382486509198
2022-08-12,2022-08-19,M3_Deep,concat,m3_deep_concat,M3_Deep_Concat,42,103.7,96.45,103.11607691261946,-0.0724773758837435,-0.00564680123223793
2022-08-19,2022-08-26,M3_Deep,concat,m3_deep_concat,M3_Deep_Concat,42,96.45,101.13,95.67590409883482,0.0473820785623409,-0.008058258397295237
2022-08-26,2022-09-02,M3_Deep,concat,m3_deep_concat,M3_Deep_Concat,42,101.13,93.09,100.34057122011097,-0.0828400507856804,-0.00783670602874098
2022-09-02,2022-09-09,M3_Deep,concat,m3_deep_concat,M3_Deep_Concat,42,93.09,91.68,92.05149363948732,-0.015262514161969,-0.01121863318783145
2022-09-09,2022-09-16,M3_Deep,concat,m3_deep_concat,M3_Deep_Concat,42,91.68,89.43,91.01339286534922,-0.0248480566083396,-0.0072975829341639376
2022-09-16,2022-09-23,M3_Deep,concat,m3_deep_concat,M3_Deep_Concat,42,89.43,84.29,88.39169279006092,-0.0591929623486989,-0.011678204093339417
2022-09-23,2022-09-30,M3_Deep,concat,m3_deep_concat,M3_Deep_Concat,42,84.29,88.9,83.37234082189586,0.0532489085104681,-0.010946624472388145
2022-09-30,2022-10-07,M3_Deep,concat,m3_deep_concat,M3_Deep_Concat,42,88.9,98.88,88.06827347511921,0.1063948511895216,-0.009399793901473608
2022-10-07,2022-10-14,M3_Deep,concat,m3_deep_concat,M3_Deep_Concat,42,98.88,92.22,98.13871952307818,-0.0697299669308211,-0.007525010584564118
2022-10-14,2022-10-21,M3_Deep,concat,m3_deep_concat,M3_Deep_Concat,42,92.22,91.82,91.74183285588235,-0.0043468879574835,-0.005198559000710201
2022-10-21,2022-10-28,M3_Deep,concat,m3_deep_concat,M3_Deep_Concat,42,91.82,94.64,91.38336445549417,0.0302500808490554,-0.004766685072042254
2022-10-28,2022-11-04,M3_Deep,concat,m3_deep_concat,M3_Deep_Concat,42,94.64,99.53,94.37903684371702,0.0503788865878407,-0.0027612385127838146
2022-11-04,2022-11-11,M3_Deep,concat,m3_deep_concat,M3_Deep_Concat,42,99.53,96.37,98.9376107845111,-0.032264156394776,-0.005969648874994515
2022-11-11,2022-11-18,M3_Deep,concat,m3_deep_concat,M3_Deep_Concat,42,96.37,88.93,96.1509370069453,-0.0803454064516473,-0.0022757326138505007
2022-11-18,2022-11-25,M3_Deep,concat,m3_deep_concat,M3_Deep_Concat,42,88.93,83.4,88.41459726573427,-0.0642012340468476,-0.005812459959553151
2022-11-25,2022-12-02,M3_Deep,concat,m3_deep_concat,M3_Deep_Concat,42,83.4,86.54,83.09837452307222,0.0369584254320376,-0.0036231681871198296
2022-12-02,2022-12-09,M3_Deep,concat,m3_deep_concat,M3_Deep_Concat,42,86.54,76.37,86.12484805810986,-0.125016785896446,-0.004808769666389878
2022-12-09,2022-12-16,M3_Deep,concat,m3_deep_concat,M3_Deep_Concat,42,76.37,80.2,75.76713669114886,0.0489335659721759,-0.007925303150411622
2022-12-16,2022-12-23,M3_Deep,concat,m3_deep_concat,M3_Deep_Concat,42,80.2,82.45,79.80172405052517,0.027668534133139,-0.004978406006910241
2022-12-23,2022-12-30,M3_Deep,concat,m3_deep_concat,M3_Deep_Concat,42,82.45,82.82,81.89765640895102,0.0044775291118132,-0.006721673831332264
2022-12-30,2023-01-06,M3_Deep,concat,m3_deep_concat,M3_Deep_Concat,42,82.82,76.41,82.38037361672623,-0.0805560004579458,-0.005322353835402804
2023-01-06,2023-01-13,M3_Deep,concat,m3_deep_concat,M3_Deep_Concat,42,76.41,83.43,76.31198821172703,0.087894379254508,-0.001283532291275924
2023-01-13,2023-01-20,M3_Deep,concat,m3_deep_concat,M3_Deep_Concat,42,83.43,86.96,83.76647055174841,0.0414402858989706,0.004024857759958547
2023-01-20,2023-01-27,M3_Deep,concat,m3_deep_concat,M3_Deep_Concat,42,86.96,85.36,86.72656333498902,-0.018570635819456,-0.0026880237720892097
2023-01-27,2023-02-03,M3_Deep,concat,m3_deep_concat,M3_Deep_Concat,42,85.36,78.85,85.00949549274047,-0.0793302935844505,-0.004114645063166833
2023-02-03,2023-02-10,M3_Deep,concat,m3_deep_concat,M3_Deep_Concat,42,78.85,85.46,78.46969873339827,0.0805011168068314,-0.0048347665353727365
2023-02-10,2023-02-17,M3_Deep,concat,m3_deep_concat,M3_Deep_Concat,42,85.46,81.97,85.00761194387087,-0.0416951035509395,-0.005307625454294751
2023-02-17,2023-02-24,M3_Deep,concat,m3_deep_concat,M3_Deep_Concat,42,81.97,82.31,81.59486988845305,0.0041392803196134,-0.004586935685273019
2023-02-24,2023-03-03,M3_Deep,concat,m3_deep_concat,M3_Deep_Concat,42,82.31,85.74,81.61543221415903,0.0408268541852784,-0.008474242623918826
2023-03-03,2023-03-10,M3_Deep,concat,m3_deep_concat,M3_Deep_Concat,42,85.74,82.3,85.12839776827937,-0.0409483534868068,-0.007158782450872536
2023-03-10,2023-03-17,M3_Deep,concat,m3_deep_concat,M3_Deep_Concat,42,82.3,71.03,81.67310045416596,-0.1472687846733054,-0.0076464078380524825
2023-03-17,2023-03-24,M3_Deep,concat,m3_deep_concat,M3_Deep_Concat,42,71.03,73.63,70.48695654422264,0.0359502283709067,-0.007674643865740904
2023-03-24,2023-03-31,M3_Deep,concat,m3_deep_concat,M3_Deep_Concat,42,73.63,79.19,73.06205966980106,0.0727974768416957,-0.007743338927134857
2023-03-31,2023-04-07,M3_Deep,concat,m3_deep_concat,M3_Deep_Concat,42,79.19,86.56,78.55671300767678,0.0889877868758503,-0.008029205585096122
2023-04-07,2023-04-14,M3_Deep,concat,m3_deep_concat,M3_Deep_Concat,42,86.56,87.31,86.12853049733216,0.0086271887245447,-0.004997093892397331
2023-04-14,2023-04-21,M3_Deep,concat,m3_deep_concat,M3_Deep_Concat,42,87.31,83.36,86.71804897076427,-0.0462964258176594,-0.006802964415319579
2023-04-21,2023-04-28,M3_Deep,concat,m3_deep_concat,M3_Deep_Concat,42,83.36,81.32,82.63093306302116,-0.0247765892449109,-0.008784475294467797
2023-04-28,2023-05-05,M3_Deep,concat,m3_deep_concat,M3_Deep_Concat,42,81.32,75.85,80.45036285207661,-0.0696342829656046,-0.010751605051295798
2023-05-05,2023-05-12,M3_Deep,concat,m3_deep_concat,M3_Deep_Concat,42,75.85,74.54,74.74675391715789,-0.0174218117434287,-0.014651920324094792
2023-05-12,2023-05-19,M3_Deep,concat,m3_deep_concat,M3_Deep_Concat,42,74.54,75.42,73.8437673513055,0.0117365977790986,-0.009384284690714506
2023-05-19,2023-05-26,M3_Deep,concat,m3_deep_concat,M3_Deep_Concat,42,75.42,76.33,74.73454532233455,0.0119935539801678,-0.009130052476136297
2023-05-26,2023-06-02,M3_Deep,concat,m3_deep_concat,M3_Deep_Concat,42,76.33,76.0,75.6715193259232,-0.0043327055240478,-0.008664186992799583
2023-06-02,2023-06-09,M3_Deep,concat,m3_deep_concat,M3_Deep_Concat,42,76.0,74.74,75.27684548589936,-0.0167179162289933,-0.00956074963454523
2023-06-09,2023-06-16,M3_Deep,concat,m3_deep_concat,M3_Deep_Concat,42,74.74,76.76,73.79927718668881,0.0266682470821614,-0.0126664867171834
2023-06-16,2023-06-23,M3_Deep,concat,m3_deep_concat,M3_Deep_Concat,42,76.76,73.56,76.37155743268038,-0.0425822714033789,-0.005073329194816956
2023-06-23,2023-06-30,M3_Deep,concat,m3_deep_concat,M3_Deep_Concat,42,73.56,74.51,72.79928922670129,0.0128319448295158,-0.01039520795062987
2023-06-30,2023-07-07,M3_Deep,concat,m3_deep_concat,M3_Deep_Concat,42,74.51,78.77,73.75848300311901,0.0555988691495966,-0.01013733218932844
2023-07-07,2023-07-14,M3_Deep,concat,m3_deep_concat,M3_Deep_Concat,42,78.77,79.9,77.77420947052343,0.0142436390569961,-0.012722335296613374
2023-07-14,2023-07-21,M3_Deep,concat,m3_deep_concat,M3_Deep_Concat,42,79.9,81.06,79.4463459118393,0.0144137684279334,-0.005693953146246988
2023-07-21,2023-07-28,M3_Deep,concat,m3_deep_concat,M3_Deep_Concat,42,81.06,84.49,80.68631936886064,0.0414435629645908,-0.00462058484460437
2023-07-28,2023-08-04,M3_Deep,concat,m3_deep_concat,M3_Deep_Concat,42,84.49,87.38,84.08347744776077,0.0336332393585364,-0.004823099653012697
2023-08-04,2023-08-11,M3_Deep,concat,m3_deep_concat,M3_Deep_Concat,42,87.38,87.93,86.77298247277886,0.0062746198676211,-0.006971112143349445
2023-08-11,2023-08-18,M3_Deep,concat,m3_deep_concat,M3_Deep_Concat,42,87.93,85.92,87.42315929147436,-0.0231244126303562,-0.005780815378888637
2023-08-18,2023-08-25,M3_Deep,concat,m3_deep_concat,M3_Deep_Concat,42,85.92,85.42,85.1717395678052,-0.0058363653472341,-0.008746947161863416
2023-08-25,2023-09-01,M3_Deep,concat,m3_deep_concat,M3_Deep_Concat,42,85.42,89.98,84.6068166672466,0.0520071579997058,-0.009565426784192699
2023-09-01,2023-09-08,M3_Deep,concat,m3_deep_concat,M3_Deep_Concat,42,89.98,91.85,89.36018946824913,0.0205693882481082,-0.006912148374011662
2023-09-08,2023-09-15,M3_Deep,concat,m3_deep_concat,M3_Deep_Concat,42,91.85,95.55,91.0120321935584,0.0394928590251474,-0.009165091977595297
2023-09-15,2023-09-22,M3_Deep,concat,m3_deep_concat,M3_Deep_Concat,42,95.55,93.99,95.03955899832538,-0.0164612770540719,-0.005356455251848136
2023-09-22,2023-09-29,M3_Deep,concat,m3_deep_concat,M3_Deep_Concat,42,93.99,95.86,93.29096696028003,0.0197004000992753,-0.0074651076119746085
2023-09-29,2023-10-06,M3_Deep,concat,m3_deep_concat,M3_Deep_Concat,42,95.86,87.86,95.19488384228069,-0.0871441551838517,-0.0069625945307868475
2023-10-06,2023-10-13,M3_Deep,concat,m3_deep_concat,M3_Deep_Concat,42,87.86,94.33,87.1180071569594,0.0710546341141284,-0.008481034875106874
2023-10-13,2023-10-20,M3_Deep,concat,m3_deep_concat,M3_Deep_Concat,42,94.33,93.72,93.66198553521886,-0.0064876590221669,-0.007106869737317556
2023-10-20,2023-10-27,M3_Deep,concat,m3_deep_concat,M3_Deep_Concat,42,93.72,90.73,93.38982615379139,-0.0324235504580573,-0.0035292020274493296
2023-10-27,2023-11-03,M3_Deep,concat,m3_deep_concat,M3_Deep_Concat,42,90.73,87.55,90.56678236823092,-0.0356780044496768,-0.0018005578889277452
2023-11-03,2023-11-10,M3_Deep,concat,m3_deep_concat,M3_Deep_Concat,42,87.55,83.66,87.56579128280825,-0.0454490927178085,0.0001803524711891935
2023-11-10,2023-11-17,M3_Deep,concat,m3_deep_concat,M3_Deep_Concat,42,83.66,81.22,83.63773004028964,-0.0295994437559005,-0.00026623146454562985
2023-11-17,2023-11-24,M3_Deep,concat,m3_deep_concat,M3_Deep_Concat,42,81.22,79.82,81.21508852596868,-0.0173874226375639,-6.047306745582404e-05
2023-11-24,2023-12-01,M3_Deep,concat,m3_deep_concat,M3_Deep_Concat,42,79.82,78.72,79.85913457825329,-0.0138768468765897,0.0004901652196476203
2023-12-01,2023-12-08,M3_Deep,concat,m3_deep_concat,M3_Deep_Concat,42,78.72,75.94,78.72361948258234,-0.0359536979403416,4.597814245976828e-05
2023-12-08,2023-12-15,M3_Deep,concat,m3_deep_concat,M3_Deep_Concat,42,75.94,76.84,75.9199470151636,0.0117817830966997,-0.0002640984057626916
2023-12-15,2023-12-22,M3_Deep,concat,m3_deep_concat,M3_Deep_Concat,42,76.84,80.23,77.01002399023534,0.0431721718652087,0.002210257171794794
2023-12-22,2023-12-29,M3_Deep,concat,m3_deep_concat,M3_Deep_Concat,42,80.23,77.69,80.04062130786619,-0.0321709608032353,-0.002363237613066005
2023-12-29,2024-01-05,M3_Deep,concat,m3_deep_concat,M3_Deep_Concat,42,77.69,78.31,77.61329835211453,0.007948759800517,-0.0009877659384662785
2024-01-05,2024-01-12,M3_Deep,concat,m3_deep_concat,M3_Deep_Concat,42,78.31,79.89,77.99760084541721,0.0199753797311041,-0.0039972409383906005
2024-01-12,2024-01-19,M3_Deep,concat,m3_deep_concat,M3_Deep_Concat,42,79.89,80.71,79.87550055166483,0.0102117948423304,-0.00018150912837766597
2024-01-19,2024-01-26,M3_Deep,concat,m3_deep_concat,M3_Deep_Concat,42,80.71,83.34,80.39421129407013,0.0320661426580264,-0.003920308573373887
2024-01-26,2024-02-02,M3_Deep,concat,m3_deep_concat,M3_Deep_Concat,42,83.34,79.54,83.2585965827943,-0.0466685862147627,-0.0009772402091465793
2024-02-02,2024-02-09,M3_Deep,concat,m3_deep_concat,M3_Deep_Concat,42,79.54,83.58,79.46094789148376,0.0495442172402245,-0.0009943602988302658
2024-02-09,2024-02-16,M3_Deep,concat,m3_deep_concat,M3_Deep_Concat,42,83.58,84.88,83.3779271919274,0.0154342372859582,-0.002420644651524917
2024-02-16,2024-02-23,M3_Deep,concat,m3_deep_concat,M3_Deep_Concat,42,84.88,84.18,84.63464121918145,-0.0082811309633029,-0.002894840827885936
2024-02-23,2024-03-01,M3_Deep,concat,m3_deep_concat,M3_Deep_Concat,42,84.18,84.82,84.08890548163433,0.0075740007040198,-0.0010827256171195287
2024-03-01,2024-03-08,M3_Deep,concat,m3_deep_concat,M3_Deep_Concat,42,84.82,84.29,84.74390856193031,-0.0062681300370536,-0.0008974957444971565
2024-03-08,2024-03-15,M3_Deep,concat,m3_deep_concat,M3_Deep_Concat,42,84.29,85.39,84.07848742572077,0.0129657639101239,-0.0025124973061183553
2024-03-15,2024-03-22,M3_Deep,concat,m3_deep_concat,M3_Deep_Concat,42,85.39,84.87,85.164163038646,-0.0061083239379291,-0.002648274182464938
2024-03-22,2024-03-29,M3_Deep,concat,m3_deep_concat,M3_Deep_Concat,42,84.87,86.17,84.82541878681347,0.0152014152700899,-0.0005254262552387701
2024-03-29,2024-04-05,M3_Deep,concat,m3_deep_concat,M3_Deep_Concat,42,86.17,92.81,86.1209386732365,0.074232303355626,-0.0005695172185768982
2024-04-05,2024-04-12,M3_Deep,concat,m3_deep_concat,M3_Deep_Concat,42,92.81,93.12,92.46584267427959,0.0033345913758262,-0.00371508467144821
2024-04-12,2024-04-19,M3_Deep,concat,m3_deep_concat,M3_Deep_Concat,42,93.12,87.96,92.77768381402426,-0.0570068182965674,-0.0036828492519767053
2024-04-19,2024-04-26,M3_Deep,concat,m3_deep_concat,M3_Deep_Concat,42,87.96,89.95,87.74970460321974,0.0223717947099818,-0.0023936696913254285
2024-04-26,2024-05-03,M3_Deep,concat,m3_deep_concat,M3_Deep_Concat,42,89.95,83.6,89.94364589183354,-0.0732104403058862,-7.064294169595309e-05
2024-05-03,2024-05-10,M3_Deep,concat,m3_deep_concat,M3_Deep_Concat,42,83.6,83.39,83.58608673011987,-0.0025151219917618,-0.00016644052366271422
2024-05-10,2024-05-17,M3_Deep,concat,m3_deep_concat,M3_Deep_Concat,42,83.39,82.24,83.37892656319809,-0.013886596392039,-0.00013279976127911208
2024-05-17,2024-05-24,M3_Deep,concat,m3_deep_concat,M3_Deep_Concat,42,82.24,78.92,82.3019020401815,-0.0412071205524403,0.0007524167684261895
2024-05-24,2024-05-31,M3_Deep,concat,m3_deep_concat,M3_Deep_Concat,42,78.92,79.41,78.84898494885087,0.0061896237527049,-0.0009002410197193611
2024-05-31,2024-06-07,M3_Deep,concat,m3_deep_concat,M3_Deep_Concat,42,79.41,78.12,79.43163193497209,-0.0163781988986412,0.0002723711012321828
2024-06-07,2024-06-14,M3_Deep,concat,m3_deep_concat,M3_Deep_Concat,42,78.12,81.49,78.15763113873601,0.0422342073236502,0.00048159342049292064
2024-06-14,2024-06-21,M3_Deep,concat,m3_deep_concat,M3_Deep_Concat,42,81.49,86.42,81.61621746629936,0.0587388171716588,0.001547672350618895
2024-06-21,2024-06-28,M3_Deep,concat,m3_deep_concat,M3_Deep_Concat,42,86.42,87.26,86.44123967275894,0.0096730371916763,0.0002457424568519939
2024-06-28,2024-07-05,M3_Deep,concat,m3_deep_concat,M3_Deep_Concat,42,87.26,88.66,87.26832579326057,0.0159166616214437,9.540907734068016e-05
2024-07-05,2024-07-12,M3_Deep,concat,m3_deep_concat,M3_Deep_Concat,42,88.66,87.35,88.71194220518943,-0.0148857927368419,0.0005856868457148612
2024-07-12,2024-07-19,M3_Deep,concat,m3_deep_concat,M3_Deep_Concat,42,87.35,85.19,87.32792923389432,-0.0250389805253164,-0.0002527024028727287
2024-07-19,2024-07-26,M3_Deep,concat,m3_deep_concat,M3_Deep_Concat,42,85.19,81.35,85.18060820298791,-0.0461232223897023,-0.00011025137634540494
2024-07-26,2024-08-02,M3_Deep,concat,m3_deep_concat,M3_Deep_Concat,42,81.35,78.35,81.44622237847177,-0.0375748648630169,0.0011821206692777253
2024-08-02,2024-08-09,M3_Deep,concat,m3_deep_concat,M3_Deep_Concat,42,78.35,81.07,78.50307581048293,0.0341270101975859,0.0019518375178722014
2024-08-09,2024-08-16,M3_Deep,concat,m3_deep_concat,M3_Deep_Concat,42,81.07,81.56,81.12832081440105,0.0060259667066386,0.0007191297249145301
2024-08-16,2024-08-23,M3_Deep,concat,m3_deep_concat,M3_Deep_Concat,42,81.56,80.34,81.72151028342435,-0.0150713167751182,0.001978305269459135
2024-08-23,2024-08-30,M3_Deep,concat,m3_deep_concat,M3_Deep_Concat,42,80.34,80.2,80.4341248901778,-0.0017441140586673,0.001170896137619587
2024-08-30,2024-09-06,M3_Deep,concat,m3_deep_concat,M3_Deep_Concat,42,80.2,72.82,80.28598926260759,-0.0965328721251816,0.001071610939141654
2024-09-06,2024-09-13,M3_Deep,concat,m3_deep_concat,M3_Deep_Concat,42,72.82,73.68,72.85573341594541,0.0117407491997641,0.0004905884573111474
2024-09-13,2024-09-20,M3_Deep,concat,m3_deep_concat,M3_Deep_Concat,42,73.68,75.96,73.7545055804831,0.0304754939970335,0.0010106940235198314
2024-09-20,2024-09-27,M3_Deep,concat,m3_deep_concat,M3_Deep_Concat,42,75.96,71.63,76.03679536530754,-0.0586929053177252,0.001010486723190679
2024-09-27,2024-10-04,M3_Deep,concat,m3_deep_concat,M3_Deep_Concat,42,71.63,79.32,71.76094518128284,0.1019763230252352,0.0018264084599976527
2024-10-04,2024-10-11,M3_Deep,concat,m3_deep_concat,M3_Deep_Concat,42,79.32,80.27,79.514924832775,0.0119056484918903,0.002454434134514058
2024-10-11,2024-10-18,M3_Deep,concat,m3_deep_concat,M3_Deep_Concat,42,80.27,72.75,80.29247181976586,-0.0983670460918835,0.0002799137265127871
2024-10-18,2024-10-25,M3_Deep,concat,m3_deep_concat,M3_Deep_Concat,42,72.75,75.62,72.53159815692963,0.0386918924111849,-0.003006602492871907
2024-10-25,2024-11-01,M3_Deep,concat,m3_deep_concat,M3_Deep_Concat,42,75.62,73.63,75.34216499241255,-0.0266682470821614,-0.0036808603174713628
2024-11-01,2024-11-08,M3_Deep,concat,m3_deep_concat,M3_Deep_Concat,42,73.63,74.04,73.13455540625499,0.0055529363246714,-0.006751582143185525
2024-11-08,2024-11-15,M3_Deep,concat,m3_deep_concat,M3_Deep_Concat,42,74.04,73.45,73.90864846916948,-0.0080005850854105,-0.001775637245774342
2024-11-15,2024-11-22,M3_Deep,concat,m3_deep_concat,M3_Deep_Concat,42,73.45,76.1,73.26029132062838,0.0354433622477538,-0.0025861687465703886
2024-11-22,2024-11-29,M3_Deep,concat,m3_deep_concat,M3_Deep_Concat,42,76.1,74.16,75.88450211615127,-0.0258233436100404,-0.002835789508303571
2024-11-29,2024-12-06,M3_Deep,concat,m3_deep_concat,M3_Deep_Concat,42,74.16,73.78,74.14876992450567,-0.00513722908907,-0.0001514418266903919
2024-12-06,2024-12-13,M3_Deep,concat,m3_deep_concat,M3_Deep_Concat,42,73.78,74.89,73.36876612716374,0.014932678092746,-0.005589376714147415
2024-12-13,2024-12-20,M3_Deep,concat,m3_deep_concat,M3_Deep_Concat,42,74.89,73.19,74.42000754474552,-0.0229615706481399,-0.006295545962187482
2024-12-20,2024-12-27,M3_Deep,concat,m3_deep_concat,M3_Deep_Concat,42,73.19,73.77,72.96805568920641,0.0078933452830751,-0.0030370475351748916
2024-12-27,2025-01-03,M3_Deep,concat,m3_deep_concat,M3_Deep_Concat,42,73.77,76.72,73.68828590873349,0.0392102856789718,-0.0011083012273913825
2025-01-03,2025-01-10,M3_Deep,concat,m3_deep_concat,M3_Deep_Concat,42,76.72,79.76,76.40862330387573,0.0388596950784002,-0.004066870302522424
2025-01-10,2025-01-17,M3_Deep,concat,m3_deep_concat,M3_Deep_Concat,42,79.76,83.02,79.31177558578916,0.0400594169713096,-0.005635513890801663
2025-01-17,2025-01-24,M3_Deep,concat,m3_deep_concat,M3_Deep_Concat,42,83.02,78.71,82.86579156891132,-0.0533113304705338,-0.0018592125829568484
2025-01-24,2025-01-31,M3_Deep,concat,m3_deep_concat,M3_Deep_Concat,42,78.71,77.11,78.47591183912458,-0.0205372383094894,-0.0029784900083476007
2025-01-31,2025-02-07,M3_Deep,concat,m3_deep_concat,M3_Deep_Concat,42,77.11,74.68,76.93280530217807,-0.0320206551713473,-0.002300591392474849
2025-02-07,2025-02-14,M3_Deep,concat,m3_deep_concat,M3_Deep_Concat,42,74.68,75.19,74.58736530053568,0.0068059247164134,-0.001241191752399895
2025-02-14,2025-02-21,M3_Deep,concat,m3_deep_concat,M3_Deep_Concat,42,75.19,74.88,75.01364796093198,-0.0041314112205989,-0.00234817359624262
2025-02-21,2025-02-28,M3_Deep,concat,m3_deep_concat,M3_Deep_Concat,42,74.88,74.76,74.73486764772431,-0.0016038495819744,-0.001940079887508217
2025-02-28,2025-03-07,M3_Deep,concat,m3_deep_concat,M3_Deep_Concat,42,74.76,72.49,74.6176412283152,-0.0308343612745757,-0.0019060257427088168
2025-03-07,2025-03-14,M3_Deep,concat,m3_deep_concat,M3_Deep_Concat,42,72.49,71.94,72.23984296391001,-0.0076161830453085,-0.0034568860171885207
2025-03-14,2025-03-21,M3_Deep,concat,m3_deep_concat,M3_Deep_Concat,42,71.94,72.64,71.65176252977052,0.0096832960255601,-0.004014685136458196
2025-03-21,2025-03-28,M3_Deep,concat,m3_deep_concat,M3_Deep_Concat,42,72.64,74.69,72.48543127943076,0.0278304800759373,-0.002130140495057775
2025-03-28,2025-04-04,M3_Deep,concat,m3_deep_concat,M3_Deep_Concat,42,74.69,68.36,74.45747017484051,-0.0885583561215851,-0.003118122128227485
2025-04-04,2025-04-11,M3_Deep,concat,m3_deep_concat,M3_Deep_Concat,42,68.36,66.83,68.18087293047033,-0.0226357767244114,-0.0026237882979416316
2025-04-11,2025-04-18,M3_Deep,concat,m3_deep_concat,M3_Deep_Concat,42,66.83,69.33,66.61094781404273,0.0367256314314203,-0.0032831358935755395
2025-04-18,2025-04-25,M3_Deep,concat,m3_deep_concat,M3_Deep_Concat,42,69.33,66.99,69.41930965762938,-0.0343343584342229,0.0012873529992185467
2025-04-25,2025-05-02,M3_Deep,concat,m3_deep_concat,M3_Deep_Concat,42,66.99,61.57,67.02437401650074,-0.0843686155970573,0.0005129900058382098
2025-05-02,2025-05-09,M3_Deep,concat,m3_deep_concat,M3_Deep_Concat,42,61.57,64.26,61.33835730435504,0.0427626147645937,-0.0037693607658881856
2025-05-09,2025-05-16,M3_Deep,concat,m3_deep_concat,M3_Deep_Concat,42,64.26,65.2,64.09605639086037,0.0145221152448948,-0.0025545144171797984
2025-05-16,2025-05-23,M3_Deep,concat,m3_deep_concat,M3_Deep_Concat,42,65.2,65.41,65.20370362241788,0.003215683040514,5.6802411526640784e-05
2025-05-23,2025-05-30,M3_Deep,concat,m3_deep_concat,M3_Deep_Concat,42,65.41,64.32,65.22617931095733,-0.0168045271024105,-0.0028142404551799727
2025-05-30,2025-06-06,M3_Deep,concat,m3_deep_concat,M3_Deep_Concat,42,64.32,68.02,64.33037831687625,0.0559311547083385,0.00016134141282048153
2025-06-06,2025-06-13,M3_Deep,concat,m3_deep_concat,M3_Deep_Concat,42,68.02,76.0,67.79455233460486,0.1109315607072818,-0.0033199369079829344
2025-06-13,2025-06-20,M3_Deep,concat,m3_deep_concat,M3_Deep_Concat,42,76.0,78.73,75.90008220785896,0.0352909369100447,-0.0013155727778372817
2025-06-20,2025-06-27,M3_Deep,concat,m3_deep_concat,M3_Deep_Concat,42,78.73,69.37,78.41370206307764,-0.1265697797991659,-0.004025593897997948
2025-06-27,2025-07-04,M3_Deep,concat,m3_deep_concat,M3_Deep_Concat,42,69.37,71.03,69.21008694803642,0.0236478256125086,-0.0023078802512576657
2025-07-04,2025-07-11,M3_Deep,concat,m3_deep_concat,M3_Deep_Concat,42,71.03,72.06,70.8427247170317,0.0143967823102286,-0.0026400478614228007
2025-07-11,2025-07-18,M3_Deep,concat,m3_deep_concat,M3_Deep_Concat,42,72.06,71.06,71.85463325815286,-0.0139745147270661,-0.0028540097222465866
2025-07-18,2025-07-25,M3_Deep,concat,m3_deep_concat,M3_Deep_Concat,42,71.06,69.23,70.96364482562423,-0.0260902959029469,-0.0013568894007439103
2025-07-25,2025-08-01,M3_Deep,concat,m3_deep_concat,M3_Deep_Concat,42,69.23,70.55,69.13227028532965,0.0188873836088888,-0.0014126644600646054
2025-08-01,2025-08-08,M3_Deep,concat,m3_deep_concat,M3_Deep_Concat,42,70.55,67.17,70.57704670009528,-0.0490949590200498,0.0003832957758108657
2025-08-08,2025-08-15,M3_Deep,concat,m3_deep_concat,M3_Deep_Concat,42,67.17,67.3,66.79580209437994,0.001933517371909,-0.005586483609374693
2025-08-15,2025-08-22,M3_Deep,concat,m3_deep_concat,M3_Deep_Concat,42,67.3,68.29,67.53843416435022,0.0146031063223159,0.003536594211372396
2025-08-22,2025-08-29,M3_Deep,concat,m3_deep_concat,M3_Deep_Concat,42,68.29,67.83,68.3500055651441,-0.0067587680150098,0.0008783016182316028
2025-08-29,2025-09-05,M3_Deep,concat,m3_deep_concat,M3_Deep_Concat,42,67.83,64.92,67.76970039578845,-0.0438488323115976,-0.000889376717061352
2025-09-05,2025-09-12,M3_Deep,concat,m3_deep_concat,M3_Deep_Concat,42,64.92,67.87,64.65696847281849,0.0444383680692765,-0.004059855567924542
2025-09-12,2025-09-19,M3_Deep,concat,m3_deep_concat,M3_Deep_Concat,42,67.87,67.05,67.65349042044443,-0.0121555009879795,-0.003195162153520059
2025-09-19,2025-09-26,M3_Deep,concat,m3_deep_concat,M3_Deep_Concat,42,67.05,71.15,66.89642485383685,0.0593517148081739,-0.002293084173396187
2025-09-26,2025-10-03,M3_Deep,concat,m3_deep_concat,M3_Deep_Concat,42,71.15,66.13,70.9232505825646,-0.0731678228492905,-0.003192009882696023
2025-10-03,2025-10-10,M3_Deep,concat,m3_deep_concat,M3_Deep_Concat,42,66.13,64.41,65.65394490631016,-0.0263536011277715,-0.007224812776451817
2025-10-10,2025-10-17,M3_Deep,concat,m3_deep_concat,M3_Deep_Concat,42,64.41,61.23,63.93882185056699,-0.0506316350689361,-0.0073421829559958685
2025-10-17,2025-10-24,M3_Deep,concat,m3_deep_concat,M3_Deep_Concat,42,61.23,65.8,60.842161939806545,0.0719825728414084,-0.006354263887801914
2025-10-24,2025-10-31,M3_Deep,concat,m3_deep_concat,M3_Deep_Concat,42,65.8,65.44,65.95552294678609,-0.0054861460367799,0.002360781780360338
2025-10-31,2025-11-07,M3_Deep,concat,m3_deep_concat,M3_Deep_Concat,42,65.44,63.72,65.66983173037069,-0.0266352072526438,0.003505945553510914
2025-11-07,2025-11-14,M3_Deep,concat,m3_deep_concat,M3_Deep_Concat,42,63.72,63.45,63.60917958614854,-0.004246290881451,-0.001740691995250121
2025-11-14,2025-11-21,M3_Deep,concat,m3_deep_concat,M3_Deep_Concat,42,63.45,62.78,62.829504803426154,-0.0106156427465891,-0.009827409307299861
2025-11-21,2025-11-28,M3_Deep,concat,m3_deep_concat,M3_Deep_Concat,42,62.78,64.07,62.57235854113895,0.0203396842371225,-0.0033129276735031354
2025-11-28,2025-12-05,M3_Deep,concat,m3_deep_concat,M3_Deep_Concat,42,64.07,64.42,64.31172736798463,0.0054479082521227,0.003765764156648199
2025-12-05,2025-12-12,M3_Deep,concat,m3_deep_concat,M3_Deep_Concat,42,64.42,62.11,64.17799387185998,-0.0365171373318411,-0.0037637665493925887
2025-12-12,2025-12-19,M3_Deep,concat,m3_deep_concat,M3_Deep_Concat,42,62.11,61.35,62.02402440330323,-0.0123118354142911,-0.0013852062052689962
2025-12-19,2025-12-26,M3_Deep,concat,m3_deep_concat,M3_Deep_Concat,42,61.35,63.7,60.95608941256478,0.0375893914211972,-0.006441411892584514
2021-01-22,2021-01-29,M3_Deep,gated,m3_deep_gated,M3_Deep_gated,42,55.22,55.25,54.98121046654709,0.0005431338958538,-0.004333707518597796
2021-01-29,2021-02-05,M3_Deep,gated,m3_deep_gated,M3_Deep_gated,42,55.25,59.48,54.98847362944184,0.0737717811940921,-0.004744747502115287
2021-02-05,2021-02-12,M3_Deep,gated,m3_deep_gated,M3_Deep_gated,42,59.48,62.47,59.0705738081558,0.0490463199135243,-0.006907226283157042
2021-02-12,2021-02-19,M3_Deep,gated,m3_deep_gated,M3_Deep_gated,42,62.47,62.84,61.998081276205276,0.005905371881942,-0.0075830040972396096
2021-02-19,2021-02-26,M3_Deep,gated,m3_deep_gated,M3_Deep_gated,42,62.84,65.86,62.32275521744122,0.0469394635607977,-0.008265201996015215
2021-02-26,2021-03-05,M3_Deep,gated,m3_deep_gated,M3_Deep_gated,42,65.86,69.95,65.25903949794137,0.060249424163272,-0.009166703973774115
2021-03-05,2021-03-12,M3_Deep,gated,m3_deep_gated,M3_Deep_gated,42,69.95,68.87,69.21331878410128,-0.0155600315548833,-0.010587389029109384
2021-03-12,2021-03-19,M3_Deep,gated,m3_deep_gated,M3_Deep_gated,42,68.87,64.0,67.98788805769914,-0.073337586196935,-0.012891097043723154
2021-03-19,2021-03-26,M3_Deep,gated,m3_deep_gated,M3_Deep_gated,42,64.0,63.77,63.37859306375872,-0.0036002230324915,-0.009756927769307921
2021-03-26,2021-04-02,M3_Deep,gated,m3_deep_gated,M3_Deep_gated,42,63.77,63.85,63.324020012182146,0.0012537221513679,-0.007018140087303115
2021-04-02,2021-04-09,M3_Deep,gated,m3_deep_gated,M3_Deep_gated,42,63.85,61.89,63.244153360475025,-0.0311779667272782,-0.009533896132017605
2021-04-09,2021-04-16,M3_Deep,gated,m3_deep_gated,M3_Deep_gated,42,61.89,65.98,61.40747018898389,0.0639930500491652,-0.007827123682977388
2021-04-16,2021-04-23,M3_Deep,gated,m3_deep_gated,M3_Deep_gated,42,65.98,65.75,65.33269126336036,-0.0034919947425615,-0.00985912288794627
2021-04-23,2021-04-30,M3_Deep,gated,m3_deep_gated,M3_Deep_gated,42,65.75,67.73,65.47417940869062,0.0296695421689385,-0.004203813637777082
2021-04-30,2021-05-07,M3_Deep,gated,m3_deep_gated,M3_Deep_gated,42,67.73,68.73,67.72003643683348,0.0146565719067016,-0.00014711791073072217
2021-05-07,2021-05-14,M3_Deep,gated,m3_deep_gated,M3_Deep_gated,42,68.73,69.24,68.27821004016579,0.0073929451744944,-0.0065951025455356915
2021-05-14,2021-05-21,M3_Deep,gated,m3_deep_gated,M3_Deep_gated,42,69.24,66.72,69.12560928535648,-0.037073972257517,-0.0016534562496499233
2021-05-21,2021-05-28,M3_Deep,gated,m3_deep_gated,M3_Deep_gated,42,66.72,69.36,66.36308380577917,0.038805574421795,-0.005363822955374575
2021-05-28,2021-06-04,M3_Deep,gated,m3_deep_gated,M3_Deep_gated,42,69.36,71.3,69.14956157245025,0.0275859949479638,-0.0030386146209497034
2021-06-04,2021-06-11,M3_Deep,gated,m3_deep_gated,M3_Deep_gated,42,71.3,72.05,70.94529055587532,0.0104639950252809,-0.004987302960510698
2021-06-11,2021-06-18,M3_Deep,gated,m3_deep_gated,M3_Deep_gated,42,72.05,73.1,71.80063646821854,0.0144680443102017,-0.003466981970773414
2021-06-18,2021-06-25,M3_Deep,gated,m3_deep_gated,M3_Deep_gated,42,73.1,76.45,73.17049347346936,0.0448085656193386,0.0009638783223206125
2021-06-25,2021-07-02,M3_Deep,gated,m3_deep_gated,M3_Deep_gated,42,76.45,77.51,76.29612842447249,0.0137700279183487,-0.0020147368599626736
2021-07-02,2021-07-09,M3_Deep,gated,m3_deep_gated,M3_Deep_gated,42,77.51,77.14,77.38683245007395,-0.0047850075133383,-0.0015903175544204756
2021-07-09,2021-07-16,M3_Deep,gated,m3_deep_gated,M3_Deep_gated,42,77.14,74.46,76.83523191231743,-0.0353598843355109,-0.0039586689612426396
2021-07-16,2021-07-23,M3_Deep,gated,m3_deep_gated,M3_Deep_gated,42,74.46,74.86,74.05402366005345,0.0053576340317122,-0.0054671921366988285
2021-07-23,2021-07-30,M3_Deep,gated,m3_deep_gated,M3_Deep_gated,42,74.86,77.72,75.28278564571325,0.0374929220329564,0.005631795911558352
2021-07-30,2021-08-06,M3_Deep,gated,m3_deep_gated,M3_Deep_gated,42,77.72,71.02,78.27480023183924,-0.0901510969942975,0.007113090567609726
2021-08-06,2021-08-13,M3_Deep,gated,m3_deep_gated,M3_Deep_gated,42,71.02,70.9,71.36589226716669,-0.0016910939768598,0.0048585283565158455
2021-08-13,2021-08-20,M3_Deep,gated,m3_deep_gated,M3_Deep_gated,42,70.9,65.51,71.25631159351315,-0.0790676307942968,0.0050129654559731285
2021-08-20,2021-08-27,M3_Deep,gated,m3_deep_gated,M3_Deep_gated,42,65.51,72.26,65.7928175331532,0.0980679229757092,0.004307873598426826
2021-08-27,2021-09-03,M3_Deep,gated,m3_deep_gated,M3_Deep_gated,42,72.26,73.07,72.66776773039112,0.0111471600836321,0.0056272005397797475
2021-09-03,2021-09-10,M3_Deep,gated,m3_deep_gated,M3_Deep_gated,42,73.07,72.44,73.55791715699996,-0.0086592527879137,0.006655198646312033
2021-09-10,2021-09-17,M3_Deep,gated,m3_deep_gated,M3_Deep_gated,42,72.44,74.64,72.81408896623965,0.0299179235238758,0.0051508332189993955
2021-09-17,2021-09-24,M3_Deep,gated,m3_deep_gated,M3_Deep_gated,42,74.64,77.42,75.07659058634614,0.0365685886104137,0.005832243737189435
2021-09-24,2021-10-01,M3_Deep,gated,m3_deep_gated,M3_Deep_gated,42,77.42,79.4,78.09181116446933,0.0252532231035881,0.008640055551925374
2021-10-01,2021-10-08,M3_Deep,gated,m3_deep_gated,M3_Deep_gated,42,79.4,82.17,79.83782911595091,0.0342919036900064,0.0054990729489753365
2021-10-08,2021-10-15,M3_Deep,gated,m3_deep_gated,M3_Deep_gated,42,82.17,84.67,82.74126345963894,0.0299710757110894,0.0069281592133545455
2021-10-15,2021-10-22,M3_Deep,gated,m3_deep_gated,M3_Deep_gated,42,84.67,85.43,85.12832209458936,0.0089359795093414,0.005398442128464548
2021-10-22,2021-10-29,M3_Deep,gated,m3_deep_gated,M3_Deep_gated,42,85.43,83.1,86.02857453366879,-0.0276526253021248,0.006982175922584211
2021-10-29,2021-11-05,M3_Deep,gated,m3_deep_gated,M3_Deep_gated,42,83.1,82.43,83.84686336445009,-0.0080952535362662,0.008947378009263984
2021-11-05,2021-11-12,M3_Deep,gated,m3_deep_gated,M3_Deep_gated,42,82.43,82.9,83.06519475229837,0.0056856138161131,0.007676330087675987
2021-11-12,2021-11-19,M3_Deep,gated,m3_deep_gated,M3_Deep_gated,42,82.9,80.24,83.52021667061486,-0.0326129184875693,0.007453656226003136
2021-11-19,2021-11-26,M3_Deep,gated,m3_deep_gated,M3_Deep_gated,42,80.24,72.37,80.98628955096983,-0.1032302947756436,0.009257731889013687
2021-11-26,2021-12-03,M3_Deep,gated,m3_deep_gated,M3_Deep_gated,42,72.37,70.71,73.13567300746712,-0.023204843261887,0.010524401681163531
2021-12-03,2021-12-10,M3_Deep,gated,m3_deep_gated,M3_Deep_gated,42,70.71,74.98,71.27217526933048,0.0586344056916167,0.007918996960277314
2021-12-10,2021-12-17,M3_Deep,gated,m3_deep_gated,M3_Deep_gated,42,74.98,72.97,75.57872813751783,-0.0271730135302372,0.007953458442317818
2021-12-17,2021-12-24,M3_Deep,gated,m3_deep_gated,M3_Deep_gated,42,72.97,75.24,73.68090150784506,0.0306346066553009,0.009695229543164707
2021-12-24,2021-12-31,M3_Deep,gated,m3_deep_gated,M3_Deep_gated,42,75.24,77.24,75.8422960609161,0.0262344531274841,0.007973128120478234
2021-12-31,2022-01-07,M3_Deep,gated,m3_deep_gated,M3_Deep_gated,42,77.24,82.28,77.98013674581445,0.0632106072244427,0.00953667959370863
2022-01-07,2022-01-14,M3_Deep,gated,m3_deep_gated,M3_Deep_gated,42,82.28,87.17,82.85218282989213,0.0577321702387283,0.006930025510716975
2022-01-14,2022-01-21,M3_Deep,gated,m3_deep_gated,M3_Deep_gated,42,87.17,89.75,88.02919469527764,0.0291677923449035,0.009808282336120189
2022-01-21,2022-01-28,M3_Deep,gated,m3_deep_gated,M3_Deep_gated,42,89.75,91.47,90.44815098610458,0.0189830222998847,0.007748741877063869
2022-01-28,2022-02-04,M3_Deep,gated,m3_deep_gated,M3_Deep_gated,42,91.47,96.86,92.04377685301577,0.0572555873068098,0.006253249565889907
2022-02-04,2022-02-11,M3_Deep,gated,m3_deep_gated,M3_Deep_gated,42,96.86,97.5,97.78386960351615,0.0065857410287184,0.009492993983446607
2022-02-11,2022-02-18,M3_Deep,gated,m3_deep_gated,M3_Deep_gated,42,97.5,96.18,98.34068595264958,-0.0136309421542848,0.008585459272418272
2022-02-18,2022-02-25,M3_Deep,gated,m3_deep_gated,M3_Deep_gated,42,96.18,98.56,96.9973312122178,0.024444063935693,0.008462028999263738
2022-02-25,2022-03-04,M3_Deep,gated,m3_deep_gated,M3_Deep_gated,42,98.56,123.86,99.22930776456866,0.2284863957247052,0.006767912046554914
2022-03-04,2022-03-11,M3_Deep,gated,m3_deep_gated,M3_Deep_gated,42,123.86,118.11,124.23120472926337,-0.047535501886159,0.002992488239794866
2022-03-11,2022-03-18,M3_Deep,gated,m3_deep_gated,M3_Deep_gated,42,118.11,114.32,119.10728412890387,-0.0326148600021439,0.008408240639808606
2022-03-18,2022-03-25,M3_Deep,gated,m3_deep_gated,M3_Deep_gated,42,114.32,122.67,114.7042746309749,0.0704962894230488,0.0033557577440842534
2022-03-25,2022-04-01,M3_Deep,gated,m3_deep_gated,M3_Deep_gated,42,122.67,106.13,123.18290253000153,-0.1448330652709296,0.004172440258606025
2022-04-01,2022-04-08,M3_Deep,gated,m3_deep_gated,M3_Deep_gated,42,106.13,101.26,106.632887363564,-0.0469732912319679,0.004727218231337704
2022-04-08,2022-04-15,M3_Deep,gated,m3_deep_gated,M3_Deep_gated,42,101.26,110.83,101.7605163550516,0.0903060292457984,0.004930707280999702
2022-04-15,2022-04-22,M3_Deep,gated,m3_deep_gated,M3_Deep_gated,42,110.83,105.15,111.56836799764665,-0.0526095936388528,0.006640073101387867
2022-04-22,2022-04-29,M3_Deep,gated,m3_deep_gated,M3_Deep_gated,42,105.15,108.36,105.93326323314892,0.0300711150681855,0.007421401546895856
2022-04-29,2022-05-06,M3_Deep,gated,m3_deep_gated,M3_Deep_gated,42,108.36,113.86,108.99014610824051,0.0495106063060414,0.005798458248988447
2022-05-06,2022-05-13,M3_Deep,gated,m3_deep_gated,M3_Deep_gated,42,113.86,112.12,114.7438092669722,-0.0153998972263482,0.007732274219217405
2022-05-13,2022-05-20,M3_Deep,gated,m3_deep_gated,M3_Deep_gated,42,112.12,113.63,112.85548403420518,0.01337782963333,0.0065383715700499945
2022-05-20,2022-05-27,M3_Deep,gated,m3_deep_gated,M3_Deep_gated,42,113.63,121.19,114.34411082714513,0.0644120060504783,0.006264861919632492
2022-05-27,2022-06-03,M3_Deep,gated,m3_deep_gated,M3_Deep_gated,42,121.19,125.68,121.94936428269989,0.0363794319669697,0.006246349733955658
2022-06-03,2022-06-10,M3_Deep,gated,m3_deep_gated,M3_Deep_gated,42,125.68,127.44,126.52792577865749,0.0139066716544272,0.0067240470004739095
2022-06-10,2022-06-17,M3_Deep,gated,m3_deep_gated,M3_Deep_gated,42,127.44,119.22,128.47416548365123,-0.0666751398100125,0.008082171701025653
2022-06-17,2022-06-24,M3_Deep,gated,m3_deep_gated,M3_Deep_gated,42,119.22,117.36,119.53927989081198,-0.0157243919570542,0.002674493584275739
2022-06-24,2022-07-01,M3_Deep,gated,m3_deep_gated,M3_Deep_gated,42,117.36,119.21,117.72305544729896,0.0156405098951838,0.003088744403526328
2022-07-01,2022-07-08,M3_Deep,gated,m3_deep_gated,M3_Deep_gated,42,119.21,113.95,119.69084953078396,-0.0451268880382168,0.004025520889257256
2022-07-08,2022-07-15,M3_Deep,gated,m3_deep_gated,M3_Deep_gated,42,113.95,112.26,114.7396522232253,-0.0149421461776399,0.006905912478879062
2022-07-15,2022-07-22,M3_Deep,gated,m3_deep_gated,M3_Deep_gated,42,112.26,106.77,112.42341319553003,-0.0501406213238422,0.0014546087049288614
2022-07-22,2022-07-29,M3_Deep,gated,m3_deep_gated,M3_Deep_gated,42,106.77,111.51,106.65280468087306,0.0434372847870595,-0.0010982456263912699
2022-07-29,2022-08-05,M3_Deep,gated,m3_deep_gated,M3_Deep_gated,42,111.51,100.31,111.31566587556237,-0.1058488820818767,-0.0017442710016866148
2022-08-05,2022-08-12,M3_Deep,gated,m3_deep_gated,M3_Deep_gated,42,100.31,103.7,100.20162919431318,0.0332367243400878,-0.0010809429525291403
2022-08-12,2022-08-19,M3_Deep,gated,m3_deep_gated,M3_Deep_gated,42,103.7,96.45,103.4324423543496,-0.0724773758837435,-0.0025834465274510166
2022-08-19,2022-08-26,M3_Deep,gated,m3_deep_gated,M3_Deep_gated,42,96.45,101.13,96.38064079098264,0.0473820785623409,-0.0007193795729144581
2022-08-26,2022-09-02,M3_Deep,gated,m3_deep_gated,M3_Deep_gated,42,101.13,93.09,101.04702160322725,-0.0828400507856804,-0.0008208489844585554
2022-09-02,2022-09-09,M3_Deep,gated,m3_deep_gated,M3_Deep_gated,42,93.09,91.68,92.86948874142844,-0.015262514161969,-0.002371606454930175
2022-09-09,2022-09-16,M3_Deep,gated,m3_deep_gated,M3_Deep_gated,42,91.68,89.43,91.59437391614175,-0.0248480566083396,-0.0009344033020952658
2022-09-16,2022-09-23,M3_Deep,gated,m3_deep_gated,M3_Deep_gated,42,89.43,84.29,89.1983525676097,-0.0591929623486989,-0.002593625915665143
2022-09-23,2022-09-30,M3_Deep,gated,m3_deep_gated,M3_Deep_gated,42,84.29,88.9,83.95107486386878,0.0532489085104681,-0.004029046948166526
2022-09-30,2022-10-07,M3_Deep,gated,m3_deep_gated,M3_Deep_gated,42,88.9,98.88,88.49349470842326,0.1063948511895216,-0.004583099327193585
2022-10-07,2022-10-14,M3_Deep,gated,m3_deep_gated,M3_Deep_gated,42,98.88,92.22,98.72594088139113,-0.0697299669308211,-0.0015592562565185375
2022-10-14,2022-10-21,M3_Deep,gated,m3_deep_gated,M3_Deep_gated,42,92.22,91.82,91.9705162733854,-0.0043468879574835,-0.00270897638198786
2022-10-21,2022-10-28,M3_Deep,gated,m3_deep_gated,M3_Deep_gated,42,91.82,94.64,91.33096147089256,0.0302500808490554,-0.005340290735120212
2022-10-28,2022-11-04,M3_Deep,gated,m3_deep_gated,M3_Deep_gated,42,94.64,99.53,93.91632300380905,0.0503788865878407,-0.0076760146568971566
2022-11-04,2022-11-11,M3_Deep,gated,m3_deep_gated,M3_Deep_gated,42,99.53,96.37,99.16149612763007,-0.032264156394776,-0.003709311189173392
2022-11-11,2022-11-18,M3_Deep,gated,m3_deep_gated,M3_Deep_gated,42,96.37,88.93,95.5993195340866,-0.0803454064516473,-0.008029247675454876
2022-11-18,2022-11-25,M3_Deep,gated,m3_deep_gated,M3_Deep_gated,42,88.93,83.4,88.2631981625325,-0.0642012340468476,-0.007526304530604544
2022-11-25,2022-12-02,M3_Deep,gated,m3_deep_gated,M3_Deep_gated,42,83.4,86.54,82.70475283195827,0.0369584254320376,-0.00837123822515129
2022-12-02,2022-12-09,M3_Deep,gated,m3_deep_gated,M3_Deep_gated,42,86.54,76.37,85.99425744730614,-0.125016785896446,-0.006326214641238392
2022-12-09,2022-12-16,M3_Deep,gated,m3_deep_gated,M3_Deep_gated,42,76.37,80.2,75.77952366928007,0.0489335659721759,-0.007761829034527712
2022-12-16,2022-12-23,M3_Deep,gated,m3_deep_gated,M3_Deep_gated,42,80.2,82.45,79.60246759977898,0.027668534133139,-0.007478422505398208
2022-12-23,2022-12-30,M3_Deep,gated,m3_deep_gated,M3_Deep_gated,42,82.45,82.82,82.26759137442677,0.0044775291118132,-0.002214805335801928
2022-12-30,2023-01-06,M3_Deep,gated,m3_deep_gated,M3_Deep_gated,42,82.82,76.41,82.30366663715637,-0.0805560004579458,-0.006253919334997082
2023-01-06,2023-01-13,M3_Deep,gated,m3_deep_gated,M3_Deep_gated,42,76.41,83.43,75.83491618804435,0.087894379254508,-0.007554755345037911
2023-01-13,2023-01-20,M3_Deep,gated,m3_deep_gated,M3_Deep_gated,42,83.43,86.96,83.01668638479937,0.0414402858989706,-0.004966328542659659
2023-01-20,2023-01-27,M3_Deep,gated,m3_deep_gated,M3_Deep_gated,42,86.96,85.36,86.48844881676655,-0.018570635819456,-0.005437377482898853
2023-01-27,2023-02-03,M3_Deep,gated,m3_deep_gated,M3_Deep_gated,42,85.36,78.85,84.49417365325196,-0.0793302935844505,-0.010195025856678086
2023-02-03,2023-02-10,M3_Deep,gated,m3_deep_gated,M3_Deep_gated,42,78.85,85.46,78.33524689957322,0.0805011168068314,-0.006549659726179158
2023-02-10,2023-02-17,M3_Deep,gated,m3_deep_gated,M3_Deep_gated,42,85.46,81.97,85.02450235386016,-0.0416951035509395,-0.005108952278764178
2023-02-17,2023-02-24,M3_Deep,gated,m3_deep_gated,M3_Deep_gated,42,81.97,82.31,81.2211860040461,0.0041392803196134,-0.009177202148883623
2023-02-24,2023-03-03,M3_Deep,gated,m3_deep_gated,M3_Deep_gated,42,82.31,85.74,81.38987496592914,0.0408268541852784,-0.011241727880605623
2023-03-03,2023-03-10,M3_Deep,gated,m3_deep_gated,M3_Deep_gated,42,85.74,82.3,84.97145301405327,-0.0409483534868068,-0.009004107982203635
2023-03-10,2023-03-17,M3_Deep,gated,m3_deep_gated,M3_Deep_gated,42,82.3,71.03,81.54612114433812,-0.1472687846733054,-0.009202343887761089
2023-03-17,2023-03-24,M3_Deep,gated,m3_deep_gated,M3_Deep_gated,42,71.03,73.63,70.32034898543009,0.0359502283709067,-0.010041106826140123
2023-03-24,2023-03-31,M3_Deep,gated,m3_deep_gated,M3_Deep_gated,42,73.63,79.19,73.03667856964702,0.0727974768416957,-0.008090790256492397
2023-03-31,2023-04-07,M3_Deep,gated,m3_deep_gated,M3_Deep_gated,42,79.19,86.56,78.4749766051228,0.0889877868758503,-0.009070223613203865
2023-04-07,2023-04-14,M3_Deep,gated,m3_deep_gated,M3_Deep_gated,42,86.56,87.31,85.84675345838653,0.0086271887245447,-0.008274044912536027
2023-04-14,2023-04-21,M3_Deep,gated,m3_deep_gated,M3_Deep_gated,42,87.31,83.36,86.72619734726635,-0.0462964258176594,-0.006709004809497543
2023-04-21,2023-04-28,M3_Deep,gated,m3_deep_gated,M3_Deep_gated,42,83.36,81.32,82.60093252168195,-0.0247765892449109,-0.00914760793311109
2023-04-28,2023-05-05,M3_Deep,gated,m3_deep_gated,M3_Deep_gated,42,81.32,75.85,80.63093988653361,-0.0696342829656046,-0.008509543346662651
2023-05-05,2023-05-12,M3_Deep,gated,m3_deep_gated,M3_Deep_gated,42,75.85,74.54,75.31156465809403,-0.0174218117434287,-0.007124001664279123
2023-05-12,2023-05-19,M3_Deep,gated,m3_deep_gated,M3_Deep_gated,42,74.54,75.42,73.99697927569737,0.0117365977790986,-0.007311622278810104
2023-05-19,2023-05-26,M3_Deep,gated,m3_deep_gated,M3_Deep_gated,42,75.42,76.33,74.94608331162458,0.0119935539801678,-0.006303525996972759
2023-05-26,2023-06-02,M3_Deep,gated,m3_deep_gated,M3_Deep_gated,42,76.33,76.0,75.8028523619078,-0.0043327055240478,-0.006930123765723051
2023-06-02,2023-06-09,M3_Deep,gated,m3_deep_gated,M3_Deep_gated,42,76.0,74.74,75.48042198901572,-0.0167179162289933,-0.006860029062132733
2023-06-09,2023-06-16,M3_Deep,gated,m3_deep_gated,M3_Deep_gated,42,74.74,76.76,74.26812020902382,0.0266682470821614,-0.006333632929055144
2023-06-16,2023-06-23,M3_Deep,gated,m3_deep_gated,M3_Deep_gated,42,76.76,73.56,75.989539597453,-0.0425822714033789,-0.010087977201610587
2023-06-23,2023-06-30,M3_Deep,gated,m3_deep_gated,M3_Deep_gated,42,73.56,74.51,72.95771424830336,0.0128319448295158,-0.00822138329436406
2023-06-30,2023-07-07,M3_Deep,gated,m3_deep_gated,M3_Deep_gated,42,74.51,78.77,73.91989107830472,0.0555988691495966,-0.007951390741075648
2023-07-07,2023-07-14,M3_Deep,gated,m3_deep_gated,M3_Deep_gated,42,78.77,79.9,78.27732609421005,0.0142436390569961,-0.006274229994957359
2023-07-14,2023-07-21,M3_Deep,gated,m3_deep_gated,M3_Deep_gated,42,79.9,81.06,79.16884077681708,0.0144137684279334,-0.009193055898723657
2023-07-21,2023-07-28,M3_Deep,gated,m3_deep_gated,M3_Deep_gated,42,81.06,84.49,80.8549632299277,0.0414435629645908,-0.0025326489359550897
2023-07-28,2023-08-04,M3_Deep,gated,m3_deep_gated,M3_Deep_gated,42,84.49,87.38,84.29161365717599,0.0336332393585364,-0.0023508062268992325
2023-08-04,2023-08-11,M3_Deep,gated,m3_deep_gated,M3_Deep_gated,42,87.38,87.93,87.52584082087759,0.0062746198676211,0.0016676499080009559
2023-08-11,2023-08-18,M3_Deep,gated,m3_deep_gated,M3_Deep_gated,42,87.93,85.92,87.4689727951048,-0.0231244126303562,-0.005256909538965904
2023-08-18,2023-08-25,M3_Deep,gated,m3_deep_gated,M3_Deep_gated,42,85.92,85.42,85.66888275467001,-0.0058363653472341,-0.0029269661364778043
2023-08-25,2023-09-01,M3_Deep,gated,m3_deep_gated,M3_Deep_gated,42,85.42,89.98,85.0670265059634,0.0520071579997058,-0.004140772533965442
2023-09-01,2023-09-08,M3_Deep,gated,m3_deep_gated,M3_Deep_gated,42,89.98,91.85,89.79506857101947,0.0205693882481082,-0.0020573653030004357
2023-09-08,2023-09-15,M3_Deep,gated,m3_deep_gated,M3_Deep_gated,42,91.85,95.55,91.64133594557352,0.0394928590251474,-0.0022743759894608417
2023-09-15,2023-09-22,M3_Deep,gated,m3_deep_gated,M3_Deep_gated,42,95.55,93.99,95.18482703940114,-0.0164612770540719,-0.0038291214295017584
2023-09-22,2023-09-29,M3_Deep,gated,m3_deep_gated,M3_Deep_gated,42,93.99,95.86,93.72171547229152,0.0197004000992753,-0.0028584759316727104
2023-09-29,2023-10-06,M3_Deep,gated,m3_deep_gated,M3_Deep_gated,42,95.86,87.86,95.69235316047693,-0.0871441551838517,-0.0017504027443316084
2023-10-06,2023-10-13,M3_Deep,gated,m3_deep_gated,M3_Deep_gated,42,87.86,94.33,87.6920520810762,0.0710546341141284,-0.0019133694897977838
2023-10-13,2023-10-20,M3_Deep,gated,m3_deep_gated,M3_Deep_gated,42,94.33,93.72,93.68088863419021,-0.0064876590221669,-0.006905067569828505
2023-10-20,2023-10-27,M3_Deep,gated,m3_deep_gated,M3_Deep_gated,42,93.72,90.73,93.65030190329246,-0.0324235504580573,-0.0007439610142510045
2023-10-27,2023-11-03,M3_Deep,gated,m3_deep_gated,M3_Deep_gated,42,90.73,87.55,90.46557907716141,-0.0356780044496768,-0.002918626512726785
2023-11-03,2023-11-10,M3_Deep,gated,m3_deep_gated,M3_Deep_gated,42,87.55,83.66,87.19707164151852,-0.0454490927178085,-0.004039310473495483
2023-11-10,2023-11-17,M3_Deep,gated,m3_deep_gated,M3_Deep_gated,42,83.66,81.22,83.38881719431568,-0.0295994437559005,-0.0032467520388288484
2023-11-17,2023-11-24,M3_Deep,gated,m3_deep_gated,M3_Deep_gated,42,81.22,79.82,80.81088632856887,-0.0173874226375639,-0.005049834017395671
2023-11-24,2023-12-01,M3_Deep,gated,m3_deep_gated,M3_Deep_gated,42,79.82,78.72,79.3444272597579,-0.0138768468765897,-0.005975884985128577
2023-12-01,2023-12-08,M3_Deep,gated,m3_deep_gated,M3_Deep_gated,42,78.72,75.94,78.24546391397023,-0.0359536979403416,-0.00604639415455166
2023-12-08,2023-12-15,M3_Deep,gated,m3_deep_gated,M3_Deep_gated,42,75.94,76.84,75.92483773752122,0.0117817830966997,-0.00019968101576450792
2023-12-15,2023-12-22,M3_Deep,gated,m3_deep_gated,M3_Deep_gated,42,76.84,80.23,76.60046238941014,0.0431721718652087,-0.0031222247567535
2023-12-22,2023-12-29,M3_Deep,gated,m3_deep_gated,M3_Deep_gated,42,80.23,77.69,79.81440753396261,-0.0321709608032353,-0.005193476067807179
2023-12-29,2024-01-05,M3_Deep,gated,m3_deep_gated,M3_Deep_gated,42,77.69,78.31,77.18143630822948,0.007948759800517,-0.0065675831759337555
2024-01-05,2024-01-12,M3_Deep,gated,m3_deep_gated,M3_Deep_gated,42,78.31,79.89,78.30848864251656,0.0199753797311041,-1.929986040072329e-05
2024-01-12,2024-01-19,M3_Deep,gated,m3_deep_gated,M3_Deep_gated,42,79.89,80.71,79.33237679997588,0.0102117948423304,-0.007004360706434731
2024-01-19,2024-01-26,M3_Deep,gated,m3_deep_gated,M3_Deep_gated,42,80.71,83.34,80.44564915787556,0.0320661426580264,-0.0032806926794712865
2024-01-26,2024-02-02,M3_Deep,gated,m3_deep_gated,M3_Deep_gated,42,83.34,79.54,83.33277145185862,-0.0466685862147627,-8.673940059855667e-05
2024-02-02,2024-02-09,M3_Deep,gated,m3_deep_gated,M3_Deep_gated,42,79.54,83.58,79.22936660329052,0.0495442172402245,-0.003913019239366378
2024-02-09,2024-02-16,M3_Deep,gated,m3_deep_gated,M3_Deep_gated,42,83.58,84.88,83.40197483818224,0.0154342372859582,-0.002132268820519201
2024-02-16,2024-02-23,M3_Deep,gated,m3_deep_gated,M3_Deep_gated,42,84.88,84.18,84.65206222144685,-0.0082811309633029,-0.002689024281484542
2024-02-23,2024-03-01,M3_Deep,gated,m3_deep_gated,M3_Deep_gated,42,84.18,84.82,83.64272527377591,0.0075740007040198,-0.006402905934340453
2024-03-01,2024-03-08,M3_Deep,gated,m3_deep_gated,M3_Deep_gated,42,84.82,84.29,84.55118895831235,-0.0062681300370536,-0.003174226608978259
2024-03-08,2024-03-15,M3_Deep,gated,m3_deep_gated,M3_Deep_gated,42,84.29,85.39,83.84161864612932,0.0129657639101239,-0.005333707252207276
2024-03-15,2024-03-22,M3_Deep,gated,m3_deep_gated,M3_Deep_gated,42,85.39,84.87,84.8993863330788,-0.0061083239379291,-0.005762132742837878
2024-03-22,2024-03-29,M3_Deep,gated,m3_deep_gated,M3_Deep_gated,42,84.87,86.17,84.32614640613393,0.0152014152700899,-0.006428698034271818
2024-03-29,2024-04-05,M3_Deep,gated,m3_deep_gated,M3_Deep_gated,42,86.17,92.81,85.50402296307628,0.074232303355626,-0.007758662216158285
2024-04-05,2024-04-12,M3_Deep,gated,m3_deep_gated,M3_Deep_gated,42,92.81,93.12,92.14700408212344,0.0033345913758262,-0.007169220337136295
2024-04-12,2024-04-19,M3_Deep,gated,m3_deep_gated,M3_Deep_gated,42,93.12,87.96,92.39225999215293,-0.0570068182965674,-0.007845775162774515
2024-04-19,2024-04-26,M3_Deep,gated,m3_deep_gated,M3_Deep_gated,42,87.96,89.95,87.43732193650582,0.0223717947099818,-0.00595994972891456
2024-04-26,2024-05-03,M3_Deep,gated,m3_deep_gated,M3_Deep_gated,42,89.95,83.6,89.53615776272429,-0.0732104403058862,-0.004611419351814083
2024-05-03,2024-05-10,M3_Deep,gated,m3_deep_gated,M3_Deep_gated,42,83.6,83.39,83.08638288936675,-0.0025151219917618,-0.0061626958036608
2024-05-10,2024-05-17,M3_Deep,gated,m3_deep_gated,M3_Deep_gated,42,83.39,82.24,82.94142782658236,-0.013886596392039,-0.005393728254225794
2024-05-17,2024-05-24,M3_Deep,gated,m3_deep_gated,M3_Deep_gated,42,82.24,78.92,81.92733776498945,-0.0412071205524403,-0.0038090721004871986
2024-05-24,2024-05-31,M3_Deep,gated,m3_deep_gated,M3_Deep_gated,42,78.92,79.41,78.62619980639876,0.0061896237527049,-0.0037297063914327744
2024-05-31,2024-06-07,M3_Deep,gated,m3_deep_gated,M3_Deep_gated,42,79.41,78.12,79.1799879574029,-0.0163781988986412,-0.0029007153205472536
2024-06-07,2024-06-14,M3_Deep,gated,m3_deep_gated,M3_Deep_gated,42,78.12,81.49,77.79838806847498,0.0422342073236502,-0.004125393952975398
2024-06-14,2024-06-21,M3_Deep,gated,m3_deep_gated,M3_Deep_gated,42,81.49,86.42,81.11901553093378,0.0587388171716588,-0.0045629095227860406
2024-06-21,2024-06-28,M3_Deep,gated,m3_deep_gated,M3_Deep_gated,42,86.42,87.26,85.98865620803114,0.0096730371916763,-0.0050037475082279625
2024-06-28,2024-07-05,M3_Deep,gated,m3_deep_gated,M3_Deep_gated,42,87.26,88.66,86.66450916077898,0.0159166616214437,-0.006847719956617926
2024-07-05,2024-07-12,M3_Deep,gated,m3_deep_gated,M3_Deep_gated,42,88.66,87.35,88.20992615058194,-0.0148857927368419,-0.005089331246651119
2024-07-12,2024-07-19,M3_Deep,gated,m3_deep_gated,M3_Deep_gated,42,87.35,85.19,86.75199872991054,-0.0250389805253164,-0.0068695779042737826
2024-07-19,2024-07-26,M3_Deep,gated,m3_deep_gated,M3_Deep_gated,42,85.19,81.35,85.09246158743572,-0.0461232223897023,-0.0011456073904801134
2024-07-26,2024-08-02,M3_Deep,gated,m3_deep_gated,M3_Deep_gated,42,81.35,78.35,81.38225837248604,-0.0375748648630169,0.00039645947559733413
2024-08-02,2024-08-09,M3_Deep,gated,m3_deep_gated,M3_Deep_gated,42,78.35,81.07,78.11915033594518,0.0341270101975859,-0.0029507392486910478
2024-08-09,2024-08-16,M3_Deep,gated,m3_deep_gated,M3_Deep_gated,42,81.07,81.56,81.243547594606,0.0060259667066386,0.0021384248365211855
2024-08-16,2024-08-23,M3_Deep,gated,m3_deep_gated,M3_Deep_gated,42,81.56,80.34,81.29131998631652,-0.0150713167751182,-0.0032997000882621363
2024-08-23,2024-08-30,M3_Deep,gated,m3_deep_gated,M3_Deep_gated,42,80.34,80.2,80.20268455237857,-0.0017441140586673,-0.0017106413972052537
2024-08-30,2024-09-06,M3_Deep,gated,m3_deep_gated,M3_Deep_gated,42,80.2,72.82,80.16180447746859,-0.0965328721251816,-0.0004763668428172385
2024-09-06,2024-09-13,M3_Deep,gated,m3_deep_gated,M3_Deep_gated,42,72.82,73.68,72.82763003242235,0.0117407491997641,0.00010477386316048998
2024-09-13,2024-09-20,M3_Deep,gated,m3_deep_gated,M3_Deep_gated,42,73.68,75.96,73.68178151599255,0.0304754939970335,2.417880639485337e-05
2024-09-20,2024-09-27,M3_Deep,gated,m3_deep_gated,M3_Deep_gated,42,75.96,71.63,76.11392125661752,-0.0586929053177252,0.002024295920126741
2024-09-27,2024-10-04,M3_Deep,gated,m3_deep_gated,M3_Deep_gated,42,71.63,79.32,72.00850688077293,0.1019763230252352,0.005270282532247705
2024-10-04,2024-10-11,M3_Deep,gated,m3_deep_gated,M3_Deep_gated,42,79.32,80.27,79.40579358895279,0.0119056484918903,0.0010810290547988224
2024-10-11,2024-10-18,M3_Deep,gated,m3_deep_gated,M3_Deep_gated,42,80.27,72.75,80.18534044324623,-0.0983670460918835,-0.0010552414693813517
2024-10-18,2024-10-25,M3_Deep,gated,m3_deep_gated,M3_Deep_gated,42,72.75,75.62,72.35326571364956,0.0386918924111849,-0.00546831627820904
2024-10-25,2024-11-01,M3_Deep,gated,m3_deep_gated,M3_Deep_gated,42,75.62,73.63,75.32757024150484,-0.0266682470821614,-0.0038745920039404136
2024-11-01,2024-11-08,M3_Deep,gated,m3_deep_gated,M3_Deep_gated,42,73.63,74.04,73.50372225123316,0.0055529363246714,-0.0017165035702208786
2024-11-08,2024-11-15,M3_Deep,gated,m3_deep_gated,M3_Deep_gated,42,74.04,73.45,73.80127246045765,-0.0080005850854105,-0.003229514235890407
2024-11-15,2024-11-22,M3_Deep,gated,m3_deep_gated,M3_Deep_gated,42,73.45,76.1,73.16492704855325,0.0354433622477538,-0.003888735157203893
2024-11-22,2024-11-29,M3_Deep,gated,m3_deep_gated,M3_Deep_gated,42,76.1,74.16,75.92898218084702,-0.0258233436100404,-0.0022498064360552683
2024-11-29,2024-12-06,M3_Deep,gated,m3_deep_gated,M3_Deep_gated,42,74.16,73.78,73.55775204230991,-0.00513722908907,-0.00815408150025898
2024-12-06,2024-12-13,M3_Deep,gated,m3_deep_gated,M3_Deep_gated,42,73.78,74.89,73.77423182962082,0.014932678092746,-7.818373367675033e-05
2024-12-13,2024-12-20,M3_Deep,gated,m3_deep_gated,M3_Deep_gated,42,74.89,73.19,74.95575256710521,-0.0229615706481399,0.0008776034048201421
2024-12-20,2024-12-27,M3_Deep,gated,m3_deep_gated,M3_Deep_gated,42,73.19,73.77,73.21644412034092,0.0078933452830751,0.0003612425776389778
2024-12-27,2025-01-03,M3_Deep,gated,m3_deep_gated,M3_Deep_gated,42,73.77,76.72,73.8433400432258,0.0392102856789718,0.0009936777968570874
2025-01-03,2025-01-10,M3_Deep,gated,m3_deep_gated,M3_Deep_gated,42,76.72,79.76,76.74159416327645,0.0388596950784002,0.0002814275915313403
2025-01-10,2025-01-17,M3_Deep,gated,m3_deep_gated,M3_Deep_gated,42,79.76,83.02,79.85654348161403,0.0400594169713096,0.0012096928210737282
2025-01-17,2025-01-24,M3_Deep,gated,m3_deep_gated,M3_Deep_gated,42,83.02,78.71,82.90925434316269,-0.0533113304705338,-0.001334854106587846
2025-01-24,2025-01-31,M3_Deep,gated,m3_deep_gated,M3_Deep_gated,42,78.71,77.11,78.70794317949562,-0.0205372383094894,-2.6131970256276782e-05
2025-01-31,2025-02-07,M3_Deep,gated,m3_deep_gated,M3_Deep_gated,42,77.11,74.68,77.15872246065922,-0.0320206551713473,0.0006316570397686475
2025-02-07,2025-02-14,M3_Deep,gated,m3_deep_gated,M3_Deep_gated,42,74.68,75.19,74.49992643792821,0.0068059247164134,-0.002414180698855184
2025-02-14,2025-02-21,M3_Deep,gated,m3_deep_gated,M3_Deep_gated,42,75.19,74.88,75.13271216911753,-0.0041314112205989,-0.0007621979783260513
2025-02-21,2025-02-28,M3_Deep,gated,m3_deep_gated,M3_Deep_gated,42,74.88,74.76,74.71594576122874,-0.0016038495819744,-0.0021932988050246127
2025-02-28,2025-03-07,M3_Deep,gated,m3_deep_gated,M3_Deep_gated,42,74.76,72.49,74.64492320197643,-0.0308343612745757,-0.0015404689258449178
2025-03-07,2025-03-14,M3_Deep,gated,m3_deep_gated,M3_Deep_gated,42,72.49,71.94,72.38440287536649,-0.0076161830453085,-0.001457775027722208
2025-03-14,2025-03-21,M3_Deep,gated,m3_deep_gated,M3_Deep_gated,42,71.94,72.64,71.8200474918517,0.0096832960255601,-0.0016687882075528404
2025-03-21,2025-03-28,M3_Deep,gated,m3_deep_gated,M3_Deep_gated,42,72.64,74.69,72.45499871648786,0.0278304800759373,-0.002550072509761414
2025-03-28,2025-04-04,M3_Deep,gated,m3_deep_gated,M3_Deep_gated,42,74.69,68.36,74.68216153601378,-0.0885583561215851,-0.00010495213984743068
2025-04-04,2025-04-11,M3_Deep,gated,m3_deep_gated,M3_Deep_gated,42,68.36,66.83,68.33818943807304,-0.0226357767244114,-0.00031910535467497003
2025-04-11,2025-04-18,M3_Deep,gated,m3_deep_gated,M3_Deep_gated,42,66.83,69.33,67.2359240872343,0.0367256314314203,0.006055607798127971
2025-04-18,2025-04-25,M3_Deep,gated,m3_deep_gated,M3_Deep_gated,42,69.33,66.99,68.78400790726097,-0.0343343584342229,-0.007906438242626712
2025-04-25,2025-05-02,M3_Deep,gated,m3_deep_gated,M3_Deep_gated,42,66.99,61.57,66.52051534413455,-0.0843686155970573,-0.00703295301958734
2025-05-02,2025-05-09,M3_Deep,gated,m3_deep_gated,M3_Deep_gated,42,61.57,64.26,61.15498389292578,0.0427626147645937,-0.006763377364976841
2025-05-09,2025-05-16,M3_Deep,gated,m3_deep_gated,M3_Deep_gated,42,64.26,65.2,64.09772701506294,0.0145221152448948,-0.002528450373225577
2025-05-16,2025-05-23,M3_Deep,gated,m3_deep_gated,M3_Deep_gated,42,65.2,65.41,65.48216244740766,0.003215683040514,0.004318307573099145
2025-05-23,2025-05-30,M3_Deep,gated,m3_deep_gated,M3_Deep_gated,42,65.41,64.32,64.9986444962827,-0.0168045271024105,-0.006308736198273157
2025-05-30,2025-06-06,M3_Deep,gated,m3_deep_gated,M3_Deep_gated,42,64.32,68.02,64.03967712503966,0.0559311547083385,-0.00436777852505571
2025-06-06,2025-06-13,M3_Deep,gated,m3_deep_gated,M3_Deep_gated,42,68.02,76.0,67.88562922102793,0.1109315607072818,-0.00197741364396109
2025-06-13,2025-06-20,M3_Deep,gated,m3_deep_gated,M3_Deep_gated,42,76.0,78.73,75.5335254615687,0.0352909369100447,-0.006156736741942337
2025-06-20,2025-06-27,M3_Deep,gated,m3_deep_gated,M3_Deep_gated,42,78.73,69.37,78.27896194521523,-0.1265697797991659,-0.005745395548259424
2025-06-27,2025-07-04,M3_Deep,gated,m3_deep_gated,M3_Deep_gated,42,69.37,71.03,69.08888398714728,0.0236478256125086,-0.0040606480571130366
2025-07-04,2025-07-11,M3_Deep,gated,m3_deep_gated,M3_Deep_gated,42,71.03,72.06,71.11253381539326,0.0143967823102286,0.0011612825866142845
2025-07-11,2025-07-18,M3_Deep,gated,m3_deep_gated,M3_Deep_gated,42,72.06,71.06,71.65732767887118,-0.0139745147270661,-0.0056036858092811115
2025-07-18,2025-07-25,M3_Deep,gated,m3_deep_gated,M3_Deep_gated,42,71.06,69.23,71.52164126496173,-0.0260902959029469,0.006475488344663161
2025-07-25,2025-08-01,M3_Deep,gated,m3_deep_gated,M3_Deep_gated,42,69.23,70.55,69.30129731721779,0.0188873836088888,0.0010293316368737288
2025-08-01,2025-08-08,M3_Deep,gated,m3_deep_gated,M3_Deep_gated,42,70.55,67.17,70.22563130258202,-0.0490949590200498,-0.004608315636113747
2025-08-08,2025-08-15,M3_Deep,gated,m3_deep_gated,M3_Deep_gated,42,67.17,67.3,67.57178065032546,0.001933517371909,0.00596373061420491
2025-08-15,2025-08-22,M3_Deep,gated,m3_deep_gated,M3_Deep_gated,42,67.3,68.29,68.43230232215882,0.0146031063223159,0.016684732671885305
2025-08-22,2025-08-29,M3_Deep,gated,m3_deep_gated,M3_Deep_gated,42,68.29,67.83,68.76867970148547,-0.0067587680150098,0.00698506141751154
2025-08-29,2025-09-05,M3_Deep,gated,m3_deep_gated,M3_Deep_gated,42,67.83,64.92,67.96814538964946,-0.0438488323115976,0.0020345703088536643
2025-09-05,2025-09-12,M3_Deep,gated,m3_deep_gated,M3_Deep_gated,42,64.92,67.87,65.12395127325685,0.0444383680692765,0.003136654007759171
2025-09-12,2025-09-19,M3_Deep,gated,m3_deep_gated,M3_Deep_gated,42,67.87,67.05,67.50486782052783,-0.0121555009879795,-0.005394399577734799
2025-09-19,2025-09-26,M3_Deep,gated,m3_deep_gated,M3_Deep_gated,42,67.05,71.15,67.38881253516624,0.0593517148081739,0.005040408288222442
2025-09-26,2025-10-03,M3_Deep,gated,m3_deep_gated,M3_Deep_gated,42,71.15,66.13,70.81717435332041,-0.0731678228492905,-0.004688777641023878
2025-10-03,2025-10-10,M3_Deep,gated,m3_deep_gated,M3_Deep_gated,42,66.13,64.41,65.33578925354497,-0.0263536011277715,-0.012082541215188702
2025-10-10,2025-10-17,M3_Deep,gated,m3_deep_gated,M3_Deep_gated,42,64.41,61.23,64.5509139404722,-0.0506316350689361,0.0021853752776504615
2025-10-17,2025-10-24,M3_Deep,gated,m3_deep_gated,M3_Deep_gated,42,61.23,65.8,60.675571967078426,0.0719825728414084,-0.009096087187745128
2025-10-24,2025-10-31,M3_Deep,gated,m3_deep_gated,M3_Deep_gated,42,65.8,65.44,66.1686901926996,-0.0054861460367799,0.005587554917660942
2025-10-31,2025-11-07,M3_Deep,gated,m3_deep_gated,M3_Deep_gated,42,65.44,63.72,65.3399226747058,-0.0266352072526438,-0.0015304695519308409
2025-11-07,2025-11-14,M3_Deep,gated,m3_deep_gated,M3_Deep_gated,42,63.72,63.45,63.66819235693805,-0.004246290881451,-0.0008133822289128345
2025-11-14,2025-11-21,M3_Deep,gated,m3_deep_gated,M3_Deep_gated,42,63.45,62.78,62.69660954808455,-0.0106156427465891,-0.011944822176812364
2025-11-21,2025-11-28,M3_Deep,gated,m3_deep_gated,M3_Deep_gated,42,62.78,64.07,62.317594426817706,0.0203396842371225,-0.007392750936222547
2025-11-28,2025-12-05,M3_Deep,gated,m3_deep_gated,M3_Deep_gated,42,64.07,64.42,63.83286673855952,0.0054479082521227,-0.003708025303756274
2025-12-05,2025-12-12,M3_Deep,gated,m3_deep_gated,M3_Deep_gated,42,64.42,62.11,63.95346365390591,-0.0365171373318411,-0.00726845543863508
2025-12-12,2025-12-19,M3_Deep,gated,m3_deep_gated,M3_Deep_gated,42,62.11,61.35,63.71456680803101,-0.0123118354142911,0.025506208169047362
2025-12-19,2025-12-26,M3_Deep,gated,m3_deep_gated,M3_Deep_gated,42,61.35,63.7,61.4289925125646,0.0375893914211972,0.0012867433075827994
2021-01-22,2021-01-29,M3_Deep,xattn,m3_deep_xattn,M3_Deep_XAttn,42,55.22,55.25,55.67040298597068,0.0005431338958538,0.00812343450267905
2021-01-29,2021-02-05,M3_Deep,xattn,m3_deep_xattn,M3_Deep_XAttn,42,55.25,59.48,53.10810277212318,0.0737717811940921,-0.03953882921274654
2021-02-05,2021-02-12,M3_Deep,xattn,m3_deep_xattn,M3_Deep_XAttn,42,59.48,62.47,60.119235916433,0.0490463199135243,0.010689733904553966
2021-02-12,2021-02-19,M3_Deep,xattn,m3_deep_xattn,M3_Deep_XAttn,42,62.47,62.84,62.753420202496116,0.005905371881942,0.004526640240120949
2021-02-19,2021-02-26,M3_Deep,xattn,m3_deep_xattn,M3_Deep_XAttn,42,62.84,65.86,63.143640665802586,0.0469394635607977,0.00482032829240675
2021-02-26,2021-03-05,M3_Deep,xattn,m3_deep_xattn,M3_Deep_XAttn,42,65.86,69.95,66.60693585734126,0.060249424163272,0.011277437177844352
2021-03-05,2021-03-12,M3_Deep,xattn,m3_deep_xattn,M3_Deep_XAttn,42,69.95,68.87,71.27289276566773,-0.0155600315548833,0.018735368405128128
2021-03-12,2021-03-19,M3_Deep,xattn,m3_deep_xattn,M3_Deep_XAttn,42,68.87,64.0,69.29684557299501,-0.073337586196935,0.006178717176055004
2021-03-19,2021-03-26,M3_Deep,xattn,m3_deep_xattn,M3_Deep_XAttn,42,64.0,63.77,64.40846124081762,-0.0036002230324915,0.006361926847268995
2021-03-26,2021-04-02,M3_Deep,xattn,m3_deep_xattn,M3_Deep_XAttn,42,63.77,63.85,63.795669746970795,0.0012537221513679,0.0004024554156018545
2021-04-02,2021-04-09,M3_Deep,xattn,m3_deep_xattn,M3_Deep_XAttn,42,63.85,61.89,64.50760557065928,-0.0311779667272782,0.010246550195829096
2021-04-09,2021-04-16,M3_Deep,xattn,m3_deep_xattn,M3_Deep_XAttn,42,61.89,65.98,61.563036481374986,0.0639930500491652,-0.005296982438658893
2021-04-16,2021-04-23,M3_Deep,xattn,m3_deep_xattn,M3_Deep_XAttn,42,65.98,65.75,66.52987191383504,-0.0034919947425615,0.008299382712292691
2021-04-23,2021-04-30,M3_Deep,xattn,m3_deep_xattn,M3_Deep_XAttn,42,65.75,67.73,66.19777531530976,0.0296695421689385,0.006787185811494734
2021-04-30,2021-05-07,M3_Deep,xattn,m3_deep_xattn,M3_Deep_XAttn,42,67.73,68.73,67.71614038798471,0.0146565719067016,-0.00020465126616331375
2021-05-07,2021-05-14,M3_Deep,xattn,m3_deep_xattn,M3_Deep_XAttn,42,68.73,69.24,68.39639045407142,0.0073929451744944,-0.004865733036761355
2021-05-14,2021-05-21,M3_Deep,xattn,m3_deep_xattn,M3_Deep_XAttn,42,69.24,66.72,69.7040926577066,-0.037073972257517,0.0066803039226674965
2021-05-21,2021-05-28,M3_Deep,xattn,m3_deep_xattn,M3_Deep_XAttn,42,66.72,69.36,66.35125364934522,0.038805574421795,-0.005542102961772322
2021-05-28,2021-06-04,M3_Deep,xattn,m3_deep_xattn,M3_Deep_XAttn,42,69.36,71.3,69.3959596761103,0.0275859949479638,0.0005183154222605513
2021-06-04,2021-06-11,M3_Deep,xattn,m3_deep_xattn,M3_Deep_XAttn,42,71.3,72.05,71.24663103620277,0.0104639950252809,-0.0007487930918169683
2021-06-11,2021-06-18,M3_Deep,xattn,m3_deep_xattn,M3_Deep_XAttn,42,72.05,73.1,71.46253515347414,0.0144680443102017,-0.008186993940584142
2021-06-18,2021-06-25,M3_Deep,xattn,m3_deep_xattn,M3_Deep_XAttn,42,73.1,76.45,73.30690499675163,0.0448085656193386,0.0028264395657990327
2021-06-25,2021-07-02,M3_Deep,xattn,m3_deep_xattn,M3_Deep_XAttn,42,76.45,77.51,76.46942002022337,0.0137700279183487,0.000253990243033797
2021-07-02,2021-07-09,M3_Deep,xattn,m3_deep_xattn,M3_Deep_XAttn,42,77.51,77.14,76.94277941336573,-0.0047850075133383,-0.007344939195361777
2021-07-09,2021-07-16,M3_Deep,xattn,m3_deep_xattn,M3_Deep_XAttn,42,77.14,74.46,76.66927934361718,-0.0353598843355109,-0.006120854710644663
2021-07-16,2021-07-23,M3_Deep,xattn,m3_deep_xattn,M3_Deep_XAttn,42,74.46,74.86,73.38792510612494,0.0053576340317122,-0.014502654447982044
2021-07-23,2021-07-30,M3_Deep,xattn,m3_deep_xattn,M3_Deep_XAttn,42,74.86,77.72,74.28464245282558,0.0374929220329564,-0.007715468579870877
2021-07-30,2021-08-06,M3_Deep,xattn,m3_deep_xattn,M3_Deep_XAttn,42,77.72,71.02,77.5926215748769,-0.0901510969942975,-0.0016402846387000847
2021-08-06,2021-08-13,M3_Deep,xattn,m3_deep_xattn,M3_Deep_XAttn,42,71.02,70.9,71.036833728882,-0.0016910939768598,0.00023699991783482366
2021-08-13,2021-08-20,M3_Deep,xattn,m3_deep_xattn,M3_Deep_XAttn,42,70.9,65.51,69.99764566404411,-0.0790676307942968,-0.012808825425135728
2021-08-20,2021-08-27,M3_Deep,xattn,m3_deep_xattn,M3_Deep_XAttn,42,65.51,72.26,65.38622782404215,0.0980679229757092,-0.0018911501867414082
2021-08-27,2021-09-03,M3_Deep,xattn,m3_deep_xattn,M3_Deep_XAttn,42,72.26,73.07,71.66970121396704,0.0111471600836321,-0.008202644635890044
2021-09-03,2021-09-10,M3_Deep,xattn,m3_deep_xattn,M3_Deep_XAttn,42,73.07,72.44,72.98262037343854,-0.0086592527879137,-0.0011965500757657455
2021-09-10,2021-09-17,M3_Deep,xattn,m3_deep_xattn,M3_Deep_XAttn,42,72.44,74.64,71.97082133730248,0.0299179235238758,-0.006497855342993353
2021-09-17,2021-09-24,M3_Deep,xattn,m3_deep_xattn,M3_Deep_XAttn,42,74.64,77.42,74.39113363623231,0.0365685886104137,-0.0033397933575536887
2021-09-24,2021-10-01,M3_Deep,xattn,m3_deep_xattn,M3_Deep_XAttn,42,77.42,79.4,77.63497608227064,0.0252532231035881,0.0027729032043748436
2021-10-01,2021-10-08,M3_Deep,xattn,m3_deep_xattn,M3_Deep_XAttn,42,79.4,82.17,78.41133786409253,0.0342919036900064,-0.012529835739132578
2021-10-08,2021-10-15,M3_Deep,xattn,m3_deep_xattn,M3_Deep_XAttn,42,82.17,84.67,82.0460952625067,0.0299710757110894,-0.0015090452712130387
2021-10-15,2021-10-22,M3_Deep,xattn,m3_deep_xattn,M3_Deep_XAttn,42,84.67,85.43,84.0692553550637,0.0089359795093414,-0.007120419985678306
2021-10-22,2021-10-29,M3_Deep,xattn,m3_deep_xattn,M3_Deep_XAttn,42,85.43,83.1,84.61116030770658,-0.0276526253021248,-0.009631150721023274
2021-10-29,2021-11-05,M3_Deep,xattn,m3_deep_xattn,M3_Deep_XAttn,42,83.1,82.43,82.76156798446314,-0.0080952535362662,-0.004080903000376224
2021-11-05,2021-11-12,M3_Deep,xattn,m3_deep_xattn,M3_Deep_XAttn,42,82.43,82.9,81.73454180166112,0.0056856138161131,-0.00847274753893057
2021-11-12,2021-11-19,M3_Deep,xattn,m3_deep_xattn,M3_Deep_XAttn,42,82.9,80.24,82.02855123278843,-0.0326129184875693,-0.010567689713880557
2021-11-19,2021-11-26,M3_Deep,xattn,m3_deep_xattn,M3_Deep_XAttn,42,80.24,72.37,79.87315332095469,-0.1032302947756436,-0.004582350835704463
2021-11-26,2021-12-03,M3_Deep,xattn,m3_deep_xattn,M3_Deep_XAttn,42,72.37,70.71,73.22657642993882,-0.023204843261887,0.011766572179494728
2021-12-03,2021-12-10,M3_Deep,xattn,m3_deep_xattn,M3_Deep_XAttn,42,70.71,74.98,70.86026400549225,0.0586344056916167,0.002122819547968169
2021-12-10,2021-12-17,M3_Deep,xattn,m3_deep_xattn,M3_Deep_XAttn,42,74.98,72.97,75.64574748805383,-0.0271730135302372,0.008839814366468746
2021-12-17,2021-12-24,M3_Deep,xattn,m3_deep_xattn,M3_Deep_XAttn,42,72.97,75.24,72.60241525497923,0.0306346066553009,-0.005050208525224531
2021-12-24,2021-12-31,M3_Deep,xattn,m3_deep_xattn,M3_Deep_XAttn,42,75.24,77.24,74.80402439350704,0.0262344531274841,-0.0058113188474433475
2021-12-31,2022-01-07,M3_Deep,xattn,m3_deep_xattn,M3_Deep_XAttn,42,77.24,82.28,77.14997122954598,0.0632106072244427,-0.0011662516670140066
2022-01-07,2022-01-14,M3_Deep,xattn,m3_deep_xattn,M3_Deep_XAttn,42,82.28,87.17,82.57588391917145,0.0577321702387283,0.0035896108752704325
2022-01-14,2022-01-21,M3_Deep,xattn,m3_deep_xattn,M3_Deep_XAttn,42,87.17,89.75,89.02009182559348,0.0291677923449035,0.021001860080131607
2022-01-21,2022-01-28,M3_Deep,xattn,m3_deep_xattn,M3_Deep_XAttn,42,89.75,91.47,90.16168067803443,0.0189830222998847,0.004576483250109231
2022-01-28,2022-02-04,M3_Deep,xattn,m3_deep_xattn,M3_Deep_XAttn,42,91.47,96.86,91.73983334891194,0.0572555873068098,0.002945622940480064
2022-02-04,2022-02-11,M3_Deep,xattn,m3_deep_xattn,M3_Deep_XAttn,42,96.86,97.5,97.48850778542385,0.0065857410287184,0.00646786521418985
2022-02-11,2022-02-18,M3_Deep,xattn,m3_deep_xattn,M3_Deep_XAttn,42,97.5,96.18,97.02935239518081,-0.0136309421542848,-0.004838843263000214
2022-02-18,2022-02-25,M3_Deep,xattn,m3_deep_xattn,M3_Deep_XAttn,42,96.18,98.56,97.12574679088479,0.024444063935693,0.009785061775373638
2022-02-25,2022-03-04,M3_Deep,xattn,m3_deep_xattn,M3_Deep_XAttn,42,98.56,123.86,98.2781319306233,0.2284863957247052,-0.0028639599377939806
2022-03-04,2022-03-11,M3_Deep,xattn,m3_deep_xattn,M3_Deep_XAttn,42,123.86,118.11,122.52377956998734,-0.047535501886159,-0.010846765425104321
2022-03-11,2022-03-18,M3_Deep,xattn,m3_deep_xattn,M3_Deep_XAttn,42,118.11,114.32,117.56028849525956,-0.0326148600021439,-0.00466509805036508
2022-03-18,2022-03-25,M3_Deep,xattn,m3_deep_xattn,M3_Deep_XAttn,42,114.32,122.67,113.9407054453354,0.0704962894230488,-0.0033233482129328973
2022-03-25,2022-04-01,M3_Deep,xattn,m3_deep_xattn,M3_Deep_XAttn,42,122.67,106.13,121.68465753967875,-0.1448330652709296,-0.008064898872857107
2022-04-01,2022-04-08,M3_Deep,xattn,m3_deep_xattn,M3_Deep_XAttn,42,106.13,101.26,105.46325133065166,-0.0469732912319679,-0.006302194157530527
2022-04-08,2022-04-15,M3_Deep,xattn,m3_deep_xattn,M3_Deep_XAttn,42,101.26,110.83,100.87967245982198,0.0903060292457984,-0.0037630217200490534
2022-04-15,2022-04-22,M3_Deep,xattn,m3_deep_xattn,M3_Deep_XAttn,42,110.83,105.15,110.20421489099058,-0.0526095936388528,-0.005662352150527905
2022-04-22,2022-04-29,M3_Deep,xattn,m3_deep_xattn,M3_Deep_XAttn,42,105.15,108.36,105.10283099226159,0.0300711150681855,-0.0004486884510154221
2022-04-29,2022-05-06,M3_Deep,xattn,m3_deep_xattn,M3_Deep_XAttn,42,108.36,113.86,108.55547881400439,0.0495106063060414,0.0018023505559896513
2022-05-06,2022-05-13,M3_Deep,xattn,m3_deep_xattn,M3_Deep_XAttn,42,113.86,112.12,113.72598489799407,-0.0153998972263482,-0.0011777097570916384
2022-05-13,2022-05-20,M3_Deep,xattn,m3_deep_xattn,M3_Deep_XAttn,42,112.12,113.63,111.32606967549677,0.01337782963333,-0.0071062665520349455
2022-05-20,2022-05-27,M3_Deep,xattn,m3_deep_xattn,M3_Deep_XAttn,42,113.63,121.19,111.33977433019089,0.0644120060504783,-0.02036100002957486
2022-05-27,2022-06-03,M3_Deep,xattn,m3_deep_xattn,M3_Deep_XAttn,42,121.19,125.68,119.95633371328344,0.0363794319669697,-0.010231771143462964
2022-06-03,2022-06-10,M3_Deep,xattn,m3_deep_xattn,M3_Deep_XAttn,42,125.68,127.44,124.26808403454105,0.0139066716544272,-0.011297794011727369
2022-06-10,2022-06-17,M3_Deep,xattn,m3_deep_xattn,M3_Deep_XAttn,42,127.44,119.22,125.53453820424754,-0.0666751398100125,-0.015064740077131766
2022-06-17,2022-06-24,M3_Deep,xattn,m3_deep_xattn,M3_Deep_XAttn,42,119.22,117.36,118.57196203802441,-0.0157243919570542,-0.005450474950702611
2022-06-24,2022-07-01,M3_Deep,xattn,m3_deep_xattn,M3_Deep_XAttn,42,117.36,119.21,117.86164273281123,0.0156405098951838,0.004265283479021442
2022-07-01,2022-07-08,M3_Deep,xattn,m3_deep_xattn,M3_Deep_XAttn,42,119.21,113.95,116.80592810886131,-0.0451268880382168,-0.020372820267053005
2022-07-08,2022-07-15,M3_Deep,xattn,m3_deep_xattn,M3_Deep_XAttn,42,113.95,112.26,113.06207700540676,-0.0149421461776399,-0.007822733788889202
2022-07-15,2022-07-22,M3_Deep,xattn,m3_deep_xattn,M3_Deep_XAttn,42,112.26,106.77,110.21773398013333,-0.0501406213238422,-0.018359800332785614
2022-07-22,2022-07-29,M3_Deep,xattn,m3_deep_xattn,M3_Deep_XAttn,42,106.77,111.51,104.41656404270813,0.0434372847870595,-0.02228866591383305
2022-07-29,2022-08-05,M3_Deep,xattn,m3_deep_xattn,M3_Deep_XAttn,42,111.51,100.31,109.50379515874464,-0.1058488820818767,-0.018155065337354337
2022-08-05,2022-08-12,M3_Deep,xattn,m3_deep_xattn,M3_Deep_XAttn,42,100.31,103.7,99.36774918507457,0.0332367243400878,-0.009437784758262957
2022-08-12,2022-08-19,M3_Deep,xattn,m3_deep_xattn,M3_Deep_XAttn,42,103.7,96.45,102.32219053408411,-0.0724773758837435,-0.013375549534125675
2022-08-19,2022-08-26,M3_Deep,xattn,m3_deep_xattn,M3_Deep_XAttn,42,96.45,101.13,95.56604296489404,0.0473820785623409,-0.00920718150451627
2022-08-26,2022-09-02,M3_Deep,xattn,m3_deep_xattn,M3_Deep_XAttn,42,101.13,93.09,99.60271824632581,-0.0828400507856804,-0.01521736206615909
2022-09-02,2022-09-09,M3_Deep,xattn,m3_deep_xattn,M3_Deep_XAttn,42,93.09,91.68,91.90842943898215,-0.015262514161969,-0.012774017936346915
2022-09-09,2022-09-16,M3_Deep,xattn,m3_deep_xattn,M3_Deep_XAttn,42,91.68,89.43,90.62510519860282,-0.0248480566083396,-0.01157297898009535
2022-09-16,2022-09-23,M3_Deep,xattn,m3_deep_xattn,M3_Deep_XAttn,42,89.43,84.29,88.2376198874459,-0.0591929623486989,-0.013422794947002714
2022-09-23,2022-09-30,M3_Deep,xattn,m3_deep_xattn,M3_Deep_XAttn,42,84.29,88.9,83.56455263847045,0.0532489085104681,-0.008643815338579941
2022-09-30,2022-10-07,M3_Deep,xattn,m3_deep_xattn,M3_Deep_XAttn,42,88.9,98.88,86.99355651398825,0.1063948511895216,-0.021678089665685185
2022-10-07,2022-10-14,M3_Deep,xattn,m3_deep_xattn,M3_Deep_XAttn,42,98.88,92.22,96.73882416007,-0.0697299669308211,-0.021892181028994706
2022-10-14,2022-10-21,M3_Deep,xattn,m3_deep_xattn,M3_Deep_XAttn,42,92.22,91.82,91.871484053347,-0.0043468879574835,-0.0037863387849357277
2022-10-21,2022-10-28,M3_Deep,xattn,m3_deep_xattn,M3_Deep_XAttn,42,91.82,94.64,90.33131756579854,0.0302500808490554,-0.016345921628220683
2022-10-28,2022-11-04,M3_Deep,xattn,m3_deep_xattn,M3_Deep_XAttn,42,94.64,99.53,92.03041169662139,0.0503788865878407,-0.027961135324847453
2022-11-04,2022-11-11,M3_Deep,xattn,m3_deep_xattn,M3_Deep_XAttn,42,99.53,96.37,97.23326194794727,-0.032264156394776,-0.02334625221845621
2022-11-11,2022-11-18,M3_Deep,xattn,m3_deep_xattn,M3_Deep_XAttn,42,96.37,88.93,95.02052621342398,-0.0803454064516473,-0.014102016196960054
2022-11-18,2022-11-25,M3_Deep,xattn,m3_deep_xattn,M3_Deep_XAttn,42,88.93,83.4,87.63355448894406,-0.0642012340468476,-0.014685576699870806
2022-11-25,2022-12-02,M3_Deep,xattn,m3_deep_xattn,M3_Deep_XAttn,42,83.4,86.54,81.94078157383328,0.0369584254320376,-0.017651498923962006
2022-12-02,2022-12-09,M3_Deep,xattn,m3_deep_xattn,M3_Deep_XAttn,42,86.54,76.37,84.18884824688593,-0.125016785896446,-0.027544265943571622
2022-12-09,2022-12-16,M3_Deep,xattn,m3_deep_xattn,M3_Deep_XAttn,42,76.37,80.2,75.83154000028175,0.0489335659721759,-0.007075647804956953
2022-12-16,2022-12-23,M3_Deep,xattn,m3_deep_xattn,M3_Deep_XAttn,42,80.2,82.45,78.12653814354132,0.027668534133139,-0.026193718772385077
2022-12-23,2022-12-30,M3_Deep,xattn,m3_deep_xattn,M3_Deep_XAttn,42,82.45,82.82,80.71815264113638,0.0044775291118132,-0.021228559233833044
2022-12-30,2023-01-06,M3_Deep,xattn,m3_deep_xattn,M3_Deep_XAttn,42,82.82,76.41,81.41883960475228,-0.0805560004579458,-0.017062887112310188
2023-01-06,2023-01-13,M3_Deep,xattn,m3_deep_xattn,M3_Deep_XAttn,42,76.41,83.43,75.00934490273089,0.087894379254508,-0.01850087318185989
2023-01-13,2023-01-20,M3_Deep,xattn,m3_deep_xattn,M3_Deep_XAttn,42,83.43,86.96,83.47479259053281,0.0414402858989706,0.0005367442230142516
2023-01-20,2023-01-27,M3_Deep,xattn,m3_deep_xattn,M3_Deep_XAttn,42,86.96,85.36,86.27604352250634,-0.018570635819456,-0.007896278596252415
2023-01-27,2023-02-03,M3_Deep,xattn,m3_deep_xattn,M3_Deep_XAttn,42,85.36,78.85,85.64515664644924,-0.0793302935844505,0.003335067975143602
2023-02-03,2023-02-10,M3_Deep,xattn,m3_deep_xattn,M3_Deep_XAttn,42,78.85,85.46,79.09551254136598,0.0805011168068314,0.0031088282933993128
2023-02-10,2023-02-17,M3_Deep,xattn,m3_deep_xattn,M3_Deep_XAttn,42,85.46,81.97,85.82402025371803,-0.0416951035509395,0.0042504934346148104
2023-02-17,2023-02-24,M3_Deep,xattn,m3_deep_xattn,M3_Deep_XAttn,42,81.97,82.31,81.29783323007355,0.0041392803196134,-0.008233962002943684
2023-02-24,2023-03-03,M3_Deep,xattn,m3_deep_xattn,M3_Deep_XAttn,42,82.31,85.74,82.64685284154072,0.0408268541852784,0.004084138415211491
2023-03-03,2023-03-10,M3_Deep,xattn,m3_deep_xattn,M3_Deep_XAttn,42,85.74,82.3,85.6165822268841,-0.0409483534868068,-0.0014404791791804428
2023-03-10,2023-03-17,M3_Deep,xattn,m3_deep_xattn,M3_Deep_XAttn,42,82.3,71.03,81.86662546326134,-0.1472687846733054,-0.005279703377198075
2023-03-17,2023-03-24,M3_Deep,xattn,m3_deep_xattn,M3_Deep_XAttn,42,71.03,73.63,70.38576450931177,0.0359502283709067,-0.009111288967201148
2023-03-24,2023-03-31,M3_Deep,xattn,m3_deep_xattn,M3_Deep_XAttn,42,73.63,79.19,73.8853323445683,0.0727974768416957,0.0034617770980123197
2023-03-31,2023-04-07,M3_Deep,xattn,m3_deep_xattn,M3_Deep_XAttn,42,79.19,86.56,79.57276955724681,0.0889877868758503,0.004821915112183994
2023-04-07,2023-04-14,M3_Deep,xattn,m3_deep_xattn,M3_Deep_XAttn,42,86.56,87.31,85.46607700113886,0.0086271887245447,-0.01271827810621673
2023-04-14,2023-04-21,M3_Deep,xattn,m3_deep_xattn,M3_Deep_XAttn,42,87.31,83.36,87.86276563667607,-0.0462964258176594,0.006311111997270302
2023-04-21,2023-04-28,M3_Deep,xattn,m3_deep_xattn,M3_Deep_XAttn,42,83.36,81.32,83.01287450390964,-0.0247765892449109,-0.0041728677325343355
2023-04-28,2023-05-05,M3_Deep,xattn,m3_deep_xattn,M3_Deep_XAttn,42,81.32,75.85,81.02235734467916,-0.0696342829656046,-0.003666855572303618
2023-05-05,2023-05-12,M3_Deep,xattn,m3_deep_xattn,M3_Deep_XAttn,42,75.85,74.54,75.14034003001265,-0.0174218117434287,-0.009400140372656351
2023-05-12,2023-05-19,M3_Deep,xattn,m3_deep_xattn,M3_Deep_XAttn,42,74.54,75.42,74.90120595065154,0.0117365977790986,0.004834097152211669
2023-05-19,2023-05-26,M3_Deep,xattn,m3_deep_xattn,M3_Deep_XAttn,42,75.42,76.33,75.60672168104382,0.0119935539801678,0.0024726985278346603
2023-05-26,2023-06-02,M3_Deep,xattn,m3_deep_xattn,M3_Deep_XAttn,42,76.33,76.0,76.33343148116516,-0.0043327055240478,4.4954854380607756e-05
2023-06-02,2023-06-09,M3_Deep,xattn,m3_deep_xattn,M3_Deep_XAttn,42,76.0,74.74,74.44690229560247,-0.0167179162289933,-0.02064718987147396
2023-06-09,2023-06-16,M3_Deep,xattn,m3_deep_xattn,M3_Deep_XAttn,42,74.74,76.76,75.10316588185101,0.0266682470821614,0.004847289374843744
2023-06-16,2023-06-23,M3_Deep,xattn,m3_deep_xattn,M3_Deep_XAttn,42,76.76,73.56,76.33157658976063,-0.0425822714033789,-0.005596970626137288
2023-06-23,2023-06-30,M3_Deep,xattn,m3_deep_xattn,M3_Deep_XAttn,42,73.56,74.51,73.20060362263223,0.0128319448295158,-0.004897732592031412
2023-06-30,2023-07-07,M3_Deep,xattn,m3_deep_xattn,M3_Deep_XAttn,42,74.51,78.77,73.70287246959545,0.0555988691495966,-0.010891570965739894
2023-07-07,2023-07-14,M3_Deep,xattn,m3_deep_xattn,M3_Deep_XAttn,42,78.77,79.9,78.79547822819538,0.0142436390569961,0.0003233986112179399
2023-07-14,2023-07-21,M3_Deep,xattn,m3_deep_xattn,M3_Deep_XAttn,42,79.9,81.06,79.28228567065138,0.0144137684279334,-0.007761132809733895
2023-07-21,2023-07-28,M3_Deep,xattn,m3_deep_xattn,M3_Deep_XAttn,42,81.06,84.49,80.74974665539152,0.0414435629645908,-0.003834796496850479
2023-07-28,2023-08-04,M3_Deep,xattn,m3_deep_xattn,M3_Deep_XAttn,42,84.49,87.38,84.30364692796907,0.0336332393585364,-0.0022080587881901925
2023-08-04,2023-08-11,M3_Deep,xattn,m3_deep_xattn,M3_Deep_XAttn,42,87.38,87.93,86.76225220322745,0.0062746198676211,-0.0070947788970795456
2023-08-11,2023-08-18,M3_Deep,xattn,m3_deep_xattn,M3_Deep_XAttn,42,87.93,85.92,88.30681538346178,-0.0231244126303562,0.0042762456511058755
2023-08-18,2023-08-25,M3_Deep,xattn,m3_deep_xattn,M3_Deep_XAttn,42,85.92,85.42,85.96111473907294,-0.0058363653472341,0.0004784090435941968
2023-08-25,2023-09-01,M3_Deep,xattn,m3_deep_xattn,M3_Deep_XAttn,42,85.42,89.98,85.4073892661568,0.0520071579997058,-0.0001476429970659887
2023-09-01,2023-09-08,M3_Deep,xattn,m3_deep_xattn,M3_Deep_XAttn,42,89.98,91.85,88.8250574396922,0.0205693882481082,-0.012918634844819477
2023-09-08,2023-09-15,M3_Deep,xattn,m3_deep_xattn,M3_Deep_XAttn,42,91.85,95.55,91.5004750585146,0.0394928590251474,-0.003812647496802435
2023-09-15,2023-09-22,M3_Deep,xattn,m3_deep_xattn,M3_Deep_XAttn,42,95.55,93.99,95.46139433131714,-0.0164612770540719,-0.0009277527693934973
2023-09-22,2023-09-29,M3_Deep,xattn,m3_deep_xattn,M3_Deep_XAttn,42,93.99,95.86,92.955109539545,0.0197004000992753,-0.011071710135953095
2023-09-29,2023-10-06,M3_Deep,xattn,m3_deep_xattn,M3_Deep_XAttn,42,95.86,87.86,95.83635343020228,-0.0871441551838517,-0.00024670860446251996
2023-10-06,2023-10-13,M3_Deep,xattn,m3_deep_xattn,M3_Deep_XAttn,42,87.86,94.33,87.8334414175594,0.0710546341141284,-0.0003023286746347553
2023-10-13,2023-10-20,M3_Deep,xattn,m3_deep_xattn,M3_Deep_XAttn,42,94.33,93.72,94.73198231727667,-0.0064876590221669,0.0042523929781991265
2023-10-20,2023-10-27,M3_Deep,xattn,m3_deep_xattn,M3_Deep_XAttn,42,93.72,90.73,93.43616785413431,-0.0324235504580573,-0.0030331072357214772
2023-10-27,2023-11-03,M3_Deep,xattn,m3_deep_xattn,M3_Deep_XAttn,42,90.73,87.55,90.39611146958093,-0.0356780044496768,-0.003686811425591241
2023-11-03,2023-11-10,M3_Deep,xattn,m3_deep_xattn,M3_Deep_XAttn,42,87.55,83.66,87.73388037811259,-0.0454490927178085,0.0020980873445854975
2023-11-10,2023-11-17,M3_Deep,xattn,m3_deep_xattn,M3_Deep_XAttn,42,83.66,81.22,84.50376417884117,-0.0295994437559005,0.010035113852072008
2023-11-17,2023-11-24,M3_Deep,xattn,m3_deep_xattn,M3_Deep_XAttn,42,81.22,79.82,80.72984399977975,-0.0173874226375639,-0.006053201222972593
2023-11-24,2023-12-01,M3_Deep,xattn,m3_deep_xattn,M3_Deep_XAttn,42,79.82,78.72,79.9685362738455,-0.0138768468765897,0.001859161114979191
2023-12-01,2023-12-08,M3_Deep,xattn,m3_deep_xattn,M3_Deep_XAttn,42,78.72,75.94,77.65120283851411,-0.0359536979403416,-0.013670212753964961
2023-12-08,2023-12-15,M3_Deep,xattn,m3_deep_xattn,M3_Deep_XAttn,42,75.94,76.84,76.21817061707009,0.0117817830966997,0.003656339003589082
2023-12-15,2023-12-22,M3_Deep,xattn,m3_deep_xattn,M3_Deep_XAttn,42,76.84,80.23,76.33646594136087,0.0431721718652087,-0.006574585323171789
2023-12-22,2023-12-29,M3_Deep,xattn,m3_deep_xattn,M3_Deep_XAttn,42,80.23,77.69,79.97120323766738,-0.0321709608032353,-0.0032308994218230858
2023-12-29,2024-01-05,M3_Deep,xattn,m3_deep_xattn,M3_Deep_XAttn,42,77.69,78.31,77.65822251917206,0.007948759800517,-0.00040911290461975724
2024-01-05,2024-01-12,M3_Deep,xattn,m3_deep_xattn,M3_Deep_XAttn,42,78.31,79.89,78.54061127969018,0.0199753797311041,0.002940523393273775
2024-01-12,2024-01-19,M3_Deep,xattn,m3_deep_xattn,M3_Deep_XAttn,42,79.89,80.71,79.79838988662875,0.0102117948423304,-0.001147361101031752
2024-01-19,2024-01-26,M3_Deep,xattn,m3_deep_xattn,M3_Deep_XAttn,42,80.71,83.34,80.52215344326957,0.0320661426580264,-0.0023301387187633082
2024-01-26,2024-02-02,M3_Deep,xattn,m3_deep_xattn,M3_Deep_XAttn,42,83.34,79.54,82.25967472281383,-0.0466685862147627,-0.01304761745691252
2024-02-02,2024-02-09,M3_Deep,xattn,m3_deep_xattn,M3_Deep_XAttn,42,79.54,83.58,79.54287993295218,0.0495442172402245,3.620669871828852e-05
2024-02-09,2024-02-16,M3_Deep,xattn,m3_deep_xattn,M3_Deep_XAttn,42,83.58,84.88,83.47467684722818,0.0154342372859582,-0.001260942449677671
2024-02-16,2024-02-23,M3_Deep,xattn,m3_deep_xattn,M3_Deep_XAttn,42,84.88,84.18,84.7642884621563,-0.0082811309633029,-0.0013641668321060507
2024-02-23,2024-03-01,M3_Deep,xattn,m3_deep_xattn,M3_Deep_XAttn,42,84.18,84.82,83.55705186877194,0.0075740007040198,-0.0074277088852312545
2024-03-01,2024-03-08,M3_Deep,xattn,m3_deep_xattn,M3_Deep_XAttn,42,84.82,84.29,84.7339543776745,-0.0062681300370536,-0.0010149645878563263
2024-03-08,2024-03-15,M3_Deep,xattn,m3_deep_xattn,M3_Deep_XAttn,42,84.29,85.39,84.41935887657098,0.0129657639101239,0.0015335118665973368
2024-03-15,2024-03-22,M3_Deep,xattn,m3_deep_xattn,M3_Deep_XAttn,42,85.39,84.87,86.24530691405991,-0.0061083239379291,0.009966643920925833
2024-03-22,2024-03-29,M3_Deep,xattn,m3_deep_xattn,M3_Deep_XAttn,42,84.87,86.17,84.1528866814403,0.0152014152700899,-0.008485449935037082
2024-03-29,2024-04-05,M3_Deep,xattn,m3_deep_xattn,M3_Deep_XAttn,42,86.17,92.81,85.22858516717208,0.074232303355626,-0.01098520502922895
2024-04-05,2024-04-12,M3_Deep,xattn,m3_deep_xattn,M3_Deep_XAttn,42,92.81,93.12,92.90330259060242,0.0033345913758262,0.001004802533270066
2024-04-12,2024-04-19,M3_Deep,xattn,m3_deep_xattn,M3_Deep_XAttn,42,93.12,87.96,91.63489688572376,-0.0570068182965674,-0.01607681448566467
2024-04-19,2024-04-26,M3_Deep,xattn,m3_deep_xattn,M3_Deep_XAttn,42,87.96,89.95,87.49355215674699,0.0223717947099818,-0.00531706467538362
2024-04-26,2024-05-03,M3_Deep,xattn,m3_deep_xattn,M3_Deep_XAttn,42,89.95,83.6,89.39307989533764,-0.0732104403058862,-0.006210687305500007
2024-05-03,2024-05-10,M3_Deep,xattn,m3_deep_xattn,M3_Deep_XAttn,42,83.6,83.39,82.71551746946746,-0.0025151219917618,-0.010636299997718979
2024-05-10,2024-05-17,M3_Deep,xattn,m3_deep_xattn,M3_Deep_XAttn,42,83.39,82.24,82.83987243220459,-0.013886596392039,-0.006618901502626451
2024-05-17,2024-05-24,M3_Deep,xattn,m3_deep_xattn,M3_Deep_XAttn,42,82.24,78.92,82.18903259214085,-0.0412071205524403,-0.0006199319996957886
2024-05-24,2024-05-31,M3_Deep,xattn,m3_deep_xattn,M3_Deep_XAttn,42,78.92,79.41,79.29346496915815,0.0061896237527049,0.004721035126624584
2024-05-31,2024-06-07,M3_Deep,xattn,m3_deep_xattn,M3_Deep_XAttn,42,79.41,78.12,79.76191592193983,-0.0163781988986412,0.004421841545472149
2024-06-07,2024-06-14,M3_Deep,xattn,m3_deep_xattn,M3_Deep_XAttn,42,78.12,81.49,77.01459924957973,0.0422342073236502,-0.014251101482832151
2024-06-14,2024-06-21,M3_Deep,xattn,m3_deep_xattn,M3_Deep_XAttn,42,81.49,86.42,81.06058753023208,0.0587388171716588,-0.005283444067533893
2024-06-21,2024-06-28,M3_Deep,xattn,m3_deep_xattn,M3_Deep_XAttn,42,86.42,87.26,86.01104024139023,0.0096730371916763,-0.004743467589745198
2024-06-28,2024-07-05,M3_Deep,xattn,m3_deep_xattn,M3_Deep_XAttn,42,87.26,88.66,86.53581732177446,0.0159166616214437,-0.008333766378133767
2024-07-05,2024-07-12,M3_Deep,xattn,m3_deep_xattn,M3_Deep_XAttn,42,88.66,87.35,87.59141299330362,-0.0148857927368419,-0.012125861369942648
2024-07-12,2024-07-19,M3_Deep,xattn,m3_deep_xattn,M3_Deep_XAttn,42,87.35,85.19,86.43024644480785,-0.0250389805253164,-0.010585347439185266
2024-07-19,2024-07-26,M3_Deep,xattn,m3_deep_xattn,M3_Deep_XAttn,42,85.19,81.35,84.93602275395006,-0.0461232223897023,-0.0029857564482735355
2024-07-26,2024-08-02,M3_Deep,xattn,m3_deep_xattn,M3_Deep_XAttn,42,81.35,78.35,81.0402242314681,-0.0375748648630169,-0.003815206805099003
2024-08-02,2024-08-09,M3_Deep,xattn,m3_deep_xattn,M3_Deep_XAttn,42,78.35,81.07,76.61543956302722,0.0341270101975859,-0.022387351491119034
2024-08-09,2024-08-16,M3_Deep,xattn,m3_deep_xattn,M3_Deep_XAttn,42,81.07,81.56,81.51395088522546,0.0060259667066386,0.005461203104008772
2024-08-16,2024-08-23,M3_Deep,xattn,m3_deep_xattn,M3_Deep_XAttn,42,81.56,80.34,80.82866103200588,-0.0150713167751182,-0.009007327333313553
2024-08-23,2024-08-30,M3_Deep,xattn,m3_deep_xattn,M3_Deep_XAttn,42,80.34,80.2,78.91514465801234,-0.0017441140586673,-0.01789447199554761
2024-08-30,2024-09-06,M3_Deep,xattn,m3_deep_xattn,M3_Deep_XAttn,42,80.2,72.82,79.86874752118831,-0.0965328721251816,-0.004138883533657711
2024-09-06,2024-09-13,M3_Deep,xattn,m3_deep_xattn,M3_Deep_XAttn,42,72.82,73.68,71.65941801985164,0.0117407491997641,-0.016066052312171175
2024-09-13,2024-09-20,M3_Deep,xattn,m3_deep_xattn,M3_Deep_XAttn,42,73.68,75.96,73.85886435868964,0.0304754939970335,0.002424641766005986
2024-09-20,2024-09-27,M3_Deep,xattn,m3_deep_xattn,M3_Deep_XAttn,42,75.96,71.63,75.82302238020901,-0.0586929053177252,-0.0018049140783879536
2024-09-27,2024-10-04,M3_Deep,xattn,m3_deep_xattn,M3_Deep_XAttn,42,71.63,79.32,71.67618479218059,0.1019763230252352,0.000644561068268823
2024-10-04,2024-10-11,M3_Deep,xattn,m3_deep_xattn,M3_Deep_XAttn,42,79.32,80.27,79.35863630405484,0.0119056484918903,0.00048697550871734663
2024-10-11,2024-10-18,M3_Deep,xattn,m3_deep_xattn,M3_Deep_XAttn,42,80.27,72.75,80.23147702012044,-0.0983670460918835,-0.0004800327241160085
2024-10-18,2024-10-25,M3_Deep,xattn,m3_deep_xattn,M3_Deep_XAttn,42,72.75,75.62,72.42779305213341,0.0386918924111849,-0.004438798388205628
2024-10-25,2024-11-01,M3_Deep,xattn,m3_deep_xattn,M3_Deep_XAttn,42,75.62,73.63,75.52891138939518,-0.0266682470821614,-0.0012052831978030254
2024-11-01,2024-11-08,M3_Deep,xattn,m3_deep_xattn,M3_Deep_XAttn,42,73.63,74.04,73.44673380477477,0.0055529363246714,-0.0024921180302888424
2024-11-08,2024-11-15,M3_Deep,xattn,m3_deep_xattn,M3_Deep_XAttn,42,74.04,73.45,74.28033092708974,-0.0080005850854105,0.0032407038997328136
2024-11-15,2024-11-22,M3_Deep,xattn,m3_deep_xattn,M3_Deep_XAttn,42,73.45,76.1,74.03577222138256,0.0354433622477538,0.007943482177146965
2024-11-22,2024-11-29,M3_Deep,xattn,m3_deep_xattn,M3_Deep_XAttn,42,76.1,74.16,76.15617167102037,-0.0258233436100404,0.0007378574274182481
2024-11-29,2024-12-06,M3_Deep,xattn,m3_deep_xattn,M3_Deep_XAttn,42,74.16,73.78,73.63405105149447,-0.00513722908907,-0.007117352356180023
2024-12-06,2024-12-13,M3_Deep,xattn,m3_deep_xattn,M3_Deep_XAttn,42,73.78,74.89,73.75719191724015,0.014932678092746,-0.00030918418122447
2024-12-13,2024-12-20,M3_Deep,xattn,m3_deep_xattn,M3_Deep_XAttn,42,74.89,73.19,75.27048709465761,-0.0229615706481399,0.005067750062985432
2024-12-20,2024-12-27,M3_Deep,xattn,m3_deep_xattn,M3_Deep_XAttn,42,73.19,73.77,73.22289183058196,0.0078933452830751,0.00044930239030241403
2024-12-27,2025-01-03,M3_Deep,xattn,m3_deep_xattn,M3_Deep_XAttn,42,73.77,76.72,74.32313171784553,0.0392102856789718,0.0074700870133652675
2025-01-03,2025-01-10,M3_Deep,xattn,m3_deep_xattn,M3_Deep_XAttn,42,76.72,79.76,76.95590439494528,0.0388596950784002,0.0030701570447791704
2025-01-10,2025-01-17,M3_Deep,xattn,m3_deep_xattn,M3_Deep_XAttn,42,79.76,83.02,80.64261400478367,0.0400594169713096,0.011005093878021288
2025-01-17,2025-01-24,M3_Deep,xattn,m3_deep_xattn,M3_Deep_XAttn,42,83.02,78.71,81.13919374171464,-0.0533113304705338,-0.022915421527527347
2025-01-24,2025-01-31,M3_Deep,xattn,m3_deep_xattn,M3_Deep_XAttn,42,78.71,77.11,78.20910501673154,-0.0205372383094894,-0.006384138941801343
2025-01-31,2025-02-07,M3_Deep,xattn,m3_deep_xattn,M3_Deep_XAttn,42,77.11,74.68,76.25153969174242,-0.0320206551713473,-0.011195365882628483
2025-02-07,2025-02-14,M3_Deep,xattn,m3_deep_xattn,M3_Deep_XAttn,42,74.68,75.19,74.25283165089334,0.0068059247164134,-0.0057364050055306315
2025-02-14,2025-02-21,M3_Deep,xattn,m3_deep_xattn,M3_Deep_XAttn,42,75.19,74.88,75.19207883681266,-0.0041314112205989,2.7647400925312482e-05
2025-02-21,2025-02-28,M3_Deep,xattn,m3_deep_xattn,M3_Deep_XAttn,42,74.88,74.76,73.64327660243613,-0.0016038495819744,-0.016653981921484373
2025-02-28,2025-03-07,M3_Deep,xattn,m3_deep_xattn,M3_Deep_XAttn,42,74.76,72.49,74.29934267699404,-0.0308343612745757,-0.006180877780386229
2025-03-07,2025-03-14,M3_Deep,xattn,m3_deep_xattn,M3_Deep_XAttn,42,72.49,71.94,71.65835202240025,-0.0076161830453085,-0.01153890687596526
2025-03-14,2025-03-21,M3_Deep,xattn,m3_deep_xattn,M3_Deep_XAttn,42,71.94,72.64,71.96635208246714,0.0096832960255601,0.0003662393269006081
2025-03-21,2025-03-28,M3_Deep,xattn,m3_deep_xattn,M3_Deep_XAttn,42,72.64,74.69,72.31051445155718,0.0278304800759373,-0.004546187602966878
2025-03-28,2025-04-04,M3_Deep,xattn,m3_deep_xattn,M3_Deep_XAttn,42,74.69,68.36,73.66739606535427,-0.0885583561215851,-0.013785900228699521
2025-04-04,2025-04-11,M3_Deep,xattn,m3_deep_xattn,M3_Deep_XAttn,42,68.36,66.83,67.53898559350252,-0.0226357767244114,-0.012082862746815248
2025-04-11,2025-04-18,M3_Deep,xattn,m3_deep_xattn,M3_Deep_XAttn,42,66.83,69.33,67.2987491263628,0.0367256314314203,0.0069895684224723365
2025-04-18,2025-04-25,M3_Deep,xattn,m3_deep_xattn,M3_Deep_XAttn,42,69.33,66.99,68.82954620651753,-0.0343343584342229,-0.007244609526523393
2025-04-25,2025-05-02,M3_Deep,xattn,m3_deep_xattn,M3_Deep_XAttn,42,66.99,61.57,67.13081698555862,-0.0843686155970573,0.0020998535569138055
2025-05-02,2025-05-09,M3_Deep,xattn,m3_deep_xattn,M3_Deep_XAttn,42,61.57,64.26,61.80493698963132,0.0427626147645937,0.00380850891337825
2025-05-09,2025-05-16,M3_Deep,xattn,m3_deep_xattn,M3_Deep_XAttn,42,64.26,65.2,64.86488458291386,0.0145221152448948,0.009369053990642584
2025-05-16,2025-05-23,M3_Deep,xattn,m3_deep_xattn,M3_Deep_XAttn,42,65.2,65.41,66.21692418580352,0.003215683040514,0.015476613690388552
2025-05-23,2025-05-30,M3_Deep,xattn,m3_deep_xattn,M3_Deep_XAttn,42,65.41,64.32,65.41421774985012,-0.0168045271024105,6.447964947348117e-05
2025-05-30,2025-06-06,M3_Deep,xattn,m3_deep_xattn,M3_Deep_XAttn,42,64.32,68.02,64.69086197419317,0.0559311547083385,0.005749329786364998
2025-06-06,2025-06-13,M3_Deep,xattn,m3_deep_xattn,M3_Deep_XAttn,42,68.02,76.0,68.85792873660067,0.1109315607072818,0.012243598538254408
2025-06-13,2025-06-20,M3_Deep,xattn,m3_deep_xattn,M3_Deep_XAttn,42,76.0,78.73,76.03285327434722,0.0352909369100447,0.00043218651957177556
2025-06-20,2025-06-27,M3_Deep,xattn,m3_deep_xattn,M3_Deep_XAttn,42,78.73,69.37,79.05043434785212,-0.1265697797991659,0.004061781040494594
2025-06-27,2025-07-04,M3_Deep,xattn,m3_deep_xattn,M3_Deep_XAttn,42,69.37,71.03,70.1468977704983,0.0236478256125086,0.011137085372238342
2025-07-04,2025-07-11,M3_Deep,xattn,m3_deep_xattn,M3_Deep_XAttn,42,71.03,72.06,71.87306624934615,0.0143967823102286,0.01179927138894421
2025-07-11,2025-07-18,M3_Deep,xattn,m3_deep_xattn,M3_Deep_XAttn,42,72.06,71.06,72.3212911445064,-0.0139745147270661,0.003619463819573926
2025-07-18,2025-07-25,M3_Deep,xattn,m3_deep_xattn,M3_Deep_XAttn,42,71.06,69.23,71.68259462375094,-0.0260902959029469,0.008723374736640865
2025-07-25,2025-08-01,M3_Deep,xattn,m3_deep_xattn,M3_Deep_XAttn,42,69.23,70.55,69.48748228233003,0.0188873836088888,0.003712330613259096
2025-08-01,2025-08-08,M3_Deep,xattn,m3_deep_xattn,M3_Deep_XAttn,42,70.55,67.17,70.18004034169697,-0.0490949590200498,-0.005257733312101498
2025-08-08,2025-08-15,M3_Deep,xattn,m3_deep_xattn,M3_Deep_XAttn,42,67.17,67.3,67.29165137462569,0.001933517371909,0.001809458779867823
2025-08-15,2025-08-22,M3_Deep,xattn,m3_deep_xattn,M3_Deep_XAttn,42,67.3,68.29,67.98895707878097,0.0146031063223159,0.010185059437502808
2025-08-22,2025-08-29,M3_Deep,xattn,m3_deep_xattn,M3_Deep_XAttn,42,68.29,67.83,68.48919920467182,-0.0067587680150098,0.0029127140188318634
2025-08-29,2025-09-05,M3_Deep,xattn,m3_deep_xattn,M3_Deep_XAttn,42,67.83,64.92,67.66513254270309,-0.0438488323115976,-0.0024335566240321627
2025-09-05,2025-09-12,M3_Deep,xattn,m3_deep_xattn,M3_Deep_XAttn,42,64.92,67.87,64.32243262218464,0.0444383680692765,-0.009247297872318816
2025-09-12,2025-09-19,M3_Deep,xattn,m3_deep_xattn,M3_Deep_XAttn,42,67.87,67.05,67.78771266579223,-0.0121555009879795,-0.001213161311406863
2025-09-19,2025-09-26,M3_Deep,xattn,m3_deep_xattn,M3_Deep_XAttn,42,67.05,71.15,66.84223343413593,0.0593517148081739,-0.003103491924760393
2025-09-26,2025-10-03,M3_Deep,xattn,m3_deep_xattn,M3_Deep_XAttn,42,71.15,66.13,70.54451019398964,-0.0731678228492905,-0.008546463666016857
2025-10-03,2025-10-10,M3_Deep,xattn,m3_deep_xattn,M3_Deep_XAttn,42,66.13,64.41,66.37356619893951,-0.0263536011277715,0.0036763761196472178
2025-10-10,2025-10-17,M3_Deep,xattn,m3_deep_xattn,M3_Deep_XAttn,42,64.41,61.23,63.96260317189208,-0.0506316350689361,-0.006970313422955565
2025-10-17,2025-10-24,M3_Deep,xattn,m3_deep_xattn,M3_Deep_XAttn,42,61.23,65.8,61.24888903711044,0.0719825728414084,0.00030844560084913875
2025-10-24,2025-10-31,M3_Deep,xattn,m3_deep_xattn,M3_Deep_XAttn,42,65.8,65.44,65.80471619851781,-0.0054861460367799,7.167218099879413e-05
2025-10-31,2025-11-07,M3_Deep,xattn,m3_deep_xattn,M3_Deep_XAttn,42,65.44,63.72,65.22754583277597,-0.0266352072526438,-0.0032518304845262636
2025-11-07,2025-11-14,M3_Deep,xattn,m3_deep_xattn,M3_Deep_XAttn,42,63.72,63.45,63.99739986647242,-0.004246290881451,0.004343970406153308
2025-11-14,2025-11-21,M3_Deep,xattn,m3_deep_xattn,M3_Deep_XAttn,42,63.45,62.78,63.57081123421104,-0.0106156427465891,0.001902227980855986
2025-11-21,2025-11-28,M3_Deep,xattn,m3_deep_xattn,M3_Deep_XAttn,42,62.78,64.07,61.83927115410354,0.0203396842371225,-0.015097933198541025
2025-11-28,2025-12-05,M3_Deep,xattn,m3_deep_xattn,M3_Deep_XAttn,42,64.07,64.42,63.576017494953064,0.0054479082521227,-0.007739919831369124
2025-12-05,2025-12-12,M3_Deep,xattn,m3_deep_xattn,M3_Deep_XAttn,42,64.42,62.11,64.45001632926535,-0.0365171373318411,0.00046583884542183984
2025-12-12,2025-12-19,M3_Deep,xattn,m3_deep_xattn,M3_Deep_XAttn,42,62.11,61.35,61.74524312165179,-0.0123118354142911,-0.005890068497609424
2025-12-19,2025-12-26,M3_Deep,xattn,m3_deep_xattn,M3_Deep_XAttn,42,61.35,63.7,60.88027163298836,0.0375893914211972,-0.007685995836368198
2021-01-22,2021-01-29,M2_Deep,concat,m2_deep_concat,M2_Deep_Concat,42,55.22,55.25,54.680203569898154,0.0005431338958538,-0.009823471721621346
2021-01-29,2021-02-05,M2_Deep,concat,m2_deep_concat,M2_Deep_Concat,42,55.25,59.48,52.990526506086034,0.0737717811940921,-0.04175518799074984
2021-02-05,2021-02-12,M2_Deep,concat,m2_deep_concat,M2_Deep_Concat,42,59.48,62.47,57.723295562684676,0.0490463199135243,-0.029979293635572724
2021-02-12,2021-02-19,M2_Deep,concat,m2_deep_concat,M2_Deep_Concat,42,62.47,62.84,61.07829292727508,0.005905371881942,-0.022529909691067163
2021-02-19,2021-02-26,M2_Deep,concat,m2_deep_concat,M2_Deep_Concat,42,62.84,65.86,59.65191428699789,0.0469394635607977,-0.052065573371879115
2021-02-26,2021-03-05,M2_Deep,concat,m2_deep_concat,M2_Deep_Concat,42,65.86,69.95,64.08110113909657,0.060249424163272,-0.027381790517143845
2021-03-05,2021-03-12,M2_Deep,concat,m2_deep_concat,M2_Deep_Concat,42,69.95,68.87,68.77526230494287,-0.0155600315548833,-0.016936580350395358
2021-03-12,2021-03-19,M2_Deep,concat,m2_deep_concat,M2_Deep_Concat,42,68.87,64.0,69.2705712346267,-0.073337586196935,0.00579948893772142
2021-03-19,2021-03-26,M2_Deep,concat,m2_deep_concat,M2_Deep_Concat,42,64.0,63.77,63.33410635181696,-0.0036002230324915,-0.010459094386777945
2021-03-26,2021-04-02,M2_Deep,concat,m2_deep_concat,M2_Deep_Concat,42,63.77,63.85,62.707863111789216,0.0012537221513679,-0.016796012069804855
2021-04-02,2021-04-09,M2_Deep,concat,m2_deep_concat,M2_Deep_Concat,42,63.85,61.89,61.55284244836691,-0.0311779667272782,-0.03664054978740028
2021-04-09,2021-04-16,M2_Deep,concat,m2_deep_concat,M2_Deep_Concat,42,61.89,65.98,60.2103278218358,0.0639930500491652,-0.02751471964871599
2021-04-16,2021-04-23,M2_Deep,concat,m2_deep_concat,M2_Deep_Concat,42,65.98,65.75,65.28836610380287,-0.0034919947425615,-0.010537806128647298
2021-04-23,2021-04-30,M2_Deep,concat,m2_deep_concat,M2_Deep_Concat,42,65.75,67.73,65.85374670217134,0.0296695421689385,0.001576653040092496
2021-04-30,2021-05-07,M2_Deep,concat,m2_deep_concat,M2_Deep_Concat,42,67.73,68.73,67.8590392711274,0.0146565719067016,0.0019033885154575436
2021-05-07,2021-05-14,M2_Deep,concat,m2_deep_concat,M2_Deep_Concat,42,68.73,69.24,68.77530384269356,0.0073929451744944,0.0006589395909358114
2021-05-14,2021-05-21,M2_Deep,concat,m2_deep_concat,M2_Deep_Concat,42,69.24,66.72,69.43351976814779,-0.037073972257517,0.002791014378145912
2021-05-21,2021-05-28,M2_Deep,concat,m2_deep_concat,M2_Deep_Concat,42,66.72,69.36,66.84429595470674,0.038805574421795,0.0018612158241791132
2021-05-28,2021-06-04,M2_Deep,concat,m2_deep_concat,M2_Deep_Concat,42,69.36,71.3,69.48757686386645,0.0275859949479638,0.0018376539605510223
2021-06-04,2021-06-11,M2_Deep,concat,m2_deep_concat,M2_Deep_Concat,42,71.3,72.05,71.57234166190085,0.0104639950252809,0.0038123822790316064
2021-06-11,2021-06-18,M2_Deep,concat,m2_deep_concat,M2_Deep_Concat,42,72.05,73.1,72.21057963532456,0.0144680443102017,0.0022262450636497677
2021-06-18,2021-06-25,M2_Deep,concat,m2_deep_concat,M2_Deep_Concat,42,73.1,76.45,73.12537463942652,0.0448085656193386,0.0003470620573727892
2021-06-25,2021-07-02,M2_Deep,concat,m2_deep_concat,M2_Deep_Concat,42,76.45,77.51,76.63597347675692,0.0137700279183487,0.002429661764832669
2021-07-02,2021-07-09,M2_Deep,concat,m2_deep_concat,M2_Deep_Concat,42,77.51,77.14,77.69716470840412,-0.0047850075133383,0.002411806175067255
2021-07-09,2021-07-16,M2_Deep,concat,m2_deep_concat,M2_Deep_Concat,42,77.14,74.46,77.38514121870152,-0.0353598843355109,0.003172835467663282
2021-07-16,2021-07-23,M2_Deep,concat,m2_deep_concat,M2_Deep_Concat,42,74.46,74.86,74.56618483758275,0.0053576340317122,0.0014250496403461488
2021-07-23,2021-07-30,M2_Deep,concat,m2_deep_concat,M2_Deep_Concat,42,74.86,77.72,75.14100462914163,0.0374929220329564,0.0037467076778669867
2021-07-30,2021-08-06,M2_Deep,concat,m2_deep_concat,M2_Deep_Concat,42,77.72,71.02,77.94013583542458,-0.0901510969942975,0.002828418220238535
2021-08-06,2021-08-13,M2_Deep,concat,m2_deep_concat,M2_Deep_Concat,42,71.02,70.9,71.17746762239267,-0.0016910939768598,0.002214774839432415
2021-08-13,2021-08-20,M2_Deep,concat,m2_deep_concat,M2_Deep_Concat,42,70.9,65.51,71.10205014170936,-0.0790676307942968,0.0028457374786012984
2021-08-20,2021-08-27,M2_Deep,concat,m2_deep_concat,M2_Deep_Concat,42,65.51,72.26,65.59018254942595,0.0980679229757092,0.0012232257478920205
2021-08-27,2021-09-03,M2_Deep,concat,m2_deep_concat,M2_Deep_Concat,42,72.26,73.07,72.48464421022516,0.0111471600836321,0.003104009710606051
2021-09-03,2021-09-10,M2_Deep,concat,m2_deep_concat,M2_Deep_Concat,42,73.07,72.44,73.30462834518045,-0.0086592527879137,0.003205863595126715
2021-09-10,2021-09-17,M2_Deep,concat,m2_deep_concat,M2_Deep_Concat,42,72.44,74.64,72.71287943626206,0.0299179235238758,0.0037598945166242154
2021-09-17,2021-09-24,M2_Deep,concat,m2_deep_concat,M2_Deep_Concat,42,74.64,77.42,74.95023937458116,0.0365685886104137,0.004147861794693952
2021-09-24,2021-10-01,M2_Deep,concat,m2_deep_concat,M2_Deep_Concat,42,77.42,79.4,77.67190777360855,0.0252532231035881,0.0032484995349062323
2021-10-01,2021-10-08,M2_Deep,concat,m2_deep_concat,M2_Deep_Concat,42,79.4,82.17,79.68020427798146,0.0342919036900064,0.003522808749653397
2021-10-08,2021-10-15,M2_Deep,concat,m2_deep_concat,M2_Deep_Concat,42,82.17,84.67,82.45990081843638,0.0299710757110894,0.0035218525509949222
2021-10-15,2021-10-22,M2_Deep,concat,m2_deep_concat,M2_Deep_Concat,42,84.67,85.43,85.04984194313329,0.0089359795093414,0.004476112786584607
2021-10-22,2021-10-29,M2_Deep,concat,m2_deep_concat,M2_Deep_Concat,42,85.43,83.1,85.87462951857229,-0.0276526253021248,0.005191109175470665
2021-10-29,2021-11-05,M2_Deep,concat,m2_deep_concat,M2_Deep_Concat,42,83.1,82.43,83.49741198256007,-0.0080952535362662,0.004770935294239165
2021-11-05,2021-11-12,M2_Deep,concat,m2_deep_concat,M2_Deep_Concat,42,82.43,82.9,82.77531503756414,0.0056856138161131,0.004180441051570047
2021-11-12,2021-11-19,M2_Deep,concat,m2_deep_concat,M2_Deep_Concat,42,82.9,80.24,83.15203075318088,-0.0326129184875693,0.003035565967717091
2021-11-19,2021-11-26,M2_Deep,concat,m2_deep_concat,M2_Deep_Concat,42,80.24,72.37,80.48019343697104,-0.1032302947756436,0.0029889662357532737
2021-11-26,2021-12-03,M2_Deep,concat,m2_deep_concat,M2_Deep_Concat,42,72.37,70.71,72.57279754747417,-0.023204843261887,0.002798313310360026
2021-12-03,2021-12-10,M2_Deep,concat,m2_deep_concat,M2_Deep_Concat,42,70.71,74.98,70.87324487955546,0.0586344056916167,0.0023059925209878845
2021-12-10,2021-12-17,M2_Deep,concat,m2_deep_concat,M2_Deep_Concat,42,74.98,72.97,75.22230617002901,-0.0271730135302372,0.003226400265098392
2021-12-17,2021-12-24,M2_Deep,concat,m2_deep_concat,M2_Deep_Concat,42,72.97,75.24,73.20132865246984,0.0306346066553009,0.0031651740150351743
2021-12-24,2021-12-31,M2_Deep,concat,m2_deep_concat,M2_Deep_Concat,42,75.24,77.24,75.54306132916913,0.0262344531274841,0.004019837965847137
2021-12-31,2022-01-07,M2_Deep,concat,m2_deep_concat,M2_Deep_Concat,42,77.24,82.28,77.47815911717234,0.0632106072244427,0.003078621237939505
2022-01-07,2022-01-14,M2_Deep,concat,m2_deep_concat,M2_Deep_Concat,42,82.28,87.17,82.51110965537438,0.0577321702387283,0.0028048819790862656
2022-01-14,2022-01-21,M2_Deep,concat,m2_deep_concat,M2_Deep_Concat,42,87.17,89.75,87.47705221413342,0.0291677923449035,0.0035162635339050924
2022-01-21,2022-01-28,M2_Deep,concat,m2_deep_concat,M2_Deep_Concat,42,89.75,91.47,89.81223793312257,0.0189830222998847,0.0006932185333770602
2022-01-28,2022-02-04,M2_Deep,concat,m2_deep_concat,M2_Deep_Concat,42,91.47,96.86,91.40441508994691,0.0572555873068098,-0.0007172672331734464
2022-02-04,2022-02-11,M2_Deep,concat,m2_deep_concat,M2_Deep_Concat,42,96.86,97.5,96.89629041957588,0.0065857410287184,0.0003745986251250111
2022-02-11,2022-02-18,M2_Deep,concat,m2_deep_concat,M2_Deep_Concat,42,97.5,96.18,97.48504710378012,-0.0136309421542848,-0.0001533747994658663
2022-02-18,2022-02-25,M2_Deep,concat,m2_deep_concat,M2_Deep_Concat,42,96.18,98.56,96.15963676512885,0.024444063935693,-0.0002117424706599147
2022-02-25,2022-03-04,M2_Deep,concat,m2_deep_concat,M2_Deep_Concat,42,98.56,123.86,98.47049105253485,0.2284863957247052,-0.0009085797141811236
2022-03-04,2022-03-11,M2_Deep,concat,m2_deep_concat,M2_Deep_Concat,42,123.86,118.11,123.74052188079649,-0.047535501886159,-0.0009650878565955479
2022-03-11,2022-03-18,M2_Deep,concat,m2_deep_concat,M2_Deep_Concat,42,118.11,114.32,118.1263867956165,-0.0326148600021439,0.00013873218994808756
2022-03-18,2022-03-25,M2_Deep,concat,m2_deep_concat,M2_Deep_Concat,42,114.32,122.67,114.4061682116215,0.0704962894230488,0.0007534618043203711
2022-03-25,2022-04-01,M2_Deep,concat,m2_deep_concat,M2_Deep_Concat,42,122.67,106.13,122.59883964132223,-0.1448330652709296,-0.0005802641768803962
2022-04-01,2022-04-08,M2_Deep,concat,m2_deep_concat,M2_Deep_Concat,42,106.13,101.26,106.20945737660179,-0.0469732912319679,0.0007483995795425635
2022-04-08,2022-04-15,M2_Deep,concat,m2_deep_concat,M2_Deep_Concat,42,101.26,110.83,101.26193973627461,0.0903060292457984,1.915581370781627e-05
2022-04-15,2022-04-22,M2_Deep,concat,m2_deep_concat,M2_Deep_Concat,42,110.83,105.15,110.99133421366979,-0.0526095936388528,0.0014546323300209107
2022-04-22,2022-04-29,M2_Deep,concat,m2_deep_concat,M2_Deep_Concat,42,105.15,108.36,105.41014196125907,0.0300711150681855,0.0024709528707224093
2022-04-29,2022-05-06,M2_Deep,concat,m2_deep_concat,M2_Deep_Concat,42,108.36,113.86,108.53916413201524,0.0495106063060414,0.0016520503754006433
2022-05-06,2022-05-13,M2_Deep,concat,m2_deep_concat,M2_Deep_Concat,42,113.86,112.12,114.257672650129,-0.0153998972263482,0.0034865606715593633
2022-05-13,2022-05-20,M2_Deep,concat,m2_deep_concat,M2_Deep_Concat,42,112.12,113.63,112.49173156808374,0.01337782963333,0.0033099954742486226
2022-05-20,2022-05-27,M2_Deep,concat,m2_deep_concat,M2_Deep_Concat,42,113.63,121.19,114.06467310709608,0.0644120060504783,0.0038180395632365915
2022-05-27,2022-06-03,M2_Deep,concat,m2_deep_concat,M2_Deep_Concat,42,121.19,125.68,121.59381555714023,0.0363794319669697,0.003326547353215914
2022-06-03,2022-06-10,M2_Deep,concat,m2_deep_concat,M2_Deep_Concat,42,125.68,127.44,126.13812036222104,0.0139066716544272,0.003638505973857481
2022-06-10,2022-06-17,M2_Deep,concat,m2_deep_concat,M2_Deep_Concat,42,127.44,119.22,127.82627864870845,-0.0666751398100125,0.0030264784334134154
2022-06-17,2022-06-24,M2_Deep,concat,m2_deep_concat,M2_Deep_Concat,42,119.22,117.36,119.49729410319232,-0.0157243919570542,0.0023232018354869405
2022-06-24,2022-07-01,M2_Deep,concat,m2_deep_concat,M2_Deep_Concat,42,117.36,119.21,117.58814430790923,0.0156405098951838,0.0019420828395019796
2022-07-01,2022-07-08,M2_Deep,concat,m2_deep_concat,M2_Deep_Concat,42,119.21,113.95,119.61899292926967,-0.0451268880382168,0.00342498893507473
2022-07-08,2022-07-15,M2_Deep,concat,m2_deep_concat,M2_Deep_Concat,42,113.95,112.26,114.16106176753962,-0.0149421461776399,0.0018505181303746787
2022-07-15,2022-07-22,M2_Deep,concat,m2_deep_concat,M2_Deep_Concat,42,112.26,106.77,112.47054902599882,-0.0501406213238422,0.0018737914228050823
2022-07-22,2022-07-29,M2_Deep,concat,m2_deep_concat,M2_Deep_Concat,42,106.77,111.51,107.16262321711002,0.0434372847870595,0.0036705356295630986
2022-07-29,2022-08-05,M2_Deep,concat,m2_deep_concat,M2_Deep_Concat,42,111.51,100.31,111.96586448384733,-0.1058488820818767,0.0040797704683153135
2022-08-05,2022-08-12,M2_Deep,concat,m2_deep_concat,M2_Deep_Concat,42,100.31,103.7,100.64699886916623,0.0332367243400878,0.0033539432512336154
2022-08-12,2022-08-19,M2_Deep,concat,m2_deep_concat,M2_Deep_Concat,42,103.7,96.45,104.1424777880398,-0.0724773758837435,0.00425782507237904
2022-08-19,2022-08-26,M2_Deep,concat,m2_deep_concat,M2_Deep_Concat,42,96.45,101.13,96.95824882949063,0.0473820785623409,0.005255722054215761
2022-08-26,2022-09-02,M2_Deep,concat,m2_deep_concat,M2_Deep_Concat,42,101.13,93.09,101.54668660429509,-0.0828400507856804,0.004111841360358248
2022-09-02,2022-09-09,M2_Deep,concat,m2_deep_concat,M2_Deep_Concat,42,93.09,91.68,93.45841042606887,-0.015262514161969,0.0039497619323571875
2022-09-09,2022-09-16,M2_Deep,concat,m2_deep_concat,M2_Deep_Concat,42,91.68,89.43,92.12160929644179,-0.0248480566083396,0.004805291399701206
2022-09-16,2022-09-23,M2_Deep,concat,m2_deep_concat,M2_Deep_Concat,42,89.43,84.29,89.81147821764046,-0.0591929623486989,0.00425659057736083
2022-09-23,2022-09-30,M2_Deep,concat,m2_deep_concat,M2_Deep_Concat,42,84.29,88.9,84.65827226726618,0.0532489085104681,0.004359592976089788
2022-09-30,2022-10-07,M2_Deep,concat,m2_deep_concat,M2_Deep_Concat,42,88.9,98.88,89.24222129361118,0.1063948511895216,0.0038421179674476003
2022-10-07,2022-10-14,M2_Deep,concat,m2_deep_concat,M2_Deep_Concat,42,98.88,92.22,99.44944780873803,-0.0697299669308211,0.005742459124084887
2022-10-14,2022-10-21,M2_Deep,concat,m2_deep_concat,M2_Deep_Concat,42,92.22,91.82,92.69883553756785,-0.0043468879574835,0.005178884091567193
2022-10-21,2022-10-28,M2_Deep,concat,m2_deep_concat,M2_Deep_Concat,42,91.82,94.64,92.36345101788946,0.0302500808490554,0.005901209820888598
2022-10-28,2022-11-04,M2_Deep,concat,m2_deep_concat,M2_Deep_Concat,42,94.64,99.53,95.25943515197531,0.0503788865878407,0.0065238461445382145
2022-11-04,2022-11-11,M2_Deep,concat,m2_deep_concat,M2_Deep_Concat,42,99.53,96.37,100.12613337199058,-0.032264156394776,0.005971618636928022
2022-11-11,2022-11-18,M2_Deep,concat,m2_deep_concat,M2_Deep_Concat,42,96.37,88.93,96.83606339811158,-0.0803454064516473,0.004824530803283267
2022-11-18,2022-11-25,M2_Deep,concat,m2_deep_concat,M2_Deep_Concat,42,88.93,83.4,89.33163514599262,-0.0642012340468476,0.004506138690730188
2022-11-25,2022-12-02,M2_Deep,concat,m2_deep_concat,M2_Deep_Concat,42,83.4,86.54,83.66054109489977,0.0369584254320376,0.0031191244135149315
2022-12-02,2022-12-09,M2_Deep,concat,m2_deep_concat,M2_Deep_Concat,42,86.54,76.37,86.90605159351297,-0.125016785896446,0.004220933640436561
2022-12-09,2022-12-16,M2_Deep,concat,m2_deep_concat,M2_Deep_Concat,42,76.37,80.2,76.53451777455886,0.0489335659721759,0.0021519029056718403
2022-12-16,2022-12-23,M2_Deep,concat,m2_deep_concat,M2_Deep_Concat,42,80.2,82.45,80.35981219957698,0.027668534133139,0.0019906880826961043
2022-12-23,2022-12-30,M2_Deep,concat,m2_deep_concat,M2_Deep_Concat,42,82.45,82.82,82.66555961704807,0.0044775291118132,0.0026110166723374573
2022-12-30,2023-01-06,M2_Deep,concat,m2_deep_concat,M2_Deep_Concat,42,82.82,76.41,82.95632367541425,-0.0805560004579458,0.0016446703982907832
2023-01-06,2023-01-13,M2_Deep,concat,m2_deep_concat,M2_Deep_Concat,42,76.41,83.43,76.62291932415921,0.087894379254508,0.0027826622205132656
2023-01-13,2023-01-20,M2_Deep,concat,m2_deep_concat,M2_Deep_Concat,42,83.43,86.96,83.6870674096026,0.0414402858989706,0.0030764974080225715
2023-01-20,2023-01-27,M2_Deep,concat,m2_deep_concat,M2_Deep_Concat,42,86.96,85.36,86.59057236408803,-0.018570635819456,-0.0042572973267240855
2023-01-27,2023-02-03,M2_Deep,concat,m2_deep_concat,M2_Deep_Concat,42,85.36,78.85,85.06615320098298,-0.0793302935844505,-0.0034483802477911496
2023-02-03,2023-02-10,M2_Deep,concat,m2_deep_concat,M2_Deep_Concat,42,78.85,85.46,78.63475967131882,0.0805011168068314,-0.0027334767269096005
2023-02-10,2023-02-17,M2_Deep,concat,m2_deep_concat,M2_Deep_Concat,42,85.46,81.97,85.21243498843089,-0.0416951035509395,-0.0029010564619191825
2023-02-17,2023-02-24,M2_Deep,concat,m2_deep_concat,M2_Deep_Concat,42,81.97,82.31,81.78583584921671,0.0041392803196134,-0.0022492539269940437
2023-02-24,2023-03-03,M2_Deep,concat,m2_deep_concat,M2_Deep_Concat,42,82.31,85.74,81.96398943025663,0.0408268541852784,-0.004212609465898964
2023-03-03,2023-03-10,M2_Deep,concat,m2_deep_concat,M2_Deep_Concat,42,85.74,82.3,85.53881391452411,-0.0409483534868068,-0.002349224324996513
2023-03-10,2023-03-17,M2_Deep,concat,m2_deep_concat,M2_Deep_Concat,42,82.3,71.03,82.36422609656552,-0.1472687846733054,0.0007800856487776286
2023-03-17,2023-03-24,M2_Deep,concat,m2_deep_concat,M2_Deep_Concat,42,71.03,73.63,70.65938862925736,0.0359502283709067,-0.005231333405177452
2023-03-24,2023-03-31,M2_Deep,concat,m2_deep_concat,M2_Deep_Concat,42,73.63,79.19,73.22245944324044,0.0727974768416957,-0.005550354478820907
2023-03-31,2023-04-07,M2_Deep,concat,m2_deep_concat,M2_Deep_Concat,42,79.19,86.56,78.86582647663417,0.0889877868758503,-0.004102018700006482
2023-04-07,2023-04-14,M2_Deep,concat,m2_deep_concat,M2_Deep_Concat,42,86.56,87.31,86.08678330832394,0.0086271887245447,-0.005481919415789349
2023-04-14,2023-04-21,M2_Deep,concat,m2_deep_concat,M2_Deep_Concat,42,87.31,83.36,87.09462348430888,-0.0462964258176594,-0.002469849948632863
2023-04-21,2023-04-28,M2_Deep,concat,m2_deep_concat,M2_Deep_Concat,42,83.36,81.32,84.82384843640082,-0.0247765892449109,0.017408156815948317
2023-04-28,2023-05-05,M2_Deep,concat,m2_deep_concat,M2_Deep_Concat,42,81.32,75.85,80.86742787193126,-0.0696342829656046,-0.0055808678719500016
2023-05-05,2023-05-12,M2_Deep,concat,m2_deep_concat,M2_Deep_Concat,42,75.85,74.54,74.30135426863818,-0.0174218117434287,-0.02062852720277686
2023-05-12,2023-05-19,M2_Deep,concat,m2_deep_concat,M2_Deep_Concat,42,74.54,75.42,74.30961754138762,0.0117365977790986,-0.0030955086936924614
2023-05-19,2023-05-26,M2_Deep,concat,m2_deep_concat,M2_Deep_Concat,42,75.42,76.33,76.8031269388302,0.0119935539801678,0.018172862843919724
2023-05-26,2023-06-02,M2_Deep,concat,m2_deep_concat,M2_Deep_Concat,42,76.33,76.0,78.37925606116507,-0.0043327055240478,0.026493255479025812
2023-06-02,2023-06-09,M2_Deep,concat,m2_deep_concat,M2_Deep_Concat,42,76.0,74.74,76.90799218536338,-0.0167179162289933,0.011876460413562273
2023-06-09,2023-06-16,M2_Deep,concat,m2_deep_concat,M2_Deep_Concat,42,74.74,76.76,75.77163897621462,0.0266682470821614,0.013708642590557929
2023-06-16,2023-06-23,M2_Deep,concat,m2_deep_concat,M2_Deep_Concat,42,76.76,73.56,76.86126009683365,-0.0425822714033789,0.0013183085653004356
2023-06-23,2023-06-30,M2_Deep,concat,m2_deep_concat,M2_Deep_Concat,42,73.56,74.51,74.86821897731014,0.0128319448295158,0.017628088021447885
2023-06-30,2023-07-07,M2_Deep,concat,m2_deep_concat,M2_Deep_Concat,42,74.51,78.77,74.48071996924921,0.0555988691495966,-0.0003930450317143619
2023-07-07,2023-07-14,M2_Deep,concat,m2_deep_concat,M2_Deep_Concat,42,78.77,79.9,78.04081357197666,0.0142436390569961,-0.009300272950892419
2023-07-14,2023-07-21,M2_Deep,concat,m2_deep_concat,M2_Deep_Concat,42,79.9,81.06,77.6026858244177,0.0144137684279334,-0.02917381504260419
2023-07-21,2023-07-28,M2_Deep,concat,m2_deep_concat,M2_Deep_Concat,42,81.06,84.49,80.6746848334465,0.0414435629645908,-0.004764789889581844
2023-07-28,2023-08-04,M2_Deep,concat,m2_deep_concat,M2_Deep_Concat,42,84.49,87.38,84.15153105918179,0.0336332393585364,-0.004014069288442168
2023-08-04,2023-08-11,M2_Deep,concat,m2_deep_concat,M2_Deep_Concat,42,87.38,87.93,87.02999089830735,0.0062746198676211,-0.004013641302967441
2023-08-11,2023-08-18,M2_Deep,concat,m2_deep_concat,M2_Deep_Concat,42,87.93,85.92,87.74427470535358,-0.0231244126303562,-0.002114428696553483
2023-08-18,2023-08-25,M2_Deep,concat,m2_deep_concat,M2_Deep_Concat,42,85.92,85.42,85.6159396083034,-0.0058363653472341,-0.003545154570482323
2023-08-25,2023-09-01,M2_Deep,concat,m2_deep_concat,M2_Deep_Concat,42,85.42,89.98,85.07407070161521,0.0520071579997058,-0.004057968369992726
2023-09-01,2023-09-08,M2_Deep,concat,m2_deep_concat,M2_Deep_Concat,42,89.98,91.85,89.66536308162497,0.0205693882481082,-0.003502870708118
2023-09-08,2023-09-15,M2_Deep,concat,m2_deep_concat,M2_Deep_Concat,42,91.85,95.55,91.81210184913584,0.0394928590251474,-0.00041269430133356044
2023-09-15,2023-09-22,M2_Deep,concat,m2_deep_concat,M2_Deep_Concat,42,95.55,93.99,95.28231268810863,-0.0164612770540719,-0.002805473388590052
2023-09-22,2023-09-29,M2_Deep,concat,m2_deep_concat,M2_Deep_Concat,42,93.99,95.86,93.7877608124424,0.0197004000992753,-0.0021540278771987054
2023-09-29,2023-10-06,M2_Deep,concat,m2_deep_concat,M2_Deep_Concat,42,95.86,87.86,95.81125044885053,-0.0871441551838517,-0.0005086788142352194
2023-10-06,2023-10-13,M2_Deep,concat,m2_deep_concat,M2_Deep_Concat,42,87.86,94.33,87.76426250915756,0.0710546341141284,-0.0010902536922615946
2023-10-13,2023-10-20,M2_Deep,concat,m2_deep_concat,M2_Deep_Concat,42,94.33,93.72,94.13384811558147,-0.0064876590221669,-0.0020815870757925903
2023-10-20,2023-10-27,M2_Deep,concat,m2_deep_concat,M2_Deep_Concat,42,93.72,90.73,93.81840141025195,-0.0324235504580573,0.0010494002139539993
2023-10-27,2023-11-03,M2_Deep,concat,m2_deep_concat,M2_Deep_Concat,42,90.73,87.55,90.82427412223383,-0.0356780044496768,0.001038522845719203
2023-11-03,2023-11-10,M2_Deep,concat,m2_deep_concat,M2_Deep_Concat,42,87.55,83.66,87.74918311450136,-0.0454490927178085,0.0022724943343314097
2023-11-10,2023-11-17,M2_Deep,concat,m2_deep_concat,M2_Deep_Concat,42,83.66,81.22,83.93616818099049,-0.0295994437559005,0.0032956413496664227
2023-11-17,2023-11-24,M2_Deep,concat,m2_deep_concat,M2_Deep_Concat,42,81.22,79.82,81.2008540593986,-0.0173874226375639,-0.00023575717294377352
2023-11-24,2023-12-01,M2_Deep,concat,m2_deep_concat,M2_Deep_Concat,42,79.82,78.72,79.87552750605842,-0.0138768468765897,0.0006954172000102066
2023-12-01,2023-12-08,M2_Deep,concat,m2_deep_concat,M2_Deep_Concat,42,78.72,75.94,78.66269041165636,-0.0359536979403416,-0.0007282832785080462
2023-12-08,2023-12-15,M2_Deep,concat,m2_deep_concat,M2_Deep_Concat,42,75.94,76.84,76.19340861942064,0.0117817830966997,0.003331403090040097
2023-12-15,2023-12-22,M2_Deep,concat,m2_deep_concat,M2_Deep_Concat,42,76.84,80.23,76.82740046042676,0.0431721718652087,-0.00016398454797483808
2023-12-22,2023-12-29,M2_Deep,concat,m2_deep_concat,M2_Deep_Concat,42,80.23,77.69,80.18934684588622,-0.0321709608032353,-0.0005068360616515832
2023-12-29,2024-01-05,M2_Deep,concat,m2_deep_concat,M2_Deep_Concat,42,77.69,78.31,77.65236153885982,0.007948759800517,-0.0004845872240366589
2024-01-05,2024-01-12,M2_Deep,concat,m2_deep_concat,M2_Deep_Concat,42,78.31,79.89,78.43024425520295,0.0199753797311041,0.001534312765217427
2024-01-12,2024-01-19,M2_Deep,concat,m2_deep_concat,M2_Deep_Concat,42,79.89,80.71,80.03680236887354,0.0102117948423304,0.001835870009669116
2024-01-19,2024-01-26,M2_Deep,concat,m2_deep_concat,M2_Deep_Concat,42,80.71,83.34,80.73459569790572,0.0320661426580264,0.00030469521744813655
2024-01-26,2024-02-02,M2_Deep,concat,m2_deep_concat,M2_Deep_Concat,42,83.34,79.54,83.36654074710508,-0.0466685862147627,0.00031841278944866325
2024-02-02,2024-02-09,M2_Deep,concat,m2_deep_concat,M2_Deep_Concat,42,79.54,83.58,79.56856826214576,0.0495442172402245,0.00035910401010830206
2024-02-09,2024-02-16,M2_Deep,concat,m2_deep_concat,M2_Deep_Concat,42,83.58,84.88,83.7121878486955,0.0154342372859582,0.001580323360057756
2024-02-16,2024-02-23,M2_Deep,concat,m2_deep_concat,M2_Deep_Concat,42,84.88,84.18,84.87354811481582,-0.0082811309633029,-7.601473146134907e-05
2024-02-23,2024-03-01,M2_Deep,concat,m2_deep_concat,M2_Deep_Concat,42,84.18,84.82,84.08709750740694,0.0075740007040198,-0.0011042265946112906
2024-03-01,2024-03-08,M2_Deep,concat,m2_deep_concat,M2_Deep_Concat,42,84.82,84.29,84.77508613886965,-0.0062681300370536,-0.0005296599471469321
2024-03-08,2024-03-15,M2_Deep,concat,m2_deep_concat,M2_Deep_Concat,42,84.29,85.39,84.13440050699487,0.0129657639101239,-0.0018477077763687788
2024-03-15,2024-03-22,M2_Deep,concat,m2_deep_concat,M2_Deep_Concat,42,85.39,84.87,85.40115214626958,-0.0061083239379291,0.00013059395812109464
2024-03-22,2024-03-29,M2_Deep,concat,m2_deep_concat,M2_Deep_Concat,42,84.87,86.17,84.79703631078067,0.0152014152700899,-0.0008600809597867354
2024-03-29,2024-04-05,M2_Deep,concat,m2_deep_concat,M2_Deep_Concat,42,86.17,92.81,86.17389796172601,0.074232303355626,4.523469380424139e-05
2024-04-05,2024-04-12,M2_Deep,concat,m2_deep_concat,M2_Deep_Concat,42,92.81,93.12,92.62106281734545,0.0033345913758262,-0.002037816589811392
2024-04-12,2024-04-19,M2_Deep,concat,m2_deep_concat,M2_Deep_Concat,42,93.12,87.96,92.99838193504019,-0.0570068182965674,-0.0013068895291832305
2024-04-19,2024-04-26,M2_Deep,concat,m2_deep_concat,M2_Deep_Concat,42,87.96,89.95,87.91981766386854,0.0223717947099818,-0.0004569294801905488
2024-04-26,2024-05-03,M2_Deep,concat,m2_deep_concat,M2_Deep_Concat,42,89.95,83.6,89.99182509366238,-0.0732104403058862,0.00046487351558029133
2024-05-03,2024-05-10,M2_Deep,concat,m2_deep_concat,M2_Deep_Concat,42,83.6,83.39,83.69472442276054,-0.0025151219917618,0.0011324258216771216
2024-05-10,2024-05-17,M2_Deep,concat,m2_deep_concat,M2_Deep_Concat,42,83.39,82.24,83.4434182541185,-0.013886596392039,0.0006403783666726198
2024-05-17,2024-05-24,M2_Deep,concat,m2_deep_concat,M2_Deep_Concat,42,82.24,78.92,82.32319223483222,-0.0412071205524403,0.0010110674299573102
2024-05-24,2024-05-31,M2_Deep,concat,m2_deep_concat,M2_Deep_Concat,42,78.92,79.41,79.06967842075373,0.0061896237527049,0.0018947879004686669
2024-05-31,2024-06-07,M2_Deep,concat,m2_deep_concat,M2_Deep_Concat,42,79.41,78.12,79.39720291739621,-0.0163781988986412,-0.0001611650151428501
2024-06-07,2024-06-14,M2_Deep,concat,m2_deep_concat,M2_Deep_Concat,42,78.12,81.49,78.104183092682,0.0422342073236502,-0.0002024898714004797
2024-06-14,2024-06-21,M2_Deep,concat,m2_deep_concat,M2_Deep_Concat,42,81.49,86.42,81.534729231448,0.0587388171716588,0.0005487416882243856
2024-06-21,2024-06-28,M2_Deep,concat,m2_deep_concat,M2_Deep_Concat,42,86.42,87.26,86.33665230294837,0.0096730371916763,-0.0009649145478031196
2024-06-28,2024-07-05,M2_Deep,concat,m2_deep_concat,M2_Deep_Concat,42,87.26,88.66,87.17796725876109,0.0159166616214437,-0.0009405377576371943
2024-07-05,2024-07-12,M2_Deep,concat,m2_deep_concat,M2_Deep_Concat,42,88.66,87.35,88.60968950426414,-0.0148857927368419,-0.0005676153348869728
2024-07-12,2024-07-19,M2_Deep,concat,m2_deep_concat,M2_Deep_Concat,42,87.35,85.19,87.34915048106048,-0.0250389805253164,-9.72550739003486e-06
2024-07-19,2024-07-26,M2_Deep,concat,m2_deep_concat,M2_Deep_Concat,42,85.19,81.35,85.27073743017728,-0.0461232223897023,0.0009472848402737322
2024-07-26,2024-08-02,M2_Deep,concat,m2_deep_concat,M2_Deep_Concat,42,81.35,78.35,81.44265297980023,-0.0375748648630169,0.001138294488216729
2024-08-02,2024-08-09,M2_Deep,concat,m2_deep_concat,M2_Deep_Concat,42,78.35,81.07,78.40742375470832,0.0341270101975859,0.0007326448202771285
2024-08-09,2024-08-16,M2_Deep,concat,m2_deep_concat,M2_Deep_Concat,42,81.07,81.56,81.149992936706,0.0060259667066386,0.0009862279210053893
2024-08-16,2024-08-23,M2_Deep,concat,m2_deep_concat,M2_Deep_Concat,42,81.56,80.34,81.68964055517127,-0.0150713167751182,0.0015882495297667165
2024-08-23,2024-08-30,M2_Deep,concat,m2_deep_concat,M2_Deep_Concat,42,80.34,80.2,80.45801406529243,-0.0017441140586673,0.0014678550250491612
2024-08-30,2024-09-06,M2_Deep,concat,m2_deep_concat,M2_Deep_Concat,42,80.2,72.82,80.29476275183832,-0.0965328721251816,0.0011808829300795909
2024-09-06,2024-09-13,M2_Deep,concat,m2_deep_concat,M2_Deep_Concat,42,72.82,73.68,72.95695193446116,0.0117407491997641,0.001878924932022491
2024-09-13,2024-09-20,M2_Deep,concat,m2_deep_concat,M2_Deep_Concat,42,73.68,75.96,73.7742770972629,0.0304754939970335,0.001278730084541907
2024-09-20,2024-09-27,M2_Deep,concat,m2_deep_concat,M2_Deep_Concat,42,75.96,71.63,76.10698368672624,-0.0586929053177252,0.001933144577955237
2024-09-27,2024-10-04,M2_Deep,concat,m2_deep_concat,M2_Deep_Concat,42,71.63,79.32,71.70567966845621,0.1019763230252352,0.001055978185804704
2024-10-04,2024-10-11,M2_Deep,concat,m2_deep_concat,M2_Deep_Concat,42,79.32,80.27,79.37278382093078,0.0119056484918903,0.0006652328052534906
2024-10-11,2024-10-18,M2_Deep,concat,m2_deep_concat,M2_Deep_Concat,42,80.27,72.75,80.39937675208805,-0.0983670460918835,0.0016104721716886095
2024-10-18,2024-10-25,M2_Deep,concat,m2_deep_concat,M2_Deep_Concat,42,72.75,75.62,72.7669590883747,0.0386918924111849,0.0002330874498440473
2024-10-25,2024-11-01,M2_Deep,concat,m2_deep_concat,M2_Deep_Concat,42,75.62,73.63,75.70632518111563,-0.0266682470821614,0.0011409143832221379
2024-11-01,2024-11-08,M2_Deep,concat,m2_deep_concat,M2_Deep_Concat,42,73.63,74.04,73.74539447455335,0.0055529363246714,0.001565994086692099
2024-11-08,2024-11-15,M2_Deep,concat,m2_deep_concat,M2_Deep_Concat,42,74.04,73.45,74.19293391610279,-0.0080005850854105,0.002063427692148276
2024-11-15,2024-11-22,M2_Deep,concat,m2_deep_concat,M2_Deep_Concat,42,73.45,76.1,73.59582119463164,0.0354433622477538,0.0019833442562026266
2024-11-22,2024-11-29,M2_Deep,concat,m2_deep_concat,M2_Deep_Concat,42,76.1,74.16,76.06767060323381,-0.0258233436100404,-0.00042491808048934765
2024-11-29,2024-12-06,M2_Deep,concat,m2_deep_concat,M2_Deep_Concat,42,74.16,73.78,74.19220734105959,-0.00513722908907,0.0004342010428137581
2024-12-06,2024-12-13,M2_Deep,concat,m2_deep_concat,M2_Deep_Concat,42,73.78,74.89,73.85035343377689,0.014932678092746,0.0009531026305404262
2024-12-13,2024-12-20,M2_Deep,concat,m2_deep_concat,M2_Deep_Concat,42,74.89,73.19,74.92490606380962,-0.0229615706481399,0.00046598920439054614
2024-12-20,2024-12-27,M2_Deep,concat,m2_deep_concat,M2_Deep_Concat,42,73.19,73.77,73.3628248381686,0.0078933452830751,0.002358534111827723
2024-12-27,2025-01-03,M2_Deep,concat,m2_deep_concat,M2_Deep_Concat,42,73.77,76.72,73.83644779733802,0.0392102856789718,0.0009003373879418707
2025-01-03,2025-01-10,M2_Deep,concat,m2_deep_concat,M2_Deep_Concat,42,76.72,79.76,76.78462340459113,0.0388596950784002,0.0008419734464744956
2025-01-10,2025-01-17,M2_Deep,concat,m2_deep_concat,M2_Deep_Concat,42,79.76,83.02,79.78591096520849,0.0400594169713096,0.0003248088939356193
2025-01-17,2025-01-24,M2_Deep,concat,m2_deep_concat,M2_Deep_Concat,42,83.02,78.71,82.81962879801472,-0.0533113304705338,-0.0024164465506633093
2025-01-24,2025-01-31,M2_Deep,concat,m2_deep_concat,M2_Deep_Concat,42,78.71,77.11,78.61609043635947,-0.0205372383094894,-0.0011938207392485634
2025-01-31,2025-02-07,M2_Deep,concat,m2_deep_concat,M2_Deep_Concat,42,77.11,74.68,76.99101800395879,-0.0320206551713473,-0.0015442080944804704
2025-02-07,2025-02-14,M2_Deep,concat,m2_deep_concat,M2_Deep_Concat,42,74.68,75.19,74.53724910211713,0.0068059247164134,-0.0019133302924532192
2025-02-14,2025-02-21,M2_Deep,concat,m2_deep_concat,M2_Deep_Concat,42,75.19,74.88,75.01214307171382,-0.0041314112205989,-0.0023682353363986275
2025-02-21,2025-02-28,M2_Deep,concat,m2_deep_concat,M2_Deep_Concat,42,74.88,74.76,74.70745103012946,-0.0016038495819744,-0.0023069989522684353
2025-02-28,2025-03-07,M2_Deep,concat,m2_deep_concat,M2_Deep_Concat,42,74.76,72.49,74.67147552768012,-0.0308343612745757,-0.0011848170857325924
2025-03-07,2025-03-14,M2_Deep,concat,m2_deep_concat,M2_Deep_Concat,42,72.49,71.94,72.4552519749485,-0.0076161830453085,-0.00047946414585797736
2025-03-14,2025-03-21,M2_Deep,concat,m2_deep_concat,M2_Deep_Concat,42,71.94,72.64,71.94916816955693,0.0096832960255601,0.00012743376983785637
2025-03-21,2025-03-28,M2_Deep,concat,m2_deep_concat,M2_Deep_Concat,42,72.64,74.69,72.67167873011682,0.0278304800759373,0.00043601079962077294
2025-03-28,2025-04-04,M2_Deep,concat,m2_deep_concat,M2_Deep_Concat,42,74.69,68.36,74.59959367585913,-0.0885583561215851,-0.0012111538783947662
2025-04-04,2025-04-11,M2_Deep,concat,m2_deep_concat,M2_Deep_Concat,42,68.36,66.83,68.1010795787909,-0.0226357767244114,-0.00379479237189706
2025-04-11,2025-04-18,M2_Deep,concat,m2_deep_concat,M2_Deep_Concat,42,66.83,69.33,66.65379499139877,0.0367256314314203,-0.0026400974134724864
2025-04-18,2025-04-25,M2_Deep,concat,m2_deep_concat,M2_Deep_Concat,42,69.33,66.99,68.80097971818607,-0.0343343584342229,-0.007659728026576329
2025-04-25,2025-05-02,M2_Deep,concat,m2_deep_concat,M2_Deep_Concat,42,66.99,61.57,66.86960995087652,-0.0843686155970573,-0.001798751417666361
2025-05-02,2025-05-09,M2_Deep,concat,m2_deep_concat,M2_Deep_Concat,42,61.57,64.26,61.59691865058449,0.0427626147645937,0.0004371084591221
2025-05-09,2025-05-16,M2_Deep,concat,m2_deep_concat,M2_Deep_Concat,42,64.26,65.2,64.0455656148569,0.0145221152448948,-0.003342560921135912
2025-05-16,2025-05-23,M2_Deep,concat,m2_deep_concat,M2_Deep_Concat,42,65.2,65.41,65.33525298263521,0.003215683040514,0.0020722835854199984
2025-05-23,2025-05-30,M2_Deep,concat,m2_deep_concat,M2_Deep_Concat,42,65.41,64.32,65.07679036285457,-0.0168045271024105,-0.005107189171992654
2025-05-30,2025-06-06,M2_Deep,concat,m2_deep_concat,M2_Deep_Concat,42,64.32,68.02,64.21036250201178,0.0559311547083385,-0.0017060175112805498
2025-06-06,2025-06-13,M2_Deep,concat,m2_deep_concat,M2_Deep_Concat,42,68.02,76.0,67.66849277839759,0.1109315607072818,-0.005181102696639905
2025-06-13,2025-06-20,M2_Deep,concat,m2_deep_concat,M2_Deep_Concat,42,76.0,78.73,75.54893860699602,0.0352909369100447,-0.005952700547857126
2025-06-20,2025-06-27,M2_Deep,concat,m2_deep_concat,M2_Deep_Concat,42,78.73,69.37,78.47846325959084,-0.1265697797991659,-0.003200043430795413
2025-06-27,2025-07-04,M2_Deep,concat,m2_deep_concat,M2_Deep_Concat,42,69.37,71.03,69.28410362403159,0.0236478256125086,-0.001239002448709614
2025-07-04,2025-07-11,M2_Deep,concat,m2_deep_concat,M2_Deep_Concat,42,71.03,72.06,70.98584471312802,0.0143967823102286,-0.0006218360829245706
2025-07-11,2025-07-18,M2_Deep,concat,m2_deep_concat,M2_Deep_Concat,42,72.06,71.06,71.56598446732286,-0.0139745147270661,-0.006879221510335598
2025-07-18,2025-07-25,M2_Deep,concat,m2_deep_concat,M2_Deep_Concat,42,71.06,69.23,70.75537664652194,-0.0260902959029469,-0.004296061953164343
2025-07-25,2025-08-01,M2_Deep,concat,m2_deep_concat,M2_Deep_Concat,42,69.23,70.55,69.13716378250874,0.0188873836088888,-0.001341882407413314
2025-08-01,2025-08-08,M2_Deep,concat,m2_deep_concat,M2_Deep_Concat,42,70.55,67.17,69.93079513512834,-0.0490949590200498,-0.008815566203984937
2025-08-08,2025-08-15,M2_Deep,concat,m2_deep_concat,M2_Deep_Concat,42,67.17,67.3,67.05404153615953,0.001933517371909,-0.001727834914848625
2025-08-15,2025-08-22,M2_Deep,concat,m2_deep_concat,M2_Deep_Concat,42,67.3,68.29,67.2562212991171,0.0146031063223159,-0.0006507124234758632
2025-08-22,2025-08-29,M2_Deep,concat,m2_deep_concat,M2_Deep_Concat,42,68.29,67.83,68.03143444217696,-0.0067587680150098,-0.0037934734028247097
2025-08-29,2025-09-05,M2_Deep,concat,m2_deep_concat,M2_Deep_Concat,42,67.83,64.92,67.61354548854997,-0.0438488323115976,-0.0031962349323134687
2025-09-05,2025-09-12,M2_Deep,concat,m2_deep_concat,M2_Deep_Concat,42,64.92,67.87,64.37446762067255,0.0444383680692765,-0.00843865366682195
2025-09-12,2025-09-19,M2_Deep,concat,m2_deep_concat,M2_Deep_Concat,42,67.87,67.05,67.36291277035345,-0.0121555009879795,-0.007499499876333138
2025-09-19,2025-09-26,M2_Deep,concat,m2_deep_concat,M2_Deep_Concat,42,67.05,71.15,67.02755828140783,0.0593517148081739,-0.00033475727167747715
2025-09-26,2025-10-03,M2_Deep,concat,m2_deep_concat,M2_Deep_Concat,42,71.15,66.13,70.76854707386047,-0.0731678228492905,-0.005375672913820351
2025-10-03,2025-10-10,M2_Deep,concat,m2_deep_concat,M2_Deep_Concat,42,66.13,64.41,65.85645306066792,-0.0263536011277715,-0.004145081933114914
2025-10-10,2025-10-17,M2_Deep,concat,m2_deep_concat,M2_Deep_Concat,42,64.41,61.23,64.14058862373534,-0.0506316350689361,-0.004191529165097019
2025-10-17,2025-10-24,M2_Deep,concat,m2_deep_concat,M2_Deep_Concat,42,61.23,65.8,59.919734609971925,0.0719825728414084,-0.021631355363272098
2025-10-24,2025-10-31,M2_Deep,concat,m2_deep_concat,M2_Deep_Concat,42,65.8,65.44,65.2642124573063,-0.0054861460367799,-0.008176000409162665
2025-10-31,2025-11-07,M2_Deep,concat,m2_deep_concat,M2_Deep_Concat,42,65.44,63.72,64.94374455765085,-0.0266352072526438,-0.0076122654766439535
2025-11-07,2025-11-14,M2_Deep,concat,m2_deep_concat,M2_Deep_Concat,42,63.72,63.45,63.89251606456834,-0.004246290881451,0.002703749992295057
2025-11-14,2025-11-21,M2_Deep,concat,m2_deep_concat,M2_Deep_Concat,42,63.45,62.78,62.69046427543594,-0.0106156427465891,-0.012042843008882809
2025-11-21,2025-11-28,M2_Deep,concat,m2_deep_concat,M2_Deep_Concat,42,62.78,64.07,61.638983630066576,0.0203396842371225,-0.018342029902724377
2025-11-28,2025-12-05,M2_Deep,concat,m2_deep_concat,M2_Deep_Concat,42,64.07,64.42,63.87865710689473,0.0054479082521227,-0.002990934646333432
2025-12-05,2025-12-12,M2_Deep,concat,m2_deep_concat,M2_Deep_Concat,42,64.42,62.11,64.06557215210734,-0.0365171373318411,-0.005517020175065668
2025-12-12,2025-12-19,M2_Deep,concat,m2_deep_concat,M2_Deep_Concat,42,62.11,61.35,61.72074118839364,-0.0123118354142911,-0.006286970263172265
2025-12-19,2025-12-26,M2_Deep,concat,m2_deep_concat,M2_Deep_Concat,42,61.35,63.7,61.176051559525206,0.0375893914211972,-0.002839372608937185
2021-01-22,2021-01-29,M2_Deep,gated,m2_deep_gated,M2_Deep_gated,42,55.22,55.25,54.00197875996723,0.0005431338958538,-0.022304516906001215
2021-01-29,2021-02-05,M2_Deep,gated,m2_deep_gated,M2_Deep_gated,42,55.25,59.48,53.12954836115754,0.0737717811940921,-0.039135100608115536
2021-02-05,2021-02-12,M2_Deep,gated,m2_deep_gated,M2_Deep_gated,42,59.48,62.47,58.86443597212866,0.0490463199135243,-0.010403016826400158
2021-02-12,2021-02-19,M2_Deep,gated,m2_deep_gated,M2_Deep_gated,42,62.47,62.84,61.4092385325186,0.005905371881942,-0.017126152972059216
2021-02-19,2021-02-26,M2_Deep,gated,m2_deep_gated,M2_Deep_gated,42,62.84,65.86,61.44117145946346,0.0469394635607977,-0.02251165800673327
2021-02-26,2021-03-05,M2_Deep,gated,m2_deep_gated,M2_Deep_gated,42,65.86,69.95,64.722633696042,0.060249424163272,-0.01742031132937827
2021-03-05,2021-03-12,M2_Deep,gated,m2_deep_gated,M2_Deep_gated,42,69.95,68.87,68.1881274112759,-0.0155600315548833,-0.025510236295257727
2021-03-12,2021-03-19,M2_Deep,gated,m2_deep_gated,M2_Deep_gated,42,68.87,64.0,68.48141987598116,-0.073337586196935,-0.0056582037677845864
2021-03-19,2021-03-26,M2_Deep,gated,m2_deep_gated,M2_Deep_gated,42,64.0,63.77,63.17128776740408,-0.0036002230324915,-0.013033192913552094
2021-03-26,2021-04-02,M2_Deep,gated,m2_deep_gated,M2_Deep_gated,42,63.77,63.85,62.56475951588449,0.0012537221513679,-0.019080687765899107
2021-04-02,2021-04-09,M2_Deep,gated,m2_deep_gated,M2_Deep_gated,42,63.85,61.89,62.603444748526144,-0.0311779667272782,-0.019716277954749062
2021-04-09,2021-04-16,M2_Deep,gated,m2_deep_gated,M2_Deep_gated,42,61.89,65.98,60.48826332111766,0.0639930500491652,-0.022909264226148807
2021-04-16,2021-04-23,M2_Deep,gated,m2_deep_gated,M2_Deep_gated,42,65.98,65.75,65.55077723319664,-0.0034919947425615,-0.006526598556572338
2021-04-23,2021-04-30,M2_Deep,gated,m2_deep_gated,M2_Deep_gated,42,65.75,67.73,65.05657847723195,0.0296695421689385,-0.010602341662539372
2021-04-30,2021-05-07,M2_Deep,gated,m2_deep_gated,M2_Deep_gated,42,67.73,68.73,66.89254905167769,0.0146565719067016,-0.01244162670960458
2021-05-07,2021-05-14,M2_Deep,gated,m2_deep_gated,M2_Deep_gated,42,68.73,69.24,68.24440266958392,0.0073929451744944,-0.007090366598895115
2021-05-14,2021-05-21,M2_Deep,gated,m2_deep_gated,M2_Deep_gated,42,69.24,66.72,68.55102116635733,-0.037073972257517,-0.010000427746053697
2021-05-21,2021-05-28,M2_Deep,gated,m2_deep_gated,M2_Deep_gated,42,66.72,69.36,66.08312317336446,0.038805574421795,-0.009591366435215742
2021-05-28,2021-06-04,M2_Deep,gated,m2_deep_gated,M2_Deep_gated,42,69.36,71.3,68.78844279875449,0.0275859949479638,-0.00827458421988464
2021-06-04,2021-06-11,M2_Deep,gated,m2_deep_gated,M2_Deep_gated,42,71.3,72.05,70.81167071766797,0.0104639950252809,-0.0068724996602747
2021-06-11,2021-06-18,M2_Deep,gated,m2_deep_gated,M2_Deep_gated,42,72.05,73.1,71.4624444109482,0.0144680443102017,-0.008188263732977596
2021-06-18,2021-06-25,M2_Deep,gated,m2_deep_gated,M2_Deep_gated,42,73.1,76.45,72.5143179756753,0.0448085656193386,-0.008044335073892961
2021-06-25,2021-07-02,M2_Deep,gated,m2_deep_gated,M2_Deep_gated,42,76.45,77.51,76.00394953873577,0.0137700279183487,-0.0058516258240657315
2021-07-02,2021-07-09,M2_Deep,gated,m2_deep_gated,M2_Deep_gated,42,77.51,77.14,77.08640145378051,-0.0047850075133383,-0.005480070717460261
2021-07-09,2021-07-16,M2_Deep,gated,m2_deep_gated,M2_Deep_gated,42,77.14,74.46,76.7294204722021,-0.0353598843355109,-0.00533673943797891
2021-07-16,2021-07-23,M2_Deep,gated,m2_deep_gated,M2_Deep_gated,42,74.46,74.86,74.02592220258711,0.0053576340317122,-0.005846736546172571
2021-07-23,2021-07-30,M2_Deep,gated,m2_deep_gated,M2_Deep_gated,42,74.86,77.72,75.49923241705392,0.0374929220329564,0.00850278706547769
2021-07-30,2021-08-06,M2_Deep,gated,m2_deep_gated,M2_Deep_gated,42,77.72,71.02,78.03205421626662,-0.0901510969942975,0.004007069253513018
2021-08-06,2021-08-13,M2_Deep,gated,m2_deep_gated,M2_Deep_gated,42,71.02,70.9,71.6801910298863,-0.0016910939768598,0.009252906185658216
2021-08-13,2021-08-20,M2_Deep,gated,m2_deep_gated,M2_Deep_gated,42,70.9,65.51,71.5042598978849,-0.0790676307942968,0.008486593378519647
2021-08-20,2021-08-27,M2_Deep,gated,m2_deep_gated,M2_Deep_gated,42,65.51,72.26,65.84792407441105,0.0980679229757092,0.005145099882688298
2021-08-27,2021-09-03,M2_Deep,gated,m2_deep_gated,M2_Deep_gated,42,72.26,73.07,72.92184904499429,0.0111471600836321,0.009117580941645498
2021-09-03,2021-09-10,M2_Deep,gated,m2_deep_gated,M2_Deep_gated,42,73.07,72.44,73.38007306751301,-0.0086592527879137,0.004234528865037501
2021-09-10,2021-09-17,M2_Deep,gated,m2_deep_gated,M2_Deep_gated,42,72.44,74.64,73.00317401796306,0.0299179235238758,0.007744286886087859
2021-09-17,2021-09-24,M2_Deep,gated,m2_deep_gated,M2_Deep_gated,42,74.64,77.42,75.19415186642604,0.0365685886104137,0.007396903658942522
2021-09-24,2021-10-01,M2_Deep,gated,m2_deep_gated,M2_Deep_gated,42,77.42,79.4,77.78996862365675,0.0252532231035881,0.004767339722354658
2021-10-01,2021-10-08,M2_Deep,gated,m2_deep_gated,M2_Deep_gated,42,79.4,82.17,79.96937983080326,0.0342919036900064,0.00714544103754533
2021-10-08,2021-10-15,M2_Deep,gated,m2_deep_gated,M2_Deep_gated,42,82.17,84.67,82.90863389245983,0.0299710757110894,0.008948933055674013
2021-10-15,2021-10-22,M2_Deep,gated,m2_deep_gated,M2_Deep_gated,42,84.67,85.43,85.40559388558263,0.0089359795093414,0.008650253168263511
2021-10-22,2021-10-29,M2_Deep,gated,m2_deep_gated,M2_Deep_gated,42,85.43,83.1,86.23976332776819,-0.0276526253021248,0.009434035649332873
2021-10-29,2021-11-05,M2_Deep,gated,m2_deep_gated,M2_Deep_gated,42,83.1,82.43,83.80975792646728,-0.0080952535362662,0.008504741884273304
2021-11-05,2021-11-12,M2_Deep,gated,m2_deep_gated,M2_Deep_gated,42,82.43,82.9,83.22412522208302,0.0056856138161131,0.009587824081408569
2021-11-12,2021-11-19,M2_Deep,gated,m2_deep_gated,M2_Deep_gated,42,82.9,80.24,83.61589438934422,-0.0326129184875693,0.008598564152529464
2021-11-19,2021-11-26,M2_Deep,gated,m2_deep_gated,M2_Deep_gated,42,80.24,72.37,80.92288428013873,-0.1032302947756436,0.008474511610977009
2021-11-26,2021-12-03,M2_Deep,gated,m2_deep_gated,M2_Deep_gated,42,72.37,70.71,72.73890870728606,-0.023204843261887,0.005084587918912753
2021-12-03,2021-12-10,M2_Deep,gated,m2_deep_gated,M2_Deep_gated,42,70.71,74.98,70.82240716381365,0.0586344056916167,0.0015884303771955266
2021-12-10,2021-12-17,M2_Deep,gated,m2_deep_gated,M2_Deep_gated,42,74.98,72.97,75.11374580575976,-0.0271730135302372,0.0017821640794028482
2021-12-17,2021-12-24,M2_Deep,gated,m2_deep_gated,M2_Deep_gated,42,72.97,75.24,72.52435173228152,0.0306346066553009,-0.006126006351457491
2021-12-24,2021-12-31,M2_Deep,gated,m2_deep_gated,M2_Deep_gated,42,75.24,77.24,74.95171683983494,0.0262344531274841,-0.0038388736777935084
2021-12-31,2022-01-07,M2_Deep,gated,m2_deep_gated,M2_Deep_gated,42,77.24,82.28,76.50151843855596,0.0632106072244427,-0.009606868054797157
2022-01-07,2022-01-14,M2_Deep,gated,m2_deep_gated,M2_Deep_gated,42,82.28,87.17,81.73015731268116,0.0577321702387283,-0.006705008473532503
2022-01-14,2022-01-21,M2_Deep,gated,m2_deep_gated,M2_Deep_gated,42,87.17,89.75,86.43982710163863,0.0291677923449035,-0.008411703599217502
2022-01-21,2022-01-28,M2_Deep,gated,m2_deep_gated,M2_Deep_gated,42,89.75,91.47,88.75717865300744,0.0189830222998847,-0.011123716052908073
2022-01-28,2022-02-04,M2_Deep,gated,m2_deep_gated,M2_Deep_gated,42,91.47,96.86,90.29881281624645,0.0572555873068098,-0.012886736438662671
2022-02-04,2022-02-11,M2_Deep,gated,m2_deep_gated,M2_Deep_gated,42,96.86,97.5,95.70323996583068,0.0065857410287184,-0.012014483646930252
2022-02-11,2022-02-18,M2_Deep,gated,m2_deep_gated,M2_Deep_gated,42,97.5,96.18,95.9935702486764,-0.0136309421542848,-0.01557116535528369
2022-02-18,2022-02-25,M2_Deep,gated,m2_deep_gated,M2_Deep_gated,42,96.18,98.56,94.73818421944524,0.024444063935693,-0.015104304471237784
2022-02-25,2022-03-04,M2_Deep,gated,m2_deep_gated,M2_Deep_gated,42,98.56,123.86,96.7986524300039,0.2284863957247052,-0.018032426777224497
2022-03-04,2022-03-11,M2_Deep,gated,m2_deep_gated,M2_Deep_gated,42,123.86,118.11,122.14213420266593,-0.047535501886159,-0.013966494454567213
2022-03-11,2022-03-18,M2_Deep,gated,m2_deep_gated,M2_Deep_gated,42,118.11,114.32,116.43540891029453,-0.0326148600021439,-0.014279704325674158
2022-03-18,2022-03-25,M2_Deep,gated,m2_deep_gated,M2_Deep_gated,42,114.32,122.67,112.8431574887204,0.0704962894230488,-0.013002665880719633
2022-03-25,2022-04-01,M2_Deep,gated,m2_deep_gated,M2_Deep_gated,42,122.67,106.13,120.93826472275099,-0.1448330652709296,-0.014217616551654544
2022-04-01,2022-04-08,M2_Deep,gated,m2_deep_gated,M2_Deep_gated,42,106.13,101.26,104.63029520784326,-0.0469732912319679,-0.014231618939249735
2022-04-08,2022-04-15,M2_Deep,gated,m2_deep_gated,M2_Deep_gated,42,101.26,110.83,99.79683395615696,0.0903060292457984,-0.014555007613760829
2022-04-15,2022-04-22,M2_Deep,gated,m2_deep_gated,M2_Deep_gated,42,110.83,105.15,109.61668718244616,-0.0526095936388528,-0.011007877549020773
2022-04-22,2022-04-29,M2_Deep,gated,m2_deep_gated,M2_Deep_gated,42,105.15,108.36,104.53473384725982,0.0300711150681855,-0.00586850465678368
2022-04-29,2022-05-06,M2_Deep,gated,m2_deep_gated,M2_Deep_gated,42,108.36,113.86,107.4853323471685,0.0495106063060414,-0.008104622240561854
2022-05-06,2022-05-13,M2_Deep,gated,m2_deep_gated,M2_Deep_gated,42,113.86,112.12,113.22527493098181,-0.0153998972263482,-0.0055902059009450555
2022-05-13,2022-05-20,M2_Deep,gated,m2_deep_gated,M2_Deep_gated,42,112.12,113.63,111.28936267218856,0.01337782963333,-0.00743604605791881
2022-05-20,2022-05-27,M2_Deep,gated,m2_deep_gated,M2_Deep_gated,42,113.63,121.19,113.02682657053292,0.0644120060504783,-0.0053223621142239885
2022-05-27,2022-06-03,M2_Deep,gated,m2_deep_gated,M2_Deep_gated,42,121.19,125.68,120.81432228836795,0.0363794319669697,-0.003104721517797726
2022-06-03,2022-06-10,M2_Deep,gated,m2_deep_gated,M2_Deep_gated,42,125.68,127.44,125.02010022119396,0.0139066716544272,-0.005264467802731709
2022-06-10,2022-06-17,M2_Deep,gated,m2_deep_gated,M2_Deep_gated,42,127.44,119.22,126.49904835824783,-0.0666751398100125,-0.007410880322215929
2022-06-17,2022-06-24,M2_Deep,gated,m2_deep_gated,M2_Deep_gated,42,119.22,117.36,118.61762632363472,-0.0157243919570542,-0.005065430341536503
2022-06-24,2022-07-01,M2_Deep,gated,m2_deep_gated,M2_Deep_gated,42,117.36,119.21,117.01437743658846,0.0156405098951838,-0.002949322513193686
2022-07-01,2022-07-08,M2_Deep,gated,m2_deep_gated,M2_Deep_gated,42,119.21,113.95,118.55893630829392,-0.0451268880382168,-0.005476453981034357
2022-07-08,2022-07-15,M2_Deep,gated,m2_deep_gated,M2_Deep_gated,42,113.95,112.26,113.41109429019804,-0.0149421461776399,-0.004740535936505363
2022-07-15,2022-07-22,M2_Deep,gated,m2_deep_gated,M2_Deep_gated,42,112.26,106.77,111.89501467179969,-0.0501406213238422,-0.003256546825806339
2022-07-22,2022-07-29,M2_Deep,gated,m2_deep_gated,M2_Deep_gated,42,106.77,111.51,106.67296735707086,0.0434372847870595,-0.0009092138365122127
2022-07-29,2022-08-05,M2_Deep,gated,m2_deep_gated,M2_Deep_gated,42,111.51,100.31,111.25901199861515,-0.1058488820818767,-0.002253348482663897
2022-08-05,2022-08-12,M2_Deep,gated,m2_deep_gated,M2_Deep_gated,42,100.31,103.7,100.09729417003213,0.0332367243400878,-0.0021227362079805356
2022-08-12,2022-08-19,M2_Deep,gated,m2_deep_gated,M2_Deep_gated,42,103.7,96.45,103.48810325895377,-0.0724773758837435,-0.0020454534946015013
2022-08-19,2022-08-26,M2_Deep,gated,m2_deep_gated,M2_Deep_gated,42,96.45,101.13,96.24336525542286,0.0473820785623409,-0.002144700970983404
2022-08-26,2022-09-02,M2_Deep,gated,m2_deep_gated,M2_Deep_gated,42,101.13,93.09,100.79269386646165,-0.0828400507856804,-0.0033409463872358103
2022-09-02,2022-09-09,M2_Deep,gated,m2_deep_gated,M2_Deep_gated,42,93.09,91.68,92.8414811906323,-0.015262514161969,-0.0026732316203010864
2022-09-09,2022-09-16,M2_Deep,gated,m2_deep_gated,M2_Deep_gated,42,91.68,89.43,91.44833653989052,-0.0248480566083396,-0.0025300681266973157
2022-09-16,2022-09-23,M2_Deep,gated,m2_deep_gated,M2_Deep_gated,42,89.43,84.29,89.20526138788694,-0.0591929623486989,-0.0025161743424877425
2022-09-23,2022-09-30,M2_Deep,gated,m2_deep_gated,M2_Deep_gated,42,84.29,88.9,84.13678879075825,0.0532489085104681,-0.0018193216483155528
2022-09-30,2022-10-07,M2_Deep,gated,m2_deep_gated,M2_Deep_gated,42,88.9,98.88,88.64204792070922,0.1063948511895216,-0.0029058159891590662
2022-10-07,2022-10-14,M2_Deep,gated,m2_deep_gated,M2_Deep_gated,42,98.88,92.22,98.7532753568675,-0.0697299669308211,-0.0012824223073908403
2022-10-14,2022-10-21,M2_Deep,gated,m2_deep_gated,M2_Deep_gated,42,92.22,91.82,92.07334729198553,-0.0043468879574835,-0.001591514193261201
2022-10-21,2022-10-28,M2_Deep,gated,m2_deep_gated,M2_Deep_gated,42,91.82,94.64,91.63247964379016,0.0302500808490554,-0.0020443487259867166
2022-10-28,2022-11-04,M2_Deep,gated,m2_deep_gated,M2_Deep_gated,42,94.64,99.53,94.37747692575036,0.0503788865878407,-0.0027777668744868866
2022-11-04,2022-11-11,M2_Deep,gated,m2_deep_gated,M2_Deep_gated,42,99.53,96.37,99.28027622795882,-0.032264156394776,-0.002512183053254846
2022-11-11,2022-11-18,M2_Deep,gated,m2_deep_gated,M2_Deep_gated,42,96.37,88.93,96.21539248154289,-0.0803454064516473,-0.0016055999853275271
2022-11-18,2022-11-25,M2_Deep,gated,m2_deep_gated,M2_Deep_gated,42,88.93,83.4,88.65380400709934,-0.0642012340468476,-0.00311060141038505
2022-11-25,2022-12-02,M2_Deep,gated,m2_deep_gated,M2_Deep_gated,42,83.4,86.54,83.16536119084586,0.0369584254320376,-0.002817380068496078
2022-12-02,2022-12-09,M2_Deep,gated,m2_deep_gated,M2_Deep_gated,42,86.54,76.37,86.34830490397671,-0.125016785896446,-0.002217560923927553
2022-12-09,2022-12-16,M2_Deep,gated,m2_deep_gated,M2_Deep_gated,42,76.37,80.2,76.10797470767842,0.0489335659721759,-0.003436897043652465
2022-12-16,2022-12-23,M2_Deep,gated,m2_deep_gated,M2_Deep_gated,42,80.2,82.45,79.94235102991468,0.027668534133139,-0.003217752090372894
2022-12-23,2022-12-30,M2_Deep,gated,m2_deep_gated,M2_Deep_gated,42,82.45,82.82,82.14279355902372,0.0044775291118132,-0.0037329313279295673
2022-12-30,2023-01-06,M2_Deep,gated,m2_deep_gated,M2_Deep_gated,42,82.82,76.41,82.35245469111771,-0.0805560004579458,-0.005661313909877619
2023-01-06,2023-01-13,M2_Deep,gated,m2_deep_gated,M2_Deep_gated,42,76.41,83.43,76.23781167259386,0.087894379254508,-0.0022560218656359488
2023-01-13,2023-01-20,M2_Deep,gated,m2_deep_gated,M2_Deep_gated,42,83.43,86.96,83.19625020125493,0.0414402858989706,-0.00280567979894486
2023-01-20,2023-01-27,M2_Deep,gated,m2_deep_gated,M2_Deep_gated,42,86.96,85.36,86.68130422590825,-0.018570635819456,-0.00321001981235014
2023-01-27,2023-02-03,M2_Deep,gated,m2_deep_gated,M2_Deep_gated,42,85.36,78.85,85.23992099823501,-0.0793302935844505,-0.0014077265791492266
2023-02-03,2023-02-10,M2_Deep,gated,m2_deep_gated,M2_Deep_gated,42,78.85,85.46,78.62291504194398,0.0805011168068314,-0.0028841164895645477
2023-02-10,2023-02-17,M2_Deep,gated,m2_deep_gated,M2_Deep_gated,42,85.46,81.97,85.17946556928248,-0.0416951035509395,-0.0032880398742989314
2023-02-17,2023-02-24,M2_Deep,gated,m2_deep_gated,M2_Deep_gated,42,81.97,82.31,81.68918039269948,0.0041392803196134,-0.003431764502643375
2023-02-24,2023-03-03,M2_Deep,gated,m2_deep_gated,M2_Deep_gated,42,82.31,85.74,82.07872648618905,0.0408268541852784,-0.0028137412015993846
2023-03-03,2023-03-10,M2_Deep,gated,m2_deep_gated,M2_Deep_gated,42,85.74,82.3,85.53493752606428,-0.0409483534868068,-0.0023945426561589045
2023-03-10,2023-03-17,M2_Deep,gated,m2_deep_gated,M2_Deep_gated,42,82.3,71.03,82.07047629642435,-0.1472687846733054,-0.0027927625195047767
2023-03-17,2023-03-24,M2_Deep,gated,m2_deep_gated,M2_Deep_gated,42,71.03,73.63,70.88414666323513,0.0359502283709067,-0.0020555158389568007
2023-03-24,2023-03-31,M2_Deep,gated,m2_deep_gated,M2_Deep_gated,42,73.63,79.19,73.49187758914856,0.0727974768416957,-0.0018776602595789171
2023-03-31,2023-04-07,M2_Deep,gated,m2_deep_gated,M2_Deep_gated,42,79.19,86.56,79.01180141371727,0.0889877868758503,-0.0022528019283623024
2023-04-07,2023-04-14,M2_Deep,gated,m2_deep_gated,M2_Deep_gated,42,86.56,87.31,86.26169422939431,0.0086271887245447,-0.0034521831092142463
2023-04-14,2023-04-21,M2_Deep,gated,m2_deep_gated,M2_Deep_gated,42,87.31,83.36,87.00824517667445,-0.0462964258176594,-0.0034621175130453707
2023-04-21,2023-04-28,M2_Deep,gated,m2_deep_gated,M2_Deep_gated,42,83.36,81.32,85.17622177559097,-0.0247765892449109,0.0215537297371986
2023-04-28,2023-05-05,M2_Deep,gated,m2_deep_gated,M2_Deep_gated,42,81.32,75.85,79.7581868476945,-0.0696342829656046,-0.019392595966575943
2023-05-05,2023-05-12,M2_Deep,gated,m2_deep_gated,M2_Deep_gated,42,75.85,74.54,74.22045460211211,-0.0174218117434287,-0.021717925118706738
2023-05-12,2023-05-19,M2_Deep,gated,m2_deep_gated,M2_Deep_gated,42,74.54,75.42,73.24200824033427,0.0117365977790986,-0.01756675462708257
2023-05-19,2023-05-26,M2_Deep,gated,m2_deep_gated,M2_Deep_gated,42,75.42,76.33,76.9225960993225,0.0119935539801678,0.01972717896204612
2023-05-26,2023-06-02,M2_Deep,gated,m2_deep_gated,M2_Deep_gated,42,76.33,76.0,76.04818658354961,-0.0043327055240478,-0.003698872444606982
2023-06-02,2023-06-09,M2_Deep,gated,m2_deep_gated,M2_Deep_gated,42,76.0,74.74,77.10977407196047,-0.0167179162289933,0.01449670360949773
2023-06-09,2023-06-16,M2_Deep,gated,m2_deep_gated,M2_Deep_gated,42,74.74,76.76,73.19140537669654,0.0266682470821614,-0.020937422870163758
2023-06-16,2023-06-23,M2_Deep,gated,m2_deep_gated,M2_Deep_gated,42,76.76,73.56,77.3341747756454,-0.0425822714033789,0.0074522925190588785
2023-06-23,2023-06-30,M2_Deep,gated,m2_deep_gated,M2_Deep_gated,42,73.56,74.51,73.63392447576572,0.0128319448295158,0.001004450180186911
2023-06-30,2023-07-07,M2_Deep,gated,m2_deep_gated,M2_Deep_gated,42,74.51,78.77,74.89532990074109,0.0555988691495966,0.005158192888673363
2023-07-07,2023-07-14,M2_Deep,gated,m2_deep_gated,M2_Deep_gated,42,78.77,79.9,75.8895113311572,0.0142436390569961,-0.03725372949319361
2023-07-14,2023-07-21,M2_Deep,gated,m2_deep_gated,M2_Deep_gated,42,79.9,81.06,76.96868735928072,0.0144137684279334,-0.03737717129787832
2023-07-21,2023-07-28,M2_Deep,gated,m2_deep_gated,M2_Deep_gated,42,81.06,84.49,80.61243038654837,0.0414435629645908,-0.005536760420580267
2023-07-28,2023-08-04,M2_Deep,gated,m2_deep_gated,M2_Deep_gated,42,84.49,87.38,83.99454850126132,0.0336332393585364,-0.005881286221965654
2023-08-04,2023-08-11,M2_Deep,gated,m2_deep_gated,M2_Deep_gated,42,87.38,87.93,86.8883039361518,0.0062746198676211,-0.005642992529485691
2023-08-11,2023-08-18,M2_Deep,gated,m2_deep_gated,M2_Deep_gated,42,87.93,85.92,87.16246539105927,-0.0231244126303562,-0.008767247906137698
2023-08-18,2023-08-25,M2_Deep,gated,m2_deep_gated,M2_Deep_gated,42,85.92,85.42,85.55536425048065,-0.0058363653472341,-0.004252929284887519
2023-08-25,2023-09-01,M2_Deep,gated,m2_deep_gated,M2_Deep_gated,42,85.42,89.98,85.070872780136,0.0520071579997058,-0.004095558925599652
2023-09-01,2023-09-08,M2_Deep,gated,m2_deep_gated,M2_Deep_gated,42,89.98,91.85,89.74112101977752,0.0205693882481082,-0.0026583310803018345
2023-09-08,2023-09-15,M2_Deep,gated,m2_deep_gated,M2_Deep_gated,42,91.85,95.55,91.75824146932031,0.0394928590251474,-0.0009995034818081616
2023-09-15,2023-09-22,M2_Deep,gated,m2_deep_gated,M2_Deep_gated,42,95.55,93.99,95.1846021235477,-0.0164612770540719,-0.0038314843703838863
2023-09-22,2023-09-29,M2_Deep,gated,m2_deep_gated,M2_Deep_gated,42,93.99,95.86,93.79462421721529,0.0197004000992753,-0.002080850379483634
2023-09-29,2023-10-06,M2_Deep,gated,m2_deep_gated,M2_Deep_gated,42,95.86,87.86,95.59362707335399,-0.0871441551838517,-0.0027826383087821704
2023-10-06,2023-10-13,M2_Deep,gated,m2_deep_gated,M2_Deep_gated,42,87.86,94.33,87.58443827372908,0.0710546341141284,-0.0031413016631441915
2023-10-13,2023-10-20,M2_Deep,gated,m2_deep_gated,M2_Deep_gated,42,94.33,93.72,93.79983686902614,-0.0064876590221669,-0.005636155787276997
2023-10-20,2023-10-27,M2_Deep,gated,m2_deep_gated,M2_Deep_gated,42,93.72,90.73,93.49426082736899,-0.0324235504580573,-0.0024115607543417905
2023-10-27,2023-11-03,M2_Deep,gated,m2_deep_gated,M2_Deep_gated,42,90.73,87.55,90.42205334047748,-0.0356780044496768,-0.003399872653684355
2023-11-03,2023-11-10,M2_Deep,gated,m2_deep_gated,M2_Deep_gated,42,87.55,83.66,87.38889663408176,-0.0454490927178085,-0.0018418249407168297
2023-11-10,2023-11-17,M2_Deep,gated,m2_deep_gated,M2_Deep_gated,42,83.66,81.22,83.36423992516781,-0.0295994437559005,-0.003541526476555923
2023-11-17,2023-11-24,M2_Deep,gated,m2_deep_gated,M2_Deep_gated,42,81.22,79.82,81.06461163724941,-0.0173874226375639,-0.0019150110250190089
2023-11-24,2023-12-01,M2_Deep,gated,m2_deep_gated,M2_Deep_gated,42,79.82,78.72,79.55094354424627,-0.0138768468765897,-0.003376483885809911
2023-12-01,2023-12-08,M2_Deep,gated,m2_deep_gated,M2_Deep_gated,42,78.72,75.94,78.53261684876203,-0.0359536979403416,-0.002383212994264472
2023-12-08,2023-12-15,M2_Deep,gated,m2_deep_gated,M2_Deep_gated,42,75.94,76.84,75.74044278317815,0.0117817830966997,-0.0026312862528503622
2023-12-15,2023-12-22,M2_Deep,gated,m2_deep_gated,M2_Deep_gated,42,76.84,80.23,76.67993582040899,0.0431721718652087,-0.0020852567028009084
2023-12-22,2023-12-29,M2_Deep,gated,m2_deep_gated,M2_Deep_gated,42,80.23,77.69,79.95361882322803,-0.0321709608032353,-0.0034508079298785077
2023-12-29,2024-01-05,M2_Deep,gated,m2_deep_gated,M2_Deep_gated,42,77.69,78.31,77.28612498784953,0.007948759800517,-0.00521210510959369
2024-01-05,2024-01-12,M2_Deep,gated,m2_deep_gated,M2_Deep_gated,42,78.31,79.89,78.05807459693912,0.0199753797311041,-0.0032222129956060996
2024-01-12,2024-01-19,M2_Deep,gated,m2_deep_gated,M2_Deep_gated,42,79.89,80.71,79.60090505789609,0.0102117948423304,-0.003625225634180662
2024-01-19,2024-01-26,M2_Deep,gated,m2_deep_gated,M2_Deep_gated,42,80.71,83.34,80.43030848935486,0.0320661426580264,-0.003471406926541576
2024-01-26,2024-02-02,M2_Deep,gated,m2_deep_gated,M2_Deep_gated,42,83.34,79.54,82.94473405959904,-0.0466685862147627,-0.004754094681032939
2024-02-02,2024-02-09,M2_Deep,gated,m2_deep_gated,M2_Deep_gated,42,79.54,83.58,79.1567314434551,0.0495442172402245,-0.004830210404792368
2024-02-09,2024-02-16,M2_Deep,gated,m2_deep_gated,M2_Deep_gated,42,83.58,84.88,83.1664484487233,0.0154342372859582,-0.004960254362794458
2024-02-16,2024-02-23,M2_Deep,gated,m2_deep_gated,M2_Deep_gated,42,84.88,84.18,84.52310043894214,-0.0082811309633029,-0.004213619327902762
2024-02-23,2024-03-01,M2_Deep,gated,m2_deep_gated,M2_Deep_gated,42,84.18,84.82,83.82326097783266,0.0075740007040198,-0.004246817070733044
2024-03-01,2024-03-08,M2_Deep,gated,m2_deep_gated,M2_Deep_gated,42,84.82,84.29,84.36055024554007,-0.0062681300370536,-0.005431485868948371
2024-03-08,2024-03-15,M2_Deep,gated,m2_deep_gated,M2_Deep_gated,42,84.29,85.39,83.93716731359783,0.0129657639101239,-0.004194723235229958
2024-03-15,2024-03-22,M2_Deep,gated,m2_deep_gated,M2_Deep_gated,42,85.39,84.87,85.03656649718299,-0.0061083239379291,-0.004147639851638019
2024-03-22,2024-03-29,M2_Deep,gated,m2_deep_gated,M2_Deep_gated,42,84.87,86.17,84.56137392327189,0.0152014152700899,-0.0036430846415722584
2024-03-29,2024-04-05,M2_Deep,gated,m2_deep_gated,M2_Deep_gated,42,86.17,92.81,85.90871105431724,0.074232303355626,-0.0030368561560365492
2024-04-05,2024-04-12,M2_Deep,gated,m2_deep_gated,M2_Deep_gated,42,92.81,93.12,92.46851105836748,0.0033345913758262,-0.0036862270359225846
2024-04-12,2024-04-19,M2_Deep,gated,m2_deep_gated,M2_Deep_gated,42,93.12,87.96,92.72573701185317,-0.0570068182965674,-0.004242912277204525
2024-04-19,2024-04-26,M2_Deep,gated,m2_deep_gated,M2_Deep_gated,42,87.96,89.95,87.57195288997143,0.0223717947099818,-0.004421391499279559
2024-04-26,2024-05-03,M2_Deep,gated,m2_deep_gated,M2_Deep_gated,42,89.95,83.6,89.47128846340011,-0.0732104403058862,-0.0053361858744513935
2024-05-03,2024-05-10,M2_Deep,gated,m2_deep_gated,M2_Deep_gated,42,83.6,83.39,83.34351993870943,-0.0025151219917618,-0.0030726591026160044
2024-05-10,2024-05-17,M2_Deep,gated,m2_deep_gated,M2_Deep_gated,42,83.39,82.24,83.07770729013629,-0.013886596392039,-0.0037519958832257227
2024-05-17,2024-05-24,M2_Deep,gated,m2_deep_gated,M2_Deep_gated,42,82.24,78.92,81.98972418700626,-0.0412071205524403,-0.0030478770877631067
2024-05-24,2024-05-31,M2_Deep,gated,m2_deep_gated,M2_Deep_gated,42,78.92,79.41,78.73438800418076,0.0061896237527049,-0.0023546706682769925
2024-05-31,2024-06-07,M2_Deep,gated,m2_deep_gated,M2_Deep_gated,42,79.41,78.12,79.11082578428359,-0.0163781988986412,-0.0037745774972037793
2024-06-07,2024-06-14,M2_Deep,gated,m2_deep_gated,M2_Deep_gated,42,78.12,81.49,77.70663314297558,0.0422342073236502,-0.00530548364310679
2024-06-14,2024-06-21,M2_Deep,gated,m2_deep_gated,M2_Deep_gated,42,81.49,86.42,81.05617836330904,0.0587388171716588,-0.005337839020453483
2024-06-21,2024-06-28,M2_Deep,gated,m2_deep_gated,M2_Deep_gated,42,86.42,87.26,85.98033563289333,0.0096730371916763,-0.005100515827391017
2024-06-28,2024-07-05,M2_Deep,gated,m2_deep_gated,M2_Deep_gated,42,87.26,88.66,86.58045559683914,0.0159166616214437,-0.007818063546719989
2024-07-05,2024-07-12,M2_Deep,gated,m2_deep_gated,M2_Deep_gated,42,88.66,87.35,88.0161423487263,-0.0148857927368419,-0.007288595880005966
2024-07-12,2024-07-19,M2_Deep,gated,m2_deep_gated,M2_Deep_gated,42,87.35,85.19,86.68564849455035,-0.0250389805253164,-0.00763469712329945
2024-07-19,2024-07-26,M2_Deep,gated,m2_deep_gated,M2_Deep_gated,42,85.19,81.35,84.79917402282696,-0.0461232223897023,-0.004598253601180546
2024-07-26,2024-08-02,M2_Deep,gated,m2_deep_gated,M2_Deep_gated,42,81.35,78.35,80.90035684199512,-0.0375748648630169,-0.005542598708040525
2024-08-02,2024-08-09,M2_Deep,gated,m2_deep_gated,M2_Deep_gated,42,78.35,81.07,77.99889509840185,0.0341270101975859,-0.004491307617872864
2024-08-09,2024-08-16,M2_Deep,gated,m2_deep_gated,M2_Deep_gated,42,81.07,81.56,80.54305114673274,0.0060259667066386,-0.0065211406741478295
2024-08-16,2024-08-23,M2_Deep,gated,m2_deep_gated,M2_Deep_gated,42,81.56,80.34,81.17443714029206,-0.0150713167751182,-0.004738561646009609
2024-08-23,2024-08-30,M2_Deep,gated,m2_deep_gated,M2_Deep_gated,42,80.34,80.2,79.95542836794948,-0.0017441140586673,-0.004798294921056878
2024-08-30,2024-09-06,M2_Deep,gated,m2_deep_gated,M2_Deep_gated,42,80.2,72.82,79.7167963681923,-0.0965328721251816,-0.006043206384122757
2024-09-06,2024-09-13,M2_Deep,gated,m2_deep_gated,M2_Deep_gated,42,72.82,73.68,72.53272726841193,0.0117407491997641,-0.003952772142986005
2024-09-13,2024-09-20,M2_Deep,gated,m2_deep_gated,M2_Deep_gated,42,73.68,75.96,73.39028048080833,0.0304754939970335,-0.003939883612285311
2024-09-20,2024-09-27,M2_Deep,gated,m2_deep_gated,M2_Deep_gated,42,75.96,71.63,75.62982826408465,-0.0586929053177252,-0.004356126816730421
2024-09-27,2024-10-04,M2_Deep,gated,m2_deep_gated,M2_Deep_gated,42,71.63,79.32,71.32079245525692,0.1019763230252352,-0.00432607643043359
2024-10-04,2024-10-11,M2_Deep,gated,m2_deep_gated,M2_Deep_gated,42,79.32,80.27,78.9599714504882,0.0119056484918903,-0.004549270095732749
2024-10-11,2024-10-18,M2_Deep,gated,m2_deep_gated,M2_Deep_gated,42,80.27,72.75,79.8786910554366,-0.0983670460918835,-0.004886830116751617
2024-10-18,2024-10-25,M2_Deep,gated,m2_deep_gated,M2_Deep_gated,42,72.75,75.62,72.4030784890532,0.0386918924111849,-0.004780086996871713
2024-10-25,2024-11-01,M2_Deep,gated,m2_deep_gated,M2_Deep_gated,42,75.62,73.63,75.22141508222327,-0.0266682470821614,-0.005284833018140145
2024-11-01,2024-11-08,M2_Deep,gated,m2_deep_gated,M2_Deep_gated,42,73.63,74.04,73.36735978225626,0.0055529363246714,-0.0035734042789417886
2024-11-08,2024-11-15,M2_Deep,gated,m2_deep_gated,M2_Deep_gated,42,74.04,73.45,73.69329310198545,-0.0080005850854105,-0.004693695337766285
2024-11-15,2024-11-22,M2_Deep,gated,m2_deep_gated,M2_Deep_gated,42,73.45,76.1,73.19205382163118,0.0354433622477538,-0.0035180418943710767
2024-11-22,2024-11-29,M2_Deep,gated,m2_deep_gated,M2_Deep_gated,42,76.1,74.16,75.85065749704755,-0.0258233436100404,-0.0032818907250718593
2024-11-29,2024-12-06,M2_Deep,gated,m2_deep_gated,M2_Deep_gated,42,74.16,73.78,73.77284164349334,-0.00513722908907,-0.005234256790231928
2024-12-06,2024-12-13,M2_Deep,gated,m2_deep_gated,M2_Deep_gated,42,73.78,74.89,73.58690018859667,0.014932678092746,-0.002620668843168042
2024-12-13,2024-12-20,M2_Deep,gated,m2_deep_gated,M2_Deep_gated,42,74.89,73.19,74.52831489841823,-0.0229615706481399,-0.004841251331873991
2024-12-20,2024-12-27,M2_Deep,gated,m2_deep_gated,M2_Deep_gated,42,73.19,73.77,72.98911284186542,0.0078933452830751,-0.0027485087396222907
2024-12-27,2025-01-03,M2_Deep,gated,m2_deep_gated,M2_Deep_gated,42,73.77,76.72,73.38278570348525,0.0392102856789718,-0.005262763982018859
2025-01-03,2025-01-10,M2_Deep,gated,m2_deep_gated,M2_Deep_gated,42,76.72,79.76,76.38852561448948,0.0388596950784002,-0.004329933974121403
2025-01-10,2025-01-17,M2_Deep,gated,m2_deep_gated,M2_Deep_gated,42,79.76,83.02,79.29612982092345,0.0400594169713096,-0.005832802479618787
2025-01-17,2025-01-24,M2_Deep,gated,m2_deep_gated,M2_Deep_gated,42,83.02,78.71,83.03334713910962,-0.0533113304705338,0.00016075724299857708
2025-01-24,2025-01-31,M2_Deep,gated,m2_deep_gated,M2_Deep_gated,42,78.71,77.11,78.70303708285807,-0.0205372383094894,-8.846684207985955e-05
2025-01-31,2025-02-07,M2_Deep,gated,m2_deep_gated,M2_Deep_gated,42,77.11,74.68,76.97854086265593,-0.0320206551713473,-0.0017062809278641788
2025-02-07,2025-02-14,M2_Deep,gated,m2_deep_gated,M2_Deep_gated,42,74.68,75.19,74.69327307056426,0.0068059247164134,0.00017771680738265516
2025-02-14,2025-02-21,M2_Deep,gated,m2_deep_gated,M2_Deep_gated,42,75.19,74.88,75.10951996671247,-0.0041314112205989,-0.0010709287827019853
2025-02-21,2025-02-28,M2_Deep,gated,m2_deep_gated,M2_Deep_gated,42,74.88,74.76,74.73380564012015,-0.0016038495819744,-0.001954290324796659
2025-02-28,2025-03-07,M2_Deep,gated,m2_deep_gated,M2_Deep_gated,42,74.76,72.49,74.44016878526138,-0.0308343612745757,-0.004287283415810528
2025-03-07,2025-03-14,M2_Deep,gated,m2_deep_gated,M2_Deep_gated,42,72.49,71.94,72.2068437435628,-0.0076161830453085,-0.003913791214164353
2025-03-14,2025-03-21,M2_Deep,gated,m2_deep_gated,M2_Deep_gated,42,71.94,72.64,71.5408583863597,0.0096832960255601,-0.005563705817512199
2025-03-21,2025-03-28,M2_Deep,gated,m2_deep_gated,M2_Deep_gated,42,72.64,74.69,72.35065692259231,0.0278304800759373,-0.003991201469726535
2025-03-28,2025-04-04,M2_Deep,gated,m2_deep_gated,M2_Deep_gated,42,74.69,68.36,74.35430214264746,-0.0885583561215851,-0.00450467975219937
2025-04-04,2025-04-11,M2_Deep,gated,m2_deep_gated,M2_Deep_gated,42,68.36,66.83,68.28228692737892,-0.0226357767244114,-0.0011374675109375731
2025-04-11,2025-04-18,M2_Deep,gated,m2_deep_gated,M2_Deep_gated,42,66.83,69.33,66.73388463870577,0.0367256314314203,-0.0014392420248253712
2025-04-18,2025-04-25,M2_Deep,gated,m2_deep_gated,M2_Deep_gated,42,69.33,66.99,68.58457731090607,-0.0343343584342229,-0.010810024039213495
2025-04-25,2025-05-02,M2_Deep,gated,m2_deep_gated,M2_Deep_gated,42,66.99,61.57,66.90241673727608,-0.0843686155970573,-0.0013082634155108241
2025-05-02,2025-05-09,M2_Deep,gated,m2_deep_gated,M2_Deep_gated,42,61.57,64.26,61.461911171336716,0.0427626147645937,-0.001757086522402973
2025-05-09,2025-05-16,M2_Deep,gated,m2_deep_gated,M2_Deep_gated,42,64.26,65.2,63.92802080994068,0.0145221152448948,-0.005179578094068826
2025-05-16,2025-05-23,M2_Deep,gated,m2_deep_gated,M2_Deep_gated,42,65.2,65.41,65.36767953236057,0.003215683040514,0.0025684706221863474
2025-05-23,2025-05-30,M2_Deep,gated,m2_deep_gated,M2_Deep_gated,42,65.41,64.32,65.07584310062933,-0.0168045271024105,-0.005121745346540085
2025-05-30,2025-06-06,M2_Deep,gated,m2_deep_gated,M2_Deep_gated,42,64.32,68.02,64.09924153077912,0.0559311547083385,-0.0034380936072415658
2025-06-06,2025-06-13,M2_Deep,gated,m2_deep_gated,M2_Deep_gated,42,68.02,76.0,67.65350402195547,0.1109315607072818,-0.0054026299702219505
2025-06-13,2025-06-20,M2_Deep,gated,m2_deep_gated,M2_Deep_gated,42,76.0,78.73,75.30041587371056,0.0352909369100447,-0.009247682604491825
2025-06-20,2025-06-27,M2_Deep,gated,m2_deep_gated,M2_Deep_gated,42,78.73,69.37,78.40094561300631,-0.1265697797991659,-0.004188288522365025
2025-06-27,2025-07-04,M2_Deep,gated,m2_deep_gated,M2_Deep_gated,42,69.37,71.03,69.04863689755072,0.0236478256125086,-0.00464335853979192
2025-07-04,2025-07-11,M2_Deep,gated,m2_deep_gated,M2_Deep_gated,42,71.03,72.06,70.27468407095377,0.0143967823102286,-0.01069070183798937
2025-07-11,2025-07-18,M2_Deep,gated,m2_deep_gated,M2_Deep_gated,42,72.06,71.06,71.3686442091246,-0.0139745147270661,-0.009640489166918065
2025-07-18,2025-07-25,M2_Deep,gated,m2_deep_gated,M2_Deep_gated,42,71.06,69.23,70.67862680777674,-0.0260902959029469,-0.005381371629823883
2025-07-25,2025-08-01,M2_Deep,gated,m2_deep_gated,M2_Deep_gated,42,69.23,70.55,68.99867185352643,0.0188873836088888,-0.003347038777546385
2025-08-01,2025-08-08,M2_Deep,gated,m2_deep_gated,M2_Deep_gated,42,70.55,67.17,69.68313753976182,-0.0490949590200498,-0.012363318930155187
2025-08-08,2025-08-15,M2_Deep,gated,m2_deep_gated,M2_Deep_gated,42,67.17,67.3,66.8696585854717,0.001933517371909,-0.0044813888716249695
2025-08-15,2025-08-22,M2_Deep,gated,m2_deep_gated,M2_Deep_gated,42,67.3,68.29,66.92343805255885,0.0146031063223159,-0.005610986290487674
2025-08-22,2025-08-29,M2_Deep,gated,m2_deep_gated,M2_Deep_gated,42,68.29,67.83,67.40342487726193,-0.0067587680150098,-0.013067512143035254
2025-08-29,2025-09-05,M2_Deep,gated,m2_deep_gated,M2_Deep_gated,42,67.83,64.92,67.19604189204512,-0.0438488323115976,-0.009390229579577136
2025-09-05,2025-09-12,M2_Deep,gated,m2_deep_gated,M2_Deep_gated,42,64.92,67.87,64.3957516679743,0.0444383680692765,-0.008108079600657403
2025-09-12,2025-09-19,M2_Deep,gated,m2_deep_gated,M2_Deep_gated,42,67.87,67.05,67.39821537575432,-0.0121555009879795,-0.006975571252492263
2025-09-19,2025-09-26,M2_Deep,gated,m2_deep_gated,M2_Deep_gated,42,67.05,71.15,66.89359117086163,0.0593517148081739,-0.0023354443294054117
2025-09-26,2025-10-03,M2_Deep,gated,m2_deep_gated,M2_Deep_gated,42,71.15,66.13,70.60312991511117,-0.0731678228492905,-0.007715847944117726
2025-10-03,2025-10-10,M2_Deep,gated,m2_deep_gated,M2_Deep_gated,42,66.13,64.41,66.10392581185327,-0.0263536011277715,-0.0003943645826828823
2025-10-10,2025-10-17,M2_Deep,gated,m2_deep_gated,M2_Deep_gated,42,64.41,61.23,63.92319163353305,-0.0506316350689361,-0.007586668658760676
2025-10-17,2025-10-24,M2_Deep,gated,m2_deep_gated,M2_Deep_gated,42,61.23,65.8,60.31957127728768,0.0719825728414084,-0.014980649287441805
2025-10-24,2025-10-31,M2_Deep,gated,m2_deep_gated,M2_Deep_gated,42,65.8,65.44,65.53066109354306,-0.0054861460367799,-0.004101696920208064
2025-10-31,2025-11-07,M2_Deep,gated,m2_deep_gated,M2_Deep_gated,42,65.44,63.72,64.9337953385096,-0.0266352072526438,-0.0077654747100289745
2025-11-07,2025-11-14,M2_Deep,gated,m2_deep_gated,M2_Deep_gated,42,63.72,63.45,64.43459130758902,-0.004246290881451,0.011152135970065702
2025-11-14,2025-11-21,M2_Deep,gated,m2_deep_gated,M2_Deep_gated,42,63.45,62.78,62.65138026879296,-0.0106156427465891,-0.012666481635740912
2025-11-21,2025-11-28,M2_Deep,gated,m2_deep_gated,M2_Deep_gated,42,62.78,64.07,62.05458742677376,0.0203396842371225,-0.011622111363428389
2025-11-28,2025-12-05,M2_Deep,gated,m2_deep_gated,M2_Deep_gated,42,64.07,64.42,64.34810015240065,0.0054479082521227,0.004331174294156304
2025-12-05,2025-12-12,M2_Deep,gated,m2_deep_gated,M2_Deep_gated,42,64.42,62.11,64.29790275067315,-0.0365171373318411,-0.0018971298216906018
2025-12-12,2025-12-19,M2_Deep,gated,m2_deep_gated,M2_Deep_gated,42,62.11,61.35,61.94138673165569,-0.0123118354142911,-0.002718443971059026
2025-12-19,2025-12-26,M2_Deep,gated,m2_deep_gated,M2_Deep_gated,42,61.35,63.7,61.136745060553196,0.0375893914211972,-0.003482093590081975
2021-01-22,2021-01-29,M2_Deep,xattn,m2_deep_xattn,M2_Deep_XAttn,42,55.22,55.25,54.325869170755546,0.0005431338958538,-0.01632468102582907
2021-01-29,2021-02-05,M2_Deep,xattn,m2_deep_xattn,M2_Deep_XAttn,42,55.25,59.48,50.14543449134709,0.0737717811940921,-0.0969408671959151
2021-02-05,2021-02-12,M2_Deep,xattn,m2_deep_xattn,M2_Deep_XAttn,42,59.48,62.47,57.59151908201317,0.0490463199135243,-0.03226480289020417
2021-02-12,2021-02-19,M2_Deep,xattn,m2_deep_xattn,M2_Deep_XAttn,42,62.47,62.84,61.39368062190558,0.005905371881942,-0.017379533116495205
2021-02-19,2021-02-26,M2_Deep,xattn,m2_deep_xattn,M2_Deep_XAttn,42,62.84,65.86,58.165479271364596,0.0469394635607977,-0.07729977429422519
2021-02-26,2021-03-05,M2_Deep,xattn,m2_deep_xattn,M2_Deep_XAttn,42,65.86,69.95,63.72841570191659,0.060249424163272,-0.03290072746472994
2021-03-05,2021-03-12,M2_Deep,xattn,m2_deep_xattn,M2_Deep_XAttn,42,69.95,68.87,68.85176857696278,-0.0155600315548833,-0.015824788874399198
2021-03-12,2021-03-19,M2_Deep,xattn,m2_deep_xattn,M2_Deep_XAttn,42,68.87,64.0,68.09758618284441,-0.073337586196935,-0.011278902215174025
2021-03-19,2021-03-26,M2_Deep,xattn,m2_deep_xattn,M2_Deep_XAttn,42,64.0,63.77,63.18871932388729,-0.0036002230324915,-0.01275728984904545
2021-03-26,2021-04-02,M2_Deep,xattn,m2_deep_xattn,M2_Deep_XAttn,42,63.77,63.85,62.66187590557359,0.0012537221513679,-0.017529637402977305
2021-04-02,2021-04-09,M2_Deep,xattn,m2_deep_xattn,M2_Deep_XAttn,42,63.85,61.89,62.68249016718636,-0.0311779667272782,-0.018454437522274714
2021-04-09,2021-04-16,M2_Deep,xattn,m2_deep_xattn,M2_Deep_XAttn,42,61.89,65.98,60.48422690486186,0.0639930500491652,-0.022975997022171235
2021-04-16,2021-04-23,M2_Deep,xattn,m2_deep_xattn,M2_Deep_XAttn,42,65.98,65.75,64.99115142039092,-0.0034919947425615,-0.015100537165585126
2021-04-23,2021-04-30,M2_Deep,xattn,m2_deep_xattn,M2_Deep_XAttn,42,65.75,67.73,64.53350548680147,0.0296695421689385,-0.018675117219686954
2021-04-30,2021-05-07,M2_Deep,xattn,m2_deep_xattn,M2_Deep_XAttn,42,67.73,68.73,66.72362277053327,0.0146565719067016,-0.014970158530907107
2021-05-07,2021-05-14,M2_Deep,xattn,m2_deep_xattn,M2_Deep_XAttn,42,68.73,69.24,67.79620308250716,0.0073929451744944,-0.013679593488252317
2021-05-14,2021-05-21,M2_Deep,xattn,m2_deep_xattn,M2_Deep_XAttn,42,69.24,66.72,68.4380488950657,-0.037073972257517,-0.011649789944829902
2021-05-21,2021-05-28,M2_Deep,xattn,m2_deep_xattn,M2_Deep_XAttn,42,66.72,69.36,65.98628128163125,0.038805574421795,-0.011057896999042027
2021-05-28,2021-06-04,M2_Deep,xattn,m2_deep_xattn,M2_Deep_XAttn,42,69.36,71.3,68.62224710165887,0.0275859949479638,-0.010693548541447773
2021-06-04,2021-06-11,M2_Deep,xattn,m2_deep_xattn,M2_Deep_XAttn,42,71.3,72.05,70.9748330922327,0.0104639950252809,-0.004570976705647101
2021-06-11,2021-06-18,M2_Deep,xattn,m2_deep_xattn,M2_Deep_XAttn,42,72.05,73.1,71.49116584144524,0.0144680443102017,-0.007786435044177087
2021-06-18,2021-06-25,M2_Deep,xattn,m2_deep_xattn,M2_Deep_XAttn,42,73.1,76.45,71.23179702410889,0.0448085656193386,-0.025889060611024473
2021-06-25,2021-07-02,M2_Deep,xattn,m2_deep_xattn,M2_Deep_XAttn,42,76.45,77.51,76.67139177749452,0.0137700279183487,0.0028917178612114514
2021-07-02,2021-07-09,M2_Deep,xattn,m2_deep_xattn,M2_Deep_XAttn,42,77.51,77.14,77.27605343755857,-0.0047850075133383,-0.003022840047763653
2021-07-09,2021-07-16,M2_Deep,xattn,m2_deep_xattn,M2_Deep_XAttn,42,77.14,74.46,77.6897447370752,-0.0353598843355109,0.007101310516857695
2021-07-16,2021-07-23,M2_Deep,xattn,m2_deep_xattn,M2_Deep_XAttn,42,74.46,74.86,73.40280974911171,0.0053576340317122,-0.014299853596109968
2021-07-23,2021-07-30,M2_Deep,xattn,m2_deep_xattn,M2_Deep_XAttn,42,74.86,77.72,74.30654205236705,0.0374929220329564,-0.007420705471642641
2021-07-30,2021-08-06,M2_Deep,xattn,m2_deep_xattn,M2_Deep_XAttn,42,77.72,71.02,77.9096110035507,-0.0901510969942975,0.00243669692606463
2021-08-06,2021-08-13,M2_Deep,xattn,m2_deep_xattn,M2_Deep_XAttn,42,71.02,70.9,70.0824516272199,-0.0016910939768598,-0.01328909823358193
2021-08-13,2021-08-20,M2_Deep,xattn,m2_deep_xattn,M2_Deep_XAttn,42,70.9,65.51,70.19581873989728,-0.0790676307942968,-0.009981686389934796
2021-08-20,2021-08-27,M2_Deep,xattn,m2_deep_xattn,M2_Deep_XAttn,42,65.51,72.26,64.06051514615106,0.0980679229757092,-0.022374616975514794
2021-08-27,2021-09-03,M2_Deep,xattn,m2_deep_xattn,M2_Deep_XAttn,42,72.26,73.07,71.99676665750911,0.0111471600836321,-0.003649515246407997
2021-09-03,2021-09-10,M2_Deep,xattn,m2_deep_xattn,M2_Deep_XAttn,42,73.07,72.44,73.08342959376556,-0.0086592527879137,0.00018377391267099252
2021-09-10,2021-09-17,M2_Deep,xattn,m2_deep_xattn,M2_Deep_XAttn,42,72.44,74.64,71.66081251059884,0.0299179235238758,-0.010814582790754868
2021-09-17,2021-09-24,M2_Deep,xattn,m2_deep_xattn,M2_Deep_XAttn,42,74.64,77.42,73.84665435835443,0.0365685886104137,-0.010685851792329282
2021-09-24,2021-10-01,M2_Deep,xattn,m2_deep_xattn,M2_Deep_XAttn,42,77.42,79.4,77.18137837013761,0.0252532231035881,-0.0030869300373151942
2021-10-01,2021-10-08,M2_Deep,xattn,m2_deep_xattn,M2_Deep_XAttn,42,79.4,82.17,78.19823186755681,0.0342919036900064,-0.015251331346742392
2021-10-08,2021-10-15,M2_Deep,xattn,m2_deep_xattn,M2_Deep_XAttn,42,82.17,84.67,82.59255086268249,0.0299710757110894,0.005129221256578553
2021-10-15,2021-10-22,M2_Deep,xattn,m2_deep_xattn,M2_Deep_XAttn,42,84.67,85.43,84.77583843127698,0.0089359795093414,0.0012492303856016518
2021-10-22,2021-10-29,M2_Deep,xattn,m2_deep_xattn,M2_Deep_XAttn,42,85.43,83.1,86.99866218850781,-0.0276526253021248,0.018195414229238538
2021-10-29,2021-11-05,M2_Deep,xattn,m2_deep_xattn,M2_Deep_XAttn,42,83.1,82.43,84.57086605036747,-0.0080952535362662,0.017545132513703376
2021-11-05,2021-11-12,M2_Deep,xattn,m2_deep_xattn,M2_Deep_XAttn,42,82.43,82.9,83.79652446314297,0.0056856138161131,0.016442084115985245
2021-11-12,2021-11-19,M2_Deep,xattn,m2_deep_xattn,M2_Deep_XAttn,42,82.9,80.24,84.55709451874253,-0.0326129184875693,0.019791918834465405
2021-11-19,2021-11-26,M2_Deep,xattn,m2_deep_xattn,M2_Deep_XAttn,42,80.24,72.37,79.64298532014253,-0.1032302947756436,-0.007468179975121836
2021-11-26,2021-12-03,M2_Deep,xattn,m2_deep_xattn,M2_Deep_XAttn,42,72.37,70.71,69.17368092463651,-0.023204843261887,-0.0451713920585366
2021-12-03,2021-12-10,M2_Deep,xattn,m2_deep_xattn,M2_Deep_XAttn,42,70.71,74.98,69.60105013070405,0.0586344056916167,-0.015807350304771095
2021-12-10,2021-12-17,M2_Deep,xattn,m2_deep_xattn,M2_Deep_XAttn,42,74.98,72.97,75.93885259826793,-0.0271730135302372,0.012707034062121703
2021-12-17,2021-12-24,M2_Deep,xattn,m2_deep_xattn,M2_Deep_XAttn,42,72.97,75.24,70.84715258578564,0.0306346066553009,-0.029523621781047282
2021-12-24,2021-12-31,M2_Deep,xattn,m2_deep_xattn,M2_Deep_XAttn,42,75.24,77.24,76.15185362883626,0.0262344531274841,0.012046416422146877
2021-12-31,2022-01-07,M2_Deep,xattn,m2_deep_xattn,M2_Deep_XAttn,42,77.24,82.28,76.69600544923334,0.0632106072244427,-0.007067830735848379
2022-01-07,2022-01-14,M2_Deep,xattn,m2_deep_xattn,M2_Deep_XAttn,42,82.28,87.17,83.08411076775795,0.0577321702387283,0.009725412630252728
2022-01-14,2022-01-21,M2_Deep,xattn,m2_deep_xattn,M2_Deep_XAttn,42,87.17,89.75,87.86474314034295,0.0291677923449035,0.007938387274636471
2022-01-21,2022-01-28,M2_Deep,xattn,m2_deep_xattn,M2_Deep_XAttn,42,89.75,91.47,89.64244977089227,0.0189830222998847,-0.0011990498165411756
2022-01-28,2022-02-04,M2_Deep,xattn,m2_deep_xattn,M2_Deep_XAttn,42,91.47,96.86,91.00304511277814,0.0572555873068098,-0.005118080933507629
2022-02-04,2022-02-11,M2_Deep,xattn,m2_deep_xattn,M2_Deep_XAttn,42,96.86,97.5,97.11107311353804,0.0065857410287184,0.002588770064799961
2022-02-11,2022-02-18,M2_Deep,xattn,m2_deep_xattn,M2_Deep_XAttn,42,97.5,96.18,97.20835538453534,-0.0136309421542848,-0.0029957094855730393
2022-02-18,2022-02-25,M2_Deep,xattn,m2_deep_xattn,M2_Deep_XAttn,42,96.18,98.56,96.23433639813395,0.024444063935693,0.0005647853543082615
2022-02-25,2022-03-04,M2_Deep,xattn,m2_deep_xattn,M2_Deep_XAttn,42,98.56,123.86,97.86505397371776,0.2284863957247052,-0.007075970318916713
2022-03-04,2022-03-11,M2_Deep,xattn,m2_deep_xattn,M2_Deep_XAttn,42,123.86,118.11,122.6702262901909,-0.047535501886159,-0.009652227760092558
2022-03-11,2022-03-18,M2_Deep,xattn,m2_deep_xattn,M2_Deep_XAttn,42,118.11,114.32,115.5004869133051,-0.0326148600021439,-0.022341647971182432
2022-03-18,2022-03-25,M2_Deep,xattn,m2_deep_xattn,M2_Deep_XAttn,42,114.32,122.67,112.21238801978137,0.0704962894230488,-0.018608136469289605
2022-03-25,2022-04-01,M2_Deep,xattn,m2_deep_xattn,M2_Deep_XAttn,42,122.67,106.13,120.9195961464943,-0.1448330652709296,-0.014371992979418158
2022-04-01,2022-04-08,M2_Deep,xattn,m2_deep_xattn,M2_Deep_XAttn,42,106.13,101.26,104.45733648642913,-0.0469732912319679,-0.015886033018770895
2022-04-08,2022-04-15,M2_Deep,xattn,m2_deep_xattn,M2_Deep_XAttn,42,101.26,110.83,99.26113270807276,0.0903060292457984,-0.019937384921559165
2022-04-15,2022-04-22,M2_Deep,xattn,m2_deep_xattn,M2_Deep_XAttn,42,110.83,105.15,110.20102663206735,-0.0526095936388528,-0.005691283031675987
2022-04-22,2022-04-29,M2_Deep,xattn,m2_deep_xattn,M2_Deep_XAttn,42,105.15,108.36,103.63348824132018,0.0300711150681855,-0.014527378983332007
2022-04-29,2022-05-06,M2_Deep,xattn,m2_deep_xattn,M2_Deep_XAttn,42,108.36,113.86,106.34533541749782,0.0495106063060414,-0.018767337204884438
2022-05-06,2022-05-13,M2_Deep,xattn,m2_deep_xattn,M2_Deep_XAttn,42,113.86,112.12,114.41888849744963,-0.0153998972263482,0.004896551037171681
2022-05-13,2022-05-20,M2_Deep,xattn,m2_deep_xattn,M2_Deep_XAttn,42,112.12,113.63,111.87998395011054,0.01337782963333,-0.002143001419126489
2022-05-20,2022-05-27,M2_Deep,xattn,m2_deep_xattn,M2_Deep_XAttn,42,113.63,121.19,114.01333715238852,0.0644120060504783,0.0033678781862929164
2022-05-27,2022-06-03,M2_Deep,xattn,m2_deep_xattn,M2_Deep_XAttn,42,121.19,125.68,120.83791493003692,0.0363794319669697,-0.0029094604102202215
2022-06-03,2022-06-10,M2_Deep,xattn,m2_deep_xattn,M2_Deep_XAttn,42,125.68,127.44,126.2474855276158,0.0139066716544272,0.004505157396820891
2022-06-10,2022-06-17,M2_Deep,xattn,m2_deep_xattn,M2_Deep_XAttn,42,127.44,119.22,128.3949714311886,-0.0666751398100125,0.007465561578665403
2022-06-17,2022-06-24,M2_Deep,xattn,m2_deep_xattn,M2_Deep_XAttn,42,119.22,117.36,118.25447474339265,-0.0157243919570542,-0.008131657753949195
2022-06-24,2022-07-01,M2_Deep,xattn,m2_deep_xattn,M2_Deep_XAttn,42,117.36,119.21,117.43279276270191,0.0156405098951838,0.0006200596208906228
2022-07-01,2022-07-08,M2_Deep,xattn,m2_deep_xattn,M2_Deep_XAttn,42,119.21,113.95,119.78745668723424,-0.0451268880382168,0.004832334359892387
2022-07-08,2022-07-15,M2_Deep,xattn,m2_deep_xattn,M2_Deep_XAttn,42,113.95,112.26,114.36430222630045,-0.0149421461776399,0.0036292310819137086
2022-07-15,2022-07-22,M2_Deep,xattn,m2_deep_xattn,M2_Deep_XAttn,42,112.26,106.77,111.57047883466763,-0.0501406213238422,-0.006161121131246006
2022-07-22,2022-07-29,M2_Deep,xattn,m2_deep_xattn,M2_Deep_XAttn,42,106.77,111.51,106.10679764224922,0.0434372847870595,-0.006230876363845894
2022-07-29,2022-08-05,M2_Deep,xattn,m2_deep_xattn,M2_Deep_XAttn,42,111.51,100.31,111.06075184122176,-0.1058488820818767,-0.004036907501672626
2022-08-05,2022-08-12,M2_Deep,xattn,m2_deep_xattn,M2_Deep_XAttn,42,100.31,103.7,100.30995547100852,0.0332367243400878,-4.4391388054343395e-07
2022-08-12,2022-08-19,M2_Deep,xattn,m2_deep_xattn,M2_Deep_XAttn,42,103.7,96.45,104.1045479515087,-0.0724773758837435,0.003893547726128155
2022-08-19,2022-08-26,M2_Deep,xattn,m2_deep_xattn,M2_Deep_XAttn,42,96.45,101.13,95.8166073805287,0.0473820785623409,-0.006588714696308617
2022-08-26,2022-09-02,M2_Deep,xattn,m2_deep_xattn,M2_Deep_XAttn,42,101.13,93.09,100.7438474711977,-0.0828400507856804,-0.003825686235366721
2022-09-02,2022-09-09,M2_Deep,xattn,m2_deep_xattn,M2_Deep_XAttn,42,93.09,91.68,92.02666259354129,-0.015262514161969,-0.011488421267034088
2022-09-09,2022-09-16,M2_Deep,xattn,m2_deep_xattn,M2_Deep_XAttn,42,91.68,89.43,92.37558920547876,-0.0248480566083396,0.0075585046900248365
2022-09-16,2022-09-23,M2_Deep,xattn,m2_deep_xattn,M2_Deep_XAttn,42,89.43,84.29,87.96807945172282,-0.0591929623486989,-0.016482181186743716
2022-09-23,2022-09-30,M2_Deep,xattn,m2_deep_xattn,M2_Deep_XAttn,42,84.29,88.9,82.43885488856296,0.0532489085104681,-0.022206368324226844
2022-09-30,2022-10-07,M2_Deep,xattn,m2_deep_xattn,M2_Deep_XAttn,42,88.9,98.88,87.19277902047124,0.1063948511895216,-0.019390624432078063
2022-10-07,2022-10-14,M2_Deep,xattn,m2_deep_xattn,M2_Deep_XAttn,42,98.88,92.22,98.61104545503697,-0.0697299669308211,-0.002723715504326485
2022-10-14,2022-10-21,M2_Deep,xattn,m2_deep_xattn,M2_Deep_XAttn,42,92.22,91.82,91.88772630061493,-0.0043468879574835,-0.0036095612805162602
2022-10-21,2022-10-28,M2_Deep,xattn,m2_deep_xattn,M2_Deep_XAttn,42,91.82,94.64,90.67031303420558,0.0302500808490554,-0.012600144712849648
2022-10-28,2022-11-04,M2_Deep,xattn,m2_deep_xattn,M2_Deep_XAttn,42,94.64,99.53,94.18737241910738,0.0503788865878407,-0.00479409782599477
2022-11-04,2022-11-11,M2_Deep,xattn,m2_deep_xattn,M2_Deep_XAttn,42,99.53,96.37,99.55804815016977,-0.032264156394776,0.00028176629000020714
2022-11-11,2022-11-18,M2_Deep,xattn,m2_deep_xattn,M2_Deep_XAttn,42,96.37,88.93,95.75715798819908,-0.0803454064516473,-0.0063795675397007034
2022-11-18,2022-11-25,M2_Deep,xattn,m2_deep_xattn,M2_Deep_XAttn,42,88.93,83.4,87.62367425348002,-0.0642012340468476,-0.014798327946086598
2022-11-25,2022-12-02,M2_Deep,xattn,m2_deep_xattn,M2_Deep_XAttn,42,83.4,86.54,82.35871495322597,0.0369584254320376,-0.01256403012885332
2022-12-02,2022-12-09,M2_Deep,xattn,m2_deep_xattn,M2_Deep_XAttn,42,86.54,76.37,85.85223474780773,-0.125016785896446,-0.007979116949794252
2022-12-09,2022-12-16,M2_Deep,xattn,m2_deep_xattn,M2_Deep_XAttn,42,76.37,80.2,75.90854243532593,0.0489335659721759,-0.006060722276803321
2022-12-16,2022-12-23,M2_Deep,xattn,m2_deep_xattn,M2_Deep_XAttn,42,80.2,82.45,79.03889100700793,0.027668534133139,-0.01458349231307099
2022-12-23,2022-12-30,M2_Deep,xattn,m2_deep_xattn,M2_Deep_XAttn,42,82.45,82.82,82.15075182197377,0.0044775291118132,-0.003636052744686036
2022-12-30,2023-01-06,M2_Deep,xattn,m2_deep_xattn,M2_Deep_XAttn,42,82.82,76.41,83.09592799194903,-0.0805560004579458,0.0033261212431259235
2023-01-06,2023-01-13,M2_Deep,xattn,m2_deep_xattn,M2_Deep_XAttn,42,76.41,83.43,74.26712654538508,0.087894379254508,-0.028445166030812707
2023-01-13,2023-01-20,M2_Deep,xattn,m2_deep_xattn,M2_Deep_XAttn,42,83.43,86.96,82.7073806834136,0.0414402858989706,-0.008699112392400288
2023-01-20,2023-01-27,M2_Deep,xattn,m2_deep_xattn,M2_Deep_XAttn,42,86.96,85.36,86.27773194033419,-0.018570635819456,-0.007876708838089996
2023-01-27,2023-02-03,M2_Deep,xattn,m2_deep_xattn,M2_Deep_XAttn,42,85.36,78.85,83.54835324920091,-0.0793302935844505,-0.021452061910537168
2023-02-03,2023-02-10,M2_Deep,xattn,m2_deep_xattn,M2_Deep_XAttn,42,78.85,85.46,78.15884196699514,0.0805011168068314,-0.008804121969092193
2023-02-10,2023-02-17,M2_Deep,xattn,m2_deep_xattn,M2_Deep_XAttn,42,85.46,81.97,85.05481976979317,-0.0416951035509395,-0.004752443140844775
2023-02-17,2023-02-24,M2_Deep,xattn,m2_deep_xattn,M2_Deep_XAttn,42,81.97,82.31,81.8699829033314,0.0041392803196134,-0.0012209121036299564
2023-02-24,2023-03-03,M2_Deep,xattn,m2_deep_xattn,M2_Deep_XAttn,42,82.31,85.74,81.3340987702594,0.0408268541852784,-0.01192725929399785
2023-03-03,2023-03-10,M2_Deep,xattn,m2_deep_xattn,M2_Deep_XAttn,42,85.74,82.3,83.39964491467259,-0.0409483534868068,-0.027675409432028175
2023-03-10,2023-03-17,M2_Deep,xattn,m2_deep_xattn,M2_Deep_XAttn,42,82.3,71.03,80.68469502776698,-0.1472687846733054,-0.019822203085325896
2023-03-17,2023-03-24,M2_Deep,xattn,m2_deep_xattn,M2_Deep_XAttn,42,71.03,73.63,68.47004289064861,0.0359502283709067,-0.03670600346174524
2023-03-24,2023-03-31,M2_Deep,xattn,m2_deep_xattn,M2_Deep_XAttn,42,73.63,79.19,72.58264258262045,0.0727974768416957,-0.014326741018759748
2023-03-31,2023-04-07,M2_Deep,xattn,m2_deep_xattn,M2_Deep_XAttn,42,79.19,86.56,78.0211650959028,0.0889877868758503,-0.014869890957402987
2023-04-07,2023-04-14,M2_Deep,xattn,m2_deep_xattn,M2_Deep_XAttn,42,86.56,87.31,85.09836806948448,0.0086271887245447,-0.017029956324520867
2023-04-14,2023-04-21,M2_Deep,xattn,m2_deep_xattn,M2_Deep_XAttn,42,87.31,83.36,87.44747298789349,-0.0462964258176594,0.0015733005736464634
2023-04-21,2023-04-28,M2_Deep,xattn,m2_deep_xattn,M2_Deep_XAttn,42,83.36,81.32,82.29993996369613,-0.0247765892449109,-0.012798199803512156
2023-04-28,2023-05-05,M2_Deep,xattn,m2_deep_xattn,M2_Deep_XAttn,42,81.32,75.85,80.30637210400222,-0.0696342829656046,-0.012543017232205633
2023-05-05,2023-05-12,M2_Deep,xattn,m2_deep_xattn,M2_Deep_XAttn,42,75.85,74.54,75.43221041027742,-0.0174218117434287,-0.005523328231653413
2023-05-12,2023-05-19,M2_Deep,xattn,m2_deep_xattn,M2_Deep_XAttn,42,74.54,75.42,74.5352338024573,0.0117365977790986,-6.394351929239761e-05
2023-05-19,2023-05-26,M2_Deep,xattn,m2_deep_xattn,M2_Deep_XAttn,42,75.42,76.33,75.69515185981605,0.0119935539801678,0.003641622438317227
2023-05-26,2023-06-02,M2_Deep,xattn,m2_deep_xattn,M2_Deep_XAttn,42,76.33,76.0,76.04282844193044,-0.0043327055240478,-0.003769332117987245
2023-06-02,2023-06-09,M2_Deep,xattn,m2_deep_xattn,M2_Deep_XAttn,42,76.0,74.74,75.57963881008601,-0.0167179162289933,-0.005546421285033798
2023-06-09,2023-06-16,M2_Deep,xattn,m2_deep_xattn,M2_Deep_XAttn,42,74.74,76.76,74.92211123051538,0.0266682470821614,0.002433632920163964
2023-06-16,2023-06-23,M2_Deep,xattn,m2_deep_xattn,M2_Deep_XAttn,42,76.76,73.56,76.80984099642798,-0.0425822714033789,0.0006490987794809389
2023-06-23,2023-06-30,M2_Deep,xattn,m2_deep_xattn,M2_Deep_XAttn,42,73.56,74.51,74.049050138731,0.0128319448295158,0.006626313599414235
2023-06-30,2023-07-07,M2_Deep,xattn,m2_deep_xattn,M2_Deep_XAttn,42,74.51,78.77,74.13245715074713,0.0555988691495966,-0.0050798899368696415
2023-07-07,2023-07-14,M2_Deep,xattn,m2_deep_xattn,M2_Deep_XAttn,42,78.77,79.9,78.14388628224249,0.0142436390569961,-0.007980390461435727
2023-07-14,2023-07-21,M2_Deep,xattn,m2_deep_xattn,M2_Deep_XAttn,42,79.9,81.06,78.80300101546531,0.0144137684279334,-0.013824772680965491
2023-07-21,2023-07-28,M2_Deep,xattn,m2_deep_xattn,M2_Deep_XAttn,42,81.06,84.49,81.51288374136267,0.0414435629645908,0.0055714692690049805
2023-07-28,2023-08-04,M2_Deep,xattn,m2_deep_xattn,M2_Deep_XAttn,42,84.49,87.38,84.58234881701851,0.0336332393585364,0.0010924178536417806
2023-08-04,2023-08-11,M2_Deep,xattn,m2_deep_xattn,M2_Deep_XAttn,42,87.38,87.93,87.49650002827329,0.0062746198676211,0.0013323693633938705
2023-08-11,2023-08-18,M2_Deep,xattn,m2_deep_xattn,M2_Deep_XAttn,42,87.93,85.92,88.21132888269229,-0.0231244126303562,0.003194356755431671
2023-08-18,2023-08-25,M2_Deep,xattn,m2_deep_xattn,M2_Deep_XAttn,42,85.92,85.42,86.47147199530309,-0.0058363653472341,0.006397925257629056
2023-08-25,2023-09-01,M2_Deep,xattn,m2_deep_xattn,M2_Deep_XAttn,42,85.42,89.98,85.25568663767342,0.0520071579997058,-0.0019254460471481716
2023-09-01,2023-09-08,M2_Deep,xattn,m2_deep_xattn,M2_Deep_XAttn,42,89.98,91.85,89.8613132267302,0.0205693882481082,-0.0013199057365759215
2023-09-08,2023-09-15,M2_Deep,xattn,m2_deep_xattn,M2_Deep_XAttn,42,91.85,95.55,92.24804803995801,0.0394928590251474,0.004324311577187601
2023-09-15,2023-09-22,M2_Deep,xattn,m2_deep_xattn,M2_Deep_XAttn,42,95.55,93.99,95.16719257806226,-0.0164612770540719,-0.004014404059281884
2023-09-22,2023-09-29,M2_Deep,xattn,m2_deep_xattn,M2_Deep_XAttn,42,93.99,95.86,94.18700003639597,0.0197004000992753,0.0020937745667831686
2023-09-29,2023-10-06,M2_Deep,xattn,m2_deep_xattn,M2_Deep_XAttn,42,95.86,87.86,96.03394903387647,-0.0871441551838517,0.0018129709915066794
2023-10-06,2023-10-13,M2_Deep,xattn,m2_deep_xattn,M2_Deep_XAttn,42,87.86,94.33,87.52481488613321,0.0710546341141284,-0.0038222866919088716
2023-10-13,2023-10-20,M2_Deep,xattn,m2_deep_xattn,M2_Deep_XAttn,42,94.33,93.72,93.0185080890914,-0.0064876590221669,-0.014000787598049236
2023-10-20,2023-10-27,M2_Deep,xattn,m2_deep_xattn,M2_Deep_XAttn,42,93.72,90.73,93.45393851376627,-0.0324235504580573,-0.0028429349464453857
2023-10-27,2023-11-03,M2_Deep,xattn,m2_deep_xattn,M2_Deep_XAttn,42,90.73,87.55,89.29256993777912,-0.0356780044496768,-0.015969782145010214
2023-11-03,2023-11-10,M2_Deep,xattn,m2_deep_xattn,M2_Deep_XAttn,42,87.55,83.66,88.32631227502256,-0.0454490927178085,0.008827991748266761
2023-11-10,2023-11-17,M2_Deep,xattn,m2_deep_xattn,M2_Deep_XAttn,42,83.66,81.22,85.94651635253436,-0.0295994437559005,0.02696423390013969
2023-11-17,2023-11-24,M2_Deep,xattn,m2_deep_xattn,M2_Deep_XAttn,42,81.22,79.82,80.38989260312364,-0.0173874226375639,-0.010273067867381691
2023-11-24,2023-12-01,M2_Deep,xattn,m2_deep_xattn,M2_Deep_XAttn,42,79.82,78.72,80.0197387386413,-0.0138768468765897,0.0024992388524252007
2023-12-01,2023-12-08,M2_Deep,xattn,m2_deep_xattn,M2_Deep_XAttn,42,78.72,75.94,77.06674480535841,-0.0359536979403416,-0.02122539070403917
2023-12-08,2023-12-15,M2_Deep,xattn,m2_deep_xattn,M2_Deep_XAttn,42,75.94,76.84,78.19665085435646,0.0117817830966997,0.029283263881060506
2023-12-15,2023-12-22,M2_Deep,xattn,m2_deep_xattn,M2_Deep_XAttn,42,76.84,80.23,75.99460811859136,0.0431721718652087,-0.011062945938806301
2023-12-22,2023-12-29,M2_Deep,xattn,m2_deep_xattn,M2_Deep_XAttn,42,80.23,77.69,76.6920734099797,-0.0321709608032353,-0.04509915210469728
2023-12-29,2024-01-05,M2_Deep,xattn,m2_deep_xattn,M2_Deep_XAttn,42,77.69,78.31,76.67355409900074,0.007948759800517,-0.013169696668339448
2024-01-05,2024-01-12,M2_Deep,xattn,m2_deep_xattn,M2_Deep_XAttn,42,78.31,79.89,76.8184451252968,0.0199753797311041,-0.019230526543331905
2024-01-12,2024-01-19,M2_Deep,xattn,m2_deep_xattn,M2_Deep_XAttn,42,79.89,80.71,78.10069105369034,0.0102117948423304,-0.02265178336875806
2024-01-19,2024-01-26,M2_Deep,xattn,m2_deep_xattn,M2_Deep_XAttn,42,80.71,83.34,80.47365494624253,0.0320661426580264,-0.002932620224079585
2024-01-26,2024-02-02,M2_Deep,xattn,m2_deep_xattn,M2_Deep_XAttn,42,83.34,79.54,82.48414794514215,-0.0466685862147627,-0.010322497235591754
2024-02-02,2024-02-09,M2_Deep,xattn,m2_deep_xattn,M2_Deep_XAttn,42,79.54,83.58,77.69440149141087,0.0495442172402245,-0.02347683787947119
2024-02-09,2024-02-16,M2_Deep,xattn,m2_deep_xattn,M2_Deep_XAttn,42,83.58,84.88,82.9392991639936,0.0154342372859582,-0.0076952521529136675
2024-02-16,2024-02-23,M2_Deep,xattn,m2_deep_xattn,M2_Deep_XAttn,42,84.88,84.18,84.00947509355015,-0.0082811309633029,-0.010308903090972876
2024-02-23,2024-03-01,M2_Deep,xattn,m2_deep_xattn,M2_Deep_XAttn,42,84.18,84.82,82.90646178592942,0.0075740007040198,-0.01524435748459041
2024-03-01,2024-03-08,M2_Deep,xattn,m2_deep_xattn,M2_Deep_XAttn,42,84.82,84.29,83.36945342658264,-0.0062681300370536,-0.017249387641783187
2024-03-08,2024-03-15,M2_Deep,xattn,m2_deep_xattn,M2_Deep_XAttn,42,84.29,85.39,82.66961981840412,0.0129657639101239,-0.01941105354086403
2024-03-15,2024-03-22,M2_Deep,xattn,m2_deep_xattn,M2_Deep_XAttn,42,85.39,84.87,85.26179670106653,-0.0061083239379291,-0.0015025136040822673
2024-03-22,2024-03-29,M2_Deep,xattn,m2_deep_xattn,M2_Deep_XAttn,42,84.87,86.17,84.43402687441096,0.0152014152700899,-0.005150191608557009
2024-03-29,2024-04-05,M2_Deep,xattn,m2_deep_xattn,M2_Deep_XAttn,42,86.17,92.81,84.65205616408662,0.074232303355626,-0.017772690783402822
2024-04-05,2024-04-12,M2_Deep,xattn,m2_deep_xattn,M2_Deep_XAttn,42,92.81,93.12,91.78778335613143,0.0033345913758262,-0.011075182745884149
2024-04-12,2024-04-19,M2_Deep,xattn,m2_deep_xattn,M2_Deep_XAttn,42,93.12,87.96,92.34362381899415,-0.0570068182965674,-0.008372323370725354
2024-04-19,2024-04-26,M2_Deep,xattn,m2_deep_xattn,M2_Deep_XAttn,42,87.96,89.95,86.11901944226503,0.0223717947099818,-0.021151879201978474
2024-04-26,2024-05-03,M2_Deep,xattn,m2_deep_xattn,M2_Deep_XAttn,42,89.95,83.6,88.9107022075727,-0.0732104403058862,-0.011621440335255695
2024-05-03,2024-05-10,M2_Deep,xattn,m2_deep_xattn,M2_Deep_XAttn,42,83.6,83.39,82.10246468462594,-0.0025151219917618,-0.018075483563684713
2024-05-10,2024-05-17,M2_Deep,xattn,m2_deep_xattn,M2_Deep_XAttn,42,83.39,82.24,81.68553264098757,-0.013886596392039,-0.02065149097096386
2024-05-17,2024-05-24,M2_Deep,xattn,m2_deep_xattn,M2_Deep_XAttn,42,82.24,78.92,81.3040425363574,-0.0412071205524403,-0.011446062694838943
2024-05-24,2024-05-31,M2_Deep,xattn,m2_deep_xattn,M2_Deep_XAttn,42,78.92,79.41,78.48346928822151,0.0061896237527049,-0.005546660857270513
2024-05-31,2024-06-07,M2_Deep,xattn,m2_deep_xattn,M2_Deep_XAttn,42,79.41,78.12,78.77218624571793,-0.0163781988986412,-0.008064336775496006
2024-06-07,2024-06-14,M2_Deep,xattn,m2_deep_xattn,M2_Deep_XAttn,42,78.12,81.49,77.5989445823014,0.0422342073236502,-0.00669227965533481
2024-06-14,2024-06-21,M2_Deep,xattn,m2_deep_xattn,M2_Deep_XAttn,42,81.49,86.42,80.57234982326982,0.0587388171716588,-0.011324776977997164
2024-06-21,2024-06-28,M2_Deep,xattn,m2_deep_xattn,M2_Deep_XAttn,42,86.42,87.26,86.3669139471034,0.0096730371916763,-0.0006144684612304774
2024-06-28,2024-07-05,M2_Deep,xattn,m2_deep_xattn,M2_Deep_XAttn,42,87.26,88.66,86.40222598231992,0.0159166616214437,-0.009878728533073478
2024-07-05,2024-07-12,M2_Deep,xattn,m2_deep_xattn,M2_Deep_XAttn,42,88.66,87.35,87.32790458994046,-0.0148857927368419,-0.015138777339894549
2024-07-12,2024-07-19,M2_Deep,xattn,m2_deep_xattn,M2_Deep_XAttn,42,87.35,85.19,86.48850971904197,-0.0250389805253164,-0.009911467083675962
2024-07-19,2024-07-26,M2_Deep,xattn,m2_deep_xattn,M2_Deep_XAttn,42,85.19,81.35,85.44750231140841,-0.0461232223897023,0.0030181232541206526
2024-07-26,2024-08-02,M2_Deep,xattn,m2_deep_xattn,M2_Deep_XAttn,42,81.35,78.35,80.6951439033865,-0.0375748648630169,-0.008082434878937894
2024-08-02,2024-08-09,M2_Deep,xattn,m2_deep_xattn,M2_Deep_XAttn,42,78.35,81.07,76.72955348950295,0.0341270101975859,-0.02089902187214876
2024-08-09,2024-08-16,M2_Deep,xattn,m2_deep_xattn,M2_Deep_XAttn,42,81.07,81.56,81.06131422805669,0.0060259667066386,-0.00010714490279650768
2024-08-16,2024-08-23,M2_Deep,xattn,m2_deep_xattn,M2_Deep_XAttn,42,81.56,80.34,80.37810316637601,-0.0150713167751182,-0.0145971552918851
2024-08-23,2024-08-30,M2_Deep,xattn,m2_deep_xattn,M2_Deep_XAttn,42,80.34,80.2,79.59385643073833,-0.0017441140586673,-0.009330719577731017
2024-08-30,2024-09-06,M2_Deep,xattn,m2_deep_xattn,M2_Deep_XAttn,42,80.2,72.82,79.98479588513709,-0.0965328721251816,-0.002686949696436347
2024-09-06,2024-09-13,M2_Deep,xattn,m2_deep_xattn,M2_Deep_XAttn,42,72.82,73.68,72.21082303555741,0.0117407491997641,-0.008400704543343185
2024-09-13,2024-09-20,M2_Deep,xattn,m2_deep_xattn,M2_Deep_XAttn,42,73.68,75.96,72.31778290673007,0.0304754939970335,-0.018661333043094697
2024-09-20,2024-09-27,M2_Deep,xattn,m2_deep_xattn,M2_Deep_XAttn,42,75.96,71.63,74.76064361046758,-0.0586929053177252,-0.01591529437200956
2024-09-27,2024-10-04,M2_Deep,xattn,m2_deep_xattn,M2_Deep_XAttn,42,71.63,79.32,71.40447691560148,0.1019763230252352,-0.003153411347322721
2024-10-04,2024-10-11,M2_Deep,xattn,m2_deep_xattn,M2_Deep_XAttn,42,79.32,80.27,78.58067529959894,0.0119056484918903,-0.009364495773543258
2024-10-11,2024-10-18,M2_Deep,xattn,m2_deep_xattn,M2_Deep_XAttn,42,80.27,72.75,79.5624266420402,-0.0983670460918835,-0.008853997843062067
2024-10-18,2024-10-25,M2_Deep,xattn,m2_deep_xattn,M2_Deep_XAttn,42,72.75,75.62,72.58024161266857,0.0386918924111849,-0.00233617535697217
2024-10-25,2024-11-01,M2_Deep,xattn,m2_deep_xattn,M2_Deep_XAttn,42,75.62,73.63,75.23952940800575,-0.0266682470821614,-0.005044048594895156
2024-11-01,2024-11-08,M2_Deep,xattn,m2_deep_xattn,M2_Deep_XAttn,42,73.63,74.04,73.13007267888933,0.0055529363246714,-0.006812878266872324
2024-11-08,2024-11-15,M2_Deep,xattn,m2_deep_xattn,M2_Deep_XAttn,42,74.04,73.45,73.73744419295103,-0.0080005850854105,-0.004094755210415191
2024-11-15,2024-11-22,M2_Deep,xattn,m2_deep_xattn,M2_Deep_XAttn,42,73.45,76.1,73.76030785600676,0.0354433622477538,0.004215850372545071
2024-11-22,2024-11-29,M2_Deep,xattn,m2_deep_xattn,M2_Deep_XAttn,42,76.1,74.16,74.58484452974807,-0.0258233436100404,-0.02011093473468284
2024-11-29,2024-12-06,M2_Deep,xattn,m2_deep_xattn,M2_Deep_XAttn,42,74.16,73.78,72.70448343076006,-0.00513722908907,-0.01982186832034749
2024-12-06,2024-12-13,M2_Deep,xattn,m2_deep_xattn,M2_Deep_XAttn,42,73.78,74.89,73.1692004307903,0.014932678092746,-0.008313118887438575
2024-12-13,2024-12-20,M2_Deep,xattn,m2_deep_xattn,M2_Deep_XAttn,42,74.89,73.19,73.84817799725106,-0.0229615706481399,-0.014009033257146752
2024-12-20,2024-12-27,M2_Deep,xattn,m2_deep_xattn,M2_Deep_XAttn,42,73.19,73.77,72.76416133670352,0.0078933452830751,-0.005835254955667002
2024-12-27,2025-01-03,M2_Deep,xattn,m2_deep_xattn,M2_Deep_XAttn,42,73.77,76.72,73.27227223080033,0.0392102856789718,-0.006769885456860025
2025-01-03,2025-01-10,M2_Deep,xattn,m2_deep_xattn,M2_Deep_XAttn,42,76.72,79.76,75.85974747214107,0.0388596950784002,-0.011276223187080159
2025-01-10,2025-01-17,M2_Deep,xattn,m2_deep_xattn,M2_Deep_XAttn,42,79.76,83.02,78.9713145585831,0.0400594169713096,-0.00993744597919588
2025-01-17,2025-01-24,M2_Deep,xattn,m2_deep_xattn,M2_Deep_XAttn,42,83.02,78.71,82.15601345326233,-0.0533113304705338,-0.010461499928858364
2025-01-24,2025-01-31,M2_Deep,xattn,m2_deep_xattn,M2_Deep_XAttn,42,78.71,77.11,78.18749167189122,-0.0205372383094894,-0.006660530441815249
2025-01-31,2025-02-07,M2_Deep,xattn,m2_deep_xattn,M2_Deep_XAttn,42,77.11,74.68,75.98174695090762,-0.0320206551713473,-0.0147398341029632
2025-02-07,2025-02-14,M2_Deep,xattn,m2_deep_xattn,M2_Deep_XAttn,42,74.68,75.19,73.64227598510676,0.0068059247164134,-0.013993055872799642
2025-02-14,2025-02-21,M2_Deep,xattn,m2_deep_xattn,M2_Deep_XAttn,42,75.19,74.88,74.08066524551634,-0.0041314112205989,-0.01486367299626945
2025-02-21,2025-02-28,M2_Deep,xattn,m2_deep_xattn,M2_Deep_XAttn,42,74.88,74.76,73.71241358220911,-0.0016038495819744,-0.015715613206173984
2025-02-28,2025-03-07,M2_Deep,xattn,m2_deep_xattn,M2_Deep_XAttn,42,74.76,72.49,72.77037352519952,-0.0308343612745757,-0.026974067285658876
2025-03-07,2025-03-14,M2_Deep,xattn,m2_deep_xattn,M2_Deep_XAttn,42,72.49,71.94,70.66164649800675,-0.0076161830453085,-0.025545677954898593
2025-03-14,2025-03-21,M2_Deep,xattn,m2_deep_xattn,M2_Deep_XAttn,42,71.94,72.64,69.99985591110817,0.0096832960255601,-0.027339254632977816
2025-03-21,2025-03-28,M2_Deep,xattn,m2_deep_xattn,M2_Deep_XAttn,42,72.64,74.69,71.26431205787134,0.0278304800759373,-0.019120064328485675
2025-03-28,2025-04-04,M2_Deep,xattn,m2_deep_xattn,M2_Deep_XAttn,42,74.69,68.36,73.13408797689219,-0.0885583561215851,-0.02105163651320119
2025-04-04,2025-04-11,M2_Deep,xattn,m2_deep_xattn,M2_Deep_XAttn,42,68.36,66.83,67.29717478272526,-0.0226357767244114,-0.015669601932175148
2025-04-11,2025-04-18,M2_Deep,xattn,m2_deep_xattn,M2_Deep_XAttn,42,66.83,69.33,66.03359729904851,0.0367256314314203,-0.011988419032959996
2025-04-18,2025-04-25,M2_Deep,xattn,m2_deep_xattn,M2_Deep_XAttn,42,69.33,66.99,67.12376094963768,-0.0343343584342229,-0.03233961914657213
2025-04-25,2025-05-02,M2_Deep,xattn,m2_deep_xattn,M2_Deep_XAttn,42,66.99,61.57,66.22191652356788,-0.0843686155970573,-0.011531881056548121
2025-05-02,2025-05-09,M2_Deep,xattn,m2_deep_xattn,M2_Deep_XAttn,42,61.57,64.26,61.30517191541616,0.0427626147645937,-0.004310528978510475
2025-05-09,2025-05-16,M2_Deep,xattn,m2_deep_xattn,M2_Deep_XAttn,42,64.26,65.2,63.34655529597919,0.0145221152448948,-0.014316824153056684
2025-05-16,2025-05-23,M2_Deep,xattn,m2_deep_xattn,M2_Deep_XAttn,42,65.2,65.41,64.88985328057973,0.003215683040514,-0.004768201350325962
2025-05-23,2025-05-30,M2_Deep,xattn,m2_deep_xattn,M2_Deep_XAttn,42,65.41,64.32,64.33299648029889,-0.0168045271024105,-0.016602487807583888
2025-05-30,2025-06-06,M2_Deep,xattn,m2_deep_xattn,M2_Deep_XAttn,42,64.32,68.02,63.68804846812942,0.0559311547083385,-0.009873702060206657
2025-06-06,2025-06-13,M2_Deep,xattn,m2_deep_xattn,M2_Deep_XAttn,42,68.02,76.0,67.55039796055046,0.1109315607072818,-0.006927823842298231
2025-06-13,2025-06-20,M2_Deep,xattn,m2_deep_xattn,M2_Deep_XAttn,42,76.0,78.73,75.1750692811393,0.0352909369100447,-0.010913689814034733
2025-06-20,2025-06-27,M2_Deep,xattn,m2_deep_xattn,M2_Deep_XAttn,42,78.73,69.37,79.16810630490569,-0.1265697797991659,0.005549242348938943
2025-06-27,2025-07-04,M2_Deep,xattn,m2_deep_xattn,M2_Deep_XAttn,42,69.37,71.03,68.44739818790494,0.0236478256125086,-0.013388956788307649
2025-07-04,2025-07-11,M2_Deep,xattn,m2_deep_xattn,M2_Deep_XAttn,42,71.03,72.06,70.38085708752526,0.0143967823102286,-0.009181013192060994
2025-07-11,2025-07-18,M2_Deep,xattn,m2_deep_xattn,M2_Deep_XAttn,42,72.06,71.06,71.60169259275693,-0.0139745147270661,-0.006380392069113117
2025-07-18,2025-07-25,M2_Deep,xattn,m2_deep_xattn,M2_Deep_XAttn,42,71.06,69.23,71.1826939485383,-0.0260902959029469,0.0017251357600376327
2025-07-25,2025-08-01,M2_Deep,xattn,m2_deep_xattn,M2_Deep_XAttn,42,69.23,70.55,69.01484403914839,0.0188873836088888,-0.0031126822278799704
2025-08-01,2025-08-08,M2_Deep,xattn,m2_deep_xattn,M2_Deep_XAttn,42,70.55,67.17,69.97221915617665,-0.0490949590200498,-0.00822338422036295
2025-08-08,2025-08-15,M2_Deep,xattn,m2_deep_xattn,M2_Deep_XAttn,42,67.17,67.3,67.1612116385949,0.001933517371909,-0.00013084615720249104
2025-08-15,2025-08-22,M2_Deep,xattn,m2_deep_xattn,M2_Deep_XAttn,42,67.3,68.29,67.4221738300221,0.0146031063223159,0.001813715738699484
2025-08-22,2025-08-29,M2_Deep,xattn,m2_deep_xattn,M2_Deep_XAttn,42,68.29,67.83,68.2748279245281,-0.0067587680150098,-0.00022219594554334643
2025-08-29,2025-09-05,M2_Deep,xattn,m2_deep_xattn,M2_Deep_XAttn,42,67.83,64.92,67.17145574786963,-0.0438488323115976,-0.009756183324072132
2025-09-05,2025-09-12,M2_Deep,xattn,m2_deep_xattn,M2_Deep_XAttn,42,64.92,67.87,64.30622962458202,0.0444383680692765,-0.009499232354187925
2025-09-12,2025-09-19,M2_Deep,xattn,m2_deep_xattn,M2_Deep_XAttn,42,67.87,67.05,67.08333834117214,-0.0121555009879795,-0.011658408434093603
2025-09-19,2025-09-26,M2_Deep,xattn,m2_deep_xattn,M2_Deep_XAttn,42,67.05,71.15,67.0285202347263,0.0593517148081739,-0.0003204057655149528
2025-09-26,2025-10-03,M2_Deep,xattn,m2_deep_xattn,M2_Deep_XAttn,42,71.15,66.13,70.49434133132526,-0.0731678228492905,-0.00925788274292727
2025-10-03,2025-10-10,M2_Deep,xattn,m2_deep_xattn,M2_Deep_XAttn,42,66.13,64.41,64.88511247467187,-0.0263536011277715,-0.01900429605244547
2025-10-10,2025-10-17,M2_Deep,xattn,m2_deep_xattn,M2_Deep_XAttn,42,64.41,61.23,63.97543787112131,-0.0506316350689361,-0.006769674126501535
2025-10-17,2025-10-24,M2_Deep,xattn,m2_deep_xattn,M2_Deep_XAttn,42,61.23,65.8,59.60937741795797,0.0719825728414084,-0.026824364567594294
2025-10-24,2025-10-31,M2_Deep,xattn,m2_deep_xattn,M2_Deep_XAttn,42,65.8,65.44,65.04259787071027,-0.0054861460367799,-0.0115774312278063
2025-10-31,2025-11-07,M2_Deep,xattn,m2_deep_xattn,M2_Deep_XAttn,42,65.44,63.72,64.5470849534043,-0.0266352072526438,-0.01373873553505045
2025-11-07,2025-11-14,M2_Deep,xattn,m2_deep_xattn,M2_Deep_XAttn,42,63.72,63.45,62.25351184765215,-0.004246290881451,-0.023283536064981902
2025-11-14,2025-11-21,M2_Deep,xattn,m2_deep_xattn,M2_Deep_XAttn,42,63.45,62.78,62.59565732661018,-0.0106156427465891,-0.013556290240067104
2025-11-21,2025-11-28,M2_Deep,xattn,m2_deep_xattn,M2_Deep_XAttn,42,62.78,64.07,62.54046894798674,0.0203396842371225,-0.0038227010433931063
2025-11-28,2025-12-05,M2_Deep,xattn,m2_deep_xattn,M2_Deep_XAttn,42,64.07,64.42,63.051954060403936,0.0054479082521227,-0.01601718148545417
2025-12-05,2025-12-12,M2_Deep,xattn,m2_deep_xattn,M2_Deep_XAttn,42,64.42,62.11,63.34311221064624,-0.0365171373318411,-0.016857969003649664
2025-12-12,2025-12-19,M2_Deep,xattn,m2_deep_xattn,M2_Deep_XAttn,42,62.11,61.35,62.09152315950553,-0.0123118354142911,-0.00029753001671395385
2025-12-19,2025-12-26,M2_Deep,xattn,m2_deep_xattn,M2_Deep_XAttn,42,61.35,63.7,60.70694913034897,0.0375893914211972,-0.01053699644237438
2021-01-22,2021-01-29,M4_Deep,concat,m4_deep_concat,M4_Deep_Concat,42,55.22,55.25,53.879724997165155,0.0005431338958538,-0.024570958960154154
2021-01-29,2021-02-05,M4_Deep,concat,m4_deep_concat,M4_Deep_Concat,42,55.25,59.48,54.11904576855251,0.0737717811940921,-0.020682169021734254
2021-02-05,2021-02-12,M4_Deep,concat,m4_deep_concat,M4_Deep_Concat,42,59.48,62.47,58.8380594040519,0.0490463199135243,-0.010851207299065968
2021-02-12,2021-02-19,M4_Deep,concat,m4_deep_concat,M4_Deep_Concat,42,62.47,62.84,61.697503425622756,0.005905371881942,-0.012442974530736062
2021-02-19,2021-02-26,M4_Deep,concat,m4_deep_concat,M4_Deep_Concat,42,62.84,65.86,61.910919211779984,0.0469394635607977,-0.014895248417157947
2021-02-26,2021-03-05,M4_Deep,concat,m4_deep_concat,M4_Deep_Concat,42,65.86,69.95,64.70717218218805,0.060249424163272,-0.017659228691922157
2021-03-05,2021-03-12,M4_Deep,concat,m4_deep_concat,M4_Deep_Concat,42,69.95,68.87,68.85387985570085,-0.0155600315548833,-0.015794125226796463
2021-03-12,2021-03-19,M4_Deep,concat,m4_deep_concat,M4_Deep_Concat,42,68.87,64.0,67.64409108416754,-0.073337586196935,-0.017960664147581795
2021-03-19,2021-03-26,M4_Deep,concat,m4_deep_concat,M4_Deep_Concat,42,64.0,63.77,62.778631164836526,-0.0036002230324915,-0.01926833586568777
2021-03-26,2021-04-02,M4_Deep,concat,m4_deep_concat,M4_Deep_Concat,42,63.77,63.85,62.57430402335585,0.0012537221513679,-0.018928145350766368
2021-04-02,2021-04-09,M4_Deep,concat,m4_deep_concat,M4_Deep_Concat,42,63.85,61.89,62.74461862970512,-0.0311779667272782,-0.0174637670333202
2021-04-09,2021-04-16,M4_Deep,concat,m4_deep_concat,M4_Deep_Concat,42,61.89,65.98,60.79933868308121,0.0639930500491652,-0.01777970376130944
2021-04-16,2021-04-23,M4_Deep,concat,m4_deep_concat,M4_Deep_Concat,42,65.98,65.75,65.39224988077277,-0.0034919947425615,-0.008947917711457865
2021-04-23,2021-04-30,M4_Deep,concat,m4_deep_concat,M4_Deep_Concat,42,65.75,67.73,65.21262919217496,0.0296695421689385,-0.008206521616060392
2021-04-30,2021-05-07,M4_Deep,concat,m4_deep_concat,M4_Deep_Concat,42,67.73,68.73,67.16674380519629,0.0146565719067016,-0.008350972044383065
2021-05-07,2021-05-14,M4_Deep,concat,m4_deep_concat,M4_Deep_Concat,42,68.73,69.24,68.17837879468975,0.0073929451744944,-0.008058297018437355
2021-05-14,2021-05-21,M4_Deep,concat,m4_deep_concat,M4_Deep_Concat,42,69.24,66.72,68.7226199931544,-0.037073972257517,-0.00750032773079734
2021-05-21,2021-05-28,M4_Deep,concat,m4_deep_concat,M4_Deep_Concat,42,66.72,69.36,66.18437351779033,0.038805574421795,-0.008060372551822292
2021-05-28,2021-06-04,M4_Deep,concat,m4_deep_concat,M4_Deep_Concat,42,69.36,71.3,68.80712112422182,0.0275859949479638,-0.008003088176705031
2021-06-04,2021-06-11,M4_Deep,concat,m4_deep_concat,M4_Deep_Concat,42,71.3,72.05,70.72753746444931,0.0104639950252809,-0.008061332976614433
2021-06-11,2021-06-18,M4_Deep,concat,m4_deep_concat,M4_Deep_Concat,42,72.05,73.1,71.47516215072892,0.0144680443102017,-0.00801031560413723
2021-06-18,2021-06-25,M4_Deep,concat,m4_deep_concat,M4_Deep_Concat,42,73.1,76.45,72.5379232411701,0.0448085656193386,-0.00771886246478104
2021-06-25,2021-07-02,M4_Deep,concat,m4_deep_concat,M4_Deep_Concat,42,76.45,77.51,75.8542240240013,0.0137700279183487,-0.00782353895509219
2021-07-02,2021-07-09,M4_Deep,concat,m4_deep_concat,M4_Deep_Concat,42,77.51,77.14,76.90611270691781,-0.0047850075133383,-0.007821597904265287
2021-07-09,2021-07-16,M4_Deep,concat,m4_deep_concat,M4_Deep_Concat,42,77.14,74.46,76.5198181216553,-0.0353598843355109,-0.008072185084151584
2021-07-16,2021-07-23,M4_Deep,concat,m4_deep_concat,M4_Deep_Concat,42,74.46,74.86,73.84908130146603,0.0053576340317122,-0.008238499605954464
2021-07-23,2021-07-30,M4_Deep,concat,m4_deep_concat,M4_Deep_Concat,42,74.86,77.72,74.48997860455356,0.0374929220329564,-0.004955101513893612
2021-07-30,2021-08-06,M4_Deep,concat,m4_deep_concat,M4_Deep_Concat,42,77.72,71.02,77.32479629837626,-0.0901510969942975,-0.005097940298171455
2021-08-06,2021-08-13,M4_Deep,concat,m4_deep_concat,M4_Deep_Concat,42,71.02,70.9,70.63151796137927,-0.0016910939768598,-0.005485052588126205
2021-08-13,2021-08-20,M4_Deep,concat,m4_deep_concat,M4_Deep_Concat,42,70.9,65.51,70.52165862887271,-0.0790676307942968,-0.005350556306660148
2021-08-20,2021-08-27,M4_Deep,concat,m4_deep_concat,M4_Deep_Concat,42,65.51,72.26,65.09054335653573,0.0980679229757092,-0.00642352742146729
2021-08-27,2021-09-03,M4_Deep,concat,m4_deep_concat,M4_Deep_Concat,42,72.26,73.07,71.9428749885679,0.0111471600836321,-0.0043983245506842295
2021-09-03,2021-09-10,M4_Deep,concat,m4_deep_concat,M4_Deep_Concat,42,73.07,72.44,72.67866210825628,-0.0086592527879137,-0.005370050421245831
2021-09-10,2021-09-17,M4_Deep,concat,m4_deep_concat,M4_Deep_Concat,42,72.44,74.64,72.06772836345635,0.0299179235238758,-0.0051522844388633415
2021-09-17,2021-09-24,M4_Deep,concat,m4_deep_concat,M4_Deep_Concat,42,74.64,77.42,74.32673721806856,0.0365685886104137,-0.004205814661093821
2021-09-24,2021-10-01,M4_Deep,concat,m4_deep_concat,M4_Deep_Concat,42,77.42,79.4,77.08905293267148,0.0252532231035881,-0.004283859970146409
2021-10-01,2021-10-08,M4_Deep,concat,m4_deep_concat,M4_Deep_Concat,42,79.4,82.17,79.04572395551523,0.0342919036900064,-0.004471898970041632
2021-10-08,2021-10-15,M4_Deep,concat,m4_deep_concat,M4_Deep_Concat,42,82.17,84.67,81.85229738701761,0.0299710757110894,-0.0038739002606331674
2021-10-15,2021-10-22,M4_Deep,concat,m4_deep_concat,M4_Deep_Concat,42,84.67,85.43,84.33239690374606,0.0089359795093414,-0.0039952515645735875
2021-10-22,2021-10-29,M4_Deep,concat,m4_deep_concat,M4_Deep_Concat,42,85.43,83.1,85.93769654413718,-0.0276526253021248,0.005925247753798657
2021-10-29,2021-11-05,M4_Deep,concat,m4_deep_concat,M4_Deep_Concat,42,83.1,82.43,83.6952634566449,-0.0080952535362662,0.007137684506434261
2021-11-05,2021-11-12,M4_Deep,concat,m4_deep_concat,M4_Deep_Concat,42,82.43,82.9,82.71929318741923,0.0056856138161131,0.003503417758961125
2021-11-12,2021-11-19,M4_Deep,concat,m4_deep_concat,M4_Deep_Concat,42,82.9,80.24,83.29765346107936,-0.0326129184875693,0.0047853168998314155
2021-11-19,2021-11-26,M4_Deep,concat,m4_deep_concat,M4_Deep_Concat,42,80.24,72.37,80.47419914385985,-0.1032302947756436,0.002914481867630603
2021-11-26,2021-12-03,M4_Deep,concat,m4_deep_concat,M4_Deep_Concat,42,72.37,70.71,72.624130104799,-0.023204843261887,0.0035053883193634783
2021-12-03,2021-12-10,M4_Deep,concat,m4_deep_concat,M4_Deep_Concat,42,70.71,74.98,70.82803641463596,0.0586344056916167,0.001667911255377852
2021-12-10,2021-12-17,M4_Deep,concat,m4_deep_concat,M4_Deep_Concat,42,74.98,72.97,75.38210690984431,-0.0271730135302372,0.005348526655928165
2021-12-17,2021-12-24,M4_Deep,concat,m4_deep_concat,M4_Deep_Concat,42,72.97,75.24,72.90211730109377,0.0306346066553009,-0.0009307152739311819
2021-12-24,2021-12-31,M4_Deep,concat,m4_deep_concat,M4_Deep_Concat,42,75.24,77.24,75.09961851875508,0.0262344531274841,-0.0018675253193825847
2021-12-31,2022-01-07,M4_Deep,concat,m4_deep_concat,M4_Deep_Concat,42,77.24,82.28,76.94437467420869,0.0632106072244427,-0.00383470359663729
2022-01-07,2022-01-14,M4_Deep,concat,m4_deep_concat,M4_Deep_Concat,42,82.28,87.17,82.02338937472238,0.0577321702387283,-0.003123621915534114
2022-01-14,2022-01-21,M4_Deep,concat,m4_deep_concat,M4_Deep_Concat,42,87.17,89.75,86.94607381743722,0.0291677923449035,-0.002572149728745532
2022-01-21,2022-01-28,M4_Deep,concat,m4_deep_concat,M4_Deep_Concat,42,89.75,91.47,89.5579363713892,0.0189830222998847,-0.002142277759161537
2022-01-28,2022-02-04,M4_Deep,concat,m4_deep_concat,M4_Deep_Concat,42,91.47,96.86,90.22308164561784,0.0572555873068098,-0.013725761259413938
2022-02-04,2022-02-11,M4_Deep,concat,m4_deep_concat,M4_Deep_Concat,42,96.86,97.5,91.61543886823118,0.0065857410287184,-0.055666832900969965
2022-02-11,2022-02-18,M4_Deep,concat,m4_deep_concat,M4_Deep_Concat,42,97.5,96.18,88.3376863365303,-0.0136309421542848,-0.09868556261839778
2022-02-18,2022-02-25,M4_Deep,concat,m4_deep_concat,M4_Deep_Concat,42,96.18,98.56,88.80950962585408,0.024444063935693,-0.07972770120391814
2022-02-25,2022-03-04,M4_Deep,concat,m4_deep_concat,M4_Deep_Concat,42,98.56,123.86,91.55397950690966,0.2284863957247052,-0.07373676148368169
2022-03-04,2022-03-11,M4_Deep,concat,m4_deep_concat,M4_Deep_Concat,42,123.86,118.11,115.1359598589359,-0.047535501886159,-0.07303820582233378
2022-03-11,2022-03-18,M4_Deep,concat,m4_deep_concat,M4_Deep_Concat,42,118.11,114.32,111.36307720817109,-0.0326148600021439,-0.05882056444375561
2022-03-18,2022-03-25,M4_Deep,concat,m4_deep_concat,M4_Deep_Concat,42,114.32,122.67,106.28397255532762,0.0704962894230488,-0.0728870352263673
2022-03-25,2022-04-01,M4_Deep,concat,m4_deep_concat,M4_Deep_Concat,42,122.67,106.13,114.88561053971975,-0.1448330652709296,-0.06556088067371846
2022-04-01,2022-04-08,M4_Deep,concat,m4_deep_concat,M4_Deep_Concat,42,106.13,101.26,99.13835500124996,-0.0469732912319679,-0.06814835800355112
2022-04-08,2022-04-15,M4_Deep,concat,m4_deep_concat,M4_Deep_Concat,42,101.26,110.83,94.56396166468484,0.0903060292457984,-0.0684150179844547
2022-04-15,2022-04-22,M4_Deep,concat,m4_deep_concat,M4_Deep_Concat,42,110.83,105.15,106.6161866874335,-0.0526095936388528,-0.03876215048524223
2022-04-22,2022-04-29,M4_Deep,concat,m4_deep_concat,M4_Deep_Concat,42,105.15,108.36,104.88457645847222,0.0300711150681855,-0.0025274284576826123
2022-04-29,2022-05-06,M4_Deep,concat,m4_deep_concat,M4_Deep_Concat,42,108.36,113.86,108.25702399776556,0.0495106063060414,-0.0009507656239672868
2022-05-06,2022-05-13,M4_Deep,concat,m4_deep_concat,M4_Deep_Concat,42,113.86,112.12,113.74803960844402,-0.0153998972263482,-0.0009838000518679335
2022-05-13,2022-05-20,M4_Deep,concat,m4_deep_concat,M4_Deep_Concat,42,112.12,113.63,112.1125929404654,0.01337782963333,-6.6065859919473e-05
2022-05-20,2022-05-27,M4_Deep,concat,m4_deep_concat,M4_Deep_Concat,42,113.63,121.19,113.45295903070837,0.0644120060504783,-0.0015592627990871355
2022-05-27,2022-06-03,M4_Deep,concat,m4_deep_concat,M4_Deep_Concat,42,121.19,125.68,121.1485479364245,0.0363794319669697,-0.00034210045684213153
2022-06-03,2022-06-10,M4_Deep,concat,m4_deep_concat,M4_Deep_Concat,42,125.68,127.44,125.56871151209467,0.0139066716544272,-0.00088588311170823
2022-06-10,2022-06-17,M4_Deep,concat,m4_deep_concat,M4_Deep_Concat,42,127.44,119.22,127.22219099570559,-0.0666751398100125,-0.0017105723983048549
2022-06-17,2022-06-24,M4_Deep,concat,m4_deep_concat,M4_Deep_Concat,42,119.22,117.36,118.98087570115932,-0.0157243919570542,-0.0020077539888478935
2022-06-24,2022-07-01,M4_Deep,concat,m4_deep_concat,M4_Deep_Concat,42,117.36,119.21,117.24770146878652,0.0156405098951838,-0.0009573303782191012
2022-07-01,2022-07-08,M4_Deep,concat,m4_deep_concat,M4_Deep_Concat,42,119.21,113.95,118.90510124880083,-0.0451268880382168,-0.0025609372630077676
2022-07-08,2022-07-15,M4_Deep,concat,m4_deep_concat,M4_Deep_Concat,42,113.95,112.26,113.92091193786584,-0.0149421461776399,-0.00025530298750986447
2022-07-15,2022-07-22,M4_Deep,concat,m4_deep_concat,M4_Deep_Concat,42,112.26,106.77,111.95417018056287,-0.0501406213238422,-0.0027280167784061726
2022-07-22,2022-07-29,M4_Deep,concat,m4_deep_concat,M4_Deep_Concat,42,106.77,111.51,106.34826623244751,0.0434372847870595,-0.003957749145610201
2022-07-29,2022-08-05,M4_Deep,concat,m4_deep_concat,M4_Deep_Concat,42,111.51,100.31,111.07914294973013,-0.1058488820818767,-0.0038713261812377553
2022-08-05,2022-08-12,M4_Deep,concat,m4_deep_concat,M4_Deep_Concat,42,100.31,103.7,99.94924634716102,0.0332367243400878,-0.0036028702759520748
2022-08-12,2022-08-19,M4_Deep,concat,m4_deep_concat,M4_Deep_Concat,42,103.7,96.45,103.3272126429841,-0.0724773758837435,-0.003601340665963182
2022-08-19,2022-08-26,M4_Deep,concat,m4_deep_concat,M4_Deep_Concat,42,96.45,101.13,96.09972319006182,0.0473820785623409,-0.003638303816041244
2022-08-26,2022-09-02,M4_Deep,concat,m4_deep_concat,M4_Deep_Concat,42,101.13,93.09,100.80857844601164,-0.0828400507856804,-0.0031833622668515638
2022-09-02,2022-09-09,M4_Deep,concat,m4_deep_concat,M4_Deep_Concat,42,93.09,91.68,92.71973072383679,-0.015262514161969,-0.003985472287521663
2022-09-09,2022-09-16,M4_Deep,concat,m4_deep_concat,M4_Deep_Concat,42,91.68,89.43,91.43292762969834,-0.0248480566083396,-0.0026985808532318245
2022-09-16,2022-09-23,M4_Deep,concat,m4_deep_concat,M4_Deep_Concat,42,89.43,84.29,89.11729571132487,-0.0591929623486989,-0.0035027649917944714
2022-09-23,2022-09-30,M4_Deep,concat,m4_deep_concat,M4_Deep_Concat,42,84.29,88.9,83.98742941884221,0.0532489085104681,-0.003596096140410232
2022-09-30,2022-10-07,M4_Deep,concat,m4_deep_concat,M4_Deep_Concat,42,88.9,98.88,88.54871783345592,0.1063948511895216,-0.0039592579728546795
2022-10-07,2022-10-14,M4_Deep,concat,m4_deep_concat,M4_Deep_Concat,42,98.88,92.22,98.51434075459049,-0.0697299669308211,-0.0037048647115769384
2022-10-14,2022-10-21,M4_Deep,concat,m4_deep_concat,M4_Deep_Concat,42,92.22,91.82,91.9246359214309,-0.0043468879574835,-0.0032079602035717247
2022-10-21,2022-10-28,M4_Deep,concat,m4_deep_concat,M4_Deep_Concat,42,91.82,94.64,91.48960323840703,0.0302500808490554,-0.0036047988052608226
2022-10-28,2022-11-04,M4_Deep,concat,m4_deep_concat,M4_Deep_Concat,42,94.64,99.53,94.32255916659977,0.0503788865878407,-0.0033598309995218067
2022-11-04,2022-11-11,M4_Deep,concat,m4_deep_concat,M4_Deep_Concat,42,99.53,96.37,99.17980673108327,-0.032264156394776,-0.003524673867129846
2022-11-11,2022-11-18,M4_Deep,concat,m4_deep_concat,M4_Deep_Concat,42,96.37,88.93,96.01215481744863,-0.0803454064516473,-0.0037201537283123587
2022-11-18,2022-11-25,M4_Deep,concat,m4_deep_concat,M4_Deep_Concat,42,88.93,83.4,88.45809216808559,-0.0642012340468476,-0.0053206383745783015
2022-11-25,2022-12-02,M4_Deep,concat,m4_deep_concat,M4_Deep_Concat,42,83.4,86.54,82.9925002955182,0.0369584254320376,-0.004898063535945796
2022-12-02,2022-12-09,M4_Deep,concat,m4_deep_concat,M4_Deep_Concat,42,86.54,76.37,86.12930665427369,-0.125016785896446,-0.0047570020190750295
2022-12-09,2022-12-16,M4_Deep,concat,m4_deep_concat,M4_Deep_Concat,42,76.37,80.2,75.89862022696123,0.0489335659721759,-0.0061914434918608485
2022-12-16,2022-12-23,M4_Deep,concat,m4_deep_concat,M4_Deep_Concat,42,80.2,82.45,79.78751988735176,0.027668534133139,-0.00515641503634634
2022-12-23,2022-12-30,M4_Deep,concat,m4_deep_concat,M4_Deep_Concat,42,82.45,82.82,81.99307574487705,0.0044775291118132,-0.005557247442438407
2022-12-30,2023-01-06,M4_Deep,concat,m4_deep_concat,M4_Deep_Concat,42,82.82,76.41,82.22315141923377,-0.0805560004579458,-0.007232668274546272
2023-01-06,2023-01-13,M4_Deep,concat,m4_deep_concat,M4_Deep_Concat,42,76.41,83.43,75.98754888308025,0.087894379254508,-0.005544081280610347
2023-01-13,2023-01-20,M4_Deep,concat,m4_deep_concat,M4_Deep_Concat,42,83.43,86.96,83.09107099871268,0.0414402858989706,-0.004070709697914732
2023-01-20,2023-01-27,M4_Deep,concat,m4_deep_concat,M4_Deep_Concat,42,86.96,85.36,86.21131745106153,-0.018570635819456,-0.008646780825721123
2023-01-27,2023-02-03,M4_Deep,concat,m4_deep_concat,M4_Deep_Concat,42,85.36,78.85,84.48687587522906,-0.0793302935844505,-0.010281399779053402
2023-02-03,2023-02-10,M4_Deep,concat,m4_deep_concat,M4_Deep_Concat,42,78.85,85.46,78.0998003533716,0.0805011168068314,-0.00955981286153218
2023-02-10,2023-02-17,M4_Deep,concat,m4_deep_concat,M4_Deep_Concat,42,85.46,81.97,84.42557198839246,-0.0416951035509395,-0.012178088860387959
2023-02-17,2023-02-24,M4_Deep,concat,m4_deep_concat,M4_Deep_Concat,42,81.97,82.31,80.99010946994834,0.0041392803196134,-0.012026284757240546
2023-02-24,2023-03-03,M4_Deep,concat,m4_deep_concat,M4_Deep_Concat,42,82.31,85.74,81.30319681200088,0.0408268541852784,-0.012307270023022454
2023-03-03,2023-03-10,M4_Deep,concat,m4_deep_concat,M4_Deep_Concat,42,85.74,82.3,84.8817485997891,-0.0409483534868068,-0.010060366230526085
2023-03-10,2023-03-17,M4_Deep,concat,m4_deep_concat,M4_Deep_Concat,42,82.3,71.03,81.54893249212208,-0.1472687846733054,-0.009167868927036693
2023-03-17,2023-03-24,M4_Deep,concat,m4_deep_concat,M4_Deep_Concat,42,71.03,73.63,70.2302387003764,0.0359502283709067,-0.01132335400679807
2023-03-24,2023-03-31,M4_Deep,concat,m4_deep_concat,M4_Deep_Concat,42,73.63,79.19,72.89180821694166,0.0727974768416957,-0.010076288817984391
2023-03-31,2023-04-07,M4_Deep,concat,m4_deep_concat,M4_Deep_Concat,42,79.19,86.56,78.3336275246304,0.0889877868758503,-0.010873047119744683
2023-04-07,2023-04-14,M4_Deep,concat,m4_deep_concat,M4_Deep_Concat,42,86.56,87.31,85.49841473068446,0.0086271887245447,-0.012339980488931701
2023-04-14,2023-04-21,M4_Deep,concat,m4_deep_concat,M4_Deep_Concat,42,87.31,83.36,86.38951902100902,-0.0462964258176594,-0.01059864299828206
2023-04-21,2023-04-28,M4_Deep,concat,m4_deep_concat,M4_Deep_Concat,42,83.36,81.32,82.68075994593292,-0.0247765892449109,-0.00818165182186592
2023-04-28,2023-05-05,M4_Deep,concat,m4_deep_concat,M4_Deep_Concat,42,81.32,75.85,80.71032851534969,-0.0696342829656046,-0.007525435114347889
2023-05-05,2023-05-12,M4_Deep,concat,m4_deep_concat,M4_Deep_Concat,42,75.85,74.54,75.17872788452269,-0.0174218117434287,-0.008889388731136538
2023-05-12,2023-05-19,M4_Deep,concat,m4_deep_concat,M4_Deep_Concat,42,74.54,75.42,73.98321360687947,0.0117365977790986,-0.007497669730018974
2023-05-19,2023-05-26,M4_Deep,concat,m4_deep_concat,M4_Deep_Concat,42,75.42,76.33,74.88059994477145,0.0119935539801678,-0.0071776476100189335
2023-05-26,2023-06-02,M4_Deep,concat,m4_deep_concat,M4_Deep_Concat,42,76.33,76.0,75.90456703813628,-0.0043327055240478,-0.005589191438592045
2023-06-02,2023-06-09,M4_Deep,concat,m4_deep_concat,M4_Deep_Concat,42,76.0,74.74,75.54963136198573,-0.0167179162289933,-0.005943530970807354
2023-06-09,2023-06-16,M4_Deep,concat,m4_deep_concat,M4_Deep_Concat,42,74.74,76.76,74.25410484232671,0.0266682470821614,-0.006522363830896549
2023-06-16,2023-06-23,M4_Deep,concat,m4_deep_concat,M4_Deep_Concat,42,76.76,73.56,76.40890176437178,-0.0425822714033789,-0.004584466513929519
2023-06-23,2023-06-30,M4_Deep,concat,m4_deep_concat,M4_Deep_Concat,42,73.56,74.51,73.15696905322761,0.0128319448295158,-0.005494006087139014
2023-06-30,2023-07-07,M4_Deep,concat,m4_deep_concat,M4_Deep_Concat,42,74.51,78.77,74.13491910739218,0.0555988691495966,-0.0050466802489747
2023-07-07,2023-07-14,M4_Deep,concat,m4_deep_concat,M4_Deep_Concat,42,78.77,79.9,78.40894602770639,0.0142436390569961,-0.004594185372380877
2023-07-14,2023-07-21,M4_Deep,concat,m4_deep_concat,M4_Deep_Concat,42,79.9,81.06,79.58670877303899,0.0144137684279334,-0.003928749076882565
2023-07-21,2023-07-28,M4_Deep,concat,m4_deep_concat,M4_Deep_Concat,42,81.06,84.49,80.80832698994466,0.0414435629645908,-0.003109604176854963
2023-07-28,2023-08-04,M4_Deep,concat,m4_deep_concat,M4_Deep_Concat,42,84.49,87.38,84.22626748168044,0.0336332393585364,-0.0031263462269184306
2023-08-04,2023-08-11,M4_Deep,concat,m4_deep_concat,M4_Deep_Concat,42,87.38,87.93,87.05633947437092,0.0062746198676211,-0.0037109342930792266
2023-08-11,2023-08-18,M4_Deep,concat,m4_deep_concat,M4_Deep_Concat,42,87.93,85.92,87.72457543113423,-0.0231244126303562,-0.0023389617038284682
2023-08-18,2023-08-25,M4_Deep,concat,m4_deep_concat,M4_Deep_Concat,42,85.92,85.42,85.37812833466967,-0.0058363653472341,-0.006326671260740602
2023-08-25,2023-09-01,M4_Deep,concat,m4_deep_concat,M4_Deep_Concat,42,85.42,89.98,85.11525847617196,0.0520071579997058,-0.0035739453638518603
2023-09-01,2023-09-08,M4_Deep,concat,m4_deep_concat,M4_Deep_Concat,42,89.98,91.85,89.52361347776812,0.0205693882481082,-0.005084995190846597
2023-09-08,2023-09-15,M4_Deep,concat,m4_deep_concat,M4_Deep_Concat,42,91.85,95.55,91.36370892515427,0.0394928590251474,-0.005308469760975654
2023-09-15,2023-09-22,M4_Deep,concat,m4_deep_concat,M4_Deep_Concat,42,95.55,93.99,95.20837688101672,-0.0164612770540719,-0.0035817403124161484
2023-09-22,2023-09-29,M4_Deep,concat,m4_deep_concat,M4_Deep_Concat,42,93.99,95.86,93.49894577512418,0.0197004000992753,-0.005238232533495035
2023-09-29,2023-10-06,M4_Deep,concat,m4_deep_concat,M4_Deep_Concat,42,95.86,87.86,95.74591883757829,-0.0871441551838517,-0.001190789685352328
2023-10-06,2023-10-13,M4_Deep,concat,m4_deep_concat,M4_Deep_Concat,42,87.86,94.33,87.56767281836673,0.0710546341141284,-0.0033327404680666417
2023-10-13,2023-10-20,M4_Deep,concat,m4_deep_concat,M4_Deep_Concat,42,94.33,93.72,93.93772679208085,-0.0064876590221669,-0.00416719086452777
2023-10-20,2023-10-27,M4_Deep,concat,m4_deep_concat,M4_Deep_Concat,42,93.72,90.73,93.39768886450877,-0.0324235504580573,-0.003445013202288738
2023-10-27,2023-11-03,M4_Deep,concat,m4_deep_concat,M4_Deep_Concat,42,90.73,87.55,90.43933690908254,-0.0356780044496768,-0.003208747630993436
2023-11-03,2023-11-10,M4_Deep,concat,m4_deep_concat,M4_Deep_Concat,42,87.55,83.66,87.25918135192657,-0.0454490927178085,-0.003327272791080027
2023-11-10,2023-11-17,M4_Deep,concat,m4_deep_concat,M4_Deep_Concat,42,83.66,81.22,83.41123548187282,-0.0295994437559005,-0.002977947714939866
2023-11-17,2023-11-24,M4_Deep,concat,m4_deep_concat,M4_Deep_Concat,42,81.22,79.82,80.9174366981482,-0.0173874226375639,-0.0037321874481213158
2023-11-24,2023-12-01,M4_Deep,concat,m4_deep_concat,M4_Deep_Concat,42,79.82,78.72,79.5654254589954,-0.0138768468765897,-0.0031944546592779233
2023-12-01,2023-12-08,M4_Deep,concat,m4_deep_concat,M4_Deep_Concat,42,78.72,75.94,78.46610301371459,-0.0359536979403416,-0.0032305299543664567
2023-12-08,2023-12-15,M4_Deep,concat,m4_deep_concat,M4_Deep_Concat,42,75.94,76.84,75.62869268704041,0.0117817830966997,-0.004107810725201055
2023-12-15,2023-12-22,M4_Deep,concat,m4_deep_concat,M4_Deep_Concat,42,76.84,80.23,76.64279796477167,0.0431721718652087,-0.002569697013076855
2023-12-22,2023-12-29,M4_Deep,concat,m4_deep_concat,M4_Deep_Concat,42,80.23,77.69,80.01163649222916,-0.0321709608032353,-0.0027254295165390907
2023-12-29,2024-01-05,M4_Deep,concat,m4_deep_concat,M4_Deep_Concat,42,77.69,78.31,77.3131559835167,0.007948759800517,-0.004862414014359828
2024-01-05,2024-01-12,M4_Deep,concat,m4_deep_concat,M4_Deep_Concat,42,78.31,79.89,78.05500232167918,0.0199753797311041,-0.0032615726100724274
2024-01-12,2024-01-19,M4_Deep,concat,m4_deep_concat,M4_Deep_Concat,42,79.89,80.71,79.6595084046012,0.0102117948423304,-0.0028892819294514815
2024-01-19,2024-01-26,M4_Deep,concat,m4_deep_concat,M4_Deep_Concat,42,80.71,83.34,80.25471677544681,0.0320661426580264,-0.005656947035369342
2024-01-26,2024-02-02,M4_Deep,concat,m4_deep_concat,M4_Deep_Concat,42,83.34,79.54,83.02576606712294,-0.0466685862147627,-0.0037776318288926802
2024-02-02,2024-02-09,M4_Deep,concat,m4_deep_concat,M4_Deep_Concat,42,79.54,83.58,79.1853079875126,0.0495442172402245,-0.004469263375558086
2024-02-09,2024-02-16,M4_Deep,concat,m4_deep_concat,M4_Deep_Concat,42,83.58,84.88,83.44818516489758,0.0154342372859582,-0.001578354723031694
2024-02-16,2024-02-23,M4_Deep,concat,m4_deep_concat,M4_Deep_Concat,42,84.88,84.18,84.66801522798205,-0.0082811309633029,-0.0025005881925963536
2024-02-23,2024-03-01,M4_Deep,concat,m4_deep_concat,M4_Deep_Concat,42,84.18,84.82,83.6871844564193,0.0075740007040198,-0.005871510396492141
2024-03-01,2024-03-08,M4_Deep,concat,m4_deep_concat,M4_Deep_Concat,42,84.82,84.29,84.2781906555027,-0.0062681300370536,-0.006408243595497964
2024-03-08,2024-03-15,M4_Deep,concat,m4_deep_concat,M4_Deep_Concat,42,84.29,85.39,83.75204745588168,0.0129657639101239,-0.006402616368635705
2024-03-15,2024-03-22,M4_Deep,concat,m4_deep_concat,M4_Deep_Concat,42,85.39,84.87,84.97382834100743,-0.0061083239379291,-0.004885690711212476
2024-03-22,2024-03-29,M4_Deep,concat,m4_deep_concat,M4_Deep_Concat,42,84.87,86.17,84.41529744309385,0.0152014152700899,-0.005372039477592239
2024-03-29,2024-04-05,M4_Deep,concat,m4_deep_concat,M4_Deep_Concat,42,86.17,92.81,85.64972074201812,0.074232303355626,-0.006056124941991925
2024-04-05,2024-04-12,M4_Deep,concat,m4_deep_concat,M4_Deep_Concat,42,92.81,93.12,92.18972288174155,0.0033345913758262,-0.006705733748365361
2024-04-12,2024-04-19,M4_Deep,concat,m4_deep_concat,M4_Deep_Concat,42,93.12,87.96,92.5422936816704,-0.0570068182965674,-0.006223214971040392
2024-04-19,2024-04-26,M4_Deep,concat,m4_deep_concat,M4_Deep_Concat,42,87.96,89.95,87.49304907289688,0.0223717947099818,-0.005322814645342122
2024-04-26,2024-05-03,M4_Deep,concat,m4_deep_concat,M4_Deep_Concat,42,89.95,83.6,89.65100197536478,-0.0732104403058862,-0.0033295838839889624
2024-05-03,2024-05-10,M4_Deep,concat,m4_deep_concat,M4_Deep_Concat,42,83.6,83.39,83.23338545463976,-0.0025151219917618,-0.0043949852661084865
2024-05-10,2024-05-17,M4_Deep,concat,m4_deep_concat,M4_Deep_Concat,42,83.39,82.24,83.03608054578196,-0.013886596392039,-0.004253179388435835
2024-05-17,2024-05-24,M4_Deep,concat,m4_deep_concat,M4_Deep_Concat,42,82.24,78.92,82.00580471157679,-0.0412071205524403,-0.002851767782465875
2024-05-24,2024-05-31,M4_Deep,concat,m4_deep_concat,M4_Deep_Concat,42,78.92,79.41,78.5972922710969,0.0061896237527049,-0.004097431789789163
2024-05-31,2024-06-07,M4_Deep,concat,m4_deep_concat,M4_Deep_Concat,42,79.41,78.12,79.0196188165879,-0.0163781988986412,-0.0049281438207554595
2024-06-07,2024-06-14,M4_Deep,concat,m4_deep_concat,M4_Deep_Concat,42,78.12,81.49,77.80820515532396,0.0422342073236502,-0.003999215663757383
2024-06-14,2024-06-21,M4_Deep,concat,m4_deep_concat,M4_Deep_Concat,42,81.49,86.42,81.2917758847303,0.0587388171716588,-0.0024354595245351662
2024-06-21,2024-06-28,M4_Deep,concat,m4_deep_concat,M4_Deep_Concat,42,86.42,87.26,86.03566710704989,0.0096730371916763,-0.004457186425666171
2024-06-28,2024-07-05,M4_Deep,concat,m4_deep_concat,M4_Deep_Concat,42,87.26,88.66,86.78915297280032,0.0159166616214437,-0.005410519589177598
2024-07-05,2024-07-12,M4_Deep,concat,m4_deep_concat,M4_Deep_Concat,42,88.66,87.35,88.23466303962047,-0.0148857927368419,-0.0048089385260339235
2024-07-12,2024-07-19,M4_Deep,concat,m4_deep_concat,M4_Deep_Concat,42,87.35,85.19,86.89575250898052,-0.0250389805253164,-0.005213883420653653
2024-07-19,2024-07-26,M4_Deep,concat,m4_deep_concat,M4_Deep_Concat,42,85.19,81.35,84.91082623688115,-0.0461232223897023,-0.0032824533537910705
2024-07-26,2024-08-02,M4_Deep,concat,m4_deep_concat,M4_Deep_Concat,42,81.35,78.35,81.21590076191016,-0.0375748648630169,-0.001649783477065181
2024-08-02,2024-08-09,M4_Deep,concat,m4_deep_concat,M4_Deep_Concat,42,78.35,81.07,78.16695321926483,0.0341270101975859,-0.002339003672424844
2024-08-09,2024-08-16,M4_Deep,concat,m4_deep_concat,M4_Deep_Concat,42,81.07,81.56,80.8957345955857,0.0060259667066386,-0.002151880730765665
2024-08-16,2024-08-23,M4_Deep,concat,m4_deep_concat,M4_Deep_Concat,42,81.56,80.34,81.53238760056863,-0.0150713167751182,-0.0003386105274616469
2024-08-23,2024-08-30,M4_Deep,concat,m4_deep_concat,M4_Deep_Concat,42,80.34,80.2,80.12334026854666,-0.0017441140586673,-0.0027004281819545395
2024-08-30,2024-09-06,M4_Deep,concat,m4_deep_concat,M4_Deep_Concat,42,80.2,72.82,80.00945568860789,-0.0965328721251816,-0.0023786910755981827
2024-09-06,2024-09-13,M4_Deep,concat,m4_deep_concat,M4_Deep_Concat,42,72.82,73.68,72.60826561747213,0.0117407491997641,-0.002911875916792428
2024-09-13,2024-09-20,M4_Deep,concat,m4_deep_concat,M4_Deep_Concat,42,73.68,75.96,73.63686453198686,0.0304754939970335,-0.0005856148158317753
2024-09-20,2024-09-27,M4_Deep,concat,m4_deep_concat,M4_Deep_Concat,42,75.96,71.63,75.91589166247684,-0.0586929053177252,-0.0005808471414449901
2024-09-27,2024-10-04,M4_Deep,concat,m4_deep_concat,M4_Deep_Concat,42,71.63,79.32,71.54873246598842,0.1019763230252352,-0.001135190140868686
2024-10-04,2024-10-11,M4_Deep,concat,m4_deep_concat,M4_Deep_Concat,42,79.32,80.27,79.23101324923213,0.0119056484918903,-0.0011225000495156956
2024-10-11,2024-10-18,M4_Deep,concat,m4_deep_concat,M4_Deep_Concat,42,80.27,72.75,80.213322081431,-0.0983670460918835,-0.0007063403248431799
2024-10-18,2024-10-25,M4_Deep,concat,m4_deep_concat,M4_Deep_Concat,42,72.75,75.62,72.37246565670729,0.0386918924111849,-0.005202987604606024
2024-10-25,2024-11-01,M4_Deep,concat,m4_deep_concat,M4_Deep_Concat,42,75.62,73.63,75.22801171609336,-0.0266682470821614,-0.0051971406418420685
2024-11-01,2024-11-08,M4_Deep,concat,m4_deep_concat,M4_Deep_Concat,42,73.63,74.04,73.18352998375555,0.0055529363246714,-0.006082155951625617
2024-11-08,2024-11-15,M4_Deep,concat,m4_deep_concat,M4_Deep_Concat,42,74.04,73.45,73.80338603255218,-0.0080005850854105,-0.0032008759514859514
2024-11-15,2024-11-22,M4_Deep,concat,m4_deep_concat,M4_Deep_Concat,42,73.45,76.1,73.04524803134917,0.0354433622477538,-0.005525817444635234
2024-11-22,2024-11-29,M4_Deep,concat,m4_deep_concat,M4_Deep_Concat,42,76.1,74.16,75.76839008276161,-0.0258233436100404,-0.004367076573057099
2024-11-29,2024-12-06,M4_Deep,concat,m4_deep_concat,M4_Deep_Concat,42,74.16,73.78,73.78290771107082,-0.00513722908907,-0.005097819306269014
2024-12-06,2024-12-13,M4_Deep,concat,m4_deep_concat,M4_Deep_Concat,42,73.78,74.89,73.3774289920414,0.014932678092746,-0.00547131075842458
2024-12-13,2024-12-20,M4_Deep,concat,m4_deep_concat,M4_Deep_Concat,42,74.89,73.19,74.55402074249031,-0.0229615706481399,-0.004496397004011221
2024-12-20,2024-12-27,M4_Deep,concat,m4_deep_concat,M4_Deep_Concat,42,73.19,73.77,72.77088448973211,0.0078933452830751,-0.005742862735013898
2024-12-27,2025-01-03,M4_Deep,concat,m4_deep_concat,M4_Deep_Concat,42,73.77,76.72,73.35814375609499,0.0392102856789718,-0.0055986204838504305
2025-01-03,2025-01-10,M4_Deep,concat,m4_deep_concat,M4_Deep_Concat,42,76.72,79.76,76.29559404228061,0.0388596950784002,-0.00554723913845051
2025-01-10,2025-01-17,M4_Deep,concat,m4_deep_concat,M4_Deep_Concat,42,79.76,83.02,79.25054639702448,0.0400594169713096,-0.006407818320282699
2025-01-17,2025-01-24,M4_Deep,concat,m4_deep_concat,M4_Deep_Concat,42,83.02,78.71,82.72574410965045,-0.0533113304705338,-0.003550693878518252
2025-01-24,2025-01-31,M4_Deep,concat,m4_deep_concat,M4_Deep_Concat,42,78.71,77.11,78.43652255283375,-0.0205372383094894,-0.0034805443837173655
2025-01-31,2025-02-07,M4_Deep,concat,m4_deep_concat,M4_Deep_Concat,42,77.11,74.68,76.90217334469905,-0.0320206551713473,-0.0026988357729570422
2025-02-07,2025-02-14,M4_Deep,concat,m4_deep_concat,M4_Deep_Concat,42,74.68,75.19,74.5055902192453,0.0068059247164134,-0.0023381596031685214
2025-02-14,2025-02-21,M4_Deep,concat,m4_deep_concat,M4_Deep_Concat,42,75.19,74.88,74.93856434728933,-0.0041314112205989,-0.003349607569930746
2025-02-21,2025-02-28,M4_Deep,concat,m4_deep_concat,M4_Deep_Concat,42,74.88,74.76,74.5760368663689,-0.0016038495819744,-0.0040675981927839056
2025-02-28,2025-03-07,M4_Deep,concat,m4_deep_concat,M4_Deep_Concat,42,74.76,72.49,74.38303646595377,-0.0308343612745757,-0.005055071235160247
2025-03-07,2025-03-14,M4_Deep,concat,m4_deep_concat,M4_Deep_Concat,42,72.49,71.94,72.03565448596305,-0.0076161830453085,-0.0062874236744474565
2025-03-14,2025-03-21,M4_Deep,concat,m4_deep_concat,M4_Deep_Concat,42,71.94,72.64,71.5624778470543,0.0096832960255601,-0.005261554079780351
2025-03-21,2025-03-28,M4_Deep,concat,m4_deep_concat,M4_Deep_Concat,42,72.64,74.69,72.28880597611803,0.0278304800759373,-0.004846444554908902
2025-03-28,2025-04-04,M4_Deep,concat,m4_deep_concat,M4_Deep_Concat,42,74.69,68.36,74.20885606368675,-0.0885583561215851,-0.006462717359714931
2025-04-04,2025-04-11,M4_Deep,concat,m4_deep_concat,M4_Deep_Concat,42,68.36,66.83,67.93654084537108,-0.0226357767244114,-0.006213811657034496
2025-04-11,2025-04-18,M4_Deep,concat,m4_deep_concat,M4_Deep_Concat,42,66.83,69.33,66.42392424830233,0.0367256314314203,-0.006094784990517521
2025-04-18,2025-04-25,M4_Deep,concat,m4_deep_concat,M4_Deep_Concat,42,69.33,66.99,69.1476094008025,-0.0343343584342229,-0.002634226651605953
2025-04-25,2025-05-02,M4_Deep,concat,m4_deep_concat,M4_Deep_Concat,42,66.99,61.57,66.81872688500106,-0.0843686155970573,-0.002559970676381196
2025-05-02,2025-05-09,M4_Deep,concat,m4_deep_concat,M4_Deep_Concat,42,61.57,64.26,61.43716296488455,0.0427626147645937,-0.002159826851581448
2025-05-09,2025-05-16,M4_Deep,concat,m4_deep_concat,M4_Deep_Concat,42,64.26,65.2,64.35288410757151,0.0145221152448948,0.0014443984265588572
2025-05-16,2025-05-23,M4_Deep,concat,m4_deep_concat,M4_Deep_Concat,42,65.2,65.41,65.38720540131868,0.003215683040514,0.0028671343258507287
2025-05-23,2025-05-30,M4_Deep,concat,m4_deep_concat,M4_Deep_Concat,42,65.41,64.32,65.18105043574353,-0.0168045271024105,-0.0035063627723702084
2025-05-30,2025-06-06,M4_Deep,concat,m4_deep_concat,M4_Deep_Concat,42,64.32,68.02,64.20018793430081,0.0559311547083385,-0.0018644868535221404
2025-06-06,2025-06-13,M4_Deep,concat,m4_deep_concat,M4_Deep_Concat,42,68.02,76.0,67.87088373783901,0.1109315607072818,-0.0021946479103034378
2025-06-13,2025-06-20,M4_Deep,concat,m4_deep_concat,M4_Deep_Concat,42,76.0,78.73,75.8079882429138,0.0352909369100447,-0.002529667400277963
2025-06-20,2025-06-27,M4_Deep,concat,m4_deep_concat,M4_Deep_Concat,42,78.73,69.37,78.40355076730225,-0.1265697797991659,-0.004155060466329463
2025-06-27,2025-07-04,M4_Deep,concat,m4_deep_concat,M4_Deep_Concat,42,69.37,71.03,69.20432652837796,0.0236478256125086,-0.0023911146416235596
2025-07-04,2025-07-11,M4_Deep,concat,m4_deep_concat,M4_Deep_Concat,42,71.03,72.06,71.00013738868236,0.0143967823102286,-0.000420510918411221
2025-07-11,2025-07-18,M4_Deep,concat,m4_deep_concat,M4_Deep_Concat,42,72.06,71.06,71.79295329035999,-0.0139745147270661,-0.003712777670466849
2025-07-18,2025-07-25,M4_Deep,concat,m4_deep_concat,M4_Deep_Concat,42,71.06,69.23,71.1215330611946,-0.0260902959029469,0.0008655563589931026
2025-07-25,2025-08-01,M4_Deep,concat,m4_deep_concat,M4_Deep_Concat,42,69.23,70.55,69.07286468567482,0.0188873836088888,-0.00227233734162402
2025-08-01,2025-08-08,M4_Deep,concat,m4_deep_concat,M4_Deep_Concat,42,70.55,67.17,70.77946017396931,-0.0490949590200498,0.003247169773491876
2025-08-08,2025-08-15,M4_Deep,concat,m4_deep_concat,M4_Deep_Concat,42,67.17,67.3,66.76088634745796,0.001933517371909,-0.006109343948677681
2025-08-15,2025-08-22,M4_Deep,concat,m4_deep_concat,M4_Deep_Concat,42,67.3,68.29,67.67070676260222,0.0146031063223159,0.005493157791936543
2025-08-22,2025-08-29,M4_Deep,concat,m4_deep_concat,M4_Deep_Concat,42,68.29,67.83,68.15962339912475,-0.0067587680150098,-0.0019109857147848741
2025-08-29,2025-09-05,M4_Deep,concat,m4_deep_concat,M4_Deep_Concat,42,67.83,64.92,67.57310977784505,-0.0438488323115976,-0.0037944553976565487
2025-09-05,2025-09-12,M4_Deep,concat,m4_deep_concat,M4_Deep_Concat,42,64.92,67.87,64.60086257146178,0.0444383680692765,-0.004927979447569952
2025-09-12,2025-09-19,M4_Deep,concat,m4_deep_concat,M4_Deep_Concat,42,67.87,67.05,67.87279119300109,-0.0121555009879795,4.112473269402006e-05
2025-09-19,2025-09-26,M4_Deep,concat,m4_deep_concat,M4_Deep_Concat,42,67.05,71.15,66.71658691047752,0.0593517148081739,-0.004985008404181646
2025-09-26,2025-10-03,M4_Deep,concat,m4_deep_concat,M4_Deep_Concat,42,71.15,66.13,70.64021588160304,-0.0731678228492905,-0.007190712163243296
2025-10-03,2025-10-10,M4_Deep,concat,m4_deep_concat,M4_Deep_Concat,42,66.13,64.41,65.65731942229618,-0.0263536011277715,-0.007173415571436359
2025-10-10,2025-10-17,M4_Deep,concat,m4_deep_concat,M4_Deep_Concat,42,64.41,61.23,63.986863749111414,-0.0506316350689361,-0.006591092186730263
2025-10-17,2025-10-24,M4_Deep,concat,m4_deep_concat,M4_Deep_Concat,42,61.23,65.8,61.103036222320775,0.0719825728414084,-0.002075707873945648
2025-10-24,2025-10-31,M4_Deep,concat,m4_deep_concat,M4_Deep_Concat,42,65.8,65.44,65.73587064332827,-0.0054861460367799,-0.0009750855251760004
2025-10-31,2025-11-07,M4_Deep,concat,m4_deep_concat,M4_Deep_Concat,42,65.44,63.72,65.13996632883162,-0.0266352072526438,-0.004595409351179691
2025-11-07,2025-11-14,M4_Deep,concat,m4_deep_concat,M4_Deep_Concat,42,63.72,63.45,63.579940208968516,-0.004246290881451,-0.0022004699659164406
2025-11-14,2025-11-21,M4_Deep,concat,m4_deep_concat,M4_Deep_Concat,42,63.45,62.78,63.20541755017541,-0.0106156427465891,-0.0038621759507732056
2025-11-21,2025-11-28,M4_Deep,concat,m4_deep_concat,M4_Deep_Concat,42,62.78,64.07,62.47622331646945,0.0203396842371225,-0.004850493988625082
2025-11-28,2025-12-05,M4_Deep,concat,m4_deep_concat,M4_Deep_Concat,42,64.07,64.42,63.811911752288886,0.0054479082521227,-0.004036358145986685
2025-12-05,2025-12-12,M4_Deep,concat,m4_deep_concat,M4_Deep_Concat,42,64.42,62.11,64.18254728512055,-0.0365171373318411,-0.003692819306237771
2025-12-12,2025-12-19,M4_Deep,concat,m4_deep_concat,M4_Deep_Concat,42,62.11,61.35,61.78112725888062,-0.0123118354142911,-0.005309072907312529
2025-12-19,2025-12-26,M4_Deep,concat,m4_deep_concat,M4_Deep_Concat,42,61.35,63.7,60.905266024392446,0.0375893914211972,-0.007275530156521548
2021-01-22,2021-01-29,M4_Deep,gated,m4_deep_gated,M4_Deep_gated,42,55.22,55.25,54.90504451382101,0.0005431338958538,-0.005719976710086783
2021-01-29,2021-02-05,M4_Deep,gated,m4_deep_gated,M4_Deep_gated,42,55.25,59.48,54.2074120899314,0.0737717811940921,-0.019050686875517142
2021-02-05,2021-02-12,M4_Deep,gated,m4_deep_gated,M4_Deep_gated,42,59.48,62.47,59.48718305017237,0.0490463199135243,0.00012075683389198288
2021-02-12,2021-02-19,M4_Deep,gated,m4_deep_gated,M4_Deep_gated,42,62.47,62.84,62.55266753384188,0.005905371881942,0.0013224409224392997
2021-02-19,2021-02-26,M4_Deep,gated,m4_deep_gated,M4_Deep_gated,42,62.84,65.86,62.63224634046227,0.0469394635607977,-0.003311550648938899
2021-02-26,2021-03-05,M4_Deep,gated,m4_deep_gated,M4_Deep_gated,42,65.86,69.95,65.61685295962657,0.060249424163272,-0.0036987091202244637
2021-03-05,2021-03-12,M4_Deep,gated,m4_deep_gated,M4_Deep_gated,42,69.95,68.87,70.35229632584681,-0.0155600315548833,0.0057347233639032935
2021-03-12,2021-03-19,M4_Deep,gated,m4_deep_gated,M4_Deep_gated,42,68.87,64.0,69.16491656622516,-0.073337586196935,0.004273078468932989
2021-03-19,2021-03-26,M4_Deep,gated,m4_deep_gated,M4_Deep_gated,42,64.0,63.77,64.28296924827218,-0.0036002230324915,0.004411648855251804
2021-03-26,2021-04-02,M4_Deep,gated,m4_deep_gated,M4_Deep_gated,42,63.77,63.85,63.48109359912614,0.0012537221513679,-0.004540737357908942
2021-04-02,2021-04-09,M4_Deep,gated,m4_deep_gated,M4_Deep_gated,42,63.85,61.89,63.63338445968632,-0.0311779667272782,-0.003398336962900872
2021-04-09,2021-04-16,M4_Deep,gated,m4_deep_gated,M4_Deep_gated,42,61.89,65.98,61.82756917941579,0.0639930500491652,-0.0010092475352940222
2021-04-16,2021-04-23,M4_Deep,gated,m4_deep_gated,M4_Deep_gated,42,65.98,65.75,65.80755625766791,-0.0034919947425615,-0.0026169973197245344
2021-04-23,2021-04-30,M4_Deep,gated,m4_deep_gated,M4_Deep_gated,42,65.75,67.73,65.9714942836849,0.0296695421689385,0.003363072878158846
2021-04-30,2021-05-07,M4_Deep,gated,m4_deep_gated,M4_Deep_gated,42,67.73,68.73,67.84553446398311,0.0146565719067016,0.0017043560611022246
2021-05-07,2021-05-14,M4_Deep,gated,m4_deep_gated,M4_Deep_gated,42,68.73,69.24,69.06641629432248,0.0073929451744944,0.004882811494930223
2021-05-14,2021-05-21,M4_Deep,gated,m4_deep_gated,M4_Deep_gated,42,69.24,66.72,69.42596331793085,-0.037073972257517,0.0026821784519786562
2021-05-21,2021-05-28,M4_Deep,gated,m4_deep_gated,M4_Deep_gated,42,66.72,69.36,66.99223965329394,0.038805574421795,0.004072028561877661
2021-05-28,2021-06-04,M4_Deep,gated,m4_deep_gated,M4_Deep_gated,42,69.36,71.3,69.50300031320573,0.0275859949479638,0.002059589140846557
2021-06-04,2021-06-11,M4_Deep,gated,m4_deep_gated,M4_Deep_gated,42,71.3,72.05,71.52469253639846,0.0104639950252809,0.003146412819490574
2021-06-11,2021-06-18,M4_Deep,gated,m4_deep_gated,M4_Deep_gated,42,72.05,73.1,72.37503250398743,0.0144680443102017,0.004501062552707935
2021-06-18,2021-06-25,M4_Deep,gated,m4_deep_gated,M4_Deep_gated,42,73.1,76.45,73.27242401337443,0.0448085656193386,0.0023559641686732857
2021-06-25,2021-07-02,M4_Deep,gated,m4_deep_gated,M4_Deep_gated,42,76.45,77.51,76.64749353556898,0.0137700279183487,0.0025799722850511353
2021-07-02,2021-07-09,M4_Deep,gated,m4_deep_gated,M4_Deep_gated,42,77.51,77.14,77.72477322010582,-0.0047850075133383,0.0027670779257617517
2021-07-09,2021-07-16,M4_Deep,gated,m4_deep_gated,M4_Deep_gated,42,77.14,74.46,77.36716893706794,-0.0353598843355109,0.0029405638886958463
2021-07-16,2021-07-23,M4_Deep,gated,m4_deep_gated,M4_Deep_gated,42,74.46,74.86,74.69329680549129,0.0053576340317122,0.0031282848015389275
2021-07-23,2021-07-30,M4_Deep,gated,m4_deep_gated,M4_Deep_gated,42,74.86,77.72,75.17505869503496,0.0374929220329564,0.004199807176654469
2021-07-30,2021-08-06,M4_Deep,gated,m4_deep_gated,M4_Deep_gated,42,77.72,71.02,77.49640384697165,-0.0901510969942975,-0.002881091201102415
2021-08-06,2021-08-13,M4_Deep,gated,m4_deep_gated,M4_Deep_gated,42,71.02,70.9,71.24143741504692,-0.0016910939768598,0.0031131077811077934
2021-08-13,2021-08-20,M4_Deep,gated,m4_deep_gated,M4_Deep_gated,42,70.9,65.51,70.98868630810026,-0.0790676307942968,0.0012500830327925039
2021-08-20,2021-08-27,M4_Deep,gated,m4_deep_gated,M4_Deep_gated,42,65.51,72.26,65.19040556063136,0.0980679229757092,-0.0048904986174332366
2021-08-27,2021-09-03,M4_Deep,gated,m4_deep_gated,M4_Deep_gated,42,72.26,73.07,72.36170234785722,0.0111471600836321,0.001406460620656358
2021-09-03,2021-09-10,M4_Deep,gated,m4_deep_gated,M4_Deep_gated,42,73.07,72.44,72.87169647719416,-0.0086592527879137,-0.0027175735192236927
2021-09-10,2021-09-17,M4_Deep,gated,m4_deep_gated,M4_Deep_gated,42,72.44,74.64,72.50903591061866,0.0299179235238758,0.0009525543292507876
2021-09-17,2021-09-24,M4_Deep,gated,m4_deep_gated,M4_Deep_gated,42,74.64,77.42,74.92519405714573,0.0365685886104137,0.003813646678912763
2021-09-24,2021-10-01,M4_Deep,gated,m4_deep_gated,M4_Deep_gated,42,77.42,79.4,77.39117642528335,0.0252532231035881,-0.0003723707256190756
2021-10-01,2021-10-08,M4_Deep,gated,m4_deep_gated,M4_Deep_gated,42,79.4,82.17,79.9148428103562,0.0342919036900064,0.0064632346051493594
2021-10-08,2021-10-15,M4_Deep,gated,m4_deep_gated,M4_Deep_gated,42,82.17,84.67,82.84278022138038,0.0299710757110894,0.008154325360813175
2021-10-15,2021-10-22,M4_Deep,gated,m4_deep_gated,M4_Deep_gated,42,84.67,85.43,85.49055387073743,0.0089359795093414,0.009644541141041962
2021-10-22,2021-10-29,M4_Deep,gated,m4_deep_gated,M4_Deep_gated,42,85.43,83.1,86.62443767279642,-0.0276526253021248,0.013884638813740469
2021-10-29,2021-11-05,M4_Deep,gated,m4_deep_gated,M4_Deep_gated,42,83.1,82.43,84.27718481366702,-0.0080952535362662,0.01406648373629038
2021-11-05,2021-11-12,M4_Deep,gated,m4_deep_gated,M4_Deep_gated,42,82.43,82.9,83.34761378757224,0.0056856138161131,0.011070531638485814
2021-11-12,2021-11-19,M4_Deep,gated,m4_deep_gated,M4_Deep_gated,42,82.9,80.24,83.74850289523637,-0.0326129184875693,0.010183232526376318
2021-11-19,2021-11-26,M4_Deep,gated,m4_deep_gated,M4_Deep_gated,42,80.24,72.37,81.15481384000142,-0.1032302947756436,0.011336468818663015
2021-11-26,2021-12-03,M4_Deep,gated,m4_deep_gated,M4_Deep_gated,42,72.37,70.71,72.86970911798635,-0.023204843261887,0.006881191002394815
2021-12-03,2021-12-10,M4_Deep,gated,m4_deep_gated,M4_Deep_gated,42,70.71,74.98,71.17930241998644,0.0586344056916167,0.006615074192902026
2021-12-10,2021-12-17,M4_Deep,gated,m4_deep_gated,M4_Deep_gated,42,74.98,72.97,75.12244204784292,-0.0271730135302372,0.0018979316879548236
2021-12-17,2021-12-24,M4_Deep,gated,m4_deep_gated,M4_Deep_gated,42,72.97,75.24,72.05306784416541,0.0306346066553009,-0.012645496860744121
2021-12-24,2021-12-31,M4_Deep,gated,m4_deep_gated,M4_Deep_gated,42,75.24,77.24,74.44624188028345,0.0262344531274841,-0.010605725014990908
2021-12-31,2022-01-07,M4_Deep,gated,m4_deep_gated,M4_Deep_gated,42,77.24,82.28,76.26300485194007,0.0632106072244427,-0.012729501180437808
2022-01-07,2022-01-14,M4_Deep,gated,m4_deep_gated,M4_Deep_gated,42,82.28,87.17,81.50155992126537,0.0577321702387283,-0.00950590458288425
2022-01-14,2022-01-21,M4_Deep,gated,m4_deep_gated,M4_Deep_gated,42,87.17,89.75,86.41960702947314,0.0291677923449035,-0.008645651747426375
2022-01-21,2022-01-28,M4_Deep,gated,m4_deep_gated,M4_Deep_gated,42,89.75,91.47,89.55027068102966,0.0189830222998847,-0.0022278761858375296
2022-01-28,2022-02-04,M4_Deep,gated,m4_deep_gated,M4_Deep_gated,42,91.47,96.86,91.42288397370505,0.0572555873068098,-0.0005152308423768126
2022-02-04,2022-02-11,M4_Deep,gated,m4_deep_gated,M4_Deep_gated,42,96.86,97.5,96.76342673180743,0.0065857410287184,-0.0009975371041698322
2022-02-11,2022-02-18,M4_Deep,gated,m4_deep_gated,M4_Deep_gated,42,97.5,96.18,97.34469734942608,-0.0136309421542848,-0.0015941176288053471
2022-02-18,2022-02-25,M4_Deep,gated,m4_deep_gated,M4_Deep_gated,42,96.18,98.56,96.06726234582267,0.024444063935693,-0.0011728402862518639
2022-02-25,2022-03-04,M4_Deep,gated,m4_deep_gated,M4_Deep_gated,42,98.56,123.86,98.48003395937312,0.2284863957247052,-0.0008116730738444433
2022-03-04,2022-03-11,M4_Deep,gated,m4_deep_gated,M4_Deep_gated,42,123.86,118.11,123.74730216368994,-0.047535501886159,-0.0009102949962088713
2022-03-11,2022-03-18,M4_Deep,gated,m4_deep_gated,M4_Deep_gated,42,118.11,114.32,118.15742291957817,-0.0326148600021439,0.00040143426993877185
2022-03-18,2022-03-25,M4_Deep,gated,m4_deep_gated,M4_Deep_gated,42,114.32,122.67,114.33952356991693,0.0704962894230488,0.0001707654215278298
2022-03-25,2022-04-01,M4_Deep,gated,m4_deep_gated,M4_Deep_gated,42,122.67,106.13,122.58819916942484,-0.1448330652709296,-0.0006670589108572766
2022-04-01,2022-04-08,M4_Deep,gated,m4_deep_gated,M4_Deep_gated,42,106.13,101.26,106.27472364085986,-0.0469732912319679,0.0013627160524026793
2022-04-08,2022-04-15,M4_Deep,gated,m4_deep_gated,M4_Deep_gated,42,101.26,110.83,101.39794755523643,0.0903060292457984,0.0013613833378472995
2022-04-15,2022-04-22,M4_Deep,gated,m4_deep_gated,M4_Deep_gated,42,110.83,105.15,110.92025476478071,-0.0526095936388528,0.0008140217909580194
2022-04-22,2022-04-29,M4_Deep,gated,m4_deep_gated,M4_Deep_gated,42,105.15,108.36,105.29833335126345,0.0300711150681855,0.0014096892426337382
2022-04-29,2022-05-06,M4_Deep,gated,m4_deep_gated,M4_Deep_gated,42,108.36,113.86,108.50050850057777,0.0495106063060414,0.0012958423939073427
2022-05-06,2022-05-13,M4_Deep,gated,m4_deep_gated,M4_Deep_gated,42,113.86,112.12,114.18686350066164,-0.0153998972263482,0.002866636440249981
2022-05-13,2022-05-20,M4_Deep,gated,m4_deep_gated,M4_Deep_gated,42,112.12,113.63,112.14248911537517,0.01337782963333,0.0002005606513980629
2022-05-20,2022-05-27,M4_Deep,gated,m4_deep_gated,M4_Deep_gated,42,113.63,121.19,113.60302139946143,0.0644120060504783,-0.00023745317031109714
2022-05-27,2022-06-03,M4_Deep,gated,m4_deep_gated,M4_Deep_gated,42,121.19,125.68,121.48612007257259,0.0363794319669697,0.002440456188717799
2022-06-03,2022-06-10,M4_Deep,gated,m4_deep_gated,M4_Deep_gated,42,125.68,127.44,125.93046320247225,0.0139066716544272,0.001990881317195825
2022-06-10,2022-06-17,M4_Deep,gated,m4_deep_gated,M4_Deep_gated,42,127.44,119.22,127.56139052385609,-0.0666751398100125,0.0009520774202547155
2022-06-17,2022-06-24,M4_Deep,gated,m4_deep_gated,M4_Deep_gated,42,119.22,117.36,119.5298059381807,-0.0157243919570542,0.002595236556095948
2022-06-24,2022-07-01,M4_Deep,gated,m4_deep_gated,M4_Deep_gated,42,117.36,119.21,117.68721808900047,0.0156405098951838,0.0027842771597055282
2022-07-01,2022-07-08,M4_Deep,gated,m4_deep_gated,M4_Deep_gated,42,119.21,113.95,119.38676058610308,-0.0451268880382168,0.0014816682171741036
2022-07-08,2022-07-15,M4_Deep,gated,m4_deep_gated,M4_Deep_gated,42,113.95,112.26,113.90413266246564,-0.0149421461776399,-0.0004026026442263131
2022-07-15,2022-07-22,M4_Deep,gated,m4_deep_gated,M4_Deep_gated,42,112.26,106.77,112.43396444063733,-0.0501406213238422,0.0015484570387124252
2022-07-22,2022-07-29,M4_Deep,gated,m4_deep_gated,M4_Deep_gated,42,106.77,111.51,106.89442414632917,0.0434372847870595,0.0011646689512392339
2022-07-29,2022-08-05,M4_Deep,gated,m4_deep_gated,M4_Deep_gated,42,111.51,100.31,111.62978536760323,-0.1058488820818767,0.0010736353350184746
2022-08-05,2022-08-12,M4_Deep,gated,m4_deep_gated,M4_Deep_gated,42,100.31,103.7,100.46793523289665,0.0332367243400878,0.0015732332866997822
2022-08-12,2022-08-19,M4_Deep,gated,m4_deep_gated,M4_Deep_gated,42,103.7,96.45,103.74972543284265,-0.0724773758837435,0.00047939744139191554
2022-08-19,2022-08-26,M4_Deep,gated,m4_deep_gated,M4_Deep_gated,42,96.45,101.13,96.50560312307923,0.0473820785623409,0.0005763307591832856
2022-08-26,2022-09-02,M4_Deep,gated,m4_deep_gated,M4_Deep_gated,42,101.13,93.09,101.41591804986126,-0.0828400507856804,0.0028232436627519952
2022-09-02,2022-09-09,M4_Deep,gated,m4_deep_gated,M4_Deep_gated,42,93.09,91.68,93.214365905242,-0.015262514161969,0.0013350832988876515
2022-09-09,2022-09-16,M4_Deep,gated,m4_deep_gated,M4_Deep_gated,42,91.68,89.43,91.78800721665282,-0.0248480566083396,0.0011773957843499439
2022-09-16,2022-09-23,M4_Deep,gated,m4_deep_gated,M4_Deep_gated,42,89.43,84.29,89.50360733905715,-0.0591929623486989,0.0008227335748023368
2022-09-23,2022-09-30,M4_Deep,gated,m4_deep_gated,M4_Deep_gated,42,84.29,88.9,84.4369920379875,0.0532489085104681,0.0017423658585864477
2022-09-30,2022-10-07,M4_Deep,gated,m4_deep_gated,M4_Deep_gated,42,88.9,98.88,88.93352201833034,0.1063948511895216,0.0003770044966429076
2022-10-07,2022-10-14,M4_Deep,gated,m4_deep_gated,M4_Deep_gated,42,98.88,92.22,99.10023496034661,-0.0697299669308211,0.002224818565694564
2022-10-14,2022-10-21,M4_Deep,gated,m4_deep_gated,M4_Deep_gated,42,92.22,91.82,92.23419285595635,-0.0043468879574835,0.00015389030484591615
2022-10-21,2022-10-28,M4_Deep,gated,m4_deep_gated,M4_Deep_gated,42,91.82,94.64,92.00604810914979,0.0302500808490554,0.002024176384009979
2022-10-28,2022-11-04,M4_Deep,gated,m4_deep_gated,M4_Deep_gated,42,94.64,99.53,94.82634061185061,0.0503788865878407,0.001967005551803014
2022-11-04,2022-11-11,M4_Deep,gated,m4_deep_gated,M4_Deep_gated,42,99.53,96.37,99.58640046245503,-0.032264156394776,0.0005665074683193771
2022-11-11,2022-11-18,M4_Deep,gated,m4_deep_gated,M4_Deep_gated,42,96.37,88.93,96.44011817481422,-0.0803454064516473,0.0007273288203861195
2022-11-18,2022-11-25,M4_Deep,gated,m4_deep_gated,M4_Deep_gated,42,88.93,83.4,88.83368429425161,-0.0642012340468476,-0.0010836377019956545
2022-11-25,2022-12-02,M4_Deep,gated,m4_deep_gated,M4_Deep_gated,42,83.4,86.54,83.30217196871244,0.0369584254320376,-0.0011736864776553668
2022-12-02,2022-12-09,M4_Deep,gated,m4_deep_gated,M4_Deep_gated,42,86.54,76.37,86.52152012413981,-0.125016785896446,-0.00021356423908885924
2022-12-09,2022-12-16,M4_Deep,gated,m4_deep_gated,M4_Deep_gated,42,76.37,80.2,76.31957413853425,0.0489335659721759,-0.000660501721659712
2022-12-16,2022-12-23,M4_Deep,gated,m4_deep_gated,M4_Deep_gated,42,80.2,82.45,80.01971885238736,0.027668534133139,-0.002250424916343474
2022-12-23,2022-12-30,M4_Deep,gated,m4_deep_gated,M4_Deep_gated,42,82.45,82.82,82.28994362934147,0.0044775291118132,-0.001943140412629052
2022-12-30,2023-01-06,M4_Deep,gated,m4_deep_gated,M4_Deep_gated,42,82.82,76.41,82.60622154020697,-0.0805560004579458,-0.0025845791169843424
2023-01-06,2023-01-13,M4_Deep,gated,m4_deep_gated,M4_Deep_gated,42,76.41,83.43,76.53623722223912,0.087894379254508,0.0016507401973082647
2023-01-13,2023-01-20,M4_Deep,gated,m4_deep_gated,M4_Deep_gated,42,83.43,86.96,83.34890293568931,0.0414402858989706,-0.0009725099431023287
2023-01-20,2023-01-27,M4_Deep,gated,m4_deep_gated,M4_Deep_gated,42,86.96,85.36,86.71190979238978,-0.018570635819456,-0.002857000612923599
2023-01-27,2023-02-03,M4_Deep,gated,m4_deep_gated,M4_Deep_gated,42,85.36,78.85,85.3140206630766,-0.0793302935844505,-0.000538797150932524
2023-02-03,2023-02-10,M4_Deep,gated,m4_deep_gated,M4_Deep_gated,42,78.85,85.46,78.69878341676356,0.0805011168068314,-0.0019196165961066214
2023-02-10,2023-02-17,M4_Deep,gated,m4_deep_gated,M4_Deep_gated,42,85.46,81.97,85.34554190967802,-0.0416951035509395,-0.0013402153838164566
2023-02-17,2023-02-24,M4_Deep,gated,m4_deep_gated,M4_Deep_gated,42,81.97,82.31,81.97903758264421,0.0041392803196134,0.00011024868198816762
2023-02-24,2023-03-03,M4_Deep,gated,m4_deep_gated,M4_Deep_gated,42,82.31,85.74,82.26517241079385,0.0408268541852784,-0.0005447673504832551
2023-03-03,2023-03-10,M4_Deep,gated,m4_deep_gated,M4_Deep_gated,42,85.74,82.3,85.59289298397206,-0.0409483534868068,-0.0017172073571511959
2023-03-10,2023-03-17,M4_Deep,gated,m4_deep_gated,M4_Deep_gated,42,82.3,71.03,82.1704573096911,-0.1472687846733054,-0.001575270346005908
2023-03-17,2023-03-24,M4_Deep,gated,m4_deep_gated,M4_Deep_gated,42,71.03,73.63,70.92842066863295,0.0359502283709067,-0.001431114099826658
2023-03-24,2023-03-31,M4_Deep,gated,m4_deep_gated,M4_Deep_gated,42,73.63,79.19,73.53751048890658,0.0727974768416957,-0.0012569285566215171
2023-03-31,2023-04-07,M4_Deep,gated,m4_deep_gated,M4_Deep_gated,42,79.19,86.56,79.39076667454175,0.0889877868758503,0.0025320445349787946
2023-04-07,2023-04-14,M4_Deep,gated,m4_deep_gated,M4_Deep_gated,42,86.56,87.31,86.38358405818158,0.0086271887245447,-0.002040156666922144
2023-04-14,2023-04-21,M4_Deep,gated,m4_deep_gated,M4_Deep_gated,42,87.31,83.36,87.37319474279295,-0.0462964258176594,0.0007235354911259151
2023-04-21,2023-04-28,M4_Deep,gated,m4_deep_gated,M4_Deep_gated,42,83.36,81.32,82.71407458004681,-0.0247765892449109,-0.007778802063469037
2023-04-28,2023-05-05,M4_Deep,gated,m4_deep_gated,M4_Deep_gated,42,81.32,75.85,80.8798902362113,-0.0696342829656046,-0.005426771167899969
2023-05-05,2023-05-12,M4_Deep,gated,m4_deep_gated,M4_Deep_gated,42,75.85,74.54,75.46122120208707,-0.0174218117434287,-0.005138807953240898
2023-05-12,2023-05-19,M4_Deep,gated,m4_deep_gated,M4_Deep_gated,42,74.54,75.42,74.11073945452087,0.0117365977790986,-0.005775440340822613
2023-05-19,2023-05-26,M4_Deep,gated,m4_deep_gated,M4_Deep_gated,42,75.42,76.33,75.24443373530947,0.0119935539801678,-0.0023305612320538294
2023-05-26,2023-06-02,M4_Deep,gated,m4_deep_gated,M4_Deep_gated,42,76.33,76.0,76.25247367792997,-0.0043327055240478,-0.001016189171307691
2023-06-02,2023-06-09,M4_Deep,gated,m4_deep_gated,M4_Deep_gated,42,76.0,74.74,75.99058499682442,-0.0167179162289933,-0.00012388929469292487
2023-06-09,2023-06-16,M4_Deep,gated,m4_deep_gated,M4_Deep_gated,42,74.74,76.76,74.72328526502594,0.0266682470821614,-0.00022366342361729297
2023-06-16,2023-06-23,M4_Deep,gated,m4_deep_gated,M4_Deep_gated,42,76.76,73.56,76.66023425042928,-0.0425822714033789,-0.001300555485663324
2023-06-23,2023-06-30,M4_Deep,gated,m4_deep_gated,M4_Deep_gated,42,73.56,74.51,73.35001760820928,0.0128319448295158,-0.0028586550897722884
2023-06-30,2023-07-07,M4_Deep,gated,m4_deep_gated,M4_Deep_gated,42,74.51,78.77,74.31272349717287,0.0555988691495966,-0.0026511625878160028
2023-07-07,2023-07-14,M4_Deep,gated,m4_deep_gated,M4_Deep_gated,42,78.77,79.9,78.56833499643045,0.0142436390569961,-0.002563458091860815
2023-07-14,2023-07-21,M4_Deep,gated,m4_deep_gated,M4_Deep_gated,42,79.9,81.06,79.77174336225953,0.0144137684279334,-0.0016065042270356211
2023-07-21,2023-07-28,M4_Deep,gated,m4_deep_gated,M4_Deep_gated,42,81.06,84.49,80.90000483687881,0.0414435629645908,-0.001975737347352291
2023-07-28,2023-08-04,M4_Deep,gated,m4_deep_gated,M4_Deep_gated,42,84.49,87.38,84.28446108857304,0.0336332393585364,-0.002435664871496823
2023-08-04,2023-08-11,M4_Deep,gated,m4_deep_gated,M4_Deep_gated,42,87.38,87.93,87.2220425767485,0.0062746198676211,-0.0018093427088566871
2023-08-11,2023-08-18,M4_Deep,gated,m4_deep_gated,M4_Deep_gated,42,87.93,85.92,87.61395222402908,-0.0231244126303562,-0.0036007861671954466
2023-08-18,2023-08-25,M4_Deep,gated,m4_deep_gated,M4_Deep_gated,42,85.92,85.42,85.72929896418353,-0.0058363653472341,-0.002221985355353173
2023-08-25,2023-09-01,M4_Deep,gated,m4_deep_gated,M4_Deep_gated,42,85.42,89.98,85.2175157148429,0.0520071579997058,-0.0023732691998979982
2023-09-01,2023-09-08,M4_Deep,gated,m4_deep_gated,M4_Deep_gated,42,89.98,91.85,89.9397091128723,0.0205693882481082,-0.000447876311048756
2023-09-08,2023-09-15,M4_Deep,gated,m4_deep_gated,M4_Deep_gated,42,91.85,95.55,91.74371830083699,0.0394928590251474,-0.0011577924562894415
2023-09-15,2023-09-22,M4_Deep,gated,m4_deep_gated,M4_Deep_gated,42,95.55,93.99,95.45486193392287,-0.0164612770540719,-0.0009961848403401974
2023-09-22,2023-09-29,M4_Deep,gated,m4_deep_gated,M4_Deep_gated,42,93.99,95.86,93.72463567495424,0.0197004000992753,-0.0028273181881894316
2023-09-29,2023-10-06,M4_Deep,gated,m4_deep_gated,M4_Deep_gated,42,95.86,87.86,95.75964901334483,-0.0871441551838517,-0.0010473977626614395
2023-10-06,2023-10-13,M4_Deep,gated,m4_deep_gated,M4_Deep_gated,42,87.86,94.33,87.79948354791577,0.0710546341141284,-0.0006890200660518708
2023-10-13,2023-10-20,M4_Deep,gated,m4_deep_gated,M4_Deep_gated,42,94.33,93.72,94.40542455422903,-0.0064876590221669,0.0007992623369184604
2023-10-20,2023-10-27,M4_Deep,gated,m4_deep_gated,M4_Deep_gated,42,93.72,90.73,93.43046703512489,-0.0324235504580573,-0.0030941220767557454
2023-10-27,2023-11-03,M4_Deep,gated,m4_deep_gated,M4_Deep_gated,42,90.73,87.55,90.40879267084146,-0.0356780044496768,-0.0035465364552678125
2023-11-03,2023-11-10,M4_Deep,gated,m4_deep_gated,M4_Deep_gated,42,87.55,83.66,87.30214154735722,-0.0454490927178085,-0.0028350652896191875
2023-11-10,2023-11-17,M4_Deep,gated,m4_deep_gated,M4_Deep_gated,42,83.66,81.22,83.25397972555402,-0.0295994437559005,-0.004865033784938966
2023-11-17,2023-11-24,M4_Deep,gated,m4_deep_gated,M4_Deep_gated,42,81.22,79.82,80.84074091249906,-0.0173874226375639,-0.004680464592798472
2023-11-24,2023-12-01,M4_Deep,gated,m4_deep_gated,M4_Deep_gated,42,79.82,78.72,79.58762465542067,-0.0138768468765897,-0.0029154880098385405
2023-12-01,2023-12-08,M4_Deep,gated,m4_deep_gated,M4_Deep_gated,42,78.72,75.94,78.58544703989638,-0.0359536979403416,-0.001710722615783311
2023-12-08,2023-12-15,M4_Deep,gated,m4_deep_gated,M4_Deep_gated,42,75.94,76.84,75.7782160315659,0.0117817830966997,-0.0021326909053760446
2023-12-15,2023-12-22,M4_Deep,gated,m4_deep_gated,M4_Deep_gated,42,76.84,80.23,76.5460570749484,0.0431721718652087,-0.003832724961926104
2023-12-22,2023-12-29,M4_Deep,gated,m4_deep_gated,M4_Deep_gated,42,80.23,77.69,79.92998278344162,-0.0321709608032353,-0.0037464735231109714
2023-12-29,2024-01-05,M4_Deep,gated,m4_deep_gated,M4_Deep_gated,42,77.69,78.31,77.26317227713024,0.007948759800517,-0.005509132806182926
2024-01-05,2024-01-12,M4_Deep,gated,m4_deep_gated,M4_Deep_gated,42,78.31,79.89,78.19309614850393,0.0199753797311041,-0.0014939496548764808
2024-01-12,2024-01-19,M4_Deep,gated,m4_deep_gated,M4_Deep_gated,42,79.89,80.71,79.59921267086,0.0102117948423304,-0.0036464867621281982
2024-01-19,2024-01-26,M4_Deep,gated,m4_deep_gated,M4_Deep_gated,42,80.71,83.34,80.67653788842685,0.0320661426580264,-0.0004146828166771144
2024-01-26,2024-02-02,M4_Deep,gated,m4_deep_gated,M4_Deep_gated,42,83.34,79.54,83.47853206528512,-0.0466685862147627,0.0016608717918211724
2024-02-02,2024-02-09,M4_Deep,gated,m4_deep_gated,M4_Deep_gated,42,79.54,83.58,79.56416021739317,0.0495442172402245,0.000303703153278434
2024-02-09,2024-02-16,M4_Deep,gated,m4_deep_gated,M4_Deep_gated,42,83.58,84.88,83.30271550912764,0.0154342372859582,-0.0033231092291217124
2024-02-16,2024-02-23,M4_Deep,gated,m4_deep_gated,M4_Deep_gated,42,84.88,84.18,84.9579234218606,-0.0082811309633029,0.0009176210561037124
2024-02-23,2024-03-01,M4_Deep,gated,m4_deep_gated,M4_Deep_gated,42,84.18,84.82,84.0604124802988,0.0075740007040198,-0.0014216268027276158
2024-03-01,2024-03-08,M4_Deep,gated,m4_deep_gated,M4_Deep_gated,42,84.82,84.29,84.74873634530918,-0.0062681300370536,-0.0008405282768784161
2024-03-08,2024-03-15,M4_Deep,gated,m4_deep_gated,M4_Deep_gated,42,84.29,85.39,84.08134046872948,0.0129657639101239,-0.0024785647903122765
2024-03-15,2024-03-22,M4_Deep,gated,m4_deep_gated,M4_Deep_gated,42,85.39,84.87,85.3141219294891,-0.0061083239379291,-0.0008890010932436354
2024-03-22,2024-03-29,M4_Deep,gated,m4_deep_gated,M4_Deep_gated,42,84.87,86.17,84.76338575748673,0.0152014152700899,-0.001256996151731471
2024-03-29,2024-04-05,M4_Deep,gated,m4_deep_gated,M4_Deep_gated,42,86.17,92.81,85.9338091006524,0.074232303355626,-0.0027447509600584397
2024-04-05,2024-04-12,M4_Deep,gated,m4_deep_gated,M4_Deep_gated,42,92.81,93.12,92.65477284958163,0.0033345913758262,-0.0016739263664931059
2024-04-12,2024-04-19,M4_Deep,gated,m4_deep_gated,M4_Deep_gated,42,93.12,87.96,92.94831822962222,-0.0570068182965674,-0.00184536325937934
2024-04-19,2024-04-26,M4_Deep,gated,m4_deep_gated,M4_Deep_gated,42,87.96,89.95,87.51591772680021,0.0223717947099818,-0.005061471990143729
2024-04-26,2024-05-03,M4_Deep,gated,m4_deep_gated,M4_Deep_gated,42,89.95,83.6,89.67792163874157,-0.0732104403058862,-0.003029357205141303
2024-05-03,2024-05-10,M4_Deep,gated,m4_deep_gated,M4_Deep_gated,42,83.6,83.39,83.07632632252277,-0.0025151219917618,-0.0062837406145447305
2024-05-10,2024-05-17,M4_Deep,gated,m4_deep_gated,M4_Deep_gated,42,83.39,82.24,83.06905790773595,-0.013886596392039,-0.0038561132567761502
2024-05-17,2024-05-24,M4_Deep,gated,m4_deep_gated,M4_Deep_gated,42,82.24,78.92,81.91471838471912,-0.0412071205524403,-0.003963115336904521
2024-05-24,2024-05-31,M4_Deep,gated,m4_deep_gated,M4_Deep_gated,42,78.92,79.41,78.54226841349652,0.0061896237527049,-0.004797750151499414
2024-05-31,2024-06-07,M4_Deep,gated,m4_deep_gated,M4_Deep_gated,42,79.41,78.12,79.07016457766947,-0.0163781988986412,-0.00428868740910493
2024-06-07,2024-06-14,M4_Deep,gated,m4_deep_gated,M4_Deep_gated,42,78.12,81.49,77.65923255905129,0.0422342073236502,-0.005915663815962424
2024-06-14,2024-06-21,M4_Deep,gated,m4_deep_gated,M4_Deep_gated,42,81.49,86.42,80.8624467775332,0.0587388171716588,-0.0077307901470216045
2024-06-21,2024-06-28,M4_Deep,gated,m4_deep_gated,M4_Deep_gated,42,86.42,87.26,85.84543452375027,0.0096730371916763,-0.006670724262799244
2024-06-28,2024-07-05,M4_Deep,gated,m4_deep_gated,M4_Deep_gated,42,87.26,88.66,86.60299894060626,0.0159166616214437,-0.007557722927523436
2024-07-05,2024-07-12,M4_Deep,gated,m4_deep_gated,M4_Deep_gated,42,88.66,87.35,88.04620627492852,-0.0148857927368419,-0.006947081334398142
2024-07-12,2024-07-19,M4_Deep,gated,m4_deep_gated,M4_Deep_gated,42,87.35,85.19,86.73069235537776,-0.0250389805253164,-0.0071152090333117535
2024-07-19,2024-07-26,M4_Deep,gated,m4_deep_gated,M4_Deep_gated,42,85.19,81.35,85.06393250703707,-0.0461232223897023,-0.001480935143725104
2024-07-26,2024-08-02,M4_Deep,gated,m4_deep_gated,M4_Deep_gated,42,81.35,78.35,81.21799031902344,-0.0375748648630169,-0.001624055384245482
2024-08-02,2024-08-09,M4_Deep,gated,m4_deep_gated,M4_Deep_gated,42,78.35,81.07,78.16805163819166,0.0341270101975859,-0.002324951554949717
2024-08-09,2024-08-16,M4_Deep,gated,m4_deep_gated,M4_Deep_gated,42,81.07,81.56,80.86861597145796,0.0060259667066386,-0.0024871662777569137
2024-08-16,2024-08-23,M4_Deep,gated,m4_deep_gated,M4_Deep_gated,42,81.56,80.34,81.42304912997997,-0.0150713167751182,-0.0016805539346965714
2024-08-23,2024-08-30,M4_Deep,gated,m4_deep_gated,M4_Deep_gated,42,80.34,80.2,80.06107490711928,-0.0017441140586673,-0.0034778491875511186
2024-08-30,2024-09-06,M4_Deep,gated,m4_deep_gated,M4_Deep_gated,42,80.2,72.82,79.9344317774823,-0.0965328721251816,-0.0033168190380533646
2024-09-06,2024-09-13,M4_Deep,gated,m4_deep_gated,M4_Deep_gated,42,72.82,73.68,72.53567963908131,0.0117407491997641,-0.003912068991518192
2024-09-13,2024-09-20,M4_Deep,gated,m4_deep_gated,M4_Deep_gated,42,73.68,75.96,73.5240087178811,0.0304754939970335,-0.0021193898436309144
2024-09-20,2024-09-27,M4_Deep,gated,m4_deep_gated,M4_Deep_gated,42,75.96,71.63,75.8540370884429,-0.0586929053177252,-0.0013959569325308063
2024-09-27,2024-10-04,M4_Deep,gated,m4_deep_gated,M4_Deep_gated,42,71.63,79.32,71.57187606505725,0.1019763230252352,-0.000811776210365045
2024-10-04,2024-10-11,M4_Deep,gated,m4_deep_gated,M4_Deep_gated,42,79.32,80.27,79.06239883305422,0.0119056484918903,-0.003252904312497251
2024-10-11,2024-10-18,M4_Deep,gated,m4_deep_gated,M4_Deep_gated,42,80.27,72.75,80.12990327915993,-0.0983670460918835,-0.0017468434032809066
2024-10-18,2024-10-25,M4_Deep,gated,m4_deep_gated,M4_Deep_gated,42,72.75,75.62,72.36375632366018,0.0386918924111849,-0.005323335267940793
2024-10-25,2024-11-01,M4_Deep,gated,m4_deep_gated,M4_Deep_gated,42,75.62,73.63,75.3077425026862,-0.0266682470821614,-0.00413784686194088
2024-11-01,2024-11-08,M4_Deep,gated,m4_deep_gated,M4_Deep_gated,42,73.63,74.04,73.42350625685403,0.0055529363246714,-0.0028084182978536376
2024-11-08,2024-11-15,M4_Deep,gated,m4_deep_gated,M4_Deep_gated,42,74.04,73.45,73.69268487701943,-0.0080005850854105,-0.0047019488361567385
2024-11-15,2024-11-22,M4_Deep,gated,m4_deep_gated,M4_Deep_gated,42,73.45,76.1,73.1195121211948,0.0354433622477538,-0.004509647799386202
2024-11-22,2024-11-29,M4_Deep,gated,m4_deep_gated,M4_Deep_gated,42,76.1,74.16,75.85053805241348,-0.0258233436100404,-0.003283465460638485
2024-11-29,2024-12-06,M4_Deep,gated,m4_deep_gated,M4_Deep_gated,42,74.16,73.78,73.83570619646022,-0.00513722908907,-0.004382482855895459
2024-12-06,2024-12-13,M4_Deep,gated,m4_deep_gated,M4_Deep_gated,42,73.78,74.89,73.57229559616314,0.014932678092746,-0.002819155827329445
2024-12-13,2024-12-20,M4_Deep,gated,m4_deep_gated,M4_Deep_gated,42,74.89,73.19,74.70124692487884,-0.0229615706481399,-0.0025235858270308553
2024-12-20,2024-12-27,M4_Deep,gated,m4_deep_gated,M4_Deep_gated,42,73.19,73.77,72.9347817869489,0.0078933452830751,-0.0034931579633191434
2024-12-27,2025-01-03,M4_Deep,gated,m4_deep_gated,M4_Deep_gated,42,73.77,76.72,73.51495703172219,0.0392102856789718,-0.0034632623498981052
2025-01-03,2025-01-10,M4_Deep,gated,m4_deep_gated,M4_Deep_gated,42,76.72,79.76,76.27608320615941,0.0388596950784002,-0.005802998747041183
2025-01-10,2025-01-17,M4_Deep,gated,m4_deep_gated,M4_Deep_gated,42,79.76,83.02,79.3941758690774,0.0400594169713096,-0.0045971118657096854
2025-01-17,2025-01-24,M4_Deep,gated,m4_deep_gated,M4_Deep_gated,42,83.02,78.71,82.23569820059807,-0.0533113304705338,-0.00949205015824739
2025-01-24,2025-01-31,M4_Deep,gated,m4_deep_gated,M4_Deep_gated,42,78.71,77.11,78.01891321287411,-0.0205372383094894,-0.008818937769455193
2025-01-31,2025-02-07,M4_Deep,gated,m4_deep_gated,M4_Deep_gated,42,77.11,74.68,76.49880026797616,-0.0320206551713473,-0.00795791590690853
2025-02-07,2025-02-14,M4_Deep,gated,m4_deep_gated,M4_Deep_gated,42,74.68,75.19,74.08721019566069,0.0068059247164134,-0.007969403216810056
2025-02-14,2025-02-21,M4_Deep,gated,m4_deep_gated,M4_Deep_gated,42,75.19,74.88,74.57710748588585,-0.0041314112205989,-0.008184653436891454
2025-02-21,2025-02-28,M4_Deep,gated,m4_deep_gated,M4_Deep_gated,42,74.88,74.76,74.19807674456476,-0.0016038495819744,-0.009148602216499713
2025-02-28,2025-03-07,M4_Deep,gated,m4_deep_gated,M4_Deep_gated,42,74.76,72.49,74.22597504663808,-0.0308343612745757,-0.007168825659548128
2025-03-07,2025-03-14,M4_Deep,gated,m4_deep_gated,M4_Deep_gated,42,72.49,71.94,72.06334286855015,-0.0076161830453085,-0.005903126997355068
2025-03-14,2025-03-21,M4_Deep,gated,m4_deep_gated,M4_Deep_gated,42,71.94,72.64,71.39939419603259,0.0096832960255601,-0.007543053607337535
2025-03-21,2025-03-28,M4_Deep,gated,m4_deep_gated,M4_Deep_gated,42,72.64,74.69,72.16548534756626,0.0278304800759373,-0.0065538449703703705
2025-03-28,2025-04-04,M4_Deep,gated,m4_deep_gated,M4_Deep_gated,42,74.69,68.36,74.2862209687734,-0.0885583561215851,-0.0054207311385885415
2025-04-04,2025-04-11,M4_Deep,gated,m4_deep_gated,M4_Deep_gated,42,68.36,66.83,67.93137963844373,-0.0226357767244114,-0.006289785542723747
2025-04-11,2025-04-18,M4_Deep,gated,m4_deep_gated,M4_Deep_gated,42,66.83,69.33,66.65829410939794,0.0367256314314203,-0.002572599888960969
2025-04-18,2025-04-25,M4_Deep,gated,m4_deep_gated,M4_Deep_gated,42,69.33,66.99,68.9641376701208,-0.0343343584342229,-0.00529108738211731
2025-04-25,2025-05-02,M4_Deep,gated,m4_deep_gated,M4_Deep_gated,42,66.99,61.57,66.90577088600932,-0.0843686155970573,-0.0012581297309657291
2025-05-02,2025-05-09,M4_Deep,gated,m4_deep_gated,M4_Deep_gated,42,61.57,64.26,61.60999896079855,0.0427626147645937,0.0006494392359452372
2025-05-09,2025-05-16,M4_Deep,gated,m4_deep_gated,M4_Deep_gated,42,64.26,65.2,64.15792026415586,0.0145221152448948,-0.0015898054903014103
2025-05-16,2025-05-23,M4_Deep,gated,m4_deep_gated,M4_Deep_gated,42,65.2,65.41,65.3982536409184,0.003215683040514,0.0030360864357703854
2025-05-23,2025-05-30,M4_Deep,gated,m4_deep_gated,M4_Deep_gated,42,65.41,64.32,65.13060555138706,-0.0168045271024105,-0.004280581878007894
2025-05-30,2025-06-06,M4_Deep,gated,m4_deep_gated,M4_Deep_gated,42,64.32,68.02,64.22968717318341,0.0559311547083385,-0.0014051040288221572
2025-06-06,2025-06-13,M4_Deep,gated,m4_deep_gated,M4_Deep_gated,42,68.02,76.0,67.86927996849381,0.1109315607072818,-0.0022182779001528874
2025-06-13,2025-06-20,M4_Deep,gated,m4_deep_gated,M4_Deep_gated,42,76.0,78.73,75.42124841915735,0.0352909369100447,-0.007644295700551362
2025-06-20,2025-06-27,M4_Deep,gated,m4_deep_gated,M4_Deep_gated,42,78.73,69.37,78.46941045762686,-0.1265697797991659,-0.003315404050338755
2025-06-27,2025-07-04,M4_Deep,gated,m4_deep_gated,M4_Deep_gated,42,69.37,71.03,69.33311692754982,0.0236478256125086,-0.0005318276061349048
2025-07-04,2025-07-11,M4_Deep,gated,m4_deep_gated,M4_Deep_gated,42,71.03,72.06,70.86131657001974,0.0143967823102286,-0.0023776438689065427
2025-07-11,2025-07-18,M4_Deep,gated,m4_deep_gated,M4_Deep_gated,42,72.06,71.06,71.57062760856381,-0.0139745147270661,-0.006814344450927379
2025-07-18,2025-07-25,M4_Deep,gated,m4_deep_gated,M4_Deep_gated,42,71.06,69.23,70.92346113797862,-0.0260902959029469,-0.001923307165727528
2025-07-25,2025-08-01,M4_Deep,gated,m4_deep_gated,M4_Deep_gated,42,69.23,70.55,69.24642822866429,0.0188873836088888,0.00023727112190141675
2025-08-01,2025-08-08,M4_Deep,gated,m4_deep_gated,M4_Deep_gated,42,70.55,67.17,70.06146837721982,-0.0490949590200498,-0.006948701896420717
2025-08-08,2025-08-15,M4_Deep,gated,m4_deep_gated,M4_Deep_gated,42,67.17,67.3,67.04123444180242,0.001933517371909,-0.0019188497630995283
2025-08-15,2025-08-22,M4_Deep,gated,m4_deep_gated,M4_Deep_gated,42,67.3,68.29,67.05745592608612,0.0146031063223159,-0.003610433610999886
2025-08-22,2025-08-29,M4_Deep,gated,m4_deep_gated,M4_Deep_gated,42,68.29,67.83,67.90747094007901,-0.0067587680150098,-0.005617285888454671
2025-08-29,2025-09-05,M4_Deep,gated,m4_deep_gated,M4_Deep_gated,42,67.83,64.92,67.49959211664269,-0.0438488323115976,-0.004883019814166056
2025-09-05,2025-09-12,M4_Deep,gated,m4_deep_gated,M4_Deep_gated,42,64.92,67.87,64.45853558062049,0.0444383680692765,-0.007133584782435642
2025-09-12,2025-09-19,M4_Deep,gated,m4_deep_gated,M4_Deep_gated,42,67.87,67.05,67.33204210098341,-0.0121555009879795,-0.007957878884515712
2025-09-19,2025-09-26,M4_Deep,gated,m4_deep_gated,M4_Deep_gated,42,67.05,71.15,67.06402187741817,0.0593517148081739,0.00020910382483474432
2025-09-26,2025-10-03,M4_Deep,gated,m4_deep_gated,M4_Deep_gated,42,71.15,66.13,70.78535359755107,-0.0731678228492905,-0.0051382153278428655
2025-10-03,2025-10-10,M4_Deep,gated,m4_deep_gated,M4_Deep_gated,42,66.13,64.41,65.88938971863371,-0.0263536011277715,-0.0036450789279778295
2025-10-10,2025-10-17,M4_Deep,gated,m4_deep_gated,M4_Deep_gated,42,64.41,61.23,63.81296150607246,-0.0506316350689361,-0.00931257243953909
2025-10-17,2025-10-24,M4_Deep,gated,m4_deep_gated,M4_Deep_gated,42,61.23,65.8,60.5865371994328,0.0719825728414084,-0.010564555520634067
2025-10-24,2025-10-31,M4_Deep,gated,m4_deep_gated,M4_Deep_gated,42,65.8,65.44,65.55104452771485,-0.0054861460367799,-0.0037906934244954504
2025-10-31,2025-11-07,M4_Deep,gated,m4_deep_gated,M4_Deep_gated,42,65.44,63.72,65.36529875182342,-0.0266352072526438,-0.0011421747744232436
2025-11-07,2025-11-14,M4_Deep,gated,m4_deep_gated,M4_Deep_gated,42,63.72,63.45,64.10633708626455,-0.004246290881451,0.006044736498428627
2025-11-14,2025-11-21,M4_Deep,gated,m4_deep_gated,M4_Deep_gated,42,63.45,62.78,62.69422039153623,-0.0106156427465891,-0.011982929533622566
2025-11-21,2025-11-28,M4_Deep,gated,m4_deep_gated,M4_Deep_gated,42,62.78,64.07,61.67491031820669,0.0203396842371225,-0.017759343102294878
2025-11-28,2025-12-05,M4_Deep,gated,m4_deep_gated,M4_Deep_gated,42,64.07,64.42,63.76661362543658,0.0054479082521227,-0.004746479675009518
2025-12-05,2025-12-12,M4_Deep,gated,m4_deep_gated,M4_Deep_gated,42,64.42,62.11,63.86767941831076,-0.0365171373318411,-0.008610709879687817
2025-12-12,2025-12-19,M4_Deep,gated,m4_deep_gated,M4_Deep_gated,42,62.11,61.35,62.31520189657411,-0.0123118354142911,0.003298400637274601
2025-12-19,2025-12-26,M4_Deep,gated,m4_deep_gated,M4_Deep_gated,42,61.35,63.7,61.340518335874236,0.0375893914211972,-0.000154562296634575
2021-01-22,2021-01-29,M4_Deep,xattn,m4_deep_xattn,M4_Deep_XAttn,42,55.22,55.25,55.535622271536724,0.0005431338958538,0.005699451087822549
2021-01-29,2021-02-05,M4_Deep,xattn,m4_deep_xattn,M4_Deep_XAttn,42,55.25,59.48,56.00657658907837,0.0737717811940921,0.013600782532542155
2021-02-05,2021-02-12,M4_Deep,xattn,m4_deep_xattn,M4_Deep_XAttn,42,59.48,62.47,59.957729146806734,0.0490463199135243,0.007999678123494558
2021-02-12,2021-02-19,M4_Deep,xattn,m4_deep_xattn,M4_Deep_XAttn,42,62.47,62.84,63.28832940136438,0.005905371881942,0.01301450099978707
2021-02-19,2021-02-26,M4_Deep,xattn,m4_deep_xattn,M4_Deep_XAttn,42,62.84,65.86,63.986918936070516,0.0469394635607977,0.018086857457538574
2021-02-26,2021-03-05,M4_Deep,xattn,m4_deep_xattn,M4_Deep_XAttn,42,65.86,69.95,66.5924111862452,0.060249424163272,0.011059347953294774
2021-03-05,2021-03-12,M4_Deep,xattn,m4_deep_xattn,M4_Deep_XAttn,42,69.95,68.87,71.33002155607299,-0.0155600315548833,0.019536597380471532
2021-03-12,2021-03-19,M4_Deep,xattn,m4_deep_xattn,M4_Deep_XAttn,42,68.87,64.0,70.10106363901717,-0.073337586196935,0.017717297535975507
2021-03-19,2021-03-26,M4_Deep,xattn,m4_deep_xattn,M4_Deep_XAttn,42,64.0,63.77,65.47359242268948,-0.0036002230324915,0.022763808867769297
2021-03-26,2021-04-02,M4_Deep,xattn,m4_deep_xattn,M4_Deep_XAttn,42,63.77,63.85,64.14346510786591,0.0012537221513679,0.005839356611192281
2021-04-02,2021-04-09,M4_Deep,xattn,m4_deep_xattn,M4_Deep_XAttn,42,63.85,61.89,64.03820785329741,-0.0311779667272782,0.002943320456656795
2021-04-09,2021-04-16,M4_Deep,xattn,m4_deep_xattn,M4_Deep_XAttn,42,61.89,65.98,61.294705471075375,0.0639930500491652,-0.009665147321079814
2021-04-16,2021-04-23,M4_Deep,xattn,m4_deep_xattn,M4_Deep_XAttn,42,65.98,65.75,66.92282052230611,-0.0034919947425615,0.014188357103432137
2021-04-23,2021-04-30,M4_Deep,xattn,m4_deep_xattn,M4_Deep_XAttn,42,65.75,67.73,67.03526222227813,0.0296695421689385,0.01935911170990834
2021-04-30,2021-05-07,M4_Deep,xattn,m4_deep_xattn,M4_Deep_XAttn,42,67.73,68.73,69.23027385788991,0.0146565719067016,0.021909037224327133
2021-05-07,2021-05-14,M4_Deep,xattn,m4_deep_xattn,M4_Deep_XAttn,42,68.73,69.24,68.87711149517517,0.0073929451744944,0.0021381387868948387
2021-05-14,2021-05-21,M4_Deep,xattn,m4_deep_xattn,M4_Deep_XAttn,42,69.24,66.72,70.43429322755635,-0.037073972257517,0.01710153396130476
2021-05-21,2021-05-28,M4_Deep,xattn,m4_deep_xattn,M4_Deep_XAttn,42,66.72,69.36,66.743131487601,0.038805574421795,0.00034663487323860487
2021-05-28,2021-06-04,M4_Deep,xattn,m4_deep_xattn,M4_Deep_XAttn,42,69.36,71.3,69.01083201355975,0.0275859949479638,-0.005046854492228636
2021-06-04,2021-06-11,M4_Deep,xattn,m4_deep_xattn,M4_Deep_XAttn,42,71.3,72.05,71.70145961709405,0.0104639950252809,0.005614777259764336
2021-06-11,2021-06-18,M4_Deep,xattn,m4_deep_xattn,M4_Deep_XAttn,42,72.05,73.1,71.75399885547746,0.0144680443102017,-0.004116736181450031
2021-06-18,2021-06-25,M4_Deep,xattn,m4_deep_xattn,M4_Deep_XAttn,42,73.1,76.45,73.53548027889774,0.0448085656193386,0.005939647871846088
2021-06-25,2021-07-02,M4_Deep,xattn,m4_deep_xattn,M4_Deep_XAttn,42,76.45,77.51,77.15466744793545,0.0137700279183487,0.009175142957166427
2021-07-02,2021-07-09,M4_Deep,xattn,m4_deep_xattn,M4_Deep_XAttn,42,77.51,77.14,77.20069015048469,-0.0047850075133383,-0.00399856352953154
2021-07-09,2021-07-16,M4_Deep,xattn,m4_deep_xattn,M4_Deep_XAttn,42,77.14,74.46,76.97908609039018,-0.0353598843355109,-0.002088177034573202
2021-07-16,2021-07-23,M4_Deep,xattn,m4_deep_xattn,M4_Deep_XAttn,42,74.46,74.86,73.457770446865,0.0053576340317122,-0.013551379087215043
2021-07-23,2021-07-30,M4_Deep,xattn,m4_deep_xattn,M4_Deep_XAttn,42,74.86,77.72,76.65683001944649,0.0374929220329564,0.023719005452952135
2021-07-30,2021-08-06,M4_Deep,xattn,m4_deep_xattn,M4_Deep_XAttn,42,77.72,71.02,78.78822628188549,-0.0901510969942975,0.013650948524981943
2021-08-06,2021-08-13,M4_Deep,xattn,m4_deep_xattn,M4_Deep_XAttn,42,71.02,70.9,72.92577095383936,-0.0016910939768598,0.02648056005597299
2021-08-13,2021-08-20,M4_Deep,xattn,m4_deep_xattn,M4_Deep_XAttn,42,70.9,65.51,71.70450346580672,-0.0790676307942968,0.011283121938924445
2021-08-20,2021-08-27,M4_Deep,xattn,m4_deep_xattn,M4_Deep_XAttn,42,65.51,72.26,66.02096295483577,0.0980679229757092,0.00776950937973353
2021-08-27,2021-09-03,M4_Deep,xattn,m4_deep_xattn,M4_Deep_XAttn,42,72.26,73.07,73.10379225079384,0.0111471600836321,0.011609517266483071
2021-09-03,2021-09-10,M4_Deep,xattn,m4_deep_xattn,M4_Deep_XAttn,42,73.07,72.44,74.42914402044079,-0.0086592527879137,0.018429700038243846
2021-09-10,2021-09-17,M4_Deep,xattn,m4_deep_xattn,M4_Deep_XAttn,42,72.44,74.64,74.1391110235768,0.0299179235238758,0.023184574125327817
2021-09-17,2021-09-24,M4_Deep,xattn,m4_deep_xattn,M4_Deep_XAttn,42,74.64,77.42,75.96990245476519,0.0365685886104137,0.017660684978444863
2021-09-24,2021-10-01,M4_Deep,xattn,m4_deep_xattn,M4_Deep_XAttn,42,77.42,79.4,79.47433046119686,0.0252532231035881,0.02618893709091985
2021-10-01,2021-10-08,M4_Deep,xattn,m4_deep_xattn,M4_Deep_XAttn,42,79.4,82.17,80.5888545475573,0.0342919036900064,0.014861990650110846
2021-10-08,2021-10-15,M4_Deep,xattn,m4_deep_xattn,M4_Deep_XAttn,42,82.17,84.67,84.1225571110496,0.0299710757110894,0.023484476801345355
2021-10-15,2021-10-22,M4_Deep,xattn,m4_deep_xattn,M4_Deep_XAttn,42,84.67,85.43,86.03712716358949,0.0089359795093414,0.016017566643380055
2021-10-22,2021-10-29,M4_Deep,xattn,m4_deep_xattn,M4_Deep_XAttn,42,85.43,83.1,86.56796443870155,-0.0276526253021248,0.013232494315392307
2021-10-29,2021-11-05,M4_Deep,xattn,m4_deep_xattn,M4_Deep_XAttn,42,83.1,82.43,84.35823715867016,-0.0080952535362662,0.015027756881593857
2021-11-05,2021-11-12,M4_Deep,xattn,m4_deep_xattn,M4_Deep_XAttn,42,82.43,82.9,83.22651980825215,0.0056856138161131,0.009616596408110578
2021-11-12,2021-11-19,M4_Deep,xattn,m4_deep_xattn,M4_Deep_XAttn,42,82.9,80.24,83.79028253458559,-0.0326129184875693,0.010681978415073956
2021-11-19,2021-11-26,M4_Deep,xattn,m4_deep_xattn,M4_Deep_XAttn,42,80.24,72.37,80.9157816350138,-0.1032302947756436,0.008386737220483609
2021-11-26,2021-12-03,M4_Deep,xattn,m4_deep_xattn,M4_Deep_XAttn,42,72.37,70.71,73.55582685594099,-0.023204843261887,0.016252818089770416
2021-12-03,2021-12-10,M4_Deep,xattn,m4_deep_xattn,M4_Deep_XAttn,42,70.71,74.98,71.95816056347427,0.0586344056916167,0.017497841208874543
2021-12-10,2021-12-17,M4_Deep,xattn,m4_deep_xattn,M4_Deep_XAttn,42,74.98,72.97,76.6371482362694,-0.0271730135302372,0.021860511801749638
2021-12-17,2021-12-24,M4_Deep,xattn,m4_deep_xattn,M4_Deep_XAttn,42,72.97,75.24,74.10990127706201,0.0306346066553009,0.015500746071263727
2021-12-24,2021-12-31,M4_Deep,xattn,m4_deep_xattn,M4_Deep_XAttn,42,75.24,77.24,76.28646583667047,0.0262344531274841,0.013812537215083909
2021-12-31,2022-01-07,M4_Deep,xattn,m4_deep_xattn,M4_Deep_XAttn,42,77.24,82.28,78.34155643619039,0.0632106072244427,0.014160738187317778
2022-01-07,2022-01-14,M4_Deep,xattn,m4_deep_xattn,M4_Deep_XAttn,42,82.28,87.17,83.0639861933229,0.0577321702387283,0.00948316399904292
2022-01-14,2022-01-21,M4_Deep,xattn,m4_deep_xattn,M4_Deep_XAttn,42,87.17,89.75,88.95922609695045,0.0291677923449035,0.020317895991199375
2022-01-21,2022-01-28,M4_Deep,xattn,m4_deep_xattn,M4_Deep_XAttn,42,89.75,91.47,90.98739993604391,0.0189830222998847,0.013693007320405126
2022-01-28,2022-02-04,M4_Deep,xattn,m4_deep_xattn,M4_Deep_XAttn,42,91.47,96.86,91.83264346379643,0.0572555873068098,0.00395677803740524
2022-02-04,2022-02-11,M4_Deep,xattn,m4_deep_xattn,M4_Deep_XAttn,42,96.86,97.5,98.55613186164743,0.0065857410287184,0.017359615506351567
2022-02-11,2022-02-18,M4_Deep,xattn,m4_deep_xattn,M4_Deep_XAttn,42,97.5,96.18,98.22741460594519,-0.0136309421542848,0.007432969535578482
2022-02-18,2022-02-25,M4_Deep,xattn,m4_deep_xattn,M4_Deep_XAttn,42,96.18,98.56,96.27215358658769,0.024444063935693,0.0009576779673647895
2022-02-25,2022-03-04,M4_Deep,xattn,m4_deep_xattn,M4_Deep_XAttn,42,98.56,123.86,99.01641935907865,0.2284863957247052,0.004620188709344886
2022-03-04,2022-03-11,M4_Deep,xattn,m4_deep_xattn,M4_Deep_XAttn,42,123.86,118.11,124.55601722980035,-0.047535501886159,0.005603656792040335
2022-03-11,2022-03-18,M4_Deep,xattn,m4_deep_xattn,M4_Deep_XAttn,42,118.11,114.32,119.00044528287026,-0.0326148600021439,0.007510841353632225
2022-03-18,2022-03-25,M4_Deep,xattn,m4_deep_xattn,M4_Deep_XAttn,42,114.32,122.67,114.71482343153338,0.0704962894230488,0.003447718706837577
2022-03-25,2022-04-01,M4_Deep,xattn,m4_deep_xattn,M4_Deep_XAttn,42,122.67,106.13,123.26548292956494,-0.1448330652709296,0.004842604134909334
2022-04-01,2022-04-08,M4_Deep,xattn,m4_deep_xattn,M4_Deep_XAttn,42,106.13,101.26,106.91811065307537,-0.0469732912319679,0.007398462681257323
2022-04-08,2022-04-15,M4_Deep,xattn,m4_deep_xattn,M4_Deep_XAttn,42,101.26,110.83,101.87717694778486,0.0903060292457984,0.006076473603565891
2022-04-15,2022-04-22,M4_Deep,xattn,m4_deep_xattn,M4_Deep_XAttn,42,110.83,105.15,111.5538388713242,-0.0526095936388528,0.00650983840582009
2022-04-22,2022-04-29,M4_Deep,xattn,m4_deep_xattn,M4_Deep_XAttn,42,105.15,108.36,105.06291020067361,0.0300711150681855,-0.0008285866384316609
2022-04-29,2022-05-06,M4_Deep,xattn,m4_deep_xattn,M4_Deep_XAttn,42,108.36,113.86,108.27860473033128,0.0495106063060414,-0.0007514383098994326
2022-05-06,2022-05-13,M4_Deep,xattn,m4_deep_xattn,M4_Deep_XAttn,42,113.86,112.12,114.37888898433937,-0.0153998972263482,0.004546901543561743
2022-05-13,2022-05-20,M4_Deep,xattn,m4_deep_xattn,M4_Deep_XAttn,42,112.12,113.63,112.96305151066618,0.01337782963333,0.007491061165147084
2022-05-20,2022-05-27,M4_Deep,xattn,m4_deep_xattn,M4_Deep_XAttn,42,113.63,121.19,114.20508842267574,0.0644120060504783,0.005048297415603198
2022-05-27,2022-06-03,M4_Deep,xattn,m4_deep_xattn,M4_Deep_XAttn,42,121.19,125.68,120.82543564184901,0.0363794319669697,-0.0030127386952349955
2022-06-03,2022-06-10,M4_Deep,xattn,m4_deep_xattn,M4_Deep_XAttn,42,125.68,127.44,126.34684035523317,0.0139066716544272,0.005291832492502424
2022-06-10,2022-06-17,M4_Deep,xattn,m4_deep_xattn,M4_Deep_XAttn,42,127.44,119.22,128.12185184867897,-0.0666751398100125,0.005336113051869429
2022-06-17,2022-06-24,M4_Deep,xattn,m4_deep_xattn,M4_Deep_XAttn,42,119.22,117.36,119.69270141599553,-0.0157243919570542,0.0039571109448677255
2022-06-24,2022-07-01,M4_Deep,xattn,m4_deep_xattn,M4_Deep_XAttn,42,117.36,119.21,116.96556424429427,0.0156405098951838,-0.0033665650567356042
2022-07-01,2022-07-08,M4_Deep,xattn,m4_deep_xattn,M4_Deep_XAttn,42,119.21,113.95,119.16571165415907,-0.0451268880382168,-0.0003715843870433222
2022-07-08,2022-07-15,M4_Deep,xattn,m4_deep_xattn,M4_Deep_XAttn,42,113.95,112.26,114.37124557514376,-0.0149421461776399,0.0036899417927076517
2022-07-15,2022-07-22,M4_Deep,xattn,m4_deep_xattn,M4_Deep_XAttn,42,112.26,106.77,112.33264729765814,-0.0501406213238422,0.000646925009040844
2022-07-22,2022-07-29,M4_Deep,xattn,m4_deep_xattn,M4_Deep_XAttn,42,106.77,111.51,106.26273439998855,0.0434372847870595,-0.004762334391140044
2022-07-29,2022-08-05,M4_Deep,xattn,m4_deep_xattn,M4_Deep_XAttn,42,111.51,100.31,110.48122527281028,-0.1058488820818767,-0.009268673488689316
2022-08-05,2022-08-12,M4_Deep,xattn,m4_deep_xattn,M4_Deep_XAttn,42,100.31,103.7,100.01440336763527,0.0332367243400878,-0.002951181602803832
2022-08-12,2022-08-19,M4_Deep,xattn,m4_deep_xattn,M4_Deep_XAttn,42,103.7,96.45,104.25195592183962,-0.0724773758837435,0.005308507107616434
2022-08-19,2022-08-26,M4_Deep,xattn,m4_deep_xattn,M4_Deep_XAttn,42,96.45,101.13,96.16805425564068,0.0473820785623409,-0.0029275131743276006
2022-08-26,2022-09-02,M4_Deep,xattn,m4_deep_xattn,M4_Deep_XAttn,42,101.13,93.09,100.52940290365268,-0.0828400507856804,-0.005956566998595925
2022-09-02,2022-09-09,M4_Deep,xattn,m4_deep_xattn,M4_Deep_XAttn,42,93.09,91.68,93.12736572747744,-0.015262514161969,0.00040131303364709936
2022-09-09,2022-09-16,M4_Deep,xattn,m4_deep_xattn,M4_Deep_XAttn,42,91.68,89.43,91.88461449041597,-0.0248480566083396,0.0022293466061338307
2022-09-16,2022-09-23,M4_Deep,xattn,m4_deep_xattn,M4_Deep_XAttn,42,89.43,84.29,89.1256466747703,-0.0591929623486989,-0.0034090618320536947
2022-09-23,2022-09-30,M4_Deep,xattn,m4_deep_xattn,M4_Deep_XAttn,42,84.29,88.9,84.27943361669023,0.0532489085104681,-0.00012536535357465795
2022-09-30,2022-10-07,M4_Deep,xattn,m4_deep_xattn,M4_Deep_XAttn,42,88.9,98.88,88.95737536368075,0.1063948511895216,0.0006451839914278779
2022-10-07,2022-10-14,M4_Deep,xattn,m4_deep_xattn,M4_Deep_XAttn,42,98.88,92.22,98.37876920916054,-0.0697299669308211,-0.005081973000232054
2022-10-14,2022-10-21,M4_Deep,xattn,m4_deep_xattn,M4_Deep_XAttn,42,92.22,91.82,92.91640244042738,-0.0043468879574835,0.007523163633148311
2022-10-21,2022-10-28,M4_Deep,xattn,m4_deep_xattn,M4_Deep_XAttn,42,91.82,94.64,91.8936651355953,0.0302500808490554,0.0008019560165976047
2022-10-28,2022-11-04,M4_Deep,xattn,m4_deep_xattn,M4_Deep_XAttn,42,94.64,99.53,94.02574344866919,0.0503788865878407,-0.006511608419500936
2022-11-04,2022-11-11,M4_Deep,xattn,m4_deep_xattn,M4_Deep_XAttn,42,99.53,96.37,99.21156068672757,-0.032264156394776,-0.0032045595765863855
2022-11-11,2022-11-18,M4_Deep,xattn,m4_deep_xattn,M4_Deep_XAttn,42,96.37,88.93,96.12316965560424,-0.0803454064516473,-0.002564563512779894
2022-11-18,2022-11-25,M4_Deep,xattn,m4_deep_xattn,M4_Deep_XAttn,42,88.93,83.4,88.7109224130801,-0.0642012340468476,-0.002466522859839282
2022-11-25,2022-12-02,M4_Deep,xattn,m4_deep_xattn,M4_Deep_XAttn,42,83.4,86.54,82.82975807393284,0.0369584254320376,-0.006860915512954868
2022-12-02,2022-12-09,M4_Deep,xattn,m4_deep_xattn,M4_Deep_XAttn,42,86.54,76.37,86.12957029311036,-0.125016785896446,-0.004753941058254441
2022-12-09,2022-12-16,M4_Deep,xattn,m4_deep_xattn,M4_Deep_XAttn,42,76.37,80.2,76.39726616198847,0.0489335659721759,0.0003569634119012788
2022-12-16,2022-12-23,M4_Deep,xattn,m4_deep_xattn,M4_Deep_XAttn,42,80.2,82.45,79.5024507871751,0.027668534133139,-0.008735666175704093
2022-12-23,2022-12-30,M4_Deep,xattn,m4_deep_xattn,M4_Deep_XAttn,42,82.45,82.82,82.83868820674326,0.0044775291118132,0.004703152132553401
2022-12-30,2023-01-06,M4_Deep,xattn,m4_deep_xattn,M4_Deep_XAttn,42,82.82,76.41,82.45691715786026,-0.0805560004579458,-0.004393637447551391
2023-01-06,2023-01-13,M4_Deep,xattn,m4_deep_xattn,M4_Deep_XAttn,42,76.41,83.43,76.40223651171102,0.087894379254508,-0.00010160820197213649
2023-01-13,2023-01-20,M4_Deep,xattn,m4_deep_xattn,M4_Deep_XAttn,42,83.43,86.96,84.42876387148694,0.0414402858989706,0.011900190791917176
2023-01-20,2023-01-27,M4_Deep,xattn,m4_deep_xattn,M4_Deep_XAttn,42,86.96,85.36,87.31463438641897,-0.018570635819456,0.004069839276025888
2023-01-27,2023-02-03,M4_Deep,xattn,m4_deep_xattn,M4_Deep_XAttn,42,85.36,78.85,85.32142938845344,-0.0793302935844505,-0.000451960267046303
2023-02-03,2023-02-10,M4_Deep,xattn,m4_deep_xattn,M4_Deep_XAttn,42,78.85,85.46,78.55329402848645,0.0805011168068314,-0.00377001415082745
2023-02-10,2023-02-17,M4_Deep,xattn,m4_deep_xattn,M4_Deep_XAttn,42,85.46,81.97,86.55928093573516,-0.0416951035509395,0.012781077728277523
2023-02-17,2023-02-24,M4_Deep,xattn,m4_deep_xattn,M4_Deep_XAttn,42,81.97,82.31,82.85485146113852,0.0041392803196134,0.010736972658449417
2023-02-24,2023-03-03,M4_Deep,xattn,m4_deep_xattn,M4_Deep_XAttn,42,82.31,85.74,82.76420758349872,0.0408268541852784,0.005503085387037032
2023-03-03,2023-03-10,M4_Deep,xattn,m4_deep_xattn,M4_Deep_XAttn,42,85.74,82.3,85.6654238823875,-0.0409483534868068,-0.0008701722574357973
2023-03-10,2023-03-17,M4_Deep,xattn,m4_deep_xattn,M4_Deep_XAttn,42,82.3,71.03,81.69407086174202,-0.1472687846733054,-0.007389680522248199
2023-03-17,2023-03-24,M4_Deep,xattn,m4_deep_xattn,M4_Deep_XAttn,42,71.03,73.63,70.3503488962633,0.0359502283709067,-0.009614580026461539
2023-03-24,2023-03-31,M4_Deep,xattn,m4_deep_xattn,M4_Deep_XAttn,42,73.63,79.19,74.01115910620639,0.0727974768416957,0.005163329187077181
2023-03-31,2023-04-07,M4_Deep,xattn,m4_deep_xattn,M4_Deep_XAttn,42,79.19,86.56,80.06275345773312,0.0889877868758503,0.010960717178043922
2023-04-07,2023-04-14,M4_Deep,xattn,m4_deep_xattn,M4_Deep_XAttn,42,86.56,87.31,86.75198080233206,0.0086271887245447,0.0022154369243949645
2023-04-14,2023-04-21,M4_Deep,xattn,m4_deep_xattn,M4_Deep_XAttn,42,87.31,83.36,87.70293721618002,-0.0462964258176594,0.004490386627200138
2023-04-21,2023-04-28,M4_Deep,xattn,m4_deep_xattn,M4_Deep_XAttn,42,83.36,81.32,83.65869054063795,-0.0247765892449109,0.0035767357306059067
2023-04-28,2023-05-05,M4_Deep,xattn,m4_deep_xattn,M4_Deep_XAttn,42,81.32,75.85,81.00830076361167,-0.0696342829656046,-0.0038403607751692492
2023-05-05,2023-05-12,M4_Deep,xattn,m4_deep_xattn,M4_Deep_XAttn,42,75.85,74.54,75.67389285105158,-0.0174218117434287,-0.0023244813069435155
2023-05-12,2023-05-19,M4_Deep,xattn,m4_deep_xattn,M4_Deep_XAttn,42,74.54,75.42,74.6599585383991,0.0117365977790986,0.001608024096289462
2023-05-19,2023-05-26,M4_Deep,xattn,m4_deep_xattn,M4_Deep_XAttn,42,75.42,76.33,76.05072500401967,0.0119935539801678,0.008328060084345945
2023-05-26,2023-06-02,M4_Deep,xattn,m4_deep_xattn,M4_Deep_XAttn,42,76.33,76.0,76.42143036752422,-0.0043327055240478,0.0011971132214365632
2023-06-02,2023-06-09,M4_Deep,xattn,m4_deep_xattn,M4_Deep_XAttn,42,76.0,74.74,75.68009541742985,-0.0167179162289933,-0.0042181547423687515
2023-06-09,2023-06-16,M4_Deep,xattn,m4_deep_xattn,M4_Deep_XAttn,42,74.74,76.76,74.77342114162857,0.0266682470821614,0.00044706544643324797
2023-06-16,2023-06-23,M4_Deep,xattn,m4_deep_xattn,M4_Deep_XAttn,42,76.76,73.56,77.15227495505795,-0.0425822714033789,0.005097394662766264
2023-06-23,2023-06-30,M4_Deep,xattn,m4_deep_xattn,M4_Deep_XAttn,42,73.56,74.51,74.05271440869926,0.0128319448295158,0.006675796736636985
2023-06-30,2023-07-07,M4_Deep,xattn,m4_deep_xattn,M4_Deep_XAttn,42,74.51,78.77,74.70393223997912,0.0555988691495966,0.0025993866157774104
2023-07-07,2023-07-14,M4_Deep,xattn,m4_deep_xattn,M4_Deep_XAttn,42,78.77,79.9,79.32498576966255,0.0142436390569961,0.007020944361165071
2023-07-14,2023-07-21,M4_Deep,xattn,m4_deep_xattn,M4_Deep_XAttn,42,79.9,81.06,79.87798010806026,0.0144137684279334,-0.00027563112344097807
2023-07-21,2023-07-28,M4_Deep,xattn,m4_deep_xattn,M4_Deep_XAttn,42,81.06,84.49,82.10073727778682,0.0414435629645908,0.012757375458906539
2023-07-28,2023-08-04,M4_Deep,xattn,m4_deep_xattn,M4_Deep_XAttn,42,84.49,87.38,85.05539660227751,0.0336332393585364,0.006669584777903359
2023-08-04,2023-08-11,M4_Deep,xattn,m4_deep_xattn,M4_Deep_XAttn,42,87.38,87.93,89.04177601188486,0.0062746198676211,0.018839229470198227
2023-08-11,2023-08-18,M4_Deep,xattn,m4_deep_xattn,M4_Deep_XAttn,42,87.93,85.92,89.1566472089168,-0.0231244126303562,0.01385386021284618
2023-08-18,2023-08-25,M4_Deep,xattn,m4_deep_xattn,M4_Deep_XAttn,42,85.92,85.42,86.82841799357634,-0.0058363653472341,0.010517333562654718
2023-08-25,2023-09-01,M4_Deep,xattn,m4_deep_xattn,M4_Deep_XAttn,42,85.42,89.98,86.08589489855649,0.0520071579997058,0.007765310283606219
2023-09-01,2023-09-08,M4_Deep,xattn,m4_deep_xattn,M4_Deep_XAttn,42,89.98,91.85,89.7590884040117,0.0205693882481082,-0.0024581376169976465
2023-09-08,2023-09-15,M4_Deep,xattn,m4_deep_xattn,M4_Deep_XAttn,42,91.85,95.55,92.08371396049147,0.0394928590251474,0.002541286001775056
2023-09-15,2023-09-22,M4_Deep,xattn,m4_deep_xattn,M4_Deep_XAttn,42,95.55,93.99,98.56424064973129,-0.0164612770540719,0.031058854246093226
2023-09-22,2023-09-29,M4_Deep,xattn,m4_deep_xattn,M4_Deep_XAttn,42,93.99,95.86,95.38041303466079,0.0197004000992753,0.01468484964011707
2023-09-29,2023-10-06,M4_Deep,xattn,m4_deep_xattn,M4_Deep_XAttn,42,95.86,87.86,98.03880738077102,-0.0871441551838517,0.022474600235618425
2023-10-06,2023-10-13,M4_Deep,xattn,m4_deep_xattn,M4_Deep_XAttn,42,87.86,94.33,89.70664291017106,0.0710546341141284,0.020800184744611983
2023-10-13,2023-10-20,M4_Deep,xattn,m4_deep_xattn,M4_Deep_XAttn,42,94.33,93.72,93.01393483405336,-0.0064876590221669,-0.014049953807631854
2023-10-20,2023-10-27,M4_Deep,xattn,m4_deep_xattn,M4_Deep_XAttn,42,93.72,90.73,93.00466828880874,-0.0324235504580573,-0.007661925092291355
2023-10-27,2023-11-03,M4_Deep,xattn,m4_deep_xattn,M4_Deep_XAttn,42,90.73,87.55,89.58851359861632,-0.0356780044496768,-0.012660947862533689
2023-11-03,2023-11-10,M4_Deep,xattn,m4_deep_xattn,M4_Deep_XAttn,42,87.55,83.66,85.84467296062843,-0.0454490927178085,-0.019670523859561584
2023-11-10,2023-11-17,M4_Deep,xattn,m4_deep_xattn,M4_Deep_XAttn,42,83.66,81.22,82.27618843197175,-0.0295994437559005,-0.01667922665850341
2023-11-17,2023-11-24,M4_Deep,xattn,m4_deep_xattn,M4_Deep_XAttn,42,81.22,79.82,79.07778237802665,-0.0173874226375639,-0.026729567115422626
2023-11-24,2023-12-01,M4_Deep,xattn,m4_deep_xattn,M4_Deep_XAttn,42,79.82,78.72,78.54068198886235,-0.0138768468765897,-0.01615736717684335
2023-12-01,2023-12-08,M4_Deep,xattn,m4_deep_xattn,M4_Deep_XAttn,42,78.72,75.94,75.22823647430373,-0.0359536979403416,-0.04537060723443176
2023-12-08,2023-12-15,M4_Deep,xattn,m4_deep_xattn,M4_Deep_XAttn,42,75.94,76.84,74.62395490486884,0.0117817830966997,-0.017481987813829036
2023-12-15,2023-12-22,M4_Deep,xattn,m4_deep_xattn,M4_Deep_XAttn,42,76.84,80.23,75.8282763315612,0.0431721718652087,-0.01325407613870766
2023-12-22,2023-12-29,M4_Deep,xattn,m4_deep_xattn,M4_Deep_XAttn,42,80.23,77.69,77.88560146692755,-0.0321709608032353,-0.029656407516620575
2023-12-29,2024-01-05,M4_Deep,xattn,m4_deep_xattn,M4_Deep_XAttn,42,77.69,78.31,76.35135204778967,0.007948759800517,-0.01738080890451954
2024-01-05,2024-01-12,M4_Deep,xattn,m4_deep_xattn,M4_Deep_XAttn,42,78.31,79.89,75.22295444311219,0.0199753797311041,-0.04021887913075517
2024-01-12,2024-01-19,M4_Deep,xattn,m4_deep_xattn,M4_Deep_XAttn,42,79.89,80.71,77.68166332588419,0.0102117948423304,-0.028031452202997187
2024-01-19,2024-01-26,M4_Deep,xattn,m4_deep_xattn,M4_Deep_XAttn,42,80.71,83.34,80.8330937569737,0.0320661426580264,0.0015239745375019709
2024-01-26,2024-02-02,M4_Deep,xattn,m4_deep_xattn,M4_Deep_XAttn,42,83.34,79.54,84.4062525443741,-0.0466685862147627,0.012712855142961388
2024-02-02,2024-02-09,M4_Deep,xattn,m4_deep_xattn,M4_Deep_XAttn,42,79.54,83.58,80.52005174289262,0.0495442172402245,0.012246203601037564
2024-02-09,2024-02-16,M4_Deep,xattn,m4_deep_xattn,M4_Deep_XAttn,42,83.58,84.88,84.21700925392511,0.0154342372859582,0.007592653968838903
2024-02-16,2024-02-23,M4_Deep,xattn,m4_deep_xattn,M4_Deep_XAttn,42,84.88,84.18,85.09572014273577,-0.0082811309633029,0.0025382479141491388
2024-02-23,2024-03-01,M4_Deep,xattn,m4_deep_xattn,M4_Deep_XAttn,42,84.18,84.82,84.2779863562774,0.0075740007040198,0.0011633330000861974
2024-03-01,2024-03-08,M4_Deep,xattn,m4_deep_xattn,M4_Deep_XAttn,42,84.82,84.29,84.32910967518616,-0.0062681300370536,-0.005804248144155366
2024-03-08,2024-03-15,M4_Deep,xattn,m4_deep_xattn,M4_Deep_XAttn,42,84.29,85.39,84.03851595020025,0.0129657639101239,-0.0029880170390548244
2024-03-15,2024-03-22,M4_Deep,xattn,m4_deep_xattn,M4_Deep_XAttn,42,85.39,84.87,85.54382259285597,-0.0061083239379291,0.001799791662588035
2024-03-22,2024-03-29,M4_Deep,xattn,m4_deep_xattn,M4_Deep_XAttn,42,84.87,86.17,84.21711210003788,0.0152014152700899,-0.007722541790148085
2024-03-29,2024-04-05,M4_Deep,xattn,m4_deep_xattn,M4_Deep_XAttn,42,86.17,92.81,85.82980148302936,0.074232303355626,-0.00395580643311888
2024-04-05,2024-04-12,M4_Deep,xattn,m4_deep_xattn,M4_Deep_XAttn,42,92.81,93.12,92.53310309736247,0.0033345913758262,-0.0029879407867525742
2024-04-12,2024-04-19,M4_Deep,xattn,m4_deep_xattn,M4_Deep_XAttn,42,93.12,87.96,93.4429570074472,-0.0570068182965674,0.003462180651791158
2024-04-19,2024-04-26,M4_Deep,xattn,m4_deep_xattn,M4_Deep_XAttn,42,87.96,89.95,87.11226333207857,0.0223717947099818,-0.009684495733436105
2024-04-26,2024-05-03,M4_Deep,xattn,m4_deep_xattn,M4_Deep_XAttn,42,89.95,83.6,89.21102093908414,-0.0732104403058862,-0.008249375313891694
2024-05-03,2024-05-10,M4_Deep,xattn,m4_deep_xattn,M4_Deep_XAttn,42,83.6,83.39,83.20628563870105,-0.0025151219917618,-0.00472062657506056
2024-05-10,2024-05-17,M4_Deep,xattn,m4_deep_xattn,M4_Deep_XAttn,42,83.39,82.24,82.35503918134049,-0.013886596392039,-0.012488751102841977
2024-05-17,2024-05-24,M4_Deep,xattn,m4_deep_xattn,M4_Deep_XAttn,42,82.24,78.92,82.15353472601099,-0.0412071205524403,-0.0010519304436922283
2024-05-24,2024-05-31,M4_Deep,xattn,m4_deep_xattn,M4_Deep_XAttn,42,78.92,79.41,79.15189362126668,0.0061896237527049,0.002934029349676681
2024-05-31,2024-06-07,M4_Deep,xattn,m4_deep_xattn,M4_Deep_XAttn,42,79.41,78.12,80.10622672114603,-0.0163781988986412,0.008729282989113463
2024-06-07,2024-06-14,M4_Deep,xattn,m4_deep_xattn,M4_Deep_XAttn,42,78.12,81.49,77.65354414624551,0.0422342073236502,-0.005988914876551288
2024-06-14,2024-06-21,M4_Deep,xattn,m4_deep_xattn,M4_Deep_XAttn,42,81.49,86.42,81.22433291865674,0.0587388171716588,-0.0032654445696089773
2024-06-21,2024-06-28,M4_Deep,xattn,m4_deep_xattn,M4_Deep_XAttn,42,86.42,87.26,86.92568700430061,0.0096730371916763,0.005834450773350985
2024-06-28,2024-07-05,M4_Deep,xattn,m4_deep_xattn,M4_Deep_XAttn,42,87.26,88.66,87.62792644070952,0.0159166616214437,0.004207574427826377
2024-07-05,2024-07-12,M4_Deep,xattn,m4_deep_xattn,M4_Deep_XAttn,42,88.66,87.35,88.59315589751058,-0.0148857927368419,-0.0007542218960181479
2024-07-12,2024-07-19,M4_Deep,xattn,m4_deep_xattn,M4_Deep_XAttn,42,87.35,85.19,87.08515522171281,-0.0250389805253164,-0.003036600981728199
2024-07-19,2024-07-26,M4_Deep,xattn,m4_deep_xattn,M4_Deep_XAttn,42,85.19,81.35,84.9201042277786,-0.0461232223897023,-0.0031731918561206385
2024-07-26,2024-08-02,M4_Deep,xattn,m4_deep_xattn,M4_Deep_XAttn,42,81.35,78.35,81.00138579883698,-0.0375748648630169,-0.004294570511341966
2024-08-02,2024-08-09,M4_Deep,xattn,m4_deep_xattn,M4_Deep_XAttn,42,78.35,81.07,78.00238801408938,0.0341270101975859,-0.004446527015836366
2024-08-09,2024-08-16,M4_Deep,xattn,m4_deep_xattn,M4_Deep_XAttn,42,81.07,81.56,81.17193941696156,0.0060259667066386,0.0012566347609324069
2024-08-16,2024-08-23,M4_Deep,xattn,m4_deep_xattn,M4_Deep_XAttn,42,81.56,80.34,81.3673129796086,-0.0150713167751182,-0.002365313791815482
2024-08-23,2024-08-30,M4_Deep,xattn,m4_deep_xattn,M4_Deep_XAttn,42,80.34,80.2,79.9573038578145,-0.0017441140586673,-0.0047748385040601304
2024-08-30,2024-09-06,M4_Deep,xattn,m4_deep_xattn,M4_Deep_XAttn,42,80.2,72.82,79.82336520127554,-0.0965328721251816,-0.004707256264919191
2024-09-06,2024-09-13,M4_Deep,xattn,m4_deep_xattn,M4_Deep_XAttn,42,72.82,73.68,72.62612812456345,0.0117407491997641,-0.002665894139044722
2024-09-13,2024-09-20,M4_Deep,xattn,m4_deep_xattn,M4_Deep_XAttn,42,73.68,75.96,73.96758264965722,0.0304754939970335,0.0038955329734854383
2024-09-20,2024-09-27,M4_Deep,xattn,m4_deep_xattn,M4_Deep_XAttn,42,75.96,71.63,75.88306116935212,-0.0586929053177252,-0.0010133994486136721
2024-09-27,2024-10-04,M4_Deep,xattn,m4_deep_xattn,M4_Deep_XAttn,42,71.63,79.32,71.52265223723215,0.1019763230252352,-0.0014997665947731331
2024-10-04,2024-10-11,M4_Deep,xattn,m4_deep_xattn,M4_Deep_XAttn,42,79.32,80.27,79.54640704690698,0.0119056484918903,0.0028502841399308254
2024-10-11,2024-10-18,M4_Deep,xattn,m4_deep_xattn,M4_Deep_XAttn,42,80.27,72.75,79.68210509748181,-0.0983670460918835,-0.007350919820021784
2024-10-18,2024-10-25,M4_Deep,xattn,m4_deep_xattn,M4_Deep_XAttn,42,72.75,75.62,72.45499095050711,0.0386918924111849,-0.004063351451836783
2024-10-25,2024-11-01,M4_Deep,xattn,m4_deep_xattn,M4_Deep_XAttn,42,75.62,73.63,75.6966665451954,-0.0266682470821614,0.001013325940970089
2024-11-01,2024-11-08,M4_Deep,xattn,m4_deep_xattn,M4_Deep_XAttn,42,73.63,74.04,73.33710130866805,0.0055529363246714,-0.003985913534519492
2024-11-08,2024-11-15,M4_Deep,xattn,m4_deep_xattn,M4_Deep_XAttn,42,74.04,73.45,74.34196816160114,-0.0080005850854105,0.00407015194922658
2024-11-15,2024-11-22,M4_Deep,xattn,m4_deep_xattn,M4_Deep_XAttn,42,73.45,76.1,73.24773802997122,0.0354433622477538,-0.002757535336422645
2024-11-22,2024-11-29,M4_Deep,xattn,m4_deep_xattn,M4_Deep_XAttn,42,76.1,74.16,75.95222122816949,-0.0258233436100404,-0.0019437903263297418
2024-11-29,2024-12-06,M4_Deep,xattn,m4_deep_xattn,M4_Deep_XAttn,42,74.16,73.78,74.09963650171171,-0.00513722908907,-0.0008142944775539895
2024-12-06,2024-12-13,M4_Deep,xattn,m4_deep_xattn,M4_Deep_XAttn,42,73.78,74.89,73.34857351040819,0.014932678092746,-0.0058646354795112154
2024-12-13,2024-12-20,M4_Deep,xattn,m4_deep_xattn,M4_Deep_XAttn,42,74.89,73.19,74.91353239407374,-0.0229615706481399,0.00031417676060407906
2024-12-20,2024-12-27,M4_Deep,xattn,m4_deep_xattn,M4_Deep_XAttn,42,73.19,73.77,72.97109259340372,0.0078933452830751,-0.0029954287614121222
2024-12-27,2025-01-03,M4_Deep,xattn,m4_deep_xattn,M4_Deep_XAttn,42,73.77,76.72,73.62256521062064,0.0392102856789718,-0.0020005736156610276
2025-01-03,2025-01-10,M4_Deep,xattn,m4_deep_xattn,M4_Deep_XAttn,42,76.72,79.76,77.09122495301999,0.0388596950784002,0.004827029677904049
2025-01-10,2025-01-17,M4_Deep,xattn,m4_deep_xattn,M4_Deep_XAttn,42,79.76,83.02,80.25199960620523,0.0400594169713096,0.006149553257393858
2025-01-17,2025-01-24,M4_Deep,xattn,m4_deep_xattn,M4_Deep_XAttn,42,83.02,78.71,83.01410199808977,-0.0533113304705338,-7.104566883220365e-05
2025-01-24,2025-01-31,M4_Deep,xattn,m4_deep_xattn,M4_Deep_XAttn,42,78.71,77.11,79.00634289288043,-0.0205372383094894,0.0037579268729073245
2025-01-31,2025-02-07,M4_Deep,xattn,m4_deep_xattn,M4_Deep_XAttn,42,77.11,74.68,77.52796813325722,-0.0320206551713473,0.005405776552020569
2025-02-07,2025-02-14,M4_Deep,xattn,m4_deep_xattn,M4_Deep_XAttn,42,74.68,75.19,74.38705383613267,0.0068059247164134,-0.0039303995544131
2025-02-14,2025-02-21,M4_Deep,xattn,m4_deep_xattn,M4_Deep_XAttn,42,75.19,74.88,75.17093148195822,-0.0041314112205989,-0.0002536366056802297
2025-02-21,2025-02-28,M4_Deep,xattn,m4_deep_xattn,M4_Deep_XAttn,42,74.88,74.76,74.25419782361253,-0.0016038495819744,-0.008392519739696569
2025-02-28,2025-03-07,M4_Deep,xattn,m4_deep_xattn,M4_Deep_XAttn,42,74.76,72.49,74.10880862213969,-0.0308343612745757,-0.008748582557660756
2025-03-07,2025-03-14,M4_Deep,xattn,m4_deep_xattn,M4_Deep_XAttn,42,72.49,71.94,71.48713184758837,-0.0076161830453085,-0.013931161969719996
2025-03-14,2025-03-21,M4_Deep,xattn,m4_deep_xattn,M4_Deep_XAttn,42,71.94,72.64,71.35808467286462,0.0096832960255601,-0.008121790702560583
2025-03-21,2025-03-28,M4_Deep,xattn,m4_deep_xattn,M4_Deep_XAttn,42,72.64,74.69,71.86296407928408,0.0278304800759373,-0.010754705486114569
2025-03-28,2025-04-04,M4_Deep,xattn,m4_deep_xattn,M4_Deep_XAttn,42,74.69,68.36,74.1072335522566,-0.0885583561215851,-0.007833068042449876
2025-04-04,2025-04-11,M4_Deep,xattn,m4_deep_xattn,M4_Deep_XAttn,42,68.36,66.83,68.27542005627521,-0.0226357767244114,-0.0012380384894810081
2025-04-11,2025-04-18,M4_Deep,xattn,m4_deep_xattn,M4_Deep_XAttn,42,66.83,69.33,67.46312710140249,0.0367256314314203,0.009429101933924544
2025-04-18,2025-04-25,M4_Deep,xattn,m4_deep_xattn,M4_Deep_XAttn,42,69.33,66.99,68.97087716906405,-0.0343343584342229,-0.005193367467323129
2025-04-25,2025-05-02,M4_Deep,xattn,m4_deep_xattn,M4_Deep_XAttn,42,66.99,61.57,66.4569583357764,-0.0843686155970573,-0.007988859481621313
2025-05-02,2025-05-09,M4_Deep,xattn,m4_deep_xattn,M4_Deep_XAttn,42,61.57,64.26,61.214102913709105,0.0427626147645937,-0.005797136185514473
2025-05-09,2025-05-16,M4_Deep,xattn,m4_deep_xattn,M4_Deep_XAttn,42,64.26,65.2,64.60114295975329,0.0145221152448948,0.0052947498197645215
2025-05-16,2025-05-23,M4_Deep,xattn,m4_deep_xattn,M4_Deep_XAttn,42,65.2,65.41,65.36130520900227,0.003215683040514,0.002470950957729867
2025-05-23,2025-05-30,M4_Deep,xattn,m4_deep_xattn,M4_Deep_XAttn,42,65.41,64.32,66.13587132755947,-0.0168045271024105,0.011036130401988586
2025-05-30,2025-06-06,M4_Deep,xattn,m4_deep_xattn,M4_Deep_XAttn,42,64.32,68.02,63.94301257315333,0.0559311547083385,-0.005878366722501083
2025-06-06,2025-06-13,M4_Deep,xattn,m4_deep_xattn,M4_Deep_XAttn,42,68.02,76.0,68.26590122126962,0.1109315607072818,0.003608612276273959
2025-06-13,2025-06-20,M4_Deep,xattn,m4_deep_xattn,M4_Deep_XAttn,42,76.0,78.73,76.33501589948446,0.0352909369100447,0.00439841670819463
2025-06-20,2025-06-27,M4_Deep,xattn,m4_deep_xattn,M4_Deep_XAttn,42,78.73,69.37,78.18661131656388,-0.1265697797991659,-0.006925855088978139
2025-06-27,2025-07-04,M4_Deep,xattn,m4_deep_xattn,M4_Deep_XAttn,42,69.37,71.03,69.07760307516247,0.0236478256125086,-0.004223942532491698
2025-07-04,2025-07-11,M4_Deep,xattn,m4_deep_xattn,M4_Deep_XAttn,42,71.03,72.06,71.55104361612382,0.0143967823102286,0.007308768716191905
2025-07-11,2025-07-18,M4_Deep,xattn,m4_deep_xattn,M4_Deep_XAttn,42,72.06,71.06,71.70006588233515,-0.0139745147270661,-0.005007438853774415
2025-07-18,2025-07-25,M4_Deep,xattn,m4_deep_xattn,M4_Deep_XAttn,42,71.06,69.23,70.97478597711284,-0.0260902959029469,-0.0011999037070387075
2025-07-25,2025-08-01,M4_Deep,xattn,m4_deep_xattn,M4_Deep_XAttn,42,69.23,70.55,68.65683418600025,0.0188873836088888,-0.008313616287355163
2025-08-01,2025-08-08,M4_Deep,xattn,m4_deep_xattn,M4_Deep_XAttn,42,70.55,67.17,70.40998887678718,-0.0490949590200498,-0.00198653774553581
2025-08-08,2025-08-15,M4_Deep,xattn,m4_deep_xattn,M4_Deep_XAttn,42,67.17,67.3,66.91386969899366,0.001933517371909,-0.003820453767007681
2025-08-15,2025-08-22,M4_Deep,xattn,m4_deep_xattn,M4_Deep_XAttn,42,67.3,68.29,67.21400618027947,0.0146031063223159,-0.0012785855373360633
2025-08-22,2025-08-29,M4_Deep,xattn,m4_deep_xattn,M4_Deep_XAttn,42,68.29,67.83,67.81712044652568,-0.0067587680150098,-0.006948665942376531
2025-08-29,2025-09-05,M4_Deep,xattn,m4_deep_xattn,M4_Deep_XAttn,42,67.83,64.92,67.49148681304071,-0.0438488323115976,-0.005003106321748385
2025-09-05,2025-09-12,M4_Deep,xattn,m4_deep_xattn,M4_Deep_XAttn,42,64.92,67.87,64.76871987339652,0.0444383680692765,-0.0023329738371442588
2025-09-12,2025-09-19,M4_Deep,xattn,m4_deep_xattn,M4_Deep_XAttn,42,67.87,67.05,67.71020599662724,-0.0121555009879795,-0.0023571888859037493
2025-09-19,2025-09-26,M4_Deep,xattn,m4_deep_xattn,M4_Deep_XAttn,42,67.05,71.15,66.7284262685896,0.0593517148081739,-0.004807566657036633
2025-09-26,2025-10-03,M4_Deep,xattn,m4_deep_xattn,M4_Deep_XAttn,42,71.15,66.13,70.59558802167791,-0.0731678228492905,-0.007822674600204138
2025-10-03,2025-10-10,M4_Deep,xattn,m4_deep_xattn,M4_Deep_XAttn,42,66.13,64.41,66.28676262180852,-0.0263536011277715,0.002367716774523354
2025-10-10,2025-10-17,M4_Deep,xattn,m4_deep_xattn,M4_Deep_XAttn,42,64.41,61.23,64.78320629466566,-0.0506316350689361,0.0057775070917673865
2025-10-17,2025-10-24,M4_Deep,xattn,m4_deep_xattn,M4_Deep_XAttn,42,61.23,65.8,61.414237093876736,0.0719825728414084,0.0030044172776046985
2025-10-24,2025-10-31,M4_Deep,xattn,m4_deep_xattn,M4_Deep_XAttn,42,65.8,65.44,66.16704311281316,-0.0054861460367799,0.0055626624740950925
2025-10-31,2025-11-07,M4_Deep,xattn,m4_deep_xattn,M4_Deep_XAttn,42,65.44,63.72,65.83822108398181,-0.0266352072526438,0.006066844936250426
2025-11-07,2025-11-14,M4_Deep,xattn,m4_deep_xattn,M4_Deep_XAttn,42,63.72,63.45,63.38118761354839,-0.004246290881451,-0.005331392968694559
2025-11-14,2025-11-21,M4_Deep,xattn,m4_deep_xattn,M4_Deep_XAttn,42,63.45,62.78,63.4809553917915,-0.0106156427465891,0.0004877516648266189
2025-11-21,2025-11-28,M4_Deep,xattn,m4_deep_xattn,M4_Deep_XAttn,42,62.78,64.07,62.691935992844456,0.0203396842371225,-0.0014037246005511594
2025-11-28,2025-12-05,M4_Deep,xattn,m4_deep_xattn,M4_Deep_XAttn,42,64.07,64.42,64.1875584515996,0.0054479082521227,0.0018331626757903674
2025-12-05,2025-12-12,M4_Deep,xattn,m4_deep_xattn,M4_Deep_XAttn,42,64.42,62.11,64.4648604048221,-0.0365171373318411,0.00069613151603376
2025-12-12,2025-12-19,M4_Deep,xattn,m4_deep_xattn,M4_Deep_XAttn,42,62.11,61.35,62.419251036041466,-0.0123118354142911,0.004966731417658687
2025-12-19,2025-12-26,M4_Deep,xattn,m4_deep_xattn,M4_Deep_XAttn,42,61.35,63.7,60.92039126268838,0.0375893914211972,-0.007027220585114735
